,date,wind_speed_10m,wind_direction_10m,wind_speed_100m,wind_direction_100m
0,2025-06-30 00:00:00+05:30,4.514377,85.42616,10.239453,100.12462
1,2025-06-30 01:00:00+05:30,8.596766,109.57322,17.399586,114.44395
2,2025-06-30 02:00:00+05:30,9.82114,116.09537,19.022177,119.4758
3,2025-06-30 03:00:00+05:30,12.182955,102.80426,20.82484,104.51674
4,2025-06-30 04:00:00+05:30,11.132385,112.833694,20.291357,115.20109
5,2025-06-30 05:00:00+05:30,11.203464,113.682106,19.080849,117.53189
6,2025-06-30 06:00:00+05:30,14.311981,83.50075,21.511318,84.71885
7,2025-06-30 07:00:00+05:30,15.427586,97.37367,21.410923,97.244415
8,2025-06-30 08:00:00+05:30,12.815443,119.445335,16.767075,119.5922
9,2025-06-30 09:00:00+05:30,11.276968,118.61037,14.336861,118.495544
10,2025-06-30 10:00:00+05:30,12.221457,136.1934,15.530151,135.9391
11,2025-06-30 11:00:00+05:30,12.750811,138.43373,16.188995,138.15494
12,2025-06-30 12:00:00+05:30,13.443481,153.77809,19.1588,153.19429
13,2025-06-30 13:00:00+05:30,9.292255,158.40463,11.935778,156.91484
14,2025-06-30 14:00:00+05:30,19.023027,145.40765,27.265692,144.94594
15,2025-06-30 15:00:00+05:30,9.114471,170.9098,13.698934,176.98727
16,2025-06-30 16:00:00+05:30,7.4932766,155.89777,11.334285,159.55037
17,2025-06-30 17:00:00+05:30,10.718693,130.91429,16.529644,128.36752
18,2025-06-30 18:00:00+05:30,9.7565975,127.50422,18.844202,133.45189
19,2025-06-30 19:00:00+05:30,9.1958685,139.76372,19.239801,137.65425
20,2025-06-30 20:00:00+05:30,9.449572,130.36446,18.844202,133.45189
21,2025-06-30 21:00:00+05:30,11.599879,138.14505,22.322903,142.206
22,2025-06-30 22:00:00+05:30,10.948973,136.33215,21.20412,142.93547
23,2025-06-30 23:00:00+05:30,11.837651,134.38402,22.378714,140.5485
24,2025-07-01 00:00:00+05:30,11.7662735,119.30991,22.075516,125.37483
25,2025-07-01 01:00:00+05:30,12.156331,117.323814,22.615622,123.310646
26,2025-07-01 02:00:00+05:30,12.136325,125.340195,22.657845,128.87308
27,2025-07-01 03:00:00+05:30,12.348052,120.67721,22.517992,124.57935
28,2025-07-01 04:00:00+05:30,13.902015,131.3254,23.723152,131.30852
29,2025-07-01 05:00:00+05:30,13.615902,114.19321,23.02945,117.967026
30,2025-07-01 06:00:00+05:30,14.941085,121.200455,22.17144,122.399826
31,2025-07-01 07:00:00+05:30,12.864649,107.92801,17.304358,108.81198
32,2025-07-01 08:00:00+05:30,12.473363,135.0001,17.057314,134.14499
33,2025-07-01 09:00:00+05:30,17.381886,121.87956,23.030151,121.57812
34,2025-07-01 10:00:00+05:30,16.308636,127.375885,22.752028,126.96064
35,2025-07-01 11:00:00+05:30,13.755579,132.87889,18.610641,131.86356
36,2025-07-01 12:00:00+05:30,14.896563,133.53127,19.098671,133.47253
37,2025-07-01 13:00:00+05:30,16.29174,135.0001,21.76512,134.66496
38,2025-07-01 14:00:00+05:30,16.870138,129.80553,24.037918,129.53087
39,2025-07-01 15:00:00+05:30,12.730467,136.14568,18.328207,135.0001
40,2025-07-01 16:00:00+05:30,9.499158,152.94948,13.690654,155.11966
41,2025-07-01 17:00:00+05:30,7.2,126.86999,10.296251,126.46933
42,2025-07-01 18:00:00+05:30,6.5248446,114.44395,13.259049,131.69804
43,2025-07-01 19:00:00+05:30,8.187527,123.34073,16.176983,132.7454
44,2025-07-01 20:00:00+05:30,7.6473517,116.56499,16.848038,126.74756
45,2025-07-01 21:00:00+05:30,7.970972,115.40768,17.035456,128.56529
46,2025-07-01 22:00:00+05:30,8.967541,128.48022,18.582766,135.0001
47,2025-07-01 23:00:00+05:30,7.4128532,119.05451,16.595179,130.60121
48,2025-07-02 00:00:00+05:30,9.227524,110.55612,18.39878,120.57915
49,2025-07-02 01:00:00+05:30,9.627896,110.80687,18.999168,115.8367
50,2025-07-02 02:00:00+05:30,10.304114,117.01259,19.513195,119.87591
51,2025-07-02 03:00:00+05:30,10.934166,110.22495,20.562586,113.198616
52,2025-07-02 04:00:00+05:30,10.134496,109.722374,19.098671,113.90766
53,2025-07-02 05:00:00+05:30,10.308831,102.09474,18.158602,107.896225
54,2025-07-02 06:00:00+05:30,11.013882,101.3099,16.309628,100.81383
55,2025-07-02 07:00:00+05:30,11.656998,103.39252,15.85329,102.45824
56,2025-07-02 08:00:00+05:30,12.708816,105.61105,16.862455,106.11349
57,2025-07-02 09:00:00+05:30,13.040997,116.21132,17.149193,115.48915
58,2025-07-02 10:00:00+05:30,14.572221,115.61544,18.606289,114.58156
59,2025-07-02 11:00:00+05:30,13.766176,117.23507,17.307167,116.56499
60,2025-07-02 12:00:00+05:30,13.523978,116.90602,17.065859,116.29472
61,2025-07-02 13:00:00+05:30,12.570394,119.1342,15.94601,118.30067
62,2025-07-02 14:00:00+05:30,14.689588,126.027466,18.772715,124.451996
63,2025-07-02 15:00:00+05:30,7.072878,165.2564,10.018743,162.21602
64,2025-07-02 16:00:00+05:30,10.495713,84.093956,14.04,90.0
65,2025-07-02 17:00:00+05:30,3.2048087,128.15727,7.538541,123.310646
66,2025-07-02 18:00:00+05:30,10.387107,117.89718,19.240644,117.28413
67,2025-07-02 19:00:00+05:30,10.144082,117.47435,18.955633,120.217186
68,2025-07-02 20:00:00+05:30,10.429132,111.25058,19.73854,114.22774
69,2025-07-02 21:00:00+05:30,10.00256,149.74365,19.023878,147.3625
70,2025-07-02 22:00:00+05:30,9.346143,195.6423,16.1017,185.77423
71,2025-07-02 23:00:00+05:30,5.796447,143.84172,12.156331,152.6762
72,2025-07-03 00:00:00+05:30,4.965521,133.53127,12.007498,139.86458
73,2025-07-03 01:00:00+05:30,9.1641035,135.0001,17.654688,140.79282
74,2025-07-03 02:00:00+05:30,9.82114,131.2846,18.584509,135.78474
75,2025-07-03 03:00:00+05:30,11.583108,135.62952,20.696087,139.93929
76,2025-07-03 04:00:00+05:30,11.964246,135.0001,20.750027,136.05432
77,2025-07-03 05:00:00+05:30,11.345712,131.78442,19.602652,135.74397
78,2025-07-03 06:00:00+05:30,12.061343,142.27495,16.956343,142.76509
79,2025-07-03 07:00:00+05:30,12.599998,143.13002,17.244337,143.48886
80,2025-07-03 08:00:00+05:30,12.348051,143.29706,16.344357,143.5086
81,2025-07-03 09:00:00+05:30,11.778658,141.20343,15.518672,142.06667
82,2025-07-03 10:00:00+05:30,13.125196,137.77924,16.818203,137.60262
83,2025-07-03 11:00:00+05:30,15.443328,130.74608,21.928995,131.6725
84,2025-07-03 12:00:00+05:30,8.536252,114.94388,11.996699,117.718414
85,2025-07-03 13:00:00+05:30,8.043805,139.53786,10.094454,140.06367
86,2025-07-03 14:00:00+05:30,12.882267,164.6044,16.59225,164.90837
87,2025-07-03 15:00:00+05:30,2.7416782,203.19862,3.219938,206.56499
88,2025-07-03 16:00:00+05:30,12.503199,149.74365,20.160803,150.0014
89,2025-07-03 17:00:00+05:30,5.004518,142.3057,10.495713,157.8336
90,2025-07-03 18:00:00+05:30,8.748075,143.3658,15.299999,143.13002
91,2025-07-03 19:00:00+05:30,8.709098,161.93944,17.114204,165.37909
92,2025-07-03 20:00:00+05:30,5.09435,147.99466,11.793777,164.05453
93,2025-07-03 21:00:00+05:30,8.187527,146.65927,15.882896,156.63087
94,2025-07-03 22:00:00+05:30,7.344794,143.97253,15.455911,153.73343
95,2025-07-03 23:00:00+05:30,5.991594,147.26479,13.237039,157.61983
96,2025-07-04 00:00:00+05:30,4.3349743,131.63345,9.257321,153.43501
97,2025-07-04 01:00:00+05:30,7.458606,160.25307,13.200273,174.52272
98,2025-07-04 02:00:00+05:30,6.156947,127.875046,10.261579,158.38516
99,2025-07-04 03:00:00+05:30,7.120815,110.72565,12.348051,126.70295
100,2025-07-04 04:00:00+05:30,7.519175,137.91092,13.397612,149.30035
101,2025-07-04 05:00:00+05:30,8.461915,156.16125,14.241629,163.85559
102,2025-07-04 06:00:00+05:30,10.717182,172.27826,16.93531,177.5634
103,2025-07-04 07:00:00+05:30,7.596341,166.29301,11.409785,173.6599
104,2025-07-04 08:00:00+05:30,8.311245,175.03035,10.853866,174.2895
105,2025-07-04 09:00:00+05:30,8.101999,181.273,10.2742,183.01273
106,2025-07-04 10:00:00+05:30,10.662626,158.19853,13.570615,158.19853
107,2025-07-04 11:00:00+05:30,11.481968,166.39944,14.6254835,166.47682
108,2025-07-04 12:00:00+05:30,9.779817,173.6599,12.860871,173.57135
109,2025-07-04 13:00:00+05:30,11.705537,178.23764,15.489416,178.00217
110,2025-07-04 14:00:00+05:30,10.5234585,167.1523,13.627795,167.79955
111,2025-07-04 15:00:00+05:30,12.69351,198.17812,15.881875,197.81898
112,2025-07-04 16:00:00+05:30,7.928178,182.60251,12.483749,185.79271
113,2025-07-04 17:00:00+05:30,3.644722,159.77505,10.387107,171.02745
114,2025-07-04 18:00:00+05:30,8.227004,169.91946,16.928614,178.17207
115,2025-07-04 19:00:00+05:30,7.7420926,181.33218,15.697197,183.94511
116,2025-07-04 20:00:00+05:30,5.8048253,172.87508,12.979984,183.17976
117,2025-07-04 21:00:00+05:30,6.489992,146.3099,12.835653,157.75093
118,2025-07-04 22:00:00+05:30,8.55142,149.65683,16.348322,151.74207
119,2025-07-04 23:00:00+05:30,8.536252,155.05612,16.813387,158.65414
120,2025-07-05 00:00:00+05:30,7.186487,157.93205,15.062033,165.4655
121,2025-07-05 01:00:00+05:30,7.229191,161.11382,14.4415655,169.95071
122,2025-07-05 02:00:00+05:30,6.7853074,158.19853,12.93247,171.19328
123,2025-07-05 03:00:00+05:30,7.6473517,153.43501,14.118243,160.64091
124,2025-07-05 04:00:00+05:30,8.083983,168.4399,12.221456,170.67648
125,2025-07-05 05:00:00+05:30,8.790563,169.3804,13.917154,174.80566
126,2025-07-05 06:00:00+05:30,5.634891,153.43501,12.882267,172.77577
127,2025-07-05 07:00:00+05:30,7.329338,155.32315,10.99769,158.89508
128,2025-07-05 08:00:00+05:30,8.863972,167.09259,11.481968,166.39944
129,2025-07-05 09:00:00+05:30,7.7400002,180.0,10.086427,182.04536
130,2025-07-05 10:00:00+05:30,6.122647,178.31535,7.562142,178.63611
131,2025-07-05 11:00:00+05:30,5.2478566,174.09395,6.542201,172.09293
132,2025-07-05 12:00:00+05:30,7.3094187,189.92618,8.731392,188.29706
133,2025-07-05 13:00:00+05:30,5.95906,154.98314,7.24486,153.43501
134,2025-07-05 14:00:00+05:30,11.45513,171.86998,14.087228,169.6952
135,2025-07-05 15:00:00+05:30,8.287822,214.3804,11.364259,209.40709
136,2025-07-05 16:00:00+05:30,6.6818557,184.63538,9.044888,185.7105
137,2025-07-05 17:00:00+05:30,6.601363,154.1337,9.504273,155.37645
138,2025-07-05 18:00:00+05:30,13.070776,157.3194,21.85796,161.26654
139,2025-07-05 19:00:00+05:30,8.4963045,143.61555,15.778518,152.8504
140,2025-07-05 20:00:00+05:30,7.282774,129.98683,15.048042,143.26709
141,2025-07-05 21:00:00+05:30,8.669949,131.63345,17.47484,138.75865
142,2025-07-05 22:00:00+05:30,9.867218,141.66663,18.252037,143.01701
143,2025-07-05 23:00:00+05:30,9.743304,154.85526,18.900856,160.5296
144,2025-07-06 00:00:00+05:30,8.936778,152.4028,16.412603,158.78195
145,2025-07-06 01:00:00+05:30,9.396275,143.56905,16.276815,147.18864
146,2025-07-06 02:00:00+05:30,8.536252,132.43619,14.64209,136.49428
147,2025-07-06 03:00:00+05:30,8.805294,130.85529,14.784126,132.03899
148,2025-07-06 04:00:00+05:30,8.805294,139.14471,15.236338,141.23447
149,2025-07-06 05:00:00+05:30,9.339208,117.552734,15.651722,120.39865
150,2025-07-06 06:00:00+05:30,11.391313,121.42951,14.913952,119.65902
151,2025-07-06 07:00:00+05:30,9.801326,135.74397,13.369771,133.36346
152,2025-07-06 08:00:00+05:30,9.600937,149.589,12.688404,148.3393
153,2025-07-06 09:00:00+05:30,12.033103,124.641014,15.876775,122.969406
154,2025-07-06 10:00:00+05:30,9.167638,133.4089,12.496718,131.49637
155,2025-07-06 11:00:00+05:30,6.9527545,158.74942,8.534353,152.35411
156,2025-07-06 12:00:00+05:30,8.197414,188.84174,10.337079,187.00117
157,2025-07-06 13:00:00+05:30,8.171683,187.59456,11.375658,184.53769
158,2025-07-06 14:00:00+05:30,5.728979,136.27295,7.9077177,138.69148
159,2025-07-06 15:00:00+05:30,4.7827187,109.798965,6.151683,110.55613
160,2025-07-06 16:00:00+05:30,7.9526596,95.19434,10.299397,95.01302
161,2025-07-06 17:00:00+05:30,7.928178,87.3975,13.5012,90.763885
162,2025-07-06 18:00:00+05:30,5.495161,121.60746,13.779114,123.2749
163,2025-07-06 19:00:00+05:30,9.3962755,110.17074,17.965767,114.253914
164,2025-07-06 20:00:00+05:30,10.041354,104.5345,18.792551,110.17074
165,2025-07-06 21:00:00+05:30,11.298495,112.47948,20.456745,118.36895
166,2025-07-06 22:00:00+05:30,12.399113,117.68098,21.67487,122.106224
167,2025-07-06 23:00:00+05:30,12.13499,122.27561,21.36851,124.359436
168,2025-07-07 00:00:00+05:30,10.931203,107.241554,19.488274,111.11357
169,2025-07-07 01:00:00+05:30,10.316686,96.00892,19.09782,101.41581
170,2025-07-07 02:00:00+05:30,10.2742,93.012726,19.067259,97.59455
171,2025-07-07 03:00:00+05:30,11.749741,84.7262,20.880001,90.0
172,2025-07-07 04:00:00+05:30,12.287555,84.95764,21.447208,87.11365
173,2025-07-07 05:00:00+05:30,12.273043,85.79472,20.343185,88.986046
174,2025-07-07 06:00:00+05:30,10.873251,109.3349,17.418196,108.06056
175,2025-07-07 07:00:00+05:30,14.05845,103.32455,21.129883,103.799515
176,2025-07-07 08:00:00+05:30,14.401124,108.20858,21.629978,108.43504
177,2025-07-07 09:00:00+05:30,11.734564,110.659,16.794106,109.40607
178,2025-07-07 10:00:00+05:30,8.490582,111.124794,11.103243,109.90384
179,2025-07-07 11:00:00+05:30,6.889557,123.2749,8.707237,119.74479
180,2025-07-07 12:00:00+05:30,9.292255,148.46526,12.287555,148.17259
181,2025-07-07 13:00:00+05:30,4.3349743,131.63345,6.1094027,135.0001
182,2025-07-07 14:00:00+05:30,5.414979,158.5522,7.4932766,155.89777
183,2025-07-07 15:00:00+05:30,7.040739,175.60138,10.299397,174.98697
184,2025-07-07 16:00:00+05:30,8.64,180.0,13.350371,183.86539
185,2025-07-07 17:00:00+05:30,10.594036,170.21767,17.176563,174.58823
186,2025-07-07 18:00:00+05:30,3.4152596,161.56496,8.139901,161.96562
187,2025-07-07 19:00:00+05:30,4.724786,162.25523,10.449306,169.07724
188,2025-07-07 20:00:00+05:30,6.050785,157.249,12.921192,161.31256
189,2025-07-07 21:00:00+05:30,5.7628117,165.52966,12.886039,167.90526
190,2025-07-07 22:00:00+05:30,3.396233,122.00535,8.707237,150.2552
191,2025-07-07 23:00:00+05:30,5.00128,120.256355,9.0,143.13002
192,2025-07-08 00:00:00+05:30,5.6060677,132.39738,9.939196,144.58286
193,2025-07-08 01:00:00+05:30,8.338489,147.3391,15.898188,149.37007
194,2025-07-08 02:00:00+05:30,7.5363917,139.84407,13.719023,141.92717
195,2025-07-08 03:00:00+05:30,6.552099,142.81522,12.383424,147.46495
196,2025-07-08 04:00:00+05:30,7.1389914,123.6901,12.750811,131.56627
197,2025-07-08 05:00:00+05:30,5.4833565,113.19862,10.315115,119.24873
198,2025-07-08 06:00:00+05:30,8.281956,181.24533,12.605142,178.36346
199,2025-07-08 07:00:00+05:30,9.375563,176.6982,15.506141,176.67267
200,2025-07-08 08:00:00+05:30,12.800265,176.77554,18.941954,176.186
201,2025-07-08 09:00:00+05:30,10.440001,180.0,14.584445,181.4144
202,2025-07-08 10:00:00+05:30,10.337079,187.00117,13.523978,189.96375
203,2025-07-08 11:00:00+05:30,12.124307,198.16605,16.116785,200.25655
204,2025-07-08 12:00:00+05:30,13.210087,199.91649,18.731247,199.65392
205,2025-07-08 13:00:00+05:30,11.173057,182.77016,15.865546,183.25188
206,2025-07-08 14:00:00+05:30,13.32,180.0,17.82091,180.5787
207,2025-07-08 15:00:00+05:30,12.860871,173.57135,18.627172,174.45477
208,2025-07-08 16:00:00+05:30,14.949756,177.93001,24.007572,175.70023
209,2025-07-08 17:00:00+05:30,7.3997297,138.94528,15.086748,144.22383
210,2025-07-08 18:00:00+05:30,10.233123,140.71062,19.586119,143.97253
211,2025-07-08 19:00:00+05:30,11.074023,135.65846,21.166653,138.44748
212,2025-07-08 20:00:00+05:30,13.8049555,140.29013,25.131119,144.03288
213,2025-07-08 21:00:00+05:30,13.3649235,134.4544,23.877665,139.58618
214,2025-07-08 22:00:00+05:30,12.984975,136.12321,23.761364,139.91663
215,2025-07-08 23:00:00+05:30,14.637663,135.49815,26.28,138.888
216,2025-07-09 00:00:00+05:30,12.708815,142.48082,23.12492,148.04193
217,2025-07-09 01:00:00+05:30,11.892265,140.52757,21.666647,146.17789
218,2025-07-09 02:00:00+05:30,11.837651,135.61598,21.112242,140.88245
219,2025-07-09 03:00:00+05:30,11.870451,130.69543,21.513577,133.98311
220,2025-07-09 04:00:00+05:30,10.63372,123.9591,19.64228,131.2846
221,2025-07-09 05:00:00+05:30,11.525623,128.65984,20.88,133.60289
222,2025-07-09 06:00:00+05:30,12.996199,149.17241,22.303299,154.67586
223,2025-07-09 07:00:00+05:30,11.753877,152.6502,20.397263,156.60222
224,2025-07-09 08:00:00+05:30,13.83192,161.80075,22.575474,164.74483
225,2025-07-09 09:00:00+05:30,11.679213,155.4099,16.947742,157.52052
226,2025-07-09 10:00:00+05:30,12.157663,154.57317,16.833609,155.35324
227,2025-07-09 11:00:00+05:30,14.84318,157.1663,21.659916,158.5522
228,2025-07-09 12:00:00+05:30,13.954354,149.79684,19.179081,150.7888
229,2025-07-09 13:00:00+05:30,16.365158,150.33337,23.532547,150.6901
230,2025-07-09 14:00:00+05:30,15.876775,147.0306,22.476227,148.09193
231,2025-07-09 15:00:00+05:30,17.555305,164.53873,25.149162,165.06853
232,2025-07-09 16:00:00+05:30,13.130133,151.32695,21.332088,153.43501
233,2025-07-09 17:00:00+05:30,10.185519,133.56796,18.34411,137.38597
234,2025-07-09 18:00:00+05:30,13.115319,136.6683,24.670507,144.80241
235,2025-07-09 19:00:00+05:30,14.174356,139.63554,26.137215,143.68243
236,2025-07-09 20:00:00+05:30,12.98248,135.0001,24.638968,139.4442
237,2025-07-09 21:00:00+05:30,12.229406,132.61403,23.334139,138.43997
238,2025-07-09 22:00:00+05:30,12.819235,128.15727,23.0407,134.05052
239,2025-07-09 23:00:00+05:30,11.53265,124.18617,22.26477,129.09386
240,2025-07-10 00:00:00+05:30,12.348052,120.67721,22.752028,126.96064
241,2025-07-10 01:00:00+05:30,12.659004,119.84584,22.934288,126.060524
242,2025-07-10 02:00:00+05:30,13.83192,124.931015,24.15289,129.8602
243,2025-07-10 03:00:00+05:30,12.538134,129.17365,22.274227,134.67262
244,2025-07-10 04:00:00+05:30,11.843124,133.1524,21.06615,139.50499
245,2025-07-10 05:00:00+05:30,13.5012,137.16109,23.586184,141.81818
246,2025-07-10 06:00:00+05:30,13.004922,138.36655,21.599998,143.13002
247,2025-07-10 07:00:00+05:30,10.692969,126.09837,16.966848,131.12865
248,2025-07-10 08:00:00+05:30,11.782784,145.58157,16.825909,145.45984
249,2025-07-10 09:00:00+05:30,11.832176,146.79341,15.779543,147.57895
250,2025-07-10 10:00:00+05:30,12.606426,136.73567,16.431347,137.21968
251,2025-07-10 11:00:00+05:30,13.393983,138.81416,17.47484,138.75865
252,2025-07-10 12:00:00+05:30,13.529966,146.94417,17.273436,146.4755
253,2025-07-10 13:00:00+05:30,13.3649235,135.5456,17.063011,136.70978
254,2025-07-10 14:00:00+05:30,17.551615,154.48618,25.196142,153.25197
255,2025-07-10 15:00:00+05:30,7.0107627,119.197395,10.34178,121.47678
256,2025-07-10 16:00:00+05:30,12.632101,147.21573,19.139341,148.85149
257,2025-07-10 17:00:00+05:30,11.638917,148.27644,20.718773,150.31696
258,2025-07-10 18:00:00+05:30,8.65873,133.31535,17.769016,140.3431
259,2025-07-10 19:00:00+05:30,11.019764,128.36752,21.893505,135.66612
260,2025-07-10 20:00:00+05:30,12.492829,143.79045,23.832163,148.591
261,2025-07-10 21:00:00+05:30,11.019764,141.63248,21.869074,145.39426
262,2025-07-10 22:00:00+05:30,9.67657,133.49263,19.660416,139.45569
263,2025-07-10 23:00:00+05:30,8.461915,113.838745,17.47484,124.50858
264,2025-07-11 00:00:00+05:30,6.8777895,132.87889,15.156384,127.27825
265,2025-07-11 01:00:00+05:30,7.570707,108.00426,14.813683,117.499054
266,2025-07-11 02:00:00+05:30,10.3480425,103.06932,18.900856,109.4704
267,2025-07-11 03:00:00+05:30,9.391102,102.17145,18.054815,110.42242
268,2025-07-11 04:00:00+05:30,10.453957,92.96088,19.270092,98.05432
269,2025-07-11 05:00:00+05:30,10.957847,104.26455,19.300331,109.61797
270,2025-07-11 06:00:00+05:30,12.57426,113.62939,16.645864,111.57137
271,2025-07-11 07:00:00+05:30,14.383114,135.50697,20.366266,134.28392
272,2025-07-11 08:00:00+05:30,12.221457,136.1934,16.29174,135.0001
273,2025-07-11 09:00:00+05:30,13.8049555,140.29013,18.391737,139.76372
274,2025-07-11 10:00:00+05:30,12.534257,144.94049,16.029099,145.06062
275,2025-07-11 11:00:00+05:30,11.712454,133.75471,14.64209,133.50572
276,2025-07-11 12:00:00+05:30,12.475961,136.16905,15.530151,135.9391
277,2025-07-11 13:00:00+05:30,11.666721,141.89238,16.276815,141.73598
278,2025-07-11 14:00:00+05:30,10.674773,174.19337,14.455019,174.99945
279,2025-07-11 15:00:00+05:30,9.114471,170.9098,12.168319,172.34944
280,2025-07-11 16:00:00+05:30,8.654986,163.0724,11.844492,163.21727
281,2025-07-11 17:00:00+05:30,8.297589,167.4712,13.451914,167.63751
282,2025-07-11 18:00:00+05:30,7.689603,106.31393,15.743571,112.1664
283,2025-07-11 19:00:00+05:30,5.0432134,124.82456,12.984975,136.12321
284,2025-07-11 20:00:00+05:30,8.4963045,126.384445,17.072504,137.56381
285,2025-07-11 21:00:00+05:30,7.3997297,131.05472,16.418526,142.12495
286,2025-07-11 22:00:00+05:30,7.256032,133.99501,16.383955,144.38907
287,2025-07-11 23:00:00+05:30,5.2323985,139.18501,12.267763,157.5741
288,2025-07-12 00:00:00+05:30,5.6492476,112.47948,10.855358,139.70793
289,2025-07-12 01:00:00+05:30,4.86,90.0,9.418661,116.0753
290,2025-07-12 02:00:00+05:30,6.361415,115.11481,14.007655,115.906456
291,2025-07-12 03:00:00+05:30,5.3999996,143.13002,10.234705,145.75092
292,2025-07-12 04:00:00+05:30,7.968939,108.43504,13.926464,116.89616
293,2025-07-12 05:00:00+05:30,9.526405,112.20353,16.144905,120.85413
294,2025-07-12 06:00:00+05:30,8.322932,111.57137,12.257194,119.953514
295,2025-07-12 07:00:00+05:30,10.152064,142.92683,13.356437,142.66673
296,2025-07-12 08:00:00+05:30,10.152064,142.92683,13.104198,142.81522
297,2025-07-12 09:00:00+05:30,9.432412,131.90585,12.242646,131.42357
298,2025-07-12 10:00:00+05:30,11.272657,128.51695,14.618837,127.99879
299,2025-07-12 11:00:00+05:30,9.037721,135.80684,11.709688,135.0001
300,2025-07-12 12:00:00+05:30,9.044888,132.58046,11.091564,131.71066
301,2025-07-12 13:00:00+05:30,8.53815,145.30478,10.63372,146.04091
302,2025-07-12 14:00:00+05:30,6.21717,157.8905,7.4932766,155.89777
303,2025-07-12 15:00:00+05:30,7.6367526,135.0001,9.726664,141.009
304,2025-07-12 16:00:00+05:30,7.3799996,192.68037,10.096059,191.30989
305,2025-07-12 17:00:00+05:30,7.145796,130.91429,10.837435,131.63345
306,2025-07-12 18:00:00+05:30,4.5,163.73972,11.566313,159.02643
307,2025-07-12 19:00:00+05:30,4.8733153,175.76369,13.397612,173.82993
308,2025-07-12 20:00:00+05:30,4.445672,111.3707,9.835975,145.43741
309,2025-07-12 21:00:00+05:30,5.09435,122.00535,11.638917,140.64827
310,2025-07-12 22:00:00+05:30,4.724786,130.36446,12.061343,142.27495
311,2025-07-12 23:00:00+05:30,3.494968,145.49142,9.885262,146.88864
312,2025-07-13 00:00:00+05:30,3.9518096,149.9315,10.464797,153.43501
313,2025-07-13 01:00:00+05:30,3.7799997,90.0,8.55142,130.73203
314,2025-07-13 02:00:00+05:30,4.143911,55.6196,6.6697226,93.093994
315,2025-07-13 03:00:00+05:30,4.514377,66.50142,9.144637,79.79609
316,2025-07-13 04:00:00+05:30,4.5891175,78.6901,11.375658,85.46231
317,2025-07-13 05:00:00+05:30,4.2021427,133.26433,9.028754,113.49858
318,2025-07-13 06:00:00+05:30,7.653705,41.185837,14.892213,45.489635
319,2025-07-13 07:00:00+05:30,5.04,90.0,8.019601,80.960594
320,2025-07-13 08:00:00+05:30,5.7852573,95.355736,7.562142,91.3639
321,2025-07-13 09:00:00+05:30,4.68,90.0,5.7852573,84.644264
322,2025-07-13 10:00:00+05:30,4.6938252,94.39862,5.5799994,90.0
323,2025-07-13 11:00:00+05:30,11.226575,102.03058,15.108211,105.195305
324,2025-07-13 12:00:00+05:30,3.4949677,168.11136,4.724786,162.25523
325,2025-07-13 13:00:00+05:30,2.907989,201.80147,3.710795,194.03627
326,2025-07-13 14:00:00+05:30,4.2481523,216.38445,5.257109,218.04709
327,2025-07-13 15:00:00+05:30,7.7734165,84.68555,9.243311,83.29026
328,2025-07-13 16:00:00+05:30,3.6,90.0,5.6521144,99.16227
329,2025-07-13 17:00:00+05:30,3.244996,109.440125,4.514377,113.49858
330,2025-07-13 18:00:00+05:30,3.244996,70.559875,7.406295,115.94224
331,2025-07-13 19:00:00+05:30,5.426933,95.7105,11.276967,114.51963
332,2025-07-13 20:00:00+05:30,4.514377,66.50142,10.446206,88.025116
333,2025-07-13 21:00:00+05:30,5.728979,43.72705,11.511559,63.03437
334,2025-07-13 22:00:00+05:30,6.12,28.072395,12.218805,44.999897
335,2025-07-13 23:00:00+05:30,7.9077177,48.69148,16.308636,52.624123
336,2025-07-14 00:00:00+05:30,10.152064,52.92685,19.386593,58.671368
337,2025-07-14 01:00:00+05:30,11.032987,56.3099,20.456745,61.631054
338,2025-07-14 02:00:00+05:30,11.272657,51.483044,20.224983,57.72439
339,2025-07-14 03:00:00+05:30,13.6289835,56.309914,23.832163,58.591003
340,2025-07-14 04:00:00+05:30,13.929953,57.131325,24.44954,59.470375
341,2025-07-14 05:00:00+05:30,13.799087,59.420856,23.348019,62.44729
342,2025-07-14 06:00:00+05:30,21.505291,28.495539,35.412453,31.912737
343,2025-07-14 07:00:00+05:30,23.78453,39.47243,37.998337,41.54329
344,2025-07-14 08:00:00+05:30,26.368616,57.828808,42.204914,58.07236
345,2025-07-14 09:00:00+05:30,30.003899,70.36922,46.812458,69.753296
346,2025-07-14 10:00:00+05:30,26.1719,68.19853,40.210968,67.91278
347,2025-07-14 11:00:00+05:30,24.84587,88.75467,37.260002,90.0
348,2025-07-14 12:00:00+05:30,21.923082,122.254684,34.300747,124.52407
349,2025-07-14 13:00:00+05:30,29.221046,116.722824,45.94762,119.57774
350,2025-07-14 14:00:00+05:30,30.396557,190.57791,46.904076,195.58302
351,2025-07-14 15:00:00+05:30,26.129774,199.30876,41.31696,202.5431
352,2025-07-14 16:00:00+05:30,25.975565,202.83368,40.043423,204.14554
353,2025-07-14 17:00:00+05:30,22.180935,195.05127,36.0,196.26028
354,2025-07-14 18:00:00+05:30,16.415567,176.2278,29.160557,179.64633
355,2025-07-14 19:00:00+05:30,16.902758,172.04257,30.181015,174.86754
356,2025-07-14 20:00:00+05:30,15.188415,174.55975,27.77838,176.28479
357,2025-07-14 21:00:00+05:30,13.169555,169.76526,24.29133,173.19104
358,2025-07-14 22:00:00+05:30,16.284779,166.57816,28.823612,173.18575
359,2025-07-14 23:00:00+05:30,11.016824,175.3142,20.738312,176.5168
360,2025-07-15 00:00:00+05:30,10.874741,155.55606,19.781174,164.6991
361,2025-07-15 01:00:00+05:30,12.399113,140.30096,21.36851,145.64056
362,2025-07-15 02:00:00+05:30,15.898188,149.37007,27.85816,152.27603
363,2025-07-15 03:00:00+05:30,15.1884165,148.57048,25.84113,153.97046
364,2025-07-15 04:00:00+05:30,13.213764,155.87901,23.06881,163.68608
365,2025-07-15 05:00:00+05:30,12.483748,151.58743,21.697279,157.05104
366,2025-07-15 06:00:00+05:30,17.103788,178.79398,27.038372,183.05283
367,2025-07-15 07:00:00+05:30,20.224983,184.59416,30.018473,185.50539
368,2025-07-15 08:00:00+05:30,18.745079,191.6336,26.552288,192.5288
369,2025-07-15 09:00:00+05:30,15.12107,179.31796,19.620825,179.47438
370,2025-07-15 10:00:00+05:30,16.572712,188.74608,21.513577,189.147
371,2025-07-15 11:00:00+05:30,17.202011,166.69081,23.652025,169.03217
372,2025-07-15 12:00:00+05:30,13.418153,173.06575,22.553936,171.74065
373,2025-07-15 13:00:00+05:30,13.870515,177.76888,20.359901,177.46649
374,2025-07-15 14:00:00+05:30,12.429127,169.99208,17.518356,170.53775
375,2025-07-15 15:00:00+05:30,11.203464,156.3179,14.49531,155.02612
376,2025-07-15 16:00:00+05:30,15.986595,187.76508,23.695824,185.66719
377,2025-07-15 17:00:00+05:30,11.113451,155.09526,18.947083,165.69969
378,2025-07-15 18:00:00+05:30,13.861168,142.38597,24.20314,149.62096
379,2025-07-15 19:00:00+05:30,10.070353,151.14444,20.219378,145.88548
380,2025-07-15 20:00:00+05:30,9.016185,153.94656,17.533146,160.82089
381,2025-07-15 21:00:00+05:30,10.825469,137.02136,20.7219,147.4143
382,2025-07-15 22:00:00+05:30,9.7880945,147.77127,19.164717,151.99092
383,2025-07-15 23:00:00+05:30,10.990322,148.39255,21.824583,155.12587
384,2025-07-16 00:00:00+05:30,11.511559,153.03436,22.26841,159.66069
385,2025-07-16 01:00:00+05:30,12.472065,159.73422,22.828798,162.56503
386,2025-07-16 02:00:00+05:30,14.193772,167.55002,24.387177,171.51114
387,2025-07-16 03:00:00+05:30,12.535549,158.96242,22.74918,164.8641
388,2025-07-16 04:00:00+05:30,12.5032,157.1263,22.672855,163.8671
389,2025-07-16 05:00:00+05:30,13.0447235,152.02061,23.096882,158.0327
390,2025-07-16 06:00:00+05:30,12.783802,147.65259,20.37899,155.47229
391,2025-07-16 07:00:00+05:30,14.879153,145.34862,20.719555,145.6196
392,2025-07-16 08:00:00+05:30,15.198012,161.35037,20.60823,160.61539
393,2025-07-16 09:00:00+05:30,14.275713,166.13895,18.25026,165.14134
394,2025-07-16 10:00:00+05:30,12.140329,195.4787,17.076298,198.43504
395,2025-07-16 11:00:00+05:30,5.7628117,141.34016,9.7565975,150.1241
396,2025-07-16 12:00:00+05:30,7.5170207,196.69933,10.261579,195.25517
397,2025-07-16 13:00:00+05:30,13.036026,162.31552,17.94411,166.66074
398,2025-07-16 14:00:00+05:30,10.261579,164.74483,14.827893,169.50858
399,2025-07-16 15:00:00+05:30,8.654987,135.0001,12.85205,142.96953
400,2025-07-16 16:00:00+05:30,8.39078,157.28555,11.866355,157.71437
401,2025-07-16 17:00:00+05:30,7.382195,135.0001,11.952054,142.95744
402,2025-07-16 18:00:00+05:30,4.143911,145.6196,11.334285,159.55037
403,2025-07-16 19:00:00+05:30,5.7402787,138.81418,13.141232,156.59529
404,2025-07-16 20:00:00+05:30,6.114703,132.61403,13.766176,152.76494
405,2025-07-16 21:00:00+05:30,6.7757506,140.38934,15.009236,157.43295
406,2025-07-16 22:00:00+05:30,7.973005,151.69934,17.950432,164.2913
407,2025-07-16 23:00:00+05:30,8.197414,160.76924,18.254698,167.4712
408,2025-07-17 00:00:00+05:30,7.256032,150.2552,16.568802,162.94295
409,2025-07-17 01:00:00+05:30,7.256032,156.61476,16.466803,164.14056
410,2025-07-17 02:00:00+05:30,6.5049515,165.5792,15.536408,169.99208
411,2025-07-17 03:00:00+05:30,7.3447943,162.89719,16.546299,171.86998
412,2025-07-17 04:00:00+05:30,7.731623,155.22488,16.640022,164.30994
413,2025-07-17 05:00:00+05:30,8.305396,150.1012,16.62444,160.38782
414,2025-07-17 06:00:00+05:30,8.181589,140.35587,19.15288,158.4985
415,2025-07-17 07:00:00+05:30,9.531505,169.11452,14.056144,170.41713
416,2025-07-17 08:00:00+05:30,10.823973,183.814,14.799459,184.18483
417,2025-07-17 09:00:00+05:30,10.8955765,187.59456,14.357185,187.92683
418,2025-07-17 10:00:00+05:30,9.144637,190.20392,11.9317045,191.30989
419,2025-07-17 11:00:00+05:30,8.880405,197.70052,11.555102,198.1528
420,2025-07-17 12:00:00+05:30,8.473393,192.26476,11.090103,193.13403
421,2025-07-17 13:00:00+05:30,9.0,196.26028,11.672275,197.03786
422,2025-07-17 14:00:00+05:30,7.2022495,178.56793,9.906544,182.08252
423,2025-07-17 15:00:00+05:30,7.2202215,175.71092,12.059999,180.0
424,2025-07-17 16:00:00+05:30,7.2805495,188.53069,13.767352,191.30989
425,2025-07-17 17:00:00+05:30,7.519175,191.0409,15.655861,199.47667
426,2025-07-17 18:00:00+05:30,5.441838,124.21575,12.98248,135.0001
427,2025-07-17 19:00:00+05:30,6.4096174,128.15727,14.637663,135.49815
428,2025-07-17 20:00:00+05:30,7.382195,135.0001,15.589497,143.9239
429,2025-07-17 21:00:00+05:30,7.562142,141.76614,16.237955,148.6006
430,2025-07-17 22:00:00+05:30,8.049845,153.43501,17.046865,158.31087
431,2025-07-17 23:00:00+05:30,9.56713,168.05585,19.296133,171.41646
432,2025-07-18 00:00:00+05:30,9.726665,177.87895,19.44,180.0
433,2025-07-18 01:00:00+05:30,9.9571085,192.5288,19.914217,192.5288
434,2025-07-18 02:00:00+05:30,9.12513,202.01134,18.69662,203.85048
435,2025-07-18 03:00:00+05:30,6.3639607,188.13002,15.141414,198.00426
436,2025-07-18 04:00:00+05:30,4.7657523,169.11452,12.043869,189.46225
437,2025-07-18 05:00:00+05:30,4.8466477,164.93146,10.694485,186.76608
438,2025-07-18 06:00:00+05:30,8.311245,197.6502,14.913952,203.47101
439,2025-07-18 07:00:00+05:30,9.139322,212.12497,12.632101,212.78427
440,2025-07-18 08:00:00+05:30,8.694204,207.09547,11.19189,207.80136
441,2025-07-18 09:00:00+05:30,9.693296,211.32863,12.632101,212.78427
442,2025-07-18 10:00:00+05:30,7.193247,211.70139,8.738811,212.38066
443,2025-07-18 11:00:00+05:30,6.8423676,206.56499,8.211235,206.0033
444,2025-07-18 12:00:00+05:30,6.8423676,215.36255,8.099999,216.86998
445,2025-07-18 13:00:00+05:30,8.131936,207.69939,9.741642,207.51192
446,2025-07-18 14:00:00+05:30,5.1165614,140.71062,6.7853074,158.19853
447,2025-07-18 15:00:00+05:30,5.1544156,192.09474,6.542201,187.90707
448,2025-07-18 16:00:00+05:30,7.922045,178.69807,10.801499,180.95482
449,2025-07-18 17:00:00+05:30,6.2145634,190.00792,9.473541,194.30031
450,2025-07-18 18:00:00+05:30,2.7534704,191.30989,7.9138603,197.19862
451,2025-07-18 19:00:00+05:30,4.6938252,184.39862,12.144331,191.9761
452,2025-07-18 20:00:00+05:30,5.815978,201.80147,15.056652,207.79034
453,2025-07-18 21:00:00+05:30,6.7853074,201.80147,16.925743,212.84505
454,2025-07-18 22:00:00+05:30,8.452336,206.56499,19.023027,214.59235
455,2025-07-18 23:00:00+05:30,9.165871,199.50253,19.401628,205.8518
456,2025-07-19 00:00:00+05:30,9.430695,203.6294,20.206554,205.88022
457,2025-07-19 01:00:00+05:30,8.699793,204.44394,18.762356,208.04005
458,2025-07-19 02:00:00+05:30,7.989242,202.52061,17.71423,207.86691
459,2025-07-19 03:00:00+05:30,7.186487,202.06795,16.666288,207.67198
460,2025-07-19 04:00:00+05:30,6.9527545,201.25058,16.180988,207.13506
461,2025-07-19 05:00:00+05:30,7.771331,193.39252,15.882896,203.36913
462,2025-07-19 06:00:00+05:30,6.924738,188.97255,13.379461,199.65392
463,2025-07-19 07:00:00+05:30,10.094454,201.99118,13.78029,203.8865
464,2025-07-19 08:00:00+05:30,10.587917,197.81898,13.719023,199.14822
465,2025-07-19 09:00:00+05:30,11.090103,193.13403,14.101021,194.03627
466,2025-07-19 10:00:00+05:30,9.526405,202.20352,11.7,202.6199
467,2025-07-19 11:00:00+05:30,8.626865,203.35558,10.636766,203.9625
468,2025-07-19 12:00:00+05:30,7.970972,205.40767,9.743304,205.14474
469,2025-07-19 13:00:00+05:30,6.854195,209.93143,8.149847,210.52963
470,2025-07-19 14:00:00+05:30,6.889557,199.8553,8.322932,201.57137
471,2025-07-19 15:00:00+05:30,12.168319,187.65056,15.891054,189.78233
472,2025-07-19 16:00:00+05:30,12.466867,184.96965,18.329975,187.33429
473,2025-07-19 17:00:00+05:30,10.094454,201.99118,17.515581,202.34816
474,2025-07-19 18:00:00+05:30,4.942631,169.50858,12.421304,179.16971
475,2025-07-19 19:00:00+05:30,5.5887027,165.06853,12.979984,176.82024
476,2025-07-19 20:00:00+05:30,8.528657,187.27492,18.119305,193.20793
477,2025-07-19 21:00:00+05:30,7.8583965,200.09532,17.801807,204.49188
478,2025-07-19 22:00:00+05:30,6.6185193,202.38017,16.03213,208.86707
479,2025-07-19 23:00:00+05:30,7.628263,199.29015,16.851885,203.27898
480,2025-07-20 00:00:00+05:30,8.507737,186.07236,18.040453,192.09474
481,2025-07-20 01:00:00+05:30,8.82,180.0,18.73557,188.2857
482,2025-07-20 02:00:00+05:30,7.922045,178.69807,17.325876,184.17035
483,2025-07-20 03:00:00+05:30,5.223103,181.97488,13.849476,188.97255
484,2025-07-20 04:00:00+05:30,5.771239,176.42374,13.822546,188.23553
485,2025-07-20 05:00:00+05:30,6.889557,160.1447,13.529966,176.186
486,2025-07-20 06:00:00+05:30,6.7205353,172.30405,13.543131,184.57384
487,2025-07-20 07:00:00+05:30,9.459852,201.19412,12.835653,202.24907
488,2025-07-20 08:00:00+05:30,9.016185,206.05344,11.9140415,206.9521
489,2025-07-20 09:00:00+05:30,7.4128532,209.0545,9.109138,209.60435
490,2025-07-20 10:00:00+05:30,5.983477,195.7087,7.1208143,196.14441
491,2025-07-20 11:00:00+05:30,6.849467,183.01273,8.467655,182.4366
492,2025-07-20 12:00:00+05:30,4.7110505,186.58185,5.6521144,189.16228
493,2025-07-20 13:00:00+05:30,1.7727944,156.0375,2.0991426,149.03632
494,2025-07-20 14:00:00+05:30,3.143565,156.3706,4.0249224,153.43501
495,2025-07-20 15:00:00+05:30,5.195113,14.036275,5.8631387,17.87879
496,2025-07-20 16:00:00+05:30,7.388775,357.20734,9.0018,1.1457417
497,2025-07-20 17:00:00+05:30,8.322932,21.571367,12.245293,24.304548
498,2025-07-20 18:00:00+05:30,3.9477081,133.1524,12.221457,136.1934
499,2025-07-20 19:00:00+05:30,10.163227,157.06787,19.706507,163.55132
500,2025-07-20 20:00:00+05:30,7.2805495,171.46931,15.905319,174.80566
501,2025-07-20 21:00:00+05:30,5.9427266,181.73567,14.05845,182.93561
502,2025-07-20 22:00:00+05:30,6.849467,183.01273,15.763107,186.55685
503,2025-07-20 23:00:00+05:30,5.5450516,215.75398,14.028457,213.48619
504,2025-07-21 00:00:00+05:30,4.5,233.13002,12.456468,232.63326
505,2025-07-21 01:00:00+05:30,3.4623692,207.89717,9.801326,225.74397
506,2025-07-21 02:00:00+05:30,3.2399998,180.0,8.707237,209.7448
507,2025-07-21 03:00:00+05:30,1.4399999,180.0,6.248359,221.49637
508,2025-07-21 04:00:00+05:30,0.76367533,135.0001,4.1046314,217.87505
509,2025-07-21 05:00:00+05:30,0.76367533,135.0001,3.494968,235.49141
510,2025-07-21 06:00:00+05:30,2.9024127,7.12493,7.0407386,327.52884
511,2025-07-21 07:00:00+05:30,1.6981165,57.99466,2.1674871,41.63345
512,2025-07-21 08:00:00+05:30,1.8532133,60.94549,2.3051248,51.34017
513,2025-07-21 09:00:00+05:30,2.0124612,26.564985,2.5071096,21.037588
514,2025-07-21 10:00:00+05:30,2.7416782,23.198618,3.4152596,18.435053
515,2025-07-21 11:00:00+05:30,2.19718,124.992096,2.5959969,123.690094
516,2025-07-21 12:00:00+05:30,3.8183763,188.13002,4.5322843,186.84268
517,2025-07-21 13:00:00+05:30,4.198285,210.96368,4.942631,213.11136
518,2025-07-21 14:00:00+05:30,4.7827187,160.20103,5.8104043,163.81073
519,2025-07-21 15:00:00+05:30,7.689603,163.68607,10.365251,159.67677
520,2025-07-21 16:00:00+05:30,6.7397914,214.11452,9.044888,211.15924
521,2025-07-21 17:00:00+05:30,10.694485,223.63614,15.6806755,221.74269
522,2025-07-21 18:00:00+05:30,4.991553,205.64096,12.367716,201.33693
523,2025-07-21 19:00:00+05:30,4.072935,224.9999,10.685391,212.61923
524,2025-07-21 20:00:00+05:30,4.3274937,224.9999,11.5887,223.11183
525,2025-07-21 21:00:00+05:30,5.2323985,220.81499,13.746156,224.9999
526,2025-07-21 22:00:00+05:30,6.623413,222.79738,16.176983,222.7454
527,2025-07-21 23:00:00+05:30,6.048107,216.52895,15.717823,219.88953
528,2025-07-22 00:00:00+05:30,7.3469996,210.96368,17.283749,215.6765
529,2025-07-22 01:00:00+05:30,5.692099,214.69522,15.072783,220.15593
530,2025-07-22 02:00:00+05:30,5.1481256,233.53067,13.729647,235.68486
531,2025-07-22 03:00:00+05:30,4.2021422,260.13425,11.745604,254.89885
532,2025-07-22 04:00:00+05:30,4.143911,267.5105,11.35285,267.27374
533,2025-07-22 05:00:00+05:30,4.143911,235.6196,10.215693,255.71887
534,2025-07-22 06:00:00+05:30,3.8773184,248.19853,8.863972,246.0375
535,2025-07-22 07:00:00+05:30,3.244996,236.3099,4.913044,241.55717
536,2025-07-22 08:00:00+05:30,2.5071096,248.96242,3.4152596,251.56496
537,2025-07-22 09:00:00+05:30,0.56920993,71.564964,0.742159,75.96373
538,2025-07-22 10:00:00+05:30,3.8268526,138.81418,4.724786,139.63554
539,2025-07-22 11:00:00+05:30,4.2136917,160.0168,5.3517847,160.34608
540,2025-07-22 12:00:00+05:30,5.3305535,191.68935,6.638072,192.5288
541,2025-07-22 13:00:00+05:30,3.8856654,193.39252,4.8466477,195.06854
542,2025-07-22 14:00:00+05:30,4.7110505,186.58185,5.9644947,185.19434
543,2025-07-22 15:00:00+05:30,10.587917,197.81898,13.4903965,198.6768
544,2025-07-22 16:00:00+05:30,8.452336,206.56499,11.755254,205.38786
545,2025-07-22 17:00:00+05:30,10.589448,211.79887,15.531193,212.21652
546,2025-07-22 18:00:00+05:30,6.2613096,198.43504,14.687382,199.32327
547,2025-07-22 19:00:00+05:30,4.6938257,212.47118,12.801531,207.64589
548,2025-07-22 20:00:00+05:30,3.9518096,239.9315,10.564941,224.3098
549,2025-07-22 21:00:00+05:30,4.080882,228.57643,10.583326,228.44748
550,2025-07-22 22:00:00+05:30,5.0432134,214.82455,12.730467,223.85432
551,2025-07-22 23:00:00+05:30,4.846648,201.80147,13.18308,214.9921
552,2025-07-23 00:00:00+05:30,3.7585104,196.69933,10.63372,213.95909
553,2025-07-23 01:00:00+05:30,4.4274144,206.56499,11.885453,215.13428
554,2025-07-23 02:00:00+05:30,4.072935,224.9999,11.5887,226.88817
555,2025-07-23 03:00:00+05:30,4.1046314,217.87505,11.079873,226.97493
556,2025-07-23 04:00:00+05:30,3.148714,210.96368,8.913181,226.63654
557,2025-07-23 05:00:00+05:30,3.8939953,236.3099,8.37532,241.78273
558,2025-07-23 06:00:00+05:30,1.835647,258.6901,4.503598,267.70944
559,2025-07-23 07:00:00+05:30,2.9024127,262.8751,3.964089,267.3975
560,2025-07-23 08:00:00+05:30,2.0124612,79.69521,2.3400002,67.3801
561,2025-07-23 09:00:00+05:30,5.5916004,93.691315,6.6624317,91.54813
562,2025-07-23 10:00:00+05:30,6.130579,93.366394,7.562142,91.3639
563,2025-07-23 11:00:00+05:30,5.2939587,72.18102,6.66,71.075264
564,2025-07-23 12:00:00+05:30,3.462369,81.02746,4.452954,75.96373
565,2025-07-23 13:00:00+05:30,3.2599385,83.659904,4.175069,82.56869
566,2025-07-23 14:00:00+05:30,3.8773184,111.801476,5.12289,108.43504
567,2025-07-23 15:00:00+05:30,3.06,151.92761,3.7971041,148.57048
568,2025-07-23 16:00:00+05:30,5.0528407,175.91446,6.489992,176.82024
569,2025-07-23 17:00:00+05:30,5.5450516,193.13403,11.013882,191.30989
570,2025-07-23 18:00:00+05:30,4.2021427,226.73567,8.731391,194.32275
571,2025-07-23 19:00:00+05:30,5.876938,229.9698,11.236671,215.21768
572,2025-07-23 20:00:00+05:30,5.2323985,220.81499,12.791403,219.28938
573,2025-07-23 21:00:00+05:30,3.0652893,130.23628,7.989243,194.34937
574,2025-07-23 22:00:00+05:30,2.36753,98.74608,4.8899083,173.6599
575,2025-07-23 23:00:00+05:30,2.9301877,317.4896,9.292254,278.91486
576,2025-07-24 00:00:00+05:30,4.5322843,353.15732,11.384199,341.56494
577,2025-07-24 01:00:00+05:30,5.983477,15.708701,12.860871,6.4286604
578,2025-07-24 02:00:00+05:30,5.414979,68.5522,11.385622,50.774345
579,2025-07-24 03:00:00+05:30,4.0249224,116.56499,7.02,90.0
580,2025-07-24 04:00:00+05:30,3.4949677,78.11137,9.266067,82.1848
581,2025-07-24 05:00:00+05:30,4.293669,56.976128,9.179999,61.92762
582,2025-07-24 06:00:00+05:30,3.6447225,327.09476,8.163749,345.9637
583,2025-07-24 07:00:00+05:30,4.0449967,327.72437,9.109138,330.39563
584,2025-07-24 08:00:00+05:30,3.2048087,38.157276,4.4274144,26.564985
585,2025-07-24 09:00:00+05:30,7.889258,55.222095,10.656547,52.549347
586,2025-07-24 10:00:00+05:30,6.59154,55.0079,8.936778,55.66973
587,2025-07-24 11:00:00+05:30,9.0018,78.46541,11.616627,77.4712
588,2025-07-24 12:00:00+05:30,7.9383874,93.90042,10.285232,94.0141
589,2025-07-24 13:00:00+05:30,4.175069,97.43131,5.2478566,95.906044
590,2025-07-24 14:00:00+05:30,4.503598,92.29056,5.4029994,91.90912
591,2025-07-24 15:00:00+05:30,6.1120534,103.627014,7.555712,102.38075
592,2025-07-24 16:00:00+05:30,5.004518,127.694305,6.552099,127.18479
593,2025-07-24 17:00:00+05:30,5.0432134,124.82456,8.404285,136.73567
594,2025-07-24 18:00:00+05:30,1.26,90.0,5.9644947,84.805664
595,2025-07-24 19:00:00+05:30,0.35999998,360.0,3.2846913,80.53775
596,2025-07-24 20:00:00+05:30,2.7238941,352.40543,4.755544,29.475794
597,2025-07-24 21:00:00+05:30,8.647496,2.385899,14.113653,5.8559217
598,2025-07-24 22:00:00+05:30,3.1072817,10.007925,9.621163,17.418066
599,2025-07-24 23:00:00+05:30,0.9693296,291.80148,5.3939967,334.2901
600,2025-07-25 00:00:00+05:30,7.748368,2.6629453,13.441071,7.695961
601,2025-07-25 01:00:00+05:30,6.310277,3.2704222,12.535548,15.832451
602,2025-07-25 02:00:00+05:30,6.8919086,40.763515,12.708815,37.519188
603,2025-07-25 03:00:00+05:30,8.461915,23.838743,15.743569,30.963696
604,2025-07-25 04:00:00+05:30,10.993271,39.68541,19.761507,41.676792
605,2025-07-25 05:00:00+05:30,12.7279215,44.999897,21.848324,50.013176
606,2025-07-25 06:00:00+05:30,21.841648,81.46932,32.611805,81.10966
607,2025-07-25 07:00:00+05:30,18.228943,80.909805,28.082884,80.77925
608,2025-07-25 08:00:00+05:30,20.39091,81.369286,31.998007,81.91557
609,2025-07-25 09:00:00+05:30,25.567604,80.2725,37.319084,79.71993
610,2025-07-25 10:00:00+05:30,24.02174,85.272095,33.40928,85.364624
611,2025-07-25 11:00:00+05:30,23.00693,75.96373,31.277039,73.96395
612,2025-07-25 12:00:00+05:30,21.547436,96.23439,30.075083,96.52944
613,2025-07-25 13:00:00+05:30,21.513577,99.147,30.165442,97.88826
614,2025-07-25 14:00:00+05:30,23.662985,94.79975,33.920807,93.95557
615,2025-07-25 15:00:00+05:30,19.023878,110.492676,28.865738,109.67795
616,2025-07-25 16:00:00+05:30,20.015642,168.58905,29.384691,170.48006
617,2025-07-25 17:00:00+05:30,23.469128,184.39862,37.195595,187.22809
618,2025-07-25 18:00:00+05:30,21.402597,161.86972,34.447784,162.98523
619,2025-07-25 19:00:00+05:30,20.837282,148.78166,34.221306,152.08716
620,2025-07-25 20:00:00+05:30,20.340796,143.63704,33.300488,146.91121
621,2025-07-25 21:00:00+05:30,20.98911,143.71965,34.04808,146.64597
622,2025-07-25 22:00:00+05:30,17.258425,149.95872,28.89995,152.95624
623,2025-07-25 23:00:00+05:30,16.548256,134.1187,27.400824,137.92894
624,2025-07-26 00:00:00+05:30,17.968472,132.15779,29.147219,134.7498
625,2025-07-26 01:00:00+05:30,18.584509,134.21527,30.038975,135.48549
626,2025-07-26 02:00:00+05:30,18.610641,131.86356,30.165442,134.75826
627,2025-07-26 03:00:00+05:30,16.332458,121.938416,27.310812,124.52804
628,2025-07-26 04:00:00+05:30,17.169018,119.52127,28.525314,121.58377
629,2025-07-26 05:00:00+05:30,15.874734,119.18071,25.777735,121.581245
630,2025-07-26 06:00:00+05:30,15.3802595,124.992096,23.940676,126.4392
631,2025-07-26 07:00:00+05:30,15.833861,130.38928,24.485952,128.13362
632,2025-07-26 08:00:00+05:30,13.748513,133.93918,20.523945,131.80037
633,2025-07-26 09:00:00+05:30,13.644427,126.41647,19.083395,125.78906
634,2025-07-26 10:00:00+05:30,14.291592,139.08571,19.119015,138.05296
635,2025-07-26 11:00:00+05:30,15.130711,147.63339,20.12944,148.15758
636,2025-07-26 12:00:00+05:30,19.340576,165.44638,26.258415,163.67688
637,2025-07-26 13:00:00+05:30,14.193772,167.55002,19.778715,166.84904
638,2025-07-26 14:00:00+05:30,18.188019,178.29868,24.496538,177.89453
639,2025-07-26 15:00:00+05:30,13.883356,166.50426,19.387428,167.125
640,2025-07-26 16:00:00+05:30,12.534257,167.56046,17.161469,167.27565
641,2025-07-26 17:00:00+05:30,11.745604,164.89885,19.56046,165.06853
642,2025-07-26 18:00:00+05:30,9.096681,152.92801,17.986494,157.02725
643,2025-07-26 19:00:00+05:30,9.511088,150.5242,19.357323,157.01126
644,2025-07-26 20:00:00+05:30,9.826088,151.55717,20.052032,155.04527
645,2025-07-26 21:00:00+05:30,10.00256,149.74365,20.232191,156.3998
646,2025-07-26 22:00:00+05:30,10.32924,157.4569,20.844278,163.44286
647,2025-07-26 23:00:00+05:30,10.829959,164.57777,21.639713,168.9705
648,2025-07-27 00:00:00+05:30,9.565437,160.20103,19.73854,167.35785
649,2025-07-27 01:00:00+05:30,8.131936,152.30061,17.534994,162.68097
650,2025-07-27 02:00:00+05:30,7.973005,151.69934,17.085783,159.6558
651,2025-07-27 03:00:00+05:30,9.582358,151.99092,18.855375,159.31584
652,2025-07-27 04:00:00+05:30,10.041354,165.4655,19.662888,168.3815
653,2025-07-27 05:00:00+05:30,9.6480665,165.96373,18.151463,172.59319
654,2025-07-27 06:00:00+05:30,10.304115,199.38461,19.32382,207.75845
655,2025-07-27 07:00:00+05:30,10.948973,223.66785,16.037182,224.9999
656,2025-07-27 08:00:00+05:30,12.37819,220.87231,17.072504,222.43619
657,2025-07-27 09:00:00+05:30,10.261579,217.87505,13.213765,217.8066
658,2025-07-27 10:00:00+05:30,9.668195,204.17911,12.081473,204.65588
659,2025-07-27 11:00:00+05:30,9.673221,224.9999,12.218805,224.9999
660,2025-07-27 12:00:00+05:30,10.691453,224.9999,13.493999,226.08084
661,2025-07-27 13:00:00+05:30,12.5807,213.91747,16.22498,213.6901
662,2025-07-27 14:00:00+05:30,17.727943,192.90741,24.709875,194.33997
663,2025-07-27 15:00:00+05:30,9.0018,168.46541,12.168319,172.34944
664,2025-07-27 16:00:00+05:30,13.41453,191.61145,19.875946,192.02226
665,2025-07-27 17:00:00+05:30,7.8954163,226.8476,14.133152,223.45189
666,2025-07-27 18:00:00+05:30,7.596341,216.32692,15.053425,221.12137
667,2025-07-27 19:00:00+05:30,6.873078,224.9999,14.957339,230.37103
668,2025-07-27 20:00:00+05:30,4.0449967,212.27562,11.466438,222.45515
669,2025-07-27 21:00:00+05:30,5.950899,176.53185,13.31635,193.28488
670,2025-07-27 22:00:00+05:30,5.04,180.0,13.451914,192.36249
671,2025-07-27 23:00:00+05:30,5.9427266,181.73567,14.408997,192.99461
672,2025-07-28 00:00:00+05:30,7.040739,184.39862,15.676542,195.31288
673,2025-07-28 01:00:00+05:30,6.989936,214.50858,16.179987,212.27562
674,2025-07-28 02:00:00+05:30,1.0182338,135.0001,5.6492476,210.65059
675,2025-07-28 03:00:00+05:30,5.3517847,109.653915,5.3426957,147.38077
676,2025-07-28 04:00:00+05:30,5.8852015,156.57129,8.596766,199.57321
677,2025-07-28 05:00:00+05:30,5.5829024,159.22766,10.03167,189.29323
678,2025-07-28 06:00:00+05:30,9.194106,156.94867,17.684942,175.91446
679,2025-07-28 07:00:00+05:30,9.582359,185.38922,13.88919,183.71521
680,2025-07-28 08:00:00+05:30,9.059205,200.95586,12.20023,201.6445
681,2025-07-28 09:00:00+05:30,8.43699,213.6901,10.63372,213.95909
682,2025-07-28 10:00:00+05:30,9.437563,214.90257,11.738705,215.6399
683,2025-07-28 11:00:00+05:30,11.48761,215.4334,14.544401,216.44453
684,2025-07-28 12:00:00+05:30,8.53815,214.69522,11.161451,217.794
685,2025-07-28 13:00:00+05:30,9.039514,215.2725,14.7039175,219.53612
686,2025-07-28 14:00:00+05:30,5.634891,206.56499,8.305396,209.8988
687,2025-07-28 15:00:00+05:30,7.9138603,197.19862,10.534229,199.9832
688,2025-07-28 16:00:00+05:30,10.163227,202.93213,14.372974,202.06795
689,2025-07-28 17:00:00+05:30,6.130579,183.3664,12.015589,188.61557
690,2025-07-28 18:00:00+05:30,5.8769383,207.3498,13.044722,219.40063
691,2025-07-28 19:00:00+05:30,5.5916004,183.69131,11.605464,203.78204
692,2025-07-28 20:00:00+05:30,5.7628117,181.78987,13.062098,191.9293
693,2025-07-28 21:00:00+05:30,6.6697226,176.906,14.027302,188.85788
694,2025-07-28 22:00:00+05:30,6.489992,176.82024,14.264361,190.17545
695,2025-07-28 23:00:00+05:30,5.1481256,143.53067,11.003581,164.82703
696,2025-07-29 00:00:00+05:30,5.991594,147.26479,11.745604,164.89885
697,2025-07-29 01:00:00+05:30,2.0124612,206.56499,7.1684303,208.49554
698,2025-07-29 02:00:00+05:30,4.913044,188.42688,11.440979,204.14554
699,2025-07-29 03:00:00+05:30,5.195113,165.96373,10.8955765,187.59456
700,2025-07-29 04:00:00+05:30,5.0528407,175.91446,11.173057,177.22984
701,2025-07-29 05:00:00+05:30,5.2323985,153.43501,9.12513,165.14134
702,2025-07-29 06:00:00+05:30,6.130579,183.3664,10.703569,199.65392
703,2025-07-29 07:00:00+05:30,8.688613,219.95749,14.383114,225.50697
704,2025-07-29 08:00:00+05:30,6.522361,230.59937,11.090103,234.24602
705,2025-07-29 09:00:00+05:30,6.889557,236.7251,9.582358,241.99092
706,2025-07-29 10:00:00+05:30,4.965521,226.46873,6.522361,230.59937
707,2025-07-29 11:00:00+05:30,5.5567255,204.90474,6.9247384,207.89717
708,2025-07-29 12:00:00+05:30,9.430694,193.24052,12.049249,193.82867
709,2025-07-29 13:00:00+05:30,11.173057,182.77016,14.589996,182.12105
710,2025-07-29 14:00:00+05:30,12.251905,182.52606,16.563911,181.24533
711,2025-07-29 15:00:00+05:30,13.910169,190.43742,19.45083,191.2059
712,2025-07-29 16:00:00+05:30,10.993271,182.81549,16.62249,184.96965
713,2025-07-29 17:00:00+05:30,9.726665,182.12105,15.710607,184.6
714,2025-07-29 18:00:00+05:30,8.287822,177.5105,16.943918,183.04471
715,2025-07-29 19:00:00+05:30,9.028754,156.50142,18.161278,166.2392
716,2025-07-29 20:00:00+05:30,8.604301,142.65057,18.033268,152.66772
717,2025-07-29 21:00:00+05:30,10.134495,146.59216,19.66948,150.38528
718,2025-07-29 22:00:00+05:30,13.203954,152.38705,23.105297,152.63654
719,2025-07-29 23:00:00+05:30,13.755579,137.12111,22.632092,140.48619
720,2025-07-30 00:00:00+05:30,7.5019197,149.74365,14.73913,151.55717
721,2025-07-30 01:00:00+05:30,11.500296,129.92033,20.501833,136.77876
722,2025-07-30 02:00:00+05:30,11.43248,146.56012,19.567083,152.02061
723,2025-07-30 03:00:00+05:30,10.185519,136.43204,18.434847,144.13705
724,2025-07-30 04:00:00+05:30,9.432412,131.90585,17.123669,140.11737
725,2025-07-30 05:00:00+05:30,10.086427,124.82456,17.309975,135.0001
726,2025-07-30 06:00:00+05:30,12.387348,144.46223,18.727787,144.78232
727,2025-07-30 07:00:00+05:30,12.134992,159.14546,17.48596,159.51291
728,2025-07-30 08:00:00+05:30,13.845967,164.15686,18.59845,165.42575
729,2025-07-30 09:00:00+05:30,13.619471,172.40544,18.023384,171.38443
730,2025-07-30 10:00:00+05:30,17.811815,165.96373,25.323767,166.85275
731,2025-07-30 11:00:00+05:30,12.78,180.0,18.921415,182.72626
732,2025-07-30 12:00:00+05:30,16.284779,166.57816,22.090187,165.8505
733,2025-07-30 13:00:00+05:30,18.161278,166.2392,24.18707,165.3432
734,2025-07-30 14:00:00+05:30,13.37825,156.19405,18.532133,155.9245
735,2025-07-30 15:00:00+05:30,15.141414,161.99574,21.518847,162.47435
736,2025-07-30 16:00:00+05:30,15.426535,168.55899,21.613495,167.00539
737,2025-07-30 17:00:00+05:30,13.039754,173.6599,21.1896,173.6599
738,2025-07-30 18:00:00+05:30,11.778658,141.20343,20.527103,144.63745
739,2025-07-30 19:00:00+05:30,10.062305,153.43501,18.11841,159.04414
740,2025-07-30 20:00:00+05:30,9.926147,184.15956,18.392616,191.85976
741,2025-07-30 21:00:00+05:30,9.0,180.0,15.833861,188.49847
742,2025-07-30 22:00:00+05:30,9.007196,182.29056,16.245934,189.56662
743,2025-07-30 23:00:00+05:30,6.542201,187.90707,12.835653,202.24907
744,2025-07-31 00:00:00+05:30,6.0908127,251.0295,11.734564,249.341
745,2025-07-31 01:00:00+05:30,5.950899,183.46815,9.224011,197.02061
746,2025-07-31 02:00:00+05:30,4.863332,231.009,9.939196,215.41714
747,2025-07-31 03:00:00+05:30,3.6402748,188.53069,7.3997297,198.43504
748,2025-07-31 04:00:00+05:30,4.3536186,240.2552,8.65873,226.68465
749,2025-07-31 05:00:00+05:30,7.674842,230.7106,14.082628,234.88791
750,2025-07-31 06:00:00+05:30,12.86087,223.29869,22.945587,228.17992
751,2025-07-31 07:00:00+05:30,13.044722,219.40063,20.719555,219.35942
752,2025-07-31 08:00:00+05:30,13.543131,246.50142,20.929594,243.43501
753,2025-07-31 09:00:00+05:30,9.5416975,234.21094,14.004185,232.83543
754,2025-07-31 10:00:00+05:30,13.789691,215.97247,18.0,216.86998
755,2025-07-31 11:00:00+05:30,11.832176,213.20659,17.640919,216.28535
756,2025-07-31 12:00:00+05:30,11.545284,210.96368,16.179987,212.27562
757,2025-07-31 13:00:00+05:30,10.094454,211.13892,12.904882,210.1413
758,2025-07-31 14:00:00+05:30,14.197196,219.3405,21.407139,222.27362
759,2025-07-31 15:00:00+05:30,6.130579,176.6336,12.351988,198.69908
760,2025-07-31 16:00:00+05:30,9.47012,188.74608,14.545515,192.14426
761,2025-07-31 17:00:00+05:30,13.797913,195.12405,21.915693,194.26454
762,2025-07-31 18:00:00+05:30,6.898956,187.49576,14.372974,202.06795
763,2025-07-31 19:00:00+05:30,10.694485,186.76608,19.639805,197.60472
764,2025-07-31 20:00:00+05:30,9.926147,184.15956,19.983242,197.29254
765,2025-07-31 21:00:00+05:30,8.085988,196.82149,17.63816,204.73428
766,2025-07-31 22:00:00+05:30,7.570707,198.00426,16.813387,201.34586
767,2025-07-31 23:00:00+05:30,5.920878,199.53674,14.410121,205.92485
768,2025-08-01 00:00:00+05:30,7.256032,187.12492,16.568802,197.05705
769,2025-08-01 01:00:00+05:30,3.189608,73.61038,4.724786,162.25523
770,2025-08-01 02:00:00+05:30,5.815978,158.19853,10.837435,184.76355
771,2025-08-01 03:00:00+05:30,8.694204,207.09547,18.226276,214.94574
772,2025-08-01 04:00:00+05:30,9.614426,231.84273,19.296135,233.3438
773,2025-08-01 05:00:00+05:30,4.2136917,199.9832,10.718693,220.91429
774,2025-08-01 06:00:00+05:30,12.522619,198.43504,15.767219,198.64189
775,2025-08-01 07:00:00+05:30,13.036026,215.4458,17.681278,215.46996
776,2025-08-01 08:00:00+05:30,10.086427,214.82455,12.996201,216.55257
777,2025-08-01 09:00:00+05:30,9.726664,218.991,12.496718,221.49637
778,2025-08-01 10:00:00+05:30,11.282711,236.05637,15.874734,240.81929
779,2025-08-01 11:00:00+05:30,6.6624317,231.58191,9.109138,232.22426
780,2025-08-01 12:00:00+05:30,7.928177,230.52757,10.152064,232.92683
781,2025-08-01 13:00:00+05:30,7.9567327,217.64769,9.97986,219.14398
782,2025-08-01 14:00:00+05:30,9.335737,199.13374,11.566313,200.97357
783,2025-08-01 15:00:00+05:30,8.6867485,174.05324,11.341428,179.09064
784,2025-08-01 16:00:00+05:30,12.936228,211.92084,18.623693,212.7685
785,2025-08-01 17:00:00+05:30,10.6261,206.13094,19.500736,203.9625
786,2025-08-01 18:00:00+05:30,7.102591,171.25392,14.068817,183.66771
787,2025-08-01 19:00:00+05:30,8.32877,173.79665,16.415567,183.7722
788,2025-08-01 20:00:00+05:30,6.542201,172.09293,15.316933,182.69423
789,2025-08-01 21:00:00+05:30,6.489992,176.82024,14.669724,186.3401
790,2025-08-01 22:00:00+05:30,7.2805495,188.53069,16.327497,194.03627
791,2025-08-01 23:00:00+05:30,5.6835546,190.95403,14.0734215,200.98497
792,2025-08-02 00:00:00+05:30,11.34,180.0,20.495512,187.0625
793,2025-08-02 01:00:00+05:30,14.584445,181.4144,25.364037,186.5197
794,2025-08-02 02:00:00+05:30,9.746631,184.23631,19.09782,191.4158
795,2025-08-02 03:00:00+05:30,9.582359,185.38922,19.239801,190.78426
796,2025-08-02 04:00:00+05:30,7.2202215,184.28908,16.423458,189.46225
797,2025-08-02 05:00:00+05:30,7.814986,187.94337,15.827721,197.19862
798,2025-08-02 06:00:00+05:30,10.787993,205.7099,17.816362,209.67299
799,2025-08-02 07:00:00+05:30,10.070353,204.27443,14.248452,206.24129
800,2025-08-02 08:00:00+05:30,13.203954,207.61295,17.799076,208.37915
801,2025-08-02 09:00:00+05:30,11.792404,192.33908,14.975741,193.2011
802,2025-08-02 10:00:00+05:30,14.658676,204.67685,18.624563,203.34402
803,2025-08-02 11:00:00+05:30,7.689603,196.31393,10.435344,194.99513
804,2025-08-02 12:00:00+05:30,7.6579366,209.57774,9.984729,207.95087
805,2025-08-02 13:00:00+05:30,10.299397,185.01303,13.060857,187.12492
806,2025-08-02 14:00:00+05:30,7.3447943,162.89719,9.299225,165.42575
807,2025-08-02 15:00:00+05:30,13.679999,180.0,19.820442,182.60251
808,2025-08-02 16:00:00+05:30,8.297589,130.60121,12.86087,133.29869
809,2025-08-02 17:00:00+05:30,5.3999996,126.86998,17.23588,155.30846
810,2025-08-02 18:00:00+05:30,9.1641035,135.0001,18.581894,141.68687
811,2025-08-02 19:00:00+05:30,9.686609,138.01286,19.731974,144.27995
812,2025-08-02 20:00:00+05:30,11.307095,166.18495,22.603443,174.5165
813,2025-08-02 21:00:00+05:30,13.060857,172.87508,24.512405,177.05362
814,2025-08-02 22:00:00+05:30,12.461669,169.17703,23.535301,173.85347
815,2025-08-02 23:00:00+05:30,8.694204,207.09547,17.703253,198.98772
816,2025-08-03 00:00:00+05:30,7.5599995,180.0,17.01738,190.359
817,2025-08-03 01:00:00+05:30,10.30883,204.77512,19.80409,205.8663
818,2025-08-03 02:00:00+05:30,8.297589,204.34108,16.50218,206.56499
819,2025-08-03 03:00:00+05:30,8.311245,175.03035,16.601036,189.36012
820,2025-08-03 04:00:00+05:30,7.293888,164.24876,16.22498,176.82024
821,2025-08-03 05:00:00+05:30,9.659814,153.43501,18.68622,166.63306
822,2025-08-03 06:00:00+05:30,13.701299,170.1665,24.054089,174.41748
823,2025-08-03 07:00:00+05:30,15.564537,174.02577,22.571884,175.42616
824,2025-08-03 08:00:00+05:30,16.607864,175.649,22.90531,176.39565
825,2025-08-03 09:00:00+05:30,18.089775,185.7105,25.16526,186.15907
826,2025-08-03 10:00:00+05:30,17.682194,194.7436,24.18707,194.6568
827,2025-08-03 11:00:00+05:30,16.152931,194.19113,21.786694,194.83998
828,2025-08-03 12:00:00+05:30,23.498102,202.04596,32.08901,201.3837
829,2025-08-03 13:00:00+05:30,10.636766,203.9625,14.822429,204.38637
830,2025-08-03 14:00:00+05:30,17.688606,211.26367,23.584808,211.26367
831,2025-08-03 15:00:00+05:30,19.902824,204.0151,27.56058,203.8865
832,2025-08-03 16:00:00+05:30,12.750811,198.9466,19.130875,199.79897
833,2025-08-03 17:00:00+05:30,12.882267,187.22423,20.746902,188.48152
834,2025-08-03 18:00:00+05:30,12.193588,188.48886,22.204296,191.2188
835,2025-08-03 19:00:00+05:30,10.699028,192.63336,19.863714,194.1622
836,2025-08-03 20:00:00+05:30,12.108261,191.14285,22.046875,193.69589
837,2025-08-03 21:00:00+05:30,11.525623,181.78987,21.869816,185.19434
838,2025-08-03 22:00:00+05:30,12.632101,184.08554,23.266697,188.00464
839,2025-08-03 23:00:00+05:30,10.132897,192.308,19.64558,193.78162
840,2025-08-04 00:00:00+05:30,6.7205353,200.37651,16.59225,195.09163
841,2025-08-04 01:00:00+05:30,8.2584505,200.40997,17.515581,202.34816
842,2025-08-04 02:00:00+05:30,8.4963045,216.38445,17.534992,215.81125
843,2025-08-04 03:00:00+05:30,8.311245,287.6502,13.698934,273.01273
844,2025-08-04 04:00:00+05:30,2.5455842,278.13,8.242743,238.39255
845,2025-08-04 05:00:00+05:30,6.1226463,204.30453,13.0806875,214.34616
846,2025-08-04 06:00:00+05:30,8.513448,193.44862,16.947742,202.47948
847,2025-08-04 07:00:00+05:30,11.500296,197.30061,18.102308,199.1557
848,2025-08-04 08:00:00+05:30,14.572221,205.61543,20.285769,206.33762
849,2025-08-04 09:00:00+05:30,13.523978,206.90602,18.193361,207.07199
850,2025-08-04 10:00:00+05:30,10.814989,198.43504,13.83192,198.19925
851,2025-08-04 11:00:00+05:30,10.144082,207.47435,12.96125,207.27667
852,2025-08-04 12:00:00+05:30,10.296251,216.46933,13.538345,215.80344
853,2025-08-04 13:00:00+05:30,11.53265,214.18617,15.192682,216.32692
854,2025-08-04 14:00:00+05:30,17.816362,209.67299,24.023088,209.63829
855,2025-08-04 15:00:00+05:30,7.256032,240.2552,10.706596,243.00424
856,2025-08-04 16:00:00+05:30,3.319036,192.5288,4.952453,199.09358
857,2025-08-04 17:00:00+05:30,3.01735,162.64589,4.5536795,161.56496
858,2025-08-04 18:00:00+05:30,7.0199995,157.3801,15.070633,172.45067
859,2025-08-04 19:00:00+05:30,8.311245,184.96965,17.288435,194.47034
860,2025-08-04 20:00:00+05:30,7.102591,188.74608,16.22498,199.44012
861,2025-08-04 21:00:00+05:30,8.825508,191.76826,19.130875,199.79897
862,2025-08-04 22:00:00+05:30,6.5520988,200.92458,16.03213,208.86707
863,2025-08-04 23:00:00+05:30,4.913044,188.42688,13.049689,204.44394
864,2025-08-05 00:00:00+05:30,5.5916004,213.17853,13.324863,218.41809
865,2025-08-05 01:00:00+05:30,4.503598,87.70944,5.3517847,160.34608
866,2025-08-05 02:00:00+05:30,7.458606,188.32556,16.213993,202.86455
867,2025-08-05 03:00:00+05:30,8.65873,159.30447,17.146357,175.7859
868,2025-08-05 04:00:00+05:30,8.0599,156.29735,16.459915,174.35185
869,2025-08-05 05:00:00+05:30,7.562142,91.3639,11.052058,120.32352
870,2025-08-05 06:00:00+05:30,8.885877,173.01904,12.81165,175.97182
871,2025-08-05 07:00:00+05:30,11.9317045,191.30989,15.815435,191.82146
872,2025-08-05 08:00:00+05:30,8.39078,202.71445,10.966713,203.19862
873,2025-08-05 09:00:00+05:30,9.139322,212.12497,11.734564,212.47118
874,2025-08-05 10:00:00+05:30,10.685391,212.61923,13.833091,212.24243
875,2025-08-05 11:00:00+05:30,9.587428,219.6678,11.753876,220.0302
876,2025-08-05 12:00:00+05:30,8.643749,238.62704,10.742848,238.70702
877,2025-08-05 13:00:00+05:30,10.661107,191.68935,13.327294,196.47696
878,2025-08-05 14:00:00+05:30,15.655861,225.46576,23.03789,224.68347
879,2025-08-05 15:00:00+05:30,7.570707,241.60707,10.070353,241.14444
880,2025-08-05 16:00:00+05:30,6.522361,219.40063,10.718693,220.91429
881,2025-08-05 17:00:00+05:30,6.4624763,192.875,13.615902,204.1932
882,2025-08-05 18:00:00+05:30,6.1569467,164.74483,13.32,180.0
883,2025-08-05 19:00:00+05:30,7.040739,175.60138,15.3042345,181.34785
884,2025-08-05 20:00:00+05:30,7.6367526,171.86998,16.280798,185.7105
885,2025-08-05 21:00:00+05:30,8.827344,182.33725,18.790829,189.37202
886,2025-08-05 22:00:00+05:30,8.64,180.0,18.775301,184.39862
887,2025-08-05 23:00:00+05:30,10.120098,185.10208,20.899387,187.92065
888,2025-08-06 00:00:00+05:30,8.777653,195.46127,19.017065,197.06294
889,2025-08-06 01:00:00+05:30,9.499158,207.05052,19.652176,208.44283
890,2025-08-06 02:00:00+05:30,8.775807,205.51382,18.777029,209.2679
891,2025-08-06 03:00:00+05:30,7.0911775,203.9625,16.208998,209.98155
892,2025-08-06 04:00:00+05:30,6.1437774,211.82741,15.338071,215.92859
893,2025-08-06 05:00:00+05:30,7.538541,213.31064,16.502182,219.24542
894,2025-08-06 06:00:00+05:30,14.009968,227.08257,25.076267,230.82635
895,2025-08-06 07:00:00+05:30,13.878688,223.4235,23.292444,225.31306
896,2025-08-06 08:00:00+05:30,13.729647,235.68486,23.315384,235.69646
897,2025-08-06 09:00:00+05:30,12.16832,240.78085,19.652176,241.55717
898,2025-08-06 10:00:00+05:30,13.504799,248.9076,19.82453,249.26122
899,2025-08-06 11:00:00+05:30,11.672275,252.96214,16.59225,254.90837
900,2025-08-06 12:00:00+05:30,13.397612,263.82993,17.893484,264.80566
901,2025-08-06 13:00:00+05:30,14.068817,266.33228,18.733839,267.79745
902,2025-08-06 14:00:00+05:30,12.673074,258.5305,17.050665,259.046
903,2025-08-06 15:00:00+05:30,12.879752,243.43501,17.072504,245.05612
904,2025-08-06 16:00:00+05:30,13.690654,230.8696,21.733088,230.37674
905,2025-08-06 17:00:00+05:30,10.825469,227.02136,19.134262,228.81418
906,2025-08-06 18:00:00+05:30,15.385525,263.956,25.582806,267.58054
907,2025-08-06 19:00:00+05:30,9.0018,268.85425,16.42839,265.60138
908,2025-08-06 20:00:00+05:30,5.983477,223.7812,13.529966,229.31612
909,2025-08-06 21:00:00+05:30,8.39078,215.39488,16.940096,222.84703
910,2025-08-06 22:00:00+05:30,8.936778,214.33028,17.186935,223.72705
911,2025-08-06 23:00:00+05:30,7.0407386,212.47118,15.815435,221.30852
912,2025-08-07 00:00:00+05:30,5.22,223.60289,13.184308,231.09586
913,2025-08-07 01:00:00+05:30,7.2,233.13002,15.299999,241.92761
914,2025-08-07 02:00:00+05:30,6.638072,229.39879,14.447172,239.28117
915,2025-08-07 03:00:00+05:30,7.7650757,224.0609,15.676542,235.76248
916,2025-08-07 04:00:00+05:30,6.3639607,224.9999,13.891522,238.78166
917,2025-08-07 05:00:00+05:30,6.804381,232.52374,14.410121,244.07515
918,2025-08-07 06:00:00+05:30,8.085988,253.17851,15.070633,262.45065
919,2025-08-07 07:00:00+05:30,11.500296,252.69939,16.024044,255.02707
920,2025-08-07 08:00:00+05:30,10.801499,269.04517,14.944336,271.3803
921,2025-08-07 09:00:00+05:30,9.726665,267.87894,13.151091,272.35324
922,2025-08-07 10:00:00+05:30,7.5685663,244.65387,9.693296,248.19853
923,2025-08-07 11:00:00+05:30,7.1321807,222.95459,9.037721,225.80684
924,2025-08-07 12:00:00+05:30,7.570707,208.39293,9.2660675,209.0545
925,2025-08-07 13:00:00+05:30,10.805999,178.0909,13.321216,179.2258
926,2025-08-07 14:00:00+05:30,11.032987,241.76265,15.12964,235.17543
927,2025-08-07 15:00:00+05:30,3.362677,195.52417,5.4149795,195.42223
928,2025-08-07 16:00:00+05:30,8.643749,211.37296,12.348052,210.6772
929,2025-08-07 17:00:00+05:30,8.427383,199.9832,12.641076,199.9832
930,2025-08-07 18:00:00+05:30,4.060985,192.80426,9.906544,204.70241
931,2025-08-07 19:00:00+05:30,4.5,180.0,11.402683,191.84206
932,2025-08-07 20:00:00+05:30,7.79215,186.63242,15.451717,188.03561
933,2025-08-07 21:00:00+05:30,10.075177,161.24126,18.68622,166.63306
934,2025-08-07 22:00:00+05:30,10.587917,162.18102,19.56046,165.06853
935,2025-08-07 23:00:00+05:30,12.996201,143.44743,22.724241,147.94655
936,2025-08-08 00:00:00+05:30,7.748368,177.33705,15.481048,179.33382
937,2025-08-08 01:00:00+05:30,9.847496,161.89615,17.137852,162.89719
938,2025-08-08 02:00:00+05:30,9.734988,176.82024,17.100946,180.60307
939,2025-08-08 03:00:00+05:30,10.03167,170.70677,18.36353,178.87672
940,2025-08-08 04:00:00+05:30,7.555712,167.61925,15.146761,176.59363
941,2025-08-08 05:00:00+05:30,8.297589,167.4712,16.23596,176.186
942,2025-08-08 06:00:00+05:30,12.992459,227.24576,21.010712,226.73567
943,2025-08-08 07:00:00+05:30,9.292255,238.46526,15.629971,241.07367
944,2025-08-08 08:00:00+05:30,9.840914,230.19447,14.904173,232.85323
945,2025-08-08 09:00:00+05:30,14.957339,230.37103,21.618742,230.74417
946,2025-08-08 10:00:00+05:30,16.248924,219.15543,23.761364,220.08337
947,2025-08-08 11:00:00+05:30,15.83693,211.52213,22.66857,212.68054
948,2025-08-08 12:00:00+05:30,13.393983,221.18584,19.25327,221.58896
949,2025-08-08 13:00:00+05:30,12.124306,220.78572,16.309628,222.31616
950,2025-08-08 14:00:00+05:30,14.021525,209.19739,19.448332,210.5999
951,2025-08-08 15:00:00+05:30,13.8037815,192.04256,19.863714,194.1622
952,2025-08-08 16:00:00+05:30,11.542478,183.57626,15.905319,185.19434
953,2025-08-08 17:00:00+05:30,9.028754,184.57384,15.427586,187.37367
954,2025-08-08 18:00:00+05:30,7.8087645,154.02567,16.165964,161.16147
955,2025-08-08 19:00:00+05:30,10.32924,138.5324,20.160803,142.61847
956,2025-08-08 20:00:00+05:30,9.686609,138.01286,18.978693,144.65175
957,2025-08-08 21:00:00+05:30,10.144082,152.52565,19.82453,159.26122
958,2025-08-08 22:00:00+05:30,10.088033,164.47583,20.12944,167.08218
959,2025-08-08 23:00:00+05:30,10.9859,161.86183,20.999144,165.60637
960,2025-08-09 00:00:00+05:30,11.177405,165.06853,21.438143,166.8972
961,2025-08-09 01:00:00+05:30,10.706595,163.39294,21.183483,167.73524
962,2025-08-09 02:00:00+05:30,10.1376915,173.8846,20.172853,177.95464
963,2025-08-09 03:00:00+05:30,11.612441,198.99675,21.762886,200.83345
964,2025-08-09 04:00:00+05:30,10.478722,184.92702,19.67936,188.9453
965,2025-08-09 05:00:00+05:30,10.209348,189.1301,19.211996,192.99461
966,2025-08-09 06:00:00+05:30,12.638512,169.33026,18.921415,168.47632
967,2025-08-09 07:00:00+05:30,14.292725,196.83755,23.281315,198.01479
968,2025-08-09 08:00:00+05:30,15.787753,208.61037,23.358423,208.53989
969,2025-08-09 09:00:00+05:30,12.182955,192.80426,17.811815,194.03627
970,2025-08-09 10:00:00+05:30,17.309973,196.9276,22.947704,196.87152
971,2025-08-09 11:00:00+05:30,16.486465,190.69646,22.204296,191.2188
972,2025-08-09 12:00:00+05:30,16.63126,189.972,21.96,190.38881
973,2025-08-09 13:00:00+05:30,15.3264475,192.89374,20.696085,193.06932
974,2025-08-09 14:00:00+05:30,16.663374,190.58159,22.76911,191.39873
975,2025-08-09 15:00:00+05:30,17.90344,189.84106,24.569832,190.9806
976,2025-08-09 16:00:00+05:30,17.161469,192.72435,25.015467,193.73628
977,2025-08-09 17:00:00+05:30,14.935662,192.5288,25.015467,193.73628
978,2025-08-09 18:00:00+05:30,11.183201,183.69131,20.79448,185.46375
979,2025-08-09 19:00:00+05:30,11.633348,188.00464,21.573734,190.09099
980,2025-08-09 20:00:00+05:30,11.885453,178.26433,22.32653,181.38588
981,2025-08-09 21:00:00+05:30,11.016824,184.6858,21.25601,187.78693
982,2025-08-09 22:00:00+05:30,10.261578,181.00507,20.518421,187.56134
983,2025-08-09 23:00:00+05:30,9.9,180.0,20.275383,186.1154
984,2025-08-10 00:00:00+05:30,11.788281,187.0164,22.027763,191.30989
985,2025-08-10 01:00:00+05:30,11.837651,188.74608,21.964422,192.78345
986,2025-08-10 02:00:00+05:30,11.5115595,189.90411,21.218632,194.7436
987,2025-08-10 03:00:00+05:30,10.742848,188.6731,20.212965,193.91252
988,2025-08-10 04:00:00+05:30,9.007196,182.29056,18.289274,190.20392
989,2025-08-10 05:00:00+05:30,8.287822,177.5105,16.546299,188.13002
990,2025-08-10 06:00:00+05:30,13.324863,181.54813,22.263315,186.03316
991,2025-08-10 07:00:00+05:30,14.98331,196.04001,20.793701,196.08173
992,2025-08-10 08:00:00+05:30,14.138882,201.66602,19.191748,203.19861
993,2025-08-10 09:00:00+05:30,14.275713,203.0089,19.026434,203.41212
994,2025-08-10 10:00:00+05:30,14.33234,205.27768,18.999168,205.8367
995,2025-08-10 11:00:00+05:30,12.24,208.07239,15.94601,208.30066
996,2025-08-10 12:00:00+05:30,12.5807,213.91747,15.825675,213.87085
997,2025-08-10 13:00:00+05:30,12.232057,212.98853,15.476859,213.13562
998,2025-08-10 14:00:00+05:30,15.379206,200.55612,20.326454,202.93213
999,2025-08-10 15:00:00+05:30,10.699028,192.63336,14.6254835,193.52318
1000,2025-08-10 16:00:00+05:30,11.368535,203.31773,17.149193,205.48915
1001,2025-08-10 17:00:00+05:30,11.190442,191.12915,19.296133,194.03627
1002,2025-08-10 18:00:00+05:30,9.114471,189.0902,18.992344,194.82652
1003,2025-08-10 19:00:00+05:30,9.0018,191.53459,18.855375,200.68416
1004,2025-08-10 20:00:00+05:30,10.004178,188.2758,20.870687,194.99513
1005,2025-08-10 21:00:00+05:30,10.2742,183.01273,21.307774,188.74608
1006,2025-08-10 22:00:00+05:30,10.120098,185.10208,21.010712,189.86574
1007,2025-08-10 23:00:00+05:30,9.391102,192.17145,19.93048,196.79845
1008,2025-08-11 00:00:00+05:30,11.45513,188.13002,22.396803,193.47784
1009,2025-08-11 01:00:00+05:30,10.874741,192.42593,21.69056,197.38248
1010,2025-08-11 02:00:00+05:30,9.9977,193.53587,20.66867,199.8553
1011,2025-08-11 03:00:00+05:30,8.297589,192.5288,18.392618,200.0311
1012,2025-08-11 04:00:00+05:30,7.342588,191.30989,16.685717,200.19443
1013,2025-08-11 05:00:00+05:30,8.171683,187.59456,16.67795,198.23949
1014,2025-08-11 06:00:00+05:30,7.0568266,174.14407,15.5687,190.6603
1015,2025-08-11 07:00:00+05:30,11.090103,193.13403,15.017871,193.8697
1016,2025-08-11 08:00:00+05:30,11.571914,195.33334,14.98331,196.04001
1017,2025-08-11 09:00:00+05:30,10.656547,195.67958,13.327294,196.47696
1018,2025-08-11 10:00:00+05:30,9.360001,202.6199,11.605464,203.78204
1019,2025-08-11 11:00:00+05:30,9.227524,200.55612,11.465024,202.13554
1020,2025-08-11 12:00:00+05:30,16.951565,221.98714,22.335236,220.75145
1021,2025-08-11 13:00:00+05:30,5.4833565,246.80138,7.16617,244.7223
1022,2025-08-11 14:00:00+05:30,1.2727921,278.13,1.9881649,264.80566
1023,2025-08-11 15:00:00+05:30,8.936777,198.79999,11.203464,203.6821
1024,2025-08-11 16:00:00+05:30,9.243311,173.29025,12.440851,176.68228
1025,2025-08-11 17:00:00+05:30,7.989243,194.34937,14.059602,198.667
1026,2025-08-11 18:00:00+05:30,8.287822,177.5105,17.146357,184.2141
1027,2025-08-11 19:00:00+05:30,7.3094187,170.07382,16.563911,178.75467
1028,2025-08-11 20:00:00+05:30,7.4672885,164.62369,16.997375,174.53099
1029,2025-08-11 21:00:00+05:30,7.040739,175.60138,16.748707,181.84756
1030,2025-08-11 22:00:00+05:30,7.613382,186.78888,17.82727,191.65027
1031,2025-08-11 23:00:00+05:30,8.209263,195.25517,18.731247,199.65392
1032,2025-08-12 00:00:00+05:30,9.096681,207.07199,19.494091,208.69481
1033,2025-08-12 01:00:00+05:30,8.936778,207.5972,19.448332,210.5999
1034,2025-08-12 02:00:00+05:30,8.311245,197.6502,18.388212,203.05133
1035,2025-08-12 03:00:00+05:30,5.6835546,190.95403,14.978986,200.39496
1036,2025-08-12 04:00:00+05:30,5.5829024,181.84756,13.926464,194.21588
1037,2025-08-12 05:00:00+05:30,6.2145634,169.99208,13.775586,186.75348
1038,2025-08-12 06:00:00+05:30,5.1575575,150.75127,13.200273,185.47728
1039,2025-08-12 07:00:00+05:30,9.568824,196.38962,12.931218,196.16457
1040,2025-08-12 08:00:00+05:30,8.4042845,189.86574,10.837435,191.49654
1041,2025-08-12 09:00:00+05:30,7.748368,182.66295,9.555271,183.23964
1042,2025-08-12 10:00:00+05:30,8.11798,183.814,9.914717,183.12207
1043,2025-08-12 11:00:00+05:30,9.266067,187.8152,11.659777,188.88058
1044,2025-08-12 12:00:00+05:30,8.11798,183.814,10.478722,184.92702
1045,2025-08-12 13:00:00+05:30,6.778141,169.28693,8.759178,170.53775
1046,2025-08-12 14:00:00+05:30,9.255571,166.50426,12.093535,165.3432
1047,2025-08-12 15:00:00+05:30,9.187056,177.7543,12.251905,177.47394
1048,2025-08-12 16:00:00+05:30,13.672893,200.82097,20.20896,199.24197
1049,2025-08-12 17:00:00+05:30,8.759178,189.46225,15.986595,187.76508
1050,2025-08-12 18:00:00+05:30,5.8631387,162.12122,12.9249525,167.125
1051,2025-08-12 19:00:00+05:30,7.072878,165.2564,14.739132,171.57312
1052,2025-08-12 20:00:00+05:30,6.3639607,151.2603,14.545515,167.85574
1053,2025-08-12 21:00:00+05:30,9.215226,167.59259,19.201874,173.54128
1054,2025-08-12 22:00:00+05:30,10.5234585,167.1523,21.158232,170.69801
1055,2025-08-12 23:00:00+05:30,12.7279215,171.86998,23.777721,172.60608
1056,2025-08-13 00:00:00+05:30,11.126562,170.69014,21.410923,172.75558
1057,2025-08-13 01:00:00+05:30,9.6480665,171.41646,19.401628,173.07288
1058,2025-08-13 02:00:00+05:30,8.936777,161.20001,18.430452,167.59259
1059,2025-08-13 03:00:00+05:30,8.131936,152.30061,17.046865,158.31087
1060,2025-08-13 04:00:00+05:30,6.384293,139.574,14.266632,150.5242
1061,2025-08-13 05:00:00+05:30,5.994297,131.34769,13.392774,143.74608
1062,2025-08-13 06:00:00+05:30,7.674842,129.2894,16.363178,140.35587
1063,2025-08-13 07:00:00+05:30,11.345712,131.78442,17.183167,134.57564
1064,2025-08-13 08:00:00+05:30,11.074023,134.34154,15.910412,135.4583
1065,2025-08-13 09:00:00+05:30,12.4811535,123.23173,16.974487,124.195656
1066,2025-08-13 10:00:00+05:30,14.33347,125.28683,19.070658,123.840096
1067,2025-08-13 11:00:00+05:30,11.753876,139.9698,16.08761,139.53786
1068,2025-08-13 12:00:00+05:30,7.9036193,120.0685,10.248941,120.61853
1069,2025-08-13 13:00:00+05:30,10.094454,121.13891,12.594856,120.963684
1070,2025-08-13 14:00:00+05:30,11.521406,118.96757,14.813683,117.499054
1071,2025-08-13 15:00:00+05:30,9.7880945,122.22874,13.397612,120.699646
1072,2025-08-13 16:00:00+05:30,8.790563,132.5104,13.298089,129.50764
1073,2025-08-13 17:00:00+05:30,6.302571,91.63654,11.431063,97.236824
1074,2025-08-13 18:00:00+05:30,9.927779,67.61982,18.22361,73.35488
1075,2025-08-13 19:00:00+05:30,10.259999,90.0,19.807362,91.56219
1076,2025-08-13 20:00:00+05:30,11.542478,93.57626,21.332088,95.32565
1077,2025-08-13 21:00:00+05:30,9.181765,91.12328,17.95043,96.91113
1078,2025-08-13 22:00:00+05:30,8.459999,90.0,17.194475,96.00892
1079,2025-08-13 23:00:00+05:30,9.5416975,88.919106,18.329975,97.33429
1080,2025-08-14 00:00:00+05:30,8.507737,83.92764,16.748707,91.84757
1081,2025-08-14 01:00:00+05:30,9.600937,83.54128,18.374111,92.2457
1082,2025-08-14 02:00:00+05:30,10.03167,99.293236,19.60761,105.439705
1083,2025-08-14 03:00:00+05:30,10.6261,100.738846,19.781174,105.3009
1084,2025-08-14 04:00:00+05:30,9.721666,88.93912,18.775301,94.39862
1085,2025-08-14 05:00:00+05:30,9.54679,92.16103,18.11215,100.30479
1086,2025-08-14 06:00:00+05:30,14.275713,95.06353,21.905342,96.132126
1087,2025-08-14 07:00:00+05:30,13.272482,110.64707,18.22361,110.22495
1088,2025-08-14 08:00:00+05:30,13.874019,134.47443,18.852798,132.67845
1089,2025-08-14 09:00:00+05:30,13.729647,124.31515,18.022486,124.00754
1090,2025-08-14 10:00:00+05:30,14.148046,126.7242,19.118168,127.733116
1091,2025-08-14 11:00:00+05:30,12.961249,127.66569,16.024044,128.15727
1092,2025-08-14 12:00:00+05:30,5.6060677,132.39738,8.027678,132.27364
1093,2025-08-14 13:00:00+05:30,7.613382,96.78888,9.914717,93.12207
1094,2025-08-14 14:00:00+05:30,13.462749,150.35023,17.414474,150.2552
1095,2025-08-14 15:00:00+05:30,12.242646,138.57643,16.443172,138.10611
1096,2025-08-14 16:00:00+05:30,11.466438,137.54485,16.188995,138.15494
1097,2025-08-14 17:00:00+05:30,7.8954163,133.1524,14.383114,135.50697
1098,2025-08-14 18:00:00+05:30,8.490582,111.124794,16.50709,117.96214
1099,2025-08-14 19:00:00+05:30,7.342588,101.3099,15.553083,113.895164
1100,2025-08-14 20:00:00+05:30,6.8541956,103.671326,15.455911,116.26658
1101,2025-08-14 21:00:00+05:30,7.9077177,101.821465,16.615667,112.95412
1102,2025-08-14 22:00:00+05:30,9.080639,103.76081,18.519018,111.07757
1103,2025-08-14 23:00:00+05:30,7.754637,111.801476,16.701244,120.43416
1104,2025-08-15 00:00:00+05:30,7.7879906,123.6901,16.423458,133.66786
1105,2025-08-15 01:00:00+05:30,7.4867883,117.18103,15.629971,128.45374
1106,2025-08-15 02:00:00+05:30,6.9247384,117.89718,14.4,126.86999
1107,2025-08-15 03:00:00+05:30,6.5248446,114.44395,13.891522,121.218346
1108,2025-08-15 04:00:00+05:30,7.538541,123.310646,14.879153,124.65138
1109,2025-08-15 05:00:00+05:30,6.439876,116.56499,13.433838,125.18078
1110,2025-08-15 06:00:00+05:30,8.149847,83.659904,15.683776,99.24603
1111,2025-08-15 07:00:00+05:30,12.284918,140.94687,17.205778,137.9683
1112,2025-08-15 08:00:00+05:30,11.712454,136.24529,15.281989,136.90913
1113,2025-08-15 09:00:00+05:30,11.583108,135.62952,15.146761,135.4814
1114,2025-08-15 10:00:00+05:30,11.282711,146.05637,14.77755,145.92276
1115,2025-08-15 11:00:00+05:30,9.504272,142.69597,11.7,143.13002
1116,2025-08-15 12:00:00+05:30,8.099999,143.13002,10.04458,143.74608
1117,2025-08-15 13:00:00+05:30,7.102591,171.25392,8.863972,167.09259
1118,2025-08-15 14:00:00+05:30,11.457958,136.27295,16.363178,140.35587
1119,2025-08-15 15:00:00+05:30,7.5942082,121.42952,10.484903,124.50858
1120,2025-08-15 16:00:00+05:30,6.206738,163.14153,8.139901,161.96562
1121,2025-08-15 17:00:00+05:30,4.6730714,195.6423,8.171683,187.59456
1122,2025-08-15 18:00:00+05:30,5.634891,153.43501,12.295462,162.09546
1123,2025-08-15 19:00:00+05:30,4.7110505,136.54811,12.081473,151.5259
1124,2025-08-15 20:00:00+05:30,4.5891175,131.82008,12.039833,148.44867
1125,2025-08-15 21:00:00+05:30,6.6624317,141.58191,16.263872,152.30061
1126,2025-08-15 22:00:00+05:30,6.151683,159.44388,15.503006,164.51144
1127,2025-08-15 23:00:00+05:30,4.952453,160.90642,13.100489,167.30042
1128,2025-08-16 00:00:00+05:30,5.297018,170.21767,13.021106,174.44713
1129,2025-08-16 01:00:00+05:30,3.462369,171.02745,10.299397,174.98697
1130,2025-08-16 02:00:00+05:30,1.9881649,84.805664,5.796447,143.84172
1131,2025-08-16 03:00:00+05:30,3.4152596,71.564964,6.489992,109.440125
1132,2025-08-16 04:00:00+05:30,5.771239,86.423744,10.483357,105.945465
1133,2025-08-16 05:00:00+05:30,6.3231,85.101,13.110376,98.68627
1134,2025-08-16 06:00:00+05:30,5.9834766,83.08887,12.108261,95.117226
1135,2025-08-16 07:00:00+05:30,7.0223074,91.46877,9.555271,93.23964
1136,2025-08-16 08:00:00+05:30,9.6228485,97.52373,12.525207,97.43131
1137,2025-08-16 09:00:00+05:30,10.096059,101.3099,13.062098,101.929306
1138,2025-08-16 10:00:00+05:30,11.440978,102.72436,15.017871,103.86971
1139,2025-08-16 11:00:00+05:30,10.534229,109.98319,13.379461,109.653915
1140,2025-08-16 12:00:00+05:30,8.338489,122.660904,10.34178,121.47678
1141,2025-08-16 13:00:00+05:30,8.297589,192.5288,11.230904,186.4415
1142,2025-08-16 14:00:00+05:30,0.8049845,333.43503,0.8049845,333.43503
1143,2025-08-16 15:00:00+05:30,3.6447225,147.09476,4.846648,148.67137
1144,2025-08-16 16:00:00+05:30,9.485504,146.61147,12.783802,147.65259
1145,2025-08-16 17:00:00+05:30,6.2483597,101.63361,10.32924,112.5431
1146,2025-08-16 18:00:00+05:30,4.8899083,83.659904,12.421304,89.1697
1147,2025-08-16 19:00:00+05:30,3.8141315,109.290146,9.292255,121.534744
1148,2025-08-16 20:00:00+05:30,4.293669,123.02387,10.185519,136.43204
1149,2025-08-16 21:00:00+05:30,3.2048087,128.15727,8.490582,147.99466
1150,2025-08-16 22:00:00+05:30,3.84796,100.784256,8.863972,119.16752
1151,2025-08-16 23:00:00+05:30,4.0449967,122.27562,9.82114,131.2846
1152,2025-08-17 00:00:00+05:30,4.1125174,156.80139,10.739833,166.42955
1153,2025-08-17 01:00:00+05:30,4.143911,145.6196,10.98,169.61119
1154,2025-08-17 02:00:00+05:30,4.846648,148.67137,12.189602,163.70589
1155,2025-08-17 03:00:00+05:30,2.7475805,121.60746,7.6579366,150.42226
1156,2025-08-17 04:00:00+05:30,4.327493,106.9276,9.361731,127.971664
1157,2025-08-17 05:00:00+05:30,6.0908127,108.970505,12.972494,119.05451
1158,2025-08-17 06:00:00+05:30,6.6794305,75.96373,12.781267,89.19309
1159,2025-08-17 07:00:00+05:30,8.967541,100.40766,12.108261,101.14285
1160,2025-08-17 08:00:00+05:30,12.503199,120.256355,16.85669,120.12423
1161,2025-08-17 09:00:00+05:30,12.236029,116.18805,16.663372,116.2882
1162,2025-08-17 10:00:00+05:30,12.57426,113.62939,16.357237,114.02651
1163,2025-08-17 11:00:00+05:30,12.10157,112.751015,15.079229,113.198616
1164,2025-08-17 12:00:00+05:30,12.487641,105.03787,15.804164,104.5111
1165,2025-08-17 13:00:00+05:30,14.935662,139.39879,20.65848,138.5324
1166,2025-08-17 14:00:00+05:30,9.5535755,137.29063,12.855831,135.5672
1167,2025-08-17 15:00:00+05:30,12.241323,126.027466,16.489416,126.11943
1168,2025-08-17 16:00:00+05:30,12.108261,138.01286,18.491003,138.55183
1169,2025-08-17 17:00:00+05:30,8.225035,113.198616,15.137133,115.34614
1170,2025-08-17 18:00:00+05:30,11.983188,122.73522,22.465412,123.562775
1171,2025-08-17 19:00:00+05:30,9.659814,116.56499,19.759048,120.0685
1172,2025-08-17 20:00:00+05:30,10.234705,113.86018,20.212965,118.16244
1173,2025-08-17 21:00:00+05:30,12.397806,115.820946,22.798264,118.79088
1174,2025-08-17 22:00:00+05:30,11.903159,110.35332,22.140732,115.523384
1175,2025-08-17 23:00:00+05:30,11.132385,104.03627,21.177366,109.359085
1176,2025-08-18 00:00:00+05:30,9.801326,97.38595,19.078302,103.64294
1177,2025-08-18 01:00:00+05:30,9.726665,92.12105,18.94024,98.74608
1178,2025-08-18 02:00:00+05:30,11.609651,97.12492,21.463066,101.12142
1179,2025-08-18 03:00:00+05:30,12.825552,94.83033,22.885498,97.68389
1180,2025-08-18 04:00:00+05:30,12.800265,93.22446,22.640678,96.3904
1181,2025-08-18 05:00:00+05:30,11.792404,102.33907,20.999144,104.39364
1182,2025-08-18 06:00:00+05:30,15.496736,92.66295,23.25416,93.105965
1183,2025-08-18 07:00:00+05:30,14.332341,101.59215,20.345573,103.298584
1184,2025-08-18 08:00:00+05:30,16.069473,94.49707,22.96182,95.39766
1185,2025-08-18 09:00:00+05:30,20.37899,114.52771,28.512817,114.62355
1186,2025-08-18 10:00:00+05:30,18.847641,118.52302,25.298166,118.93572
1187,2025-08-18 11:00:00+05:30,17.886242,110.62361,23.237434,110.40029
1188,2025-08-18 12:00:00+05:30,20.251398,120.439644,26.640608,120.8973
1189,2025-08-18 13:00:00+05:30,18.431332,121.82741,26.273218,121.838905
1190,2025-08-18 14:00:00+05:30,19.656296,127.18479,27.037172,126.33595
1191,2025-08-18 15:00:00+05:30,17.965767,127.67366,25.780247,127.910126
1192,2025-08-18 16:00:00+05:30,19.06046,129.25133,28.449112,128.32016
1193,2025-08-18 17:00:00+05:30,14.20062,120.46546,23.773632,122.00535
1194,2025-08-18 18:00:00+05:30,11.246759,129.80553,20.75627,133.24304
1195,2025-08-18 19:00:00+05:30,12.616702,137.89134,23.334139,138.43997
1196,2025-08-18 20:00:00+05:30,12.601285,135.57864,23.32025,137.81563
1197,2025-08-18 21:00:00+05:30,13.060857,119.74478,23.621185,122.23676
1198,2025-08-18 22:00:00+05:30,12.783802,122.34742,23.315384,124.30354
1199,2025-08-18 23:00:00+05:30,11.442394,109.290146,21.183483,114.60511
1200,2025-08-19 00:00:00+05:30,11.844492,106.78272,21.517344,109.04133
1201,2025-08-19 01:00:00+05:30,12.841963,121.23916,22.629229,121.66717
1202,2025-08-19 02:00:00+05:30,12.904882,112.98875,22.945587,115.55992
1203,2025-08-19 03:00:00+05:30,13.3649235,115.529655,23.516708,118.33036
1204,2025-08-19 04:00:00+05:30,13.523978,116.90602,23.801554,120.4435
1205,2025-08-19 05:00:00+05:30,12.739371,113.30492,22.378714,116.77108
1206,2025-08-19 06:00:00+05:30,17.95043,96.91113,28.054604,98.85788
1207,2025-08-19 07:00:00+05:30,21.026125,111.0728,29.982836,111.48211
1208,2025-08-19 08:00:00+05:30,21.578989,117.84749,30.675083,117.61752
1209,2025-08-19 09:00:00+05:30,20.01969,123.261444,26.810938,122.943245
1210,2025-08-19 10:00:00+05:30,19.90852,127.28441,27.108381,127.17434
1211,2025-08-19 11:00:00+05:30,19.857191,134.26556,28.510544,135.0001
1212,2025-08-19 12:00:00+05:30,18.037762,126.0695,24.126043,125.58746
1213,2025-08-19 13:00:00+05:30,22.860708,142.6789,31.542658,141.95291
1214,2025-08-19 14:00:00+05:30,19.881649,148.32457,29.48101,148.73633
1215,2025-08-19 15:00:00+05:30,19.239801,153.91446,28.820242,154.07515
1216,2025-08-19 16:00:00+05:30,17.987394,161.92758,27.4929,161.68358
1217,2025-08-19 17:00:00+05:30,15.96327,150.2552,26.189846,150.7925
1218,2025-08-19 18:00:00+05:30,12.768586,130.426,22.932877,132.45515
1219,2025-08-19 19:00:00+05:30,16.423458,133.66786,28.64037,135.76381
1220,2025-08-19 20:00:00+05:30,15.530151,135.9391,27.400824,137.92894
1221,2025-08-19 21:00:00+05:30,14.133152,136.54811,25.283434,139.62
1222,2025-08-19 22:00:00+05:30,13.239486,133.89838,24.20448,137.41107
1223,2025-08-19 23:00:00+05:30,11.457958,136.27295,21.555704,138.72415
1224,2025-08-20 00:00:00+05:30,12.124306,130.78574,22.148046,134.34154
1225,2025-08-20 01:00:00+05:30,12.261157,130.23628,22.277134,134.01797
1226,2025-08-20 02:00:00+05:30,10.8792095,128.95592,19.986485,133.9054
1227,2025-08-20 03:00:00+05:30,13.577776,128.54121,23.350794,130.93654
1228,2025-08-20 04:00:00+05:30,12.88981,125.90981,22.545315,128.51695
1229,2025-08-20 05:00:00+05:30,15.159589,132.594,25.074327,135.29082
1230,2025-08-20 06:00:00+05:30,14.383114,134.49303,22.277134,134.01797
1231,2025-08-20 07:00:00+05:30,14.51876,137.00955,20.88,136.39711
1232,2025-08-20 08:00:00+05:30,16.485485,148.39255,22.877,148.1858
1233,2025-08-20 09:00:00+05:30,17.22742,153.97047,23.908173,153.62793
1234,2025-08-20 10:00:00+05:30,17.081041,151.00414,22.97381,150.42226
1235,2025-08-20 11:00:00+05:30,16.434305,151.1893,23.444956,151.07367
1236,2025-08-20 12:00:00+05:30,16.192997,155.71419,23.358425,155.4099
1237,2025-08-20 13:00:00+05:30,15.198012,161.35037,22.034382,162.89719
1238,2025-08-20 14:00:00+05:30,18.745079,168.3664,25.875586,168.76828
1239,2025-08-20 15:00:00+05:30,15.111424,167.61925,22.101183,167.77489
1240,2025-08-20 16:00:00+05:30,14.401124,161.79143,22.603443,162.86365
1241,2025-08-20 17:00:00+05:30,15.629971,165.32356,26.84958,166.42955
1242,2025-08-20 18:00:00+05:30,11.843124,133.1524,21.510565,135.339
1243,2025-08-20 19:00:00+05:30,13.044722,140.59937,23.080746,141.9682
1244,2025-08-20 20:00:00+05:30,13.752047,142.98003,24.113283,145.95403
1245,2025-08-20 21:00:00+05:30,11.144021,148.8776,20.288164,152.52565
1246,2025-08-20 22:00:00+05:30,11.4862,147.80429,20.542881,151.1893
1247,2025-08-20 23:00:00+05:30,10.223619,153.88615,18.818396,158.09677
1248,2025-08-21 00:00:00+05:30,9.361731,142.02834,16.886456,148.51259
1249,2025-08-21 01:00:00+05:30,6.162207,173.29025,10.981475,180.93916
1250,2025-08-21 02:00:00+05:30,6.4924874,133.87679,12.535549,158.96242
1251,2025-08-21 03:00:00+05:30,7.256032,113.38525,10.837435,138.36655
1252,2025-08-21 04:00:00+05:30,6.2483597,78.366394,8.107996,92.544754
1253,2025-08-21 05:00:00+05:30,6.2145634,100.00792,10.873251,109.3349
1254,2025-08-21 06:00:00+05:30,9.195868,176.6336,14.787414,183.48926
1255,2025-08-21 07:00:00+05:30,14.77755,177.20735,22.558245,175.8819
1256,2025-08-21 08:00:00+05:30,11.375658,184.53769,15.027575,186.18852
1257,2025-08-21 09:00:00+05:30,6.8138976,192.20045,8.383054,194.93147
1258,2025-08-21 10:00:00+05:30,11.35285,182.72626,14.769874,182.0952
1259,2025-08-21 11:00:00+05:30,16.24394,192.80426,22.734219,190.95403
1260,2025-08-21 12:00:00+05:30,9.9587345,186.22574,15.5687,190.6603
1261,2025-08-21 13:00:00+05:30,11.165805,200.77234,14.874796,201.28648
1262,2025-08-21 14:00:00+05:30,6.778141,190.71307,10.132897,192.308
1263,2025-08-21 15:00:00+05:30,13.596852,173.15732,20.615303,174.48862
1264,2025-08-21 16:00:00+05:30,6.6405115,212.82854,12.996201,216.55257
1265,2025-08-21 17:00:00+05:30,5.9427266,181.73567,10.449306,190.92276
1266,2025-08-21 18:00:00+05:30,9.102021,204.5377,17.816362,209.67299
1267,2025-08-21 19:00:00+05:30,9.693296,201.80147,18.709612,210.01828
1268,2025-08-21 20:00:00+05:30,6.1858225,188.3658,15.070633,209.32037
1269,2025-08-21 21:00:00+05:30,4.846648,148.67137,10.51576,186.88162
1270,2025-08-21 22:00:00+05:30,8.942214,130.10085,16.12583,146.84207
1271,2025-08-21 23:00:00+05:30,7.3997297,94.18484,9.9,126.86999
1272,2025-08-22 00:00:00+05:30,8.626865,66.64442,14.589996,87.87895
1273,2025-08-22 01:00:00+05:30,10.3480425,76.93068,20.11656,83.32021
1274,2025-08-22 02:00:00+05:30,7.4520864,142.85323,13.33094,145.45157
1275,2025-08-22 03:00:00+05:30,10.805998,119.98155,18.434847,125.862946
1276,2025-08-22 04:00:00+05:30,12.172312,141.6048,22.17144,147.60017
1277,2025-08-22 05:00:00+05:30,13.089354,148.49579,22.553934,155.48038
1278,2025-08-22 06:00:00+05:30,13.202726,191.0035,21.697279,193.92099
1279,2025-08-22 07:00:00+05:30,17.311846,205.23279,26.727423,207.25525
1280,2025-08-22 08:00:00+05:30,16.344357,216.4914,24.192429,216.52895
1281,2025-08-22 09:00:00+05:30,16.029099,204.55043,22.303299,205.32414
1282,2025-08-22 10:00:00+05:30,16.666288,207.67198,22.224714,208.0178
1283,2025-08-22 11:00:00+05:30,12.979984,199.44012,18.183563,201.4855
1284,2025-08-22 12:00:00+05:30,11.362834,183.63287,15.137133,182.72626
1285,2025-08-22 13:00:00+05:30,11.612441,198.99675,15.256526,199.29015
1286,2025-08-22 14:00:00+05:30,11.481968,189.01924,15.151039,189.57416
1287,2025-08-22 15:00:00+05:30,15.606114,187.28886,22.758436,188.64272
1288,2025-08-22 16:00:00+05:30,11.481968,193.60056,16.380987,192.05077
1289,2025-08-22 17:00:00+05:30,9.3669195,177.79745,14.761098,180.69868
1290,2025-08-22 18:00:00+05:30,10.966713,203.19862,20.054457,208.40515
1291,2025-08-22 19:00:00+05:30,9.346143,195.6423,18.057508,203.49858
1292,2025-08-22 20:00:00+05:30,7.9465466,193.0919,16.746773,205.4633
1293,2025-08-22 21:00:00+05:30,8.656858,183.57626,17.337091,192.59332
1294,2025-08-22 22:00:00+05:30,9.582359,185.38922,18.430452,192.40741
1295,2025-08-22 23:00:00+05:30,9.721666,178.93912,18.98552,185.44025
1296,2025-08-23 00:00:00+05:30,8.836514,176.49654,17.534992,185.30084
1297,2025-08-23 01:00:00+05:30,8.865799,185.82625,16.940096,194.7746
1298,2025-08-23 02:00:00+05:30,5.8852015,156.57129,12.287555,174.95764
1299,2025-08-23 03:00:00+05:30,4.978554,139.39879,11.511559,153.03436
1300,2025-08-23 04:00:00+05:30,7.029225,140.19447,13.432632,147.5877
1301,2025-08-23 05:00:00+05:30,7.193247,121.701385,13.184308,128.90414
1302,2025-08-23 06:00:00+05:30,9.044888,174.2895,13.684735,178.4926
1303,2025-08-23 07:00:00+05:30,10.801499,180.95482,16.404707,183.1449
1304,2025-08-23 08:00:00+05:30,13.733186,190.57347,19.839235,191.5138
1305,2025-08-23 09:00:00+05:30,12.337553,203.19861,17.468348,206.30095
1306,2025-08-23 10:00:00+05:30,7.9077177,191.82146,10.609316,194.7436
1307,2025-08-23 11:00:00+05:30,10.105681,184.08554,12.6462,184.899
1308,2025-08-23 12:00:00+05:30,14.941085,180.69026,20.34,180.0
1309,2025-08-23 13:00:00+05:30,13.321216,179.2258,18.000898,179.42708
1310,2025-08-23 14:00:00+05:30,14.221139,179.2748,20.35274,182.02728
1311,2025-08-23 15:00:00+05:30,13.86,180.0,19.263363,181.0708
1312,2025-08-23 16:00:00+05:30,16.120808,196.20909,23.34455,197.03786
1313,2025-08-23 17:00:00+05:30,13.151091,182.35324,21.69056,185.23738
1314,2025-08-23 18:00:00+05:30,12.015589,188.61557,22.396803,193.47784
1315,2025-08-23 19:00:00+05:30,10.931203,197.24155,21.231607,198.28143
1316,2025-08-23 20:00:00+05:30,8.731392,188.29706,18.519016,195.79247
1317,2025-08-23 21:00:00+05:30,9.3669195,182.20255,19.239801,190.78426
1318,2025-08-23 22:00:00+05:30,10.081606,181.02301,19.80409,191.0035
1319,2025-08-23 23:00:00+05:30,10.805999,178.0909,20.652988,186.50552
1320,2025-08-24 00:00:00+05:30,10.2742,183.01273,20.093191,189.79979
1321,2025-08-24 01:00:00+05:30,8.101999,178.727,16.344355,191.43364
1322,2025-08-24 02:00:00+05:30,7.172949,162.47433,14.967083,183.44731
1323,2025-08-24 03:00:00+05:30,10.399576,156.54095,19.60761,164.56029
1324,2025-08-24 04:00:00+05:30,12.3165245,153.06055,21.806759,160.21883
1325,2025-08-24 05:00:00+05:30,9.984729,152.04913,18.671474,160.86626
1326,2025-08-24 06:00:00+05:30,12.534257,192.43954,18.728653,193.90271
1327,2025-08-24 07:00:00+05:30,16.42839,184.39862,22.245117,185.5721
1328,2025-08-24 08:00:00+05:30,17.258425,196.3559,23.569693,197.328
1329,2025-08-24 09:00:00+05:30,17.82727,196.42226,24.826952,196.85847
1330,2025-08-24 10:00:00+05:30,14.087228,190.3048,18.498886,190.65385
1331,2025-08-24 11:00:00+05:30,17.160524,195.20247,23.17251,197.16826
1332,2025-08-24 12:00:00+05:30,19.222954,186.99184,24.788424,185.8347
1333,2025-08-24 13:00:00+05:30,15.941944,186.48297,22.282953,186.49342
1334,2025-08-24 14:00:00+05:30,18.275984,197.18579,25.448841,197.28159
1335,2025-08-24 15:00:00+05:30,16.499237,186.89233,23.242315,187.56523
1336,2025-08-24 16:00:00+05:30,15.905319,174.80566,24.380533,175.34183
1337,2025-08-24 17:00:00+05:30,13.151091,177.64676,22.682856,180.90936
1338,2025-08-24 18:00:00+05:30,6.638072,167.4712,15.172407,175.23645
1339,2025-08-24 19:00:00+05:30,6.206738,163.14153,15.697197,176.05489
1340,2025-08-24 20:00:00+05:30,5.223103,178.02512,14.830076,185.5721
1341,2025-08-24 21:00:00+05:30,5.9834766,173.08887,15.531195,184.65326
1342,2025-08-24 22:00:00+05:30,7.0015144,162.03076,16.75064,171.34753
1343,2025-08-24 23:00:00+05:30,6.452441,149.8587,15.256526,160.70985
1344,2025-08-25 00:00:00+05:30,6.2379804,136.16905,14.230248,145.30478
1345,2025-08-25 01:00:00+05:30,5.7176566,118.1785,13.647988,131.25691
1346,2025-08-25 02:00:00+05:30,6.3690495,132.70937,14.64209,136.49428
1347,2025-08-25 03:00:00+05:30,6.544677,121.50421,14.529915,131.98714
1348,2025-08-25 04:00:00+05:30,6.696387,126.25393,15.15104,133.55594
1349,2025-08-25 05:00:00+05:30,6.452441,112.98875,14.481893,122.307304
1350,2025-08-25 06:00:00+05:30,8.766573,109.17911,12.5032,112.873695
1351,2025-08-25 07:00:00+05:30,6.830519,108.43504,9.278297,108.08354
1352,2025-08-25 08:00:00+05:30,7.4520864,127.14677,9.648067,126.656204
1353,2025-08-25 09:00:00+05:30,8.461915,128.08882,10.908951,127.6263
1354,2025-08-25 10:00:00+05:30,11.43248,123.43989,14.57889,122.90524
1355,2025-08-25 11:00:00+05:30,10.464797,139.18501,13.14,138.888
1356,2025-08-25 12:00:00+05:30,8.187527,146.65927,10.036512,147.45001
1357,2025-08-25 13:00:00+05:30,6.9247384,152.10283,8.461914,150.70874
1358,2025-08-25 14:00:00+05:30,7.1684303,151.50446,8.777654,151.85849
1359,2025-08-25 15:00:00+05:30,11.328566,135.64366,14.396625,137.53362
1360,2025-08-25 16:00:00+05:30,7.342588,168.69011,10.484902,168.11136
1361,2025-08-25 17:00:00+05:30,4.514377,94.57384,6.601363,101.003494
1362,2025-08-25 18:00:00+05:30,1.8089776,174.2895,6.6087217,150.64235
1363,2025-08-25 19:00:00+05:30,3.2599385,173.6599,8.863972,156.0375
1364,2025-08-25 20:00:00+05:30,3.9477081,136.8476,9.044888,148.84076
1365,2025-08-25 21:00:00+05:30,5.1575575,119.24873,11.200571,135.0001
1366,2025-08-25 22:00:00+05:30,6.7565966,131.76021,15.444377,143.53067
1367,2025-08-25 23:00:00+05:30,5.6060677,132.39738,14.292725,143.70728
1368,2025-08-26 00:00:00+05:30,5.22,136.39711,14.128566,145.90497
1369,2025-08-26 01:00:00+05:30,4.7521367,114.62355,12.992459,132.75424
1370,2025-08-26 02:00:00+05:30,4.952453,109.09359,13.18308,124.992096
1371,2025-08-26 03:00:00+05:30,5.0142193,111.03758,13.432632,122.412285
1372,2025-08-26 04:00:00+05:30,5.0816135,112.93214,13.33094,124.54843
1373,2025-08-26 05:00:00+05:30,5.5829024,91.84757,12.768586,111.501495
1374,2025-08-26 06:00:00+05:30,6.482499,88.4089,14.068816,106.34825
1375,2025-08-26 07:00:00+05:30,8.155807,112.036285,11.368535,113.317726
1376,2025-08-26 08:00:00+05:30,9.178235,115.55992,12.236029,116.18805
1377,2025-08-26 09:00:00+05:30,11.19189,117.80137,14.654254,117.824005
1378,2025-08-26 10:00:00+05:30,11.91812,115.01687,15.702356,115.09622
1379,2025-08-26 11:00:00+05:30,10.429132,111.25058,13.272482,110.64707
1380,2025-08-26 12:00:00+05:30,9.044888,121.15924,11.144021,121.122406
1381,2025-08-26 13:00:00+05:30,8.4963045,126.384445,10.337078,125.07384
1382,2025-08-26 14:00:00+05:30,8.36758,108.8248,10.730778,112.69383
1383,2025-08-26 15:00:00+05:30,14.539945,148.67137,20.035059,148.5949
1384,2025-08-26 16:00:00+05:30,8.155807,157.96371,11.465024,157.86446
1385,2025-08-26 17:00:00+05:30,5.48631,138.99101,11.480557,138.81418
1386,2025-08-26 18:00:00+05:30,6.050785,120.37905,14.477417,128.43733
1387,2025-08-26 19:00:00+05:30,7.748368,120.73541,17.389341,126.15828
1388,2025-08-26 20:00:00+05:30,7.731623,114.775116,17.574675,122.87627
1389,2025-08-26 21:00:00+05:30,8.338489,122.660904,18.138071,130.16951
1390,2025-08-26 22:00:00+05:30,6.384293,130.426,15.426535,138.31104
1391,2025-08-26 23:00:00+05:30,5.3699164,103.57046,13.397612,120.699646
1392,2025-08-27 00:00:00+05:30,6.5520988,110.924576,14.8257065,119.05451
1393,2025-08-27 01:00:00+05:30,7.8625183,105.945465,16.478603,111.801476
1394,2025-08-27 02:00:00+05:30,7.256032,97.12492,15.677576,102.60016
1395,2025-08-27 03:00:00+05:30,8.865799,95.82625,18.040453,102.09474
1396,2025-08-27 04:00:00+05:30,8.64,90.0,17.414476,97.12492
1397,2025-08-27 05:00:00+05:30,9.187056,92.2457,18.175545,97.96952
1398,2025-08-27 06:00:00+05:30,13.31635,99.33492,20.688257,100.52773
1399,2025-08-27 07:00:00+05:30,14.545515,102.144264,20.83184,102.475105
1400,2025-08-27 08:00:00+05:30,15.426537,109.06929,21.23771,109.817245
1401,2025-08-27 09:00:00+05:30,15.388685,114.166626,21.109173,114.16091
1402,2025-08-27 10:00:00+05:30,17.287498,121.372955,23.491896,120.8884
1403,2025-08-27 11:00:00+05:30,18.581894,128.31313,25.275103,127.767685
1404,2025-08-27 12:00:00+05:30,16.685719,132.8142,21.915691,132.33694
1405,2025-08-27 13:00:00+05:30,14.20062,120.46546,19.72869,121.949936
1406,2025-08-27 14:00:00+05:30,13.666967,130.19199,19.03665,130.01361
1407,2025-08-27 15:00:00+05:30,15.275627,134.04526,21.519598,133.30539
1408,2025-08-27 16:00:00+05:30,16.833609,155.35324,25.697166,155.58928
1409,2025-08-27 17:00:00+05:30,11.881363,179.13197,21.066921,178.53123
1410,2025-08-27 18:00:00+05:30,13.154786,163.30067,23.538742,164.47583
1411,2025-08-27 19:00:00+05:30,11.157097,162.1496,21.240763,163.25417
1412,2025-08-27 20:00:00+05:30,10.703569,160.34608,20.327251,163.0091
1413,2025-08-27 21:00:00+05:30,11.7827835,161.28816,21.566975,165.4998
1414,2025-08-27 22:00:00+05:30,10.096059,168.69011,19.44833,172.01997
1415,2025-08-27 23:00:00+05:30,8.626865,156.64442,18.051228,163.19122
1416,2025-08-28 00:00:00+05:30,8.067936,141.34016,17.012617,150.18002
1417,2025-08-28 01:00:00+05:30,8.320986,128.85338,17.220835,138.81416
1418,2025-08-28 02:00:00+05:30,8.936778,124.33028,18.102308,131.77539
1419,2025-08-28 03:00:00+05:30,9.693296,121.328636,19.48162,128.24648
1420,2025-08-28 04:00:00+05:30,11.08572,122.399826,21.758419,128.95592
1421,2025-08-28 05:00:00+05:30,11.345712,131.78442,21.774048,136.6748
1422,2025-08-28 06:00:00+05:30,11.964246,135.0001,19.119015,138.05296
1423,2025-08-28 07:00:00+05:30,16.365158,150.33337,23.06319,150.03334
1424,2025-08-28 08:00:00+05:30,15.472672,150.75127,20.787468,150.99368
1425,2025-08-28 09:00:00+05:30,16.38,157.3801,22.127556,158.02544
1426,2025-08-28 10:00:00+05:30,16.466803,164.14056,21.362442,163.85559
1427,2025-08-28 11:00:00+05:30,16.327497,165.96373,21.829777,166.65126
1428,2025-08-28 12:00:00+05:30,12.972494,150.9455,16.59225,151.48885
1429,2025-08-28 13:00:00+05:30,15.299999,171.20267,20.865253,169.56258
1430,2025-08-28 14:00:00+05:30,12.620554,176.72958,16.415567,176.2278
1431,2025-08-28 15:00:00+05:30,11.304229,170.83772,16.85669,173.25452
1432,2025-08-28 16:00:00+05:30,10.783487,165.4998,15.236338,165.63538
1433,2025-08-28 17:00:00+05:30,15.602999,163.23737,25.639734,164.10979
1434,2025-08-28 18:00:00+05:30,10.873251,160.6651,21.293324,162.79036
1435,2025-08-28 19:00:00+05:30,11.7662735,150.6901,23.348019,154.42276
1436,2025-08-28 20:00:00+05:30,10.495713,149.03632,21.171244,153.21716
1437,2025-08-28 21:00:00+05:30,10.44,133.60289,20.696087,139.93929
1438,2025-08-28 22:00:00+05:30,12.007498,139.86458,22.644258,143.40327
1439,2025-08-28 23:00:00+05:30,10.337078,144.92616,20.282574,148.42586
1440,2025-08-29 00:00:00+05:30,9.741642,152.48808,19.42833,156.52258
1441,2025-08-29 01:00:00+05:30,10.304115,160.61539,19.706507,163.55132
1442,2025-08-29 02:00:00+05:30,10.24578,161.56496,19.863714,165.8378
1443,2025-08-29 03:00:00+05:30,8.709098,161.93944,17.552536,166.96133
1444,2025-08-29 04:00:00+05:30,7.538541,146.68936,16.029099,155.44957
1445,2025-08-29 05:00:00+05:30,8.099999,143.13002,16.994516,151.53494
1446,2025-08-29 06:00:00+05:30,9.080639,140.6307,16.59225,151.48885
1447,2025-08-29 07:00:00+05:30,11.1090765,153.01985,15.133923,153.13026
1448,2025-08-29 08:00:00+05:30,10.950452,154.69865,13.767352,154.44008
1449,2025-08-29 09:00:00+05:30,12.503199,149.74365,16.1198,150.57263
1450,2025-08-29 10:00:00+05:30,15.287288,167.7639,20.688257,169.47227
1451,2025-08-29 11:00:00+05:30,11.767651,173.85347,15.890034,175.45204
1452,2025-08-29 12:00:00+05:30,15.941944,186.48297,20.81239,185.95703
1453,2025-08-29 13:00:00+05:30,9.266067,172.1848,12.576836,170.94218
1454,2025-08-29 14:00:00+05:30,18.014393,177.70944,24.332644,177.03183
1455,2025-08-29 15:00:00+05:30,6.015878,141.07245,9.139322,147.87503
1456,2025-08-29 16:00:00+05:30,5.293959,125.311295,10.587918,144.6887
1457,2025-08-29 17:00:00+05:30,10.6261,153.86906,17.54977,158.96242
1458,2025-08-29 18:00:00+05:30,9.449572,162.25523,18.64369,169.99208
1459,2025-08-29 19:00:00+05:30,8.891344,158.62932,18.204933,165.68892
1460,2025-08-29 20:00:00+05:30,10.548061,154.74687,20.66867,160.1447
1461,2025-08-29 21:00:00+05:30,8.427383,160.0168,18.396141,163.51547
1462,2025-08-29 22:00:00+05:30,6.8423676,144.63745,15.787753,151.38963
1463,2025-08-29 23:00:00+05:30,6.544677,148.49579,15.215058,154.04129
1464,2025-08-30 00:00:00+05:30,5.257109,141.95291,13.443481,153.77809
1465,2025-08-30 01:00:00+05:30,6.522361,140.59937,14.168641,152.78398
1466,2025-08-30 02:00:00+05:30,7.653705,138.81418,16.053335,149.6974
1467,2025-08-30 03:00:00+05:30,5.8603754,132.5104,13.878689,146.10379
1468,2025-08-30 04:00:00+05:30,5.8104043,106.18928,12.678185,128.65984
1469,2025-08-30 05:00:00+05:30,6.4323244,107.92801,13.243156,121.097244
1470,2025-08-30 06:00:00+05:30,6.792466,122.00535,14.275713,138.06657
1471,2025-08-30 07:00:00+05:30,7.0107627,131.87779,9.92778,135.0001
1472,2025-08-30 08:00:00+05:30,7.388775,124.07724,9.290511,125.537766
1473,2025-08-30 09:00:00+05:30,7.3469996,149.03632,9.044888,148.84076
1474,2025-08-30 10:00:00+05:30,7.3997297,138.94528,9.059205,139.02835
1475,2025-08-30 11:00:00+05:30,8.39078,144.60512,10.337078,144.92616
1476,2025-08-30 12:00:00+05:30,11.609651,172.87508,16.454008,169.91946
1477,2025-08-30 13:00:00+05:30,10.759423,197.52565,14.810401,196.23242
1478,2025-08-30 14:00:00+05:30,9.459852,201.19412,13.040997,200.18588
1479,2025-08-30 15:00:00+05:30,6.542201,187.90707,8.707238,187.12492
1480,2025-08-30 16:00:00+05:30,11.542478,183.57626,16.575644,182.4895
1481,2025-08-30 17:00:00+05:30,8.187527,146.65927,13.864674,150.43974
1482,2025-08-30 18:00:00+05:30,6.384293,139.574,14.652045,142.98924
1483,2025-08-30 19:00:00+05:30,4.0449967,122.27562,11.385622,140.77434
1484,2025-08-30 20:00:00+05:30,5.315336,118.30067,12.678185,141.34016
1485,2025-08-30 21:00:00+05:30,7.4672885,105.376305,15.435983,121.65123
1486,2025-08-30 22:00:00+05:30,6.0077944,98.61557,14.138882,111.66602
1487,2025-08-30 23:00:00+05:30,4.0449967,122.27562,11.238113,121.908066
1488,2025-08-31 00:00:00+05:30,3.8521678,142.59457,10.601679,139.82083
1489,2025-08-31 01:00:00+05:30,1.8792552,106.699326,7.386582,133.02507
1490,2025-08-31 02:00:00+05:30,2.36753,81.25392,6.12,118.072395
1491,2025-08-31 03:00:00+05:30,4.0449963,110.854546,9.835975,124.56259
1492,2025-08-31 04:00:00+05:30,2.657668,118.30067,8.435069,140.19447
1493,2025-08-31 05:00:00+05:30,2.7943513,104.93147,6.8777895,137.12111
1494,2025-08-31 06:00:00+05:30,1.4512063,172.87508,6.341009,173.4803
1495,2025-08-31 07:00:00+05:30,2.6999998,180.0,3.7842832,182.72626
1496,2025-08-31 08:00:00+05:30,2.5772078,192.09474,3.143565,193.24052
1497,2025-08-31 09:00:00+05:30,1.6299692,96.340096,1.9881649,95.19434
1498,2025-08-31 10:00:00+05:30,3.7585104,106.699326,4.6730714,105.64231
1499,2025-08-31 11:00:00+05:30,6.037383,116.56499,7.24486,116.56499
1500,2025-08-31 12:00:00+05:30,4.6452556,125.537766,5.692099,124.69522
1501,2025-08-31 13:00:00+05:30,4.6938257,122.471176,5.402999,119.98155
1502,2025-08-31 14:00:00+05:30,4.4565907,133.36346,5.2323985,130.81499
1503,2025-08-31 15:00:00+05:30,4.3536186,119.74479,5.072041,117.47435
1504,2025-08-31 16:00:00+05:30,4.724786,107.74477,6.0347,107.35411
1505,2025-08-31 17:00:00+05:30,3.7585104,106.699326,8.775807,115.513824
1506,2025-08-31 18:00:00+05:30,3.4949677,101.88863,7.8149853,118.92633
1507,2025-08-31 19:00:00+05:30,3.2846913,99.46225,6.792466,122.00535
1508,2025-08-31 20:00:00+05:30,3.9763298,84.805664,7.689603,110.55613
1509,2025-08-31 21:00:00+05:30,3.4949677,78.11137,6.7205353,110.37652
1510,2025-08-31 22:00:00+05:30,4.8899083,83.659904,11.003581,93.751656
1511,2025-08-31 23:00:00+05:30,4.9785542,102.5288,13.154786,106.699326
1512,2025-09-01 00:00:00+05:30,3.710795,104.03627,9.734988,123.6901
1513,2025-09-01 01:00:00+05:30,3.438895,96.00892,7.562142,128.23387
1514,2025-09-01 02:00:00+05:30,1.0495713,120.96369,3.9844694,161.56496
1515,2025-09-01 03:00:00+05:30,0.742159,345.9637,2.1897945,279.46225
1516,2025-09-01 04:00:00+05:30,2.8116899,320.1945,5.0432134,325.17545
1517,2025-09-01 05:00:00+05:30,7.001514,316.04153,11.989946,324.16226
1518,2025-09-01 06:00:00+05:30,8.0599,336.29733,17.311846,334.7672
1519,2025-09-01 07:00:00+05:30,7.989242,337.4794,11.230904,338.36905
1520,2025-09-01 08:00:00+05:30,7.613382,353.21112,9.9408245,354.80566
1521,2025-09-01 09:00:00+05:30,8.049845,10.304792,10.449306,10.922761
1522,2025-09-01 10:00:00+05:30,10.6261,26.130941,13.926464,26.896168
1523,2025-09-01 11:00:00+05:30,10.717182,29.147985,13.934605,28.5513
1524,2025-09-01 12:00:00+05:30,8.854829,26.564985,11.511559,26.965645
1525,2025-09-01 13:00:00+05:30,6.898956,7.495768,8.936778,9.272532
1526,2025-09-01 14:00:00+05:30,7.2044983,12.99463,9.56713,11.94416
1527,2025-09-01 15:00:00+05:30,7.587806,22.306253,9.997699,23.33406
1528,2025-09-01 16:00:00+05:30,6.7469993,46.080845,11.837651,45.615982
1529,2025-09-01 17:00:00+05:30,11.203464,156.3179,19.521496,147.04257
1530,2025-09-01 18:00:00+05:30,5.1197267,169.8754,8.891344,158.62932
1531,2025-09-01 19:00:00+05:30,8.260411,168.69011,16.546299,171.86998
1532,2025-09-01 20:00:00+05:30,9.459852,158.80588,21.43814,156.23288
1533,2025-09-01 21:00:00+05:30,12.483749,185.79271,22.751316,184.53769
1534,2025-09-01 22:00:00+05:30,10.453957,182.96088,17.727943,192.90741
1535,2025-09-01 23:00:00+05:30,9.614426,231.84273,17.430283,234.66858
1536,2025-09-02 00:00:00+05:30,2.8001428,315.0001,8.149847,300.52963
1537,2025-09-02 01:00:00+05:30,3.4576871,128.65984,6.618519,135.0001
1538,2025-09-02 02:00:00+05:30,2.1897945,189.46225,5.771239,176.42374
1539,2025-09-02 03:00:00+05:30,1.8,90.0,4.510787,118.61037
1540,2025-09-02 04:00:00+05:30,5.634891,116.56499,11.832176,123.20658
1541,2025-09-02 05:00:00+05:30,11.592895,115.76928,21.924562,119.511406
1542,2025-09-02 06:00:00+05:30,13.379461,123.4763,20.844278,126.57312
1543,2025-09-02 07:00:00+05:30,14.634343,121.93065,22.366402,123.17853
1544,2025-09-02 08:00:00+05:30,14.420235,114.32556,19.098671,113.90766
1545,2025-09-02 09:00:00+05:30,17.570988,119.45358,24.048027,120.59593
1546,2025-09-02 10:00:00+05:30,16.75064,118.21727,22.151705,118.64752
1547,2025-09-02 11:00:00+05:30,14.974658,115.64096,18.921415,115.34614
1548,2025-09-02 12:00:00+05:30,20.61766,114.775116,29.62518,115.94224
1549,2025-09-02 13:00:00+05:30,11.091564,131.71066,16.069473,131.36696
1550,2025-09-02 14:00:00+05:30,16.391863,121.07159,23.926462,121.776886
1551,2025-09-02 15:00:00+05:30,12.007498,113.87529,16.833609,114.64675
1552,2025-09-02 16:00:00+05:30,13.896187,126.57312,21.492483,126.48611
1553,2025-09-02 17:00:00+05:30,12.904882,112.98875,22.140732,115.523384
1554,2025-09-02 18:00:00+05:30,12.791403,103.84072,23.224882,108.99674
1555,2025-09-02 19:00:00+05:30,13.661038,108.43504,24.90318,111.18625
1556,2025-09-02 20:00:00+05:30,12.535548,105.83246,22.545315,109.59237
1557,2025-09-02 21:00:00+05:30,11.226575,102.03058,21.016878,106.41731
1558,2025-09-02 22:00:00+05:30,11.616627,102.5288,21.85796,108.73345
1559,2025-09-02 23:00:00+05:30,11.226575,102.03058,21.288757,108.74143
1560,2025-09-03 00:00:00+05:30,10.6261,91.94145,20.05203,101.91512
1561,2025-09-03 01:00:00+05:30,11.837651,81.25392,21.618742,92.385895
1562,2025-09-03 02:00:00+05:30,12.145665,96.80896,21.67487,101.49654
1563,2025-09-03 03:00:00+05:30,14.474059,100.750916,25.516865,106.38962
1564,2025-09-03 04:00:00+05:30,14.471821,95.7105,25.344229,96.11541
1565,2025-09-03 05:00:00+05:30,13.450708,105.52418,23.688984,106.78272
1566,2025-09-03 06:00:00+05:30,17.460928,89.40936,27.920895,92.21674
1567,2025-09-03 07:00:00+05:30,21.707731,95.7105,32.75901,95.99243
1568,2025-09-03 08:00:00+05:30,20.180079,92.5561,28.656202,92.88032
1569,2025-09-03 09:00:00+05:30,23.272963,102.9614,31.82744,103.40752
1570,2025-09-03 10:00:00+05:30,21.639713,101.029495,30.009838,100.36627
1571,2025-09-03 11:00:00+05:30,21.531641,125.81618,30.173496,125.77617
1572,2025-09-03 12:00:00+05:30,20.53105,115.44171,30.351757,115.65321
1573,2025-09-03 13:00:00+05:30,16.862455,106.11349,24.454178,105.36614
1574,2025-09-03 14:00:00+05:30,17.47484,131.24135,25.233404,132.10866
1575,2025-09-03 15:00:00+05:30,16.323528,131.42357,24.620552,131.14642
1576,2025-09-03 16:00:00+05:30,17.982891,138.65233,27.177614,139.02835
1577,2025-09-03 17:00:00+05:30,14.681866,139.47498,25.443748,140.45395
1578,2025-09-03 18:00:00+05:30,12.093535,104.65679,22.086521,109.025696
1579,2025-09-03 19:00:00+05:30,13.288341,114.82932,23.910208,117.336586
1580,2025-09-03 20:00:00+05:30,14.827893,123.11135,25.488914,126.384445
1581,2025-09-03 21:00:00+05:30,14.178927,123.08486,25.025827,125.633575
1582,2025-09-03 22:00:00+05:30,13.14,131.112,23.675303,134.38402
1583,2025-09-03 23:00:00+05:30,12.229406,137.38599,22.2924,141.55692
1584,2025-09-04 00:00:00+05:30,11.583108,134.37048,21.540668,138.04846
1585,2025-09-04 01:00:00+05:30,11.844492,126.34755,21.928995,131.6725
1586,2025-09-04 02:00:00+05:30,10.706596,116.99576,20.41949,123.129745
1587,2025-09-04 03:00:00+05:30,8.951267,105.15412,17.82091,113.198616
1588,2025-09-04 04:00:00+05:30,11.767651,96.14653,21.96,100.38881
1589,2025-09-04 05:00:00+05:30,12.358542,102.619316,22.877003,104.582985
1590,2025-09-04 06:00:00+05:30,9.627896,110.80687,20.456745,118.36895
1591,2025-09-04 07:00:00+05:30,13.213764,114.12099,19.574533,114.44395
1592,2025-09-04 08:00:00+05:30,15.931779,122.07397,22.22836,121.75944
1593,2025-09-04 09:00:00+05:30,14.747921,109.98319,21.559462,112.067955
1594,2025-09-04 10:00:00+05:30,15.273505,135.0001,21.510565,135.339
1595,2025-09-04 11:00:00+05:30,15.697197,130.81499,20.793701,131.13918
1596,2025-09-04 12:00:00+05:30,16.092644,143.6427,21.637466,143.79732
1597,2025-09-04 13:00:00+05:30,15.175612,157.69374,20.326454,157.06787
1598,2025-09-04 14:00:00+05:30,10.564942,156.92957,13.971756,158.06146
1599,2025-09-04 15:00:00+05:30,9.016185,116.05344,12.503199,120.256355
1600,2025-09-04 16:00:00+05:30,10.285232,122.85572,16.165964,127.763145
1601,2025-09-04 17:00:00+05:30,9.313152,138.91835,17.975681,145.19592
1602,2025-09-04 18:00:00+05:30,5.7431,122.1957,14.387619,133.4793
1603,2025-09-04 19:00:00+05:30,6.6624317,141.58191,15.898188,149.37007
1604,2025-09-04 20:00:00+05:30,7.613382,173.21112,17.910677,174.23221
1605,2025-09-04 21:00:00+05:30,5.720489,167.27565,15.151039,170.42584
1606,2025-09-04 22:00:00+05:30,3.7971041,148.57048,10.829959,164.57777
1607,2025-09-04 23:00:00+05:30,5.8852015,113.42871,12.7279215,135.0001
1608,2025-09-05 00:00:00+05:30,6.7853074,111.801476,14.879153,124.65138
1609,2025-09-05 01:00:00+05:30,6.4323244,107.92801,14.423605,119.12396
1610,2025-09-05 02:00:00+05:30,8.536252,114.94388,16.994516,118.465065
1611,2025-09-05 03:00:00+05:30,8.133928,114.86367,16.276817,119.11605
1612,2025-09-05 04:00:00+05:30,8.604301,127.34943,17.352036,126.98885
1613,2025-09-05 05:00:00+05:30,7.9932966,125.837746,16.674063,134.56268
1614,2025-09-05 06:00:00+05:30,9.67657,133.49263,19.174856,140.3322
1615,2025-09-05 07:00:00+05:30,9.5535755,137.29063,13.246826,137.20262
1616,2025-09-05 08:00:00+05:30,11.298495,157.52052,14.941083,158.07036
1617,2025-09-05 09:00:00+05:30,12.750811,161.0534,16.73516,161.1752
1618,2025-09-05 10:00:00+05:30,12.399112,166.56895,15.934829,166.27768
1619,2025-09-05 11:00:00+05:30,9.391102,167.82855,11.616627,167.4712
1620,2025-09-05 12:00:00+05:30,8.909545,171.86998,10.948973,170.53775
1621,2025-09-05 13:00:00+05:30,12.16832,150.78085,15.807239,149.9315
1622,2025-09-05 14:00:00+05:30,5.8298883,171.11942,7.42159,165.96373
1623,2025-09-05 15:00:00+05:30,8.490582,175.13557,10.993271,177.18451
1624,2025-09-05 16:00:00+05:30,11.246759,140.19447,15.833861,139.61073
1625,2025-09-05 17:00:00+05:30,5.6521144,170.83772,10.829959,164.57777
1626,2025-09-05 18:00:00+05:30,3.2846913,170.53775,9.726665,182.12105
1627,2025-09-05 19:00:00+05:30,4.186693,154.5367,10.621525,179.029
1628,2025-09-05 20:00:00+05:30,4.91634,156.2505,12.304682,174.1227
1629,2025-09-05 21:00:00+05:30,5.0432134,182.04536,13.701299,189.8335
1630,2025-09-05 22:00:00+05:30,5.720489,192.72435,15.206538,196.50444
1631,2025-09-05 23:00:00+05:30,4.8899083,186.3401,14.05845,193.32454
1632,2025-09-06 00:00:00+05:30,4.3349743,175.23645,12.144331,191.9761
1633,2025-09-06 01:00:00+05:30,4.060985,167.19574,10.742848,188.6731
1634,2025-09-06 02:00:00+05:30,4.278551,165.37909,11.252519,187.35228
1635,2025-09-06 03:00:00+05:30,5.318383,156.0375,12.108261,174.88278
1636,2025-09-06 04:00:00+05:30,5.5567255,155.09526,13.288341,171.43094
1637,2025-09-06 05:00:00+05:30,4.7521367,155.37645,12.576836,170.94218
1638,2025-09-06 06:00:00+05:30,4.724786,130.36446,8.596766,160.42679
1639,2025-09-06 07:00:00+05:30,4.5572357,170.9098,6.310277,176.72958
1640,2025-09-06 08:00:00+05:30,7.2022495,178.56793,8.82,180.0
1641,2025-09-06 09:00:00+05:30,7.3997297,184.18483,9.582359,185.38922
1642,2025-09-06 10:00:00+05:30,6.7469993,170.78905,8.350138,172.56868
1643,2025-09-06 11:00:00+05:30,8.225035,156.80139,10.564942,156.92957
1644,2025-09-06 12:00:00+05:30,8.297589,176.26868,10.644379,176.12155
1645,2025-09-06 13:00:00+05:30,7.519175,191.0409,9.56713,191.94415
1646,2025-09-06 14:00:00+05:30,7.208994,182.86235,9.208192,184.48453
1647,2025-09-06 15:00:00+05:30,8.865799,185.82625,11.570515,185.35573
1648,2025-09-06 16:00:00+05:30,12.585848,196.62083,19.361507,196.75035
1649,2025-09-06 17:00:00+05:30,8.427383,199.9832,16.396805,197.24155
1650,2025-09-06 18:00:00+05:30,7.613382,186.78888,16.63126,189.972
1651,2025-09-06 19:00:00+05:30,6.7853074,201.80147,15.882896,203.36913
1652,2025-09-06 20:00:00+05:30,5.8852015,203.42871,14.973577,207.18103
1653,2025-09-06 21:00:00+05:30,7.072878,194.7436,17.085783,200.3442
1654,2025-09-06 22:00:00+05:30,7.6473517,206.56499,17.570988,209.45358
1655,2025-09-06 23:00:00+05:30,6.698806,210.69965,15.975444,213.51105
1656,2025-09-07 00:00:00+05:30,6.792466,212.00534,15.804164,217.13101
1657,2025-09-07 01:00:00+05:30,5.983477,195.7087,14.571108,207.19804
1658,2025-09-07 02:00:00+05:30,6.384293,201.5015,14.8257065,209.0545
1659,2025-09-07 03:00:00+05:30,6.9270773,204.56715,15.898188,210.62993
1660,2025-09-07 04:00:00+05:30,4.91634,203.7495,13.229693,213.90631
1661,2025-09-07 05:00:00+05:30,4.7110505,186.58185,12.245293,204.30453
1662,2025-09-07 06:00:00+05:30,5.6262593,172.64772,13.350371,183.86539
1663,2025-09-07 07:00:00+05:30,5.4656014,197.24155,7.458606,199.74693
1664,2025-09-07 08:00:00+05:30,6.1569467,195.25517,7.8625183,195.94547
1665,2025-09-07 09:00:00+05:30,5.9834766,201.16133,7.689603,200.55612
1666,2025-09-07 10:00:00+05:30,3.9966488,187.76508,5.0911684,188.13002
1667,2025-09-07 11:00:00+05:30,3.964089,182.60251,5.0432134,182.04536
1668,2025-09-07 12:00:00+05:30,5.3699164,193.57045,6.8541956,193.67133
1669,2025-09-07 13:00:00+05:30,6.198903,205.82094,7.889259,207.1496
1670,2025-09-07 14:00:00+05:30,5.7515564,200.13638,7.353611,201.54105
1671,2025-09-07 15:00:00+05:30,4.6938252,184.39862,5.9834766,186.91113
1672,2025-09-07 16:00:00+05:30,6.1305785,139.76372,8.836514,146.63362
1673,2025-09-07 17:00:00+05:30,7.9932966,144.16226,16.12583,146.84207
1674,2025-09-07 18:00:00+05:30,10.829958,158.5522,20.793701,159.21169
1675,2025-09-07 19:00:00+05:30,8.649369,167.98854,17.878086,175.38016
1676,2025-09-07 20:00:00+05:30,6.3231,184.899,15.379206,196.31393
1677,2025-09-07 21:00:00+05:30,5.4477882,187.59456,14.1102085,203.29459
1678,2025-09-07 22:00:00+05:30,6.302571,181.63654,14.810401,196.23242
1679,2025-09-07 23:00:00+05:30,8.019601,189.0394,17.508179,194.89352
1680,2025-09-08 00:00:00+05:30,6.77575,196.9909,16.053335,197.62239
1681,2025-09-08 01:00:00+05:30,6.050785,202.751,15.060956,204.7273
1682,2025-09-08 02:00:00+05:30,6.12,208.07239,14.512064,209.7448
1683,2025-09-08 03:00:00+05:30,6.050785,210.37904,13.985663,211.84901
1684,2025-09-08 04:00:00+05:30,4.6102495,231.34016,12.221457,226.1934
1685,2025-09-08 05:00:00+05:30,3.0547013,224.9999,9.567131,228.81418
1686,2025-09-08 06:00:00+05:30,0.6489992,146.3099,3.2048087,218.15727
1687,2025-09-08 07:00:00+05:30,2.9522195,217.56866,4.1046314,217.87505
1688,2025-09-08 08:00:00+05:30,3.096837,215.53777,4.1046314,217.87505
1689,2025-09-08 09:00:00+05:30,1.6981165,212.00534,2.0991426,210.96368
1690,2025-09-08 10:00:00+05:30,3.2599385,173.6599,4.175069,172.56868
1691,2025-09-08 11:00:00+05:30,4.846648,158.19853,6.1226463,155.69547
1692,2025-09-08 12:00:00+05:30,5.6492476,157.52052,7.0911775,156.0375
1693,2025-09-08 13:00:00+05:30,4.86,180.0,6.122647,178.31535
1694,2025-09-08 14:00:00+05:30,6.601363,191.0035,8.4042845,189.86574
1695,2025-09-08 15:00:00+05:30,7.8625183,195.94547,10.656547,195.67958
1696,2025-09-08 16:00:00+05:30,6.7205353,187.69595,11.989945,187.76508
1697,2025-09-08 17:00:00+05:30,8.936778,170.72748,18.201374,171.46931
1698,2025-09-08 18:00:00+05:30,5.495161,211.60745,13.523978,206.90602
1699,2025-09-08 19:00:00+05:30,5.4656014,197.24155,14.230248,198.43504
1700,2025-09-08 20:00:00+05:30,6.5223618,207.97939,16.42839,212.47118
1701,2025-09-08 21:00:00+05:30,7.7043357,217.40543,18.613253,217.53488
1702,2025-09-08 22:00:00+05:30,9.179999,208.07239,19.976755,212.1148
1703,2025-09-08 23:00:00+05:30,9.418661,206.0753,19.89631,208.65173
1704,2025-09-09 00:00:00+05:30,8.39657,210.96368,18.526888,212.3004
1705,2025-09-09 01:00:00+05:30,6.623413,222.79738,16.341381,220.53276
1706,2025-09-09 02:00:00+05:30,5.48631,228.99101,14.410121,228.54486
1707,2025-09-09 03:00:00+05:30,4.6452556,234.46223,12.932471,235.2039
1708,2025-09-09 04:00:00+05:30,3.563818,224.9999,10.484903,235.49142
1709,2025-09-09 05:00:00+05:30,3.362677,195.52417,9.299225,222.64667
1710,2025-09-09 06:00:00+05:30,3.9312592,195.94547,9.080639,219.3693
1711,2025-09-09 07:00:00+05:30,5.728979,223.72705,7.891311,224.9999
1712,2025-09-09 08:00:00+05:30,7.0934615,234.29321,9.144637,233.8067
1713,2025-09-09 09:00:00+05:30,5.3999996,233.13002,6.804381,232.52374
1714,2025-09-09 10:00:00+05:30,4.829907,206.56499,6.037383,206.56499
1715,2025-09-09 11:00:00+05:30,6.28713,193.24052,7.771331,193.39252
1716,2025-09-09 12:00:00+05:30,7.2202215,184.28908,9.028754,184.57384
1717,2025-09-09 13:00:00+05:30,6.341009,186.5197,7.9932976,187.76508
1718,2025-09-09 14:00:00+05:30,6.0721655,191.9761,7.771331,193.39252
1719,2025-09-09 15:00:00+05:30,6.5693827,189.46225,8.790563,190.6196
1720,2025-09-09 16:00:00+05:30,6.9480934,196.55714,12.0694,197.35411
1721,2025-09-09 17:00:00+05:30,5.2694216,187.85323,12.882267,195.3956
1722,2025-09-09 18:00:00+05:30,8.731392,188.29706,18.353823,187.89162
1723,2025-09-09 19:00:00+05:30,7.889259,207.1496,17.381886,211.87956
1724,2025-09-09 20:00:00+05:30,7.771331,193.39252,17.280935,202.0231
1725,2025-09-09 21:00:00+05:30,6.77575,196.9909,16.192997,204.28581
1726,2025-09-09 22:00:00+05:30,7.9138603,197.19862,18.152355,202.751
1727,2025-09-09 23:00:00+05:30,9.504273,204.62355,20.054457,208.40515
1728,2025-09-10 00:00:00+05:30,9.835975,214.56259,20.340796,216.36296
1729,2025-09-10 01:00:00+05:30,9.504273,204.62355,19.787722,211.23184
1730,2025-09-10 02:00:00+05:30,7.344794,216.02747,16.848038,216.74756
1731,2025-09-10 03:00:00+05:30,6.696387,216.25392,15.801087,222.22972
1732,2025-09-10 04:00:00+05:30,6.1437774,211.82741,14.905261,222.5529
1733,2025-09-10 05:00:00+05:30,6.601363,205.8663,15.124284,218.23386
1734,2025-09-10 06:00:00+05:30,6.0908127,198.9705,13.529966,213.05583
1735,2025-09-10 07:00:00+05:30,7.653705,228.81418,10.601679,229.82083
1736,2025-09-10 08:00:00+05:30,7.3469996,239.03632,9.600937,239.589
1737,2025-09-10 09:00:00+05:30,6.522361,230.59937,8.461915,231.91118
1738,2025-09-10 10:00:00+05:30,4.7928696,214.28693,5.796447,216.15828
1739,2025-09-10 11:00:00+05:30,4.4274144,206.56499,5.4744864,207.40749
1740,2025-09-10 12:00:00+05:30,3.4623692,207.89717,4.4274144,206.56499
1741,2025-09-10 13:00:00+05:30,4.514377,203.49858,5.3939967,205.7099
1742,2025-09-10 14:00:00+05:30,4.7928696,235.71307,6.299999,233.13002
1743,2025-09-10 15:00:00+05:30,6.5693827,170.53775,8.707238,172.87508
1744,2025-09-10 16:00:00+05:30,6.792466,147.99466,10.6261,153.86906
1745,2025-09-10 17:00:00+05:30,8.996398,160.11475,17.950432,164.2913
1746,2025-09-10 18:00:00+05:30,9.555271,176.76036,19.08085,179.4595
1747,2025-09-10 19:00:00+05:30,11.074022,187.47147,22.06377,191.76826
1748,2025-09-10 20:00:00+05:30,8.338489,193.73628,18.11841,200.95586
1749,2025-09-10 21:00:00+05:30,6.849467,183.01273,15.85329,192.45824
1750,2025-09-10 22:00:00+05:30,7.7983837,198.85326,17.447933,201.80147
1751,2025-09-10 23:00:00+05:30,6.6818557,207.25525,16.332458,211.93842
1752,2025-09-11 00:00:00+05:30,7.8954163,204.22774,17.595861,210.76265
1753,2025-09-11 01:00:00+05:30,6.037383,206.56499,14.677452,213.49521
1754,2025-09-11 02:00:00+05:30,4.5891175,205.55992,12.096214,216.52895
1755,2025-09-11 03:00:00+05:30,6.0077944,188.61557,13.403656,202.08722
1756,2025-09-11 04:00:00+05:30,4.1556225,184.96965,11.328566,197.57135
1757,2025-09-11 05:00:00+05:30,4.143911,177.5105,10.564941,193.79951
1758,2025-09-11 06:00:00+05:30,3.0758414,200.55612,6.8777895,227.12111
1759,2025-09-11 07:00:00+05:30,3.7971041,211.42952,5.257109,218.04709
1760,2025-09-11 08:00:00+05:30,4.4456716,211.75943,5.5450516,215.75398
1761,2025-09-11 09:00:00+05:30,4.6730714,164.3577,5.7628117,165.52966
1762,2025-09-11 10:00:00+05:30,5.637765,163.30067,6.9480934,163.44286
1763,2025-09-11 11:00:00+05:30,2.3400002,202.6199,2.8174455,206.56499
1764,2025-09-11 12:00:00+05:30,16.595179,155.65892,22.303299,154.67586
1765,2025-09-11 13:00:00+05:30,6.302571,181.63654,8.287822,177.5105
1766,2025-09-11 14:00:00+05:30,4.0449967,212.27562,5.2478566,210.96368
1767,2025-09-11 15:00:00+05:30,5.1575575,150.75127,6.792466,147.99466
1768,2025-09-11 16:00:00+05:30,7.289444,200.22495,11.448055,196.44046
1769,2025-09-11 17:00:00+05:30,5.0528407,184.08554,10.742848,188.6731
1770,2025-09-11 18:00:00+05:30,6.854195,150.06857,13.929953,154.7595
1771,2025-09-11 19:00:00+05:30,7.8149853,151.07367,16.357237,155.9735
1772,2025-09-11 20:00:00+05:30,6.452441,157.01126,15.509274,158.19853
1773,2025-09-11 21:00:00+05:30,4.327493,163.0724,12.413476,163.14153
1774,2025-09-11 22:00:00+05:30,4.846648,158.19853,12.758432,163.61038
1775,2025-09-11 23:00:00+05:30,5.5829024,159.22766,13.533558,166.14856
1776,2025-09-12 00:00:00+05:30,4.991553,154.35904,13.009903,165.5792
1777,2025-09-12 01:00:00+05:30,4.278551,165.37909,11.609651,172.87508
1778,2025-09-12 02:00:00+05:30,4.6834598,177.79745,10.873252,186.65433
1779,2025-09-12 03:00:00+05:30,11.886816,212.00534,20.57125,214.66351
1780,2025-09-12 04:00:00+05:30,2.226477,165.96373,6.162207,186.70975
1781,2025-09-12 05:00:00+05:30,1.8089776,264.2895,3.494968,235.49141
1782,2025-09-12 06:00:00+05:30,2.5071096,111.03758,3.3481934,143.74608
1783,2025-09-12 07:00:00+05:30,6.601363,115.8663,8.461915,113.838745
1784,2025-09-12 08:00:00+05:30,8.3520775,142.88306,10.766949,141.78893
1785,2025-09-12 09:00:00+05:30,8.435069,140.19447,10.8792095,141.04408
1786,2025-09-12 10:00:00+05:30,7.653705,138.81418,9.726664,141.009
1787,2025-09-12 11:00:00+05:30,7.889258,124.77791,9.9,126.86999
1788,2025-09-12 12:00:00+05:30,8.856658,127.568665,10.799999,126.86998
1789,2025-09-12 13:00:00+05:30,6.0908127,161.0295,8.155807,157.96371
1790,2025-09-12 14:00:00+05:30,6.4323244,162.07199,7.989242,157.47939
1791,2025-09-12 15:00:00+05:30,9.391102,192.17145,12.182955,192.80426
1792,2025-09-12 16:00:00+05:30,9.927779,157.61983,14.009968,159.70235
1793,2025-09-12 17:00:00+05:30,10.534229,160.0168,18.22361,163.35487
1794,2025-09-12 18:00:00+05:30,7.486788,170.31128,15.890034,175.45204
1795,2025-09-12 19:00:00+05:30,6.482499,178.40889,14.04,180.0
1796,2025-09-12 20:00:00+05:30,5.3699164,166.42955,12.825552,175.16966
1797,2025-09-12 21:00:00+05:30,4.514377,156.50142,12.284916,169.0194
1798,2025-09-12 22:00:00+05:30,4.846648,158.19853,12.2519045,169.8458
1799,2025-09-12 23:00:00+05:30,5.7176566,151.8215,14.068816,163.65175
1800,2025-09-13 00:00:00+05:30,5.1481256,143.53067,13.141232,156.59529
1801,2025-09-13 01:00:00+05:30,3.8939953,146.3099,11.27553,163.30067
1802,2025-09-13 02:00:00+05:30,4.913044,151.55717,12.224107,166.37299
1803,2025-09-13 03:00:00+05:30,5.4149795,164.57777,13.039754,173.6599
1804,2025-09-13 04:00:00+05:30,5.9617786,151.11351,13.229694,165.01833
1805,2025-09-13 05:00:00+05:30,5.7431,147.80429,13.213764,155.87901
1806,2025-09-13 06:00:00+05:30,5.48631,138.99101,11.605464,156.21796
1807,2025-09-13 07:00:00+05:30,6.8777895,132.87889,9.1641035,135.0001
1808,2025-09-13 08:00:00+05:30,9.939196,144.58286,12.830604,145.86401
1809,2025-09-13 09:00:00+05:30,6.0908127,108.970505,7.823272,113.02553
1810,2025-09-13 10:00:00+05:30,4.510787,151.38963,5.634891,153.43501
1811,2025-09-13 11:00:00+05:30,8.913181,133.36346,11.334285,133.06943
1812,2025-09-13 12:00:00+05:30,10.163227,157.06787,12.904882,157.01126
1813,2025-09-13 13:00:00+05:30,8.467655,177.5634,10.644379,176.12155
1814,2025-09-13 14:00:00+05:30,9.346143,195.6423,12.284916,190.9806
1815,2025-09-13 15:00:00+05:30,10.981475,180.93916,15.129638,182.04536
1816,2025-09-13 16:00:00+05:30,7.4346757,173.04713,10.853866,174.2895
1817,2025-09-13 17:00:00+05:30,6.0347,162.64589,12.2519045,169.8458
1818,2025-09-13 18:00:00+05:30,5.0432134,177.95464,13.321216,180.7742
1819,2025-09-13 19:00:00+05:30,5.2416787,164.05453,12.662843,174.2895
1820,2025-09-13 20:00:00+05:30,6.439876,153.43501,14.241629,163.85559
1821,2025-09-13 21:00:00+05:30,6.6818557,152.74475,15.342294,157.94888
1822,2025-09-13 22:00:00+05:30,7.689603,159.44388,16.965895,162.71841
1823,2025-09-13 23:00:00+05:30,7.570707,161.99574,16.895088,165.81567
1824,2025-09-14 00:00:00+05:30,7.342588,168.69011,16.724508,171.9572
1825,2025-09-14 01:00:00+05:30,6.7205353,172.30405,16.024044,178.71269
1826,2025-09-14 02:00:00+05:30,7.1661706,168.40785,16.404707,176.8551
1827,2025-09-14 03:00:00+05:30,6.519877,173.6599,15.489416,181.99783
1828,2025-09-14 04:00:00+05:30,7.2022495,181.43207,16.276815,190.19144
1829,2025-09-14 05:00:00+05:30,5.1197267,190.1246,13.54911,199.3979
1830,2025-09-14 06:00:00+05:30,3.244996,176.82024,7.754637,201.80147
1831,2025-09-14 07:00:00+05:30,1.484318,14.036275,2.0523157,217.87505
1832,2025-09-14 08:00:00+05:30,2.1897945,80.53775,3.710795,157.1663
1833,2025-09-14 09:00:00+05:30,4.4456716,121.75944,6.050785,120.37905
1834,2025-09-14 10:00:00+05:30,4.2671766,117.64589,5.3939967,115.70991
1835,2025-09-14 11:00:00+05:30,5.8769383,117.34979,7.327127,117.824005
1836,2025-09-14 12:00:00+05:30,8.099999,126.86999,10.120099,128.50069
1837,2025-09-14 13:00:00+05:30,13.337016,121.75944,17.381886,121.87956
1838,2025-09-14 14:00:00+05:30,16.520823,168.69011,22.706413,167.1756
1839,2025-09-14 15:00:00+05:30,8.936777,198.79999,13.737904,201.52266
1840,2025-09-14 16:00:00+05:30,7.5685663,177.27374,10.261578,178.99493
1841,2025-09-14 17:00:00+05:30,5.223103,181.97488,10.266314,182.0095
1842,2025-09-14 18:00:00+05:30,7.120815,159.27437,14.6254835,166.47682
1843,2025-09-14 19:00:00+05:30,6.689125,156.19405,14.689589,162.89719
1844,2025-09-14 20:00:00+05:30,6.489992,146.3099,14.256409,155.37645
1845,2025-09-14 21:00:00+05:30,5.728979,136.27295,13.130133,146.74562
1846,2025-09-14 22:00:00+05:30,6.989936,145.49142,15.385525,151.33614
1847,2025-09-14 23:00:00+05:30,7.0407386,147.52882,15.463246,155.22488
1848,2025-09-15 00:00:00+05:30,5.6060677,137.60262,13.374618,151.02039
1849,2025-09-15 01:00:00+05:30,8.0899935,147.72438,16.213993,157.13545
1850,2025-09-15 02:00:00+05:30,5.5887027,165.06853,12.549757,171.75377
1851,2025-09-15 03:00:00+05:30,8.027677,160.34608,14.743526,162.22859
1852,2025-09-15 04:00:00+05:30,8.482947,162.71841,14.915039,162.43964
1853,2025-09-15 05:00:00+05:30,7.69592,190.78426,13.533558,193.85144
1854,2025-09-15 06:00:00+05:30,8.171683,172.40544,14.978984,175.8654
1855,2025-09-15 07:00:00+05:30,10.801499,180.95482,14.428097,183.57626
1856,2025-09-15 08:00:00+05:30,8.350138,187.43132,10.8029995,190.56096
1857,2025-09-15 09:00:00+05:30,7.4672885,195.37631,9.224011,197.02061
1858,2025-09-15 10:00:00+05:30,9.227524,200.55612,11.799271,201.47685
1859,2025-09-15 11:00:00+05:30,9.9408245,185.19434,12.466867,184.96965
1860,2025-09-15 12:00:00+05:30,6.898956,172.50424,8.707238,172.87508
1861,2025-09-15 13:00:00+05:30,8.083983,191.5601,10.172787,193.29858
1862,2025-09-15 14:00:00+05:30,10.004178,188.2758,12.525207,187.43132
1863,2025-09-15 15:00:00+05:30,7.172949,162.47433,10.609316,165.2564
1864,2025-09-15 16:00:00+05:30,7.587806,157.69374,10.829958,158.5522
1865,2025-09-15 17:00:00+05:30,13.671707,170.9098,21.170479,174.14407
1866,2025-09-15 18:00:00+05:30,9.292255,158.40463,18.123774,164.44537
1867,2025-09-15 19:00:00+05:30,9.595874,156.80139,18.620214,163.14153
1868,2025-09-15 20:00:00+05:30,9.257321,153.43501,18.623693,159.63832
1869,2025-09-15 21:00:00+05:30,10.948973,152.59251,20.799152,156.54095
1870,2025-09-15 22:00:00+05:30,13.737904,174.7377,22.930756,175.4979
1871,2025-09-15 23:00:00+05:30,9.927779,157.61983,17.654688,159.71736
1872,2025-09-16 00:00:00+05:30,8.825508,168.23174,16.372087,165.35258
1873,2025-09-16 01:00:00+05:30,13.403656,157.91278,23.741585,162.80138
1874,2025-09-16 02:00:00+05:30,10.51576,173.11838,19.313757,175.72424
1875,2025-09-16 03:00:00+05:30,9.257321,153.43501,18.183563,158.5145
1876,2025-09-16 04:00:00+05:30,6.889557,160.1447,14.668619,165.7932
1877,2025-09-16 05:00:00+05:30,8.083983,168.4399,15.481048,179.33382
1878,2025-09-16 06:00:00+05:30,8.171683,187.59456,15.956163,191.05637
1879,2025-09-16 07:00:00+05:30,10.993271,182.81549,17.5931,187.05222
1880,2025-09-16 08:00:00+05:30,11.7,180.0,15.119999,180.0
1881,2025-09-16 09:00:00+05:30,11.183201,183.69131,14.440443,184.28908
1882,2025-09-16 10:00:00+05:30,10.483357,195.94547,13.379461,197.21616
1883,2025-09-16 11:00:00+05:30,11.844492,196.78273,14.861722,196.89873
1884,2025-09-16 12:00:00+05:30,8.490582,184.86443,11.003581,183.75165
1885,2025-09-16 13:00:00+05:30,10.478722,175.07298,13.576582,173.91156
1886,2025-09-16 14:00:00+05:30,12.906138,188.017,17.393066,186.53654
1887,2025-09-16 15:00:00+05:30,15.99571,199.04672,22.66857,200.44963
1888,2025-09-16 16:00:00+05:30,9.906544,177.91748,15.3042345,181.34785
1889,2025-09-16 17:00:00+05:30,9.734988,176.82024,17.339897,184.76355
1890,2025-09-16 18:00:00+05:30,5.7431,147.80429,14.275713,166.13895
1891,2025-09-16 19:00:00+05:30,6.8989563,164.87595,15.743569,174.09395
1892,2025-09-16 20:00:00+05:30,6.2483597,168.3664,14.764389,181.39716
1893,2025-09-16 21:00:00+05:30,7.1321807,169.82455,16.343367,172.40544
1894,2025-09-16 22:00:00+05:30,7.596341,166.29301,17.5931,172.94778
1895,2025-09-16 23:00:00+05:30,9.741642,163.90912,19.652176,171.57312
1896,2025-09-17 00:00:00+05:30,9.9587345,173.77426,20.340796,179.49298
1897,2025-09-17 01:00:00+05:30,9.9,180.0,20.096418,186.17007
1898,2025-09-17 02:00:00+05:30,10.261578,181.00507,20.138292,187.18845
1899,2025-09-17 03:00:00+05:30,10.387107,188.97255,19.90852,194.6645
1900,2025-09-17 04:00:00+05:30,10.813492,182.86235,20.212965,188.70729
1901,2025-09-17 05:00:00+05:30,9.039514,192.65256,18.297245,195.40349
1902,2025-09-17 06:00:00+05:30,10.6261,181.94144,21.434364,187.72174
1903,2025-09-17 07:00:00+05:30,10.453957,177.03912,15.84409,178.69807
1904,2025-09-17 08:00:00+05:30,11.126562,189.30986,15.359179,190.1246
1905,2025-09-17 09:00:00+05:30,10.717182,187.72174,14.000713,188.13002
1906,2025-09-17 10:00:00+05:30,11.34,180.0,14.22,180.0
1907,2025-09-17 11:00:00+05:30,11.341428,179.09064,14.044615,178.53123
1908,2025-09-17 12:00:00+05:30,11.616627,192.5288,14.650938,190.6196
1909,2025-09-17 13:00:00+05:30,10.742848,171.3269,14.766584,170.88222
1910,2025-09-17 14:00:00+05:30,12.979984,213.6901,17.932373,215.60461
1911,2025-09-17 15:00:00+05:30,10.041354,194.5345,13.926464,194.21588
1912,2025-09-17 16:00:00+05:30,11.799271,201.47685,18.016191,201.69518
1913,2025-09-17 17:00:00+05:30,11.341428,215.9606,20.05203,216.97284
1914,2025-09-17 18:00:00+05:30,6.5049515,165.5792,15.489416,181.99783
1915,2025-09-17 19:00:00+05:30,7.771331,166.60748,17.47484,182.36133
1916,2025-09-17 20:00:00+05:30,8.467655,182.4366,19.562946,192.75752
1917,2025-09-17 21:00:00+05:30,7.579261,184.08554,18.216497,191.9761
1918,2025-09-17 22:00:00+05:30,8.12197,167.19574,18.36353,178.87672
1919,2025-09-17 23:00:00+05:30,8.035746,164.40714,18.627172,174.45477
1920,2025-09-18 00:00:00+05:30,7.208994,177.13765,17.552536,185.8859
1921,2025-09-18 01:00:00+05:30,8.297589,183.73132,18.820976,192.7071
1922,2025-09-18 02:00:00+05:30,8.731391,194.32275,19.656296,200.92458
1923,2025-09-18 03:00:00+05:30,8.431228,196.1135,19.24738,204.88739
1924,2025-09-18 04:00:00+05:30,8.654986,196.9276,19.319628,206.56499
1925,2025-09-18 05:00:00+05:30,7.2044983,192.99461,17.22742,206.02953
1926,2025-09-18 06:00:00+05:30,9.430694,193.24052,19.761507,200.25072
1927,2025-09-18 07:00:00+05:30,10.564942,203.07043,15.865546,204.82051
1928,2025-09-18 08:00:00+05:30,11.734564,221.26851,16.069473,221.36694
1929,2025-09-18 09:00:00+05:30,10.855358,229.70793,14.565548,230.01317
1930,2025-09-18 10:00:00+05:30,9.984729,236.0234,13.0806875,235.65384
1931,2025-09-18 11:00:00+05:30,8.574123,230.9645,10.766949,231.78893
1932,2025-09-18 12:00:00+05:30,8.805294,220.85529,11.1090765,220.39983
1933,2025-09-18 13:00:00+05:30,7.1389914,236.3099,8.78872,235.0079
1934,2025-09-18 14:00:00+05:30,8.797931,210.76265,10.934166,212.90524
1935,2025-09-18 15:00:00+05:30,10.304115,199.38461,14.64209,200.88588
1936,2025-09-18 16:00:00+05:30,7.0911775,203.9625,14.081477,212.47118
1937,2025-09-18 17:00:00+05:30,4.353619,172.87508,10.742848,188.6731
1938,2025-09-18 18:00:00+05:30,7.928177,140.52757,16.45007,156.80139
1939,2025-09-18 19:00:00+05:30,3.0652893,139.76372,11.230904,158.36905
1940,2025-09-18 20:00:00+05:30,6.015878,141.07245,13.83192,161.80075
1941,2025-09-18 21:00:00+05:30,6.3639607,151.2603,15.206538,163.49556
1942,2025-09-18 22:00:00+05:30,5.8104043,163.81073,14.759999,167.31963
1943,2025-09-18 23:00:00+05:30,3.396233,302.00534,6.1437774,275.04236
1944,2025-09-19 00:00:00+05:30,3.319036,12.528798,5.7599998,360.0
1945,2025-09-19 01:00:00+05:30,2.5772078,77.90526,2.1897945,99.46225
1946,2025-09-19 02:00:00+05:30,2.6758924,109.653915,4.2175345,140.19447
1947,2025-09-19 03:00:00+05:30,3.4763772,158.74942,8.099999,180.0
1948,2025-09-19 04:00:00+05:30,3.7064266,150.9455,8.461914,181.21884
1949,2025-09-19 05:00:00+05:30,2.4482646,107.10281,4.7657523,169.11452
1950,2025-09-19 06:00:00+05:30,5.728979,223.72705,10.626099,231.1886
1951,2025-09-19 07:00:00+05:30,2.4482648,233.97253,3.8268526,228.81418
1952,2025-09-19 08:00:00+05:30,4.0449967,32.275623,4.846648,31.328646
1953,2025-09-19 09:00:00+05:30,2.5264204,4.085537,3.0811036,353.29025
1954,2025-09-19 10:00:00+05:30,4.91634,66.2505,6.384293,68.498505
1955,2025-09-19 11:00:00+05:30,1.4399999,180.0,1.4512063,172.87508
1956,2025-09-19 12:00:00+05:30,2.9522195,232.43134,3.3481934,233.74606
1957,2025-09-19 13:00:00+05:30,3.7842832,244.65387,4.4274144,243.43501
1958,2025-09-19 14:00:00+05:30,4.2481523,233.61555,5.0432134,235.17543
1959,2025-09-19 15:00:00+05:30,8.827343,253.41258,12.0694,252.64589
1960,2025-09-19 16:00:00+05:30,5.257109,231.95291,7.2,233.13002
1961,2025-09-19 17:00:00+05:30,3.572898,229.08571,8.39078,234.60512
1962,2025-09-19 18:00:00+05:30,3.710795,219.09384,9.636307,237.20047
1963,2025-09-19 19:00:00+05:30,0.56920993,288.43503,4.2021422,279.86575
1964,2025-09-19 20:00:00+05:30,1.4058449,140.19447,2.995797,212.73521
1965,2025-09-19 21:00:00+05:30,1.4058449,230.19447,5.506941,258.6901
1966,2025-09-19 22:00:00+05:30,1.7076298,251.56496,6.2145634,259.9921
1967,2025-09-19 23:00:00+05:30,2.0124612,280.30478,6.2999997,270.0
1968,2025-09-20 00:00:00+05:30,2.1674871,355.23645,4.8433046,311.98712
1969,2025-09-20 01:00:00+05:30,3.2599385,353.6599,6.6818557,332.74475
1970,2025-09-20 02:00:00+05:30,3.7842832,2.7262611,8.197414,351.15826
1971,2025-09-20 03:00:00+05:30,3.4388947,47.12111,7.973005,28.30066
1972,2025-09-20 04:00:00+05:30,2.1897945,80.53775,6.015878,51.072456
1973,2025-09-20 05:00:00+05:30,1.3708391,66.801384,4.2671766,62.354122
1974,2025-09-20 06:00:00+05:30,5.7204895,114.14554,8.019601,134.09071
1975,2025-09-20 07:00:00+05:30,6.444905,144.09018,9.984729,152.04913
1976,2025-09-20 08:00:00+05:30,6.502461,131.63345,9.037721,134.19316
1977,2025-09-20 09:00:00+05:30,5.509882,141.63248,6.9480934,143.42688
1978,2025-09-20 10:00:00+05:30,3.096837,144.46223,3.745557,144.78232
1979,2025-09-20 11:00:00+05:30,1.2074767,333.43503,1.609969,333.43503
1980,2025-09-20 12:00:00+05:30,0.71999997,360.0,1.0948973,350.53775
1981,2025-09-20 13:00:00+05:30,1.3708391,336.8014,1.7727944,336.0375
1982,2025-09-20 14:00:00+05:30,0.40249225,63.435013,0.742159,14.036275
1983,2025-09-20 15:00:00+05:30,2.6208394,195.94547,3.01735,197.35411
1984,2025-09-20 16:00:00+05:30,9.703319,229.51407,14.264361,227.04541
1985,2025-09-20 17:00:00+05:30,2.5071096,248.96242,4.5536795,251.56496
1986,2025-09-20 18:00:00+05:30,4.952453,250.9064,12.10157,247.249
1987,2025-09-20 19:00:00+05:30,6.8423676,243.43501,14.49531,241.8439
1988,2025-09-20 20:00:00+05:30,5.8409934,236.3099,13.433838,234.81921
1989,2025-09-20 21:00:00+05:30,4.913044,261.57312,11.953409,251.56496
1990,2025-09-20 22:00:00+05:30,5.6060677,275.52744,13.679999,270.0
1991,2025-09-20 23:00:00+05:30,6.5049515,284.4208,14.861722,281.1738
1992,2025-09-21 00:00:00+05:30,4.060985,282.80426,11.39842,285.5726
1993,2025-09-21 01:00:00+05:30,3.4247334,273.01273,9.6932955,285.06854
1994,2025-09-21 02:00:00+05:30,4.412754,281.76825,11.841756,289.53674
1995,2025-09-21 03:00:00+05:30,4.669604,297.55273,12.033103,304.641
1996,2025-09-21 04:00:00+05:30,5.22,313.6029,12.730467,316.14566
1997,2025-09-21 05:00:00+05:30,3.3092594,315.0001,10.1902895,324.34457
1998,2025-09-21 06:00:00+05:30,4.7827187,289.79895,8.604301,307.34943
1999,2025-09-21 07:00:00+05:30,1.4058449,39.805527,2.226477,14.036275
2000,2025-09-21 08:00:00+05:30,3.964089,357.3975,4.86,360.0
2001,2025-09-21 09:00:00+05:30,3.710795,345.9637,4.412754,348.23172
2002,2025-09-21 10:00:00+05:30,4.445672,338.6293,5.414979,338.5522
2003,2025-09-21 11:00:00+05:30,2.4149535,333.43503,2.8174455,333.43503
2004,2025-09-21 12:00:00+05:30,1.1525624,51.34017,1.4058449,39.805527
2005,2025-09-21 13:00:00+05:30,0.9,36.86999,1.2074767,26.564985
2006,2025-09-21 14:00:00+05:30,2.7475805,328.39255,3.396233,327.99466
2007,2025-09-21 15:00:00+05:30,0.9178235,281.3099,1.2074767,296.56497
2008,2025-09-21 16:00:00+05:30,3.438895,186.00891,4.353619,187.12492
2009,2025-09-21 17:00:00+05:30,3.9518096,149.9315,8.777654,151.85849
2010,2025-09-21 18:00:00+05:30,7.0911775,246.0375,12.096214,233.47105
2011,2025-09-21 19:00:00+05:30,5.0432134,214.82455,10.8672905,206.56499
2012,2025-09-21 20:00:00+05:30,9.396275,216.43095,19.272614,212.79953
2013,2025-09-21 21:00:00+05:30,9.867218,231.66663,19.008545,232.69597
2014,2025-09-21 22:00:00+05:30,8.93859,244.98314,17.551615,244.48618
2015,2025-09-21 23:00:00+05:30,6.7205353,277.69595,14.589996,267.87894
2016,2025-09-22 00:00:00+05:30,6.8138976,282.20044,14.465102,286.63104
2017,2025-09-22 01:00:00+05:30,6.384293,319.574,13.259049,311.69803
2018,2025-09-22 02:00:00+05:30,5.4149795,344.57776,11.734564,339.341
2019,2025-09-22 03:00:00+05:30,6.482499,1.5911111,13.184308,355.3014
2020,2025-09-22 04:00:00+05:30,4.6730714,344.3577,11.126562,350.69012
2021,2025-09-22 05:00:00+05:30,4.4456716,31.75944,11.230904,21.630953
2022,2025-09-22 06:00:00+05:30,3.9844694,18.435053,10.948973,9.462261
2023,2025-09-22 07:00:00+05:30,3.8647635,27.758451,8.155807,22.036283
2024,2025-09-22 08:00:00+05:30,4.0449963,20.854538,5.7515564,20.136398
2025,2025-09-22 09:00:00+05:30,4.1556225,17.650223,5.637765,16.699326
2026,2025-09-22 10:00:00+05:30,3.462369,81.02746,4.060985,77.19574
2027,2025-09-22 11:00:00+05:30,10.096059,78.6901,13.910169,79.56258
2028,2025-09-22 12:00:00+05:30,5.2694216,97.853226,7.256032,97.12492
2029,2025-09-22 13:00:00+05:30,4.3832865,70.8209,5.7515564,69.86362
2030,2025-09-22 14:00:00+05:30,4.5891175,41.82009,5.994297,41.347687
2031,2025-09-22 15:00:00+05:30,3.362677,15.524177,4.327493,16.927603
2032,2025-09-22 16:00:00+05:30,6.1858225,351.63422,8.707238,352.87506
2033,2025-09-22 17:00:00+05:30,1.6299692,353.6599,6.5024605,355.23645
2034,2025-09-22 18:00:00+05:30,1.609969,243.43501,3.362677,285.52417
2035,2025-09-22 19:00:00+05:30,3.563818,135.0001,4.724786,139.63554
2036,2025-09-22 20:00:00+05:30,4.0449967,237.72438,2.8116899,219.80553
2037,2025-09-22 21:00:00+05:30,4.73506,278.74606,9.321845,280.0079
2038,2025-09-22 22:00:00+05:30,3.84796,280.78424,10.1456785,295.20108
2039,2025-09-22 23:00:00+05:30,4.978554,310.60123,11.091564,311.71066
2040,2025-09-23 00:00:00+05:30,4.5891175,311.82007,10.4493065,317.7928
2041,2025-09-23 01:00:00+05:30,3.7585104,286.6993,9.396275,306.43094
2042,2025-09-23 02:00:00+05:30,2.16,270.0,5.7628117,308.65982
2043,2025-09-23 03:00:00+05:30,3.7064266,330.9455,6.9270773,335.43283
2044,2025-09-23 04:00:00+05:30,3.644722,20.224945,6.77575,16.990906
2045,2025-09-23 05:00:00+05:30,4.978554,49.398785,7.8954163,46.8476
2046,2025-09-23 06:00:00+05:30,9.335737,123.996506,14.174356,130.36446
2047,2025-09-23 07:00:00+05:30,14.05845,140.19447,19.54389,139.85667
2048,2025-09-23 08:00:00+05:30,13.004922,138.36655,18.11841,139.02835
2049,2025-09-23 09:00:00+05:30,14.037692,130.84027,18.999168,131.54329
2050,2025-09-23 10:00:00+05:30,14.450535,129.44003,19.453327,128.991
2051,2025-09-23 11:00:00+05:30,12.886039,131.03525,16.341381,130.53276
2052,2025-09-23 12:00:00+05:30,12.886039,131.03525,16.341381,130.53276
2053,2025-09-23 13:00:00+05:30,10.948973,133.66785,13.755579,132.87889
2054,2025-09-23 14:00:00+05:30,9.67657,133.49263,12.351987,133.22856
2055,2025-09-23 15:00:00+05:30,9.796366,159.5671,12.703715,159.25385
2056,2025-09-23 16:00:00+05:30,7.172949,162.47433,12.98248,163.0724
2057,2025-09-23 17:00:00+05:30,0.742159,345.9637,6.696387,143.74608
2058,2025-09-23 18:00:00+05:30,3.319036,130.60121,7.5105524,134.02907
2059,2025-09-23 19:00:00+05:30,1.2727921,188.13002,4.6938252,175.60138
2060,2025-09-23 20:00:00+05:30,0.9178235,191.30989,3.7585104,196.69933
2061,2025-09-23 21:00:00+05:30,1.26,90.0,2.995797,122.73522
2062,2025-09-23 22:00:00+05:30,3.0758414,69.44387,4.7110505,96.581856
2063,2025-09-23 23:00:00+05:30,3.4763772,68.74943,5.7852573,95.355736
2064,2025-09-24 00:00:00+05:30,3.671294,78.6901,6.5520988,105.945465
2065,2025-09-24 01:00:00+05:30,3.8183763,81.86999,7.69592,100.784256
2066,2025-09-24 02:00:00+05:30,4.2021422,80.13426,9.3669195,92.20255
2067,2025-09-24 03:00:00+05:30,4.6730714,74.3577,11.609651,82.875084
2068,2025-09-24 04:00:00+05:30,5.5450516,76.865974,13.75558,83.99109
2069,2025-09-24 05:00:00+05:30,5.9644947,84.805664,14.221139,89.274796
2070,2025-09-24 06:00:00+05:30,7.0038276,64.09355,11.968308,77.84508
2071,2025-09-24 07:00:00+05:30,5.4029994,91.90912,7.9383874,93.90042
2072,2025-09-24 08:00:00+05:30,10.449306,100.92277,13.767352,101.3099
2073,2025-09-24 09:00:00+05:30,12.483748,118.41257,16.666288,117.67199
2074,2025-09-24 10:00:00+05:30,9.418661,116.0753,11.755254,115.38787
2075,2025-09-24 11:00:00+05:30,10.837435,101.49654,13.276144,102.5288
2076,2025-09-24 12:00:00+05:30,2.5264204,85.91447,3.244996,86.82024
2077,2025-09-24 13:00:00+05:30,5.1826253,110.32322,6.151683,110.55613
2078,2025-09-24 14:00:00+05:30,7.555712,102.38075,10.759423,107.52566
2079,2025-09-24 15:00:00+05:30,3.219938,116.56499,4.542994,123.6901
2080,2025-09-24 16:00:00+05:30,4.7657523,100.88548,6.638072,102.5288
2081,2025-09-24 17:00:00+05:30,5.09435,57.99466,10.028439,68.96242
2082,2025-09-24 18:00:00+05:30,3.9844694,108.43504,10.036512,122.549995
2083,2025-09-24 19:00:00+05:30,4.3349743,94.76356,10.399576,113.459045
2084,2025-09-24 20:00:00+05:30,3.9312592,105.945465,9.187056,124.62422
2085,2025-09-24 21:00:00+05:30,4.060985,102.80426,9.437563,124.902565
2086,2025-09-24 22:00:00+05:30,4.1556225,72.34979,10.239453,100.12462
2087,2025-09-24 23:00:00+05:30,3.7971036,84.55976,10.137692,106.50443
2088,2025-09-25 00:00:00+05:30,3.8856654,76.60749,9.6480665,104.03627
2089,2025-09-25 01:00:00+05:30,4.7521367,65.37646,10.086427,92.045364
2090,2025-09-25 02:00:00+05:30,6.6818557,62.744755,14.101021,75.96373
2091,2025-09-25 03:00:00+05:30,7.229191,71.11382,15.717823,76.75947
2092,2025-09-25 04:00:00+05:30,5.232399,86.05489,13.679999,90.0
2093,2025-09-25 05:00:00+05:30,5.04,90.0,12.991212,93.97242
2094,2025-09-25 06:00:00+05:30,4.802999,77.00539,12.791403,87.58054
2095,2025-09-25 07:00:00+05:30,4.1556225,85.03035,6.66,90.0
2096,2025-09-25 08:00:00+05:30,6.2483597,101.63361,8.049845,100.30479
2097,2025-09-25 09:00:00+05:30,7.342588,101.3099,9.391102,102.17145
2098,2025-09-25 10:00:00+05:30,6.162207,83.29026,7.970972,83.51703
2099,2025-09-25 11:00:00+05:30,4.452954,75.96373,5.3699164,76.42955
2100,2025-09-25 12:00:00+05:30,3.7971036,84.55976,4.5322843,83.15732
2101,2025-09-25 13:00:00+05:30,4.2021427,46.73567,5.0911684,44.999897
2102,2025-09-25 14:00:00+05:30,6.302571,358.36346,7.92,360.0
2103,2025-09-25 15:00:00+05:30,6.8919086,130.76352,8.209263,127.875046
2104,2025-09-25 16:00:00+05:30,4.5891175,168.69011,5.4744864,170.53775
2105,2025-09-25 17:00:00+05:30,0.17999999,270.0,0.35999998,180.0
2106,2025-09-25 18:00:00+05:30,11.767651,173.85347,19.523155,157.21756
2107,2025-09-25 19:00:00+05:30,4.3274937,224.9999,7.5019197,210.25635
2108,2025-09-25 20:00:00+05:30,2.3469126,274.39862,4.8433046,221.98714
2109,2025-09-25 21:00:00+05:30,2.8460498,251.56496,7.8149853,241.07367
2110,2025-09-25 22:00:00+05:30,0.40249225,116.56499,3.3092597,202.38017
2111,2025-09-25 23:00:00+05:30,1.659518,12.528798,2.8174455,333.43503
2112,2025-09-26 00:00:00+05:30,2.7416782,23.198618,5.5916004,3.691312
2113,2025-09-26 01:00:00+05:30,5.8048253,29.744795,11.605464,23.78204
2114,2025-09-26 02:00:00+05:30,6.502461,48.366554,13.624228,46.60596
2115,2025-09-26 03:00:00+05:30,6.050785,67.24899,13.845967,63.768124
2116,2025-09-26 04:00:00+05:30,6.603817,72.55273,14.408997,77.00539
2117,2025-09-26 05:00:00+05:30,8.528657,82.72509,17.852697,86.531845
2118,2025-09-26 06:00:00+05:30,7.3821945,88.60285,11.521406,90.89516
2119,2025-09-26 07:00:00+05:30,12.703715,110.74616,16.712881,112.14523
2120,2025-09-26 08:00:00+05:30,14.33234,115.277695,19.401628,115.85181
2121,2025-09-26 09:00:00+05:30,16.701244,120.43416,22.843695,120.80883
2122,2025-09-26 10:00:00+05:30,18.193361,117.072,25.196142,116.74803
2123,2025-09-26 11:00:00+05:30,18.435726,117.31553,24.633049,116.939445
2124,2025-09-26 12:00:00+05:30,18.297245,105.40349,24.23324,105.06854
2125,2025-09-26 13:00:00+05:30,14.897651,115.01687,21.511318,114.20589
2126,2025-09-26 14:00:00+05:30,17.886242,110.62361,25.57584,110.603325
2127,2025-09-26 15:00:00+05:30,14.539945,111.801476,22.242203,113.86834
2128,2025-09-26 16:00:00+05:30,14.879153,124.65138,25.131119,125.967125
2129,2025-09-26 17:00:00+05:30,13.151091,120.4257,23.815163,122.969406
2130,2025-09-26 18:00:00+05:30,13.169556,111.65605,23.912914,115.40768
2131,2025-09-26 19:00:00+05:30,15.299999,115.05759,26.650946,117.776474
2132,2025-09-26 20:00:00+05:30,15.577022,112.4162,27.048555,116.05344
2133,2025-09-26 21:00:00+05:30,14.438198,125.86991,25.35637,128.65984
2134,2025-09-26 22:00:00+05:30,14.98331,118.72023,25.968079,122.25795
2135,2025-09-26 23:00:00+05:30,14.292725,121.08744,25.012228,124.14756
2136,2025-09-27 00:00:00+05:30,13.690654,114.88035,24.24928,118.84797
2137,2025-09-27 01:00:00+05:30,12.98248,106.9276,23.06881,110.55613
2138,2025-09-27 02:00:00+05:30,12.241323,107.10281,21.69952,110.38925
2139,2025-09-27 03:00:00+05:30,12.145665,96.80896,22.101183,102.22511
2140,2025-09-27 04:00:00+05:30,11.39842,105.57261,21.573734,107.98153
2141,2025-09-27 05:00:00+05:30,12.921192,108.68745,23.132626,110.97357
2142,2025-09-27 06:00:00+05:30,13.070776,112.6806,22.298214,116.35815
2143,2025-09-27 07:00:00+05:30,17.965767,127.67366,26.14403,128.2902
2144,2025-09-27 08:00:00+05:30,19.983242,135.3649,28.002584,134.4792
2145,2025-09-27 09:00:00+05:30,17.713316,127.568665,23.760681,127.30403
2146,2025-09-27 10:00:00+05:30,20.11656,136.45015,25.715443,136.13434
2147,2025-09-27 11:00:00+05:30,10.234705,145.75092,14.4,143.13002
2148,2025-09-27 12:00:00+05:30,8.792405,157.10942,11.298495,157.52052
2149,2025-09-27 13:00:00+05:30,16.489416,143.88057,22.075516,144.62517
2150,2025-09-27 14:00:00+05:30,9.340941,115.083565,12.638513,116.20005
2151,2025-09-27 15:00:00+05:30,11.631956,111.801476,16.048288,113.114235
2152,2025-09-27 16:00:00+05:30,11.351422,117.37762,16.909464,117.928894
2153,2025-09-27 17:00:00+05:30,9.901636,117.030785,17.975681,124.804085
2154,2025-09-27 18:00:00+05:30,6.28713,113.62939,14.251863,117.85956
2155,2025-09-27 19:00:00+05:30,7.1389914,123.6901,16.055355,132.27364
2156,2025-09-27 20:00:00+05:30,5.7628117,128.65984,14.796175,143.40881
2157,2025-09-27 21:00:00+05:30,5.6492476,120.65059,14.387619,136.52072
2158,2025-09-27 22:00:00+05:30,6.28713,103.24053,14.77755,124.07724
2159,2025-09-27 23:00:00+05:30,6.5049515,104.420815,15.141414,118.39293
2160,2025-09-28 00:00:00+05:30,6.7469993,99.21095,15.137133,115.34614
2161,2025-09-28 01:00:00+05:30,6.302571,91.63654,14.799459,108.43504
2162,2025-09-28 02:00:00+05:30,5.5916004,86.308685,13.358861,104.03627
2163,2025-09-28 03:00:00+05:30,7.040739,85.60138,15.2501545,101.57516
2164,2025-09-28 04:00:00+05:30,5.2694216,97.853226,13.54911,109.39791
2165,2025-09-28 05:00:00+05:30,4.978554,130.60121,12.906138,129.90784
2166,2025-09-28 06:00:00+05:30,7.42159,112.833694,14.7039175,129.53613
2167,2025-09-28 07:00:00+05:30,7.6409945,105.01841,11.555102,108.1528
2168,2025-09-28 08:00:00+05:30,7.674842,140.7106,9.957108,139.39879
2169,2025-09-28 09:00:00+05:30,9.220499,141.34016,11.525623,141.34016
2170,2025-09-28 10:00:00+05:30,9.2660675,119.05451,11.391313,121.42951
2171,2025-09-28 11:00:00+05:30,7.8583965,69.904686,9.565437,70.20104
2172,2025-09-28 12:00:00+05:30,5.5216303,70.974304,7.293888,74.248764
2173,2025-09-28 13:00:00+05:30,5.950899,93.46816,7.388775,92.79265
2174,2025-09-28 14:00:00+05:30,9.391102,167.82855,11.966954,164.2913
2175,2025-09-28 15:00:00+05:30,6.424764,191.30989,8.11798,183.814
2176,2025-09-28 16:00:00+05:30,6.452441,210.1413,8.61371,206.02953
2177,2025-09-28 17:00:00+05:30,2.6758924,199.65392,6.8138976,192.20045
2178,2025-09-28 18:00:00+05:30,4.2136917,199.9832,10.8029995,190.56096
2179,2025-09-28 19:00:00+05:30,7.458606,199.74693,16.071491,195.59286
2180,2025-09-28 20:00:00+05:30,6.7469993,189.21095,15.677576,192.60016
2181,2025-09-28 21:00:00+05:30,5.426933,185.7105,14.056144,189.58287
2182,2025-09-28 22:00:00+05:30,4.6800003,202.6199,13.1041975,200.92458
2183,2025-09-28 23:00:00+05:30,4.0249224,206.56499,11.298495,210.65059
2184,2025-09-29 00:00:00+05:30,2.7475805,211.60745,9.080639,219.3693
2185,2025-09-29 01:00:00+05:30,2.995797,212.73521,8.92408,221.72942
2186,2025-09-29 02:00:00+05:30,2.995797,237.26477,8.893166,234.0578
2187,2025-09-29 03:00:00+05:30,2.6208394,285.94547,7.731622,257.90524
2188,2025-09-29 04:00:00+05:30,2.5582807,309.28937,7.029225,272.9356
2189,2025-09-29 05:00:00+05:30,3.6,323.13,7.8149853,298.92633
2190,2025-09-29 06:00:00+05:30,2.97953,295.01685,6.5223618,297.97937
2191,2025-09-29 07:00:00+05:30,2.3469129,302.47116,3.550155,300.46545
2192,2025-09-29 08:00:00+05:30,5.1575575,330.75128,6.6087217,330.64233
2193,2025-09-29 09:00:00+05:30,4.503598,2.2905633,5.5916004,3.691312
2194,2025-09-29 10:00:00+05:30,4.5891175,11.3098955,5.5887027,14.931467
2195,2025-09-29 11:00:00+05:30,4.514377,4.5738406,5.6060677,5.527458
2196,2025-09-29 12:00:00+05:30,3.4949677,11.888645,4.278551,14.620926
2197,2025-09-29 13:00:00+05:30,2.1068459,19.983198,2.5071096,21.037588
2198,2025-09-29 14:00:00+05:30,1.0495713,59.03632,1.2979984,56.309914
2199,2025-09-29 15:00:00+05:30,0.17999999,270.0,0.17999999,270.0
2200,2025-09-29 16:00:00+05:30,1.9134263,318.81415,2.1674871,311.63345
2201,2025-09-29 17:00:00+05:30,0.9178235,348.6901,2.8116899,309.8055
2202,2025-09-29 18:00:00+05:30,6.6794305,14.036275,12.108261,11.142857
2203,2025-09-29 19:00:00+05:30,2.2768397,18.435053,6.0347,17.354122
2204,2025-09-29 20:00:00+05:30,1.08,360.0,4.724786,17.744766
2205,2025-09-29 21:00:00+05:30,3.4763772,338.74942,7.9383874,356.09958
2206,2025-09-29 22:00:00+05:30,2.657668,28.30066,7.458606,19.746927
2207,2025-09-29 23:00:00+05:30,0.5091169,135.0001,3.5455887,23.962492
2208,2025-09-30 00:00:00+05:30,1.8532133,299.0545,4.846648,338.19852
2209,2025-09-30 01:00:00+05:30,4.0249224,296.56497,7.6367526,315.0001
2210,2025-09-30 02:00:00+05:30,4.846648,301.32864,10.210936,310.71075
2211,2025-09-30 03:00:00+05:30,4.471107,310.10083,11.212135,317.6026
2212,2025-09-30 04:00:00+05:30,4.072935,315.0001,10.799999,323.13004
2213,2025-09-30 05:00:00+05:30,3.4388947,312.8789,9.688281,324.8335
2214,2025-09-30 06:00:00+05:30,7.3821945,358.60284,12.961249,359.20428
2215,2025-09-30 07:00:00+05:30,9.82279,13.781618,13.926464,14.215896
2216,2025-09-30 08:00:00+05:30,7.989242,22.520613,10.636766,23.962492
2217,2025-09-30 09:00:00+05:30,5.937272,14.036275,7.596341,13.706991
2218,2025-09-30 10:00:00+05:30,5.3699164,13.5704565,6.8541956,13.671325
2219,2025-09-30 11:00:00+05:30,4.278551,345.3791,5.3305535,348.31067
2220,2025-09-30 12:00:00+05:30,4.2021427,313.26434,4.965521,316.46872
2221,2025-09-30 13:00:00+05:30,4.755544,299.4758,5.8048253,299.74478
2222,2025-09-30 14:00:00+05:30,9.007196,272.29056,11.542478,273.57626
2223,2025-09-30 15:00:00+05:30,10.805999,268.09088,15.12107,270.68204
2224,2025-09-30 16:00:00+05:30,6.8612823,265.48608,10.98,270.0
2225,2025-09-30 17:00:00+05:30,3.604497,267.13766,9.044888,275.7105
2226,2025-09-30 18:00:00+05:30,2.7416782,246.80138,7.3799996,270.0
2227,2025-09-30 19:00:00+05:30,3.494968,214.50858,7.8087645,244.02565
2228,2025-09-30 20:00:00+05:30,6.6087217,209.35765,12.601285,225.57864
2229,2025-09-30 21:00:00+05:30,7.0407386,237.52882,14.941085,238.79955
2230,2025-09-30 22:00:00+05:30,6.9153743,218.65984,14.957339,230.37103
2231,2025-09-30 23:00:00+05:30,3.8141315,109.290146,6.0077944,171.38443
2232,2025-10-01 00:00:00+05:30,4.143911,357.5105,5.7628117,14.470333
2233,2025-10-01 01:00:00+05:30,9.044888,354.2895,14.33347,352.78583
2234,2025-10-01 02:00:00+05:30,1.6299692,353.6599,5.3699164,346.42953
2235,2025-10-01 03:00:00+05:30,3.8183763,135.0001,5.4744864,117.40749
2236,2025-10-01 04:00:00+05:30,4.599695,149.42085,9.1958685,139.76372
2237,2025-10-01 05:00:00+05:30,2.5455842,135.0001,3.710795,202.8337
2238,2025-10-01 06:00:00+05:30,9.3962755,106.699326,15.481046,113.28609
2239,2025-10-01 07:00:00+05:30,7.0934615,125.70678,12.682018,124.592354
2240,2025-10-01 08:00:00+05:30,8.161764,138.57643,12.870944,137.83418
2241,2025-10-01 09:00:00+05:30,8.587338,123.02387,10.837435,122.106224
2242,2025-10-01 10:00:00+05:30,7.193247,121.701385,8.891343,121.75944
2243,2025-10-01 11:00:00+05:30,10.534229,106.88687,13.672893,106.04907
2244,2025-10-01 12:00:00+05:30,12.413476,106.85848,15.7754345,106.57409
2245,2025-10-01 13:00:00+05:30,12.399113,117.68098,15.2947035,116.56499
2246,2025-10-01 14:00:00+05:30,10.546525,117.439644,14.668619,119.39596
2247,2025-10-01 15:00:00+05:30,9.906544,114.70241,13.443481,116.22191
2248,2025-10-01 16:00:00+05:30,8.209263,105.25517,14.206323,112.3407
2249,2025-10-01 17:00:00+05:30,12.007498,113.87529,22.81744,119.80086
2250,2025-10-01 18:00:00+05:30,11.7,112.61991,21.90756,118.46008
2251,2025-10-01 19:00:00+05:30,8.461914,91.21885,17.377226,103.17256
2252,2025-10-01 20:00:00+05:30,9.901636,88.9584,19.804907,97.83544
2253,2025-10-01 21:00:00+05:30,9.826088,81.57312,19.087639,88.37889
2254,2025-10-01 22:00:00+05:30,10.8955765,97.59455,20.596436,99.050644
2255,2025-10-01 23:00:00+05:30,7.814986,82.056625,13.397612,96.17008
2256,2025-10-02 00:00:00+05:30,11.272657,51.483044,16.928614,54.958
2257,2025-10-02 01:00:00+05:30,12.56008,64.5367,19.95485,68.2945
2258,2025-10-02 02:00:00+05:30,10.1456785,64.79892,16.077536,68.31765
2259,2025-10-02 03:00:00+05:30,13.1412325,76.53478,22.482714,83.10268
2260,2025-10-02 04:00:00+05:30,12.96125,62.723324,21.060001,67.3801
2261,2025-10-02 05:00:00+05:30,14.336861,118.495544,25.408068,120.19792
2262,2025-10-02 06:00:00+05:30,11.9466305,96.0541,21.219397,100.261314
2263,2025-10-02 07:00:00+05:30,12.182955,102.80426,18.568813,101.745605
2264,2025-10-02 08:00:00+05:30,14.348156,109.79897,20.561798,110.49743
2265,2025-10-02 09:00:00+05:30,16.011908,111.08383,23.365358,111.22772
2266,2025-10-02 10:00:00+05:30,17.0763,124.69522,25.382553,126.05734
2267,2025-10-02 11:00:00+05:30,16.746773,115.46331,21.988014,114.67685
2268,2025-10-02 12:00:00+05:30,15.743571,112.1664,23.4,112.61991
2269,2025-10-02 13:00:00+05:30,13.441071,110.37652,19.488274,111.11357
2270,2025-10-02 14:00:00+05:30,14.068816,106.34825,20.57125,105.73887
2271,2025-10-02 15:00:00+05:30,17.95043,133.7812,28.385834,134.22934
2272,2025-10-02 16:00:00+05:30,16.16897,133.64688,26.095034,135.83832
2273,2025-10-02 17:00:00+05:30,16.740969,126.25393,28.673721,128.8845
2274,2025-10-02 18:00:00+05:30,14.420235,114.32556,25.11758,117.29949
2275,2025-10-02 19:00:00+05:30,12.976239,113.720406,23.042812,118.96757
2276,2025-10-02 20:00:00+05:30,13.577776,104.58897,24.037918,110.606346
2277,2025-10-02 21:00:00+05:30,15.443328,111.18142,26.921284,113.65133
2278,2025-10-02 22:00:00+05:30,14.494192,104.38144,25.501621,108.946594
2279,2025-10-02 23:00:00+05:30,13.055896,105.1859,24.037918,110.606346
2280,2025-10-03 00:00:00+05:30,11.542478,93.57626,21.359411,102.16219
2281,2025-10-03 01:00:00+05:30,9.3876505,94.39862,18.921415,101.52369
2282,2025-10-03 02:00:00+05:30,12.835653,104.62092,23.395153,108.85326
2283,2025-10-03 03:00:00+05:30,14.517644,109.55834,25.056879,114.17144
2284,2025-10-03 04:00:00+05:30,12.961249,99.59306,22.6235,105.69499
2285,2025-10-03 05:00:00+05:30,15.934829,138.2053,27.725258,140.00398
2286,2025-10-03 06:00:00+05:30,13.15971,130.0062,21.782972,132.65584
2287,2025-10-03 07:00:00+05:30,16.956343,127.23492,26.84958,129.55963
2288,2025-10-03 08:00:00+05:30,20.421871,139.28925,28.566174,138.57643
2289,2025-10-03 09:00:00+05:30,18.030575,148.05528,25.611284,146.75667
2290,2025-10-03 10:00:00+05:30,17.471132,152.37901,24.565218,151.55717
2291,2025-10-03 11:00:00+05:30,16.546299,149.2501,22.59699,149.34941
2292,2025-10-03 12:00:00+05:30,15.042659,158.96242,19.488274,158.88643
2293,2025-10-03 13:00:00+05:30,14.48972,153.43501,20.447239,153.88615
2294,2025-10-03 14:00:00+05:30,11.200571,135.0001,16.443172,138.10611
2295,2025-10-03 15:00:00+05:30,9.292254,134.21527,13.239486,136.10162
2296,2025-10-03 16:00:00+05:30,9.587428,140.3322,16.813387,142.39394
2297,2025-10-03 17:00:00+05:30,8.089993,110.854546,18.278645,122.12497
2298,2025-10-03 18:00:00+05:30,11.345712,138.21558,22.065973,146.3099
2299,2025-10-03 19:00:00+05:30,9.726664,141.009,19.881649,148.32457
2300,2025-10-03 20:00:00+05:30,9.9408245,137.93575,20.340796,143.63704
2301,2025-10-03 21:00:00+05:30,8.155807,157.96371,18.273325,153.68742
2302,2025-10-03 22:00:00+05:30,8.865799,174.17375,16.724508,171.9572
2303,2025-10-03 23:00:00+05:30,10.00256,149.74365,21.42227,155.15764
2304,2025-10-04 00:00:00+05:30,11.132385,140.90614,21.332088,148.4559
2305,2025-10-04 01:00:00+05:30,9.422101,136.54811,19.320465,146.0138
2306,2025-10-04 02:00:00+05:30,10.718693,139.08571,21.313093,142.54935
2307,2025-10-04 03:00:00+05:30,8.274128,135.88132,17.534992,144.18875
2308,2025-10-04 04:00:00+05:30,14.387619,133.4793,25.16719,139.93216
2309,2025-10-04 05:00:00+05:30,11.666721,141.89238,22.350462,149.51114
2310,2025-10-04 06:00:00+05:30,14.138882,148.5359,23.908173,153.62793
2311,2025-10-04 07:00:00+05:30,20.945072,155.63756,30.91654,154.47932
2312,2025-10-04 08:00:00+05:30,17.992796,160.11475,25.451387,160.15529
2313,2025-10-04 09:00:00+05:30,16.840345,169.53088,22.282953,170.23338
2314,2025-10-04 10:00:00+05:30,17.84271,177.1088,22.7057,177.27374
2315,2025-10-04 11:00:00+05:30,16.940096,165.2254,22.30911,165.51523
2316,2025-10-04 12:00:00+05:30,15.10821,158.32529,21.594748,158.9967
2317,2025-10-04 13:00:00+05:30,12.86087,136.70131,17.84816,138.27058
2318,2025-10-04 14:00:00+05:30,13.37825,156.19405,18.388212,156.94867
2319,2025-10-04 15:00:00+05:30,7.968939,198.43504,13.379461,199.65392
2320,2025-10-04 16:00:00+05:30,12.413476,163.14153,21.109941,168.69011
2321,2025-10-04 17:00:00+05:30,11.27553,163.30067,22.046877,171.0761
2322,2025-10-04 18:00:00+05:30,13.5012,180.76389,24.69217,182.92491
2323,2025-10-04 19:00:00+05:30,14.508715,168.55069,26.300335,172.92372
2324,2025-10-04 20:00:00+05:30,16.336426,161.36533,28.859562,165.18364
2325,2025-10-04 21:00:00+05:30,14.861722,168.8262,26.754684,171.48837
2326,2025-10-04 22:00:00+05:30,13.979871,168.11136,25.659945,171.52895
2327,2025-10-04 23:00:00+05:30,11.793777,164.05453,22.416323,168.4194
2328,2025-10-05 00:00:00+05:30,12.849528,168.69011,23.893261,173.9459
2329,2025-10-05 01:00:00+05:30,11.897714,162.38733,22.59269,168.51105
2330,2025-10-05 02:00:00+05:30,13.055896,195.18588,22.963936,193.60056
2331,2025-10-05 03:00:00+05:30,7.814986,172.05663,14.404499,181.43207
2332,2025-10-05 04:00:00+05:30,3.745557,215.21768,10.495713,202.1664
2333,2025-10-05 05:00:00+05:30,12.535548,195.83246,23.096882,194.9027
2334,2025-10-05 06:00:00+05:30,12.534257,167.56046,20.656126,169.96317
2335,2025-10-05 07:00:00+05:30,14.799459,184.18483,19.852295,184.15956
2336,2025-10-05 08:00:00+05:30,14.587776,195.75124,20.00269,195.66217
2337,2025-10-05 09:00:00+05:30,14.687382,199.32327,20.0391,199.41158
2338,2025-10-05 10:00:00+05:30,11.592895,244.23071,15.141414,241.60707
2339,2025-10-05 11:00:00+05:30,16.363178,219.64413,21.710716,220.29207
2340,2025-10-05 12:00:00+05:30,16.80857,223.26433,22.786179,224.03992
2341,2025-10-05 13:00:00+05:30,16.676977,212.6609,22.66857,212.68054
2342,2025-10-05 14:00:00+05:30,11.843124,226.8476,16.697365,228.05878
2343,2025-10-05 15:00:00+05:30,9.299225,194.57425,13.5515,196.9909
2344,2025-10-05 16:00:00+05:30,5.7628117,181.78987,9.54679,182.16103
2345,2025-10-05 17:00:00+05:30,5.1544156,192.09474,10.897063,202.3287
2346,2025-10-05 18:00:00+05:30,4.175069,187.43132,9.796366,200.4329
2347,2025-10-05 19:00:00+05:30,6.2379804,133.83095,11.923557,151.11351
2348,2025-10-05 20:00:00+05:30,6.1226463,155.69547,14.007655,154.09355
2349,2025-10-05 21:00:00+05:30,4.2021422,170.13426,11.252519,172.64772
2350,2025-10-05 22:00:00+05:30,6.482499,178.40889,13.864674,178.51216
2351,2025-10-05 23:00:00+05:30,8.604301,195.78082,14.935662,192.5288
2352,2025-10-06 00:00:00+05:30,5.6521144,217.23491,11.832176,213.20659
2353,2025-10-06 01:00:00+05:30,1.2727921,171.86998,5.8298883,188.88058
2354,2025-10-06 02:00:00+05:30,1.484318,255.96373,4.724786,229.63554
2355,2025-10-06 03:00:00+05:30,3.964089,182.60251,8.825508,191.76826
2356,2025-10-06 04:00:00+05:30,1.9386592,158.19853,5.426933,185.7105
2357,2025-10-06 05:00:00+05:30,5.509882,141.63248,8.643749,148.62704
2358,2025-10-06 06:00:00+05:30,10.272623,168.887,19.222954,173.00816
2359,2025-10-06 07:00:00+05:30,10.096059,191.30989,16.284779,193.42184
2360,2025-10-06 08:00:00+05:30,8.534353,207.64589,11.592895,205.76927
2361,2025-10-06 09:00:00+05:30,9.734988,213.6901,12.730468,213.46541
2362,2025-10-06 10:00:00+05:30,6.8777895,222.87889,8.790563,222.5104
2363,2025-10-06 11:00:00+05:30,5.154415,245.22488,6.279395,242.7005
2364,2025-10-06 12:00:00+05:30,6.206738,253.14151,8.163749,255.96373
2365,2025-10-06 13:00:00+05:30,5.5216303,250.9743,7.1208143,253.85559
2366,2025-10-06 14:00:00+05:30,5.876938,229.9698,7.344794,233.97253
2367,2025-10-06 15:00:00+05:30,5.072041,207.47435,6.1437774,211.82741
2368,2025-10-06 16:00:00+05:30,2.2768397,198.43504,2.907989,201.80147
2369,2025-10-06 17:00:00+05:30,1.2727921,135.0001,1.8,126.86999
2370,2025-10-06 18:00:00+05:30,4.39436,124.992096,8.9873905,122.73522
2371,2025-10-06 19:00:00+05:30,3.693291,133.02507,9.673221,135.0001
2372,2025-10-06 20:00:00+05:30,3.7971036,174.55975,9.743305,168.27492
2373,2025-10-06 21:00:00+05:30,5.7515564,200.13638,13.708391,193.67133
2374,2025-10-06 22:00:00+05:30,3.7799997,180.0,11.013882,191.30989
2375,2025-10-06 23:00:00+05:30,3.4623692,62.10283,3.710795,112.833694
2376,2025-10-07 00:00:00+05:30,0.8049845,116.56499,4.14,180.0
2377,2025-10-07 01:00:00+05:30,1.659518,139.39879,4.913044,171.57312
2378,2025-10-07 02:00:00+05:30,1.08,90.0,1.5484185,144.46223
2379,2025-10-07 03:00:00+05:30,2.8174455,153.43501,5.6262593,172.64772
2380,2025-10-07 04:00:00+05:30,1.484318,104.03627,3.3043609,150.64235
2381,2025-10-07 05:00:00+05:30,3.143565,103.24053,5.1165614,129.28938
2382,2025-10-07 06:00:00+05:30,4.5322843,96.84268,6.452441,112.98875
2383,2025-10-07 07:00:00+05:30,2.7416782,113.19862,3.143565,113.62939
2384,2025-10-07 08:00:00+05:30,1.2979984,123.690094,1.3708391,113.19862
2385,2025-10-07 09:00:00+05:30,0.742159,255.96373,0.9178235,281.3099
2386,2025-10-07 10:00:00+05:30,1.659518,102.5288,1.9881649,95.19434
2387,2025-10-07 11:00:00+05:30,3.06,28.072395,3.7064266,29.054508
2388,2025-10-07 12:00:00+05:30,4.7928696,34.286938,5.9427266,35.134277
2389,2025-10-07 13:00:00+05:30,3.244996,56.3099,3.9966483,54.16227
2390,2025-10-07 14:00:00+05:30,3.6402748,81.46932,4.175069,82.56869
2391,2025-10-07 15:00:00+05:30,5.0911684,188.13002,5.6835546,169.04597
2392,2025-10-07 16:00:00+05:30,5.876938,220.0302,7.8149853,218.45374
2393,2025-10-07 17:00:00+05:30,4.510787,208.61037,4.942631,213.11136
2394,2025-10-07 18:00:00+05:30,3.244996,183.17976,7.415038,185.5721
2395,2025-10-07 19:00:00+05:30,3.62243,153.43501,8.759178,170.53775
2396,2025-10-07 20:00:00+05:30,4.896529,162.89719,12.221456,170.67648
2397,2025-10-07 21:00:00+05:30,5.0688457,186.1154,13.709573,183.76396
2398,2025-10-07 22:00:00+05:30,4.86,180.0,13.529966,183.814
2399,2025-10-07 23:00:00+05:30,2.4216523,131.98714,6.6818557,175.36462
2400,2025-10-08 00:00:00+05:30,2.36753,171.25392,7.342588,191.30989
2401,2025-10-08 01:00:00+05:30,1.8089776,174.2895,5.7964473,205.76927
2402,2025-10-08 02:00:00+05:30,2.1674871,184.76355,6.193674,215.53777
2403,2025-10-08 03:00:00+05:30,0.17999999,90.0,2.4149535,243.43501
2404,2025-10-08 04:00:00+05:30,2.9301877,79.380394,3.143565,76.75947
2405,2025-10-08 05:00:00+05:30,5.495161,148.39255,9.418662,135.0001
2406,2025-10-08 06:00:00+05:30,3.362677,164.47583,4.8466477,164.93146
2407,2025-10-08 07:00:00+05:30,3.494968,145.49142,5.441838,145.78424
2408,2025-10-08 08:00:00+05:30,6.0908127,161.0295,7.628263,160.70985
2409,2025-10-08 09:00:00+05:30,4.1556225,162.3498,5.1826253,159.67677
2410,2025-10-08 10:00:00+05:30,3.01735,162.64589,3.8141315,160.70985
2411,2025-10-08 11:00:00+05:30,2.0523157,164.74483,2.4482646,162.89719
2412,2025-10-08 12:00:00+05:30,2.5455842,188.13002,3.0811036,186.70975
2413,2025-10-08 13:00:00+05:30,2.226477,194.03627,2.5455842,188.13002
2414,2025-10-08 14:00:00+05:30,3.244996,213.6901,3.8183763,224.9999
2415,2025-10-08 15:00:00+05:30,7.388775,124.07724,9.485504,123.388535
2416,2025-10-08 16:00:00+05:30,1.5484185,215.53777,1.6199999,180.0
2417,2025-10-08 17:00:00+05:30,2.5071096,158.96242,7.989243,194.34937
2418,2025-10-08 18:00:00+05:30,2.1897945,189.46225,6.5248446,204.44394
2419,2025-10-08 19:00:00+05:30,3.244996,213.6901,7.9383874,212.9694
2420,2025-10-08 20:00:00+05:30,2.8460495,214.69522,6.9247384,207.89717
2421,2025-10-08 21:00:00+05:30,2.6758924,199.65392,6.4323244,197.92801
2422,2025-10-08 22:00:00+05:30,1.484318,194.03627,4.7827187,199.79897
2423,2025-10-08 23:00:00+05:30,3.01735,107.35411,6.3639607,151.2603
2424,2025-10-09 00:00:00+05:30,1.4058449,50.194473,3.572898,139.08571
2425,2025-10-09 01:00:00+05:30,1.4399999,90.0,3.494968,145.49142
2426,2025-10-09 02:00:00+05:30,1.609969,116.56499,4.0249224,153.43501
2427,2025-10-09 03:00:00+05:30,1.4399999,90.0,2.9522195,142.43134
2428,2025-10-09 04:00:00+05:30,0.9,360.0,0.71999997,360.0
2429,2025-10-09 05:00:00+05:30,4.080882,318.57642,10.571074,317.07004
2430,2025-10-09 06:00:00+05:30,3.9518096,329.9315,8.217153,331.1893
2431,2025-10-09 07:00:00+05:30,2.6208394,344.05453,4.1046314,344.7448
2432,2025-10-09 08:00:00+05:30,3.671294,348.6901,4.802999,347.00537
2433,2025-10-09 09:00:00+05:30,4.5536795,18.435053,5.637765,16.699326
2434,2025-10-09 10:00:00+05:30,3.7064266,29.054508,4.669604,27.552727
2435,2025-10-09 11:00:00+05:30,6.269067,50.82635,7.519175,47.91091
2436,2025-10-09 12:00:00+05:30,6.2613096,71.564964,7.628263,70.70986
2437,2025-10-09 13:00:00+05:30,4.7928696,34.286938,5.876938,40.030197
2438,2025-10-09 14:00:00+05:30,2.8799999,270.0,3.536439,284.74362
2439,2025-10-09 15:00:00+05:30,3.8773184,21.801476,5.1826253,20.323217
2440,2025-10-09 16:00:00+05:30,2.6999998,323.13004,4.6938257,327.52884
2441,2025-10-09 17:00:00+05:30,7.42159,75.96373,13.533558,76.14857
2442,2025-10-09 18:00:00+05:30,2.7475805,121.60746,7.172949,107.52566
2443,2025-10-09 19:00:00+05:30,3.536439,165.2564,7.5685663,154.65387
2444,2025-10-09 20:00:00+05:30,2.36753,171.25392,6.6818557,175.36462
2445,2025-10-09 21:00:00+05:30,3.0652893,130.23628,6.1226463,155.69547
2446,2025-10-09 22:00:00+05:30,4.4565907,136.63654,8.797931,149.23735
2447,2025-10-09 23:00:00+05:30,1.9469976,236.3099,4.3498964,245.55606
2448,2025-10-10 00:00:00+05:30,3.6,233.13002,7.293888,254.24875
2449,2025-10-10 01:00:00+05:30,6.6624317,271.54813,13.910169,280.4374
2450,2025-10-10 02:00:00+05:30,7.3469996,300.96368,15.070633,299.32037
2451,2025-10-10 03:00:00+05:30,3.7971036,354.55975,10.062305,333.43503
2452,2025-10-10 04:00:00+05:30,3.62243,333.43503,10.304115,340.6154
2453,2025-10-10 05:00:00+05:30,4.1556225,342.34976,10.315115,330.75128
2454,2025-10-10 06:00:00+05:30,7.8087645,334.02567,10.32924,337.45688
2455,2025-10-10 07:00:00+05:30,7.6367526,351.87,10.387107,351.02744
2456,2025-10-10 08:00:00+05:30,6.638072,12.528798,8.688613,13.17257
2457,2025-10-10 09:00:00+05:30,7.5685663,25.346138,9.340941,25.083572
2458,2025-10-10 10:00:00+05:30,7.145796,40.9143,8.827344,39.207188
2459,2025-10-10 11:00:00+05:30,8.099999,36.86999,10.009036,37.694313
2460,2025-10-10 12:00:00+05:30,8.490582,32.005356,10.685391,32.61924
2461,2025-10-10 13:00:00+05:30,7.0774574,7.3056703,8.967541,10.407656
2462,2025-10-10 14:00:00+05:30,15.004919,100.36627,20.454369,96.0617
2463,2025-10-10 15:00:00+05:30,3.1072817,169.99208,3.550155,149.53453
2464,2025-10-10 16:00:00+05:30,2.8856194,86.423744,3.5864744,72.47434
2465,2025-10-10 17:00:00+05:30,3.3481934,143.74608,5.2323985,139.18501
2466,2025-10-10 18:00:00+05:30,1.8,126.86999,3.7971036,95.44024
2467,2025-10-10 19:00:00+05:30,2.16,180.0,1.6981165,147.99466
2468,2025-10-10 20:00:00+05:30,0.9,180.0,1.0182338,44.999897
2469,2025-10-10 21:00:00+05:30,0.76367533,135.0001,3.8268526,48.814175
2470,2025-10-10 22:00:00+05:30,1.2979984,56.309914,6.8919086,40.763515
2471,2025-10-10 23:00:00+05:30,1.0495713,329.03632,6.341009,34.592358
2472,2025-10-11 00:00:00+05:30,2.9024127,97.12492,8.777653,74.53873
2473,2025-10-11 01:00:00+05:30,3.9477081,65.77226,9.914717,74.197426
2474,2025-10-11 02:00:00+05:30,4.5322843,96.84268,11.35285,92.72626
2475,2025-10-11 03:00:00+05:30,1.8089776,5.7105074,4.942631,56.88865
2476,2025-10-11 04:00:00+05:30,6.8989563,15.124064,14.587776,15.75124
2477,2025-10-11 05:00:00+05:30,6.489992,3.179772,14.58,360.0
2478,2025-10-11 06:00:00+05:30,6.7565966,41.760216,11.236671,35.217674
2479,2025-10-11 07:00:00+05:30,7.6579366,23.552286,10.32924,22.543112
2480,2025-10-11 08:00:00+05:30,8.0599,29.427368,10.805998,29.981556
2481,2025-10-11 09:00:00+05:30,9.109138,29.604366,11.923557,28.886486
2482,2025-10-11 10:00:00+05:30,8.4963045,36.38445,11.196232,36.50153
2483,2025-10-11 11:00:00+05:30,10.348043,40.06073,12.791403,39.289394
2484,2025-10-11 12:00:00+05:30,7.748368,30.735416,9.693296,31.328646
2485,2025-10-11 13:00:00+05:30,8.149847,6.3401003,10.158444,7.12493
2486,2025-10-11 14:00:00+05:30,8.227004,10.0805435,10.6261,10.738852
2487,2025-10-11 15:00:00+05:30,7.289445,32.905247,9.693296,31.328646
2488,2025-10-11 16:00:00+05:30,4.913044,81.57312,8.557102,75.37909
2489,2025-10-11 17:00:00+05:30,8.6867485,124.019394,17.123669,123.85715
2490,2025-10-11 18:00:00+05:30,3.563818,135.0001,10.805998,119.98155
2491,2025-10-11 19:00:00+05:30,4.353619,187.12492,9.668195,155.82089
2492,2025-10-11 20:00:00+05:30,4.8733153,175.76369,10.4166975,170.04944
2493,2025-10-11 21:00:00+05:30,4.942631,169.50858,11.190442,168.87085
2494,2025-10-11 22:00:00+05:30,2.5959969,213.6901,7.4346757,186.95287
2495,2025-10-11 23:00:00+05:30,1.2074767,206.56499,5.0528407,184.08554
2496,2025-10-12 00:00:00+05:30,3.0758414,110.55613,6.522361,140.59937
2497,2025-10-12 01:00:00+05:30,3.4763772,111.25058,6.7469993,133.91916
2498,2025-10-12 02:00:00+05:30,2.657668,151.69934,4.7521367,155.37645
2499,2025-10-12 03:00:00+05:30,0.56920993,341.56494,0.71999997,270.0
2500,2025-10-12 04:00:00+05:30,3.7971036,354.55975,4.143911,357.5105
2501,2025-10-12 05:00:00+05:30,4.542994,326.3099,9.109138,322.22424
2502,2025-10-12 06:00:00+05:30,5.7964473,334.2307,7.9220443,338.682
2503,2025-10-12 07:00:00+05:30,5.2416787,344.05453,7.8728137,349.46088
2504,2025-10-12 08:00:00+05:30,6.302571,358.36346,8.641874,358.80652
2505,2025-10-12 09:00:00+05:30,8.171683,7.59456,10.742848,8.673101
2506,2025-10-12 10:00:00+05:30,7.1321807,10.175456,9.114471,9.090207
2507,2025-10-12 11:00:00+05:30,8.281956,1.2453395,10.441552,0.9877458
2508,2025-10-12 12:00:00+05:30,8.101999,358.727,10.441552,359.01227
2509,2025-10-12 13:00:00+05:30,8.11798,356.186,10.464798,356.0549
2510,2025-10-12 14:00:00+05:30,8.311245,355.03033,11.032987,354.3825
2511,2025-10-12 15:00:00+05:30,7.029225,357.0644,9.9587345,353.77426
2512,2025-10-12 16:00:00+05:30,4.5891175,11.3098955,10.644379,3.8784592
2513,2025-10-12 17:00:00+05:30,2.9024127,29.744795,7.771331,13.392516
2514,2025-10-12 18:00:00+05:30,3.143565,66.37061,7.256032,43.995014
2515,2025-10-12 19:00:00+05:30,1.659518,102.5288,5.154415,65.22488
2516,2025-10-12 20:00:00+05:30,0.6489992,236.3099,0.54,180.0
2517,2025-10-12 21:00:00+05:30,3.2846913,260.53775,4.724786,252.25523
2518,2025-10-12 22:00:00+05:30,2.7943513,255.06853,4.896529,252.89719
2519,2025-10-12 23:00:00+05:30,4.143911,267.5105,6.8541956,283.67133
2520,2025-10-13 00:00:00+05:30,4.3349743,274.76355,8.536252,294.94388
2521,2025-10-13 01:00:00+05:30,4.4274144,296.56497,9.807935,312.7688
2522,2025-10-13 02:00:00+05:30,4.4274144,333.43503,10.805998,330.01843
2523,2025-10-13 03:00:00+05:30,4.6938252,355.60138,11.543881,349.21573
2524,2025-10-13 04:00:00+05:30,5.4744864,350.53775,13.775586,353.24652
2525,2025-10-13 05:00:00+05:30,7.9383874,356.09958,19.083395,358.9191
2526,2025-10-13 06:00:00+05:30,9.028754,355.42615,18.416384,4.484529
2527,2025-10-13 07:00:00+05:30,6.8423676,1.5074003,14.935662,12.528798
2528,2025-10-13 08:00:00+05:30,8.035746,15.5928755,11.328566,17.571348
2529,2025-10-13 09:00:00+05:30,11.132385,14.036275,14.84318,14.036275
2530,2025-10-13 10:00:00+05:30,11.212135,5.527458,14.471821,5.7105074
2531,2025-10-13 11:00:00+05:30,11.788281,352.98358,15.427586,352.62634
2532,2025-10-13 12:00:00+05:30,11.212135,354.47253,14.830076,354.4279
2533,2025-10-13 13:00:00+05:30,9.779817,353.6599,13.184308,355.3014
2534,2025-10-13 14:00:00+05:30,9.531505,349.11453,12.961249,350.40692
2535,2025-10-13 15:00:00+05:30,9.3962755,339.82925,14.401124,341.7914
2536,2025-10-13 16:00:00+05:30,6.638072,319.39877,14.438198,324.1301
2537,2025-10-13 17:00:00+05:30,8.161764,318.57642,19.513195,322.4958
2538,2025-10-13 18:00:00+05:30,6.1305785,310.2363,16.940096,317.15298
2539,2025-10-13 19:00:00+05:30,6.2379804,313.83093,16.595179,319.39877
2540,2025-10-13 20:00:00+05:30,7.7734165,317.8156,20.129442,324.46225
2541,2025-10-13 21:00:00+05:30,8.37532,331.78275,21.129885,336.92957
2542,2025-10-13 22:00:00+05:30,7.6409945,344.9816,20.580698,348.39526
2543,2025-10-13 23:00:00+05:30,8.2584505,343.53992,21.222448,347.26035
2544,2025-10-14 00:00:00+05:30,7.519175,348.95908,20.746902,351.51846
2545,2025-10-14 01:00:00+05:30,7.029225,357.0644,19.273453,357.85913
2546,2025-10-14 02:00:00+05:30,7.3997297,355.81516,19.64063,357.37366
2547,2025-10-14 03:00:00+05:30,6.8612823,4.5139127,18.353823,7.8916187
2548,2025-10-14 04:00:00+05:30,6.2483597,11.633606,16.986889,15.361673
2549,2025-10-14 05:00:00+05:30,6.6794305,14.036275,18.275984,17.185799
2550,2025-10-14 06:00:00+05:30,8.297589,12.528798,16.454994,19.822552
2551,2025-10-14 07:00:00+05:30,6.898956,7.495768,13.450708,15.524177
2552,2025-10-14 08:00:00+05:30,8.967541,10.407656,12.496719,11.633606
2553,2025-10-14 09:00:00+05:30,11.543881,10.784258,15.463244,12.094739
2554,2025-10-14 10:00:00+05:30,12.043869,9.462261,15.891054,9.7823515
2555,2025-10-14 11:00:00+05:30,12.781267,359.19308,16.743872,358.76804
2556,2025-10-14 12:00:00+05:30,12.0720825,357.43628,16.22498,356.82022
2557,2025-10-14 13:00:00+05:30,11.966953,353.08887,16.16496,352.32114
2558,2025-10-14 14:00:00+05:30,11.793777,344.05453,16.418526,344.7448
2559,2025-10-14 15:00:00+05:30,9.096681,332.928,15.463246,335.22488
2560,2025-10-14 16:00:00+05:30,6.1226463,335.69547,15.509274,338.19852
2561,2025-10-14 17:00:00+05:30,6.193674,324.46225,15.3771,334.33484
2562,2025-10-14 18:00:00+05:30,6.7757506,309.61066,16.895088,321.0542
2563,2025-10-14 19:00:00+05:30,8.043805,310.46216,20.35274,321.10275
2564,2025-10-14 20:00:00+05:30,9.793059,323.97253,23.287577,330.85947
2565,2025-10-14 21:00:00+05:30,8.863972,347.0926,22.2218,346.41397
2566,2025-10-14 22:00:00+05:30,6.6697226,3.0939984,18.202265,2.8340552
2567,2025-10-14 23:00:00+05:30,6.037383,10.304792,16.87398,11.07017
2568,2025-10-15 00:00:00+05:30,5.2694216,352.14676,14.455019,5.0005636
2569,2025-10-15 01:00:00+05:30,6.320538,340.0168,16.733225,348.2066
2570,2025-10-15 02:00:00+05:30,7.2044983,347.00537,19.201874,353.54126
2571,2025-10-15 03:00:00+05:30,7.6367526,351.87,19.649702,356.84933
2572,2025-10-15 04:00:00+05:30,7.731622,347.90527,19.559633,353.6599
2573,2025-10-15 05:00:00+05:30,8.777653,344.53873,20.793701,348.0092
2574,2025-10-15 06:00:00+05:30,9.96524,343.20154,20.015642,348.58905
2575,2025-10-15 07:00:00+05:30,8.338489,346.2637,15.215058,349.08893
2576,2025-10-15 08:00:00+05:30,8.557102,345.3791,12.007498,347.00537
2577,2025-10-15 09:00:00+05:30,11.126562,350.69012,14.917212,351.67444
2578,2025-10-15 10:00:00+05:30,10.8955765,352.40543,14.133153,353.41815
2579,2025-10-15 11:00:00+05:30,9.178235,348.6901,11.9317045,348.6901
2580,2025-10-15 12:00:00+05:30,9.56713,348.05585,12.32047,348.19757
2581,2025-10-15 13:00:00+05:30,9.299225,345.42575,12.313893,344.7448
2582,2025-10-15 14:00:00+05:30,9.580668,334.39786,13.049689,335.55606
2583,2025-10-15 15:00:00+05:30,8.305396,330.1012,12.886039,331.64514
2584,2025-10-15 16:00:00+05:30,3.9518096,329.9315,10.546525,332.56036
2585,2025-10-15 17:00:00+05:30,5.0911684,315.0001,11.832176,326.7934
2586,2025-10-15 18:00:00+05:30,5.937272,284.03625,13.432632,302.4123
2587,2025-10-15 19:00:00+05:30,6.206738,286.8585,16.485485,301.60745
2588,2025-10-15 20:00:00+05:30,6.330782,284.8265,16.454992,300.21124
2589,2025-10-15 21:00:00+05:30,6.3639607,298.7397,16.560978,307.49274
2590,2025-10-15 22:00:00+05:30,4.5891175,318.1799,13.393983,318.81415
2591,2025-10-15 23:00:00+05:30,5.414979,338.5522,13.288341,335.1707
2592,2025-10-16 00:00:00+05:30,4.6452556,324.46225,11.620809,343.8107
2593,2025-10-16 01:00:00+05:30,5.0432134,304.82455,10.966713,336.8014
2594,2025-10-16 02:00:00+05:30,5.0911684,315.0001,11.028581,333.8532
2595,2025-10-16 03:00:00+05:30,5.5916004,326.82147,12.936228,328.07916
2596,2025-10-16 04:00:00+05:30,5.3517847,340.3461,13.213764,335.87903
2597,2025-10-16 05:00:00+05:30,6.763786,334.79892,17.160524,344.79755
2598,2025-10-16 06:00:00+05:30,8.643749,328.62704,16.108742,341.7674
2599,2025-10-16 07:00:00+05:30,5.1826253,339.6768,13.418153,353.06573
2600,2025-10-16 08:00:00+05:30,5.8298883,351.11942,8.297589,356.26868
2601,2025-10-16 09:00:00+05:30,6.924738,8.97255,9.144637,10.203924
2602,2025-10-16 10:00:00+05:30,6.519877,6.3401003,7.970972,6.482988
2603,2025-10-16 11:00:00+05:30,6.3231,355.10098,7.7734165,354.68555
2604,2025-10-16 12:00:00+05:30,4.6938252,355.60138,5.950899,356.53183
2605,2025-10-16 13:00:00+05:30,4.278551,337.75092,5.3517847,340.3461
2606,2025-10-16 14:00:00+05:30,5.7628117,321.34018,7.344794,323.97253
2607,2025-10-16 15:00:00+05:30,5.293959,324.6887,7.0934615,324.2932
2608,2025-10-16 16:00:00+05:30,2.8116899,320.1945,4.278551,337.75092
2609,2025-10-16 17:00:00+05:30,5.5799994,270.0,11.989945,277.76508
2610,2025-10-16 18:00:00+05:30,5.9644947,275.19434,13.026081,281.15463
2611,2025-10-16 19:00:00+05:30,8.654986,286.92758,19.553833,291.6056
2612,2025-10-16 20:00:00+05:30,6.9527545,291.25058,17.95765,298.10617
2613,2025-10-16 21:00:00+05:30,6.037383,296.56497,16.676977,302.6609
2614,2025-10-16 22:00:00+05:30,5.12289,288.43503,13.529966,303.05582
2615,2025-10-16 23:00:00+05:30,4.503598,272.29056,9.82114,296.09537
2616,2025-10-17 00:00:00+05:30,3.4763772,291.25058,7.562142,308.23386
2617,2025-10-17 01:00:00+05:30,4.186693,334.53668,7.9383874,327.03058
2618,2025-10-17 02:00:00+05:30,4.942631,326.88864,10.692969,323.9016
2619,2025-10-17 03:00:00+05:30,5.22,316.3971,12.456468,322.63324
2620,2025-10-17 04:00:00+05:30,4.978554,310.60123,11.738705,324.3601
2621,2025-10-17 05:00:00+05:30,5.5829024,339.22766,14.319901,345.4397
2622,2025-10-17 06:00:00+05:30,6.6185193,337.6198,13.277364,344.2679
2623,2025-10-17 07:00:00+05:30,5.12289,341.56494,12.224107,346.373
2624,2025-10-17 08:00:00+05:30,6.4323244,342.072,8.951267,344.84586
2625,2025-10-17 09:00:00+05:30,6.542201,7.907082,8.197414,8.841739
2626,2025-10-17 10:00:00+05:30,4.327493,16.927603,5.12289,18.435053
2627,2025-10-17 11:00:00+05:30,2.9522195,307.56866,3.6,306.86996
2628,2025-10-17 12:00:00+05:30,3.8521678,307.40543,4.752136,307.30402
2629,2025-10-17 13:00:00+05:30,4.6102495,308.65982,5.7628117,308.65982
2630,2025-10-17 14:00:00+05:30,6.6624317,308.4181,8.3520775,307.11694
2631,2025-10-17 15:00:00+05:30,5.0975285,317.86246,6.7469993,316.08084
2632,2025-10-17 16:00:00+05:30,0.56920993,18.435053,2.9301877,349.3804
2633,2025-10-17 17:00:00+05:30,4.846648,291.80148,9.826088,298.4428
2634,2025-10-17 18:00:00+05:30,5.1544156,282.09473,9.734987,289.44012
2635,2025-10-17 19:00:00+05:30,5.2323985,296.56497,10.950452,295.30136
2636,2025-10-17 20:00:00+05:30,5.00128,300.25635,12.7279215,298.7397
2637,2025-10-17 21:00:00+05:30,3.9763298,275.19434,11.063778,291.97455
2638,2025-10-17 22:00:00+05:30,4.143911,304.3804,10.783486,303.42484
2639,2025-10-17 23:00:00+05:30,5.195113,345.9637,13.141232,336.59528
2640,2025-10-18 00:00:00+05:30,5.1575575,330.75128,14.572221,334.38455
2641,2025-10-18 01:00:00+05:30,5.3939967,334.2901,14.874796,338.71353
2642,2025-10-18 02:00:00+05:30,6.198903,334.17905,15.655861,340.52332
2643,2025-10-18 03:00:00+05:30,6.452441,337.01126,16.165964,341.16147
2644,2025-10-18 04:00:00+05:30,5.4149795,344.57776,15.156386,344.148
2645,2025-10-18 05:00:00+05:30,6.122647,358.31534,16.928614,1.8279274
2646,2025-10-18 06:00:00+05:30,8.656858,356.42374,17.134071,3.6138167
2647,2025-10-18 07:00:00+05:30,5.7599998,360.0,15.122143,8.90164
2648,2025-10-18 08:00:00+05:30,7.040739,4.398633,10.209348,9.13011
2649,2025-10-18 09:00:00+05:30,7.9383874,32.96941,10.337078,35.07383
2650,2025-10-18 10:00:00+05:30,6.696387,53.74608,8.53815,55.304783
2651,2025-10-18 11:00:00+05:30,4.978554,49.398785,6.156947,52.124958
2652,2025-10-18 12:00:00+05:30,5.1165614,39.289394,6.3690495,42.709366
2653,2025-10-18 13:00:00+05:30,5.00128,30.256361,6.1437774,31.827414
2654,2025-10-18 14:00:00+05:30,5.9834766,6.9111314,7.458606,8.325568
2655,2025-10-18 15:00:00+05:30,3.319036,12.528798,4.6277857,13.495748
2656,2025-10-18 16:00:00+05:30,3.7585104,196.69933,5.983477,195.7087
2657,2025-10-18 17:00:00+05:30,3.62243,153.43501,5.00128,149.74365
2658,2025-10-18 18:00:00+05:30,5.414979,158.5522,8.0599,150.57263
2659,2025-10-18 19:00:00+05:30,5.8048253,209.7448,10.703569,199.65392
2660,2025-10-18 20:00:00+05:30,6.8423676,215.36255,14.386494,211.70139
2661,2025-10-18 21:00:00+05:30,6.4096174,218.15727,15.053425,221.12137
2662,2025-10-18 22:00:00+05:30,4.7521367,245.37645,12.996199,239.17241
2663,2025-10-18 23:00:00+05:30,2.7534704,258.6901,8.513448,256.55136
2664,2025-10-19 00:00:00+05:30,3.5864744,252.47433,7.928178,267.3975
2665,2025-10-19 01:00:00+05:30,2.907989,291.80148,7.973005,298.30066
2666,2025-10-19 02:00:00+05:30,4.3498964,335.55606,10.261579,338.38516
2667,2025-10-19 03:00:00+05:30,5.3305535,348.31067,13.576582,353.91156
2668,2025-10-19 04:00:00+05:30,4.7110505,133.45189,4.6800003,112.61991
2669,2025-10-19 05:00:00+05:30,7.587806,22.306253,18.13003,24.020248
2670,2025-10-19 06:00:00+05:30,8.29173,27.121223,16.276815,32.81137
2671,2025-10-19 07:00:00+05:30,6.0908127,18.970512,14.233664,32.082153
2672,2025-10-19 08:00:00+05:30,7.6579366,29.577742,10.783486,33.42483
2673,2025-10-19 09:00:00+05:30,9.313152,41.081665,12.229406,42.614033
2674,2025-10-19 10:00:00+05:30,8.574123,39.03552,11.1090765,40.399834
2675,2025-10-19 11:00:00+05:30,9.659814,26.564985,12.24,28.072395
2676,2025-10-19 12:00:00+05:30,9.761578,22.78244,12.647482,24.376457
2677,2025-10-19 13:00:00+05:30,9.568824,16.389616,12.351988,18.699081
2678,2025-10-19 14:00:00+05:30,9.255571,13.495748,12.140329,15.478702
2679,2025-10-19 15:00:00+05:30,7.814986,7.9433913,12.461669,10.822971
2680,2025-10-19 16:00:00+05:30,5.297018,9.782338,13.100489,12.69958
2681,2025-10-19 17:00:00+05:30,7.2022495,1.4320632,15.531195,4.653276
2682,2025-10-19 18:00:00+05:30,7.44121,32.15227,16.825909,27.38734
2683,2025-10-19 19:00:00+05:30,5.7628117,38.65983,13.213765,37.806587
2684,2025-10-19 20:00:00+05:30,1.8089776,5.7105074,7.0934615,35.706783
2685,2025-10-19 21:00:00+05:30,0.6489992,303.6901,3.536439,14.743609
2686,2025-10-19 22:00:00+05:30,4.8433046,318.01288,7.353611,338.45895
2687,2025-10-19 23:00:00+05:30,5.0688457,353.88458,10.308831,347.90527
2688,2025-10-20 00:00:00+05:30,5.00128,59.743652,11.975074,42.563324
2689,2025-10-20 01:00:00+05:30,3.3043609,29.357658,10.534229,56.852993
2690,2025-10-20 02:00:00+05:30,4.2366967,12.26477,11.964246,44.999897
2691,2025-10-20 03:00:00+05:30,5.5887027,14.931467,14.689588,36.027473
2692,2025-10-20 04:00:00+05:30,6.689125,23.805958,18.171976,33.6901
2693,2025-10-20 05:00:00+05:30,8.777653,15.461285,20.85671,25.016869
2694,2025-10-20 06:00:00+05:30,10.609316,14.743609,20.54288,24.319302
2695,2025-10-20 07:00:00+05:30,7.519175,11.04091,19.726225,25.395876
2696,2025-10-20 08:00:00+05:30,8.65873,20.695532,12.647482,24.376457
2697,2025-10-20 09:00:00+05:30,11.594292,27.758451,15.629971,28.926332
2698,2025-10-20 10:00:00+05:30,12.96125,27.276678,17.15297,28.178495
2699,2025-10-20 11:00:00+05:30,10.829958,21.44781,13.971756,21.938543
2700,2025-10-20 12:00:00+05:30,10.662626,21.801476,13.874019,22.905807
2701,2025-10-20 13:00:00+05:30,11.225132,15.819268,14.861722,16.898739
2702,2025-10-20 14:00:00+05:30,11.866355,9.605136,16.167967,11.5601
2703,2025-10-20 15:00:00+05:30,9.007196,2.2905633,15.188415,5.4402504
2704,2025-10-20 16:00:00+05:30,5.6835546,10.954029,14.761098,15.561579
2705,2025-10-20 17:00:00+05:30,7.0591216,19.359097,17.873554,18.79999
2706,2025-10-20 18:00:00+05:30,5.8048253,29.744795,14.20062,30.465475
2707,2025-10-20 19:00:00+05:30,2.907989,21.801476,9.290511,35.537766
2708,2025-10-20 20:00:00+05:30,3.9763298,5.19435,8.694204,27.095472
2709,2025-10-20 21:00:00+05:30,4.5,343.73972,8.64,360.0
2710,2025-10-20 22:00:00+05:30,4.724786,342.25522,10.464798,356.0549
2711,2025-10-20 23:00:00+05:30,5.5450516,346.86597,14.471821,5.7105074
2712,2025-10-21 00:00:00+05:30,5.9644947,5.19435,16.039202,9.039405
2713,2025-10-21 01:00:00+05:30,6.28713,23.629398,16.344357,16.638891
2714,2025-10-21 02:00:00+05:30,8.37532,8.652461,19.60348,13.270652
2715,2025-10-21 03:00:00+05:30,9.195868,3.3664,21.639713,11.0294895
2716,2025-10-21 04:00:00+05:30,9.292254,8.914849,21.518847,17.525654
2717,2025-10-21 05:00:00+05:30,8.528657,7.274921,20.617662,12.094739
2718,2025-10-21 06:00:00+05:30,9.781473,12.757541,19.125793,18.094007
2719,2025-10-21 07:00:00+05:30,7.3799996,12.680387,16.981165,21.124796
2720,2025-10-21 08:00:00+05:30,7.9465466,13.091906,11.620809,16.189287
2721,2025-10-21 09:00:00+05:30,10.308831,12.094739,13.842457,12.771242
2722,2025-10-21 10:00:00+05:30,11.334284,10.060627,14.796175,9.806025
2723,2025-10-21 11:00:00+05:30,10.105681,4.085537,12.81165,4.0281906
2724,2025-10-21 12:00:00+05:30,9.195868,3.3664,11.885453,1.7356651
2725,2025-10-21 13:00:00+05:30,8.37532,8.652461,10.873252,6.65433
2726,2025-10-21 14:00:00+05:30,7.989243,14.349371,10.449306,10.922761
2727,2025-10-21 15:00:00+05:30,6.361415,25.114815,10.429132,21.25058
2728,2025-10-21 16:00:00+05:30,3.572898,49.085716,8.415842,41.531677
2729,2025-10-21 17:00:00+05:30,3.671294,11.3098955,8.553314,8.471065
2730,2025-10-21 18:00:00+05:30,4.186693,25.463305,9.321845,10.007925
2731,2025-10-21 19:00:00+05:30,3.572898,49.085716,7.9932966,35.837746
2732,2025-10-21 20:00:00+05:30,1.4512063,330.25522,4.3536186,29.744795
2733,2025-10-21 21:00:00+05:30,5.5216303,289.0257,7.7900705,310.31403
2734,2025-10-21 22:00:00+05:30,6.3690495,312.70938,13.83192,325.069
2735,2025-10-21 23:00:00+05:30,7.570707,331.6071,17.90344,350.15894
2736,2025-10-22 00:00:00+05:30,7.0591216,340.6409,18.547861,358.3317
2737,2025-10-22 01:00:00+05:30,6.8541956,346.32867,18.022486,2.8623457
2738,2025-10-22 02:00:00+05:30,6.4624763,347.125,16.764177,3.0774012
2739,2025-10-22 03:00:00+05:30,6.162207,6.70975,16.380987,12.050767
2740,2025-10-22 04:00:00+05:30,5.8048253,7.12493,15.999762,17.008036
2741,2025-10-22 05:00:00+05:30,7.3997297,341.56494,17.845436,351.29785
2742,2025-10-22 06:00:00+05:30,8.099999,360.0,16.208996,1.9091109
2743,2025-10-22 07:00:00+05:30,5.1197267,10.124612,14.508715,11.449314
2744,2025-10-22 08:00:00+05:30,5.6262593,7.3522935,8.049845,10.304792
2745,2025-10-22 09:00:00+05:30,7.415038,5.572114,9.600937,6.458727
2746,2025-10-22 10:00:00+05:30,7.7588143,3.9908433,9.582359,5.389229
2747,2025-10-22 11:00:00+05:30,6.638072,347.4712,7.9465466,346.90808
2748,2025-10-22 12:00:00+05:30,5.4744864,350.53775,6.7469993,350.78906
2749,2025-10-22 13:00:00+05:30,5.426933,354.2895,6.519877,353.6599
2750,2025-10-22 14:00:00+05:30,4.8633323,2.1210518,5.9427266,1.7356651
2751,2025-10-22 15:00:00+05:30,3.710795,14.036275,4.5572357,9.090207
2752,2025-10-22 16:00:00+05:30,3.1072817,10.007925,6.320538,19.983198
2753,2025-10-22 17:00:00+05:30,2.7475805,328.39255,7.0107627,330.8026
2754,2025-10-22 18:00:00+05:30,1.484318,284.03625,5.7204895,294.14554
2755,2025-10-22 19:00:00+05:30,3.9763298,275.19434,8.049845,280.30478
2756,2025-10-22 20:00:00+05:30,6.542201,277.90707,12.193588,278.48886
2757,2025-10-22 21:00:00+05:30,7.42159,284.03625,17.309973,286.92758
2758,2025-10-22 22:00:00+05:30,6.206738,286.8585,15.779543,295.6881
2759,2025-10-22 23:00:00+05:30,6.2379804,316.16904,14.87153,321.88165
2760,2025-10-23 00:00:00+05:30,6.2405767,303.23172,14.428097,319.55383
2761,2025-10-23 01:00:00+05:30,5.6521144,307.23492,14.7039175,320.46387
2762,2025-10-23 02:00:00+05:30,5.8048253,330.25522,15.060956,335.2727
2763,2025-10-23 03:00:00+05:30,5.5450516,346.86597,14.944336,350.99158
2764,2025-10-23 04:00:00+05:30,5.4029994,358.09088,14.589996,2.1210518
2765,2025-10-23 05:00:00+05:30,6.050785,337.249,16.418526,344.7448
2766,2025-10-23 06:00:00+05:30,8.083983,348.4399,15.697197,356.0549
2767,2025-10-23 07:00:00+05:30,5.4119864,3.8140097,13.849476,8.97255
2768,2025-10-23 08:00:00+05:30,6.424764,11.3098955,9.039514,12.652561
2769,2025-10-23 09:00:00+05:30,6.9527545,21.25058,9.059205,20.955858
2770,2025-10-23 10:00:00+05:30,5.12289,18.435053,6.4323244,17.92802
2771,2025-10-23 11:00:00+05:30,4.6938252,4.398633,5.5916004,3.691312
2772,2025-10-23 12:00:00+05:30,4.7110505,353.41815,5.6521144,350.8377
2773,2025-10-23 13:00:00+05:30,5.506941,348.6901,6.638072,347.4712
2774,2025-10-23 14:00:00+05:30,6.0721655,348.0239,7.6409945,344.9816
2775,2025-10-23 15:00:00+05:30,5.4119864,356.186,6.87779,353.9911
2776,2025-10-23 16:00:00+05:30,2.7416782,23.198618,5.506941,11.3098955
2777,2025-10-23 17:00:00+05:30,2.4014995,12.99463,6.7853074,21.801476
2778,2025-10-23 18:00:00+05:30,1.9881649,5.19435,5.402999,29.981556
2779,2025-10-23 19:00:00+05:30,3.550155,300.46545,5.8409934,326.3099
2780,2025-10-23 20:00:00+05:30,4.942631,303.11136,9.726664,321.009
2781,2025-10-23 21:00:00+05:30,2.5582807,309.28937,6.889557,326.7251
2782,2025-10-23 22:00:00+05:30,1.2074767,296.56497,5.3939967,334.2901
2783,2025-10-23 23:00:00+05:30,5.5450516,324.24603,9.743304,334.85526
2784,2025-10-24 00:00:00+05:30,4.293669,326.97614,8.322932,338.42862
2785,2025-10-24 01:00:00+05:30,4.802999,347.00537,11.090103,346.86597
2786,2025-10-24 02:00:00+05:30,5.3999996,360.0,13.722565,355.48608
2787,2025-10-24 03:00:00+05:30,5.2478566,30.963696,14.019216,15.642312
2788,2025-10-24 04:00:00+05:30,5.257109,38.047092,13.845967,26.231878
2789,2025-10-24 05:00:00+05:30,6.6818557,4.6353807,16.516901,16.46009
2790,2025-10-24 06:00:00+05:30,7.6409945,15.018415,14.98331,28.720238
2791,2025-10-24 07:00:00+05:30,3.8141315,19.290138,12.061343,37.725063
2792,2025-10-24 08:00:00+05:30,4.2671766,27.645891,6.297428,30.963696
2793,2025-10-24 09:00:00+05:30,6.1437774,31.827414,7.841887,31.865936
2794,2025-10-24 10:00:00+05:30,5.154415,24.775122,6.361415,25.114815
2795,2025-10-24 11:00:00+05:30,3.671294,11.3098955,4.2021422,9.865748
2796,2025-10-24 12:00:00+05:30,2.7416782,23.198618,3.244996,19.440128
2797,2025-10-24 13:00:00+05:30,3.4949677,11.888645,3.9763298,5.19435
2798,2025-10-24 14:00:00+05:30,4.0249224,349.69522,4.8466477,344.93146
2799,2025-10-24 15:00:00+05:30,5.7515564,339.8636,7.42159,337.1663
2800,2025-10-24 16:00:00+05:30,3.6402748,351.4693,8.688613,346.82742
2801,2025-10-24 17:00:00+05:30,3.3043609,330.64233,8.65873,339.30447
2802,2025-10-24 18:00:00+05:30,2.5772076,24.775122,7.579261,4.085537
2803,2025-10-24 19:00:00+05:30,2.5582807,140.71062,3.9966488,97.76508
2804,2025-10-24 20:00:00+05:30,5.6262593,172.64772,9.600937,173.54128
2805,2025-10-24 21:00:00+05:30,5.5887027,194.93147,10.644379,198.74144
2806,2025-10-24 22:00:00+05:30,5.3517847,199.65392,10.805998,209.98155
2807,2025-10-24 23:00:00+05:30,4.0449967,212.27562,7.519175,227.9109
2808,2025-10-25 00:00:00+05:30,2.5455842,224.9999,4.991553,244.35904
2809,2025-10-25 01:00:00+05:30,3.06,208.07239,4.4456716,238.24055
2810,2025-10-25 02:00:00+05:30,3.6179552,185.7105,4.829907,206.56499
2811,2025-10-25 03:00:00+05:30,2.4014995,192.99461,4.7521367,204.62355
2812,2025-10-25 04:00:00+05:30,0.6489992,236.3099,2.5455842,224.9999
2813,2025-10-25 05:00:00+05:30,1.8,306.86996,4.323748,357.6141
2814,2025-10-25 06:00:00+05:30,2.9522195,322.43134,6.1120534,13.627024
2815,2025-10-25 07:00:00+05:30,3.5864744,342.47433,8.383054,14.931467
2816,2025-10-25 08:00:00+05:30,4.514377,4.5738406,6.4624763,12.875007
2817,2025-10-25 09:00:00+05:30,7.2403865,34.8754,9.144637,36.1933
2818,2025-10-25 10:00:00+05:30,7.3469996,30.963696,9.236298,33.070686
2819,2025-10-25 11:00:00+05:30,7.458606,19.746927,9.059205,20.955858
2820,2025-10-25 12:00:00+05:30,6.379216,16.389616,7.968939,18.435053
2821,2025-10-25 13:00:00+05:30,6.6794305,14.036275,8.338489,13.736293
2822,2025-10-25 14:00:00+05:30,6.7205353,20.37652,8.427383,19.983198
2823,2025-10-25 15:00:00+05:30,5.692099,34.69522,7.2403865,34.8754
2824,2025-10-25 16:00:00+05:30,2.8116899,50.194473,6.623413,42.797382
2825,2025-10-25 17:00:00+05:30,5.637765,16.699326,12.522619,18.435053
2826,2025-10-25 18:00:00+05:30,5.994297,48.65233,11.132385,39.09386
2827,2025-10-25 19:00:00+05:30,3.644722,110.22495,7.42159,75.96373
2828,2025-10-25 20:00:00+05:30,7.2202215,175.71092,14.311981,173.50075
2829,2025-10-25 21:00:00+05:30,5.315336,208.30066,14.348156,199.79897
2830,2025-10-25 22:00:00+05:30,6.0908127,198.9705,14.517644,199.55835
2831,2025-10-25 23:00:00+05:30,4.965521,226.46873,12.931218,218.78438
2832,2025-10-26 00:00:00+05:30,5.0911684,224.9999,12.483748,227.33734
2833,2025-10-26 01:00:00+05:30,4.8433046,228.01286,12.425216,231.46979
2834,2025-10-26 02:00:00+05:30,4.323748,272.3859,10.98,259.6112
2835,2025-10-26 03:00:00+05:30,3.7064266,299.0545,8.513448,283.44864
2836,2025-10-26 04:00:00+05:30,3.244996,326.3099,7.5942082,301.4295
2837,2025-10-26 05:00:00+05:30,3.9844694,341.56494,9.059205,319.02835
2838,2025-10-26 06:00:00+05:30,4.86,360.0,8.133928,335.13632
2839,2025-10-26 07:00:00+05:30,3.0652895,356.6336,6.638072,347.4712
2840,2025-10-26 08:00:00+05:30,4.514377,4.5738406,5.7628117,1.7898695
2841,2025-10-26 09:00:00+05:30,6.5223618,27.979382,8.217153,28.810698
2842,2025-10-26 10:00:00+05:30,7.193247,31.701384,8.891343,31.75944
2843,2025-10-26 11:00:00+05:30,7.1684303,28.495539,8.863972,29.16752
2844,2025-10-26 12:00:00+05:30,6.689125,23.805958,8.297589,24.34109
2845,2025-10-26 13:00:00+05:30,6.151683,20.556128,7.628263,19.290138
2846,2025-10-26 14:00:00+05:30,7.247096,14.381432,9.080639,13.760814
2847,2025-10-26 15:00:00+05:30,7.172949,17.52567,9.335737,19.133741
2848,2025-10-26 16:00:00+05:30,3.7971041,31.429514,8.643749,31.372961
2849,2025-10-26 17:00:00+05:30,0.9,90.0,6.9247384,62.10283
2850,2025-10-26 18:00:00+05:30,2.16,180.0,4.5820518,135.0001
2851,2025-10-26 19:00:00+05:30,5.6492476,210.65059,8.777654,208.14151
2852,2025-10-26 20:00:00+05:30,4.3573384,231.7098,8.139901,215.09589
2853,2025-10-26 21:00:00+05:30,3.2846913,260.53775,5.441838,235.78424
2854,2025-10-26 22:00:00+05:30,3.6,233.13002,7.3997297,228.94528
2855,2025-10-26 23:00:00+05:30,2.0991426,239.0363,5.8409934,236.3099
2856,2025-10-27 00:00:00+05:30,3.2048087,308.15726,5.5216303,289.0257
2857,2025-10-27 01:00:00+05:30,4.599695,329.42084,8.139901,324.9041
2858,2025-10-27 02:00:00+05:30,4.5,343.73972,9.605998,347.00537
2859,2025-10-27 03:00:00+05:30,3.7799997,360.0,9.403169,5.492242
2860,2025-10-27 04:00:00+05:30,5.1826253,20.323217,13.149859,19.179106
2861,2025-10-27 05:00:00+05:30,5.5216303,19.025702,14.897651,25.016869
2862,2025-10-27 06:00:00+05:30,6.28713,23.629398,12.881008,33.023872
2863,2025-10-27 07:00:00+05:30,4.1556225,17.650223,10.837435,32.106224
2864,2025-10-27 08:00:00+05:30,5.991594,32.73523,8.39078,35.39489
2865,2025-10-27 09:00:00+05:30,8.019601,45.909298,10.316686,47.12111
2866,2025-10-27 10:00:00+05:30,8.534353,62.354122,11.028581,63.853214
2867,2025-10-27 11:00:00+05:30,8.43699,56.309914,10.534229,56.852993
2868,2025-10-27 12:00:00+05:30,7.256032,60.255207,9.096681,62.927998
2869,2025-10-27 13:00:00+05:30,6.689125,66.19405,8.490582,68.87521
2870,2025-10-27 14:00:00+05:30,6.269067,50.82635,7.9567327,52.35232
2871,2025-10-27 15:00:00+05:30,4.724786,17.744766,6.050785,22.751022
2872,2025-10-27 16:00:00+05:30,2.3469129,32.471172,5.6521144,37.234917
2873,2025-10-27 17:00:00+05:30,4.991553,64.35905,12.072083,69.943825
2874,2025-10-27 18:00:00+05:30,4.6102495,51.34017,11.7,67.3801
2875,2025-10-27 19:00:00+05:30,5.1481256,53.530666,12.647482,65.62354
2876,2025-10-27 20:00:00+05:30,5.315336,61.69934,13.213764,65.87902
2877,2025-10-27 21:00:00+05:30,3.62243,116.56499,9.181765,91.12328
2878,2025-10-27 22:00:00+05:30,2.5071096,158.96242,7.256032,133.99501
2879,2025-10-27 23:00:00+05:30,1.9881649,354.80566,3.4623692,62.10283
2880,2025-10-28 00:00:00+05:30,4.1556225,17.650223,6.4924874,43.876797
2881,2025-10-28 01:00:00+05:30,4.2671766,62.354122,9.292255,58.46526
2882,2025-10-28 02:00:00+05:30,4.1125174,66.80139,10.548061,64.74687
2883,2025-10-28 03:00:00+05:30,5.6233797,39.805527,13.767352,48.179924
2884,2025-10-28 04:00:00+05:30,5.8603754,47.489597,14.618837,52.001225
2885,2025-10-28 05:00:00+05:30,5.5596404,60.94549,12.303366,69.44387
2886,2025-10-28 06:00:00+05:30,6.689125,66.19405,12.049249,76.171326
2887,2025-10-28 07:00:00+05:30,4.724786,49.635548,11.631956,68.19853
2888,2025-10-28 08:00:00+05:30,5.5596404,60.94549,7.4932766,65.897766
2889,2025-10-28 09:00:00+05:30,7.1661706,101.59215,9.255571,103.49575
2890,2025-10-28 10:00:00+05:30,8.694204,117.095474,11.276968,118.61037
2891,2025-10-28 11:00:00+05:30,4.7521367,114.62355,5.9617786,118.88649
2892,2025-10-28 12:00:00+05:30,4.5,90.0,5.6060677,95.52745
2893,2025-10-28 13:00:00+05:30,4.6938252,94.39862,5.6060677,95.52745
2894,2025-10-28 14:00:00+05:30,6.0347,107.35411,7.3447943,107.10281
2895,2025-10-28 15:00:00+05:30,5.3517847,109.653915,7.353611,111.541046
2896,2025-10-28 16:00:00+05:30,5.2323985,139.18501,12.425216,141.46979
2897,2025-10-28 17:00:00+05:30,8.197414,160.76924,16.311613,157.96371
2898,2025-10-28 18:00:00+05:30,4.412754,101.768265,9.485504,123.388535
2899,2025-10-28 19:00:00+05:30,4.379589,99.46225,8.797931,120.76265
2900,2025-10-28 20:00:00+05:30,5.3517847,132.27362,12.979984,146.3099
2901,2025-10-28 21:00:00+05:30,4.4565907,133.36346,12.688404,148.3393
2902,2025-10-28 22:00:00+05:30,3.6447225,122.90524,9.984729,146.0234
2903,2025-10-28 23:00:00+05:30,3.143565,103.24053,9.220499,141.34016
2904,2025-10-29 00:00:00+05:30,3.4763772,68.74943,8.452336,116.56499
2905,2025-10-29 01:00:00+05:30,5.402999,60.018444,10.299397,95.01302
2906,2025-10-29 02:00:00+05:30,4.5572357,80.909805,11.874544,104.03627
2907,2025-10-29 03:00:00+05:30,5.9644947,95.19434,14.182355,113.962494
2908,2025-10-29 04:00:00+05:30,5.5887027,104.93147,14.248452,116.24129
2909,2025-10-29 05:00:00+05:30,6.5520988,105.945465,15.7908325,114.22774
2910,2025-10-29 06:00:00+05:30,6.725354,105.52418,13.708391,113.198616
2911,2025-10-29 07:00:00+05:30,7.841888,99.24603,15.552041,106.12765
2912,2025-10-29 08:00:00+05:30,9.983106,115.64096,14.092977,114.92845
2913,2025-10-29 09:00:00+05:30,11.466438,132.45515,15.801087,132.22972
2914,2025-10-29 10:00:00+05:30,10.837435,138.36655,14.784126,137.96101
2915,2025-10-29 11:00:00+05:30,7.7900705,130.31403,9.587428,129.6678
2916,2025-10-29 12:00:00+05:30,4.991553,244.35904,7.5105524,224.02907
2917,2025-10-29 13:00:00+05:30,0.56920993,198.43504,2.7238941,172.40544
2918,2025-10-29 14:00:00+05:30,4.3573384,51.709793,6.151683,69.44387
2919,2025-10-29 15:00:00+05:30,4.198285,30.963696,5.904439,37.568665
2920,2025-10-29 16:00:00+05:30,6.037383,26.564985,8.643749,31.372961
2921,2025-10-29 17:00:00+05:30,7.3094187,52.001225,11.385622,50.774345
2922,2025-10-29 18:00:00+05:30,5.7204895,65.85446,8.4042845,80.13426
2923,2025-10-29 19:00:00+05:30,7.42159,75.96373,15.385525,83.956
2924,2025-10-29 20:00:00+05:30,7.841888,80.75397,16.62249,85.03035
2925,2025-10-29 21:00:00+05:30,7.8728137,79.46087,16.928614,81.4392
2926,2025-10-29 22:00:00+05:30,8.731391,75.677246,17.259363,82.208015
2927,2025-10-29 23:00:00+05:30,8.0599,60.572647,15.779543,69.290886
2928,2025-10-30 00:00:00+05:30,8.37532,61.782738,17.381886,68.74943
2929,2025-10-30 01:00:00+05:30,6.76618,61.389645,14.1102085,66.70542
2930,2025-10-30 02:00:00+05:30,12.261158,86.63361,21.786694,91.420235
2931,2025-10-30 03:00:00+05:30,12.461669,100.82296,22.30911,104.48478
2932,2025-10-30 04:00:00+05:30,10.873252,96.654335,20.015642,101.41095
2933,2025-10-30 05:00:00+05:30,8.688613,103.17256,17.088627,113.59483
2934,2025-10-30 06:00:00+05:30,8.131936,95.07952,16.810495,102.99462
2935,2025-10-30 07:00:00+05:30,2.5582807,129.28938,4.542994,123.6901
2936,2025-10-30 08:00:00+05:30,9.361731,127.971664,12.204212,127.208
2937,2025-10-30 09:00:00+05:30,6.9247384,117.89718,8.936778,117.597206
2938,2025-10-30 10:00:00+05:30,7.1321807,132.95459,9.178235,131.82008
2939,2025-10-30 11:00:00+05:30,6.384293,130.426,8.149847,133.21011
2940,2025-10-30 12:00:00+05:30,7.256032,136.00499,8.913181,136.63654
2941,2025-10-30 13:00:00+05:30,12.431734,182.4895,16.383955,181.25902
2942,2025-10-30 14:00:00+05:30,3.438895,186.00891,4.8633323,182.12105
2943,2025-10-30 15:00:00+05:30,2.6208394,105.945465,3.62243,116.56499
2944,2025-10-30 16:00:00+05:30,6.330782,194.82652,11.050591,192.22511
2945,2025-10-30 17:00:00+05:30,3.8856654,103.39252,10.228373,151.63104
2946,2025-10-30 18:00:00+05:30,2.9301877,79.380394,7.674842,140.7106
2947,2025-10-30 19:00:00+05:30,9.504273,65.37646,15.808263,82.14678
2948,2025-10-30 20:00:00+05:30,6.924738,98.97255,15.812363,112.77042
2949,2025-10-30 21:00:00+05:30,4.2671766,117.64589,12.37819,139.12769
2950,2025-10-30 22:00:00+05:30,5.318383,113.962494,13.666967,139.80803
2951,2025-10-30 23:00:00+05:30,6.7469993,136.08084,14.328949,153.11314
