,date,wind_speed_10m,wind_direction_10m,wind_speed_100m,wind_direction_100m
0,2025-06-30 00:00:00+05:30,10.706595,73.39294,21.087673,76.67546
1,2025-06-30 01:00:00+05:30,8.967541,79.59235,19.121557,86.22188
2,2025-06-30 02:00:00+05:30,8.656858,86.423744,18.188019,91.70132
3,2025-06-30 03:00:00+05:30,13.346729,79.90256,23.964348,87.41704
4,2025-06-30 04:00:00+05:30,12.399113,50.300972,22.476227,58.091934
5,2025-06-30 05:00:00+05:30,15.779543,57.57896,25.876213,60.40352
6,2025-06-30 06:00:00+05:30,13.472372,67.203445,21.629978,71.564964
7,2025-06-30 07:00:00+05:30,16.213993,67.13546,23.006226,69.86362
8,2025-06-30 08:00:00+05:30,17.893484,84.805664,24.881702,86.68229
9,2025-06-30 09:00:00+05:30,24.57511,95.04236,33.47516,95.863785
10,2025-06-30 10:00:00+05:30,16.966848,85.741234,23.264606,86.45139
11,2025-06-30 11:00:00+05:30,22.033648,85.314186,29.94553,86.208916
12,2025-06-30 12:00:00+05:30,16.284779,76.578156,22.06377,78.231735
13,2025-06-30 13:00:00+05:30,16.943918,93.044716,22.355536,93.23095
14,2025-06-30 14:00:00+05:30,13.31635,103.284874,18.921415,101.52369
15,2025-06-30 15:00:00+05:30,11.701385,89.11862,16.029097,88.06946
16,2025-06-30 16:00:00+05:30,11.989945,82.234924,16.902758,82.042564
17,2025-06-30 17:00:00+05:30,14.36621,105.25517,22.981565,101.749954
18,2025-06-30 18:00:00+05:30,10.589448,121.79887,20.045567,117.25525
19,2025-06-30 19:00:00+05:30,9.721666,88.93912,20.929596,93.945114
20,2025-06-30 20:00:00+05:30,7.029225,76.67546,16.966848,85.741234
21,2025-06-30 21:00:00+05:30,10.158444,82.875084,20.880001,90.0
22,2025-06-30 22:00:00+05:30,13.510796,92.29056,24.905132,94.14455
23,2025-06-30 23:00:00+05:30,12.849528,78.6901,23.933907,83.08887
24,2025-07-01 00:00:00+05:30,12.904882,67.01126,23.50844,71.70369
25,2025-07-01 01:00:00+05:30,13.413321,49.899166,23.464296,55.944183
26,2025-07-01 02:00:00+05:30,15.224637,65.55606,25.68014,62.89622
27,2025-07-01 03:00:00+05:30,16.640022,74.309944,28.3104,73.754295
28,2025-07-01 04:00:00+05:30,16.676977,76.26372,28.642632,76.924416
29,2025-07-01 05:00:00+05:30,16.284779,76.578156,27.047956,80.03627
30,2025-07-01 06:00:00+05:30,19.30117,93.74292,29.141108,96.02744
31,2025-07-01 07:00:00+05:30,18.947083,104.300316,27.345785,106.04907
32,2025-07-01 08:00:00+05:30,18.818396,104.96677,26.208395,105.945465
33,2025-07-01 09:00:00+05:30,18.254698,102.5288,25.015467,103.73629
34,2025-07-01 10:00:00+05:30,18.992344,104.82653,25.938118,105.29005
35,2025-07-01 11:00:00+05:30,17.682194,104.743614,24.059475,105.17998
36,2025-07-01 12:00:00+05:30,15.676542,105.312874,20.398058,105.876015
37,2025-07-01 13:00:00+05:30,15.03835,101.0409,19.348116,102.35535
38,2025-07-01 14:00:00+05:30,18.486622,96.70974,24.849127,97.07345
39,2025-07-01 15:00:00+05:30,13.896187,73.442856,19.514856,75.57919
40,2025-07-01 16:00:00+05:30,12.303366,69.44387,17.76081,72.299484
41,2025-07-01 17:00:00+05:30,13.701299,99.8335,23.555254,99.67819
42,2025-07-01 18:00:00+05:30,6.1858225,98.3658,12.93247,98.80671
43,2025-07-01 19:00:00+05:30,12.251905,92.52606,22.320724,89.537964
44,2025-07-01 20:00:00+05:30,9.567131,85.68405,18.540874,90.55624
45,2025-07-01 21:00:00+05:30,11.734564,85.60138,22.140732,89.5342
46,2025-07-01 22:00:00+05:30,10.621525,89.029,21.063076,90.9793
47,2025-07-01 23:00:00+05:30,8.477216,86.347855,18.36353,91.12328
48,2025-07-02 00:00:00+05:30,12.284916,79.019394,22.707127,82.25538
49,2025-07-02 01:00:00+05:30,11.722133,93.521385,22.640678,96.3904
50,2025-07-02 02:00:00+05:30,11.609651,97.12492,22.101183,102.22511
51,2025-07-02 03:00:00+05:30,14.113653,84.14409,25.420818,86.75272
52,2025-07-02 04:00:00+05:30,15.009236,95.50539,26.680105,97.364655
53,2025-07-02 05:00:00+05:30,13.350371,86.13462,22.862833,89.0978
54,2025-07-02 06:00:00+05:30,13.864674,91.48784,21.2522,91.94145
55,2025-07-02 07:00:00+05:30,15.956163,101.05637,22.277134,102.127075
56,2025-07-02 08:00:00+05:30,15.629972,97.94338,21.335884,99.223854
57,2025-07-02 09:00:00+05:30,15.986595,97.76508,21.691305,99.07142
58,2025-07-02 10:00:00+05:30,18.47084,105.25517,24.67576,105.65841
59,2025-07-02 11:00:00+05:30,18.841623,108.95433,24.933735,107.650215
60,2025-07-02 12:00:00+05:30,9.3962755,110.17074,13.154786,106.699326
61,2025-07-02 13:00:00+05:30,12.74954,103.05525,16.676977,103.73629
62,2025-07-02 14:00:00+05:30,14.4415655,100.049286,21.075378,100.83004
63,2025-07-02 15:00:00+05:30,11.885453,54.865723,17.077248,57.482506
64,2025-07-02 16:00:00+05:30,15.3771,51.65439,22.537409,53.77068
65,2025-07-02 17:00:00+05:30,13.0447235,62.02062,20.447239,63.886147
66,2025-07-02 18:00:00+05:30,13.288341,65.17068,24.10186,68.99313
67,2025-07-02 19:00:00+05:30,12.768586,68.498505,24.033876,73.46509
68,2025-07-02 20:00:00+05:30,11.811622,82.11695,22.862125,82.763176
69,2025-07-02 21:00:00+05:30,14.517644,72.68827,26.200977,77.30042
70,2025-07-02 22:00:00+05:30,13.605189,72.28412,24.84065,76.16513
71,2025-07-02 23:00:00+05:30,11.402683,78.15795,21.96,79.6112
72,2025-07-03 00:00:00+05:30,9.67657,80.36253,18.448023,84.40076
73,2025-07-03 01:00:00+05:30,14.810401,73.76758,26.381517,74.161934
74,2025-07-03 02:00:00+05:30,14.008811,62.44729,24.5817,66.2505
75,2025-07-03 03:00:00+05:30,16.267857,65.13633,27.475807,68.47733
76,2025-07-03 04:00:00+05:30,17.14919,69.09195,28.119204,71.33299
77,2025-07-03 05:00:00+05:30,16.615667,67.04589,26.589478,70.21563
78,2025-07-03 06:00:00+05:30,17.90344,80.158936,29.00235,83.227936
79,2025-07-03 07:00:00+05:30,19.14865,85.146996,27.790623,85.91447
80,2025-07-03 08:00:00+05:30,20.37899,93.5447,28.730726,95.03185
81,2025-07-03 09:00:00+05:30,20.527102,91.50741,28.288074,92.55285
82,2025-07-03 10:00:00+05:30,19.493261,94.23632,26.383972,95.08817
83,2025-07-03 11:00:00+05:30,16.04526,86.784584,23.222788,89.111786
84,2025-07-03 12:00:00+05:30,16.928614,81.4392,22.32653,82.58861
85,2025-07-03 13:00:00+05:30,14.206323,112.3407,21.068459,109.98319
86,2025-07-03 14:00:00+05:30,11.672275,63.435013,16.645864,68.428635
87,2025-07-03 15:00:00+05:30,15.506141,93.32734,22.007162,93.751656
88,2025-07-03 16:00:00+05:30,13.154786,73.300674,20.345573,76.70142
89,2025-07-03 17:00:00+05:30,14.517644,72.68827,23.53117,76.28263
90,2025-07-03 18:00:00+05:30,12.638512,72.597206,22.734219,79.04598
91,2025-07-03 19:00:00+05:30,13.929953,57.131325,24.804104,65.10873
92,2025-07-03 20:00:00+05:30,12.287555,58.1726,23.105297,62.63654
93,2025-07-03 21:00:00+05:30,12.348052,59.322803,22.90248,66.86052
94,2025-07-03 22:00:00+05:30,15.804164,52.869,26.469793,54.688713
95,2025-07-03 23:00:00+05:30,13.60519,64.11304,24.567856,68.51034
96,2025-07-04 00:00:00+05:30,14.822429,65.61364,25.851158,70.050896
97,2025-07-04 01:00:00+05:30,13.1412325,76.53478,24.231237,76.686356
98,2025-07-04 02:00:00+05:30,11.53265,87.316284,22.506477,88.6252
99,2025-07-04 03:00:00+05:30,11.901798,93.46816,22.621351,95.937325
100,2025-07-04 04:00:00+05:30,12.979984,93.17977,23.516708,95.7105
101,2025-07-04 05:00:00+05:30,13.200273,84.52272,22.691425,88.18174
102,2025-07-04 06:00:00+05:30,14.096425,95.128105,21.511318,95.28115
103,2025-07-04 07:00:00+05:30,17.176563,95.41178,23.177402,96.24182
104,2025-07-04 08:00:00+05:30,16.740969,90.61605,23.046328,91.3426
105,2025-07-04 09:00:00+05:30,16.966848,94.258766,22.571884,94.57384
106,2025-07-04 10:00:00+05:30,17.106628,81.528946,23.356342,83.8062
107,2025-07-04 11:00:00+05:30,14.6254835,76.47682,19.387428,77.125
108,2025-07-04 12:00:00+05:30,16.056362,86.14327,21.626984,87.13766
109,2025-07-04 13:00:00+05:30,17.280937,89.403206,24.3,90.0
110,2025-07-04 14:00:00+05:30,17.371632,79.854515,23.11441,81.49139
111,2025-07-04 15:00:00+05:30,16.63126,80.02801,24.412407,84.49969
112,2025-07-04 16:00:00+05:30,11.345712,41.784435,23.869518,57.628246
113,2025-07-04 17:00:00+05:30,16.454992,59.788757,26.729847,64.470345
114,2025-07-04 18:00:00+05:30,14.941083,68.070366,25.513054,69.775055
115,2025-07-04 19:00:00+05:30,15.095336,98.22664,26.14465,97.51635
116,2025-07-04 20:00:00+05:30,11.555103,85.53293,21.246862,88.54368
117,2025-07-04 21:00:00+05:30,12.860871,83.57135,24.17434,86.15762
118,2025-07-04 22:00:00+05:30,11.881363,89.131966,22.186779,93.72124
119,2025-07-04 23:00:00+05:30,9.997699,66.66594,18.820976,77.29289
120,2025-07-05 00:00:00+05:30,13.217443,60.64234,23.046326,66.03751
121,2025-07-05 01:00:00+05:30,14.138882,68.333984,24.821732,70.51378
122,2025-07-05 02:00:00+05:30,15.893093,76.908104,27.079681,77.71906
123,2025-07-05 03:00:00+05:30,16.248924,85.552704,27.072502,85.8059
124,2025-07-05 04:00:00+05:30,14.584445,91.41439,25.030357,91.64831
125,2025-07-05 05:00:00+05:30,15.506141,93.32734,25.325686,95.7105
126,2025-07-05 06:00:00+05:30,17.643673,91.16911,27.228235,93.41087
127,2025-07-05 07:00:00+05:30,16.036171,87.4267,22.502878,89.083374
128,2025-07-05 08:00:00+05:30,19.580328,96.863594,27.06053,97.64492
129,2025-07-05 09:00:00+05:30,18.998314,99.81924,25.807882,100.44777
130,2025-07-05 10:00:00+05:30,16.902758,97.957436,22.046877,98.92391
131,2025-07-05 11:00:00+05:30,16.1017,95.77424,21.768095,97.12492
132,2025-07-05 12:00:00+05:30,15.3095255,92.021324,20.009167,93.093994
133,2025-07-05 13:00:00+05:30,16.053335,72.37762,20.620806,73.77974
134,2025-07-05 14:00:00+05:30,18.484869,67.68052,25.639734,69.02018
135,2025-07-05 15:00:00+05:30,17.085785,78.45335,23.298702,78.86373
136,2025-07-05 16:00:00+05:30,16.486465,79.303535,23.408998,79.81343
137,2025-07-05 17:00:00+05:30,13.339445,86.906006,21.457026,86.63361
138,2025-07-05 18:00:00+05:30,12.976239,66.279594,23.337608,71.564964
139,2025-07-05 19:00:00+05:30,12.295462,72.09546,23.365358,74.3577
140,2025-07-05 20:00:00+05:30,11.672275,70.167786,22.483435,75.62997
141,2025-07-05 21:00:00+05:30,12.236029,63.81196,22.96464,68.86569
142,2025-07-05 22:00:00+05:30,12.007498,66.12472,22.315643,70.68806
143,2025-07-05 23:00:00+05:30,11.631956,68.19853,21.916433,72.30902
144,2025-07-06 00:00:00+05:30,14.092977,65.071556,25.269974,67.8196
145,2025-07-06 01:00:00+05:30,16.23596,86.186005,27.048555,86.56644
146,2025-07-06 02:00:00+05:30,15.451717,81.96438,25.787786,82.37902
147,2025-07-06 03:00:00+05:30,16.454008,79.919464,27.193705,83.15732
148,2025-07-06 04:00:00+05:30,15.027575,83.811485,25.098223,85.47532
149,2025-07-06 05:00:00+05:30,16.546299,81.86999,26.418333,84.134125
150,2025-07-06 06:00:00+05:30,16.63905,95.58715,24.670507,97.12492
151,2025-07-06 07:00:00+05:30,17.106628,98.47106,24.265308,99.39238
152,2025-07-06 08:00:00+05:30,20.955122,103.9169,29.293585,103.86549
153,2025-07-06 09:00:00+05:30,18.627172,84.45478,27.767296,86.655426
154,2025-07-06 10:00:00+05:30,18.022486,87.13766,25.022587,89.17568
155,2025-07-06 11:00:00+05:30,18.913708,87.818405,25.380638,89.593666
156,2025-07-06 12:00:00+05:30,15.726067,84.74629,20.570463,85.98591
157,2025-07-06 13:00:00+05:30,15.784676,82.79404,20.454369,83.93831
158,2025-07-06 14:00:00+05:30,14.602204,59.641964,19.179081,60.788807
159,2025-07-06 15:00:00+05:30,13.538345,54.196568,18.971008,56.611465
160,2025-07-06 16:00:00+05:30,16.276815,79.80856,23.940676,80.042
161,2025-07-06 17:00:00+05:30,14.118243,70.640915,23.414532,73.93353
162,2025-07-06 18:00:00+05:30,13.33094,55.451576,24.14014,59.03632
163,2025-07-06 19:00:00+05:30,12.601285,68.19854,23.57519,69.904686
164,2025-07-06 20:00:00+05:30,10.661107,78.31066,21.691305,80.92858
165,2025-07-06 21:00:00+05:30,11.448055,73.55955,22.557526,78.95911
166,2025-07-06 22:00:00+05:30,14.0734215,69.01503,25.516865,73.61038
167,2025-07-06 23:00:00+05:30,13.779114,70.1447,24.826952,73.14152
168,2025-07-07 00:00:00+05:30,12.886039,61.645138,23.967728,67.47939
169,2025-07-07 01:00:00+05:30,14.128566,55.904976,25.563803,60.005016
170,2025-07-07 02:00:00+05:30,15.379206,57.42595,27.014996,60.018444
171,2025-07-07 03:00:00+05:30,14.087229,63.435013,24.746563,66.418335
172,2025-07-07 04:00:00+05:30,13.203954,62.387074,23.348019,64.42275
173,2025-07-07 05:00:00+05:30,12.641076,70.01681,21.862406,72.75845
174,2025-07-07 06:00:00+05:30,14.156058,78.26146,21.158232,80.69802
175,2025-07-07 07:00:00+05:30,15.489416,91.99784,21.432096,91.92515
176,2025-07-07 08:00:00+05:30,16.740969,89.38396,22.859999,90.0
177,2025-07-07 09:00:00+05:30,17.103788,91.206024,23.23116,91.77601
178,2025-07-07 10:00:00+05:30,16.733225,101.7934,21.887583,101.864365
179,2025-07-07 11:00:00+05:30,14.887859,104.70835,19.121557,104.16709
180,2025-07-07 12:00:00+05:30,13.842457,102.77125,17.637245,104.1781
181,2025-07-07 13:00:00+05:30,13.060857,97.12492,16.928614,98.56081
182,2025-07-07 14:00:00+05:30,14.369594,77.70475,18.820976,80.08732
183,2025-07-07 15:00:00+05:30,12.81165,65.95578,17.14919,69.09195
184,2025-07-07 16:00:00+05:30,12.800266,64.15567,18.623693,69.63831
185,2025-07-07 17:00:00+05:30,10.787993,64.2901,18.961613,70.01681
186,2025-07-07 18:00:00+05:30,6.1120534,76.37299,14.787414,93.48926
187,2025-07-07 19:00:00+05:30,14.021525,60.802605,25.455843,61.26031
188,2025-07-07 20:00:00+05:30,9.734987,70.559875,19.32801,85.19214
189,2025-07-07 21:00:00+05:30,14.138882,58.53591,25.715443,66.48543
190,2025-07-07 22:00:00+05:30,12.783802,57.652576,23.59099,62.261917
191,2025-07-07 23:00:00+05:30,13.125196,47.77924,23.652027,53.042812
192,2025-07-08 00:00:00+05:30,12.387348,54.46224,23.06319,60.033348
193,2025-07-08 01:00:00+05:30,11.9140415,63.047905,21.868332,69.775055
194,2025-07-08 02:00:00+05:30,9.781473,77.24247,18.913708,81.79288
195,2025-07-08 03:00:00+05:30,8.654986,73.07241,16.946787,77.735245
196,2025-07-08 04:00:00+05:30,10.685391,57.380775,19.603477,59.667908
197,2025-07-08 05:00:00+05:30,16.635155,76.865974,28.173307,77.82856
198,2025-07-08 06:00:00+05:30,16.419512,77.33494,25.100157,79.254196
199,2025-07-08 07:00:00+05:30,17.515581,67.65185,24.90318,68.81375
200,2025-07-08 08:00:00+05:30,18.837322,63.924713,26.087584,64.67267
201,2025-07-08 09:00:00+05:30,19.59356,66.73228,26.778893,67.05423
202,2025-07-08 10:00:00+05:30,20.605873,75.84234,28.420626,75.69969
203,2025-07-08 11:00:00+05:30,21.25601,82.21307,29.582493,82.65887
204,2025-07-08 12:00:00+05:30,20.37899,86.45531,27.958004,86.308685
205,2025-07-08 13:00:00+05:30,18.008097,88.281685,24.665909,88.745575
206,2025-07-08 14:00:00+05:30,19.270092,98.05432,26.90684,98.075806
207,2025-07-08 15:00:00+05:30,16.920958,90.6095,23.59099,91.74891
208,2025-07-08 16:00:00+05:30,19.633205,87.89839,28.629053,88.55894
209,2025-07-08 17:00:00+05:30,16.069473,85.50294,26.130396,87.2362
210,2025-07-08 18:00:00+05:30,15.84409,91.301926,27.44513,94.5139
211,2025-07-08 19:00:00+05:30,16.368128,81.78088,27.851183,84.43689
212,2025-07-08 20:00:00+05:30,16.720633,75.664536,28.03034,79.26739
213,2025-07-08 21:00:00+05:30,17.46371,88.81884,29.173887,91.76779
214,2025-07-08 22:00:00+05:30,15.743569,84.093956,26.475302,88.051956
215,2025-07-08 23:00:00+05:30,15.506141,80.647095,26.02541,84.841545
216,2025-07-09 00:00:00+05:30,14.264361,79.824554,24.628447,83.70615
217,2025-07-09 01:00:00+05:30,14.241629,73.85559,24.18238,79.275604
218,2025-07-09 02:00:00+05:30,13.799087,59.420856,23.431824,62.057064
219,2025-07-09 03:00:00+05:30,12.783802,57.652576,22.66857,57.319454
220,2025-07-09 04:00:00+05:30,14.428097,56.706417,24.518353,57.593346
221,2025-07-09 05:00:00+05:30,15.676542,55.762486,25.567604,57.652576
222,2025-07-09 06:00:00+05:30,17.258425,59.95872,25.385744,60.708733
223,2025-07-09 07:00:00+05:30,19.172323,65.60058,27.086262,66.50142
224,2025-07-09 08:00:00+05:30,21.26744,87.089226,29.906553,87.5854
225,2025-07-09 09:00:00+05:30,18.382044,87.19369,25.210283,88.363464
226,2025-07-09 10:00:00+05:30,22.58695,95.02899,30.37683,95.44024
227,2025-07-09 11:00:00+05:30,25.421455,100.19593,35.693142,100.459854
228,2025-07-09 12:00:00+05:30,26.878527,106.736084,38.102642,106.465996
229,2025-07-09 13:00:00+05:30,21.960737,104.71971,30.472675,104.364624
230,2025-07-09 14:00:00+05:30,22.52878,97.80631,31.667723,98.49848
231,2025-07-09 15:00:00+05:30,22.37871,106.83176,31.550869,106.57409
232,2025-07-09 16:00:00+05:30,20.150354,108.75875,31.142078,109.58709
233,2025-07-09 17:00:00+05:30,16.63126,80.02801,26.102482,89.209785
234,2025-07-09 18:00:00+05:30,20.457537,111.146164,31.458832,112.89729
235,2025-07-09 19:00:00+05:30,14.650938,100.619606,24.884306,104.23732
236,2025-07-09 20:00:00+05:30,16.520823,101.3099,28.164104,105.19094
237,2025-07-09 21:00:00+05:30,16.069473,94.49707,27.619884,97.86598
238,2025-07-09 22:00:00+05:30,16.029097,88.06946,27.182383,90.75882
239,2025-07-09 23:00:00+05:30,14.967083,86.55268,25.740627,89.59935
240,2025-07-10 00:00:00+05:30,14.332341,78.40785,24.717743,82.04701
241,2025-07-10 01:00:00+05:30,15.577022,67.58381,25.558098,71.94778
242,2025-07-10 02:00:00+05:30,17.072504,65.05612,27.578209,68.96242
243,2025-07-10 03:00:00+05:30,16.284779,66.551926,26.589478,70.21563
244,2025-07-10 04:00:00+05:30,16.179985,69.14546,26.3766,69.215065
245,2025-07-10 05:00:00+05:30,17.020235,72.13982,27.792374,73.442856
246,2025-07-10 06:00:00+05:30,17.47484,78.11137,28.467329,80.53775
247,2025-07-10 07:00:00+05:30,17.548845,79.95804,27.798203,82.1848
248,2025-07-10 08:00:00+05:30,20.545246,78.88701,30.038975,81.38444
249,2025-07-10 09:00:00+05:30,23.222788,90.88822,32.407997,91.273
250,2025-07-10 10:00:00+05:30,23.803596,93.46816,32.663925,94.10803
251,2025-07-10 11:00:00+05:30,20.11656,96.67979,27.014996,96.88817
252,2025-07-10 12:00:00+05:30,20.06334,99.293236,26.781918,98.89247
253,2025-07-10 13:00:00+05:30,18.745079,101.63361,24.817162,101.71741
254,2025-07-10 14:00:00+05:30,16.383955,91.25902,23.124922,94.9117
255,2025-07-10 15:00:00+05:30,16.557064,101.920715,22.66714,102.38075
256,2025-07-10 16:00:00+05:30,16.244938,105.42222,23.491207,105.10115
257,2025-07-10 17:00:00+05:30,9.54,121.890755,15.96327,119.74479
258,2025-07-10 18:00:00+05:30,11.173057,87.22985,21.246862,91.45633
259,2025-07-10 19:00:00+05:30,10.441552,89.01226,20.81239,95.95704
260,2025-07-10 20:00:00+05:30,8.641874,91.19346,18.584509,98.914856
261,2025-07-10 21:00:00+05:30,9.224011,84.40076,18.98552,95.44024
262,2025-07-10 22:00:00+05:30,9.926147,85.84044,20.167229,91.53431
263,2025-07-10 23:00:00+05:30,11.003581,93.751656,20.95203,98.895775
264,2025-07-11 00:00:00+05:30,9.555271,86.76037,18.751125,93.301796
265,2025-07-11 01:00:00+05:30,10.873252,83.34567,20.359901,87.4665
266,2025-07-11 02:00:00+05:30,11.53265,87.316284,21.060768,90.489685
267,2025-07-11 03:00:00+05:30,11.013882,78.6901,19.626604,82.09293
268,2025-07-11 04:00:00+05:30,11.659777,81.11942,20.674158,82.99883
269,2025-07-11 05:00:00+05:30,12.108261,95.117226,21.38897,96.76608
270,2025-07-11 06:00:00+05:30,13.878688,99.70659,20.833395,99.95056
271,2025-07-11 07:00:00+05:30,14.260953,94.34316,19.719654,95.76254
272,2025-07-11 08:00:00+05:30,14.957339,92.75905,20.188908,93.06642
273,2025-07-11 09:00:00+05:30,14.967083,93.44732,20.031824,94.12222
274,2025-07-11 10:00:00+05:30,14.589996,92.12105,19.281015,92.67538
275,2025-07-11 11:00:00+05:30,14.120538,101.023415,18.568813,101.745605
276,2025-07-11 12:00:00+05:30,15.25865,107.15251,19.811451,107.44727
277,2025-07-11 13:00:00+05:30,13.154786,106.699326,16.965895,107.281586
278,2025-07-11 14:00:00+05:30,11.844492,106.78272,15.25865,107.15251
279,2025-07-11 15:00:00+05:30,11.190442,115.74066,15.079229,113.198616
280,2025-07-11 16:00:00+05:30,9.044888,121.15924,12.785069,125.25644
281,2025-07-11 17:00:00+05:30,5.3699164,76.42955,9.0,90.0
282,2025-07-11 18:00:00+05:30,4.503598,92.29056,11.384199,108.43504
283,2025-07-11 19:00:00+05:30,4.599695,120.57915,11.272657,128.51695
284,2025-07-11 20:00:00+05:30,3.244996,86.82024,7.889258,124.77791
285,2025-07-11 21:00:00+05:30,3.644722,69.775055,7.989243,104.349365
286,2025-07-11 22:00:00+05:30,4.7110505,83.41815,11.003581,105.17297
287,2025-07-11 23:00:00+05:30,5.2478566,95.906044,13.32,108.92474
288,2025-07-12 00:00:00+05:30,4.1556225,94.96966,11.028581,116.14678
289,2025-07-12 01:00:00+05:30,4.5891175,64.440094,10.316686,96.00892
290,2025-07-12 02:00:00+05:30,6.193674,54.46224,12.487641,74.962135
291,2025-07-12 03:00:00+05:30,5.0142193,68.96242,12.304682,84.1227
292,2025-07-12 04:00:00+05:30,6.302571,88.363464,14.027302,98.85788
293,2025-07-12 05:00:00+05:30,8.085988,106.821495,15.882896,113.36913
294,2025-07-12 06:00:00+05:30,6.603817,107.44727,14.628807,124.472275
295,2025-07-12 07:00:00+05:30,5.506941,101.3099,7.968939,108.43504
296,2025-07-12 08:00:00+05:30,10.399576,113.459045,13.78029,113.886505
297,2025-07-12 09:00:00+05:30,11.132385,112.833694,14.512064,113.38525
298,2025-07-12 10:00:00+05:30,11.592895,115.76928,15.137133,115.34614
299,2025-07-12 11:00:00+05:30,11.792404,121.26367,15.342294,121.07898
300,2025-07-12 12:00:00+05:30,10.829958,111.44781,14.206323,112.3407
301,2025-07-12 13:00:00+05:30,10.387107,98.97255,13.590894,101.458725
302,2025-07-12 14:00:00+05:30,8.827344,92.33726,11.375658,94.53769
303,2025-07-12 15:00:00+05:30,6.898956,97.495766,9.044888,95.7105
304,2025-07-12 16:00:00+05:30,6.1226463,114.30454,8.225035,113.198616
305,2025-07-12 17:00:00+05:30,6.1120534,103.627014,11.448055,106.44046
306,2025-07-12 18:00:00+05:30,5.6060677,132.39738,14.637663,135.49815
307,2025-07-12 19:00:00+05:30,5.4149795,105.42222,13.229693,123.90632
308,2025-07-12 20:00:00+05:30,5.3999996,90.0,13.32,108.92474
309,2025-07-12 21:00:00+05:30,5.0911684,98.13002,12.410866,109.48622
310,2025-07-12 22:00:00+05:30,4.7521367,114.62355,11.996699,117.718414
311,2025-07-12 23:00:00+05:30,4.2021427,133.26433,10.993271,140.31459
312,2025-07-13 00:00:00+05:30,5.5596404,60.94549,8.647496,92.385895
313,2025-07-13 01:00:00+05:30,13.403656,75.21723,25.283432,77.24998
314,2025-07-13 02:00:00+05:30,12.182955,77.19574,21.637466,81.86999
315,2025-07-13 03:00:00+05:30,11.609651,60.255207,21.498512,64.72231
316,2025-07-13 04:00:00+05:30,7.570707,71.99575,15.999762,72.991974
317,2025-07-13 05:00:00+05:30,5.950899,93.46816,11.892265,92.60251
318,2025-07-13 06:00:00+05:30,6.9550843,100.43742,15.463244,102.09474
319,2025-07-13 07:00:00+05:30,5.441838,124.21575,9.511088,119.4758
320,2025-07-13 08:00:00+05:30,2.9301877,137.4896,4.080882,131.42357
321,2025-07-13 09:00:00+05:30,4.379589,99.46225,5.6835546,100.95402
322,2025-07-13 10:00:00+05:30,7.7420926,144.46223,9.726664,141.009
323,2025-07-13 11:00:00+05:30,2.968636,284.03625,3.189608,286.38962
324,2025-07-13 12:00:00+05:30,6.3639607,28.739704,7.9036193,30.068504
325,2025-07-13 13:00:00+05:30,9.781473,77.24247,12.966248,76.34956
326,2025-07-13 14:00:00+05:30,7.229191,108.886185,9.346143,105.64231
327,2025-07-13 15:00:00+05:30,6.384293,111.501495,8.36758,108.8248
328,2025-07-13 16:00:00+05:30,6.8919086,139.23648,9.178235,138.17992
329,2025-07-13 17:00:00+05:30,3.9763298,95.19434,5.6262593,97.35229
330,2025-07-13 18:00:00+05:30,7.486788,99.68872,13.379461,107.21616
331,2025-07-13 19:00:00+05:30,12.785069,54.743572,23.516708,61.669643
332,2025-07-13 20:00:00+05:30,11.334285,32.680546,19.296135,36.656208
333,2025-07-13 21:00:00+05:30,1.9469976,56.3099,6.28713,76.75947
334,2025-07-13 22:00:00+05:30,3.8183763,81.86999,8.64,90.0
335,2025-07-13 23:00:00+05:30,4.452954,104.03627,10.234705,113.86018
336,2025-07-14 00:00:00+05:30,5.3517847,109.653915,13.121493,116.91648
337,2025-07-14 01:00:00+05:30,10.594036,80.21766,19.45333,87.87895
338,2025-07-14 02:00:00+05:30,9.567131,94.31595,17.90344,99.841064
339,2025-07-14 03:00:00+05:30,15.111424,102.38075,26.79341,101.234406
340,2025-07-14 04:00:00+05:30,11.989945,97.76508,21.485697,98.673096
341,2025-07-14 05:00:00+05:30,11.9466305,96.0541,21.69056,95.23738
342,2025-07-14 06:00:00+05:30,16.529644,128.36752,23.838959,128.25447
343,2025-07-14 07:00:00+05:30,15.655861,134.53424,22.148046,134.34154
344,2025-07-14 08:00:00+05:30,16.332458,121.938416,23.513952,123.4468
345,2025-07-14 09:00:00+05:30,13.896187,106.55715,19.809813,109.09359
346,2025-07-14 10:00:00+05:30,12.061341,89.14493,17.288435,91.78987
347,2025-07-14 11:00:00+05:30,12.011544,70.75039,17.160524,74.79754
348,2025-07-14 12:00:00+05:30,11.480557,41.185825,15.401311,45.47345
349,2025-07-14 13:00:00+05:30,11.7,59.48984,15.385525,61.33614
350,2025-07-14 14:00:00+05:30,10.787993,64.2901,14.256409,65.37646
351,2025-07-14 15:00:00+05:30,11.27553,73.300674,15.034041,73.300674
352,2025-07-14 16:00:00+05:30,12.673074,78.5305,17.82727,78.34973
353,2025-07-14 17:00:00+05:30,17.283749,91.19346,28.620564,90.360344
354,2025-07-14 18:00:00+05:30,13.379461,79.14364,23.264606,86.45139
355,2025-07-14 19:00:00+05:30,13.729647,55.684853,24.070244,62.860188
356,2025-07-14 20:00:00+05:30,17.950432,74.2913,30.500309,78.42485
357,2025-07-14 21:00:00+05:30,17.90344,77.221275,30.118145,82.79014
358,2025-07-14 22:00:00+05:30,17.035456,74.054535,29.237675,80.07382
359,2025-07-14 23:00:00+05:30,18.914566,73.97964,31.807074,78.244965
360,2025-07-15 00:00:00+05:30,20.038294,75.96373,33.085255,79.97403
361,2025-07-15 01:00:00+05:30,20.73753,76.44622,33.857708,79.586235
362,2025-07-15 02:00:00+05:30,21.567726,83.29026,34.695206,84.94022
363,2025-07-15 03:00:00+05:30,21.322214,78.31066,33.857227,81.4392
364,2025-07-15 04:00:00+05:30,22.087988,72.45091,35.23083,76.10573
365,2025-07-15 05:00:00+05:30,21.286474,78.785126,33.857227,81.4392
366,2025-07-15 06:00:00+05:30,20.454369,83.93831,32.424488,87.773
367,2025-07-15 07:00:00+05:30,19.3104,78.16638,27.934818,80.35567
368,2025-07-15 08:00:00+05:30,23.826725,81.74757,33.95947,82.38538
369,2025-07-15 09:00:00+05:30,23.899363,78.266945,36.748665,78.41491
370,2025-07-15 10:00:00+05:30,21.152872,84.6291,33.51917,87.22985
371,2025-07-15 11:00:00+05:30,21.528631,84.24183,30.539585,84.927956
372,2025-07-15 12:00:00+05:30,26.079508,96.340096,40.5907,96.62068
373,2025-07-15 13:00:00+05:30,19.263363,88.9292,29.888672,91.380325
374,2025-07-15 14:00:00+05:30,21.063076,90.9793,31.712711,92.60251
375,2025-07-15 15:00:00+05:30,21.60075,89.52256,30.240534,90.341034
376,2025-07-15 16:00:00+05:30,18.907713,91.63654,26.48203,92.33726
377,2025-07-15 17:00:00+05:30,17.95043,96.91113,29.723444,101.173805
378,2025-07-15 18:00:00+05:30,18.023384,98.61557,29.406183,101.65382
379,2025-07-15 19:00:00+05:30,16.748707,91.84757,28.30983,97.30567
380,2025-07-15 20:00:00+05:30,14.685176,78.6901,25.846146,84.805664
381,2025-07-15 21:00:00+05:30,13.83192,71.80074,24.442911,80.67649
382,2025-07-15 22:00:00+05:30,13.590894,78.54128,24.054089,84.41749
383,2025-07-15 23:00:00+05:30,13.31635,80.66508,23.59099,88.2511
384,2025-07-16 00:00:00+05:30,13.775586,83.24652,24.126041,88.71751
385,2025-07-16 01:00:00+05:30,14.113653,95.85592,24.265308,99.39238
386,2025-07-16 02:00:00+05:30,11.881363,89.131966,21.152872,95.37091
387,2025-07-16 03:00:00+05:30,13.262714,71.81086,22.707127,82.25538
388,2025-07-16 04:00:00+05:30,16.348322,61.74207,27.619883,69.793495
389,2025-07-16 05:00:00+05:30,18.222721,66.72707,30.240538,73.398674
390,2025-07-16 06:00:00+05:30,18.29459,66.20923,29.982836,68.5179
391,2025-07-16 07:00:00+05:30,18.287502,61.164604,28.497473,62.949482
392,2025-07-16 08:00:00+05:30,15.539537,64.62229,32.63366,69.66581
393,2025-07-16 09:00:00+05:30,13.684735,63.435013,27.667353,70.6219
394,2025-07-16 10:00:00+05:30,14.517644,72.68827,25.39021,80.20386
395,2025-07-16 11:00:00+05:30,15.486278,70.30129,22.947704,73.12849
396,2025-07-16 12:00:00+05:30,16.208998,60.018444,23.358423,61.460106
397,2025-07-16 13:00:00+05:30,14.934577,74.623695,20.870687,75.004875
398,2025-07-16 14:00:00+05:30,11.832176,76.80939,16.109747,76.42955
399,2025-07-16 15:00:00+05:30,10.209348,80.8699,13.822546,81.764465
400,2025-07-16 16:00:00+05:30,10.801499,90.95482,15.484185,91.33219
401,2025-07-16 17:00:00+05:30,8.604301,142.65057,14.255272,135.0001
402,2025-07-16 18:00:00+05:30,7.029225,103.32455,14.98331,106.04001
403,2025-07-16 19:00:00+05:30,9.360001,112.61991,18.22361,122.90524
404,2025-07-16 20:00:00+05:30,8.6867485,95.94677,16.766108,104.93147
405,2025-07-16 21:00:00+05:30,7.2359104,95.7105,14.944336,99.00843
406,2025-07-16 22:00:00+05:30,5.6835546,79.04598,13.330941,92.32148
407,2025-07-16 23:00:00+05:30,6.3231,85.101,14.238215,92.89851
408,2025-07-17 00:00:00+05:30,8.827343,73.41259,17.771753,83.019035
409,2025-07-17 01:00:00+05:30,5.7515564,110.13639,13.83192,108.19926
410,2025-07-17 02:00:00+05:30,5.7628117,104.47034,13.447095,117.93705
411,2025-07-17 03:00:00+05:30,5.7852573,84.644264,12.487641,105.03787
412,2025-07-17 04:00:00+05:30,6.8989563,74.875946,13.324863,91.54813
413,2025-07-17 05:00:00+05:30,5.796447,53.84173,9.582359,84.61079
414,2025-07-17 06:00:00+05:30,4.14,90.0,5.195113,104.03627
415,2025-07-17 07:00:00+05:30,1.8792552,16.699326,2.2553935,61.389645
416,2025-07-17 08:00:00+05:30,1.8,53.13002,2.0124612,63.435013
417,2025-07-17 09:00:00+05:30,2.3469126,85.60138,2.8856194,93.57626
418,2025-07-17 10:00:00+05:30,3.9640884,129.47243,4.8433046,131.98714
419,2025-07-17 11:00:00+05:30,5.3426957,147.38077,6.6405115,147.17146
420,2025-07-17 12:00:00+05:30,4.327493,163.0724,5.3517847,160.34608
421,2025-07-17 13:00:00+05:30,5.7204895,204.14554,7.186487,202.06795
422,2025-07-17 14:00:00+05:30,5.3999996,216.86998,6.9480934,216.57312
423,2025-07-17 15:00:00+05:30,5.876938,220.0302,7.42159,219.09384
424,2025-07-17 16:00:00+05:30,6.090812,214.15974,7.889258,214.77791
425,2025-07-17 17:00:00+05:30,4.353619,187.12492,7.2044983,192.99461
426,2025-07-17 18:00:00+05:30,3.8647635,207.75845,9.505977,198.77812
427,2025-07-17 19:00:00+05:30,3.7585104,163.30067,10.390226,165.96373
428,2025-07-17 20:00:00+05:30,5.7431,147.80429,14.256409,155.37645
429,2025-07-17 21:00:00+05:30,4.198285,120.96369,11.605464,156.21796
430,2025-07-17 22:00:00+05:30,2.5772076,65.22488,6.638072,130.60121
431,2025-07-17 23:00:00+05:30,2.7943513,75.068535,5.994297,131.34769
432,2025-07-18 00:00:00+05:30,2.968636,75.96373,4.863332,128.991
433,2025-07-18 01:00:00+05:30,4.14,90.0,6.502461,131.63345
434,2025-07-18 02:00:00+05:30,3.1845248,132.70937,7.841888,170.75397
435,2025-07-18 03:00:00+05:30,5.12289,161.56496,11.734564,184.39862
436,2025-07-18 04:00:00+05:30,3.7971041,148.57048,10.621525,179.029
437,2025-07-18 05:00:00+05:30,1.2727921,8.130019,2.5582807,219.28938
438,2025-07-18 06:00:00+05:30,5.7176566,61.821507,7.6579366,66.44773
439,2025-07-18 07:00:00+05:30,3.2048087,128.15727,4.080882,131.42357
440,2025-07-18 08:00:00+05:30,4.1556225,184.96965,5.2478566,185.90605
441,2025-07-18 09:00:00+05:30,3.4388947,222.87889,4.3349743,221.63345
442,2025-07-18 10:00:00+05:30,5.1575575,209.24873,6.452441,210.1413
443,2025-07-18 11:00:00+05:30,7.0015144,197.96924,8.709098,198.06056
444,2025-07-18 12:00:00+05:30,7.193247,211.70139,8.797931,210.76265
445,2025-07-18 13:00:00+05:30,6.8777895,227.12111,8.281956,227.6426
446,2025-07-18 14:00:00+05:30,6.522361,230.59937,7.928177,230.52757
447,2025-07-18 15:00:00+05:30,7.8625183,254.05453,10.24578,251.56496
448,2025-07-18 16:00:00+05:30,6.384293,248.4985,8.490582,248.87521
449,2025-07-18 17:00:00+05:30,5.9617786,241.11351,10.144082,242.52565
450,2025-07-18 18:00:00+05:30,3.4199998,270.0,8.311245,265.03033
451,2025-07-18 19:00:00+05:30,2.2768397,288.43503,7.7734165,275.31445
452,2025-07-18 20:00:00+05:30,0.0,270.0,2.7238941,277.59454
453,2025-07-18 21:00:00+05:30,1.0948973,189.46225,3.572898,220.91429
454,2025-07-18 22:00:00+05:30,5.4477882,172.40544,9.6480665,188.58354
455,2025-07-18 23:00:00+05:30,7.9932966,234.16226,15.342294,238.92102
456,2025-07-19 00:00:00+05:30,4.1556225,175.03035,7.0591216,199.35909
457,2025-07-19 01:00:00+05:30,10.144082,242.52565,17.238699,241.29414
458,2025-07-19 02:00:00+05:30,5.8298883,261.11942,9.926147,265.84042
459,2025-07-19 03:00:00+05:30,5.297018,279.78235,10.717182,277.72174
460,2025-07-19 04:00:00+05:30,3.143565,346.75946,7.9383874,327.03058
461,2025-07-19 05:00:00+05:30,4.2366967,347.73523,8.133928,335.13632
462,2025-07-19 06:00:00+05:30,2.5071096,111.03758,0.9,143.13002
463,2025-07-19 07:00:00+05:30,4.2175345,129.80553,5.0975285,132.13753
464,2025-07-19 08:00:00+05:30,3.438895,173.99109,4.323748,177.6141
465,2025-07-19 09:00:00+05:30,3.84796,169.21574,4.7110505,173.41815
466,2025-07-19 10:00:00+05:30,6.489992,199.44012,8.027677,199.65392
467,2025-07-19 11:00:00+05:30,4.5,196.26028,5.5216303,199.0257
468,2025-07-19 12:00:00+05:30,5.8852015,203.42871,7.0199995,202.6199
469,2025-07-19 13:00:00+05:30,7.570707,208.39293,9.659814,206.56499
470,2025-07-19 14:00:00+05:30,7.674842,219.2894,9.473541,218.82983
471,2025-07-19 15:00:00+05:30,7.4867883,207.18103,9.7565975,209.8759
472,2025-07-19 16:00:00+05:30,6.8423676,271.5074,9.087772,262.0305
473,2025-07-19 17:00:00+05:30,5.195113,14.036275,5.2478566,22.166399
474,2025-07-19 18:00:00+05:30,2.2768397,108.43504,4.2136917,160.0168
475,2025-07-19 19:00:00+05:30,14.420235,24.325571,23.138927,23.374182
476,2025-07-19 20:00:00+05:30,8.163749,75.96373,15.03835,78.95911
477,2025-07-19 21:00:00+05:30,5.9427266,35.134277,9.473541,51.170166
478,2025-07-19 22:00:00+05:30,7.10031,59.53454,12.358542,77.38069
479,2025-07-19 23:00:00+05:30,10.495713,84.093956,18.329975,82.66572
480,2025-07-20 00:00:00+05:30,8.64,90.0,15.3264475,102.893745
481,2025-07-20 01:00:00+05:30,8.287822,92.4895,14.156058,101.73855
482,2025-07-20 02:00:00+05:30,6.3639607,81.86999,11.052058,96.546196
483,2025-07-20 03:00:00+05:30,6.424764,78.6901,11.749741,84.7262
484,2025-07-20 04:00:00+05:30,6.1437774,121.82741,9.511088,119.4758
485,2025-07-20 05:00:00+05:30,4.5,106.26028,8.242743,121.60746
486,2025-07-20 06:00:00+05:30,6.3639607,98.13002,11.351422,104.697365
487,2025-07-20 07:00:00+05:30,4.143911,34.3804,5.896202,58.736336
488,2025-07-20 08:00:00+05:30,6.156947,52.124958,8.53815,55.304783
489,2025-07-20 09:00:00+05:30,6.945761,58.781662,9.4238205,61.47699
490,2025-07-20 10:00:00+05:30,8.534353,62.354122,11.511559,63.03437
491,2025-07-20 11:00:00+05:30,6.8541956,76.328674,9.0018,78.46541
492,2025-07-20 12:00:00+05:30,2.4149535,63.435013,3.244996,70.559875
493,2025-07-20 13:00:00+05:30,6.320538,19.983198,7.5213294,21.037588
494,2025-07-20 14:00:00+05:30,7.729527,27.758451,10.158444,29.744795
495,2025-07-20 15:00:00+05:30,5.876938,40.030197,7.282774,39.98684
496,2025-07-20 16:00:00+05:30,2.19718,34.9921,2.8460495,34.69522
497,2025-07-20 17:00:00+05:30,2.1674871,138.36655,2.8001428,135.0001
498,2025-07-20 18:00:00+05:30,2.6758924,222.27362,5.1165614,230.71062
499,2025-07-20 19:00:00+05:30,0.9178235,281.3099,3.7842832,272.72626
500,2025-07-20 20:00:00+05:30,2.3051248,38.65983,4.323748,2.385899
501,2025-07-20 21:00:00+05:30,2.5455842,81.86999,3.0758414,69.44387
502,2025-07-20 22:00:00+05:30,2.5772076,65.22488,2.6999998,53.13002
503,2025-07-20 23:00:00+05:30,2.7475805,31.607454,3.8647635,27.758451
504,2025-07-21 00:00:00+05:30,3.6,36.86999,6.889557,33.27491
505,2025-07-21 01:00:00+05:30,3.9640884,39.47243,9.059205,49.02836
506,2025-07-21 02:00:00+05:30,5.7515564,110.13639,12.585848,106.620834
507,2025-07-21 03:00:00+05:30,7.814986,172.05663,14.650938,169.3804
508,2025-07-21 04:00:00+05:30,8.863972,167.09259,16.336426,161.36533
509,2025-07-21 05:00:00+05:30,4.2021422,189.86574,7.9383874,183.90042
510,2025-07-21 06:00:00+05:30,4.327493,196.9276,7.256032,187.12492
511,2025-07-21 07:00:00+05:30,3.438895,186.00891,4.6834598,182.20255
512,2025-07-21 08:00:00+05:30,1.8532133,209.0545,2.3400002,202.6199
513,2025-07-21 09:00:00+05:30,0.25455844,315.0001,0.5091169,315.0001
514,2025-07-21 10:00:00+05:30,1.8,143.13002,2.3051248,141.34016
515,2025-07-21 11:00:00+05:30,1.6199999,180.0,1.9881649,174.80566
516,2025-07-21 12:00:00+05:30,2.7059932,183.814,3.244996,183.17976
517,2025-07-21 13:00:00+05:30,3.0652893,220.23628,3.8521678,217.40543
518,2025-07-21 14:00:00+05:30,4.863332,141.009,5.692099,145.30478
519,2025-07-21 15:00:00+05:30,10.070353,155.72557,12.638513,153.79994
520,2025-07-21 16:00:00+05:30,3.9844694,251.56496,6.320538,250.0168
521,2025-07-21 17:00:00+05:30,4.327493,196.9276,7.729527,207.75845
522,2025-07-21 18:00:00+05:30,0.54,270.0,2.968636,284.03625
523,2025-07-21 19:00:00+05:30,3.710795,157.1663,5.318383,156.0375
524,2025-07-21 20:00:00+05:30,3.9640884,140.52757,7.653705,138.81418
525,2025-07-21 21:00:00+05:30,5.0142193,158.96242,9.459852,158.80588
526,2025-07-21 22:00:00+05:30,4.278551,157.75093,9.165871,160.49747
527,2025-07-21 23:00:00+05:30,1.9386592,158.19853,6.341009,173.4803
528,2025-07-22 00:00:00+05:30,7.519175,222.08908,12.348051,216.70294
529,2025-07-22 01:00:00+05:30,6.638072,12.528798,8.083983,348.4399
530,2025-07-22 02:00:00+05:30,1.98,180.0,2.8116899,230.19447
531,2025-07-22 03:00:00+05:30,5.072041,117.47435,6.725354,105.52418
532,2025-07-22 04:00:00+05:30,2.2553935,151.38963,3.143565,166.75948
533,2025-07-22 05:00:00+05:30,5.2694216,97.853226,5.937272,104.03627
534,2025-07-22 06:00:00+05:30,1.8089776,275.7105,3.4152596,288.43503
535,2025-07-22 07:00:00+05:30,1.0495713,300.96368,1.2979984,303.6901
536,2025-07-22 08:00:00+05:30,4.143911,87.5105,4.86,90.0
537,2025-07-22 09:00:00+05:30,7.415038,84.4279,9.54,90.0
538,2025-07-22 10:00:00+05:30,7.458606,98.32557,9.708326,100.68486
539,2025-07-22 11:00:00+05:30,4.278551,112.24908,5.4833565,113.19862
540,2025-07-22 12:00:00+05:30,3.5864744,162.47433,4.5536795,161.56496
541,2025-07-22 13:00:00+05:30,4.3498964,204.44394,5.0816135,202.93213
542,2025-07-22 14:00:00+05:30,4.91634,246.25049,6.050785,247.249
543,2025-07-22 15:00:00+05:30,4.1556225,252.3498,5.020677,255.4655
544,2025-07-22 16:00:00+05:30,4.599695,239.42085,5.7176566,241.8215
545,2025-07-22 17:00:00+05:30,5.994297,311.3477,8.373386,295.46332
546,2025-07-22 18:00:00+05:30,4.542994,33.6901,9.422101,43.451904
547,2025-07-22 19:00:00+05:30,5.195113,75.96373,10.435344,75.004875
548,2025-07-22 20:00:00+05:30,3.4388947,137.12111,8.92408,131.72942
549,2025-07-22 21:00:00+05:30,3.06,180.0,7.841888,170.75397
550,2025-07-22 22:00:00+05:30,0.56920993,108.43504,4.6834598,177.79745
551,2025-07-22 23:00:00+05:30,1.6199999,270.0,5.6233797,230.19447
552,2025-07-23 00:00:00+05:30,2.7238941,7.59456,3.3043609,330.64233
553,2025-07-23 01:00:00+05:30,4.0249224,349.69522,7.6409945,344.9816
554,2025-07-23 02:00:00+05:30,3.710795,345.9637,9.292255,338.40463
555,2025-07-23 03:00:00+05:30,2.8460498,341.56494,8.322932,338.42862
556,2025-07-23 04:00:00+05:30,0.6489992,236.3099,3.396233,327.99466
557,2025-07-23 05:00:00+05:30,4.7928696,214.28693,4.829907,243.43501
558,2025-07-23 06:00:00+05:30,4.613762,200.55612,8.037761,214.04597
559,2025-07-23 07:00:00+05:30,3.4763772,248.74942,4.7521367,245.37645
560,2025-07-23 08:00:00+05:30,1.8532133,240.94548,2.50064,239.74365
561,2025-07-23 09:00:00+05:30,2.6758924,222.27362,3.319036,220.60121
562,2025-07-23 10:00:00+05:30,3.7064266,209.0545,4.510787,208.61037
563,2025-07-23 11:00:00+05:30,3.8183763,224.9999,4.471107,220.10085
564,2025-07-23 12:00:00+05:30,5.7628117,231.34016,7.145796,229.08571
565,2025-07-23 13:00:00+05:30,3.9844694,251.56496,4.91634,246.25049
566,2025-07-23 14:00:00+05:30,3.96,270.0,4.8733153,265.76367
567,2025-07-23 15:00:00+05:30,7.0038276,295.90643,8.626865,293.3556
568,2025-07-23 16:00:00+05:30,6.424764,281.3099,8.197414,278.84174
569,2025-07-23 17:00:00+05:30,6.6794305,255.96373,10.8029995,259.43903
570,2025-07-23 18:00:00+05:30,0.17999999,90.0,1.26,180.0
571,2025-07-23 19:00:00+05:30,0.17999999,360.0,0.40249225,116.56499
572,2025-07-23 20:00:00+05:30,3.362677,254.47583,7.889259,242.8504
573,2025-07-23 21:00:00+05:30,5.020677,284.5345,10.259999,270.0
574,2025-07-23 22:00:00+05:30,5.369916,309.55963,10.692969,306.09836
575,2025-07-23 23:00:00+05:30,3.319036,319.39877,7.7734165,317.8156
576,2025-07-24 00:00:00+05:30,4.669604,332.44727,9.984729,332.04913
577,2025-07-24 01:00:00+05:30,2.226477,345.9637,6.050785,337.249
578,2025-07-24 02:00:00+05:30,0.71999997,270.0,4.3498964,294.44394
579,2025-07-24 03:00:00+05:30,3.8856654,256.60748,8.885877,263.01904
580,2025-07-24 04:00:00+05:30,3.5455887,203.9625,9.473541,218.82983
581,2025-07-24 05:00:00+05:30,8.101999,268.727,15.188415,264.55975
582,2025-07-24 06:00:00+05:30,3.84796,349.21573,8.217153,331.1893
583,2025-07-24 07:00:00+05:30,0.40249225,206.56499,0.6489992,303.6901
584,2025-07-24 08:00:00+05:30,3.8773184,158.19853,4.846648,158.19853
585,2025-07-24 09:00:00+05:30,4.5,143.13002,5.876938,139.9698
586,2025-07-24 10:00:00+05:30,6.489992,86.82024,8.107996,87.45525
587,2025-07-24 11:00:00+05:30,10.004178,81.7242,12.576836,80.94219
588,2025-07-24 12:00:00+05:30,8.452336,26.564985,10.934166,32.905247
589,2025-07-24 13:00:00+05:30,7.889258,34.777905,9.726664,38.990997
590,2025-07-24 14:00:00+05:30,2.8460495,145.30478,3.710795,140.90616
591,2025-07-24 15:00:00+05:30,7.928178,182.60251,9.721666,181.06088
592,2025-07-24 16:00:00+05:30,5.9427266,181.73567,7.748368,177.33705
593,2025-07-24 17:00:00+05:30,4.6800003,202.6199,6.5520988,195.94547
594,2025-07-24 18:00:00+05:30,3.9477081,245.77226,10.158444,240.25522
595,2025-07-24 19:00:00+05:30,7.1684303,38.884502,11.157096,10.22212
596,2025-07-24 20:00:00+05:30,8.65873,136.68465,12.886039,131.03525
597,2025-07-24 21:00:00+05:30,8.149847,83.659904,15.070633,97.54933
598,2025-07-24 22:00:00+05:30,5.2323985,116.56499,7.989242,112.52061
599,2025-07-24 23:00:00+05:30,10.248941,59.381474,17.012617,60.18002
600,2025-07-25 00:00:00+05:30,5.3305535,348.31067,8.350138,7.4313188
601,2025-07-25 01:00:00+05:30,7.24486,26.564985,11.793777,15.945463
602,2025-07-25 02:00:00+05:30,9.793058,72.89719,19.087639,74.12875
603,2025-07-25 03:00:00+05:30,7.289444,69.775055,16.418526,74.74483
604,2025-07-25 04:00:00+05:30,9.826088,61.55718,20.122196,68.484055
605,2025-07-25 05:00:00+05:30,14.713831,82.266495,27.35171,83.57663
606,2025-07-25 06:00:00+05:30,15.034041,73.300674,25.068514,77.560455
607,2025-07-25 07:00:00+05:30,19.087639,91.62112,29.765924,93.814
608,2025-07-25 08:00:00+05:30,20.703129,90.99633,29.906553,92.414604
609,2025-07-25 09:00:00+05:30,21.829777,103.34874,30.253923,104.11895
610,2025-07-25 10:00:00+05:30,19.813087,92.08252,27.388998,92.6367
611,2025-07-25 11:00:00+05:30,19.759048,96.80122,27.215738,97.21893
612,2025-07-25 12:00:00+05:30,20.167229,91.53431,27.91451,91.84757
613,2025-07-25 13:00:00+05:30,16.372087,75.352585,22.702845,75.302635
614,2025-07-25 14:00:00+05:30,17.363237,72.50415,23.000591,72.69939
615,2025-07-25 15:00:00+05:30,17.208603,74.219185,24.627787,74.74483
616,2025-07-25 16:00:00+05:30,15.905319,84.805664,24.591583,84.53988
617,2025-07-25 17:00:00+05:30,11.45513,135.0001,19.370708,127.828354
618,2025-07-25 18:00:00+05:30,16.203999,91.273,29.00738,92.4895
619,2025-07-25 19:00:00+05:30,21.265154,105.21265,35.584503,104.95014
620,2025-07-25 20:00:00+05:30,20.719555,92.4895,33.603645,94.91648
621,2025-07-25 21:00:00+05:30,18.392616,78.14024,30.394424,84.22198
622,2025-07-25 22:00:00+05:30,18.954777,71.73702,31.14052,77.65082
623,2025-07-25 23:00:00+05:30,19.470808,76.0922,31.81318,79.898186
624,2025-07-26 00:00:00+05:30,19.980808,79.095024,32.508316,82.363525
625,2025-07-26 01:00:00+05:30,23.408998,79.81343,37.11013,79.94379
626,2025-07-26 02:00:00+05:30,23.584808,77.660934,37.031475,79.07244
627,2025-07-26 03:00:00+05:30,24.948025,81.285355,39.38382,82.64771
628,2025-07-26 04:00:00+05:30,23.842358,85.23644,37.681957,86.71397
629,2025-07-26 05:00:00+05:30,22.69785,87.72761,36.00405,89.14065
630,2025-07-26 06:00:00+05:30,22.840149,96.78888,35.281837,98.2127
631,2025-07-26 07:00:00+05:30,21.007626,102.36905,31.127508,103.714836
632,2025-07-26 08:00:00+05:30,23.051247,104.47034,32.933605,105.859436
633,2025-07-26 09:00:00+05:30,23.272963,102.9614,32.569557,103.42185
634,2025-07-26 10:00:00+05:30,23.241617,106.18928,32.171696,106.91426
635,2025-07-26 11:00:00+05:30,21.201067,113.517975,29.18943,113.24501
636,2025-07-26 12:00:00+05:30,18.331741,109.50254,24.375216,110.30853
637,2025-07-26 13:00:00+05:30,15.552041,106.12765,19.983242,107.29254
638,2025-07-26 14:00:00+05:30,15.0038395,120.256355,20.991426,120.96369
639,2025-07-26 15:00:00+05:30,9.726665,87.87895,13.5,90.0
640,2025-07-26 16:00:00+05:30,12.638512,72.597206,17.728857,74.69381
641,2025-07-26 17:00:00+05:30,11.592895,64.23073,18.11841,69.04415
642,2025-07-26 18:00:00+05:30,10.2742,86.98728,20.340796,89.49298
643,2025-07-26 19:00:00+05:30,10.041354,75.46551,20.746902,81.51848
644,2025-07-26 20:00:00+05:30,7.555712,102.38075,16.724508,98.04281
645,2025-07-26 21:00:00+05:30,7.7588143,86.00917,16.521805,97.512054
646,2025-07-26 22:00:00+05:30,11.213581,71.27412,19.172323,77.52956
647,2025-07-26 23:00:00+05:30,8.9873905,57.264786,16.685717,69.80558
648,2025-07-27 00:00:00+05:30,12.825552,94.83033,21.246862,91.45633
649,2025-07-27 01:00:00+05:30,13.026081,78.84538,21.946718,82.933365
650,2025-07-27 02:00:00+05:30,13.0447235,62.02062,22.226902,65.09527
651,2025-07-27 03:00:00+05:30,10.814989,71.564964,19.829433,74.197426
652,2025-07-27 04:00:00+05:30,10.931203,72.75845,20.12944,77.08219
653,2025-07-27 05:00:00+05:30,12.0653715,88.29023,20.880775,90.493904
654,2025-07-27 06:00:00+05:30,7.342588,101.3099,10.931203,107.241554
655,2025-07-27 07:00:00+05:30,8.461914,88.78116,11.34,90.0
656,2025-07-27 08:00:00+05:30,8.37532,118.21727,10.630672,118.30067
657,2025-07-27 09:00:00+05:30,9.668195,118.9509,12.570394,119.1342
658,2025-07-27 10:00:00+05:30,10.571074,132.92996,13.369771,133.36346
659,2025-07-27 11:00:00+05:30,8.528657,135.85501,10.564941,135.6902
660,2025-07-27 12:00:00+05:30,10.711135,114.84236,13.288341,114.82932
661,2025-07-27 13:00:00+05:30,9.4238205,118.52302,12.483748,118.41257
662,2025-07-27 14:00:00+05:30,7.570707,71.99575,9.781473,77.24247
663,2025-07-27 15:00:00+05:30,9.781473,102.75753,12.496719,101.63361
664,2025-07-27 16:00:00+05:30,8.93859,115.01686,12.007498,113.87529
665,2025-07-27 17:00:00+05:30,6.9550843,100.43742,10.4166975,99.95056
666,2025-07-27 18:00:00+05:30,8.225035,66.80139,14.584443,77.16439
667,2025-07-27 19:00:00+05:30,5.414979,68.5522,11.213581,71.27412
668,2025-07-27 20:00:00+05:30,10.3480425,76.93068,19.474136,81.49551
669,2025-07-27 21:00:00+05:30,11.39842,74.4274,19.719654,84.23746
670,2025-07-27 22:00:00+05:30,9.906544,92.08252,17.845436,98.70214
671,2025-07-27 23:00:00+05:30,10.446206,91.97489,18.151463,97.40682
672,2025-07-28 00:00:00+05:30,11.570515,84.644264,19.8,90.0
673,2025-07-28 01:00:00+05:30,10.337079,97.001175,18.32202,100.75792
674,2025-07-28 02:00:00+05:30,10.088033,74.47583,17.519281,85.28533
675,2025-07-28 03:00:00+05:30,11.35285,87.27374,19.45333,92.12105
676,2025-07-28 04:00:00+05:30,10.449306,100.92277,17.864489,102.215706
677,2025-07-28 05:00:00+05:30,10.564942,81.1797,18.391735,86.633606
678,2025-07-28 06:00:00+05:30,14.000713,98.13002,21.691305,99.07142
679,2025-07-28 07:00:00+05:30,11.016824,94.68582,17.414476,97.12492
680,2025-07-28 08:00:00+05:30,12.620554,93.270424,18.089775,95.7105
681,2025-07-28 09:00:00+05:30,13.690654,87.73955,18.18,90.0
682,2025-07-28 10:00:00+05:30,15.124284,88.6361,19.800817,89.47916
683,2025-07-28 11:00:00+05:30,14.087228,100.30479,18.64369,100.00792
684,2025-07-28 12:00:00+05:30,12.785069,91.6135,16.575644,92.4895
685,2025-07-28 13:00:00+05:30,13.021106,84.44713,16.584438,86.88923
686,2025-07-28 14:00:00+05:30,13.596852,83.15732,18.252037,84.90798
687,2025-07-28 15:00:00+05:30,12.964998,88.4089,17.64,90.0
688,2025-07-28 16:00:00+05:30,12.261158,93.366394,17.519281,94.71467
689,2025-07-28 17:00:00+05:30,8.909545,81.86999,14.230248,87.8253
690,2025-07-28 18:00:00+05:30,8.951267,74.84589,16.595179,86.26868
691,2025-07-28 19:00:00+05:30,10.564942,66.929565,19.206936,79.74324
692,2025-07-28 20:00:00+05:30,10.597094,69.10216,19.689238,75.70964
693,2025-07-28 21:00:00+05:30,9.826088,61.55718,18.47084,74.74483
694,2025-07-28 22:00:00+05:30,9.83268,66.2505,18.745079,78.366394
695,2025-07-28 23:00:00+05:30,13.397612,59.300358,23.068108,67.036194
696,2025-07-29 00:00:00+05:30,13.523978,63.093983,24.252619,70.48911
697,2025-07-29 01:00:00+05:30,13.288341,61.69934,23.598541,68.52315
698,2025-07-29 02:00:00+05:30,12.936228,58.079163,22.90248,66.86052
699,2025-07-29 03:00:00+05:30,11.995349,64.204025,21.46533,72.93252
700,2025-07-29 04:00:00+05:30,11.832176,76.80939,21.1896,83.659904
701,2025-07-29 05:00:00+05:30,11.384199,71.564964,20.368652,78.789406
702,2025-07-29 06:00:00+05:30,14.941085,89.309746,23.222788,90.88822
703,2025-07-29 07:00:00+05:30,13.169555,79.76526,17.9973,81.95103
704,2025-07-29 08:00:00+05:30,15.506141,80.647095,20.696869,82.50424
705,2025-07-29 09:00:00+05:30,18.089775,84.2895,24.02174,85.272095
706,2025-07-29 10:00:00+05:30,20.865253,100.43742,28.20721,100.66453
707,2025-07-29 11:00:00+05:30,16.516901,106.4601,23.414532,106.066475
708,2025-07-29 12:00:00+05:30,17.615187,111.58404,23.70129,110.91263
709,2025-07-29 13:00:00+05:30,16.766108,104.93147,22.007162,105.17297
710,2025-07-29 14:00:00+05:30,12.313893,105.25517,15.629971,104.67644
711,2025-07-29 15:00:00+05:30,9.255571,103.49575,11.481968,103.60056
712,2025-07-29 16:00:00+05:30,10.644379,108.74143,16.279802,108.03438
713,2025-07-29 17:00:00+05:30,7.2,90.0,12.791403,92.41946
714,2025-07-29 18:00:00+05:30,8.836514,86.49654,18.022486,87.13766
715,2025-07-29 19:00:00+05:30,8.311245,72.34979,16.572712,81.25392
716,2025-07-29 20:00:00+05:30,15.787753,61.389645,27.372429,64.277534
717,2025-07-29 21:00:00+05:30,13.379461,70.346085,23.448412,77.137245
718,2025-07-29 22:00:00+05:30,9.36,90.0,18.921415,92.72626
719,2025-07-29 23:00:00+05:30,8.604301,105.78082,17.703253,108.987724
720,2025-07-30 00:00:00+05:30,9.432412,41.905865,17.032604,54.46224
721,2025-07-30 01:00:00+05:30,13.767352,48.179924,23.024525,50.710617
722,2025-07-30 02:00:00+05:30,13.729647,55.684853,23.738853,58.9618
723,2025-07-30 03:00:00+05:30,14.128566,55.904976,25.16204,59.95017
724,2025-07-30 04:00:00+05:30,13.797912,82.50424,24.591583,84.53988
725,2025-07-30 05:00:00+05:30,14.2336645,80.53775,24.80737,83.751724
726,2025-07-30 06:00:00+05:30,15.841023,89.34895,24.119999,90.0
727,2025-07-30 07:00:00+05:30,12.24,90.0,17.864489,94.04441
728,2025-07-30 08:00:00+05:30,13.379461,84.596306,18.008097,88.281685
729,2025-07-30 09:00:00+05:30,15.833861,98.49848,21.219397,100.261314
730,2025-07-30 10:00:00+05:30,14.978984,94.1346,19.507383,94.76356
731,2025-07-30 11:00:00+05:30,14.410121,87.85246,18.72,90.0
732,2025-07-30 12:00:00+05:30,14.05845,92.935616,18.382044,92.80631
733,2025-07-30 13:00:00+05:30,12.0720825,87.43629,15.856356,87.3975
734,2025-07-30 14:00:00+05:30,13.543131,85.42616,17.49337,86.46052
735,2025-07-30 15:00:00+05:30,16.201,90.63658,22.140732,90.4658
736,2025-07-30 16:00:00+05:30,11.481968,99.01925,16.546299,98.13002
737,2025-07-30 17:00:00+05:30,12.0694,107.35411,18.965033,106.54306
738,2025-07-30 18:00:00+05:30,12.43434,67.8905,22.259676,72.59061
739,2025-07-30 19:00:00+05:30,12.172312,66.467636,22.862833,68.282295
740,2025-07-30 20:00:00+05:30,13.327294,106.47696,23.8104,106.24296
741,2025-07-30 21:00:00+05:30,9.600937,96.458725,19.67936,98.945305
742,2025-07-30 22:00:00+05:30,8.885877,83.019035,18.18,90.0
743,2025-07-30 23:00:00+05:30,9.927779,67.61982,18.992344,75.17347
744,2025-07-31 00:00:00+05:30,13.684735,63.435013,24.702005,67.73337
745,2025-07-31 01:00:00+05:30,12.810386,72.838,22.747044,76.73351
746,2025-07-31 02:00:00+05:30,10.172787,76.70142,19.044306,82.94225
747,2025-07-31 03:00:00+05:30,9.867218,75.2032,18.968447,80.71652
748,2025-07-31 04:00:00+05:30,9.3962755,73.300674,18.258247,80.35203
749,2025-07-31 05:00:00+05:30,9.979859,82.7469,18.183563,88.8656
750,2025-07-31 06:00:00+05:30,10.495713,95.906044,14.739132,98.42689
751,2025-07-31 07:00:00+05:30,8.967541,79.59235,12.324414,83.29026
752,2025-07-31 08:00:00+05:30,10.621525,90.971,14.05845,92.935616
753,2025-07-31 09:00:00+05:30,11.173057,92.77016,14.619946,94.23632
754,2025-07-31 10:00:00+05:30,12.015589,81.38444,15.273505,81.86999
755,2025-07-31 11:00:00+05:30,13.684735,91.50741,18.014393,92.29056
756,2025-07-31 12:00:00+05:30,14.081478,94.39862,17.878086,94.61984
757,2025-07-31 13:00:00+05:30,13.321216,90.77421,16.920958,90.6095
758,2025-07-31 14:00:00+05:30,14.993038,94.82068,20.615303,95.51138
759,2025-07-31 15:00:00+05:30,13.767352,101.3099,18.820976,102.70711
760,2025-07-31 16:00:00+05:30,10.316686,96.00892,14.292725,95.7823
761,2025-07-31 17:00:00+05:30,8.107996,92.544754,14.238215,92.89851
762,2025-07-31 18:00:00+05:30,10.435344,75.004875,18.968447,80.71652
763,2025-07-31 19:00:00+05:30,9.021574,61.389645,17.5931,70.26723
764,2025-07-31 20:00:00+05:30,9.901636,62.969223,19.087639,69.001205
765,2025-07-31 21:00:00+05:30,12.232057,57.011467,22.137074,63.435013
766,2025-07-31 22:00:00+05:30,14.64209,69.11413,25.740627,73.33906
767,2025-07-31 23:00:00+05:30,13.5515,73.009094,23.967726,75.650635
768,2025-08-01 00:00:00+05:30,13.202726,78.996506,22.786179,80.909805
769,2025-08-01 01:00:00+05:30,13.32,71.075264,22.74918,74.86411
770,2025-08-01 02:00:00+05:30,11.448055,73.55955,19.875946,77.977745
771,2025-08-01 03:00:00+05:30,12.442153,75.76269,21.010712,80.13426
772,2025-08-01 04:00:00+05:30,12.810386,70.29193,22.180935,74.94873
773,2025-08-01 05:00:00+05:30,13.009903,75.57919,21.851286,78.59754
774,2025-08-01 06:00:00+05:30,13.091829,71.564964,20.102865,73.349815
775,2025-08-01 07:00:00+05:30,15.8502245,74.85897,23.270874,75.21128
776,2025-08-01 08:00:00+05:30,16.478603,83.72902,22.621351,84.06268
777,2025-08-01 09:00:00+05:30,14.597767,92.827065,19.30117,93.74292
778,2025-08-01 10:00:00+05:30,13.644427,98.34381,17.69593,99.36644
779,2025-08-01 11:00:00+05:30,14.260953,94.34316,18.627172,95.54523
780,2025-08-01 12:00:00+05:30,15.486278,109.69871,21.402597,108.13028
781,2025-08-01 13:00:00+05:30,11.126562,99.30987,15.004919,100.36627
782,2025-08-01 14:00:00+05:30,12.304682,95.8773,16.32055,96.96816
783,2025-08-01 15:00:00+05:30,9.195868,93.366394,11.928989,95.19434
784,2025-08-01 16:00:00+05:30,10.805998,119.98155,16.208998,119.98155
785,2025-08-01 17:00:00+05:30,8.996398,109.885254,14.917212,109.74693
786,2025-08-01 18:00:00+05:30,4.514377,85.42616,10.873252,96.654335
787,2025-08-01 19:00:00+05:30,6.9270773,65.432846,14.311981,83.50075
788,2025-08-01 20:00:00+05:30,9.726664,38.990997,17.176563,51.80901
789,2025-08-01 21:00:00+05:30,14.713829,75.113686,25.540344,76.55138
790,2025-08-01 22:00:00+05:30,10.1902895,72.52514,18.64543,77.17122
791,2025-08-01 23:00:00+05:30,10.261579,52.124958,18.532135,60.94549
792,2025-08-02 00:00:00+05:30,10.571074,42.92997,19.340576,51.423443
793,2025-08-02 01:00:00+05:30,14.356058,59.89878,24.070244,62.860188
794,2025-08-02 02:00:00+05:30,13.374618,61.020393,22.7057,64.65388
795,2025-08-02 03:00:00+05:30,13.040997,63.78868,22.087988,72.45091
796,2025-08-02 04:00:00+05:30,14.761098,74.43844,25.995514,85.63181
797,2025-08-02 05:00:00+05:30,9.54,90.0,17.01738,100.359
798,2025-08-02 06:00:00+05:30,11.837651,98.74608,19.087639,105.871254
799,2025-08-02 07:00:00+05:30,11.616627,102.5288,16.244938,105.42222
800,2025-08-02 08:00:00+05:30,12.535548,105.83246,16.451052,107.8403
801,2025-08-02 09:00:00+05:30,12.739371,113.30492,16.521803,113.77236
802,2025-08-02 10:00:00+05:30,13.1041975,105.945465,16.740967,106.87635
803,2025-08-02 11:00:00+05:30,12.585848,106.620834,16.165964,108.83853
804,2025-08-02 12:00:00+05:30,13.403656,104.78277,17.33429,105.04644
805,2025-08-02 13:00:00+05:30,12.303366,110.55613,16.144905,112.27595
806,2025-08-02 14:00:00+05:30,12.313893,105.25517,15.725037,105.945465
807,2025-08-02 15:00:00+05:30,13.529966,146.94417,20.448032,143.23088
808,2025-08-02 16:00:00+05:30,7.5685663,115.34614,11.792404,121.26367
809,2025-08-02 17:00:00+05:30,10.261578,91.005066,16.084589,95.13629
810,2025-08-02 18:00:00+05:30,11.448055,73.55955,19.98,90.0
811,2025-08-02 19:00:00+05:30,14.081478,85.60138,23.400692,90.44072
812,2025-08-02 20:00:00+05:30,11.966954,74.2913,21.077686,82.14678
813,2025-08-02 21:00:00+05:30,11.874544,75.96373,20.495512,82.9375
814,2025-08-02 22:00:00+05:30,11.003581,74.827034,18.745079,78.366394
815,2025-08-02 23:00:00+05:30,10.874741,65.55606,17.419127,76.25094
816,2025-08-03 00:00:00+05:30,10.028439,68.96242,16.851885,76.40904
817,2025-08-03 01:00:00+05:30,12.425216,91.66025,21.053844,97.36796
818,2025-08-03 02:00:00+05:30,11.901798,86.531845,20.340796,90.50702
819,2025-08-03 03:00:00+05:30,12.273043,85.79472,20.70704,91.4943
820,2025-08-03 04:00:00+05:30,12.791403,87.58054,21.798588,92.366196
821,2025-08-03 05:00:00+05:30,11.367109,100.95402,19.25327,103.51659
822,2025-08-03 06:00:00+05:30,9.0018,78.46541,19.829433,93.12207
823,2025-08-03 07:00:00+05:30,8.538149,71.564964,15.4800005,90.0
824,2025-08-03 08:00:00+05:30,8.596766,70.42679,12.267762,75.55593
825,2025-08-03 09:00:00+05:30,9.568824,106.38962,12.295462,107.90454
826,2025-08-03 10:00:00+05:30,9.567131,138.81418,11.988594,138.65233
827,2025-08-03 11:00:00+05:30,6.889557,160.1447,9.430695,156.3706
828,2025-08-03 12:00:00+05:30,6.7205353,97.69597,8.707238,97.12492
829,2025-08-03 13:00:00+05:30,6.5049515,75.57919,8.43699,78.92985
830,2025-08-03 14:00:00+05:30,8.827344,87.66274,11.16145,89.07598
831,2025-08-03 15:00:00+05:30,9.826088,98.42689,12.7279215,98.13002
832,2025-08-03 16:00:00+05:30,10.385547,115.67677,14.092977,114.92845
833,2025-08-03 17:00:00+05:30,11.9466305,149.18436,20.36865,146.16946
834,2025-08-03 18:00:00+05:30,6.452441,59.8587,7.5170207,73.300674
835,2025-08-03 19:00:00+05:30,7.388775,87.20736,13.184308,94.6986
836,2025-08-03 20:00:00+05:30,8.187527,56.659275,14.0734215,69.01503
837,2025-08-03 21:00:00+05:30,9.97986,50.856018,16.021011,62.57135
838,2025-08-03 22:00:00+05:30,10.404249,59.88635,17.085783,69.655815
839,2025-08-03 23:00:00+05:30,11.183201,56.82148,19.561287,63.199238
840,2025-08-04 00:00:00+05:30,10.703569,70.346085,18.469963,77.04724
841,2025-08-04 01:00:00+05:30,8.951267,74.84589,16.1017,84.22577
842,2025-08-04 02:00:00+05:30,9.473541,51.170166,15.315873,60.42226
843,2025-08-04 03:00:00+05:30,9.676569,71.564964,16.572712,81.25392
844,2025-08-04 04:00:00+05:30,9.179999,90.0,15.683776,99.24603
845,2025-08-04 05:00:00+05:30,6.302571,88.363464,10.564941,103.799515
846,2025-08-04 06:00:00+05:30,3.671294,101.3099,7.689603,122.57404
847,2025-08-04 07:00:00+05:30,2.4482646,162.89719,3.7585104,163.30067
848,2025-08-04 08:00:00+05:30,1.8532133,60.94549,2.226477,75.96373
849,2025-08-04 09:00:00+05:30,1.8,216.86998,2.50064,210.25635
850,2025-08-04 10:00:00+05:30,1.484318,194.03627,1.9881649,185.19434
851,2025-08-04 11:00:00+05:30,10.735306,214.75598,13.130133,213.25438
852,2025-08-04 12:00:00+05:30,12.961249,260.40692,19.839235,258.4862
853,2025-08-04 13:00:00+05:30,14.597767,267.17294,19.313757,265.72424
854,2025-08-04 14:00:00+05:30,11.367109,259.046,14.935662,257.4712
855,2025-08-04 15:00:00+05:30,13.339445,266.906,17.852697,266.53183
856,2025-08-04 16:00:00+05:30,12.108261,258.85715,16.733225,258.2066
857,2025-08-04 17:00:00+05:30,10.589448,238.20113,17.534992,238.43108
858,2025-08-04 18:00:00+05:30,8.6867485,235.9806,16.825909,242.61266
859,2025-08-04 19:00:00+05:30,6.8919086,229.23648,15.130711,237.63338
860,2025-08-04 20:00:00+05:30,4.1125174,246.80139,11.745604,254.89885
861,2025-08-04 21:00:00+05:30,2.657668,241.69934,8.581677,260.34018
862,2025-08-04 22:00:00+05:30,3.5455887,246.0375,8.936778,260.72748
863,2025-08-04 23:00:00+05:30,2.907989,248.19853,8.613709,259.15973
864,2025-08-05 00:00:00+05:30,3.8183763,261.87,9.914717,266.87793
865,2025-08-05 01:00:00+05:30,4.724786,229.63554,11.230904,248.36905
866,2025-08-05 02:00:00+05:30,4.724786,229.63554,11.996699,242.28159
867,2025-08-05 03:00:00+05:30,5.5596404,240.94548,14.009968,249.70235
868,2025-08-05 04:00:00+05:30,3.604497,267.13766,10.441552,269.01227
869,2025-08-05 05:00:00+05:30,3.096837,234.46223,8.297589,257.4712
870,2025-08-05 06:00:00+05:30,7.3447943,252.89719,11.745604,254.89885
871,2025-08-05 07:00:00+05:30,5.920878,250.46326,7.5213294,248.96242
872,2025-08-05 08:00:00+05:30,6.6794305,255.96373,8.338489,256.2637
873,2025-08-05 09:00:00+05:30,7.748368,239.26459,9.7880945,237.77127
874,2025-08-05 10:00:00+05:30,5.896202,257.66092,7.293888,254.24875
875,2025-08-05 11:00:00+05:30,6.452441,239.85869,7.841887,238.13406
876,2025-08-05 12:00:00+05:30,9.931042,226.46873,12.124306,229.21426
877,2025-08-05 13:00:00+05:30,15.546833,222.18437,20.390114,222.13753
878,2025-08-05 14:00:00+05:30,9.668195,204.17911,13.060857,209.74478
879,2025-08-05 15:00:00+05:30,8.281956,222.35739,10.946013,224.9999
880,2025-08-05 16:00:00+05:30,17.681278,234.53004,26.260265,236.74562
881,2025-08-05 17:00:00+05:30,7.0591216,199.35909,13.239486,223.89838
882,2025-08-05 18:00:00+05:30,7.229191,251.11382,16.67795,263.1819
883,2025-08-05 19:00:00+05:30,5.7628117,255.52966,14.713831,262.26648
884,2025-08-05 20:00:00+05:30,5.0975285,227.86247,13.472372,247.20345
885,2025-08-05 21:00:00+05:30,3.7799997,180.0,9.92778,224.9999
886,2025-08-05 22:00:00+05:30,4.060985,167.19574,9.340941,205.08356
887,2025-08-05 23:00:00+05:30,3.2846913,189.46225,9.144637,216.1933
888,2025-08-06 00:00:00+05:30,3.06,208.07239,8.836514,236.6336
889,2025-08-06 01:00:00+05:30,5.2478566,210.96368,10.897063,239.19862
890,2025-08-06 02:00:00+05:30,3.710795,230.90614,10.99769,248.89508
891,2025-08-06 03:00:00+05:30,3.4576871,231.34016,9.6480665,255.96373
892,2025-08-06 04:00:00+05:30,4.5891175,244.44008,11.578912,258.34073
893,2025-08-06 05:00:00+05:30,3.4763772,248.74942,9.926147,265.84042
894,2025-08-06 06:00:00+05:30,6.8777895,222.87889,14.291592,229.08571
895,2025-08-06 07:00:00+05:30,10.7894945,242.15251,14.813683,242.50095
896,2025-08-06 08:00:00+05:30,9.648067,233.3438,12.599998,233.13002
897,2025-08-06 09:00:00+05:30,11.27553,253.30067,14.517644,252.68826
898,2025-08-06 10:00:00+05:30,11.132385,255.96373,14.319901,255.43968
899,2025-08-06 11:00:00+05:30,11.402683,258.15796,14.759999,257.3196
900,2025-08-06 12:00:00+05:30,9.627896,249.19313,12.20023,248.3555
901,2025-08-06 13:00:00+05:30,11.672275,252.96214,14.572219,252.01257
902,2025-08-06 14:00:00+05:30,11.837651,261.2539,14.944336,260.99158
903,2025-08-06 15:00:00+05:30,12.632101,265.91446,16.23596,266.186
904,2025-08-06 16:00:00+05:30,8.967541,231.51978,12.744457,233.61555
905,2025-08-06 17:00:00+05:30,6.804381,232.52374,9.984729,236.0234
906,2025-08-06 18:00:00+05:30,9.473541,194.30031,17.555307,208.14151
907,2025-08-06 19:00:00+05:30,11.566313,200.97357,21.495497,207.42326
908,2025-08-06 20:00:00+05:30,4.613762,200.55612,14.668619,209.39595
909,2025-08-06 21:00:00+05:30,6.3690495,317.29062,9.984729,297.95087
910,2025-08-06 22:00:00+05:30,4.5536795,288.43503,11.272657,289.59238
911,2025-08-06 23:00:00+05:30,1.9881649,354.80566,5.4744864,316.33215
912,2025-08-07 00:00:00+05:30,1.1384199,161.56496,2.3051248,218.65984
913,2025-08-07 01:00:00+05:30,4.2366967,347.73523,5.876938,319.9698
914,2025-08-07 02:00:00+05:30,5.195113,194.03627,8.149847,223.21011
915,2025-08-07 03:00:00+05:30,4.5891175,221.82008,8.942214,229.89915
916,2025-08-07 04:00:00+05:30,1.5379207,200.55612,5.2478566,239.0363
917,2025-08-07 05:00:00+05:30,2.3400002,247.3801,5.7628117,255.52966
918,2025-08-07 06:00:00+05:30,6.696387,233.74606,12.172312,246.46764
919,2025-08-07 07:00:00+05:30,7.342588,258.6901,9.531505,259.1145
920,2025-08-07 08:00:00+05:30,5.020677,255.4655,6.1569467,254.74483
921,2025-08-07 09:00:00+05:30,4.2136917,250.0168,5.1826253,249.67677
922,2025-08-07 10:00:00+05:30,2.8116899,230.19447,3.4576871,231.34016
923,2025-08-07 11:00:00+05:30,4.5891175,221.82008,5.6060677,222.39738
924,2025-08-07 12:00:00+05:30,5.994297,221.34767,7.3997297,221.05472
925,2025-08-07 13:00:00+05:30,4.0449967,302.27563,5.2939587,287.81897
926,2025-08-07 14:00:00+05:30,5.6492476,22.47948,6.7205353,20.37652
927,2025-08-07 15:00:00+05:30,8.139901,161.96562,10.6261,153.86906
928,2025-08-07 16:00:00+05:30,9.391102,167.82855,12.708816,164.38895
929,2025-08-07 17:00:00+05:30,5.509882,128.36752,9.7565975,119.87591
930,2025-08-07 18:00:00+05:30,7.1321807,79.824554,14.401124,90.71615
931,2025-08-07 19:00:00+05:30,6.0721655,78.02389,12.825552,94.83033
932,2025-08-07 20:00:00+05:30,11.672275,70.167786,19.18246,84.075516
933,2025-08-07 21:00:00+05:30,10.453957,92.96088,17.40424,100.72881
934,2025-08-07 22:00:00+05:30,11.442394,70.70986,18.888851,82.33328
935,2025-08-07 23:00:00+05:30,12.24,61.92762,20.778112,70.780136
936,2025-08-08 00:00:00+05:30,11.7,67.3801,20.208958,72.371895
937,2025-08-08 01:00:00+05:30,12.011544,60.361717,20.49235,67.26396
938,2025-08-08 02:00:00+05:30,12.399113,62.31903,20.793701,69.21168
939,2025-08-08 03:00:00+05:30,12.585848,73.379166,21.513577,80.853
940,2025-08-08 04:00:00+05:30,11.225132,74.18075,19.348116,77.64465
941,2025-08-08 05:00:00+05:30,12.5032,67.126305,20.54919,71.08883
942,2025-08-08 06:00:00+05:30,8.311245,72.34979,13.350371,86.13462
943,2025-08-08 07:00:00+05:30,7.229191,71.11382,9.6480665,75.96373
944,2025-08-08 08:00:00+05:30,8.11798,86.186005,10.440001,90.0
945,2025-08-08 09:00:00+05:30,9.621163,107.41806,12.241323,109.76726
946,2025-08-08 10:00:00+05:30,9.6932955,105.06854,12.362475,106.06006
947,2025-08-08 11:00:00+05:30,9.9571085,102.5288,12.882267,105.39561
948,2025-08-08 12:00:00+05:30,10.299397,95.01302,13.060857,97.12492
949,2025-08-08 13:00:00+05:30,11.212135,132.39738,15.233148,125.380356
950,2025-08-08 14:00:00+05:30,8.107996,92.544754,10.873252,96.654335
951,2025-08-08 15:00:00+05:30,7.7734165,95.31445,10.03167,99.293236
952,2025-08-08 16:00:00+05:30,7.823272,113.02553,11.39842,111.297424
953,2025-08-08 17:00:00+05:30,5.0432134,87.95464,7.922045,88.69808
954,2025-08-08 18:00:00+05:30,4.73506,98.74608,11.39842,105.57261
955,2025-08-08 19:00:00+05:30,6.439876,63.435013,12.886039,77.90526
956,2025-08-08 20:00:00+05:30,6.6185193,67.61982,13.577776,75.41104
957,2025-08-08 21:00:00+05:30,7.3469996,59.03632,14.84318,67.16631
958,2025-08-08 22:00:00+05:30,8.37532,61.782738,16.055353,70.346085
959,2025-08-08 23:00:00+05:30,9.580668,64.397865,17.777222,74.134224
960,2025-08-09 00:00:00+05:30,9.430695,66.37061,17.769016,76.52683
961,2025-08-09 01:00:00+05:30,7.0015144,72.03077,13.75558,83.99109
962,2025-08-09 02:00:00+05:30,7.922045,88.69808,15.299999,98.79733
963,2025-08-09 03:00:00+05:30,7.570707,108.00426,14.081477,122.471176
964,2025-08-09 04:00:00+05:30,8.604301,142.65057,15.629971,151.07367
965,2025-08-09 05:00:00+05:30,8.161764,138.57643,14.757804,149.99516
966,2025-08-09 06:00:00+05:30,7.748368,149.26459,11.770403,156.57129
967,2025-08-09 07:00:00+05:30,6.9899354,168.11136,9.531505,169.11452
968,2025-08-09 08:00:00+05:30,4.2671766,152.35411,5.3939967,154.2901
969,2025-08-09 09:00:00+05:30,3.7064266,119.05451,4.4456716,121.75944
970,2025-08-09 10:00:00+05:30,5.441838,124.21575,6.6624317,128.41809
971,2025-08-09 11:00:00+05:30,6.248359,138.50363,7.7043357,142.59457
972,2025-08-09 12:00:00+05:30,6.2613096,161.56496,7.8625183,164.05453
973,2025-08-09 13:00:00+05:30,7.0568266,185.85593,9.007196,182.29056
974,2025-08-09 14:00:00+05:30,5.8852015,156.57129,8.085988,163.17851
975,2025-08-09 15:00:00+05:30,5.8048253,29.744795,7.0934615,35.706783
976,2025-08-09 16:00:00+05:30,4.32,90.0,5.6835546,100.95402
977,2025-08-09 17:00:00+05:30,6.8989563,344.87595,8.490582,338.8752
978,2025-08-09 18:00:00+05:30,5.2478566,30.963696,9.3340025,39.522606
979,2025-08-09 19:00:00+05:30,13.4903965,58.642982,21.017649,56.1738
980,2025-08-09 20:00:00+05:30,7.519175,47.91091,11.391313,84.55976
981,2025-08-09 21:00:00+05:30,3.0652895,86.63361,6.6818557,94.635376
982,2025-08-09 22:00:00+05:30,5.8048253,82.875084,11.722133,93.521385
983,2025-08-09 23:00:00+05:30,6.2145634,79.99209,12.606426,99.865746
984,2025-08-10 00:00:00+05:30,6.28713,66.37061,11.705537,88.23765
985,2025-08-10 01:00:00+05:30,6.341009,55.407658,9.826088,81.57312
986,2025-08-10 02:00:00+05:30,6.698806,59.300358,11.307095,76.18495
987,2025-08-10 03:00:00+05:30,7.587806,67.69375,12.841963,84.369415
988,2025-08-10 04:00:00+05:30,6.4624763,77.125,11.032987,95.61749
989,2025-08-10 05:00:00+05:30,5.4119864,93.814,8.775807,115.513824
990,2025-08-10 06:00:00+05:30,6.391901,170.27249,8.43699,168.92984
991,2025-08-10 07:00:00+05:30,7.2044983,192.99461,9.255571,193.49574
992,2025-08-10 08:00:00+05:30,5.1481256,233.53067,6.6624317,231.58191
993,2025-08-10 09:00:00+05:30,3.8856654,256.60748,4.802999,257.00537
994,2025-08-10 10:00:00+05:30,2.9024127,240.2552,3.550155,239.53453
995,2025-08-10 11:00:00+05:30,2.8460495,214.69522,3.494968,214.50858
996,2025-08-10 12:00:00+05:30,4.8366103,224.9999,5.6002855,224.9999
997,2025-08-10 13:00:00+05:30,6.248359,228.50363,7.6409945,226.90913
998,2025-08-10 14:00:00+05:30,6.7469993,223.91916,8.019601,224.09071
999,2025-08-10 15:00:00+05:30,11.609651,187.12492,15.182015,190.24403
1000,2025-08-10 16:00:00+05:30,6.3639607,188.13002,8.613709,190.84026
1001,2025-08-10 17:00:00+05:30,4.7521367,245.37645,6.2405767,236.76828
1002,2025-08-10 18:00:00+05:30,2.1068459,19.983198,1.98,360.0
1003,2025-08-10 19:00:00+05:30,6.0908127,71.0295,8.688613,50.04252
1004,2025-08-10 20:00:00+05:30,5.315336,61.69934,8.827344,50.792812
1005,2025-08-10 21:00:00+05:30,5.223103,88.025116,10.742848,81.32691
1006,2025-08-10 22:00:00+05:30,10.5234585,77.1523,18.0036,78.46541
1007,2025-08-10 23:00:00+05:30,4.2021422,80.13426,8.297589,102.5288
1008,2025-08-11 00:00:00+05:30,3.9844694,71.564964,8.4042845,99.865746
1009,2025-08-11 01:00:00+05:30,5.7852573,84.644264,8.827344,92.33726
1010,2025-08-11 02:00:00+05:30,5.771239,93.57626,8.281956,88.75467
1011,2025-08-11 03:00:00+05:30,4.0449963,69.14546,5.637765,73.300674
1012,2025-08-11 04:00:00+05:30,3.9844694,108.43504,6.698806,96.17008
1013,2025-08-11 05:00:00+05:30,4.913044,81.57312,7.5942073,84.55976
1014,2025-08-11 06:00:00+05:30,6.0077944,171.38443,12.74954,166.94475
1015,2025-08-11 07:00:00+05:30,7.02,180.0,10.801499,180.95482
1016,2025-08-11 08:00:00+05:30,3.604497,177.13765,5.4029994,181.9091
1017,2025-08-11 09:00:00+05:30,4.2175345,129.80553,5.3517847,132.27362
1018,2025-08-11 10:00:00+05:30,2.5264204,184.08554,3.4247334,183.01273
1019,2025-08-11 11:00:00+05:30,1.0182338,224.9999,1.5484185,215.53777
1020,2025-08-11 12:00:00+05:30,1.659518,282.5288,1.98,270.0
1021,2025-08-11 13:00:00+05:30,3.9763298,264.80566,4.913044,261.57312
1022,2025-08-11 14:00:00+05:30,6.1120534,256.373,7.3447943,252.89719
1023,2025-08-11 15:00:00+05:30,9.044888,317.41956,11.720751,317.4896
1024,2025-08-11 16:00:00+05:30,2.4216523,318.01288,3.6,306.86996
1025,2025-08-11 17:00:00+05:30,1.0495713,30.963696,0.9693296,338.19852
1026,2025-08-11 18:00:00+05:30,3.9966488,172.23492,9.087772,187.96953
1027,2025-08-11 19:00:00+05:30,1.6299692,96.340096,4.896529,162.89719
1028,2025-08-11 20:00:00+05:30,0.9,36.86999,1.1384199,161.56496
1029,2025-08-11 21:00:00+05:30,2.4014995,77.00539,2.7238941,97.59455
1030,2025-08-11 22:00:00+05:30,2.5582807,39.289394,2.9522195,52.431335
1031,2025-08-11 23:00:00+05:30,6.489992,356.82022,11.901798,3.46817
1032,2025-08-12 00:00:00+05:30,4.8433046,41.98713,10.97262,41.00899
1033,2025-08-12 01:00:00+05:30,7.3821945,358.60284,11.440978,12.7243595
1034,2025-08-12 02:00:00+05:30,7.8149853,38.453735,11.734564,41.268513
1035,2025-08-12 03:00:00+05:30,8.404285,46.73567,15.15104,46.444057
1036,2025-08-12 04:00:00+05:30,8.320986,38.853382,15.443328,40.746082
1037,2025-08-12 05:00:00+05:30,6.0908127,71.0295,11.753877,62.65021
1038,2025-08-12 06:00:00+05:30,3.4576871,128.65984,6.638072,102.5288
1039,2025-08-12 07:00:00+05:30,4.4456716,121.75944,6.090812,124.159744
1040,2025-08-12 08:00:00+05:30,2.52,90.0,3.1072817,100.00792
1041,2025-08-12 09:00:00+05:30,1.609969,116.56499,1.9469976,123.6901
1042,2025-08-12 10:00:00+05:30,2.7534704,191.30989,3.362677,195.52417
1043,2025-08-12 11:00:00+05:30,2.657668,208.30066,3.148714,210.96368
1044,2025-08-12 12:00:00+05:30,5.9617786,208.88649,7.10031,210.46547
1045,2025-08-12 13:00:00+05:30,7.256032,187.12492,8.553314,188.47105
1046,2025-08-12 14:00:00+05:30,11.16145,179.07597,14.404499,178.56793
1047,2025-08-12 15:00:00+05:30,7.9220443,158.68202,10.474082,160.9422
1048,2025-08-12 16:00:00+05:30,6.1120534,166.37299,7.8149853,165.32356
1049,2025-08-12 17:00:00+05:30,4.278551,157.75093,6.7853074,158.19853
1050,2025-08-12 18:00:00+05:30,4.293669,56.976128,4.73506,81.25392
1051,2025-08-12 19:00:00+05:30,7.256032,23.385246,9.636307,32.799526
1052,2025-08-12 20:00:00+05:30,9.361731,52.02834,15.518672,52.06667
1053,2025-08-12 21:00:00+05:30,11.870451,49.304558,19.846582,51.25903
1054,2025-08-12 22:00:00+05:30,7.9465466,76.908104,15.506141,80.647095
1055,2025-08-12 23:00:00+05:30,9.2660675,60.94549,14.941083,68.070366
1056,2025-08-13 00:00:00+05:30,8.43699,78.92985,14.993038,85.17932
1057,2025-08-13 01:00:00+05:30,9.983106,64.35905,17.088627,66.40517
1058,2025-08-13 02:00:00+05:30,10.299397,84.98698,18.03237,86.56644
1059,2025-08-13 03:00:00+05:30,9.926147,85.84044,17.698677,94.66678
1060,2025-08-13 04:00:00+05:30,8.260411,78.6901,13.709573,86.236046
1061,2025-08-13 05:00:00+05:30,9.761578,95.28999,17.727943,102.90741
1062,2025-08-13 06:00:00+05:30,8.107996,87.45525,14.332341,101.59215
1063,2025-08-13 07:00:00+05:30,9.605998,102.99462,16.90563,108.62795
1064,2025-08-13 08:00:00+05:30,9.627896,110.80687,17.194475,120.860825
1065,2025-08-13 09:00:00+05:30,8.490582,122.00535,13.684735,125.36255
1066,2025-08-13 10:00:00+05:30,10.837435,122.106224,15.233148,125.380356
1067,2025-08-13 11:00:00+05:30,10.908951,127.6263,15.995712,129.06258
1068,2025-08-13 12:00:00+05:30,10.210936,130.71075,14.51876,132.99045
1069,2025-08-13 13:00:00+05:30,9.931042,133.53127,13.3649235,134.4544
1070,2025-08-13 14:00:00+05:30,8.536252,114.94388,11.351422,117.37762
1071,2025-08-13 15:00:00+05:30,10.316686,96.00892,13.976394,97.3995
1072,2025-08-13 16:00:00+05:30,11.9140415,85.66777,17.852697,86.531845
1073,2025-08-13 17:00:00+05:30,11.745604,74.89885,20.089966,77.582565
1074,2025-08-13 18:00:00+05:30,9.6932955,74.931465,19.06301,79.11452
1075,2025-08-13 19:00:00+05:30,11.631956,68.19853,21.862406,72.75845
1076,2025-08-13 20:00:00+05:30,12.351988,71.30093,22.970285,74.547935
1077,2025-08-13 21:00:00+05:30,10.088033,74.47583,20.05203,78.084885
1078,2025-08-13 22:00:00+05:30,8.777653,74.53873,18.32202,79.24209
1079,2025-08-13 23:00:00+05:30,9.499158,62.949482,18.919704,68.80588
1080,2025-08-14 00:00:00+05:30,9.255571,76.50425,19.48661,78.27492
1081,2025-08-14 01:00:00+05:30,8.557102,67.75093,18.275984,72.81421
1082,2025-08-14 02:00:00+05:30,9.396275,53.569054,19.448332,59.400093
1083,2025-08-14 03:00:00+05:30,9.292255,68.40463,19.36151,69.88028
1084,2025-08-14 04:00:00+05:30,9.109138,60.39565,18.58451,68.40463
1085,2025-08-14 05:00:00+05:30,9.016185,63.946568,18.286617,69.24585
1086,2025-08-14 06:00:00+05:30,11.39842,68.702576,18.38557,71.74234
1087,2025-08-14 07:00:00+05:30,15.5395355,71.77483,21.629978,71.564964
1088,2025-08-14 08:00:00+05:30,13.262714,71.81086,19.189215,73.09476
1089,2025-08-14 09:00:00+05:30,11.672275,70.167786,16.396805,72.75845
1090,2025-08-14 10:00:00+05:30,13.638489,67.49644,18.792551,69.82927
1091,2025-08-14 11:00:00+05:30,12.906138,81.983,17.035456,83.32563
1092,2025-08-14 12:00:00+05:30,10.446206,91.97489,13.170786,93.918175
1093,2025-08-14 13:00:00+05:30,9.085988,123.6901,11.48761,125.4334
1094,2025-08-14 14:00:00+05:30,8.244708,143.88057,10.296251,143.53067
1095,2025-08-14 15:00:00+05:30,8.461915,113.838745,11.351422,117.37762
1096,2025-08-14 16:00:00+05:30,7.102591,98.74608,9.499157,99.81924
1097,2025-08-14 17:00:00+05:30,5.3305535,101.68935,9.914717,105.80258
1098,2025-08-14 18:00:00+05:30,4.1556225,107.650215,10.44,133.60289
1099,2025-08-14 19:00:00+05:30,4.863332,128.991,11.183201,146.82147
1100,2025-08-14 20:00:00+05:30,5.0911684,135.0001,11.808878,142.43134
1101,2025-08-14 21:00:00+05:30,4.5,143.13002,12.785069,144.74356
1102,2025-08-14 22:00:00+05:30,4.293669,146.97614,11.855429,149.9315
1103,2025-08-14 23:00:00+05:30,3.8773184,158.19853,11.203464,156.3179
1104,2025-08-15 00:00:00+05:30,2.7416782,113.19862,9.587428,140.3322
1105,2025-08-15 01:00:00+05:30,2.9301877,100.619606,8.913181,133.36346
1106,2025-08-15 02:00:00+05:30,4.278551,112.24908,11.334285,133.06943
1107,2025-08-15 03:00:00+05:30,3.4152596,71.564964,8.723967,111.80147
1108,2025-08-15 04:00:00+05:30,3.644722,69.775055,8.209263,105.25517
1109,2025-08-15 05:00:00+05:30,5.2478566,59.03632,9.600937,83.54128
1110,2025-08-15 06:00:00+05:30,7.229191,71.11382,14.357185,82.073166
1111,2025-08-15 07:00:00+05:30,9.114471,80.909805,12.304682,84.1227
1112,2025-08-15 08:00:00+05:30,9.72,90.0,12.431734,92.4895
1113,2025-08-15 09:00:00+05:30,10.3621235,107.175995,13.433838,107.9495
1114,2025-08-15 10:00:00+05:30,10.739833,103.57046,13.971757,104.93147
1115,2025-08-15 11:00:00+05:30,10.088033,105.52418,12.708816,105.61105
1116,2025-08-15 12:00:00+05:30,8.461915,113.838745,10.548061,115.25313
1117,2025-08-15 13:00:00+05:30,7.0591216,109.359085,8.996398,109.885254
1118,2025-08-15 14:00:00+05:30,5.8769383,117.34979,7.570707,118.39293
1119,2025-08-15 15:00:00+05:30,5.509882,128.36752,7.029225,129.80553
1120,2025-08-15 16:00:00+05:30,5.315336,118.30067,7.193247,121.701385
1121,2025-08-15 17:00:00+05:30,4.143911,124.3804,8.893166,125.94221
1122,2025-08-15 18:00:00+05:30,1.2979984,123.690094,6.379216,163.61038
1123,2025-08-15 19:00:00+05:30,2.4014995,102.99462,5.7402787,138.81418
1124,2025-08-15 20:00:00+05:30,5.8769383,62.65021,10.239453,79.87539
1125,2025-08-15 21:00:00+05:30,5.257109,51.952908,11.511559,63.03437
1126,2025-08-15 22:00:00+05:30,4.4274144,63.435013,10.814989,71.564964
1127,2025-08-15 23:00:00+05:30,4.991553,64.35905,10.823973,86.186005
1128,2025-08-16 00:00:00+05:30,5.12289,71.564964,11.074022,82.528534
1129,2025-08-16 01:00:00+05:30,5.4744864,99.46225,11.103243,106.96623
1130,2025-08-16 02:00:00+05:30,3.5455887,66.037506,7.6409945,105.01841
1131,2025-08-16 03:00:00+05:30,5.8852015,23.428713,6.9153743,51.34017
1132,2025-08-16 04:00:00+05:30,5.509882,38.367523,10.4493065,47.792774
1133,2025-08-16 05:00:00+05:30,3.572898,49.085716,7.10031,59.53454
1134,2025-08-16 06:00:00+05:30,8.836514,33.366394,19.219584,44.620605
1135,2025-08-16 07:00:00+05:30,8.274128,45.88132,12.606426,46.73567
1136,2025-08-16 08:00:00+05:30,7.6579366,66.44773,9.997699,66.66594
1137,2025-08-16 09:00:00+05:30,5.950899,86.531845,7.388775,87.20736
1138,2025-08-16 10:00:00+05:30,7.120815,110.72565,9.12513,112.01134
1139,2025-08-16 11:00:00+05:30,7.6388745,124.43905,9.835975,124.56259
1140,2025-08-16 12:00:00+05:30,7.7420926,125.537766,9.688281,125.16652
1141,2025-08-16 13:00:00+05:30,5.6492476,120.65059,7.3469996,120.963684
1142,2025-08-16 14:00:00+05:30,4.863332,128.991,6.156947,127.875046
1143,2025-08-16 15:00:00+05:30,4.4274144,153.43501,5.4744864,152.59251
1144,2025-08-16 16:00:00+05:30,3.7842832,154.65387,4.829907,153.43501
1145,2025-08-16 17:00:00+05:30,7.6367526,171.86998,13.31635,166.71512
1146,2025-08-16 18:00:00+05:30,1.4058449,140.19447,4.0449967,122.27562
1147,2025-08-16 19:00:00+05:30,1.08,180.0,2.5772076,155.22488
1148,2025-08-16 20:00:00+05:30,0.17999999,360.0,0.76367533,44.999897
1149,2025-08-16 21:00:00+05:30,1.8792552,16.699326,3.4623692,27.897186
1150,2025-08-16 22:00:00+05:30,2.6208394,15.945477,4.913044,28.442837
1151,2025-08-16 23:00:00+05:30,3.4247334,3.0127327,5.6920996,18.435053
1152,2025-08-17 00:00:00+05:30,4.323748,357.6141,7.0568266,5.8559217
1153,2025-08-17 01:00:00+05:30,3.9312592,15.945477,7.989243,14.349371
1154,2025-08-17 02:00:00+05:30,3.362677,74.47583,6.6405115,57.17146
1155,2025-08-17 03:00:00+05:30,2.9301877,100.619606,6.0077944,81.38444
1156,2025-08-17 04:00:00+05:30,2.3400002,112.61991,5.5799994,90.0
1157,2025-08-17 05:00:00+05:30,2.6758924,109.653915,7.029225,103.32455
1158,2025-08-17 06:00:00+05:30,6.320538,109.98319,11.638917,121.72356
1159,2025-08-17 07:00:00+05:30,6.924738,98.97255,12.921192,108.68745
1160,2025-08-17 08:00:00+05:30,9.354806,101.09368,12.57426,103.24053
1161,2025-08-17 09:00:00+05:30,15.861461,99.14157,21.410923,97.244415
1162,2025-08-17 10:00:00+05:30,12.69351,108.178116,17.47484,108.62168
1163,2025-08-17 11:00:00+05:30,11.043261,109.025696,14.401124,108.20858
1164,2025-08-17 12:00:00+05:30,8.11798,93.814,10.63372,92.910774
1165,2025-08-17 13:00:00+05:30,10.990322,58.392544,13.447095,62.062954
1166,2025-08-17 14:00:00+05:30,9.028754,85.42616,13.060857,82.875084
1167,2025-08-17 15:00:00+05:30,9.708326,79.31514,13.556282,79.28693
1168,2025-08-17 16:00:00+05:30,8.490582,94.864426,11.966953,96.91113
1169,2025-08-17 17:00:00+05:30,8.131936,95.07952,12.605142,91.63654
1170,2025-08-17 18:00:00+05:30,9.56713,11.94416,14.822429,24.38636
1171,2025-08-17 19:00:00+05:30,8.6867485,55.980614,17.414474,60.255207
1172,2025-08-17 20:00:00+05:30,9.172938,74.054535,19.434166,74.419014
1173,2025-08-17 21:00:00+05:30,9.016185,93.43356,18.751125,93.301796
1174,2025-08-17 22:00:00+05:30,8.825508,78.231735,18.129137,83.15732
1175,2025-08-17 23:00:00+05:30,9.0,73.73973,18.33616,76.37299
1176,2025-08-18 00:00:00+05:30,9.781473,77.24247,19.59356,79.412735
1177,2025-08-18 01:00:00+05:30,10.661107,78.31066,21.434364,82.27827
1178,2025-08-18 02:00:00+05:30,8.099999,90.0,17.82091,90.57872
1179,2025-08-18 03:00:00+05:30,7.79215,83.367584,17.313717,86.423744
1180,2025-08-18 04:00:00+05:30,9.360001,67.3801,19.189215,73.09476
1181,2025-08-18 05:00:00+05:30,10.546525,62.560368,20.215368,65.26052
1182,2025-08-18 06:00:00+05:30,8.821836,88.830894,19.633205,92.10161
1183,2025-08-18 07:00:00+05:30,7.8149853,75.32356,12.860871,83.57135
1184,2025-08-18 08:00:00+05:30,12.124307,71.833954,16.396805,72.75845
1185,2025-08-18 09:00:00+05:30,11.362834,86.36713,14.77755,87.20736
1186,2025-08-18 10:00:00+05:30,11.276968,98.25935,14.357185,97.92684
1187,2025-08-18 11:00:00+05:30,10.472536,114.36244,14.677451,113.10636
1188,2025-08-18 12:00:00+05:30,10.088033,105.52418,13.229694,104.98169
1189,2025-08-18 13:00:00+05:30,12.5032,112.873695,16.311613,112.036285
1190,2025-08-18 14:00:00+05:30,12.964998,88.4089,16.928614,91.827934
1191,2025-08-18 15:00:00+05:30,10.04458,53.74608,13.337016,58.240574
1192,2025-08-18 16:00:00+05:30,9.6932955,74.931465,12.882267,74.60439
1193,2025-08-18 17:00:00+05:30,8.101999,88.727,14.05845,103.32455
1194,2025-08-18 18:00:00+05:30,7.968939,71.564964,17.020235,72.13982
1195,2025-08-18 19:00:00+05:30,10.00256,59.743652,20.288164,62.525658
1196,2025-08-18 20:00:00+05:30,9.54,90.0,18.969301,85.101
1197,2025-08-18 21:00:00+05:30,11.609651,150.2552,21.619492,147.23611
1198,2025-08-18 22:00:00+05:30,9.511088,119.4758,19.091883,118.73969
1199,2025-08-18 23:00:00+05:30,8.39657,120.96369,17.258425,120.04128
1200,2025-08-19 00:00:00+05:30,7.729527,117.75845,16.189997,118.55953
1201,2025-08-19 01:00:00+05:30,7.0038276,115.906456,15.216123,117.47435
1202,2025-08-19 02:00:00+05:30,6.037383,100.30479,14.039999,112.61991
1203,2025-08-19 03:00:00+05:30,7.754637,68.19853,14.292725,84.217705
1204,2025-08-19 04:00:00+05:30,11.672275,70.167786,21.17354,75.727455
1205,2025-08-19 05:00:00+05:30,11.431063,82.763176,21.087675,87.064384
1206,2025-08-19 06:00:00+05:30,11.341428,89.090645,24.717743,97.952995
1207,2025-08-19 07:00:00+05:30,14.970331,108.217186,20.890083,108.59117
1208,2025-08-19 08:00:00+05:30,14.059602,108.66701,19.192593,110.304565
1209,2025-08-19 09:00:00+05:30,15.484185,107.592514,20.896288,107.03024
1210,2025-08-19 10:00:00+05:30,18.351173,111.27967,24.90318,111.18625
1211,2025-08-19 11:00:00+05:30,19.885723,117.49275,27.13765,118.09475
1212,2025-08-19 12:00:00+05:30,17.885334,118.88649,24.425013,119.58767
1213,2025-08-19 13:00:00+05:30,18.194252,115.80448,24.875193,117.12123
1214,2025-08-19 14:00:00+05:30,15.874734,119.18071,21.749483,118.68605
1215,2025-08-19 15:00:00+05:30,11.525623,91.78987,15.890034,94.54796
1216,2025-08-19 16:00:00+05:30,13.0447235,117.979385,19.80409,115.8663
1217,2025-08-19 17:00:00+05:30,11.555102,108.1528,19.24738,114.88739
1218,2025-08-19 18:00:00+05:30,10.662626,68.19853,18.710478,82.25975
1219,2025-08-19 19:00:00+05:30,10.310403,73.77974,19.0392,74.64981
1220,2025-08-19 20:00:00+05:30,13.060857,60.25522,22.137074,63.435013
1221,2025-08-19 21:00:00+05:30,12.24,61.92762,21.183483,65.3949
1222,2025-08-19 22:00:00+05:30,13.032298,57.40743,23.06319,60.033348
1223,2025-08-19 23:00:00+05:30,13.472372,67.203445,23.263912,68.19853
1224,2025-08-20 00:00:00+05:30,13.54911,70.6021,23.06881,73.68607
1225,2025-08-20 01:00:00+05:30,13.54911,70.6021,22.939232,71.70713
1226,2025-08-20 02:00:00+05:30,12.815443,79.47927,21.816412,79.06096
1227,2025-08-20 03:00:00+05:30,13.110376,81.31373,22.68357,82.7059
1228,2025-08-20 04:00:00+05:30,14.539945,74.931465,24.604753,78.6079
1229,2025-08-20 05:00:00+05:30,13.88919,71.09533,23.414532,73.93353
1230,2025-08-20 06:00:00+05:30,16.02101,90.64374,23.23116,91.77601
1231,2025-08-20 07:00:00+05:30,14.275713,103.86105,20.176065,105.52418
1232,2025-08-20 08:00:00+05:30,15.172407,94.76356,20.852827,96.94089
1233,2025-08-20 09:00:00+05:30,16.32055,96.96816,21.993908,97.99739
1234,2025-08-20 10:00:00+05:30,16.42839,94.39862,21.707731,95.7105
1235,2025-08-20 11:00:00+05:30,16.029097,91.93055,20.719555,92.4895
1236,2025-08-20 12:00:00+05:30,15.004919,100.36627,19.45083,101.20591
1237,2025-08-20 13:00:00+05:30,13.523978,99.96374,17.40424,100.72881
1238,2025-08-20 14:00:00+05:30,11.879999,90.0,16.395817,92.51682
1239,2025-08-20 15:00:00+05:30,14.182355,113.962494,19.219584,112.000755
1240,2025-08-20 16:00:00+05:30,12.921192,108.68745,19.070658,109.290146
1241,2025-08-20 17:00:00+05:30,8.936778,99.27253,13.910169,100.43742
1242,2025-08-20 18:00:00+05:30,9.181765,88.876724,18.727785,91.652275
1243,2025-08-20 19:00:00+05:30,8.863972,102.90741,19.087639,105.871254
1244,2025-08-20 20:00:00+05:30,11.032987,95.61749,22.380884,101.12915
1245,2025-08-20 21:00:00+05:30,12.011544,109.24962,23.358425,114.5901
1246,2025-08-20 22:00:00+05:30,8.163749,75.96373,15.385525,96.044
1247,2025-08-20 23:00:00+05:30,9.418661,63.924713,16.109747,76.42955
1248,2025-08-21 00:00:00+05:30,12.750811,41.56628,21.643456,46.34782
1249,2025-08-21 01:00:00+05:30,12.750811,48.433735,21.85203,53.03563
1250,2025-08-21 02:00:00+05:30,13.6063795,62.418053,22.786179,62.22047
1251,2025-08-21 03:00:00+05:30,13.527572,64.79892,22.553934,65.48038
1252,2025-08-21 04:00:00+05:30,9.605998,77.00539,17.106628,81.528946
1253,2025-08-21 05:00:00+05:30,9.939196,54.58287,17.399586,65.55606
1254,2025-08-21 06:00:00+05:30,10.441552,89.01226,17.47484,87.63868
1255,2025-08-21 07:00:00+05:30,15.669307,88.025116,21.423023,89.037155
1256,2025-08-21 08:00:00+05:30,17.123669,93.012726,23.417301,92.20255
1257,2025-08-21 09:00:00+05:30,14.887859,104.70835,20.038294,104.03627
1258,2025-08-21 10:00:00+05:30,14.810401,110.63763,19.592731,110.432915
1259,2025-08-21 11:00:00+05:30,13.577776,104.58897,17.82727,106.422264
1260,2025-08-21 12:00:00+05:30,12.472065,110.26578,16.116785,110.256546
1261,2025-08-21 13:00:00+05:30,10.308831,102.09474,13.379461,100.85637
1262,2025-08-21 14:00:00+05:30,11.226575,102.03058,14.408997,102.99462
1263,2025-08-21 15:00:00+05:30,10.9859,108.138176,14.288191,109.11983
1264,2025-08-21 16:00:00+05:30,12.108261,84.882774,18.543495,91.11237
1265,2025-08-21 17:00:00+05:30,9.292254,81.08515,14.848635,83.73661
1266,2025-08-21 18:00:00+05:30,12.570394,119.1342,21.259058,115.04617
1267,2025-08-21 19:00:00+05:30,9.335737,109.133736,17.508179,104.893524
1268,2025-08-21 20:00:00+05:30,8.777653,74.53873,16.607864,85.64901
1269,2025-08-21 21:00:00+05:30,12.7279215,61.26031,20.499462,69.97383
1270,2025-08-21 22:00:00+05:30,11.35285,64.65388,20.326454,67.06787
1271,2025-08-21 23:00:00+05:30,12.399113,62.31903,21.511318,65.79412
1272,2025-08-22 00:00:00+05:30,13.070776,67.319405,22.206486,73.033775
1273,2025-08-22 01:00:00+05:30,13.943901,78.83517,23.648602,81.68497
1274,2025-08-22 02:00:00+05:30,11.7827835,71.28818,20.69687,74.875946
1275,2025-08-22 03:00:00+05:30,12.348052,59.322803,20.366266,63.208565
1276,2025-08-22 04:00:00+05:30,12.125642,84.03561,21.606747,91.43207
1277,2025-08-22 05:00:00+05:30,12.0653715,88.29023,20.404411,94.55368
1278,2025-08-22 06:00:00+05:30,11.995349,115.79598,18.201372,118.339035
1279,2025-08-22 07:00:00+05:30,9.172938,105.945465,12.410866,109.48622
1280,2025-08-22 08:00:00+05:30,11.013882,78.6901,14.535487,82.17101
1281,2025-08-22 09:00:00+05:30,13.86,90.0,18.367939,91.68465
1282,2025-08-22 10:00:00+05:30,16.5688,91.867645,21.80676,92.83873
1283,2025-08-22 11:00:00+05:30,15.351793,94.70777,20.436144,95.55986
1284,2025-08-22 12:00:00+05:30,14.993038,94.82068,19.343927,95.33915
1285,2025-08-22 13:00:00+05:30,15.84409,88.69808,20.340796,89.49298
1286,2025-08-22 14:00:00+05:30,15.536408,79.99209,21.188072,80.21766
1287,2025-08-22 15:00:00+05:30,19.719654,84.23746,27.672037,84.40076
1288,2025-08-22 16:00:00+05:30,19.290257,86.79059,30.07347,88.28511
1289,2025-08-22 17:00:00+05:30,15.956163,78.94363,26.042833,81.25392
1290,2025-08-22 18:00:00+05:30,13.917154,84.805664,24.31666,87.87895
1291,2025-08-22 19:00:00+05:30,15.192682,76.29302,26.959768,81.16667
1292,2025-08-22 20:00:00+05:30,11.39842,68.702576,22.396803,76.52216
1293,2025-08-22 21:00:00+05:30,13.971757,75.068535,25.212852,80.13426
1294,2025-08-22 22:00:00+05:30,16.22498,70.559875,27.678474,75.69261
1295,2025-08-22 23:00:00+05:30,16.267857,65.13633,27.14123,68.19853
1296,2025-08-23 00:00:00+05:30,16.267857,65.13633,27.276978,67.49644
1297,2025-08-23 01:00:00+05:30,16.260885,63.71866,27.346378,67.14802
1298,2025-08-23 02:00:00+05:30,18.329973,72.27668,30.079395,75.79741
1299,2025-08-23 03:00:00+05:30,18.745079,78.366394,30.302078,80.42585
1300,2025-08-23 04:00:00+05:30,17.589418,72.12121,29.033617,75.274475
1301,2025-08-23 05:00:00+05:30,19.070658,72.42006,30.39016,74.893654
1302,2025-08-23 06:00:00+05:30,18.508516,82.736855,29.463968,84.74229
1303,2025-08-23 07:00:00+05:30,21.966637,88.59141,33.1244,89.06593
1304,2025-08-23 08:00:00+05:30,21.798588,92.366196,31.394394,93.945114
1305,2025-08-23 09:00:00+05:30,20.83184,96.44944,29.202747,97.081116
1306,2025-08-23 10:00:00+05:30,21.9253,96.59982,30.274801,96.829155
1307,2025-08-23 11:00:00+05:30,22.442324,95.98486,31.033691,97.331024
1308,2025-08-23 12:00:00+05:30,20.520788,90.50257,28.085192,91.101685
1309,2025-08-23 13:00:00+05:30,23.42076,82.49275,32.15155,82.27827
1310,2025-08-23 14:00:00+05:30,20.11656,83.32021,27.930176,82.96668
1311,2025-08-23 15:00:00+05:30,20.476532,75.23076,29.034172,76.739136
1312,2025-08-23 16:00:00+05:30,16.740967,73.12365,25.196142,74.67303
1313,2025-08-23 17:00:00+05:30,14.787414,93.48926,26.841734,92.30592
1314,2025-08-23 18:00:00+05:30,20.46941,55.750916,33.45144,57.079536
1315,2025-08-23 19:00:00+05:30,21.559462,67.93205,35.693142,72.38734
1316,2025-08-23 20:00:00+05:30,19.70815,80.53775,33.3559,83.181885
1317,2025-08-23 21:00:00+05:30,18.161278,76.2392,30.186916,79.69521
1318,2025-08-23 22:00:00+05:30,18.11215,79.69521,30.413074,83.88459
1319,2025-08-23 23:00:00+05:30,18.345877,74.054535,30.47746,77.03075
1320,2025-08-24 00:00:00+05:30,17.864489,77.7843,29.834423,81.67444
1321,2025-08-24 01:00:00+05:30,16.557064,78.079285,28.1549,82.284424
1322,2025-08-24 02:00:00+05:30,17.47484,78.11137,29.3273,81.17371
1323,2025-08-24 03:00:00+05:30,18.865683,82.875084,30.931732,84.32268
1324,2025-08-24 04:00:00+05:30,18.466455,83.84493,30.473207,86.61374
1325,2025-08-24 05:00:00+05:30,17.910677,84.23221,29.744146,86.87794
1326,2025-08-24 06:00:00+05:30,19.738539,96.2824,31.48971,98.546875
1327,2025-08-24 07:00:00+05:30,22.553936,98.25935,31.463463,98.22273
1328,2025-08-24 08:00:00+05:30,17.688606,102.33907,24.448214,103.627014
1329,2025-08-24 09:00:00+05:30,18.044046,94.0041,24.216522,95.117226
1330,2025-08-24 10:00:00+05:30,17.468348,91.77143,23.289661,94.43259
1331,2025-08-24 11:00:00+05:30,16.563911,91.24534,21.80676,92.83873
1332,2025-08-24 12:00:00+05:30,21.762886,110.83345,30.912348,109.384605
1333,2025-08-24 13:00:00+05:30,11.542478,93.57626,17.878086,94.61984
1334,2025-08-24 14:00:00+05:30,17.283749,91.19346,24.130743,91.70978
1335,2025-08-24 15:00:00+05:30,17.081041,82.12615,24.44954,83.659904
1336,2025-08-24 16:00:00+05:30,15.833861,81.501526,22.91026,81.86999
1337,2025-08-24 17:00:00+05:30,13.6242285,74.67844,22.004951,76.75947
1338,2025-08-24 18:00:00+05:30,13.379461,70.346085,24.999271,73.26116
1339,2025-08-24 19:00:00+05:30,13.288341,65.17068,25.035532,68.04554
1340,2025-08-24 20:00:00+05:30,14.799459,71.564964,26.93091,72.89719
1341,2025-08-24 21:00:00+05:30,15.108211,74.804695,26.865866,78.01251
1342,2025-08-24 22:00:00+05:30,14.848635,83.73661,27.059933,86.186005
1343,2025-08-24 23:00:00+05:30,13.88919,86.28479,25.742516,90.80127
1344,2025-08-25 00:00:00+05:30,12.125642,84.03561,22.866377,91.353165
1345,2025-08-25 01:00:00+05:30,11.481968,80.98076,21.419998,90.0
1346,2025-08-25 02:00:00+05:30,11.341428,90.90936,20.924952,98.40883
1347,2025-08-25 03:00:00+05:30,11.521406,89.10485,20.29535,96.62068
1348,2025-08-25 04:00:00+05:30,10.08,90.0,19.222954,96.99184
1349,2025-08-25 05:00:00+05:30,10.120098,84.89793,18.553974,92.223915
1350,2025-08-25 06:00:00+05:30,13.202726,78.996506,19.474136,81.49551
1351,2025-08-25 07:00:00+05:30,13.379461,84.596306,18.448023,84.40076
1352,2025-08-25 08:00:00+05:30,11.183201,86.308685,14.761098,89.30132
1353,2025-08-25 09:00:00+05:30,11.45513,98.13002,14.973576,99.68872
1354,2025-08-25 10:00:00+05:30,12.267762,104.44408,15.676542,105.312874
1355,2025-08-25 11:00:00+05:30,11.700001,104.25006,14.84318,104.03627
1356,2025-08-25 12:00:00+05:30,10.742848,98.673096,13.701299,99.8335
1357,2025-08-25 13:00:00+05:30,11.734564,94.39862,15.427586,97.37367
1358,2025-08-25 14:00:00+05:30,9.885262,79.50858,12.882267,82.77578
1359,2025-08-25 15:00:00+05:30,9.215226,77.5926,12.221456,80.67649
1360,2025-08-25 16:00:00+05:30,7.2022495,91.43207,10.446206,91.97489
1361,2025-08-25 17:00:00+05:30,5.232399,93.945114,11.032987,95.61749
1362,2025-08-25 18:00:00+05:30,5.4833565,66.801384,12.043869,80.53775
1363,2025-08-25 19:00:00+05:30,5.4029994,88.09089,13.021106,95.55288
1364,2025-08-25 20:00:00+05:30,5.0432134,87.95464,12.961249,99.59306
1365,2025-08-25 21:00:00+05:30,5.5916004,86.308685,13.954354,96.666565
1366,2025-08-25 22:00:00+05:30,6.8612823,94.5139,15.760025,103.877556
1367,2025-08-25 23:00:00+05:30,7.2044983,77.00539,16.208996,91.90912
1368,2025-08-26 00:00:00+05:30,6.151683,69.44387,13.917154,84.805664
1369,2025-08-26 01:00:00+05:30,6.12,61.92762,13.577776,75.41104
1370,2025-08-26 02:00:00+05:30,6.2067385,60.461315,13.752048,75.599945
1371,2025-08-26 03:00:00+05:30,5.7628117,51.34017,13.070776,67.319405
1372,2025-08-26 04:00:00+05:30,5.2478566,59.03632,12.466867,72.34979
1373,2025-08-26 05:00:00+05:30,4.8965297,53.972538,10.934166,69.775055
1374,2025-08-26 06:00:00+05:30,10.158444,82.875084,18.941954,86.186005
1375,2025-08-26 07:00:00+05:30,9.215226,102.40741,13.491597,103.109215
1376,2025-08-26 08:00:00+05:30,9.854075,99.46225,13.169555,100.23475
1377,2025-08-26 09:00:00+05:30,9.05205,107.35411,11.555102,108.1528
1378,2025-08-26 10:00:00+05:30,8.139901,108.03438,10.134496,109.722374
1379,2025-08-26 11:00:00+05:30,8.723967,111.80147,10.8015,113.57472
1380,2025-08-26 12:00:00+05:30,7.3094187,99.926186,9.080639,103.76081
1381,2025-08-26 13:00:00+05:30,11.995349,154.20403,15.2947035,153.43501
1382,2025-08-26 14:00:00+05:30,5.495161,238.39255,6.6624317,231.58191
1383,2025-08-26 15:00:00+05:30,3.362677,285.52417,3.8141315,289.29013
1384,2025-08-26 16:00:00+05:30,3.2846913,260.53775,3.6402748,261.46933
1385,2025-08-26 17:00:00+05:30,3.0547013,135.0001,3.6,143.13002
1386,2025-08-26 18:00:00+05:30,7.344794,36.027473,13.115319,43.331707
1387,2025-08-26 19:00:00+05:30,8.133928,24.863682,14.835537,35.61858
1388,2025-08-26 20:00:00+05:30,5.2478566,59.03632,12.007498,66.12472
1389,2025-08-26 21:00:00+05:30,3.8856654,76.60749,10.081606,91.02301
1390,2025-08-26 22:00:00+05:30,3.0652895,86.63361,8.709098,108.06056
1391,2025-08-26 23:00:00+05:30,2.8856194,93.57626,8.131936,117.69938
1392,2025-08-27 00:00:00+05:30,5.6233797,140.19447,13.229693,146.09369
1393,2025-08-27 01:00:00+05:30,6.873078,135.0001,15.086748,144.22383
1394,2025-08-27 02:00:00+05:30,2.8460495,145.30478,9.102021,155.4623
1395,2025-08-27 03:00:00+05:30,5.2478566,84.093956,7.029225,92.935616
1396,2025-08-27 04:00:00+05:30,3.536439,75.25639,7.8728137,100.53913
1397,2025-08-27 05:00:00+05:30,5.9427266,88.264336,11.183201,93.691315
1398,2025-08-27 06:00:00+05:30,10.337078,125.07384,13.878689,123.89621
1399,2025-08-27 07:00:00+05:30,9.801326,97.38595,12.882267,97.22423
1400,2025-08-27 08:00:00+05:30,12.273043,85.79472,16.395817,87.48318
1401,2025-08-27 09:00:00+05:30,7.555712,77.619255,10.182337,81.86999
1402,2025-08-27 10:00:00+05:30,8.865799,84.17376,11.892265,87.3975
1403,2025-08-27 11:00:00+05:30,7.7400002,90.0,9.726665,92.12105
1404,2025-08-27 12:00:00+05:30,6.9270773,114.56716,8.61371,116.02953
1405,2025-08-27 13:00:00+05:30,4.9785542,102.5288,6.330782,104.82652
1406,2025-08-27 14:00:00+05:30,4.9785542,102.5288,6.206738,106.85848
1407,2025-08-27 15:00:00+05:30,5.728979,133.72705,7.056826,127.74687
1408,2025-08-27 16:00:00+05:30,7.256032,172.87508,9.67657,170.36253
1409,2025-08-27 17:00:00+05:30,0.9178235,11.3098955,1.1525624,51.34017
1410,2025-08-27 18:00:00+05:30,8.528657,44.145004,15.156384,37.27826
1411,2025-08-27 19:00:00+05:30,7.9932966,54.16227,16.248924,50.844574
1412,2025-08-27 20:00:00+05:30,7.889258,55.222095,17.244337,53.488853
1413,2025-08-27 21:00:00+05:30,12.906138,140.09216,20.94971,130.12067
1414,2025-08-27 22:00:00+05:30,7.040739,94.39862,14.713831,97.73351
1415,2025-08-27 23:00:00+05:30,4.942631,56.88865,11.276968,81.740654
1416,2025-08-28 00:00:00+05:30,6.889557,109.85531,13.8049555,112.21764
1417,2025-08-28 01:00:00+05:30,7.5685663,64.65388,14.193772,77.55002
1418,2025-08-28 02:00:00+05:30,10.944532,53.69541,19.233065,58.39256
1419,2025-08-28 03:00:00+05:30,11.7,67.3801,20.28976,68.67048
1420,2025-08-28 04:00:00+05:30,11.571914,74.66666,20.089966,77.582565
1421,2025-08-28 05:00:00+05:30,12.081472,86.58348,21.60075,89.52256
1422,2025-08-28 06:00:00+05:30,9.9408245,84.805664,14.77755,87.20736
1423,2025-08-28 07:00:00+05:30,10.266314,87.99049,17.100946,90.60308
1424,2025-08-28 08:00:00+05:30,9.531505,79.11452,14.619946,85.76369
1425,2025-08-28 09:00:00+05:30,9.6228485,97.52373,12.783802,99.72751
1426,2025-08-28 10:00:00+05:30,8.647496,92.385895,11.032987,95.61749
1427,2025-08-28 11:00:00+05:30,9.582359,95.38922,12.168319,97.65056
1428,2025-08-28 12:00:00+05:30,9.224011,95.59925,11.588701,96.24182
1429,2025-08-28 13:00:00+05:30,11.003581,93.751656,13.902014,94.45552
1430,2025-08-28 14:00:00+05:30,8.641874,88.80654,10.981475,90.93917
1431,2025-08-28 15:00:00+05:30,13.644427,126.41647,18.396141,126.645744
1432,2025-08-28 16:00:00+05:30,10.560341,119.62366,15.22783,118.98872
1433,2025-08-28 17:00:00+05:30,7.928178,92.60251,12.961249,99.59306
1434,2025-08-28 18:00:00+05:30,11.207801,60.141087,19.087639,74.12875
1435,2025-08-28 19:00:00+05:30,10.070353,65.72557,19.879206,73.69822
1436,2025-08-28 20:00:00+05:30,10.787993,64.2901,20.499462,69.97383
1437,2025-08-28 21:00:00+05:30,10.837435,78.50347,20.39091,85.9505
1438,2025-08-28 22:00:00+05:30,12.585848,73.379166,22.054958,74.37571
1439,2025-08-28 23:00:00+05:30,11.272657,38.516956,18.470842,52.124958
1440,2025-08-29 00:00:00+05:30,12.287555,58.1726,21.655428,62.796078
1441,2025-08-29 01:00:00+05:30,13.748513,46.060818,22.101917,49.955513
1442,2025-08-29 02:00:00+05:30,12.440851,58.609787,21.259058,64.95383
1443,2025-08-29 03:00:00+05:30,11.13384,55.539124,19.08,58.10924
1444,2025-08-29 04:00:00+05:30,12.47726,63.435013,21.259058,64.95383
1445,2025-08-29 05:00:00+05:30,11.19189,62.198643,19.084246,64.8852
1446,2025-08-29 06:00:00+05:30,9.473541,51.170166,14.8257065,60.94549
1447,2025-08-29 07:00:00+05:30,10.234705,55.750916,14.49531,65.02612
1448,2025-08-29 08:00:00+05:30,9.847496,71.89614,13.154786,73.300674
1449,2025-08-29 09:00:00+05:30,9.580668,64.397865,12.57426,66.37061
1450,2025-08-29 10:00:00+05:30,9.9977,76.464134,12.638512,79.33027
1451,2025-08-29 11:00:00+05:30,10.674773,95.80663,13.576582,96.08843
1452,2025-08-29 12:00:00+05:30,9.926147,94.15957,12.483749,95.79271
1453,2025-08-29 13:00:00+05:30,10.799999,90.0,13.864674,91.48784
1454,2025-08-29 14:00:00+05:30,10.429132,111.25058,13.169556,111.65605
1455,2025-08-29 15:00:00+05:30,11.4862,122.1957,15.077082,123.310646
1456,2025-08-29 16:00:00+05:30,8.53815,124.69522,12.492829,126.20955
1457,2025-08-29 17:00:00+05:30,9.693296,121.328636,17.137852,126.027466
1458,2025-08-29 18:00:00+05:30,7.596341,126.32692,16.502182,129.24542
1459,2025-08-29 19:00:00+05:30,7.69592,100.784256,16.431347,114.59978
1460,2025-08-29 20:00:00+05:30,9.6480665,104.03627,20.378988,109.075195
1461,2025-08-29 21:00:00+05:30,6.037383,63.435013,14.584445,88.58562
1462,2025-08-29 22:00:00+05:30,6.1569467,74.74483,14.33347,97.21417
1463,2025-08-29 23:00:00+05:30,5.5916004,56.82148,12.576836,80.94219
1464,2025-08-30 00:00:00+05:30,7.2649574,48.01287,14.007655,64.09355
1465,2025-08-30 01:00:00+05:30,6.638072,77.4712,13.775586,83.24652
1466,2025-08-30 02:00:00+05:30,9.867218,104.79681,18.272438,108.970505
1467,2025-08-30 03:00:00+05:30,7.353611,111.541046,14.059602,108.66701
1468,2025-08-30 04:00:00+05:30,5.7852573,95.355736,12.140329,105.4787
1469,2025-08-30 05:00:00+05:30,6.1094027,44.999897,8.427383,70.01681
1470,2025-08-30 06:00:00+05:30,6.6405115,122.828545,9.387651,122.471176
1471,2025-08-30 07:00:00+05:30,9.059205,110.95586,12.5032,112.873695
1472,2025-08-30 08:00:00+05:30,9.087772,82.03049,11.749741,84.7262
1473,2025-08-30 09:00:00+05:30,7.8087645,64.025665,10.30883,65.22488
1474,2025-08-30 10:00:00+05:30,8.461914,60.708733,11.028581,63.853214
1475,2025-08-30 11:00:00+05:30,8.936778,55.66973,10.990322,58.392544
1476,2025-08-30 12:00:00+05:30,8.958504,67.557205,11.272657,70.40763
1477,2025-08-30 13:00:00+05:30,7.9932976,82.234924,10.158444,82.875084
1478,2025-08-30 14:00:00+05:30,5.815978,68.19853,7.570707,71.99575
1479,2025-08-30 15:00:00+05:30,7.3094187,80.07382,9.422101,83.41815
1480,2025-08-30 16:00:00+05:30,10.472536,155.63756,14.571108,152.80196
1481,2025-08-30 17:00:00+05:30,9.600937,120.411,15.926694,124.40853
1482,2025-08-30 18:00:00+05:30,5.318383,113.962494,12.7279215,118.7397
1483,2025-08-30 19:00:00+05:30,5.0528407,85.91447,12.42,90.0
1484,2025-08-30 20:00:00+05:30,8.427383,109.98319,17.873554,108.79998
1485,2025-08-30 21:00:00+05:30,6.2999997,90.0,15.536408,100.00792
1486,2025-08-30 22:00:00+05:30,6.302571,91.63654,15.477906,98.69542
1487,2025-08-30 23:00:00+05:30,7.0568266,84.14409,15.710607,94.60001
1488,2025-08-31 00:00:00+05:30,6.601363,64.133705,14.796175,80.19398
1489,2025-08-31 01:00:00+05:30,4.7521367,65.37646,12.849528,78.6901
1490,2025-08-31 02:00:00+05:30,10.495713,67.83361,18.448023,72.97939
1491,2025-08-31 03:00:00+05:30,10.514218,51.952908,17.238699,61.294147
1492,2025-08-31 04:00:00+05:30,7.6388745,55.560955,14.73913,61.55718
1493,2025-08-31 05:00:00+05:30,4.293669,33.023872,10.210936,49.28924
1494,2025-08-31 06:00:00+05:30,4.353619,97.12492,11.362834,93.63288
1495,2025-08-31 07:00:00+05:30,5.920878,109.53674,8.880405,107.700516
1496,2025-08-31 08:00:00+05:30,7.0223074,88.531235,9.187056,92.2457
1497,2025-08-31 09:00:00+05:30,6.12,90.0,7.5685663,92.72626
1498,2025-08-31 10:00:00+05:30,4.6277857,103.49575,5.7628117,104.47034
1499,2025-08-31 11:00:00+05:30,6.5248446,114.44395,8.049845,116.56499
1500,2025-08-31 12:00:00+05:30,7.02,90.0,8.467655,92.4366
1501,2025-08-31 13:00:00+05:30,7.596341,76.29302,9.178235,78.6901
1502,2025-08-31 14:00:00+05:30,5.3517847,70.346085,6.8989563,74.875946
1503,2025-08-31 15:00:00+05:30,7.8954163,65.77226,9.906544,65.29759
1504,2025-08-31 16:00:00+05:30,9.9571085,102.5288,13.239487,97.0283
1505,2025-08-31 17:00:00+05:30,7.5942082,121.42952,13.138765,99.46225
1506,2025-08-31 18:00:00+05:30,3.536439,104.743614,9.422101,96.581856
1507,2025-08-31 19:00:00+05:30,3.604497,87.13766,9.54679,87.838974
1508,2025-08-31 20:00:00+05:30,3.7842832,87.27374,10.63372,87.089226
1509,2025-08-31 21:00:00+05:30,3.6402748,81.46932,10.081606,91.02301
1510,2025-08-31 22:00:00+05:30,3.6,53.13002,9.708326,79.31514
1511,2025-08-31 23:00:00+05:30,5.3517847,47.72637,11.534054,67.036194
1512,2025-09-01 00:00:00+05:30,4.8366103,44.999897,11.755254,64.61213
1513,2025-09-01 01:00:00+05:30,6.696387,36.253937,14.292725,53.707283
1514,2025-09-01 02:00:00+05:30,3.710795,22.833694,10.195057,47.862484
1515,2025-09-01 03:00:00+05:30,3.1072817,10.007925,7.256032,43.995014
1516,2025-09-01 04:00:00+05:30,1.8792552,16.699326,5.7402787,48.814175
1517,2025-09-01 05:00:00+05:30,2.2553935,28.610369,5.2478566,59.03632
1518,2025-09-01 06:00:00+05:30,2.7475805,58.392544,5.293959,54.688713
1519,2025-09-01 07:00:00+05:30,3.3481934,53.74608,5.402999,60.018444
1520,2025-09-01 08:00:00+05:30,4.965521,46.468742,6.1305785,49.76371
1521,2025-09-01 09:00:00+05:30,7.3094187,52.001225,9.144637,53.8067
1522,2025-09-01 10:00:00+05:30,8.373386,64.5367,10.8015,66.425285
1523,2025-09-01 11:00:00+05:30,8.557102,75.37909,10.874741,77.57407
1524,2025-09-01 12:00:00+05:30,8.513448,76.55138,10.874741,77.57407
1525,2025-09-01 13:00:00+05:30,8.654986,73.07241,11.27553,73.300674
1526,2025-09-01 14:00:00+05:30,7.289444,69.775055,9.505977,71.22187
1527,2025-09-01 15:00:00+05:30,7.7879906,56.3099,10.495713,59.03632
1528,2025-09-01 16:00:00+05:30,7.327127,62.17599,12.56008,64.5367
1529,2025-09-01 17:00:00+05:30,4.1046314,74.74483,11.050591,77.774895
1530,2025-09-01 18:00:00+05:30,7.823272,66.97448,18.434847,63.935394
1531,2025-09-01 19:00:00+05:30,7.2044983,77.00539,18.119305,76.79206
1532,2025-09-01 20:00:00+05:30,7.44121,57.84773,17.886242,69.37639
1533,2025-09-01 21:00:00+05:30,8.211235,63.996716,18.855375,69.31584
1534,2025-09-01 22:00:00+05:30,6.452441,59.8587,16.663372,63.7118
1535,2025-09-01 23:00:00+05:30,7.570707,61.60708,18.27953,64.94905
1536,2025-09-02 00:00:00+05:30,9.396275,53.569054,21.679354,60.668255
1537,2025-09-02 01:00:00+05:30,11.605464,66.21797,24.478014,64.75406
1538,2025-09-02 02:00:00+05:30,8.338489,76.26372,19.470808,76.0922
1539,2025-09-02 03:00:00+05:30,11.19189,117.80137,22.195541,120.72462
1540,2025-09-02 04:00:00+05:30,11.362834,86.36713,21.966637,91.4086
1541,2025-09-02 05:00:00+05:30,8.649369,77.98855,17.103788,91.206024
1542,2025-09-02 06:00:00+05:30,13.638489,67.49644,23.143827,74.66666
1543,2025-09-02 07:00:00+05:30,17.283749,35.6765,27.367697,44.20067
1544,2025-09-02 08:00:00+05:30,16.224981,72.57005,25.244318,74.279015
1545,2025-09-02 09:00:00+05:30,20.66867,70.1447,29.943907,70.6936
1546,2025-09-02 10:00:00+05:30,20.00269,74.33783,28.02745,75.87448
1547,2025-09-02 11:00:00+05:30,18.675812,79.44824,25.39021,80.20386
1548,2025-09-02 12:00:00+05:30,16.499237,83.10767,21.36851,83.7132
1549,2025-09-02 13:00:00+05:30,16.068466,77.05349,21.711462,78.03797
1550,2025-09-02 14:00:00+05:30,14.848635,83.73661,20.240196,84.89793
1551,2025-09-02 15:00:00+05:30,13.504799,88.47251,18.903427,88.90881
1552,2025-09-02 16:00:00+05:30,9.914717,93.12207,15.68584,93.28918
1553,2025-09-02 17:00:00+05:30,7.0591216,109.359085,14.915039,107.56036
1554,2025-09-02 18:00:00+05:30,6.519877,96.340096,16.204998,102.18365
1555,2025-09-02 19:00:00+05:30,7.9077177,78.178535,18.287504,83.78446
1556,2025-09-02 20:00:00+05:30,7.2022495,88.56794,17.468348,91.77143
1557,2025-09-02 21:00:00+05:30,5.315336,151.69934,12.601285,135.57864
1558,2025-09-02 22:00:00+05:30,8.452336,153.43501,15.589497,143.9239
1559,2025-09-02 23:00:00+05:30,10.446206,88.025116,20.359901,87.4665
1560,2025-09-03 00:00:00+05:30,4.6102495,128.65984,11.832176,123.20658
1561,2025-09-03 01:00:00+05:30,3.494968,55.491425,8.821836,91.16911
1562,2025-09-03 02:00:00+05:30,6.3690495,42.709366,11.038858,65.94266
1563,2025-09-03 03:00:00+05:30,7.4867883,27.181028,14.330079,32.69198
1564,2025-09-03 04:00:00+05:30,7.562142,38.23387,15.027575,43.058525
1565,2025-09-03 05:00:00+05:30,7.6579366,60.42226,16.03213,61.132942
1566,2025-09-03 06:00:00+05:30,7.0407386,57.528828,14.357185,82.073166
1567,2025-09-03 07:00:00+05:30,7.040739,85.60138,14.944336,88.61968
1568,2025-09-03 08:00:00+05:30,8.281956,91.24534,11.165805,91.84757
1569,2025-09-03 09:00:00+05:30,8.936778,99.27253,11.688918,99.75236
1570,2025-09-03 10:00:00+05:30,9.847496,108.10386,12.69351,108.178116
1571,2025-09-03 11:00:00+05:30,10.304115,109.38461,13.149859,109.17911
1572,2025-09-03 12:00:00+05:30,10.094454,111.99118,12.669238,112.55729
1573,2025-09-03 13:00:00+05:30,9.181765,91.12328,11.712455,92.642494
1574,2025-09-03 14:00:00+05:30,12.605142,91.63654,16.036171,92.57331
1575,2025-09-03 15:00:00+05:30,13.849477,117.89718,19.1588,116.80571
1576,2025-09-03 16:00:00+05:30,9.919618,101.5138,14.685176,101.3099
1577,2025-09-03 17:00:00+05:30,11.45513,98.13002,19.804907,97.83544
1578,2025-09-03 18:00:00+05:30,9.761578,84.710014,19.804907,82.164566
1579,2025-09-03 19:00:00+05:30,12.703715,69.253845,24.13477,71.2947
1580,2025-09-03 20:00:00+05:30,13.605189,72.28412,24.059475,74.82002
1581,2025-09-03 21:00:00+05:30,10.661107,78.31066,20.495512,82.9375
1582,2025-09-03 22:00:00+05:30,10.805999,88.09089,20.81239,95.95704
1583,2025-09-03 23:00:00+05:30,9.007196,87.70944,18.201374,98.530685
1584,2025-09-04 00:00:00+05:30,9.983106,64.35905,18.533009,78.79925
1585,2025-09-04 01:00:00+05:30,11.282711,56.056374,20.385345,60.94549
1586,2025-09-04 02:00:00+05:30,10.385547,64.32324,19.59356,66.73228
1587,2025-09-04 03:00:00+05:30,7.989243,75.650635,16.724508,81.9572
1588,2025-09-04 04:00:00+05:30,7.0568266,95.85592,15.779544,101.18172
1589,2025-09-04 05:00:00+05:30,8.613709,100.84026,18.501513,109.31645
1590,2025-09-04 06:00:00+05:30,9.194106,113.05133,18.47698,125.08356
1591,2025-09-04 07:00:00+05:30,10.8672905,116.56499,15.96327,119.74479
1592,2025-09-04 08:00:00+05:30,14.277983,123.6901,19.67195,124.56259
1593,2025-09-04 09:00:00+05:30,12.996199,120.8276,17.349236,120.555885
1594,2025-09-04 10:00:00+05:30,12.287555,121.82741,16.179987,122.27562
1595,2025-09-04 11:00:00+05:30,12.475961,133.83095,16.293728,134.10492
1596,2025-09-04 12:00:00+05:30,10.718693,130.91429,14.021525,131.87779
1597,2025-09-04 13:00:00+05:30,11.334285,122.68055,14.827893,123.11135
1598,2025-09-04 14:00:00+05:30,12.097553,136.80872,15.922626,137.29063
1599,2025-09-04 15:00:00+05:30,7.8149853,141.54626,10.993271,140.31459
1600,2025-09-04 16:00:00+05:30,8.2584505,110.409966,12.033103,111.960625
1601,2025-09-04 17:00:00+05:30,10.365251,110.32322,18.35647,115.55992
1602,2025-09-04 18:00:00+05:30,4.7657523,100.88548,12.124307,108.16605
1603,2025-09-04 19:00:00+05:30,5.5829024,91.84757,14.584443,102.83562
1604,2025-09-04 20:00:00+05:30,10.8015,66.425285,19.93048,73.201546
1605,2025-09-04 21:00:00+05:30,5.6521144,99.16227,14.019216,105.64231
1606,2025-09-04 22:00:00+05:30,5.3517847,109.653915,14.813683,117.499054
1607,2025-09-04 23:00:00+05:30,5.068846,106.50443,13.4903965,121.35703
1608,2025-09-05 00:00:00+05:30,4.669604,117.552734,12.855831,135.5672
1609,2025-09-05 01:00:00+05:30,5.0975285,137.86247,13.151091,149.5743
1610,2025-09-05 02:00:00+05:30,6.5223618,152.02061,15.379206,159.44388
1611,2025-09-05 03:00:00+05:30,6.6087217,150.64235,15.646544,156.97447
1612,2025-09-05 04:00:00+05:30,6.439876,153.43501,15.716793,159.90468
1613,2025-09-05 05:00:00+05:30,3.9477081,136.8476,11.841756,160.46326
1614,2025-09-05 06:00:00+05:30,6.5223618,152.02061,15.206538,163.49556
1615,2025-09-05 07:00:00+05:30,6.050785,157.249,8.996398,160.11475
1616,2025-09-05 08:00:00+05:30,4.613762,159.44388,6.2613096,161.56496
1617,2025-09-05 09:00:00+05:30,4.39436,145.0079,5.441838,145.78424
1618,2025-09-05 10:00:00+05:30,3.693291,136.97493,4.3349743,138.36655
1619,2025-09-05 11:00:00+05:30,3.9966483,125.837746,4.863332,128.991
1620,2025-09-05 12:00:00+05:30,4.6800003,112.61991,5.7204895,114.14554
1621,2025-09-05 13:00:00+05:30,6.5223618,117.979385,8.217153,118.8107
1622,2025-09-05 14:00:00+05:30,12.503199,149.74365,15.931779,147.92604
1623,2025-09-05 15:00:00+05:30,8.827344,159.71736,11.679213,155.4099
1624,2025-09-05 16:00:00+05:30,5.4744864,136.33215,7.2649574,131.98714
1625,2025-09-05 17:00:00+05:30,4.6452556,125.537766,9.19939,120.57915
1626,2025-09-05 18:00:00+05:30,4.5891175,64.440094,10.261579,74.74483
1627,2025-09-05 19:00:00+05:30,13.151091,59.574306,20.82484,67.64675
1628,2025-09-05 20:00:00+05:30,7.7420926,35.537766,14.761098,37.568665
1629,2025-09-05 21:00:00+05:30,8.825508,78.231735,17.208603,74.219185
1630,2025-09-05 22:00:00+05:30,6.552099,52.81522,14.138882,68.333984
1631,2025-09-05 23:00:00+05:30,7.3469996,59.03632,14.913952,66.52899
1632,2025-09-06 00:00:00+05:30,4.3498964,65.55606,11.672275,72.96215
1633,2025-09-06 01:00:00+05:30,6.3231,94.89901,13.238261,101.768265
1634,2025-09-06 02:00:00+05:30,7.6473517,26.564985,13.767352,41.82009
1635,2025-09-06 03:00:00+05:30,4.863332,51.009003,11.19189,62.198643
1636,2025-09-06 04:00:00+05:30,4.5891175,25.559923,9.039514,54.727493
1637,2025-09-06 05:00:00+05:30,6.6185193,67.61982,12.966248,76.34956
1638,2025-09-06 06:00:00+05:30,1.8,360.0,1.8532133,119.05451
1639,2025-09-06 07:00:00+05:30,2.2910259,44.999897,3.0758414,69.44387
1640,2025-09-06 08:00:00+05:30,2.1674871,94.76356,2.7534704,101.3099
1641,2025-09-06 09:00:00+05:30,4.942631,123.11135,6.193674,125.537766
1642,2025-09-06 10:00:00+05:30,5.004518,142.3057,6.156947,142.12495
1643,2025-09-06 11:00:00+05:30,3.3092594,135.0001,4.072935,135.0001
1644,2025-09-06 12:00:00+05:30,4.91634,156.2505,5.95906,154.98314
1645,2025-09-06 13:00:00+05:30,2.36753,171.25392,2.7059932,176.186
1646,2025-09-06 14:00:00+05:30,6.603817,162.55272,7.8149853,165.32356
1647,2025-09-06 15:00:00+05:30,7.029225,87.064384,8.297589,86.26868
1648,2025-09-06 16:00:00+05:30,4.323748,92.385895,4.6834598,87.79745
1649,2025-09-06 17:00:00+05:30,5.318383,113.962494,7.823272,113.02553
1650,2025-09-06 18:00:00+05:30,2.5582807,50.710617,5.426933,84.2895
1651,2025-09-06 19:00:00+05:30,8.311245,72.34979,15.182015,79.755974
1652,2025-09-06 20:00:00+05:30,5.5916004,93.691315,11.226575,102.03058
1653,2025-09-06 21:00:00+05:30,6.1437774,84.95764,12.043869,99.46225
1654,2025-09-06 22:00:00+05:30,10.534229,196.88687,14.311981,186.49925
1655,2025-09-06 23:00:00+05:30,2.1674871,131.63345,5.2694216,172.14677
1656,2025-09-07 00:00:00+05:30,8.383054,75.068535,12.007498,102.99462
1657,2025-09-07 01:00:00+05:30,3.5455887,336.0375,4.724786,40.364468
1658,2025-09-07 02:00:00+05:30,4.3498964,204.44394,7.3799996,192.68037
1659,2025-09-07 03:00:00+05:30,3.143565,103.24053,5.072041,117.47435
1660,2025-09-07 04:00:00+05:30,7.120815,69.27436,10.829958,68.5522
1661,2025-09-07 05:00:00+05:30,4.7521367,65.37646,9.12513,67.98867
1662,2025-09-07 06:00:00+05:30,6.193674,54.46224,10.086427,55.175446
1663,2025-09-07 07:00:00+05:30,6.330782,75.17348,8.43699,78.92985
1664,2025-09-07 08:00:00+05:30,4.802999,102.99462,6.0908127,108.970505
1665,2025-09-07 09:00:00+05:30,3.745557,144.78232,4.6938257,147.52882
1666,2025-09-07 10:00:00+05:30,6.6405115,147.17146,9.016185,153.94656
1667,2025-09-07 11:00:00+05:30,4.8633323,177.87895,6.482499,178.40889
1668,2025-09-07 12:00:00+05:30,4.5572357,99.090195,5.8631387,107.87879
1669,2025-09-07 13:00:00+05:30,4.072935,44.999897,4.8965297,53.972538
1670,2025-09-07 14:00:00+05:30,5.5829024,1.8475709,6.6697226,3.0939984
1671,2025-09-07 15:00:00+05:30,6.8138976,12.200457,8.513448,13.448633
1672,2025-09-07 16:00:00+05:30,3.244996,356.82022,4.14,360.0
1673,2025-09-07 17:00:00+05:30,0.17999999,180.0,0.17999999,180.0
1674,2025-09-07 18:00:00+05:30,3.9477081,65.77226,8.297589,77.4712
1675,2025-09-07 19:00:00+05:30,6.6185193,112.38018,14.571108,117.198044
1676,2025-09-07 20:00:00+05:30,7.7588143,93.99084,16.712881,112.14523
1677,2025-09-07 21:00:00+05:30,11.074023,45.658466,15.955151,66.03751
1678,2025-09-07 22:00:00+05:30,5.3999996,53.13002,11.566313,69.026436
1679,2025-09-07 23:00:00+05:30,12.738099,47.290634,20.793701,48.86084
1680,2025-09-08 00:00:00+05:30,8.149847,30.529623,13.115319,43.331707
1681,2025-09-08 01:00:00+05:30,4.353619,352.87506,5.9427266,1.7356651
1682,2025-09-08 02:00:00+05:30,7.995323,58.81509,12.632101,57.215733
1683,2025-09-08 03:00:00+05:30,8.805294,49.144714,15.236338,51.234467
1684,2025-09-08 04:00:00+05:30,7.889259,62.850407,13.462749,60.350227
1685,2025-09-08 05:00:00+05:30,8.669949,85.23644,15.905319,84.805664
1686,2025-09-08 06:00:00+05:30,6.849467,86.98728,10.9859,91.87784
1687,2025-09-08 07:00:00+05:30,5.0911684,98.13002,7.1321807,100.17545
1688,2025-09-08 08:00:00+05:30,5.232399,93.945114,6.7469993,99.21095
1689,2025-09-08 09:00:00+05:30,4.3349743,94.76356,5.4477882,97.59455
1690,2025-09-08 10:00:00+05:30,4.186693,115.46331,5.154415,114.775116
1691,2025-09-08 11:00:00+05:30,3.644722,110.22495,4.278551,112.24908
1692,2025-09-08 12:00:00+05:30,2.8001428,135.0001,3.319036,139.39879
1693,2025-09-08 13:00:00+05:30,3.604497,177.13765,4.3349743,175.23645
1694,2025-09-08 14:00:00+05:30,5.2323985,206.56499,6.361415,205.1148
1695,2025-09-08 15:00:00+05:30,5.7431,237.80429,7.289445,237.09476
1696,2025-09-08 16:00:00+05:30,5.994297,221.34767,9.059205,220.97165
1697,2025-09-08 17:00:00+05:30,2.9522195,217.56866,7.8149853,218.45374
1698,2025-09-08 18:00:00+05:30,4.186693,334.53668,6.4096174,321.8427
1699,2025-09-08 19:00:00+05:30,4.6800003,337.3801,11.276968,331.38962
1700,2025-09-08 20:00:00+05:30,2.1897945,9.462248,7.689603,343.68607
1701,2025-09-08 21:00:00+05:30,3.438895,6.0089183,8.37532,351.34753
1702,2025-09-08 22:00:00+05:30,3.3481934,53.74608,6.6818557,27.255245
1703,2025-09-08 23:00:00+05:30,3.462369,98.97255,6.519877,83.659904
1704,2025-09-09 00:00:00+05:30,2.7534704,78.6901,7.562142,91.3639
1705,2025-09-09 01:00:00+05:30,2.5772076,24.775122,5.3426957,57.380775
1706,2025-09-09 02:00:00+05:30,7.282774,50.013176,12.830604,55.86401
1707,2025-09-09 03:00:00+05:30,3.4152596,108.43504,7.5942073,95.44024
1708,2025-09-09 04:00:00+05:30,8.731392,98.297066,15.328561,99.46225
1709,2025-09-09 05:00:00+05:30,5.3305535,101.68935,10.829959,105.42222
1710,2025-09-09 06:00:00+05:30,11.897714,17.61267,19.59356,23.26774
1711,2025-09-09 07:00:00+05:30,9.313152,41.081665,13.110376,45.55619
1712,2025-09-09 08:00:00+05:30,9.636307,57.200474,13.229693,56.09368
1713,2025-09-09 09:00:00+05:30,9.102021,65.46229,11.7,67.3801
1714,2025-09-09 10:00:00+05:30,5.5916004,86.308685,7.0223074,88.531235
1715,2025-09-09 11:00:00+05:30,2.34,90.0,2.9024127,97.12492
1716,2025-09-09 12:00:00+05:30,2.8460495,145.30478,3.7971041,148.57048
1717,2025-09-09 13:00:00+05:30,4.6938252,175.60138,5.771239,176.42374
1718,2025-09-09 14:00:00+05:30,5.0432134,214.82455,6.2405767,213.23172
1719,2025-09-09 15:00:00+05:30,8.043805,220.46214,10.571074,222.92996
1720,2025-09-09 16:00:00+05:30,5.9427266,268.26434,7.6367526,261.87
1721,2025-09-09 17:00:00+05:30,4.913044,261.57312,8.707238,262.8751
1722,2025-09-09 18:00:00+05:30,4.613762,339.44388,9.387651,302.47116
1723,2025-09-09 19:00:00+05:30,2.5264204,355.91446,6.5520988,290.92456
1724,2025-09-09 20:00:00+05:30,1.9881649,5.19435,6.1437774,301.8274
1725,2025-09-09 21:00:00+05:30,1.2074767,153.43501,4.514377,246.50142
1726,2025-09-09 22:00:00+05:30,1.26,180.0,5.4656014,252.75845
1727,2025-09-09 23:00:00+05:30,2.0523157,195.25517,7.0843205,242.78397
1728,2025-09-10 00:00:00+05:30,4.6938252,94.39862,2.9522195,127.568665
1729,2025-09-10 01:00:00+05:30,8.43699,78.92985,12.9249525,77.125
1730,2025-09-10 02:00:00+05:30,8.78872,124.992096,13.878689,123.89621
1731,2025-09-10 03:00:00+05:30,4.991553,115.64096,9.080639,129.3693
1732,2025-09-10 04:00:00+05:30,3.381893,115.20109,5.0911684,135.0001
1733,2025-09-10 05:00:00+05:30,5.004518,142.3057,5.6835546,190.95403
1734,2025-09-10 06:00:00+05:30,1.8532133,209.0545,4.5536795,251.56496
1735,2025-09-10 07:00:00+05:30,2.5772078,12.094739,2.7238941,352.40543
1736,2025-09-10 08:00:00+05:30,2.657668,331.69934,3.2048087,321.8427
1737,2025-09-10 09:00:00+05:30,2.0523157,322.12494,2.2910259,315.0001
1738,2025-09-10 10:00:00+05:30,3.7842832,334.65387,4.6800003,337.3801
1739,2025-09-10 11:00:00+05:30,2.50064,300.25635,3.06,298.0724
1740,2025-09-10 12:00:00+05:30,5.2478566,210.96368,6.544677,211.50421
1741,2025-09-10 13:00:00+05:30,6.6624317,218.41809,8.461915,218.08882
1742,2025-09-10 14:00:00+05:30,6.2405767,213.23172,8.037761,214.04597
1743,2025-09-10 15:00:00+05:30,5.315336,208.30066,6.5223618,207.97939
1744,2025-09-10 16:00:00+05:30,4.991553,205.64096,6.6185193,202.38017
1745,2025-09-10 17:00:00+05:30,4.978554,220.60121,9.92778,224.9999
1746,2025-09-10 18:00:00+05:30,0.6489992,213.6901,5.0142193,248.96242
1747,2025-09-10 19:00:00+05:30,6.76618,118.61037,10.948973,133.66785
1748,2025-09-10 20:00:00+05:30,7.6409945,133.09087,13.184308,141.09586
1749,2025-09-10 21:00:00+05:30,4.32,180.0,10.096059,191.30989
1750,2025-09-10 22:00:00+05:30,3.219938,116.56499,6.9247384,152.10283
1751,2025-09-10 23:00:00+05:30,4.1046314,105.25517,5.257109,141.95291
1752,2025-09-11 00:00:00+05:30,3.8521678,142.59457,6.9527545,158.74942
1753,2025-09-11 01:00:00+05:30,6.1120534,76.37299,8.37532,98.65246
1754,2025-09-11 02:00:00+05:30,5.154415,65.22488,7.4346757,83.047134
1755,2025-09-11 03:00:00+05:30,7.289444,69.775055,11.656998,76.60749
1756,2025-09-11 04:00:00+05:30,6.725354,74.47583,12.193588,81.51115
1757,2025-09-11 05:00:00+05:30,4.353619,97.12492,9.144637,100.20392
1758,2025-09-11 06:00:00+05:30,5.0688457,96.11541,7.771331,103.39252
1759,2025-09-11 07:00:00+05:30,5.5450516,76.865974,7.5942073,84.55976
1760,2025-09-11 08:00:00+05:30,4.7928696,55.713078,6.854195,60.068577
1761,2025-09-11 09:00:00+05:30,5.0816135,67.06787,6.5520988,69.075424
1762,2025-09-11 10:00:00+05:30,4.8466477,74.931465,6.1120534,76.37299
1763,2025-09-11 11:00:00+05:30,2.7943513,165.06853,3.644722,159.77505
1764,2025-09-11 12:00:00+05:30,8.287822,214.3804,10.383987,213.6901
1765,2025-09-11 13:00:00+05:30,6.248359,221.49637,7.7900705,220.31403
1766,2025-09-11 14:00:00+05:30,4.471107,220.10085,5.6233797,219.80553
1767,2025-09-11 15:00:00+05:30,7.6388745,214.43904,9.437563,214.90257
1768,2025-09-11 16:00:00+05:30,4.452954,255.96373,5.5829024,249.22766
1769,2025-09-11 17:00:00+05:30,5.7599998,270.0,10.51576,263.11838
1770,2025-09-11 18:00:00+05:30,5.5450516,346.86597,8.171683,352.40543
1771,2025-09-11 19:00:00+05:30,4.5,16.26028,8.996398,19.885265
1772,2025-09-11 20:00:00+05:30,3.644722,20.224945,8.643749,31.372961
1773,2025-09-11 21:00:00+05:30,6.9247384,27.897186,13.644427,30.963696
1774,2025-09-11 22:00:00+05:30,6.889557,56.725105,13.83192,55.06899
1775,2025-09-11 23:00:00+05:30,8.93859,115.01686,15.244842,112.93214
1776,2025-09-12 00:00:00+05:30,5.994297,131.34769,10.825469,132.97864
1777,2025-09-12 01:00:00+05:30,5.5887027,104.93147,10.304114,117.01259
1778,2025-09-12 02:00:00+05:30,4.143911,92.4895,8.596766,109.57322
1779,2025-09-12 03:00:00+05:30,7.970972,83.51703,13.363711,94.635376
1780,2025-09-12 04:00:00+05:30,6.6794305,75.96373,11.712455,87.35751
1781,2025-09-12 05:00:00+05:30,7.2022495,91.43207,12.632101,94.08554
1782,2025-09-12 06:00:00+05:30,1.8532133,209.0545,2.8174455,206.56499
1783,2025-09-12 07:00:00+05:30,0.9,360.0,0.9178235,11.3098955
1784,2025-09-12 08:00:00+05:30,3.096837,305.53775,3.550155,300.46545
1785,2025-09-12 09:00:00+05:30,3.143565,336.3706,3.710795,337.1663
1786,2025-09-12 10:00:00+05:30,2.4482646,342.8972,2.8460498,341.56494
1787,2025-09-12 11:00:00+05:30,1.5379207,69.44387,1.8792552,73.300674
1788,2025-09-12 12:00:00+05:30,5.068846,163.49556,5.8631387,162.12122
1789,2025-09-12 13:00:00+05:30,1.8,270.0,2.1068459,250.0168
1790,2025-09-12 14:00:00+05:30,2.7475805,301.60745,3.06,298.0724
1791,2025-09-12 15:00:00+05:30,1.8089776,354.2895,1.8089776,354.2895
1792,2025-09-12 16:00:00+05:30,1.9386592,338.19852,1.8532133,330.9455
1793,2025-09-12 17:00:00+05:30,2.7238941,172.40544,6.6624317,178.45187
1794,2025-09-12 18:00:00+05:30,6.198903,115.820946,11.734564,122.471176
1795,2025-09-12 19:00:00+05:30,7.9138603,162.80138,15.955151,156.0375
1796,2025-09-12 20:00:00+05:30,5.3939967,154.2901,13.379461,146.5237
1797,2025-09-12 21:00:00+05:30,6.0347,197.35411,12.466867,175.03035
1798,2025-09-12 22:00:00+05:30,3.096837,35.537766,4.5891175,115.55992
1799,2025-09-12 23:00:00+05:30,5.6002855,135.0001,9.585739,145.71307
1800,2025-09-13 00:00:00+05:30,5.9427266,35.134277,6.854195,60.068577
1801,2025-09-13 01:00:00+05:30,6.9480934,53.426876,10.829958,68.5522
1802,2025-09-13 02:00:00+05:30,7.8480825,53.392834,12.632101,57.215733
1803,2025-09-13 03:00:00+05:30,6.6624317,38.418083,11.466438,42.455162
1804,2025-09-13 04:00:00+05:30,6.1437774,58.1726,11.019764,51.632477
1805,2025-09-13 05:00:00+05:30,4.8633323,92.12105,8.139901,71.96563
1806,2025-09-13 06:00:00+05:30,2.4014995,12.99463,3.3043609,60.64234
1807,2025-09-13 07:00:00+05:30,4.514377,113.49858,6.12,118.072395
1808,2025-09-13 08:00:00+05:30,7.1321807,132.95459,9.54679,134.23619
1809,2025-09-13 09:00:00+05:30,4.3349743,131.63345,5.4744864,133.66785
1810,2025-09-13 10:00:00+05:30,4.942631,169.50858,6.2145634,169.99208
1811,2025-09-13 11:00:00+05:30,5.0911684,188.13002,6.341009,186.5197
1812,2025-09-13 12:00:00+05:30,8.647496,177.6141,10.441552,179.01227
1813,2025-09-13 13:00:00+05:30,6.623413,222.79738,8.748075,216.6342
1814,2025-09-13 14:00:00+05:30,2.5772076,204.77512,3.644722,200.22495
1815,2025-09-13 15:00:00+05:30,3.0758414,249.44386,3.7971041,238.57048
1816,2025-09-13 16:00:00+05:30,1.98,180.0,2.7534704,168.69011
1817,2025-09-13 17:00:00+05:30,0.9693296,248.19853,3.143565,193.24052
1818,2025-09-13 18:00:00+05:30,3.9966488,277.76508,5.7964473,244.23071
1819,2025-09-13 19:00:00+05:30,3.7971036,354.55975,4.353619,352.87506
1820,2025-09-13 20:00:00+05:30,9.9587345,6.2257357,17.438646,11.3098955
1821,2025-09-13 21:00:00+05:30,5.950899,93.46816,10.3480425,76.93068
1822,2025-09-13 22:00:00+05:30,9.109138,52.22426,15.176678,56.121426
1823,2025-09-13 23:00:00+05:30,7.1208143,73.85559,11.966953,83.08887
1824,2025-09-14 00:00:00+05:30,7.6473517,63.435013,13.009903,75.57919
1825,2025-09-14 01:00:00+05:30,6.804381,52.523746,11.157097,72.1496
1826,2025-09-14 02:00:00+05:30,8.797931,59.23736,14.986553,65.897766
1827,2025-09-14 03:00:00+05:30,7.289444,69.775055,14.369594,77.70475
1828,2025-09-14 04:00:00+05:30,8.049845,79.69521,13.184308,85.30141
1829,2025-09-14 05:00:00+05:30,8.82,90.0,13.339445,93.093994
1830,2025-09-14 06:00:00+05:30,7.3997297,85.81516,11.749741,95.27381
1831,2025-09-14 07:00:00+05:30,6.9480934,73.442856,10.239453,79.87539
1832,2025-09-14 08:00:00+05:30,6.452441,59.8587,9.504273,65.37646
1833,2025-09-14 09:00:00+05:30,8.536252,42.436188,12.984975,43.876797
1834,2025-09-14 10:00:00+05:30,8.863972,60.832493,13.690653,61.750362
1835,2025-09-14 11:00:00+05:30,11.063778,68.025444,15.443328,68.81858
1836,2025-09-14 12:00:00+05:30,9.83268,66.2505,13.971756,68.06147
1837,2025-09-14 13:00:00+05:30,9.028754,85.42616,11.901798,86.531845
1838,2025-09-14 14:00:00+05:30,8.049845,79.69521,10.538843,82.14678
1839,2025-09-14 15:00:00+05:30,5.9834766,96.91113,8.049845,100.30479
1840,2025-09-14 16:00:00+05:30,3.745557,125.21768,5.293959,125.311295
1841,2025-09-14 17:00:00+05:30,2.4216523,131.98714,6.6405115,147.17146
1842,2025-09-14 18:00:00+05:30,4.3498964,155.55606,12.124307,161.83395
1843,2025-09-14 19:00:00+05:30,1.4058449,39.805527,7.0407386,147.52882
1844,2025-09-14 20:00:00+05:30,4.752136,52.695976,6.6818557,62.744755
1845,2025-09-14 21:00:00+05:30,5.6920996,18.435053,4.7928696,34.286938
1846,2025-09-14 22:00:00+05:30,6.0908127,71.0295,11.448055,73.55955
1847,2025-09-14 23:00:00+05:30,6.59154,55.0079,12.10157,67.24899
1848,2025-09-15 00:00:00+05:30,7.127636,44.999897,12.287555,58.1726
1849,2025-09-15 01:00:00+05:30,3.8141315,70.70986,7.3997297,94.18484
1850,2025-09-15 02:00:00+05:30,6.8919086,40.763515,10.30883,65.22488
1851,2025-09-15 03:00:00+05:30,7.1684303,51.115498,11.726277,72.12121
1852,2025-09-15 04:00:00+05:30,6.849467,86.98728,11.901798,93.46816
1853,2025-09-15 05:00:00+05:30,7.2359104,95.7105,13.026081,101.154625
1854,2025-09-15 06:00:00+05:30,8.43699,123.690094,15.277749,124.43905
1855,2025-09-15 07:00:00+05:30,7.329338,114.67685,10.070353,118.85556
1856,2025-09-15 08:00:00+05:30,8.131936,117.69938,10.874742,118.68605
1857,2025-09-15 09:00:00+05:30,6.945761,121.218346,8.891343,121.75944
1858,2025-09-15 10:00:00+05:30,4.39436,124.992096,5.5450516,125.753975
1859,2025-09-15 11:00:00+05:30,3.9518096,120.0685,4.846648,121.328636
1860,2025-09-15 12:00:00+05:30,13.281023,147.17146,17.174677,146.97614
1861,2025-09-15 13:00:00+05:30,5.00128,149.74365,6.391901,147.65259
1862,2025-09-15 14:00:00+05:30,5.692099,124.69522,7.2403865,124.875404
1863,2025-09-15 15:00:00+05:30,5.991594,122.73522,8.0899935,122.27562
1864,2025-09-15 16:00:00+05:30,7.69592,100.784256,10.484902,101.88863
1865,2025-09-15 17:00:00+05:30,6.2483597,78.366394,13.159711,86.86371
1866,2025-09-15 18:00:00+05:30,9.741642,106.09089,17.533146,109.17911
1867,2025-09-15 19:00:00+05:30,8.490582,94.864426,16.93531,92.4366
1868,2025-09-15 20:00:00+05:30,9.505977,71.22187,17.437717,82.2882
1869,2025-09-15 21:00:00+05:30,14.230248,55.304783,24.004873,61.32107
1870,2025-09-15 22:00:00+05:30,10.99769,68.89509,20.212965,76.08748
1871,2025-09-15 23:00:00+05:30,11.844492,73.21728,21.396542,79.824554
1872,2025-09-16 00:00:00+05:30,10.6261,88.058556,19.263363,91.07081
1873,2025-09-16 01:00:00+05:30,10.441552,89.01226,18.014393,92.29056
1874,2025-09-16 02:00:00+05:30,8.163749,75.96373,15.531195,85.34674
1875,2025-09-16 03:00:00+05:30,11.003581,93.751656,19.401628,96.927124
1876,2025-09-16 04:00:00+05:30,10.449306,100.92277,18.33616,103.627014
1877,2025-09-16 05:00:00+05:30,10.360559,82.010765,18.057508,85.42616
1878,2025-09-16 06:00:00+05:30,10.385547,64.32324,17.288435,75.52967
1879,2025-09-16 07:00:00+05:30,12.007498,77.00539,20.568888,81.44453
1880,2025-09-16 08:00:00+05:30,13.084402,82.09293,19.14865,85.146996
1881,2025-09-16 09:00:00+05:30,10.440001,90.0,14.584445,91.41439
1882,2025-09-16 10:00:00+05:30,12.221456,99.32352,16.309628,100.81383
1883,2025-09-16 11:00:00+05:30,10.644379,93.87845,15.048042,96.8699
1884,2025-09-16 12:00:00+05:30,8.93859,115.01686,12.007498,113.87529
1885,2025-09-16 13:00:00+05:30,5.6492476,112.47948,9.511088,119.4758
1886,2025-09-16 14:00:00+05:30,5.6492476,67.52052,7.9465466,76.908104
1887,2025-09-16 15:00:00+05:30,9.885262,56.88865,13.306615,59.96681
1888,2025-09-16 16:00:00+05:30,8.538149,71.564964,13.207634,72.55273
1889,2025-09-16 17:00:00+05:30,6.6794305,75.96373,14.027302,81.14212
1890,2025-09-16 18:00:00+05:30,7.5599995,90.0,15.385525,96.044
1891,2025-09-16 19:00:00+05:30,8.260411,78.6901,16.928614,88.17207
1892,2025-09-16 20:00:00+05:30,8.019601,80.960594,17.146357,85.785904
1893,2025-09-16 21:00:00+05:30,7.814986,82.056625,16.755476,92.46276
1894,2025-09-16 22:00:00+05:30,6.439876,63.435013,13.775586,83.24652
1895,2025-09-16 23:00:00+05:30,8.163749,75.96373,15.122143,98.901634
1896,2025-09-17 00:00:00+05:30,7.7400002,90.0,14.934577,105.376305
1897,2025-09-17 01:00:00+05:30,5.5829024,69.22767,10.674773,95.80663
1898,2025-09-17 02:00:00+05:30,6.854195,60.068577,10.041354,75.46551
1899,2025-09-17 03:00:00+05:30,7.0568266,84.14409,10.805999,91.90912
1900,2025-09-17 04:00:00+05:30,6.4624763,77.125,10.805999,91.90912
1901,2025-09-17 05:00:00+05:30,8.936778,62.402794,14.917212,70.253075
1902,2025-09-17 06:00:00+05:30,6.6818557,85.364624,9.208192,94.48453
1903,2025-09-17 07:00:00+05:30,7.2359104,84.2895,10.805999,88.09089
1904,2025-09-17 08:00:00+05:30,9.708326,100.68486,12.886039,102.09474
1905,2025-09-17 09:00:00+05:30,10.390226,104.03627,13.797913,105.12406
1906,2025-09-17 10:00:00+05:30,7.5685663,92.72626,9.779817,96.340096
1907,2025-09-17 11:00:00+05:30,8.467655,87.56341,10.440001,90.0
1908,2025-09-17 12:00:00+05:30,9.734988,86.82024,12.245294,88.31535
1909,2025-09-17 13:00:00+05:30,8.891344,111.3707,11.298495,112.47948
1910,2025-09-17 14:00:00+05:30,6.2613096,108.43504,7.689603,110.55613
1911,2025-09-17 15:00:00+05:30,8.260411,101.3099,10.5234585,102.8477
1912,2025-09-17 16:00:00+05:30,8.311245,94.96966,12.371645,98.3658
1913,2025-09-17 17:00:00+05:30,3.3481934,126.25393,10.094454,129.93633
1914,2025-09-17 18:00:00+05:30,12.387348,144.46223,22.248028,143.22272
1915,2025-09-17 19:00:00+05:30,5.2939587,107.818985,11.638917,129.35173
1916,2025-09-17 20:00:00+05:30,5.0142193,68.96242,10.993271,92.8155
1917,2025-09-17 21:00:00+05:30,6.725354,74.47583,13.5012,90.763885
1918,2025-09-17 22:00:00+05:30,5.2478566,59.03632,11.755254,78.51804
1919,2025-09-17 23:00:00+05:30,3.2048087,51.842735,7.8625183,74.054535
1920,2025-09-18 00:00:00+05:30,8.61371,63.970474,13.8037815,77.95744
1921,2025-09-18 01:00:00+05:30,6.0721655,101.97612,11.503113,110.13639
1922,2025-09-18 02:00:00+05:30,5.6492476,112.47948,10.304115,109.38461
1923,2025-09-18 03:00:00+05:30,6.544677,121.50421,11.207801,119.858925
1924,2025-09-18 04:00:00+05:30,5.815978,68.19853,9.746631,85.76369
1925,2025-09-18 05:00:00+05:30,6.330782,104.82652,11.132385,104.03627
1926,2025-09-18 06:00:00+05:30,6.0347,162.64589,9.109138,142.22426
1927,2025-09-18 07:00:00+05:30,5.4149795,164.57777,12.011544,160.75038
1928,2025-09-18 08:00:00+05:30,8.287822,124.3804,12.241323,126.027466
1929,2025-09-18 09:00:00+05:30,6.193674,125.537766,8.181589,129.64413
1930,2025-09-18 10:00:00+05:30,5.8104043,106.18928,7.570707,108.00426
1931,2025-09-18 11:00:00+05:30,4.542994,123.6901,5.991594,122.73522
1932,2025-09-18 12:00:00+05:30,6.76618,118.61037,8.461914,119.29127
1933,2025-09-18 13:00:00+05:30,6.248359,138.50363,7.9077177,138.69148
1934,2025-09-18 14:00:00+05:30,4.599695,149.42085,5.896202,148.73633
1935,2025-09-18 15:00:00+05:30,3.143565,156.3706,4.186693,154.5367
1936,2025-09-18 16:00:00+05:30,3.0811036,173.29025,4.353619,172.87508
1937,2025-09-18 17:00:00+05:30,0.40249225,116.56499,3.143565,166.75948
1938,2025-09-18 18:00:00+05:30,3.6,90.0,7.2359104,95.7105
1939,2025-09-18 19:00:00+05:30,4.68,90.0,9.0018,88.85426
1940,2025-09-18 20:00:00+05:30,4.5572357,99.090195,10.920824,98.530685
1941,2025-09-18 21:00:00+05:30,4.5572357,99.090195,11.440978,102.72436
1942,2025-09-18 22:00:00+05:30,4.896529,107.10281,12.904882,112.98875
1943,2025-09-18 23:00:00+05:30,6.5049515,104.420815,15.275627,111.42536
1944,2025-09-19 00:00:00+05:30,4.863332,51.009003,11.276968,81.740654
1945,2025-09-19 01:00:00+05:30,3.9518096,30.068504,8.707237,60.255207
1946,2025-09-19 02:00:00+05:30,3.8647635,62.24156,9.12513,67.98867
1947,2025-09-19 03:00:00+05:30,7.689603,106.31393,13.499999,106.26028
1948,2025-09-19 04:00:00+05:30,5.9834766,111.16133,10.873251,109.3349
1949,2025-09-19 05:00:00+05:30,4.8733153,94.23632,11.013882,101.3099
1950,2025-09-19 06:00:00+05:30,6.519877,83.659904,10.441552,90.98774
1951,2025-09-19 07:00:00+05:30,8.641874,88.80654,11.525623,91.78987
1952,2025-09-19 08:00:00+05:30,7.3997297,94.18484,9.582359,95.38922
1953,2025-09-19 09:00:00+05:30,7.9077177,101.821465,9.9977,103.53587
1954,2025-09-19 10:00:00+05:30,7.293888,105.75124,9.05205,107.35411
1955,2025-09-19 11:00:00+05:30,7.0407386,122.471176,8.53815,124.69522
1956,2025-09-19 12:00:00+05:30,4.724786,107.74477,5.815978,111.801476
1957,2025-09-19 13:00:00+05:30,3.3481934,143.74608,4.293669,146.97614
1958,2025-09-19 14:00:00+05:30,3.8141315,160.70985,4.6730714,164.3577
1959,2025-09-19 15:00:00+05:30,4.724786,130.36446,5.6002855,135.0001
1960,2025-09-19 16:00:00+05:30,1.7727944,156.0375,2.7416782,156.80138
1961,2025-09-19 17:00:00+05:30,9.5416975,271.0809,14.417988,272.86234
1962,2025-09-19 18:00:00+05:30,1.9134263,221.18582,6.4924874,226.12321
1963,2025-09-19 19:00:00+05:30,0.5091169,44.999897,1.8,306.86996
1964,2025-09-19 20:00:00+05:30,2.9301877,132.5104,4.5,163.73972
1965,2025-09-19 21:00:00+05:30,3.396233,147.99466,6.391901,170.27249
1966,2025-09-19 22:00:00+05:30,3.62243,153.43501,7.458606,160.25307
1967,2025-09-19 23:00:00+05:30,2.0124612,153.43501,5.8104043,163.81073
1968,2025-09-20 00:00:00+05:30,1.0495713,120.96369,4.278551,165.37909
1969,2025-09-20 01:00:00+05:30,1.26,360.0,1.9469976,303.6901
1970,2025-09-20 02:00:00+05:30,2.9522195,37.568665,4.445672,21.370695
1971,2025-09-20 03:00:00+05:30,3.693291,43.02507,7.3094187,37.99879
1972,2025-09-20 04:00:00+05:30,3.745557,54.782326,5.692099,55.304783
1973,2025-09-20 05:00:00+05:30,3.494968,55.491425,3.3092597,67.61982
1974,2025-09-20 06:00:00+05:30,3.6447225,122.90524,3.9518096,120.0685
1975,2025-09-20 07:00:00+05:30,3.5864744,72.47434,4.1556225,72.34979
1976,2025-09-20 08:00:00+05:30,3.9518096,59.93151,4.846648,58.671368
1977,2025-09-20 09:00:00+05:30,3.438895,83.99109,4.3349743,85.23644
1978,2025-09-20 10:00:00+05:30,4.0249224,116.56499,4.669604,117.552734
1979,2025-09-20 11:00:00+05:30,3.7064266,150.9455,4.669604,152.44728
1980,2025-09-20 12:00:00+05:30,4.175069,172.56868,5.0688457,173.8846
1981,2025-09-20 13:00:00+05:30,4.379589,189.46225,5.297018,189.78233
1982,2025-09-20 14:00:00+05:30,4.4565907,226.63654,5.4744864,226.33215
1983,2025-09-20 15:00:00+05:30,4.6452556,234.46223,5.7628117,231.34016
1984,2025-09-20 16:00:00+05:30,10.644379,273.87845,14.941085,270.69025
1985,2025-09-20 17:00:00+05:30,5.920878,289.53674,10.495713,292.16638
1986,2025-09-20 18:00:00+05:30,2.50064,149.74365,5.634891,153.43501
1987,2025-09-20 19:00:00+05:30,1.6981165,122.00535,4.5891175,154.44008
1988,2025-09-20 20:00:00+05:30,1.5484185,35.537766,2.3051248,38.65983
1989,2025-09-20 21:00:00+05:30,1.1384199,341.56494,2.7238941,352.40543
1990,2025-09-20 22:00:00+05:30,1.2727921,351.87,3.4199998,360.0
1991,2025-09-20 23:00:00+05:30,1.6299692,96.340096,3.4247334,86.98728
1992,2025-09-21 00:00:00+05:30,0.6489992,123.690094,1.8089776,84.2895
1993,2025-09-21 01:00:00+05:30,0.25455844,315.0001,1.2727921,8.130019
1994,2025-09-21 02:00:00+05:30,1.0495713,329.03632,1.8532133,330.9455
1995,2025-09-21 03:00:00+05:30,1.8089776,5.7105074,2.5455842,8.130019
1996,2025-09-21 04:00:00+05:30,1.3708391,23.198618,2.0124612,26.564985
1997,2025-09-21 05:00:00+05:30,0.8049845,63.435013,1.609969,63.435013
1998,2025-09-21 06:00:00+05:30,5.634891,206.56499,8.694204,207.09547
1999,2025-09-21 07:00:00+05:30,4.965521,223.53127,6.6624317,218.41809
2000,2025-09-21 08:00:00+05:30,4.198285,239.0363,5.441838,235.78424
2001,2025-09-21 09:00:00+05:30,2.4014995,192.99461,2.9024127,187.12492
2002,2025-09-21 10:00:00+05:30,3.143565,156.3706,3.7842832,154.65387
2003,2025-09-21 11:00:00+05:30,2.907989,158.19853,3.4763772,158.74942
2004,2025-09-21 12:00:00+05:30,3.143565,203.6294,3.710795,202.8337
2005,2025-09-21 13:00:00+05:30,3.3092594,224.9999,3.9640884,219.47243
2006,2025-09-21 14:00:00+05:30,2.5264204,274.08554,3.06,270.0
2007,2025-09-21 15:00:00+05:30,1.1384199,18.435053,1.4399999,360.0
2008,2025-09-21 16:00:00+05:30,4.2671766,27.645891,5.072041,27.474344
2009,2025-09-21 17:00:00+05:30,2.8460495,55.304783,3.7842832,64.65388
2010,2025-09-21 18:00:00+05:30,2.6758924,132.27362,6.3690495,137.29063
2011,2025-09-21 19:00:00+05:30,2.1897945,99.46225,5.6060677,132.39738
2012,2025-09-21 20:00:00+05:30,3.1845248,312.70938,3.644722,290.22495
2013,2025-09-21 21:00:00+05:30,3.244996,340.55988,6.9480934,323.42688
2014,2025-09-21 22:00:00+05:30,4.327493,16.927603,10.920824,8.530679
2015,2025-09-21 23:00:00+05:30,3.438895,6.0089183,8.731392,8.297059
2016,2025-09-22 00:00:00+05:30,3.3092597,22.380184,7.989242,22.520613
2017,2025-09-22 01:00:00+05:30,1.8089776,5.7105074,4.896529,17.102825
2018,2025-09-22 02:00:00+05:30,2.0124612,349.69522,4.175069,352.5687
2019,2025-09-22 03:00:00+05:30,1.8532133,60.94549,4.6102495,38.65983
2020,2025-09-22 04:00:00+05:30,2.4149535,63.435013,5.7628117,51.34017
2021,2025-09-22 05:00:00+05:30,3.148714,120.963684,7.6388745,124.43905
2022,2025-09-22 06:00:00+05:30,3.8183763,81.86999,6.8138976,77.79955
2023,2025-09-22 07:00:00+05:30,2.4149535,63.435013,4.73506,81.25392
2024,2025-09-22 08:00:00+05:30,4.412754,78.231735,5.6262593,82.64771
2025,2025-09-22 09:00:00+05:30,4.829907,63.435013,5.8852015,66.5713
2026,2025-09-22 10:00:00+05:30,5.5567255,65.09527,6.8541956,66.80139
2027,2025-09-22 11:00:00+05:30,4.542994,56.3099,5.5916004,56.82148
2028,2025-09-22 12:00:00+05:30,1.781909,44.999897,2.0523157,52.124958
2029,2025-09-22 13:00:00+05:30,3.219938,116.56499,4.1125174,113.198616
2030,2025-09-22 14:00:00+05:30,3.671294,191.30989,4.514377,184.57384
2031,2025-09-22 15:00:00+05:30,6.7397914,124.11452,8.6867485,124.019394
2032,2025-09-22 16:00:00+05:30,5.3517847,109.653915,7.754637,111.801476
2033,2025-09-22 17:00:00+05:30,4.4456716,121.75944,10.8792095,128.95592
2034,2025-09-22 18:00:00+05:30,10.223619,116.11385,15.717823,119.50063
2035,2025-09-22 19:00:00+05:30,0.9693296,291.80148,5.3517847,199.65392
2036,2025-09-22 20:00:00+05:30,8.649369,77.98855,13.605189,72.28412
2037,2025-09-22 21:00:00+05:30,9.220499,51.34017,15.528064,55.388794
2038,2025-09-22 22:00:00+05:30,8.461915,66.161255,16.68669,66.476776
2039,2025-09-22 23:00:00+05:30,6.2145634,79.99209,14.241629,73.85559
2040,2025-09-23 00:00:00+05:30,4.802999,77.00539,11.788281,82.9836
2041,2025-09-23 01:00:00+05:30,5.369916,50.440376,11.996699,62.281586
2042,2025-09-23 02:00:00+05:30,4.445672,68.62931,11.39842,74.4274
2043,2025-09-23 03:00:00+05:30,5.634891,63.435013,12.758432,73.61038
2044,2025-09-23 04:00:00+05:30,4.752136,52.695976,11.866355,67.71436
2045,2025-09-23 05:00:00+05:30,6.3639607,81.86999,14.589996,87.87895
2046,2025-09-23 06:00:00+05:30,8.836514,93.50346,18.903427,103.77162
2047,2025-09-23 07:00:00+05:30,7.814986,82.056625,12.24,90.0
2048,2025-09-23 08:00:00+05:30,11.481968,103.60056,15.410774,104.198586
2049,2025-09-23 09:00:00+05:30,11.672275,107.03786,15.484185,107.592514
2050,2025-09-23 10:00:00+05:30,10.548061,115.25313,13.854155,114.56716
2051,2025-09-23 11:00:00+05:30,9.354806,120.01828,11.7,120.51016
2052,2025-09-23 12:00:00+05:30,7.748368,120.73541,9.54,121.890755
2053,2025-09-23 13:00:00+05:30,6.76618,118.61037,8.217153,118.8107
2054,2025-09-23 14:00:00+05:30,5.48631,138.99101,6.8919086,139.23648
2055,2025-09-23 15:00:00+05:30,4.4456716,148.24057,5.5916004,146.82147
2056,2025-09-23 16:00:00+05:30,4.5572357,189.0902,6.5024605,184.76355
2057,2025-09-23 17:00:00+05:30,2.0364676,224.9999,5.6492476,210.65059
2058,2025-09-23 18:00:00+05:30,1.2979984,236.3099,6.9270773,204.56715
2059,2025-09-23 19:00:00+05:30,2.3469126,4.398633,2.3400002,337.3801
2060,2025-09-23 20:00:00+05:30,5.509882,51.632477,9.686609,48.01287
2061,2025-09-23 21:00:00+05:30,4.0449963,69.14546,7.570707,71.99575
2062,2025-09-23 22:00:00+05:30,4.060985,77.19574,7.8728137,79.46087
2063,2025-09-23 23:00:00+05:30,3.7585104,106.699326,8.936777,108.79998
2064,2025-09-24 00:00:00+05:30,4.080882,138.57643,10.564941,134.30981
2065,2025-09-24 01:00:00+05:30,3.6,143.13002,9.5416975,144.21094
2066,2025-09-24 02:00:00+05:30,3.745557,125.21768,9.473541,141.17017
2067,2025-09-24 03:00:00+05:30,3.1072817,79.99209,6.989936,124.50858
2068,2025-09-24 04:00:00+05:30,3.319036,49.398785,5.950899,86.531845
2069,2025-09-24 05:00:00+05:30,4.060985,77.19574,9.36173,91.101685
2070,2025-09-24 06:00:00+05:30,4.471107,40.10085,3.8268526,41.185837
2071,2025-09-24 07:00:00+05:30,3.9844694,71.564964,5.7628117,75.52967
2072,2025-09-24 08:00:00+05:30,5.6060677,95.52745,7.3094187,99.926186
2073,2025-09-24 09:00:00+05:30,10.819482,135.67395,14.128566,134.4839
2074,2025-09-24 10:00:00+05:30,10.009036,142.3057,13.248049,143.2857
2075,2025-09-24 11:00:00+05:30,7.519175,132.0891,9.686609,131.98714
2076,2025-09-24 12:00:00+05:30,4.8733153,94.23632,6.0077944,98.61557
2077,2025-09-24 13:00:00+05:30,6.379216,73.61038,7.771331,76.60749
2078,2025-09-24 14:00:00+05:30,7.186487,22.067963,9.178235,25.559923
2079,2025-09-24 15:00:00+05:30,7.922045,1.3019345,10.299397,5.013036
2080,2025-09-24 16:00:00+05:30,7.7983837,18.853252,10.9859,18.138186
2081,2025-09-24 17:00:00+05:30,2.9522195,52.431335,7.5105524,44.029083
2082,2025-09-24 18:00:00+05:30,9.0,53.13002,16.928614,54.958
2083,2025-09-24 19:00:00+05:30,9.901636,62.969223,19.888983,64.826515
2084,2025-09-24 20:00:00+05:30,6.5693827,80.53775,15.062033,75.46551
2085,2025-09-24 21:00:00+05:30,4.175069,97.43131,11.705537,91.76235
2086,2025-09-24 22:00:00+05:30,4.0449963,69.14546,10.538843,82.14678
2087,2025-09-24 23:00:00+05:30,3.6,90.0,10.182337,98.13002
2088,2025-09-25 00:00:00+05:30,3.9844694,71.564964,10.98,90.0
2089,2025-09-25 01:00:00+05:30,4.186693,64.5367,11.431063,82.763176
2090,2025-09-25 02:00:00+05:30,3.9477081,46.8476,10.075177,71.24126
2091,2025-09-25 03:00:00+05:30,5.1919937,56.309914,12.172312,66.467636
2092,2025-09-25 04:00:00+05:30,5.22,46.39711,12.535549,57.90745
2093,2025-09-25 05:00:00+05:30,4.599695,59.420856,11.995349,64.204025
2094,2025-09-25 06:00:00+05:30,7.0843205,62.783974,16.208998,60.018444
2095,2025-09-25 07:00:00+05:30,5.6521144,52.765083,9.7565975,60.124096
2096,2025-09-25 08:00:00+05:30,6.725354,74.47583,9.255571,76.50425
2097,2025-09-25 09:00:00+05:30,10.215693,75.71888,13.666967,77.06194
2098,2025-09-25 10:00:00+05:30,11.307095,76.18495,14.800554,76.63977
2099,2025-09-25 11:00:00+05:30,9.867218,75.2032,12.74954,76.944756
2100,2025-09-25 12:00:00+05:30,9.346143,74.3577,11.91948,75.124275
2101,2025-09-25 13:00:00+05:30,8.723967,68.19854,11.272657,70.40763
2102,2025-09-25 14:00:00+05:30,8.643749,58.627052,11.269782,63.435013
2103,2025-09-25 15:00:00+05:30,8.856658,52.431335,12.181624,55.840256
2104,2025-09-25 16:00:00+05:30,5.441838,55.78425,10.650465,59.53454
2105,2025-09-25 17:00:00+05:30,4.8433046,48.01287,11.681987,56.309914
2106,2025-09-25 18:00:00+05:30,6.1305785,49.76371,14.935662,49.398785
2107,2025-09-25 19:00:00+05:30,5.7402787,48.814175,13.379461,47.72637
2108,2025-09-25 20:00:00+05:30,5.1919937,56.309914,11.1090765,63.019848
2109,2025-09-25 21:00:00+05:30,4.198285,59.03632,9.266067,82.1848
2110,2025-09-25 22:00:00+05:30,3.563818,44.999897,7.458606,81.67444
2111,2025-09-25 23:00:00+05:30,4.6102495,38.65983,9.627896,69.19314
2112,2025-09-26 00:00:00+05:30,4.724786,40.364468,10.99769,68.89509
2113,2025-09-26 01:00:00+05:30,6.384293,40.425995,13.243156,58.90276
2114,2025-09-26 02:00:00+05:30,6.522361,50.59937,15.435983,58.348778
2115,2025-09-26 03:00:00+05:30,6.792466,57.99466,16.09969,63.435013
2116,2025-09-26 04:00:00+05:30,7.0107627,60.802605,17.065859,63.705273
2117,2025-09-26 05:00:00+05:30,6.206738,73.14152,16.165964,71.161476
2118,2025-09-26 06:00:00+05:30,8.709098,71.93944,17.298738,77.98855
2119,2025-09-26 07:00:00+05:30,8.187527,56.659275,15.379206,69.44387
2120,2025-09-26 08:00:00+05:30,9.585739,55.713078,13.374618,61.020393
2121,2025-09-26 09:00:00+05:30,13.207634,72.55273,17.950432,74.2913
2122,2025-09-26 10:00:00+05:30,14.297258,79.11452,18.998314,80.18076
2123,2025-09-26 11:00:00+05:30,13.644427,81.6562,18.129137,83.15732
2124,2025-09-26 12:00:00+05:30,12.632101,85.91447,16.764177,86.922615
2125,2025-09-26 13:00:00+05:30,12.287555,84.95764,16.23596,86.186005
2126,2025-09-26 14:00:00+05:30,12.061341,89.14493,16.380001,90.0
2127,2025-09-26 15:00:00+05:30,9.734988,86.82024,14.94,90.0
2128,2025-09-26 16:00:00+05:30,8.197414,81.15827,15.905319,84.805664
2129,2025-09-26 17:00:00+05:30,4.510787,151.38963,11.1090765,139.60017
2130,2025-09-26 18:00:00+05:30,7.256032,60.255207,14.861722,78.8262
2131,2025-09-26 19:00:00+05:30,9.139322,57.875034,19.026434,66.58787
2132,2025-09-26 20:00:00+05:30,8.707238,82.875084,19.267569,88.394035
2133,2025-09-26 21:00:00+05:30,15.021105,45.970932,24.464773,55.491425
2134,2025-09-26 22:00:00+05:30,10.086427,87.95464,20.719555,87.5105
2135,2025-09-26 23:00:00+05:30,9.255571,76.50425,18.844202,83.41815
2136,2025-09-27 00:00:00+05:30,9.567131,94.31595,20.316889,97.12492
2137,2025-09-27 01:00:00+05:30,8.707238,97.12492,18.861387,103.24053
2138,2025-09-27 02:00:00+05:30,7.823272,113.02553,17.986494,112.972755
2139,2025-09-27 03:00:00+05:30,8.65873,110.69553,19.401628,115.85181
2140,2025-09-27 04:00:00+05:30,8.338489,103.73629,18.65151,112.109505
2141,2025-09-27 05:00:00+05:30,8.723967,111.80147,19.263363,113.690704
2142,2025-09-27 06:00:00+05:30,7.613382,83.21112,13.4903965,121.35703
2143,2025-09-27 07:00:00+05:30,9.9408245,47.93576,12.88981,54.090195
2144,2025-09-27 08:00:00+05:30,12.204212,52.791996,15.881875,54.688713
2145,2025-09-27 09:00:00+05:30,11.844492,73.21728,15.676542,74.687126
2146,2025-09-27 10:00:00+05:30,11.159999,90.0,14.410121,92.147545
2147,2025-09-27 11:00:00+05:30,11.265469,102.926,14.450537,103.69007
2148,2025-09-27 12:00:00+05:30,10.449306,100.92277,13.238261,101.768265
2149,2025-09-27 13:00:00+05:30,10.801499,90.95482,13.510796,92.29056
2150,2025-09-27 14:00:00+05:30,10.908951,127.6263,14.4,126.86999
2151,2025-09-27 15:00:00+05:30,13.15971,130.0062,17.769016,129.6569
2152,2025-09-27 16:00:00+05:30,9.107359,108.43504,13.169556,111.65605
2153,2025-09-27 17:00:00+05:30,6.2379804,133.83095,14.650938,137.4896
2154,2025-09-27 18:00:00+05:30,9.0645685,83.15732,18.057508,85.42616
2155,2025-09-27 19:00:00+05:30,6.8541956,103.671326,15.713702,99.89386
2156,2025-09-27 20:00:00+05:30,8.507737,96.072365,18.392616,101.85976
2157,2025-09-27 21:00:00+05:30,7.5942073,95.44024,17.419127,103.74907
2158,2025-09-27 22:00:00+05:30,7.172949,107.52566,17.149193,115.48915
2159,2025-09-27 23:00:00+05:30,6.924738,98.97255,16.431347,114.59978
2160,2025-09-28 00:00:00+05:30,5.8298883,81.11942,13.926464,104.21589
2161,2025-09-28 01:00:00+05:30,4.9785542,77.4712,12.144331,101.97612
2162,2025-09-28 02:00:00+05:30,5.815978,68.19853,12.093534,94.267815
2163,2025-09-28 03:00:00+05:30,6.015878,51.072456,11.656998,76.60749
2164,2025-09-28 04:00:00+05:30,6.689125,66.19405,13.943901,78.83517
2165,2025-09-28 05:00:00+05:30,4.39436,55.0079,11.351422,75.302635
2166,2025-09-28 06:00:00+05:30,6.8423676,63.435013,13.874019,67.0942
2167,2025-09-28 07:00:00+05:30,7.689603,69.44387,12.703715,69.253845
2168,2025-09-28 08:00:00+05:30,11.19189,62.198643,14.892213,63.435013
2169,2025-09-28 09:00:00+05:30,11.843124,65.77226,15.410776,67.32862
2170,2025-09-28 10:00:00+05:30,9.449572,72.25524,11.966954,74.2913
2171,2025-09-28 11:00:00+05:30,7.9383874,93.90042,9.926147,94.15957
2172,2025-09-28 12:00:00+05:30,6.638072,102.5288,8.12197,102.80426
2173,2025-09-28 13:00:00+05:30,5.8852015,113.42871,7.0911775,113.962494
2174,2025-09-28 14:00:00+05:30,4.452954,104.03627,5.4656014,107.241554
2175,2025-09-28 15:00:00+05:30,3.244996,109.440125,3.9844694,108.43504
2176,2025-09-28 16:00:00+05:30,0.9693296,68.19853,1.2727921,81.86999
2177,2025-09-28 17:00:00+05:30,1.98,90.0,4.175069,97.43131
2178,2025-09-28 18:00:00+05:30,4.0249224,79.69521,9.693296,68.19853
2179,2025-09-28 19:00:00+05:30,3.4949677,78.11137,7.5685663,64.65388
2180,2025-09-28 20:00:00+05:30,4.8733153,85.76369,10.538843,82.14678
2181,2025-09-28 21:00:00+05:30,4.8733153,94.23632,12.093534,94.267815
2182,2025-09-28 22:00:00+05:30,4.7110505,96.581856,12.108261,101.14285
2183,2025-09-28 23:00:00+05:30,3.8141315,109.290146,10.30883,114.775116
2184,2025-09-29 00:00:00+05:30,3.710795,112.833694,9.793059,126.027466
2185,2025-09-29 01:00:00+05:30,2.5071096,111.03758,8.161764,138.57643
2186,2025-09-29 02:00:00+05:30,1.6299692,83.659904,5.692099,145.30478
2187,2025-09-29 03:00:00+05:30,0.76367533,44.999897,3.148714,149.03632
2188,2025-09-29 04:00:00+05:30,1.1525624,51.34017,2.9301877,137.4896
2189,2025-09-29 05:00:00+05:30,2.0364676,44.999897,2.9024127,97.12492
2190,2025-09-29 06:00:00+05:30,2.4482648,143.97253,4.2366967,192.26476
2191,2025-09-29 07:00:00+05:30,2.9024127,187.12492,4.327493,196.9276
2192,2025-09-29 08:00:00+05:30,4.3573384,231.7098,5.509882,231.63248
2193,2025-09-29 09:00:00+05:30,3.4247334,266.98727,4.323748,267.6141
2194,2025-09-29 10:00:00+05:30,3.710795,309.09384,4.5,306.86996
2195,2025-09-29 11:00:00+05:30,3.1845248,317.29062,3.693291,313.0251
2196,2025-09-29 12:00:00+05:30,2.0523157,285.25516,2.4014995,282.99463
2197,2025-09-29 13:00:00+05:30,1.2979984,303.6901,1.4512063,299.74478
2198,2025-09-29 14:00:00+05:30,1.2727921,261.87,1.4512063,262.8751
2199,2025-09-29 15:00:00+05:30,1.484318,255.96373,1.8532133,240.94548
2200,2025-09-29 16:00:00+05:30,2.0124612,206.56499,2.3051248,218.65984
2201,2025-09-29 17:00:00+05:30,2.97953,154.98314,4.802999,167.00539
2202,2025-09-29 18:00:00+05:30,4.175069,172.56868,9.741642,207.51192
2203,2025-09-29 19:00:00+05:30,4.5891175,168.69011,10.215693,194.28113
2204,2025-09-29 20:00:00+05:30,4.3349743,184.76355,10.630672,208.30066
2205,2025-09-29 21:00:00+05:30,4.6800003,202.6199,10.837435,221.63345
2206,2025-09-29 22:00:00+05:30,4.5,216.86998,10.957846,227.66306
2207,2025-09-29 23:00:00+05:30,3.7971036,264.55975,9.82279,256.21838
2208,2025-09-30 00:00:00+05:30,3.7585104,286.6993,9.926147,274.15958
2209,2025-09-30 01:00:00+05:30,3.8268526,311.18582,9.983106,295.64096
2210,2025-09-30 02:00:00+05:30,2.8460495,325.30478,8.53815,304.69522
2211,2025-09-30 03:00:00+05:30,0.9,360.0,5.876938,310.0302
2212,2025-09-30 04:00:00+05:30,0.6489992,326.3099,5.6521144,307.23492
2213,2025-09-30 05:00:00+05:30,0.17999999,90.0,3.572898,319.0857
2214,2025-09-30 06:00:00+05:30,4.080882,228.57643,6.130579,273.3664
2215,2025-09-30 07:00:00+05:30,4.1046314,254.74483,6.849467,273.01273
2216,2025-09-30 08:00:00+05:30,5.0911684,278.13,6.601363,281.00348
2217,2025-09-30 09:00:00+05:30,6.151683,290.55612,7.5213294,291.03757
2218,2025-09-30 10:00:00+05:30,5.195113,284.03625,6.4624763,282.875
2219,2025-09-30 11:00:00+05:30,4.3349743,265.23645,5.2694216,262.1468
2220,2025-09-30 12:00:00+05:30,5.1197267,280.1246,6.310277,273.27042
2221,2025-09-30 13:00:00+05:30,6.1120534,283.627,7.519175,281.0409
2222,2025-09-30 14:00:00+05:30,5.9834766,263.08887,7.613382,263.21112
2223,2025-09-30 15:00:00+05:30,4.942631,303.11136,6.698806,300.69965
2224,2025-09-30 16:00:00+05:30,4.353619,277.1249,6.424764,281.3099
2225,2025-09-30 17:00:00+05:30,2.7475805,238.39255,7.596341,256.29303
2226,2025-09-30 18:00:00+05:30,4.39436,214.9921,9.139322,237.87503
2227,2025-09-30 19:00:00+05:30,4.186693,205.4633,8.404285,223.26433
2228,2025-09-30 20:00:00+05:30,2.8001428,224.9999,7.8149853,241.07367
2229,2025-09-30 21:00:00+05:30,2.6758924,199.65392,6.9153743,231.34016
2230,2025-09-30 22:00:00+05:30,4.1556225,197.6502,8.805294,220.85529
2231,2025-09-30 23:00:00+05:30,4.599695,239.42085,11.269782,243.43501
2232,2025-10-01 00:00:00+05:30,5.4029994,268.09088,14.081478,265.60138
2233,2025-10-01 01:00:00+05:30,4.991553,295.64096,13.723745,286.7713
2234,2025-10-01 02:00:00+05:30,2.5582807,320.7106,9.179999,298.0724
2235,2025-10-01 03:00:00+05:30,0.9,233.13002,6.8138976,282.20044
2236,2025-10-01 04:00:00+05:30,3.9966488,172.23492,6.444905,215.90982
2237,2025-10-01 05:00:00+05:30,4.73506,171.25392,6.320538,199.9832
2238,2025-10-01 06:00:00+05:30,6.391901,189.72751,11.753877,207.3498
2239,2025-10-01 07:00:00+05:30,15.858398,153.72585,22.73707,156.68227
2240,2025-10-01 08:00:00+05:30,6.618519,224.9999,12.284918,230.94687
2241,2025-10-01 09:00:00+05:30,0.9693296,111.801476,1.1525624,141.34016
2242,2025-10-01 10:00:00+05:30,4.1046314,105.25517,5.1826253,110.32322
2243,2025-10-01 11:00:00+05:30,12.097553,136.80872,15.934829,138.2053
2244,2025-10-01 12:00:00+05:30,12.886039,118.354866,16.85669,120.12423
2245,2025-10-01 13:00:00+05:30,11.525623,104.47034,14.84318,104.03627
2246,2025-10-01 14:00:00+05:30,8.766573,109.17911,12.124307,108.16605
2247,2025-10-01 15:00:00+05:30,8.32877,83.796646,11.542478,86.423744
2248,2025-10-01 16:00:00+05:30,8.085988,73.17851,11.226575,77.96942
2249,2025-10-01 17:00:00+05:30,7.9138603,72.80138,14.668619,75.793205
2250,2025-10-01 18:00:00+05:30,8.477216,86.347855,15.96327,82.875084
2251,2025-10-01 19:00:00+05:30,12.351987,46.771442,21.67786,54.46224
2252,2025-10-01 20:00:00+05:30,12.632101,57.215733,22.38378,62.198643
2253,2025-10-01 21:00:00+05:30,11.666721,51.89238,20.97058,57.264786
2254,2025-10-01 22:00:00+05:30,13.752047,52.98003,23.763409,56.430275
2255,2025-10-01 23:00:00+05:30,10.7714615,80.38034,20.01969,86.39161
2256,2025-10-02 00:00:00+05:30,12.785069,54.743572,22.640678,60.98974
2257,2025-10-02 01:00:00+05:30,12.535549,57.90745,22.137074,63.435013
2258,2025-10-02 02:00:00+05:30,14.848635,59.393673,25.43802,63.072414
2259,2025-10-02 03:00:00+05:30,17.349236,67.42583,28.912842,68.06606
2260,2025-10-02 04:00:00+05:30,15.503006,74.511444,26.674637,76.33883
2261,2025-10-02 05:00:00+05:30,12.93247,98.80671,23.826725,98.25244
2262,2025-10-02 06:00:00+05:30,13.14,90.0,23.084955,93.57626
2263,2025-10-02 07:00:00+05:30,16.036171,87.4267,22.158285,87.67224
2264,2025-10-02 08:00:00+05:30,17.5931,97.052216,24.717743,97.952995
2265,2025-10-02 09:00:00+05:30,16.208996,91.90912,22.175825,93.25716
2266,2025-10-02 10:00:00+05:30,16.584438,86.88923,22.338137,87.69099
2267,2025-10-02 11:00:00+05:30,14.05845,87.064384,18.36353,88.876724
2268,2025-10-02 12:00:00+05:30,18.23694,85.47127,24.251284,84.03561
2269,2025-10-02 13:00:00+05:30,19.296133,104.03627,26.06584,103.17256
2270,2025-10-02 14:00:00+05:30,11.592895,115.76928,16.048288,113.114235
2271,2025-10-02 15:00:00+05:30,11.226575,102.03058,16.029097,102.319435
2272,2025-10-02 16:00:00+05:30,13.060857,97.12492,20.852827,96.94089
2273,2025-10-02 17:00:00+05:30,11.328566,107.57135,21.016878,106.41731
2274,2025-10-02 18:00:00+05:30,10.094454,93.06642,18.98552,95.44024
2275,2025-10-02 19:00:00+05:30,13.060857,60.25522,22.19554,67.59454
2276,2025-10-02 20:00:00+05:30,12.241323,53.972538,22.396078,61.16914
2277,2025-10-02 21:00:00+05:30,13.462749,60.350227,23.75045,64.40602
2278,2025-10-02 22:00:00+05:30,12.69351,71.821884,22.881956,77.27565
2279,2025-10-02 23:00:00+05:30,9.403169,84.507774,19.121557,93.77813
2280,2025-10-03 00:00:00+05:30,11.612441,71.00326,21.573734,77.4712
2281,2025-10-03 01:00:00+05:30,11.672275,70.167786,21.786694,75.16002
2282,2025-10-03 02:00:00+05:30,13.288341,65.17068,23.45394,70.73061
2283,2025-10-03 03:00:00+05:30,12.011544,60.361717,20.899387,69.84817
2284,2025-10-03 04:00:00+05:30,11.368535,66.682274,20.44803,73.638855
2285,2025-10-03 05:00:00+05:30,12.081472,86.58348,22.151705,91.86258
2286,2025-10-03 06:00:00+05:30,14.297258,79.11452,22.304028,83.04714
2287,2025-10-03 07:00:00+05:30,13.510796,92.29056,20.01969,93.6084
2288,2025-10-03 08:00:00+05:30,14.561099,81.46932,19.937794,83.26004
2289,2025-10-03 09:00:00+05:30,18.072754,84.85733,24.702005,86.65813
2290,2025-10-03 10:00:00+05:30,17.355772,84.644264,23.648603,85.63483
2291,2025-10-03 11:00:00+05:30,14.33347,82.785835,18.98552,84.55976
2292,2025-10-03 12:00:00+05:30,11.9140415,85.66777,15.146761,86.59363
2293,2025-10-03 13:00:00+05:30,12.097553,136.80872,15.914484,133.62524
2294,2025-10-03 14:00:00+05:30,12.870944,132.16582,19.174856,129.6678
2295,2025-10-03 15:00:00+05:30,11.013882,101.3099,16.24394,102.80426
2296,2025-10-03 16:00:00+05:30,6.1094027,135.0001,9.504272,127.30403
2297,2025-10-03 17:00:00+05:30,6.361415,115.11481,14.874796,111.286476
2298,2025-10-03 18:00:00+05:30,7.6367526,98.13002,16.546297,104.48981
2299,2025-10-03 19:00:00+05:30,9.179999,90.0,18.762356,98.829666
2300,2025-10-03 20:00:00+05:30,7.814986,97.94338,17.288435,104.47034
2301,2025-10-03 21:00:00+05:30,7.342588,78.6901,15.664136,91.31689
2302,2025-10-03 22:00:00+05:30,8.12197,77.19574,16.575644,87.5105
2303,2025-10-03 23:00:00+05:30,7.968939,108.43504,18.06199,119.886444
2304,2025-10-04 00:00:00+05:30,5.7628117,75.52967,11.334285,110.44964
2305,2025-10-04 01:00:00+05:30,9.585739,55.713078,16.279802,71.96563
2306,2025-10-04 02:00:00+05:30,10.472535,61.23244,18.855375,69.31584
2307,2025-10-04 03:00:00+05:30,9.568824,73.61038,17.373497,84.05324
2308,2025-10-04 04:00:00+05:30,10.966713,66.801384,18.59845,75.42574
2309,2025-10-04 05:00:00+05:30,12.632101,85.91447,22.800394,95.89053
2310,2025-10-04 06:00:00+05:30,13.060857,82.875084,21.2522,88.058556
2311,2025-10-04 07:00:00+05:30,16.036171,87.4267,22.502878,89.083374
2312,2025-10-04 08:00:00+05:30,15.602999,78.6901,21.2522,79.261154
2313,2025-10-04 09:00:00+05:30,12.421304,90.8303,16.595179,93.73133
2314,2025-10-04 10:00:00+05:30,14.328949,116.886856,19.319628,116.56499
2315,2025-10-04 11:00:00+05:30,9.860649,111.41304,15.198012,108.649635
2316,2025-10-04 12:00:00+05:30,10.435344,104.99513,15.717823,103.24053
2317,2025-10-04 13:00:00+05:30,8.101999,91.273,11.885453,91.73567
2318,2025-10-04 14:00:00+05:30,8.297589,86.26868,12.452566,85.85546
2319,2025-10-04 15:00:00+05:30,11.701385,89.11862,20.240196,95.10208
2320,2025-10-04 16:00:00+05:30,12.304682,84.1227,21.240763,89.514465
2321,2025-10-04 17:00:00+05:30,12.738099,137.29063,22.97522,125.4334
2322,2025-10-04 18:00:00+05:30,16.284779,113.44808,28.20032,114.11102
2323,2025-10-04 19:00:00+05:30,13.878688,92.97367,25.277023,100.66973
2324,2025-10-04 20:00:00+05:30,14.101021,75.96373,24.858253,79.99209
2325,2025-10-04 21:00:00+05:30,18.466455,83.84493,31.901161,87.089226
2326,2025-10-04 22:00:00+05:30,19.18246,95.924484,32.462437,97.00671
2327,2025-10-04 23:00:00+05:30,18.539999,90.0,31.37168,93.28918
2328,2025-10-05 00:00:00+05:30,19.146112,99.19659,31.929585,99.40916
2329,2025-10-05 01:00:00+05:30,15.602999,106.76264,26.868881,109.16334
2330,2025-10-05 02:00:00+05:30,11.272657,109.59237,19.92479,112.8588
2331,2025-10-05 03:00:00+05:30,10.694485,133.63614,18.96503,134.61551
2332,2025-10-05 04:00:00+05:30,9.12513,165.14134,16.895088,165.81567
2333,2025-10-05 05:00:00+05:30,2.34,90.0,7.596341,166.29301
2334,2025-10-05 06:00:00+05:30,0.0,270.0,8.905908,194.03627
2335,2025-10-05 07:00:00+05:30,3.7064266,150.9455,6.5049515,165.5792
2336,2025-10-05 08:00:00+05:30,4.32,180.0,5.232399,183.94511
2337,2025-10-05 09:00:00+05:30,2.7238941,172.40544,3.0811036,173.29025
2338,2025-10-05 10:00:00+05:30,5.232399,183.94511,6.519877,186.3401
2339,2025-10-05 11:00:00+05:30,15.018949,135.0001,19.72869,135.36961
2340,2025-10-05 12:00:00+05:30,13.298089,129.50764,17.262178,129.49956
2341,2025-10-05 13:00:00+05:30,12.325728,118.8107,16.923828,119.29127
2342,2025-10-05 14:00:00+05:30,9.257321,116.56499,11.9140415,116.9521
2343,2025-10-05 15:00:00+05:30,11.328566,107.57135,16.165964,108.83853
2344,2025-10-05 16:00:00+05:30,8.827343,106.58742,14.687382,109.32328
2345,2025-10-05 17:00:00+05:30,5.3939967,115.70991,13.644427,126.41647
2346,2025-10-05 18:00:00+05:30,4.73506,98.74608,12.172312,113.532364
2347,2025-10-05 19:00:00+05:30,8.688613,50.04252,16.144905,67.72406
2348,2025-10-05 20:00:00+05:30,10.993271,50.31459,18.865683,60.25522
2349,2025-10-05 21:00:00+05:30,10.223619,63.886147,19.087639,69.001205
2350,2025-10-05 22:00:00+05:30,9.499157,80.18076,17.864489,85.9556
2351,2025-10-05 23:00:00+05:30,7.42159,50.906155,14.275713,66.991104
2352,2025-10-06 00:00:00+05:30,8.297589,86.26868,15.876775,86.09958
2353,2025-10-06 01:00:00+05:30,8.461915,113.838745,16.284779,113.44808
2354,2025-10-06 02:00:00+05:30,5.6920996,108.43504,11.995349,115.79598
2355,2025-10-06 03:00:00+05:30,6.050785,59.620956,10.446206,88.025116
2356,2025-10-06 04:00:00+05:30,6.924738,81.02746,12.979984,93.17977
2357,2025-10-06 05:00:00+05:30,7.7983837,71.14675,12.931218,73.835434
2358,2025-10-06 06:00:00+05:30,6.248359,48.503635,9.339208,62.447273
2359,2025-10-06 07:00:00+05:30,8.139901,35.09589,11.638917,39.35174
2360,2025-10-06 08:00:00+05:30,11.844492,36.34755,15.444377,36.469334
2361,2025-10-06 09:00:00+05:30,11.132385,50.906155,15.086748,54.223835
2362,2025-10-06 10:00:00+05:30,10.658068,85.15609,13.722565,85.4861
2363,2025-10-06 11:00:00+05:30,7.3799996,77.319626,9.178235,78.6901
2364,2025-10-06 12:00:00+05:30,5.5829024,88.15243,7.2022495,91.43207
2365,2025-10-06 13:00:00+05:30,4.942631,100.491425,6.28713,103.24053
2366,2025-10-06 14:00:00+05:30,2.1674871,85.23644,2.7238941,97.59455
2367,2025-10-06 15:00:00+05:30,0.17999999,270.0,0.71999997,180.0
2368,2025-10-06 16:00:00+05:30,1.4512063,330.25522,1.2727921,315.0001
2369,2025-10-06 17:00:00+05:30,1.3104197,344.05453,2.0124612,333.43503
2370,2025-10-06 18:00:00+05:30,2.2768397,18.435053,3.3043609,29.357658
2371,2025-10-06 19:00:00+05:30,4.1085763,28.810698,7.2403865,34.8754
2372,2025-10-06 20:00:00+05:30,4.863332,38.990997,9.9408245,42.064255
2373,2025-10-06 21:00:00+05:30,6.1437774,58.1726,13.70839,60.068577
2374,2025-10-06 22:00:00+05:30,5.5887027,75.068535,13.8037815,77.95744
2375,2025-10-06 23:00:00+05:30,5.983477,105.7087,14.039999,112.61991
2376,2025-10-07 00:00:00+05:30,3.964089,92.60251,10.144082,117.47435
2377,2025-10-07 01:00:00+05:30,3.84796,79.21575,9.449572,107.74477
2378,2025-10-07 02:00:00+05:30,5.5916004,93.691315,12.413476,106.85848
2379,2025-10-07 03:00:00+05:30,4.2136917,70.01681,10.564941,103.799515
2380,2025-10-07 04:00:00+05:30,7.9567327,37.64769,13.213765,52.193413
2381,2025-10-07 05:00:00+05:30,7.731622,77.90526,14.113653,84.14409
2382,2025-10-07 06:00:00+05:30,9.114471,99.090195,12.979984,109.440125
2383,2025-10-07 07:00:00+05:30,8.187527,123.34073,10.441551,125.88223
2384,2025-10-07 08:00:00+05:30,5.293959,125.311295,6.552099,127.18479
2385,2025-10-07 09:00:00+05:30,3.9966483,125.837746,5.004518,127.694305
2386,2025-10-07 10:00:00+05:30,3.0652893,130.23628,3.9477081,133.1524
2387,2025-10-07 11:00:00+05:30,4.7827187,160.20103,5.7515564,159.86362
2388,2025-10-07 12:00:00+05:30,3.62243,206.56499,4.3498964,204.44394
2389,2025-10-07 13:00:00+05:30,5.12289,251.56496,5.9834766,248.83867
2390,2025-10-07 14:00:00+05:30,2.4482648,323.97253,3.148714,300.96368
2391,2025-10-07 15:00:00+05:30,4.7521367,114.62355,5.8104043,106.18928
2392,2025-10-07 16:00:00+05:30,7.731623,155.22488,11.119281,150.9455
2393,2025-10-07 17:00:00+05:30,1.7076298,198.43504,2.4482648,143.97253
2394,2025-10-07 18:00:00+05:30,0.40249225,243.43501,2.0124612,153.43501
2395,2025-10-07 19:00:00+05:30,2.7238941,97.59455,5.1575575,119.24873
2396,2025-10-07 20:00:00+05:30,3.9312592,105.945465,8.37532,118.21727
2397,2025-10-07 21:00:00+05:30,3.189608,106.38962,8.490582,122.00535
2398,2025-10-07 22:00:00+05:30,1.8532133,60.94549,5.634891,116.56499
2399,2025-10-07 23:00:00+05:30,4.7928696,214.28693,12.413477,209.53868
2400,2025-10-08 00:00:00+05:30,4.327493,196.9276,11.7,210.51016
2401,2025-10-08 01:00:00+05:30,1.7076298,71.564964,2.3400002,157.3801
2402,2025-10-08 02:00:00+05:30,3.4247334,183.01273,9.144637,169.79608
2403,2025-10-08 03:00:00+05:30,3.0652893,139.76372,8.827344,177.66275
2404,2025-10-08 04:00:00+05:30,0.54,360.0,3.396233,212.00534
2405,2025-10-08 05:00:00+05:30,1.2074767,116.56499,3.9312592,164.05453
2406,2025-10-08 06:00:00+05:30,2.4216523,131.98714,4.0449967,147.72438
2407,2025-10-08 07:00:00+05:30,2.4216523,131.98714,3.8268526,138.81418
2408,2025-10-08 08:00:00+05:30,1.9386592,111.801476,2.4149535,116.56499
2409,2025-10-08 09:00:00+05:30,1.2727921,135.0001,1.5273507,135.0001
2410,2025-10-08 10:00:00+05:30,3.4576871,141.34016,4.080882,138.57643
2411,2025-10-08 11:00:00+05:30,4.669604,152.44728,5.7176566,151.8215
2412,2025-10-08 12:00:00+05:30,4.514377,184.57384,5.4119864,183.814
2413,2025-10-08 13:00:00+05:30,4.514377,184.57384,5.4477882,187.59456
2414,2025-10-08 14:00:00+05:30,7.0843205,152.78398,9.028754,156.50142
2415,2025-10-08 15:00:00+05:30,4.143911,182.4895,5.4029994,181.9091
2416,2025-10-08 16:00:00+05:30,5.5887027,194.93147,7.731622,192.09474
2417,2025-10-08 17:00:00+05:30,6.037383,190.3048,14.081478,184.39862
2418,2025-10-08 18:00:00+05:30,4.1125174,156.80139,9.499157,189.81923
2419,2025-10-08 19:00:00+05:30,6.3690495,137.29063,12.351988,161.30092
2420,2025-10-08 20:00:00+05:30,10.621525,180.971,16.787354,184.30438
2421,2025-10-08 21:00:00+05:30,5.0142193,158.96242,13.644427,171.65619
2422,2025-10-08 22:00:00+05:30,2.4216523,138.01286,8.647496,182.3859
2423,2025-10-08 23:00:00+05:30,1.659518,77.4712,3.9763298,174.80566
2424,2025-10-09 00:00:00+05:30,11.252519,97.35229,12.750811,108.946594
2425,2025-10-09 01:00:00+05:30,4.5820518,135.0001,10.385547,154.32323
2426,2025-10-09 02:00:00+05:30,3.8773184,111.801476,10.564941,135.6902
2427,2025-10-09 03:00:00+05:30,3.143565,66.37061,7.1321807,100.17545
2428,2025-10-09 04:00:00+05:30,3.693291,46.97493,7.5213294,68.96242
2429,2025-10-09 05:00:00+05:30,7.0223074,91.46877,13.159711,93.1363
2430,2025-10-09 06:00:00+05:30,5.6920996,71.564964,9.567131,94.31595
2431,2025-10-09 07:00:00+05:30,3.745557,35.217674,6.037383,63.435013
2432,2025-10-09 08:00:00+05:30,3.7064266,60.94549,4.91634,66.2505
2433,2025-10-09 09:00:00+05:30,2.5071096,201.03758,3.189608,196.38962
2434,2025-10-09 10:00:00+05:30,1.4512063,277.1249,1.8,270.0
2435,2025-10-09 11:00:00+05:30,1.7727944,246.0375,2.1749482,245.55606
2436,2025-10-09 12:00:00+05:30,3.244996,266.82022,3.9966488,262.23492
2437,2025-10-09 13:00:00+05:30,4.68,270.0,5.9427266,268.26434
2438,2025-10-09 14:00:00+05:30,7.9526596,264.80566,10.105681,265.91446
2439,2025-10-09 15:00:00+05:30,7.4346757,263.04712,10.285232,265.9859
2440,2025-10-09 16:00:00+05:30,4.86,270.0,10.337079,277.00116
2441,2025-10-09 17:00:00+05:30,1.1384199,341.56494,6.384293,319.574
2442,2025-10-09 18:00:00+05:30,2.0124612,153.43501,3.710795,194.03627
2443,2025-10-09 19:00:00+05:30,0.5091169,44.999897,0.54,270.0
2444,2025-10-09 20:00:00+05:30,2.2768397,71.564964,1.6981165,122.00535
2445,2025-10-09 21:00:00+05:30,4.379589,80.53775,6.310277,86.729576
2446,2025-10-09 22:00:00+05:30,2.9024127,82.875084,8.049845,79.69521
2447,2025-10-09 23:00:00+05:30,5.8409934,123.690094,9.7565975,150.1241
2448,2025-10-10 00:00:00+05:30,5.6060677,132.39738,9.144637,143.8067
2449,2025-10-10 01:00:00+05:30,3.6447225,147.09476,8.709098,161.93944
2450,2025-10-10 02:00:00+05:30,4.293669,146.97614,9.473541,165.69969
2451,2025-10-10 03:00:00+05:30,3.4576871,141.34016,8.936778,170.72748
2452,2025-10-10 04:00:00+05:30,0.71999997,90.0,5.0911684,188.13002
2453,2025-10-10 05:00:00+05:30,4.0249224,79.69521,7.2202215,85.71093
2454,2025-10-10 06:00:00+05:30,5.4744864,99.46225,8.2584505,106.4601
2455,2025-10-10 07:00:00+05:30,5.195113,104.03627,6.889557,109.85531
2456,2025-10-10 08:00:00+05:30,4.3498964,114.44395,5.5567255,114.90474
2457,2025-10-10 09:00:00+05:30,3.8521678,127.40543,4.752136,127.30403
2458,2025-10-10 10:00:00+05:30,3.536439,165.2564,4.5,163.73972
2459,2025-10-10 11:00:00+05:30,4.752136,217.30403,5.509882,218.36752
2460,2025-10-10 12:00:00+05:30,7.0038276,244.09354,8.775807,244.48618
2461,2025-10-10 13:00:00+05:30,8.604301,254.21918,11.132385,255.96373
2462,2025-10-10 14:00:00+05:30,11.165805,268.15244,14.944336,268.6197
2463,2025-10-10 15:00:00+05:30,10.873252,276.65433,16.394829,278.84174
2464,2025-10-10 16:00:00+05:30,6.122647,268.31534,13.200273,275.47726
2465,2025-10-10 17:00:00+05:30,5.9834766,263.08887,15.856356,267.3975
2466,2025-10-10 18:00:00+05:30,6.7205353,249.62347,16.810495,257.00537
2467,2025-10-10 19:00:00+05:30,5.6521144,260.83774,15.405519,263.29025
2468,2025-10-10 20:00:00+05:30,5.7628117,268.2101,14.957339,272.75903
2469,2025-10-10 21:00:00+05:30,4.6730714,254.3577,11.885453,271.73566
2470,2025-10-10 22:00:00+05:30,3.6,270.0,10.316686,276.0089
2471,2025-10-10 23:00:00+05:30,8.649369,257.98856,19.813087,267.91748
2472,2025-10-11 00:00:00+05:30,8.4042845,279.86575,18.99661,282.58768
2473,2025-10-11 01:00:00+05:30,5.00128,300.25635,13.799087,300.57913
2474,2025-10-11 02:00:00+05:30,3.9518096,300.06848,10.404249,307.26648
2475,2025-10-11 03:00:00+05:30,3.84796,280.78424,9.901636,297.0308
2476,2025-10-11 04:00:00+05:30,4.5536795,251.56496,10.6261,280.73883
2477,2025-10-11 05:00:00+05:30,5.2478566,264.09396,13.346729,280.09744
2478,2025-10-11 06:00:00+05:30,6.28713,246.3706,11.734564,265.60138
2479,2025-10-11 07:00:00+05:30,4.8733153,274.23633,7.79215,276.63242
2480,2025-10-11 08:00:00+05:30,4.1125174,293.1986,5.0142193,291.03757
2481,2025-10-11 09:00:00+05:30,1.0182338,315.0001,1.0182338,315.0001
2482,2025-10-11 10:00:00+05:30,2.19718,214.9921,2.657668,208.30066
2483,2025-10-11 11:00:00+05:30,5.4744864,189.46225,6.7205353,187.69595
2484,2025-10-11 12:00:00+05:30,7.8954163,204.22774,9.906544,204.70241
2485,2025-10-11 13:00:00+05:30,9.059205,220.97165,11.599879,221.85495
2486,2025-10-11 14:00:00+05:30,9.668195,241.0491,12.801531,242.35411
2487,2025-10-11 15:00:00+05:30,9.5416975,271.0809,14.044615,271.46878
2488,2025-10-11 16:00:00+05:30,6.6794305,284.03625,14.241629,286.1444
2489,2025-10-11 17:00:00+05:30,9.144637,259.79608,20.696869,262.50424
2490,2025-10-11 18:00:00+05:30,10.873251,250.6651,22.314192,259.7779
2491,2025-10-11 19:00:00+05:30,9.781473,257.24246,21.993908,262.00262
2492,2025-10-11 20:00:00+05:30,9.0018,258.4654,20.060919,264.8522
2493,2025-10-11 21:00:00+05:30,9.181765,271.1233,21.072304,271.958
2494,2025-10-11 22:00:00+05:30,8.553314,278.47107,20.29535,276.62067
2495,2025-10-11 23:00:00+05:30,9.0018,271.14572,21.109173,273.9115
2496,2025-10-12 00:00:00+05:30,7.415038,264.4279,17.852697,266.53183
2497,2025-10-12 01:00:00+05:30,7.5170207,253.30067,17.640919,261.7873
2498,2025-10-12 02:00:00+05:30,7.072878,255.2564,17.035456,263.32562
2499,2025-10-12 03:00:00+05:30,7.2359104,264.2895,16.920958,269.3905
2500,2025-10-12 04:00:00+05:30,7.2202215,265.71094,16.755476,272.46277
2501,2025-10-12 05:00:00+05:30,6.1858225,278.36578,16.733225,281.7934
2502,2025-10-12 06:00:00+05:30,7.486788,279.68872,15.141414,288.00424
2503,2025-10-12 07:00:00+05:30,6.2145634,280.0079,9.255571,283.49576
2504,2025-10-12 08:00:00+05:30,4.942631,303.11136,6.1437774,301.8274
2505,2025-10-12 09:00:00+05:30,3.2399998,360.0,3.964089,357.3975
2506,2025-10-12 10:00:00+05:30,3.5455887,336.0375,4.3536186,330.25522
2507,2025-10-12 11:00:00+05:30,5.8104043,286.18927,7.293888,285.75125
2508,2025-10-12 12:00:00+05:30,7.9383874,273.90042,10.094454,273.0664
2509,2025-10-12 13:00:00+05:30,9.761578,264.71002,12.6462,265.10098
2510,2025-10-12 14:00:00+05:30,11.391313,264.55975,15.188415,264.55975
2511,2025-10-12 15:00:00+05:30,11.165805,271.84756,16.928614,271.82794
2512,2025-10-12 16:00:00+05:30,8.149847,276.3401,17.057314,277.2749
2513,2025-10-12 17:00:00+05:30,9.6228485,262.47626,21.589495,262.81583
2514,2025-10-12 18:00:00+05:30,9.746631,265.76367,22.69785,267.7276
2515,2025-10-12 19:00:00+05:30,8.049845,280.30478,21.010712,279.86575
2516,2025-10-12 20:00:00+05:30,6.7205353,277.69595,18.040453,282.09473
2517,2025-10-12 21:00:00+05:30,6.130579,273.3664,16.24394,282.80426
2518,2025-10-12 22:00:00+05:30,5.637765,286.6993,14.687382,289.32327
2519,2025-10-12 23:00:00+05:30,5.6920996,288.43503,15.743571,292.16638
2520,2025-10-13 00:00:00+05:30,5.0432134,304.82455,13.891522,301.21835
2521,2025-10-13 01:00:00+05:30,4.471107,310.10083,11.592894,306.15826
2522,2025-10-13 02:00:00+05:30,3.8268526,311.18582,9.97986,309.14398
2523,2025-10-13 03:00:00+05:30,3.7971041,301.4295,9.587428,309.66782
2524,2025-10-13 04:00:00+05:30,4.2021422,279.86575,9.54,301.89075
2525,2025-10-13 05:00:00+05:30,4.5891175,258.6901,11.367109,280.954
2526,2025-10-13 06:00:00+05:30,6.330782,284.8265,12.358542,282.61932
2527,2025-10-13 07:00:00+05:30,4.7827187,289.79895,7.8149853,284.67642
2528,2025-10-13 08:00:00+05:30,4.2136917,289.9832,5.5216303,289.0257
2529,2025-10-13 09:00:00+05:30,3.362677,285.52417,4.2366967,282.26477
2530,2025-10-13 10:00:00+05:30,4.353619,277.1249,5.4119864,273.814
2531,2025-10-13 11:00:00+05:30,6.6818557,274.63538,8.297589,273.73132
2532,2025-10-13 12:00:00+05:30,9.403169,275.49222,12.093534,274.2678
2533,2025-10-13 13:00:00+05:30,12.108261,281.14285,16.13286,280.93378
2534,2025-10-13 14:00:00+05:30,13.472372,292.79654,19.05281,292.20352
2535,2025-10-13 15:00:00+05:30,11.298495,300.65057,18.98552,301.4295
2536,2025-10-13 16:00:00+05:30,7.329338,294.67685,17.238699,298.70584
2537,2025-10-13 17:00:00+05:30,7.6642804,279.46225,18.553974,284.03625
2538,2025-10-13 18:00:00+05:30,8.656858,266.42374,20.5484,273.01273
2539,2025-10-13 19:00:00+05:30,8.43699,258.92984,19.98081,269.48386
2540,2025-10-13 20:00:00+05:30,8.049845,259.69522,20.160803,270.51154
2541,2025-10-13 21:00:00+05:30,7.928178,267.3975,20.11656,276.67978
2542,2025-10-13 22:00:00+05:30,7.928178,267.3975,20.093191,279.79977
2543,2025-10-13 23:00:00+05:30,9.781473,257.24246,21.96295,270.93918
2544,2025-10-14 00:00:00+05:30,9.321845,259.9921,21.240763,270.48553
2545,2025-10-14 01:00:00+05:30,7.6367526,261.87,18.913708,272.18158
2546,2025-10-14 02:00:00+05:30,7.458606,261.67444,18.36353,271.1233
2547,2025-10-14 03:00:00+05:30,7.9383874,273.90042,19.206936,280.25677
2548,2025-10-14 04:00:00+05:30,7.3799996,282.68036,18.741621,286.17224
2549,2025-10-14 05:00:00+05:30,6.6185193,292.3802,17.48596,290.4871
2550,2025-10-14 06:00:00+05:30,8.792405,292.8906,16.341383,296.8472
2551,2025-10-14 07:00:00+05:30,7.3447943,287.1028,12.739371,293.3049
2552,2025-10-14 08:00:00+05:30,5.7402787,311.18582,7.6409945,313.09085
2553,2025-10-14 09:00:00+05:30,4.278551,345.3791,5.3305535,348.31067
2554,2025-10-14 10:00:00+05:30,3.2846913,9.462261,3.8856654,13.392516
2555,2025-10-14 11:00:00+05:30,2.6758924,317.72638,3.096837,324.46225
2556,2025-10-14 12:00:00+05:30,1.9386592,291.80148,2.1749482,294.44394
2557,2025-10-14 13:00:00+05:30,2.968636,255.96373,3.5864744,252.47433
2558,2025-10-14 14:00:00+05:30,4.2366967,257.73523,5.3699164,256.42953
2559,2025-10-14 15:00:00+05:30,3.671294,281.3099,6.7205353,277.69595
2560,2025-10-14 16:00:00+05:30,5.7515564,290.13638,13.841286,290.55612
2561,2025-10-14 17:00:00+05:30,8.827343,286.5874,20.037485,287.78397
2562,2025-10-14 18:00:00+05:30,10.075177,288.75873,22.5,290.60977
2563,2025-10-14 19:00:00+05:30,10.429132,291.25058,23.284098,294.18735
2564,2025-10-14 20:00:00+05:30,9.47012,278.74606,21.93121,286.20386
2565,2025-10-14 21:00:00+05:30,8.647496,272.3859,20.265795,282.30798
2566,2025-10-14 22:00:00+05:30,8.11798,273.814,19.820442,283.65765
2567,2025-10-14 23:00:00+05:30,7.9526596,275.19434,19.863714,284.1622
2568,2025-10-15 00:00:00+05:30,6.5520988,285.94547,17.423777,289.93262
2569,2025-10-15 01:00:00+05:30,6.206738,286.8585,16.478603,291.80148
2570,2025-10-15 02:00:00+05:30,6.7469993,279.21094,16.963984,289.20407
2571,2025-10-15 03:00:00+05:30,7.3997297,274.18484,17.508179,284.89352
2572,2025-10-15 04:00:00+05:30,7.928178,272.6025,18.606289,282.2883
2573,2025-10-15 05:00:00+05:30,7.748368,272.66293,18.745079,281.6336
2574,2025-10-15 06:00:00+05:30,9.195868,273.3664,18.469963,282.95276
2575,2025-10-15 07:00:00+05:30,7.1208143,286.1444,12.522619,288.43503
2576,2025-10-15 08:00:00+05:30,6.830519,288.43503,9.165871,289.50253
2577,2025-10-15 09:00:00+05:30,6.379216,286.38962,8.311245,287.6502
2578,2025-10-15 10:00:00+05:30,6.206738,286.8585,7.7420926,287.5925
2579,2025-10-15 11:00:00+05:30,5.223103,271.97488,6.489992,273.17978
2580,2025-10-15 12:00:00+05:30,2.8116899,230.19447,3.3092594,224.9999
2581,2025-10-15 13:00:00+05:30,3.9477081,226.8476,4.7110505,226.54811
2582,2025-10-15 14:00:00+05:30,6.050785,247.249,7.42159,247.1663
2583,2025-10-15 15:00:00+05:30,7.6409945,254.98158,10.5234585,257.15228
2584,2025-10-15 16:00:00+05:30,7.0774574,262.69434,15.129638,267.95465
2585,2025-10-15 17:00:00+05:30,7.2359104,275.7105,17.085785,281.54666
2586,2025-10-15 18:00:00+05:30,6.6794305,255.96373,16.575644,267.5105
2587,2025-10-15 19:00:00+05:30,7.823272,246.97447,18.64543,257.1712
2588,2025-10-15 20:00:00+05:30,6.889557,250.1447,17.864489,257.7843
2589,2025-10-15 21:00:00+05:30,5.7515564,249.86362,15.463244,257.90524
2590,2025-10-15 22:00:00+05:30,4.952453,250.9064,13.060857,262.8751
2591,2025-10-15 23:00:00+05:30,4.514377,246.50142,12.601285,270.81842
2592,2025-10-16 00:00:00+05:30,3.7799997,270.0,10.873252,276.65433
2593,2025-10-16 01:00:00+05:30,3.4576871,308.65982,8.863972,293.9625
2594,2025-10-16 02:00:00+05:30,2.3469129,302.47116,6.698806,300.69965
2595,2025-10-16 03:00:00+05:30,1.609969,243.43501,4.327493,286.92758
2596,2025-10-16 04:00:00+05:30,3.096837,234.46223,4.353619,262.8751
2597,2025-10-16 05:00:00+05:30,2.4014995,282.99463,8.775807,295.51382
2598,2025-10-16 06:00:00+05:30,4.913044,261.57312,6.830519,288.43503
2599,2025-10-16 07:00:00+05:30,3.362677,254.47583,4.412754,281.76825
2600,2025-10-16 08:00:00+05:30,1.8,270.0,1.9881649,275.19434
2601,2025-10-16 09:00:00+05:30,0.25455844,44.999897,0.56920993,71.564964
2602,2025-10-16 10:00:00+05:30,4.2671766,117.64589,5.315336,118.30067
2603,2025-10-16 11:00:00+05:30,5.0975285,132.13753,6.269067,129.17365
2604,2025-10-16 12:00:00+05:30,5.8769383,152.6502,7.256032,150.2552
2605,2025-10-16 13:00:00+05:30,5.9644947,174.80566,7.4346757,173.04713
2606,2025-10-16 14:00:00+05:30,6.198903,205.82094,7.823272,203.02553
2607,2025-10-16 15:00:00+05:30,7.1684303,231.1155,9.957108,229.39879
2608,2025-10-16 16:00:00+05:30,4.7928696,235.71307,11.08572,237.60017
2609,2025-10-16 17:00:00+05:30,5.6233797,230.19447,12.783802,237.65257
2610,2025-10-16 18:00:00+05:30,7.256032,240.2552,16.813387,248.65414
2611,2025-10-16 19:00:00+05:30,6.361415,244.8852,15.893093,256.9081
2612,2025-10-16 20:00:00+05:30,5.5450516,256.86597,14.764389,271.39716
2613,2025-10-16 21:00:00+05:30,5.6920996,288.43503,15.655861,287.3934
2614,2025-10-16 22:00:00+05:30,5.8409934,303.6901,15.778518,297.1496
2615,2025-10-16 23:00:00+05:30,5.3999996,306.86996,14.652045,307.01074
2616,2025-10-17 00:00:00+05:30,3.9477081,316.8476,11.616626,310.6012
2617,2025-10-17 01:00:00+05:30,3.2599385,353.6599,9.292255,328.46524
2618,2025-10-17 02:00:00+05:30,2.7238941,7.59456,8.12197,347.19574
2619,2025-10-17 03:00:00+05:30,1.6299692,353.6599,6.519877,353.6599
2620,2025-10-17 04:00:00+05:30,2.0124612,349.69522,6.8399997,360.0
2621,2025-10-17 05:00:00+05:30,1.1525624,321.34018,5.223103,358.0251
2622,2025-10-17 06:00:00+05:30,1.8792552,343.3007,3.671294,11.3098955
2623,2025-10-17 07:00:00+05:30,1.4512063,29.744795,3.8521678,52.594578
2624,2025-10-17 08:00:00+05:30,1.6299692,83.659904,2.5264204,85.91447
2625,2025-10-17 09:00:00+05:30,2.5071096,68.96242,3.3092597,67.61982
2626,2025-10-17 10:00:00+05:30,2.9522195,52.431335,3.494968,55.491425
2627,2025-10-17 11:00:00+05:30,0.6489992,33.6901,0.9,36.86999
2628,2025-10-17 12:00:00+05:30,1.08,270.0,1.2727921,261.87
2629,2025-10-17 13:00:00+05:30,2.8116899,230.19447,3.572898,229.08571
2630,2025-10-17 14:00:00+05:30,4.8366103,224.9999,5.983477,223.7812
2631,2025-10-17 15:00:00+05:30,5.3426957,237.38077,6.698806,239.30035
2632,2025-10-17 16:00:00+05:30,5.00128,239.74365,10.261579,248.38516
2633,2025-10-17 17:00:00+05:30,5.223103,271.97488,12.0653715,271.70978
2634,2025-10-17 18:00:00+05:30,4.1125174,293.1986,10.630672,298.30066
2635,2025-10-17 19:00:00+05:30,3.9844694,251.56496,10.299397,275.01303
2636,2025-10-17 20:00:00+05:30,2.907989,248.19853,9.195868,273.3664
2637,2025-10-17 21:00:00+05:30,2.3400002,247.3801,8.11798,273.814
2638,2025-10-17 22:00:00+05:30,1.6981165,237.99466,7.579261,274.08554
2639,2025-10-17 23:00:00+05:30,2.2553935,298.61035,9.860649,291.41302
2640,2025-10-18 00:00:00+05:30,2.0991426,300.96368,8.766573,289.1791
2641,2025-10-18 01:00:00+05:30,2.5582807,309.28937,8.490582,291.1248
2642,2025-10-18 02:00:00+05:30,1.8,323.13,7.256032,299.74478
2643,2025-10-18 03:00:00+05:30,1.5379207,290.55612,5.95906,295.01685
2644,2025-10-18 04:00:00+05:30,2.6758924,289.6539,6.5049515,284.4208
2645,2025-10-18 05:00:00+05:30,2.6208394,15.945477,4.379589,9.462248
2646,2025-10-18 06:00:00+05:30,2.907989,68.19853,4.599695,59.420856
2647,2025-10-18 07:00:00+05:30,2.2553935,61.389645,5.1544156,77.90526
2648,2025-10-18 08:00:00+05:30,2.7238941,82.40546,3.7971036,84.55976
2649,2025-10-18 09:00:00+05:30,2.8856194,86.423744,3.604497,87.13766
2650,2025-10-18 10:00:00+05:30,2.226477,75.96373,2.7534704,78.6901
2651,2025-10-18 11:00:00+05:30,1.1384199,71.564964,1.3708391,66.801384
2652,2025-10-18 12:00:00+05:30,1.484318,194.03627,2.0124612,190.3048
2653,2025-10-18 13:00:00+05:30,4.293669,213.02386,5.3426957,212.61923
2654,2025-10-18 14:00:00+05:30,6.6624317,218.41809,8.461915,218.08882
2655,2025-10-18 15:00:00+05:30,6.59154,235.0079,8.9873905,237.26477
2656,2025-10-18 16:00:00+05:30,4.143911,235.6196,9.983106,244.35904
2657,2025-10-18 17:00:00+05:30,5.154415,245.22488,11.755254,244.61214
2658,2025-10-18 18:00:00+05:30,6.77575,253.0091,16.810495,257.00537
2659,2025-10-18 19:00:00+05:30,7.327127,242.176,18.272438,251.0295
2660,2025-10-18 20:00:00+05:30,6.361415,244.8852,16.740967,253.12364
2661,2025-10-18 21:00:00+05:30,5.9834766,248.83867,15.506141,260.6471
2662,2025-10-18 22:00:00+05:30,4.7827187,250.20103,12.662843,264.2895
2663,2025-10-18 23:00:00+05:30,7.247096,284.38144,16.985933,282.8581
2664,2025-10-19 00:00:00+05:30,4.613762,290.55612,13.443481,296.2219
2665,2025-10-19 01:00:00+05:30,4.2021427,316.73566,11.854062,311.92245
2666,2025-10-19 02:00:00+05:30,4.39436,55.0079,8.242743,31.607454
2667,2025-10-19 03:00:00+05:30,1.9881649,95.19434,6.1094027,44.999897
2668,2025-10-19 04:00:00+05:30,0.35999998,180.0,2.8856194,3.5762644
2669,2025-10-19 05:00:00+05:30,4.3536186,29.744795,9.47012,8.746089
2670,2025-10-19 06:00:00+05:30,6.804381,37.476254,12.096214,36.528946
2671,2025-10-19 07:00:00+05:30,3.0811036,96.70974,8.553314,81.528946
2672,2025-10-19 08:00:00+05:30,3.550155,59.53454,5.2323985,63.435013
2673,2025-10-19 09:00:00+05:30,4.1125174,66.80139,5.2478566,67.83361
2674,2025-10-19 10:00:00+05:30,2.0523157,74.74483,2.5772078,77.90526
2675,2025-10-19 11:00:00+05:30,2.1068459,250.0168,2.5071096,248.96242
2676,2025-10-19 12:00:00+05:30,4.7521367,245.37645,5.8852015,246.57129
2677,2025-10-19 13:00:00+05:30,7.102591,261.2539,9.114471,260.9098
2678,2025-10-19 14:00:00+05:30,8.669949,265.23645,11.734564,265.60138
2679,2025-10-19 15:00:00+05:30,8.553314,261.52893,13.529966,266.186
2680,2025-10-19 16:00:00+05:30,5.3699164,256.42953,13.504799,268.4725
2681,2025-10-19 17:00:00+05:30,4.6834598,267.79745,12.015589,278.61557
2682,2025-10-19 18:00:00+05:30,4.5572357,260.9098,11.409785,276.3401
2683,2025-10-19 19:00:00+05:30,5.369916,230.44037,12.535548,254.16754
2684,2025-10-19 20:00:00+05:30,5.5216303,250.9743,14.096425,264.8719
2685,2025-10-19 21:00:00+05:30,5.4029994,268.09088,13.954354,276.66656
2686,2025-10-19 22:00:00+05:30,4.471107,310.10083,12.134992,290.85452
2687,2025-10-19 23:00:00+05:30,4.8466477,344.93146,12.37819,310.8723
2688,2025-10-20 00:00:00+05:30,4.1125174,23.198618,9.781473,347.24246
2689,2025-10-20 01:00:00+05:30,3.9966483,35.837746,10.105681,4.085537
2690,2025-10-20 02:00:00+05:30,5.257109,51.952908,11.019764,38.367523
2691,2025-10-20 03:00:00+05:30,4.724786,72.25524,11.39842,68.702576
2692,2025-10-20 04:00:00+05:30,5.5916004,86.308685,13.14,90.0
2693,2025-10-20 05:00:00+05:30,3.3043609,60.64234,2.6758924,109.653915
2694,2025-10-20 06:00:00+05:30,5.195113,75.96373,4.7110505,96.581856
2695,2025-10-20 07:00:00+05:30,2.5959969,56.309914,4.412754,78.231735
2696,2025-10-20 08:00:00+05:30,3.7971041,31.429514,5.0432134,34.82457
2697,2025-10-20 09:00:00+05:30,3.189608,16.389616,4.1046314,15.255177
2698,2025-10-20 10:00:00+05:30,3.563818,315.0001,4.3274937,315.0001
2699,2025-10-20 11:00:00+05:30,6.638072,282.5288,8.163749,284.03625
2700,2025-10-20 12:00:00+05:30,6.7205353,277.69595,8.350138,277.4313
2701,2025-10-20 13:00:00+05:30,7.814986,277.9434,9.826088,278.42688
2702,2025-10-20 14:00:00+05:30,8.338489,283.7363,10.739833,283.57043
2703,2025-10-20 15:00:00+05:30,6.489992,289.44012,10.474082,289.0578
2704,2025-10-20 16:00:00+05:30,4.2175345,309.8055,10.404249,300.11365
2705,2025-10-20 17:00:00+05:30,6.1305785,319.7637,14.545515,310.98572
2706,2025-10-20 18:00:00+05:30,4.2021427,316.73566,11.592894,306.15826
2707,2025-10-20 19:00:00+05:30,3.8141315,289.29013,10.234705,293.86017
2708,2025-10-20 20:00:00+05:30,3.9312592,254.05453,9.114471,279.09018
2709,2025-10-20 21:00:00+05:30,3.8939953,236.3099,8.171683,262.40546
2710,2025-10-20 22:00:00+05:30,2.2768397,251.56496,6.6624317,268.45187
2711,2025-10-20 23:00:00+05:30,1.3104197,285.94547,8.649369,282.01144
2712,2025-10-21 00:00:00+05:30,3.244996,326.3099,9.761578,292.78244
2713,2025-10-21 01:00:00+05:30,5.0432134,325.17545,12.431733,304.3804
2714,2025-10-21 02:00:00+05:30,5.7628117,321.34018,14.336861,308.8845
2715,2025-10-21 03:00:00+05:30,5.854844,315.0001,14.565548,309.98682
2716,2025-10-21 04:00:00+05:30,5.3999996,306.86996,13.259049,311.69803
2717,2025-10-21 05:00:00+05:30,5.0432134,325.17545,12.124306,319.21426
2718,2025-10-21 06:00:00+05:30,5.854844,315.0001,9.418662,315.0001
2719,2025-10-21 07:00:00+05:30,2.19718,325.0079,6.444905,324.09018
2720,2025-10-21 08:00:00+05:30,1.659518,12.528798,2.7238941,7.59456
2721,2025-10-21 09:00:00+05:30,3.06,28.072395,3.8647635,27.758451
2722,2025-10-21 10:00:00+05:30,2.8174455,26.564985,3.550155,30.465475
2723,2025-10-21 11:00:00+05:30,0.742159,104.03627,0.9,90.0
2724,2025-10-21 12:00:00+05:30,1.6199999,180.0,1.835647,168.69011
2725,2025-10-21 13:00:00+05:30,2.6208394,195.94547,2.968636,194.03627
2726,2025-10-21 14:00:00+05:30,2.995797,212.73521,3.244996,213.6901
2727,2025-10-21 15:00:00+05:30,3.6,216.86998,4.4456716,211.75943
2728,2025-10-21 16:00:00+05:30,3.745557,215.21768,7.889258,214.77791
2729,2025-10-21 17:00:00+05:30,1.0495713,210.96368,4.198285,239.0363
2730,2025-10-21 18:00:00+05:30,1.5379207,159.44388,3.745557,215.21768
2731,2025-10-21 19:00:00+05:30,1.9386592,158.19853,4.3498964,204.44394
2732,2025-10-21 20:00:00+05:30,1.4058449,140.19447,3.710795,194.03627
2733,2025-10-21 21:00:00+05:30,2.4149535,153.43501,4.452954,194.03627
2734,2025-10-21 22:00:00+05:30,4.86,180.0,6.8541956,193.67133
2735,2025-10-21 23:00:00+05:30,4.0249224,169.6952,8.085988,196.82149
2736,2025-10-22 00:00:00+05:30,2.4014995,192.99461,7.0107627,209.19739
2737,2025-10-22 01:00:00+05:30,1.2074767,296.56497,4.8433046,228.01286
2738,2025-10-22 02:00:00+05:30,3.4152596,341.56494,5.0142193,291.03757
2739,2025-10-22 03:00:00+05:30,2.0124612,10.304792,2.8460495,304.69522
2740,2025-10-22 04:00:00+05:30,1.7076298,18.435053,3.396233,302.00534
2741,2025-10-22 05:00:00+05:30,3.8856654,13.392516,7.3997297,341.56494
2742,2025-10-22 06:00:00+05:30,5.5916004,33.178535,6.2613096,18.435053
2743,2025-10-22 07:00:00+05:30,3.1845248,47.290634,6.59154,55.0079
2744,2025-10-22 08:00:00+05:30,2.50064,59.743652,5.7204895,65.85446
2745,2025-10-22 09:00:00+05:30,2.1749482,65.55606,2.907989,68.19853
2746,2025-10-22 10:00:00+05:30,3.2599385,96.340096,4.1556225,94.96966
2747,2025-10-22 11:00:00+05:30,2.7238941,172.40544,3.319036,167.4712
2748,2025-10-22 12:00:00+05:30,3.9966488,187.76508,4.8899083,186.3401
2749,2025-10-22 13:00:00+05:30,5.072041,207.47435,6.279395,207.29948
2750,2025-10-22 14:00:00+05:30,4.8965297,216.02747,6.048107,216.52895
2751,2025-10-22 15:00:00+05:30,5.1165614,219.28938,7.1321807,222.95459
2752,2025-10-22 16:00:00+05:30,3.9966483,215.83774,8.404285,223.26433
2753,2025-10-22 17:00:00+05:30,1.659518,220.60121,6.1437774,238.17259
2754,2025-10-22 18:00:00+05:30,0.71999997,270.0,5.2478566,247.8336
2755,2025-10-22 19:00:00+05:30,0.54,360.0,4.514377,246.50142
2756,2025-10-22 20:00:00+05:30,0.56920993,341.56494,4.942631,259.50858
2757,2025-10-22 21:00:00+05:30,0.9,270.0,5.9834766,263.08887
2758,2025-10-22 22:00:00+05:30,1.2074767,333.43503,5.5829024,290.77234
2759,2025-10-22 23:00:00+05:30,1.2727921,44.999897,5.369916,320.44037
2760,2025-10-23 00:00:00+05:30,0.9178235,11.3098955,5.6521144,322.76508
2761,2025-10-23 01:00:00+05:30,0.71999997,360.0,5.441838,325.78424
2762,2025-10-23 02:00:00+05:30,3.189608,16.389616,7.42159,345.9637
2763,2025-10-23 03:00:00+05:30,4.510787,28.610369,8.101999,358.727
2764,2025-10-23 04:00:00+05:30,4.542994,33.6901,7.3094187,9.926182
2765,2025-10-23 05:00:00+05:30,2.4482648,36.027473,7.256032,7.12493
2766,2025-10-23 06:00:00+05:30,2.657668,28.30066,5.2694216,352.14676
2767,2025-10-23 07:00:00+05:30,1.5484185,54.46224,4.278551,14.620926
2768,2025-10-23 08:00:00+05:30,1.8089776,5.7105074,3.604497,2.8623457
2769,2025-10-23 09:00:00+05:30,1.835647,11.3098955,2.36753,8.746089
2770,2025-10-23 10:00:00+05:30,3.3092597,22.380184,3.7842832,25.346138
2771,2025-10-23 11:00:00+05:30,2.4014995,77.00539,3.01735,72.64589
2772,2025-10-23 12:00:00+05:30,2.5455842,98.13002,3.0811036,96.70974
2773,2025-10-23 13:00:00+05:30,0.0,270.0,0.0,270.0
2774,2025-10-23 14:00:00+05:30,1.98,90.0,2.5264204,85.91447
2775,2025-10-23 15:00:00+05:30,1.6299692,186.3401,1.659518,192.5288
2776,2025-10-23 16:00:00+05:30,0.5091169,135.0001,0.8049845,153.43501
2777,2025-10-23 17:00:00+05:30,3.964089,182.60251,9.007196,182.29056
2778,2025-10-23 18:00:00+05:30,1.3708391,156.80138,5.297018,189.78233
2779,2025-10-23 19:00:00+05:30,1.1384199,108.43504,3.7842832,177.27374
2780,2025-10-23 20:00:00+05:30,2.0523157,127.875046,4.8466477,164.93146
2781,2025-10-23 21:00:00+05:30,2.3400002,157.3801,5.720489,167.27565
2782,2025-10-23 22:00:00+05:30,2.5071096,201.03758,5.1544156,192.09474
2783,2025-10-23 23:00:00+05:30,2.9522195,232.43134,5.815978,248.19853
2784,2025-10-24 00:00:00+05:30,4.5891175,295.5599,7.69592,280.78424
2785,2025-10-24 01:00:00+05:30,3.8647635,297.75842,8.613709,280.84027
2786,2025-10-24 02:00:00+05:30,2.7416782,293.1986,8.099999,270.0
2787,2025-10-24 03:00:00+05:30,3.6447225,302.90524,9.044888,275.7105
2788,2025-10-24 04:00:00+05:30,2.6999998,323.13004,7.587806,292.30624
2789,2025-10-24 05:00:00+05:30,4.7657523,10.885482,9.278297,341.91644
2790,2025-10-24 06:00:00+05:30,4.39436,34.9921,6.130579,3.3664
2791,2025-10-24 07:00:00+05:30,1.4512063,60.255207,2.4216523,41.98713
2792,2025-10-24 08:00:00+05:30,0.71999997,270.0,0.6489992,236.3099
2793,2025-10-24 09:00:00+05:30,2.5959969,236.3099,3.096837,234.46223
2794,2025-10-24 10:00:00+05:30,3.0652893,220.23628,3.572898,220.91429
2795,2025-10-24 11:00:00+05:30,4.198285,210.96368,4.7928696,214.28693
2796,2025-10-24 12:00:00+05:30,4.978554,220.60121,5.983477,223.7812
2797,2025-10-24 13:00:00+05:30,6.048107,233.47105,7.538541,236.68936
2798,2025-10-24 14:00:00+05:30,6.601363,244.1337,8.557102,247.75093
2799,2025-10-24 15:00:00+05:30,5.95906,244.98314,9.3962755,253.30067
2800,2025-10-24 16:00:00+05:30,3.84796,259.21576,9.3669195,272.20255
2801,2025-10-24 17:00:00+05:30,4.4456716,238.24055,9.9977,256.46414
2802,2025-10-24 18:00:00+05:30,4.3832865,250.82089,11.074022,262.52853
2803,2025-10-24 19:00:00+05:30,4.829907,243.43501,12.346741,262.46063
2804,2025-10-24 20:00:00+05:30,3.494968,235.49141,11.811622,262.11694
2805,2025-10-24 21:00:00+05:30,2.4216523,228.01286,8.936777,251.20001
2806,2025-10-24 22:00:00+05:30,2.1897945,260.53775,7.7983837,251.14674
2807,2025-10-24 23:00:00+05:30,3.362677,344.47583,6.5223618,297.97937
2808,2025-10-25 00:00:00+05:30,4.9785542,12.528798,9.028754,355.42615
2809,2025-10-25 01:00:00+05:30,2.5582807,50.710617,5.232399,3.9451082
2810,2025-10-25 02:00:00+05:30,2.1749482,114.44395,2.8799999,90.0
2811,2025-10-25 03:00:00+05:30,2.6758924,137.72638,5.1575575,150.75127
2812,2025-10-25 04:00:00+05:30,2.9301877,100.619606,5.3999996,143.13002
2813,2025-10-25 05:00:00+05:30,2.8174455,243.43501,9.109138,240.39565
2814,2025-10-25 06:00:00+05:30,5.3517847,289.6539,9.107359,251.56496
2815,2025-10-25 07:00:00+05:30,4.060985,347.19574,6.2379804,316.16904
2816,2025-10-25 08:00:00+05:30,4.510787,28.610369,5.8769383,27.349789
2817,2025-10-25 09:00:00+05:30,6.330782,75.17348,7.989243,75.650635
2818,2025-10-25 10:00:00+05:30,4.9785542,102.5288,6.0721655,101.97612
2819,2025-10-25 11:00:00+05:30,1.7076298,251.56496,2.1749482,245.55606
2820,2025-10-25 12:00:00+05:30,3.710795,247.1663,4.829907,243.43501
2821,2025-10-25 13:00:00+05:30,6.206738,253.14151,7.968939,251.56496
2822,2025-10-25 14:00:00+05:30,8.225035,246.80139,10.966713,246.80138
2823,2025-10-25 15:00:00+05:30,6.12,241.92761,11.113451,245.09526
2824,2025-10-25 16:00:00+05:30,3.745557,234.78232,9.741642,242.48808
2825,2025-10-25 17:00:00+05:30,5.4744864,242.5925,13.379461,252.78384
2826,2025-10-25 18:00:00+05:30,3.6179552,264.2895,10.360559,262.01077
2827,2025-10-25 19:00:00+05:30,2.1749482,294.44394,9.114471,279.09018
2828,2025-10-25 20:00:00+05:30,2.995797,57.264786,3.7799997,360.0
2829,2025-10-25 21:00:00+05:30,7.42159,75.96373,13.905509,68.74943
2830,2025-10-25 22:00:00+05:30,6.28713,66.37061,14.584443,77.16439
2831,2025-10-25 23:00:00+05:30,7.327127,62.17599,14.572219,72.01258
2832,2025-10-26 00:00:00+05:30,7.689603,57.42595,16.10472,62.00294
2833,2025-10-26 01:00:00+05:30,6.3231,85.101,14.275713,84.93648
2834,2025-10-26 02:00:00+05:30,7.44121,57.84773,15.342294,67.94889
2835,2025-10-26 03:00:00+05:30,7.0591216,70.640915,15.503006,74.511444
2836,2025-10-26 04:00:00+05:30,9.595874,66.80139,18.455048,69.44388
2837,2025-10-26 05:00:00+05:30,9.346143,74.3577,18.204933,75.68893
2838,2025-10-26 06:00:00+05:30,9.914717,74.197426,18.179998,78.57885
2839,2025-10-26 07:00:00+05:30,8.836514,86.49654,13.690654,87.73955
2840,2025-10-26 08:00:00+05:30,7.029225,92.935616,9.761578,95.28999
2841,2025-10-26 09:00:00+05:30,7.613382,96.78888,10.182337,98.13002
2842,2025-10-26 10:00:00+05:30,7.072878,104.743614,8.880405,107.700516
2843,2025-10-26 11:00:00+05:30,3.8268526,131.18582,4.8433046,131.98714
2844,2025-10-26 12:00:00+05:30,3.7064266,209.0545,4.5891175,205.55992
2845,2025-10-26 13:00:00+05:30,6.618519,224.9999,8.528657,225.85501
2846,2025-10-26 14:00:00+05:30,7.7043357,232.59457,10.296251,233.53067
2847,2025-10-26 15:00:00+05:30,5.796447,233.84172,9.292255,238.46526
2848,2025-10-26 16:00:00+05:30,0.76367533,224.9999,5.2478566,247.8336
2849,2025-10-26 17:00:00+05:30,4.2481523,306.38446,11.453715,300.19153
2850,2025-10-26 18:00:00+05:30,2.5959969,303.6901,9.860649,291.41302
2851,2025-10-26 19:00:00+05:30,3.550155,329.53452,11.753877,297.3498
2852,2025-10-26 20:00:00+05:30,3.2599385,6.3401003,9.693296,328.67136
2853,2025-10-26 21:00:00+05:30,3.319036,77.4712,5.8409934,33.6901
2854,2025-10-26 22:00:00+05:30,4.8899083,83.659904,12.303366,69.44387
2855,2025-10-26 23:00:00+05:30,4.613762,69.44388,12.399112,76.56896
2856,2025-10-27 00:00:00+05:30,5.0816135,67.06787,13.350371,86.13462
2857,2025-10-27 01:00:00+05:30,5.950899,86.531845,14.967083,93.44732
2858,2025-10-27 02:00:00+05:30,7.5942073,84.55976,16.787354,94.30439
2859,2025-10-27 03:00:00+05:30,8.958504,67.557205,18.728653,76.09729
2860,2025-10-27 04:00:00+05:30,8.085988,73.17851,18.119305,76.79206
2861,2025-10-27 05:00:00+05:30,9.0,73.73973,19.384087,79.83798
2862,2025-10-27 06:00:00+05:30,10.272623,78.88701,19.959719,82.7469
2863,2025-10-27 07:00:00+05:30,9.796366,69.56709,17.202011,76.69081
2864,2025-10-27 08:00:00+05:30,12.007498,66.12472,16.645864,68.428635
2865,2025-10-27 09:00:00+05:30,11.91812,64.98315,15.978484,67.47939
2866,2025-10-27 10:00:00+05:30,11.203464,66.3179,14.64209,69.11413
2867,2025-10-27 11:00:00+05:30,9.016185,86.56644,11.722133,86.47862
2868,2025-10-27 12:00:00+05:30,5.8298883,98.88058,7.2805495,98.530685
2869,2025-10-27 13:00:00+05:30,3.2599385,83.659904,4.1556225,85.03035
2870,2025-10-27 14:00:00+05:30,1.8,53.13002,2.3051248,51.34017
2871,2025-10-27 15:00:00+05:30,0.8049845,26.564985,1.1384199,18.435053
2872,2025-10-27 16:00:00+05:30,0.56920993,18.435053,1.8792552,16.699326
2873,2025-10-27 17:00:00+05:30,0.9,180.0,1.7727944,156.0375
2874,2025-10-27 18:00:00+05:30,0.40249225,333.43503,0.9,323.13
2875,2025-10-27 19:00:00+05:30,2.5772078,347.90527,4.412754,348.23172
2876,2025-10-27 20:00:00+05:30,2.1674871,4.763556,5.1826253,20.323217
2877,2025-10-27 21:00:00+05:30,2.2553935,28.610369,6.048107,36.528946
2878,2025-10-27 22:00:00+05:30,1.609969,26.564985,4.829907,26.564985
2879,2025-10-27 23:00:00+05:30,2.0124612,10.304792,5.950899,356.53183
2880,2025-10-28 00:00:00+05:30,4.0249224,10.304792,8.553314,8.471065
2881,2025-10-28 01:00:00+05:30,4.4456716,31.75944,10.158444,29.744795
2882,2025-10-28 02:00:00+05:30,4.755544,29.475794,11.638917,31.723568
2883,2025-10-28 03:00:00+05:30,4.599695,30.579157,11.7662735,29.309916
2884,2025-10-28 04:00:00+05:30,4.3349743,48.366554,9.9408245,42.064255
2885,2025-10-28 05:00:00+05:30,6.12,90.0,14.761098,90.698685
2886,2025-10-28 06:00:00+05:30,7.0774574,97.30567,14.934577,105.376305
2887,2025-10-28 07:00:00+05:30,5.1197267,79.87539,12.992458,100.37579
2888,2025-10-28 08:00:00+05:30,6.037383,79.69521,9.028754,85.42616
2889,2025-10-28 09:00:00+05:30,8.43699,78.92985,11.098865,81.60716
2890,2025-10-28 10:00:00+05:30,9.796366,69.56709,12.750811,71.053406
2891,2025-10-28 11:00:00+05:30,7.8954163,65.77226,10.163227,67.06787
2892,2025-10-28 12:00:00+05:30,6.6405115,57.17146,8.55142,59.656826
2893,2025-10-28 13:00:00+05:30,6.7397914,55.885483,8.490582,57.99466
2894,2025-10-28 14:00:00+05:30,6.114703,42.614033,7.7650757,45.939102
2895,2025-10-28 15:00:00+05:30,5.09435,32.005356,8.39078,35.39489
2896,2025-10-28 16:00:00+05:30,5.1575575,29.248732,11.298495,30.6506
2897,2025-10-28 17:00:00+05:30,5.6492476,59.349415,11.341428,54.039394
2898,2025-10-28 18:00:00+05:30,4.278551,75.37909,9.021574,61.389645
2899,2025-10-28 19:00:00+05:30,3.7585104,106.699326,7.7734165,84.68555
2900,2025-10-28 20:00:00+05:30,3.572898,130.91429,7.329338,114.67685
2901,2025-10-28 21:00:00+05:30,1.835647,191.30989,5.315336,151.69934
2902,2025-10-28 22:00:00+05:30,0.6489992,326.3099,1.2074767,116.56499
2903,2025-10-28 23:00:00+05:30,3.550155,210.46547,6.698806,186.17007
2904,2025-10-29 00:00:00+05:30,3.6,233.13002,8.93859,205.01686
2905,2025-10-29 01:00:00+05:30,3.2048087,308.15726,6.050785,247.249
2906,2025-10-29 02:00:00+05:30,6.330782,345.17346,7.7650757,314.06088
2907,2025-10-29 03:00:00+05:30,4.1556225,355.03033,9.021574,331.38962
2908,2025-10-29 04:00:00+05:30,4.1556225,355.03033,9.83268,336.2505
2909,2025-10-29 05:00:00+05:30,7.2202215,184.28908,13.441071,200.37651
2910,2025-10-29 06:00:00+05:30,2.6999998,360.0,6.6185193,292.3802
2911,2025-10-29 07:00:00+05:30,7.538541,33.310646,11.726277,17.87879
2912,2025-10-29 08:00:00+05:30,7.5685663,64.65388,14.48972,63.435013
2913,2025-10-29 09:00:00+05:30,9.107359,71.564964,13.207634,72.55273
2914,2025-10-29 10:00:00+05:30,8.452336,63.435013,12.20023,68.35551
2915,2025-10-29 11:00:00+05:30,7.458606,81.67444,10.182337,81.86999
2916,2025-10-29 12:00:00+05:30,5.876938,49.969803,8.287822,55.6196
2917,2025-10-29 13:00:00+05:30,7.293888,15.75124,9.627896,20.806877
2918,2025-10-29 14:00:00+05:30,7.3799996,360.0,12.7546215,8.930518
2919,2025-10-29 15:00:00+05:30,6.7853074,21.801476,11.431062,26.161512
2920,2025-10-29 16:00:00+05:30,4.2021427,46.73567,10.075177,48.621593
2921,2025-10-29 17:00:00+05:30,3.9477081,133.1524,6.889557,123.2749
2922,2025-10-29 18:00:00+05:30,5.5450516,144.24602,10.571074,137.07004
2923,2025-10-29 19:00:00+05:30,1.08,180.0,5.257109,128.04709
2924,2025-10-29 20:00:00+05:30,1.4058449,219.80553,4.278551,157.75093
2925,2025-10-29 21:00:00+05:30,2.5772078,77.90526,7.42159,104.03627
2926,2025-10-29 22:00:00+05:30,3.9312592,105.945465,10.534229,106.88687
2927,2025-10-29 23:00:00+05:30,2.7416782,113.19862,7.1321807,100.17545
2928,2025-10-30 00:00:00+05:30,5.297018,80.21766,12.108261,78.85715
2929,2025-10-30 01:00:00+05:30,4.829907,63.435013,11.063778,68.025444
2930,2025-10-30 02:00:00+05:30,6.522361,50.59937,12.979984,56.3099
2931,2025-10-30 03:00:00+05:30,9.109138,52.22426,17.673029,56.63362
2932,2025-10-30 04:00:00+05:30,9.4238205,61.47699,18.318481,67.46671
2933,2025-10-30 05:00:00+05:30,9.600937,59.589005,18.934254,60.998398
2934,2025-10-30 06:00:00+05:30,11.755254,64.61213,20.448032,62.758347
2935,2025-10-30 07:00:00+05:30,8.777653,74.53873,14.970331,71.782814
2936,2025-10-30 08:00:00+05:30,11.050591,77.774895,16.486465,79.303535
2937,2025-10-30 09:00:00+05:30,10.474082,70.94221,17.94411,76.660736
2938,2025-10-30 10:00:00+05:30,13.672893,69.17903,19.130875,70.20104
2939,2025-10-30 11:00:00+05:30,14.861722,73.101265,20.793701,73.91828
2940,2025-10-30 12:00:00+05:30,19.260841,74.27519,27.027586,74.94564
2941,2025-10-30 13:00:00+05:30,17.388409,62.904526,24.393152,64.19134
2942,2025-10-30 14:00:00+05:30,16.075521,55.954018,23.277834,58.276447
2943,2025-10-30 15:00:00+05:30,15.22783,57.061314,22.476227,58.091934
2944,2025-10-30 16:00:00+05:30,11.679212,61.460106,19.726225,64.604126
2945,2025-10-30 17:00:00+05:30,14.291592,49.085716,25.133053,51.981007
2946,2025-10-30 18:00:00+05:30,13.479583,55.885483,24.33664,60.780857
2947,2025-10-30 19:00:00+05:30,13.799087,59.420856,24.875193,62.878777
2948,2025-10-30 20:00:00+05:30,12.320471,64.93257,23.068108,67.036194
2949,2025-10-30 21:00:00+05:30,13.31635,80.66508,23.70334,80.823875
2950,2025-10-30 22:00:00+05:30,13.661038,71.564964,24.84065,76.16513
2951,2025-10-30 23:00:00+05:30,14.264361,79.824554,26.168804,82.09293
