,date,wind_speed_10m,wind_direction_10m,wind_speed_100m,wind_direction_100m
0,2025-06-30 00:00:00+05:30,7.120815,69.27436,13.110376,81.31373
1,2025-06-30 01:00:00+05:30,7.4520864,52.853233,13.776762,61.09092
2,2025-06-30 02:00:00+05:30,9.12513,67.98867,16.895088,75.815674
3,2025-06-30 03:00:00+05:30,12.421304,90.8303,20.598795,95.01302
4,2025-06-30 04:00:00+05:30,12.261158,93.366394,20.240196,95.10208
5,2025-06-30 05:00:00+05:30,12.906138,98.017006,21.2522,100.738846
6,2025-06-30 06:00:00+05:30,15.367616,84.62339,23.084955,86.423744
7,2025-06-30 07:00:00+05:30,16.836496,83.86284,23.734076,83.46796
8,2025-06-30 08:00:00+05:30,15.96327,82.875084,22.304028,83.04714
9,2025-06-30 09:00:00+05:30,14.068817,86.33228,18.762354,86.149445
10,2025-06-30 10:00:00+05:30,11.183201,93.691315,14.238215,92.89851
11,2025-06-30 11:00:00+05:30,12.921192,108.68745,16.336426,108.634674
12,2025-06-30 12:00:00+05:30,9.686609,131.98714,13.633737,132.32452
13,2025-06-30 13:00:00+05:30,13.737904,121.60746,17.381886,121.87956
14,2025-06-30 14:00:00+05:30,7.0407386,122.471176,10.086427,124.82456
15,2025-06-30 15:00:00+05:30,7.8149853,118.92633,10.650465,120.46546
16,2025-06-30 16:00:00+05:30,13.493999,133.91916,20.5807,140.3228
17,2025-06-30 17:00:00+05:30,8.936778,117.597206,14.668619,119.39596
18,2025-06-30 18:00:00+05:30,10.062305,132.82524,18.713942,136.16905
19,2025-06-30 19:00:00+05:30,8.92408,131.72942,18.080818,136.6135
20,2025-06-30 20:00:00+05:30,10.441551,125.88223,20.135878,132.10135
21,2025-06-30 21:00:00+05:30,10.285232,122.85572,19.734436,128.33337
22,2025-06-30 22:00:00+05:30,9.9408245,121.67542,19.54803,126.76447
23,2025-06-30 23:00:00+05:30,10.404249,120.113655,20.448032,126.76911
24,2025-07-01 00:00:00+05:30,9.582358,118.00909,19.229694,125.47542
25,2025-07-01 01:00:00+05:30,10.144082,117.47435,20.118975,123.690094
26,2025-07-01 02:00:00+05:30,11.792404,121.26367,22.075516,125.37483
27,2025-07-01 03:00:00+05:30,13.060857,119.74478,22.782625,121.42951
28,2025-07-01 04:00:00+05:30,16.42839,122.471176,25.745665,120.68889
29,2025-07-01 05:00:00+05:30,13.379461,109.653915,22.90248,113.13949
30,2025-07-01 06:00:00+05:30,16.58346,117.12123,24.391161,116.754074
31,2025-07-01 07:00:00+05:30,12.931218,106.16457,17.555305,105.46127
32,2025-07-01 08:00:00+05:30,15.175612,112.30626,20.562586,113.198616
33,2025-07-01 09:00:00+05:30,18.762356,130.72044,25.420818,130.11717
34,2025-07-01 10:00:00+05:30,14.730336,128.55049,19.8,126.86999
35,2025-07-01 11:00:00+05:30,16.670176,114.90475,22.621351,115.95332
36,2025-07-01 12:00:00+05:30,17.935081,128.48022,24.265308,127.46501
37,2025-07-01 13:00:00+05:30,14.4,126.86999,19.008545,127.30403
38,2025-07-01 14:00:00+05:30,15.530151,135.9391,20.364674,135.0001
39,2025-07-01 15:00:00+05:30,10.348043,139.93929,15.210799,140.28128
40,2025-07-01 16:00:00+05:30,12.496718,138.50363,17.835447,137.45407
41,2025-07-01 17:00:00+05:30,9.422101,136.54811,15.561413,138.75183
42,2025-07-01 18:00:00+05:30,8.777654,118.14151,17.179394,125.18883
43,2025-07-01 19:00:00+05:30,8.089993,110.854546,16.276815,122.81136
44,2025-07-01 20:00:00+05:30,8.766573,109.17911,17.750774,120.46546
45,2025-07-01 21:00:00+05:30,9.565437,109.798965,19.233065,121.60745
46,2025-07-01 22:00:00+05:30,8.596766,109.57322,17.9973,120.66885
47,2025-07-01 23:00:00+05:30,8.863972,102.90741,18.183563,111.48551
48,2025-07-02 00:00:00+05:30,10.163227,112.93214,19.89631,118.65173
49,2025-07-02 01:00:00+05:30,9.984729,117.950874,19.634031,121.50421
50,2025-07-02 02:00:00+05:30,9.449572,107.74477,18.36794,114.30454
51,2025-07-02 03:00:00+05:30,10.931203,107.241554,19.888983,111.223724
52,2025-07-02 04:00:00+05:30,11.063778,111.97456,19.995398,113.33407
53,2025-07-02 05:00:00+05:30,12.71901,116.9276,21.495497,117.42326
54,2025-07-02 06:00:00+05:30,10.814989,108.43504,16.854767,109.98319
55,2025-07-02 07:00:00+05:30,10.272623,101.113,13.8037815,102.042564
56,2025-07-02 08:00:00+05:30,11.966953,96.91113,16.011908,98.40329
57,2025-07-02 09:00:00+05:30,13.971757,104.93147,18.47084,105.25517
58,2025-07-02 10:00:00+05:30,13.609951,110.11268,17.423777,109.932625
59,2025-07-02 11:00:00+05:30,13.472372,112.796555,17.515581,112.34815
60,2025-07-02 12:00:00+05:30,11.298495,112.47948,14.138882,111.66602
61,2025-07-02 13:00:00+05:30,9.059205,110.95586,11.103243,109.90384
62,2025-07-02 14:00:00+05:30,16.697365,101.18876,22.346838,100.67631
63,2025-07-02 15:00:00+05:30,5.48631,131.00899,7.7043357,127.40543
64,2025-07-02 16:00:00+05:30,9.499157,99.81924,12.849528,101.3099
65,2025-07-02 17:00:00+05:30,6.0347,107.35411,8.654986,106.9276
66,2025-07-02 18:00:00+05:30,8.473393,102.26476,16.418526,105.25517
67,2025-07-02 19:00:00+05:30,10.546525,117.439644,19.400795,117.04044
68,2025-07-02 20:00:00+05:30,9.12513,104.85866,17.589418,107.87879
69,2025-07-02 21:00:00+05:30,12.241323,126.027466,21.280384,125.70678
70,2025-07-02 22:00:00+05:30,12.708815,127.51919,21.437386,130.91429
71,2025-07-02 23:00:00+05:30,8.707237,119.74479,14.366211,127.875046
72,2025-07-03 00:00:00+05:30,8.709098,108.06056,14.74902,113.749504
73,2025-07-03 01:00:00+05:30,8.149847,120.529625,15.192682,126.32692
74,2025-07-03 02:00:00+05:30,7.5213294,111.03758,14.581111,118.77971
75,2025-07-03 03:00:00+05:30,9.292255,121.534744,17.137852,126.027466
76,2025-07-03 04:00:00+05:30,11.734564,131.26851,19.494091,132.3804
77,2025-07-03 05:00:00+05:30,11.385622,129.22566,20.247398,133.19887
78,2025-07-03 06:00:00+05:30,9.292254,135.78474,14.935662,139.39879
79,2025-07-03 07:00:00+05:30,10.185519,133.56796,13.748513,133.93918
80,2025-07-03 08:00:00+05:30,11.843124,136.8476,15.922626,137.29063
81,2025-07-03 09:00:00+05:30,12.738099,137.29063,16.818203,137.60262
82,2025-07-03 10:00:00+05:30,11.345712,131.78442,14.51876,132.99045
83,2025-07-03 11:00:00+05:30,9.335737,123.996506,11.384198,124.69522
84,2025-07-03 12:00:00+05:30,16.055355,132.27364,21.010712,133.26433
85,2025-07-03 13:00:00+05:30,9.432412,131.90585,13.513193,131.76021
86,2025-07-03 14:00:00+05:30,9.299225,137.35333,12.351987,136.77144
87,2025-07-03 15:00:00+05:30,7.386582,136.97493,8.909545,135.0001
88,2025-07-03 16:00:00+05:30,11.799271,158.52315,16.78156,157.28555
89,2025-07-03 17:00:00+05:30,9.734988,123.6901,14.731435,125.04945
90,2025-07-03 18:00:00+05:30,8.43699,123.690094,16.928614,125.04201
91,2025-07-03 19:00:00+05:30,7.145796,130.91429,14.896563,136.46873
92,2025-07-03 20:00:00+05:30,5.983477,133.7812,12.783802,147.65259
93,2025-07-03 21:00:00+05:30,7.029225,129.80553,14.2575445,136.02293
94,2025-07-03 22:00:00+05:30,7.1684303,128.8845,14.450535,140.55998
95,2025-07-03 23:00:00+05:30,12.906138,140.09216,20.025352,144.88133
96,2025-07-04 00:00:00+05:30,8.55142,149.65683,14.64209,159.11412
97,2025-07-04 01:00:00+05:30,6.8423676,144.63745,11.364259,150.59291
98,2025-07-04 02:00:00+05:30,4.1556225,107.650215,7.0934615,144.29323
99,2025-07-04 03:00:00+05:30,7.5685663,92.72626,10.215693,104.28113
100,2025-07-04 04:00:00+05:30,8.163749,104.03627,13.055896,105.1859
101,2025-07-04 05:00:00+05:30,8.805294,130.85529,14.84318,129.09386
102,2025-07-04 06:00:00+05:30,4.896529,162.89719,7.289444,159.77505
103,2025-07-04 07:00:00+05:30,2.0124612,169.6952,2.36753,171.25392
104,2025-07-04 08:00:00+05:30,3.3481934,143.74608,3.9966483,144.16226
105,2025-07-04 09:00:00+05:30,5.414979,158.5522,6.6185193,157.61983
106,2025-07-04 10:00:00+05:30,3.572898,130.91429,4.3349743,131.63345
107,2025-07-04 11:00:00+05:30,7.406295,154.05775,8.854829,153.43501
108,2025-07-04 12:00:00+05:30,8.9873905,147.26479,11.08572,147.60017
109,2025-07-04 13:00:00+05:30,5.0432134,182.04536,7.2022495,181.43207
110,2025-07-04 14:00:00+05:30,8.163749,194.03627,10.390226,194.03627
111,2025-07-04 15:00:00+05:30,8.4042845,189.86574,11.090103,193.13403
112,2025-07-04 16:00:00+05:30,8.4042845,170.13426,11.126562,170.69014
113,2025-07-04 17:00:00+05:30,8.827344,177.66275,14.4,180.0
114,2025-07-04 18:00:00+05:30,6.2145634,190.00792,13.499999,196.26028
115,2025-07-04 19:00:00+05:30,5.8769383,207.3498,12.55879,207.29948
116,2025-07-04 20:00:00+05:30,5.0432134,177.95464,10.4166975,189.95056
117,2025-07-04 21:00:00+05:30,5.6060677,132.39738,11.334285,147.31946
118,2025-07-04 22:00:00+05:30,7.8480825,143.39284,15.277749,145.56096
119,2025-07-04 23:00:00+05:30,7.570707,161.99574,14.450537,166.30994
120,2025-07-05 00:00:00+05:30,8.305396,150.1012,15.611304,159.05728
121,2025-07-05 01:00:00+05:30,8.461915,141.91118,15.459054,152.24155
122,2025-07-05 02:00:00+05:30,8.338489,147.3391,14.1102085,156.70541
123,2025-07-05 03:00:00+05:30,7.329338,155.32315,12.093535,165.3432
124,2025-07-05 04:00:00+05:30,9.430694,166.75948,15.683776,170.75397
125,2025-07-05 05:00:00+05:30,8.197414,171.15826,16.02101,179.35626
126,2025-07-05 06:00:00+05:30,5.369916,129.55963,10.195057,137.86247
127,2025-07-05 07:00:00+05:30,7.562142,141.76614,10.348043,139.93929
128,2025-07-05 08:00:00+05:30,6.279395,152.70052,8.37532,151.78275
129,2025-07-05 09:00:00+05:30,5.6492476,157.52052,7.0911775,156.0375
130,2025-07-05 10:00:00+05:30,5.402999,150.01845,6.698806,149.30035
131,2025-07-05 11:00:00+05:30,6.28713,156.3706,7.731623,155.22488
132,2025-07-05 12:00:00+05:30,6.924738,171.02745,8.649369,167.98854
133,2025-07-05 13:00:00+05:30,5.896202,167.66092,7.072878,165.2564
134,2025-07-05 14:00:00+05:30,7.0107627,150.80261,8.39657,149.03632
135,2025-07-05 15:00:00+05:30,12.168319,172.34944,16.499237,173.10767
136,2025-07-05 16:00:00+05:30,8.790563,169.3804,11.9317045,168.69011
137,2025-07-05 17:00:00+05:30,4.293669,146.97614,5.896202,148.73633
138,2025-07-05 18:00:00+05:30,4.2481523,126.384445,10.185519,136.43204
139,2025-07-05 19:00:00+05:30,5.896202,121.26367,12.606426,133.26433
140,2025-07-05 20:00:00+05:30,5.8631387,107.87879,12.5807,123.91747
141,2025-07-05 21:00:00+05:30,9.339208,117.552734,17.534992,125.81126
142,2025-07-05 22:00:00+05:30,9.54,121.890755,17.430283,125.33142
143,2025-07-05 23:00:00+05:30,9.703319,130.48593,17.95043,133.7812
144,2025-07-06 00:00:00+05:30,7.748368,120.73541,14.7039175,129.53613
145,2025-07-06 01:00:00+05:30,7.8954163,114.22774,13.281023,122.828545
146,2025-07-06 02:00:00+05:30,9.340941,115.083565,15.459054,117.75845
147,2025-07-06 03:00:00+05:30,9.179999,118.072395,15.96327,119.74479
148,2025-07-06 04:00:00+05:30,9.187056,124.62422,16.092644,126.35729
149,2025-07-06 05:00:00+05:30,8.905908,104.03627,14.607751,112.456985
150,2025-07-06 06:00:00+05:30,12.791403,103.84072,18.99661,102.58769
151,2025-07-06 07:00:00+05:30,13.121493,116.91648,18.434847,116.06461
152,2025-07-06 08:00:00+05:30,12.081473,123.45334,16.22498,123.6901
153,2025-07-06 09:00:00+05:30,9.278297,108.08354,12.0694,107.35411
154,2025-07-06 10:00:00+05:30,12.362475,106.06006,16.293728,106.03241
155,2025-07-06 11:00:00+05:30,12.399112,103.431046,16.24394,102.80426
156,2025-07-06 12:00:00+05:30,10.662626,111.801476,13.779114,109.85531
157,2025-07-06 13:00:00+05:30,5.072041,152.52565,6.8423676,144.63745
158,2025-07-06 14:00:00+05:30,5.09435,147.99466,6.544677,148.49579
159,2025-07-06 15:00:00+05:30,4.896529,107.10281,6.320538,109.98319
160,2025-07-06 16:00:00+05:30,4.7657523,79.11452,6.2483597,78.366394
161,2025-07-06 17:00:00+05:30,6.1858225,81.6342,10.449306,79.07724
162,2025-07-06 18:00:00+05:30,7.040739,94.39862,14.081478,94.39862
163,2025-07-06 19:00:00+05:30,6.6794305,75.96373,13.775586,83.24652
164,2025-07-06 20:00:00+05:30,8.431228,73.88651,17.227419,79.159744
165,2025-07-06 21:00:00+05:30,8.538149,71.564964,17.371632,79.854515
166,2025-07-06 22:00:00+05:30,11.722133,86.47862,21.240763,90.48554
167,2025-07-06 23:00:00+05:30,13.276144,102.5288,22.26477,104.03627
168,2025-07-07 00:00:00+05:30,11.132385,104.03627,20.49156,108.43504
169,2025-07-07 01:00:00+05:30,11.7,90.0,20.633371,96.00892
170,2025-07-07 02:00:00+05:30,10.285232,85.98591,18.382044,92.80631
171,2025-07-07 03:00:00+05:30,11.968308,77.84508,20.899387,82.07935
172,2025-07-07 04:00:00+05:30,12.961249,80.406944,21.768095,82.875084
173,2025-07-07 05:00:00+05:30,13.350371,86.13462,22.142927,89.06847
174,2025-07-07 06:00:00+05:30,14.455019,95.00056,23.599228,97.45016
175,2025-07-07 07:00:00+05:30,14.589996,87.87895,21.602999,90.95482
176,2025-07-07 08:00:00+05:30,12.487641,105.03787,18.59845,104.57426
177,2025-07-07 09:00:00+05:30,10.464798,93.945114,14.068817,93.66772
178,2025-07-07 10:00:00+05:30,11.555102,108.1528,15.141414,108.00426
179,2025-07-07 11:00:00+05:30,13.619471,119.275154,18.033268,117.33228
180,2025-07-07 12:00:00+05:30,7.486788,99.68872,10.004178,98.27581
181,2025-07-07 13:00:00+05:30,8.260411,101.3099,11.334284,100.06063
182,2025-07-07 14:00:00+05:30,9.97986,129.14398,13.248049,126.714294
183,2025-07-07 15:00:00+05:30,8.37532,118.21727,11.594292,117.75845
184,2025-07-07 16:00:00+05:30,7.889258,124.77791,11.298495,120.65059
185,2025-07-07 17:00:00+05:30,7.3997297,131.05472,12.399113,129.69904
186,2025-07-07 18:00:00+05:30,4.514377,66.50142,10.8792095,73.66389
187,2025-07-07 19:00:00+05:30,3.8856654,76.60749,10.086427,87.95464
188,2025-07-07 20:00:00+05:30,4.6730714,74.3577,11.212135,84.47256
189,2025-07-07 21:00:00+05:30,3.462369,98.97255,9.346143,105.64231
190,2025-07-07 22:00:00+05:30,3.604497,87.13766,8.085988,106.821495
191,2025-07-07 23:00:00+05:30,3.710795,75.96373,7.519175,101.0409
192,2025-07-08 00:00:00+05:30,4.2175345,50.194473,7.79215,83.367584
193,2025-07-08 01:00:00+05:30,5.876938,40.030197,9.913082,60.64234
194,2025-07-08 02:00:00+05:30,8.4042845,80.13426,15.84409,88.69808
195,2025-07-08 03:00:00+05:30,7.2359104,95.7105,13.346729,100.09744
196,2025-07-08 04:00:00+05:30,6.1120534,76.37299,11.521406,89.10485
197,2025-07-08 05:00:00+05:30,6.7205353,82.30404,12.0720825,92.56372
198,2025-07-08 06:00:00+05:30,6.2379804,133.83095,12.081473,151.5259
199,2025-07-08 07:00:00+05:30,7.2,143.13002,10.285232,147.14429
200,2025-07-08 08:00:00+05:30,7.344794,126.027466,10.441551,125.88223
201,2025-07-08 09:00:00+05:30,6.7397914,124.11452,8.55142,120.34317
202,2025-07-08 10:00:00+05:30,10.436895,147.6804,13.281023,147.17146
203,2025-07-08 11:00:00+05:30,7.587806,157.69374,9.595874,156.80139
204,2025-07-08 12:00:00+05:30,10.182337,171.86998,12.703715,172.67369
205,2025-07-08 13:00:00+05:30,9.901636,178.95839,12.421304,179.16971
206,2025-07-08 14:00:00+05:30,11.841756,160.46326,14.978986,159.60504
207,2025-07-08 15:00:00+05:30,10.564941,166.20049,15.934829,166.27768
208,2025-07-08 16:00:00+05:30,11.545284,149.03632,17.534992,148.43108
209,2025-07-08 17:00:00+05:30,11.282711,146.05637,19.125793,144.96373
210,2025-07-08 18:00:00+05:30,12.221457,136.1934,21.457026,139.76372
211,2025-07-08 19:00:00+05:30,10.957846,132.33694,19.477463,136.12321
212,2025-07-08 20:00:00+05:30,12.768586,130.426,22.335236,130.75145
213,2025-07-08 21:00:00+05:30,12.061343,127.72506,21.733088,129.62326
214,2025-07-08 22:00:00+05:30,12.906138,129.90784,22.199188,131.05472
215,2025-07-08 23:00:00+05:30,14.128566,134.4839,24.958414,133.24663
216,2025-07-09 00:00:00+05:30,15.048042,126.73292,25.420818,130.11717
217,2025-07-09 01:00:00+05:30,15.192682,126.32692,26.026031,131.074
218,2025-07-09 02:00:00+05:30,16.67795,124.89078,28.167557,128.77419
219,2025-07-09 03:00:00+05:30,15.910412,134.5417,27.267473,137.67549
220,2025-07-09 04:00:00+05:30,14.477417,128.43733,24.858906,131.77126
221,2025-07-09 05:00:00+05:30,13.451914,114.50739,23.02945,117.967026
222,2025-07-09 06:00:00+05:30,12.074766,116.56499,20.228188,119.30212
223,2025-07-09 07:00:00+05:30,12.221457,136.1934,20.128637,141.90028
224,2025-07-09 08:00:00+05:30,12.43434,157.8905,20.093193,161.72726
225,2025-07-09 09:00:00+05:30,11.679213,155.4099,19.15288,158.4985
226,2025-07-09 10:00:00+05:30,10.883676,145.78424,14.978984,147.26479
227,2025-07-09 11:00:00+05:30,12.669238,157.44272,19.95485,158.29451
228,2025-07-09 12:00:00+05:30,11.032987,151.76265,19.95485,158.29451
229,2025-07-09 13:00:00+05:30,10.601679,139.82083,17.823637,141.97272
230,2025-07-09 14:00:00+05:30,15.3264475,130.23628,22.45315,131.09941
231,2025-07-09 15:00:00+05:30,11.919479,128.25447,18.076338,128.12523
232,2025-07-09 16:00:00+05:30,12.204212,142.792,19.220427,146.45872
233,2025-07-09 17:00:00+05:30,10.63372,146.04091,18.201372,151.66096
234,2025-07-09 18:00:00+05:30,10.934166,110.22495,21.03614,113.71361
235,2025-07-09 19:00:00+05:30,10.534229,106.88687,20.256998,112.46326
236,2025-07-09 20:00:00+05:30,12.601285,111.80147,23.042812,118.96757
237,2025-07-09 21:00:00+05:30,12.383424,122.53506,22.939232,128.30878
238,2025-07-09 22:00:00+05:30,11.9140415,116.9521,22.117304,123.04342
239,2025-07-09 23:00:00+05:30,12.56008,115.4633,22.689283,121.04165
240,2025-07-10 00:00:00+05:30,12.483749,114.71742,22.140732,117.6066
241,2025-07-10 01:00:00+05:30,12.144331,101.97612,21.240763,106.745834
242,2025-07-10 02:00:00+05:30,12.601285,111.80147,21.661411,115.074394
243,2025-07-10 03:00:00+05:30,12.7279215,118.7397,21.57974,121.701385
244,2025-07-10 04:00:00+05:30,14.275713,131.93344,23.809721,133.46844
245,2025-07-10 05:00:00+05:30,14.156058,138.60857,24.122686,142.27495
246,2025-07-10 06:00:00+05:30,13.213765,127.806595,20.247398,133.19887
247,2025-07-10 07:00:00+05:30,16.818203,132.39738,24.09648,131.66899
248,2025-07-10 08:00:00+05:30,15.072783,139.84407,20.404411,138.57643
249,2025-07-10 09:00:00+05:30,14.637663,134.50185,19.72869,134.63039
250,2025-07-10 10:00:00+05:30,14.021525,131.87779,18.34411,132.61403
251,2025-07-10 11:00:00+05:30,13.748513,133.93918,18.073648,135.0001
252,2025-07-10 12:00:00+05:30,15.413928,137.36629,19.748388,137.58585
253,2025-07-10 13:00:00+05:30,13.239486,133.89838,16.932442,133.70792
254,2025-07-10 14:00:00+05:30,12.801531,117.64589,16.42247,116.00329
255,2025-07-10 15:00:00+05:30,20.991426,149.03632,32.382492,148.87245
256,2025-07-10 16:00:00+05:30,8.738811,147.61934,14.356058,149.89879
257,2025-07-10 17:00:00+05:30,6.7205353,97.69597,18.671474,123.996506
258,2025-07-10 18:00:00+05:30,9.165871,109.50254,18.532135,119.05451
259,2025-07-10 19:00:00+05:30,10.261579,111.61484,20.456745,118.36895
260,2025-07-10 20:00:00+05:30,9.430695,113.62939,19.82453,122.39137
261,2025-07-10 21:00:00+05:30,9.580668,115.60214,19.969458,123.976585
262,2025-07-10 22:00:00+05:30,9.021574,118.61037,18.865683,127.63532
263,2025-07-10 23:00:00+05:30,9.257321,116.56499,18.9,126.86999
264,2025-07-11 00:00:00+05:30,8.891344,111.3707,18.244045,120.86674
265,2025-07-11 01:00:00+05:30,9.430694,103.24053,18.955631,112.912865
266,2025-07-11 02:00:00+05:30,10.137692,106.50443,19.83025,113.540054
267,2025-07-11 03:00:00+05:30,10.261578,91.005066,19.561287,100.06901
268,2025-07-11 04:00:00+05:30,11.712455,87.35751,21.447208,92.88636
269,2025-07-11 05:00:00+05:30,11.013882,101.3099,19.386591,105.06854
270,2025-07-11 06:00:00+05:30,14.068816,106.34825,19.21284,105.20809
271,2025-07-11 07:00:00+05:30,12.879752,116.56499,17.870834,116.30691
272,2025-07-11 08:00:00+05:30,11.9466305,120.815636,15.898188,120.62992
273,2025-07-11 09:00:00+05:30,11.200571,135.0001,14.637663,134.50185
274,2025-07-11 10:00:00+05:30,12.932471,145.2039,16.825909,145.45984
275,2025-07-11 11:00:00+05:30,11.074023,135.65846,13.748513,136.06082
276,2025-07-11 12:00:00+05:30,11.341428,125.96061,14.186923,125.70678
277,2025-07-11 13:00:00+05:30,12.273043,184.20528,16.560978,179.37726
278,2025-07-11 14:00:00+05:30,4.186693,154.5367,5.8048253,150.2552
279,2025-07-11 15:00:00+05:30,5.7176566,151.8215,8.131936,152.30061
280,2025-07-11 16:00:00+05:30,11.334285,159.55037,15.547875,159.67677
281,2025-07-11 17:00:00+05:30,7.6579366,150.42226,11.453715,149.80847
282,2025-07-11 18:00:00+05:30,4.3498964,114.44395,10.742848,121.292984
283,2025-07-11 19:00:00+05:30,8.427383,109.98319,16.666288,117.67199
284,2025-07-11 20:00:00+05:30,8.209263,127.875046,17.035456,128.56529
285,2025-07-11 21:00:00+05:30,8.461915,113.838745,17.352036,126.98885
286,2025-07-11 22:00:00+05:30,6.444905,125.90981,15.281989,133.09087
287,2025-07-11 23:00:00+05:30,6.2483597,101.63361,13.737904,121.60746
288,2025-07-12 00:00:00+05:30,6.5024605,94.76356,13.874019,112.90581
289,2025-07-12 01:00:00+05:30,5.950899,86.531845,12.295462,107.90454
290,2025-07-12 02:00:00+05:30,4.8633323,87.87895,10.931203,107.241554
291,2025-07-12 03:00:00+05:30,11.207801,119.858925,20.808498,120.113655
292,2025-07-12 04:00:00+05:30,8.274128,135.88132,14.428097,139.55385
293,2025-07-12 05:00:00+05:30,11.832176,123.20658,20.917982,123.4166
294,2025-07-12 06:00:00+05:30,8.155807,112.036285,13.644427,120.96369
295,2025-07-12 07:00:00+05:30,9.220499,141.34016,12.708815,142.48082
296,2025-07-12 08:00:00+05:30,10.691453,135.0001,14.003028,136.04153
297,2025-07-12 09:00:00+05:30,10.546525,117.439644,13.766176,117.23507
298,2025-07-12 10:00:00+05:30,10.962281,119.511406,14.021525,119.197395
299,2025-07-12 11:00:00+05:30,9.614426,128.15727,12.425216,128.53021
300,2025-07-12 12:00:00+05:30,8.936778,124.33028,10.783486,123.424835
301,2025-07-12 13:00:00+05:30,7.6367526,135.0001,9.292254,135.78474
302,2025-07-12 14:00:00+05:30,7.7043357,142.59457,9.473541,141.17017
303,2025-07-12 15:00:00+05:30,7.989242,157.47939,9.693296,158.19853
304,2025-07-12 16:00:00+05:30,11.440979,155.85446,16.029099,155.44957
305,2025-07-12 17:00:00+05:30,6.778141,169.28693,9.56713,168.05585
306,2025-07-12 18:00:00+05:30,6.050785,149.62096,14.248452,153.75871
307,2025-07-12 19:00:00+05:30,6.1094027,135.0001,14.757804,149.99516
308,2025-07-12 20:00:00+05:30,5.95906,115.01687,14.021525,138.12222
309,2025-07-12 21:00:00+05:30,6.037383,116.56499,13.755579,137.12111
310,2025-07-12 22:00:00+05:30,6.6624317,128.41809,15.602999,140.6176
311,2025-07-12 23:00:00+05:30,3.8521678,127.40543,10.783486,146.57516
312,2025-07-13 00:00:00+05:30,2.4482646,107.10281,7.689603,147.42595
313,2025-07-13 01:00:00+05:30,2.5264204,85.91447,5.994297,138.65233
314,2025-07-13 02:00:00+05:30,2.9522195,52.431335,4.323748,92.385895
315,2025-07-13 03:00:00+05:30,5.0911684,44.999897,8.587338,56.976128
316,2025-07-13 04:00:00+05:30,4.7928696,55.713078,11.837652,61.876366
317,2025-07-13 05:00:00+05:30,3.0652893,139.76372,7.989243,104.349365
318,2025-07-13 06:00:00+05:30,4.8899083,6.3401003,7.3447943,17.102825
319,2025-07-13 07:00:00+05:30,3.7585104,106.699326,5.3999996,90.0
320,2025-07-13 08:00:00+05:30,5.6060677,84.47256,7.2805495,81.46932
321,2025-07-13 09:00:00+05:30,4.896529,72.89719,6.2613096,71.564964
322,2025-07-13 10:00:00+05:30,5.2323985,63.435013,6.6087217,60.64234
323,2025-07-13 11:00:00+05:30,3.4199998,90.0,4.1556225,85.03035
324,2025-07-13 12:00:00+05:30,10.546525,117.439644,12.24,118.072395
325,2025-07-13 13:00:00+05:30,8.281956,137.64261,10.571074,137.07004
326,2025-07-13 14:00:00+05:30,6.7397914,145.88548,8.78872,145.0079
327,2025-07-13 15:00:00+05:30,3.143565,103.24053,3.7585104,106.699326
328,2025-07-13 16:00:00+05:30,3.0811036,83.29026,3.6402748,81.46932
329,2025-07-13 17:00:00+05:30,3.3481934,126.25393,4.3274937,135.0001
330,2025-07-13 18:00:00+05:30,4.8366103,135.0001,11.638917,148.27644
331,2025-07-13 19:00:00+05:30,3.3092597,112.38018,8.536252,132.43619
332,2025-07-13 20:00:00+05:30,4.846648,121.328636,10.348043,130.06073
333,2025-07-13 21:00:00+05:30,5.0528407,85.91447,10.674773,95.80663
334,2025-07-13 22:00:00+05:30,5.426933,84.2895,11.892265,87.3975
335,2025-07-13 23:00:00+05:30,6.889557,56.725105,12.9625,64.502495
336,2025-07-14 00:00:00+05:30,7.2,36.86999,13.624228,46.60596
337,2025-07-14 01:00:00+05:30,9.059205,40.971645,17.311846,45.84244
338,2025-07-14 02:00:00+05:30,9.437563,55.09743,17.623463,55.82296
339,2025-07-14 03:00:00+05:30,11.923557,61.113514,22.140732,62.39341
340,2025-07-14 04:00:00+05:30,13.615902,65.8068,23.665035,68.11761
341,2025-07-14 05:00:00+05:30,14.008811,62.44729,24.25262,65.90799
342,2025-07-14 06:00:00+05:30,16.917128,20.556128,29.060942,26.088867
343,2025-07-14 07:00:00+05:30,18.194252,25.804485,29.113852,30.052357
344,2025-07-14 08:00:00+05:30,20.099642,38.820095,31.942772,39.97087
345,2025-07-14 09:00:00+05:30,21.786694,51.709793,34.3083,52.88953
346,2025-07-14 10:00:00+05:30,20.518421,56.449314,28.772987,58.29862
347,2025-07-14 11:00:00+05:30,22.22836,68.62931,31.252687,68.0147
348,2025-07-14 12:00:00+05:30,17.826363,46.636536,24.131413,49.53785
349,2025-07-14 13:00:00+05:30,21.26744,56.040897,31.353085,55.762486
350,2025-07-14 14:00:00+05:30,16.365158,60.333385,25.44566,64.8852
351,2025-07-14 15:00:00+05:30,9.194106,23.051332,13.374618,28.979609
352,2025-07-14 16:00:00+05:30,6.162207,276.70975,8.427383,289.9832
353,2025-07-14 17:00:00+05:30,9.567131,221.18582,15.934829,228.2053
354,2025-07-14 18:00:00+05:30,15.287288,192.2361,26.64,198.92474
355,2025-07-14 19:00:00+05:30,15.273505,188.13002,25.986166,192.39966
356,2025-07-14 20:00:00+05:30,14.33347,187.21417,25.13434,191.14896
357,2025-07-14 21:00:00+05:30,13.14493,178.43068,23.61364,183.05864
358,2025-07-14 22:00:00+05:30,11.588701,173.75818,21.060768,180.48969
359,2025-07-14 23:00:00+05:30,13.32,161.07526,22.700705,169.49203
360,2025-07-15 00:00:00+05:30,11.886816,147.99466,20.609016,154.10641
361,2025-07-15 01:00:00+05:30,13.70839,150.06857,22.90743,149.80847
362,2025-07-15 02:00:00+05:30,12.284918,140.94687,20.590143,148.95041
363,2025-07-15 03:00:00+05:30,11.414043,142.04572,20.767975,146.3099
364,2025-07-15 04:00:00+05:30,12.241323,160.23274,22.30911,165.51523
365,2025-07-15 05:00:00+05:30,13.040997,153.78868,22.375816,160.25307
366,2025-07-15 06:00:00+05:30,15.808263,172.14677,26.295406,178.03862
367,2025-07-15 07:00:00+05:30,14.848635,173.7366,24.660654,179.5818
368,2025-07-15 08:00:00+05:30,14.619946,184.23631,23.535301,186.14653
369,2025-07-15 09:00:00+05:30,11.588701,173.75818,17.673029,176.49654
370,2025-07-15 10:00:00+05:30,10.914888,166.65126,14.584443,167.1644
371,2025-07-15 11:00:00+05:30,8.139901,161.96562,10.390226,165.96373
372,2025-07-15 12:00:00+05:30,13.149859,160.82089,16.394829,160.76924
373,2025-07-15 13:00:00+05:30,19.386591,164.93146,29.671623,163.43385
374,2025-07-15 14:00:00+05:30,13.14493,178.43068,19.281015,177.32463
375,2025-07-15 15:00:00+05:30,10.360559,172.01076,14.690691,172.96216
376,2025-07-15 16:00:00+05:30,13.321216,179.2258,19.08085,179.4595
377,2025-07-15 17:00:00+05:30,11.307095,166.18495,18.392616,168.14024
378,2025-07-15 18:00:00+05:30,8.019601,134.09071,17.085785,138.41669
379,2025-07-15 19:00:00+05:30,10.00256,120.256355,19.87024,137.20262
380,2025-07-15 20:00:00+05:30,11.616626,139.39879,22.366402,146.82147
381,2025-07-15 21:00:00+05:30,13.437455,140.9806,23.621185,147.76324
382,2025-07-15 22:00:00+05:30,14.529915,138.01286,26.569975,142.43134
383,2025-07-15 23:00:00+05:30,15.072783,139.84407,27.540588,143.50449
384,2025-07-16 00:00:00+05:30,14.386494,148.29861,26.081993,153.78868
385,2025-07-16 01:00:00+05:30,14.248452,153.75871,25.644157,156.85419
386,2025-07-16 02:00:00+05:30,12.976239,156.2796,23.736124,161.42755
387,2025-07-16 03:00:00+05:30,14.1102085,156.70541,25.620771,160.29193
388,2025-07-16 04:00:00+05:30,13.213764,155.87901,24.193098,160.89091
389,2025-07-16 05:00:00+05:30,11.885453,144.86572,22.057894,152.80772
390,2025-07-16 06:00:00+05:30,12.932471,145.2039,23.105297,152.63654
391,2025-07-16 07:00:00+05:30,16.485485,148.39255,23.832163,148.591
392,2025-07-16 08:00:00+05:30,15.807239,149.9315,22.629229,148.33282
393,2025-07-16 09:00:00+05:30,17.471132,152.37901,25.762648,152.53986
394,2025-07-16 10:00:00+05:30,9.059205,159.04414,13.896187,163.44286
395,2025-07-16 11:00:00+05:30,12.74954,166.94475,16.24394,167.19574
396,2025-07-16 12:00:00+05:30,12.936227,158.79071,16.917128,159.44388
397,2025-07-16 13:00:00+05:30,12.267762,165.55592,16.50218,166.11531
398,2025-07-16 14:00:00+05:30,12.413476,196.85847,17.208603,195.78082
399,2025-07-16 15:00:00+05:30,9.568824,163.61038,12.931218,163.83543
400,2025-07-16 16:00:00+05:30,9.659814,153.43501,13.527572,154.7989
401,2025-07-16 17:00:00+05:30,9.743304,154.85526,16.67795,161.76051
402,2025-07-16 18:00:00+05:30,5.95906,154.98314,14.707222,158.45895
403,2025-07-16 19:00:00+05:30,7.6579366,156.44772,17.419127,166.25093
404,2025-07-16 20:00:00+05:30,6.601363,154.1337,15.717823,166.75948
405,2025-07-16 21:00:00+05:30,8.836514,146.63362,18.687086,159.12091
406,2025-07-16 22:00:00+05:30,10.009036,142.3057,20.298542,151.38963
407,2025-07-16 23:00:00+05:30,9.5416975,144.21094,19.581154,150.84317
408,2025-07-17 00:00:00+05:30,8.587338,146.97614,18.116623,154.70802
409,2025-07-17 01:00:00+05:30,8.099999,143.13002,16.909464,154.7989
410,2025-07-17 02:00:00+05:30,8.39657,149.03632,17.615187,158.41597
411,2025-07-17 03:00:00+05:30,7.889259,152.8504,17.137852,162.89719
412,2025-07-17 04:00:00+05:30,7.256032,150.2552,15.881875,162.18102
413,2025-07-17 05:00:00+05:30,8.435069,140.19447,16.18199,154.2901
414,2025-07-17 06:00:00+05:30,7.0107627,150.80261,13.337016,158.62932
415,2025-07-17 07:00:00+05:30,9.299225,165.42575,12.673074,168.5305
416,2025-07-17 08:00:00+05:30,9.721666,181.06088,12.791403,182.41946
417,2025-07-17 09:00:00+05:30,9.375563,183.3018,12.273043,184.20528
418,2025-07-17 10:00:00+05:30,9.007196,182.29056,11.542478,183.57626
419,2025-07-17 11:00:00+05:30,8.461914,178.78116,10.621525,179.029
420,2025-07-17 12:00:00+05:30,8.43699,168.92984,10.4166975,170.04944
421,2025-07-17 13:00:00+05:30,9.9408245,174.80566,12.261158,176.6336
422,2025-07-17 14:00:00+05:30,10.564941,166.20049,13.590894,168.54128
423,2025-07-17 15:00:00+05:30,10.266314,182.0095,14.224556,181.45018
424,2025-07-17 16:00:00+05:30,12.638513,206.20006,19.239801,206.08554
425,2025-07-17 17:00:00+05:30,8.688613,219.95749,15.266079,217.8158
426,2025-07-17 18:00:00+05:30,3.8773184,111.801476,10.825469,137.02136
427,2025-07-17 19:00:00+05:30,7.9036193,120.0685,16.870138,129.80553
428,2025-07-17 20:00:00+05:30,7.7734165,132.18437,16.502182,140.75458
429,2025-07-17 21:00:00+05:30,7.42159,140.90616,16.208998,150.01845
430,2025-07-17 22:00:00+05:30,7.7734165,137.81563,16.525724,147.00229
431,2025-07-17 23:00:00+05:30,10.00256,149.74365,19.888983,154.8265
432,2025-07-18 00:00:00+05:30,9.208192,175.51547,18.733839,177.79745
433,2025-07-18 01:00:00+05:30,9.5416975,181.0809,19.32801,184.80786
434,2025-07-18 02:00:00+05:30,8.909545,188.13002,18.11215,190.3048
435,2025-07-18 03:00:00+05:30,9.178235,191.30989,18.4243,194.71512
436,2025-07-18 04:00:00+05:30,6.6624317,181.54813,15.426535,191.44101
437,2025-07-18 05:00:00+05:30,6.151683,159.44388,12.781267,179.19308
438,2025-07-18 06:00:00+05:30,5.9427266,271.73566,9.3876505,265.60138
439,2025-07-18 07:00:00+05:30,9.860649,201.41304,12.976239,203.7204
440,2025-07-18 08:00:00+05:30,10.829958,201.4478,13.874019,202.9058
441,2025-07-18 09:00:00+05:30,8.085988,196.82149,10.304115,199.38461
442,2025-07-18 10:00:00+05:30,7.3447943,197.10281,8.936777,198.79999
443,2025-07-18 11:00:00+05:30,5.8104043,196.18927,6.9480934,196.55714
444,2025-07-18 12:00:00+05:30,7.8583965,200.09532,9.627896,200.80687
445,2025-07-18 13:00:00+05:30,8.197414,199.23076,9.927779,202.38017
446,2025-07-18 14:00:00+05:30,8.14587,224.9999,10.182337,224.9999
447,2025-07-18 15:00:00+05:30,4.978554,130.60121,5.983477,133.7812
448,2025-07-18 16:00:00+05:30,6.050785,210.37904,8.39657,210.96368
449,2025-07-18 17:00:00+05:30,8.775807,205.51382,12.72283,205.1148
450,2025-07-18 18:00:00+05:30,7.2022495,178.56793,15.477906,188.69542
451,2025-07-18 19:00:00+05:30,7.040739,175.60138,16.299694,186.3401
452,2025-07-18 20:00:00+05:30,7.0568266,185.85593,16.794104,197.46402
453,2025-07-18 21:00:00+05:30,7.342588,191.30989,17.304358,198.81198
454,2025-07-18 22:00:00+05:30,6.4624763,192.875,15.91041,201.92183
455,2025-07-18 23:00:00+05:30,8.131936,185.07951,17.552536,193.03867
456,2025-07-19 00:00:00+05:30,9.82279,193.78162,19.92235,198.43504
457,2025-07-19 01:00:00+05:30,9.227524,200.55612,19.574533,204.44394
458,2025-07-19 02:00:00+05:30,8.211235,206.0033,18.152353,210.37904
459,2025-07-19 03:00:00+05:30,7.0843205,207.21602,16.276815,212.81136
460,2025-07-19 04:00:00+05:30,7.3447943,197.10281,16.344357,205.43617
461,2025-07-19 05:00:00+05:30,7.2044983,192.99461,14.941083,201.92964
462,2025-07-19 06:00:00+05:30,7.814986,187.94337,14.145756,194.7436
463,2025-07-19 07:00:00+05:30,9.82279,193.78162,13.450708,195.52417
464,2025-07-19 08:00:00+05:30,10.134496,199.72237,13.441071,200.37651
465,2025-07-19 09:00:00+05:30,8.4963045,216.38445,10.656547,217.45065
466,2025-07-19 10:00:00+05:30,7.689603,212.57405,9.335737,213.9965
467,2025-07-19 11:00:00+05:30,7.029225,193.32454,8.557102,194.62091
468,2025-07-19 12:00:00+05:30,8.528657,187.27492,10.360559,187.98924
469,2025-07-19 13:00:00+05:30,8.707238,187.12492,10.742848,188.6731
470,2025-07-19 14:00:00+05:30,8.865799,185.82625,11.767651,186.14653
471,2025-07-19 15:00:00+05:30,9.208192,184.48453,12.304682,185.8773
472,2025-07-19 16:00:00+05:30,12.156331,207.3238,17.660192,209.9621
473,2025-07-19 17:00:00+05:30,7.928178,177.39749,11.901798,183.46815
474,2025-07-19 18:00:00+05:30,5.2694216,172.14677,12.638512,190.66974
475,2025-07-19 19:00:00+05:30,3.9312592,195.94547,11.500296,197.30061
476,2025-07-19 20:00:00+05:30,3.396233,212.00534,9.1958685,220.23628
477,2025-07-19 21:00:00+05:30,4.0249224,206.56499,10.783486,213.42484
478,2025-07-19 22:00:00+05:30,4.669604,207.55272,12.5807,213.91747
479,2025-07-19 23:00:00+05:30,6.28713,193.24052,14.707222,201.54105
480,2025-07-20 00:00:00+05:30,8.836514,183.50346,17.968472,190.9722
481,2025-07-20 01:00:00+05:30,8.827344,182.33725,18.329975,187.33429
482,2025-07-20 02:00:00+05:30,7.5685663,182.72626,16.700275,187.43132
483,2025-07-20 03:00:00+05:30,6.162207,186.70975,14.861722,191.1738
484,2025-07-20 04:00:00+05:30,5.950899,176.53185,14.113653,185.85593
485,2025-07-20 05:00:00+05:30,6.1569467,164.74483,13.1412325,179.2152
486,2025-07-20 06:00:00+05:30,4.323748,177.6141,7.613382,186.78888
487,2025-07-20 07:00:00+05:30,8.297589,192.5288,11.090103,193.13403
488,2025-07-20 08:00:00+05:30,6.452441,202.98874,8.133928,204.86368
489,2025-07-20 09:00:00+05:30,4.4565907,223.36346,5.6060677,222.39738
490,2025-07-20 10:00:00+05:30,2.8001428,224.9999,3.572898,220.91429
491,2025-07-20 11:00:00+05:30,2.2768397,251.56496,2.8174455,243.43501
492,2025-07-20 12:00:00+05:30,3.62243,333.43503,4.198285,329.03632
493,2025-07-20 13:00:00+05:30,9.96524,73.201546,12.535549,68.96242
494,2025-07-20 14:00:00+05:30,5.9834766,158.83867,8.197414,160.76924
495,2025-07-20 15:00:00+05:30,9.840914,140.19447,12.730467,136.14568
496,2025-07-20 16:00:00+05:30,7.7420926,125.537766,11.161451,127.79401
497,2025-07-20 17:00:00+05:30,4.599695,120.57915,8.149847,120.529625
498,2025-07-20 18:00:00+05:30,4.1125174,156.80139,10.3621235,162.824
499,2025-07-20 19:00:00+05:30,4.669604,152.44728,11.238113,148.09193
500,2025-07-20 20:00:00+05:30,5.7402787,221.18582,11.583109,212.94922
501,2025-07-20 21:00:00+05:30,3.745557,234.78232,9.9408245,227.93575
502,2025-07-20 22:00:00+05:30,3.710795,247.1663,10.00256,239.74365
503,2025-07-20 23:00:00+05:30,2.9024127,277.1249,7.458606,250.25307
504,2025-07-21 00:00:00+05:30,3.7842832,267.27374,9.505977,251.22186
505,2025-07-21 01:00:00+05:30,3.219938,243.43501,9.485504,236.61147
506,2025-07-21 02:00:00+05:30,0.0,270.0,3.8183763,224.9999
507,2025-07-21 03:00:00+05:30,1.2979984,56.309914,0.6489992,146.3099
508,2025-07-21 04:00:00+05:30,0.71999997,90.0,1.9881649,174.80566
509,2025-07-21 05:00:00+05:30,1.1525624,51.34017,0.25455844,44.999897
510,2025-07-21 06:00:00+05:30,5.293959,54.688713,6.7397914,55.885483
511,2025-07-21 07:00:00+05:30,5.2323985,40.814987,6.522361,39.400646
512,2025-07-21 08:00:00+05:30,4.5,53.13002,5.509882,51.632477
513,2025-07-21 09:00:00+05:30,3.0811036,83.29026,3.6402748,81.46932
514,2025-07-21 10:00:00+05:30,1.0495713,120.96369,1.0495713,120.96369
515,2025-07-21 11:00:00+05:30,1.2727921,98.13002,1.4399999,90.0
516,2025-07-21 12:00:00+05:30,0.76367533,224.9999,0.9,233.13002
517,2025-07-21 13:00:00+05:30,2.36753,188.74608,2.5455842,188.13002
518,2025-07-21 14:00:00+05:30,0.9,143.13002,1.2074767,153.43501
519,2025-07-21 15:00:00+05:30,3.2399998,180.0,3.84796,169.21574
520,2025-07-21 16:00:00+05:30,10.948973,207.40749,14.650938,206.25018
521,2025-07-21 17:00:00+05:30,9.965239,200.07161,17.244337,193.89122
522,2025-07-21 18:00:00+05:30,4.8633323,177.87895,11.734564,184.39862
523,2025-07-21 19:00:00+05:30,5.4833565,203.19862,13.54911,199.3979
524,2025-07-21 20:00:00+05:30,5.8852015,203.42871,14.01806,204.26129
525,2025-07-21 21:00:00+05:30,7.42159,219.09384,16.248924,219.15543
526,2025-07-21 22:00:00+05:30,6.59154,214.9921,15.552041,217.00261
527,2025-07-21 23:00:00+05:30,5.95906,205.01686,14.447172,210.71883
528,2025-07-22 00:00:00+05:30,6.452441,210.1413,14.835537,215.61858
529,2025-07-22 01:00:00+05:30,5.8769383,207.3498,14.128566,214.09503
530,2025-07-22 02:00:00+05:30,5.48631,221.00899,13.239486,223.89838
531,2025-07-22 03:00:00+05:30,4.3498964,245.55606,12.074766,243.43501
532,2025-07-22 04:00:00+05:30,4.2481523,233.61555,11.51578,245.03723
533,2025-07-22 05:00:00+05:30,4.6938257,237.52882,10.829958,248.5522
534,2025-07-22 06:00:00+05:30,4.4565907,223.36346,9.703319,229.51407
535,2025-07-22 07:00:00+05:30,5.369916,230.44037,7.4520864,232.85323
536,2025-07-22 08:00:00+05:30,4.752136,217.30403,6.248359,221.49637
537,2025-07-22 09:00:00+05:30,4.3349743,175.23645,5.2200003,180.0
538,2025-07-22 10:00:00+05:30,4.7521367,155.37645,6.050785,157.249
539,2025-07-22 11:00:00+05:30,5.6492476,157.52052,7.186487,157.93205
540,2025-07-22 12:00:00+05:30,4.327493,163.0724,5.4656014,162.75845
541,2025-07-22 13:00:00+05:30,4.8899083,173.6599,6.162207,173.29025
542,2025-07-22 14:00:00+05:30,6.162207,173.29025,7.613382,173.21112
543,2025-07-22 15:00:00+05:30,7.748368,177.33705,9.906544,177.91748
544,2025-07-22 16:00:00+05:30,8.490582,184.86443,11.609651,187.12492
545,2025-07-22 17:00:00+05:30,9.172938,195.94547,15.99571,199.04672
546,2025-07-22 18:00:00+05:30,5.0142193,158.96242,12.007498,167.00539
547,2025-07-22 19:00:00+05:30,7.613382,186.78888,16.810495,192.99461
548,2025-07-22 20:00:00+05:30,6.7205353,187.69595,15.7754345,196.57408
549,2025-07-22 21:00:00+05:30,6.603817,197.44728,15.676544,201.55714
550,2025-07-22 22:00:00+05:30,5.7964473,205.76927,14.423605,209.12396
551,2025-07-22 23:00:00+05:30,5.5567255,204.90474,14.20062,210.46547
552,2025-07-23 00:00:00+05:30,5.00128,210.25635,13.433838,215.18079
553,2025-07-23 01:00:00+05:30,5.1165614,219.28938,13.5012,222.83891
554,2025-07-23 02:00:00+05:30,5.6002855,224.9999,14.275713,228.06656
555,2025-07-23 03:00:00+05:30,4.3536186,209.7448,11.975074,222.56331
556,2025-07-23 04:00:00+05:30,3.8521678,217.40543,10.993271,230.31459
557,2025-07-23 05:00:00+05:30,5.020677,194.5345,10.120099,218.50067
558,2025-07-23 06:00:00+05:30,4.8633323,177.87895,8.197414,199.23076
559,2025-07-23 07:00:00+05:30,3.4576871,218.65984,4.8433046,221.98714
560,2025-07-23 08:00:00+05:30,2.5959969,236.3099,3.4623692,242.10283
561,2025-07-23 09:00:00+05:30,2.1674871,94.76356,2.52,90.0
562,2025-07-23 10:00:00+05:30,5.426933,84.2895,6.8612823,85.4861
563,2025-07-23 11:00:00+05:30,3.4247334,86.98728,4.143911,87.5105
564,2025-07-23 12:00:00+05:30,2.7534704,101.3099,3.2846913,99.46225
565,2025-07-23 13:00:00+05:30,2.8856194,93.57626,3.462369,98.97255
566,2025-07-23 14:00:00+05:30,3.5864744,107.52566,4.327493,106.9276
567,2025-07-23 15:00:00+05:30,4.542994,146.3099,5.7431,147.80429
568,2025-07-23 16:00:00+05:30,8.197414,160.76924,10.644379,161.25856
569,2025-07-23 17:00:00+05:30,8.281956,181.24533,14.764389,181.39716
570,2025-07-23 18:00:00+05:30,4.73506,188.74608,12.108261,185.11722
571,2025-07-23 19:00:00+05:30,8.790563,190.6196,19.3104,191.83362
572,2025-07-23 20:00:00+05:30,6.601363,205.8663,16.50218,206.56499
573,2025-07-23 21:00:00+05:30,10.04458,216.25392,21.365477,219.1875
574,2025-07-23 22:00:00+05:30,7.562142,268.6361,17.309973,253.0724
575,2025-07-23 23:00:00+05:30,11.521406,61.03244,17.220835,48.814175
576,2025-07-24 00:00:00+05:30,1.9134263,131.18582,1.8532133,330.9455
577,2025-07-24 01:00:00+05:30,2.2553935,61.389645,4.1556225,17.650223
578,2025-07-24 02:00:00+05:30,2.1749482,114.44395,2.2910259,44.999897
579,2025-07-24 03:00:00+05:30,0.742159,14.036275,4.0249224,349.69522
580,2025-07-24 04:00:00+05:30,1.1384199,108.43504,2.0124612,63.435013
581,2025-07-24 05:00:00+05:30,1.609969,333.43503,4.1085763,331.1893
582,2025-07-24 06:00:00+05:30,3.84796,169.21574,5.720489,167.27565
583,2025-07-24 07:00:00+05:30,2.995797,237.26477,4.4456716,238.24055
584,2025-07-24 08:00:00+05:30,1.2979984,236.3099,1.8792552,253.30067
585,2025-07-24 09:00:00+05:30,1.2727921,98.13002,1.2727921,81.86999
586,2025-07-24 10:00:00+05:30,5.1197267,100.12462,6.2483597,101.63361
587,2025-07-24 11:00:00+05:30,7.4346757,83.047134,9.243311,83.29026
588,2025-07-24 12:00:00+05:30,3.244996,70.559875,4.0449963,69.14546
589,2025-07-24 13:00:00+05:30,4.278551,75.37909,5.3699164,76.42955
590,2025-07-24 14:00:00+05:30,5.0688457,83.88459,6.162207,83.29026
591,2025-07-24 15:00:00+05:30,5.7628117,88.21013,7.388775,87.20736
592,2025-07-24 16:00:00+05:30,4.278551,112.24908,5.5829024,110.77233
593,2025-07-24 17:00:00+05:30,2.8116899,129.80553,5.509882,128.36752
594,2025-07-24 18:00:00+05:30,2.1068459,340.0168,4.802999,12.99463
595,2025-07-24 19:00:00+05:30,3.710795,337.1663,7.0774574,352.69434
596,2025-07-24 20:00:00+05:30,5.8852015,336.5713,11.226575,347.96942
597,2025-07-24 21:00:00+05:30,6.330782,14.826528,14.264361,10.175456
598,2025-07-24 22:00:00+05:30,4.952453,19.093594,12.20023,21.644505
599,2025-07-24 23:00:00+05:30,4.91634,336.2505,11.9466305,353.9459
600,2025-07-25 00:00:00+05:30,2.9301877,79.380394,8.43699,33.6901
601,2025-07-25 01:00:00+05:30,7.040739,94.39862,12.703715,82.67369
602,2025-07-25 02:00:00+05:30,5.8769383,62.65021,12.337553,66.80139
603,2025-07-25 03:00:00+05:30,8.783189,45.83023,16.443172,48.106117
604,2025-07-25 04:00:00+05:30,11.792404,31.263678,20.234594,35.952522
605,2025-07-25 05:00:00+05:30,12.221457,43.806595,20.633371,47.12111
606,2025-07-25 06:00:00+05:30,17.123669,56.14286,26.836906,60.68421
607,2025-07-25 07:00:00+05:30,18.116623,64.70802,26.543135,67.26055
608,2025-07-25 08:00:00+05:30,17.750774,67.33541,27.811018,68.74943
609,2025-07-25 09:00:00+05:30,21.573734,72.01848,30.852018,71.9878
610,2025-07-25 10:00:00+05:30,24.419704,71.96563,35.00757,72.03077
611,2025-07-25 11:00:00+05:30,23.292444,73.3855,31.277039,73.96395
612,2025-07-25 12:00:00+05:30,23.912914,64.59232,32.296833,65.29179
613,2025-07-25 13:00:00+05:30,21.99538,68.89509,31.711178,70.43359
614,2025-07-25 14:00:00+05:30,23.051247,88.21013,31.525188,87.70944
615,2025-07-25 15:00:00+05:30,20.880775,90.493904,29.522196,89.30132
616,2025-07-25 16:00:00+05:30,18.913708,87.818405,30.064848,88.97087
617,2025-07-25 17:00:00+05:30,13.854155,114.56716,22.362055,112.229675
618,2025-07-25 18:00:00+05:30,21.3412,129.8674,34.365387,135.0001
619,2025-07-25 19:00:00+05:30,22.35626,142.85323,36.20193,145.1246
620,2025-07-25 20:00:00+05:30,24.913586,139.98248,39.806053,141.05695
621,2025-07-25 21:00:00+05:30,22.932877,132.45515,36.91185,135.3951
622,2025-07-25 22:00:00+05:30,22.577625,125.590866,36.095276,128.92755
623,2025-07-25 23:00:00+05:30,22.910965,128.94102,37.208225,132.25497
624,2025-07-26 00:00:00+05:30,22.725668,130.50276,36.68822,132.61403
625,2025-07-26 01:00:00+05:30,22.691423,131.78442,36.28016,133.99501
626,2025-07-26 02:00:00+05:30,22.404757,128.8036,35.711746,131.32167
627,2025-07-26 03:00:00+05:30,20.08916,126.25393,32.271744,128.65984
628,2025-07-26 04:00:00+05:30,18.832163,121.71509,30.353355,123.87858
629,2025-07-26 05:00:00+05:30,17.986494,112.972755,28.417774,115.91578
630,2025-07-26 06:00:00+05:30,14.98331,128.65982,24.248611,130.78574
631,2025-07-26 07:00:00+05:30,17.183167,135.42436,25.583439,135.28503
632,2025-07-26 08:00:00+05:30,17.055414,135.0001,23.546999,135.3097
633,2025-07-26 09:00:00+05:30,17.884428,130.10085,24.874542,131.18584
634,2025-07-26 10:00:00+05:30,18.204933,136.20175,25.08208,136.45383
635,2025-07-26 11:00:00+05:30,19.601,135.0001,26.87069,136.9001
636,2025-07-26 12:00:00+05:30,17.790886,152.91653,23.444956,151.07367
637,2025-07-26 13:00:00+05:30,14.973576,170.31128,20.192118,168.69011
638,2025-07-26 14:00:00+05:30,16.42247,153.9967,22.057161,153.85323
639,2025-07-26 15:00:00+05:30,14.477417,141.56267,19.90852,142.71559
640,2025-07-26 16:00:00+05:30,16.485485,148.39255,21.794127,149.19862
641,2025-07-26 17:00:00+05:30,10.874741,155.55606,18.040455,155.22488
642,2025-07-26 18:00:00+05:30,10.694485,136.36386,19.567083,140.59937
643,2025-07-26 19:00:00+05:30,10.464797,139.18501,19.67195,145.43741
644,2025-07-26 20:00:00+05:30,9.840914,129.80553,19.54389,139.85667
645,2025-07-26 21:00:00+05:30,10.441551,144.11777,20.406792,149.8164
646,2025-07-26 22:00:00+05:30,10.990322,148.39255,21.332088,153.43501
647,2025-07-26 23:00:00+05:30,9.257321,153.43501,19.130875,160.20103
648,2025-07-27 00:00:00+05:30,7.282774,140.01317,15.941944,154.59233
649,2025-07-27 01:00:00+05:30,9.292255,148.46526,18.484869,157.68051
650,2025-07-27 02:00:00+05:30,7.44121,147.84773,16.144905,157.72406
651,2025-07-27 03:00:00+05:30,7.8149853,141.54626,15.874734,150.81929
652,2025-07-27 04:00:00+05:30,8.936778,152.4028,17.892578,156.2716
653,2025-07-27 05:00:00+05:30,8.322932,158.42863,16.244938,164.57777
654,2025-07-27 06:00:00+05:30,9.224011,197.02061,18.675814,206.31802
655,2025-07-27 07:00:00+05:30,8.953078,210.17343,12.535549,212.09256
656,2025-07-27 08:00:00+05:30,8.827344,219.20718,11.870451,220.69543
657,2025-07-27 09:00:00+05:30,8.936778,214.33028,11.384198,214.69522
658,2025-07-27 10:00:00+05:30,11.161451,217.794,14.083778,218.77419
659,2025-07-27 11:00:00+05:30,11.334285,212.68054,14.330079,212.69197
660,2025-07-27 12:00:00+05:30,10.234705,214.24908,13.479583,214.11452
661,2025-07-27 13:00:00+05:30,10.261579,201.61484,13.070776,202.6806
662,2025-07-27 14:00:00+05:30,13.049689,204.44394,16.759342,204.08745
663,2025-07-27 15:00:00+05:30,8.131936,242.30061,10.548061,244.74687
664,2025-07-27 16:00:00+05:30,8.427383,199.9832,12.758432,196.38962
665,2025-07-27 17:00:00+05:30,6.3231,175.101,15.726067,185.25371
666,2025-07-27 18:00:00+05:30,9.0,180.0,16.902758,187.95743
667,2025-07-27 19:00:00+05:30,8.825508,191.76826,16.454994,199.82256
668,2025-07-27 20:00:00+05:30,8.6867485,185.94676,16.516901,196.4601
669,2025-07-27 21:00:00+05:30,6.542201,172.09293,14.205182,188.74608
670,2025-07-27 22:00:00+05:30,7.3821945,178.60284,15.629972,187.94337
671,2025-07-27 23:00:00+05:30,7.42159,194.03627,16.260885,206.28134
672,2025-07-28 00:00:00+05:30,7.69592,190.78426,15.717823,203.6294
673,2025-07-28 01:00:00+05:30,8.149847,186.3401,17.555305,195.46127
674,2025-07-28 02:00:00+05:30,10.759423,197.52565,20.849718,206.12256
675,2025-07-28 03:00:00+05:30,12.007498,220.13542,21.519598,226.69461
676,2025-07-28 04:00:00+05:30,11.328566,224.35634,20.719555,230.64056
677,2025-07-28 05:00:00+05:30,11.457958,226.27295,20.808498,232.73352
678,2025-07-28 06:00:00+05:30,7.2022495,181.43207,15.539537,205.3777
679,2025-07-28 07:00:00+05:30,11.091564,228.28934,16.895088,231.05418
680,2025-07-28 08:00:00+05:30,10.261579,232.12495,15.696165,233.39284
681,2025-07-28 09:00:00+05:30,11.734564,237.52882,16.237955,238.6006
682,2025-07-28 10:00:00+05:30,11.19189,242.19862,16.50709,242.03786
683,2025-07-28 11:00:00+05:30,8.78872,235.0079,13.929953,237.13132
684,2025-07-28 12:00:00+05:30,9.693296,238.67136,13.306615,239.9668
685,2025-07-28 13:00:00+05:30,8.654987,224.9999,11.079873,226.97493
686,2025-07-28 14:00:00+05:30,6.601363,205.8663,8.29173,207.12122
687,2025-07-28 15:00:00+05:30,4.5,196.26028,5.5887027,194.93147
688,2025-07-28 16:00:00+05:30,6.7757506,219.61066,10.310402,224.29277
689,2025-07-28 17:00:00+05:30,7.5170207,196.69933,12.703715,200.74615
690,2025-07-28 18:00:00+05:30,5.9834766,201.16133,12.5807,213.91747
691,2025-07-28 19:00:00+05:30,7.0591216,199.35909,13.985663,211.84901
692,2025-07-28 20:00:00+05:30,7.4672885,195.37631,15.216123,207.47435
693,2025-07-28 21:00:00+05:30,7.102591,188.74608,14.607751,202.45699
694,2025-07-28 22:00:00+05:30,6.924738,188.97255,14.4415655,202.72977
695,2025-07-28 23:00:00+05:30,6.302571,181.63654,13.358861,194.03627
696,2025-07-29 00:00:00+05:30,9.044888,185.7105,16.418526,195.25517
697,2025-07-29 01:00:00+05:30,7.613382,186.78888,13.88919,198.90466
698,2025-07-29 02:00:00+05:30,6.151683,200.55612,11.792404,211.26367
699,2025-07-29 03:00:00+05:30,4.0449963,200.85454,10.009036,217.6943
700,2025-07-29 04:00:00+05:30,5.937272,194.03627,11.995349,205.79597
701,2025-07-29 05:00:00+05:30,5.7628117,194.47034,10.385547,205.67677
702,2025-07-29 06:00:00+05:30,5.5887027,165.06853,7.4346757,173.04713
703,2025-07-29 07:00:00+05:30,9.195868,176.6336,14.050382,182.20255
704,2025-07-29 08:00:00+05:30,10.239453,190.1246,15.804164,194.5111
705,2025-07-29 09:00:00+05:30,6.924738,188.97255,10.390226,194.03627
706,2025-07-29 10:00:00+05:30,7.4346757,173.04713,9.914717,176.87793
707,2025-07-29 11:00:00+05:30,7.293888,195.75124,9.847496,198.10385
708,2025-07-29 12:00:00+05:30,8.373386,205.4633,10.8672905,206.56499
709,2025-07-29 13:00:00+05:30,10.474082,199.0578,13.54911,199.3979
710,2025-07-29 14:00:00+05:30,10.63372,177.08922,12.971244,177.6141
711,2025-07-29 15:00:00+05:30,8.557102,202.24907,12.835653,194.62091
712,2025-07-29 16:00:00+05:30,8.885877,186.98096,12.882267,187.22423
713,2025-07-29 17:00:00+05:30,10.075177,161.24126,15.108211,164.8047
714,2025-07-29 18:00:00+05:30,8.649369,167.98854,17.015474,173.92764
715,2025-07-29 19:00:00+05:30,8.65873,159.30447,17.512806,167.53508
716,2025-07-29 20:00:00+05:30,8.461915,141.91118,17.22836,152.63187
717,2025-07-29 21:00:00+05:30,9.037721,134.19316,18.289274,143.8067
718,2025-07-29 22:00:00+05:30,8.654987,135.0001,17.49615,143.3658
719,2025-07-29 23:00:00+05:30,8.536252,132.43619,17.377226,140.04251
720,2025-07-30 00:00:00+05:30,11.5887,136.88817,21.319935,139.45126
721,2025-07-30 01:00:00+05:30,11.778658,141.20343,20.073025,147.45001
722,2025-07-30 02:00:00+05:30,11.712454,133.75471,20.188908,140.06367
723,2025-07-30 03:00:00+05:30,12.241323,126.027466,21.152872,132.24083
724,2025-07-30 04:00:00+05:30,10.296251,126.46933,18.335276,133.4089
725,2025-07-30 05:00:00+05:30,10.387107,117.89718,17.681278,125.469955
726,2025-07-30 06:00:00+05:30,10.310402,135.70723,15.275627,135.95474
727,2025-07-30 07:00:00+05:30,11.5887,136.88817,16.039202,135.90929
728,2025-07-30 08:00:00+05:30,11.48761,144.5666,15.086748,144.22383
729,2025-07-30 09:00:00+05:30,12.283599,145.14548,15.881875,144.6887
730,2025-07-30 10:00:00+05:30,11.638917,148.27644,14.481893,147.69269
731,2025-07-30 11:00:00+05:30,15.233148,144.61964,22.034382,143.97253
732,2025-07-30 12:00:00+05:30,14.275713,156.9911,19.263363,156.3093
733,2025-07-30 13:00:00+05:30,15.655861,160.52333,20.6624,161.7228
734,2025-07-30 14:00:00+05:30,14.584443,155.96571,19.33639,155.82089
735,2025-07-30 15:00:00+05:30,14.292725,148.91257,18.832163,148.28491
736,2025-07-30 16:00:00+05:30,13.462749,150.35023,18.39878,149.42085
737,2025-07-30 17:00:00+05:30,12.039833,148.44867,17.229301,147.80429
738,2025-07-30 18:00:00+05:30,8.281956,132.3574,15.443328,130.74608
739,2025-07-30 19:00:00+05:30,5.904439,127.568665,13.004922,131.63345
740,2025-07-30 20:00:00+05:30,5.8603754,132.5104,12.7279215,135.0001
741,2025-07-30 21:00:00+05:30,3.0652893,130.23628,7.889258,145.22209
742,2025-07-30 22:00:00+05:30,2.8460498,71.564964,3.4623692,117.89718
743,2025-07-30 23:00:00+05:30,2.8174455,63.435013,2.3400002,67.3801
744,2025-07-31 00:00:00+05:30,2.4014995,192.99461,6.854195,209.93143
745,2025-07-31 01:00:00+05:30,5.2478566,210.96368,9.9408245,222.06425
746,2025-07-31 02:00:00+05:30,11.103243,196.96623,17.088627,203.59483
747,2025-07-31 03:00:00+05:30,10.8029995,190.56096,20.285769,206.33762
748,2025-07-31 04:00:00+05:30,9.54679,225.76381,18.865683,240.25522
749,2025-07-31 05:00:00+05:30,10.4493065,227.79277,18.289274,233.8067
750,2025-07-31 06:00:00+05:30,11.5887,223.11183,18.075441,224.19316
751,2025-07-31 07:00:00+05:30,14.266632,240.5242,21.578989,242.15251
752,2025-07-31 08:00:00+05:30,13.878689,236.10379,20.188908,238.8611
753,2025-07-31 09:00:00+05:30,13.18308,235.0079,17.922432,236.4695
754,2025-07-31 10:00:00+05:30,12.031756,218.92755,16.755476,219.3327
755,2025-07-31 11:00:00+05:30,10.261579,217.87505,15.602999,219.3824
756,2025-07-31 12:00:00+05:30,9.54,211.89075,12.783802,212.34741
757,2025-07-31 13:00:00+05:30,8.4963045,216.38445,10.9859,214.9921
758,2025-07-31 14:00:00+05:30,10.1456785,205.2011,12.96125,207.27667
759,2025-07-31 15:00:00+05:30,12.594856,210.96368,17.194475,210.86082
760,2025-07-31 16:00:00+05:30,11.923557,208.88649,17.349236,210.55588
761,2025-07-31 17:00:00+05:30,10.837435,221.63345,18.466455,226.97493
762,2025-07-31 18:00:00+05:30,9.5535755,222.70937,18.35647,228.17992
763,2025-07-31 19:00:00+05:30,11.638917,219.35173,21.768093,226.00499
764,2025-07-31 20:00:00+05:30,10.626099,218.81139,21.004541,223.95847
765,2025-07-31 21:00:00+05:30,9.028754,203.49858,18.738165,211.24687
766,2025-07-31 22:00:00+05:30,8.482947,197.28159,17.640919,208.65701
767,2025-07-31 23:00:00+05:30,9.526405,202.20352,18.832163,211.71509
768,2025-08-01 00:00:00+05:30,9.693296,201.80147,19.023878,212.6375
769,2025-08-01 01:00:00+05:30,10.233123,219.28938,20.110117,224.9999
770,2025-08-01 02:00:00+05:30,8.149847,186.3401,15.999762,197.00803
771,2025-08-01 03:00:00+05:30,11.003581,195.17297,19.192593,200.30457
772,2025-08-01 04:00:00+05:30,11.720751,190.6196,19.863714,194.1622
773,2025-08-01 05:00:00+05:30,10.8672905,206.56499,19.770523,213.11136
774,2025-08-01 06:00:00+05:30,8.320986,218.85338,13.110376,225.55618
775,2025-08-01 07:00:00+05:30,10.185519,226.43204,14.021525,228.12221
776,2025-08-01 08:00:00+05:30,15.858398,243.72585,21.183483,245.3949
777,2025-08-01 09:00:00+05:30,11.672275,252.96214,16.676977,256.2637
778,2025-08-01 10:00:00+05:30,13.218668,263.74606,17.731598,264.17374
779,2025-08-01 11:00:00+05:30,12.800266,244.15567,16.833609,245.35324
780,2025-08-01 12:00:00+05:30,10.630672,241.69934,13.929953,244.7595
781,2025-08-01 13:00:00+05:30,10.075177,228.62158,12.652604,230.19447
782,2025-08-01 14:00:00+05:30,10.934166,237.09476,14.045767,239.16223
783,2025-08-01 15:00:00+05:30,10.587917,197.81898,13.609951,200.11267
784,2025-08-01 16:00:00+05:30,9.54679,224.23619,13.276144,220.60121
785,2025-08-01 17:00:00+05:30,13.746156,224.9999,23.096882,229.1082
786,2025-08-01 18:00:00+05:30,6.379216,196.38962,14.747921,199.9832
787,2025-08-01 19:00:00+05:30,6.12,208.07239,14.973577,207.18103
788,2025-08-01 20:00:00+05:30,7.7420926,181.33218,16.87398,191.07016
789,2025-08-01 21:00:00+05:30,7.9932976,187.76508,17.114204,194.62091
790,2025-08-01 22:00:00+05:30,8.163749,194.03627,17.25373,203.35558
791,2025-08-01 23:00:00+05:30,8.967541,190.40765,17.878994,196.97559
792,2025-08-02 00:00:00+05:30,10.564941,193.79951,20.150354,198.75874
793,2025-08-02 01:00:00+05:30,8.951267,195.15411,17.950432,201.16133
794,2025-08-02 02:00:00+05:30,9.796366,200.4329,18.58451,201.59537
795,2025-08-02 03:00:00+05:30,8.688613,193.17256,16.712881,202.14523
796,2025-08-02 04:00:00+05:30,8.909545,188.13002,17.82727,196.42226
797,2025-08-02 05:00:00+05:30,9.0018,191.53459,17.137852,197.10281
798,2025-08-02 06:00:00+05:30,8.825508,191.76826,18.553972,210.29637
799,2025-08-02 07:00:00+05:30,10.24578,198.43504,14.941083,201.92964
800,2025-08-02 08:00:00+05:30,12.483749,204.71742,17.146358,206.83397
801,2025-08-02 09:00:00+05:30,13.337016,211.75943,17.823637,213.04813
802,2025-08-02 10:00:00+05:30,11.334285,212.68054,14.330079,212.69197
803,2025-08-02 11:00:00+05:30,10.883676,214.21576,13.538345,215.80344
804,2025-08-02 12:00:00+05:30,8.951267,164.84589,12.7279215,171.86998
805,2025-08-02 13:00:00+05:30,11.866355,170.39487,16.16496,172.32112
806,2025-08-02 14:00:00+05:30,11.074022,187.47147,14.471821,185.7105
807,2025-08-02 15:00:00+05:30,7.3094187,170.07382,10.062305,169.6952
808,2025-08-02 16:00:00+05:30,10.656547,164.32042,14.810401,163.76758
809,2025-08-02 17:00:00+05:30,11.052058,173.45381,19.313757,175.72424
810,2025-08-02 18:00:00+05:30,6.3639607,118.7397,14.64209,136.49428
811,2025-08-02 19:00:00+05:30,4.0249224,169.6952,12.367716,158.66307
812,2025-08-02 20:00:00+05:30,4.186693,154.5367,12.241323,162.89719
813,2025-08-02 21:00:00+05:30,8.836514,183.50346,19.09782,191.4158
814,2025-08-02 22:00:00+05:30,9.901636,178.95839,18.751125,183.3018
815,2025-08-02 23:00:00+05:30,11.792404,148.73633,20.037485,162.21602
816,2025-08-03 00:00:00+05:30,10.706596,153.00424,19.829433,164.19742
817,2025-08-03 01:00:00+05:30,8.0899935,147.72438,16.152931,165.80887
818,2025-08-03 02:00:00+05:30,15.477906,188.69542,26.337881,192.23149
819,2025-08-03 03:00:00+05:30,10.453957,182.96088,19.530622,189.54906
820,2025-08-03 04:00:00+05:30,10.801499,179.04518,20.738312,183.4832
821,2025-08-03 05:00:00+05:30,11.013882,168.69011,20.973671,174.58307
822,2025-08-03 06:00:00+05:30,13.327294,163.52304,22.747044,166.7335
823,2025-08-03 07:00:00+05:30,14.401124,179.28386,21.966637,181.4086
824,2025-08-03 08:00:00+05:30,16.1017,174.22577,22.392462,175.38943
825,2025-08-03 09:00:00+05:30,15.84,180.0,21.06,180.0
826,2025-08-03 10:00:00+05:30,11.605464,203.78204,15.175612,202.30626
827,2025-08-03 11:00:00+05:30,10.449306,190.92276,13.026081,191.15462
828,2025-08-03 12:00:00+05:30,21.262869,193.21275,27.199661,193.39252
829,2025-08-03 13:00:00+05:30,10.32924,202.5431,13.141232,203.40471
830,2025-08-03 14:00:00+05:30,12.472065,200.26578,15.94804,200.48044
831,2025-08-03 15:00:00+05:30,15.210799,200.79419,21.794127,202.3287
832,2025-08-03 16:00:00+05:30,14.584443,192.8356,20.605873,194.15767
833,2025-08-03 17:00:00+05:30,10.285232,184.0141,16.499237,186.89233
834,2025-08-03 18:00:00+05:30,11.351422,194.69736,19.809813,199.09358
835,2025-08-03 19:00:00+05:30,10.837435,175.23645,19.987295,181.54813
836,2025-08-03 20:00:00+05:30,11.252519,187.35228,20.44803,189.62808
837,2025-08-03 21:00:00+05:30,11.616627,192.5288,21.016878,196.41731
838,2025-08-03 22:00:00+05:30,10.483357,195.94547,19.751667,198.60016
839,2025-08-03 23:00:00+05:30,8.37532,188.65247,17.035456,195.94547
840,2025-08-04 00:00:00+05:30,10.837435,212.10623,20.3774,212.00534
841,2025-08-04 01:00:00+05:30,10.182337,224.9999,18.745079,228.50363
842,2025-08-04 02:00:00+05:30,7.0107627,240.80261,13.934605,241.4487
843,2025-08-04 03:00:00+05:30,6.3639607,261.87,12.429127,259.9921
844,2025-08-04 04:00:00+05:30,6.849467,176.98727,11.616627,192.5288
845,2025-08-04 05:00:00+05:30,7.415038,174.4279,14.081478,184.39862
846,2025-08-04 06:00:00+05:30,10.495713,185.90605,21.087673,193.32454
847,2025-08-04 07:00:00+05:30,10.594036,189.78233,20.999144,194.39363
848,2025-08-04 08:00:00+05:30,15.646544,203.02553,22.098986,203.01479
849,2025-08-04 09:00:00+05:30,11.298495,202.47948,14.986553,204.10223
850,2025-08-04 10:00:00+05:30,9.335737,199.13374,11.903159,200.35332
851,2025-08-04 11:00:00+05:30,9.0,196.26028,11.27553,196.69933
852,2025-08-04 12:00:00+05:30,9.021574,208.61037,11.276968,208.61037
853,2025-08-04 13:00:00+05:30,9.144637,216.1933,11.556504,217.40543
854,2025-08-04 14:00:00+05:30,13.14,228.888,19.62743,227.97382
855,2025-08-04 15:00:00+05:30,7.0774574,277.30566,11.345713,268.18173
856,2025-08-04 16:00:00+05:30,3.671294,258.6901,4.846648,248.19853
857,2025-08-04 17:00:00+05:30,6.5223618,297.97937,10.4166975,288.12195
858,2025-08-04 18:00:00+05:30,2.8001428,315.0001,7.570707,288.00424
859,2025-08-04 19:00:00+05:30,3.0758414,290.55612,7.2805495,278.53067
860,2025-08-04 20:00:00+05:30,1.3104197,254.05453,5.004518,232.3057
861,2025-08-04 21:00:00+05:30,3.396233,237.99466,9.220499,218.65984
862,2025-08-04 22:00:00+05:30,3.0652895,266.6336,9.252069,232.90707
863,2025-08-04 23:00:00+05:30,3.096837,234.46223,9.220499,231.34016
864,2025-08-05 00:00:00+05:30,3.8773184,201.80147,10.514218,218.04709
865,2025-08-05 01:00:00+05:30,4.379589,189.46225,10.404249,210.11365
866,2025-08-05 02:00:00+05:30,4.613762,200.55612,10.534229,213.147
867,2025-08-05 03:00:00+05:30,5.12289,198.43504,11.521406,208.96756
868,2025-08-05 04:00:00+05:30,5.2200003,180.0,12.144331,191.9761
869,2025-08-05 05:00:00+05:30,5.6233797,140.19447,11.063778,158.02544
870,2025-08-05 06:00:00+05:30,9.039514,167.34744,19.281015,177.32463
871,2025-08-05 07:00:00+05:30,9.926147,175.84044,14.77755,177.20735
872,2025-08-05 08:00:00+05:30,10.2742,176.98727,14.248452,176.37859
873,2025-08-05 09:00:00+05:30,11.157097,197.8504,15.086748,197.35411
874,2025-08-05 10:00:00+05:30,9.139322,212.12497,12.193589,211.10875
875,2025-08-05 11:00:00+05:30,7.653705,228.81418,10.185519,226.43204
876,2025-08-05 12:00:00+05:30,5.937272,255.96373,7.7983837,251.14674
877,2025-08-05 13:00:00+05:30,4.91634,293.7495,6.21717,292.1095
878,2025-08-05 14:00:00+05:30,7.7420926,197.59251,9.335737,199.13374
879,2025-08-05 15:00:00+05:30,8.936778,207.5972,11.7662735,209.3099
880,2025-08-05 16:00:00+05:30,12.140329,195.4787,16.740967,196.87634
881,2025-08-05 17:00:00+05:30,11.225132,195.81926,16.071491,195.59286
882,2025-08-05 18:00:00+05:30,9.708326,190.68486,18.519016,195.79247
883,2025-08-05 19:00:00+05:30,11.190442,191.12915,21.016878,196.41731
884,2025-08-05 20:00:00+05:30,9.82279,193.78162,19.706507,196.44868
885,2025-08-05 21:00:00+05:30,8.951267,195.15411,18.214718,198.43504
886,2025-08-05 22:00:00+05:30,8.709098,198.06056,17.5931,199.73277
887,2025-08-05 23:00:00+05:30,7.731623,204.77512,16.267857,204.86368
888,2025-08-06 00:00:00+05:30,8.049845,206.56499,16.50709,207.96214
889,2025-08-06 01:00:00+05:30,4.1125174,203.19861,12.236029,206.18805
890,2025-08-06 02:00:00+05:30,5.983477,223.7812,13.920647,220.27979
891,2025-08-06 03:00:00+05:30,7.282774,230.01317,15.426535,228.31104
892,2025-08-06 04:00:00+05:30,5.3517847,222.27362,13.239486,226.10162
893,2025-08-06 05:00:00+05:30,6.299999,233.13002,13.608762,232.52374
894,2025-08-06 06:00:00+05:30,10.571074,222.92996,19.119015,228.05296
895,2025-08-06 07:00:00+05:30,10.703569,222.27362,19.484116,223.12828
896,2025-08-06 08:00:00+05:30,10.486448,230.57222,17.288435,231.34016
897,2025-08-06 09:00:00+05:30,11.052058,232.94339,17.326813,235.15419
898,2025-08-06 10:00:00+05:30,12.88981,234.09018,18.171976,236.3099
899,2025-08-06 11:00:00+05:30,15.410774,255.80142,20.650637,255.35808
900,2025-08-06 12:00:00+05:30,13.775586,263.24652,18.486622,263.29025
901,2025-08-06 13:00:00+05:30,12.93247,261.1933,17.081041,262.12616
902,2025-08-06 14:00:00+05:30,13.31635,260.66507,17.462784,261.70294
903,2025-08-06 15:00:00+05:30,12.108261,264.88278,16.42839,265.60138
904,2025-08-06 16:00:00+05:30,9.734988,236.3099,13.584932,237.99466
905,2025-08-06 17:00:00+05:30,16.886456,211.48741,26.313267,212.71167
906,2025-08-06 18:00:00+05:30,6.9153743,231.34016,13.878689,236.10379
907,2025-08-06 19:00:00+05:30,9.05205,197.35411,17.146358,206.83397
908,2025-08-06 20:00:00+05:30,8.452336,206.56499,16.454992,210.21124
909,2025-08-06 21:00:00+05:30,8.155807,202.03629,16.279802,215.09589
910,2025-08-06 22:00:00+05:30,8.452336,206.56499,17.02404,213.35403
911,2025-08-06 23:00:00+05:30,9.67657,223.49261,18.329973,225.79564
912,2025-08-07 00:00:00+05:30,9.726664,231.009,18.875126,235.09743
913,2025-08-07 01:00:00+05:30,9.139322,237.87503,18.709612,239.98172
914,2025-08-07 02:00:00+05:30,8.953078,239.82657,18.519018,244.68034
915,2025-08-07 03:00:00+05:30,7.9383874,237.0306,16.833609,245.35324
916,2025-08-07 04:00:00+05:30,6.601363,244.1337,15.655861,252.60658
917,2025-08-07 05:00:00+05:30,6.7397914,235.88548,14.810401,249.36237
918,2025-08-07 06:00:00+05:30,7.8480825,233.39284,16.902758,262.04257
919,2025-08-07 07:00:00+05:30,7.889258,235.22209,11.269782,243.43501
920,2025-08-07 08:00:00+05:30,6.2379804,223.83095,8.043805,229.53786
921,2025-08-07 09:00:00+05:30,6.2067385,209.53868,7.6388745,214.43904
922,2025-08-07 10:00:00+05:30,6.2379804,223.83095,7.519175,227.9109
923,2025-08-07 11:00:00+05:30,4.724786,220.36446,5.728979,223.72705
924,2025-08-07 12:00:00+05:30,5.4477882,187.59456,6.3639607,188.13002
925,2025-08-07 13:00:00+05:30,14.935662,192.5288,20.192118,191.30989
926,2025-08-07 14:00:00+05:30,2.0124612,206.56499,2.3400002,202.6199
927,2025-08-07 15:00:00+05:30,3.671294,281.3099,4.8899083,276.3401
928,2025-08-07 16:00:00+05:30,2.1749482,155.55606,3.01735,162.64589
929,2025-08-07 17:00:00+05:30,6.391901,189.72751,9.354806,191.09369
930,2025-08-07 18:00:00+05:30,8.936778,170.72748,16.928614,181.82793
931,2025-08-07 19:00:00+05:30,8.827344,177.66275,16.981165,184.86443
932,2025-08-07 20:00:00+05:30,7.4346757,186.95287,15.501959,192.74529
933,2025-08-07 21:00:00+05:30,7.9932976,172.23492,15.3095255,182.02132
934,2025-08-07 22:00:00+05:30,8.209263,164.74483,15.922624,169.57935
935,2025-08-07 23:00:00+05:30,8.383054,165.06853,16.909464,168.33125
936,2025-08-08 00:00:00+05:30,10.30883,155.22488,18.519018,158.92244
937,2025-08-08 01:00:00+05:30,9.927779,157.61983,17.823637,159.91794
938,2025-08-08 02:00:00+05:30,10.094454,176.93358,17.82,180.0
939,2025-08-08 03:00:00+05:30,10.435344,165.00487,18.820976,170.08731
940,2025-08-08 04:00:00+05:30,8.089993,159.14546,15.367616,166.45204
941,2025-08-08 05:00:00+05:30,10.062305,153.43501,16.685717,159.80557
942,2025-08-08 06:00:00+05:30,14.275713,228.06656,23.555254,226.5481
943,2025-08-08 07:00:00+05:30,8.790563,227.4896,14.7039175,230.46387
944,2025-08-08 08:00:00+05:30,8.694204,207.09547,16.825909,214.54016
945,2025-08-08 09:00:00+05:30,11.9140415,206.9521,16.836496,208.75702
946,2025-08-08 10:00:00+05:30,13.447095,207.93706,18.955633,210.2172
947,2025-08-08 11:00:00+05:30,14.4,216.86998,19.875944,218.01157
948,2025-08-08 12:00:00+05:30,14.233664,212.08215,19.719656,213.83516
949,2025-08-08 13:00:00+05:30,11.525623,194.47034,15.7754345,196.57408
950,2025-08-08 14:00:00+05:30,14.677452,213.49521,19.921535,212.82854
951,2025-08-08 15:00:00+05:30,12.7279215,208.7397,17.727943,209.16751
952,2025-08-08 16:00:00+05:30,8.36758,198.8248,14.84318,202.8337
953,2025-08-08 17:00:00+05:30,6.8612823,175.4861,13.934604,185.93143
954,2025-08-08 18:00:00+05:30,8.714677,141.7098,16.019999,154.01082
955,2025-08-08 19:00:00+05:30,10.1902895,144.34459,19.80409,154.1337
956,2025-08-08 20:00:00+05:30,11.778658,141.20343,22.17144,147.60017
957,2025-08-08 21:00:00+05:30,11.738705,144.3601,22.040997,149.03632
958,2025-08-08 22:00:00+05:30,12.245293,155.69547,22.315643,160.68805
959,2025-08-08 23:00:00+05:30,11.334285,159.55037,20.671806,163.30067
960,2025-08-09 00:00:00+05:30,10.874741,167.57407,19.915842,170.11208
961,2025-08-09 01:00:00+05:30,15.388685,204.16663,25.12016,205.4633
962,2025-08-09 02:00:00+05:30,13.31635,189.33493,22.706413,192.8244
963,2025-08-09 03:00:00+05:30,9.826088,171.57312,17.823635,178.8427
964,2025-08-09 04:00:00+05:30,9.087772,172.03047,18.18,180.0
965,2025-08-09 05:00:00+05:30,9.914717,176.87793,18.741621,182.75243
966,2025-08-09 06:00:00+05:30,8.431228,163.8865,14.2336645,170.53775
967,2025-08-09 07:00:00+05:30,16.486465,190.69646,23.97516,192.57545
968,2025-08-09 08:00:00+05:30,18.498886,190.65385,25.453934,190.59471
969,2025-08-09 09:00:00+05:30,15.96327,187.12492,21.410923,187.24442
970,2025-08-09 10:00:00+05:30,15.585337,194.03627,20.605873,194.15767
971,2025-08-09 11:00:00+05:30,14.587776,195.75124,19.189215,196.90524
972,2025-08-09 12:00:00+05:30,14.650938,190.6196,19.48661,191.72508
973,2025-08-09 13:00:00+05:30,13.262714,187.8001,17.69593,189.36644
974,2025-08-09 14:00:00+05:30,17.9973,188.04898,24.414396,188.90666
975,2025-08-09 15:00:00+05:30,13.883356,193.49574,19.25327,193.51659
976,2025-08-09 16:00:00+05:30,14.98331,196.04001,21.121449,197.35411
977,2025-08-09 17:00:00+05:30,13.346729,190.09744,22.922276,193.16324
978,2025-08-09 18:00:00+05:30,9.82279,166.21838,19.580328,173.1364
979,2025-08-09 19:00:00+05:30,10.7714615,170.38034,21.996117,176.7162
980,2025-08-09 20:00:00+05:30,11.588701,173.75818,22.682856,180.90936
981,2025-08-09 21:00:00+05:30,12.800265,176.77554,24.130743,181.70978
982,2025-08-09 22:00:00+05:30,11.734564,175.60138,22.5,180.0
983,2025-08-09 23:00:00+05:30,11.003581,183.75165,21.567726,186.70975
984,2025-08-10 00:00:00+05:30,13.084402,187.90707,24.216522,191.14285
985,2025-08-10 01:00:00+05:30,12.673074,191.4695,23.574501,194.14238
986,2025-08-10 02:00:00+05:30,11.793777,195.94547,22.199188,198.43504
987,2025-08-10 03:00:00+05:30,10.137692,196.50444,20.161606,200.37653
988,2025-08-10 04:00:00+05:30,9.391102,192.17145,19.353138,198.43504
989,2025-08-10 05:00:00+05:30,7.6367526,188.13002,16.56489,199.0257
990,2025-08-10 06:00:00+05:30,9.181765,181.12328,19.270092,188.05432
991,2025-08-10 07:00:00+05:30,12.145665,186.80896,16.928614,188.5608
992,2025-08-10 08:00:00+05:30,14.05845,193.32454,18.947083,194.30031
993,2025-08-10 09:00:00+05:30,13.070776,202.6806,17.325876,203.90205
994,2025-08-10 10:00:00+05:30,11.203464,203.6821,14.49531,204.97388
995,2025-08-10 11:00:00+05:30,10.30883,204.77512,12.72283,205.1148
996,2025-08-10 12:00:00+05:30,11.592895,205.76927,14.650938,206.25018
997,2025-08-10 13:00:00+05:30,12.081473,208.4741,15.141414,208.39293
998,2025-08-10 14:00:00+05:30,13.605189,197.71588,17.76081,197.70052
999,2025-08-10 15:00:00+05:30,12.921192,198.68744,17.873554,198.79999
1000,2025-08-10 16:00:00+05:30,12.13499,212.27562,17.574675,212.87627
1001,2025-08-10 17:00:00+05:30,13.870515,182.23112,23.219301,187.12492
1002,2025-08-10 18:00:00+05:30,7.841888,189.24603,17.462782,194.32275
1003,2025-08-10 19:00:00+05:30,8.836514,183.50346,18.852798,190.45158
1004,2025-08-10 20:00:00+05:30,8.669949,184.76355,19.206936,190.25676
1005,2025-08-10 21:00:00+05:30,11.375658,184.53769,22.460365,189.68872
1006,2025-08-10 22:00:00+05:30,12.503199,186.61336,23.73271,189.60513
1007,2025-08-10 23:00:00+05:30,10.948973,189.46225,21.851286,191.40247
1008,2025-08-11 00:00:00+05:30,11.126562,189.30986,21.613495,192.99461
1009,2025-08-11 01:00:00+05:30,11.722133,183.52138,22.17217,187.93266
1010,2025-08-11 02:00:00+05:30,10.957847,194.26454,21.121449,197.35411
1011,2025-08-11 03:00:00+05:30,9.340941,205.08356,19.00599,208.2639
1012,2025-08-11 04:00:00+05:30,8.297589,204.34108,17.325874,209.22795
1013,2025-08-11 05:00:00+05:30,7.7420926,197.59251,16.09969,206.56499
1014,2025-08-11 06:00:00+05:30,8.131936,185.07951,14.668619,194.2068
1015,2025-08-11 07:00:00+05:30,8.880405,197.70052,12.181625,198.9705
1016,2025-08-11 08:00:00+05:30,9.582358,208.00908,12.659004,209.84584
1017,2025-08-11 09:00:00+05:30,9.668195,208.9509,12.10157,210.37904
1018,2025-08-11 10:00:00+05:30,10.934166,200.22495,13.504799,201.0924
1019,2025-08-11 11:00:00+05:30,10.234705,203.86018,12.72283,205.1148
1020,2025-08-11 12:00:00+05:30,13.379461,213.4763,18.431332,211.82741
1021,2025-08-11 13:00:00+05:30,9.97986,230.85602,12.632101,229.04459
1022,2025-08-11 14:00:00+05:30,3.964089,272.6025,4.8633323,272.12103
1023,2025-08-11 15:00:00+05:30,6.889557,199.8553,8.936777,198.79999
1024,2025-08-11 16:00:00+05:30,8.43699,213.6901,10.883676,214.21576
1025,2025-08-11 17:00:00+05:30,11.91812,205.01686,18.514643,206.56499
1026,2025-08-11 18:00:00+05:30,4.6800003,202.6199,12.641076,199.9832
1027,2025-08-11 19:00:00+05:30,4.724786,197.74477,12.739371,203.30492
1028,2025-08-11 20:00:00+05:30,5.5887027,194.93147,14.64209,200.88588
1029,2025-08-11 21:00:00+05:30,4.7657523,169.11452,13.200273,185.47728
1030,2025-08-11 22:00:00+05:30,6.8612823,175.4861,16.1017,185.77423
1031,2025-08-11 23:00:00+05:30,9.266067,187.8152,19.64558,193.78162
1032,2025-08-12 00:00:00+05:30,10.739833,193.57045,21.293324,197.20964
1033,2025-08-12 01:00:00+05:30,10.261579,201.61484,20.46941,203.86018
1034,2025-08-12 02:00:00+05:30,8.197414,199.23076,17.563608,204.20097
1035,2025-08-12 03:00:00+05:30,6.391901,189.72751,14.810401,200.63763
1036,2025-08-12 04:00:00+05:30,6.87779,186.00891,14.98331,196.04001
1037,2025-08-12 05:00:00+05:30,7.3821945,178.60284,14.973576,189.68872
1038,2025-08-12 06:00:00+05:30,7.4346757,173.04713,15.629972,187.94337
1039,2025-08-12 07:00:00+05:30,9.0018,181.14574,12.251905,182.52606
1040,2025-08-12 08:00:00+05:30,8.28,180.0,10.805999,181.9091
1041,2025-08-12 09:00:00+05:30,8.909545,171.86998,11.230904,173.5585
1042,2025-08-12 10:00:00+05:30,7.3821945,178.60284,9.181765,178.87672
1043,2025-08-12 11:00:00+05:30,8.461914,178.78116,10.261578,178.99493
1044,2025-08-12 12:00:00+05:30,7.415038,185.5721,9.044888,185.7105
1045,2025-08-12 13:00:00+05:30,7.579261,175.91446,9.0018,178.85426
1046,2025-08-12 14:00:00+05:30,7.2403865,145.1246,10.036512,147.45001
1047,2025-08-12 15:00:00+05:30,1.5379207,339.44388,1.6981165,327.99466
1048,2025-08-12 16:00:00+05:30,5.072041,117.47435,6.544677,121.50421
1049,2025-08-12 17:00:00+05:30,9.621163,197.41806,14.494192,194.38142
1050,2025-08-12 18:00:00+05:30,3.2599385,173.6599,8.209263,195.25517
1051,2025-08-12 19:00:00+05:30,4.471107,139.89915,10.137692,163.49556
1052,2025-08-12 20:00:00+05:30,7.9220443,158.68202,17.414476,172.87508
1053,2025-08-12 21:00:00+05:30,8.187527,146.65927,17.25373,156.64442
1054,2025-08-12 22:00:00+05:30,9.997699,156.66594,20.552341,162.67583
1055,2025-08-12 23:00:00+05:30,12.429127,169.99208,23.39792,172.92975
1056,2025-08-13 00:00:00+05:30,12.287555,174.95764,23.0653,177.31628
1057,2025-08-13 01:00:00+05:30,8.297589,176.26868,18.180891,179.43274
1058,2025-08-13 02:00:00+05:30,6.1120534,166.37299,14.978984,175.8654
1059,2025-08-13 03:00:00+05:30,9.83268,156.2505,19.41415,162.74097
1060,2025-08-13 04:00:00+05:30,6.444905,144.09018,15.299999,154.94241
1061,2025-08-13 05:00:00+05:30,6.696387,143.74608,14.512064,156.61476
1062,2025-08-13 06:00:00+05:30,6.198903,115.820946,13.878689,146.10379
1063,2025-08-13 07:00:00+05:30,10.692969,126.09837,15.697197,130.81499
1064,2025-08-13 08:00:00+05:30,11.226575,131.09941,16.697365,131.94122
1065,2025-08-13 09:00:00+05:30,12.229406,132.61403,17.69593,133.76367
1066,2025-08-13 10:00:00+05:30,13.690654,129.1304,18.921415,129.59618
1067,2025-08-13 11:00:00+05:30,9.109138,119.604355,11.638917,121.72356
1068,2025-08-13 12:00:00+05:30,15.176678,123.87858,20.66867,123.27491
1069,2025-08-13 13:00:00+05:30,8.019601,99.039406,11.190442,101.12915
1070,2025-08-13 14:00:00+05:30,5.6060677,84.47256,7.040739,85.60138
1071,2025-08-13 15:00:00+05:30,7.208994,87.13766,8.6867485,84.05324
1072,2025-08-13 16:00:00+05:30,11.935778,113.08516,18.116623,115.291985
1073,2025-08-13 17:00:00+05:30,7.928178,92.60251,12.783802,99.72751
1074,2025-08-13 18:00:00+05:30,12.072083,69.943825,20.69687,74.875946
1075,2025-08-13 19:00:00+05:30,10.209348,80.8699,19.649702,86.84935
1076,2025-08-13 20:00:00+05:30,11.196231,85.38944,21.066921,88.531235
1077,2025-08-13 21:00:00+05:30,11.003581,93.751656,20.34,97.62806
1078,2025-08-13 22:00:00+05:30,10.621525,90.971,19.781172,97.318924
1079,2025-08-13 23:00:00+05:30,10.63372,92.910774,19.885721,99.37699
1080,2025-08-14 00:00:00+05:30,9.726665,87.87895,18.595839,94.44116
1081,2025-08-14 01:00:00+05:30,10.259999,90.0,19.290257,93.20942
1082,2025-08-14 02:00:00+05:30,10.1376915,83.88459,19.08,90.0
1083,2025-08-14 03:00:00+05:30,12.144331,101.97612,21.17354,104.27255
1084,2025-08-14 04:00:00+05:30,8.909545,98.13002,16.946787,102.26476
1085,2025-08-14 05:00:00+05:30,9.007196,92.29056,17.40424,100.72881
1086,2025-08-14 06:00:00+05:30,13.170786,86.08183,19.290257,86.79059
1087,2025-08-14 07:00:00+05:30,13.644427,98.34381,18.913708,98.20713
1088,2025-08-14 08:00:00+05:30,15.108211,105.195305,20.57125,105.73887
1089,2025-08-14 09:00:00+05:30,16.886456,121.48742,21.948933,120.56076
1090,2025-08-14 10:00:00+05:30,12.961249,127.66569,16.992609,126.384445
1091,2025-08-14 11:00:00+05:30,14.7039175,129.53613,18.668005,129.5226
1092,2025-08-14 12:00:00+05:30,9.693296,121.328636,13.779114,123.2749
1093,2025-08-14 13:00:00+05:30,11.440979,114.14554,15.079229,113.198616
1094,2025-08-14 14:00:00+05:30,11.5887,133.11183,15.03835,132.0891
1095,2025-08-14 15:00:00+05:30,12.007498,139.86458,16.069473,138.63306
1096,2025-08-14 16:00:00+05:30,11.500296,140.07967,16.22498,139.95033
1097,2025-08-14 17:00:00+05:30,8.587338,123.02387,14.796175,126.59118
1098,2025-08-14 18:00:00+05:30,7.056826,127.74687,14.941083,126.17972
1099,2025-08-14 19:00:00+05:30,6.3231,94.89901,14.345898,107.52566
1100,2025-08-14 20:00:00+05:30,7.922045,91.301926,16.245934,99.56662
1101,2025-08-14 21:00:00+05:30,8.863972,102.90741,17.47484,108.62168
1102,2025-08-14 22:00:00+05:30,8.951267,105.15412,18.152355,112.751015
1103,2025-08-14 23:00:00+05:30,8.12197,102.80426,16.963984,109.20407
1104,2025-08-15 00:00:00+05:30,7.823272,113.02553,16.767075,119.5922
1105,2025-08-15 01:00:00+05:30,7.6642804,99.46225,16.116785,110.256546
1106,2025-08-15 02:00:00+05:30,7.9138603,107.19863,16.09969,116.56499
1107,2025-08-15 03:00:00+05:30,7.8149853,104.67644,15.299999,115.05759
1108,2025-08-15 04:00:00+05:30,7.8087645,115.97434,15.589497,121.30406
1109,2025-08-15 05:00:00+05:30,6.7853074,111.801476,13.985663,121.849014
1110,2025-08-15 06:00:00+05:30,9.172938,105.945465,17.419127,113.12087
1111,2025-08-15 07:00:00+05:30,11.753877,117.34979,16.263872,117.69938
1112,2025-08-15 08:00:00+05:30,15.536408,133.12215,20.495512,133.93259
1113,2025-08-15 09:00:00+05:30,10.234705,124.24909,13.83192,124.931015
1114,2025-08-15 10:00:00+05:30,11.43248,146.56012,14.77755,145.92276
1115,2025-08-15 11:00:00+05:30,9.473541,141.17017,12.172312,141.6048
1116,2025-08-15 12:00:00+05:30,9.0,126.86999,11.196232,126.50153
1117,2025-08-15 13:00:00+05:30,8.93859,115.01686,10.950452,115.301346
1118,2025-08-15 14:00:00+05:30,11.440979,155.85446,14.4415655,157.27023
1119,2025-08-15 15:00:00+05:30,8.431228,163.8865,11.351422,165.30264
1120,2025-08-15 16:00:00+05:30,11.157097,162.1496,15.25865,162.84749
1121,2025-08-15 17:00:00+05:30,7.8954163,155.77226,12.976239,156.2796
1122,2025-08-15 18:00:00+05:30,3.7971036,95.44024,7.8149853,118.92633
1123,2025-08-15 19:00:00+05:30,5.8298883,98.88058,11.592895,115.76928
1124,2025-08-15 20:00:00+05:30,6.689125,113.80595,15.156384,127.27825
1125,2025-08-15 21:00:00+05:30,7.127636,135.0001,15.661035,142.4715
1126,2025-08-15 22:00:00+05:30,5.5829024,159.22766,14.118243,160.64091
1127,2025-08-15 23:00:00+05:30,3.8647635,152.24155,10.8792095,163.66388
1128,2025-08-16 00:00:00+05:30,2.657668,151.69934,8.297589,167.4712
1129,2025-08-16 01:00:00+05:30,1.3708391,113.19862,5.3517847,160.34608
1130,2025-08-16 02:00:00+05:30,3.0652895,86.63361,5.6521144,127.23492
1131,2025-08-16 03:00:00+05:30,3.671294,78.6901,6.4323244,107.92801
1132,2025-08-16 04:00:00+05:30,4.2021422,80.13426,7.771331,103.39252
1133,2025-08-16 05:00:00+05:30,6.341009,83.48029,12.168319,97.65056
1134,2025-08-16 06:00:00+05:30,6.638072,77.4712,13.363711,94.635376
1135,2025-08-16 07:00:00+05:30,7.9526596,95.19434,10.51576,96.88163
1136,2025-08-16 08:00:00+05:30,9.793058,107.10281,12.864649,107.92801
1137,2025-08-16 09:00:00+05:30,12.661564,104.82652,16.418526,105.25517
1138,2025-08-16 10:00:00+05:30,12.966248,103.650444,17.069656,104.03627
1139,2025-08-16 11:00:00+05:30,13.32,108.92474,17.304358,108.81198
1140,2025-08-16 12:00:00+05:30,12.71901,116.9276,16.74387,116.84043
1141,2025-08-16 13:00:00+05:30,10.766949,128.21107,13.971757,128.19873
1142,2025-08-16 14:00:00+05:30,15.696165,143.39284,20.883102,144.11777
1143,2025-08-16 15:00:00+05:30,7.344794,143.97253,9.396275,143.56905
1144,2025-08-16 16:00:00+05:30,8.738811,147.61934,11.7,149.48984
1145,2025-08-16 17:00:00+05:30,7.5019197,120.256355,12.682018,124.592354
1146,2025-08-16 18:00:00+05:30,7.344794,126.027466,16.641972,128.85338
1147,2025-08-16 19:00:00+05:30,7.8954163,133.1524,17.183167,135.42436
1148,2025-08-16 20:00:00+05:30,8.287822,145.6196,17.95765,151.89383
1149,2025-08-16 21:00:00+05:30,5.22,136.39711,13.70839,150.06857
1150,2025-08-16 22:00:00+05:30,3.8268526,131.18582,10.34178,148.52321
1151,2025-08-16 23:00:00+05:30,3.1845248,137.29063,8.2584505,159.59003
1152,2025-08-17 00:00:00+05:30,2.9522195,142.43134,7.7420926,162.40749
1153,2025-08-17 01:00:00+05:30,2.4216523,131.98714,6.9270773,155.43285
1154,2025-08-17 02:00:00+05:30,0.40249225,63.435013,4.0449967,147.72438
1155,2025-08-17 03:00:00+05:30,2.9522195,307.56866,4.8633323,272.12103
1156,2025-08-17 04:00:00+05:30,2.50064,30.256361,3.8268526,48.814175
1157,2025-08-17 05:00:00+05:30,2.3051248,38.65983,4.2481523,53.61555
1158,2025-08-17 06:00:00+05:30,5.1919937,33.6901,7.282774,39.98684
1159,2025-08-17 07:00:00+05:30,5.728979,46.27295,7.3997297,48.94529
1160,2025-08-17 08:00:00+05:30,8.459999,90.0,10.621525,90.971
1161,2025-08-17 09:00:00+05:30,9.796366,69.56709,12.638512,72.597206
1162,2025-08-17 10:00:00+05:30,11.440979,114.14554,14.822429,114.38637
1163,2025-08-17 11:00:00+05:30,10.070353,118.85556,12.483748,118.41257
1164,2025-08-17 12:00:00+05:30,12.849528,78.6901,16.486465,79.303535
1165,2025-08-17 13:00:00+05:30,8.55142,59.656826,11.435313,61.821507
1166,2025-08-17 14:00:00+05:30,11.052058,127.05662,14.041154,126.13547
1167,2025-08-17 15:00:00+05:30,7.1684303,141.1155,10.075177,138.62158
1168,2025-08-17 16:00:00+05:30,4.5,106.26028,6.379216,106.38962
1169,2025-08-17 17:00:00+05:30,5.5829024,91.84757,9.087772,97.96952
1170,2025-08-17 18:00:00+05:30,7.0911775,66.037506,13.75558,83.99109
1171,2025-08-17 19:00:00+05:30,8.035746,74.407135,16.595179,86.26868
1172,2025-08-17 20:00:00+05:30,9.555271,86.76037,19.023027,96.519714
1173,2025-08-17 21:00:00+05:30,10.094454,93.06642,20.480488,102.692665
1174,2025-08-17 22:00:00+05:30,10.594036,99.78234,21.004541,107.96923
1175,2025-08-17 23:00:00+05:30,9.144637,100.20392,19.017065,107.06294
1176,2025-08-18 00:00:00+05:30,9.255571,103.49575,19.017065,107.06294
1177,2025-08-18 01:00:00+05:30,9.114471,99.090195,18.519016,105.79247
1178,2025-08-18 02:00:00+05:30,10.621525,90.971,20.39091,98.630714
1179,2025-08-18 03:00:00+05:30,12.785069,88.3865,23.264606,93.548615
1180,2025-08-18 04:00:00+05:30,12.245294,91.68465,22.782625,95.44024
1181,2025-08-18 05:00:00+05:30,11.837651,98.74608,21.67487,101.49654
1182,2025-08-18 06:00:00+05:30,12.841963,95.63059,19.898752,95.7105
1183,2025-08-18 07:00:00+05:30,18.511143,103.49575,26.150227,103.94061
1184,2025-08-18 08:00:00+05:30,19.523985,108.268005,27.322077,108.43504
1185,2025-08-18 09:00:00+05:30,20.6624,108.27721,28.233044,108.20401
1186,2025-08-18 10:00:00+05:30,19.287737,112.49652,26.072674,112.315636
1187,2025-08-18 11:00:00+05:30,19.084246,115.11481,25.685184,115.307945
1188,2025-08-18 12:00:00+05:30,18.351173,111.27967,24.10186,111.00687
1189,2025-08-18 13:00:00+05:30,16.09969,100.30479,21.887583,101.864365
1190,2025-08-18 14:00:00+05:30,19.486609,115.14475,28.177332,115.746544
1191,2025-08-18 15:00:00+05:30,17.174677,123.02387,23.869518,122.37176
1192,2025-08-18 16:00:00+05:30,14.761098,127.568665,22.392464,126.50153
1193,2025-08-18 17:00:00+05:30,16.434305,118.8107,26.45755,120.228294
1194,2025-08-18 18:00:00+05:30,14.087229,116.56499,24.395811,117.69939
1195,2025-08-18 19:00:00+05:30,12.47726,116.56499,22.535252,121.27764
1196,2025-08-18 20:00:00+05:30,12.413477,119.53869,22.724243,125.32673
1197,2025-08-18 21:00:00+05:30,11.534054,112.963806,21.347271,118.726036
1198,2025-08-18 22:00:00+05:30,9.299225,104.57426,18.102308,109.15571
1199,2025-08-18 23:00:00+05:30,11.003581,105.17297,20.099642,109.89552
1200,2025-08-19 00:00:00+05:30,11.844492,106.78272,21.23771,109.817245
1201,2025-08-19 01:00:00+05:30,11.543881,100.78425,21.17354,104.27255
1202,2025-08-19 02:00:00+05:30,12.358542,102.619316,22.054958,105.6243
1203,2025-08-19 03:00:00+05:30,12.815443,100.52074,22.483435,104.37003
1204,2025-08-19 04:00:00+05:30,14.743526,107.77141,24.482647,109.76726
1205,2025-08-19 05:00:00+05:30,12.483749,95.79271,21.67487,101.49654
1206,2025-08-19 06:00:00+05:30,16.63905,95.58715,25.900618,96.38407
1207,2025-08-19 07:00:00+05:30,21.091515,105.34095,29.68636,104.03627
1208,2025-08-19 08:00:00+05:30,21.687572,108.886185,30.566628,108.54174
1209,2025-08-19 09:00:00+05:30,22.238562,119.05451,30.368834,118.69167
1210,2025-08-19 10:00:00+05:30,17.046865,111.68913,22.629229,111.46296
1211,2025-08-19 11:00:00+05:30,22.404757,128.8036,30.248568,128.23387
1212,2025-08-19 12:00:00+05:30,20.542881,118.8107,29.63666,118.27709
1213,2025-08-19 13:00:00+05:30,21.38897,133.63614,29.800737,133.04195
1214,2025-08-19 14:00:00+05:30,25.527655,142.16039,36.12309,141.47392
1215,2025-08-19 15:00:00+05:30,13.3649235,134.4544,19.219584,134.6206
1216,2025-08-19 16:00:00+05:30,16.375053,146.65927,24.975931,148.25728
1217,2025-08-19 17:00:00+05:30,13.379461,137.72638,21.986542,140.31459
1218,2025-08-19 18:00:00+05:30,14.761098,127.568665,25.537172,130.426
1219,2025-08-19 19:00:00+05:30,14.14232,132.4208,25.20257,134.42136
1220,2025-08-19 20:00:00+05:30,13.379461,123.4763,24.337303,126.27671
1221,2025-08-19 21:00:00+05:30,12.682018,124.592354,23.051247,128.65984
1222,2025-08-19 22:00:00+05:30,12.904882,120.141304,23.269482,124.91948
1223,2025-08-19 23:00:00+05:30,12.503199,120.256355,22.768396,124.69522
1224,2025-08-20 00:00:00+05:30,11.08572,122.399826,20.665535,127.568665
1225,2025-08-20 01:00:00+05:30,12.456468,127.36675,21.928255,127.99879
1226,2025-08-20 02:00:00+05:30,11.282711,123.94363,20.413143,127.47626
1227,2025-08-20 03:00:00+05:30,11.672275,116.56499,20.991426,120.96369
1228,2025-08-20 04:00:00+05:30,12.936228,121.920845,22.065973,123.6901
1229,2025-08-20 05:00:00+05:30,13.845967,116.23188,23.532547,119.30991
1230,2025-08-20 06:00:00+05:30,16.63905,121.2826,25.415718,122.564545
1231,2025-08-20 07:00:00+05:30,16.895088,128.94582,23.557316,128.79657
1232,2025-08-20 08:00:00+05:30,16.563911,137.64261,22.42427,137.60262
1233,2025-08-20 09:00:00+05:30,18.329973,144.59305,25.025827,144.36642
1234,2025-08-20 10:00:00+05:30,19.175703,147.65259,26.161995,147.07529
1235,2025-08-20 11:00:00+05:30,18.526888,147.6996,25.567604,147.65259
1236,2025-08-20 12:00:00+05:30,17.950432,158.83867,24.502487,158.90198
1237,2025-08-20 13:00:00+05:30,20.54288,155.6807,27.962639,156.07495
1238,2025-08-20 14:00:00+05:30,18.606289,155.41844,25.861183,155.75407
1239,2025-08-20 15:00:00+05:30,15.405519,149.84003,21.993908,151.12767
1240,2025-08-20 16:00:00+05:30,12.033103,145.359,19.08,148.10925
1241,2025-08-20 17:00:00+05:30,12.730468,146.53459,21.52261,150.43352
1242,2025-08-20 18:00:00+05:30,10.009036,127.694305,18.626305,131.08165
1243,2025-08-20 19:00:00+05:30,12.855831,134.43282,22.274227,135.32738
1244,2025-08-20 20:00:00+05:30,11.870451,139.30457,20.775774,142.03789
1245,2025-08-20 21:00:00+05:30,11.334285,133.06943,20.256998,137.52087
1246,2025-08-20 22:00:00+05:30,9.703319,130.48593,18.212051,137.00253
1247,2025-08-20 23:00:00+05:30,9.648067,143.3438,18.32202,146.62215
1248,2025-08-21 00:00:00+05:30,3.8521678,142.59457,11.35285,154.65387
1249,2025-08-21 01:00:00+05:30,9.021574,151.38963,17.012617,150.18002
1250,2025-08-21 02:00:00+05:30,10.062305,169.6952,17.34083,170.43997
1251,2025-08-21 03:00:00+05:30,6.6818557,152.74475,10.873251,160.6651
1252,2025-08-21 04:00:00+05:30,4.724786,130.36446,9.3340025,140.4774
1253,2025-08-21 05:00:00+05:30,7.5685663,115.34614,12.972494,119.05451
1254,2025-08-21 06:00:00+05:30,5.5916004,176.30869,8.865799,185.82625
1255,2025-08-21 07:00:00+05:30,5.6521144,170.83772,8.936778,189.27252
1256,2025-08-21 08:00:00+05:30,5.154415,114.775116,6.698806,120.699646
1257,2025-08-21 09:00:00+05:30,9.499158,117.05052,13.374618,118.979614
1258,2025-08-21 10:00:00+05:30,8.305396,150.1012,10.495713,149.03632
1259,2025-08-21 11:00:00+05:30,9.734988,183.17976,12.273043,184.20528
1260,2025-08-21 12:00:00+05:30,16.801823,184.91647,23.124922,184.9117
1261,2025-08-21 13:00:00+05:30,10.630672,208.30066,15.807239,210.0685
1262,2025-08-21 14:00:00+05:30,10.609316,194.7436,14.84318,194.03627
1263,2025-08-21 15:00:00+05:30,10.070353,204.27443,13.929953,205.2405
1264,2025-08-21 16:00:00+05:30,13.797913,195.12405,21.026125,201.0728
1265,2025-08-21 17:00:00+05:30,11.448055,163.55954,17.968472,169.0278
1266,2025-08-21 18:00:00+05:30,10.564941,193.79951,19.353138,198.43504
1267,2025-08-21 19:00:00+05:30,11.5115595,189.90411,20.69687,195.12405
1268,2025-08-21 20:00:00+05:30,10.272623,191.113,20.620806,196.22026
1269,2025-08-21 21:00:00+05:30,8.825508,191.76826,18.396141,196.48453
1270,2025-08-21 22:00:00+05:30,6.379216,163.61038,14.04,180.0
1271,2025-08-21 23:00:00+05:30,5.4119864,176.186,12.825552,184.83034
1272,2025-08-22 00:00:00+05:30,4.2366967,192.26476,8.557102,194.62091
1273,2025-08-22 01:00:00+05:30,3.745557,125.21768,5.7628117,141.34016
1274,2025-08-22 02:00:00+05:30,9.621163,107.41806,17.161469,114.14554
1275,2025-08-22 03:00:00+05:30,10.34178,121.47678,22.2924,128.44308
1276,2025-08-22 04:00:00+05:30,10.385547,115.67677,20.442486,129.9993
1277,2025-08-22 05:00:00+05:30,10.685391,122.61923,20.737532,126.17372
1278,2025-08-22 06:00:00+05:30,9.826088,261.57312,16.997375,264.531
1279,2025-08-22 07:00:00+05:30,10.070353,245.72557,15.198012,251.35037
1280,2025-08-22 08:00:00+05:30,14.266632,240.5242,18.838184,242.70052
1281,2025-08-22 09:00:00+05:30,12.358542,257.38068,16.733225,258.2066
1282,2025-08-22 10:00:00+05:30,11.9466305,239.18437,15.807239,239.9315
1283,2025-08-22 11:00:00+05:30,12.284918,219.05313,16.069473,221.36694
1284,2025-08-22 12:00:00+05:30,11.592894,216.15828,15.156384,217.27826
1285,2025-08-22 13:00:00+05:30,12.387348,215.53777,16.383955,215.61093
1286,2025-08-22 14:00:00+05:30,12.801531,207.64589,16.58346,207.12122
1287,2025-08-22 15:00:00+05:30,11.384199,198.43504,14.517644,197.31174
1288,2025-08-22 16:00:00+05:30,13.277364,195.73207,19.25327,193.51659
1289,2025-08-22 17:00:00+05:30,6.9899354,168.11136,11.230904,173.5585
1290,2025-08-22 18:00:00+05:30,7.1208143,196.14441,14.913952,209.65901
1291,2025-08-22 19:00:00+05:30,5.2478566,185.90605,12.081473,204.65588
1292,2025-08-22 20:00:00+05:30,6.778141,190.71307,14.30632,201.39987
1293,2025-08-22 21:00:00+05:30,8.936777,198.79999,16.1198,203.70265
1294,2025-08-22 22:00:00+05:30,7.0934615,215.70677,12.819235,218.15727
1295,2025-08-22 23:00:00+05:30,5.7852573,185.35573,10.656547,195.67958
1296,2025-08-23 00:00:00+05:30,7.5685663,177.27374,13.934604,185.93143
1297,2025-08-23 01:00:00+05:30,9.354806,168.90631,16.388899,178.11185
1298,2025-08-23 02:00:00+05:30,9.847496,161.89615,16.902758,172.04257
1299,2025-08-23 03:00:00+05:30,8.958504,157.5572,15.192682,166.29301
1300,2025-08-23 04:00:00+05:30,8.39078,144.60512,14.98331,151.27977
1301,2025-08-23 05:00:00+05:30,9.292254,134.21527,15.882896,141.44157
1302,2025-08-23 06:00:00+05:30,10.086427,145.17545,15.277749,145.56096
1303,2025-08-23 07:00:00+05:30,12.570394,150.8658,16.208998,150.01845
1304,2025-08-23 08:00:00+05:30,13.75558,186.00891,19.580328,186.8636
1305,2025-08-23 09:00:00+05:30,7.0568266,185.85593,9.321845,190.00792
1306,2025-08-23 10:00:00+05:30,10.837435,168.50346,13.979871,168.11136
1307,2025-08-23 11:00:00+05:30,10.813492,182.86235,13.902014,184.45552
1308,2025-08-23 12:00:00+05:30,11.712455,182.64249,14.967083,183.44731
1309,2025-08-23 13:00:00+05:30,11.5199995,180.0,14.759999,180.0
1310,2025-08-23 14:00:00+05:30,13.822546,171.76447,18.532133,172.1848
1311,2025-08-23 15:00:00+05:30,16.368128,188.21912,22.304028,186.95287
1312,2025-08-23 16:00:00+05:30,15.639297,191.95656,22.491356,192.47906
1313,2025-08-23 17:00:00+05:30,14.607751,183.53223,23.124922,184.9117
1314,2025-08-23 18:00:00+05:30,11.612441,198.99675,21.461555,202.69383
1315,2025-08-23 19:00:00+05:30,12.835653,194.62091,22.79684,201.29742
1316,2025-08-23 20:00:00+05:30,12.991212,176.02759,23.25416,183.10596
1317,2025-08-23 21:00:00+05:30,10.041354,165.4655,19.813087,177.91748
1318,2025-08-23 22:00:00+05:30,11.362834,176.36713,21.567726,186.70975
1319,2025-08-23 23:00:00+05:30,11.003581,176.24835,20.79448,185.46375
1320,2025-08-24 00:00:00+05:30,10.674773,174.19337,20.347166,181.52074
1321,2025-08-24 01:00:00+05:30,9.444426,172.33328,18.72,180.0
1322,2025-08-24 02:00:00+05:30,8.936777,161.20001,17.518356,170.53775
1323,2025-08-24 03:00:00+05:30,8.035746,164.40714,16.263872,174.92049
1324,2025-08-24 04:00:00+05:30,8.133928,155.13632,16.720633,165.66454
1325,2025-08-24 05:00:00+05:30,9.037721,135.80684,16.09969,153.43501
1326,2025-08-24 06:00:00+05:30,12.791403,166.15929,20.334425,169.28693
1327,2025-08-24 07:00:00+05:30,13.31635,166.71512,18.469963,167.04724
1328,2025-08-24 08:00:00+05:30,10.98,180.0,14.224556,181.45018
1329,2025-08-24 09:00:00+05:30,9.582359,185.38922,12.324414,186.70975
1330,2025-08-24 10:00:00+05:30,10.299397,174.98697,12.971244,177.6141
1331,2025-08-24 11:00:00+05:30,10.837435,168.50346,13.910169,169.56258
1332,2025-08-24 12:00:00+05:30,16.104721,205.13292,22.057161,206.14677
1333,2025-08-24 13:00:00+05:30,8.260411,191.30989,10.8792095,196.33612
1334,2025-08-24 14:00:00+05:30,13.934604,185.93143,19.702394,185.24173
1335,2025-08-24 15:00:00+05:30,13.062098,191.9293,18.145212,190.86401
1336,2025-08-24 16:00:00+05:30,13.379461,185.4037,19.702394,185.24173
1337,2025-08-24 17:00:00+05:30,10.873252,186.65433,19.626604,187.90707
1338,2025-08-24 18:00:00+05:30,9.335737,160.86626,18.430452,167.59259
1339,2025-08-24 19:00:00+05:30,9.179999,151.92761,18.501513,162.44637
1340,2025-08-24 20:00:00+05:30,8.777654,151.85849,17.987394,161.92758
1341,2025-08-24 21:00:00+05:30,7.406295,154.05775,16.451052,162.1597
1342,2025-08-24 22:00:00+05:30,5.414979,158.5522,13.346729,169.90256
1343,2025-08-24 23:00:00+05:30,7.329338,155.32315,16.109747,166.42955
1344,2025-08-25 00:00:00+05:30,6.889557,146.7251,15.443328,158.81857
1345,2025-08-25 01:00:00+05:30,7.127636,135.0001,15.283048,147.99466
1346,2025-08-25 02:00:00+05:30,7.6473517,116.56499,15.589497,126.0761
1347,2025-08-25 03:00:00+05:30,7.628263,109.290146,15.938896,116.85435
1348,2025-08-25 04:00:00+05:30,6.9270773,114.56716,15.035119,121.78722
1349,2025-08-25 05:00:00+05:30,5.506941,101.3099,12.72283,115.11481
1350,2025-08-25 06:00:00+05:30,7.3799996,102.680374,12.872201,110.46236
1351,2025-08-25 07:00:00+05:30,7.172949,107.52566,10.134496,109.722374
1352,2025-08-25 08:00:00+05:30,8.0899935,122.27562,10.589448,121.79887
1353,2025-08-25 09:00:00+05:30,8.626865,113.35559,11.038858,114.05735
1354,2025-08-25 10:00:00+05:30,10.390226,104.03627,13.358861,104.03627
1355,2025-08-25 11:00:00+05:30,9.627896,110.80687,12.303366,110.55613
1356,2025-08-25 12:00:00+05:30,8.431228,106.11349,10.310403,106.22027
1357,2025-08-25 13:00:00+05:30,7.172949,107.52566,8.827343,106.58742
1358,2025-08-25 14:00:00+05:30,7.388775,124.07724,9.085988,123.6901
1359,2025-08-25 15:00:00+05:30,7.0107627,138.12222,8.536252,137.56381
1360,2025-08-25 16:00:00+05:30,11.119281,150.9455,15.787753,151.38963
1361,2025-08-25 17:00:00+05:30,11.844492,143.65245,18.581022,144.46223
1362,2025-08-25 18:00:00+05:30,6.7397914,145.88548,14.904173,142.85323
1363,2025-08-25 19:00:00+05:30,4.5891175,154.44008,12.257194,150.04648
1364,2025-08-25 20:00:00+05:30,4.143911,145.6196,11.282711,146.05637
1365,2025-08-25 21:00:00+05:30,3.6,126.86999,9.9408245,137.93575
1366,2025-08-25 22:00:00+05:30,4.4456716,121.75944,11.1090765,130.39983
1367,2025-08-25 23:00:00+05:30,5.1481256,126.46933,12.906138,129.90784
1368,2025-08-26 00:00:00+05:30,5.6233797,129.80553,14.009968,132.91743
1369,2025-08-26 01:00:00+05:30,7.1321807,132.95459,16.478603,139.87396
1370,2025-08-26 02:00:00+05:30,5.1481256,143.53067,13.552696,149.68887
1371,2025-08-26 03:00:00+05:30,4.5,126.86999,11.753876,139.9698
1372,2025-08-26 04:00:00+05:30,4.5891175,115.55992,11.638917,129.35173
1373,2025-08-26 05:00:00+05:30,4.942631,123.11135,12.124306,130.78574
1374,2025-08-26 06:00:00+05:30,6.8541956,113.198616,13.4903965,121.35703
1375,2025-08-26 07:00:00+05:30,8.461914,119.29127,11.453715,120.191536
1376,2025-08-26 08:00:00+05:30,10.948973,117.40749,14.251863,117.85956
1377,2025-08-26 09:00:00+05:30,11.7662735,119.30991,15.405519,120.15998
1378,2025-08-26 10:00:00+05:30,11.753877,117.34979,15.133923,116.86974
1379,2025-08-26 11:00:00+05:30,11.923557,118.88649,15.472672,119.24873
1380,2025-08-26 12:00:00+05:30,11.952054,127.042564,15.696165,126.60716
1381,2025-08-26 13:00:00+05:30,10.948973,133.66785,14.2575445,133.97707
1382,2025-08-26 14:00:00+05:30,10.514218,128.04709,13.830749,128.65984
1383,2025-08-26 15:00:00+05:30,10.261579,127.875046,13.861168,127.61403
1384,2025-08-26 16:00:00+05:30,12.57426,156.3706,18.057508,156.50142
1385,2025-08-26 17:00:00+05:30,10.315115,150.75127,17.799076,151.62085
1386,2025-08-26 18:00:00+05:30,7.7420926,144.46223,16.724508,145.96783
1387,2025-08-26 19:00:00+05:30,7.282774,140.01317,16.596157,143.37859
1388,2025-08-26 20:00:00+05:30,6.1437774,121.82741,14.650938,132.5104
1389,2025-08-26 21:00:00+05:30,6.12,118.072395,14.904173,127.14677
1390,2025-08-26 22:00:00+05:30,5.6492476,112.47948,14.57889,122.90524
1391,2025-08-26 23:00:00+05:30,7.1208143,106.14441,15.807239,120.0685
1392,2025-08-27 00:00:00+05:30,7.596341,126.32692,16.685719,132.8142
1393,2025-08-27 01:00:00+05:30,6.854195,119.93143,15.124284,128.23387
1394,2025-08-27 02:00:00+05:30,7.4867883,117.18103,16.22498,123.6901
1395,2025-08-27 03:00:00+05:30,6.391901,99.72751,14.275713,113.0089
1396,2025-08-27 04:00:00+05:30,7.3821945,91.39715,15.602999,101.3099
1397,2025-08-27 05:00:00+05:30,7.814986,82.056625,15.669307,91.97489
1398,2025-08-27 06:00:00+05:30,13.88919,93.71522,20.991426,95.906044
1399,2025-08-27 07:00:00+05:30,15.206538,106.50443,21.293324,107.20965
1400,2025-08-27 08:00:00+05:30,15.3686695,108.43504,21.118382,108.898346
1401,2025-08-27 09:00:00+05:30,15.410776,112.67139,20.893959,112.809746
1402,2025-08-27 10:00:00+05:30,16.595179,114.34108,22.077717,114.05735
1403,2025-08-27 11:00:00+05:30,17.388409,117.095474,23.265303,117.15971
1404,2025-08-27 12:00:00+05:30,18.435726,117.31553,24.875193,117.12123
1405,2025-08-27 13:00:00+05:30,16.712881,131.06973,22.961115,131.18582
1406,2025-08-27 14:00:00+05:30,21.3412,129.8674,29.68636,129.09386
1407,2025-08-27 15:00:00+05:30,13.902015,138.6746,19.119015,138.05296
1408,2025-08-27 16:00:00+05:30,11.5887,133.11183,16.800856,135.0001
1409,2025-08-27 17:00:00+05:30,12.632101,147.21573,21.655428,152.79607
1410,2025-08-27 18:00:00+05:30,9.82279,166.21838,17.349236,157.42583
1411,2025-08-27 19:00:00+05:30,6.3639607,118.7397,14.009968,132.91743
1412,2025-08-27 20:00:00+05:30,8.55142,130.73203,17.823637,146.95187
1413,2025-08-27 21:00:00+05:30,10.315115,150.75127,20.37899,155.47229
1414,2025-08-27 22:00:00+05:30,9.4238205,151.47697,19.191748,156.80139
1415,2025-08-27 23:00:00+05:30,9.109138,150.39565,18.88628,157.59012
1416,2025-08-28 00:00:00+05:30,9.187056,145.37578,18.675814,153.68198
1417,2025-08-28 01:00:00+05:30,10.134495,146.59216,20.128635,152.28928
1418,2025-08-28 02:00:00+05:30,10.075177,138.62158,20.423456,145.04927
1419,2025-08-28 03:00:00+05:30,9.396275,126.430954,19.222954,133.86191
1420,2025-08-28 04:00:00+05:30,9.19939,120.57915,19.152035,126.977684
1421,2025-08-28 05:00:00+05:30,10.7894945,117.84749,21.017649,123.8262
1422,2025-08-28 06:00:00+05:30,12.841963,121.23916,21.928993,125.64711
1423,2025-08-28 07:00:00+05:30,15.210799,129.71872,21.437386,130.91429
1424,2025-08-28 08:00:00+05:30,16.529644,141.63248,22.322903,142.206
1425,2025-08-28 09:00:00+05:30,15.1884165,148.57048,20.096418,149.30035
1426,2025-08-28 10:00:00+05:30,16.048288,156.88577,21.201067,156.48203
1427,2025-08-28 11:00:00+05:30,14.410121,154.07515,18.35647,154.44008
1428,2025-08-28 12:00:00+05:30,15.027575,145.73885,20.778112,144.51993
1429,2025-08-28 13:00:00+05:30,14.757804,149.99516,19.941854,149.03632
1430,2025-08-28 14:00:00+05:30,16.6896,163.71501,23.192074,164.2378
1431,2025-08-28 15:00:00+05:30,11.734564,159.341,15.99571,160.95328
1432,2025-08-28 16:00:00+05:30,16.580532,159.00708,24.567856,158.51033
1433,2025-08-28 17:00:00+05:30,13.849477,152.10283,22.956175,155.44452
1434,2025-08-28 18:00:00+05:30,11.808878,142.43134,22.17144,147.60017
1435,2025-08-28 19:00:00+05:30,9.614426,141.84273,19.421656,145.57347
1436,2025-08-28 20:00:00+05:30,10.486448,140.57222,20.3774,147.99466
1437,2025-08-28 21:00:00+05:30,10.97262,131.00899,21.152872,137.75917
1438,2025-08-28 22:00:00+05:30,12.124306,139.21428,22.608458,142.76509
1439,2025-08-28 23:00:00+05:30,11.236671,144.78232,21.122215,147.52882
1440,2025-08-29 00:00:00+05:30,9.7565975,150.1241,19.0783,153.67677
1441,2025-08-29 01:00:00+05:30,10.387107,152.10281,19.574533,155.55606
1442,2025-08-29 02:00:00+05:30,11.032987,151.76265,19.400795,152.95956
1443,2025-08-29 03:00:00+05:30,10.028439,158.96242,18.731247,160.34608
1444,2025-08-29 04:00:00+05:30,8.913181,136.63654,16.825909,145.45984
1445,2025-08-29 05:00:00+05:30,8.536252,132.43619,16.641972,141.14662
1446,2025-08-29 06:00:00+05:30,12.632101,147.21573,19.33639,151.0491
1447,2025-08-29 07:00:00+05:30,10.233123,140.71062,14.113652,142.25313
1448,2025-08-29 08:00:00+05:30,10.404249,142.73352,13.392774,143.74608
1449,2025-08-29 09:00:00+05:30,11.236671,144.78232,14.230248,145.30478
1450,2025-08-29 10:00:00+05:30,10.373061,141.34018,13.184308,141.09586
1451,2025-08-29 11:00:00+05:30,16.237955,148.6006,22.843695,149.19118
1452,2025-08-29 12:00:00+05:30,12.616703,165.96373,18.161278,166.2392
1453,2025-08-29 13:00:00+05:30,13.062098,168.0707,17.337091,167.40668
1454,2025-08-29 14:00:00+05:30,14.739132,188.42688,19.830248,188.35066
1455,2025-08-29 15:00:00+05:30,12.56008,154.5367,17.490591,156.33685
1456,2025-08-29 16:00:00+05:30,9.511088,150.5242,13.288341,151.69934
1457,2025-08-29 17:00:00+05:30,9.432412,131.90585,14.264361,132.95459
1458,2025-08-29 18:00:00+05:30,12.24,151.92761,21.603,156.42528
1459,2025-08-29 19:00:00+05:30,10.587917,162.18102,19.829433,164.19742
1460,2025-08-29 20:00:00+05:30,8.29173,152.87878,17.214249,158.53229
1461,2025-08-29 21:00:00+05:30,6.698806,149.30035,15.577022,157.5838
1462,2025-08-29 22:00:00+05:30,7.7043357,142.59457,16.454992,149.78876
1463,2025-08-29 23:00:00+05:30,7.9567327,142.35231,16.767075,150.4078
1464,2025-08-30 00:00:00+05:30,7.928177,140.52757,16.053335,149.6974
1465,2025-08-30 01:00:00+05:30,8.936778,145.66972,17.790886,152.91653
1466,2025-08-30 02:00:00+05:30,6.618519,135.0001,14.57889,147.09476
1467,2025-08-30 03:00:00+05:30,6.2067385,119.53869,12.98248,135.0001
1468,2025-08-30 04:00:00+05:30,6.9270773,114.56716,13.971757,128.19873
1469,2025-08-30 05:00:00+05:30,6.7205353,110.37652,13.529966,123.055824
1470,2025-08-30 06:00:00+05:30,8.854829,153.43501,13.3649235,154.47035
1471,2025-08-30 07:00:00+05:30,8.099999,143.13002,10.656547,142.54935
1472,2025-08-30 08:00:00+05:30,5.6002855,135.0001,7.1321807,137.04541
1473,2025-08-30 09:00:00+05:30,5.994297,138.65233,7.5363917,139.84407
1474,2025-08-30 10:00:00+05:30,7.674842,129.2894,9.3340025,129.5226
1475,2025-08-30 11:00:00+05:30,8.55142,130.73203,10.348043,130.06073
1476,2025-08-30 12:00:00+05:30,9.726664,141.009,12.007498,139.86458
1477,2025-08-30 13:00:00+05:30,13.418153,173.06575,17.9973,171.95102
1478,2025-08-30 14:00:00+05:30,9.9408245,174.80566,14.428097,176.42374
1479,2025-08-30 15:00:00+05:30,8.133928,155.13632,10.966713,156.80138
1480,2025-08-30 16:00:00+05:30,10.897063,157.6713,15.079229,156.80139
1481,2025-08-30 17:00:00+05:30,5.369916,140.44037,9.835975,145.43741
1482,2025-08-30 18:00:00+05:30,4.669604,117.552734,12.399113,140.30096
1483,2025-08-30 19:00:00+05:30,8.244708,126.11943,17.86449,139.08571
1484,2025-08-30 20:00:00+05:30,7.538541,123.310646,16.800856,135.0001
1485,2025-08-30 21:00:00+05:30,8.626865,113.35559,18.374994,122.60033
1486,2025-08-30 22:00:00+05:30,6.379216,106.38962,15.481046,113.28609
1487,2025-08-30 23:00:00+05:30,1.9134263,131.18582,8.435069,129.80553
1488,2025-08-31 00:00:00+05:30,2.3400002,112.61991,8.027678,132.27364
1489,2025-08-31 01:00:00+05:30,3.745557,125.21768,9.840914,140.19447
1490,2025-08-31 02:00:00+05:30,3.3092597,112.38018,8.281956,137.64261
1491,2025-08-31 03:00:00+05:30,3.4763772,111.25058,8.404285,133.26433
1492,2025-08-31 04:00:00+05:30,3.244996,109.440125,7.6409945,133.09087
1493,2025-08-31 05:00:00+05:30,4.2366967,102.26476,7.748368,120.73541
1494,2025-08-31 06:00:00+05:30,3.4388947,132.87889,8.694204,152.90453
1495,2025-08-31 07:00:00+05:30,3.7971041,121.42952,5.004518,127.694305
1496,2025-08-31 08:00:00+05:30,3.148714,149.03632,3.9518096,149.9315
1497,2025-08-31 09:00:00+05:30,3.9966483,125.837746,4.8965297,126.027466
1498,2025-08-31 10:00:00+05:30,4.829907,116.56499,5.8769383,117.34979
1499,2025-08-31 11:00:00+05:30,5.634891,116.56499,6.8423676,116.56499
1500,2025-08-31 12:00:00+05:30,6.21717,112.109505,7.587806,112.30626
1501,2025-08-31 13:00:00+05:30,5.7964473,115.76928,7.406295,115.94224
1502,2025-08-31 14:00:00+05:30,3.4388947,132.87889,4.2021427,133.26433
1503,2025-08-31 15:00:00+05:30,6.889557,123.2749,8.936778,124.33028
1504,2025-08-31 16:00:00+05:30,6.544677,121.50421,8.797931,120.76265
1505,2025-08-31 17:00:00+05:30,4.4456716,148.24057,10.070353,151.14444
1506,2025-08-31 18:00:00+05:30,4.2175345,129.80553,10.799999,126.86998
1507,2025-08-31 19:00:00+05:30,4.3573384,141.7098,10.97262,138.99101
1508,2025-08-31 20:00:00+05:30,6.114703,137.38599,14.428097,139.55385
1509,2025-08-31 21:00:00+05:30,4.752136,142.69597,12.682018,145.40765
1510,2025-08-31 22:00:00+05:30,2.9301877,132.5104,8.574123,140.9645
1511,2025-08-31 23:00:00+05:30,1.3708391,156.80138,6.037383,153.43501
1512,2025-09-01 00:00:00+05:30,0.742159,284.03625,2.9522195,217.56866
1513,2025-09-01 01:00:00+05:30,1.2727921,8.130019,1.4058449,320.1945
1514,2025-09-01 02:00:00+05:30,2.6999998,36.86998,3.381893,25.201094
1515,2025-09-01 03:00:00+05:30,2.8116899,50.194473,3.8268526,48.814175
1516,2025-09-01 04:00:00+05:30,5.9644947,5.19435,12.351988,18.699081
1517,2025-09-01 05:00:00+05:30,3.2399998,360.0,8.085988,16.82149
1518,2025-09-01 06:00:00+05:30,5.1826253,20.323217,8.905908,14.036275
1519,2025-09-01 07:00:00+05:30,5.020677,14.534496,6.6794305,14.036275
1520,2025-09-01 08:00:00+05:30,4.5,16.26028,5.7515564,20.136398
1521,2025-09-01 09:00:00+05:30,5.8603754,10.61961,7.3799996,12.680387
1522,2025-09-01 10:00:00+05:30,9.82114,26.09537,12.47726,26.564985
1523,2025-09-01 11:00:00+05:30,10.564942,23.070442,13.543131,23.498587
1524,2025-09-01 12:00:00+05:30,8.61371,26.029541,11.028581,26.146788
1525,2025-09-01 13:00:00+05:30,7.841888,9.246045,9.67657,9.637469
1526,2025-09-01 14:00:00+05:30,7.2044983,12.99463,9.080639,13.760814
1527,2025-09-01 15:00:00+05:30,7.570707,28.392921,9.826088,28.442837
1528,2025-09-01 16:00:00+05:30,6.7469993,43.91917,9.299225,42.64668
1529,2025-09-01 17:00:00+05:30,3.06,90.0,7.9465466,76.908104
1530,2025-09-01 18:00:00+05:30,4.1556225,17.650223,10.387107,27.897186
1531,2025-09-01 19:00:00+05:30,4.6730714,344.3577,10.920824,8.530679
1532,2025-09-01 20:00:00+05:30,4.175069,352.5687,11.225132,15.819268
1533,2025-09-01 21:00:00+05:30,7.5685663,64.65388,16.423458,46.332153
1534,2025-09-01 22:00:00+05:30,6.489992,213.6901,11.190442,205.74066
1535,2025-09-01 23:00:00+05:30,3.2048087,231.84273,6.5520988,249.07542
1536,2025-09-02 00:00:00+05:30,0.56920993,341.56494,1.2074767,333.43503
1537,2025-09-02 01:00:00+05:30,5.95906,295.01685,11.032987,303.6901
1538,2025-09-02 02:00:00+05:30,0.5091169,315.0001,4.1556225,355.03033
1539,2025-09-02 03:00:00+05:30,6.7397914,34.114517,11.638917,39.35174
1540,2025-09-02 04:00:00+05:30,7.415038,95.572105,13.619471,97.59455
1541,2025-09-02 05:00:00+05:30,7.029225,76.67546,13.5012,89.23612
1542,2025-09-02 06:00:00+05:30,14.292725,106.837555,22.142927,107.99319
1543,2025-09-02 07:00:00+05:30,18.29459,113.79078,25.131119,114.54583
1544,2025-09-02 08:00:00+05:30,19.249905,118.482086,26.994,119.12873
1545,2025-09-02 09:00:00+05:30,21.34803,126.77337,29.59235,126.59118
1546,2025-09-02 10:00:00+05:30,18.126455,122.427536,24.766848,122.53506
1547,2025-09-02 11:00:00+05:30,16.50709,117.96214,21.822353,118.04459
1548,2025-09-02 12:00:00+05:30,14.328949,116.886856,18.435726,117.31553
1549,2025-09-02 13:00:00+05:30,16.697365,131.94122,24.09648,131.66899
1550,2025-09-02 14:00:00+05:30,11.052058,120.32352,16.144905,120.85413
1551,2025-09-02 15:00:00+05:30,10.464797,116.56499,14.654254,117.824005
1552,2025-09-02 16:00:00+05:30,11.897714,107.61267,17.247156,108.24595
1553,2025-09-02 17:00:00+05:30,12.921192,108.68745,21.362444,110.72565
1554,2025-09-02 18:00:00+05:30,12.616703,104.03627,22.427162,108.72588
1555,2025-09-02 19:00:00+05:30,12.886039,102.09474,23.464987,106.48884
1556,2025-09-02 20:00:00+05:30,12.750811,108.946594,23.967728,112.52061
1557,2025-09-02 21:00:00+05:30,13.379461,100.85637,23.665035,104.98762
1558,2025-09-02 22:00:00+05:30,12.525207,97.43131,22.789024,103.706985
1559,2025-09-02 23:00:00+05:30,10.981475,90.93917,20.899387,97.920654
1560,2025-09-03 00:00:00+05:30,11.431063,82.763176,21.420753,89.51855
1561,2025-09-03 01:00:00+05:30,13.870515,92.23113,24.152887,92.99029
1562,2025-09-03 02:00:00+05:30,13.239487,82.9717,23.42491,87.35751
1563,2025-09-03 03:00:00+05:30,14.2336645,80.53775,24.918789,85.442665
1564,2025-09-03 04:00:00+05:30,14.000713,98.13002,25.035532,99.936325
1565,2025-09-03 05:00:00+05:30,12.991212,93.97242,23.063892,97.62411
1566,2025-09-03 06:00:00+05:30,17.902534,74.84589,27.821503,77.67224
1567,2025-09-03 07:00:00+05:30,18.297245,74.59652,26.674637,76.33883
1568,2025-09-03 08:00:00+05:30,19.26084,89.464554,26.640608,90.38712
1569,2025-09-03 09:00:00+05:30,23.181597,103.92837,32.35046,104.500206
1570,2025-09-03 10:00:00+05:30,26.415268,107.44727,35.864742,107.52566
1571,2025-09-03 11:00:00+05:30,27.83722,109.25517,38.991924,108.85326
1572,2025-09-03 12:00:00+05:30,26.161995,116.56499,36.629005,115.935394
1573,2025-09-03 13:00:00+05:30,19.706507,106.448685,29.08936,107.650215
1574,2025-09-03 14:00:00+05:30,18.13003,114.020256,27.218117,115.03976
1575,2025-09-03 15:00:00+05:30,20.917982,127.658844,29.522196,127.568665
1576,2025-09-03 16:00:00+05:30,17.085785,131.58331,25.247526,131.53168
1577,2025-09-03 17:00:00+05:30,13.18308,124.992096,22.465412,127.51269
1578,2025-09-03 18:00:00+05:30,14.292725,106.837555,24.590923,107.90454
1579,2025-09-03 19:00:00+05:30,13.31635,99.33492,22.877003,104.582985
1580,2025-09-03 20:00:00+05:30,15.463246,114.775116,26.323116,116.38977
1581,2025-09-03 21:00:00+05:30,14.677452,123.49521,25.277023,125.72749
1582,2025-09-03 22:00:00+05:30,15.338071,125.9286,25.975565,129.09386
1583,2025-09-03 23:00:00+05:30,13.935767,125.537766,24.037918,129.53087
1584,2025-09-04 00:00:00+05:30,12.606426,133.26433,22.148046,135.65846
1585,2025-09-04 01:00:00+05:30,11.720751,132.5104,21.256008,135.34305
1586,2025-09-04 02:00:00+05:30,11.282711,123.94363,20.340796,126.36296
1587,2025-09-04 03:00:00+05:30,11.038858,114.05735,20.456745,118.36895
1588,2025-09-04 04:00:00+05:30,10.63372,92.910774,20.418695,99.1301
1589,2025-09-04 05:00:00+05:30,12.580699,109.21277,22.944881,109.714386
1590,2025-09-04 06:00:00+05:30,10.075177,108.75875,21.655428,117.203926
1591,2025-09-04 07:00:00+05:30,16.341383,116.84721,21.734581,116.56499
1592,2025-09-04 08:00:00+05:30,17.534992,125.81126,24.27265,125.340195
1593,2025-09-04 09:00:00+05:30,18.0,126.86999,24.300001,126.86999
1594,2025-09-04 10:00:00+05:30,18.58451,121.534744,25.129185,121.526794
1595,2025-09-04 11:00:00+05:30,18.204933,133.79825,24.573132,133.51605
1596,2025-09-04 12:00:00+05:30,16.045261,136.81828,22.291674,137.29063
1597,2025-09-04 13:00:00+05:30,15.15104,133.55594,20.75627,133.24304
1598,2025-09-04 14:00:00+05:30,16.108742,161.76741,22.154629,163.47903
1599,2025-09-04 15:00:00+05:30,7.0843205,117.216034,9.54,121.890755
1600,2025-09-04 16:00:00+05:30,7.889259,117.1496,11.923557,118.88649
1601,2025-09-04 17:00:00+05:30,5.3426957,147.38077,10.404249,142.73352
1602,2025-09-04 18:00:00+05:30,6.8399997,90.0,14.288191,109.11983
1603,2025-09-04 19:00:00+05:30,4.186693,115.46331,12.330985,123.6901
1604,2025-09-04 20:00:00+05:30,5.3999996,143.13002,13.864674,150.43974
1605,2025-09-04 21:00:00+05:30,4.2021427,136.73567,11.440979,155.85446
1606,2025-09-04 22:00:00+05:30,4.080882,131.42357,10.472535,151.23245
1607,2025-09-04 23:00:00+05:30,4.2366967,102.26476,10.009036,127.694305
1608,2025-09-05 00:00:00+05:30,6.439876,116.56499,14.336861,128.8845
1609,2025-09-05 01:00:00+05:30,5.8769383,117.34979,13.943901,129.23735
1610,2025-09-05 02:00:00+05:30,6.9527545,111.25058,15.2501545,120.499756
1611,2025-09-05 03:00:00+05:30,7.2044983,102.99462,15.509274,111.801476
1612,2025-09-05 04:00:00+05:30,7.968939,108.43504,16.595179,114.34108
1613,2025-09-05 05:00:00+05:30,9.085988,123.6901,18.144321,126.528946
1614,2025-09-05 06:00:00+05:30,10.134495,123.407845,19.388264,131.23587
1615,2025-09-05 07:00:00+05:30,13.324863,141.58191,17.907963,140.7106
1616,2025-09-05 08:00:00+05:30,12.815443,150.55467,16.767075,150.4078
1617,2025-09-05 09:00:00+05:30,11.935778,156.91484,15.812363,157.22958
1618,2025-09-05 10:00:00+05:30,12.835653,157.75093,16.546299,157.61981
1619,2025-09-05 11:00:00+05:30,12.236029,153.81195,15.697197,153.43501
1620,2025-09-05 12:00:00+05:30,9.668195,151.0491,11.923557,151.11351
1621,2025-09-05 13:00:00+05:30,10.30883,155.22488,12.337553,156.80139
1622,2025-09-05 14:00:00+05:30,9.3876505,175.60138,12.346741,172.46065
1623,2025-09-05 15:00:00+05:30,5.3305535,168.31065,7.3447943,162.89719
1624,2025-09-05 16:00:00+05:30,12.979984,176.82024,18.202265,177.16595
1625,2025-09-05 17:00:00+05:30,6.725354,164.47583,11.307095,166.18495
1626,2025-09-05 18:00:00+05:30,6.320538,160.0168,14.474059,169.24908
1627,2025-09-05 19:00:00+05:30,5.12289,161.56496,13.084402,172.09293
1628,2025-09-05 20:00:00+05:30,5.318383,156.0375,12.882267,172.77577
1629,2025-09-05 21:00:00+05:30,5.983477,164.2913,14.650939,174.35954
1630,2025-09-05 22:00:00+05:30,4.913044,171.57312,13.679999,180.0
1631,2025-09-05 23:00:00+05:30,5.5799994,180.0,14.535487,187.82898
1632,2025-09-06 00:00:00+05:30,4.86,180.0,13.441071,187.69595
1633,2025-09-06 01:00:00+05:30,4.73506,171.25392,12.632101,184.08554
1634,2025-09-06 02:00:00+05:30,5.4477882,172.40544,13.519186,183.05283
1635,2025-09-06 03:00:00+05:30,6.5049515,165.5792,14.77755,177.20735
1636,2025-09-06 04:00:00+05:30,5.7515564,159.86362,13.849476,171.02745
1637,2025-09-06 05:00:00+05:30,3.9518096,149.9315,11.190442,168.87085
1638,2025-09-06 06:00:00+05:30,3.7971041,148.57048,8.131936,174.92049
1639,2025-09-06 07:00:00+05:30,6.603817,162.55272,8.649369,167.98854
1640,2025-09-06 08:00:00+05:30,9.375563,183.3018,11.9140415,184.33223
1641,2025-09-06 09:00:00+05:30,8.43699,191.07016,10.874741,192.42593
1642,2025-09-06 10:00:00+05:30,8.101999,178.727,10.261578,178.99493
1643,2025-09-06 11:00:00+05:30,8.338489,166.26372,10.564941,166.20049
1644,2025-09-06 12:00:00+05:30,9.016185,176.56644,11.362834,176.36713
1645,2025-09-06 13:00:00+05:30,8.777653,195.46127,11.003581,195.17297
1646,2025-09-06 14:00:00+05:30,8.36758,198.8248,10.474082,199.0578
1647,2025-09-06 15:00:00+05:30,7.342588,191.30989,9.430694,193.24052
1648,2025-09-06 16:00:00+05:30,11.901798,183.46815,17.288435,181.78987
1649,2025-09-06 17:00:00+05:30,9.585739,214.28693,16.610792,209.8988
1650,2025-09-06 18:00:00+05:30,8.942214,220.10085,18.289274,216.1933
1651,2025-09-06 19:00:00+05:30,6.4096174,218.15727,15.771329,218.04709
1652,2025-09-06 20:00:00+05:30,6.1226463,204.30453,15.463246,204.77512
1653,2025-09-06 21:00:00+05:30,5.4656014,197.24155,15.198012,198.64963
1654,2025-09-06 22:00:00+05:30,8.197414,199.23076,18.88628,202.40988
1655,2025-09-06 23:00:00+05:30,8.936778,207.5972,19.179081,209.2112
1656,2025-09-07 00:00:00+05:30,8.936778,207.5972,19.179081,209.2112
1657,2025-09-07 01:00:00+05:30,7.5019197,210.25635,17.134071,211.68633
1658,2025-09-07 02:00:00+05:30,6.1437774,211.82741,15.027575,214.26115
1659,2025-09-07 03:00:00+05:30,6.0347,197.35411,14.275713,203.0089
1660,2025-09-07 04:00:00+05:30,5.068846,196.50444,13.141232,203.40471
1661,2025-09-07 05:00:00+05:30,4.323748,182.3859,11.571914,195.33334
1662,2025-09-07 06:00:00+05:30,5.3305535,168.31065,11.165805,181.84756
1663,2025-09-07 07:00:00+05:30,7.7734165,185.31445,10.337079,187.00117
1664,2025-09-07 08:00:00+05:30,7.1208143,196.14441,9.224011,197.02061
1665,2025-09-07 09:00:00+05:30,7.989242,202.52061,10.094454,201.99118
1666,2025-09-07 10:00:00+05:30,5.7204895,204.14554,7.0911775,203.9625
1667,2025-09-07 11:00:00+05:30,6.1569467,195.25517,7.6409945,195.01842
1668,2025-09-07 12:00:00+05:30,7.1208143,196.14441,9.0,196.26028
1669,2025-09-07 13:00:00+05:30,6.5248446,204.44394,8.297589,204.34108
1670,2025-09-07 14:00:00+05:30,5.8048253,209.7448,7.4128532,209.0545
1671,2025-09-07 15:00:00+05:30,3.01735,197.35411,3.8141315,199.29015
1672,2025-09-07 16:00:00+05:30,5.2200003,180.0,7.2022495,181.43207
1673,2025-09-07 17:00:00+05:30,4.6800003,157.3801,11.157097,162.1496
1674,2025-09-07 18:00:00+05:30,7.6473517,153.43501,17.727943,156.0375
1675,2025-09-07 19:00:00+05:30,7.970972,173.51703,17.662945,177.07935
1676,2025-09-07 20:00:00+05:30,6.87779,186.00891,16.029097,192.31943
1677,2025-09-07 21:00:00+05:30,6.2999997,180.0,15.24909,187.46048
1678,2025-09-07 22:00:00+05:30,6.849467,183.01273,15.986595,187.76508
1679,2025-09-07 23:00:00+05:30,8.825508,191.76826,18.772715,194.436
1680,2025-09-08 00:00:00+05:30,8.461915,203.83875,18.29459,203.79077
1681,2025-09-08 01:00:00+05:30,7.970972,205.40767,17.471132,207.62099
1682,2025-09-08 02:00:00+05:30,6.12,208.07239,14.757804,210.00484
1683,2025-09-08 03:00:00+05:30,5.692099,214.69522,13.644427,216.41647
1684,2025-09-08 04:00:00+05:30,3.9477081,204.22774,10.990322,211.60745
1685,2025-09-08 05:00:00+05:30,3.6179552,174.2895,9.96524,196.79845
1686,2025-09-08 06:00:00+05:30,4.1046314,164.74483,7.9932976,187.76508
1687,2025-09-08 07:00:00+05:30,4.5572357,189.0902,6.330782,194.82652
1688,2025-09-08 08:00:00+05:30,5.297018,189.78233,6.9899354,191.88864
1689,2025-09-08 09:00:00+05:30,4.913044,188.42688,6.037383,190.3048
1690,2025-09-08 10:00:00+05:30,4.5,163.73972,5.637765,163.30067
1691,2025-09-08 11:00:00+05:30,5.5450516,144.24602,6.8423676,144.63745
1692,2025-09-08 12:00:00+05:30,5.7176566,151.8215,7.0107627,150.80261
1693,2025-09-08 13:00:00+05:30,6.9550843,169.56258,8.613709,169.15974
1694,2025-09-08 14:00:00+05:30,7.613382,173.21112,9.582359,174.61078
1695,2025-09-08 15:00:00+05:30,7.3821945,178.60284,9.54,180.0
1696,2025-09-08 16:00:00+05:30,6.8138976,167.79955,10.387107,171.02745
1697,2025-09-08 17:00:00+05:30,5.8298883,188.88058,13.767352,191.30989
1698,2025-09-08 18:00:00+05:30,5.0432134,177.95464,12.78,180.0
1699,2025-09-08 19:00:00+05:30,6.638072,167.4712,16.368128,171.78088
1700,2025-09-08 20:00:00+05:30,7.7420926,178.66782,18.252037,185.09203
1701,2025-09-08 21:00:00+05:30,8.155807,202.03629,18.837322,206.0753
1702,2025-09-08 22:00:00+05:30,9.021574,208.61037,19.634031,211.50421
1703,2025-09-08 23:00:00+05:30,8.9873905,212.73521,19.719656,213.83516
1704,2025-09-09 00:00:00+05:30,8.748075,216.6342,18.865683,217.63531
1705,2025-09-09 01:00:00+05:30,7.562142,218.23386,17.00881,219.41737
1706,2025-09-09 02:00:00+05:30,6.9480934,216.57312,15.833861,220.38927
1707,2025-09-09 03:00:00+05:30,6.156947,217.87505,15.15104,223.55594
1708,2025-09-09 04:00:00+05:30,3.9518096,210.0685,11.466438,222.45515
1709,2025-09-09 05:00:00+05:30,4.613762,200.55612,12.096214,216.52895
1710,2025-09-09 06:00:00+05:30,5.5916004,183.69131,12.647482,204.37645
1711,2025-09-09 07:00:00+05:30,6.763786,205.2011,9.741642,207.51192
1712,2025-09-09 08:00:00+05:30,8.274128,224.11868,10.819482,224.32605
1713,2025-09-09 09:00:00+05:30,6.873078,224.9999,8.783189,225.83023
1714,2025-09-09 10:00:00+05:30,5.4744864,207.40749,6.76618,208.61037
1715,2025-09-09 11:00:00+05:30,6.151683,200.55612,7.754637,201.80147
1716,2025-09-09 12:00:00+05:30,6.601363,191.0035,8.12197,192.80426
1717,2025-09-09 13:00:00+05:30,7.1208143,196.14441,8.827343,196.58742
1718,2025-09-09 14:00:00+05:30,7.823272,203.02553,9.997699,203.33406
1719,2025-09-09 15:00:00+05:30,8.2584505,200.40997,10.99769,201.10492
1720,2025-09-09 16:00:00+05:30,8.133928,204.86368,13.282243,206.56499
1721,2025-09-09 17:00:00+05:30,5.3939967,205.7099,13.130133,208.67305
1722,2025-09-09 18:00:00+05:30,5.9427266,178.26433,13.910169,190.43742
1723,2025-09-09 19:00:00+05:30,8.297589,183.73132,18.406704,189.00168
1724,2025-09-09 20:00:00+05:30,9.114471,189.0902,19.56046,194.93147
1725,2025-09-09 21:00:00+05:30,8.849339,184.66678,19.384087,190.16202
1726,2025-09-09 22:00:00+05:30,9.3962755,196.69933,19.930477,200.07161
1727,2025-09-09 23:00:00+05:30,11.534054,202.9638,22.621351,205.95332
1728,2025-09-10 00:00:00+05:30,11.592895,205.76927,22.539564,206.56499
1729,2025-09-10 01:00:00+05:30,9.688281,215.16652,19.731974,215.72005
1730,2025-09-10 02:00:00+05:30,7.5019197,210.25635,16.724508,214.03217
1731,2025-09-10 03:00:00+05:30,6.6405115,212.82854,15.338071,215.92859
1732,2025-09-10 04:00:00+05:30,8.131936,207.69939,17.174677,213.02386
1733,2025-09-10 05:00:00+05:30,7.7420926,215.53777,16.782528,218.4679
1734,2025-09-10 06:00:00+05:30,6.9480934,216.57312,14.05845,219.80553
1735,2025-09-10 07:00:00+05:30,6.989936,214.50858,9.7565975,217.50421
1736,2025-09-10 08:00:00+05:30,7.001514,223.95847,9.037721,225.80684
1737,2025-09-10 09:00:00+05:30,7.491114,215.21768,9.504272,217.30403
1738,2025-09-10 10:00:00+05:30,4.7110505,226.54811,5.728979,226.27295
1739,2025-09-10 11:00:00+05:30,5.3999996,233.13002,6.59154,235.0079
1740,2025-09-10 12:00:00+05:30,3.4576871,218.65984,4.2021427,223.26433
1741,2025-09-10 13:00:00+05:30,6.0347,197.35411,7.3997297,198.43504
1742,2025-09-10 14:00:00+05:30,7.6367526,224.9999,9.422101,223.45189
1743,2025-09-10 15:00:00+05:30,6.3690495,227.29063,8.14587,224.9999
1744,2025-09-10 16:00:00+05:30,6.3690495,222.70937,9.059205,220.97165
1745,2025-09-10 17:00:00+05:30,6.114703,227.38597,13.044722,230.59937
1746,2025-09-10 18:00:00+05:30,7.653705,228.81418,17.065859,232.28395
1747,2025-09-10 19:00:00+05:30,4.991553,244.35904,14.007655,244.09354
1748,2025-09-10 20:00:00+05:30,5.1919937,236.3099,13.272482,249.35294
1749,2025-09-10 21:00:00+05:30,3.096837,215.53777,8.0599,240.57263
1750,2025-09-10 22:00:00+05:30,4.1125174,203.19861,9.0,216.86998
1751,2025-09-10 23:00:00+05:30,5.402999,209.98155,12.431733,214.3804
1752,2025-09-11 00:00:00+05:30,5.7176566,208.1785,13.684735,215.36255
1753,2025-09-11 01:00:00+05:30,5.8409934,213.6901,14.224556,218.32016
1754,2025-09-11 02:00:00+05:30,4.39436,214.9921,11.720751,222.5104
1755,2025-09-11 03:00:00+05:30,5.3305535,191.68935,12.074766,206.56499
1756,2025-09-11 04:00:00+05:30,6.489992,183.17976,13.672893,196.04907
1757,2025-09-11 05:00:00+05:30,5.297018,189.78233,12.864649,197.92801
1758,2025-09-11 06:00:00+05:30,4.2021422,170.13426,7.9465466,193.0919
1759,2025-09-11 07:00:00+05:30,2.9522195,217.56866,3.9966483,215.83774
1760,2025-09-11 08:00:00+05:30,5.318383,246.0375,6.689125,246.19405
1761,2025-09-11 09:00:00+05:30,3.0758414,200.55612,3.7842832,205.34613
1762,2025-09-11 10:00:00+05:30,3.9312592,164.05453,4.6277857,166.50426
1763,2025-09-11 11:00:00+05:30,2.7059932,176.186,3.244996,176.82024
1764,2025-09-11 12:00:00+05:30,2.4014995,192.99461,2.8460498,198.43504
1765,2025-09-11 13:00:00+05:30,5.020677,165.4655,5.937272,165.96373
1766,2025-09-11 14:00:00+05:30,17.799076,151.62085,24.633049,153.06055
1767,2025-09-11 15:00:00+05:30,11.525623,178.21013,16.024044,178.71269
1768,2025-09-11 16:00:00+05:30,9.292255,201.59537,12.936227,201.20929
1769,2025-09-11 17:00:00+05:30,8.427383,160.0168,12.750811,161.0534
1770,2025-09-11 18:00:00+05:30,5.1919937,146.3099,13.878689,146.10379
1771,2025-09-11 19:00:00+05:30,4.0449963,159.14546,13.217443,150.64235
1772,2025-09-11 20:00:00+05:30,6.090812,145.84026,14.092978,151.79846
1773,2025-09-11 21:00:00+05:30,5.068846,163.49556,13.062098,168.0707
1774,2025-09-11 22:00:00+05:30,3.8856654,166.60748,10.717182,172.27826
1775,2025-09-11 23:00:00+05:30,4.323748,182.3859,11.196231,184.61057
1776,2025-09-12 00:00:00+05:30,4.613762,159.44388,11.749741,174.7262
1777,2025-09-12 01:00:00+05:30,4.3349743,184.76355,11.190442,191.12915
1778,2025-09-12 02:00:00+05:30,8.4963045,233.61555,14.730336,231.44951
1779,2025-09-12 03:00:00+05:30,4.7657523,190.88548,8.461914,209.29126
1780,2025-09-12 04:00:00+05:30,3.964089,87.3975,5.4029994,91.90912
1781,2025-09-12 05:00:00+05:30,2.3469129,122.471176,4.3536186,119.74479
1782,2025-09-12 06:00:00+05:30,7.42159,129.09386,13.466357,127.94221
1783,2025-09-12 07:00:00+05:30,6.384293,130.426,8.415842,131.53168
1784,2025-09-12 08:00:00+05:30,4.724786,139.63554,5.876938,139.9698
1785,2025-09-12 09:00:00+05:30,5.692099,145.30478,6.989936,145.49142
1786,2025-09-12 10:00:00+05:30,6.9247384,152.10283,8.37532,151.78275
1787,2025-09-12 11:00:00+05:30,8.967541,141.51978,10.944532,143.69542
1788,2025-09-12 12:00:00+05:30,7.519175,101.0409,9.449572,107.74477
1789,2025-09-12 13:00:00+05:30,5.318383,113.962494,6.698806,120.699646
1790,2025-09-12 14:00:00+05:30,14.021525,150.80261,17.972979,150.61108
1791,2025-09-12 15:00:00+05:30,8.373386,205.4633,11.063778,201.97456
1792,2025-09-12 16:00:00+05:30,9.860649,201.41304,13.54911,199.3979
1793,2025-09-12 17:00:00+05:30,7.208994,177.13765,11.705537,178.23764
1794,2025-09-12 18:00:00+05:30,5.232399,176.05489,13.339445,176.906
1795,2025-09-12 19:00:00+05:30,6.482499,178.40889,14.941085,179.30974
1796,2025-09-12 20:00:00+05:30,5.771239,176.42374,13.330941,182.32149
1797,2025-09-12 21:00:00+05:30,6.28713,166.75948,13.339445,176.906
1798,2025-09-12 22:00:00+05:30,7.2805495,171.46931,15.669307,178.02512
1799,2025-09-12 23:00:00+05:30,6.28713,166.75948,14.248452,176.37859
1800,2025-09-13 00:00:00+05:30,4.846648,158.19853,12.2519045,169.8458
1801,2025-09-13 01:00:00+05:30,5.815978,158.19853,13.451914,167.63751
1802,2025-09-13 02:00:00+05:30,3.381893,154.7989,10.096059,168.69011
1803,2025-09-13 03:00:00+05:30,4.896529,162.89719,11.966953,173.08887
1804,2025-09-13 04:00:00+05:30,5.5567255,155.09526,12.835653,165.37909
1805,2025-09-13 05:00:00+05:30,4.978554,139.39879,12.10157,157.249
1806,2025-09-13 06:00:00+05:30,5.796447,126.15828,12.081473,146.54666
1807,2025-09-13 07:00:00+05:30,6.156947,142.12495,8.490582,147.99466
1808,2025-09-13 08:00:00+05:30,9.037721,134.19316,11.734564,138.73149
1809,2025-09-13 09:00:00+05:30,7.001514,136.04153,9.178235,138.17992
1810,2025-09-13 10:00:00+05:30,7.891311,135.0001,10.195057,137.86247
1811,2025-09-13 11:00:00+05:30,8.893166,144.0578,11.738705,144.3601
1812,2025-09-13 12:00:00+05:30,7.1208143,163.85559,9.12513,165.14134
1813,2025-09-13 13:00:00+05:30,10.137692,163.49556,12.638512,162.59721
1814,2025-09-13 14:00:00+05:30,11.897714,162.38733,15.086748,162.64589
1815,2025-09-13 15:00:00+05:30,13.324863,178.45187,18.907713,178.36346
1816,2025-09-13 16:00:00+05:30,10.51576,186.88162,15.808263,187.85323
1817,2025-09-13 17:00:00+05:30,6.603817,162.55272,12.043869,170.53775
1818,2025-09-13 18:00:00+05:30,4.724786,162.25523,12.371645,171.6342
1819,2025-09-13 19:00:00+05:30,4.1046314,142.12495,10.739833,166.42955
1820,2025-09-13 20:00:00+05:30,5.369916,129.55963,11.996699,152.28159
1821,2025-09-13 21:00:00+05:30,7.056826,142.25313,15.283048,147.99466
1822,2025-09-13 22:00:00+05:30,8.217153,151.1893,17.25373,156.64442
1823,2025-09-13 23:00:00+05:30,7.8583965,159.90468,16.635155,166.86597
1824,2025-09-14 00:00:00+05:30,8.688613,166.82744,17.81909,171.86998
1825,2025-09-14 01:00:00+05:30,8.936778,170.72748,18.268892,174.34567
1826,2025-09-14 02:00:00+05:30,6.778141,169.28693,15.697197,176.05489
1827,2025-09-14 03:00:00+05:30,6.9899354,168.11136,15.496736,177.33705
1828,2025-09-14 04:00:00+05:30,6.162207,173.29025,14.787414,183.48926
1829,2025-09-14 05:00:00+05:30,4.802999,167.00539,12.431734,182.4895
1830,2025-09-14 06:00:00+05:30,6.889557,146.7251,12.750811,161.0534
1831,2025-09-14 07:00:00+05:30,6.9480934,163.44286,10.449306,169.07724
1832,2025-09-14 08:00:00+05:30,6.5520988,159.07542,9.224011,162.97939
1833,2025-09-14 09:00:00+05:30,7.8728137,169.46088,10.337079,172.99883
1834,2025-09-14 10:00:00+05:30,7.415038,174.4279,9.208192,175.51547
1835,2025-09-14 11:00:00+05:30,5.7852573,174.64427,7.2202215,175.71092
1836,2025-09-14 12:00:00+05:30,8.149847,223.21011,10.094454,219.93633
1837,2025-09-14 13:00:00+05:30,6.601363,258.9965,8.083983,258.4399
1838,2025-09-14 14:00:00+05:30,10.086427,145.17545,13.130133,146.74562
1839,2025-09-14 15:00:00+05:30,13.248049,143.2857,19.023027,145.40765
1840,2025-09-14 16:00:00+05:30,9.05205,162.64589,12.616703,165.96373
1841,2025-09-14 17:00:00+05:30,6.8541956,166.32867,11.276968,171.74065
1842,2025-09-14 18:00:00+05:30,7.1684303,151.50446,15.009236,157.43295
1843,2025-09-14 19:00:00+05:30,5.441838,145.78424,12.5032,157.1263
1844,2025-09-14 20:00:00+05:30,4.965521,133.53127,11.238113,148.09193
1845,2025-09-14 21:00:00+05:30,6.8777895,137.12111,13.529966,146.94417
1846,2025-09-14 22:00:00+05:30,8.39078,144.60512,16.276817,150.88396
1847,2025-09-14 23:00:00+05:30,7.8149853,151.07367,15.676544,158.44286
1848,2025-09-15 00:00:00+05:30,6.8777895,137.12111,13.985663,148.15099
1849,2025-09-15 01:00:00+05:30,5.994297,131.34769,12.204212,142.792
1850,2025-09-15 02:00:00+05:30,9.505977,161.22188,15.804164,165.4889
1851,2025-09-15 03:00:00+05:30,3.2846913,170.53775,5.2694216,187.85323
1852,2025-09-15 04:00:00+05:30,7.4128532,119.05451,11.272657,128.51695
1853,2025-09-15 05:00:00+05:30,7.9383874,86.09958,12.882267,97.22423
1854,2025-09-15 06:00:00+05:30,10.08,180.0,15.865546,183.25188
1855,2025-09-15 07:00:00+05:30,10.594036,170.21767,14.690691,172.96216
1856,2025-09-15 08:00:00+05:30,13.917154,174.80566,18.610641,175.00635
1857,2025-09-15 09:00:00+05:30,9.165871,250.49745,11.841756,250.46326
1858,2025-09-15 10:00:00+05:30,5.6521144,217.23491,7.0407386,212.47118
1859,2025-09-15 11:00:00+05:30,5.8769383,207.3498,7.0038276,205.90645
1860,2025-09-15 12:00:00+05:30,8.477216,183.65215,10.694485,186.76608
1861,2025-09-15 13:00:00+05:30,6.8612823,184.5139,8.507737,186.07236
1862,2025-09-15 14:00:00+05:30,6.7205353,159.62349,8.089993,159.14546
1863,2025-09-15 15:00:00+05:30,9.044888,148.84076,11.545284,149.03632
1864,2025-09-15 16:00:00+05:30,11.525623,128.65984,17.00881,129.41737
1865,2025-09-15 17:00:00+05:30,8.905908,194.03627,15.182015,190.24403
1866,2025-09-15 18:00:00+05:30,8.65873,159.30447,17.085785,163.47412
1867,2025-09-15 19:00:00+05:30,8.6193495,151.29414,16.285772,159.9627
1868,2025-09-15 20:00:00+05:30,8.287822,145.6196,16.1198,156.29735
1869,2025-09-15 21:00:00+05:30,10.094454,148.86108,18.845062,155.14844
1870,2025-09-15 22:00:00+05:30,14.118243,160.64091,23.744312,160.05391
1871,2025-09-15 23:00:00+05:30,15.455911,165.1545,24.817162,168.2826
1872,2025-09-16 00:00:00+05:30,12.601285,158.19853,21.068459,163.11313
1873,2025-09-16 01:00:00+05:30,12.144331,168.0239,21.2522,169.26115
1874,2025-09-16 02:00:00+05:30,12.585848,163.37917,22.046875,166.30411
1875,2025-09-16 03:00:00+05:30,7.555712,167.61925,12.093534,175.7322
1876,2025-09-16 04:00:00+05:30,8.797931,149.23735,14.517644,160.44165
1877,2025-09-16 05:00:00+05:30,6.889557,160.1447,14.05845,166.67546
1878,2025-09-16 06:00:00+05:30,10.1376915,186.1154,16.521805,187.51205
1879,2025-09-16 07:00:00+05:30,13.733186,190.57347,22.134876,194.60132
1880,2025-09-16 08:00:00+05:30,12.081473,204.65588,16.431347,204.59978
1881,2025-09-16 09:00:00+05:30,8.536252,222.43619,11.334285,223.06943
1882,2025-09-16 10:00:00+05:30,9.914717,183.12207,13.418153,186.93425
1883,2025-09-16 11:00:00+05:30,8.311245,184.96965,10.674773,185.80663
1884,2025-09-16 12:00:00+05:30,10.837435,184.76355,14.133153,186.58185
1885,2025-09-16 13:00:00+05:30,10.094454,176.93358,12.791403,177.58054
1886,2025-09-16 14:00:00+05:30,10.474082,160.9422,13.149859,160.82089
1887,2025-09-16 15:00:00+05:30,7.7420926,215.53777,10.495713,210.96368
1888,2025-09-16 16:00:00+05:30,8.953078,210.17343,12.413477,209.53868
1889,2025-09-16 17:00:00+05:30,9.54679,182.16103,17.662945,182.92065
1890,2025-09-16 18:00:00+05:30,9.039514,144.7275,17.471132,152.37901
1891,2025-09-16 19:00:00+05:30,8.775807,154.48618,17.534994,162.68097
1892,2025-09-16 20:00:00+05:30,9.354806,149.98172,18.11841,159.04414
1893,2025-09-16 21:00:00+05:30,10.472536,155.63756,19.930477,159.92839
1894,2025-09-16 22:00:00+05:30,11.672275,162.96214,21.816412,169.06096
1895,2025-09-16 23:00:00+05:30,11.793777,164.05453,21.993172,169.14995
1896,2025-09-17 00:00:00+05:30,10.739833,166.42955,20.39091,171.36928
1897,2025-09-17 01:00:00+05:30,10.239453,169.8754,19.361507,174.1305
1898,2025-09-17 02:00:00+05:30,9.726665,177.87895,18.751125,183.3018
1899,2025-09-17 03:00:00+05:30,10.086427,182.04536,18.73557,188.2857
1900,2025-09-17 04:00:00+05:30,10.285232,184.0141,18.675812,190.55176
1901,2025-09-17 05:00:00+05:30,9.36173,178.89832,16.836496,186.13716
1902,2025-09-17 06:00:00+05:30,10.08,180.0,15.546833,185.31445
1903,2025-09-17 07:00:00+05:30,10.823973,176.186,14.77755,177.20735
1904,2025-09-17 08:00:00+05:30,10.2742,176.98727,13.330941,177.67851
1905,2025-09-17 09:00:00+05:30,10.63372,177.08922,14.041154,179.2655
1906,2025-09-17 10:00:00+05:30,11.989945,187.76508,15.506141,189.3529
1907,2025-09-17 11:00:00+05:30,12.399112,193.43105,15.717823,193.24052
1908,2025-09-17 12:00:00+05:30,14.003029,197.96924,17.816362,198.25198
1909,2025-09-17 13:00:00+05:30,15.042659,201.03758,21.402597,198.13028
1910,2025-09-17 14:00:00+05:30,11.334285,212.68054,15.898188,210.62993
1911,2025-09-17 15:00:00+05:30,14.110209,209.83545,18.865683,209.74478
1912,2025-09-17 16:00:00+05:30,13.4903965,211.35703,19.32801,212.0619
1913,2025-09-17 17:00:00+05:30,9.965239,200.07161,17.782688,201.37068
1914,2025-09-17 18:00:00+05:30,5.232399,183.94511,14.545515,192.14426
1915,2025-09-17 19:00:00+05:30,6.0721655,168.0239,14.978984,184.1346
1916,2025-09-17 20:00:00+05:30,7.0015144,162.03076,16.575644,177.5105
1917,2025-09-17 21:00:00+05:30,7.342588,168.69011,17.294992,177.6141
1918,2025-09-17 22:00:00+05:30,6.7469993,170.78905,16.575644,177.5105
1919,2025-09-17 23:00:00+05:30,6.037383,169.6952,15.3042345,181.34785
1920,2025-09-18 00:00:00+05:30,7.6367526,171.86998,17.103788,181.20602
1921,2025-09-18 01:00:00+05:30,8.467655,182.4366,18.64369,190.00792
1922,2025-09-18 02:00:00+05:30,9.321845,190.00792,20.05203,196.15741
1923,2025-09-18 03:00:00+05:30,9.459852,201.19412,20.291357,205.2011
1924,2025-09-18 04:00:00+05:30,9.360001,202.6199,19.810633,208.19489
1925,2025-09-18 05:00:00+05:30,8.936777,198.79999,19.1588,206.80571
1926,2025-09-18 06:00:00+05:30,10.706596,206.99576,23.86341,213.92984
1927,2025-09-18 07:00:00+05:30,10.685391,212.61923,17.623463,214.17703
1928,2025-09-18 08:00:00+05:30,9.499158,207.05052,13.130133,208.67305
1929,2025-09-18 09:00:00+05:30,9.080639,219.3693,11.892265,219.47243
1930,2025-09-18 10:00:00+05:30,8.461914,240.70874,10.472535,241.23244
1931,2025-09-18 11:00:00+05:30,7.841887,211.86594,9.885262,213.11136
1932,2025-09-18 12:00:00+05:30,6.502461,221.63345,8.027678,222.27362
1933,2025-09-18 13:00:00+05:30,5.7402787,228.81418,6.8919086,229.23648
1934,2025-09-18 14:00:00+05:30,5.0975285,222.13753,6.1094027,224.9999
1935,2025-09-18 15:00:00+05:30,6.130579,176.6336,7.922045,178.69807
1936,2025-09-18 16:00:00+05:30,5.0432134,182.04536,10.630672,208.30066
1937,2025-09-18 17:00:00+05:30,8.958504,202.4428,16.029099,204.55043
1938,2025-09-18 18:00:00+05:30,5.020677,75.46551,7.3997297,85.81516
1939,2025-09-18 19:00:00+05:30,7.754637,111.801476,14.292725,126.29272
1940,2025-09-18 20:00:00+05:30,6.1094027,135.0001,13.666967,139.80803
1941,2025-09-18 21:00:00+05:30,6.0908127,288.9705,12.971244,272.3859
1942,2025-09-18 22:00:00+05:30,3.438895,263.9911,6.28713,256.75946
1943,2025-09-18 23:00:00+05:30,3.0652895,86.63361,2.8460498,161.56496
1944,2025-09-19 00:00:00+05:30,1.4512063,82.875084,1.1525624,141.34016
1945,2025-09-19 01:00:00+05:30,3.8268526,131.18582,7.289445,147.09476
1946,2025-09-19 02:00:00+05:30,3.536439,165.2564,8.581677,170.34018
1947,2025-09-19 03:00:00+05:30,2.8174455,153.43501,7.6367526,171.86998
1948,2025-09-19 04:00:00+05:30,2.8174455,153.43501,7.2022495,178.56793
1949,2025-09-19 05:00:00+05:30,2.8856194,86.423744,4.1085763,118.8107
1950,2025-09-19 06:00:00+05:30,8.39078,144.60512,14.874796,158.71352
1951,2025-09-19 07:00:00+05:30,4.2175345,129.80553,6.4096174,141.84273
1952,2025-09-19 08:00:00+05:30,7.386582,46.97493,8.836514,56.63362
1953,2025-09-19 09:00:00+05:30,8.43699,33.6901,11.341428,35.960606
1954,2025-09-19 10:00:00+05:30,5.876938,49.969803,7.928177,50.52757
1955,2025-09-19 11:00:00+05:30,6.2379804,46.169064,7.9077177,48.69148
1956,2025-09-19 12:00:00+05:30,1.2727921,8.130019,1.3708391,23.198618
1957,2025-09-19 13:00:00+05:30,1.8089776,264.2895,2.0124612,259.69522
1958,2025-09-19 14:00:00+05:30,4.5322843,263.15732,5.2694216,262.1468
1959,2025-09-19 15:00:00+05:30,2.5959969,213.6901,3.396233,212.00534
1960,2025-09-19 16:00:00+05:30,6.889557,213.2749,8.936778,214.33028
1961,2025-09-19 17:00:00+05:30,7.344794,216.02747,12.387348,215.53777
1962,2025-09-19 18:00:00+05:30,3.1845248,227.29063,6.114703,222.61401
1963,2025-09-19 19:00:00+05:30,2.907989,291.80148,6.638072,282.5288
1964,2025-09-19 20:00:00+05:30,2.8799999,360.0,6.7469993,350.78906
1965,2025-09-19 21:00:00+05:30,0.56920993,71.564964,2.7475805,31.607454
1966,2025-09-19 22:00:00+05:30,1.08,270.0,2.8460498,288.43503
1967,2025-09-19 23:00:00+05:30,2.2910259,315.0001,4.5,323.13
1968,2025-09-20 00:00:00+05:30,2.0991426,329.03632,4.0249224,333.43503
1969,2025-09-20 01:00:00+05:30,3.244996,3.179772,5.5916004,3.691312
1970,2025-09-20 02:00:00+05:30,3.1072817,10.007925,6.2145634,10.007925
1971,2025-09-20 03:00:00+05:30,4.5,16.26028,8.936777,18.79999
1972,2025-09-20 04:00:00+05:30,3.572898,49.085716,7.653705,48.814175
1973,2025-09-20 05:00:00+05:30,3.148714,59.03632,4.379589,80.53775
1974,2025-09-20 06:00:00+05:30,4.942631,123.11135,6.502461,131.63345
1975,2025-09-20 07:00:00+05:30,6.1437774,121.82741,8.43699,123.690094
1976,2025-09-20 08:00:00+05:30,4.39436,145.0079,5.692099,145.30478
1977,2025-09-20 09:00:00+05:30,3.710795,140.90616,4.471107,139.89915
1978,2025-09-20 10:00:00+05:30,3.9640884,140.52757,4.724786,139.63554
1979,2025-09-20 11:00:00+05:30,2.5772078,102.09474,2.9301877,100.619606
1980,2025-09-20 12:00:00+05:30,0.35999998,180.0,0.35999998,180.0
1981,2025-09-20 13:00:00+05:30,2.907989,291.80148,3.3092597,292.3802
1982,2025-09-20 14:00:00+05:30,2.8460498,341.56494,3.4152596,341.56494
1983,2025-09-20 15:00:00+05:30,4.7521367,294.62354,5.634891,296.56497
1984,2025-09-20 16:00:00+05:30,5.257109,231.95291,6.989936,235.49141
1985,2025-09-20 17:00:00+05:30,5.6492476,157.52052,9.605998,167.00539
1986,2025-09-20 18:00:00+05:30,7.44121,212.15227,13.83192,214.93102
1987,2025-09-20 19:00:00+05:30,6.299999,233.13002,12.348051,233.29706
1988,2025-09-20 20:00:00+05:30,7.406295,244.05775,14.169785,244.41153
1989,2025-09-20 21:00:00+05:30,6.601363,258.9965,13.31635,256.71512
1990,2025-09-20 22:00:00+05:30,3.7585104,253.30067,10.158444,262.8751
1991,2025-09-20 23:00:00+05:30,3.710795,230.90614,9.05205,252.64589
1992,2025-09-21 00:00:00+05:30,5.154415,245.22488,11.616627,257.4712
1993,2025-09-21 01:00:00+05:30,4.452954,255.96373,11.34,270.0
1994,2025-09-21 02:00:00+05:30,2.968636,255.96373,8.32877,276.20334
1995,2025-09-21 03:00:00+05:30,3.6179552,275.7105,8.766573,289.1791
1996,2025-09-21 04:00:00+05:30,4.186693,295.46332,10.34178,301.47678
1997,2025-09-21 05:00:00+05:30,3.8268526,318.81415,10.120099,321.49933
1998,2025-09-21 06:00:00+05:30,7.0107627,299.1974,8.797931,300.76263
1999,2025-09-21 07:00:00+05:30,6.114703,312.614,8.149847,313.2101
2000,2025-09-21 08:00:00+05:30,3.244996,356.82022,4.32,360.0
2001,2025-09-21 09:00:00+05:30,3.6,36.86999,4.6102495,38.65983
2002,2025-09-21 10:00:00+05:30,2.2553935,28.610369,2.657668,28.30066
2003,2025-09-21 11:00:00+05:30,0.742159,345.9637,0.8049845,333.43503
2004,2025-09-21 12:00:00+05:30,2.52,90.0,2.8799999,90.0
2005,2025-09-21 13:00:00+05:30,1.5484185,54.46224,1.9469976,56.3099
2006,2025-09-21 14:00:00+05:30,1.781909,315.0001,2.1674871,318.36655
2007,2025-09-21 15:00:00+05:30,2.5772078,347.90527,3.319036,347.4712
2008,2025-09-21 16:00:00+05:30,1.659518,282.5288,1.9386592,291.80148
2009,2025-09-21 17:00:00+05:30,3.06,180.0,5.8603754,190.6196
2010,2025-09-21 18:00:00+05:30,4.3832865,160.82089,11.770403,156.57129
2011,2025-09-21 19:00:00+05:30,5.9617786,241.11351,13.379461,227.72636
2012,2025-09-21 20:00:00+05:30,9.793059,233.97253,17.273436,236.4755
2013,2025-09-21 21:00:00+05:30,10.120099,231.49931,19.06046,230.74867
2014,2025-09-21 22:00:00+05:30,8.29173,242.87877,16.365158,240.33337
2015,2025-09-21 23:00:00+05:30,2.9024127,150.2552,6.6405115,212.82854
2016,2025-09-22 00:00:00+05:30,5.293959,305.31128,10.304115,289.3846
2017,2025-09-22 01:00:00+05:30,5.509882,308.36752,10.495713,300.96368
2018,2025-09-22 02:00:00+05:30,4.1085763,331.1893,10.228373,331.63104
2019,2025-09-22 03:00:00+05:30,6.28713,336.3706,13.1041975,339.07544
2020,2025-09-22 04:00:00+05:30,6.6624317,358.45187,13.698934,356.98727
2021,2025-09-22 05:00:00+05:30,5.223103,1.9748993,12.093534,4.267821
2022,2025-09-22 06:00:00+05:30,3.7842832,25.346138,9.96524,16.798458
2023,2025-09-22 07:00:00+05:30,4.2021427,43.26433,6.804381,37.476254
2024,2025-09-22 08:00:00+05:30,5.3517847,47.72637,7.256032,43.995014
2025,2025-09-22 09:00:00+05:30,4.724786,40.364468,6.341009,34.592358
2026,2025-09-22 10:00:00+05:30,6.048107,53.471054,7.653705,48.814175
2027,2025-09-22 11:00:00+05:30,7.0911775,66.037506,9.016185,63.946568
2028,2025-09-22 12:00:00+05:30,11.431063,82.763176,13.797912,82.50424
2029,2025-09-22 13:00:00+05:30,9.087772,82.03049,12.549757,81.75377
2030,2025-09-22 14:00:00+05:30,6.8423676,91.50741,9.007196,92.29056
2031,2025-09-22 15:00:00+05:30,1.0495713,59.03632,0.9178235,78.6901
2032,2025-09-22 16:00:00+05:30,3.9518096,30.068504,4.829907,26.564985
2033,2025-09-22 17:00:00+05:30,3.536439,14.743609,7.5170207,16.699326
2034,2025-09-22 18:00:00+05:30,2.7475805,238.39255,6.7757506,219.61066
2035,2025-09-22 19:00:00+05:30,2.9301877,10.61961,2.5959969,303.6901
2036,2025-09-22 20:00:00+05:30,1.6299692,173.6599,6.193674,215.53777
2037,2025-09-22 21:00:00+05:30,3.143565,113.62939,3.8939953,146.3099
2038,2025-09-22 22:00:00+05:30,1.4399999,90.0,1.5379207,159.44388
2039,2025-09-22 23:00:00+05:30,1.8,360.0,2.6208394,344.05453
2040,2025-09-23 00:00:00+05:30,3.4949677,11.888645,6.9899354,11.888645
2041,2025-09-23 01:00:00+05:30,3.6179552,5.7105074,7.0591216,19.359097
2042,2025-09-23 02:00:00+05:30,4.5891175,348.6901,9.292254,351.08514
2043,2025-09-23 03:00:00+05:30,5.9834766,353.08887,11.892265,357.3975
2044,2025-09-23 04:00:00+05:30,5.5829024,20.772345,12.367716,21.336927
2045,2025-09-23 05:00:00+05:30,8.490582,32.005356,15.426535,34.060966
2046,2025-09-23 06:00:00+05:30,11.276968,98.25935,17.01738,100.359
2047,2025-09-23 07:00:00+05:30,10.814989,108.43504,15.256526,109.290146
2048,2025-09-23 08:00:00+05:30,15.086748,109.51596,20.33044,110.1999
2049,2025-09-23 09:00:00+05:30,16.244936,111.44781,21.893505,111.714
2050,2025-09-23 10:00:00+05:30,14.677452,123.49521,19.921535,122.82854
2051,2025-09-23 11:00:00+05:30,13.110376,134.44382,17.057314,134.14499
2052,2025-09-23 12:00:00+05:30,9.957108,130.60121,12.791403,129.28938
2053,2025-09-23 13:00:00+05:30,8.435069,129.80553,11.019764,128.36752
2054,2025-09-23 14:00:00+05:30,9.801326,134.25603,12.870944,132.16582
2055,2025-09-23 15:00:00+05:30,10.97262,138.99101,14.650938,137.4896
2056,2025-09-23 16:00:00+05:30,9.449572,162.25523,12.864649,162.07199
2057,2025-09-23 17:00:00+05:30,5.9427266,144.86572,12.932471,145.2039
2058,2025-09-23 18:00:00+05:30,7.16617,154.72232,14.822429,155.61363
2059,2025-09-23 19:00:00+05:30,7.2805495,171.46931,14.408997,167.00539
2060,2025-09-23 20:00:00+05:30,4.5,163.73972,11.7,157.3801
2061,2025-09-23 21:00:00+05:30,3.4388947,137.12111,9.636307,147.20047
2062,2025-09-23 22:00:00+05:30,3.244996,109.440125,8.528657,135.85501
2063,2025-09-23 23:00:00+05:30,3.438895,96.00892,8.287822,124.3804
2064,2025-09-24 00:00:00+05:30,3.244996,93.17977,7.6579366,119.57774
2065,2025-09-24 01:00:00+05:30,3.244996,93.17977,7.0038276,115.906456
2066,2025-09-24 02:00:00+05:30,3.7585104,73.300674,8.281956,91.24534
2067,2025-09-24 03:00:00+05:30,5.09435,57.99466,11.003581,74.827034
2068,2025-09-24 04:00:00+05:30,5.637765,73.300674,13.379461,79.14364
2069,2025-09-24 05:00:00+05:30,6.5024605,94.76356,15.009236,95.50539
2070,2025-09-24 06:00:00+05:30,6.341009,83.48029,9.007196,92.29056
2071,2025-09-24 07:00:00+05:30,4.802999,102.99462,6.778141,100.71308
2072,2025-09-24 08:00:00+05:30,8.32877,96.203354,10.873252,96.654335
2073,2025-09-24 09:00:00+05:30,10.699028,102.63336,13.8037815,102.042564
2074,2025-09-24 10:00:00+05:30,13.276144,102.5288,17.377226,103.17256
2075,2025-09-24 11:00:00+05:30,11.345713,91.81827,14.607751,93.53223
2076,2025-09-24 12:00:00+05:30,10.163227,112.93214,12.835653,112.24908
2077,2025-09-24 13:00:00+05:30,9.801326,134.25603,12.738099,132.70937
2078,2025-09-24 14:00:00+05:30,9.614426,141.84273,12.261157,139.76372
2079,2025-09-24 15:00:00+05:30,9.335737,146.0035,12.181624,145.84026
2080,2025-09-24 16:00:00+05:30,8.019601,135.90929,11.5887,136.88817
2081,2025-09-24 17:00:00+05:30,6.151683,110.55613,12.57426,113.62939
2082,2025-09-24 18:00:00+05:30,3.1072817,79.99209,6.21717,112.109505
2083,2025-09-24 19:00:00+05:30,3.096837,54.46224,4.5322843,83.15732
2084,2025-09-24 20:00:00+05:30,1.609969,63.435013,3.536439,104.743614
2085,2025-09-24 21:00:00+05:30,1.4512063,60.255207,2.7238941,82.40546
2086,2025-09-24 22:00:00+05:30,4.5,90.0,9.195868,86.633606
2087,2025-09-24 23:00:00+05:30,1.659518,167.4712,5.5567255,114.90474
2088,2025-09-25 00:00:00+05:30,1.0495713,59.03632,6.310277,86.729576
2089,2025-09-25 01:00:00+05:30,2.5582807,50.710617,7.2044983,77.00539
2090,2025-09-25 02:00:00+05:30,5.00128,59.743652,10.914888,76.65127
2091,2025-09-25 03:00:00+05:30,4.829907,63.435013,11.276968,81.740654
2092,2025-09-25 04:00:00+05:30,4.8899083,96.340096,11.837651,98.74608
2093,2025-09-25 05:00:00+05:30,4.5,90.0,11.265469,102.926
2094,2025-09-25 06:00:00+05:30,6.7205353,69.62349,12.611567,87.54603
2095,2025-09-25 07:00:00+05:30,4.1046314,74.74483,6.2483597,78.366394
2096,2025-09-25 08:00:00+05:30,3.438895,96.00892,4.503598,92.29056
2097,2025-09-25 09:00:00+05:30,5.3999996,90.0,7.02,90.0
2098,2025-09-25 10:00:00+05:30,6.489992,86.82024,7.9526596,84.805664
2099,2025-09-25 11:00:00+05:30,5.0432134,87.95464,5.950899,86.531845
2100,2025-09-25 12:00:00+05:30,3.9518096,59.93151,4.6938257,57.528828
2101,2025-09-25 13:00:00+05:30,6.0721655,101.97612,7.2805495,98.530685
2102,2025-09-25 14:00:00+05:30,1.5484185,125.537766,2.0523157,105.25517
2103,2025-09-25 15:00:00+05:30,0.6489992,326.3099,0.9693296,21.801476
2104,2025-09-25 16:00:00+05:30,5.1544156,282.09473,6.66,288.92474
2105,2025-09-25 17:00:00+05:30,4.5,286.26028,7.458606,278.32556
2106,2025-09-25 18:00:00+05:30,3.9477081,114.22774,5.1919937,123.690094
2107,2025-09-25 19:00:00+05:30,8.227004,169.91946,15.5395355,161.77483
2108,2025-09-25 20:00:00+05:30,7.072878,165.2564,12.20023,158.3555
2109,2025-09-25 21:00:00+05:30,6.0347,162.64589,12.56008,154.5367
2110,2025-09-25 22:00:00+05:30,2.4482648,306.02747,3.84796,259.21576
2111,2025-09-25 23:00:00+05:30,3.9518096,329.9315,9.354806,329.98172
2112,2025-09-26 00:00:00+05:30,2.97953,334.98312,8.626865,336.6444
2113,2025-09-26 01:00:00+05:30,5.4029994,358.09088,11.555103,355.53293
2114,2025-09-26 02:00:00+05:30,5.7176566,28.178495,12.43434,22.109503
2115,2025-09-26 03:00:00+05:30,5.3517847,42.27363,12.145665,39.588108
2116,2025-09-26 04:00:00+05:30,5.00128,59.743652,11.989946,54.16227
2117,2025-09-26 05:00:00+05:30,6.830519,71.564964,14.587776,74.248764
2118,2025-09-26 06:00:00+05:30,8.287822,92.4895,16.42839,94.39862
2119,2025-09-26 07:00:00+05:30,7.2022495,91.43207,14.224556,88.54982
2120,2025-09-26 08:00:00+05:30,5.2478566,84.093956,7.2359104,84.2895
2121,2025-09-26 09:00:00+05:30,12.647482,114.376465,16.595179,114.34108
2122,2025-09-26 10:00:00+05:30,14.458382,108.886185,18.162169,109.692116
2123,2025-09-26 11:00:00+05:30,15.509274,111.801476,20.256998,112.46326
2124,2025-09-26 12:00:00+05:30,14.087228,100.30479,18.466457,100.10498
2125,2025-09-26 13:00:00+05:30,16.388899,88.111855,21.611998,88.09089
2126,2025-09-26 14:00:00+05:30,18.98552,121.42951,26.810938,122.943245
2127,2025-09-26 15:00:00+05:30,6.1226463,114.30454,11.103243,106.96623
2128,2025-09-26 16:00:00+05:30,6.3639607,98.13002,12.961249,99.59306
2129,2025-09-26 17:00:00+05:30,8.43699,101.07016,16.59225,105.09163
2130,2025-09-26 18:00:00+05:30,14.336861,118.495544,25.318008,119.84584
2131,2025-09-26 19:00:00+05:30,13.615902,114.19321,24.238588,115.04257
2132,2025-09-26 20:00:00+05:30,14.986553,114.102234,26.081993,116.21132
2133,2025-09-26 21:00:00+05:30,15.133923,116.86974,25.787786,119.24873
2134,2025-09-26 22:00:00+05:30,15.885956,109.87227,26.778893,112.94578
2135,2025-09-26 23:00:00+05:30,14.474059,111.1399,24.565218,114.68716
2136,2025-09-27 00:00:00+05:30,12.810386,107.162,22.563988,111.03758
2137,2025-09-27 01:00:00+05:30,12.358542,102.619316,21.745012,107.835106
2138,2025-09-27 02:00:00+05:30,12.346741,97.53935,21.711462,101.962036
2139,2025-09-27 03:00:00+05:30,12.783802,99.72751,22.396803,103.477844
2140,2025-09-27 04:00:00+05:30,14.056144,99.58287,24.288662,101.97612
2141,2025-09-27 05:00:00+05:30,14.36621,105.25517,24.933735,107.650215
2142,2025-09-27 06:00:00+05:30,14.857362,109.09359,23.73271,112.28564
2143,2025-09-27 07:00:00+05:30,19.11139,119.945595,26.45755,120.228294
2144,2025-09-27 08:00:00+05:30,20.793701,131.13918,28.719448,130.67911
2145,2025-09-27 09:00:00+05:30,19.54389,130.14333,26.94294,130.39363
2146,2025-09-27 10:00:00+05:30,16.704155,127.11694,21.960737,127.33961
2147,2025-09-27 11:00:00+05:30,20.436144,148.69011,26.486313,148.90276
2148,2025-09-27 12:00:00+05:30,12.172312,141.6048,17.681278,144.53004
2149,2025-09-27 13:00:00+05:30,10.34178,121.47678,14.277983,123.6901
2150,2025-09-27 14:00:00+05:30,11.837651,134.38402,15.910412,135.4583
2151,2025-09-27 15:00:00+05:30,12.108261,131.98714,17.448862,132.90984
2152,2025-09-27 16:00:00+05:30,10.514218,128.04709,16.388897,128.7581
2153,2025-09-27 17:00:00+05:30,9.7880945,122.22874,18.037762,126.0695
2154,2025-09-27 18:00:00+05:30,7.970972,115.40768,17.325874,119.22796
2155,2025-09-27 19:00:00+05:30,9.387651,122.471176,19.765606,127.60047
2156,2025-09-27 20:00:00+05:30,8.694204,117.095474,18.504139,127.09292
2157,2025-09-27 21:00:00+05:30,7.3469996,120.963684,16.641972,128.85338
2158,2025-09-27 22:00:00+05:30,6.5520988,110.924576,15.426535,124.06096
2159,2025-09-27 23:00:00+05:30,6.889557,109.85531,15.743569,120.96369
2160,2025-09-28 00:00:00+05:30,6.2145634,100.00792,14.658676,114.67685
2161,2025-09-28 01:00:00+05:30,6.519877,96.340096,15.198012,108.649635
2162,2025-09-28 02:00:00+05:30,6.489992,93.17977,14.861722,106.898735
2163,2025-09-28 03:00:00+05:30,7.208994,87.13766,15.328561,99.46225
2164,2025-09-28 04:00:00+05:30,5.9427266,91.73567,13.767352,101.3099
2165,2025-09-28 05:00:00+05:30,5.318383,113.962494,13.040997,116.21132
2166,2025-09-28 06:00:00+05:30,7.5685663,115.34614,15.233148,125.380356
2167,2025-09-28 07:00:00+05:30,7.889259,117.1496,10.630672,118.30067
2168,2025-09-28 08:00:00+05:30,9.9,126.86999,12.961249,127.66569
2169,2025-09-28 09:00:00+05:30,9.446141,120.96369,12.348052,120.67721
2170,2025-09-28 10:00:00+05:30,9.885262,123.11135,12.383424,122.53506
2171,2025-09-28 11:00:00+05:30,8.181589,129.64413,10.120099,128.50069
2172,2025-09-28 12:00:00+05:30,13.472372,112.796555,17.325876,113.902054
2173,2025-09-28 13:00:00+05:30,5.5916004,123.17853,6.889557,123.2749
2174,2025-09-28 14:00:00+05:30,6.3639607,135.0001,8.274128,134.1187
2175,2025-09-28 15:00:00+05:30,6.698806,149.30035,8.643749,148.62704
2176,2025-09-28 16:00:00+05:30,8.197414,160.76924,11.841756,160.46326
2177,2025-09-28 17:00:00+05:30,6.310277,176.72958,12.605142,178.36346
2178,2025-09-28 18:00:00+05:30,5.0911684,171.86998,12.324414,173.29025
2179,2025-09-28 19:00:00+05:30,6.206738,163.14153,14.414617,164.05453
2180,2025-09-28 20:00:00+05:30,5.771239,176.42374,14.619946,175.76369
2181,2025-09-28 21:00:00+05:30,5.6835546,190.95403,14.205182,188.74608
2182,2025-09-28 22:00:00+05:30,5.4149795,195.42223,13.403656,194.78278
2183,2025-09-28 23:00:00+05:30,4.0449967,212.27562,11.594292,207.75845
2184,2025-09-29 00:00:00+05:30,2.9301877,222.5104,8.936778,214.33028
2185,2025-09-29 01:00:00+05:30,2.5071096,248.96242,8.181589,230.35587
2186,2025-09-29 02:00:00+05:30,3.0811036,263.29025,8.452336,243.43501
2187,2025-09-29 03:00:00+05:30,3.2846913,260.53775,8.827343,253.41258
2188,2025-09-29 04:00:00+05:30,2.5772078,282.09473,7.928178,267.3975
2189,2025-09-29 05:00:00+05:30,2.9301877,317.4896,7.6579366,293.55228
2190,2025-09-29 06:00:00+05:30,5.509882,321.63248,7.6409945,313.09085
2191,2025-09-29 07:00:00+05:30,5.7628117,345.52966,7.771331,346.60748
2192,2025-09-29 08:00:00+05:30,4.510787,331.38962,5.634891,333.43503
2193,2025-09-29 09:00:00+05:30,4.4274144,333.43503,5.5567255,335.09525
2194,2025-09-29 10:00:00+05:30,3.964089,2.6025116,4.8733153,4.23632
2195,2025-09-29 11:00:00+05:30,2.6758924,42.27363,3.1845248,42.709366
2196,2025-09-29 12:00:00+05:30,1.3708391,66.801384,1.6981165,57.99466
2197,2025-09-29 13:00:00+05:30,1.0495713,30.963696,1.3708391,23.198618
2198,2025-09-29 14:00:00+05:30,3.0547013,315.0001,3.4388947,317.1211
2199,2025-09-29 15:00:00+05:30,3.671294,281.3099,4.278551,284.6209
2200,2025-09-29 16:00:00+05:30,3.8268526,228.81418,4.8366103,224.9999
2201,2025-09-29 17:00:00+05:30,3.0652893,220.23628,6.3690495,222.70937
2202,2025-09-29 18:00:00+05:30,3.2399998,360.0,5.3426957,327.38077
2203,2025-09-29 19:00:00+05:30,3.244996,3.179772,6.6818557,355.36462
2204,2025-09-29 20:00:00+05:30,0.76367533,44.999897,4.1046314,15.255177
2205,2025-09-29 21:00:00+05:30,0.0,270.0,1.835647,11.3098955
2206,2025-09-29 22:00:00+05:30,0.40249225,296.56497,2.5772078,347.90527
2207,2025-09-29 23:00:00+05:30,0.40249225,296.56497,2.7534704,348.6901
2208,2025-09-30 00:00:00+05:30,1.1384199,288.43503,3.693291,313.0251
2209,2025-09-30 01:00:00+05:30,2.9301877,280.6196,6.0908127,288.9705
2210,2025-09-30 02:00:00+05:30,2.968636,284.03625,7.8625183,285.94547
2211,2025-09-30 03:00:00+05:30,3.4576871,321.34018,8.942214,310.10083
2212,2025-09-30 04:00:00+05:30,3.1845248,312.70938,8.654987,315.0001
2213,2025-09-30 05:00:00+05:30,3.3043609,299.35767,8.404285,316.73566
2214,2025-09-30 06:00:00+05:30,5.5567255,24.904745,8.775807,25.513834
2215,2025-09-30 07:00:00+05:30,7.0407386,32.471172,9.54,31.890757
2216,2025-09-30 08:00:00+05:30,5.896202,31.263678,7.8149853,28.926332
2217,2025-09-30 09:00:00+05:30,4.3832865,19.179106,5.6920996,18.435053
2218,2025-09-30 10:00:00+05:30,4.1125174,23.198618,5.2478566,22.166399
2219,2025-09-30 11:00:00+05:30,2.968636,14.036275,3.7585104,16.699326
2220,2025-09-30 12:00:00+05:30,4.471107,319.89914,5.5450516,324.24603
2221,2025-09-30 13:00:00+05:30,7.029225,267.0644,8.28,270.0
2222,2025-09-30 14:00:00+05:30,5.6060677,264.47256,7.5942073,264.55975
2223,2025-09-30 15:00:00+05:30,5.068846,253.49556,6.725354,254.47583
2224,2025-09-30 16:00:00+05:30,4.7110505,276.58185,7.256032,277.1249
2225,2025-09-30 17:00:00+05:30,2.7238941,262.40546,7.3094187,279.92618
2226,2025-09-30 18:00:00+05:30,2.0124612,206.56499,4.5891175,258.6901
2227,2025-09-30 19:00:00+05:30,3.7842832,182.72626,6.21717,202.1095
2228,2025-09-30 20:00:00+05:30,6.8138976,192.20045,13.00243,201.94876
2229,2025-09-30 21:00:00+05:30,7.8149853,208.92633,15.631007,215.15425
2230,2025-09-30 22:00:00+05:30,8.027678,227.72636,16.478603,229.87396
2231,2025-09-30 23:00:00+05:30,9.044888,238.84076,18.287502,241.1646
2232,2025-10-01 00:00:00+05:30,5.506941,101.3099,4.1046314,142.12495
2233,2025-10-01 01:00:00+05:30,3.1072817,259.9921,7.0591216,250.64091
2234,2025-10-01 02:00:00+05:30,2.1897945,80.53775,3.671294,78.6901
2235,2025-10-01 03:00:00+05:30,3.4388947,137.12111,5.7628117,141.34016
2236,2025-10-01 04:00:00+05:30,3.536439,165.2564,7.486788,170.31128
2237,2025-10-01 05:00:00+05:30,3.8183763,224.9999,11.144021,238.8776
2238,2025-10-01 06:00:00+05:30,2.1674871,221.63345,7.0015144,252.03076
2239,2025-10-01 07:00:00+05:30,1.2074767,153.43501,1.4512063,209.7448
2240,2025-10-01 08:00:00+05:30,11.063778,111.97456,14.84318,112.833694
2241,2025-10-01 09:00:00+05:30,10.00256,120.256355,13.151091,120.4257
2242,2025-10-01 10:00:00+05:30,8.538149,108.43504,10.931203,107.241554
2243,2025-10-01 11:00:00+05:30,10.172787,103.298584,12.966248,103.650444
2244,2025-10-01 12:00:00+05:30,11.841756,109.53674,15.256526,109.290146
2245,2025-10-01 13:00:00+05:30,11.043261,109.025696,14.458382,108.886185
2246,2025-10-01 14:00:00+05:30,12.936227,111.209305,16.981165,111.124794
2247,2025-10-01 15:00:00+05:30,13.527572,115.20109,18.681883,115.083565
2248,2025-10-01 16:00:00+05:30,11.720751,100.619606,17.122723,102.13681
2249,2025-10-01 17:00:00+05:30,7.9383874,86.09958,15.986595,97.76508
2250,2025-10-01 18:00:00+05:30,9.0018,78.46541,17.698677,85.33323
2251,2025-10-01 19:00:00+05:30,2.6208394,74.054535,9.444426,97.66672
2252,2025-10-01 20:00:00+05:30,6.3231,85.101,14.892213,97.64032
2253,2025-10-01 21:00:00+05:30,8.338489,76.26372,16.740969,89.38396
2254,2025-10-01 22:00:00+05:30,9.926147,85.84044,19.26084,89.464554
2255,2025-10-01 23:00:00+05:30,11.307095,103.81505,19.242327,107.41806
2256,2025-10-02 00:00:00+05:30,8.490582,68.87521,13.358861,75.96373
2257,2025-10-02 01:00:00+05:30,12.061341,89.14493,18.57143,93.333786
2258,2025-10-02 02:00:00+05:30,13.864674,91.48784,22.019672,94.21902
2259,2025-10-02 03:00:00+05:30,11.897714,79.540146,19.296133,81.416466
2260,2025-10-02 04:00:00+05:30,13.661038,71.564964,23.00693,75.96373
2261,2025-10-02 05:00:00+05:30,12.601285,90.818436,21.30169,94.361496
2262,2025-10-02 06:00:00+05:30,12.6462,85.101,20.532627,92.009514
2263,2025-10-02 07:00:00+05:30,13.084402,97.907074,21.129885,98.820305
2264,2025-10-02 08:00:00+05:30,13.666967,102.93806,20.082708,104.5345
2265,2025-10-02 09:00:00+05:30,16.13286,100.93378,24.07563,101.64594
2266,2025-10-02 10:00:00+05:30,17.25373,113.35559,25.31353,113.466095
2267,2025-10-02 11:00:00+05:30,17.31746,110.69553,22.96464,111.134315
2268,2025-10-02 12:00:00+05:30,16.59225,105.09163,21.829777,103.34874
2269,2025-10-02 13:00:00+05:30,12.931218,106.16457,20.327251,106.99091
2270,2025-10-02 14:00:00+05:30,13.330941,92.32148,20.929596,93.945114
2271,2025-10-02 15:00:00+05:30,12.313893,105.25517,19.758228,106.94931
2272,2025-10-02 16:00:00+05:30,15.743571,112.1664,25.198072,115.832825
2273,2025-10-02 17:00:00+05:30,15.198012,108.649635,26.072674,112.315636
2274,2025-10-02 18:00:00+05:30,15.716793,110.09532,26.307726,112.52944
2275,2025-10-02 19:00:00+05:30,15.224637,114.44395,25.762648,115.66983
2276,2025-10-02 20:00:00+05:30,12.886039,102.09474,22.825958,108.86368
2277,2025-10-02 21:00:00+05:30,15.922624,100.42066,26.689817,102.06775
2278,2025-10-02 22:00:00+05:30,16.029097,102.319435,26.84958,103.57046
2279,2025-10-02 23:00:00+05:30,14.36621,105.25517,25.390848,109.46266
2280,2025-10-03 00:00:00+05:30,15.316933,92.69423,25.70221,96.029915
2281,2025-10-03 01:00:00+05:30,12.221457,136.1934,21.710716,130.29207
2282,2025-10-03 02:00:00+05:30,13.327294,106.47696,23.85051,108.02482
2283,2025-10-03 03:00:00+05:30,14.357185,97.92684,24.957764,101.22885
2284,2025-10-03 04:00:00+05:30,16.198,104.808426,26.92369,108.31391
2285,2025-10-03 05:00:00+05:30,11.672275,116.56499,20.652988,120.3642
2286,2025-10-03 06:00:00+05:30,14.512064,113.38525,24.44954,120.529625
2287,2025-10-03 07:00:00+05:30,16.74387,116.84043,26.491816,117.9579
2288,2025-10-03 08:00:00+05:30,21.889065,126.30459,30.96837,125.537766
2289,2025-10-03 09:00:00+05:30,22.152435,136.31683,32.203907,135.67928
2290,2025-10-03 10:00:00+05:30,18.820976,146.3099,26.310186,145.87502
2291,2025-10-03 11:00:00+05:30,15.401311,135.47345,20.620804,135.70723
2292,2025-10-03 12:00:00+05:30,18.183563,158.5145,24.037247,157.08307
2293,2025-10-03 13:00:00+05:30,21.434364,150.85202,29.582493,150.47142
2294,2025-10-03 14:00:00+05:30,16.248924,140.84457,23.16412,140.99252
2295,2025-10-03 15:00:00+05:30,15.03835,132.0891,22.537409,133.38196
2296,2025-10-03 16:00:00+05:30,10.944532,126.30459,17.54146,128.75165
2297,2025-10-03 17:00:00+05:30,10.589448,121.79887,20.665535,127.568665
2298,2025-10-03 18:00:00+05:30,10.8792095,128.95592,21.382906,135.0001
2299,2025-10-03 19:00:00+05:30,10.163227,112.93214,20.118975,123.690094
2300,2025-10-03 20:00:00+05:30,10.990322,121.60746,21.733088,129.62326
2301,2025-10-03 21:00:00+05:30,10.464797,130.81499,21.142147,137.07004
2302,2025-10-03 22:00:00+05:30,11.843124,133.1524,22.45315,138.90059
2303,2025-10-03 23:00:00+05:30,9.835975,124.56259,20.371038,133.56796
2304,2025-10-04 00:00:00+05:30,12.708815,127.51919,23.453938,131.88907
2305,2025-10-04 01:00:00+05:30,11.989946,125.837746,22.571884,131.44373
2306,2025-10-04 02:00:00+05:30,10.855358,139.70793,21.170479,142.25313
2307,2025-10-04 03:00:00+05:30,9.939196,144.58286,19.201874,149.589
2308,2025-10-04 04:00:00+05:30,11.837652,151.87636,22.309835,151.5741
2309,2025-10-04 05:00:00+05:30,13.644427,143.58353,26.368616,147.82881
2310,2025-10-04 06:00:00+05:30,15.349684,140.7106,25.634047,143.85422
2311,2025-10-04 07:00:00+05:30,16.68669,156.47678,24.344624,156.46764
2312,2025-10-04 08:00:00+05:30,14.734735,154.68715,20.140705,155.72557
2313,2025-10-04 09:00:00+05:30,16.685717,159.80557,22.545315,160.40762
2314,2025-10-04 10:00:00+05:30,16.87398,168.92984,22.460365,170.31128
2315,2025-10-04 11:00:00+05:30,18.745079,168.3664,24.50249,167.69948
2316,2025-10-04 12:00:00+05:30,18.416384,184.48453,24.788424,185.8347
2317,2025-10-04 13:00:00+05:30,10.261579,158.38516,14.230248,161.56496
2318,2025-10-04 14:00:00+05:30,11.103243,163.03377,14.98331,163.95999
2319,2025-10-04 15:00:00+05:30,10.83893,144.46223,15.048042,143.26709
2320,2025-10-04 16:00:00+05:30,12.882267,187.22423,20.454369,186.06169
2321,2025-10-04 17:00:00+05:30,11.213581,161.27412,22.396803,166.52216
2322,2025-10-04 18:00:00+05:30,12.421304,179.16971,23.042812,179.10484
2323,2025-10-04 19:00:00+05:30,17.085783,159.6558,29.551262,162.99982
2324,2025-10-04 20:00:00+05:30,15.602999,168.69011,27.52117,170.96901
2325,2025-10-04 21:00:00+05:30,15.359179,169.8754,27.44159,172.08258
2326,2025-10-04 22:00:00+05:30,14.588885,170.77019,26.079508,173.6599
2327,2025-10-04 23:00:00+05:30,14.713831,172.2665,26.174995,175.66182
2328,2025-10-05 00:00:00+05:30,16.019999,180.0,27.554703,181.8717
2329,2025-10-05 01:00:00+05:30,12.971244,177.6141,23.582748,180.87466
2330,2025-10-05 02:00:00+05:30,12.825552,184.83034,23.11441,188.50862
2331,2025-10-05 03:00:00+05:30,9.375563,176.6982,16.084589,185.13629
2332,2025-10-05 04:00:00+05:30,15.713702,170.10614,25.523214,173.92764
2333,2025-10-05 05:00:00+05:30,17.123669,176.98727,28.800562,180.3581
2334,2025-10-05 06:00:00+05:30,15.725037,195.94547,22.603443,197.13635
2335,2025-10-05 07:00:00+05:30,14.84318,194.03627,20.256996,194.40672
2336,2025-10-05 08:00:00+05:30,13.954354,186.66656,19.781172,187.31892
2337,2025-10-05 09:00:00+05:30,10.3621235,197.176,13.433838,197.9495
2338,2025-10-05 10:00:00+05:30,12.931218,218.78438,16.671148,217.98355
2339,2025-10-05 11:00:00+05:30,13.684735,234.63745,17.82818,234.86572
2340,2025-10-05 12:00:00+05:30,11.190442,244.25934,14.658676,245.32315
2341,2025-10-05 13:00:00+05:30,11.521406,241.03244,14.49531,241.8439
2342,2025-10-05 14:00:00+05:30,15.070633,209.32037,20.931143,211.63974
2343,2025-10-05 15:00:00+05:30,8.477216,176.34785,11.345713,178.18173
2344,2025-10-05 16:00:00+05:30,5.4744864,207.40749,7.7420926,215.53777
2345,2025-10-05 17:00:00+05:30,2.226477,345.9637,3.8268526,318.81415
2346,2025-10-05 18:00:00+05:30,4.514377,66.50142,7.1321807,47.045418
2347,2025-10-05 19:00:00+05:30,6.341009,96.519714,12.576836,99.05781
2348,2025-10-05 20:00:00+05:30,4.3498964,114.44395,9.826088,118.442825
2349,2025-10-05 21:00:00+05:30,0.9178235,168.69011,5.0142193,158.96242
2350,2025-10-05 22:00:00+05:30,0.8049845,153.43501,3.6179552,174.2895
2351,2025-10-05 23:00:00+05:30,1.3104197,285.94547,3.4763772,201.25058
2352,2025-10-06 00:00:00+05:30,4.175069,187.43132,8.431228,196.1135
2353,2025-10-06 01:00:00+05:30,3.7971036,174.55975,7.1321807,190.17545
2354,2025-10-06 02:00:00+05:30,3.536439,165.2564,7.1661706,191.59215
2355,2025-10-06 03:00:00+05:30,7.928177,219.47243,15.2501545,210.49976
2356,2025-10-06 04:00:00+05:30,4.7521367,155.37645,9.114471,170.9098
2357,2025-10-06 05:00:00+05:30,2.8460498,251.56496,3.2048087,231.84273
2358,2025-10-06 06:00:00+05:30,5.7628117,194.47034,7.555712,192.38075
2359,2025-10-06 07:00:00+05:30,5.5829024,200.77234,8.905908,194.03627
2360,2025-10-06 08:00:00+05:30,4.452954,194.03627,5.4744864,189.46225
2361,2025-10-06 09:00:00+05:30,5.12289,198.43504,6.379216,196.38962
2362,2025-10-06 10:00:00+05:30,5.3939967,205.7099,6.5248446,204.44394
2363,2025-10-06 11:00:00+05:30,5.2323985,206.56499,6.279395,207.29948
2364,2025-10-06 12:00:00+05:30,3.381893,244.7989,4.186693,244.5367
2365,2025-10-06 13:00:00+05:30,4.8733153,274.23633,5.9834766,276.91113
2366,2025-10-06 14:00:00+05:30,6.5520988,285.94547,8.311245,287.6502
2367,2025-10-06 15:00:00+05:30,5.920878,289.53674,7.587806,292.30624
2368,2025-10-06 16:00:00+05:30,4.5891175,348.6901,7.120815,339.27435
2369,2025-10-06 17:00:00+05:30,9.179999,90.0,15.629972,82.056625
2370,2025-10-06 18:00:00+05:30,8.197414,109.23077,15.009236,112.56705
2371,2025-10-06 19:00:00+05:30,6.6405115,122.828545,15.266079,127.815796
2372,2025-10-06 20:00:00+05:30,6.854195,150.06857,15.702356,151.96625
2373,2025-10-06 21:00:00+05:30,7.486788,170.31128,16.62249,175.03035
2374,2025-10-06 22:00:00+05:30,4.5572357,170.9098,12.261158,183.3664
2375,2025-10-06 23:00:00+05:30,5.297018,170.21767,11.53265,177.31628
2376,2025-10-07 00:00:00+05:30,3.0652895,176.6336,8.507737,186.07236
2377,2025-10-07 01:00:00+05:30,2.2910259,135.0001,5.4744864,170.53775
2378,2025-10-07 02:00:00+05:30,3.1845248,132.70937,5.9834766,158.83867
2379,2025-10-07 03:00:00+05:30,3.1072817,190.00792,7.329338,204.67685
2380,2025-10-07 04:00:00+05:30,2.9522195,232.43134,7.596341,233.67308
2381,2025-10-07 05:00:00+05:30,0.40249225,243.43501,2.97953,244.98314
2382,2025-10-07 06:00:00+05:30,0.9,180.0,1.7727944,246.0375
2383,2025-10-07 07:00:00+05:30,1.2074767,63.435013,1.4512063,60.255207
2384,2025-10-07 08:00:00+05:30,2.2910259,44.999897,2.9301877,42.510403
2385,2025-10-07 09:00:00+05:30,2.9024127,82.875084,3.438895,83.99109
2386,2025-10-07 10:00:00+05:30,1.08,90.0,1.26,90.0
2387,2025-10-07 11:00:00+05:30,4.5,53.13002,5.441838,55.78425
2388,2025-10-07 12:00:00+05:30,4.846648,68.19853,5.9834766,68.83867
2389,2025-10-07 13:00:00+05:30,2.5582807,39.289394,3.2048087,38.157276
2390,2025-10-07 14:00:00+05:30,0.9,360.0,0.9178235,348.6901
2391,2025-10-07 15:00:00+05:30,0.40249225,333.43503,0.71999997,360.0
2392,2025-10-07 16:00:00+05:30,1.5379207,159.44388,1.9386592,158.19853
2393,2025-10-07 17:00:00+05:30,4.5536795,161.56496,10.564941,166.20049
2394,2025-10-07 18:00:00+05:30,9.741642,163.90912,17.161469,167.27565
2395,2025-10-07 19:00:00+05:30,8.996398,160.11475,17.534994,162.68097
2396,2025-10-07 20:00:00+05:30,7.289444,159.77505,15.804164,165.4889
2397,2025-10-07 21:00:00+05:30,6.4624763,167.125,14.796175,170.19397
2398,2025-10-07 22:00:00+05:30,5.6262593,172.64772,14.05845,177.06439
2399,2025-10-07 23:00:00+05:30,5.8631387,162.12122,12.961249,179.2043
2400,2025-10-08 00:00:00+05:30,3.7971036,185.44025,11.132385,194.03627
2401,2025-10-08 01:00:00+05:30,2.7416782,203.19862,9.016185,206.05344
2402,2025-10-08 02:00:00+05:30,2.0523157,217.87505,7.8149853,218.45374
2403,2025-10-08 03:00:00+05:30,0.6489992,303.6901,4.6730714,254.3577
2404,2025-10-08 04:00:00+05:30,2.3051248,38.65983,1.9386592,21.801476
2405,2025-10-08 05:00:00+05:30,1.5484185,54.46224,5.2416787,344.05453
2406,2025-10-08 06:00:00+05:30,5.495161,58.392544,7.344794,53.972538
2407,2025-10-08 07:00:00+05:30,4.0449967,57.724377,4.7928696,55.713078
2408,2025-10-08 08:00:00+05:30,5.1575575,119.24873,6.279395,117.29949
2409,2025-10-08 09:00:00+05:30,6.502461,138.36655,8.027678,137.72638
2410,2025-10-08 10:00:00+05:30,5.48631,138.99101,6.7565966,138.23979
2411,2025-10-08 11:00:00+05:30,4.2021422,170.13426,4.7657523,169.11452
2412,2025-10-08 12:00:00+05:30,6.8541956,246.80139,8.211235,243.9967
2413,2025-10-08 13:00:00+05:30,2.8116899,320.1945,3.572898,310.91428
2414,2025-10-08 14:00:00+05:30,3.8939953,56.3099,4.3573384,51.709793
2415,2025-10-08 15:00:00+05:30,3.3092594,44.999897,3.6,36.86999
2416,2025-10-08 16:00:00+05:30,3.0811036,96.70974,3.6179552,95.7105
2417,2025-10-08 17:00:00+05:30,2.6999998,180.0,6.698806,173.82993
2418,2025-10-08 18:00:00+05:30,3.96,180.0,9.375563,183.3018
2419,2025-10-08 19:00:00+05:30,4.8899083,186.3401,10.837435,191.49654
2420,2025-10-08 20:00:00+05:30,4.175069,187.43132,10.209348,189.1301
2421,2025-10-08 21:00:00+05:30,4.060985,192.80426,10.215693,194.28113
2422,2025-10-08 22:00:00+05:30,3.3043609,209.35765,8.775807,205.51382
2423,2025-10-08 23:00:00+05:30,2.4014995,102.99462,5.0816135,157.06787
2424,2025-10-09 00:00:00+05:30,3.3043609,119.357666,7.001514,136.04153
2425,2025-10-09 01:00:00+05:30,5.1919937,123.690094,9.703319,130.48593
2426,2025-10-09 02:00:00+05:30,0.71999997,270.0,3.62243,206.56499
2427,2025-10-09 03:00:00+05:30,3.6,306.86996,7.3799996,282.68036
2428,2025-10-09 04:00:00+05:30,2.9024127,299.74478,8.856658,307.56866
2429,2025-10-09 05:00:00+05:30,2.995797,302.7352,9.227524,290.55612
2430,2025-10-09 06:00:00+05:30,2.9301877,312.5104,7.6388745,304.43906
2431,2025-10-09 07:00:00+05:30,2.4216523,311.98712,4.4565907,313.36346
2432,2025-10-09 08:00:00+05:30,3.745557,324.78232,4.942631,326.88864
2433,2025-10-09 09:00:00+05:30,4.6730714,344.3577,5.7628117,345.52966
2434,2025-10-09 10:00:00+05:30,4.2021422,350.13425,5.2694216,352.14676
2435,2025-10-09 11:00:00+05:30,5.991594,57.264786,7.1389914,56.3099
2436,2025-10-09 12:00:00+05:30,8.9873905,327.26477,10.990322,328.39255
2437,2025-10-09 13:00:00+05:30,11.701385,359.11862,15.506141,356.67267
2438,2025-10-09 14:00:00+05:30,6.206738,16.858482,8.035746,15.5928755
2439,2025-10-09 15:00:00+05:30,4.5322843,353.15732,5.8048253,352.87506
2440,2025-10-09 16:00:00+05:30,2.0124612,26.564985,2.5772076,24.775122
2441,2025-10-09 17:00:00+05:30,1.2979984,33.6901,3.572898,40.9143
2442,2025-10-09 18:00:00+05:30,1.9386592,291.80148,3.4388947,317.1211
2443,2025-10-09 19:00:00+05:30,0.54,180.0,0.8049845,243.43501
2444,2025-10-09 20:00:00+05:30,1.3104197,164.05453,2.657668,151.69934
2445,2025-10-09 21:00:00+05:30,1.0495713,239.0363,2.4216523,221.98714
2446,2025-10-09 22:00:00+05:30,1.4399999,270.0,3.6179552,264.2895
2447,2025-10-09 23:00:00+05:30,4.7827187,250.20103,7.731623,245.22488
2448,2025-10-10 00:00:00+05:30,10.873251,289.3349,17.777222,285.86578
2449,2025-10-10 01:00:00+05:30,2.5582807,230.71062,3.964089,267.3975
2450,2025-10-10 02:00:00+05:30,5.020677,284.5345,11.334285,313.06943
2451,2025-10-10 03:00:00+05:30,3.9477081,294.22772,9.614426,321.8427
2452,2025-10-10 04:00:00+05:30,3.572898,319.0857,10.234705,325.75092
2453,2025-10-10 05:00:00+05:30,6.601363,348.9965,14.796175,350.19397
2454,2025-10-10 06:00:00+05:30,8.528657,352.72507,16.65754,353.79663
2455,2025-10-10 07:00:00+05:30,7.9383874,356.09958,11.722133,356.4786
2456,2025-10-10 08:00:00+05:30,8.967541,10.407656,11.9317045,11.3098955
2457,2025-10-10 09:00:00+05:30,8.738811,32.38066,11.334285,32.680546
2458,2025-10-10 10:00:00+05:30,8.536252,42.436188,10.957846,42.336945
2459,2025-10-10 11:00:00+05:30,8.53815,34.69522,10.83893,35.537766
2460,2025-10-10 12:00:00+05:30,7.689603,20.556128,9.927779,22.380184
2461,2025-10-10 13:00:00+05:30,8.083983,11.5601,10.449306,10.922761
2462,2025-10-10 14:00:00+05:30,9.906544,357.91748,13.321216,359.2258
2463,2025-10-10 15:00:00+05:30,9.600937,329.589,13.282243,333.43503
2464,2025-10-10 16:00:00+05:30,2.6208394,15.945477,4.452954,14.036275
2465,2025-10-10 17:00:00+05:30,2.1749482,114.44395,6.76618,61.389645
2466,2025-10-10 18:00:00+05:30,2.5264204,184.08554,4.1085763,118.8107
2467,2025-10-10 19:00:00+05:30,3.6402748,171.46931,7.653705,138.81418
2468,2025-10-10 20:00:00+05:30,3.8183763,171.86998,8.131936,152.30061
2469,2025-10-10 21:00:00+05:30,4.445672,158.62932,9.83268,156.2505
2470,2025-10-10 22:00:00+05:30,5.509882,141.63248,11.778658,141.20343
2471,2025-10-10 23:00:00+05:30,3.4247334,176.98727,8.155807,157.96371
2472,2025-10-11 00:00:00+05:30,3.4199998,180.0,8.490582,158.87521
2473,2025-10-11 01:00:00+05:30,2.97953,25.016869,3.8521678,52.594578
2474,2025-10-11 02:00:00+05:30,4.755544,209.4758,7.5942073,185.44025
2475,2025-10-11 03:00:00+05:30,6.122647,88.31535,10.495713,84.093956
2476,2025-10-11 04:00:00+05:30,2.4482648,143.97253,6.8423676,144.63745
2477,2025-10-11 05:00:00+05:30,4.5891175,311.82007,11.599879,311.85495
2478,2025-10-11 06:00:00+05:30,4.3573384,321.70978,10.931203,342.75845
2479,2025-10-11 07:00:00+05:30,6.341009,353.4803,9.187056,357.7543
2480,2025-10-11 08:00:00+05:30,8.790563,10.61961,11.755254,11.481962
2481,2025-10-11 09:00:00+05:30,9.12513,14.858671,11.793777,15.945463
2482,2025-10-11 10:00:00+05:30,8.777653,15.461285,11.225132,15.819268
2483,2025-10-11 11:00:00+05:30,10.662626,21.801476,13.638489,22.503578
2484,2025-10-11 12:00:00+05:30,9.847496,18.103857,12.864649,17.92802
2485,2025-10-11 13:00:00+05:30,9.473541,14.300317,12.399112,13.431052
2486,2025-10-11 14:00:00+05:30,8.790563,10.61961,11.543881,10.784258
2487,2025-10-11 15:00:00+05:30,7.229191,18.886187,9.741642,16.09089
2488,2025-10-11 16:00:00+05:30,2.50064,30.256361,6.361415,25.114815
2489,2025-10-11 17:00:00+05:30,3.189608,286.38962,7.9567327,307.64767
2490,2025-10-11 18:00:00+05:30,3.9763298,275.19434,9.437563,304.90256
2491,2025-10-11 19:00:00+05:30,4.0249224,259.69522,9.179999,298.0724
2492,2025-10-11 20:00:00+05:30,3.964089,267.3975,8.777654,298.1415
2493,2025-10-11 21:00:00+05:30,3.7971036,275.44025,10.028439,291.03757
2494,2025-10-11 22:00:00+05:30,1.2979984,123.690094,0.6489992,326.3099
2495,2025-10-11 23:00:00+05:30,1.3708391,113.19862,1.9881649,354.80566
2496,2025-10-12 00:00:00+05:30,3.0652895,93.366394,5.2478566,59.03632
2497,2025-10-12 01:00:00+05:30,1.659518,40.601215,6.444905,35.909817
2498,2025-10-12 02:00:00+05:30,4.5572357,350.9098,10.1376915,6.1154146
2499,2025-10-12 03:00:00+05:30,5.0528407,355.91446,12.93247,8.806714
2500,2025-10-12 04:00:00+05:30,4.942631,10.491434,13.577776,14.588961
2501,2025-10-12 05:00:00+05:30,4.6834598,357.79745,12.576836,9.057818
2502,2025-10-12 06:00:00+05:30,6.489992,356.82022,12.841963,5.630594
2503,2025-10-12 07:00:00+05:30,5.9399996,360.0,9.914717,3.1220706
2504,2025-10-12 08:00:00+05:30,7.928178,357.3975,10.63372,357.0892
2505,2025-10-12 09:00:00+05:30,8.467655,357.5634,10.993271,357.1845
2506,2025-10-12 10:00:00+05:30,6.542201,352.09293,8.171683,352.40543
2507,2025-10-12 11:00:00+05:30,7.327127,332.176,9.257321,333.43503
2508,2025-10-12 12:00:00+05:30,8.37532,331.78275,10.546525,332.56036
2509,2025-10-12 13:00:00+05:30,8.891343,328.24057,11.453715,329.80847
2510,2025-10-12 14:00:00+05:30,9.220499,321.34018,12.061343,322.27493
2511,2025-10-12 15:00:00+05:30,9.044888,312.58044,12.7279215,315.0001
2512,2025-10-12 16:00:00+05:30,5.3517847,289.6539,11.276968,298.61035
2513,2025-10-12 17:00:00+05:30,5.506941,281.3099,12.886039,294.77512
2514,2025-10-12 18:00:00+05:30,5.0911684,278.13,11.213581,288.7259
2515,2025-10-12 19:00:00+05:30,3.8773184,291.80148,9.028754,293.49857
2516,2025-10-12 20:00:00+05:30,1.9134263,311.18582,4.913044,298.4428
2517,2025-10-12 21:00:00+05:30,0.6489992,303.6901,1.4512063,299.74478
2518,2025-10-12 22:00:00+05:30,1.3104197,285.94547,2.6758924,289.6539
2519,2025-10-12 23:00:00+05:30,4.060985,282.80426,6.151683,290.55612
2520,2025-10-13 00:00:00+05:30,4.3349743,265.23645,7.3997297,274.18484
2521,2025-10-13 01:00:00+05:30,4.323748,272.3859,7.458606,278.32556
2522,2025-10-13 02:00:00+05:30,6.552099,307.18478,12.387348,305.53775
2523,2025-10-13 03:00:00+05:30,7.193247,328.2986,17.10284,329.65683
2524,2025-10-13 04:00:00+05:30,6.689125,336.19403,17.134071,340.99393
2525,2025-10-13 05:00:00+05:30,7.040739,355.60138,17.460928,359.40936
2526,2025-10-13 06:00:00+05:30,8.6867485,5.946777,17.581125,10.61961
2527,2025-10-13 07:00:00+05:30,7.208994,2.8623457,13.466357,8.454946
2528,2025-10-13 08:00:00+05:30,9.444426,7.666714,12.7546215,8.930518
2529,2025-10-13 09:00:00+05:30,11.050591,12.225114,14.408997,12.99463
2530,2025-10-13 10:00:00+05:30,9.801326,7.3859525,12.525207,7.4313188
2531,2025-10-13 11:00:00+05:30,11.832176,346.8094,15.151039,346.95435
2532,2025-10-13 12:00:00+05:30,12.108261,348.85715,15.922624,349.57935
2533,2025-10-13 13:00:00+05:30,10.8792095,343.66388,14.319901,345.4397
2534,2025-10-13 14:00:00+05:30,9.621163,342.58194,12.535548,344.16754
2535,2025-10-13 15:00:00+05:30,8.155807,337.9637,11.213581,341.2741
2536,2025-10-13 16:00:00+05:30,4.6102495,321.34018,10.706596,333.00424
2537,2025-10-13 17:00:00+05:30,5.4149795,285.4222,12.632101,302.78427
2538,2025-10-13 18:00:00+05:30,6.9899354,281.88864,15.858398,296.27414
2539,2025-10-13 19:00:00+05:30,7.2,306.86996,17.311846,314.15756
2540,2025-10-13 20:00:00+05:30,6.2405767,326.76828,17.076298,341.56494
2541,2025-10-13 21:00:00+05:30,6.151683,339.44388,17.160524,355.18652
2542,2025-10-13 22:00:00+05:30,5.95906,334.98312,15.629972,352.0566
2543,2025-10-13 23:00:00+05:30,5.7176566,331.8215,15.034041,343.3007
2544,2025-10-14 00:00:00+05:30,6.320538,340.0168,17.208603,344.21918
2545,2025-10-14 01:00:00+05:30,7.229191,341.1138,18.29459,346.92087
2546,2025-10-14 02:00:00+05:30,6.638072,347.4712,17.176563,354.58823
2547,2025-10-14 03:00:00+05:30,6.391901,350.2725,16.787354,355.69562
2548,2025-10-14 04:00:00+05:30,5.8298883,351.11942,15.865546,356.7481
2549,2025-10-14 05:00:00+05:30,6.1858225,8.365798,16.557064,11.92072
2550,2025-10-14 06:00:00+05:30,7.69592,10.784258,15.206538,16.504446
2551,2025-10-14 07:00:00+05:30,6.162207,6.70975,11.832176,13.190616
2552,2025-10-14 08:00:00+05:30,8.731392,8.297059,11.688918,9.752367
2553,2025-10-14 09:00:00+05:30,10.694485,6.7660856,14.357185,7.926835
2554,2025-10-14 10:00:00+05:30,11.722133,3.5213907,15.338071,4.0376434
2555,2025-10-14 11:00:00+05:30,13.619471,352.40543,17.95043,353.08887
2556,2025-10-14 12:00:00+05:30,13.627795,347.79953,18.145212,349.136
2557,2025-10-14 13:00:00+05:30,13.661038,341.56494,18.051228,343.19122
2558,2025-10-14 14:00:00+05:30,13.272482,339.35294,18.272438,341.02948
2559,2025-10-14 15:00:00+05:30,11.453715,329.80847,18.353823,333.18375
2560,2025-10-14 16:00:00+05:30,8.92408,318.27057,18.921415,325.85635
2561,2025-10-14 17:00:00+05:30,9.1958685,319.7637,21.52261,330.4335
2562,2025-10-14 18:00:00+05:30,9.997699,336.66592,24.430317,343.3007
2563,2025-10-14 19:00:00+05:30,9.109138,330.39563,22.775513,340.13287
2564,2025-10-14 20:00:00+05:30,6.7565966,318.23978,18.442755,335.18582
2565,2025-10-14 21:00:00+05:30,6.090812,325.84024,16.357237,335.97348
2566,2025-10-14 22:00:00+05:30,6.1858225,351.63422,16.940096,345.2254
2567,2025-10-14 23:00:00+05:30,8.383054,345.06854,20.696085,346.93066
2568,2025-10-15 00:00:00+05:30,8.613709,349.15973,20.674158,352.9988
2569,2025-10-15 01:00:00+05:30,7.613382,353.21112,19.273453,357.85913
2570,2025-10-15 02:00:00+05:30,7.9526596,354.80566,19.803272,358.9584
2571,2025-10-15 03:00:00+05:30,7.2202215,355.71094,19.08085,359.4595
2572,2025-10-15 04:00:00+05:30,6.489992,356.82022,17.640919,0.58462805
2573,2025-10-15 05:00:00+05:30,9.12513,345.14133,21.077686,352.14676
2574,2025-10-15 06:00:00+05:30,9.595874,336.8014,18.958197,347.94324
2575,2025-10-15 07:00:00+05:30,7.973005,331.69934,14.118243,340.6409
2576,2025-10-15 08:00:00+05:30,9.194106,336.94867,12.535549,338.9624
2577,2025-10-15 09:00:00+05:30,10.739833,346.42953,14.2336645,346.84244
2578,2025-10-15 10:00:00+05:30,10.837435,348.50345,14.120538,348.97656
2579,2025-10-15 11:00:00+05:30,10.534229,340.0168,13.379461,340.3461
2580,2025-10-15 12:00:00+05:30,10.404249,329.88635,13.462749,330.35022
2581,2025-10-15 13:00:00+05:30,10.692969,323.9016,14.082628,324.8879
2582,2025-10-15 14:00:00+05:30,10.571074,317.07004,13.920647,319.7202
2583,2025-10-15 15:00:00+05:30,8.967541,308.48022,13.513193,311.7602
2584,2025-10-15 16:00:00+05:30,6.050785,292.751,14.266632,299.4758
2585,2025-10-15 17:00:00+05:30,6.725354,285.52417,16.584438,295.73065
2586,2025-10-15 18:00:00+05:30,6.193674,305.53775,16.697365,311.94122
2587,2025-10-15 19:00:00+05:30,4.2481523,323.61554,14.113652,322.25314
2588,2025-10-15 20:00:00+05:30,4.752136,322.69595,14.292725,328.91257
2589,2025-10-15 21:00:00+05:30,3.7971041,301.4295,11.672275,340.1678
2590,2025-10-15 22:00:00+05:30,4.503598,267.70944,8.748075,323.36578
2591,2025-10-15 23:00:00+05:30,5.0528407,274.08554,8.790563,312.5104
2592,2025-10-16 00:00:00+05:30,5.1197267,280.1246,10.304114,297.01257
2593,2025-10-16 01:00:00+05:30,4.802999,282.99463,8.536252,294.94388
2594,2025-10-16 02:00:00+05:30,5.3305535,281.68933,8.089993,290.85452
2595,2025-10-16 03:00:00+05:30,6.162207,276.70975,8.880405,287.7005
2596,2025-10-16 04:00:00+05:30,5.796447,306.15826,11.709688,315.0001
2597,2025-10-16 05:00:00+05:30,5.1165614,320.7106,13.737904,338.47733
2598,2025-10-16 06:00:00+05:30,6.269067,309.17365,11.679213,335.40988
2599,2025-10-16 07:00:00+05:30,5.1165614,309.28937,10.158444,330.25522
2600,2025-10-16 08:00:00+05:30,4.599695,329.42084,6.361415,334.8852
2601,2025-10-16 09:00:00+05:30,5.0432134,2.0453732,6.7205353,7.695961
2602,2025-10-16 10:00:00+05:30,4.7521367,24.623547,6.198903,25.820946
2603,2025-10-16 11:00:00+05:30,3.9763298,354.80566,5.0432134,357.95462
2604,2025-10-16 12:00:00+05:30,3.9518096,329.9315,4.991553,334.35904
2605,2025-10-16 13:00:00+05:30,3.8268526,318.81415,4.6452556,324.46225
2606,2025-10-16 14:00:00+05:30,3.9477081,316.8476,4.978554,319.39877
2607,2025-10-16 15:00:00+05:30,4.4274144,296.56497,5.495161,301.60745
2608,2025-10-16 16:00:00+05:30,5.0528407,274.08554,11.45513,278.13
2609,2025-10-16 17:00:00+05:30,10.920824,278.53067,21.175835,287.81897
2610,2025-10-16 18:00:00+05:30,6.5693827,279.46225,16.981165,291.1248
2611,2025-10-16 19:00:00+05:30,6.3639607,261.87,14.178928,278.02713
2612,2025-10-16 20:00:00+05:30,6.037383,259.69522,14.04,270.0
2613,2025-10-16 21:00:00+05:30,4.6938252,274.39862,11.720751,280.6196
2614,2025-10-16 22:00:00+05:30,2.8799999,270.0,8.311245,287.6502
2615,2025-10-16 23:00:00+05:30,4.0249224,243.43501,7.9383874,266.09958
2616,2025-10-17 00:00:00+05:30,4.0449967,237.72438,7.1321807,259.82455
2617,2025-10-17 01:00:00+05:30,4.1556225,252.3498,7.5685663,267.27374
2618,2025-10-17 02:00:00+05:30,4.379589,279.46225,9.039514,282.65256
2619,2025-10-17 03:00:00+05:30,3.3043609,299.35767,8.0599,299.42737
2620,2025-10-17 04:00:00+05:30,4.846648,301.32864,10.692969,306.09836
2621,2025-10-17 05:00:00+05:30,5.5596404,330.9455,14.039999,337.3801
2622,2025-10-17 06:00:00+05:30,5.6521144,322.76508,11.7,337.3801
2623,2025-10-17 07:00:00+05:30,4.1046314,322.12494,10.8015,336.42526
2624,2025-10-17 08:00:00+05:30,5.2939587,342.18103,7.293888,344.24875
2625,2025-10-17 09:00:00+05:30,5.9399996,360.0,7.7420926,1.3321922
2626,2025-10-17 10:00:00+05:30,3.8647635,27.758451,4.846648,31.328646
2627,2025-10-17 11:00:00+05:30,2.5772078,347.90527,3.0811036,353.29025
2628,2025-10-17 12:00:00+05:30,2.1749482,335.55606,2.907989,338.19852
2629,2025-10-17 13:00:00+05:30,1.8792552,286.6993,2.3469129,302.47116
2630,2025-10-17 14:00:00+05:30,3.671294,258.6901,4.3349743,265.23645
2631,2025-10-17 15:00:00+05:30,6.5024605,274.76355,8.350138,277.4313
2632,2025-10-17 16:00:00+05:30,5.8048253,277.1249,12.606426,279.86575
2633,2025-10-17 17:00:00+05:30,8.43699,281.07016,18.511143,283.49576
2634,2025-10-17 18:00:00+05:30,5.223103,271.97488,13.138765,279.46225
2635,2025-10-17 19:00:00+05:30,4.5322843,263.15732,10.261578,271.00507
2636,2025-10-17 20:00:00+05:30,4.6730714,254.3577,9.499157,260.18076
2637,2025-10-17 21:00:00+05:30,4.5322843,263.15732,9.444426,262.33328
2638,2025-10-17 22:00:00+05:30,3.9966488,277.76508,8.827344,272.33725
2639,2025-10-17 23:00:00+05:30,4.942631,303.11136,9.688281,305.1665
2640,2025-10-18 00:00:00+05:30,4.599695,300.57913,9.299225,312.64667
2641,2025-10-18 01:00:00+05:30,4.8965297,306.02747,10.855358,310.29205
2642,2025-10-18 02:00:00+05:30,5.3457265,315.0001,12.750811,311.56625
2643,2025-10-18 03:00:00+05:30,6.2379804,313.83093,15.15104,313.55594
2644,2025-10-18 04:00:00+05:30,4.965521,313.53125,13.8049555,320.29013
2645,2025-10-18 05:00:00+05:30,6.0347,342.64587,15.503006,344.51144
2646,2025-10-18 06:00:00+05:30,7.69592,349.21573,15.546833,354.68555
2647,2025-10-18 07:00:00+05:30,5.8298883,351.11942,15.484185,1.3321922
2648,2025-10-18 08:00:00+05:30,7.989243,14.349371,10.829959,15.42223
2649,2025-10-18 09:00:00+05:30,8.461915,38.088825,10.993271,39.68541
2650,2025-10-18 10:00:00+05:30,6.361415,64.8852,8.049845,63.435013
2651,2025-10-18 11:00:00+05:30,4.7657523,79.11452,5.896202,77.660934
2652,2025-10-18 12:00:00+05:30,3.244996,70.559875,4.278551,67.75093
2653,2025-10-18 13:00:00+05:30,1.1384199,71.564964,1.609969,63.435013
2654,2025-10-18 14:00:00+05:30,2.5772076,335.22488,3.244996,340.55988
2655,2025-10-18 15:00:00+05:30,4.4565907,313.36346,5.2323985,319.18503
2656,2025-10-18 16:00:00+05:30,6.279395,297.2995,10.630672,298.30066
2657,2025-10-18 17:00:00+05:30,5.020677,284.5345,11.269782,296.56497
2658,2025-10-18 18:00:00+05:30,4.7928696,304.28693,9.847496,300.7841
2659,2025-10-18 19:00:00+05:30,4.5820518,315.0001,7.9383874,302.96942
2660,2025-10-18 20:00:00+05:30,3.8141315,289.29013,7.0568266,275.85593
2661,2025-10-18 21:00:00+05:30,2.8856194,273.57626,6.66,270.0
2662,2025-10-18 22:00:00+05:30,0.5091169,44.999897,3.7064266,299.0545
2663,2025-10-18 23:00:00+05:30,1.5273507,44.999897,5.3305535,348.31067
2664,2025-10-19 00:00:00+05:30,0.9,90.0,5.223103,1.9748993
2665,2025-10-19 01:00:00+05:30,0.8049845,153.43501,3.4763772,21.25058
2666,2025-10-19 02:00:00+05:30,0.40249225,153.43501,4.6730714,15.642312
2667,2025-10-19 03:00:00+05:30,1.1525624,321.34018,7.256032,7.12493
2668,2025-10-19 04:00:00+05:30,3.6179552,354.2895,10.8955765,7.59456
2669,2025-10-19 05:00:00+05:30,5.5887027,14.931467,14.917212,19.746927
2670,2025-10-19 06:00:00+05:30,8.863972,23.962492,17.161469,24.145542
2671,2025-10-19 07:00:00+05:30,7.0591216,19.359097,15.553083,23.895174
2672,2025-10-19 08:00:00+05:30,9.144637,36.1933,12.492829,36.209553
2673,2025-10-19 09:00:00+05:30,9.1958685,49.76372,11.870451,49.304558
2674,2025-10-19 10:00:00+05:30,8.027678,47.72637,10.062305,47.174767
2675,2025-10-19 11:00:00+05:30,7.8954163,46.8476,10.055864,45.72514
2676,2025-10-19 12:00:00+05:30,7.3997297,48.94529,9.432412,48.09414
2677,2025-10-19 13:00:00+05:30,7.8480825,53.392834,9.97986,50.856018
2678,2025-10-19 14:00:00+05:30,7.5363917,49.844074,9.807935,47.231197
2679,2025-10-19 15:00:00+05:30,6.8423676,54.63746,11.161451,52.205994
2680,2025-10-19 16:00:00+05:30,4.2021422,80.13426,9.904906,70.90642
2681,2025-10-19 17:00:00+05:30,3.362677,15.524177,8.891343,31.75944
2682,2025-10-19 18:00:00+05:30,4.613762,339.44388,9.721666,1.0608971
2683,2025-10-19 19:00:00+05:30,6.114703,312.614,14.007655,334.09354
2684,2025-10-19 20:00:00+05:30,5.728979,316.27295,14.658676,335.32315
2685,2025-10-19 21:00:00+05:30,4.452954,345.9637,13.026081,348.84537
2686,2025-10-19 22:00:00+05:30,4.613762,20.556128,13.441071,7.695961
2687,2025-10-19 23:00:00+05:30,5.8048253,29.744795,16.42346,27.40749
2688,2025-10-20 00:00:00+05:30,7.731622,12.094739,19.172323,24.399433
2689,2025-10-20 01:00:00+05:30,7.0038276,25.90646,18.865683,29.744795
2690,2025-10-20 02:00:00+05:30,6.297428,30.963696,17.629894,32.06736
2691,2025-10-20 03:00:00+05:30,6.452441,59.8587,16.848038,53.252445
2692,2025-10-20 04:00:00+05:30,6.248359,48.503635,17.515581,50.420635
2693,2025-10-20 05:00:00+05:30,6.792466,32.005356,17.769016,39.656914
2694,2025-10-20 06:00:00+05:30,9.096681,27.072004,18.037762,36.069508
2695,2025-10-20 07:00:00+05:30,7.6409945,15.018415,17.555307,28.141502
2696,2025-10-20 08:00:00+05:30,9.580668,25.602148,13.203954,27.612942
2697,2025-10-20 09:00:00+05:30,12.330985,33.6901,16.22498,33.6901
2698,2025-10-20 10:00:00+05:30,11.919479,38.25447,15.661035,37.52852
2699,2025-10-20 11:00:00+05:30,9.335737,33.996506,12.081473,33.453342
2700,2025-10-20 12:00:00+05:30,10.055864,45.72514,12.984975,43.876797
2701,2025-10-20 13:00:00+05:30,9.585739,55.713078,12.313894,52.124958
2702,2025-10-20 14:00:00+05:30,8.797931,59.23736,11.634741,55.080532
2703,2025-10-20 15:00:00+05:30,6.1226463,65.695465,10.036512,57.45001
2704,2025-10-20 16:00:00+05:30,2.907989,111.801476,6.601363,78.996506
2705,2025-10-20 17:00:00+05:30,5.3517847,317.72638,12.830604,325.864
2706,2025-10-20 18:00:00+05:30,6.391901,327.6526,17.682194,337.87363
2707,2025-10-20 19:00:00+05:30,6.778141,349.28693,18.595839,355.55884
2708,2025-10-20 20:00:00+05:30,6.6794305,345.9637,17.878086,355.38016
2709,2025-10-20 21:00:00+05:30,5.7628117,358.21014,14.796175,9.806025
2710,2025-10-20 22:00:00+05:30,5.426933,354.2895,13.346729,10.097442
2711,2025-10-20 23:00:00+05:30,5.6262593,7.3522935,13.849476,8.97255
2712,2025-10-21 00:00:00+05:30,4.669604,27.552727,13.1041975,15.945477
2713,2025-10-21 01:00:00+05:30,4.39436,34.9921,13.661038,18.435053
2714,2025-10-21 02:00:00+05:30,6.048107,36.528946,16.021011,27.428663
2715,2025-10-21 03:00:00+05:30,6.76618,28.610369,18.273325,26.312584
2716,2025-10-21 04:00:00+05:30,7.491114,35.217674,19.627428,35.293434
2717,2025-10-21 05:00:00+05:30,6.2067385,29.5387,17.077248,32.517494
2718,2025-10-21 06:00:00+05:30,8.461914,29.29127,16.42839,32.471172
2719,2025-10-21 07:00:00+05:30,6.384293,21.501507,14.423605,29.123957
2720,2025-10-21 08:00:00+05:30,6.5520988,20.924576,9.194106,23.051332
2721,2025-10-21 09:00:00+05:30,9.793058,17.102825,12.810386,17.162003
2722,2025-10-21 10:00:00+05:30,10.387107,8.97255,13.31635,9.334933
2723,2025-10-21 11:00:00+05:30,10.360559,352.01077,13.418153,353.06573
2724,2025-10-21 12:00:00+05:30,10.874741,347.57407,13.943901,348.83514
2725,2025-10-21 13:00:00+05:30,10.934166,339.77505,14.174356,342.25522
2726,2025-10-21 14:00:00+05:30,10.560341,330.37634,13.926464,333.10382
2727,2025-10-21 15:00:00+05:30,9.473541,321.17017,14.186923,324.2932
2728,2025-10-21 16:00:00+05:30,8.244708,306.11945,17.571909,316.66025
2729,2025-10-21 17:00:00+05:30,7.7900705,310.31403,18.300787,320.98813
2730,2025-10-21 18:00:00+05:30,6.048107,323.47104,15.216123,332.52567
2731,2025-10-21 19:00:00+05:30,6.444905,324.09018,16.10472,332.00293
2732,2025-10-21 20:00:00+05:30,5.994297,318.6523,14.731437,333.12192
2733,2025-10-21 21:00:00+05:30,5.09435,327.99466,12.580699,340.78723
2734,2025-10-21 22:00:00+05:30,4.060985,12.804273,10.853866,354.2895
2735,2025-10-21 23:00:00+05:30,5.257109,38.047092,12.093535,14.656797
2736,2025-10-22 00:00:00+05:30,5.22,46.39711,12.3165245,26.939459
2737,2025-10-22 01:00:00+05:30,4.863332,38.990997,13.202726,25.866312
2738,2025-10-22 02:00:00+05:30,5.950899,356.53183,14.357185,7.926835
2739,2025-10-22 03:00:00+05:30,5.9427266,358.26434,15.273505,8.130019
2740,2025-10-22 04:00:00+05:30,5.0432134,2.0453732,13.896187,16.557161
2741,2025-10-22 05:00:00+05:30,7.329338,335.32315,14.417988,357.13766
2742,2025-10-22 06:00:00+05:30,8.297589,335.6589,15.501959,347.2547
2743,2025-10-22 07:00:00+05:30,5.3939967,334.2901,14.861722,348.8262
2744,2025-10-22 08:00:00+05:30,6.5520988,344.05453,9.255571,346.50424
2745,2025-10-22 09:00:00+05:30,9.208192,355.51547,12.273043,355.7947
2746,2025-10-22 10:00:00+05:30,8.647496,2.385899,10.993271,2.8155043
2747,2025-10-22 11:00:00+05:30,8.107996,357.45523,10.086427,357.95462
2748,2025-10-22 12:00:00+05:30,6.6624317,358.45187,8.28,360.0
2749,2025-10-22 13:00:00+05:30,6.162207,353.29025,7.79215,353.36758
2750,2025-10-22 14:00:00+05:30,5.7852573,354.64426,7.2202215,355.71094
2751,2025-10-22 15:00:00+05:30,5.0688457,353.88458,6.6818557,355.36462
2752,2025-10-22 16:00:00+05:30,2.5582807,309.28937,5.896202,328.73633
2753,2025-10-22 17:00:00+05:30,5.1544156,282.09473,11.855429,300.06848
2754,2025-10-22 18:00:00+05:30,4.6938252,274.39862,10.805998,299.98157
2755,2025-10-22 19:00:00+05:30,3.2399998,270.0,9.741642,297.5119
2756,2025-10-22 20:00:00+05:30,3.4247334,273.01273,10.134496,289.72235
2757,2025-10-22 21:00:00+05:30,5.0911684,278.13,11.874544,284.03625
2758,2025-10-22 22:00:00+05:30,5.297018,279.78235,12.346741,277.53934
2759,2025-10-22 23:00:00+05:30,5.004518,307.6943,11.638917,301.72354
2760,2025-10-23 00:00:00+05:30,1.609969,296.56497,7.145796,319.0857
2761,2025-10-23 01:00:00+05:30,1.2074767,296.56497,4.991553,334.35904
2762,2025-10-23 02:00:00+05:30,4.599695,329.42084,8.085988,343.1785
2763,2025-10-23 03:00:00+05:30,4.991553,334.35904,10.209348,350.8699
2764,2025-10-23 04:00:00+05:30,4.6938252,4.398633,11.157096,10.22212
2765,2025-10-23 05:00:00+05:30,5.4029994,1.9091109,14.721535,11.99689
2766,2025-10-23 06:00:00+05:30,6.542201,7.907082,12.69351,18.178116
2767,2025-10-23 07:00:00+05:30,3.7799997,360.0,10.534229,16.88688
2768,2025-10-23 08:00:00+05:30,4.8466477,15.068549,6.9480934,16.557161
2769,2025-10-23 09:00:00+05:30,5.09435,32.005356,6.297428,30.963696
2770,2025-10-23 10:00:00+05:30,2.8116899,39.805527,3.6,36.86999
2771,2025-10-23 11:00:00+05:30,2.9301877,349.3804,3.6402748,351.4693
2772,2025-10-23 12:00:00+05:30,3.8268526,318.81415,4.6102495,321.34018
2773,2025-10-23 13:00:00+05:30,5.48631,311.009,6.7469993,313.91916
2774,2025-10-23 14:00:00+05:30,7.1684303,308.8845,9.044888,312.58044
2775,2025-10-23 15:00:00+05:30,7.1684303,308.8845,9.5535755,312.70938
2776,2025-10-23 16:00:00+05:30,5.5450516,283.13403,12.57426,293.6294
2777,2025-10-23 17:00:00+05:30,5.8298883,278.88058,13.638489,292.50357
2778,2025-10-23 18:00:00+05:30,5.5799994,270.0,11.897714,287.61267
2779,2025-10-23 19:00:00+05:30,3.7585104,253.30067,8.528657,277.2749
2780,2025-10-23 20:00:00+05:30,2.6999998,270.0,7.486788,279.68872
2781,2025-10-23 21:00:00+05:30,2.4014995,282.99463,7.689603,290.55612
2782,2025-10-23 22:00:00+05:30,1.3104197,285.94547,6.1437774,301.8274
2783,2025-10-23 23:00:00+05:30,2.3051248,321.34018,8.604301,307.34943
2784,2025-10-24 00:00:00+05:30,3.438895,6.0089183,8.461915,321.91116
2785,2025-10-24 01:00:00+05:30,5.020677,14.534496,10.495713,354.09393
2786,2025-10-24 02:00:00+05:30,2.9301877,10.61961,10.182337,8.130019
2787,2025-10-24 03:00:00+05:30,4.4274144,26.564985,12.181625,18.970512
2788,2025-10-24 04:00:00+05:30,4.6102495,51.34017,11.298495,30.6506
2789,2025-10-24 05:00:00+05:30,5.12289,18.435053,13.845967,26.231878
2790,2025-10-24 06:00:00+05:30,5.896202,31.263678,12.37819,40.87232
2791,2025-10-24 07:00:00+05:30,2.2553935,61.389645,8.4963045,53.61555
2792,2025-10-24 08:00:00+05:30,2.3400002,67.3801,3.62243,63.435013
2793,2025-10-24 09:00:00+05:30,3.2048087,51.842735,4.080882,48.57643
2794,2025-10-24 10:00:00+05:30,2.50064,30.256361,3.219938,26.564985
2795,2025-10-24 11:00:00+05:30,0.742159,75.96373,1.0182338,44.999897
2796,2025-10-24 12:00:00+05:30,1.8,180.0,1.8,180.0
2797,2025-10-24 13:00:00+05:30,4.613762,200.55612,5.154415,204.77512
2798,2025-10-24 14:00:00+05:30,7.0407386,212.47118,8.3520775,217.11694
2799,2025-10-24 15:00:00+05:30,9.734988,236.3099,13.217443,240.64233
2800,2025-10-24 16:00:00+05:30,8.790563,259.3804,17.518356,260.53775
2801,2025-10-24 17:00:00+05:30,6.5693827,260.53775,15.122143,261.09836
2802,2025-10-24 18:00:00+05:30,4.6277857,256.50424,10.8029995,259.43903
2803,2025-10-24 19:00:00+05:30,3.9966483,234.16226,8.792405,247.1094
2804,2025-10-24 20:00:00+05:30,4.0449967,237.72438,8.297589,245.65892
2805,2025-10-24 21:00:00+05:30,3.8141315,250.70985,9.335737,250.86626
2806,2025-10-24 22:00:00+05:30,2.968636,255.96373,8.383054,255.06853
2807,2025-10-24 23:00:00+05:30,2.3469126,265.60138,6.9480934,253.44284
2808,2025-10-25 00:00:00+05:30,1.2727921,188.13002,4.7110505,223.45189
2809,2025-10-25 01:00:00+05:30,3.8183763,135.0001,5.8631387,162.12122
2810,2025-10-25 02:00:00+05:30,1.4512063,82.875084,4.080882,138.57643
2811,2025-10-25 03:00:00+05:30,0.17999999,270.0,1.7727944,203.9625
2812,2025-10-25 04:00:00+05:30,0.35999998,270.0,1.4058449,219.80553
2813,2025-10-25 05:00:00+05:30,2.5455842,351.87,3.2846913,350.53775
2814,2025-10-25 06:00:00+05:30,4.8899083,6.3401003,5.2416787,15.945477
2815,2025-10-25 07:00:00+05:30,2.5772078,347.90527,5.7852573,5.3557334
2816,2025-10-25 08:00:00+05:30,2.5772078,12.094739,3.362677,15.524177
2817,2025-10-25 09:00:00+05:30,3.494968,34.50859,4.39436,34.9921
2818,2025-10-25 10:00:00+05:30,3.2048087,38.157276,4.2481523,36.38445
2819,2025-10-25 11:00:00+05:30,3.8183763,44.999897,4.8366103,44.999897
2820,2025-10-25 12:00:00+05:30,2.907989,68.19853,3.7064266,60.94549
2821,2025-10-25 13:00:00+05:30,3.438895,96.00892,4.143911,87.5105
2822,2025-10-25 14:00:00+05:30,5.5567255,114.90474,6.5520988,110.924576
2823,2025-10-25 15:00:00+05:30,5.9617786,118.88649,7.4932766,114.102234
2824,2025-10-25 16:00:00+05:30,3.8268526,131.18582,8.9873905,122.73522
2825,2025-10-25 17:00:00+05:30,5.95906,64.98315,13.845967,63.768124
2826,2025-10-25 18:00:00+05:30,6.542201,97.907074,13.878688,87.02634
2827,2025-10-25 19:00:00+05:30,5.257109,128.04709,13.60519,115.88697
2828,2025-10-25 20:00:00+05:30,5.0816135,157.06787,13.666967,139.80803
2829,2025-10-25 21:00:00+05:30,3.6179552,185.7105,10.730778,157.30617
2830,2025-10-25 22:00:00+05:30,5.0816135,202.93213,11.722133,183.52138
2831,2025-10-25 23:00:00+05:30,5.7176566,208.1785,15.342294,211.07898
2832,2025-10-26 00:00:00+05:30,5.8852015,203.42871,15.283048,212.00534
2833,2025-10-26 01:00:00+05:30,5.1919937,213.6901,13.324863,218.41809
2834,2025-10-26 02:00:00+05:30,3.3092597,247.61981,9.085988,236.3099
2835,2025-10-26 03:00:00+05:30,4.445672,291.3707,9.224011,275.59924
2836,2025-10-26 04:00:00+05:30,3.244996,289.44012,9.292255,291.59537
2837,2025-10-26 05:00:00+05:30,1.26,270.0,6.384293,291.5015
2838,2025-10-26 06:00:00+05:30,3.096837,305.53775,6.015878,308.92755
2839,2025-10-26 07:00:00+05:30,0.6489992,56.309914,2.5959969,326.3099
2840,2025-10-26 08:00:00+05:30,1.3104197,344.05453,1.8792552,343.3007
2841,2025-10-26 09:00:00+05:30,3.6447225,32.905247,4.6938257,32.471172
2842,2025-10-26 10:00:00+05:30,6.048107,53.471054,7.596341,53.67309
2843,2025-10-26 11:00:00+05:30,5.991594,57.264786,7.6388745,55.560955
2844,2025-10-26 12:00:00+05:30,6.444905,54.090195,7.9567327,52.35232
2845,2025-10-26 13:00:00+05:30,5.796447,53.84173,7.3094187,52.001225
2846,2025-10-26 14:00:00+05:30,6.5520988,74.054535,8.027677,70.346085
2847,2025-10-26 15:00:00+05:30,7.9932976,97.76508,10.120098,95.10208
2848,2025-10-26 16:00:00+05:30,8.027677,109.653915,15.281989,105.01841
2849,2025-10-26 17:00:00+05:30,4.2366967,167.73524,9.0,143.13002
2850,2025-10-26 18:00:00+05:30,5.0528407,184.08554,11.440978,167.27565
2851,2025-10-26 19:00:00+05:30,5.3517847,199.65392,11.45513,188.13002
2852,2025-10-26 20:00:00+05:30,5.95906,205.01686,12.585848,196.62083
2853,2025-10-26 21:00:00+05:30,5.072041,207.47435,11.966954,195.7087
2854,2025-10-26 22:00:00+05:30,4.471107,220.10085,11.679212,208.53989
2855,2025-10-26 23:00:00+05:30,3.8183763,261.87,8.805294,229.14471
2856,2025-10-27 00:00:00+05:30,3.9844694,288.43503,8.035746,254.40712
2857,2025-10-27 01:00:00+05:30,3.8521678,307.40543,7.0774574,277.30566
2858,2025-10-27 02:00:00+05:30,3.550155,329.53452,5.994297,311.3477
2859,2025-10-27 03:00:00+05:30,4.5572357,350.9098,8.654986,343.0724
2860,2025-10-27 04:00:00+05:30,5.223103,1.9748993,12.785069,358.38647
2861,2025-10-27 05:00:00+05:30,4.0249224,26.564985,11.213581,18.725883
2862,2025-10-27 06:00:00+05:30,6.1226463,24.304548,11.35285,25.346138
2863,2025-10-27 07:00:00+05:30,4.278551,22.249071,9.340941,25.083572
2864,2025-10-27 08:00:00+05:30,5.293959,35.311302,7.0934615,35.706783
2865,2025-10-27 09:00:00+05:30,6.452441,67.01126,8.39078,67.28555
2866,2025-10-27 10:00:00+05:30,8.32877,83.796646,10.694485,83.233925
2867,2025-10-27 11:00:00+05:30,10.096059,78.6901,12.673074,78.5305
2868,2025-10-27 12:00:00+05:30,9.12513,75.14134,11.571914,74.66666
2869,2025-10-27 13:00:00+05:30,9.021574,61.389645,11.435313,61.821507
2870,2025-10-27 14:00:00+05:30,9.354806,59.981724,11.923557,61.113514
2871,2025-10-27 15:00:00+05:30,8.163749,75.96373,11.003581,74.827034
2872,2025-10-27 16:00:00+05:30,6.0077944,81.38444,12.074766,79.69521
2873,2025-10-27 17:00:00+05:30,6.050785,67.24899,14.941083,68.070366
2874,2025-10-27 18:00:00+05:30,7.1661706,78.40785,16.985933,77.141914
2875,2025-10-27 19:00:00+05:30,6.424764,78.6901,15.655862,81.404175
2876,2025-10-27 20:00:00+05:30,5.8048253,82.875084,14.041154,90.734505
2877,2025-10-27 21:00:00+05:30,4.412754,101.768265,11.098865,98.392845
2878,2025-10-27 22:00:00+05:30,1.7727944,113.962494,7.2805495,98.530685
2879,2025-10-27 23:00:00+05:30,2.8116899,50.194473,7.922045,91.301926
2880,2025-10-28 00:00:00+05:30,3.7585104,16.699326,6.6185193,67.61982
2881,2025-10-28 01:00:00+05:30,8.163749,14.036275,14.386494,31.701384
2882,2025-10-28 02:00:00+05:30,7.145796,40.9143,17.566378,44.169785
2883,2025-10-28 03:00:00+05:30,7.029225,50.194473,16.956343,52.765083
2884,2025-10-28 04:00:00+05:30,7.653705,48.814175,17.430283,54.66859
2885,2025-10-28 05:00:00+05:30,8.131936,62.30063,17.533146,70.8209
2886,2025-10-28 06:00:00+05:30,9.096681,62.927998,18.644558,74.89037
2887,2025-10-28 07:00:00+05:30,8.131936,62.30063,14.178928,69.954666
2888,2025-10-28 08:00:00+05:30,8.766573,70.8209,11.844492,73.21728
2889,2025-10-28 09:00:00+05:30,8.777653,74.53873,11.177405,75.068535
2890,2025-10-28 10:00:00+05:30,7.7400002,90.0,9.9,90.0
2891,2025-10-28 11:00:00+05:30,5.2323985,116.56499,6.361415,115.11481
2892,2025-10-28 12:00:00+05:30,4.991553,115.64096,6.1226463,114.30454
2893,2025-10-28 13:00:00+05:30,4.175069,97.43131,5.0688457,96.11541
2894,2025-10-28 14:00:00+05:30,5.4119864,86.186005,6.542201,82.09293
2895,2025-10-28 15:00:00+05:30,8.4042845,99.865746,11.098865,98.392845
2896,2025-10-28 16:00:00+05:30,5.9617786,118.88649,11.431062,116.16151
2897,2025-10-28 17:00:00+05:30,4.471107,139.89915,12.652604,140.19447
2898,2025-10-28 18:00:00+05:30,5.6060677,137.60262,12.362475,137.95085
2899,2025-10-28 19:00:00+05:30,7.0591216,160.64091,13.169556,158.34395
2900,2025-10-28 20:00:00+05:30,3.8183763,171.86998,9.360001,157.3801
2901,2025-10-28 21:00:00+05:30,1.8792552,163.30067,7.327127,152.176
2902,2025-10-28 22:00:00+05:30,1.08,90.0,6.623413,137.20262
2903,2025-10-28 23:00:00+05:30,2.7416782,66.801384,6.763786,115.20109
2904,2025-10-29 00:00:00+05:30,3.5864744,17.52567,5.1481256,53.530666
2905,2025-10-29 01:00:00+05:30,5.154415,24.775122,8.435069,39.805527
2906,2025-10-29 02:00:00+05:30,4.143911,55.6196,9.2660675,60.94549
2907,2025-10-29 03:00:00+05:30,4.445672,68.62931,10.4166975,80.04944
2908,2025-10-29 04:00:00+05:30,4.2136917,70.01681,10.62,90.0
2909,2025-10-29 05:00:00+05:30,5.6492476,149.34941,10.855358,139.70793
2910,2025-10-29 06:00:00+05:30,6.6624317,88.45188,13.262714,108.18914
2911,2025-10-29 07:00:00+05:30,8.297589,93.73133,18.792551,106.699326
2912,2025-10-29 08:00:00+05:30,6.320538,70.01681,12.0720825,87.43629
2913,2025-10-29 09:00:00+05:30,5.6262593,82.64771,8.149847,83.659904
2914,2025-10-29 10:00:00+05:30,6.6624317,128.41809,8.099999,126.86999
2915,2025-10-29 11:00:00+05:30,6.519877,96.340096,8.37532,98.65246
2916,2025-10-29 12:00:00+05:30,7.4128532,119.05451,9.109138,119.604355
2917,2025-10-29 13:00:00+05:30,13.619471,119.275154,18.678415,117.552734
2918,2025-10-29 14:00:00+05:30,7.3094187,99.926186,10.948973,99.46225
2919,2025-10-29 15:00:00+05:30,8.139901,108.03438,10.873251,109.3349
2920,2025-10-29 16:00:00+05:30,6.3231,94.89901,9.299225,104.57426
2921,2025-10-29 17:00:00+05:30,7.247096,75.61857,12.072083,69.943825
2922,2025-10-29 18:00:00+05:30,8.085988,106.821495,14.145756,104.743614
2923,2025-10-29 19:00:00+05:30,9.444426,97.66672,17.727943,102.90741
2924,2025-10-29 20:00:00+05:30,7.748368,92.66295,16.13286,100.93378
2925,2025-10-29 21:00:00+05:30,7.6642804,99.46225,15.717823,103.24053
2926,2025-10-29 22:00:00+05:30,8.656858,86.423744,16.943918,93.044716
2927,2025-10-29 23:00:00+05:30,9.511088,60.524208,17.325876,66.097946
2928,2025-10-30 00:00:00+05:30,9.430695,66.37061,17.515581,67.65185
2929,2025-10-30 01:00:00+05:30,10.137692,73.49557,18.644558,74.89037
2930,2025-10-30 02:00:00+05:30,11.659777,81.11942,20.81239,84.04296
2931,2025-10-30 03:00:00+05:30,10.440001,90.0,19.447498,91.59111
2932,2025-10-30 04:00:00+05:30,12.346741,97.53935,21.365477,99.700325
2933,2025-10-30 05:00:00+05:30,8.211235,63.996716,14.973576,80.31129
2934,2025-10-30 06:00:00+05:30,9.555271,86.76037,14.77755,87.20736
2935,2025-10-30 07:00:00+05:30,11.157096,100.222115,17.419127,103.74907
2936,2025-10-30 08:00:00+05:30,10.304115,109.38461,13.841286,110.55613
2937,2025-10-30 09:00:00+05:30,9.939196,125.41714,12.932471,124.7961
2938,2025-10-30 10:00:00+05:30,8.783189,135.83023,11.328566,135.64366
2939,2025-10-30 11:00:00+05:30,6.830519,108.43504,8.490582,111.124794
2940,2025-10-30 12:00:00+05:30,6.3690495,132.70937,7.891311,135.0001
2941,2025-10-30 13:00:00+05:30,14.311981,186.49925,18.865683,187.12492
2942,2025-10-30 14:00:00+05:30,2.0364676,135.0001,5.5596404,150.9455
2943,2025-10-30 15:00:00+05:30,4.4456716,148.24057,6.198903,154.17906
2944,2025-10-30 16:00:00+05:30,3.9477081,114.22774,5.4744864,117.40749
2945,2025-10-30 17:00:00+05:30,6.544677,58.495792,10.261579,74.74483
2946,2025-10-30 18:00:00+05:30,7.596341,53.67309,14.288191,70.88018
2947,2025-10-30 19:00:00+05:30,8.049845,63.435013,14.761098,74.43844
2948,2025-10-30 20:00:00+05:30,9.585739,55.713078,16.454994,70.17745
2949,2025-10-30 21:00:00+05:30,4.0449963,69.14546,9.422101,83.41815
2950,2025-10-30 22:00:00+05:30,6.1437774,84.95764,12.81165,94.02819
2951,2025-10-30 23:00:00+05:30,6.689125,113.80595,13.248049,126.714294
