,date,wind_speed_10m,wind_direction_10m,wind_speed_100m,wind_direction_100m
0,2025-06-30 00:00:00+05:30,4.599695,300.57913,9.3340025,320.4774
1,2025-06-30 01:00:00+05:30,5.876938,220.0302,7.995323,238.81508
2,2025-06-30 02:00:00+05:30,7.9036193,239.9315,13.036026,252.3155
3,2025-06-30 03:00:00+05:30,7.256032,240.2552,13.084402,262.09293
4,2025-06-30 04:00:00+05:30,6.8919086,229.23648,12.81165,245.95578
5,2025-06-30 05:00:00+05:30,4.8733153,175.76369,10.158444,209.74478
6,2025-06-30 06:00:00+05:30,5.0816135,292.93213,7.16617,295.27768
7,2025-06-30 07:00:00+05:30,4.5891175,244.44008,5.920878,250.46326
8,2025-06-30 08:00:00+05:30,3.4623692,242.10283,4.4274144,243.43501
9,2025-06-30 09:00:00+05:30,3.2846913,189.46225,4.0249224,190.3048
10,2025-06-30 10:00:00+05:30,6.1437774,174.95764,7.5685663,177.27374
11,2025-06-30 11:00:00+05:30,8.131936,152.30061,10.144082,152.52565
12,2025-06-30 12:00:00+05:30,9.227524,159.44388,11.566313,159.02643
13,2025-06-30 13:00:00+05:30,12.074766,169.6952,17.910677,174.23221
14,2025-06-30 14:00:00+05:30,8.64,180.0,12.601285,180.81844
15,2025-06-30 15:00:00+05:30,9.781473,192.75752,13.8037815,192.04256
16,2025-06-30 16:00:00+05:30,11.402683,168.15794,17.9973,171.95102
17,2025-06-30 17:00:00+05:30,11.832176,166.80939,20.852827,173.05911
18,2025-06-30 18:00:00+05:30,7.029225,129.80553,14.423605,150.87604
19,2025-06-30 19:00:00+05:30,8.694204,152.90453,18.4243,165.28488
20,2025-06-30 20:00:00+05:30,9.4238205,151.47697,19.694992,161.89615
21,2025-06-30 21:00:00+05:30,9.984729,152.04913,20.20896,160.75803
22,2025-06-30 22:00:00+05:30,9.187056,145.37578,19.643105,152.7306
23,2025-06-30 23:00:00+05:30,9.167638,133.4089,19.296135,143.3438
24,2025-07-01 00:00:00+05:30,8.149847,133.21011,18.188019,141.42873
25,2025-07-01 01:00:00+05:30,9.437563,145.09743,19.023878,147.3625
26,2025-07-01 02:00:00+05:30,8.404285,136.73567,18.037762,143.9305
27,2025-07-01 03:00:00+05:30,12.47726,153.43501,22.717823,155.66876
28,2025-07-01 04:00:00+05:30,8.65873,136.68465,15.779543,147.57895
29,2025-07-01 05:00:00+05:30,11.844492,126.34755,20.75627,133.24304
30,2025-07-01 06:00:00+05:30,12.616702,137.89134,19.681828,140.19447
31,2025-07-01 07:00:00+05:30,12.483748,151.58743,17.873556,152.4028
32,2025-07-01 08:00:00+05:30,12.204212,142.792,16.596157,143.37859
33,2025-07-01 09:00:00+05:30,12.870944,137.83418,16.697365,138.05878
34,2025-07-01 10:00:00+05:30,12.456468,142.63326,16.418526,142.12495
35,2025-07-01 11:00:00+05:30,14.602204,149.64197,20.073025,147.45001
36,2025-07-01 12:00:00+05:30,9.4238205,151.47697,14.039999,157.3801
37,2025-07-01 13:00:00+05:30,10.711135,155.15764,14.986553,155.89777
38,2025-07-01 14:00:00+05:30,14.64209,159.11412,19.761507,159.74928
39,2025-07-01 15:00:00+05:30,13.666967,167.06194,20.265795,167.692
40,2025-07-01 16:00:00+05:30,12.093534,175.7322,19.45333,177.87895
41,2025-07-01 17:00:00+05:30,10.158444,172.87508,17.731598,174.17375
42,2025-07-01 18:00:00+05:30,8.29173,152.87878,18.351173,158.72032
43,2025-07-01 19:00:00+05:30,9.582358,151.99092,19.902824,155.9849
44,2025-07-01 20:00:00+05:30,8.6867485,145.9806,18.678415,152.44728
45,2025-07-01 21:00:00+05:30,8.274128,135.88132,17.922432,146.46951
46,2025-07-01 22:00:00+05:30,9.587428,140.3322,19.627428,144.70657
47,2025-07-01 23:00:00+05:30,7.0407386,147.52882,16.189997,151.44048
48,2025-07-02 00:00:00+05:30,7.145796,130.91429,15.7908325,136.8476
49,2025-07-02 01:00:00+05:30,6.206738,106.85848,14.292725,121.08744
50,2025-07-02 02:00:00+05:30,7.5170207,106.699326,16.029099,114.55044
51,2025-07-02 03:00:00+05:30,8.383054,104.93147,17.615187,111.58404
52,2025-07-02 04:00:00+05:30,8.383054,104.93147,17.423777,109.932625
53,2025-07-02 05:00:00+05:30,8.797931,120.76265,16.237955,121.39941
54,2025-07-02 06:00:00+05:30,9.021574,118.61037,13.306615,120.033195
55,2025-07-02 07:00:00+05:30,10.1456785,115.20109,14.731437,116.87807
56,2025-07-02 08:00:00+05:30,8.0899935,122.27562,11.183201,123.17853
57,2025-07-02 09:00:00+05:30,10.070353,114.27443,13.451914,114.50739
58,2025-07-02 10:00:00+05:30,10.644379,108.74143,14.003029,107.96923
59,2025-07-02 11:00:00+05:30,10.210936,130.71075,13.276144,130.60121
60,2025-07-02 12:00:00+05:30,7.2403865,124.875404,9.290511,125.537766
61,2025-07-02 13:00:00+05:30,6.7757506,129.61066,8.244708,126.11943
62,2025-07-02 14:00:00+05:30,13.917154,174.80566,22.186779,176.27876
63,2025-07-02 15:00:00+05:30,2.4014995,257.00537,3.710795,230.90614
64,2025-07-02 16:00:00+05:30,2.3051248,218.65984,3.3092597,202.38017
65,2025-07-02 17:00:00+05:30,2.3469129,212.47118,3.7585104,196.69933
66,2025-07-02 18:00:00+05:30,3.2846913,170.53775,9.0018,168.46541
67,2025-07-02 19:00:00+05:30,3.5864744,162.47433,10.239453,169.8754
68,2025-07-02 20:00:00+05:30,2.3469126,85.60138,6.8541956,156.80139
69,2025-07-02 21:00:00+05:30,6.9550843,79.56258,10.874741,114.44395
70,2025-07-02 22:00:00+05:30,5.4833565,113.19862,10.694485,136.36386
71,2025-07-02 23:00:00+05:30,4.7110505,133.45189,11.269782,153.43501
72,2025-07-03 00:00:00+05:30,5.48631,131.00899,12.081473,151.5259
73,2025-07-03 01:00:00+05:30,6.638072,139.39879,13.130133,151.32695
74,2025-07-03 02:00:00+05:30,5.8603754,132.5104,13.943901,140.76265
75,2025-07-03 03:00:00+05:30,8.274128,135.88132,17.220835,138.81416
76,2025-07-03 04:00:00+05:30,9.686609,138.01286,19.26084,142.59457
77,2025-07-03 05:00:00+05:30,9.292254,135.78474,17.515581,140.42064
78,2025-07-03 06:00:00+05:30,8.027678,137.72638,16.375053,146.65927
79,2025-07-03 07:00:00+05:30,8.067936,141.34016,13.248049,143.2857
80,2025-07-03 08:00:00+05:30,10.564942,156.92957,14.1102085,156.70541
81,2025-07-03 09:00:00+05:30,10.934166,159.77505,14.24163,159.27437
82,2025-07-03 10:00:00+05:30,11.440979,155.85446,14.607751,157.54301
83,2025-07-03 11:00:00+05:30,11.334284,169.93938,15.073858,168.28755
84,2025-07-03 12:00:00+05:30,11.27553,163.30067,15.287288,167.7639
85,2025-07-03 13:00:00+05:30,11.578912,191.65926,15.328561,189.46225
86,2025-07-03 14:00:00+05:30,9.299225,194.57425,13.1041975,195.94547
87,2025-07-03 15:00:00+05:30,13.543131,184.57384,18.865683,187.12492
88,2025-07-03 16:00:00+05:30,11.7,216.86998,18.022486,214.00754
89,2025-07-03 17:00:00+05:30,7.16617,205.27768,14.474059,201.1399
90,2025-07-03 18:00:00+05:30,9.5416975,144.21094,19.48079,153.67177
91,2025-07-03 19:00:00+05:30,7.5942073,174.55975,17.852697,183.46815
92,2025-07-03 20:00:00+05:30,7.9932976,187.76508,17.654686,196.58742
93,2025-07-03 21:00:00+05:30,7.7734165,174.68555,17.259363,187.79199
94,2025-07-03 22:00:00+05:30,5.2200003,180.0,14.332341,191.59215
95,2025-07-03 23:00:00+05:30,7.9932976,187.76508,17.14919,200.90805
96,2025-07-04 00:00:00+05:30,8.553314,188.47105,17.750774,202.6646
97,2025-07-04 01:00:00+05:30,6.5520988,200.92458,14.650938,206.25018
98,2025-07-04 02:00:00+05:30,5.509882,218.36752,13.493999,223.91916
99,2025-07-04 03:00:00+05:30,8.482947,197.28159,17.9973,210.66885
100,2025-07-04 04:00:00+05:30,11.609651,209.7448,21.733088,211.45201
101,2025-07-04 05:00:00+05:30,6.552099,217.18478,14.174356,220.36446
102,2025-07-04 06:00:00+05:30,2.3469126,94.39862,4.3832865,199.17911
103,2025-07-04 07:00:00+05:30,2.19718,214.9921,3.3481934,216.25392
104,2025-07-04 08:00:00+05:30,4.6800003,202.6199,5.9834766,201.16133
105,2025-07-04 09:00:00+05:30,4.080882,221.42357,5.22,223.60289
106,2025-07-04 10:00:00+05:30,5.6060677,185.52745,7.0774574,187.30566
107,2025-07-04 11:00:00+05:30,6.489992,199.44012,7.9220443,201.31798
108,2025-07-04 12:00:00+05:30,8.43699,168.92984,10.594036,170.21767
109,2025-07-04 13:00:00+05:30,12.273043,175.79472,18.57143,176.66621
110,2025-07-04 14:00:00+05:30,13.797913,195.12405,19.340576,194.55362
111,2025-07-04 15:00:00+05:30,10.694485,186.76608,14.713831,187.7335
112,2025-07-04 16:00:00+05:30,10.674773,185.80663,15.095336,188.22664
113,2025-07-04 17:00:00+05:30,12.6462,184.899,21.547436,186.23439
114,2025-07-04 18:00:00+05:30,6.21717,157.8905,13.849476,171.02745
115,2025-07-04 19:00:00+05:30,6.361415,154.8852,14.120538,168.9766
116,2025-07-04 20:00:00+05:30,4.8466477,164.93146,12.906138,188.017
117,2025-07-04 21:00:00+05:30,6.8541956,166.32867,15.009236,185.50539
118,2025-07-04 22:00:00+05:30,6.849467,183.01273,16.293728,196.03241
119,2025-07-04 23:00:00+05:30,6.037383,206.56499,15.426535,214.06096
120,2025-07-05 00:00:00+05:30,7.0107627,209.19739,16.056362,217.25537
121,2025-07-05 01:00:00+05:30,6.7397914,214.11452,16.055355,222.27362
122,2025-07-05 02:00:00+05:30,6.638072,220.60121,16.039202,225.90929
123,2025-07-05 03:00:00+05:30,7.344794,216.02747,16.299694,223.21011
124,2025-07-05 04:00:00+05:30,7.928177,219.47243,17.055414,224.9999
125,2025-07-05 05:00:00+05:30,9.387651,237.52882,17.906157,239.82657
126,2025-07-05 06:00:00+05:30,5.495161,211.60745,9.167638,226.5911
127,2025-07-05 07:00:00+05:30,7.342588,191.30989,11.566313,200.97357
128,2025-07-05 08:00:00+05:30,7.0015144,197.96924,9.927779,202.38017
129,2025-07-05 09:00:00+05:30,7.0107627,221.87778,9.299225,222.64667
130,2025-07-05 10:00:00+05:30,6.2405767,213.23172,8.037761,214.04597
131,2025-07-05 11:00:00+05:30,6.804381,217.47626,8.461915,218.08882
132,2025-07-05 12:00:00+05:30,10.8792095,163.66388,14.618837,170.07382
133,2025-07-05 13:00:00+05:30,7.3821945,178.60284,10.261578,181.00507
134,2025-07-05 14:00:00+05:30,6.8777895,137.12111,8.967541,141.51978
135,2025-07-05 15:00:00+05:30,9.721666,178.93912,12.971244,177.6141
136,2025-07-05 16:00:00+05:30,8.197414,188.84174,12.221456,189.32352
137,2025-07-05 17:00:00+05:30,5.983477,195.7087,9.0,196.26028
138,2025-07-05 18:00:00+05:30,3.0811036,186.70975,9.224011,197.02061
139,2025-07-05 19:00:00+05:30,6.4799995,180.0,13.363711,184.63538
140,2025-07-05 20:00:00+05:30,11.500296,162.69939,21.075378,169.16997
141,2025-07-05 21:00:00+05:30,10.63372,177.08922,19.64063,182.62634
142,2025-07-05 22:00:00+05:30,11.989945,172.23492,21.547436,173.76561
143,2025-07-05 23:00:00+05:30,8.39078,215.39488,16.092644,216.3573
144,2025-07-06 00:00:00+05:30,7.841888,170.75397,13.976394,187.3995
145,2025-07-06 01:00:00+05:30,6.299999,233.13002,13.298089,230.49236
146,2025-07-06 02:00:00+05:30,1.1384199,108.43504,3.396233,237.99466
147,2025-07-06 03:00:00+05:30,3.8268526,41.185837,3.244996,19.440128
148,2025-07-06 04:00:00+05:30,0.8049845,153.43501,3.3481934,233.74606
149,2025-07-06 05:00:00+05:30,3.710795,129.09386,3.5864744,162.47433
150,2025-07-06 06:00:00+05:30,6.6818557,117.25525,10.534229,123.14701
151,2025-07-06 07:00:00+05:30,4.6800003,112.61991,7.289444,110.22495
152,2025-07-06 08:00:00+05:30,6.379216,106.38962,8.2584505,106.4601
153,2025-07-06 09:00:00+05:30,3.3092597,112.38018,4.5891175,115.55992
154,2025-07-06 10:00:00+05:30,5.0142193,68.96242,6.4323244,72.07199
155,2025-07-06 11:00:00+05:30,5.7204895,65.85446,7.329338,65.32315
156,2025-07-06 12:00:00+05:30,4.7657523,100.88548,5.9834766,96.91113
157,2025-07-06 13:00:00+05:30,5.3517847,109.653915,6.7853074,111.801476
158,2025-07-06 14:00:00+05:30,5.369916,129.55963,7.0107627,131.87779
159,2025-07-06 15:00:00+05:30,3.4247334,93.012726,4.452954,104.03627
160,2025-07-06 16:00:00+05:30,11.583109,147.05078,15.476859,146.86438
161,2025-07-06 17:00:00+05:30,6.6087217,150.64235,14.2336645,166.84245
162,2025-07-06 18:00:00+05:30,3.1072817,79.99209,7.8149853,104.67644
163,2025-07-06 19:00:00+05:30,4.0249224,116.56499,10.944532,126.30459
164,2025-07-06 20:00:00+05:30,5.2478566,120.96369,11.975074,137.43669
165,2025-07-06 21:00:00+05:30,6.7565966,131.76021,13.719023,141.92717
166,2025-07-06 22:00:00+05:30,8.099999,126.86999,15.530151,134.0609
167,2025-07-06 23:00:00+05:30,7.4520864,127.14677,14.50983,135.0001
168,2025-07-07 00:00:00+05:30,6.5223618,117.979385,12.886039,131.03525
169,2025-07-07 01:00:00+05:30,6.3639607,98.13002,11.903159,110.35332
170,2025-07-07 02:00:00+05:30,6.66,90.0,11.989945,97.76508
171,2025-07-07 03:00:00+05:30,5.7852573,84.644264,12.061341,89.14493
172,2025-07-07 04:00:00+05:30,3.9763298,95.19434,10.316686,96.00892
173,2025-07-07 05:00:00+05:30,6.5520988,74.054535,11.334284,79.93938
174,2025-07-07 06:00:00+05:30,4.4274144,116.56499,8.958504,112.4428
175,2025-07-07 07:00:00+05:30,3.2599385,173.6599,4.5,163.73972
176,2025-07-07 08:00:00+05:30,5.8603754,169.3804,8.350138,172.56868
177,2025-07-07 09:00:00+05:30,7.0568266,185.85593,11.720751,190.6196
178,2025-07-07 10:00:00+05:30,6.1858225,188.3658,8.863972,192.90741
179,2025-07-07 11:00:00+05:30,6.8541956,193.67133,9.12513,194.85866
180,2025-07-07 12:00:00+05:30,6.6185193,202.38017,8.792405,202.89058
181,2025-07-07 13:00:00+05:30,9.444426,187.66672,12.549757,188.24623
182,2025-07-07 14:00:00+05:30,9.9587345,173.77426,13.200273,174.52272
183,2025-07-07 15:00:00+05:30,7.3447943,197.10281,12.966248,193.65044
184,2025-07-07 16:00:00+05:30,8.656858,183.57626,18.080818,189.74358
185,2025-07-07 17:00:00+05:30,9.208192,184.48453,18.32202,190.75792
186,2025-07-07 18:00:00+05:30,3.8141315,160.70985,7.5685663,177.27374
187,2025-07-07 19:00:00+05:30,8.163749,194.03627,16.34832,200.62996
188,2025-07-07 20:00:00+05:30,9.187056,177.7543,17.259363,187.79199
189,2025-07-07 21:00:00+05:30,6.5024605,184.76355,14.668619,194.2068
190,2025-07-07 22:00:00+05:30,4.942631,146.88864,11.881363,179.13197
191,2025-07-07 23:00:00+05:30,4.2175345,140.19447,11.212135,174.47255
192,2025-07-08 00:00:00+05:30,5.1165614,140.71062,10.837435,168.50346
193,2025-07-08 01:00:00+05:30,4.8965297,126.027466,9.096681,152.92801
194,2025-07-08 02:00:00+05:30,5.4029994,91.90912,8.373386,115.46331
195,2025-07-08 03:00:00+05:30,6.6818557,94.635376,11.656998,103.39252
196,2025-07-08 04:00:00+05:30,4.4456716,121.75944,6.989936,124.50858
197,2025-07-08 05:00:00+05:30,3.4247334,93.012726,5.2939587,107.818985
198,2025-07-08 06:00:00+05:30,11.091564,221.71066,20.135878,222.10135
199,2025-07-08 07:00:00+05:30,9.5535755,227.29063,18.723461,232.02834
200,2025-07-08 08:00:00+05:30,11.480557,221.18582,21.004541,223.95847
201,2025-07-08 09:00:00+05:30,10.855358,220.29207,18.204933,223.79825
202,2025-07-08 10:00:00+05:30,10.735306,214.75598,18.470842,217.87505
203,2025-07-08 11:00:00+05:30,10.9859,214.9921,16.813387,217.60606
204,2025-07-08 12:00:00+05:30,11.448055,216.68982,17.283749,215.6765
205,2025-07-08 13:00:00+05:30,10.514218,218.04709,14.796175,216.59119
206,2025-07-08 14:00:00+05:30,8.536252,204.94388,11.996699,207.71841
207,2025-07-08 15:00:00+05:30,10.873251,199.3349,15.547875,200.32323
208,2025-07-08 16:00:00+05:30,11.391313,185.44025,16.700275,187.43132
209,2025-07-08 17:00:00+05:30,10.658068,175.15608,18.008097,181.71832
210,2025-07-08 18:00:00+05:30,9.885262,190.49142,20.431387,194.28113
211,2025-07-08 19:00:00+05:30,9.708326,190.68486,19.468311,197.76494
212,2025-07-08 20:00:00+05:30,9.36173,181.10168,19.523985,192.24231
213,2025-07-08 21:00:00+05:30,9.567131,175.68405,19.580328,186.8636
214,2025-07-08 22:00:00+05:30,13.330941,177.67851,24.683638,182.50764
215,2025-07-08 23:00:00+05:30,11.183201,176.30869,22.535252,183.20515
216,2025-07-09 00:00:00+05:30,12.452566,184.14455,23.899363,191.73306
217,2025-07-09 01:00:00+05:30,9.600937,149.589,19.274294,168.69011
218,2025-07-09 02:00:00+05:30,8.880405,162.29948,18.907713,178.36346
219,2025-07-09 03:00:00+05:30,7.7734165,174.68555,17.134071,189.06642
220,2025-07-09 04:00:00+05:30,7.4346757,186.95287,16.73516,198.8248
221,2025-07-09 05:00:00+05:30,6.830519,198.43504,16.021011,207.42865
222,2025-07-09 06:00:00+05:30,11.113451,204.90474,22.238562,209.0545
223,2025-07-09 07:00:00+05:30,11.003581,195.17297,21.82755,201.27504
224,2025-07-09 08:00:00+05:30,12.182955,192.80426,20.60823,199.38461
225,2025-07-09 09:00:00+05:30,9.801326,172.61404,18.268892,185.65433
226,2025-07-09 10:00:00+05:30,16.343367,187.59456,24.620552,189.25565
227,2025-07-09 11:00:00+05:30,19.60761,195.43971,28.8792,196.28885
228,2025-07-09 12:00:00+05:30,18.0,196.26028,26.48203,196.58742
229,2025-07-09 13:00:00+05:30,20.188908,201.99118,29.04923,202.59259
230,2025-07-09 14:00:00+05:30,18.98552,201.70059,27.30844,201.66121
231,2025-07-09 15:00:00+05:30,15.501959,192.74529,22.571884,193.37134
232,2025-07-09 16:00:00+05:30,13.084402,187.90707,20.833395,189.95056
233,2025-07-09 17:00:00+05:30,10.801499,180.95482,20.275383,186.1154
234,2025-07-09 18:00:00+05:30,8.461914,150.70874,17.085785,168.45334
235,2025-07-09 19:00:00+05:30,10.018743,162.21602,19.917469,173.77426
236,2025-07-09 20:00:00+05:30,10.636766,156.0375,20.6624,161.7228
237,2025-07-09 21:00:00+05:30,10.04458,143.74608,19.172323,155.60057
238,2025-07-09 22:00:00+05:30,11.385622,140.77434,21.1896,151.04004
239,2025-07-09 23:00:00+05:30,8.936778,124.33028,18.839045,135.77412
240,2025-07-10 00:00:00+05:30,11.13384,145.53912,21.01071,152.99599
241,2025-07-10 01:00:00+05:30,11.351422,165.30264,21.637466,171.86998
242,2025-07-10 02:00:00+05:30,12.57426,156.3706,23.120018,163.25795
243,2025-07-10 03:00:00+05:30,12.156331,152.6762,21.347271,162.32886
244,2025-07-10 04:00:00+05:30,11.19189,152.19864,20.948164,160.9422
245,2025-07-10 05:00:00+05:30,10.436895,147.6804,19.18246,161.39494
246,2025-07-10 06:00:00+05:30,11.51578,155.03725,23.828764,169.11452
247,2025-07-10 07:00:00+05:30,12.413476,163.14153,19.386591,164.93146
248,2025-07-10 08:00:00+05:30,11.276968,171.74065,15.726067,174.74629
249,2025-07-10 09:00:00+05:30,11.226575,167.96942,15.215058,169.08891
250,2025-07-10 10:00:00+05:30,11.225132,164.18074,14.934577,164.62369
251,2025-07-10 11:00:00+05:30,12.487641,164.96213,16.024044,165.02708
252,2025-07-10 12:00:00+05:30,12.585848,163.37917,15.999762,162.99197
253,2025-07-10 13:00:00+05:30,8.643749,148.62704,12.800266,154.15567
254,2025-07-10 14:00:00+05:30,13.37825,156.19405,18.459436,156.43459
255,2025-07-10 15:00:00+05:30,14.068816,163.65175,21.313093,164.32042
256,2025-07-10 16:00:00+05:30,12.487641,164.96213,21.183483,167.73524
257,2025-07-10 17:00:00+05:30,13.403656,157.91278,24.023088,160.75038
258,2025-07-10 18:00:00+05:30,10.587918,144.6887,20.9644,150.13318
259,2025-07-10 19:00:00+05:30,10.441551,144.11777,21.145979,149.28725
260,2025-07-10 20:00:00+05:30,10.8792095,141.04408,21.517342,145.91109
261,2025-07-10 21:00:00+05:30,8.827344,140.79282,19.070658,146.15991
262,2025-07-10 22:00:00+05:30,7.6367526,135.0001,17.786331,144.0578
263,2025-07-10 23:00:00+05:30,6.544677,121.50421,15.784676,135.92395
264,2025-07-11 00:00:00+05:30,5.991594,122.73522,15.053425,138.87863
265,2025-07-11 01:00:00+05:30,5.7204895,114.14554,14.529915,131.98714
266,2025-07-11 02:00:00+05:30,7.0591216,109.359085,15.233148,125.380356
267,2025-07-11 03:00:00+05:30,6.889557,109.85531,15.0038395,120.256355
268,2025-07-11 04:00:00+05:30,7.3997297,108.43504,16.104721,115.13292
269,2025-07-11 05:00:00+05:30,7.771331,103.39252,15.702356,115.09622
270,2025-07-11 06:00:00+05:30,7.0038276,115.906456,16.886454,125.89275
271,2025-07-11 07:00:00+05:30,11.091564,138.28934,15.697197,139.18501
272,2025-07-11 08:00:00+05:30,9.939196,144.58286,13.287122,144.37201
273,2025-07-11 09:00:00+05:30,10.534229,163.11313,13.896187,163.44286
274,2025-07-11 10:00:00+05:30,7.353611,158.45895,9.3962755,159.82927
275,2025-07-11 11:00:00+05:30,7.458606,160.25307,9.505977,161.22188
276,2025-07-11 12:00:00+05:30,14.330079,147.30803,19.82453,147.60863
277,2025-07-11 13:00:00+05:30,6.248359,131.49637,8.65873,136.68465
278,2025-07-11 14:00:00+05:30,5.495161,148.39255,7.5942082,148.57048
279,2025-07-11 15:00:00+05:30,8.709098,161.93944,11.897714,162.38733
280,2025-07-11 16:00:00+05:30,10.081606,181.02301,14.417988,182.86235
281,2025-07-11 17:00:00+05:30,8.171683,187.59456,14.178928,188.02715
282,2025-07-11 18:00:00+05:30,1.659518,139.39879,6.763786,154.7989
283,2025-07-11 19:00:00+05:30,5.5916004,123.17853,10.070353,151.14444
284,2025-07-11 20:00:00+05:30,8.400428,135.0001,16.580532,147.86278
285,2025-07-11 21:00:00+05:30,7.16617,154.72232,17.418196,161.93944
286,2025-07-11 22:00:00+05:30,6.3231,175.101,16.04526,176.78458
287,2025-07-11 23:00:00+05:30,4.293669,146.97614,11.892265,177.39749
288,2025-07-12 00:00:00+05:30,3.7842832,182.72626,11.132385,202.8337
289,2025-07-12 01:00:00+05:30,2.4482648,143.97253,7.9138603,197.19862
290,2025-07-12 02:00:00+05:30,2.5772078,102.09474,4.5,163.73972
291,2025-07-12 03:00:00+05:30,6.310277,93.270424,12.487641,105.03787
292,2025-07-12 04:00:00+05:30,9.919618,101.5138,16.344357,106.638885
293,2025-07-12 05:00:00+05:30,7.256032,136.00499,13.748513,136.06082
294,2025-07-12 06:00:00+05:30,6.804381,127.47626,15.013554,142.3057
295,2025-07-12 07:00:00+05:30,7.386582,133.02507,10.825469,137.02136
296,2025-07-12 08:00:00+05:30,7.056826,142.25313,9.437563,145.09743
297,2025-07-12 09:00:00+05:30,6.341009,145.40765,8.187527,146.65927
298,2025-07-12 10:00:00+05:30,6.248359,138.50363,7.9077177,138.69148
299,2025-07-12 11:00:00+05:30,5.896202,148.73633,7.3469996,149.03632
300,2025-07-12 12:00:00+05:30,7.570707,161.99574,9.335737,160.86626
301,2025-07-12 13:00:00+05:30,5.9427266,181.73567,9.741642,196.09088
302,2025-07-12 14:00:00+05:30,3.219938,153.43501,4.6800003,157.3801
303,2025-07-12 15:00:00+05:30,3.7585104,16.699326,4.327493,16.927603
304,2025-07-12 16:00:00+05:30,5.4744864,99.46225,6.9550843,100.43742
305,2025-07-12 17:00:00+05:30,7.1684303,128.8845,10.908951,127.6263
306,2025-07-12 18:00:00+05:30,3.7064266,209.0545,10.120098,185.10208
307,2025-07-12 19:00:00+05:30,5.068846,163.49556,14.178928,159.95467
308,2025-07-12 20:00:00+05:30,4.3349743,175.23645,12.7279215,171.86998
309,2025-07-12 21:00:00+05:30,4.829907,116.56499,12.632101,139.04459
310,2025-07-12 22:00:00+05:30,5.7204895,114.14554,14.508715,127.438644
311,2025-07-12 23:00:00+05:30,5.5450516,103.13403,14.423605,119.12396
312,2025-07-13 00:00:00+05:30,4.8466477,105.06854,13.70839,119.93143
313,2025-07-13 01:00:00+05:30,4.060985,77.19574,10.4166975,108.121956
314,2025-07-13 02:00:00+05:30,4.327493,73.07241,11.183201,93.691315
315,2025-07-13 03:00:00+05:30,4.5322843,83.15732,12.061341,90.85508
316,2025-07-13 04:00:00+05:30,4.143911,87.5105,12.145665,96.80896
317,2025-07-13 05:00:00+05:30,5.8631387,72.12121,12.785069,88.3865
318,2025-07-13 06:00:00+05:30,2.0991426,120.96369,4.3349743,131.63345
319,2025-07-13 07:00:00+05:30,4.514377,156.50142,6.6185193,157.61983
320,2025-07-13 08:00:00+05:30,3.4199998,90.0,4.514377,94.57384
321,2025-07-13 09:00:00+05:30,4.6938252,85.60138,5.9834766,83.08887
322,2025-07-13 10:00:00+05:30,6.6818557,62.744755,8.863972,66.03751
323,2025-07-13 11:00:00+05:30,11.465024,112.135544,16.357237,114.02651
324,2025-07-13 12:00:00+05:30,4.186693,115.46331,5.8769383,117.34979
325,2025-07-13 13:00:00+05:30,2.3051248,141.34016,3.244996,146.3099
326,2025-07-13 14:00:00+05:30,1.26,180.0,1.6299692,173.6599
327,2025-07-13 15:00:00+05:30,4.3536186,240.2552,5.48631,228.99101
328,2025-07-13 16:00:00+05:30,2.36753,98.74608,2.5264204,94.08554
329,2025-07-13 17:00:00+05:30,7.9077177,131.30852,13.437455,129.0194
330,2025-07-13 18:00:00+05:30,5.7628117,88.21013,12.140329,105.4787
331,2025-07-13 19:00:00+05:30,3.381893,115.20109,9.044888,132.58046
332,2025-07-13 20:00:00+05:30,1.6981165,32.005356,3.3092597,112.38018
333,2025-07-13 21:00:00+05:30,3.8939953,56.3099,5.6060677,84.47256
334,2025-07-13 22:00:00+05:30,9.867218,38.33339,16.039202,44.090717
335,2025-07-13 23:00:00+05:30,5.1481256,53.530666,10.404249,52.73353
336,2025-07-14 00:00:00+05:30,5.6262593,7.3522935,11.276968,28.610369
337,2025-07-14 01:00:00+05:30,6.6794305,345.9637,11.966953,6.9111314
338,2025-07-14 02:00:00+05:30,6.519877,6.3401003,14.275713,13.861053
339,2025-07-14 03:00:00+05:30,7.02,360.0,15.427586,7.373672
340,2025-07-14 04:00:00+05:30,8.880405,17.700521,17.951334,26.82191
341,2025-07-14 05:00:00+05:30,6.050785,22.751022,12.136325,35.340195
342,2025-07-14 06:00:00+05:30,15.053425,333.7414,27.497614,340.49747
343,2025-07-14 07:00:00+05:30,14.637663,314.50186,25.992401,323.44745
344,2025-07-14 08:00:00+05:30,17.571909,313.33975,29.914679,320.37103
345,2025-07-14 09:00:00+05:30,19.421656,304.42654,32.353966,312.7454
346,2025-07-14 10:00:00+05:30,22.390293,294.7108,35.191723,300.76263
347,2025-07-14 11:00:00+05:30,19.533937,286.59818,32.4045,293.5747
348,2025-07-14 12:00:00+05:30,16.697365,281.18875,25.466661,286.0011
349,2025-07-14 13:00:00+05:30,18.845062,252.77647,26.950151,254.1071
350,2025-07-14 14:00:00+05:30,18.689688,241.21347,29.582493,240.47142
351,2025-07-14 15:00:00+05:30,14.386494,238.29861,23.747042,243.43501
352,2025-07-14 16:00:00+05:30,13.902015,221.3254,23.546999,225.30968
353,2025-07-14 17:00:00+05:30,10.548061,205.25313,19.139341,211.14851
354,2025-07-14 18:00:00+05:30,14.584443,192.8356,26.878527,196.73608
355,2025-07-14 19:00:00+05:30,12.168319,187.65056,23.181597,193.92836
356,2025-07-14 20:00:00+05:30,10.446206,178.02512,21.210234,186.82336
357,2025-07-14 21:00:00+05:30,10.805999,181.9091,21.219397,190.26132
358,2025-07-14 22:00:00+05:30,10.51576,186.88162,20.73753,193.55379
359,2025-07-14 23:00:00+05:30,10.08,180.0,19.73854,189.97765
360,2025-07-15 00:00:00+05:30,9.919618,168.4862,19.263363,181.0708
361,2025-07-15 01:00:00+05:30,12.251905,177.47394,23.141727,188.94937
362,2025-07-15 02:00:00+05:30,11.897714,190.45985,22.485596,199.16026
363,2025-07-15 03:00:00+05:30,9.243311,186.70975,19.656296,195.94547
364,2025-07-15 04:00:00+05:30,8.604301,195.78082,18.98552,201.70059
365,2025-07-15 05:00:00+05:30,8.482947,197.28159,17.22836,207.36813
366,2025-07-15 06:00:00+05:30,14.205182,188.74608,24.31666,194.13914
367,2025-07-15 07:00:00+05:30,14.138882,211.4641,23.86341,213.92984
368,2025-07-15 08:00:00+05:30,13.799087,210.57915,19.941854,210.96368
369,2025-07-15 09:00:00+05:30,12.74954,210.5475,17.660192,209.9621
370,2025-07-15 10:00:00+05:30,14.082628,215.11209,18.374111,214.62422
371,2025-07-15 11:00:00+05:30,15.885956,199.87227,20.83806,199.68721
372,2025-07-15 12:00:00+05:30,12.425216,218.53021,19.083395,215.78906
373,2025-07-15 13:00:00+05:30,11.534054,202.9638,16.712881,202.14523
374,2025-07-15 14:00:00+05:30,15.198012,198.64963,21.459291,198.58702
375,2025-07-15 15:00:00+05:30,16.733225,191.7934,24.464773,191.88863
376,2025-07-15 16:00:00+05:30,13.243156,211.09724,21.815674,206.98781
377,2025-07-15 17:00:00+05:30,13.18308,214.9921,22.714973,213.6901
378,2025-07-15 18:00:00+05:30,15.086748,162.64589,25.715443,170.73555
379,2025-07-15 19:00:00+05:30,9.016185,153.94656,18.620214,163.14153
380,2025-07-15 20:00:00+05:30,9.257321,153.43501,20.256996,165.59328
381,2025-07-15 21:00:00+05:30,11.966953,158.83867,23.760681,167.75368
382,2025-07-15 22:00:00+05:30,10.158444,150.25522,20.991426,157.8336
383,2025-07-15 23:00:00+05:30,11.605464,156.21796,22.35481,165.06853
384,2025-07-16 00:00:00+05:30,10.094454,158.00882,20.265795,167.692
385,2025-07-16 01:00:00+05:30,11.351422,152.62238,22.054958,164.3757
386,2025-07-16 02:00:00+05:30,11.755254,154.61214,23.181597,166.07164
387,2025-07-16 03:00:00+05:30,11.525623,165.52966,22.42427,174.47255
388,2025-07-16 04:00:00+05:30,11.213581,161.27412,22.19773,171.60716
389,2025-07-16 05:00:00+05:30,12.033103,158.03938,22.491356,167.52094
390,2025-07-16 06:00:00+05:30,11.843124,155.77226,20.73753,166.44621
391,2025-07-16 07:00:00+05:30,14.003029,162.03076,21.659918,164.57777
392,2025-07-16 08:00:00+05:30,13.581354,145.25676,21.017649,151.89874
393,2025-07-16 09:00:00+05:30,11.351422,152.62238,16.18199,154.2901
394,2025-07-16 10:00:00+05:30,12.172312,156.46764,16.431347,155.40022
395,2025-07-16 11:00:00+05:30,13.151091,177.64676,17.83454,177.68633
396,2025-07-16 12:00:00+05:30,14.205182,171.25392,19.738539,173.7176
397,2025-07-16 13:00:00+05:30,17.280937,179.4032,24.300665,179.5756
398,2025-07-16 14:00:00+05:30,15.697197,183.94511,22.392462,184.61057
399,2025-07-16 15:00:00+05:30,14.221139,180.7252,20.523155,181.00507
400,2025-07-16 16:00:00+05:30,13.709573,183.76396,20.41949,185.05716
401,2025-07-16 17:00:00+05:30,10.6261,178.05856,19.083395,181.0809
402,2025-07-16 18:00:00+05:30,9.568824,163.61038,19.239801,169.21574
403,2025-07-16 19:00:00+05:30,8.035746,164.40714,17.968472,169.0278
404,2025-07-16 20:00:00+05:30,8.37532,171.34753,18.431332,174.95764
405,2025-07-16 21:00:00+05:30,8.996398,160.11475,19.3104,168.16638
406,2025-07-16 22:00:00+05:30,9.580668,154.39786,20.155178,162.85957
407,2025-07-16 23:00:00+05:30,9.227524,159.44388,19.734436,165.20319
408,2025-07-17 00:00:00+05:30,8.39078,157.28555,18.992344,165.17348
409,2025-07-17 01:00:00+05:30,7.989243,165.65063,18.289274,169.79608
410,2025-07-17 02:00:00+05:30,8.287822,177.5105,18.930832,183.27042
411,2025-07-17 03:00:00+05:30,9.0018,191.53459,19.386591,195.06854
412,2025-07-17 04:00:00+05:30,6.6624317,178.45187,16.280798,185.7105
413,2025-07-17 05:00:00+05:30,6.384293,158.4985,14.669724,173.6599
414,2025-07-17 06:00:00+05:30,6.320538,160.0168,13.239487,172.9717
415,2025-07-17 07:00:00+05:30,6.1437774,174.95764,8.849339,175.33322
416,2025-07-17 08:00:00+05:30,6.849467,176.98727,9.36,180.0
417,2025-07-17 09:00:00+05:30,9.187056,182.2457,12.440851,183.31772
418,2025-07-17 10:00:00+05:30,10.004178,188.2758,13.466357,188.45494
419,2025-07-17 11:00:00+05:30,11.052058,196.07364,14.241629,196.14441
420,2025-07-17 12:00:00+05:30,11.103243,199.90384,14.288191,199.11981
421,2025-07-17 13:00:00+05:30,7.029225,193.32454,9.6932955,195.06854
422,2025-07-17 14:00:00+05:30,11.700001,194.25006,15.978486,194.34937
423,2025-07-17 15:00:00+05:30,13.202726,191.0035,18.921415,191.52368
424,2025-07-17 16:00:00+05:30,13.54911,199.3979,21.362444,200.72563
425,2025-07-17 17:00:00+05:30,11.113451,204.90474,19.500736,203.9625
426,2025-07-17 18:00:00+05:30,6.452441,157.01126,15.94804,163.61038
427,2025-07-17 19:00:00+05:30,8.217153,151.1893,18.455048,159.44388
428,2025-07-17 20:00:00+05:30,7.193247,148.29861,17.161469,155.85446
429,2025-07-17 21:00:00+05:30,6.489992,146.3099,16.021011,152.57135
430,2025-07-17 22:00:00+05:30,7.16617,154.72232,16.244936,158.5522
431,2025-07-17 23:00:00+05:30,8.225035,156.80139,17.47484,161.37833
432,2025-07-18 00:00:00+05:30,7.9138603,162.80138,16.985933,167.1419
433,2025-07-18 01:00:00+05:30,7.579261,175.91446,16.23596,176.186
434,2025-07-18 02:00:00+05:30,6.66,198.92474,15.5395355,198.22517
435,2025-07-18 03:00:00+05:30,4.724786,197.74477,13.049689,204.44394
436,2025-07-18 04:00:00+05:30,4.7657523,169.11452,11.659777,188.88058
437,2025-07-18 05:00:00+05:30,3.362677,164.47583,9.321845,190.00792
438,2025-07-18 06:00:00+05:30,4.913044,151.55717,12.304682,185.8773
439,2025-07-18 07:00:00+05:30,4.3832865,199.17911,6.6185193,202.38017
440,2025-07-18 08:00:00+05:30,8.951267,195.15411,11.897714,197.61267
441,2025-07-18 09:00:00+05:30,4.3536186,150.2552,6.050785,157.249
442,2025-07-18 10:00:00+05:30,4.8733153,184.23631,6.542201,187.90707
443,2025-07-18 11:00:00+05:30,6.310277,183.27042,8.131936,185.07951
444,2025-07-18 12:00:00+05:30,7.406295,205.94225,9.016185,206.05344
445,2025-07-18 13:00:00+05:30,12.992459,227.24576,16.928614,225.43074
446,2025-07-18 14:00:00+05:30,9.016185,206.05344,11.91812,205.01686
447,2025-07-18 15:00:00+05:30,9.867218,194.79681,14.019216,195.6423
448,2025-07-18 16:00:00+05:30,9.1958685,220.23628,13.15971,220.0062
449,2025-07-18 17:00:00+05:30,9.361731,217.97166,16.616642,219.72606
450,2025-07-18 18:00:00+05:30,7.889259,207.1496,18.218275,209.60435
451,2025-07-18 19:00:00+05:30,7.8149853,208.92633,18.645428,210.77397
452,2025-07-18 20:00:00+05:30,9.096681,207.07199,20.228188,209.30211
453,2025-07-18 21:00:00+05:30,6.889557,199.8553,17.399586,204.44394
454,2025-07-18 22:00:00+05:30,5.7852573,185.35573,15.602999,196.76263
455,2025-07-18 23:00:00+05:30,5.9644947,174.80566,15.095336,188.22664
456,2025-07-19 00:00:00+05:30,7.7420926,178.66782,17.437717,187.7118
457,2025-07-19 01:00:00+05:30,8.707238,187.12492,18.958197,192.05675
458,2025-07-19 02:00:00+05:30,7.5170207,196.69933,17.682194,202.12639
459,2025-07-19 03:00:00+05:30,6.037383,206.56499,16.1198,209.42737
460,2025-07-19 04:00:00+05:30,6.2483597,191.6336,16.077536,201.68236
461,2025-07-19 05:00:00+05:30,6.77575,196.9909,15.455911,206.26657
462,2025-07-19 06:00:00+05:30,7.2044983,192.99461,16.507088,205.16783
463,2025-07-19 07:00:00+05:30,9.102021,204.5377,12.879752,206.56499
464,2025-07-19 08:00:00+05:30,10.717182,209.14798,14.539945,211.32863
465,2025-07-19 09:00:00+05:30,10.062305,206.56499,13.447095,207.93706
466,2025-07-19 10:00:00+05:30,9.734987,199.44012,12.241323,199.76726
467,2025-07-19 11:00:00+05:30,10.8792095,196.33612,13.723745,196.7713
468,2025-07-19 12:00:00+05:30,11.844492,196.78273,15.108211,195.1953
469,2025-07-19 13:00:00+05:30,12.242646,228.57643,16.548256,225.8813
470,2025-07-19 14:00:00+05:30,11.903159,200.35332,16.284779,203.44807
471,2025-07-19 15:00:00+05:30,13.979871,191.88864,19.387428,192.875
472,2025-07-19 16:00:00+05:30,14.01806,204.26129,21.913475,204.24919
473,2025-07-19 17:00:00+05:30,13.203954,207.61295,22.640678,209.01027
474,2025-07-19 18:00:00+05:30,6.5024605,184.76355,16.029097,192.31943
475,2025-07-19 19:00:00+05:30,7.6367526,188.13002,17.604147,196.02594
476,2025-07-19 20:00:00+05:30,5.896202,192.33908,16.22498,199.44012
477,2025-07-19 21:00:00+05:30,5.9644947,185.19434,16.167967,191.5601
478,2025-07-19 22:00:00+05:30,8.825508,191.76826,20.212965,193.91252
479,2025-07-19 23:00:00+05:30,11.252519,187.35228,22.76911,191.39873
480,2025-07-20 00:00:00+05:30,10.316686,186.00891,21.2522,190.73885
481,2025-07-20 01:00:00+05:30,8.459999,180.0,18.687086,187.19337
482,2025-07-20 02:00:00+05:30,8.467655,182.4366,18.435726,189.55421
483,2025-07-20 03:00:00+05:30,7.6367526,171.86998,17.654688,182.33725
484,2025-07-20 04:00:00+05:30,6.489992,176.82024,15.890034,184.54796
485,2025-07-20 05:00:00+05:30,6.849467,176.98727,15.206537,186.1154
486,2025-07-20 06:00:00+05:30,7.9220443,158.68202,17.684942,175.91446
487,2025-07-20 07:00:00+05:30,7.562142,178.63611,10.805999,181.9091
488,2025-07-20 08:00:00+05:30,6.452441,202.98874,8.626865,203.35558
489,2025-07-20 09:00:00+05:30,5.2416787,195.94547,6.889557,199.8553
490,2025-07-20 10:00:00+05:30,6.122647,178.31535,7.7420926,181.33218
491,2025-07-20 11:00:00+05:30,4.9785542,192.5288,6.0721655,191.9761
492,2025-07-20 12:00:00+05:30,5.232399,183.94511,6.5024605,184.76355
493,2025-07-20 13:00:00+05:30,4.2366967,167.73524,5.195113,165.96373
494,2025-07-20 14:00:00+05:30,2.6208394,164.05453,3.2846913,170.53775
495,2025-07-20 15:00:00+05:30,12.872201,159.53764,17.020235,162.13982
496,2025-07-20 16:00:00+05:30,7.256032,172.87508,10.805999,178.0909
497,2025-07-20 17:00:00+05:30,3.9763298,185.19434,7.5685663,177.27374
498,2025-07-20 18:00:00+05:30,4.5891175,191.30989,12.221456,189.32352
499,2025-07-20 19:00:00+05:30,6.0908127,161.0295,15.017871,166.1303
500,2025-07-20 20:00:00+05:30,4.39436,145.0079,12.800266,154.15567
501,2025-07-20 21:00:00+05:30,5.0528407,175.91446,14.260953,175.65685
502,2025-07-20 22:00:00+05:30,4.73506,171.25392,13.679999,180.0
503,2025-07-20 23:00:00+05:30,4.8633323,182.12105,13.976394,187.3995
504,2025-07-21 00:00:00+05:30,4.952453,199.09358,14.178928,200.04533
505,2025-07-21 01:00:00+05:30,3.319036,192.5288,10.474082,199.0578
506,2025-07-21 02:00:00+05:30,3.572898,139.08571,9.0645685,173.15732
507,2025-07-21 03:00:00+05:30,3.396233,147.99466,9.087772,172.03047
508,2025-07-21 04:00:00+05:30,2.0523157,142.12495,7.415038,174.4279
509,2025-07-21 05:00:00+05:30,1.4512063,119.74479,5.5829024,181.84756
510,2025-07-21 06:00:00+05:30,9.449572,49.635548,15.401311,44.52655
511,2025-07-21 07:00:00+05:30,6.59154,55.0079,10.304114,62.98742
512,2025-07-21 08:00:00+05:30,5.9617786,61.113514,7.973005,61.69934
513,2025-07-21 09:00:00+05:30,3.096837,54.46224,3.745557,54.782326
514,2025-07-21 10:00:00+05:30,2.19718,124.992096,2.5582807,129.28938
515,2025-07-21 11:00:00+05:30,1.8532133,119.05451,2.3400002,112.61991
516,2025-07-21 12:00:00+05:30,2.5959969,213.6901,2.9522195,217.56866
517,2025-07-21 13:00:00+05:30,3.7799997,180.0,4.8466477,195.06854
518,2025-07-21 14:00:00+05:30,11.841756,109.53674,15.10821,111.67471
519,2025-07-21 15:00:00+05:30,7.120815,159.27437,10.310403,163.77974
520,2025-07-21 16:00:00+05:30,2.1068459,199.9832,3.2846913,189.46225
521,2025-07-21 17:00:00+05:30,7.0843205,207.21602,11.028581,206.14677
522,2025-07-21 18:00:00+05:30,5.6835546,169.04597,14.311981,173.50075
523,2025-07-21 19:00:00+05:30,4.8733153,184.23631,14.404499,178.56793
524,2025-07-21 20:00:00+05:30,4.6938252,175.60138,13.679999,180.0
525,2025-07-21 21:00:00+05:30,5.8603754,190.6196,15.827721,197.19862
526,2025-07-21 22:00:00+05:30,5.4833565,203.19862,15.376045,207.1649
527,2025-07-21 23:00:00+05:30,5.2478566,202.1664,14.813683,207.49905
528,2025-07-22 00:00:00+05:30,4.599695,210.57915,13.681184,212.64462
529,2025-07-22 01:00:00+05:30,3.381893,205.2011,10.883676,214.21576
530,2025-07-22 02:00:00+05:30,2.1674871,221.63345,8.783189,224.16977
531,2025-07-22 03:00:00+05:30,3.1072817,280.0079,9.224011,252.97939
532,2025-07-22 04:00:00+05:30,2.3051248,321.34018,7.415038,275.5721
533,2025-07-22 05:00:00+05:30,1.4512063,7.12493,4.6277857,283.49576
534,2025-07-22 06:00:00+05:30,1.484318,165.96373,3.7585104,196.69933
535,2025-07-22 07:00:00+05:30,1.0948973,170.53775,2.226477,194.03627
536,2025-07-22 08:00:00+05:30,1.659518,192.5288,2.4482646,197.10281
537,2025-07-22 09:00:00+05:30,2.4482646,197.10281,3.189608,196.38962
538,2025-07-22 10:00:00+05:30,2.0523157,164.74483,2.6208394,164.05453
539,2025-07-22 11:00:00+05:30,2.6999998,180.0,3.6,180.0
540,2025-07-22 12:00:00+05:30,3.6179552,185.7105,4.3349743,184.76355
541,2025-07-22 13:00:00+05:30,4.1556225,175.03035,5.2478566,174.09395
542,2025-07-22 14:00:00+05:30,8.049845,190.3048,11.897714,190.45985
543,2025-07-22 15:00:00+05:30,7.3447943,197.10281,10.018743,197.78398
544,2025-07-22 16:00:00+05:30,10.285232,212.85571,14.88242,212.15227
545,2025-07-22 17:00:00+05:30,6.361415,205.1148,11.032987,208.23735
546,2025-07-22 18:00:00+05:30,5.2323985,206.56499,13.443481,206.22191
547,2025-07-22 19:00:00+05:30,5.1919937,213.6901,14.693999,210.96368
548,2025-07-22 20:00:00+05:30,4.599695,210.57915,13.281023,212.82854
549,2025-07-22 21:00:00+05:30,3.7842832,182.72626,10.703569,199.65392
550,2025-07-22 22:00:00+05:30,3.9763298,174.80566,10.98,190.38881
551,2025-07-22 23:00:00+05:30,4.913044,188.42688,13.577776,194.58896
552,2025-07-23 00:00:00+05:30,4.6277857,193.49574,13.719023,199.14822
553,2025-07-23 01:00:00+05:30,4.2366967,192.26476,12.43434,202.1095
554,2025-07-23 02:00:00+05:30,3.362677,195.52417,10.546525,207.43964
555,2025-07-23 03:00:00+05:30,2.3469129,147.52882,7.486788,189.68872
556,2025-07-23 04:00:00+05:30,0.9,143.13002,5.2323985,206.56499
557,2025-07-23 05:00:00+05:30,0.25455844,44.999897,3.6447225,237.09476
558,2025-07-23 06:00:00+05:30,0.742159,345.9637,1.8792552,253.30067
559,2025-07-23 07:00:00+05:30,0.40249225,63.435013,0.17999999,90.0
560,2025-07-23 08:00:00+05:30,0.56920993,341.56494,0.8049845,333.43503
561,2025-07-23 09:00:00+05:30,4.952453,70.90642,6.2613096,71.564964
562,2025-07-23 10:00:00+05:30,8.155807,67.963715,10.662626,68.19853
563,2025-07-23 11:00:00+05:30,6.7397914,55.885483,8.891343,58.240574
564,2025-07-23 12:00:00+05:30,5.4656014,72.75845,7.0591216,70.640915
565,2025-07-23 13:00:00+05:30,6.6624317,88.45188,8.461914,88.78116
566,2025-07-23 14:00:00+05:30,5.5450516,103.13403,7.1661706,101.59215
567,2025-07-23 15:00:00+05:30,4.2481523,126.384445,5.6521144,127.23492
568,2025-07-23 16:00:00+05:30,12.703715,200.74615,17.932371,199.34442
569,2025-07-23 17:00:00+05:30,10.837435,221.63345,18.508516,220.66164
570,2025-07-23 18:00:00+05:30,7.282774,219.98683,16.056362,217.25537
571,2025-07-23 19:00:00+05:30,5.3999996,216.86998,15.12964,214.82455
572,2025-07-23 20:00:00+05:30,6.2405767,213.23172,16.237955,215.98077
573,2025-07-23 21:00:00+05:30,6.299999,233.13002,16.563911,227.6426
574,2025-07-23 22:00:00+05:30,4.39436,235.0079,12.85205,232.96953
575,2025-07-23 23:00:00+05:30,3.7971036,264.55975,11.225132,254.18074
576,2025-07-24 00:00:00+05:30,1.7076298,288.43503,7.3997297,274.18484
577,2025-07-24 01:00:00+05:30,2.7475805,301.60745,8.133928,294.86368
578,2025-07-24 02:00:00+05:30,2.4149535,296.56497,7.7420926,305.53775
579,2025-07-24 03:00:00+05:30,2.4149535,296.56497,7.256032,313.995
580,2025-07-24 04:00:00+05:30,2.5455842,351.87,7.102591,351.2539
581,2025-07-24 05:00:00+05:30,2.995797,327.26477,7.247096,345.61856
582,2025-07-24 06:00:00+05:30,5.00128,329.74365,10.081606,358.977
583,2025-07-24 07:00:00+05:30,2.8856194,356.42374,6.66,360.0
584,2025-07-24 08:00:00+05:30,3.5864744,72.47434,4.846648,68.19853
585,2025-07-24 09:00:00+05:30,6.804381,37.476254,9.0,36.86999
586,2025-07-24 10:00:00+05:30,8.55142,30.343174,11.594292,27.758451
587,2025-07-24 11:00:00+05:30,9.585739,55.713078,12.785069,54.743572
588,2025-07-24 12:00:00+05:30,9.449572,49.635548,12.514855,49.66694
589,2025-07-24 13:00:00+05:30,9.67657,43.492626,12.606426,43.26433
590,2025-07-24 14:00:00+05:30,8.777654,61.858498,11.679212,61.460106
591,2025-07-24 15:00:00+05:30,9.187056,92.2457,12.425216,91.66025
592,2025-07-24 16:00:00+05:30,7.6367526,135.0001,10.564941,134.30981
593,2025-07-24 17:00:00+05:30,8.163749,165.96373,13.896187,163.44286
594,2025-07-24 18:00:00+05:30,2.9024127,119.74479,8.163749,104.03627
595,2025-07-24 19:00:00+05:30,2.34,90.0,6.122647,88.31535
596,2025-07-24 20:00:00+05:30,1.609969,26.564985,4.6452556,35.537766
597,2025-07-24 21:00:00+05:30,8.805294,310.8553,15.546833,317.8156
598,2025-07-24 22:00:00+05:30,8.891344,291.3707,16.208998,299.98157
599,2025-07-24 23:00:00+05:30,8.161764,318.57642,17.430283,324.66858
600,2025-07-25 00:00:00+05:30,7.8583965,339.90466,15.329618,344.3318
601,2025-07-25 01:00:00+05:30,9.292255,21.59538,16.965895,17.281584
602,2025-07-25 02:00:00+05:30,7.3094187,37.99879,15.742541,38.96675
603,2025-07-25 03:00:00+05:30,8.311245,17.650223,16.38,22.61991
604,2025-07-25 04:00:00+05:30,5.5216303,19.025702,11.734564,20.65899
605,2025-07-25 05:00:00+05:30,9.3962755,20.17074,16.311613,22.036283
606,2025-07-25 06:00:00+05:30,12.904882,30.1413,21.176598,27.87186
607,2025-07-25 07:00:00+05:30,7.7650757,45.939102,13.755579,42.878906
608,2025-07-25 08:00:00+05:30,9.9408245,58.324585,16.299694,59.470375
609,2025-07-25 09:00:00+05:30,7.570707,61.60708,12.156331,62.676193
610,2025-07-25 10:00:00+05:30,10.472536,65.63756,14.420235,65.67444
611,2025-07-25 11:00:00+05:30,6.603817,72.55273,8.538149,71.564964
612,2025-07-25 12:00:00+05:30,6.050785,149.62096,7.329338,155.32315
613,2025-07-25 13:00:00+05:30,6.638072,192.5288,10.08,180.0
614,2025-07-25 14:00:00+05:30,7.102591,188.74608,9.67657,189.63747
615,2025-07-25 15:00:00+05:30,16.546299,202.38019,25.920624,206.38705
616,2025-07-25 16:00:00+05:30,16.179985,200.85454,25.408068,202.93213
617,2025-07-25 17:00:00+05:30,21.145977,191.78816,35.1,194.25006
618,2025-07-25 18:00:00+05:30,19.48079,176.29164,33.844307,180.9142
619,2025-07-25 19:00:00+05:30,22.355536,176.76906,38.000893,181.90007
620,2025-07-25 20:00:00+05:30,22.491358,169.85927,37.668198,173.69014
621,2025-07-25 21:00:00+05:30,23.97246,169.61826,39.388752,175.01901
622,2025-07-25 22:00:00+05:30,18.254698,167.4712,32.006615,174.51393
623,2025-07-25 23:00:00+05:30,17.932371,162.47435,30.926489,167.90526
624,2025-07-26 00:00:00+05:30,18.076338,164.99503,31.065517,168.29945
625,2025-07-26 01:00:00+05:30,16.794104,162.53598,28.859003,166.65715
626,2025-07-26 02:00:00+05:30,16.759342,155.91255,29.096039,160.10765
627,2025-07-26 03:00:00+05:30,14.650938,137.4896,25.52829,144.18045
628,2025-07-26 04:00:00+05:30,12.0921955,134.39699,21.708477,142.74995
629,2025-07-26 05:00:00+05:30,13.288341,114.82932,23.584808,121.26367
630,2025-07-26 06:00:00+05:30,13.262714,161.81087,20.91256,166.5618
631,2025-07-26 07:00:00+05:30,10.472535,151.23245,15.553083,156.10483
632,2025-07-26 08:00:00+05:30,15.073858,168.28755,21.007626,167.63095
633,2025-07-26 09:00:00+05:30,16.144905,157.72406,21.659916,158.5522
634,2025-07-26 10:00:00+05:30,17.823635,178.8427,26.822414,180.76901
635,2025-07-26 11:00:00+05:30,11.91812,154.98314,18.855375,159.31584
636,2025-07-26 12:00:00+05:30,14.292725,163.16245,19.93048,163.20155
637,2025-07-26 13:00:00+05:30,15.12107,179.31796,20.700783,179.5018
638,2025-07-26 14:00:00+05:30,13.41453,168.38855,18.11215,169.6952
639,2025-07-26 15:00:00+05:30,14.357185,172.07317,19.091883,171.86998
640,2025-07-26 16:00:00+05:30,16.201,180.63658,23.59099,181.7489
641,2025-07-26 17:00:00+05:30,14.634343,175.06087,24.306,178.727
642,2025-07-26 18:00:00+05:30,9.2660675,150.9455,18.044046,161.38422
643,2025-07-26 19:00:00+05:30,8.738811,147.61934,18.687086,159.12091
644,2025-07-26 20:00:00+05:30,8.534353,152.35411,18.992344,165.17348
645,2025-07-26 21:00:00+05:30,8.951267,164.84589,19.30117,176.25708
646,2025-07-26 22:00:00+05:30,11.177405,194.93147,21.659918,195.42223
647,2025-07-26 23:00:00+05:30,5.0528407,175.91446,13.690654,182.26045
648,2025-07-27 00:00:00+05:30,7.5213294,158.96242,16.63126,170.028
649,2025-07-27 01:00:00+05:30,9.5196,164.64981,19.523155,174.71
650,2025-07-27 02:00:00+05:30,10.299397,174.98697,19.84005,183.64111
651,2025-07-27 03:00:00+05:30,8.951267,164.84589,18.359999,180.0
652,2025-07-27 04:00:00+05:30,6.924738,171.02745,16.09969,190.3048
653,2025-07-27 05:00:00+05:30,7.5685663,182.72626,16.794104,197.46402
654,2025-07-27 06:00:00+05:30,10.626099,218.81139,21.573734,220.60121
655,2025-07-27 07:00:00+05:30,11.837651,225.61598,17.81909,224.9999
656,2025-07-27 08:00:00+05:30,13.15971,220.0062,18.372349,221.0274
657,2025-07-27 09:00:00+05:30,11.616626,220.60121,15.426535,221.68896
658,2025-07-27 10:00:00+05:30,10.233123,219.28938,13.022349,220.5153
659,2025-07-27 11:00:00+05:30,9.92778,224.9999,12.475961,226.16905
660,2025-07-27 12:00:00+05:30,9.82114,221.2846,12.483748,222.66266
661,2025-07-27 13:00:00+05:30,11.672275,206.56499,15.141414,208.39293
662,2025-07-27 14:00:00+05:30,15.463246,204.77512,21.295605,202.88068
663,2025-07-27 15:00:00+05:30,13.854155,204.56715,20.61766,204.77512
664,2025-07-27 16:00:00+05:30,10.571074,227.07004,16.802786,224.13205
665,2025-07-27 17:00:00+05:30,12.43434,202.1095,22.242203,203.86833
666,2025-07-27 18:00:00+05:30,3.4576871,231.34016,10.564941,224.3098
667,2025-07-27 19:00:00+05:30,5.815978,201.80147,15.561414,209.827
668,2025-07-27 20:00:00+05:30,7.9220443,201.31798,18.847641,208.52303
669,2025-07-27 21:00:00+05:30,9.459852,201.19412,20.929594,206.56499
670,2025-07-27 22:00:00+05:30,7.293888,195.75124,18.27953,205.05095
671,2025-07-27 23:00:00+05:30,7.44121,212.15227,18.52951,219.87679
672,2025-07-28 00:00:00+05:30,9.187056,235.37578,19.941854,239.03632
673,2025-07-28 01:00:00+05:30,8.39078,234.60512,19.023878,237.3625
674,2025-07-28 02:00:00+05:30,6.854195,240.06857,16.666288,242.328
675,2025-07-28 03:00:00+05:30,6.090812,235.84026,15.990646,238.81508
676,2025-07-28 04:00:00+05:30,6.4924874,226.12321,16.560978,232.50728
677,2025-07-28 05:00:00+05:30,7.029225,230.19447,16.992609,233.61555
678,2025-07-28 06:00:00+05:30,10.182337,224.9999,18.713942,226.16905
679,2025-07-28 07:00:00+05:30,11.276968,241.38963,18.434847,243.9354
680,2025-07-28 08:00:00+05:30,7.1389914,236.3099,10.383987,236.3099
681,2025-07-28 09:00:00+05:30,8.669949,221.63345,11.964246,224.9999
682,2025-07-28 10:00:00+05:30,8.37532,208.21725,11.391313,211.4295
683,2025-07-28 11:00:00+05:30,7.889259,242.8504,10.304114,242.98741
684,2025-07-28 12:00:00+05:30,8.482947,252.71841,10.814989,251.56496
685,2025-07-28 13:00:00+05:30,9.781473,282.75754,12.849528,281.3099
686,2025-07-28 14:00:00+05:30,11.282711,236.05637,16.375053,236.65927
687,2025-07-28 15:00:00+05:30,6.6087217,209.35765,9.437563,214.90257
688,2025-07-28 16:00:00+05:30,7.7734165,185.31445,10.98,190.38881
689,2025-07-28 17:00:00+05:30,7.968939,198.43504,12.904882,202.98874
690,2025-07-28 18:00:00+05:30,4.5572357,189.0902,9.54,211.89075
691,2025-07-28 19:00:00+05:30,5.8048253,187.12492,12.134992,200.85454
692,2025-07-28 20:00:00+05:30,5.5829024,181.84756,13.202726,191.0035
693,2025-07-28 21:00:00+05:30,5.8298883,188.88058,13.883356,193.49574
694,2025-07-28 22:00:00+05:30,6.037383,206.56499,14.092978,208.20154
695,2025-07-28 23:00:00+05:30,4.1556225,197.6502,11.351422,207.37762
696,2025-07-29 00:00:00+05:30,4.8366103,224.9999,12.346741,224.40942
697,2025-07-29 01:00:00+05:30,4.510787,241.38963,11.634741,235.08052
698,2025-07-29 02:00:00+05:30,5.6492476,247.52052,13.841286,249.44386
699,2025-07-29 03:00:00+05:30,5.8603754,227.4896,12.996201,233.44743
700,2025-07-29 04:00:00+05:30,6.8777895,227.12111,13.633737,227.67548
701,2025-07-29 05:00:00+05:30,3.2048087,218.15727,7.5363917,229.84407
702,2025-07-29 06:00:00+05:30,7.995323,211.18492,15.833861,220.38927
703,2025-07-29 07:00:00+05:30,2.6208394,195.94547,8.942214,229.89915
704,2025-07-29 08:00:00+05:30,5.1575575,240.75127,9.292255,238.46526
705,2025-07-29 09:00:00+05:30,4.2366967,192.26476,6.384293,201.5015
706,2025-07-29 10:00:00+05:30,5.426933,174.2895,7.3997297,175.81517
707,2025-07-29 11:00:00+05:30,6.015878,141.07245,7.9932966,144.16226
708,2025-07-29 12:00:00+05:30,7.8625183,164.05453,10.435344,165.00487
709,2025-07-29 13:00:00+05:30,9.605998,167.00539,12.886039,167.90526
710,2025-07-29 14:00:00+05:30,11.334284,169.93938,16.902758,172.04257
711,2025-07-29 15:00:00+05:30,11.811622,187.88304,17.34083,189.56003
712,2025-07-29 16:00:00+05:30,13.138765,189.46225,19.239801,190.78426
713,2025-07-29 17:00:00+05:30,10.739833,193.57045,18.345877,195.94547
714,2025-07-29 18:00:00+05:30,9.208192,175.51547,18.921415,182.72626
715,2025-07-29 19:00:00+05:30,8.149847,186.3401,18.33616,193.62701
716,2025-07-29 20:00:00+05:30,6.320538,160.0168,15.890034,175.45204
717,2025-07-29 21:00:00+05:30,7.2044983,167.00539,16.404707,183.1449
718,2025-07-29 22:00:00+05:30,7.7400002,180.0,15.542662,193.39252
719,2025-07-29 23:00:00+05:30,8.78872,124.992096,14.654254,152.176
720,2025-07-30 00:00:00+05:30,10.296251,126.46933,18.102308,138.22461
721,2025-07-30 01:00:00+05:30,7.1684303,141.1155,14.206323,157.6593
722,2025-07-30 02:00:00+05:30,8.783189,135.83023,16.521803,150.64235
723,2025-07-30 03:00:00+05:30,9.686609,131.98714,16.740969,143.74608
724,2025-07-30 04:00:00+05:30,8.65873,133.31535,15.095336,149.15349
725,2025-07-30 05:00:00+05:30,9.7565975,150.1241,17.193533,160.42679
726,2025-07-30 06:00:00+05:30,7.0223074,181.46877,13.627795,192.20045
727,2025-07-30 07:00:00+05:30,7.293888,195.75124,13.272482,200.64706
728,2025-07-30 08:00:00+05:30,8.538149,198.43504,13.040997,200.18588
729,2025-07-30 09:00:00+05:30,10.8029995,169.43904,14.087228,169.6952
730,2025-07-30 10:00:00+05:30,12.410866,160.51378,17.254667,159.86362
731,2025-07-30 11:00:00+05:30,9.627896,159.19313,12.810386,160.29193
732,2025-07-30 12:00:00+05:30,13.466357,188.45494,17.640919,188.21269
733,2025-07-30 13:00:00+05:30,15.017871,193.8697,20.57125,195.73886
734,2025-07-30 14:00:00+05:30,12.241323,179.1575,17.280937,180.5968
735,2025-07-30 15:00:00+05:30,14.545515,192.14426,22.180935,195.05127
736,2025-07-30 16:00:00+05:30,14.311981,186.49925,22.460365,189.68872
737,2025-07-30 17:00:00+05:30,15.111424,192.38075,25.058819,194.1361
738,2025-07-30 18:00:00+05:30,9.396275,216.43095,17.935081,218.48022
739,2025-07-30 19:00:00+05:30,7.1684303,231.1155,15.833861,229.61072
740,2025-07-30 20:00:00+05:30,4.3349743,221.63345,13.239486,223.89838
741,2025-07-30 21:00:00+05:30,6.9153743,231.34016,16.595179,229.39879
742,2025-07-30 22:00:00+05:30,9.085988,213.6901,18.865683,217.63531
743,2025-07-30 23:00:00+05:30,8.53815,214.69522,18.188019,218.57127
744,2025-07-31 00:00:00+05:30,10.883676,214.21576,20.665535,217.56866
745,2025-07-31 01:00:00+05:30,10.546525,242.56035,19.689238,247.42038
746,2025-07-31 02:00:00+05:30,12.538134,230.82635,21.573734,234.85124
747,2025-07-31 03:00:00+05:30,10.805998,240.01845,19.803272,242.96922
748,2025-07-31 04:00:00+05:30,5.6521144,217.23491,12.652604,230.19447
749,2025-07-31 05:00:00+05:30,6.28713,203.6294,14.544401,216.44453
750,2025-07-31 06:00:00+05:30,6.87779,263.9911,12.47726,243.43501
751,2025-07-31 07:00:00+05:30,10.348043,220.06071,17.23964,220.34167
752,2025-07-31 08:00:00+05:30,13.60519,205.88698,20.12461,206.56499
753,2025-07-31 09:00:00+05:30,12.43434,202.1095,17.25373,203.35558
754,2025-07-31 10:00:00+05:30,12.483748,222.66266,16.966848,221.12865
755,2025-07-31 11:00:00+05:30,9.313152,228.91835,12.514855,229.66693
756,2025-07-31 12:00:00+05:30,9.9408245,222.06425,12.86087,223.29869
757,2025-07-31 13:00:00+05:30,9.9,233.13002,12.599998,233.13002
758,2025-07-31 14:00:00+05:30,8.891343,238.24055,11.638917,238.27644
759,2025-07-31 15:00:00+05:30,10.094454,211.13892,13.6289835,213.6901
760,2025-07-31 16:00:00+05:30,9.109138,240.39565,13.337016,238.24055
761,2025-07-31 17:00:00+05:30,11.203464,203.6821,21.768095,209.7448
762,2025-07-31 18:00:00+05:30,5.3517847,227.72638,13.783817,229.23648
763,2025-07-31 19:00:00+05:30,5.1575575,209.24873,13.985663,211.84901
764,2025-07-31 20:00:00+05:30,7.2202215,175.71092,16.778666,189.26015
765,2025-07-31 21:00:00+05:30,8.019601,189.0394,18.22361,196.64513
766,2025-07-31 22:00:00+05:30,8.490582,201.12479,18.998316,207.05052
767,2025-07-31 23:00:00+05:30,6.452441,202.98874,16.701244,210.43416
768,2025-08-01 00:00:00+05:30,7.841887,211.86594,18.504139,217.09291
769,2025-08-01 01:00:00+05:30,6.9247384,207.89717,17.373497,214.0194
770,2025-08-01 02:00:00+05:30,4.2481523,216.38445,13.577776,218.54121
771,2025-08-01 03:00:00+05:30,6.3690495,227.29063,16.16496,224.54892
772,2025-08-01 04:00:00+05:30,6.6697226,273.094,15.477906,261.30457
773,2025-08-01 05:00:00+05:30,7.3997297,221.05472,15.233148,234.61964
774,2025-08-01 06:00:00+05:30,7.970972,205.40767,17.81909,224.9999
775,2025-08-01 07:00:00+05:30,11.226575,228.90059,16.985933,229.72806
776,2025-08-01 08:00:00+05:30,10.873251,250.6651,15.086748,250.48404
777,2025-08-01 09:00:00+05:30,10.261579,248.38516,13.504799,248.9076
778,2025-08-01 10:00:00+05:30,9.906544,267.91748,12.800265,266.77554
779,2025-08-01 11:00:00+05:30,6.5693827,260.53775,8.227004,259.91946
780,2025-08-01 12:00:00+05:30,5.5916004,273.6913,7.029225,272.9356
781,2025-08-01 13:00:00+05:30,7.0774574,262.69434,8.865799,264.17374
782,2025-08-01 14:00:00+05:30,4.846648,248.19853,7.731622,257.90524
783,2025-08-01 15:00:00+05:30,3.6,143.13002,5.4149795,164.57777
784,2025-08-01 16:00:00+05:30,10.3480425,193.06932,15.367616,193.54796
785,2025-08-01 17:00:00+05:30,7.9465466,193.0919,13.948548,199.60417
786,2025-08-01 18:00:00+05:30,3.1845248,222.70937,9.292254,225.78473
787,2025-08-01 19:00:00+05:30,5.3426957,212.61923,13.902015,221.3254
788,2025-08-01 20:00:00+05:30,4.669604,207.55272,13.356437,217.33327
789,2025-08-01 21:00:00+05:30,4.2021427,223.26433,11.583108,224.37048
790,2025-08-01 22:00:00+05:30,1.835647,191.30989,7.4128532,209.0545
791,2025-08-01 23:00:00+05:30,4.4565907,226.63654,10.233123,219.28938
792,2025-08-02 00:00:00+05:30,3.01735,107.35411,6.924738,188.97255
793,2025-08-02 01:00:00+05:30,5.068846,196.50444,13.527572,205.2011
794,2025-08-02 02:00:00+05:30,9.165871,199.50253,18.845062,204.85156
795,2025-08-02 03:00:00+05:30,8.958504,202.4428,18.06199,209.88644
796,2025-08-02 04:00:00+05:30,8.155807,202.03629,17.47484,204.98122
797,2025-08-02 05:00:00+05:30,7.587806,202.30626,16.348322,208.25793
798,2025-08-02 06:00:00+05:30,8.766573,199.17911,16.595179,204.34108
799,2025-08-02 07:00:00+05:30,9.021574,208.61037,16.237955,211.3994
800,2025-08-02 08:00:00+05:30,8.197414,188.84174,14.068816,196.34825
801,2025-08-02 09:00:00+05:30,11.440978,192.72435,16.50218,193.88469
802,2025-08-02 10:00:00+05:30,8.649369,192.01146,11.792404,192.33908
803,2025-08-02 11:00:00+05:30,8.311245,197.6502,10.587917,197.81898
804,2025-08-02 12:00:00+05:30,9.505977,198.77812,12.181625,198.9705
805,2025-08-02 13:00:00+05:30,11.39842,195.5726,16.071491,195.59286
806,2025-08-02 14:00:00+05:30,9.266067,187.8152,12.7546215,188.93051
807,2025-08-02 15:00:00+05:30,14.685176,191.30989,21.359411,192.16219
808,2025-08-02 16:00:00+05:30,13.026081,191.15462,21.262869,193.21275
809,2025-08-02 17:00:00+05:30,11.351422,194.69736,21.17354,194.27255
810,2025-08-02 18:00:00+05:30,8.669949,184.76355,19.361507,185.8695
811,2025-08-02 19:00:00+05:30,10.105681,175.91446,21.240763,180.48553
812,2025-08-02 20:00:00+05:30,11.375658,175.46231,22.50072,179.54166
813,2025-08-02 21:00:00+05:30,13.737904,185.2623,25.153671,189.05782
814,2025-08-02 22:00:00+05:30,12.413476,196.85847,23.06881,196.31392
815,2025-08-02 23:00:00+05:30,11.7662735,209.3099,22.081385,209.28133
816,2025-08-03 00:00:00+05:30,11.364259,209.40709,22.151705,208.64752
817,2025-08-03 01:00:00+05:30,8.748075,216.6342,18.329973,215.40695
818,2025-08-03 02:00:00+05:30,7.613382,186.78888,17.533146,199.17911
819,2025-08-03 03:00:00+05:30,5.8631387,197.87878,15.463246,204.77512
820,2025-08-03 04:00:00+05:30,7.79215,173.36758,17.731598,185.82625
821,2025-08-03 05:00:00+05:30,9.087772,172.03047,18.969301,184.899
822,2025-08-03 06:00:00+05:30,11.090103,166.86597,22.42427,174.47255
823,2025-08-03 07:00:00+05:30,13.864674,181.48784,20.368652,183.03934
824,2025-08-03 08:00:00+05:30,14.345898,197.52567,19.468311,197.76494
825,2025-08-03 09:00:00+05:30,15.85329,192.45824,21.183483,192.26476
826,2025-08-03 10:00:00+05:30,19.45416,202.29367,25.976189,200.69553
827,2025-08-03 11:00:00+05:30,13.708391,203.19861,18.88628,202.40988
828,2025-08-03 12:00:00+05:30,16.666288,207.67198,24.230566,206.94566
829,2025-08-03 13:00:00+05:30,18.847641,208.52303,25.360205,207.47435
830,2025-08-03 14:00:00+05:30,12.703715,200.74615,17.917007,202.4428
831,2025-08-03 15:00:00+05:30,18.396141,196.48453,26.696495,198.06854
832,2025-08-03 16:00:00+05:30,18.919704,201.19412,27.709478,201.73236
833,2025-08-03 17:00:00+05:30,15.542662,193.39252,25.497175,194.72302
834,2025-08-03 18:00:00+05:30,8.281956,181.24533,16.167967,191.5601
835,2025-08-03 19:00:00+05:30,10.478722,184.92702,20.721119,187.98924
836,2025-08-03 20:00:00+05:30,10.337079,187.00117,20.656126,192.58296
837,2025-08-03 21:00:00+05:30,10.484902,191.88864,21.265154,195.21263
838,2025-08-03 22:00:00+05:30,11.45513,188.13002,22.571884,193.37134
839,2025-08-03 23:00:00+05:30,13.842457,192.77124,25.6896,196.27634
840,2025-08-04 00:00:00+05:30,15.108211,195.1953,27.265692,198.0762
841,2025-08-04 01:00:00+05:30,13.905509,201.25058,25.6233,204.04422
842,2025-08-04 02:00:00+05:30,12.236029,206.18805,23.105297,207.36346
843,2025-08-04 03:00:00+05:30,11.996699,207.71841,22.81744,209.80086
844,2025-08-04 04:00:00+05:30,7.5942082,211.42952,16.981165,212.00534
845,2025-08-04 05:00:00+05:30,4.9785542,167.4712,13.723745,196.7713
846,2025-08-04 06:00:00+05:30,10.310403,196.22026,18.455048,200.55612
847,2025-08-04 07:00:00+05:30,10.950452,205.30135,17.709658,206.56499
848,2025-08-04 08:00:00+05:30,13.527572,205.2011,19.56377,205.62195
849,2025-08-04 09:00:00+05:30,14.01806,204.26129,18.934254,204.1284
850,2025-08-04 10:00:00+05:30,14.607751,202.45699,19.287737,202.49652
851,2025-08-04 11:00:00+05:30,15.060956,204.7273,20.128637,205.41925
852,2025-08-04 12:00:00+05:30,16.848038,216.74756,22.934288,216.06053
853,2025-08-04 13:00:00+05:30,16.293728,225.89508,22.911673,225.63652
854,2025-08-04 14:00:00+05:30,14.291592,220.91429,20.256998,222.47913
855,2025-08-04 15:00:00+05:30,13.060857,209.74478,18.491003,211.05934
856,2025-08-04 16:00:00+05:30,13.3649235,225.5456,20.875343,225.69861
857,2025-08-04 17:00:00+05:30,11.190442,205.74066,19.91503,209.80902
858,2025-08-04 18:00:00+05:30,5.8603754,190.6196,14.810401,200.63763
859,2025-08-04 19:00:00+05:30,7.3821945,178.60284,16.344355,191.43364
860,2025-08-04 20:00:00+05:30,6.519877,186.3401,16.676977,193.73628
861,2025-08-04 21:00:00+05:30,7.040739,175.60138,17.437717,187.7118
862,2025-08-04 22:00:00+05:30,6.310277,183.27042,16.516901,196.4601
863,2025-08-04 23:00:00+05:30,7.596341,193.70699,18.016191,201.69518
864,2025-08-05 00:00:00+05:30,8.967541,218.48022,19.404133,217.08258
865,2025-08-05 01:00:00+05:30,8.574123,230.9645,18.508516,229.33835
866,2025-08-05 02:00:00+05:30,4.724786,220.36446,12.992459,227.24576
867,2025-08-05 03:00:00+05:30,7.388775,182.79265,15.316933,199.92567
868,2025-08-05 04:00:00+05:30,7.841888,189.24603,17.363237,197.49585
869,2025-08-05 05:00:00+05:30,5.950899,183.46815,14.587776,195.75124
870,2025-08-05 06:00:00+05:30,7.0199995,157.3801,12.284916,169.0194
871,2025-08-05 07:00:00+05:30,5.5829024,159.22766,10.387107,171.02745
872,2025-08-05 08:00:00+05:30,7.2359104,185.7105,10.1376915,186.1154
873,2025-08-05 09:00:00+05:30,9.668195,204.17911,13.049689,204.44394
874,2025-08-05 10:00:00+05:30,10.560341,209.62366,13.70839,209.93143
875,2025-08-05 11:00:00+05:30,11.995349,205.79597,15.2947035,206.56499
876,2025-08-05 12:00:00+05:30,12.20023,201.6445,15.646544,203.02553
877,2025-08-05 13:00:00+05:30,7.256032,293.38525,11.9317045,258.6901
878,2025-08-05 14:00:00+05:30,4.5891175,244.44008,6.698806,239.30035
879,2025-08-05 15:00:00+05:30,10.086427,214.82455,13.0806875,214.34616
880,2025-08-05 16:00:00+05:30,5.0528407,265.91446,7.7420926,252.40749
881,2025-08-05 17:00:00+05:30,4.4565907,223.36346,8.161764,221.42357
882,2025-08-05 18:00:00+05:30,3.1072817,169.99208,9.165871,199.50253
883,2025-08-05 19:00:00+05:30,4.327493,163.0724,11.659777,188.88058
884,2025-08-05 20:00:00+05:30,6.8612823,175.4861,16.068466,189.6733
885,2025-08-05 21:00:00+05:30,6.122647,181.68465,14.935662,192.5288
886,2025-08-05 22:00:00+05:30,7.8728137,169.46088,17.654688,177.66275
887,2025-08-05 23:00:00+05:30,7.562142,178.63611,17.534992,185.30084
888,2025-08-06 00:00:00+05:30,6.9550843,190.43742,16.848999,198.04791
889,2025-08-06 01:00:00+05:30,7.555712,192.38075,17.280935,202.0231
890,2025-08-06 02:00:00+05:30,6.603817,197.44728,15.941944,205.40767
891,2025-08-06 03:00:00+05:30,6.66,198.92474,16.341383,206.84721
892,2025-08-06 04:00:00+05:30,7.538541,213.31064,17.534992,215.81125
893,2025-08-06 05:00:00+05:30,6.391901,212.34741,15.735336,215.69016
894,2025-08-06 06:00:00+05:30,6.320538,199.9832,9.167638,223.4089
895,2025-08-06 07:00:00+05:30,10.304114,207.01259,16.85669,210.12422
896,2025-08-06 08:00:00+05:30,7.2649574,221.98714,12.768586,220.426
897,2025-08-06 09:00:00+05:30,5.876938,229.9698,8.669949,228.36655
898,2025-08-06 10:00:00+05:30,4.91634,246.25049,6.854195,240.06857
899,2025-08-06 11:00:00+05:30,5.7852573,275.35574,7.5599995,270.0
900,2025-08-06 12:00:00+05:30,6.6087217,299.35767,8.723967,291.80145
901,2025-08-06 13:00:00+05:30,4.1556225,175.03035,5.0528407,184.08554
902,2025-08-06 14:00:00+05:30,12.429127,190.00792,18.254698,192.5288
903,2025-08-06 15:00:00+05:30,4.2175345,219.80553,5.6002855,224.9999
904,2025-08-06 16:00:00+05:30,5.7628117,218.65984,8.043805,220.46214
905,2025-08-06 17:00:00+05:30,11.328566,224.35634,18.710478,225.38972
906,2025-08-06 18:00:00+05:30,5.495161,238.39255,13.538345,234.19656
907,2025-08-06 19:00:00+05:30,3.9477081,316.8476,9.56713,281.94415
908,2025-08-06 20:00:00+05:30,3.0758414,20.556128,4.7928696,325.71307
909,2025-08-06 21:00:00+05:30,0.742159,104.03627,5.232399,273.9451
910,2025-08-06 22:00:00+05:30,3.244996,183.17976,8.037761,235.95401
911,2025-08-06 23:00:00+05:30,5.5450516,215.75398,12.313894,232.12495
912,2025-08-07 00:00:00+05:30,6.3690495,227.29063,14.668619,240.60403
913,2025-08-07 01:00:00+05:30,6.830519,251.56496,15.827721,252.80138
914,2025-08-07 02:00:00+05:30,6.7205353,262.30405,15.876775,266.09958
915,2025-08-07 03:00:00+05:30,5.506941,258.6901,14.597767,267.17294
916,2025-08-07 04:00:00+05:30,5.315336,241.69934,13.41453,258.38855
917,2025-08-07 05:00:00+05:30,3.550155,239.53453,10.390226,255.96373
918,2025-08-07 06:00:00+05:30,4.802999,257.00537,12.606426,260.13425
919,2025-08-07 07:00:00+05:30,3.396233,327.99466,5.4833565,293.1986
920,2025-08-07 08:00:00+05:30,10.703569,42.27363,14.527683,33.887005
921,2025-08-07 09:00:00+05:30,4.73506,188.74608,8.604301,217.34943
922,2025-08-07 10:00:00+05:30,7.0199995,157.3801,12.304682,174.1227
923,2025-08-07 11:00:00+05:30,5.0911684,171.86998,6.849467,176.98727
924,2025-08-07 12:00:00+05:30,5.7204895,204.14554,7.5685663,205.34613
925,2025-08-07 13:00:00+05:30,15.410776,202.67139,20.457537,201.14616
926,2025-08-07 14:00:00+05:30,2.1068459,250.0168,3.148714,239.03632
927,2025-08-07 15:00:00+05:30,7.731622,192.09474,10.564941,193.79951
928,2025-08-07 16:00:00+05:30,7.9383874,176.09958,12.0653715,181.70978
929,2025-08-07 17:00:00+05:30,8.43699,191.07016,14.800554,193.36023
930,2025-08-07 18:00:00+05:30,7.596341,166.29301,14.490838,173.58131
931,2025-08-07 19:00:00+05:30,9.354806,168.90631,16.818203,174.47255
932,2025-08-07 20:00:00+05:30,6.603817,162.55272,12.791403,166.15929
933,2025-08-07 21:00:00+05:30,7.16617,154.72232,13.708391,166.32867
934,2025-08-07 22:00:00+05:30,13.513193,138.23979,24.131413,139.53786
935,2025-08-07 23:00:00+05:30,13.845967,153.76813,24.310665,153.62474
936,2025-08-08 00:00:00+05:30,11.35285,177.27374,20.907913,177.03912
937,2025-08-08 01:00:00+05:30,11.837651,171.25392,21.495495,175.1966
938,2025-08-08 02:00:00+05:30,9.9587345,173.77426,18.014393,177.70944
939,2025-08-08 03:00:00+05:30,8.967541,169.59235,17.035456,173.32562
940,2025-08-08 04:00:00+05:30,9.375563,183.3018,19.813087,182.08252
941,2025-08-08 05:00:00+05:30,10.587917,162.18102,19.804907,172.16457
942,2025-08-08 06:00:00+05:30,13.248049,216.7143,22.608458,217.23491
943,2025-08-08 07:00:00+05:30,13.523978,206.90602,21.822353,208.04459
944,2025-08-08 08:00:00+05:30,10.429132,201.25058,16.997377,204.39372
945,2025-08-08 09:00:00+05:30,10.248941,210.61853,14.913952,209.65901
946,2025-08-08 10:00:00+05:30,14.128566,214.09503,19.62,213.39851
947,2025-08-08 11:00:00+05:30,14.480773,214.8754,20.219378,214.11452
948,2025-08-08 12:00:00+05:30,11.855429,210.0685,16.299694,210.52963
949,2025-08-08 13:00:00+05:30,13.060857,209.74478,18.463821,209.81407
950,2025-08-08 14:00:00+05:30,11.511559,206.96564,15.858398,206.27415
951,2025-08-08 15:00:00+05:30,13.184308,212.17119,18.679283,212.00534
952,2025-08-08 16:00:00+05:30,12.632101,212.78427,19.881649,211.67543
953,2025-08-08 17:00:00+05:30,10.934166,200.22495,19.75905,203.06155
954,2025-08-08 18:00:00+05:30,8.827344,177.66275,16.036171,182.5733
955,2025-08-08 19:00:00+05:30,9.0,163.73972,18.553974,165.96373
956,2025-08-08 20:00:00+05:30,7.970972,154.59233,18.272438,161.0295
957,2025-08-08 21:00:00+05:30,7.5942082,148.57048,17.892578,156.2716
958,2025-08-08 22:00:00+05:30,9.292255,158.40463,20.128637,164.96951
959,2025-08-08 23:00:00+05:30,8.951267,164.84589,20.240997,170.78905
960,2025-08-09 00:00:00+05:30,9.708326,169.31514,20.886982,178.51857
961,2025-08-09 01:00:00+05:30,10.621525,180.971,21.815674,188.06316
962,2025-08-09 02:00:00+05:30,9.913082,240.64233,18.709612,239.98172
963,2025-08-09 03:00:00+05:30,8.865799,185.82625,18.145212,190.86401
964,2025-08-09 04:00:00+05:30,8.669949,184.76355,18.606289,192.28831
965,2025-08-09 05:00:00+05:30,8.647496,177.6141,18.610641,184.99365
966,2025-08-09 06:00:00+05:30,12.093535,194.6568,25.913124,200.32323
967,2025-08-09 07:00:00+05:30,7.8625183,164.05453,11.837651,171.25392
968,2025-08-09 08:00:00+05:30,9.6480665,165.96373,13.491597,166.8908
969,2025-08-09 09:00:00+05:30,11.226575,192.03058,15.192682,193.70699
970,2025-08-09 10:00:00+05:30,13.324863,181.54813,17.823635,181.1573
971,2025-08-09 11:00:00+05:30,14.292725,185.7823,19.343927,185.33914
972,2025-08-09 12:00:00+05:30,15.426535,191.44101,21.145977,191.78816
973,2025-08-09 13:00:00+05:30,18.501513,197.55363,25.674463,197.54582
974,2025-08-09 14:00:00+05:30,18.161278,193.7608,25.626463,194.23149
975,2025-08-09 15:00:00+05:30,17.081041,187.87384,24.74329,188.3658
976,2025-08-09 16:00:00+05:30,18.675812,190.55176,27.358223,191.38382
977,2025-08-09 17:00:00+05:30,14.545515,192.14426,24.19042,192.89876
978,2025-08-09 18:00:00+05:30,7.4867883,152.81897,17.035456,164.05453
979,2025-08-09 19:00:00+05:30,8.507737,173.92764,19.443333,181.06088
980,2025-08-09 20:00:00+05:30,9.582359,174.61078,20.34,180.0
981,2025-08-09 21:00:00+05:30,8.581677,170.34018,18.900856,179.45436
982,2025-08-09 22:00:00+05:30,9.114471,170.9098,19.623302,178.94884
983,2025-08-09 23:00:00+05:30,9.721666,178.93912,20.256998,185.60918
984,2025-08-10 00:00:00+05:30,7.4346757,186.95287,17.508179,194.89352
985,2025-08-10 01:00:00+05:30,11.226575,192.03058,22.71212,198.00426
986,2025-08-10 02:00:00+05:30,12.072083,200.05618,23.120016,204.37012
987,2025-08-10 03:00:00+05:30,11.39842,201.29742,22.06377,205.10158
988,2025-08-10 04:00:00+05:30,8.766573,199.17911,18.434847,206.0646
989,2025-08-10 05:00:00+05:30,6.5049515,194.4208,15.553083,203.89517
990,2025-08-10 06:00:00+05:30,8.311245,175.03035,18.175545,187.96953
991,2025-08-10 07:00:00+05:30,12.011544,199.24962,17.193533,199.57321
992,2025-08-10 08:00:00+05:30,12.71901,206.9276,17.471132,207.62099
993,2025-08-10 09:00:00+05:30,13.767352,205.55992,18.999168,205.8367
994,2025-08-10 10:00:00+05:30,14.73913,208.44283,20.054457,208.40515
995,2025-08-10 11:00:00+05:30,15.216123,207.47435,20.933466,207.66667
996,2025-08-10 12:00:00+05:30,15.053425,206.25859,20.688257,206.34204
997,2025-08-10 13:00:00+05:30,16.412603,201.21805,21.933426,203.19862
998,2025-08-10 14:00:00+05:30,16.521803,203.77235,23.210928,203.78204
999,2025-08-10 15:00:00+05:30,16.851885,203.27898,24.273317,203.14282
1000,2025-08-10 16:00:00+05:30,16.348322,208.25793,25.200642,207.66315
1001,2025-08-10 17:00:00+05:30,13.451914,204.50739,23.942705,203.4814
1002,2025-08-10 18:00:00+05:30,10.730778,202.69383,21.697279,202.94896
1003,2025-08-10 19:00:00+05:30,7.596341,193.70699,18.673208,197.38705
1004,2025-08-10 20:00:00+05:30,8.11798,183.814,19.09782,191.4158
1005,2025-08-10 21:00:00+05:30,9.0018,181.14574,20.418695,189.1301
1006,2025-08-10 22:00:00+05:30,9.734988,183.17976,20.933464,191.40652
1007,2025-08-10 23:00:00+05:30,8.967541,190.40765,20.275385,196.50444
1008,2025-08-11 00:00:00+05:30,8.473393,192.26476,19.523985,198.268
1009,2025-08-11 01:00:00+05:30,7.5942073,185.44025,18.297245,195.40349
1010,2025-08-11 02:00:00+05:30,7.596341,193.70699,18.331741,199.50253
1011,2025-08-11 03:00:00+05:30,6.7205353,200.37651,16.825909,207.38733
1012,2025-08-11 04:00:00+05:30,7.072878,194.7436,16.851885,203.27898
1013,2025-08-11 05:00:00+05:30,5.195113,194.03627,14.169785,205.58847
1014,2025-08-11 06:00:00+05:30,6.8399997,180.0,15.760025,193.87755
1015,2025-08-11 07:00:00+05:30,10.711135,204.84236,15.463246,204.77512
1016,2025-08-11 08:00:00+05:30,10.8672905,206.56499,14.973577,207.18103
1017,2025-08-11 09:00:00+05:30,11.230904,201.63095,14.30632,201.39987
1018,2025-08-11 10:00:00+05:30,9.339208,242.44727,12.4811535,236.76828
1019,2025-08-11 11:00:00+05:30,6.015878,231.07245,8.027678,227.72636
1020,2025-08-11 12:00:00+05:30,9.144637,216.1933,11.48761,215.4334
1021,2025-08-11 13:00:00+05:30,9.243311,186.70975,12.221456,189.32352
1022,2025-08-11 14:00:00+05:30,10.855358,220.29207,14.81915,220.07283
1023,2025-08-11 15:00:00+05:30,8.699793,204.44394,12.081473,204.65588
1024,2025-08-11 16:00:00+05:30,10.662626,201.80147,15.676544,201.55714
1025,2025-08-11 17:00:00+05:30,9.826088,208.44283,18.287502,208.8354
1026,2025-08-11 18:00:00+05:30,5.8104043,196.18927,15.767219,198.64189
1027,2025-08-11 19:00:00+05:30,6.830519,198.43504,17.654688,200.28264
1028,2025-08-11 20:00:00+05:30,7.102591,188.74608,18.179998,191.42116
1029,2025-08-11 21:00:00+05:30,7.0223074,178.53123,18.089775,185.7105
1030,2025-08-11 22:00:00+05:30,7.0223074,178.53123,18.175545,187.96953
1031,2025-08-11 23:00:00+05:30,7.040739,184.39862,18.11215,190.3048
1032,2025-08-12 00:00:00+05:30,6.424764,191.30989,17.137852,197.10281
1033,2025-08-12 01:00:00+05:30,5.937272,194.03627,16.478603,201.80147
1034,2025-08-12 02:00:00+05:30,6.391901,189.72751,16.90563,198.62796
1035,2025-08-12 03:00:00+05:30,5.771239,183.57626,15.8502245,195.14104
1036,2025-08-12 04:00:00+05:30,4.353619,172.87508,12.74954,193.05525
1037,2025-08-12 05:00:00+05:30,3.6447225,147.09476,9.801326,187.38596
1038,2025-08-12 06:00:00+05:30,6.3231,184.899,13.262714,198.18913
1039,2025-08-12 07:00:00+05:30,6.0721655,191.9761,8.557102,194.62091
1040,2025-08-12 08:00:00+05:30,6.6624317,181.54813,9.016185,183.43356
1041,2025-08-12 09:00:00+05:30,6.130579,176.6336,7.922045,178.69807
1042,2025-08-12 10:00:00+05:30,4.73506,171.25392,5.9834766,173.08887
1043,2025-08-12 11:00:00+05:30,6.1437774,174.95764,7.579261,175.91446
1044,2025-08-12 12:00:00+05:30,9.007196,177.70944,11.525623,178.21013
1045,2025-08-12 13:00:00+05:30,12.703715,172.67369,17.294992,177.6141
1046,2025-08-12 14:00:00+05:30,9.726665,177.87895,13.321216,179.2258
1047,2025-08-12 15:00:00+05:30,10.621525,179.029,14.401124,179.28386
1048,2025-08-12 16:00:00+05:30,7.029225,166.67546,10.853866,174.2895
1049,2025-08-12 17:00:00+05:30,9.826088,171.57312,17.146357,175.7859
1050,2025-08-12 18:00:00+05:30,4.991553,154.35904,13.403656,165.21722
1051,2025-08-12 19:00:00+05:30,7.1389914,146.3099,16.851885,156.72102
1052,2025-08-12 20:00:00+05:30,7.4932766,155.89777,17.932371,162.47435
1053,2025-08-12 21:00:00+05:30,7.10031,149.53453,16.87974,158.08508
1054,2025-08-12 22:00:00+05:30,9.741642,152.48808,20.82484,157.64676
1055,2025-08-12 23:00:00+05:30,9.83268,156.2505,21.13065,159.55812
1056,2025-08-13 00:00:00+05:30,10.075177,161.24126,20.966715,164.05453
1057,2025-08-13 01:00:00+05:30,9.0018,168.46541,19.915842,170.11208
1058,2025-08-13 02:00:00+05:30,7.587806,157.69374,17.902534,164.84589
1059,2025-08-13 03:00:00+05:30,5.3426957,147.38077,14.539945,158.19853
1060,2025-08-13 04:00:00+05:30,5.0975285,137.86247,13.306615,149.96681
1061,2025-08-13 05:00:00+05:30,4.542994,123.6901,12.791403,140.71062
1062,2025-08-13 06:00:00+05:30,7.841887,148.13406,15.060956,155.2727
1063,2025-08-13 07:00:00+05:30,7.8149853,141.54626,13.6289835,146.3099
1064,2025-08-13 08:00:00+05:30,9.220499,141.34016,13.1412325,143.91484
1065,2025-08-13 09:00:00+05:30,12.98248,135.0001,17.183167,135.42436
1066,2025-08-13 10:00:00+05:30,8.528657,135.85501,11.837651,135.61598
1067,2025-08-13 11:00:00+05:30,7.256032,119.74479,9.511088,119.4758
1068,2025-08-13 12:00:00+05:30,8.880405,107.700516,11.442394,109.290146
1069,2025-08-13 13:00:00+05:30,8.217153,118.8107,10.630672,118.30067
1070,2025-08-13 14:00:00+05:30,8.738811,122.38066,11.43248,123.43989
1071,2025-08-13 15:00:00+05:30,9.085988,123.6901,13.229693,123.90632
1072,2025-08-13 16:00:00+05:30,5.004518,37.694313,10.062305,79.69521
1073,2025-08-13 17:00:00+05:30,7.2359104,84.2895,16.764177,93.07739
1074,2025-08-13 18:00:00+05:30,8.297589,86.26868,17.684942,94.08554
1075,2025-08-13 19:00:00+05:30,9.187056,92.2457,19.146112,99.19659
1076,2025-08-13 20:00:00+05:30,9.208192,94.48453,19.3104,101.833626
1077,2025-08-13 21:00:00+05:30,9.292254,98.914856,19.21284,105.20809
1078,2025-08-13 22:00:00+05:30,9.0645685,96.84268,19.296133,104.03627
1079,2025-08-13 23:00:00+05:30,7.928178,87.3975,17.259363,97.79199
1080,2025-08-14 00:00:00+05:30,7.7420926,88.667816,17.194475,96.00892
1081,2025-08-14 01:00:00+05:30,8.101999,88.727,17.972979,97.4808
1082,2025-08-14 02:00:00+05:30,10.163227,112.93214,19.855558,112.38018
1083,2025-08-14 03:00:00+05:30,9.726665,87.87895,17.519281,94.71467
1084,2025-08-14 04:00:00+05:30,8.596766,70.42679,16.920958,89.39051
1085,2025-08-14 05:00:00+05:30,8.260411,78.6901,16.584438,93.11078
1086,2025-08-14 06:00:00+05:30,11.345713,91.81827,18.431332,95.04236
1087,2025-08-14 07:00:00+05:30,12.42,90.0,19.343927,95.33915
1088,2025-08-14 08:00:00+05:30,11.307095,103.81505,16.171976,106.821495
1089,2025-08-14 09:00:00+05:30,17.186935,133.72705,24.18841,133.79404
1090,2025-08-14 10:00:00+05:30,11.709688,135.0001,15.528064,135.0001
1091,2025-08-14 11:00:00+05:30,13.437455,140.9806,17.794525,141.15916
1092,2025-08-14 12:00:00+05:30,12.514855,139.66693,16.755476,140.6673
1093,2025-08-14 13:00:00+05:30,13.379461,137.72638,18.999168,138.45673
1094,2025-08-14 14:00:00+05:30,11.334285,136.93057,15.668273,137.32785
1095,2025-08-14 15:00:00+05:30,9.7565975,142.49579,14.082628,144.88791
1096,2025-08-14 16:00:00+05:30,10.874742,151.31395,17.22836,152.63187
1097,2025-08-14 17:00:00+05:30,7.145796,139.08571,14.378608,145.71307
1098,2025-08-14 18:00:00+05:30,6.8989563,105.12406,15.2947035,116.56499
1099,2025-08-14 19:00:00+05:30,7.8954163,133.1524,17.86449,139.08571
1100,2025-08-14 20:00:00+05:30,6.037383,116.56499,14.896563,133.53127
1101,2025-08-14 21:00:00+05:30,7.0199995,112.61991,16.325514,124.21575
1102,2025-08-14 22:00:00+05:30,7.5942082,121.42952,16.895088,128.94582
1103,2025-08-14 23:00:00+05:30,9.931042,133.53127,19.986485,136.0946
1104,2025-08-15 00:00:00+05:30,10.195057,137.86247,19.340576,141.42345
1105,2025-08-15 01:00:00+05:30,7.9567327,142.35231,16.056362,142.74463
1106,2025-08-15 02:00:00+05:30,6.8989563,105.12406,14.49531,118.1561
1107,2025-08-15 03:00:00+05:30,6.9899354,101.88863,15.210799,110.79419
1108,2025-08-15 04:00:00+05:30,7.5942073,95.44024,15.710607,108.01987
1109,2025-08-15 05:00:00+05:30,9.339208,62.447273,16.32055,83.031845
1110,2025-08-15 06:00:00+05:30,12.801531,117.64589,21.0846,121.38314
1111,2025-08-15 07:00:00+05:30,9.965239,110.07162,14.74902,113.749504
1112,2025-08-15 08:00:00+05:30,11.328566,134.35634,15.273505,135.0001
1113,2025-08-15 09:00:00+05:30,11.583108,135.62952,15.405519,136.4202
1114,2025-08-15 10:00:00+05:30,11.362834,139.49724,14.957339,140.37103
1115,2025-08-15 11:00:00+05:30,10.691453,135.0001,13.746156,135.0001
1116,2025-08-15 12:00:00+05:30,9.059205,159.04414,11.440979,155.85446
1117,2025-08-15 13:00:00+05:30,11.45513,135.0001,16.165964,142.23686
1118,2025-08-15 14:00:00+05:30,6.2405767,146.76828,8.534353,152.35411
1119,2025-08-15 15:00:00+05:30,11.103243,160.09616,14.628807,161.34201
1120,2025-08-15 16:00:00+05:30,8.149847,149.47037,11.672275,153.43501
1121,2025-08-15 17:00:00+05:30,7.42159,157.1663,13.719023,160.85178
1122,2025-08-15 18:00:00+05:30,5.369916,140.44037,14.110209,150.16455
1123,2025-08-15 19:00:00+05:30,7.1684303,151.50446,17.727943,156.0375
1124,2025-08-15 20:00:00+05:30,7.729527,152.24155,18.116623,154.70802
1125,2025-08-15 21:00:00+05:30,6.384293,139.574,16.42839,147.52882
1126,2025-08-15 22:00:00+05:30,6.341009,145.40765,16.1198,150.57263
1127,2025-08-15 23:00:00+05:30,4.846648,148.67137,13.971756,158.06146
1128,2025-08-16 00:00:00+05:30,2.5772078,102.09474,8.0899935,147.72438
1129,2025-08-16 01:00:00+05:30,3.7842832,92.72626,8.893166,125.94221
1130,2025-08-16 02:00:00+05:30,4.14,90.0,9.582358,118.00909
1131,2025-08-16 03:00:00+05:30,4.86,90.0,11.903159,110.35332
1132,2025-08-16 04:00:00+05:30,6.5049515,75.57919,14.410121,92.147545
1133,2025-08-16 05:00:00+05:30,7.1661706,78.40785,16.029097,88.06946
1134,2025-08-16 06:00:00+05:30,7.2359104,84.2895,14.993038,94.82068
1135,2025-08-16 07:00:00+05:30,8.490582,94.864426,11.966953,96.91113
1136,2025-08-16 08:00:00+05:30,7.814986,97.94338,9.979859,97.253105
1137,2025-08-16 09:00:00+05:30,9.278297,108.08354,12.124307,108.16605
1138,2025-08-16 10:00:00+05:30,9.387651,122.471176,11.886816,122.00535
1139,2025-08-16 11:00:00+05:30,9.387651,122.471176,11.983188,122.73522
1140,2025-08-16 12:00:00+05:30,10.055864,135.72514,12.475961,136.16905
1141,2025-08-16 13:00:00+05:30,13.110376,134.44382,16.548256,135.88132
1142,2025-08-16 14:00:00+05:30,9.167638,133.4089,12.738099,137.29063
1143,2025-08-16 15:00:00+05:30,8.11798,176.186,11.362834,176.36713
1144,2025-08-16 16:00:00+05:30,10.234705,156.13982,14.913952,156.52899
1145,2025-08-16 17:00:00+05:30,6.889557,160.1447,13.605189,162.28412
1146,2025-08-16 18:00:00+05:30,1.6981165,57.99466,4.0449963,110.854546
1147,2025-08-16 19:00:00+05:30,2.907989,111.801476,8.0899935,147.72438
1148,2025-08-16 20:00:00+05:30,5.0432134,145.17545,13.605189,162.28412
1149,2025-08-16 21:00:00+05:30,5.0528407,175.91446,13.671707,170.9098
1150,2025-08-16 22:00:00+05:30,4.5322843,173.15732,12.585848,163.37917
1151,2025-08-16 23:00:00+05:30,4.3349743,138.36655,11.7,143.13002
1152,2025-08-17 00:00:00+05:30,4.080882,131.42357,10.8792095,141.04408
1153,2025-08-17 01:00:00+05:30,3.01735,107.35411,8.65873,133.31535
1154,2025-08-17 02:00:00+05:30,4.942631,56.88865,10.03167,80.70677
1155,2025-08-17 03:00:00+05:30,4.978554,49.398785,12.483749,65.28258
1156,2025-08-17 04:00:00+05:30,5.896202,77.660934,15.073858,78.28756
1157,2025-08-17 05:00:00+05:30,7.458606,81.67444,17.519281,85.28533
1158,2025-08-17 06:00:00+05:30,7.1321807,79.824554,16.56,90.0
1159,2025-08-17 07:00:00+05:30,10.209348,80.8699,15.338071,85.96237
1160,2025-08-17 08:00:00+05:30,9.5196,74.64981,12.74954,76.944756
1161,2025-08-17 09:00:00+05:30,10.6261,88.058556,13.5012,89.23612
1162,2025-08-17 10:00:00+05:30,12.6462,94.89901,16.248924,94.4473
1163,2025-08-17 11:00:00+05:30,14.535487,97.82899,19.270092,98.05432
1164,2025-08-17 12:00:00+05:30,15.833861,139.61073,21.183481,139.13477
1165,2025-08-17 13:00:00+05:30,9.659814,116.56499,13.060857,119.74478
1166,2025-08-17 14:00:00+05:30,6.601363,64.133705,9.05205,72.64589
1167,2025-08-17 15:00:00+05:30,13.207634,107.44727,18.442753,108.78872
1168,2025-08-17 16:00:00+05:30,12.24,118.072395,19.513195,119.87591
1169,2025-08-17 17:00:00+05:30,10.548061,126.674446,20.240198,128.50069
1170,2025-08-17 18:00:00+05:30,12.904882,112.98875,23.375753,113.60413
1171,2025-08-17 19:00:00+05:30,11.225132,105.81926,21.53089,110.55613
1172,2025-08-17 20:00:00+05:30,12.346741,97.53935,22.981565,101.749954
1173,2025-08-17 21:00:00+05:30,13.917154,95.19434,25.481922,98.530685
1174,2025-08-17 22:00:00+05:30,13.288341,98.56906,24.993439,101.63361
1175,2025-08-17 23:00:00+05:30,11.052058,106.07365,21.687572,108.886185
1176,2025-08-18 00:00:00+05:30,9.914717,93.12207,19.73854,99.97765
1177,2025-08-18 01:00:00+05:30,12.108261,84.882774,22.686426,91.3639
1178,2025-08-18 02:00:00+05:30,12.781267,89.19309,23.635584,93.9301
1179,2025-08-18 03:00:00+05:30,10.98,100.38881,20.955122,103.9169
1180,2025-08-18 04:00:00+05:30,13.170786,93.918175,24.11261,96.85967
1181,2025-08-18 05:00:00+05:30,12.9249525,102.87501,23.665035,104.98762
1182,2025-08-18 06:00:00+05:30,18.687086,97.19338,29.09214,100.3365
1183,2025-08-18 07:00:00+05:30,20.478907,100.12462,29.865896,100.768105
1184,2025-08-18 08:00:00+05:30,19.758228,106.94931,28.188826,106.699326
1185,2025-08-18 09:00:00+05:30,16.986889,105.36168,23.538742,105.52418
1186,2025-08-18 10:00:00+05:30,19.017065,107.06294,26.072052,107.68449
1187,2025-08-18 11:00:00+05:30,17.468348,116.30096,23.4256,116.95875
1188,2025-08-18 12:00:00+05:30,18.59671,115.82094,24.793653,116.75101
1189,2025-08-18 13:00:00+05:30,18.463821,119.81407,26.302181,120.4257
1190,2025-08-18 14:00:00+05:30,19.761507,138.32321,28.05807,138.64128
1191,2025-08-18 15:00:00+05:30,13.044722,129.40063,19.89631,131.3321
1192,2025-08-18 16:00:00+05:30,16.546299,135.0001,26.220753,135.55618
1193,2025-08-18 17:00:00+05:30,16.22498,130.04967,27.909288,132.12448
1194,2025-08-18 18:00:00+05:30,14.982228,125.21768,26.255947,128.5985
1195,2025-08-18 19:00:00+05:30,14.008811,117.55273,24.881702,121.39022
1196,2025-08-18 20:00:00+05:30,13.169556,111.65605,23.98867,116.75725
1197,2025-08-18 21:00:00+05:30,11.995349,115.79598,22.535252,121.27764
1198,2025-08-18 22:00:00+05:30,11.734564,110.659,22.218153,116.980156
1199,2025-08-18 23:00:00+05:30,12.348052,120.67721,23.264608,123.321236
1200,2025-08-19 00:00:00+05:30,11.1090765,116.980156,21.238474,121.13025
1201,2025-08-19 01:00:00+05:30,11.534054,112.963806,21.738306,117.62588
1202,2025-08-19 02:00:00+05:30,11.328566,107.57135,21.392754,112.24908
1203,2025-08-19 03:00:00+05:30,13.433838,107.9495,23.999474,111.56208
1204,2025-08-19 04:00:00+05:30,13.88919,108.90467,23.635582,112.85485
1205,2025-08-19 05:00:00+05:30,12.580699,109.21277,22.539564,116.56499
1206,2025-08-19 06:00:00+05:30,15.531195,94.65327,24.361256,98.070145
1207,2025-08-19 07:00:00+05:30,17.534994,107.31902,26.48203,106.58742
1208,2025-08-19 08:00:00+05:30,16.521803,113.77236,23.108103,115.36736
1209,2025-08-19 09:00:00+05:30,19.313757,129.32697,26.87491,129.0194
1210,2025-08-19 10:00:00+05:30,22.277134,134.01797,31.574484,133.61415
1211,2025-08-19 11:00:00+05:30,18.727787,144.78232,26.469793,144.6887
1212,2025-08-19 12:00:00+05:30,17.873556,145.66972,24.864119,147.11525
1213,2025-08-19 13:00:00+05:30,21.219397,147.11876,31.178993,148.69594
1214,2025-08-19 14:00:00+05:30,19.1588,153.19429,28.177332,154.25346
1215,2025-08-19 15:00:00+05:30,20.067375,156.19405,29.48101,155.46921
1216,2025-08-19 16:00:00+05:30,16.024044,141.84273,24.696102,143.29706
1217,2025-08-19 17:00:00+05:30,15.661035,142.4715,25.968079,144.87776
1218,2025-08-19 18:00:00+05:30,10.950452,115.301346,21.026125,122.05734
1219,2025-08-19 19:00:00+05:30,13.229693,123.90632,24.456827,128.72568
1220,2025-08-19 20:00:00+05:30,13.392774,126.25393,25.010284,130.91429
1221,2025-08-19 21:00:00+05:30,15.94804,143.25935,28.00837,142.83545
1222,2025-08-19 22:00:00+05:30,13.184308,141.09586,23.940676,143.5608
1223,2025-08-19 23:00:00+05:30,10.837435,138.36655,20.844278,143.42688
1224,2025-08-20 00:00:00+05:30,9.686609,138.01286,19.48079,144.4007
1225,2025-08-20 01:00:00+05:30,9.0,126.86999,18.23694,138.60138
1226,2025-08-20 02:00:00+05:30,9.504272,127.30403,18.713942,136.16905
1227,2025-08-20 03:00:00+05:30,10.962281,119.511406,20.844278,126.57312
1228,2025-08-20 04:00:00+05:30,12.16832,119.21915,21.479664,129.55963
1229,2025-08-20 05:00:00+05:30,11.328566,134.35634,20.633371,137.12111
1230,2025-08-20 06:00:00+05:30,13.287122,144.37201,21.416975,146.3099
1231,2025-08-20 07:00:00+05:30,14.081477,147.52882,19.82453,147.60863
1232,2025-08-20 08:00:00+05:30,17.146358,153.16603,23.667776,152.8504
1233,2025-08-20 09:00:00+05:30,18.11215,153.43501,25.43802,153.0724
1234,2025-08-20 10:00:00+05:30,18.183563,158.5145,25.071098,158.96242
1235,2025-08-20 11:00:00+05:30,18.86139,156.3706,26.02541,155.91681
1236,2025-08-20 12:00:00+05:30,15.710607,161.98013,21.402597,161.86972
1237,2025-08-20 13:00:00+05:30,16.697365,168.81123,22.877708,169.57425
1238,2025-08-20 14:00:00+05:30,18.430452,167.59259,24.678385,167.78851
1239,2025-08-20 15:00:00+05:30,17.462784,171.70294,25.455843,171.86998
1240,2025-08-20 16:00:00+05:30,17.893484,174.80566,27.280542,175.07947
1241,2025-08-20 17:00:00+05:30,14.2336645,170.53775,24.670507,172.87508
1242,2025-08-20 18:00:00+05:30,9.292255,148.46526,18.273325,153.68742
1243,2025-08-20 19:00:00+05:30,9.984729,146.0234,19.64228,153.90463
1244,2025-08-20 20:00:00+05:30,10.234705,145.75092,19.72212,153.43501
1245,2025-08-20 21:00:00+05:30,8.996398,160.11475,18.553974,165.96373
1246,2025-08-20 22:00:00+05:30,9.12513,157.98866,18.792551,163.30067
1247,2025-08-20 23:00:00+05:30,8.538149,161.56496,17.259363,172.20801
1248,2025-08-21 00:00:00+05:30,9.913082,150.64235,17.160524,164.79753
1249,2025-08-21 01:00:00+05:30,6.048107,143.47105,11.968308,167.84508
1250,2025-08-21 02:00:00+05:30,5.6233797,140.19447,12.882267,164.6044
1251,2025-08-21 03:00:00+05:30,5.6521144,127.23492,10.706596,153.00424
1252,2025-08-21 04:00:00+05:30,8.37532,151.78275,16.568802,162.94295
1253,2025-08-21 05:00:00+05:30,5.7628117,128.65984,13.619471,150.72484
1254,2025-08-21 06:00:00+05:30,9.801326,172.61404,17.103788,181.20602
1255,2025-08-21 07:00:00+05:30,5.3305535,191.68935,9.187056,182.2457
1256,2025-08-21 08:00:00+05:30,7.3469996,149.03632,10.966713,156.80138
1257,2025-08-21 09:00:00+05:30,11.183201,183.69131,15.941944,186.48297
1258,2025-08-21 10:00:00+05:30,9.906544,204.70241,15.388685,204.16663
1259,2025-08-21 11:00:00+05:30,7.689603,212.57405,10.315115,209.24873
1260,2025-08-21 12:00:00+05:30,7.229191,198.88618,9.335737,199.13374
1261,2025-08-21 13:00:00+05:30,9.796366,200.4329,13.1041975,200.92458
1262,2025-08-21 14:00:00+05:30,9.826088,188.42688,13.262714,187.8001
1263,2025-08-21 15:00:00+05:30,8.777654,208.14151,16.38,202.6199
1264,2025-08-21 16:00:00+05:30,6.6794305,194.03627,14.512064,203.38524
1265,2025-08-21 17:00:00+05:30,5.0142193,201.03758,12.801531,207.64589
1266,2025-08-21 18:00:00+05:30,7.3799996,192.68037,17.309973,196.9276
1267,2025-08-21 19:00:00+05:30,7.8087645,205.97433,18.06199,209.88644
1268,2025-08-21 20:00:00+05:30,7.771331,193.39252,17.87718,205.01686
1269,2025-08-21 21:00:00+05:30,5.7628117,194.47034,15.651722,210.39865
1270,2025-08-21 22:00:00+05:30,6.889557,199.8553,17.194475,210.86082
1271,2025-08-21 23:00:00+05:30,9.885262,213.11136,20.95203,216.96843
1272,2025-08-22 00:00:00+05:30,10.195057,222.13753,20.620804,224.29277
1273,2025-08-22 01:00:00+05:30,9.931042,226.46873,19.660416,229.45569
1274,2025-08-22 02:00:00+05:30,4.942631,236.88864,13.684735,234.63745
1275,2025-08-22 03:00:00+05:30,11.003581,176.24835,18.329975,187.33429
1276,2025-08-22 04:00:00+05:30,8.211235,206.0033,17.640919,208.65701
1277,2025-08-22 05:00:00+05:30,7.4128532,209.0545,15.072783,220.15593
1278,2025-08-22 06:00:00+05:30,9.243311,186.70975,15.542662,193.39252
1279,2025-08-22 07:00:00+05:30,11.609651,187.12492,22.530937,192.926
1280,2025-08-22 08:00:00+05:30,14.571108,207.19804,20.366266,206.79144
1281,2025-08-22 09:00:00+05:30,12.800265,183.22446,20.212965,188.70729
1282,2025-08-22 10:00:00+05:30,11.996699,242.28159,16.42346,242.59251
1283,2025-08-22 11:00:00+05:30,9.983106,244.35904,13.202726,244.1337
1284,2025-08-22 12:00:00+05:30,10.472535,241.23244,14.092978,241.79846
1285,2025-08-22 13:00:00+05:30,11.08572,237.60017,15.035119,238.21278
1286,2025-08-22 14:00:00+05:30,11.843124,223.1524,16.16496,225.45108
1287,2025-08-22 15:00:00+05:30,7.6579366,209.57774,12.232057,212.98853
1288,2025-08-22 16:00:00+05:30,7.001514,226.04153,11.583108,224.37048
1289,2025-08-22 17:00:00+05:30,7.0199995,202.6199,14.266632,209.4758
1290,2025-08-22 18:00:00+05:30,8.688613,219.95749,17.063011,226.70978
1291,2025-08-22 19:00:00+05:30,8.836514,213.36638,17.703253,222.93988
1292,2025-08-22 20:00:00+05:30,7.2,216.86998,15.922626,227.29063
1293,2025-08-22 21:00:00+05:30,5.896202,192.33908,12.313894,217.87505
1294,2025-08-22 22:00:00+05:30,8.581677,189.65982,16.45007,203.19861
1295,2025-08-22 23:00:00+05:30,7.120815,200.72563,14.897651,208.11311
1296,2025-08-23 00:00:00+05:30,9.360001,202.6199,17.068707,207.64589
1297,2025-08-23 01:00:00+05:30,6.9480934,216.57312,13.748513,226.06082
1298,2025-08-23 02:00:00+05:30,5.896202,192.33908,12.483748,208.41257
1299,2025-08-23 03:00:00+05:30,7.247096,194.38142,13.929953,205.2405
1300,2025-08-23 04:00:00+05:30,6.8138976,192.20045,14.256409,204.62355
1301,2025-08-23 05:00:00+05:30,4.514377,184.57384,10.765445,200.55612
1302,2025-08-23 06:00:00+05:30,12.503199,210.25635,23.464296,214.05582
1303,2025-08-23 07:00:00+05:30,11.45513,224.9999,18.999168,228.45671
1304,2025-08-23 08:00:00+05:30,13.397612,210.69965,19.233065,211.60745
1305,2025-08-23 09:00:00+05:30,14.527683,213.887,21.36851,214.35944
1306,2025-08-23 10:00:00+05:30,11.45513,224.9999,15.528064,224.9999
1307,2025-08-23 11:00:00+05:30,12.855831,224.4328,17.69593,223.76367
1308,2025-08-23 12:00:00+05:30,12.632101,220.95541,17.10284,220.73201
1309,2025-08-23 13:00:00+05:30,13.584932,212.00534,17.574675,212.87627
1310,2025-08-23 14:00:00+05:30,15.283048,212.00534,21.67487,212.10623
1311,2025-08-23 15:00:00+05:30,15.743569,210.96368,23.277834,211.72356
1312,2025-08-23 16:00:00+05:30,14.677452,213.49521,22.714973,213.6901
1313,2025-08-23 17:00:00+05:30,12.810386,197.162,22.060833,201.54105
1314,2025-08-23 18:00:00+05:30,11.903159,200.35332,23.103193,206.36534
1315,2025-08-23 19:00:00+05:30,13.864674,209.56026,26.464897,212.50107
1316,2025-08-23 20:00:00+05:30,11.989946,215.83774,23.78453,219.47243
1317,2025-08-23 21:00:00+05:30,12.241323,216.02747,23.64586,219.74968
1318,2025-08-23 22:00:00+05:30,12.972494,209.0545,24.615288,212.76039
1319,2025-08-23 23:00:00+05:30,12.081473,213.45334,23.226278,215.53777
1320,2025-08-24 00:00:00+05:30,10.787993,205.7099,21.547436,210.63535
1321,2025-08-24 01:00:00+05:30,8.996398,199.88525,20.140705,204.27443
1322,2025-08-24 02:00:00+05:30,10.120098,185.10208,20.870687,194.99513
1323,2025-08-24 03:00:00+05:30,8.967541,190.40765,20.355923,201.80147
1324,2025-08-24 04:00:00+05:30,9.3669195,182.20255,19.90852,194.6645
1325,2025-08-24 05:00:00+05:30,7.029225,182.93561,15.937878,198.43504
1326,2025-08-24 06:00:00+05:30,9.215226,167.59259,18.000898,180.57292
1327,2025-08-24 07:00:00+05:30,10.495713,185.90605,17.160524,195.20247
1328,2025-08-24 08:00:00+05:30,13.929953,205.2405,20.454369,204.9864
1329,2025-08-24 09:00:00+05:30,13.638489,202.50357,18.484869,202.31949
1330,2025-08-24 10:00:00+05:30,15.244842,202.93213,20.634155,203.658
1331,2025-08-24 11:00:00+05:30,17.769016,193.47318,24.18707,194.6568
1332,2025-08-24 12:00:00+05:30,18.222721,203.27292,26.117373,203.56155
1333,2025-08-24 13:00:00+05:30,15.825675,199.25938,21.746502,199.3349
1334,2025-08-24 14:00:00+05:30,16.965895,197.28159,22.657131,197.57135
1335,2025-08-24 15:00:00+05:30,17.337091,192.59332,24.973337,193.33511
1336,2025-08-24 16:00:00+05:30,16.13286,190.93378,24.428326,191.4755
1337,2025-08-24 17:00:00+05:30,12.662843,185.7105,22.32653,187.41139
1338,2025-08-24 18:00:00+05:30,7.208994,182.86235,16.16496,187.67888
1339,2025-08-24 19:00:00+05:30,6.7205353,172.30405,15.865546,176.74812
1340,2025-08-24 20:00:00+05:30,5.0816135,157.06787,14.018059,167.3914
1341,2025-08-24 21:00:00+05:30,4.669604,152.44728,12.966248,166.34956
1342,2025-08-24 22:00:00+05:30,5.95906,154.98314,14.934577,164.62369
1343,2025-08-24 23:00:00+05:30,5.7964473,154.23073,14.319901,165.43968
1344,2025-08-25 00:00:00+05:30,4.198285,149.03632,11.792404,167.66092
1345,2025-08-25 01:00:00+05:30,3.7842832,115.34614,9.511088,150.5242
1346,2025-08-25 02:00:00+05:30,4.186693,115.46331,9.931042,136.46873
1347,2025-08-25 03:00:00+05:30,5.3517847,109.653915,13.6289835,123.690094
1348,2025-08-25 04:00:00+05:30,6.6794305,104.03627,14.747921,109.98319
1349,2025-08-25 05:00:00+05:30,5.5450516,103.13403,12.24,118.072395
1350,2025-08-25 06:00:00+05:30,4.5572357,80.909805,9.459852,111.19412
1351,2025-08-25 07:00:00+05:30,5.5887027,104.93147,7.7983837,108.85326
1352,2025-08-25 08:00:00+05:30,6.763786,115.20109,8.775807,115.513824
1353,2025-08-25 09:00:00+05:30,5.937272,104.03627,7.555712,102.38075
1354,2025-08-25 10:00:00+05:30,5.1165614,129.28938,6.522361,129.40063
1355,2025-08-25 11:00:00+05:30,7.0934615,125.70678,8.641874,125.6765
1356,2025-08-25 12:00:00+05:30,6.6624317,141.58191,8.181589,140.35587
1357,2025-08-25 13:00:00+05:30,12.5807,146.08253,17.688606,148.73633
1358,2025-08-25 14:00:00+05:30,4.278551,157.75093,5.5567255,155.09526
1359,2025-08-25 15:00:00+05:30,5.22,133.60289,6.9153743,141.34016
1360,2025-08-25 16:00:00+05:30,10.1887,147.99466,15.0038395,149.74365
1361,2025-08-25 17:00:00+05:30,3.3092597,157.61983,7.628263,160.70985
1362,2025-08-25 18:00:00+05:30,3.710795,157.1663,10.132897,167.692
1363,2025-08-25 19:00:00+05:30,4.2175345,129.80553,10.950452,154.69865
1364,2025-08-25 20:00:00+05:30,5.1481256,143.53067,14.256409,155.37645
1365,2025-08-25 21:00:00+05:30,4.542994,123.6901,12.7279215,135.0001
1366,2025-08-25 22:00:00+05:30,5.318383,113.962494,14.57889,122.90524
1367,2025-08-25 23:00:00+05:30,5.5567255,114.90474,15.176678,123.87858
1368,2025-08-26 00:00:00+05:30,6.1120534,103.627014,15.618566,117.45091
1369,2025-08-26 01:00:00+05:30,5.04,90.0,14.068816,106.34825
1370,2025-08-26 02:00:00+05:30,5.4029994,88.09089,14.2336645,103.15755
1371,2025-08-26 03:00:00+05:30,6.482499,88.4089,16.167967,101.560104
1372,2025-08-26 04:00:00+05:30,6.302571,88.363464,15.683776,99.24603
1373,2025-08-26 05:00:00+05:30,5.0688457,83.88459,13.797912,97.495766
1374,2025-08-26 06:00:00+05:30,5.0688457,83.88459,10.957847,104.26455
1375,2025-08-26 07:00:00+05:30,6.542201,82.09293,9.028754,85.42616
1376,2025-08-26 08:00:00+05:30,9.47012,98.74608,12.399113,99.18877
1377,2025-08-26 09:00:00+05:30,10.24578,108.43504,13.719023,109.14823
1378,2025-08-26 10:00:00+05:30,11.132385,104.03627,14.668619,104.2068
1379,2025-08-26 11:00:00+05:30,9.914717,105.80258,12.585848,106.620834
1380,2025-08-26 12:00:00+05:30,10.5234585,102.8477,13.533558,103.85144
1381,2025-08-26 13:00:00+05:30,8.93859,115.01686,11.269782,116.56499
1382,2025-08-26 14:00:00+05:30,8.885877,96.980965,12.182955,102.80426
1383,2025-08-26 15:00:00+05:30,8.37532,118.21727,11.144021,121.122406
1384,2025-08-26 16:00:00+05:30,9.567131,138.81418,13.920647,139.72021
1385,2025-08-26 17:00:00+05:30,5.8104043,163.81073,12.189602,163.70589
1386,2025-08-26 18:00:00+05:30,1.3104197,105.945465,7.7043357,127.40543
1387,2025-08-26 19:00:00+05:30,4.4565907,133.36346,12.791403,140.71062
1388,2025-08-26 20:00:00+05:30,6.7565966,131.76021,17.23964,139.65833
1389,2025-08-26 21:00:00+05:30,6.452441,120.141304,16.560978,127.49273
1390,2025-08-26 22:00:00+05:30,5.4119864,93.814,14.637663,106.42938
1391,2025-08-26 23:00:00+05:30,5.9644947,84.805664,15.405519,96.70974
1392,2025-08-27 00:00:00+05:30,7.289444,69.775055,17.057314,82.72509
1393,2025-08-27 01:00:00+05:30,7.186487,67.93205,16.808569,80.13426
1394,2025-08-27 02:00:00+05:30,7.172949,72.47434,16.928614,81.4392
1395,2025-08-27 03:00:00+05:30,8.383054,75.068535,18.175545,82.03049
1396,2025-08-27 04:00:00+05:30,9.087772,82.03049,19.101213,87.29943
1397,2025-08-27 05:00:00+05:30,9.600937,83.54128,19.26084,89.464554
1398,2025-08-27 06:00:00+05:30,12.182955,77.19574,20.34,82.37195
1399,2025-08-27 07:00:00+05:30,14.949756,92.069984,21.791899,91.89334
1400,2025-08-27 08:00:00+05:30,15.151039,99.57416,21.605999,100.56097
1401,2025-08-27 09:00:00+05:30,15.5395355,108.225174,21.06077,108.43504
1402,2025-08-27 10:00:00+05:30,14.584443,114.03429,19.59356,113.26773
1403,2025-08-27 11:00:00+05:30,15.726067,123.32631,20.819393,123.00311
1404,2025-08-27 12:00:00+05:30,15.546833,132.18437,20.015644,131.71902
1405,2025-08-27 13:00:00+05:30,12.830604,145.86401,18.123774,145.52072
1406,2025-08-27 14:00:00+05:30,14.330079,147.30803,21.30093,149.53453
1407,2025-08-27 15:00:00+05:30,14.658676,155.32315,22.763416,157.69374
1408,2025-08-27 16:00:00+05:30,13.277364,164.26793,22.380884,168.87085
1409,2025-08-27 17:00:00+05:30,13.619471,172.40544,23.516708,174.2895
1410,2025-08-27 18:00:00+05:30,11.799271,158.52315,22.431494,162.72816
1411,2025-08-27 19:00:00+05:30,10.234705,156.13982,20.49156,161.56496
1412,2025-08-27 20:00:00+05:30,8.709098,161.93944,18.430452,167.59259
1413,2025-08-27 21:00:00+05:30,6.9480934,163.44286,16.546299,171.86998
1414,2025-08-27 22:00:00+05:30,7.6579366,156.44772,18.25026,165.14134
1415,2025-08-27 23:00:00+05:30,7.9383874,147.0306,18.88628,157.59012
1416,2025-08-28 00:00:00+05:30,6.8919086,130.76352,17.1,143.13002
1417,2025-08-28 01:00:00+05:30,6.8423676,125.36255,17.448862,137.09016
1418,2025-08-28 02:00:00+05:30,8.161764,131.42357,19.152035,143.02232
1419,2025-08-28 03:00:00+05:30,10.1902895,144.34459,20.700783,151.4294
1420,2025-08-28 04:00:00+05:30,11.19189,152.19864,20.871464,156.08768
1421,2025-08-28 05:00:00+05:30,10.548061,126.674446,18.96503,134.61551
1422,2025-08-28 06:00:00+05:30,13.306615,149.96681,20.12461,153.43501
1423,2025-08-28 07:00:00+05:30,15.827721,162.80138,22.541,161.85432
1424,2025-08-28 08:00:00+05:30,14.372974,157.93205,20.326454,157.06787
1425,2025-08-28 09:00:00+05:30,14.192631,164.55362,19.340576,165.44638
1426,2025-08-28 10:00:00+05:30,14.414617,164.05453,19.340576,165.44638
1427,2025-08-28 11:00:00+05:30,16.676977,166.26372,22.355536,166.97081
1428,2025-08-28 12:00:00+05:30,19.553833,158.39441,27.14123,158.19853
1429,2025-08-28 13:00:00+05:30,15.606114,172.71114,21.946718,172.93336
1430,2025-08-28 14:00:00+05:30,17.66753,171.20953,24.414396,171.09334
1431,2025-08-28 15:00:00+05:30,10.360559,172.01076,16.1017,174.22577
1432,2025-08-28 16:00:00+05:30,14.84318,165.96373,23.313995,166.60748
1433,2025-08-28 17:00:00+05:30,14.759999,167.31963,25.59863,169.8754
1434,2025-08-28 18:00:00+05:30,9.793058,162.89719,19.90852,165.3355
1435,2025-08-28 19:00:00+05:30,9.693296,148.67137,19.80409,154.1337
1436,2025-08-28 20:00:00+05:30,10.34178,148.52321,21.03229,150.80261
1437,2025-08-28 21:00:00+05:30,10.158444,150.25522,20.688257,153.65796
1438,2025-08-28 22:00:00+05:30,10.094454,148.86108,20.688257,153.65796
1439,2025-08-28 23:00:00+05:30,9.983106,154.35904,20.022118,157.81593
1440,2025-08-29 00:00:00+05:30,8.827343,163.41258,18.992344,165.17348
1441,2025-08-29 01:00:00+05:30,8.37532,171.34753,18.057508,175.42616
1442,2025-08-29 02:00:00+05:30,8.553314,171.52895,18.0036,181.14574
1443,2025-08-29 03:00:00+05:30,6.5049515,165.5792,14.830076,174.4279
1444,2025-08-29 04:00:00+05:30,6.544677,148.49579,14.401124,161.79143
1445,2025-08-29 05:00:00+05:30,7.42159,157.1663,16.466803,164.14056
1446,2025-08-29 06:00:00+05:30,6.544677,148.49579,15.206538,163.49556
1447,2025-08-29 07:00:00+05:30,9.914717,176.87793,13.870515,177.76888
1448,2025-08-29 08:00:00+05:30,10.266314,182.0095,13.681183,180.75383
1449,2025-08-29 09:00:00+05:30,15.725037,164.05453,22.054958,164.3757
1450,2025-08-29 10:00:00+05:30,13.943901,168.83516,21.188072,170.21767
1451,2025-08-29 11:00:00+05:30,11.252519,172.64772,14.848635,173.7366
1452,2025-08-29 12:00:00+05:30,15.137133,177.27374,20.719555,177.5105
1453,2025-08-29 13:00:00+05:30,14.05845,182.93561,19.290257,183.20943
1454,2025-08-29 14:00:00+05:30,12.849528,168.69011,17.581125,169.3804
1455,2025-08-29 15:00:00+05:30,13.5012,180.76389,19.101213,182.70058
1456,2025-08-29 16:00:00+05:30,11.165805,159.22766,18.606289,167.71169
1457,2025-08-29 17:00:00+05:30,10.009036,142.3057,17.471132,152.37901
1458,2025-08-29 18:00:00+05:30,9.0,143.13002,18.519018,154.68036
1459,2025-08-29 19:00:00+05:30,9.636307,147.20047,19.643105,152.7306
1460,2025-08-29 20:00:00+05:30,11.679212,151.46011,22.695707,158.11415
1461,2025-08-29 21:00:00+05:30,7.3469996,149.03632,17.615187,158.41597
1462,2025-08-29 22:00:00+05:30,7.42159,140.90616,16.584438,154.26935
1463,2025-08-29 23:00:00+05:30,6.989936,145.49142,16.670176,155.09526
1464,2025-08-30 00:00:00+05:30,5.495161,148.39255,14.861722,163.10127
1465,2025-08-30 01:00:00+05:30,5.6521144,142.76509,14.009968,159.70235
1466,2025-08-30 02:00:00+05:30,5.1165614,140.71062,13.202726,154.1337
1467,2025-08-30 03:00:00+05:30,5.4744864,136.33215,12.800266,154.15567
1468,2025-08-30 04:00:00+05:30,5.5216303,109.025696,12.061343,142.27495
1469,2025-08-30 05:00:00+05:30,4.510787,118.61037,11.236671,144.78232
1470,2025-08-30 06:00:00+05:30,5.896202,121.26367,13.690654,140.8696
1471,2025-08-30 07:00:00+05:30,4.8899083,96.340096,7.0015144,107.96923
1472,2025-08-30 08:00:00+05:30,6.439876,153.43501,8.29173,152.87878
1473,2025-08-30 09:00:00+05:30,9.499158,152.94948,12.156331,152.6762
1474,2025-08-30 10:00:00+05:30,8.019601,134.09071,10.97262,138.99101
1475,2025-08-30 11:00:00+05:30,9.901636,152.96922,13.040997,153.78868
1476,2025-08-30 12:00:00+05:30,12.835653,165.37909,16.946787,167.73524
1477,2025-08-30 13:00:00+05:30,10.8955765,187.59456,15.941944,186.48297
1478,2025-08-30 14:00:00+05:30,9.761578,185.29,14.113653,185.85593
1479,2025-08-30 15:00:00+05:30,11.712455,177.35751,16.203999,178.727
1480,2025-08-30 16:00:00+05:30,11.165805,178.15244,16.56,180.0
1481,2025-08-30 17:00:00+05:30,5.8603754,190.6196,11.968308,192.15492
1482,2025-08-30 18:00:00+05:30,5.1575575,150.75127,13.451914,155.49261
1483,2025-08-30 19:00:00+05:30,5.1165614,129.28938,14.081477,147.52882
1484,2025-08-30 20:00:00+05:30,7.587806,112.30626,16.616642,129.72606
1485,2025-08-30 21:00:00+05:30,5.896202,102.33907,14.73913,118.44283
1486,2025-08-30 22:00:00+05:30,5.7628117,128.65984,15.053425,138.87863
1487,2025-08-30 23:00:00+05:30,4.186693,115.46331,11.870451,139.30457
1488,2025-08-31 00:00:00+05:30,3.2599385,83.659904,8.338489,122.660904
1489,2025-08-31 01:00:00+05:30,3.244996,86.82024,7.9567327,127.64769
1490,2025-08-31 02:00:00+05:30,3.362677,74.47583,7.0038276,115.906456
1491,2025-08-31 03:00:00+05:30,3.536439,104.743614,8.688613,129.95749
1492,2025-08-31 04:00:00+05:30,4.1556225,85.03035,9.016185,116.05344
1493,2025-08-31 05:00:00+05:30,4.802999,102.99462,11.276967,114.51963
1494,2025-08-31 06:00:00+05:30,3.8856654,103.39252,6.7469993,133.91916
1495,2025-08-31 07:00:00+05:30,1.1384199,108.43504,1.9134263,131.18582
1496,2025-08-31 08:00:00+05:30,2.7475805,121.60746,3.745557,125.21768
1497,2025-08-31 09:00:00+05:30,4.0449967,122.27562,5.3426957,122.61923
1498,2025-08-31 10:00:00+05:30,3.9518096,120.0685,4.846648,121.328636
1499,2025-08-31 11:00:00+05:30,5.896202,102.33907,7.2044983,102.99462
1500,2025-08-31 12:00:00+05:30,6.12,90.0,7.5599995,90.0
1501,2025-08-31 13:00:00+05:30,5.4833565,113.19862,6.7853074,111.801476
1502,2025-08-31 14:00:00+05:30,4.6938257,122.471176,5.9617786,118.88649
1503,2025-08-31 15:00:00+05:30,8.431228,163.8865,10.873251,160.6651
1504,2025-08-31 16:00:00+05:30,7.628263,199.29015,10.706595,196.60706
1505,2025-08-31 17:00:00+05:30,3.8856654,193.39252,5.8631387,197.87878
1506,2025-08-31 18:00:00+05:30,3.710795,255.96373,7.7734165,222.18437
1507,2025-08-31 19:00:00+05:30,3.8939953,213.6901,10.656547,217.45065
1508,2025-08-31 20:00:00+05:30,3.2846913,170.53775,9.165871,199.50253
1509,2025-08-31 21:00:00+05:30,3.143565,156.3706,8.297589,183.73132
1510,2025-08-31 22:00:00+05:30,4.1556225,197.6502,10.534229,199.9832
1511,2025-08-31 23:00:00+05:30,4.2481523,216.38445,11.43248,213.43988
1512,2025-09-01 00:00:00+05:30,3.0758414,249.44386,9.220499,231.34016
1513,2025-09-01 01:00:00+05:30,2.3469126,265.60138,8.131936,242.30061
1514,2025-09-01 02:00:00+05:30,2.4149535,296.56497,7.5942073,264.55975
1515,2025-09-01 03:00:00+05:30,3.3092594,315.0001,8.490582,291.1248
1516,2025-09-01 04:00:00+05:30,4.323748,357.6141,10.656547,344.3204
1517,2025-09-01 05:00:00+05:30,7.613382,6.7888846,14.967083,3.447324
1518,2025-09-01 06:00:00+05:30,5.4477882,352.40543,12.015589,351.38443
1519,2025-09-01 07:00:00+05:30,6.6794305,345.9637,9.0018,348.4654
1520,2025-09-01 08:00:00+05:30,8.32877,353.79663,11.230904,353.55847
1521,2025-09-01 09:00:00+05:30,9.278297,18.083544,12.351988,18.699081
1522,2025-09-01 10:00:00+05:30,7.570707,18.00426,9.847496,18.103857
1523,2025-09-01 11:00:00+05:30,6.6818557,27.255245,8.777654,28.141502
1524,2025-09-01 12:00:00+05:30,6.1226463,24.304548,7.8087645,25.974339
1525,2025-09-01 13:00:00+05:30,6.3639607,8.130019,8.37532,8.652461
1526,2025-09-01 14:00:00+05:30,4.991553,25.640957,6.601363,25.866312
1527,2025-09-01 15:00:00+05:30,4.39436,34.9921,6.048107,36.528946
1528,2025-09-01 16:00:00+05:30,6.1226463,114.30454,8.649369,102.01146
1529,2025-09-01 17:00:00+05:30,6.379216,106.38962,12.9625,115.497505
1530,2025-09-01 18:00:00+05:30,5.0142193,201.03758,12.2519045,190.1542
1531,2025-09-01 19:00:00+05:30,6.090812,214.15974,15.874734,209.18071
1532,2025-09-01 20:00:00+05:30,8.043805,229.53786,18.668005,230.4774
1533,2025-09-01 21:00:00+05:30,9.826088,98.42689,13.779114,123.2749
1534,2025-09-01 22:00:00+05:30,1.26,360.0,4.3573384,231.7098
1535,2025-09-01 23:00:00+05:30,2.0523157,105.25517,4.1556225,184.96965
1536,2025-09-02 00:00:00+05:30,4.445672,248.6293,10.8029995,259.43903
1537,2025-09-02 01:00:00+05:30,0.9693296,291.80148,5.6521144,260.83774
1538,2025-09-02 02:00:00+05:30,2.5582807,39.289394,3.4763772,338.74942
1539,2025-09-02 03:00:00+05:30,3.189608,73.61038,3.693291,46.97493
1540,2025-09-02 04:00:00+05:30,5.506941,78.6901,10.285232,85.98591
1541,2025-09-02 05:00:00+05:30,9.36173,91.101685,15.5687,100.6603
1542,2025-09-02 06:00:00+05:30,10.449306,79.07724,19.820442,92.60251
1543,2025-09-02 07:00:00+05:30,12.284916,100.98061,20.05203,101.91512
1544,2025-09-02 08:00:00+05:30,13.149859,109.17911,19.42416,110.61827
1545,2025-09-02 09:00:00+05:30,13.451914,114.50739,18.519018,115.31965
1546,2025-09-02 10:00:00+05:30,17.681278,125.469955,24.37721,125.68531
1547,2025-09-02 11:00:00+05:30,16.802786,134.13205,22.657131,134.35634
1548,2025-09-02 12:00:00+05:30,18.852798,137.32156,26.748024,137.18166
1549,2025-09-02 13:00:00+05:30,7.8954163,114.22774,12.011544,119.63829
1550,2025-09-02 14:00:00+05:30,15.742541,128.96675,23.64586,129.74968
1551,2025-09-02 15:00:00+05:30,7.0407386,122.471176,10.234705,124.24909
1552,2025-09-02 16:00:00+05:30,15.3264475,130.23628,24.485292,131.42357
1553,2025-09-02 17:00:00+05:30,10.9859,108.138176,20.46941,113.86018
1554,2025-09-02 18:00:00+05:30,12.224107,103.627014,22.89611,106.44046
1555,2025-09-02 19:00:00+05:30,11.688918,99.75236,22.657845,104.25707
1556,2025-09-02 20:00:00+05:30,13.110376,98.68627,24.288662,101.97612
1557,2025-09-02 21:00:00+05:30,10.694485,96.76608,21.007626,102.36905
1558,2025-09-02 22:00:00+05:30,9.9408245,95.19434,20.478907,100.12462
1559,2025-09-02 23:00:00+05:30,9.555271,86.76037,20.436144,95.55986
1560,2025-09-03 00:00:00+05:30,10.8029995,100.56097,21.48645,105.54987
1561,2025-09-03 01:00:00+05:30,13.709573,86.236046,24.522316,93.366394
1562,2025-09-03 02:00:00+05:30,14.861722,78.8262,25.683926,84.369415
1563,2025-09-03 03:00:00+05:30,12.125642,84.03561,22.502878,90.91663
1564,2025-09-03 04:00:00+05:30,13.75558,83.99109,23.942705,89.1385
1565,2025-09-03 05:00:00+05:30,15.697197,86.05489,27.362366,89.24617
1566,2025-09-03 06:00:00+05:30,19.06301,79.11452,31.107206,81.682434
1567,2025-09-03 07:00:00+05:30,23.59717,87.81425,35.856613,87.41055
1568,2025-09-03 08:00:00+05:30,17.114204,75.37909,25.540344,76.55138
1569,2025-09-03 09:00:00+05:30,21.010712,99.865746,34.747463,98.33989
1570,2025-09-03 10:00:00+05:30,20.674158,97.001175,32.228546,98.673096
1571,2025-09-03 11:00:00+05:30,21.13065,110.44189,32.023815,111.08383
1572,2025-09-03 12:00:00+05:30,23.763409,123.569725,32.750107,123.34073
1573,2025-09-03 13:00:00+05:30,21.02921,125.59478,30.570868,125.65542
1574,2025-09-03 14:00:00+05:30,16.596157,126.62142,24.597511,128.4634
1575,2025-09-03 15:00:00+05:30,23.815842,145.46912,34.96497,144.42795
1576,2025-09-03 16:00:00+05:30,16.039202,135.90929,26.787966,138.81416
1577,2025-09-03 17:00:00+05:30,14.637663,135.49815,25.476198,137.29063
1578,2025-09-03 18:00:00+05:30,14.174356,130.36446,24.89277,130.60121
1579,2025-09-03 19:00:00+05:30,13.4903965,121.35703,24.523638,125.43999
1580,2025-09-03 20:00:00+05:30,13.767352,131.82008,24.693481,134.40942
1581,2025-09-03 21:00:00+05:30,12.456468,127.36675,22.786179,134.03992
1582,2025-09-03 22:00:00+05:30,14.291592,139.08571,26.14403,141.7098
1583,2025-09-03 23:00:00+05:30,12.351987,136.77144,23.444956,141.54626
1584,2025-09-04 00:00:00+05:30,10.036512,122.549995,20.051224,130.2665
1585,2025-09-04 01:00:00+05:30,10.948973,117.40749,20.969807,124.50858
1586,2025-09-04 02:00:00+05:30,10.24578,108.43504,20.371832,117.9235
1587,2025-09-04 03:00:00+05:30,9.531505,100.88548,19.69993,109.75956
1588,2025-09-04 04:00:00+05:30,9.708326,100.68486,19.468311,107.764946
1589,2025-09-04 05:00:00+05:30,10.028439,111.03758,19.80409,115.8663
1590,2025-09-04 06:00:00+05:30,11.013882,101.3099,20.275385,106.50443
1591,2025-09-04 07:00:00+05:30,12.616703,104.03627,18.161278,103.76081
1592,2025-09-04 08:00:00+05:30,10.739833,103.57046,14.761098,105.56157
1593,2025-09-04 09:00:00+05:30,12.730468,123.4654,17.123669,123.85715
1594,2025-09-04 10:00:00+05:30,15.156384,127.27825,21.170479,127.74687
1595,2025-09-04 11:00:00+05:30,12.886039,131.03525,17.220835,131.18584
1596,2025-09-04 12:00:00+05:30,17.483181,151.06009,24.395811,152.30061
1597,2025-09-04 13:00:00+05:30,9.983106,154.35904,14.256409,155.37645
1598,2025-09-04 14:00:00+05:30,12.708816,164.38895,17.856325,165.40338
1599,2025-09-04 15:00:00+05:30,15.509274,158.19853,22.96464,158.86569
1600,2025-09-04 16:00:00+05:30,13.070776,157.3194,19.95485,158.29451
1601,2025-09-04 17:00:00+05:30,11.566313,159.02643,20.83806,160.31279
1602,2025-09-04 18:00:00+05:30,8.019601,135.90929,17.288435,141.34016
1603,2025-09-04 19:00:00+05:30,8.891344,158.62932,19.026434,156.58788
1604,2025-09-04 20:00:00+05:30,7.7420926,144.46223,17.885334,151.11351
1605,2025-09-04 21:00:00+05:30,7.386582,136.97493,17.772663,146.14896
1606,2025-09-04 22:00:00+05:30,4.965521,133.53127,13.985663,148.15099
1607,2025-09-04 23:00:00+05:30,4.8433046,131.98714,13.4903965,148.64297
1608,2025-09-05 00:00:00+05:30,5.6835546,100.95402,13.6289835,123.690094
1609,2025-09-05 01:00:00+05:30,4.186693,115.46331,12.096214,126.528946
1610,2025-09-05 02:00:00+05:30,5.7515564,110.13639,13.779114,123.2749
1611,2025-09-05 03:00:00+05:30,7.519175,101.0409,15.676544,111.557144
1612,2025-09-05 04:00:00+05:30,8.211235,116.00329,17.0763,124.69522
1613,2025-09-05 05:00:00+05:30,6.2405767,123.23173,14.387619,136.52072
1614,2025-09-05 06:00:00+05:30,10.83893,144.46223,17.623463,145.82297
1615,2025-09-05 07:00:00+05:30,9.511088,150.5242,13.374618,151.02039
1616,2025-09-05 08:00:00+05:30,12.606426,170.13426,17.311846,171.02745
1617,2025-09-05 09:00:00+05:30,12.549757,171.75377,17.081041,172.12616
1618,2025-09-05 10:00:00+05:30,10.739833,166.42955,13.842457,167.22876
1619,2025-09-05 11:00:00+05:30,11.074022,172.52853,14.490838,173.58131
1620,2025-09-05 12:00:00+05:30,10.957847,165.73546,14.05845,166.67546
1621,2025-09-05 13:00:00+05:30,12.466867,175.03035,16.084589,174.86371
1622,2025-09-05 14:00:00+05:30,3.9763298,174.80566,5.5916004,176.30869
1623,2025-09-05 15:00:00+05:30,10.495713,174.09395,14.292725,174.2177
1624,2025-09-05 16:00:00+05:30,11.165805,178.15244,17.468348,181.77142
1625,2025-09-05 17:00:00+05:30,7.208994,177.13765,15.301059,180.67403
1626,2025-09-05 18:00:00+05:30,4.6938252,175.60138,13.339445,183.094
1627,2025-09-05 19:00:00+05:30,5.3939967,154.2901,14.650938,169.3804
1628,2025-09-05 20:00:00+05:30,7.256032,156.61476,18.030573,165.54753
1629,2025-09-05 21:00:00+05:30,6.1226463,155.69547,16.59225,164.90837
1630,2025-09-05 22:00:00+05:30,5.3305535,168.31065,15.338071,175.96237
1631,2025-09-05 23:00:00+05:30,4.86,180.0,14.690691,187.03784
1632,2025-09-06 00:00:00+05:30,4.86,180.0,14.2336645,189.46225
1633,2025-09-06 01:00:00+05:30,4.452954,165.96373,12.483749,185.79271
1634,2025-09-06 02:00:00+05:30,4.613762,159.44388,12.961249,180.7957
1635,2025-09-06 03:00:00+05:30,4.3573384,141.7098,11.5115595,170.09589
1636,2025-09-06 04:00:00+05:30,4.5891175,131.82008,11.866355,157.71437
1637,2025-09-06 05:00:00+05:30,4.5,143.13002,12.181625,161.0295
1638,2025-09-06 06:00:00+05:30,4.8633323,177.87895,11.543881,190.78426
1639,2025-09-06 07:00:00+05:30,4.0249224,190.3048,5.896202,192.33908
1640,2025-09-06 08:00:00+05:30,5.0911684,188.13002,6.542201,187.90707
1641,2025-09-06 09:00:00+05:30,5.4477882,187.59456,6.698806,186.17007
1642,2025-09-06 10:00:00+05:30,6.7469993,170.78905,8.581677,170.34018
1643,2025-09-06 11:00:00+05:30,7.9465466,166.9081,10.132897,167.692
1644,2025-09-06 12:00:00+05:30,8.707238,172.87508,10.873252,173.34567
1645,2025-09-06 13:00:00+05:30,8.777653,195.46127,11.177405,194.93147
1646,2025-09-06 14:00:00+05:30,7.2044983,167.00539,9.039514,167.34744
1647,2025-09-06 15:00:00+05:30,5.6521144,217.23491,8.37532,208.21725
1648,2025-09-06 16:00:00+05:30,6.778141,190.71307,10.215693,194.28113
1649,2025-09-06 17:00:00+05:30,5.195113,194.03627,12.535548,195.83246
1650,2025-09-06 18:00:00+05:30,6.1437774,185.04236,16.63905,185.58716
1651,2025-09-06 19:00:00+05:30,7.3997297,184.18483,18.287504,186.21555
1652,2025-09-06 20:00:00+05:30,8.131936,185.07951,19.602652,187.38596
1653,2025-09-06 21:00:00+05:30,7.256032,172.87508,18.547861,178.3317
1654,2025-09-06 22:00:00+05:30,6.122647,178.31535,17.11515,182.41098
1655,2025-09-06 23:00:00+05:30,4.942631,190.49142,14.897651,191.85298
1656,2025-09-07 00:00:00+05:30,4.6277857,193.49574,13.779114,199.8553
1657,2025-09-07 01:00:00+05:30,4.5322843,186.84268,13.210087,199.91649
1658,2025-09-07 02:00:00+05:30,3.96,180.0,11.734564,200.659
1659,2025-09-07 03:00:00+05:30,3.671294,168.69011,10.1902895,197.47487
1660,2025-09-07 04:00:00+05:30,3.462369,171.02745,9.796366,200.4329
1661,2025-09-07 05:00:00+05:30,4.353619,172.87508,11.27553,196.69933
1662,2025-09-07 06:00:00+05:30,4.829907,153.43501,11.341428,180.90936
1663,2025-09-07 07:00:00+05:30,5.4119864,183.814,7.970972,186.48297
1664,2025-09-07 08:00:00+05:30,5.4833565,203.19862,7.186487,202.06795
1665,2025-09-07 09:00:00+05:30,4.6938252,184.39862,6.1437774,185.04236
1666,2025-09-07 10:00:00+05:30,6.12,180.0,7.92,180.0
1667,2025-09-07 11:00:00+05:30,6.8423676,178.4926,8.827344,177.66275
1668,2025-09-07 12:00:00+05:30,7.989243,194.34937,10.3480425,193.06932
1669,2025-09-07 13:00:00+05:30,10.99769,201.10492,14.474059,201.1399
1670,2025-09-07 14:00:00+05:30,11.755254,205.38786,16.104721,205.13292
1671,2025-09-07 15:00:00+05:30,10.829958,201.4478,15.009236,202.56705
1672,2025-09-07 16:00:00+05:30,9.847496,198.10385,15.027575,198.8691
1673,2025-09-07 17:00:00+05:30,5.8852015,203.42871,13.570615,201.80147
1674,2025-09-07 18:00:00+05:30,5.9644947,185.19434,15.542662,193.39252
1675,2025-09-07 19:00:00+05:30,5.5916004,183.69131,15.779544,191.18172
1676,2025-09-07 20:00:00+05:30,6.8423676,181.5074,17.794527,187.55624
1677,2025-09-07 21:00:00+05:30,6.122647,181.68465,16.724508,188.0428
1678,2025-09-07 22:00:00+05:30,6.302571,181.63654,16.928614,188.5608
1679,2025-09-07 23:00:00+05:30,6.1437774,174.95764,16.595179,183.73132
1680,2025-09-08 00:00:00+05:30,5.5829024,181.84756,16.21699,188.93948
1681,2025-09-08 01:00:00+05:30,5.4029994,181.9091,15.717823,193.24052
1682,2025-09-08 02:00:00+05:30,5.0432134,177.95464,15.151039,189.57416
1683,2025-09-08 03:00:00+05:30,4.5,180.0,13.379461,190.85637
1684,2025-09-08 04:00:00+05:30,3.604497,182.86235,11.225132,195.81926
1685,2025-09-08 05:00:00+05:30,2.7943513,165.06853,9.430694,193.24052
1686,2025-09-08 06:00:00+05:30,3.494968,145.49142,7.92,180.0
1687,2025-09-08 07:00:00+05:30,4.7110505,173.41815,6.6818557,175.36462
1688,2025-09-08 08:00:00+05:30,5.4029994,181.9091,7.040739,184.39862
1689,2025-09-08 09:00:00+05:30,4.6730714,164.3577,5.937272,165.96373
1690,2025-09-08 10:00:00+05:30,5.004518,142.3057,6.299999,143.13002
1691,2025-09-08 11:00:00+05:30,5.728979,136.27295,7.519175,137.91092
1692,2025-09-08 12:00:00+05:30,6.7853074,158.19853,8.792405,157.10942
1693,2025-09-08 13:00:00+05:30,7.5685663,182.72626,9.906544,182.08252
1694,2025-09-08 14:00:00+05:30,9.567131,184.31595,11.928989,185.19434
1695,2025-09-08 15:00:00+05:30,5.5799994,180.0,7.9526596,185.19434
1696,2025-09-08 16:00:00+05:30,7.9383874,183.90042,11.9140415,184.33223
1697,2025-09-08 17:00:00+05:30,3.8183763,224.9999,10.1887,212.00534
1698,2025-09-08 18:00:00+05:30,6.122647,178.31535,16.019999,180.0
1699,2025-09-08 19:00:00+05:30,7.731622,192.09474,18.88628,190.9886
1700,2025-09-08 20:00:00+05:30,8.350138,187.43132,19.781172,187.31892
1701,2025-09-08 21:00:00+05:30,6.924738,188.97255,18.258247,189.64798
1702,2025-09-08 22:00:00+05:30,5.4477882,187.59456,16.029097,192.31943
1703,2025-09-08 23:00:00+05:30,5.9834766,186.91113,16.909464,191.66875
1704,2025-09-09 00:00:00+05:30,5.506941,191.30989,16.516901,196.4601
1705,2025-09-09 01:00:00+05:30,4.8733153,184.23631,14.465102,196.63103
1706,2025-09-09 02:00:00+05:30,4.0249224,190.3048,12.172312,203.53236
1707,2025-09-09 03:00:00+05:30,3.319036,192.5288,10.7894945,207.84749
1708,2025-09-09 04:00:00+05:30,1.835647,168.69011,7.8087645,205.97433
1709,2025-09-09 05:00:00+05:30,2.36753,171.25392,7.4932766,204.10223
1710,2025-09-09 06:00:00+05:30,3.01735,162.64589,7.689603,200.55612
1711,2025-09-09 07:00:00+05:30,3.550155,210.46547,5.495161,211.60745
1712,2025-09-09 08:00:00+05:30,5.369916,219.55963,6.9153743,218.65984
1713,2025-09-09 09:00:00+05:30,4.863332,218.991,6.269067,219.17365
1714,2025-09-09 10:00:00+05:30,4.6277857,193.49574,5.7628117,194.47034
1715,2025-09-09 11:00:00+05:30,5.0432134,177.95464,6.482499,178.40889
1716,2025-09-09 12:00:00+05:30,6.4799995,180.0,8.461914,178.78116
1717,2025-09-09 13:00:00+05:30,7.3799996,192.68037,9.56713,191.94415
1718,2025-09-09 14:00:00+05:30,10.30883,204.77512,13.78029,203.8865
1719,2025-09-09 15:00:00+05:30,13.202726,205.8663,18.27953,205.05095
1720,2025-09-09 16:00:00+05:30,11.609651,209.7448,18.218275,209.60435
1721,2025-09-09 17:00:00+05:30,9.913082,209.35765,18.689688,208.78651
1722,2025-09-09 18:00:00+05:30,5.0142193,201.03758,14.4415655,202.72977
1723,2025-09-09 19:00:00+05:30,5.637765,196.69933,15.611304,200.94272
1724,2025-09-09 20:00:00+05:30,6.130579,183.3664,16.21699,188.93948
1725,2025-09-09 21:00:00+05:30,7.1661706,191.59215,17.94411,193.33926
1726,2025-09-09 22:00:00+05:30,6.603817,197.44728,17.193533,199.57321
1727,2025-09-09 23:00:00+05:30,6.5520988,195.94547,16.947742,202.47948
1728,2025-09-10 00:00:00+05:30,5.634891,206.56499,16.1198,209.42737
1729,2025-09-10 01:00:00+05:30,5.3426957,212.61923,15.552041,217.00261
1730,2025-09-10 02:00:00+05:30,4.91634,203.7495,14.57889,212.90524
1731,2025-09-10 03:00:00+05:30,4.542994,213.6901,13.213765,217.8066
1732,2025-09-10 04:00:00+05:30,4.2481523,216.38445,12.483748,222.66266
1733,2025-09-10 05:00:00+05:30,4.4456716,211.75943,12.870944,222.16582
1734,2025-09-10 06:00:00+05:30,4.2175345,219.80553,11.457958,223.72705
1735,2025-09-10 07:00:00+05:30,5.318383,246.0375,7.889259,242.8504
1736,2025-09-10 08:00:00+05:30,7.538541,236.68936,10.134495,236.59215
1737,2025-09-10 09:00:00+05:30,6.114703,227.38597,8.027678,227.72636
1738,2025-09-10 10:00:00+05:30,4.613762,200.55612,5.815978,201.80147
1739,2025-09-10 11:00:00+05:30,3.9518096,210.0685,5.00128,210.25635
1740,2025-09-10 12:00:00+05:30,4.278551,194.62091,5.4149795,195.42223
1741,2025-09-10 13:00:00+05:30,6.638072,192.5288,8.513448,193.44862
1742,2025-09-10 14:00:00+05:30,8.669949,184.76355,11.098865,188.39284
1743,2025-09-10 15:00:00+05:30,12.287555,185.04236,17.214249,186.60474
1744,2025-09-10 16:00:00+05:30,11.196231,184.61057,17.571909,186.46973
1745,2025-09-10 17:00:00+05:30,9.354806,191.09369,18.430452,192.40741
1746,2025-09-10 18:00:00+05:30,6.689125,203.80595,16.021011,207.42865
1747,2025-09-10 19:00:00+05:30,6.9270773,204.56715,16.584438,205.73065
1748,2025-09-10 20:00:00+05:30,6.1437774,211.82741,16.299694,210.52963
1749,2025-09-10 21:00:00+05:30,4.613762,200.55612,13.527572,205.2011
1750,2025-09-10 22:00:00+05:30,5.6521144,189.16228,14.857362,199.09358
1751,2025-09-10 23:00:00+05:30,5.068846,196.50444,14.584443,204.03429
1752,2025-09-11 00:00:00+05:30,4.379589,189.46225,13.1041975,200.92458
1753,2025-09-11 01:00:00+05:30,4.7657523,190.88548,13.672893,200.82097
1754,2025-09-11 02:00:00+05:30,4.2021422,189.86574,12.601285,201.80147
1755,2025-09-11 03:00:00+05:30,3.6447225,147.09476,9.582359,185.38922
1756,2025-09-11 04:00:00+05:30,3.9966483,144.16226,9.826088,171.57312
1757,2025-09-11 05:00:00+05:30,3.4949677,168.11136,10.266314,182.0095
1758,2025-09-11 06:00:00+05:30,0.17999999,360.0,2.6999998,216.86998
1759,2025-09-11 07:00:00+05:30,1.8532133,29.054508,1.8532133,29.054508
1760,2025-09-11 08:00:00+05:30,1.3104197,105.945465,1.4058449,129.80553
1761,2025-09-11 09:00:00+05:30,4.4565907,136.63654,5.3517847,137.72638
1762,2025-09-11 10:00:00+05:30,5.1575575,150.75127,6.452441,149.8587
1763,2025-09-11 11:00:00+05:30,3.8856654,193.39252,4.6277857,193.49574
1764,2025-09-11 12:00:00+05:30,9.178235,131.82008,14.021525,138.12222
1765,2025-09-11 13:00:00+05:30,6.603817,197.44728,9.299225,194.57425
1766,2025-09-11 14:00:00+05:30,4.1085763,118.8107,5.441838,124.21575
1767,2025-09-11 15:00:00+05:30,5.5887027,165.06853,7.771331,166.60748
1768,2025-09-11 16:00:00+05:30,8.821836,181.16911,12.611567,182.45398
1769,2025-09-11 17:00:00+05:30,8.027678,137.72638,13.896187,143.42688
1770,2025-09-11 18:00:00+05:30,5.3457265,135.0001,12.961249,142.33432
1771,2025-09-11 19:00:00+05:30,7.5363917,139.84407,17.604149,142.89568
1772,2025-09-11 20:00:00+05:30,7.344794,143.97253,17.688606,148.73633
1773,2025-09-11 21:00:00+05:30,6.7205353,159.62349,16.454994,160.17744
1774,2025-09-11 22:00:00+05:30,5.4744864,152.59251,14.288191,160.88019
1775,2025-09-11 23:00:00+05:30,5.920878,160.46326,15.111424,167.61925
1776,2025-09-12 00:00:00+05:30,4.514377,156.50142,13.926464,165.78412
1777,2025-09-12 01:00:00+05:30,4.5,233.13002,11.113451,204.90474
1778,2025-09-12 02:00:00+05:30,7.42159,247.1663,13.799087,239.42085
1779,2025-09-12 03:00:00+05:30,1.2074767,243.43501,2.8460495,235.30478
1780,2025-09-12 04:00:00+05:30,0.5091169,44.999897,1.8089776,275.7105
1781,2025-09-12 05:00:00+05:30,4.8899083,83.659904,8.149847,83.659904
1782,2025-09-12 06:00:00+05:30,2.19718,124.992096,3.4623692,152.10283
1783,2025-09-12 07:00:00+05:30,4.072935,135.0001,5.3517847,137.72638
1784,2025-09-12 08:00:00+05:30,4.080882,131.42357,5.0975285,132.13753
1785,2025-09-12 09:00:00+05:30,6.391901,122.34742,7.9383874,122.969406
1786,2025-09-12 10:00:00+05:30,6.2379804,133.83095,7.7650757,134.0609
1787,2025-09-12 11:00:00+05:30,7.029225,140.19447,8.827344,140.79282
1788,2025-09-12 12:00:00+05:30,9.028754,113.49858,12.659004,119.84584
1789,2025-09-12 13:00:00+05:30,3.0652895,86.63361,4.445672,111.3707
1790,2025-09-12 14:00:00+05:30,14.589996,182.12105,18.930832,183.27042
1791,2025-09-12 15:00:00+05:30,3.3043609,240.64233,5.5450516,215.75398
1792,2025-09-12 16:00:00+05:30,1.7727944,66.037506,2.4014995,102.99462
1793,2025-09-12 17:00:00+05:30,5.4744864,133.66785,9.9,143.13002
1794,2025-09-12 18:00:00+05:30,2.7416782,113.19862,8.415842,138.46832
1795,2025-09-12 19:00:00+05:30,2.4149535,116.56499,8.049845,153.43501
1796,2025-09-12 20:00:00+05:30,3.462369,98.97255,8.654987,135.0001
1797,2025-09-12 21:00:00+05:30,4.0249224,100.30479,10.233123,129.28938
1798,2025-09-12 22:00:00+05:30,4.863332,128.991,13.684735,144.63745
1799,2025-09-12 23:00:00+05:30,6.1305785,139.76372,15.96327,150.2552
1800,2025-09-13 00:00:00+05:30,7.329338,155.32315,17.48596,159.51291
1801,2025-09-13 01:00:00+05:30,5.315336,151.69934,15.086748,160.48404
1802,2025-09-13 02:00:00+05:30,4.942631,146.88864,14.1102085,156.70541
1803,2025-09-13 03:00:00+05:30,4.471107,139.89915,12.976239,156.2796
1804,2025-09-13 04:00:00+05:30,4.471107,130.10085,12.383424,147.46495
1805,2025-09-13 05:00:00+05:30,4.4456716,121.75944,12.007498,139.86458
1806,2025-09-13 06:00:00+05:30,6.391901,122.34742,13.14,138.888
1807,2025-09-13 07:00:00+05:30,5.257109,128.04709,8.783189,134.16977
1808,2025-09-13 08:00:00+05:30,8.43699,146.3099,11.453715,149.80847
1809,2025-09-13 09:00:00+05:30,8.688613,129.95749,11.466438,132.45515
1810,2025-09-13 10:00:00+05:30,6.945761,121.218346,8.78872,124.992096
1811,2025-09-13 11:00:00+05:30,12.410866,160.51378,15.844089,158.68202
1812,2025-09-13 12:00:00+05:30,7.0015144,162.03076,12.224107,166.37299
1813,2025-09-13 13:00:00+05:30,2.4482648,126.027466,3.9640884,140.52757
1814,2025-09-13 14:00:00+05:30,9.56713,168.05585,12.496719,168.3664
1815,2025-09-13 15:00:00+05:30,6.489992,183.17976,9.5416975,181.0809
1816,2025-09-13 16:00:00+05:30,6.5049515,165.5792,10.03167,170.70677
1817,2025-09-13 17:00:00+05:30,5.0688457,173.8846,11.7,180.0
1818,2025-09-13 18:00:00+05:30,4.510787,151.38963,11.897714,169.54015
1819,2025-09-13 19:00:00+05:30,4.978554,130.60121,12.72283,154.8852
1820,2025-09-13 20:00:00+05:30,4.5,126.86999,12.383424,147.46495
1821,2025-09-13 21:00:00+05:30,6.489992,146.3099,15.463246,155.22488
1822,2025-09-13 22:00:00+05:30,6.361415,154.8852,16.224981,162.57005
1823,2025-09-13 23:00:00+05:30,5.7628117,165.52966,15.606114,172.71114
1824,2025-09-14 00:00:00+05:30,5.950899,176.53185,15.865546,183.25188
1825,2025-09-14 01:00:00+05:30,7.4346757,186.95287,17.637245,194.1781
1826,2025-09-14 02:00:00+05:30,5.1197267,190.1246,14.799459,198.43504
1827,2025-09-14 03:00:00+05:30,4.412754,191.76826,13.504799,201.0924
1828,2025-09-14 04:00:00+05:30,4.323748,177.6141,12.487641,195.03787
1829,2025-09-14 05:00:00+05:30,3.9763298,174.80566,11.448055,196.44046
1830,2025-09-14 06:00:00+05:30,4.323748,177.6141,10.365251,200.32323
1831,2025-09-14 07:00:00+05:30,4.2021422,189.86574,7.072878,194.7436
1832,2025-09-14 08:00:00+05:30,5.6521144,189.16228,8.049845,190.3048
1833,2025-09-14 09:00:00+05:30,5.8104043,196.18927,7.6409945,195.01842
1834,2025-09-14 10:00:00+05:30,4.7657523,169.11452,6.037383,169.6952
1835,2025-09-14 11:00:00+05:30,10.310403,196.22026,12.535548,195.83246
1836,2025-09-14 12:00:00+05:30,9.418661,206.0753,13.615902,204.1932
1837,2025-09-14 13:00:00+05:30,4.514377,175.42616,7.7588143,176.00917
1838,2025-09-14 14:00:00+05:30,8.821836,178.83089,12.245294,178.31535
1839,2025-09-14 15:00:00+05:30,8.827344,177.66275,12.791403,177.58054
1840,2025-09-14 16:00:00+05:30,10.449306,190.92276,17.106628,188.47105
1841,2025-09-14 17:00:00+05:30,8.865799,185.82625,16.724508,188.0428
1842,2025-09-14 18:00:00+05:30,5.293959,125.311295,12.830604,145.86401
1843,2025-09-14 19:00:00+05:30,6.2405767,146.76828,15.056652,152.20966
1844,2025-09-14 20:00:00+05:30,6.5248446,155.55606,15.486278,160.30128
1845,2025-09-14 21:00:00+05:30,6.452441,149.8587,15.481046,156.71391
1846,2025-09-14 22:00:00+05:30,6.725354,164.47583,16.572712,171.25392
1847,2025-09-14 23:00:00+05:30,6.7469993,170.78905,16.38099,180.62958
1848,2025-09-15 00:00:00+05:30,7.0223074,181.46877,16.546299,188.13002
1849,2025-09-15 01:00:00+05:30,7.247096,165.61858,15.841023,179.34895
1850,2025-09-15 02:00:00+05:30,10.449306,169.07724,20.00026,177.42091
1851,2025-09-15 03:00:00+05:30,8.731391,194.32275,15.767219,198.64189
1852,2025-09-15 04:00:00+05:30,7.6388745,145.56096,12.313893,164.74483
1853,2025-09-15 05:00:00+05:30,2.7238941,187.59456,5.6835546,190.95403
1854,2025-09-15 06:00:00+05:30,9.028754,156.50142,16.486465,169.30354
1855,2025-09-15 07:00:00+05:30,5.0975285,137.86247,6.8423676,144.63745
1856,2025-09-15 08:00:00+05:30,3.096837,125.537766,5.0911684,135.0001
1857,2025-09-15 09:00:00+05:30,10.440001,180.0,13.870515,182.23112
1858,2025-09-15 10:00:00+05:30,7.3997297,184.18483,9.746631,184.23631
1859,2025-09-15 11:00:00+05:30,8.482947,197.28159,12.303366,200.55612
1860,2025-09-15 12:00:00+05:30,8.790563,190.6196,12.32047,191.80241
1861,2025-09-15 13:00:00+05:30,6.2145634,190.00792,8.049845,190.3048
1862,2025-09-15 14:00:00+05:30,11.811622,187.88304,15.299999,188.79733
1863,2025-09-15 15:00:00+05:30,8.049845,190.3048,11.811622,187.88304
1864,2025-09-15 16:00:00+05:30,10.316686,186.00891,17.134071,189.06642
1865,2025-09-15 17:00:00+05:30,9.9977,193.53587,17.161469,192.72435
1866,2025-09-15 18:00:00+05:30,10.920824,171.46931,21.782974,179.05307
1867,2025-09-15 19:00:00+05:30,11.252519,187.35228,20.364674,188.13002
1868,2025-09-15 20:00:00+05:30,11.659777,171.11942,21.791899,178.10666
1869,2025-09-15 21:00:00+05:30,11.165805,159.22766,21.479666,166.42955
1870,2025-09-15 22:00:00+05:30,11.448055,163.55954,22.004951,166.75948
1871,2025-09-15 23:00:00+05:30,12.549757,171.75377,23.356342,173.8062
1872,2025-09-16 00:00:00+05:30,8.211235,153.9967,17.258425,163.6441
1873,2025-09-16 01:00:00+05:30,12.472065,200.26578,22.39608,201.20288
1874,2025-09-16 02:00:00+05:30,8.6867485,185.94676,16.65754,186.20335
1875,2025-09-16 03:00:00+05:30,7.628263,199.29015,16.67795,198.23949
1876,2025-09-16 04:00:00+05:30,4.2366967,167.73524,9.826088,188.42688
1877,2025-09-16 05:00:00+05:30,5.7176566,151.8215,10.873251,160.6651
1878,2025-09-16 06:00:00+05:30,9.746631,184.23631,16.85669,186.74548
1879,2025-09-16 07:00:00+05:30,12.882267,195.3956,20.275385,196.50444
1880,2025-09-16 08:00:00+05:30,11.334285,200.44963,16.285772,200.0373
1881,2025-09-16 09:00:00+05:30,9.605998,192.99461,13.009903,194.4208
1882,2025-09-16 10:00:00+05:30,11.901798,183.46815,15.922626,185.8394
1883,2025-09-16 11:00:00+05:30,13.138765,189.46225,17.873556,189.27252
1884,2025-09-16 12:00:00+05:30,12.906138,188.017,17.489666,188.88058
1885,2025-09-16 13:00:00+05:30,15.070633,209.32037,20.288164,207.47435
1886,2025-09-16 14:00:00+05:30,11.052058,196.07364,15.503006,195.48856
1887,2025-09-16 15:00:00+05:30,13.491597,193.1092,20.431387,194.28113
1888,2025-09-16 16:00:00+05:30,15.697197,206.56499,25.360205,207.47435
1889,2025-09-16 17:00:00+05:30,9.181765,181.12328,18.151463,187.40681
1890,2025-09-16 18:00:00+05:30,9.726665,177.87895,20.583847,184.5139
1891,2025-09-16 19:00:00+05:30,8.4042845,170.13426,18.374111,182.2457
1892,2025-09-16 20:00:00+05:30,9.860649,158.58696,19.959719,172.7469
1893,2025-09-16 21:00:00+05:30,9.54679,177.83897,20.211363,184.08554
1894,2025-09-16 22:00:00+05:30,9.605998,167.00539,19.672771,175.80241
1895,2025-09-16 23:00:00+05:30,11.276968,171.74065,21.978434,177.65318
1896,2025-09-17 00:00:00+05:30,9.926147,175.84044,20.167229,181.5343
1897,2025-09-17 01:00:00+05:30,10.621525,180.971,21.36851,186.2868
1898,2025-09-17 02:00:00+05:30,11.799271,201.47685,22.881958,204.14554
1899,2025-09-17 03:00:00+05:30,9.668195,208.9509,19.976755,212.1148
1900,2025-09-17 04:00:00+05:30,8.2584505,200.40997,17.551615,205.51382
1901,2025-09-17 05:00:00+05:30,4.8733153,184.23631,14.192631,195.44638
1902,2025-09-17 06:00:00+05:30,8.936778,170.72748,18.18,180.0
1903,2025-09-17 07:00:00+05:30,10.120098,185.10208,15.122143,188.90164
1904,2025-09-17 08:00:00+05:30,9.181765,178.87672,12.241323,180.8425
1905,2025-09-17 09:00:00+05:30,9.321845,169.99208,12.346741,172.46065
1906,2025-09-17 10:00:00+05:30,11.074022,172.52853,14.292725,174.2177
1907,2025-09-17 11:00:00+05:30,10.819482,225.67395,14.428097,220.44615
1908,2025-09-17 12:00:00+05:30,10.390226,165.96373,15.215058,169.08891
1909,2025-09-17 13:00:00+05:30,4.896529,197.10281,7.458606,199.74693
1910,2025-09-17 14:00:00+05:30,8.12197,192.80426,11.177405,194.93147
1911,2025-09-17 15:00:00+05:30,11.966953,201.16133,16.78156,202.71445
1912,2025-09-17 16:00:00+05:30,14.33347,215.28683,22.682856,215.9606
1913,2025-09-17 17:00:00+05:30,9.761578,202.78244,19.643105,207.2694
1914,2025-09-17 18:00:00+05:30,10.03167,189.29323,22.277134,195.94547
1915,2025-09-17 19:00:00+05:30,8.909545,188.13002,21.362442,196.14441
1916,2025-09-17 20:00:00+05:30,6.8423676,181.5074,18.25026,194.85866
1917,2025-09-17 21:00:00+05:30,5.937272,194.03627,17.63816,204.73428
1918,2025-09-17 22:00:00+05:30,6.4799995,180.0,17.878994,196.97559
1919,2025-09-17 23:00:00+05:30,6.162207,186.70975,17.823637,200.08206
1920,2025-09-18 00:00:00+05:30,5.5887027,194.93147,16.825909,207.38733
1921,2025-09-18 01:00:00+05:30,6.21717,202.1095,18.089775,211.15924
1922,2025-09-18 02:00:00+05:30,6.341009,214.59235,18.553974,219.09386
1923,2025-09-18 03:00:00+05:30,6.6624317,218.41809,18.98552,222.31017
1924,2025-09-18 04:00:00+05:30,7.9567327,217.64769,20.558647,220.38358
1925,2025-09-18 05:00:00+05:30,7.3094187,217.99878,19.523983,220.88768
1926,2025-09-18 06:00:00+05:30,10.435344,194.99513,19.75905,203.06155
1927,2025-09-18 07:00:00+05:30,8.557102,202.24907,12.71901,206.9276
1928,2025-09-18 08:00:00+05:30,9.726664,218.991,13.393983,221.18584
1929,2025-09-18 09:00:00+05:30,11.212135,222.39738,15.405519,223.5798
1930,2025-09-18 10:00:00+05:30,9.9408245,222.06425,13.379461,222.27362
1931,2025-09-18 11:00:00+05:30,9.396275,216.43095,11.844492,216.34755
1932,2025-09-18 12:00:00+05:30,8.936778,214.33028,11.236671,215.21768
1933,2025-09-18 13:00:00+05:30,10.7894945,207.84749,13.776762,208.90909
1934,2025-09-18 14:00:00+05:30,10.966713,246.80138,15.426535,235.93904
1935,2025-09-18 15:00:00+05:30,8.131936,264.92047,11.792404,257.66092
1936,2025-09-18 16:00:00+05:30,4.080882,221.42357,5.5450516,215.75398
1937,2025-09-18 17:00:00+05:30,2.995797,237.26477,9.059205,229.02835
1938,2025-09-18 18:00:00+05:30,5.232399,183.94511,14.465102,196.63103
1939,2025-09-18 19:00:00+05:30,4.913044,171.57312,13.556282,190.71307
1940,2025-09-18 20:00:00+05:30,5.04,180.0,14.178928,188.02715
1941,2025-09-18 21:00:00+05:30,5.6835546,169.04597,15.188415,185.44025
1942,2025-09-18 22:00:00+05:30,5.4744864,189.46225,15.885956,199.87227
1943,2025-09-18 23:00:00+05:30,4.6800003,202.6199,13.538345,215.80344
1944,2025-09-19 00:00:00+05:30,2.3051248,231.34016,10.957846,222.33694
1945,2025-09-19 01:00:00+05:30,2.97953,334.98312,5.5596404,299.0545
1946,2025-09-19 02:00:00+05:30,0.0,270.0,4.1046314,232.12495
1947,2025-09-19 03:00:00+05:30,1.0495713,120.96369,5.9617786,208.88649
1948,2025-09-19 04:00:00+05:30,2.7416782,156.80138,8.133928,204.86368
1949,2025-09-19 05:00:00+05:30,2.6758924,160.34608,8.0599,203.70265
1950,2025-09-19 06:00:00+05:30,6.519877,173.6599,14.009968,200.29765
1951,2025-09-19 07:00:00+05:30,5.020677,165.4655,7.7588143,176.00917
1952,2025-09-19 08:00:00+05:30,6.889557,199.8553,9.059205,200.95586
1953,2025-09-19 09:00:00+05:30,4.3832865,199.17911,5.5216303,199.0257
1954,2025-09-19 10:00:00+05:30,1.484318,194.03627,2.0124612,190.3048
1955,2025-09-19 11:00:00+05:30,5.8852015,66.5713,7.4867883,62.818974
1956,2025-09-19 12:00:00+05:30,2.1674871,4.763556,3.189608,16.389616
1957,2025-09-19 13:00:00+05:30,4.471107,220.10085,6.248359,221.49637
1958,2025-09-19 14:00:00+05:30,7.8149853,231.54626,10.094454,230.06367
1959,2025-09-19 15:00:00+05:30,4.7827187,250.20103,6.151683,249.44386
1960,2025-09-19 16:00:00+05:30,6.6087217,240.64233,9.511088,240.5242
1961,2025-09-19 17:00:00+05:30,3.244996,236.3099,8.490582,237.99466
1962,2025-09-19 18:00:00+05:30,5.2939587,162.18102,10.4166975,189.95056
1963,2025-09-19 19:00:00+05:30,3.964089,177.39749,9.96524,196.79845
1964,2025-09-19 20:00:00+05:30,3.9844694,198.43504,9.927779,202.38017
1965,2025-09-19 21:00:00+05:30,4.2136917,199.9832,11.866355,202.28563
1966,2025-09-19 22:00:00+05:30,3.8773184,248.19853,11.079873,226.97493
1967,2025-09-19 23:00:00+05:30,3.0758414,249.44386,9.885262,236.88864
1968,2025-09-20 00:00:00+05:30,2.226477,255.96373,8.707237,240.2552
1969,2025-09-20 01:00:00+05:30,3.4388947,317.1211,8.163749,284.03625
1970,2025-09-20 02:00:00+05:30,4.3498964,335.55606,10.152064,322.92685
1971,2025-09-20 03:00:00+05:30,3.438895,353.9911,9.391102,347.82855
1972,2025-09-20 04:00:00+05:30,3.143565,23.629398,8.297589,12.528798
1973,2025-09-20 05:00:00+05:30,2.9301877,42.510403,8.53815,34.69522
1974,2025-09-20 06:00:00+05:30,1.98,90.0,3.6402748,8.530692
1975,2025-09-20 07:00:00+05:30,1.835647,78.6901,2.0991426,59.03632
1976,2025-09-20 08:00:00+05:30,5.937272,75.96373,7.8149853,75.32356
1977,2025-09-20 09:00:00+05:30,5.6521144,99.16227,7.486788,99.68872
1978,2025-09-20 10:00:00+05:30,3.2599385,96.340096,3.9966488,97.76508
1979,2025-09-20 11:00:00+05:30,2.50064,120.256355,3.096837,125.537766
1980,2025-09-20 12:00:00+05:30,1.2074767,63.435013,1.5379207,69.44387
1981,2025-09-20 13:00:00+05:30,2.8856194,3.5762644,3.4247334,3.0127327
1982,2025-09-20 14:00:00+05:30,4.514377,274.57382,5.4477882,277.59454
1983,2025-09-20 15:00:00+05:30,5.293959,144.6887,6.603817,162.55272
1984,2025-09-20 16:00:00+05:30,6.7205353,200.37651,10.163227,202.93213
1985,2025-09-20 17:00:00+05:30,7.5170207,196.69933,11.1090765,206.98015
1986,2025-09-20 18:00:00+05:30,2.5959969,236.3099,6.8423676,243.43501
1987,2025-09-20 19:00:00+05:30,3.550155,210.46547,8.161764,221.42357
1988,2025-09-20 20:00:00+05:30,1.9469976,236.3099,6.156947,232.12495
1989,2025-09-20 21:00:00+05:30,1.4512063,240.2552,5.4744864,242.5925
1990,2025-09-20 22:00:00+05:30,2.1068459,289.9832,5.8298883,278.88058
1991,2025-09-20 23:00:00+05:30,3.143565,293.6294,7.8625183,285.94547
1992,2025-09-21 00:00:00+05:30,3.143565,283.24054,8.37532,278.65247
1993,2025-09-21 01:00:00+05:30,3.9966483,305.83774,10.228373,298.36896
1994,2025-09-21 02:00:00+05:30,3.8183763,315.0001,9.840914,309.8055
1995,2025-09-21 03:00:00+05:30,4.1125174,336.8014,10.534229,326.853
1996,2025-09-21 04:00:00+05:30,3.9477081,335.77228,10.948973,332.5925
1997,2025-09-21 05:00:00+05:30,2.657668,28.30066,7.7400002,360.0
1998,2025-09-21 06:00:00+05:30,3.319036,12.528798,6.162207,6.70975
1999,2025-09-21 07:00:00+05:30,4.3573384,38.290207,6.090812,34.159744
2000,2025-09-21 08:00:00+05:30,3.7842832,64.65388,4.829907,63.435013
2001,2025-09-21 09:00:00+05:30,3.319036,49.398785,3.9640884,50.52757
2002,2025-09-21 10:00:00+05:30,4.143911,304.3804,5.1481256,306.46933
2003,2025-09-21 11:00:00+05:30,1.5484185,35.537766,1.7727944,23.962492
2004,2025-09-21 12:00:00+05:30,1.2979984,56.309914,1.5484185,54.46224
2005,2025-09-21 13:00:00+05:30,0.742159,345.9637,1.0495713,329.03632
2006,2025-09-21 14:00:00+05:30,1.7076298,161.56496,2.0523157,164.74483
2007,2025-09-21 15:00:00+05:30,3.3043609,150.64235,4.1125174,156.80139
2008,2025-09-21 16:00:00+05:30,3.244996,266.82022,3.8856654,256.60748
2009,2025-09-21 17:00:00+05:30,3.8268526,221.18582,9.807935,227.23119
2010,2025-09-21 18:00:00+05:30,6.2067385,209.53868,11.799271,201.47685
2011,2025-09-21 19:00:00+05:30,9.236298,213.07068,16.595179,220.60121
2012,2025-09-21 20:00:00+05:30,5.6233797,230.19447,12.229406,227.38597
2013,2025-09-21 21:00:00+05:30,6.21717,247.8905,14.092978,241.79846
2014,2025-09-21 22:00:00+05:30,5.0816135,247.06787,13.121493,243.08353
2015,2025-09-21 23:00:00+05:30,5.2694216,277.8532,13.493999,260.78903
2016,2025-09-22 00:00:00+05:30,5.0816135,292.93213,13.229694,284.9817
2017,2025-09-22 01:00:00+05:30,4.5891175,311.82007,11.855429,300.06848
2018,2025-09-22 02:00:00+05:30,4.669604,332.44727,11.854062,318.07755
2019,2025-09-22 03:00:00+05:30,4.9785542,347.4712,12.466867,342.34976
2020,2025-09-22 04:00:00+05:30,4.2366967,347.73523,11.226575,347.96942
2021,2025-09-22 05:00:00+05:30,3.5864744,17.52567,9.255571,13.495748
2022,2025-09-22 06:00:00+05:30,6.12,28.072395,11.465024,22.135553
2023,2025-09-22 07:00:00+05:30,5.00128,59.743652,7.689603,57.42595
2024,2025-09-22 08:00:00+05:30,4.5891175,48.179924,6.623413,47.20262
2025,2025-09-22 09:00:00+05:30,6.8919086,49.236485,9.432412,48.09414
2026,2025-09-22 10:00:00+05:30,5.0911684,81.86999,7.102591,81.25392
2027,2025-09-22 11:00:00+05:30,3.06,180.0,3.7971036,174.55975
2028,2025-09-22 12:00:00+05:30,3.9312592,74.054535,4.6730714,74.3577
2029,2025-09-22 13:00:00+05:30,5.5596404,60.94549,7.327127,62.17599
2030,2025-09-22 14:00:00+05:30,2.4014995,347.00537,3.319036,347.4712
2031,2025-09-22 15:00:00+05:30,3.4576871,308.65982,4.8433046,311.98712
2032,2025-09-22 16:00:00+05:30,2.1674871,274.76355,2.9301877,280.6196
2033,2025-09-22 17:00:00+05:30,5.506941,258.6901,9.181765,268.8767
2034,2025-09-22 18:00:00+05:30,4.503598,177.70944,7.922045,181.30193
2035,2025-09-22 19:00:00+05:30,3.8647635,207.75845,7.7879906,213.6901
2036,2025-09-22 20:00:00+05:30,3.671294,191.30989,7.841887,211.86594
2037,2025-09-22 21:00:00+05:30,3.319036,257.4712,7.4932766,245.89777
2038,2025-09-22 22:00:00+05:30,1.3104197,15.945477,5.3699164,256.42953
2039,2025-09-22 23:00:00+05:30,0.742159,75.96373,2.2768397,251.56496
2040,2025-09-23 00:00:00+05:30,2.0991426,239.0363,4.6800003,247.3801
2041,2025-09-23 01:00:00+05:30,3.7971041,301.4295,8.431228,286.1135
2042,2025-09-23 02:00:00+05:30,0.8049845,116.56499,3.244996,273.17978
2043,2025-09-23 03:00:00+05:30,1.1384199,71.564964,1.484318,284.03625
2044,2025-09-23 04:00:00+05:30,3.9518096,59.93151,4.2481523,36.38445
2045,2025-09-23 05:00:00+05:30,8.2584505,73.53991,14.36621,74.74483
2046,2025-09-23 06:00:00+05:30,7.653705,138.81418,14.138882,148.5359
2047,2025-09-23 07:00:00+05:30,9.54,121.890755,17.703253,132.9399
2048,2025-09-23 08:00:00+05:30,11.282711,123.94363,17.604149,127.10432
2049,2025-09-23 09:00:00+05:30,12.399113,129.69904,18.999168,131.54329
2050,2025-09-23 10:00:00+05:30,12.632101,147.21573,18.32202,146.62215
2051,2025-09-23 11:00:00+05:30,12.879752,153.43501,17.146358,153.16603
2052,2025-09-23 12:00:00+05:30,11.132385,157.1663,14.74902,156.2505
2053,2025-09-23 13:00:00+05:30,9.741642,152.48808,12.55879,152.70052
2054,2025-09-23 14:00:00+05:30,11.252519,172.64772,15.808263,172.14677
2055,2025-09-23 15:00:00+05:30,12.267762,194.44408,18.0,196.26028
2056,2025-09-23 16:00:00+05:30,8.163749,165.96373,14.041154,179.2655
2057,2025-09-23 17:00:00+05:30,5.7964473,154.23073,13.533558,166.14856
2058,2025-09-23 18:00:00+05:30,2.4482646,72.89719,7.256032,150.2552
2059,2025-09-23 19:00:00+05:30,1.08,90.0,7.2805495,171.46931
2060,2025-09-23 20:00:00+05:30,3.189608,73.61038,7.382195,135.0001
2061,2025-09-23 21:00:00+05:30,3.9763298,84.805664,8.694204,117.095474
2062,2025-09-23 22:00:00+05:30,4.060985,77.19574,8.709098,108.06056
2063,2025-09-23 23:00:00+05:30,4.327493,73.07241,9.531505,100.88548
2064,2025-09-24 00:00:00+05:30,4.4274144,63.435013,9.181765,91.12328
2065,2025-09-24 01:00:00+05:30,5.154415,65.22488,10.658068,85.15609
2066,2025-09-24 02:00:00+05:30,5.072041,62.525658,12.224107,76.37299
2067,2025-09-24 03:00:00+05:30,5.072041,62.525658,13.379461,72.783844
2068,2025-09-24 04:00:00+05:30,5.920878,70.46326,14.827893,79.50858
2069,2025-09-24 05:00:00+05:30,6.9480934,73.442856,16.21699,81.06052
2070,2025-09-24 06:00:00+05:30,7.1661706,78.40785,15.710607,85.399994
2071,2025-09-24 07:00:00+05:30,7.3821945,91.39715,10.823973,93.814
2072,2025-09-24 08:00:00+05:30,8.967541,100.40766,12.074766,100.30479
2073,2025-09-24 09:00:00+05:30,11.276968,98.25935,14.178928,98.027145
2074,2025-09-24 10:00:00+05:30,8.707238,97.12492,12.074766,100.30479
2075,2025-09-24 11:00:00+05:30,8.581677,99.65983,11.367109,100.95402
2076,2025-09-24 12:00:00+05:30,7.731622,102.09474,9.9977,103.53587
2077,2025-09-24 13:00:00+05:30,8.461914,91.21885,10.621525,90.971
2078,2025-09-24 14:00:00+05:30,5.1575575,209.24873,6.689125,203.80595
2079,2025-09-24 15:00:00+05:30,1.9386592,248.19853,1.5484185,234.46223
2080,2025-09-24 16:00:00+05:30,2.3469126,94.39862,3.6179552,95.7105
2081,2025-09-24 17:00:00+05:30,1.659518,49.398785,4.175069,82.56869
2082,2025-09-24 18:00:00+05:30,3.0652895,93.366394,7.596341,103.706985
2083,2025-09-24 19:00:00+05:30,2.1749482,65.55606,6.3639607,118.7397
2084,2025-09-24 20:00:00+05:30,1.7727944,23.962492,3.671294,101.3099
2085,2025-09-24 21:00:00+05:30,2.5071096,21.037588,3.4763772,68.74943
2086,2025-09-24 22:00:00+05:30,2.1749482,24.443953,3.5864744,72.47434
2087,2025-09-24 23:00:00+05:30,3.7971041,31.429514,6.3639607,61.26031
2088,2025-09-25 00:00:00+05:30,3.9477081,24.227736,7.519175,47.91091
2089,2025-09-25 01:00:00+05:30,4.755544,29.475794,11.334285,43.06944
2090,2025-09-25 02:00:00+05:30,4.4456716,31.75944,11.200571,44.999897
2091,2025-09-25 03:00:00+05:30,5.1165614,39.289394,12.632101,49.044586
2092,2025-09-25 04:00:00+05:30,4.8366103,44.999897,12.682018,55.407658
2093,2025-09-25 05:00:00+05:30,4.471107,49.899166,11.996699,62.281586
2094,2025-09-25 06:00:00+05:30,5.9427266,54.865723,13.779114,70.1447
2095,2025-09-25 07:00:00+05:30,4.542994,56.3099,8.225035,66.80139
2096,2025-09-25 08:00:00+05:30,6.206738,73.14152,8.209263,74.74483
2097,2025-09-25 09:00:00+05:30,9.187056,92.2457,12.0720825,92.56372
2098,2025-09-25 10:00:00+05:30,7.7420926,88.667816,10.261578,88.99494
2099,2025-09-25 11:00:00+05:30,6.8423676,91.50741,9.0,90.0
2100,2025-09-25 12:00:00+05:30,6.6185193,112.38018,8.596766,109.57322
2101,2025-09-25 13:00:00+05:30,6.7853074,111.801476,8.777654,118.14151
2102,2025-09-25 14:00:00+05:30,9.580668,154.39786,12.483749,155.28258
2103,2025-09-25 15:00:00+05:30,9.854075,189.46225,13.797912,187.49576
2104,2025-09-25 16:00:00+05:30,4.846648,201.80147,6.7853074,201.80147
2105,2025-09-25 17:00:00+05:30,1.835647,281.3099,4.0449963,249.14546
2106,2025-09-25 18:00:00+05:30,8.287822,92.4895,11.225132,74.18075
2107,2025-09-25 19:00:00+05:30,9.0018,78.46541,15.552041,73.87235
2108,2025-09-25 20:00:00+05:30,5.937272,75.96373,11.588701,83.75819
2109,2025-09-25 21:00:00+05:30,1.2727921,351.87,3.8647635,27.758451
2110,2025-09-25 22:00:00+05:30,1.3104197,74.054535,5.3517847,47.72637
2111,2025-09-25 23:00:00+05:30,3.4388947,47.12111,8.281956,47.64261
2112,2025-09-26 00:00:00+05:30,3.148714,30.963696,7.7879906,33.6901
2113,2025-09-26 01:00:00+05:30,5.318383,23.962492,11.672275,26.564985
2114,2025-09-26 02:00:00+05:30,5.509882,38.367523,12.996201,36.552567
2115,2025-09-26 03:00:00+05:30,5.1919937,56.309914,12.932471,55.2039
2116,2025-09-26 04:00:00+05:30,7.570707,61.60708,16.1198,66.29735
2117,2025-09-26 05:00:00+05:30,8.534353,62.354122,18.519018,68.92244
2118,2025-09-26 06:00:00+05:30,12.221456,80.67649,19.559633,83.659904
2119,2025-09-26 07:00:00+05:30,12.611567,92.45398,18.762354,93.85056
2120,2025-09-26 08:00:00+05:30,13.698934,86.98728,19.813087,87.91749
2121,2025-09-26 09:00:00+05:30,16.801823,94.91648,23.828083,94.33224
2122,2025-09-26 10:00:00+05:30,17.134071,93.61381,24.395811,95.07952
2123,2025-09-26 11:00:00+05:30,16.24394,102.80426,21.887583,101.864365
2124,2025-09-26 12:00:00+05:30,19.474136,98.50449,29.053694,101.79722
2125,2025-09-26 13:00:00+05:30,10.132897,77.692,14.796175,80.19398
2126,2025-09-26 14:00:00+05:30,20.523157,111.61484,28.814058,112.39966
2127,2025-09-26 15:00:00+05:30,10.656547,105.67959,19.125793,108.094
2128,2025-09-26 16:00:00+05:30,11.103243,106.96623,18.88628,112.40989
2129,2025-09-26 17:00:00+05:30,11.440979,114.14554,21.335884,117.64589
2130,2025-09-26 18:00:00+05:30,11.276968,98.25935,21.65468,103.4587
2131,2025-09-26 19:00:00+05:30,14.292725,106.837555,26.02043,109.81388
2132,2025-09-26 20:00:00+05:30,15.589497,121.30406,27.059933,123.055824
2133,2025-09-26 21:00:00+05:30,14.021525,119.197395,24.823036,121.96131
2134,2025-09-26 22:00:00+05:30,13.141232,113.40471,23.934586,119.26377
2135,2025-09-26 23:00:00+05:30,12.864649,107.92801,23.871555,113.08516
2136,2025-09-27 00:00:00+05:30,12.016938,106.53492,22.695707,111.88585
2137,2025-09-27 01:00:00+05:30,11.052058,106.07365,21.426807,111.17581
2138,2025-09-27 02:00:00+05:30,11.51578,114.96276,21.495497,117.42326
2139,2025-09-27 03:00:00+05:30,11.688918,99.75236,21.800816,108.285446
2140,2025-09-27 04:00:00+05:30,11.391313,95.44024,22.315643,102.578926
2141,2025-09-27 05:00:00+05:30,12.549757,98.24623,23.400002,104.25006
2142,2025-09-27 06:00:00+05:30,14.275713,103.86105,24.252619,109.510895
2143,2025-09-27 07:00:00+05:30,15.83693,121.52213,23.913593,123.331245
2144,2025-09-27 08:00:00+05:30,14.20062,120.46546,19.921535,122.82854
2145,2025-09-27 09:00:00+05:30,18.102308,131.77539,25.837994,134.71777
2146,2025-09-27 10:00:00+05:30,10.993271,140.31459,14.7039175,140.46388
2147,2025-09-27 11:00:00+05:30,18.076338,141.87477,25.7041,142.96953
2148,2025-09-27 12:00:00+05:30,17.835447,132.54593,25.089828,132.96497
2149,2025-09-27 13:00:00+05:30,16.774803,146.82149,23.264608,146.67877
2150,2025-09-27 14:00:00+05:30,15.528064,145.3888,22.26768,145.53912
2151,2025-09-27 15:00:00+05:30,14.527683,146.113,20.917982,146.5834
2152,2025-09-27 16:00:00+05:30,12.172312,141.6048,20.413143,142.52374
2153,2025-09-27 17:00:00+05:30,10.441551,144.11777,20.320877,145.46527
2154,2025-09-27 18:00:00+05:30,7.889259,117.1496,18.57143,123.53607
2155,2025-09-27 19:00:00+05:30,9.252069,127.09292,21.06615,130.49501
2156,2025-09-27 20:00:00+05:30,8.536252,132.43619,20.256998,137.52087
2157,2025-09-27 21:00:00+05:30,7.9077177,131.30852,19.373219,138.01286
2158,2025-09-27 22:00:00+05:30,6.9153743,128.65984,17.515581,140.42064
2159,2025-09-27 23:00:00+05:30,6.050785,112.751015,15.629971,128.45374
2160,2025-09-28 00:00:00+05:30,5.5450516,103.13403,14.848635,120.60633
2161,2025-09-28 01:00:00+05:30,4.3536186,150.2552,12.425216,141.46979
2162,2025-09-28 02:00:00+05:30,3.143565,166.75948,10.484902,168.11136
2163,2025-09-28 03:00:00+05:30,3.8183763,98.13002,11.720751,132.5104
2164,2025-09-28 04:00:00+05:30,3.7971036,95.44024,10.897063,120.80138
2165,2025-09-28 05:00:00+05:30,4.0449963,110.854546,10.883676,124.21575
2166,2025-09-28 06:00:00+05:30,7.2,143.13002,13.929953,147.13133
2167,2025-09-28 07:00:00+05:30,6.048107,143.47105,8.53815,145.30478
2168,2025-09-28 08:00:00+05:30,6.696387,126.25393,9.109138,127.77575
2169,2025-09-28 09:00:00+05:30,8.694204,117.095474,11.435313,118.1785
2170,2025-09-28 10:00:00+05:30,8.37532,118.21727,10.874742,118.68605
2171,2025-09-28 11:00:00+05:30,6.048107,143.47105,7.596341,143.67308
2172,2025-09-28 12:00:00+05:30,4.510787,118.61037,5.495161,121.60746
2173,2025-09-28 13:00:00+05:30,9.82279,166.21838,12.534257,167.56046
2174,2025-09-28 14:00:00+05:30,5.2478566,202.1664,6.603817,197.44728
2175,2025-09-28 15:00:00+05:30,10.583326,131.55252,15.053425,131.12138
2176,2025-09-28 16:00:00+05:30,3.8268526,131.18582,7.5105524,135.97093
2177,2025-09-28 17:00:00+05:30,2.8460498,161.56496,8.39078,157.28555
2178,2025-09-28 18:00:00+05:30,4.86,180.0,12.346741,172.46065
2179,2025-09-28 19:00:00+05:30,4.452954,165.96373,11.844492,163.21727
2180,2025-09-28 20:00:00+05:30,4.913044,151.55717,13.570615,158.19853
2181,2025-09-28 21:00:00+05:30,5.195113,165.96373,14.618837,170.07382
2182,2025-09-28 22:00:00+05:30,4.73506,171.25392,13.379461,174.5963
2183,2025-09-28 23:00:00+05:30,4.5891175,154.44008,12.9249525,167.125
2184,2025-09-29 00:00:00+05:30,4.599695,149.42085,12.882267,164.6044
2185,2025-09-29 01:00:00+05:30,3.536439,165.2564,11.074022,172.52853
2186,2025-09-29 02:00:00+05:30,0.9178235,168.69011,6.8399997,180.0
2187,2025-09-29 03:00:00+05:30,0.17999999,360.0,2.97953,205.01686
2188,2025-09-29 04:00:00+05:30,1.3104197,15.945477,0.40249225,333.43503
2189,2025-09-29 05:00:00+05:30,2.1749482,24.443953,2.0124612,26.564985
2190,2025-09-29 06:00:00+05:30,2.3469126,355.60138,2.16,360.0
2191,2025-09-29 07:00:00+05:30,1.3104197,344.05453,1.7076298,341.56494
2192,2025-09-29 08:00:00+05:30,3.7585104,16.699326,4.8466477,15.068549
2193,2025-09-29 09:00:00+05:30,4.8965297,53.972538,6.552099,52.81522
2194,2025-09-29 10:00:00+05:30,6.452441,67.01126,8.297589,65.65892
2195,2025-09-29 11:00:00+05:30,5.920878,70.46326,7.628263,70.70986
2196,2025-09-29 12:00:00+05:30,4.6730714,74.3577,5.983477,74.2913
2197,2025-09-29 13:00:00+05:30,4.2021422,99.865746,5.4744864,99.46225
2198,2025-09-29 14:00:00+05:30,4.965521,133.53127,6.1305785,130.23628
2199,2025-09-29 15:00:00+05:30,5.3699164,166.42955,7.0015144,162.03076
2200,2025-09-29 16:00:00+05:30,3.8141315,199.29015,6.5693827,189.46225
2201,2025-09-29 17:00:00+05:30,3.9477081,226.8476,9.585739,214.28693
2202,2025-09-29 18:00:00+05:30,5.6835546,259.046,10.1887,237.99466
2203,2025-09-29 19:00:00+05:30,3.9640884,230.52757,9.5535755,227.29063
2204,2025-09-29 20:00:00+05:30,4.6452556,215.53777,12.399113,219.69904
2205,2025-09-29 21:00:00+05:30,2.6208394,254.05453,8.891343,238.24055
2206,2025-09-29 22:00:00+05:30,2.8116899,320.1945,7.2359104,275.7105
2207,2025-09-29 23:00:00+05:30,3.8268526,311.18582,8.863972,293.9625
2208,2025-09-30 00:00:00+05:30,4.445672,291.3707,11.51578,294.96277
2209,2025-09-30 01:00:00+05:30,4.1085763,298.8107,11.48761,305.4334
2210,2025-09-30 02:00:00+05:30,4.4456716,328.24057,11.4862,327.8043
2211,2025-09-30 03:00:00+05:30,3.710795,320.90613,10.315115,330.75128
2212,2025-09-30 04:00:00+05:30,4.2175345,309.8055,10.534229,326.853
2213,2025-09-30 05:00:00+05:30,3.244996,303.6901,8.9873905,327.26477
2214,2025-09-30 06:00:00+05:30,6.3639607,315.0001,9.313152,318.91833
2215,2025-09-30 07:00:00+05:30,4.755544,330.5242,6.6818557,332.74475
2216,2025-09-30 08:00:00+05:30,3.1845248,312.70938,4.2021427,316.73566
2217,2025-09-30 09:00:00+05:30,5.5596404,330.9455,7.16617,334.72232
2218,2025-09-30 10:00:00+05:30,7.8625183,344.05453,10.088033,344.47583
2219,2025-09-30 11:00:00+05:30,5.0432134,2.0453732,6.482499,1.5911111
2220,2025-09-30 12:00:00+05:30,1.9881649,354.80566,2.7238941,352.40543
2221,2025-09-30 13:00:00+05:30,5.0528407,274.08554,6.3231,274.89902
2222,2025-09-30 14:00:00+05:30,4.510787,241.38963,6.050785,247.249
2223,2025-09-30 15:00:00+05:30,7.613382,263.21112,10.316686,263.9911
2224,2025-09-30 16:00:00+05:30,4.8466477,254.93146,6.638072,257.4712
2225,2025-09-30 17:00:00+05:30,2.7238941,262.40546,6.391901,279.7275
2226,2025-09-30 18:00:00+05:30,1.6299692,263.6599,4.724786,287.74475
2227,2025-09-30 19:00:00+05:30,1.5273507,224.9999,4.514377,265.42615
2228,2025-09-30 20:00:00+05:30,2.5959969,213.6901,5.7964473,244.23071
2229,2025-09-30 21:00:00+05:30,3.219938,206.56499,7.491114,234.78232
2230,2025-09-30 22:00:00+05:30,3.7799997,180.0,8.37532,208.21725
2231,2025-09-30 23:00:00+05:30,3.8141315,199.29015,9.354806,210.01828
2232,2025-10-01 00:00:00+05:30,2.1674871,228.36655,7.7900705,220.31403
2233,2025-10-01 01:00:00+05:30,1.7076298,288.43503,6.77575,253.0091
2234,2025-10-01 02:00:00+05:30,1.1525624,218.65984,5.6492476,239.34941
2235,2025-10-01 03:00:00+05:30,2.907989,68.19853,2.8174455,63.435013
2236,2025-10-01 04:00:00+05:30,9.114471,80.909805,17.483181,87.049286
2237,2025-10-01 05:00:00+05:30,0.54,180.0,5.6060677,275.52744
2238,2025-10-01 06:00:00+05:30,0.40249225,116.56499,3.362677,285.52417
2239,2025-10-01 07:00:00+05:30,3.3092597,112.38018,3.710795,112.833694
2240,2025-10-01 08:00:00+05:30,7.186487,67.93205,9.565437,70.20104
2241,2025-10-01 09:00:00+05:30,7.3094187,99.926186,9.708326,100.68486
2242,2025-10-01 10:00:00+05:30,8.647496,92.385895,11.35285,92.72626
2243,2025-10-01 11:00:00+05:30,9.243311,83.29026,12.304682,84.1227
2244,2025-10-01 12:00:00+05:30,9.914717,93.12207,12.825552,94.83033
2245,2025-10-01 13:00:00+05:30,12.072083,110.05618,16.851885,113.27898
2246,2025-10-01 14:00:00+05:30,5.7852573,95.355736,7.989243,104.349365
2247,2025-10-01 15:00:00+05:30,12.606426,99.865746,17.194475,100.25114
2248,2025-10-01 16:00:00+05:30,7.2359104,84.2895,14.120538,101.023415
2249,2025-10-01 17:00:00+05:30,8.6193495,118.70586,18.775303,122.471176
2250,2025-10-01 18:00:00+05:30,9.741642,106.09089,20.090773,112.65939
2251,2025-10-01 19:00:00+05:30,7.208994,87.13766,16.808569,99.865746
2252,2025-10-01 20:00:00+05:30,8.225035,66.80139,18.179998,78.57885
2253,2025-10-01 21:00:00+05:30,8.723967,68.19854,18.47084,74.74483
2254,2025-10-01 22:00:00+05:30,11.543881,100.78425,20.696085,103.06932
2255,2025-10-01 23:00:00+05:30,8.626865,66.64442,17.339897,85.23644
2256,2025-10-02 00:00:00+05:30,9.504273,65.37646,17.020235,72.13982
2257,2025-10-02 01:00:00+05:30,12.669238,67.44272,20.476532,75.23076
2258,2025-10-02 02:00:00+05:30,12.81165,65.95578,21.605999,79.43904
2259,2025-10-02 03:00:00+05:30,9.9977,76.464134,17.640919,81.78731
2260,2025-10-02 04:00:00+05:30,11.897714,72.38734,20.898611,79.07724
2261,2025-10-02 05:00:00+05:30,10.086427,87.95464,19.222954,96.99184
2262,2025-10-02 06:00:00+05:30,15.108211,105.195305,26.208395,105.945465
2263,2025-10-02 07:00:00+05:30,13.151091,120.4257,21.619492,122.763885
2264,2025-10-02 08:00:00+05:30,13.125196,115.15927,20.288164,117.47435
2265,2025-10-02 09:00:00+05:30,14.081477,122.471176,21.517342,124.08892
2266,2025-10-02 10:00:00+05:30,13.450708,105.52418,20.730501,110.32322
2267,2025-10-02 11:00:00+05:30,13.672893,106.04907,21.69056,107.38248
2268,2025-10-02 12:00:00+05:30,13.238261,101.768265,21.65468,103.4587
2269,2025-10-02 13:00:00+05:30,16.011908,111.08383,23.73271,112.28564
2270,2025-10-02 14:00:00+05:30,14.49531,114.973885,20.052032,114.95472
2271,2025-10-02 15:00:00+05:30,13.647988,138.74309,21.392754,141.49074
2272,2025-10-02 16:00:00+05:30,12.638512,125.72749,21.67487,131.63345
2273,2025-10-02 17:00:00+05:30,15.676542,124.23752,28.152021,126.94325
2274,2025-10-02 18:00:00+05:30,16.45204,126.99536,29.131096,129.98683
2275,2025-10-02 19:00:00+05:30,14.848635,120.60633,26.66188,124.54843
2276,2025-10-02 20:00:00+05:30,13.37825,113.80595,24.809328,118.61037
2277,2025-10-02 21:00:00+05:30,13.638489,112.50357,25.518135,116.38425
2278,2025-10-02 22:00:00+05:30,13.276144,130.60121,24.951921,136.16905
2279,2025-10-02 23:00:00+05:30,11.028581,116.14678,22.798264,128.58919
2280,2025-10-03 00:00:00+05:30,12.886039,118.354866,23.623928,125.38551
2281,2025-10-03 01:00:00+05:30,9.614426,128.15727,19.8,126.86999
2282,2025-10-03 02:00:00+05:30,10.644379,93.87845,20.499462,110.02618
2283,2025-10-03 03:00:00+05:30,13.8049555,112.21764,25.759504,116.56499
2284,2025-10-03 04:00:00+05:30,13.529966,130.68388,24.693481,135.59058
2285,2025-10-03 05:00:00+05:30,10.261579,127.875046,20.778112,138.16045
2286,2025-10-03 06:00:00+05:30,12.108261,131.98714,21.010712,133.26433
2287,2025-10-03 07:00:00+05:30,14.978984,122.73522,24.880402,127.947754
2288,2025-10-03 08:00:00+05:30,16.431347,132.78032,24.442913,133.8066
2289,2025-10-03 09:00:00+05:30,16.697365,131.94122,24.438934,134.40326
2290,2025-10-03 10:00:00+05:30,19.175703,147.65259,27.158533,146.62589
2291,2025-10-03 11:00:00+05:30,18.329973,144.59305,26.310186,145.87502
2292,2025-10-03 12:00:00+05:30,19.098671,156.09233,26.740149,155.33263
2293,2025-10-03 13:00:00+05:30,16.09969,153.43501,22.303299,154.67586
2294,2025-10-03 14:00:00+05:30,15.3264475,167.10626,23.448412,167.13725
2295,2025-10-03 15:00:00+05:30,15.999762,162.99197,26.72803,164.37256
2296,2025-10-03 16:00:00+05:30,14.84318,157.1663,26.14465,159.44388
2297,2025-10-03 17:00:00+05:30,16.580532,159.00708,29.884878,161.0193
2298,2025-10-03 18:00:00+05:30,13.934605,151.4487,26.242987,153.08353
2299,2025-10-03 19:00:00+05:30,14.169785,154.41153,26.211485,156.95638
2300,2025-10-03 20:00:00+05:30,13.213765,142.1934,24.366575,147.3665
2301,2025-10-03 21:00:00+05:30,10.00256,149.74365,20.63023,150.75127
2302,2025-10-03 22:00:00+05:30,9.914717,164.19742,18.406704,170.99832
2303,2025-10-03 23:00:00+05:30,7.9077177,131.30852,17.750774,149.53453
2304,2025-10-04 00:00:00+05:30,11.837652,151.87636,22.037323,159.93684
2305,2025-10-04 01:00:00+05:30,11.119281,150.9455,21.82755,158.72496
2306,2025-10-04 02:00:00+05:30,8.320986,141.14662,18.463821,150.18593
2307,2025-10-04 03:00:00+05:30,10.172787,193.29858,19.401628,186.92712
2308,2025-10-04 04:00:00+05:30,4.6452556,125.537766,11.276967,155.48038
2309,2025-10-04 05:00:00+05:30,13.202726,154.1337,26.241135,161.19211
2310,2025-10-04 06:00:00+05:30,13.684735,153.43501,23.623928,162.25523
2311,2025-10-04 07:00:00+05:30,15.676544,158.44286,24.193098,160.89091
2312,2025-10-04 08:00:00+05:30,19.201874,173.54128,27.75154,172.92117
2313,2025-10-04 09:00:00+05:30,18.403185,183.92583,26.521152,183.8916
2314,2025-10-04 10:00:00+05:30,18.57143,183.33379,25.23148,182.86235
2315,2025-10-04 11:00:00+05:30,23.0653,182.68372,33.528355,183.0774
2316,2025-10-04 12:00:00+05:30,25.481922,188.53069,36.871452,189.55421
2317,2025-10-04 13:00:00+05:30,17.758074,190.51257,26.263968,191.46391
2318,2025-10-04 14:00:00+05:30,13.41453,191.61145,20.265795,192.308
2319,2025-10-04 15:00:00+05:30,17.90344,189.84106,28.135906,191.81313
2320,2025-10-04 16:00:00+05:30,11.966953,186.91113,19.80409,191.0035
2321,2025-10-04 17:00:00+05:30,13.159711,176.86371,24.840652,179.58482
2322,2025-10-04 18:00:00+05:30,12.525207,172.56868,23.99475,176.12881
2323,2025-10-04 19:00:00+05:30,13.084402,172.09293,25.07239,176.29544
2324,2025-10-04 20:00:00+05:30,14.581113,180.7073,27.561169,182.2457
2325,2025-10-04 21:00:00+05:30,13.5012,179.23611,25.591038,182.8221
2326,2025-10-04 22:00:00+05:30,14.589996,177.87895,27.539999,180.0
2327,2025-10-04 23:00:00+05:30,11.402683,191.84206,23.356344,193.82208
2328,2025-10-05 00:00:00+05:30,12.016938,196.53491,24.02174,197.89197
2329,2025-10-05 01:00:00+05:30,13.238261,191.76826,24.36458,197.63188
2330,2025-10-05 02:00:00+05:30,12.483749,204.71742,22.468296,208.2074
2331,2025-10-05 03:00:00+05:30,8.759178,170.53775,18.202265,182.83405
2332,2025-10-05 04:00:00+05:30,8.049845,169.6952,17.698677,184.66678
2333,2025-10-05 05:00:00+05:30,8.260411,191.30989,19.121557,194.16708
2334,2025-10-05 06:00:00+05:30,13.737904,158.47734,23.408997,167.56677
2335,2025-10-05 07:00:00+05:30,8.287822,177.5105,14.22,180.0
2336,2025-10-05 08:00:00+05:30,14.068816,196.34825,19.811451,197.44728
2337,2025-10-05 09:00:00+05:30,12.864649,197.92801,18.044046,198.61578
2338,2025-10-05 10:00:00+05:30,12.870944,222.16582,17.84816,221.72942
2339,2025-10-05 11:00:00+05:30,15.349684,219.2894,21.112242,219.11755
2340,2025-10-05 12:00:00+05:30,16.676977,212.6609,23.277834,211.72356
2341,2025-10-05 13:00:00+05:30,16.276815,212.81136,23.015377,213.19295
2342,2025-10-05 14:00:00+05:30,7.406295,205.94225,11.545284,210.96368
2343,2025-10-05 15:00:00+05:30,9.860649,201.41304,14.039999,202.6199
2344,2025-10-05 16:00:00+05:30,6.804381,217.47626,12.961249,217.66568
2345,2025-10-05 17:00:00+05:30,5.8603754,137.4896,11.265469,167.074
2346,2025-10-05 18:00:00+05:30,1.8089776,84.2895,3.8141315,160.70985
2347,2025-10-05 19:00:00+05:30,5.728979,133.72705,10.086427,145.17545
2348,2025-10-05 20:00:00+05:30,5.7628117,141.34016,12.570394,150.8658
2349,2025-10-05 21:00:00+05:30,3.381893,154.7989,9.914717,164.19742
2350,2025-10-05 22:00:00+05:30,3.9763298,174.80566,12.273043,175.79472
2351,2025-10-05 23:00:00+05:30,8.049845,153.43501,16.224981,162.57005
2352,2025-10-06 00:00:00+05:30,5.1575575,150.75127,12.535549,158.96242
2353,2025-10-06 01:00:00+05:30,6.3639607,188.13002,13.849476,188.97255
2354,2025-10-06 02:00:00+05:30,9.05205,197.35411,18.214718,198.43504
2355,2025-10-06 03:00:00+05:30,3.01735,162.64589,7.922045,181.30193
2356,2025-10-06 04:00:00+05:30,4.8466477,195.06854,11.272657,199.59238
2357,2025-10-06 05:00:00+05:30,11.672275,199.83221,19.888983,205.1735
2358,2025-10-06 06:00:00+05:30,2.1674871,138.36655,3.9966488,187.76508
2359,2025-10-06 07:00:00+05:30,7.3799996,180.0,9.54679,182.16103
2360,2025-10-06 08:00:00+05:30,5.7628117,194.47034,7.596341,193.70699
2361,2025-10-06 09:00:00+05:30,6.2067385,209.53868,8.37532,208.21725
2362,2025-10-06 10:00:00+05:30,5.8603754,222.5104,7.2649574,221.98714
2363,2025-10-06 11:00:00+05:30,2.8174455,243.43501,3.7064266,240.94548
2364,2025-10-06 12:00:00+05:30,3.381893,244.7989,4.4274144,243.43501
2365,2025-10-06 13:00:00+05:30,2.8460498,251.56496,3.8856654,256.60748
2366,2025-10-06 14:00:00+05:30,4.4456716,238.24055,6.037383,243.43501
2367,2025-10-06 15:00:00+05:30,3.5455887,246.0375,4.7827187,250.20103
2368,2025-10-06 16:00:00+05:30,2.0523157,217.87505,2.5959969,236.3099
2369,2025-10-06 17:00:00+05:30,1.659518,130.60121,3.1845248,137.29063
2370,2025-10-06 18:00:00+05:30,4.060985,167.19574,8.085988,163.17851
2371,2025-10-06 19:00:00+05:30,4.86,180.0,10.799999,180.0
2372,2025-10-06 20:00:00+05:30,6.9527545,201.25058,17.193533,199.57321
2373,2025-10-06 21:00:00+05:30,3.6,143.13002,10.813492,182.86235
2374,2025-10-06 22:00:00+05:30,7.344794,216.02747,17.725203,214.65842
2375,2025-10-06 23:00:00+05:30,1.8532133,209.0545,6.9247384,207.89717
2376,2025-10-07 00:00:00+05:30,0.5091169,135.0001,5.0975285,227.86247
2377,2025-10-07 01:00:00+05:30,0.0,270.0,2.97953,244.98314
2378,2025-10-07 02:00:00+05:30,2.5772076,65.22488,2.2910259,44.999897
2379,2025-10-07 03:00:00+05:30,2.3469126,85.60138,3.438895,83.99109
2380,2025-10-07 04:00:00+05:30,0.6489992,146.3099,2.1068459,199.9832
2381,2025-10-07 05:00:00+05:30,0.71999997,90.0,0.742159,165.96373
2382,2025-10-07 06:00:00+05:30,3.671294,101.3099,4.186693,115.46331
2383,2025-10-07 07:00:00+05:30,3.7971036,95.44024,4.68,90.0
2384,2025-10-07 08:00:00+05:30,3.189608,106.38962,4.060985,102.80426
2385,2025-10-07 09:00:00+05:30,1.5379207,69.44387,1.9386592,68.19853
2386,2025-10-07 10:00:00+05:30,0.6489992,236.3099,0.6489992,236.3099
2387,2025-10-07 11:00:00+05:30,3.143565,76.75947,3.9844694,71.564964
2388,2025-10-07 12:00:00+05:30,2.3051248,141.34016,2.6758924,132.27362
2389,2025-10-07 13:00:00+05:30,3.1072817,190.00792,3.84796,190.78426
2390,2025-10-07 14:00:00+05:30,3.5864744,162.47433,4.452954,165.96373
2391,2025-10-07 15:00:00+05:30,4.5820518,135.0001,6.048107,143.47105
2392,2025-10-07 16:00:00+05:30,5.0816135,157.06787,7.0911775,156.0375
2393,2025-10-07 17:00:00+05:30,5.720489,192.72435,12.168319,187.65056
2394,2025-10-07 18:00:00+05:30,5.0528407,175.91446,13.330941,182.32149
2395,2025-10-07 19:00:00+05:30,5.95906,154.98314,14.275713,166.13895
2396,2025-10-07 20:00:00+05:30,4.7521367,155.37645,12.961249,170.40694
2397,2025-10-07 21:00:00+05:30,6.122647,178.31535,14.440443,184.28908
2398,2025-10-07 22:00:00+05:30,5.6060677,185.52745,13.943901,191.16484
2399,2025-10-07 23:00:00+05:30,3.244996,146.3099,9.3669195,177.79745
2400,2025-10-08 00:00:00+05:30,2.1674871,138.36655,7.029225,182.93561
2401,2025-10-08 01:00:00+05:30,0.54,90.0,3.3092597,202.38017
2402,2025-10-08 02:00:00+05:30,1.4512063,97.12492,2.6999998,180.0
2403,2025-10-08 03:00:00+05:30,1.0495713,120.96369,2.5071096,201.03758
2404,2025-10-08 04:00:00+05:30,2.52,90.0,2.7943513,104.93147
2405,2025-10-08 05:00:00+05:30,7.3094187,127.99879,10.766949,128.21107
2406,2025-10-08 06:00:00+05:30,8.067936,128.65984,14.799459,131.05472
2407,2025-10-08 07:00:00+05:30,7.0107627,138.12222,8.827344,140.79282
2408,2025-10-08 08:00:00+05:30,5.1165614,140.71062,6.522361,140.59937
2409,2025-10-08 09:00:00+05:30,4.2136917,109.98319,5.2478566,112.1664
2410,2025-10-08 10:00:00+05:30,4.2481523,126.384445,5.3999996,126.86998
2411,2025-10-08 11:00:00+05:30,2.8116899,129.80553,3.4576871,128.65984
2412,2025-10-08 12:00:00+05:30,1.9386592,158.19853,2.5071096,158.96242
2413,2025-10-08 13:00:00+05:30,3.0652895,183.3664,3.7971036,185.44025
2414,2025-10-08 14:00:00+05:30,4.913044,241.55717,5.896202,238.73633
2415,2025-10-08 15:00:00+05:30,3.1845248,317.29062,5.2694216,277.8532
2416,2025-10-08 16:00:00+05:30,0.742159,104.03627,2.0124612,169.6952
2417,2025-10-08 17:00:00+05:30,0.54,180.0,2.7534704,191.30989
2418,2025-10-08 18:00:00+05:30,0.9,143.13002,3.84796,190.78426
2419,2025-10-08 19:00:00+05:30,3.2048087,128.15727,6.330782,165.17348
2420,2025-10-08 20:00:00+05:30,2.2910259,135.0001,6.28713,166.75948
2421,2025-10-08 21:00:00+05:30,3.06,118.072395,6.854195,150.06857
2422,2025-10-08 22:00:00+05:30,1.6981165,122.00535,5.920878,160.46326
2423,2025-10-08 23:00:00+05:30,4.3832865,160.82089,11.003581,176.24835
2424,2025-10-09 00:00:00+05:30,3.536439,194.7436,10.310403,196.22026
2425,2025-10-09 01:00:00+05:30,1.4058449,219.80553,7.2,216.86998
2426,2025-10-09 02:00:00+05:30,1.0182338,224.9999,6.502461,228.36655
2427,2025-10-09 03:00:00+05:30,0.5091169,224.9999,4.669604,242.44727
2428,2025-10-09 04:00:00+05:30,1.0495713,329.03632,4.5,286.26028
2429,2025-10-09 05:00:00+05:30,4.293669,326.97614,11.500296,320.07965
2430,2025-10-09 06:00:00+05:30,3.0811036,353.29025,8.373386,334.53668
2431,2025-10-09 07:00:00+05:30,3.2399998,360.0,4.86,360.0
2432,2025-10-09 08:00:00+05:30,3.06,28.072395,3.9477081,24.227736
2433,2025-10-09 09:00:00+05:30,2.3051248,38.65983,2.995797,32.73523
2434,2025-10-09 10:00:00+05:30,3.2048087,38.157276,3.8939953,33.6901
2435,2025-10-09 11:00:00+05:30,3.710795,50.906155,4.5891175,48.179924
2436,2025-10-09 12:00:00+05:30,4.080882,48.57643,4.978554,49.398785
2437,2025-10-09 13:00:00+05:30,6.8423676,35.362556,9.473541,38.829834
2438,2025-10-09 14:00:00+05:30,8.297589,220.60121,10.44,226.39711
2439,2025-10-09 15:00:00+05:30,0.40249225,153.43501,1.08,360.0
2440,2025-10-09 16:00:00+05:30,2.6999998,233.13002,2.7534704,258.6901
2441,2025-10-09 17:00:00+05:30,5.4833565,246.80138,8.139901,251.96562
2442,2025-10-09 18:00:00+05:30,2.8856194,266.42374,6.206738,253.14151
2443,2025-10-09 19:00:00+05:30,3.550155,300.46545,7.628263,289.29013
2444,2025-10-09 20:00:00+05:30,4.6938252,274.39862,9.0645685,276.84268
2445,2025-10-09 21:00:00+05:30,3.438895,276.0089,7.970972,276.48297
2446,2025-10-09 22:00:00+05:30,2.2553935,241.38963,6.601363,258.9965
2447,2025-10-09 23:00:00+05:30,2.9301877,222.5104,8.322932,248.42863
2448,2025-10-10 00:00:00+05:30,3.6402748,278.53067,10.387107,278.97253
2449,2025-10-10 01:00:00+05:30,3.62243,296.56497,11.566313,290.97357
2450,2025-10-10 02:00:00+05:30,5.0975285,312.1375,12.750811,311.56625
2451,2025-10-10 03:00:00+05:30,6.151683,339.44388,14.408997,347.00537
2452,2025-10-10 04:00:00+05:30,6.2613096,341.56494,13.627795,347.79953
2453,2025-10-10 05:00:00+05:30,7.689603,327.42596,16.521803,330.64233
2454,2025-10-10 06:00:00+05:30,8.792405,337.1094,15.426537,340.9307
2455,2025-10-10 07:00:00+05:30,7.329338,335.32315,11.334285,339.55035
2456,2025-10-10 08:00:00+05:30,8.759178,350.53775,11.837651,351.2539
2457,2025-10-10 09:00:00+05:30,8.260411,11.3098955,10.661107,11.689341
2458,2025-10-10 10:00:00+05:30,8.39078,22.714453,10.8015,23.57473
2459,2025-10-10 11:00:00+05:30,7.7900705,40.314034,9.840914,39.805527
2460,2025-10-10 12:00:00+05:30,7.0934615,35.706783,8.936778,34.33027
2461,2025-10-10 13:00:00+05:30,5.950899,93.46816,7.731622,77.90526
2462,2025-10-10 14:00:00+05:30,0.0,270.0,0.8049845,63.435013
2463,2025-10-10 15:00:00+05:30,8.604301,322.65057,11.196232,323.49847
2464,2025-10-10 16:00:00+05:30,3.710795,50.906155,5.3999996,53.13002
2465,2025-10-10 17:00:00+05:30,5.506941,11.3098955,13.723745,16.771315
2466,2025-10-10 18:00:00+05:30,3.4576871,38.65983,10.248941,30.618525
2467,2025-10-10 19:00:00+05:30,6.12,61.92762,14.082628,54.88791
2468,2025-10-10 20:00:00+05:30,6.1305785,49.76371,14.81915,49.92717
2469,2025-10-10 21:00:00+05:30,5.8852015,66.5713,14.757804,59.995167
2470,2025-10-10 22:00:00+05:30,5.318383,66.03751,14.008811,62.44729
2471,2025-10-10 23:00:00+05:30,5.8048253,97.12492,14.383114,81.36295
2472,2025-10-11 00:00:00+05:30,5.2478566,59.03632,14.411245,62.47487
2473,2025-10-11 01:00:00+05:30,6.3639607,44.999897,14.904173,52.853233
2474,2025-10-11 02:00:00+05:30,5.0911684,44.999897,13.0806875,55.653847
2475,2025-10-11 03:00:00+05:30,2.3051248,51.34017,8.461915,66.161255
2476,2025-10-11 04:00:00+05:30,8.958504,337.5572,16.486465,349.30353
2477,2025-10-11 05:00:00+05:30,7.1389914,326.3099,15.275627,338.57465
2478,2025-10-11 06:00:00+05:30,7.4672885,344.6237,15.934829,346.27768
2479,2025-10-11 07:00:00+05:30,5.8631387,17.87879,8.557102,14.620926
2480,2025-10-11 08:00:00+05:30,6.6818557,27.255245,8.534353,27.645891
2481,2025-10-11 09:00:00+05:30,6.5248446,24.443953,8.626865,23.355589
2482,2025-10-11 10:00:00+05:30,6.804381,37.476254,8.78872,34.9921
2483,2025-10-11 11:00:00+05:30,7.970972,25.407679,10.070353,24.27444
2484,2025-10-11 12:00:00+05:30,7.029225,13.324542,8.863972,12.907409
2485,2025-10-11 13:00:00+05:30,6.1437774,5.0423646,7.7734165,5.3144655
2486,2025-10-11 14:00:00+05:30,7.247096,345.61856,9.391102,347.82855
2487,2025-10-11 15:00:00+05:30,6.2483597,11.633606,8.43699,11.07017
2488,2025-10-11 16:00:00+05:30,5.0975285,42.13753,9.144637,36.1933
2489,2025-10-11 17:00:00+05:30,6.830519,108.43504,13.327294,106.47696
2490,2025-10-11 18:00:00+05:30,5.991594,122.73522,12.007498,113.87529
2491,2025-10-11 19:00:00+05:30,1.2074767,153.43501,3.9477081,114.22774
2492,2025-10-11 20:00:00+05:30,0.76367533,135.0001,3.0811036,96.70974
2493,2025-10-11 21:00:00+05:30,1.3708391,156.80138,1.3708391,156.80138
2494,2025-10-11 22:00:00+05:30,1.2074767,116.56499,2.1674871,41.63345
2495,2025-10-11 23:00:00+05:30,2.0523157,164.74483,1.2727921,135.0001
2496,2025-10-12 00:00:00+05:30,1.2727921,135.0001,2.0124612,79.69521
2497,2025-10-12 01:00:00+05:30,2.0523157,52.124958,2.2910259,44.999897
2498,2025-10-12 02:00:00+05:30,2.0991426,30.963696,2.4482646,17.102825
2499,2025-10-12 03:00:00+05:30,1.9386592,21.801476,3.0811036,6.70975
2500,2025-10-12 04:00:00+05:30,3.6179552,5.7105074,4.8899083,353.6599
2501,2025-10-12 05:00:00+05:30,5.318383,336.0375,13.009903,345.5792
2502,2025-10-12 06:00:00+05:30,6.330782,345.17346,12.6462,355.10098
2503,2025-10-12 07:00:00+05:30,5.950899,356.53183,10.266314,2.0095148
2504,2025-10-12 08:00:00+05:30,8.260411,11.3098955,11.656998,13.392516
2505,2025-10-12 09:00:00+05:30,8.534353,27.645891,11.753877,27.349789
2506,2025-10-12 10:00:00+05:30,8.461914,29.29127,11.119281,29.054508
2507,2025-10-12 11:00:00+05:30,7.989243,14.349371,10.390226,14.036275
2508,2025-10-12 12:00:00+05:30,8.482947,17.281584,11.103243,16.966234
2509,2025-10-12 13:00:00+05:30,8.951267,15.154131,11.745604,15.101156
2510,2025-10-12 14:00:00+05:30,8.297589,12.528798,11.265469,12.926001
2511,2025-10-12 15:00:00+05:30,6.87779,6.0089183,10.1376915,6.1154146
2512,2025-10-12 16:00:00+05:30,4.143911,357.5105,10.261578,1.0050671
2513,2025-10-12 17:00:00+05:30,2.8799999,360.0,8.171683,7.59456
2514,2025-10-12 18:00:00+05:30,3.84796,10.784258,10.215693,14.281137
2515,2025-10-12 19:00:00+05:30,3.362677,15.524177,10.390226,14.036275
2516,2025-10-12 20:00:00+05:30,3.710795,14.036275,10.8029995,10.560966
2517,2025-10-12 21:00:00+05:30,3.143565,13.240531,9.847496,18.103857
2518,2025-10-12 22:00:00+05:30,1.7076298,18.435053,7.841887,31.865936
2519,2025-10-12 23:00:00+05:30,0.6489992,303.6901,3.9312592,15.945477
2520,2025-10-13 00:00:00+05:30,0.9,306.86996,3.6179552,5.7105074
2521,2025-10-13 01:00:00+05:30,1.4058449,320.1945,4.323748,2.385899
2522,2025-10-13 02:00:00+05:30,2.8174455,333.43503,6.542201,352.09293
2523,2025-10-13 03:00:00+05:30,3.06,331.9276,7.458606,351.67444
2524,2025-10-13 04:00:00+05:30,3.550155,329.53452,8.825508,348.23172
2525,2025-10-13 05:00:00+05:30,5.9834766,353.08887,15.4800005,360.0
2526,2025-10-13 06:00:00+05:30,8.019601,350.9606,16.743872,358.76804
2527,2025-10-13 07:00:00+05:30,7.388775,357.20734,12.251905,2.5260682
2528,2025-10-13 08:00:00+05:30,8.32877,6.20336,11.837651,8.746089
2529,2025-10-13 09:00:00+05:30,9.335737,19.133741,12.872201,20.462362
2530,2025-10-13 10:00:00+05:30,9.257321,26.564985,12.236029,26.188055
2531,2025-10-13 11:00:00+05:30,10.285232,4.0141068,13.722565,4.5139127
2532,2025-10-13 12:00:00+05:30,9.914717,356.87793,13.330941,357.6785
2533,2025-10-13 13:00:00+05:30,9.087772,352.0305,12.125642,354.0356
2534,2025-10-13 14:00:00+05:30,8.731391,345.67725,11.755254,348.51804
2535,2025-10-13 15:00:00+05:30,8.557102,337.75092,12.864649,342.072
2536,2025-10-13 16:00:00+05:30,6.015878,321.07245,13.363711,332.74475
2537,2025-10-13 17:00:00+05:30,7.1389914,326.3099,18.116623,334.708
2538,2025-10-13 18:00:00+05:30,6.689125,336.19403,17.823637,339.91794
2539,2025-10-13 19:00:00+05:30,6.12,331.9276,17.020235,342.1398
2540,2025-10-13 20:00:00+05:30,5.991594,327.26477,15.937878,341.56494
2541,2025-10-13 21:00:00+05:30,5.257109,321.9529,14.138882,338.33395
2542,2025-10-13 22:00:00+05:30,5.1481256,323.53067,13.88919,341.09534
2543,2025-10-13 23:00:00+05:30,6.050785,329.62094,16.454994,340.17746
2544,2025-10-14 00:00:00+05:30,5.8852015,336.5713,16.663374,349.4184
2545,2025-10-14 01:00:00+05:30,5.720489,347.27563,15.84409,1.3019345
2546,2025-10-14 02:00:00+05:30,5.7852573,5.3557334,15.978486,14.349371
2547,2025-10-14 03:00:00+05:30,5.6521144,9.16228,15.312701,17.79609
2548,2025-10-14 04:00:00+05:30,5.6060677,5.527458,15.151039,13.045651
2549,2025-10-14 05:00:00+05:30,6.519877,6.3401003,17.727943,12.907409
2550,2025-10-14 06:00:00+05:30,8.163749,14.036275,16.854767,19.983198
2551,2025-10-14 07:00:00+05:30,7.458606,19.746927,12.57426,23.629398
2552,2025-10-14 08:00:00+05:30,8.461915,23.838743,11.91812,25.016869
2553,2025-10-14 09:00:00+05:30,9.906544,24.702408,13.767352,25.559923
2554,2025-10-14 10:00:00+05:30,10.399576,23.45904,14.182355,23.962492
2555,2025-10-14 11:00:00+05:30,9.914717,3.1220706,13.170786,3.91817
2556,2025-10-14 12:00:00+05:30,9.600937,353.54126,13.004921,355.23645
2557,2025-10-14 13:00:00+05:30,10.609316,345.25638,14.545515,347.85574
2558,2025-10-14 14:00:00+05:30,11.620809,343.8107,16.24394,347.19574
2559,2025-10-14 15:00:00+05:30,10.234705,336.1398,16.963984,340.79593
2560,2025-10-14 16:00:00+05:30,8.149847,329.47037,17.63816,335.26572
2561,2025-10-14 17:00:00+05:30,6.638072,319.39877,18.06199,330.11356
2562,2025-10-14 18:00:00+05:30,6.989936,325.4914,19.091883,331.26028
2563,2025-10-14 19:00:00+05:30,7.2,323.13,20.00512,329.74365
2564,2025-10-14 20:00:00+05:30,6.9153743,321.34018,19.233065,328.39255
2565,2025-10-14 21:00:00+05:30,6.945761,328.78165,19.240644,332.71588
2566,2025-10-14 22:00:00+05:30,6.5248446,335.55606,18.161278,346.2392
2567,2025-10-14 23:00:00+05:30,5.983477,344.2913,16.388899,358.11185
2568,2025-10-15 00:00:00+05:30,5.6060677,354.47253,15.427586,7.373672
2569,2025-10-15 01:00:00+05:30,6.1858225,351.63422,17.103788,1.206025
2570,2025-10-15 02:00:00+05:30,6.6697226,356.906,18.23694,4.528748
2571,2025-10-15 03:00:00+05:30,6.6624317,358.45187,18.353823,7.8916187
2572,2025-10-15 04:00:00+05:30,7.040739,4.398633,19.211996,12.99463
2573,2025-10-15 05:00:00+05:30,7.02,360.0,19.580328,6.863607
2574,2025-10-15 06:00:00+05:30,9.087772,352.0305,18.03237,3.433568
2575,2025-10-15 07:00:00+05:30,8.197414,351.15826,13.504799,358.4725
2576,2025-10-15 08:00:00+05:30,8.669949,355.23645,12.425216,358.33975
2577,2025-10-15 09:00:00+05:30,10.299397,5.013036,14.133153,6.581848
2578,2025-10-15 10:00:00+05:30,10.644379,3.8784592,14.813682,4.8791914
2579,2025-10-15 11:00:00+05:30,11.052058,353.4538,14.993038,355.17932
2580,2025-10-15 12:00:00+05:30,11.793777,344.05453,16.327497,345.9637
2581,2025-10-15 13:00:00+05:30,12.267763,337.5741,17.247156,341.75406
2582,2025-10-15 14:00:00+05:30,11.511559,333.03436,17.01738,336.9605
2583,2025-10-15 15:00:00+05:30,9.292255,328.46524,16.42247,333.9967
2584,2025-10-15 16:00:00+05:30,6.1226463,335.69547,15.596767,341.14676
2585,2025-10-15 17:00:00+05:30,5.991594,327.26477,14.64209,339.1141
2586,2025-10-15 18:00:00+05:30,4.913044,331.55716,12.295462,342.09546
2587,2025-10-15 19:00:00+05:30,3.319036,347.4712,10.441552,0.9877458
2588,2025-10-15 20:00:00+05:30,1.8089776,5.7105074,8.482947,17.281584
2589,2025-10-15 21:00:00+05:30,1.8089776,354.2895,8.513448,13.448633
2590,2025-10-15 22:00:00+05:30,0.8049845,333.43503,6.206738,16.858482
2591,2025-10-15 23:00:00+05:30,0.9,36.86999,6.6794305,14.036275
2592,2025-10-16 00:00:00+05:30,1.6199999,360.0,8.260411,11.3098955
2593,2025-10-16 01:00:00+05:30,3.5864744,342.47433,10.658068,4.84392
2594,2025-10-16 02:00:00+05:30,5.6492476,329.3494,12.662843,354.2895
2595,2025-10-16 03:00:00+05:30,7.5105524,314.02905,18.218275,330.39563
2596,2025-10-16 04:00:00+05:30,6.623413,312.7974,17.873556,325.66974
2597,2025-10-16 05:00:00+05:30,7.891311,315.0001,19.846582,321.259
2598,2025-10-16 06:00:00+05:30,10.310402,315.70724,19.296135,323.34378
2599,2025-10-16 07:00:00+05:30,7.6409945,316.90915,15.575981,326.3099
2600,2025-10-16 08:00:00+05:30,6.792466,327.99466,9.913082,330.64233
2601,2025-10-16 09:00:00+05:30,6.8541956,336.8014,9.3962755,339.82925
2602,2025-10-16 10:00:00+05:30,5.991594,327.26477,7.889259,332.8504
2603,2025-10-16 11:00:00+05:30,7.562142,308.23386,9.54679,314.23618
2604,2025-10-16 12:00:00+05:30,7.5685663,295.34613,9.54,301.89075
2605,2025-10-16 13:00:00+05:30,8.260411,281.3099,10.4166975,288.12195
2606,2025-10-16 14:00:00+05:30,9.9587345,276.22574,12.886039,282.09473
2607,2025-10-16 15:00:00+05:30,9.403169,275.49222,14.018059,282.6086
2608,2025-10-16 16:00:00+05:30,6.8423676,268.49258,14.975741,283.20108
2609,2025-10-16 17:00:00+05:30,7.5685663,295.34613,18.329973,305.40695
2610,2025-10-16 18:00:00+05:30,6.2067385,299.5387,15.443328,310.74606
2611,2025-10-16 19:00:00+05:30,5.7176566,298.1785,13.14,318.888
2612,2025-10-16 20:00:00+05:30,5.3999996,306.86996,12.330985,326.3099
2613,2025-10-16 21:00:00+05:30,5.48631,311.009,12.708815,322.4808
2614,2025-10-16 22:00:00+05:30,2.8116899,320.1945,7.973005,331.69934
2615,2025-10-16 23:00:00+05:30,0.8049845,333.43503,3.7971041,328.5705
2616,2025-10-17 00:00:00+05:30,0.54,270.0,2.9522195,307.56866
2617,2025-10-17 01:00:00+05:30,1.3104197,285.94547,4.6452556,305.53775
2618,2025-10-17 02:00:00+05:30,3.7971041,301.4295,7.674842,320.7106
2619,2025-10-17 03:00:00+05:30,4.39436,325.0079,10.261579,338.38516
2620,2025-10-17 04:00:00+05:30,4.278551,337.75092,10.920824,351.46933
2621,2025-10-17 05:00:00+05:30,5.068846,343.49554,11.901798,3.46817
2622,2025-10-17 06:00:00+05:30,6.384293,338.4985,11.165805,1.8475709
2623,2025-10-17 07:00:00+05:30,4.846648,328.67136,9.9571085,347.4712
2624,2025-10-17 08:00:00+05:30,5.4656014,342.75845,7.731622,347.90527
2625,2025-10-17 09:00:00+05:30,3.7585104,16.699326,5.1826253,20.323217
2626,2025-10-17 10:00:00+05:30,2.36753,81.25392,3.143565,76.75947
2627,2025-10-17 11:00:00+05:30,2.16,270.0,2.36753,278.74606
2628,2025-10-17 12:00:00+05:30,3.8856654,256.60748,4.5891175,258.6901
2629,2025-10-17 13:00:00+05:30,4.7521367,245.37645,5.6492476,247.52052
2630,2025-10-17 14:00:00+05:30,7.570707,251.99574,9.6932955,254.93146
2631,2025-10-17 15:00:00+05:30,7.731622,257.90524,10.6261,259.26114
2632,2025-10-17 16:00:00+05:30,4.599695,239.42085,11.225132,254.18074
2633,2025-10-17 17:00:00+05:30,6.037383,280.30478,14.897651,295.01685
2634,2025-10-17 18:00:00+05:30,5.3426957,302.61923,12.750811,318.43372
2635,2025-10-17 19:00:00+05:30,5.0816135,292.93213,11.414043,322.04572
2636,2025-10-17 20:00:00+05:30,4.186693,295.46332,10.387107,332.1028
2637,2025-10-17 21:00:00+05:30,2.0124612,296.56497,8.613709,349.15973
2638,2025-10-17 22:00:00+05:30,1.7076298,288.43503,7.040739,355.60138
2639,2025-10-17 23:00:00+05:30,3.7064266,330.9455,9.9587345,353.77426
2640,2025-10-18 00:00:00+05:30,5.318383,336.0375,11.837651,351.2539
2641,2025-10-18 01:00:00+05:30,5.3699164,346.42953,12.841963,354.36942
2642,2025-10-18 02:00:00+05:30,5.5887027,345.06854,13.339445,356.906
2643,2025-10-18 03:00:00+05:30,6.320538,340.0168,15.784676,352.79404
2644,2025-10-18 04:00:00+05:30,5.720489,347.27563,14.77755,357.20734
2645,2025-10-18 05:00:00+05:30,6.0077944,351.38443,15.496736,2.6629453
2646,2025-10-18 06:00:00+05:30,8.101999,1.2730018,16.724508,8.042811
2647,2025-10-18 07:00:00+05:30,7.4346757,6.9528637,13.100489,12.69958
2648,2025-10-18 08:00:00+05:30,6.6794305,14.036275,9.568824,16.389616
2649,2025-10-18 09:00:00+05:30,7.001514,46.041542,9.673221,44.999897
2650,2025-10-18 10:00:00+05:30,7.3997297,71.564964,9.860649,68.58697
2651,2025-10-18 11:00:00+05:30,6.4624763,77.125,8.311245,72.34979
2652,2025-10-18 12:00:00+05:30,4.323748,87.614105,5.6262593,82.64771
2653,2025-10-18 13:00:00+05:30,4.186693,115.46331,5.0816135,112.93214
2654,2025-10-18 14:00:00+05:30,1.7076298,18.435053,2.2553935,28.610369
2655,2025-10-18 15:00:00+05:30,10.03167,170.70677,13.397612,173.82993
2656,2025-10-18 16:00:00+05:30,4.91634,156.2505,7.388775,177.20735
2657,2025-10-18 17:00:00+05:30,3.2048087,128.15727,3.6,126.86999
2658,2025-10-18 18:00:00+05:30,2.5959969,146.3099,5.414979,158.5522
2659,2025-10-18 19:00:00+05:30,3.0652893,139.76372,9.485504,146.61147
2660,2025-10-18 20:00:00+05:30,2.5772078,167.90526,8.777653,164.53873
2661,2025-10-18 21:00:00+05:30,1.0495713,210.96368,4.73506,188.74608
2662,2025-10-18 22:00:00+05:30,2.4216523,221.98714,5.495161,211.60745
2663,2025-10-18 23:00:00+05:30,1.4058449,230.19447,4.5891175,228.17992
2664,2025-10-19 00:00:00+05:30,0.76367533,135.0001,2.1674871,228.36655
2665,2025-10-19 01:00:00+05:30,0.9178235,348.6901,1.3708391,293.1986
2666,2025-10-19 02:00:00+05:30,2.6999998,323.13004,5.5596404,330.9455
2667,2025-10-19 03:00:00+05:30,3.8647635,27.758451,7.120815,20.72564
2668,2025-10-19 04:00:00+05:30,3.219938,26.564985,7.2403865,34.8754
2669,2025-10-19 05:00:00+05:30,7.754637,111.801476,14.978986,110.39496
2670,2025-10-19 06:00:00+05:30,6.623413,42.797382,14.477417,51.56267
2671,2025-10-19 07:00:00+05:30,6.320538,19.983198,14.021525,29.197395
2672,2025-10-19 08:00:00+05:30,5.904439,37.568665,8.604301,37.34943
2673,2025-10-19 09:00:00+05:30,8.6867485,55.980614,11.989946,54.16227
2674,2025-10-19 10:00:00+05:30,9.430695,66.37061,12.56008,64.5367
2675,2025-10-19 11:00:00+05:30,9.080639,76.2392,11.672275,72.96215
2676,2025-10-19 12:00:00+05:30,8.171683,82.40546,10.699028,77.366646
2677,2025-10-19 13:00:00+05:30,8.101999,91.273,10.478722,85.07298
2678,2025-10-19 14:00:00+05:30,7.970972,96.48298,10.621525,89.029
2679,2025-10-19 15:00:00+05:30,7.1208143,106.14441,12.093534,94.267815
2680,2025-10-19 16:00:00+05:30,5.414979,111.44781,12.971244,92.385895
2681,2025-10-19 17:00:00+05:30,1.1525624,141.34016,6.0908127,108.970505
2682,2025-10-19 18:00:00+05:30,1.5484185,234.46223,2.5455842,188.13002
2683,2025-10-19 19:00:00+05:30,5.2939587,197.81898,13.54911,199.3979
2684,2025-10-19 20:00:00+05:30,5.6835546,190.95403,15.509274,201.80147
2685,2025-10-19 21:00:00+05:30,4.7928696,214.28693,13.529966,213.05583
2686,2025-10-19 22:00:00+05:30,4.5536795,251.56496,13.130133,236.74562
2687,2025-10-19 23:00:00+05:30,4.278551,284.6209,11.157097,252.1496
2688,2025-10-20 00:00:00+05:30,6.6818557,297.25525,13.1412325,283.4652
2689,2025-10-20 01:00:00+05:30,3.494968,304.50858,9.965239,290.07162
2690,2025-10-20 02:00:00+05:30,5.0975285,317.86246,11.599879,311.85495
2691,2025-10-20 03:00:00+05:30,3.8939953,326.3099,11.351422,332.62238
2692,2025-10-20 04:00:00+05:30,3.9518096,329.9315,10.564942,351.1797
2693,2025-10-20 05:00:00+05:30,5.983477,344.2913,15.865546,3.2518852
2694,2025-10-20 06:00:00+05:30,8.656858,3.5762644,17.208603,15.780828
2695,2025-10-20 07:00:00+05:30,8.2584505,16.46009,15.812363,22.77042
2696,2025-10-20 08:00:00+05:30,8.891343,31.75944,13.130133,33.254375
2697,2025-10-20 09:00:00+05:30,11.583108,44.370483,16.293728,44.104923
2698,2025-10-20 10:00:00+05:30,12.241323,53.972538,16.92383,51.911175
2699,2025-10-20 11:00:00+05:30,10.7894945,62.152523,14.386494,58.29862
2700,2025-10-20 12:00:00+05:30,10.99769,68.89509,14.892213,63.435013
2701,2025-10-20 13:00:00+05:30,10.8792095,73.66389,15.009236,67.43295
2702,2025-10-20 14:00:00+05:30,10.137692,73.49557,15.481046,66.71391
2703,2025-10-20 15:00:00+05:30,8.197414,81.15827,14.861722,73.101265
2704,2025-10-20 16:00:00+05:30,6.130579,93.366394,15.299999,81.202675
2705,2025-10-20 17:00:00+05:30,0.40249225,296.56497,4.471107,40.10085
2706,2025-10-20 18:00:00+05:30,0.9693296,291.80148,4.73506,8.746089
2707,2025-10-20 19:00:00+05:30,1.9134263,311.18582,5.2478566,5.9060555
2708,2025-10-20 20:00:00+05:30,3.8141315,340.70987,9.3962755,20.17074
2709,2025-10-20 21:00:00+05:30,1.2727921,351.87,7.44121,32.15227
2710,2025-10-20 22:00:00+05:30,1.6299692,186.3401,1.0182338,135.0001
2711,2025-10-20 23:00:00+05:30,0.8049845,116.56499,6.2067385,29.5387
2712,2025-10-21 00:00:00+05:30,2.6208394,15.945477,10.137692,16.504446
2713,2025-10-21 01:00:00+05:30,5.0911684,8.130019,13.6242285,15.321567
2714,2025-10-21 02:00:00+05:30,5.7515564,20.136398,15.060956,24.727297
2715,2025-10-21 03:00:00+05:30,6.6405115,32.82854,17.224598,34.354393
2716,2025-10-21 04:00:00+05:30,6.889557,33.27491,18.772715,34.451996
2717,2025-10-21 05:00:00+05:30,7.327127,27.824009,20.073025,32.549995
2718,2025-10-21 06:00:00+05:30,8.775807,25.513834,19.494091,28.694817
2719,2025-10-21 07:00:00+05:30,7.4867883,27.181028,17.504478,30.256361
2720,2025-10-21 08:00:00+05:30,8.37532,28.217264,12.413477,29.5387
2721,2025-10-21 09:00:00+05:30,11.132385,39.09386,15.629971,38.453735
2722,2025-10-21 10:00:00+05:30,10.44,46.39711,14.128566,44.483906
2723,2025-10-21 11:00:00+05:30,7.282774,50.013176,9.54679,45.763813
2724,2025-10-21 12:00:00+05:30,7.5363917,49.844074,10.055864,44.27486
2725,2025-10-21 13:00:00+05:30,6.8777895,42.878906,9.361731,37.97166
2726,2025-10-21 14:00:00+05:30,6.489992,19.440128,9.224011,17.020617
2727,2025-10-21 15:00:00+05:30,4.942631,349.50858,9.582359,354.61078
2728,2025-10-21 16:00:00+05:30,3.550155,300.46545,10.070353,331.14444
2729,2025-10-21 17:00:00+05:30,2.1897945,279.46225,8.738811,327.61935
2730,2025-10-21 18:00:00+05:30,2.5959969,326.3099,10.239453,349.8754
2731,2025-10-21 19:00:00+05:30,4.5,343.73972,12.781267,359.19308
2732,2025-10-21 20:00:00+05:30,5.7964473,334.2307,14.588885,350.77017
2733,2025-10-21 21:00:00+05:30,5.5887027,345.06854,14.455019,354.99945
2734,2025-10-21 22:00:00+05:30,6.198903,334.17905,14.33347,352.78583
2735,2025-10-21 23:00:00+05:30,7.256032,336.61475,17.47484,348.11136
2736,2025-10-22 00:00:00+05:30,6.424764,348.6901,17.160524,355.18652
2737,2025-10-22 01:00:00+05:30,5.771239,356.42374,15.338071,4.0376434
2738,2025-10-22 02:00:00+05:30,5.937272,14.036275,15.430736,16.955402
2739,2025-10-22 03:00:00+05:30,5.7204895,24.145542,15.2501545,30.499762
2740,2025-10-22 04:00:00+05:30,5.896202,12.339083,15.053425,26.258598
2741,2025-10-22 05:00:00+05:30,6.66,341.07526,16.069473,355.50293
2742,2025-10-22 06:00:00+05:30,8.149847,353.6599,17.146357,4.2141085
2743,2025-10-22 07:00:00+05:30,6.849467,3.0127327,15.677576,12.60016
2744,2025-10-22 08:00:00+05:30,7.8728137,10.539137,11.481968,13.600564
2745,2025-10-22 09:00:00+05:30,10.041354,14.534496,13.845967,15.843147
2746,2025-10-22 10:00:00+05:30,9.867218,14.796817,13.577776,14.588961
2747,2025-10-22 11:00:00+05:30,9.243311,353.29025,12.261158,356.6336
2748,2025-10-22 12:00:00+05:30,7.69592,349.21573,10.337079,352.9988
2749,2025-10-22 13:00:00+05:30,6.5223618,332.02063,8.427383,340.0168
2750,2025-10-22 14:00:00+05:30,6.1305785,319.7637,8.149847,329.47037
2751,2025-10-22 15:00:00+05:30,4.8433046,318.01288,7.8087645,334.02567
2752,2025-10-22 16:00:00+05:30,2.1897945,260.53775,4.8965297,306.02747
2753,2025-10-22 17:00:00+05:30,2.3469126,274.39862,8.669949,311.63345
2754,2025-10-22 18:00:00+05:30,2.7416782,293.1986,8.9873905,327.26477
2755,2025-10-22 19:00:00+05:30,2.8174455,296.56497,8.149847,329.47037
2756,2025-10-22 20:00:00+05:30,3.8521678,307.40543,7.9567327,322.3523
2757,2025-10-22 21:00:00+05:30,5.0911684,315.0001,10.9859,325.0079
2758,2025-10-22 22:00:00+05:30,5.0975285,312.1375,11.778658,321.20343
2759,2025-10-22 23:00:00+05:30,5.796447,323.8417,14.169785,334.41153
2760,2025-10-23 00:00:00+05:30,5.315336,331.69934,13.638489,337.49643
2761,2025-10-23 01:00:00+05:30,5.154415,335.22488,12.703715,339.2538
2762,2025-10-23 02:00:00+05:30,4.846648,338.19852,12.182955,347.19574
2763,2025-10-23 03:00:00+05:30,4.91634,336.2505,11.9466305,353.9459
2764,2025-10-23 04:00:00+05:30,4.829907,333.43503,11.345713,1.8182695
2765,2025-10-23 05:00:00+05:30,5.6492476,337.5205,14.669724,353.6599
2766,2025-10-23 06:00:00+05:30,6.7469993,350.78906,13.722565,4.5139127
2767,2025-10-23 07:00:00+05:30,4.7110505,353.41815,10.694485,6.7660856
2768,2025-10-23 08:00:00+05:30,5.04,360.0,7.2359104,5.7105074
2769,2025-10-23 09:00:00+05:30,5.3517847,19.653913,7.42159,22.833694
2770,2025-10-23 10:00:00+05:30,3.8856654,13.392516,5.2416787,15.945477
2771,2025-10-23 11:00:00+05:30,2.8799999,360.0,3.9763298,5.19435
2772,2025-10-23 12:00:00+05:30,2.3400002,337.3801,3.189608,343.61038
2773,2025-10-23 13:00:00+05:30,3.148714,300.96368,4.072935,315.0001
2774,2025-10-23 14:00:00+05:30,4.5,286.26028,5.5596404,299.0545
2775,2025-10-23 15:00:00+05:30,4.7110505,263.41815,6.898956,277.49576
2776,2025-10-23 16:00:00+05:30,4.278551,247.75093,9.028754,265.42615
2777,2025-10-23 17:00:00+05:30,4.2481523,306.38446,10.560341,330.37634
2778,2025-10-23 18:00:00+05:30,4.978554,319.39877,12.0694,342.64587
2779,2025-10-23 19:00:00+05:30,3.8141315,340.70987,10.993271,357.1845
2780,2025-10-23 20:00:00+05:30,1.835647,11.3098955,7.293888,15.75124
2781,2025-10-23 21:00:00+05:30,1.1384199,71.564964,4.5891175,41.82009
2782,2025-10-23 22:00:00+05:30,4.1556225,107.650215,7.5685663,115.34614
2783,2025-10-23 23:00:00+05:30,2.5264204,94.08554,4.6938252,85.60138
2784,2025-10-24 00:00:00+05:30,2.1897945,99.46225,5.920878,109.53674
2785,2025-10-24 01:00:00+05:30,1.2727921,44.999897,3.84796,79.21575
2786,2025-10-24 02:00:00+05:30,2.19718,34.9921,4.8366103,44.999897
2787,2025-10-24 03:00:00+05:30,4.072935,44.999897,8.027678,42.27363
2788,2025-10-24 04:00:00+05:30,5.509882,51.632477,10.819482,45.673954
2789,2025-10-24 05:00:00+05:30,5.1575575,29.248732,13.462749,29.649773
2790,2025-10-24 06:00:00+05:30,5.6492476,30.6506,13.878689,33.89621
2791,2025-10-24 07:00:00+05:30,5.506941,11.3098955,11.866355,22.28564
2792,2025-10-24 08:00:00+05:30,5.937272,14.036275,8.431228,16.113499
2793,2025-10-24 09:00:00+05:30,5.7402787,41.185825,7.7900705,40.314034
2794,2025-10-24 10:00:00+05:30,4.3274937,44.999897,5.7402787,41.185825
2795,2025-10-24 11:00:00+05:30,0.9,90.0,1.2074767,63.435013
2796,2025-10-24 12:00:00+05:30,1.835647,191.30989,1.8792552,196.69933
2797,2025-10-24 13:00:00+05:30,4.186693,205.4633,5.1575575,209.24873
2798,2025-10-24 14:00:00+05:30,5.876938,220.0302,7.2649574,221.98714
2799,2025-10-24 15:00:00+05:30,4.965521,223.53127,7.0107627,228.12221
2800,2025-10-24 16:00:00+05:30,2.968636,255.96373,8.139901,251.96562
2801,2025-10-24 17:00:00+05:30,2.1674871,274.76355,7.6642804,279.46225
2802,2025-10-24 18:00:00+05:30,2.5772078,167.90526,5.8104043,196.18927
2803,2025-10-24 19:00:00+05:30,5.6521144,170.83772,11.701385,180.88138
2804,2025-10-24 20:00:00+05:30,5.0688457,186.1154,12.791403,193.84071
2805,2025-10-24 21:00:00+05:30,3.9477081,204.22774,12.10157,210.37904
2806,2025-10-24 22:00:00+05:30,3.244996,213.6901,10.83893,215.53777
2807,2025-10-24 23:00:00+05:30,2.1068459,250.0168,8.55142,229.26797
2808,2025-10-25 00:00:00+05:30,2.1897945,189.46225,7.8149853,208.92633
2809,2025-10-25 01:00:00+05:30,3.2846913,170.53775,8.790563,190.6196
2810,2025-10-25 02:00:00+05:30,1.835647,168.69011,7.555712,192.38075
2811,2025-10-25 03:00:00+05:30,0.9178235,191.30989,6.452441,202.98874
2812,2025-10-25 04:00:00+05:30,0.56920993,251.56496,4.942631,213.11136
2813,2025-10-25 05:00:00+05:30,2.2553935,28.610369,4.32,360.0
2814,2025-10-25 06:00:00+05:30,4.323748,2.385899,6.2999997,360.0
2815,2025-10-25 07:00:00+05:30,3.438895,353.9911,7.029225,2.93562
2816,2025-10-25 08:00:00+05:30,6.037383,10.304792,8.12197,12.804273
2817,2025-10-25 09:00:00+05:30,7.056826,37.746864,9.3340025,39.522606
2818,2025-10-25 10:00:00+05:30,6.444905,54.090195,8.461915,51.911175
2819,2025-10-25 11:00:00+05:30,5.09435,57.99466,6.696387,53.74608
2820,2025-10-25 12:00:00+05:30,3.644722,69.775055,4.755544,60.524208
2821,2025-10-25 13:00:00+05:30,1.8089776,84.2895,2.5071096,68.96242
2822,2025-10-25 14:00:00+05:30,1.1384199,108.43504,1.659518,77.4712
2823,2025-10-25 15:00:00+05:30,3.143565,156.3706,3.6447225,147.09476
2824,2025-10-25 16:00:00+05:30,2.7475805,148.39255,6.638072,139.39879
2825,2025-10-25 17:00:00+05:30,0.742159,14.036275,3.219938,63.435013
2826,2025-10-25 18:00:00+05:30,9.167638,133.4089,15.971386,140.02913
2827,2025-10-25 19:00:00+05:30,5.7204895,155.85446,14.84318,157.1663
2828,2025-10-25 20:00:00+05:30,4.503598,177.70944,12.304682,174.1227
2829,2025-10-25 21:00:00+05:30,3.2048087,218.15727,10.070353,204.27443
2830,2025-10-25 22:00:00+05:30,2.36753,188.74608,8.383054,194.93147
2831,2025-10-25 23:00:00+05:30,2.5071096,201.03758,7.889258,214.77791
2832,2025-10-26 00:00:00+05:30,1.7727944,203.9625,6.804381,217.47626
2833,2025-10-26 01:00:00+05:30,0.0,270.0,3.550155,239.53453
2834,2025-10-26 02:00:00+05:30,1.3104197,344.05453,3.9477081,294.22772
2835,2025-10-26 03:00:00+05:30,1.4512063,352.87506,3.572898,319.0857
2836,2025-10-26 04:00:00+05:30,2.5772078,347.90527,5.5829024,339.22766
2837,2025-10-26 05:00:00+05:30,1.659518,319.39877,4.6800003,337.3801
2838,2025-10-26 06:00:00+05:30,4.8433046,318.01288,6.5520988,339.07544
2839,2025-10-26 07:00:00+05:30,3.244996,340.55988,6.2483597,348.3664
2840,2025-10-26 08:00:00+05:30,3.06,360.0,4.143911,2.4894993
2841,2025-10-26 09:00:00+05:30,3.8183763,44.999897,5.0911684,44.999897
2842,2025-10-26 10:00:00+05:30,5.318383,66.03751,6.8423676,63.435013
2843,2025-10-26 11:00:00+05:30,5.637765,73.300674,7.353611,68.45896
2844,2025-10-26 12:00:00+05:30,5.0688457,83.88459,6.601363,78.996506
2845,2025-10-26 13:00:00+05:30,4.503598,87.70944,5.6262593,82.64771
2846,2025-10-26 14:00:00+05:30,4.175069,97.43131,5.3999996,90.0
2847,2025-10-26 15:00:00+05:30,3.5864744,107.52566,4.5322843,96.84268
2848,2025-10-26 16:00:00+05:30,4.2021427,133.26433,9.418661,116.0753
2849,2025-10-26 17:00:00+05:30,2.16,270.0,3.6179552,264.2895
2850,2025-10-26 18:00:00+05:30,1.609969,296.56497,1.3708391,293.1986
2851,2025-10-26 19:00:00+05:30,3.0652893,319.7637,4.802999,347.00537
2852,2025-10-26 20:00:00+05:30,1.9134263,311.18582,3.6402748,8.530692
2853,2025-10-26 21:00:00+05:30,0.35999998,180.0,4.0449963,110.854546
2854,2025-10-26 22:00:00+05:30,1.7727944,156.0375,7.001514,136.04153
2855,2025-10-26 23:00:00+05:30,1.609969,153.43501,6.8919086,139.23648
2856,2025-10-27 00:00:00+05:30,0.17999999,360.0,3.148714,120.963684
2857,2025-10-27 01:00:00+05:30,2.0124612,333.43503,2.7416782,23.198618
2858,2025-10-27 02:00:00+05:30,3.189608,343.61038,5.937272,14.036275
2859,2025-10-27 03:00:00+05:30,4.323748,2.385899,9.565437,19.798973
2860,2025-10-27 04:00:00+05:30,4.7521367,24.623547,11.583109,32.94922
2861,2025-10-27 05:00:00+05:30,5.3426957,32.61924,12.744457,36.38445
2862,2025-10-27 06:00:00+05:30,7.491114,35.217674,13.896187,36.573124
2863,2025-10-27 07:00:00+05:30,5.6521144,37.234917,11.500296,39.92034
2864,2025-10-27 08:00:00+05:30,6.8777895,42.878906,9.67657,43.492626
2865,2025-10-27 09:00:00+05:30,7.0843205,62.783974,9.582358,61.99092
2866,2025-10-27 10:00:00+05:30,9.172938,74.054535,12.140329,74.52131
2867,2025-10-27 11:00:00+05:30,8.669949,85.23644,11.230904,83.5585
2868,2025-10-27 12:00:00+05:30,8.507737,96.072365,11.173057,92.77016
2869,2025-10-27 13:00:00+05:30,8.350138,97.43131,10.8955765,97.59455
2870,2025-10-27 14:00:00+05:30,6.050785,120.37905,7.989242,112.52061
2871,2025-10-27 15:00:00+05:30,3.4623692,117.89718,5.154415,114.775116
2872,2025-10-27 16:00:00+05:30,3.8773184,111.801476,6.898956,97.495766
2873,2025-10-27 17:00:00+05:30,5.4744864,136.33215,13.985663,121.849014
2874,2025-10-27 18:00:00+05:30,4.2021427,133.26433,12.10157,120.37905
2875,2025-10-27 19:00:00+05:30,3.9763298,84.805664,12.182955,102.80426
2876,2025-10-27 20:00:00+05:30,4.452954,104.03627,12.81165,114.04423
2877,2025-10-27 21:00:00+05:30,3.693291,133.02507,12.284918,140.94687
2878,2025-10-27 22:00:00+05:30,3.4388947,132.87889,11.996699,152.28159
2879,2025-10-27 23:00:00+05:30,1.9881649,84.805664,8.037761,145.95403
2880,2025-10-28 00:00:00+05:30,2.5772076,65.22488,8.099999,126.86999
2881,2025-10-28 01:00:00+05:30,3.745557,54.782326,9.224011,107.020615
2882,2025-10-28 02:00:00+05:30,5.1165614,50.710617,11.578912,78.340744
2883,2025-10-28 03:00:00+05:30,5.09435,57.99466,12.466867,72.34979
2884,2025-10-28 04:00:00+05:30,5.6492476,59.349415,15.244842,67.06787
2885,2025-10-28 05:00:00+05:30,5.6920996,71.564964,15.7754345,73.42591
2886,2025-10-28 06:00:00+05:30,7.7420926,72.40749,16.372087,75.352585
2887,2025-10-28 07:00:00+05:30,7.689603,73.68607,13.491597,76.890785
2888,2025-10-28 08:00:00+05:30,9.007196,87.70944,12.421304,89.1697
2889,2025-10-28 09:00:00+05:30,11.448055,106.44046,15.725037,105.945465
2890,2025-10-28 10:00:00+05:30,12.337553,113.198616,16.851885,113.27898
2891,2025-10-28 11:00:00+05:30,11.4862,122.1957,15.435983,121.65123
2892,2025-10-28 12:00:00+05:30,9.187056,124.62422,12.431733,124.3804
2893,2025-10-28 13:00:00+05:30,9.187056,124.62422,12.5807,123.91747
2894,2025-10-28 14:00:00+05:30,10.4493065,137.79277,14.637663,135.49815
2895,2025-10-28 15:00:00+05:30,7.8149853,104.67644,11.7827835,108.71183
2896,2025-10-28 16:00:00+05:30,2.4482648,216.02747,6.5024605,175.23645
2897,2025-10-28 17:00:00+05:30,5.0688457,96.11541,13.379461,107.21616
2898,2025-10-28 18:00:00+05:30,6.341009,124.592354,16.176983,124.57426
2899,2025-10-28 19:00:00+05:30,6.689125,113.80595,16.701244,120.43416
2900,2025-10-28 20:00:00+05:30,5.5596404,119.05451,15.027575,124.261154
2901,2025-10-28 21:00:00+05:30,4.3536186,119.74479,12.744457,126.384445
2902,2025-10-28 22:00:00+05:30,5.8298883,81.11942,14.156058,101.73855
2903,2025-10-28 23:00:00+05:30,3.96,90.0,11.334285,110.44964
2904,2025-10-29 00:00:00+05:30,4.669604,62.447273,12.620554,86.729576
2905,2025-10-29 01:00:00+05:30,4.7657523,79.11452,14.044615,91.46877
2906,2025-10-29 02:00:00+05:30,5.4477882,187.59456,11.545284,149.03632
2907,2025-10-29 03:00:00+05:30,6.320538,109.98319,12.936228,121.920845
2908,2025-10-29 04:00:00+05:30,3.3043609,119.357666,10.472535,151.23245
2909,2025-10-29 05:00:00+05:30,4.7827187,109.798965,12.96125,117.27668
2910,2025-10-29 06:00:00+05:30,7.172949,107.52566,13.527572,115.20109
2911,2025-10-29 07:00:00+05:30,12.669238,112.55729,19.56377,115.621956
2912,2025-10-29 08:00:00+05:30,11.440979,114.14554,16.104721,115.13292
2913,2025-10-29 09:00:00+05:30,11.119281,119.05451,15.070633,119.32038
2914,2025-10-29 10:00:00+05:30,12.475961,133.83095,16.928614,134.56926
2915,2025-10-29 11:00:00+05:30,3.604497,87.13766,5.2694216,97.853226
2916,2025-10-29 12:00:00+05:30,13.684735,144.63745,20.767975,146.3099
2917,2025-10-29 13:00:00+05:30,4.379589,80.53775,7.029225,103.32455
2918,2025-10-29 14:00:00+05:30,5.0432134,124.82456,7.2403865,124.875404
2919,2025-10-29 15:00:00+05:30,9.648067,126.656204,14.083778,128.77419
2920,2025-10-29 16:00:00+05:30,6.8989563,105.12406,12.43434,112.109505
2921,2025-10-29 17:00:00+05:30,7.970972,83.51703,15.743569,95.906044
2922,2025-10-29 18:00:00+05:30,9.726665,92.12105,18.73557,98.28571
2923,2025-10-29 19:00:00+05:30,7.2202215,85.71093,15.070633,97.54933
2924,2025-10-29 20:00:00+05:30,5.5829024,110.77233,14.178927,118.84257
2925,2025-10-29 21:00:00+05:30,6.6697226,86.906006,13.661038,108.43504
2926,2025-10-29 22:00:00+05:30,6.452441,120.141304,14.477417,128.43733
2927,2025-10-29 23:00:00+05:30,8.553314,81.528946,16.87878,97.35229
2928,2025-10-30 00:00:00+05:30,2.8799999,90.0,9.860649,111.41304
2929,2025-10-30 01:00:00+05:30,6.1569467,74.74483,11.9466305,96.0541
2930,2025-10-30 02:00:00+05:30,6.9247384,62.10283,13.797912,82.50424
2931,2025-10-30 03:00:00+05:30,9.007196,87.70944,18.108572,96.27721
2932,2025-10-30 04:00:00+05:30,10.853866,84.2895,20.532627,92.009514
2933,2025-10-30 05:00:00+05:30,2.5264204,175.91446,9.926147,175.84044
2934,2025-10-30 06:00:00+05:30,2.9024127,60.255207,5.293959,144.6887
2935,2025-10-30 07:00:00+05:30,4.503598,92.29056,6.5049515,104.420815
2936,2025-10-30 08:00:00+05:30,5.6521144,99.16227,7.519175,101.0409
2937,2025-10-30 09:00:00+05:30,5.8104043,106.18928,7.628263,109.290146
2938,2025-10-30 10:00:00+05:30,6.889557,146.7251,8.836514,146.63362
2939,2025-10-30 11:00:00+05:30,5.5887027,104.93147,7.458606,109.74693
2940,2025-10-30 12:00:00+05:30,5.4656014,107.241554,7.0911775,113.962494
2941,2025-10-30 13:00:00+05:30,12.413476,196.85847,16.024044,194.97292
2942,2025-10-30 14:00:00+05:30,2.8856194,86.423744,8.187527,146.65927
2943,2025-10-30 15:00:00+05:30,2.5582807,129.28938,8.322932,158.42863
2944,2025-10-30 16:00:00+05:30,4.514377,113.49858,9.688281,144.83348
2945,2025-10-30 17:00:00+05:30,7.538541,146.68936,18.22361,159.77505
2946,2025-10-30 18:00:00+05:30,7.731622,167.90526,18.865683,172.87508
2947,2025-10-30 19:00:00+05:30,4.952453,160.90642,13.644427,171.65619
2948,2025-10-30 20:00:00+05:30,4.4274144,153.43501,11.989945,172.23492
2949,2025-10-30 21:00:00+05:30,4.3274937,135.0001,11.177405,165.06853
2950,2025-10-30 22:00:00+05:30,6.0721655,168.0239,15.676542,182.63239
2951,2025-10-30 23:00:00+05:30,4.3832865,160.82089,11.901798,176.53185
