,date,wind_speed_10m,wind_direction_10m,wind_speed_100m,wind_direction_100m
0,2025-06-30 00:00:00+05:30,10.03167,80.70677,20.95203,81.104225
1,2025-06-30 01:00:00+05:30,10.464798,86.05489,21.602999,89.04518
2,2025-06-30 02:00:00+05:30,11.016824,94.68582,21.637466,98.13002
3,2025-06-30 03:00:00+05:30,11.196231,94.610565,20.95203,98.895775
4,2025-06-30 04:00:00+05:30,11.885453,91.73567,21.869816,95.19434
5,2025-06-30 05:00:00+05:30,12.682018,83.48029,21.606747,88.56794
6,2025-06-30 06:00:00+05:30,14.764389,88.60285,22.5,90.0
7,2025-06-30 07:00:00+05:30,16.607864,94.351,23.376448,96.63242
8,2025-06-30 08:00:00+05:30,15.338071,94.037636,20.41949,95.05716
9,2025-06-30 09:00:00+05:30,18.547861,88.3317,25.200642,90.40924
10,2025-06-30 10:00:00+05:30,16.818203,84.47256,24.949972,84.618546
11,2025-06-30 11:00:00+05:30,19.18246,84.075516,26.418333,84.134125
12,2025-06-30 12:00:00+05:30,17.972979,82.51921,24.967499,84.2073
13,2025-06-30 13:00:00+05:30,19.263363,91.07081,25.570139,91.6135
14,2025-06-30 14:00:00+05:30,17.49337,86.46052,24.162945,86.58348
15,2025-06-30 15:00:00+05:30,16.748707,88.15243,24.881702,86.68229
16,2025-06-30 16:00:00+05:30,13.934604,84.06857,20.94275,85.563614
17,2025-06-30 17:00:00+05:30,17.258425,120.04128,26.950151,120.50427
18,2025-06-30 18:00:00+05:30,8.43699,78.92985,16.764177,86.922615
19,2025-06-30 19:00:00+05:30,10.478722,94.92702,20.077868,95.659386
20,2025-06-30 20:00:00+05:30,5.4477882,82.40546,11.5115595,99.90412
21,2025-06-30 21:00:00+05:30,7.1208143,73.85559,16.595179,86.26868
22,2025-06-30 22:00:00+05:30,7.491114,125.21768,16.021011,117.42866
23,2025-06-30 23:00:00+05:30,8.581677,99.65983,18.29459,103.07913
24,2025-07-01 00:00:00+05:30,9.224011,84.40076,18.741621,92.75243
25,2025-07-01 01:00:00+05:30,10.446206,88.025116,20.077868,95.659386
26,2025-07-01 02:00:00+05:30,11.903159,69.64669,21.183483,77.735245
27,2025-07-01 03:00:00+05:30,16.87398,78.92985,28.86854,82.47627
28,2025-07-01 04:00:00+05:30,13.576582,83.911575,24.3,90.0
29,2025-07-01 05:00:00+05:30,14.417988,92.86235,25.050413,97.43131
30,2025-07-01 06:00:00+05:30,16.572712,98.74608,26.582165,100.92944
31,2025-07-01 07:00:00+05:30,18.728653,103.90272,27.027586,105.05437
32,2025-07-01 08:00:00+05:30,19.488274,111.11357,27.177616,110.95586
33,2025-07-01 09:00:00+05:30,19.130875,109.798965,26.081993,110.1859
34,2025-07-01 10:00:00+05:30,17.917007,112.4428,24.037247,112.91693
35,2025-07-01 11:00:00+05:30,17.38934,115.76928,23.103193,116.36535
36,2025-07-01 12:00:00+05:30,15.509274,111.801476,20.326454,112.93214
37,2025-07-01 13:00:00+05:30,16.144905,112.27595,20.893959,112.809746
38,2025-07-01 14:00:00+05:30,15.552041,106.12765,20.499462,106.84389
39,2025-07-01 15:00:00+05:30,15.486278,109.69871,21.637466,109.942474
40,2025-07-01 16:00:00+05:30,17.629894,122.06736,25.762016,123.02388
41,2025-07-01 17:00:00+05:30,9.321845,79.99209,13.698934,86.98728
42,2025-07-01 18:00:00+05:30,11.534054,112.963806,20.298542,118.61037
43,2025-07-01 19:00:00+05:30,6.9899354,101.88863,15.455911,116.26658
44,2025-07-01 20:00:00+05:30,5.2323985,49.185013,11.103243,73.033775
45,2025-07-01 21:00:00+05:30,15.413928,42.633728,25.100157,47.615807
46,2025-07-01 22:00:00+05:30,14.369594,77.70475,24.973337,76.66489
47,2025-07-01 23:00:00+05:30,8.260411,78.6901,16.981165,85.135574
48,2025-07-02 00:00:00+05:30,11.003581,74.827034,20.44803,80.37192
49,2025-07-02 01:00:00+05:30,10.948973,80.53775,20.29535,83.379326
50,2025-07-02 02:00:00+05:30,10.805999,88.09089,20.532627,92.009514
51,2025-07-02 03:00:00+05:30,13.510796,87.70944,24.302666,90.84875
52,2025-07-02 04:00:00+05:30,12.78,90.0,22.930756,94.502106
53,2025-07-02 05:00:00+05:30,11.722133,86.47862,21.072304,91.95802
54,2025-07-02 06:00:00+05:30,16.167967,101.560104,21.222448,102.73965
55,2025-07-02 07:00:00+05:30,15.978484,112.52061,22.362055,112.229675
56,2025-07-02 08:00:00+05:30,15.426537,109.06929,21.517344,109.04133
57,2025-07-02 09:00:00+05:30,17.072504,114.94388,22.956175,114.55548
58,2025-07-02 10:00:00+05:30,17.709658,116.56499,24.070244,117.139824
59,2025-07-02 11:00:00+05:30,16.213993,112.86455,20.799152,113.459045
60,2025-07-02 12:00:00+05:30,15.086748,109.51596,19.42416,110.61827
61,2025-07-02 13:00:00+05:30,15.893093,103.0919,20.38773,103.79089
62,2025-07-02 14:00:00+05:30,14.455019,95.00056,19.507383,94.76356
63,2025-07-02 15:00:00+05:30,10.7714615,80.38034,14.813682,85.12082
64,2025-07-02 16:00:00+05:30,12.98248,73.07241,18.38557,71.74234
65,2025-07-02 17:00:00+05:30,12.257194,60.04649,20.78123,65.432846
66,2025-07-02 18:00:00+05:30,13.733186,79.42653,25.027767,82.9773
67,2025-07-02 19:00:00+05:30,9.292255,111.595375,16.56489,109.0257
68,2025-07-02 20:00:00+05:30,5.896202,58.736336,14.369594,77.70475
69,2025-07-02 21:00:00+05:30,14.766584,80.88222,26.993998,83.49114
70,2025-07-02 22:00:00+05:30,12.425216,91.66025,23.815163,93.90042
71,2025-07-02 23:00:00+05:30,12.108261,95.117226,23.219301,97.12492
72,2025-07-03 00:00:00+05:30,12.461669,100.82296,22.657131,107.57135
73,2025-07-03 01:00:00+05:30,11.5199995,90.0,21.72638,96.18284
74,2025-07-03 02:00:00+05:30,11.391313,95.44024,21.567726,96.70974
75,2025-07-03 03:00:00+05:30,13.878688,80.29342,24.380533,85.341835
76,2025-07-03 04:00:00+05:30,15.299999,81.202675,26.060244,84.05324
77,2025-07-03 05:00:00+05:30,16.486465,79.303535,26.90684,81.9242
78,2025-07-03 06:00:00+05:30,17.84271,92.89121,28.20951,95.49223
79,2025-07-03 07:00:00+05:30,17.414476,97.12492,26.728636,98.13002
80,2025-07-03 08:00:00+05:30,20.038294,104.03627,29.601654,104.79681
81,2025-07-03 09:00:00+05:30,18.731247,109.653915,26.989199,109.885254
82,2025-07-03 10:00:00+05:30,16.965895,107.281586,22.768398,108.43504
83,2025-07-03 11:00:00+05:30,16.73516,108.8248,22.037323,110.06316
84,2025-07-03 12:00:00+05:30,16.244938,105.42222,21.48645,105.54987
85,2025-07-03 13:00:00+05:30,11.616627,102.5288,17.114204,104.62092
86,2025-07-03 14:00:00+05:30,11.173057,87.22985,14.761098,89.30132
87,2025-07-03 15:00:00+05:30,17.563608,114.200966,24.401787,114.86367
88,2025-07-03 16:00:00+05:30,11.966954,105.7087,16.62249,107.650215
89,2025-07-03 17:00:00+05:30,19.702394,95.24173,29.962837,97.59455
90,2025-07-03 18:00:00+05:30,10.3621235,107.175995,19.721298,111.41304
91,2025-07-03 19:00:00+05:30,11.700001,104.25006,21.69952,110.38925
92,2025-07-03 20:00:00+05:30,7.342588,78.6901,16.056362,93.85673
93,2025-07-03 21:00:00+05:30,5.8298883,81.11942,14.634343,94.93913
94,2025-07-03 22:00:00+05:30,8.0899935,57.724377,16.516901,73.53991
95,2025-07-03 23:00:00+05:30,9.636307,57.200474,18.770126,65.647
96,2025-07-04 00:00:00+05:30,12.337553,66.80139,21.53089,69.44387
97,2025-07-04 01:00:00+05:30,11.465024,67.86446,20.60823,70.615395
98,2025-07-04 02:00:00+05:30,13.719023,70.851776,23.241617,73.81073
99,2025-07-04 03:00:00+05:30,14.650939,84.35954,24.485954,88.73636
100,2025-07-04 04:00:00+05:30,12.964998,91.59111,22.546032,93.661865
101,2025-07-04 05:00:00+05:30,12.961249,89.2043,22.007162,93.751656
102,2025-07-04 06:00:00+05:30,13.324863,88.45188,19.98081,90.51615
103,2025-07-04 07:00:00+05:30,13.954354,96.666565,19.602652,97.38595
104,2025-07-04 08:00:00+05:30,12.959999,90.0,17.640919,90.58462
105,2025-07-04 09:00:00+05:30,14.597767,87.17294,19.281015,87.32463
106,2025-07-04 10:00:00+05:30,15.124284,91.3639,19.813087,92.08252
107,2025-07-04 11:00:00+05:30,16.50218,76.11531,22.805367,78.15795
108,2025-07-04 12:00:00+05:30,14.264361,100.17545,19.561287,100.06901
109,2025-07-04 13:00:00+05:30,15.443328,111.18142,19.992968,110.55613
110,2025-07-04 14:00:00+05:30,12.69351,108.178116,17.54977,111.03758
111,2025-07-04 15:00:00+05:30,12.241323,107.10281,16.279802,108.03438
112,2025-07-04 16:00:00+05:30,10.7714615,99.61966,15.501959,102.74529
113,2025-07-04 17:00:00+05:30,6.310277,86.729576,11.159999,90.0
114,2025-07-04 18:00:00+05:30,12.800265,86.77554,21.36851,96.286804
115,2025-07-04 19:00:00+05:30,3.8856654,76.60749,8.149847,120.529625
116,2025-07-04 20:00:00+05:30,9.585739,55.713078,16.521803,60.64234
117,2025-07-04 21:00:00+05:30,12.483749,65.28258,21.99538,68.89509
118,2025-07-04 22:00:00+05:30,9.0,53.13002,16.521803,66.227646
119,2025-07-04 23:00:00+05:30,10.435344,75.004875,19.222954,83.00817
120,2025-07-05 00:00:00+05:30,10.594036,80.21766,19.672771,85.802414
121,2025-07-05 01:00:00+05:30,11.052058,83.453804,20.172853,87.95464
122,2025-07-05 02:00:00+05:30,12.273043,85.79472,21.072304,91.95802
123,2025-07-05 03:00:00+05:30,12.632101,94.08554,21.485697,98.673096
124,2025-07-05 04:00:00+05:30,15.192682,103.706985,25.417631,105.61105
125,2025-07-05 05:00:00+05:30,15.034041,106.699326,24.817818,108.17222
126,2025-07-05 06:00:00+05:30,17.262177,101.42707,25.986166,102.39966
127,2025-07-05 07:00:00+05:30,18.961613,109.98319,26.989199,109.885254
128,2025-07-05 08:00:00+05:30,15.5395355,108.225174,21.637466,109.942474
129,2025-07-05 09:00:00+05:30,13.775586,96.75348,18.201374,98.530685
130,2025-07-05 10:00:00+05:30,14.154915,97.30567,18.94024,98.74608
131,2025-07-05 11:00:00+05:30,14.401124,108.20858,18.841623,108.95433
132,2025-07-05 12:00:00+05:30,12.362475,106.06006,15.999762,107.00803
133,2025-07-05 13:00:00+05:30,12.78,90.0,16.383955,91.25902
134,2025-07-05 14:00:00+05:30,15.158522,94.08554,20.404411,94.55368
135,2025-07-05 15:00:00+05:30,14.248452,93.621414,19.493261,94.23632
136,2025-07-05 16:00:00+05:30,14.650939,84.35954,21.136784,85.11489
137,2025-07-05 17:00:00+05:30,13.184308,85.30141,21.27734,86.60515
138,2025-07-05 18:00:00+05:30,8.281956,91.24534,17.823635,91.15731
139,2025-07-05 19:00:00+05:30,12.42,90.0,23.586184,91.31187
140,2025-07-05 20:00:00+05:30,13.722565,85.4861,25.582806,87.58054
141,2025-07-05 21:00:00+05:30,11.212135,84.47256,21.960737,89.53039
142,2025-07-05 22:00:00+05:30,10.814989,71.564964,21.109941,78.6901
143,2025-07-05 23:00:00+05:30,10.8672905,63.435013,21.299408,69.727234
144,2025-07-06 00:00:00+05:30,11.844492,73.21728,22.19773,81.60716
145,2025-07-06 01:00:00+05:30,12.810386,70.29193,23.018898,74.11607
146,2025-07-06 02:00:00+05:30,13.556282,79.28693,23.826725,81.74757
147,2025-07-06 03:00:00+05:30,13.910169,79.56258,23.933907,83.08887
148,2025-07-06 04:00:00+05:30,13.701299,80.166504,23.124922,85.0883
149,2025-07-06 05:00:00+05:30,15.477906,81.30459,25.457117,85.53924
150,2025-07-06 06:00:00+05:30,15.39184,100.784256,23.839638,103.0919
151,2025-07-06 07:00:00+05:30,16.956345,99.16227,23.47534,101.05142
152,2025-07-06 08:00:00+05:30,19.770523,100.491425,27.534704,101.3099
153,2025-07-06 09:00:00+05:30,20.871464,102.95758,28.726217,103.77504
154,2025-07-06 10:00:00+05:30,20.015642,101.41095,27.509394,102.85412
155,2025-07-06 11:00:00+05:30,18.072754,95.14268,24.648829,96.70974
156,2025-07-06 12:00:00+05:30,16.954432,86.347855,22.166327,87.20736
157,2025-07-06 13:00:00+05:30,16.56,90.0,21.420753,90.48145
158,2025-07-06 14:00:00+05:30,17.512806,77.53508,23.370903,77.99773
159,2025-07-06 15:00:00+05:30,16.204998,77.81636,22.06377,78.231735
160,2025-07-06 16:00:00+05:30,17.377226,76.827446,24.89277,77.4712
161,2025-07-06 17:00:00+05:30,14.993038,94.82068,24.788424,95.8347
162,2025-07-06 18:00:00+05:30,10.699028,102.63336,20.83184,102.475105
163,2025-07-06 19:00:00+05:30,11.722133,93.521385,23.304266,94.87381
164,2025-07-06 20:00:00+05:30,12.6462,94.89901,24.44954,96.340096
165,2025-07-06 21:00:00+05:30,12.815443,100.52074,24.541468,102.711136
166,2025-07-06 22:00:00+05:30,13.200273,84.52272,24.662626,89.16364
167,2025-07-06 23:00:00+05:30,12.6462,85.101,23.59099,88.2511
168,2025-07-07 00:00:00+05:30,13.543131,85.42616,24.662626,89.16364
169,2025-07-07 01:00:00+05:30,12.781267,89.19309,23.0653,92.68372
170,2025-07-07 02:00:00+05:30,12.251905,87.47394,22.146585,91.39715
171,2025-07-07 03:00:00+05:30,11.481968,76.399445,21.129885,81.1797
172,2025-07-07 04:00:00+05:30,11.481968,76.399445,21.010712,80.13426
173,2025-07-07 05:00:00+05:30,13.276144,77.4712,22.52878,82.19369
174,2025-07-07 06:00:00+05:30,18.008097,91.71832,26.880335,93.83952
175,2025-07-07 07:00:00+05:30,18.720863,89.44911,26.64,90.0
176,2025-07-07 08:00:00+05:30,20.34,97.62806,28.383553,98.38695
177,2025-07-07 09:00:00+05:30,20.157589,100.80818,27.711231,101.23691
178,2025-07-07 10:00:00+05:30,20.898611,100.92277,28.629055,101.23925
179,2025-07-07 11:00:00+05:30,20.688257,100.52773,28.03034,100.73262
180,2025-07-07 12:00:00+05:30,19.530622,99.549065,26.4551,99.39816
181,2025-07-07 13:00:00+05:30,16.478603,96.27098,22.263315,96.033165
182,2025-07-07 14:00:00+05:30,16.595179,93.73133,22.546032,93.661865
183,2025-07-07 15:00:00+05:30,19.320465,123.98621,27.059933,123.055824
184,2025-07-07 16:00:00+05:30,10.429132,111.25058,16.336426,108.634674
185,2025-07-07 17:00:00+05:30,11.402683,101.84206,17.94411,103.339264
186,2025-07-07 18:00:00+05:30,12.172312,113.532364,22.151703,114.482475
187,2025-07-07 19:00:00+05:30,13.504799,111.09241,23.801554,112.68656
188,2025-07-07 20:00:00+05:30,10.931203,107.241554,20.60823,109.38461
189,2025-07-07 21:00:00+05:30,11.230904,83.5585,21.24305,90.971
190,2025-07-07 22:00:00+05:30,9.781473,77.24247,19.32801,85.19214
191,2025-07-07 23:00:00+05:30,9.781473,77.24247,19.44833,82.01998
192,2025-07-08 00:00:00+05:30,11.431063,82.763176,21.660664,85.71093
193,2025-07-08 01:00:00+05:30,12.93247,81.19329,23.124922,85.0883
194,2025-07-08 02:00:00+05:30,12.606426,80.13426,22.66142,83.15732
195,2025-07-08 03:00:00+05:30,14.2336645,76.84245,25.13434,78.85105
196,2025-07-08 04:00:00+05:30,14.275713,76.138954,25.420181,77.735245
197,2025-07-08 05:00:00+05:30,14.578888,69.775055,24.654745,73.02021
198,2025-07-08 06:00:00+05:30,16.293728,73.9676,25.107903,77.159325
199,2025-07-08 07:00:00+05:30,23.304266,85.12619,33.24498,85.03035
200,2025-07-08 08:00:00+05:30,25.22891,82.62156,35.922966,82.803856
201,2025-07-08 09:00:00+05:30,23.956234,82.66149,33.3559,83.181885
202,2025-07-08 10:00:00+05:30,23.237434,87.780396,32.052635,88.39103
203,2025-07-08 11:00:00+05:30,21.457026,86.63361,29.546877,87.55599
204,2025-07-08 12:00:00+05:30,23.59099,88.2511,32.412495,88.4089
205,2025-07-08 13:00:00+05:30,21.602999,89.04518,29.880543,89.65486
206,2025-07-08 14:00:00+05:30,20.558647,86.48632,27.937136,87.04549
207,2025-07-08 15:00:00+05:30,20.167229,91.53431,28.280628,92.18854
208,2025-07-08 16:00:00+05:30,19.45333,92.12105,28.306395,93.280815
209,2025-07-08 17:00:00+05:30,18.416384,85.51548,28.47643,87.10149
210,2025-07-08 18:00:00+05:30,15.137133,92.72626,26.060244,95.94677
211,2025-07-08 19:00:00+05:30,18.051228,99.180466,30.718357,100.12462
212,2025-07-08 20:00:00+05:30,17.731598,95.82625,29.40398,97.38595
213,2025-07-08 21:00:00+05:30,16.966848,94.258766,28.406372,95.81888
214,2025-07-08 22:00:00+05:30,16.42839,94.39862,27.69018,95.969925
215,2025-07-08 23:00:00+05:30,16.755476,87.53724,28.080576,90.36727
216,2025-07-09 00:00:00+05:30,15.697197,86.05489,26.109928,88.41987
217,2025-07-09 01:00:00+05:30,15.215058,79.08892,25.22891,82.62156
218,2025-07-09 02:00:00+05:30,15.922624,79.57934,26.372305,81.75938
219,2025-07-09 03:00:00+05:30,16.459913,76.723595,26.79341,78.7656
220,2025-07-09 04:00:00+05:30,17.284687,81.616844,27.888384,83.700745
221,2025-07-09 05:00:00+05:30,17.873556,80.72748,28.71437,82.073166
222,2025-07-09 06:00:00+05:30,19.820442,76.34235,29.519999,77.319626
223,2025-07-09 07:00:00+05:30,22.461807,83.5585,33.020557,82.7976
224,2025-07-09 08:00:00+05:30,20.077868,84.340614,29.612597,85.46783
225,2025-07-09 09:00:00+05:30,22.355536,93.23095,31.407291,94.272705
226,2025-07-09 10:00:00+05:30,20.883104,89.01226,28.619999,90.0
227,2025-07-09 11:00:00+05:30,28.880886,94.28908,41.735554,94.94825
228,2025-07-09 12:00:00+05:30,21.468348,93.84596,29.986076,94.82068
229,2025-07-09 13:00:00+05:30,22.845821,106.00748,30.80946,106.6352
230,2025-07-09 14:00:00+05:30,25.161398,109.21277,35.06629,109.17911
231,2025-07-09 15:00:00+05:30,26.815771,115.01687,38.407967,115.243965
232,2025-07-09 16:00:00+05:30,24.634365,111.87921,36.266315,111.85428
233,2025-07-09 17:00:00+05:30,19.166409,104.688835,31.401098,105.62966
234,2025-07-09 18:00:00+05:30,16.053335,120.3026,26.313267,122.71167
235,2025-07-09 19:00:00+05:30,15.717823,113.62939,26.725605,116.3924
236,2025-07-09 20:00:00+05:30,13.8037815,102.042564,23.885803,105.293045
237,2025-07-09 21:00:00+05:30,14.068817,93.66772,24.13477,97.283936
238,2025-07-09 22:00:00+05:30,17.057314,97.27491,28.027449,98.49429
239,2025-07-09 23:00:00+05:30,14.967083,93.44732,24.967499,95.79271
240,2025-07-10 00:00:00+05:30,15.484185,91.33219,26.009842,94.76356
241,2025-07-10 01:00:00+05:30,15.338071,85.96237,26.46,90.0
242,2025-07-10 02:00:00+05:30,15.986595,82.234924,27.086262,85.42616
243,2025-07-10 03:00:00+05:30,15.602999,78.6901,26.680105,82.63535
244,2025-07-10 04:00:00+05:30,15.463244,77.90526,26.14465,82.48365
245,2025-07-10 05:00:00+05:30,15.596767,71.14675,26.413427,75.395515
246,2025-07-10 06:00:00+05:30,18.72346,88.89832,29.89355,91.72522
247,2025-07-10 07:00:00+05:30,21.23237,97.30567,31.235575,97.61637
248,2025-07-10 08:00:00+05:30,22.45315,102.03058,33.932266,102.561775
249,2025-07-10 09:00:00+05:30,20.093191,99.79979,29.446373,100.210815
250,2025-07-10 10:00:00+05:30,21.286474,101.21488,29.582497,101.58339
251,2025-07-10 11:00:00+05:30,17.968472,100.9722,27.64568,102.40741
252,2025-07-10 12:00:00+05:30,16.459913,103.276405,22.2218,103.58601
253,2025-07-10 13:00:00+05:30,19.017065,107.06294,25.277023,107.402794
254,2025-07-10 14:00:00+05:30,18.244045,120.86674,25.25266,120.40334
255,2025-07-10 15:00:00+05:30,13.1412325,103.46522,18.865683,105.4949
256,2025-07-10 16:00:00+05:30,12.750811,108.946594,18.58451,111.595375
257,2025-07-10 17:00:00+05:30,13.779114,109.85531,22.930048,112.135544
258,2025-07-10 18:00:00+05:30,12.108261,101.14285,23.181597,103.92837
259,2025-07-10 19:00:00+05:30,9.82279,103.781624,20.435352,107.95626
260,2025-07-10 20:00:00+05:30,10.538843,97.853226,20.969805,101.88863
261,2025-07-10 21:00:00+05:30,10.853866,95.7105,21.429073,100.64917
262,2025-07-10 22:00:00+05:30,11.177405,104.93147,21.637466,109.942474
263,2025-07-10 23:00:00+05:30,11.050591,102.22511,21.231607,108.28144
264,2025-07-11 00:00:00+05:30,10.914888,103.34874,20.890083,108.59117
265,2025-07-11 01:00:00+05:30,10.209348,99.1301,19.41415,107.25904
266,2025-07-11 02:00:00+05:30,9.746631,85.76369,17.684942,94.08554
267,2025-07-11 03:00:00+05:30,9.6480665,81.416466,18.000898,89.42708
268,2025-07-11 04:00:00+05:30,11.362834,86.36713,20.558647,93.51369
269,2025-07-11 05:00:00+05:30,11.173057,92.77016,19.85719,98.86454
270,2025-07-11 06:00:00+05:30,12.461669,100.82296,18.216497,101.97611
271,2025-07-11 07:00:00+05:30,14.357185,97.92684,19.70815,99.46225
272,2025-07-11 08:00:00+05:30,15.546833,95.31445,21.170479,95.85592
273,2025-07-11 09:00:00+05:30,13.954354,96.666565,18.710478,97.74025
274,2025-07-11 10:00:00+05:30,15.151039,99.57416,20.12461,100.30479
275,2025-07-11 11:00:00+05:30,16.167967,101.560104,21.749481,102.425934
276,2025-07-11 12:00:00+05:30,16.6896,106.284996,21.862406,107.241554
277,2025-07-11 13:00:00+05:30,13.363711,117.25525,17.388409,117.095474
278,2025-07-11 14:00:00+05:30,13.379461,123.4763,17.726116,122.56042
279,2025-07-11 15:00:00+05:30,12.325728,151.1893,16.85669,149.87578
280,2025-07-11 16:00:00+05:30,7.329338,114.67685,10.315115,119.24873
281,2025-07-11 17:00:00+05:30,6.4624763,102.87501,10.957847,104.26455
282,2025-07-11 18:00:00+05:30,4.6938257,147.52882,11.753876,139.9698
283,2025-07-11 19:00:00+05:30,3.494968,124.50858,10.564941,134.30981
284,2025-07-11 20:00:00+05:30,3.244996,93.17977,9.252069,127.09292
285,2025-07-11 21:00:00+05:30,4.323748,87.614105,10.062305,116.56499
286,2025-07-11 22:00:00+05:30,5.983477,105.7087,14.423605,119.12396
287,2025-07-11 23:00:00+05:30,5.5916004,123.17853,15.03835,132.0891
288,2025-07-12 00:00:00+05:30,4.5,126.86999,12.348051,143.29706
289,2025-07-12 01:00:00+05:30,3.604497,92.86235,8.909545,135.0001
290,2025-07-12 02:00:00+05:30,4.175069,82.56869,8.863972,113.962494
291,2025-07-12 03:00:00+05:30,4.0249224,100.30479,9.585739,124.286934
292,2025-07-12 04:00:00+05:30,6.379216,106.38962,13.337016,121.75944
293,2025-07-12 05:00:00+05:30,7.973005,118.30067,14.982228,125.21768
294,2025-07-12 06:00:00+05:30,7.256032,97.12492,13.358861,104.03627
295,2025-07-12 07:00:00+05:30,9.0,126.86999,12.456468,127.36675
296,2025-07-12 08:00:00+05:30,10.730778,112.69383,14.347028,113.67055
297,2025-07-12 09:00:00+05:30,12.367716,111.33693,16.244936,111.44781
298,2025-07-12 10:00:00+05:30,13.891522,121.218346,18.278645,122.12497
299,2025-07-12 11:00:00+05:30,13.878689,123.89621,18.272436,124.159744
300,2025-07-12 12:00:00+05:30,12.783802,122.34742,16.87398,123.690094
301,2025-07-12 13:00:00+05:30,11.43248,123.43989,14.926983,123.690094
302,2025-07-12 14:00:00+05:30,9.485504,123.388535,12.330985,123.6901
303,2025-07-12 15:00:00+05:30,8.6193495,118.70586,11.364259,119.4071
304,2025-07-12 16:00:00+05:30,7.8954163,136.8476,10.694485,136.36386
305,2025-07-12 17:00:00+05:30,5.896202,148.73633,11.08572,147.60017
306,2025-07-12 18:00:00+05:30,5.5829024,178.15244,13.733186,169.42653
307,2025-07-12 19:00:00+05:30,5.771239,183.57626,14.05845,177.06439
308,2025-07-12 20:00:00+05:30,5.297018,170.21767,13.701299,170.1665
309,2025-07-12 21:00:00+05:30,4.846648,148.67137,12.936227,158.79071
310,2025-07-12 22:00:00+05:30,4.2671766,152.35411,11.157097,162.1496
311,2025-07-12 23:00:00+05:30,4.2366967,167.73524,11.633348,171.99536
312,2025-07-13 00:00:00+05:30,2.2768397,108.43504,7.689603,159.44388
313,2025-07-13 01:00:00+05:30,3.4152596,71.564964,5.8104043,106.18928
314,2025-07-13 02:00:00+05:30,9.847496,59.215923,20.140705,65.72557
315,2025-07-13 03:00:00+05:30,8.65873,69.30447,15.25865,72.847496
316,2025-07-13 04:00:00+05:30,5.8104043,73.81073,13.556282,79.28693
317,2025-07-13 05:00:00+05:30,3.8183763,135.0001,7.327127,117.824005
318,2025-07-13 06:00:00+05:30,4.896529,197.10281,12.659004,150.15416
319,2025-07-13 07:00:00+05:30,2.226477,165.96373,4.846648,148.67137
320,2025-07-13 08:00:00+05:30,5.2323985,153.43501,7.0107627,150.80261
321,2025-07-13 09:00:00+05:30,4.1556225,107.650215,5.2939587,107.818985
322,2025-07-13 10:00:00+05:30,4.73506,98.74608,6.2145634,100.00792
323,2025-07-13 11:00:00+05:30,3.9640884,50.52757,4.942631,56.88865
324,2025-07-13 12:00:00+05:30,9.016185,63.946568,11.028581,63.853214
325,2025-07-13 13:00:00+05:30,7.8149853,38.453735,10.195057,42.13753
326,2025-07-13 14:00:00+05:30,5.728979,46.27295,7.6409945,46.90914
327,2025-07-13 15:00:00+05:30,4.863332,128.991,6.552099,127.18479
328,2025-07-13 16:00:00+05:30,4.379589,99.46225,5.8104043,106.18928
329,2025-07-13 17:00:00+05:30,9.144637,126.193306,12.85205,127.03048
330,2025-07-13 18:00:00+05:30,2.995797,237.26477,7.491114,234.78232
331,2025-07-13 19:00:00+05:30,4.3349743,184.76355,10.483357,195.94547
332,2025-07-13 20:00:00+05:30,5.223103,181.97488,11.700001,194.25006
333,2025-07-13 21:00:00+05:30,3.9477081,335.77228,7.538541,326.68936
334,2025-07-13 22:00:00+05:30,5.7204895,65.85446,11.236671,54.782326
335,2025-07-13 23:00:00+05:30,6.8423676,63.435013,11.616627,77.4712
336,2025-07-14 00:00:00+05:30,6.519877,96.340096,12.882267,97.22423
337,2025-07-14 01:00:00+05:30,5.9834766,111.16133,11.91812,115.01687
338,2025-07-14 02:00:00+05:30,4.514377,113.49858,10.296251,126.46933
339,2025-07-14 03:00:00+05:30,6.489992,86.82024,11.966954,105.7087
340,2025-07-14 04:00:00+05:30,5.8104043,73.81073,11.9317045,101.3099
341,2025-07-14 05:00:00+05:30,9.36173,91.101685,15.978486,104.349365
342,2025-07-14 06:00:00+05:30,13.584932,122.00535,21.721159,124.875404
343,2025-07-14 07:00:00+05:30,15.027575,124.261154,22.577625,125.590866
344,2025-07-14 08:00:00+05:30,12.399112,103.431046,17.856325,104.59661
345,2025-07-14 09:00:00+05:30,13.861168,89.25597,19.267569,91.60597
346,2025-07-14 10:00:00+05:30,16.04526,86.784584,21.986542,87.1845
347,2025-07-14 11:00:00+05:30,14.535487,82.17101,19.804907,82.164566
348,2025-07-14 12:00:00+05:30,15.095336,81.77337,21.077686,82.14678
349,2025-07-14 13:00:00+05:30,18.008097,88.281685,25.382553,89.18737
350,2025-07-14 14:00:00+05:30,22.491356,102.479065,31.394909,102.92075
351,2025-07-14 15:00:00+05:30,17.100946,89.39693,23.946089,88.70787
352,2025-07-14 16:00:00+05:30,18.0036,101.53459,27.067116,103.85144
353,2025-07-14 17:00:00+05:30,14.458382,71.11382,23.313995,76.60749
354,2025-07-14 18:00:00+05:30,16.394829,98.841736,27.402597,99.8335
355,2025-07-14 19:00:00+05:30,16.928614,88.17207,28.445126,91.087746
356,2025-07-14 20:00:00+05:30,18.57143,86.66622,31.324654,89.01226
357,2025-07-14 21:00:00+05:30,21.010712,83.605705,34.38895,83.99109
358,2025-07-14 22:00:00+05:30,18.32202,79.24209,30.955812,81.30459
359,2025-07-14 23:00:00+05:30,20.44803,80.37192,34.2497,83.36063
360,2025-07-15 00:00:00+05:30,21.27734,93.39486,35.950466,94.882675
361,2025-07-15 01:00:00+05:30,22.146585,91.39715,36.862663,95.04236
362,2025-07-15 02:00:00+05:30,21.67487,85.23644,36.181793,89.429924
363,2025-07-15 03:00:00+05:30,22.282953,83.50658,36.603783,86.617065
364,2025-07-15 04:00:00+05:30,21.626984,92.86235,35.80371,95.48121
365,2025-07-15 05:00:00+05:30,23.525661,99.24604,37.385006,100.82297
366,2025-07-15 06:00:00+05:30,22.55106,106.699326,35.748016,107.88764
367,2025-07-15 07:00:00+05:30,23.400002,104.25006,34.66858,105.04644
368,2025-07-15 08:00:00+05:30,26.411587,108.68201,39.561115,108.84724
369,2025-07-15 09:00:00+05:30,25.697166,114.41073,39.953514,114.486664
370,2025-07-15 10:00:00+05:30,18.201374,98.530685,27.358223,101.38383
371,2025-07-15 11:00:00+05:30,18.307867,96.775566,26.754684,98.51163
372,2025-07-15 12:00:00+05:30,20.625517,110.96579,27.978855,111.11698
373,2025-07-15 13:00:00+05:30,15.095336,98.22664,24.18238,100.7244
374,2025-07-15 14:00:00+05:30,15.611304,69.057274,23.226278,72.40749
375,2025-07-15 15:00:00+05:30,16.59225,105.09163,25.674463,107.54582
376,2025-07-15 16:00:00+05:30,14.474059,100.750916,25.149162,104.93147
377,2025-07-15 17:00:00+05:30,15.3686695,108.43504,25.239185,110.89091
378,2025-07-15 18:00:00+05:30,15.236338,104.364624,25.976189,110.69553
379,2025-07-15 19:00:00+05:30,14.490838,96.41869,25.13434,101.14896
380,2025-07-15 20:00:00+05:30,13.379461,100.85637,24.280659,105.4787
381,2025-07-15 21:00:00+05:30,13.31635,99.33492,24.23324,105.06854
382,2025-07-15 22:00:00+05:30,13.039754,96.340096,23.686932,101.395294
383,2025-07-15 23:00:00+05:30,12.221456,99.32352,21.697279,103.92098
384,2025-07-16 00:00:00+05:30,12.442153,104.23732,21.976223,109.62235
385,2025-07-16 01:00:00+05:30,9.007196,92.29056,16.109747,103.57046
386,2025-07-16 02:00:00+05:30,10.823973,86.186005,19.101213,92.70058
387,2025-07-16 03:00:00+05:30,13.089354,121.50421,22.82028,122.436516
388,2025-07-16 04:00:00+05:30,13.151091,120.4257,22.465412,123.562775
389,2025-07-16 05:00:00+05:30,13.1412325,126.08517,22.771244,129.22566
390,2025-07-16 06:00:00+05:30,12.399113,117.68098,19.921535,122.82854
391,2025-07-16 07:00:00+05:30,13.88919,108.90467,21.863146,112.765045
392,2025-07-16 08:00:00+05:30,12.74954,120.54749,20.320877,124.53472
393,2025-07-16 09:00:00+05:30,12.739371,113.30492,20.128637,115.41925
394,2025-07-16 10:00:00+05:30,12.483749,95.79271,18.406704,99.00168
395,2025-07-16 11:00:00+05:30,10.8029995,100.56097,14.101021,104.03627
396,2025-07-16 12:00:00+05:30,11.832176,123.20658,14.982228,125.21768
397,2025-07-16 13:00:00+05:30,10.223619,116.11385,13.0447235,117.979385
398,2025-07-16 14:00:00+05:30,10.650465,120.46546,13.337016,121.75944
399,2025-07-16 15:00:00+05:30,8.320986,128.85338,11.599879,131.85495
400,2025-07-16 16:00:00+05:30,6.1120534,76.37299,7.7588143,86.00917
401,2025-07-16 17:00:00+05:30,8.217153,61.189304,13.036026,72.31551
402,2025-07-16 18:00:00+05:30,4.6102495,128.65984,11.500296,129.92033
403,2025-07-16 19:00:00+05:30,8.477216,86.347855,15.808263,97.853226
404,2025-07-16 20:00:00+05:30,7.2202215,85.71093,14.892213,97.64032
405,2025-07-16 21:00:00+05:30,5.2478566,95.906044,12.976239,113.720406
406,2025-07-16 22:00:00+05:30,6.8423676,88.4926,14.689589,107.10281
407,2025-07-16 23:00:00+05:30,8.281956,91.24534,17.161469,102.72435
408,2025-07-17 00:00:00+05:30,7.2359104,95.7105,15.94804,106.38962
409,2025-07-17 01:00:00+05:30,6.5049515,104.420815,14.182355,113.962494
410,2025-07-17 02:00:00+05:30,5.8603754,100.619606,13.0447235,117.979385
411,2025-07-17 03:00:00+05:30,5.8298883,98.88058,12.9625,115.497505
412,2025-07-17 04:00:00+05:30,5.896202,102.33907,12.503199,120.256355
413,2025-07-17 05:00:00+05:30,7.519175,101.0409,14.008811,117.55273
414,2025-07-17 06:00:00+05:30,6.391901,122.34742,15.3264475,139.76372
415,2025-07-17 07:00:00+05:30,3.84796,169.21574,6.1569467,164.74483
416,2025-07-17 08:00:00+05:30,5.2478566,174.09395,6.87779,173.99109
417,2025-07-17 09:00:00+05:30,6.439876,153.43501,8.133928,155.13632
418,2025-07-17 10:00:00+05:30,5.692099,124.69522,7.0934615,125.70678
419,2025-07-17 11:00:00+05:30,7.127636,135.0001,8.909545,135.0001
420,2025-07-17 12:00:00+05:30,7.731623,155.22488,9.743304,154.85526
421,2025-07-17 13:00:00+05:30,7.9383874,176.09958,10.105681,175.91446
422,2025-07-17 14:00:00+05:30,6.8423676,178.4926,8.82,180.0
423,2025-07-17 15:00:00+05:30,6.2999997,180.0,8.281956,181.24533
424,2025-07-17 16:00:00+05:30,7.2359104,185.7105,9.779817,186.3401
425,2025-07-17 17:00:00+05:30,6.2145634,190.00792,11.633348,188.00464
426,2025-07-17 18:00:00+05:30,4.1046314,127.875046,10.00256,149.74365
427,2025-07-17 19:00:00+05:30,4.514377,156.50142,12.785069,181.61351
428,2025-07-17 20:00:00+05:30,6.162207,186.70975,14.874796,201.28648
429,2025-07-17 21:00:00+05:30,6.0077944,188.61557,15.062033,194.5345
430,2025-07-17 22:00:00+05:30,4.8466477,164.93146,12.959999,180.0
431,2025-07-17 23:00:00+05:30,4.8899083,173.6599,12.611567,182.45398
432,2025-07-18 00:00:00+05:30,6.130579,183.3664,14.618837,189.92618
433,2025-07-18 01:00:00+05:30,6.4799995,180.0,15.226764,186.78888
434,2025-07-18 02:00:00+05:30,7.0774574,187.30566,16.24394,192.80426
435,2025-07-18 03:00:00+05:30,5.7852573,185.35573,14.810401,196.23242
436,2025-07-18 04:00:00+05:30,5.983477,164.2913,14.068817,183.66771
437,2025-07-18 05:00:00+05:30,6.162207,173.29025,12.93247,188.80672
438,2025-07-18 06:00:00+05:30,7.458606,188.32556,14.275713,193.86105
439,2025-07-18 07:00:00+05:30,6.8138976,192.20045,9.605998,192.99461
440,2025-07-18 08:00:00+05:30,6.7205353,200.37651,8.65873,200.69553
441,2025-07-18 09:00:00+05:30,8.6193495,208.70586,10.874742,208.68605
442,2025-07-18 10:00:00+05:30,8.322932,201.57137,10.32924,202.5431
443,2025-07-18 11:00:00+05:30,7.6579366,209.57774,9.511088,209.4758
444,2025-07-18 12:00:00+05:30,8.187527,213.34073,10.036512,212.54999
445,2025-07-18 13:00:00+05:30,4.5820518,224.9999,5.728979,223.72705
446,2025-07-18 14:00:00+05:30,6.299999,233.13002,7.562142,231.76613
447,2025-07-18 15:00:00+05:30,6.050785,210.37904,7.689603,212.57405
448,2025-07-18 16:00:00+05:30,4.829907,206.56499,6.3639607,208.7397
449,2025-07-18 17:00:00+05:30,6.4924874,223.87679,11.975074,222.56331
450,2025-07-18 18:00:00+05:30,10.3621235,197.176,19.18246,198.60506
451,2025-07-18 19:00:00+05:30,8.29173,207.12122,17.548845,206.8278
452,2025-07-18 20:00:00+05:30,9.194106,203.05133,18.955633,210.2172
453,2025-07-18 21:00:00+05:30,6.2483597,191.6336,14.913952,203.47101
454,2025-07-18 22:00:00+05:30,7.072878,194.7436,15.62686,204.49857
455,2025-07-18 23:00:00+05:30,3.8268526,228.81418,10.946013,224.9999
456,2025-07-19 00:00:00+05:30,3.3092597,202.38017,8.942214,229.89915
457,2025-07-19 01:00:00+05:30,5.1544156,257.90524,11.367109,259.046
458,2025-07-19 02:00:00+05:30,5.896202,301.26367,13.708391,293.1986
459,2025-07-19 03:00:00+05:30,5.5916004,303.17853,11.521406,298.96756
460,2025-07-19 04:00:00+05:30,0.8049845,243.43501,5.1826253,290.3232
461,2025-07-19 05:00:00+05:30,2.1674871,4.763556,4.3573384,321.70978
462,2025-07-19 06:00:00+05:30,3.0758414,159.44388,4.503598,182.29056
463,2025-07-19 07:00:00+05:30,4.2021422,189.86574,5.3305535,191.68935
464,2025-07-19 08:00:00+05:30,3.3092597,202.38017,4.2671766,207.64589
465,2025-07-19 09:00:00+05:30,4.503598,177.70944,5.5829024,181.84756
466,2025-07-19 10:00:00+05:30,5.6521144,189.16228,6.9550843,190.43742
467,2025-07-19 11:00:00+05:30,7.754637,201.80147,9.526405,202.20352
468,2025-07-19 12:00:00+05:30,10.429132,201.25058,12.979984,199.44012
469,2025-07-19 13:00:00+05:30,6.452441,247.01126,8.29173,242.87877
470,2025-07-19 14:00:00+05:30,3.219938,243.43501,4.542994,236.3099
471,2025-07-19 15:00:00+05:30,6.6624317,231.58191,8.320986,231.14662
472,2025-07-19 16:00:00+05:30,7.823272,246.97447,10.7894945,242.15251
473,2025-07-19 17:00:00+05:30,4.198285,239.0363,7.538541,236.68936
474,2025-07-19 18:00:00+05:30,7.4672885,164.62369,14.787414,176.51074
475,2025-07-19 19:00:00+05:30,6.8423676,181.5074,16.245934,189.56662
476,2025-07-19 20:00:00+05:30,3.710795,165.96373,12.6462,184.899
477,2025-07-19 21:00:00+05:30,5.369916,39.55964,6.2613096,108.43504
478,2025-07-19 22:00:00+05:30,5.402999,299.98157,9.847496,288.10385
479,2025-07-19 23:00:00+05:30,4.755544,119.4758,7.587806,157.69374
480,2025-07-20 00:00:00+05:30,8.759178,99.46225,14.251863,117.85956
481,2025-07-20 01:00:00+05:30,6.3231,94.89901,10.837435,122.106224
482,2025-07-20 02:00:00+05:30,7.570707,108.00426,12.033103,111.960625
483,2025-07-20 03:00:00+05:30,5.896202,148.73633,11.51578,155.03725
484,2025-07-20 04:00:00+05:30,3.462369,261.02747,8.400428,224.9999
485,2025-07-20 05:00:00+05:30,4.445672,68.62931,6.8541956,113.198616
486,2025-07-20 06:00:00+05:30,1.08,90.0,1.2979984,236.3099
487,2025-07-20 07:00:00+05:30,2.0124612,280.30478,3.189608,286.38962
488,2025-07-20 08:00:00+05:30,4.175069,352.5687,5.4477882,352.40543
489,2025-07-20 09:00:00+05:30,3.462369,351.02744,4.379589,350.53775
490,2025-07-20 10:00:00+05:30,5.257109,38.047092,6.269067,39.173653
491,2025-07-20 11:00:00+05:30,5.692099,34.69522,7.3094187,37.99879
492,2025-07-20 12:00:00+05:30,3.7842832,2.7262611,4.3349743,4.763556
493,2025-07-20 13:00:00+05:30,7.3997297,18.435053,9.335737,19.133741
494,2025-07-20 14:00:00+05:30,7.7043357,37.405437,10.009036,37.694313
495,2025-07-20 15:00:00+05:30,6.552099,52.81522,8.641874,54.323517
496,2025-07-20 16:00:00+05:30,7.3094187,80.07382,9.444426,82.33328
497,2025-07-20 17:00:00+05:30,8.467655,177.5634,11.837651,171.25392
498,2025-07-20 18:00:00+05:30,1.2727921,315.0001,4.1046314,344.7448
499,2025-07-20 19:00:00+05:30,0.54,90.0,2.36753,98.74608
500,2025-07-20 20:00:00+05:30,2.9024127,97.12492,5.8852015,113.42871
501,2025-07-20 21:00:00+05:30,2.1897945,99.46225,4.2175345,129.80553
502,2025-07-20 22:00:00+05:30,0.9,126.86999,2.0523157,142.12495
503,2025-07-20 23:00:00+05:30,1.0948973,99.46225,2.7534704,101.3099
504,2025-07-21 00:00:00+05:30,2.4149535,26.564985,5.6002855,44.999897
505,2025-07-21 01:00:00+05:30,3.1072817,100.00792,6.601363,101.003494
506,2025-07-21 02:00:00+05:30,5.7628117,321.34018,7.6367526,351.87
507,2025-07-21 03:00:00+05:30,8.92408,48.270576,17.52298,56.309914
508,2025-07-21 04:00:00+05:30,4.2175345,39.805527,7.9036193,59.93151
509,2025-07-21 05:00:00+05:30,8.131936,95.07952,13.324863,88.45188
510,2025-07-21 06:00:00+05:30,6.638072,130.60121,15.072783,130.15593
511,2025-07-21 07:00:00+05:30,4.4565907,133.36346,5.854844,135.0001
512,2025-07-21 08:00:00+05:30,1.6981165,122.00535,1.9469976,123.6901
513,2025-07-21 09:00:00+05:30,2.3051248,141.34016,2.6999998,143.13002
514,2025-07-21 10:00:00+05:30,2.5582807,140.71062,3.2048087,141.84273
515,2025-07-21 11:00:00+05:30,1.5484185,144.46223,1.6981165,147.99466
516,2025-07-21 12:00:00+05:30,3.0652895,183.3664,3.7842832,182.72626
517,2025-07-21 13:00:00+05:30,2.968636,255.96373,3.644722,249.77505
518,2025-07-21 14:00:00+05:30,4.1046314,232.12495,5.00128,239.74365
519,2025-07-21 15:00:00+05:30,2.0523157,142.12495,2.4149535,153.43501
520,2025-07-21 16:00:00+05:30,1.609969,116.56499,1.659518,139.39879
521,2025-07-21 17:00:00+05:30,1.8089776,95.7105,2.2768397,108.43504
522,2025-07-21 18:00:00+05:30,3.4247334,273.01273,6.9899354,258.11136
523,2025-07-21 19:00:00+05:30,4.0249224,349.69522,5.991594,327.26477
524,2025-07-21 20:00:00+05:30,2.2553935,28.610369,2.0124612,10.304792
525,2025-07-21 21:00:00+05:30,1.0495713,120.96369,2.8856194,183.57626
526,2025-07-21 22:00:00+05:30,3.7064266,150.9455,6.6697226,183.094
527,2025-07-21 23:00:00+05:30,4.510787,151.38963,10.081606,178.97699
528,2025-07-22 00:00:00+05:30,10.661107,191.68935,21.004541,197.96922
529,2025-07-22 01:00:00+05:30,4.471107,220.10085,12.538134,219.17365
530,2025-07-22 02:00:00+05:30,5.6835546,349.04596,9.016185,333.94656
531,2025-07-22 03:00:00+05:30,1.5379207,200.55612,4.3832865,250.82089
532,2025-07-22 04:00:00+05:30,1.3708391,113.19862,1.659518,192.5288
533,2025-07-22 05:00:00+05:30,2.657668,118.30067,2.7059932,176.186
534,2025-07-22 06:00:00+05:30,8.281956,47.64261,14.428097,40.446156
535,2025-07-22 07:00:00+05:30,4.39436,145.0079,6.193674,144.46223
536,2025-07-22 08:00:00+05:30,4.599695,120.57915,6.299999,126.86999
537,2025-07-22 09:00:00+05:30,3.9844694,108.43504,4.991553,115.64096
538,2025-07-22 10:00:00+05:30,3.2599385,96.340096,3.8856654,103.39252
539,2025-07-22 11:00:00+05:30,2.36753,98.74608,2.8460498,108.43504
540,2025-07-22 12:00:00+05:30,1.6981165,122.00535,2.1674871,138.36655
541,2025-07-22 13:00:00+05:30,0.9,323.13,1.0495713,300.96368
542,2025-07-22 14:00:00+05:30,2.8174455,296.56497,3.4763772,291.25058
543,2025-07-22 15:00:00+05:30,4.072935,315.0001,5.0911684,315.0001
544,2025-07-22 16:00:00+05:30,3.7842832,272.72626,4.8733153,274.23633
545,2025-07-22 17:00:00+05:30,6.623413,222.79738,10.44,223.60289
546,2025-07-22 18:00:00+05:30,4.175069,172.56868,9.906544,182.08252
547,2025-07-22 19:00:00+05:30,3.7842832,182.72626,9.107359,198.43504
548,2025-07-22 20:00:00+05:30,4.724786,162.25523,10.478722,184.92702
549,2025-07-22 21:00:00+05:30,2.4014995,167.00539,7.8954163,204.22774
550,2025-07-22 22:00:00+05:30,3.8183763,171.86998,9.997699,203.33406
551,2025-07-22 23:00:00+05:30,3.62243,243.43501,10.534229,236.853
552,2025-07-23 00:00:00+05:30,2.0364676,44.999897,5.09435,327.99466
553,2025-07-23 01:00:00+05:30,0.54,90.0,3.1845248,317.29062
554,2025-07-23 02:00:00+05:30,1.659518,77.4712,4.1125174,336.8014
555,2025-07-23 03:00:00+05:30,1.1525624,51.34017,4.4274144,333.43503
556,2025-07-23 04:00:00+05:30,1.26,180.0,2.52,270.0
557,2025-07-23 05:00:00+05:30,2.226477,255.96373,3.3092597,292.3802
558,2025-07-23 06:00:00+05:30,4.2021422,189.86574,7.329338,204.67685
559,2025-07-23 07:00:00+05:30,4.7657523,190.88548,6.2483597,191.6336
560,2025-07-23 08:00:00+05:30,4.412754,191.76826,5.6835546,190.95403
561,2025-07-23 09:00:00+05:30,3.62243,206.56499,4.6800003,202.6199
562,2025-07-23 10:00:00+05:30,3.143565,203.6294,4.0449963,200.85454
563,2025-07-23 11:00:00+05:30,4.060985,192.80426,5.1544156,192.09474
564,2025-07-23 12:00:00+05:30,4.5891175,205.55992,5.7964473,205.76927
565,2025-07-23 13:00:00+05:30,3.710795,230.90614,4.5891175,228.17992
566,2025-07-23 14:00:00+05:30,4.68,270.0,5.950899,266.53183
567,2025-07-23 15:00:00+05:30,4.8733153,274.23633,6.302571,271.63654
568,2025-07-23 16:00:00+05:30,4.143911,304.3804,5.2478566,292.16638
569,2025-07-23 17:00:00+05:30,3.01735,252.64589,4.060985,257.19574
570,2025-07-23 18:00:00+05:30,3.0547013,224.9999,6.87779,263.9911
571,2025-07-23 19:00:00+05:30,3.0652893,220.23628,6.452441,247.01126
572,2025-07-23 20:00:00+05:30,3.143565,246.3706,7.415038,264.4279
573,2025-07-23 21:00:00+05:30,3.1845248,222.70937,6.854195,240.06857
574,2025-07-23 22:00:00+05:30,3.5455887,293.9625,7.029225,283.32455
575,2025-07-23 23:00:00+05:30,3.4763772,338.74942,6.7469993,313.91916
576,2025-07-24 00:00:00+05:30,2.907989,338.19852,5.6233797,309.8055
577,2025-07-24 01:00:00+05:30,11.928989,185.19434,20.334425,190.71307
578,2025-07-24 02:00:00+05:30,3.693291,223.02507,8.287822,214.3804
579,2025-07-24 03:00:00+05:30,5.8409934,236.3099,11.792404,238.73633
580,2025-07-24 04:00:00+05:30,2.5071096,291.03757,8.11798,273.814
581,2025-07-24 05:00:00+05:30,8.452336,296.56497,15.91041,291.92184
582,2025-07-24 06:00:00+05:30,3.536439,104.743614,5.1481256,53.530666
583,2025-07-24 07:00:00+05:30,7.653705,138.81418,10.703569,137.72638
584,2025-07-24 08:00:00+05:30,7.256032,113.38525,9.761578,112.78245
585,2025-07-24 09:00:00+05:30,5.8298883,98.88058,7.519175,101.0409
586,2025-07-24 10:00:00+05:30,7.6642804,80.53775,9.885262,79.50858
587,2025-07-24 11:00:00+05:30,9.6932955,105.06854,12.57426,103.24053
588,2025-07-24 12:00:00+05:30,8.61371,116.02953,10.897063,112.328705
589,2025-07-24 13:00:00+05:30,9.686609,138.01286,12.483748,137.33734
590,2025-07-24 14:00:00+05:30,7.42159,140.90616,9.432412,138.09415
591,2025-07-24 15:00:00+05:30,6.502461,131.63345,8.55142,130.73203
592,2025-07-24 16:00:00+05:30,4.080882,228.57643,4.863332,218.991
593,2025-07-24 17:00:00+05:30,7.0223074,271.46878,9.582359,264.61078
594,2025-07-24 18:00:00+05:30,1.484318,194.03627,1.9881649,185.19434
595,2025-07-24 19:00:00+05:30,1.659518,229.39879,3.8647635,207.75845
596,2025-07-24 20:00:00+05:30,11.1090765,40.399834,17.065859,37.71605
597,2025-07-24 21:00:00+05:30,7.729527,62.24156,13.363711,62.744755
598,2025-07-24 22:00:00+05:30,5.09435,57.99466,9.919618,78.486206
599,2025-07-24 23:00:00+05:30,4.0249224,10.304792,7.4520864,37.146767
600,2025-07-25 00:00:00+05:30,8.181589,50.355858,15.159589,42.594006
601,2025-07-25 01:00:00+05:30,10.304115,19.384613,18.999168,25.83671
602,2025-07-25 02:00:00+05:30,9.5416975,35.78906,18.396141,36.645744
603,2025-07-25 03:00:00+05:30,6.037383,79.69521,13.737904,68.47733
604,2025-07-25 04:00:00+05:30,8.777653,74.53873,16.813387,74.47583
605,2025-07-25 05:00:00+05:30,13.379461,79.14364,24.058802,80.960594
606,2025-07-25 06:00:00+05:30,16.755476,87.53724,26.46551,88.830894
607,2025-07-25 07:00:00+05:30,20.700783,90.4982,29.704908,91.0416
608,2025-07-25 08:00:00+05:30,22.019674,98.461205,31.667723,98.49848
609,2025-07-25 09:00:00+05:30,22.59269,101.488945,31.983318,101.68935
610,2025-07-25 10:00:00+05:30,23.406229,91.32195,32.058193,91.93055
611,2025-07-25 11:00:00+05:30,21.281145,98.26709,29.710907,99.06278
612,2025-07-25 12:00:00+05:30,23.441502,100.619606,33.11413,101.920715
613,2025-07-25 13:00:00+05:30,24.98631,96.203354,35.70086,96.65912
614,2025-07-25 14:00:00+05:30,20.093193,71.72727,28.520203,72.365456
615,2025-07-25 15:00:00+05:30,21.485697,121.292984,33.92654,121.328636
616,2025-07-25 16:00:00+05:30,10.399576,66.54096,19.087639,74.12875
617,2025-07-25 17:00:00+05:30,18.016191,68.30483,29.522196,74.43844
618,2025-07-25 18:00:00+05:30,19.530622,99.549065,33.006817,101.003494
619,2025-07-25 19:00:00+05:30,19.044306,97.057755,31.782108,99.78234
620,2025-07-25 20:00:00+05:30,20.454369,96.0617,34.009045,98.21579
621,2025-07-25 21:00:00+05:30,21.993908,97.99739,35.95407,99.50941
622,2025-07-25 22:00:00+05:30,20.955122,103.9169,34.368687,105.49204
623,2025-07-25 23:00:00+05:30,21.993908,97.99739,35.512955,98.74608
624,2025-07-26 00:00:00+05:30,20.899387,97.920654,33.98379,97.91543
625,2025-07-26 01:00:00+05:30,21.316135,94.84392,34.587177,96.27424
626,2025-07-26 02:00:00+05:30,21.438896,87.594086,34.740463,89.70314
627,2025-07-26 03:00:00+05:30,22.019672,94.21902,35.68043,96.37202
628,2025-07-26 04:00:00+05:30,23.377836,99.75236,37.141983,100.32963
629,2025-07-26 05:00:00+05:30,20.495512,97.06251,33.474674,98.34787
630,2025-07-26 06:00:00+05:30,21.347271,109.198944,32.849384,109.52721
631,2025-07-26 07:00:00+05:30,23.395153,108.85326,34.38047,108.62476
632,2025-07-26 08:00:00+05:30,23.300789,110.81515,33.26544,110.592415
633,2025-07-26 09:00:00+05:30,22.832344,112.724144,32.35847,112.57088
634,2025-07-26 10:00:00+05:30,22.528782,112.05649,32.05516,112.10019
635,2025-07-26 11:00:00+05:30,22.483433,119.23273,31.10252,119.08671
636,2025-07-26 12:00:00+05:30,20.819393,123.00311,28.805622,123.7894
637,2025-07-26 13:00:00+05:30,19.070658,123.840096,26.469793,125.311295
638,2025-07-26 14:00:00+05:30,18.226276,124.94574,25.423365,125.49061
639,2025-07-26 15:00:00+05:30,14.330079,122.691986,20.320877,124.53472
640,2025-07-26 16:00:00+05:30,13.896187,126.57312,19.987295,128.41809
641,2025-07-26 17:00:00+05:30,12.503199,96.613365,20.656126,102.58296
642,2025-07-26 18:00:00+05:30,9.266067,97.81521,18.275984,107.1858
643,2025-07-26 19:00:00+05:30,9.984729,117.950874,19.787722,121.23186
644,2025-07-26 20:00:00+05:30,9.12513,104.85866,16.997377,114.39373
645,2025-07-26 21:00:00+05:30,15.743569,84.093956,24.310665,91.69712
646,2025-07-26 22:00:00+05:30,7.7734165,84.68555,15.086748,107.35411
647,2025-07-26 23:00:00+05:30,8.538149,71.564964,16.997375,84.531
648,2025-07-27 00:00:00+05:30,8.836514,86.49654,18.0,90.0
649,2025-07-27 01:00:00+05:30,8.297589,86.26868,16.1017,95.77424
650,2025-07-27 02:00:00+05:30,7.69592,79.21575,14.967083,93.44732
651,2025-07-27 03:00:00+05:30,8.557102,75.37909,16.32055,83.031845
652,2025-07-27 04:00:00+05:30,8.6867485,84.05324,16.920958,90.6095
653,2025-07-27 05:00:00+05:30,9.181765,88.876724,16.459915,95.648155
654,2025-07-27 06:00:00+05:30,7.4867883,117.18103,12.642357,118.024414
655,2025-07-27 07:00:00+05:30,9.396275,143.56905,12.204212,142.792
656,2025-07-27 08:00:00+05:30,8.435069,140.19447,11.161451,142.206
657,2025-07-27 09:00:00+05:30,9.807935,132.76881,12.475961,133.83095
658,2025-07-27 10:00:00+05:30,9.9408245,137.93575,12.496718,138.50363
659,2025-07-27 11:00:00+05:30,8.305396,150.1012,10.228373,151.63104
660,2025-07-27 12:00:00+05:30,8.574123,129.0355,10.855358,130.29207
661,2025-07-27 13:00:00+05:30,9.9408245,137.93575,11.870451,139.30457
662,2025-07-27 14:00:00+05:30,6.7205353,97.69597,9.080639,103.76081
663,2025-07-27 15:00:00+05:30,7.4346757,83.047134,9.5416975,88.919106
664,2025-07-27 16:00:00+05:30,8.019601,99.039406,10.699028,102.63336
665,2025-07-27 17:00:00+05:30,11.032987,151.76265,17.077248,147.48251
666,2025-07-27 18:00:00+05:30,7.1321807,79.824554,10.248941,120.61853
667,2025-07-27 19:00:00+05:30,6.5520988,105.945465,13.141232,113.40471
668,2025-07-27 20:00:00+05:30,5.720489,77.27565,11.481968,99.01925
669,2025-07-27 21:00:00+05:30,7.69592,79.21575,13.737904,95.26231
670,2025-07-27 22:00:00+05:30,7.841888,99.24603,13.690654,114.88035
671,2025-07-27 23:00:00+05:30,9.007196,92.29056,15.542662,103.39252
672,2025-07-28 00:00:00+05:30,7.748368,92.66295,14.018059,102.608604
673,2025-07-28 01:00:00+05:30,7.327127,117.824005,13.276144,130.60121
674,2025-07-28 02:00:00+05:30,6.76618,118.61037,12.284918,129.05313
675,2025-07-28 03:00:00+05:30,6.6405115,147.17146,13.184308,147.82881
676,2025-07-28 04:00:00+05:30,7.8149853,151.07367,13.527572,154.7989
677,2025-07-28 05:00:00+05:30,5.3517847,132.27362,10.436895,135.0001
678,2025-07-28 06:00:00+05:30,8.211235,116.00329,13.5,126.86999
679,2025-07-28 07:00:00+05:30,8.777654,118.14151,11.7,120.51016
680,2025-07-28 08:00:00+05:30,9.741642,117.51192,12.642357,118.024414
681,2025-07-28 09:00:00+05:30,10.644379,108.74143,13.661038,108.43504
682,2025-07-28 10:00:00+05:30,12.483749,95.79271,15.941944,96.48298
683,2025-07-28 11:00:00+05:30,13.88919,93.71522,17.864489,94.04441
684,2025-07-28 12:00:00+05:30,13.864674,88.51217,17.82091,89.42129
685,2025-07-28 13:00:00+05:30,12.168319,97.65056,15.451717,98.03562
686,2025-07-28 14:00:00+05:30,11.225132,105.81926,14.120539,107.04912
687,2025-07-28 15:00:00+05:30,12.849528,101.3099,17.968472,100.9722
688,2025-07-28 16:00:00+05:30,9.252069,127.09292,13.779114,123.2749
689,2025-07-28 17:00:00+05:30,9.387651,122.471176,14.730336,122.52488
690,2025-07-28 18:00:00+05:30,7.8625183,105.945465,15.743571,112.1664
691,2025-07-28 19:00:00+05:30,6.6794305,104.03627,14.007655,115.906456
692,2025-07-28 20:00:00+05:30,8.4042845,99.865746,16.580532,110.99293
693,2025-07-28 21:00:00+05:30,9.243311,96.70974,18.0,106.26028
694,2025-07-28 22:00:00+05:30,9.854075,99.46225,19.0392,105.3502
695,2025-07-28 23:00:00+05:30,12.399113,99.18877,21.786694,104.83999
696,2025-07-29 00:00:00+05:30,11.052058,106.07365,19.930477,110.07162
697,2025-07-29 01:00:00+05:30,11.688918,99.75236,21.087673,103.32455
698,2025-07-29 02:00:00+05:30,11.307095,103.81505,20.793701,106.081726
699,2025-07-29 03:00:00+05:30,10.661107,101.68935,19.829433,105.80258
700,2025-07-29 04:00:00+05:30,11.968308,102.15492,21.392754,104.62092
701,2025-07-29 05:00:00+05:30,12.221456,99.32352,21.262869,103.21275
702,2025-07-29 06:00:00+05:30,14.978986,110.39496,22.832344,112.724144
703,2025-07-29 07:00:00+05:30,16.029099,114.55044,22.151703,114.482475
704,2025-07-29 08:00:00+05:30,15.053425,116.2586,21.011482,115.906456
705,2025-07-29 09:00:00+05:30,16.284779,113.44808,22.16998,113.44294
706,2025-07-29 10:00:00+05:30,16.279802,108.03438,23.224882,108.99674
707,2025-07-29 11:00:00+05:30,16.108742,108.23258,21.85796,108.73345
708,2025-07-29 12:00:00+05:30,16.507088,115.16783,22.298214,116.35815
709,2025-07-29 13:00:00+05:30,16.1198,113.70266,21.840164,113.81866
710,2025-07-29 14:00:00+05:30,15.379206,122.57404,20.7219,122.58569
711,2025-07-29 15:00:00+05:30,12.932471,124.7961,17.57744,124.992096
712,2025-07-29 16:00:00+05:30,13.3649235,115.529655,18.999168,115.8367
713,2025-07-29 17:00:00+05:30,10.387107,117.89718,18.13003,119.109764
714,2025-07-29 18:00:00+05:30,5.293959,125.311295,13.125196,132.22076
715,2025-07-29 19:00:00+05:30,6.6794305,104.03627,15.553083,113.895164
716,2025-07-29 20:00:00+05:30,7.754637,111.801476,17.349236,120.555885
717,2025-07-29 21:00:00+05:30,7.3997297,85.81516,15.710607,108.01987
718,2025-07-29 22:00:00+05:30,7.9220443,111.317986,16.947744,120.65059
719,2025-07-29 23:00:00+05:30,7.2359104,95.7105,15.486278,109.69871
720,2025-07-30 00:00:00+05:30,6.3639607,98.13002,14.178928,110.045334
721,2025-07-30 01:00:00+05:30,5.920878,109.53674,13.217443,119.357666
722,2025-07-30 02:00:00+05:30,7.0774574,97.30567,14.24163,110.72565
723,2025-07-30 03:00:00+05:30,9.676569,108.43504,17.47484,114.98122
724,2025-07-30 04:00:00+05:30,11.052058,106.07365,18.044046,108.61578
725,2025-07-30 05:00:00+05:30,11.5115595,99.90412,20.082708,104.5345
726,2025-07-30 06:00:00+05:30,13.450708,105.52418,20.093193,108.27273
727,2025-07-30 07:00:00+05:30,12.750811,108.946594,17.02404,109.77617
728,2025-07-30 08:00:00+05:30,12.399113,99.18877,16.697365,101.18876
729,2025-07-30 09:00:00+05:30,15.602999,106.76264,21.06077,108.43504
730,2025-07-30 10:00:00+05:30,14.345898,107.52566,18.841623,108.95433
731,2025-07-30 11:00:00+05:30,15.430736,106.9554,19.983242,107.29254
732,2025-07-30 12:00:00+05:30,15.206538,106.50443,19.758228,106.94931
733,2025-07-30 13:00:00+05:30,12.632101,94.08554,17.146357,94.214096
734,2025-07-30 14:00:00+05:30,18.435726,117.31553,25.200642,117.66315
735,2025-07-30 15:00:00+05:30,8.891343,148.24057,12.383424,147.46495
736,2025-07-30 16:00:00+05:30,15.124284,91.3639,21.27734,93.39486
737,2025-07-30 17:00:00+05:30,9.676569,71.564964,15.017871,76.130295
738,2025-07-30 18:00:00+05:30,11.843124,114.22774,21.09305,117.439644
739,2025-07-30 19:00:00+05:30,9.779817,96.340096,18.59845,104.57426
740,2025-07-30 20:00:00+05:30,9.796366,69.56709,17.864489,85.9556
741,2025-07-30 21:00:00+05:30,8.863972,66.03751,17.437717,82.2882
742,2025-07-30 22:00:00+05:30,7.2359104,95.7105,16.516901,106.4601
743,2025-07-30 23:00:00+05:30,7.256032,97.12492,16.62444,109.61218
744,2025-07-31 00:00:00+05:30,7.5942073,95.44024,16.913296,106.699326
745,2025-07-31 01:00:00+05:30,6.924738,98.97255,15.484185,107.592514
746,2025-07-31 02:00:00+05:30,8.163749,75.96373,16.215992,87.45525
747,2025-07-31 03:00:00+05:30,8.528657,82.72509,16.575644,87.5105
748,2025-07-31 04:00:00+05:30,10.337079,97.001175,17.968472,100.9722
749,2025-07-31 05:00:00+05:30,9.6228485,97.52373,17.227419,100.84026
750,2025-07-31 06:00:00+05:30,12.815443,100.52074,18.861387,103.24053
751,2025-07-31 07:00:00+05:30,13.159711,93.1363,18.22361,93.96458
752,2025-07-31 08:00:00+05:30,11.749741,95.27381,15.743569,95.906044
753,2025-07-31 09:00:00+05:30,10.853866,84.2895,14.260953,85.656845
754,2025-07-31 10:00:00+05:30,10.658068,85.15609,13.722565,85.4861
755,2025-07-31 11:00:00+05:30,15.84,90.0,20.700783,89.5018
756,2025-07-31 12:00:00+05:30,10.538843,82.14678,14.512064,82.875084
757,2025-07-31 13:00:00+05:30,18.360882,89.43831,24.840652,90.41518
758,2025-07-31 14:00:00+05:30,12.931218,106.16457,17.950432,105.7087
759,2025-07-31 15:00:00+05:30,10.081606,91.02301,13.870515,92.23113
760,2025-07-31 16:00:00+05:30,8.297589,93.73133,11.375658,94.53769
761,2025-07-31 17:00:00+05:30,9.144637,79.79609,15.606114,82.71114
762,2025-07-31 18:00:00+05:30,7.4672885,74.623695,14.892213,82.35969
763,2025-07-31 19:00:00+05:30,7.968939,71.564964,16.029097,77.680565
764,2025-07-31 20:00:00+05:30,8.217153,61.189304,16.34832,69.37004
765,2025-07-31 21:00:00+05:30,8.863972,66.03751,17.309973,73.07241
766,2025-07-31 22:00:00+05:30,9.059205,69.04415,17.688606,77.660934
767,2025-07-31 23:00:00+05:30,8.260411,78.6901,16.215992,87.45525
768,2025-08-01 00:00:00+05:30,9.746631,85.76369,17.468348,91.77143
769,2025-08-01 01:00:00+05:30,10.661107,78.31066,18.252037,84.90798
770,2025-08-01 02:00:00+05:30,11.132385,75.96373,19.023027,83.48029
771,2025-08-01 03:00:00+05:30,11.659777,81.11942,20.009167,86.906006
772,2025-08-01 04:00:00+05:30,12.059999,90.0,20.875343,97.43131
773,2025-08-01 05:00:00+05:30,11.521406,89.10485,19.67936,98.945305
774,2025-08-01 06:00:00+05:30,10.096059,101.3099,14.319901,104.56032
775,2025-08-01 07:00:00+05:30,9.102021,114.53771,11.837652,118.12364
776,2025-08-01 08:00:00+05:30,9.107359,108.43504,11.672275,109.83222
777,2025-08-01 09:00:00+05:30,11.384199,108.43504,14.348156,109.79897
778,2025-08-01 10:00:00+05:30,11.431062,116.16151,14.897651,118.11311
779,2025-08-01 11:00:00+05:30,11.503113,110.13639,15.509274,111.801476
780,2025-08-01 12:00:00+05:30,13.633737,132.32452,18.222721,132.19748
781,2025-08-01 13:00:00+05:30,11.196232,143.49847,14.796175,143.40881
782,2025-08-01 14:00:00+05:30,9.446141,149.03632,11.886816,147.99466
783,2025-08-01 15:00:00+05:30,11.500296,162.69939,15.312701,162.20392
784,2025-08-01 16:00:00+05:30,7.6473517,116.56499,10.34178,121.47678
785,2025-08-01 17:00:00+05:30,7.570707,108.00426,11.368535,113.317726
786,2025-08-01 18:00:00+05:30,4.0449967,122.27562,10.571074,132.92996
787,2025-08-01 19:00:00+05:30,7.9077177,131.30852,16.055355,137.72638
788,2025-08-01 20:00:00+05:30,5.6492476,112.47948,12.229406,132.61403
789,2025-08-01 21:00:00+05:30,9.504272,127.30403,17.441433,136.25438
790,2025-08-01 22:00:00+05:30,7.9077177,138.69148,15.130711,147.63339
791,2025-08-01 23:00:00+05:30,5.4744864,136.33215,11.594292,152.24155
792,2025-08-02 00:00:00+05:30,6.6405115,122.828545,11.19189,152.19864
793,2025-08-02 01:00:00+05:30,5.293959,125.311295,9.83268,156.2505
794,2025-08-02 02:00:00+05:30,3.4576871,128.65984,8.827344,159.71736
795,2025-08-02 03:00:00+05:30,6.522361,140.59937,13.009903,165.5792
796,2025-08-02 04:00:00+05:30,7.6409945,133.09087,14.49531,151.8439
797,2025-08-02 05:00:00+05:30,8.244708,143.88057,15.060956,155.2727
798,2025-08-02 06:00:00+05:30,9.659814,153.43501,14.539945,158.19853
799,2025-08-02 07:00:00+05:30,9.97986,140.85602,13.729647,145.68486
800,2025-08-02 08:00:00+05:30,10.373061,141.34018,13.538345,144.19656
801,2025-08-02 09:00:00+05:30,10.8792095,141.04408,13.861168,142.38597
802,2025-08-02 10:00:00+05:30,11.734564,131.26851,15.027575,133.05853
803,2025-08-02 11:00:00+05:30,12.652604,129.80553,16.204998,130.94635
804,2025-08-02 12:00:00+05:30,13.004922,138.36655,16.985933,139.72806
805,2025-08-02 13:00:00+05:30,13.239486,136.10162,17.309975,135.0001
806,2025-08-02 14:00:00+05:30,13.666967,192.93806,19.699928,192.1313
807,2025-08-02 15:00:00+05:30,9.840914,140.19447,14.128566,145.90497
808,2025-08-02 16:00:00+05:30,11.7,143.13002,15.735336,144.30984
809,2025-08-02 17:00:00+05:30,8.748075,143.3658,12.830604,145.86401
810,2025-08-02 18:00:00+05:30,11.212135,137.60262,20.448032,143.23088
811,2025-08-02 19:00:00+05:30,13.239486,133.89838,22.725668,139.49724
812,2025-08-02 20:00:00+05:30,11.808878,142.43134,21.505291,151.50446
813,2025-08-02 21:00:00+05:30,9.686609,131.98714,19.229694,144.52458
814,2025-08-02 22:00:00+05:30,4.143911,92.4895,11.832176,123.20658
815,2025-08-02 23:00:00+05:30,7.5685663,64.65388,12.825552,94.83033
816,2025-08-03 00:00:00+05:30,8.209263,74.74483,15.745627,100.53913
817,2025-08-03 01:00:00+05:30,11.098865,98.392845,20.893959,112.809746
818,2025-08-03 02:00:00+05:30,12.399113,129.69904,20.269789,131.76021
819,2025-08-03 03:00:00+05:30,10.223619,116.11385,18.06199,119.886444
820,2025-08-03 04:00:00+05:30,9.668195,114.1791,17.311846,117.89718
821,2025-08-03 05:00:00+05:30,10.390226,104.03627,16.67795,108.239494
822,2025-08-03 06:00:00+05:30,11.272657,128.51695,16.5776,131.47845
823,2025-08-03 07:00:00+05:30,9.885262,123.11135,14.957339,129.62897
824,2025-08-03 08:00:00+05:30,11.391313,148.5705,14.386494,148.29861
825,2025-08-03 09:00:00+05:30,10.464797,139.18501,14.918297,138.42397
826,2025-08-03 10:00:00+05:30,10.587918,144.6887,14.378608,145.71307
827,2025-08-03 11:00:00+05:30,9.044888,148.84076,11.7662735,150.6901
828,2025-08-03 12:00:00+05:30,10.560341,150.37634,13.766176,152.76494
829,2025-08-03 13:00:00+05:30,8.55142,149.65683,10.874742,151.31395
830,2025-08-03 14:00:00+05:30,10.993271,140.31459,14.25641,142.69597
831,2025-08-03 15:00:00+05:30,12.57426,156.3706,18.961613,160.0168
832,2025-08-03 16:00:00+05:30,5.315336,151.69934,11.307095,166.18495
833,2025-08-03 17:00:00+05:30,7.6409945,164.98158,13.523978,170.03625
834,2025-08-03 18:00:00+05:30,8.885877,186.98096,18.23694,184.52873
835,2025-08-03 19:00:00+05:30,4.278551,165.37909,12.304682,174.1227
836,2025-08-03 20:00:00+05:30,4.080882,138.57643,10.483357,164.05453
837,2025-08-03 21:00:00+05:30,4.080882,131.42357,10.873251,160.6651
838,2025-08-03 22:00:00+05:30,6.7757506,140.38934,13.54911,160.6021
839,2025-08-03 23:00:00+05:30,11.103243,163.03377,19.60348,166.72934
840,2025-08-04 00:00:00+05:30,6.945761,148.78166,10.9859,161.86183
841,2025-08-04 01:00:00+05:30,6.5693827,99.46225,9.037721,135.80684
842,2025-08-04 02:00:00+05:30,6.854195,119.93143,12.145665,140.4119
843,2025-08-04 03:00:00+05:30,8.037761,124.04598,14.896563,133.53127
844,2025-08-04 04:00:00+05:30,5.0911684,98.13002,10.514218,141.95291
845,2025-08-04 05:00:00+05:30,6.248359,131.49637,11.364259,150.59291
846,2025-08-04 06:00:00+05:30,5.4744864,226.33215,11.712454,226.24529
847,2025-08-04 07:00:00+05:30,6.193674,215.53777,8.604301,217.34943
848,2025-08-04 08:00:00+05:30,7.0038276,244.09354,9.178235,244.44008
849,2025-08-04 09:00:00+05:30,7.596341,256.29303,9.6932955,254.93146
850,2025-08-04 10:00:00+05:30,8.089993,249.14546,10.094454,248.00882
851,2025-08-04 11:00:00+05:30,10.883676,235.78424,13.929953,237.13132
852,2025-08-04 12:00:00+05:30,15.602999,253.23737,19.69993,250.24043
853,2025-08-04 13:00:00+05:30,13.432632,302.4123,18.043148,298.61035
854,2025-08-04 14:00:00+05:30,9.418661,296.0753,12.72283,295.1148
855,2025-08-04 15:00:00+05:30,11.5199995,270.0,15.119999,270.0
856,2025-08-04 16:00:00+05:30,9.5196,254.64981,13.229694,255.01831
857,2025-08-04 17:00:00+05:30,6.9247384,242.10283,12.800266,244.15567
858,2025-08-04 18:00:00+05:30,6.048107,233.47105,14.1102085,246.70541
859,2025-08-04 19:00:00+05:30,6.1437774,238.17259,14.068816,253.65175
860,2025-08-04 20:00:00+05:30,4.6800003,247.3801,12.662843,264.2895
861,2025-08-04 21:00:00+05:30,3.9477081,223.1524,10.483357,254.05453
862,2025-08-04 22:00:00+05:30,4.6102495,218.65984,11.028581,243.85321
863,2025-08-04 23:00:00+05:30,4.2175345,219.80553,11.032987,241.76265
864,2025-08-05 00:00:00+05:30,4.978554,220.60121,11.885453,234.86572
865,2025-08-05 01:00:00+05:30,4.4565907,223.36346,11.966954,226.2188
866,2025-08-05 02:00:00+05:30,3.319036,220.60121,9.92778,224.9999
867,2025-08-05 03:00:00+05:30,3.06,208.07239,8.967541,231.51978
868,2025-08-05 04:00:00+05:30,2.3469126,184.39862,7.491114,234.78232
869,2025-08-05 05:00:00+05:30,2.4149535,206.56499,7.172949,252.47433
870,2025-08-05 06:00:00+05:30,6.2067385,209.53868,13.022349,229.4847
871,2025-08-05 07:00:00+05:30,9.54679,225.76381,13.246826,227.20262
872,2025-08-05 08:00:00+05:30,7.538541,236.68936,10.036512,237.45
873,2025-08-05 09:00:00+05:30,7.9077177,228.69148,9.957108,229.39879
874,2025-08-05 10:00:00+05:30,7.6409945,223.09087,9.67657,223.49261
875,2025-08-05 11:00:00+05:30,8.654987,224.9999,10.583326,221.55252
876,2025-08-05 12:00:00+05:30,14.083778,308.77417,17.748037,306.75378
877,2025-08-05 13:00:00+05:30,9.5416975,215.78906,12.616702,222.10866
878,2025-08-05 14:00:00+05:30,11.375658,184.53769,15.745627,190.53912
879,2025-08-05 15:00:00+05:30,9.292254,225.78473,12.496718,228.50363
880,2025-08-05 16:00:00+05:30,8.149847,239.47037,10.742848,238.70702
881,2025-08-05 17:00:00+05:30,5.720489,257.27563,7.8149853,255.32356
882,2025-08-05 18:00:00+05:30,4.503598,267.70944,12.601285,270.81842
883,2025-08-05 19:00:00+05:30,4.323748,267.6141,11.052058,276.5462
884,2025-08-05 20:00:00+05:30,3.396233,237.99466,8.641874,271.19345
885,2025-08-05 21:00:00+05:30,3.438895,186.00891,6.522361,230.59937
886,2025-08-05 22:00:00+05:30,4.8633323,177.87895,8.792405,202.89058
887,2025-08-05 23:00:00+05:30,4.5572357,170.9098,10.8029995,190.56096
888,2025-08-06 00:00:00+05:30,5.720489,167.27565,12.108261,185.11722
889,2025-08-06 01:00:00+05:30,6.6818557,175.36462,13.733186,190.57347
890,2025-08-06 02:00:00+05:30,6.6624317,178.45187,14.892213,187.64032
891,2025-08-06 03:00:00+05:30,5.4477882,172.40544,12.81165,184.02818
892,2025-08-06 04:00:00+05:30,5.771239,183.57626,12.362475,196.06006
893,2025-08-06 05:00:00+05:30,4.7521367,204.62355,10.819482,224.32605
894,2025-08-06 06:00:00+05:30,4.91634,246.25049,9.499158,242.94948
895,2025-08-06 07:00:00+05:30,8.731392,278.29706,11.788281,277.01642
896,2025-08-06 08:00:00+05:30,4.5,323.13,6.341009,325.40765
897,2025-08-06 09:00:00+05:30,4.913044,261.57312,6.7205353,262.30405
898,2025-08-06 10:00:00+05:30,4.0449963,249.14546,5.1826253,249.67677
899,2025-08-06 11:00:00+05:30,4.6277857,256.50424,5.720489,257.27563
900,2025-08-06 12:00:00+05:30,6.379216,253.61038,7.7420926,252.40749
901,2025-08-06 13:00:00+05:30,7.922045,271.3019,9.72,270.0
902,2025-08-06 14:00:00+05:30,12.096214,216.52895,16.176983,222.7454
903,2025-08-06 15:00:00+05:30,12.096214,216.52895,16.529644,218.36752
904,2025-08-06 16:00:00+05:30,12.081473,236.54666,16.828796,237.66985
905,2025-08-06 17:00:00+05:30,10.373061,231.34018,16.237955,234.01923
906,2025-08-06 18:00:00+05:30,4.8633323,182.12105,12.172312,203.53236
907,2025-08-06 19:00:00+05:30,8.427383,199.9832,17.688606,211.26367
908,2025-08-06 20:00:00+05:30,8.854829,206.56499,18.613253,217.53488
909,2025-08-06 21:00:00+05:30,8.967541,218.48022,19.107151,227.29063
910,2025-08-06 22:00:00+05:30,6.7565966,221.76021,16.530626,234.75233
911,2025-08-06 23:00:00+05:30,7.7900705,229.68597,17.169018,240.47873
912,2025-08-07 00:00:00+05:30,5.6233797,230.19447,14.693999,239.03632
913,2025-08-07 01:00:00+05:30,4.412754,258.23172,12.108261,258.85715
914,2025-08-07 02:00:00+05:30,4.0449963,290.85452,12.074766,280.30478
915,2025-08-07 03:00:00+05:30,4.913044,298.4428,12.313894,307.87503
916,2025-08-07 04:00:00+05:30,3.0652895,266.6336,9.178235,281.3099
917,2025-08-07 05:00:00+05:30,2.8460498,251.56496,8.821836,268.8309
918,2025-08-07 06:00:00+05:30,6.8423676,243.43501,17.986494,256.10278
919,2025-08-07 07:00:00+05:30,7.989243,255.65063,11.616627,257.4712
920,2025-08-07 08:00:00+05:30,7.79215,276.63242,10.1376915,276.11542
921,2025-08-07 09:00:00+05:30,5.7628117,255.52966,7.072878,255.2564
922,2025-08-07 10:00:00+05:30,5.2478566,239.0363,6.452441,239.85869
923,2025-08-07 11:00:00+05:30,5.3457265,224.9999,6.618519,224.9999
924,2025-08-07 12:00:00+05:30,6.638072,229.39879,8.297589,229.39879
925,2025-08-07 13:00:00+05:30,5.5216303,250.9743,6.830519,251.56496
926,2025-08-07 14:00:00+05:30,5.4833565,203.19862,6.452441,210.1413
927,2025-08-07 15:00:00+05:30,14.799459,175.81517,20.37899,176.4553
928,2025-08-07 16:00:00+05:30,8.019601,189.0394,13.062098,191.9293
929,2025-08-07 17:00:00+05:30,7.562142,181.36389,11.196231,184.61057
930,2025-08-07 18:00:00+05:30,6.763786,154.7989,14.230248,161.56496
931,2025-08-07 19:00:00+05:30,6.5520988,159.07542,14.101021,165.96373
932,2025-08-07 20:00:00+05:30,8.197414,160.76924,17.202011,166.69081
933,2025-08-07 21:00:00+05:30,8.461915,156.16125,17.134071,160.99393
934,2025-08-07 22:00:00+05:30,8.311245,162.3498,16.189995,171.6898
935,2025-08-07 23:00:00+05:30,7.186487,157.93205,15.503006,164.51144
936,2025-08-08 00:00:00+05:30,5.994297,138.65233,12.57426,156.3706
937,2025-08-08 01:00:00+05:30,7.5363917,130.15593,15.013554,142.3057
938,2025-08-08 02:00:00+05:30,7.9036193,149.9315,15.009236,157.43295
939,2025-08-08 03:00:00+05:30,8.085988,106.821495,15.484185,125.537766
940,2025-08-08 04:00:00+05:30,7.6579366,113.55228,14.835537,125.61858
941,2025-08-08 05:00:00+05:30,10.636766,113.962494,17.629894,122.06736
942,2025-08-08 06:00:00+05:30,5.509882,128.36752,12.616702,137.89134
943,2025-08-08 07:00:00+05:30,8.320986,128.85338,11.480557,131.18582
944,2025-08-08 08:00:00+05:30,6.341009,124.592354,8.604301,127.34943
945,2025-08-08 09:00:00+05:30,8.766573,109.17911,10.99769,111.10492
946,2025-08-08 10:00:00+05:30,8.461915,128.08882,10.626099,128.8114
947,2025-08-08 11:00:00+05:30,9.82114,116.09537,12.24,118.072395
948,2025-08-08 12:00:00+05:30,11.511559,153.03436,14.48972,153.43501
949,2025-08-08 13:00:00+05:30,9.919618,168.4862,13.41453,168.38855
950,2025-08-08 14:00:00+05:30,7.0843205,152.78398,9.016185,153.94656
951,2025-08-08 15:00:00+05:30,4.7928696,124.286934,6.1305785,130.23628
952,2025-08-08 16:00:00+05:30,8.0899935,147.72438,10.436895,147.6804
953,2025-08-08 17:00:00+05:30,7.001514,133.95847,12.996199,149.17241
954,2025-08-08 18:00:00+05:30,2.4149535,116.56499,6.601363,154.1337
955,2025-08-08 19:00:00+05:30,3.3092597,112.38018,8.161764,138.57643
956,2025-08-08 20:00:00+05:30,4.846648,111.801476,11.345712,131.78442
957,2025-08-08 21:00:00+05:30,6.1305785,130.23628,13.666967,139.80803
958,2025-08-08 22:00:00+05:30,5.8603754,137.4896,13.363711,152.74475
959,2025-08-08 23:00:00+05:30,6.522361,140.59937,14.087229,153.43501
960,2025-08-09 00:00:00+05:30,11.91812,154.98314,21.366234,156.67462
961,2025-08-09 01:00:00+05:30,7.5213294,158.96242,15.503006,164.51144
962,2025-08-09 02:00:00+05:30,8.244708,143.88057,16.759342,155.91255
963,2025-08-09 03:00:00+05:30,7.689603,159.44388,16.24394,167.19574
964,2025-08-09 04:00:00+05:30,8.089993,159.14546,15.956163,168.94363
965,2025-08-09 05:00:00+05:30,5.796447,143.84172,12.351988,161.30092
966,2025-08-09 06:00:00+05:30,6.1226463,155.69547,12.431734,182.4895
967,2025-08-09 07:00:00+05:30,5.8631387,162.12122,9.243311,173.29025
968,2025-08-09 08:00:00+05:30,6.320538,160.0168,8.338489,166.26372
969,2025-08-09 09:00:00+05:30,6.6697226,176.906,8.459999,180.0
970,2025-08-09 10:00:00+05:30,8.766573,160.82089,10.931203,162.75845
971,2025-08-09 11:00:00+05:30,9.4238205,151.47697,11.592895,154.23073
972,2025-08-09 12:00:00+05:30,8.93859,154.98314,11.203464,156.3179
973,2025-08-09 13:00:00+05:30,8.707237,150.2552,10.560341,150.37634
974,2025-08-09 14:00:00+05:30,12.800265,183.22446,17.654688,182.33725
975,2025-08-09 15:00:00+05:30,7.42159,165.96373,9.9571085,167.4712
976,2025-08-09 16:00:00+05:30,6.698806,173.82993,9.208192,175.51547
977,2025-08-09 17:00:00+05:30,4.503598,182.29056,8.656858,183.57626
978,2025-08-09 18:00:00+05:30,7.4520864,142.85323,15.299999,154.94241
979,2025-08-09 19:00:00+05:30,4.278551,157.75093,12.585848,163.37917
980,2025-08-09 20:00:00+05:30,8.085988,163.17851,17.015474,173.92764
981,2025-08-09 21:00:00+05:30,8.171683,172.40544,17.519281,184.71468
982,2025-08-09 22:00:00+05:30,10.028439,158.96242,19.091883,171.86998
983,2025-08-09 23:00:00+05:30,9.087772,172.03047,17.640919,180.58461
984,2025-08-10 00:00:00+05:30,11.705537,181.76236,21.663654,188.6013
985,2025-08-10 01:00:00+05:30,8.227004,190.08054,15.898188,195.76724
986,2025-08-10 02:00:00+05:30,7.562142,181.36389,15.451717,188.03561
987,2025-08-10 03:00:00+05:30,5.9427266,178.26433,13.004921,184.76355
988,2025-08-10 04:00:00+05:30,6.1569467,164.74483,12.620554,176.72958
989,2025-08-10 05:00:00+05:30,5.0911684,171.86998,11.157096,190.2221
990,2025-08-10 06:00:00+05:30,12.033103,201.96062,16.213993,202.86455
991,2025-08-10 07:00:00+05:30,9.648067,216.6562,12.456468,217.36674
992,2025-08-10 08:00:00+05:30,9.867218,231.66663,12.819235,231.84273
993,2025-08-10 09:00:00+05:30,7.689603,237.42595,9.734988,236.3099
994,2025-08-10 10:00:00+05:30,7.7879906,236.3099,9.688281,234.83348
995,2025-08-10 11:00:00+05:30,8.909545,224.9999,10.946013,224.9999
996,2025-08-10 12:00:00+05:30,8.274128,225.8813,10.182337,224.9999
997,2025-08-10 13:00:00+05:30,12.483749,204.71742,17.673029,213.36638
998,2025-08-10 14:00:00+05:30,1.98,180.0,2.6208394,195.94547
999,2025-08-10 15:00:00+05:30,0.6489992,56.309914,0.8049845,26.564985
1000,2025-08-10 16:00:00+05:30,6.361415,205.1148,8.217153,208.8107
1001,2025-08-10 17:00:00+05:30,6.489992,183.17976,11.190442,191.12915
1002,2025-08-10 18:00:00+05:30,4.6277857,166.50426,9.726665,182.12105
1003,2025-08-10 19:00:00+05:30,5.9834766,173.08887,13.519186,176.94717
1004,2025-08-10 20:00:00+05:30,10.299397,185.01303,21.053844,187.36795
1005,2025-08-10 21:00:00+05:30,9.0,196.26028,18.054815,200.42241
1006,2025-08-10 22:00:00+05:30,13.779114,199.8553,25.216064,198.30571
1007,2025-08-10 23:00:00+05:30,9.7880945,212.22873,19.023878,212.6375
1008,2025-08-11 00:00:00+05:30,6.5223618,207.97939,14.693999,210.96368
1009,2025-08-11 01:00:00+05:30,2.968636,194.03627,9.847496,210.78407
1010,2025-08-11 02:00:00+05:30,0.25455844,44.999897,4.3349743,228.36655
1011,2025-08-11 03:00:00+05:30,3.4576871,141.34016,7.388775,177.20735
1012,2025-08-11 04:00:00+05:30,3.0758414,110.55613,5.1826253,159.67677
1013,2025-08-11 05:00:00+05:30,4.6102495,141.34016,8.209263,164.74483
1014,2025-08-11 06:00:00+05:30,10.4166975,170.04944,17.910677,174.23221
1015,2025-08-11 07:00:00+05:30,11.555103,184.46707,16.801823,184.91647
1016,2025-08-11 08:00:00+05:30,7.9077177,191.82146,10.390226,194.03627
1017,2025-08-11 09:00:00+05:30,5.6262593,172.64772,7.040739,175.60138
1018,2025-08-11 10:00:00+05:30,5.9644947,185.19434,7.4346757,186.95287
1019,2025-08-11 11:00:00+05:30,5.0688457,186.1154,6.3639607,188.13002
1020,2025-08-11 12:00:00+05:30,4.39436,214.9921,5.441838,214.21576
1021,2025-08-11 13:00:00+05:30,3.6,270.0,4.323748,267.6141
1022,2025-08-11 14:00:00+05:30,1.4058449,230.19447,2.1674871,221.63345
1023,2025-08-11 15:00:00+05:30,6.5024605,265.23645,8.049845,259.69522
1024,2025-08-11 16:00:00+05:30,9.567131,318.81415,13.110376,314.44382
1025,2025-08-11 17:00:00+05:30,0.0,270.0,5.5916004,236.82147
1026,2025-08-11 18:00:00+05:30,3.1845248,312.70938,5.95906,295.01685
1027,2025-08-11 19:00:00+05:30,2.7238941,352.40543,3.572898,310.91428
1028,2025-08-11 20:00:00+05:30,1.4058449,50.194473,0.8049845,333.43503
1029,2025-08-11 21:00:00+05:30,3.4623692,117.89718,6.090812,145.84026
1030,2025-08-11 22:00:00+05:30,4.143911,145.6196,9.499157,170.18077
1031,2025-08-11 23:00:00+05:30,5.6521144,170.83772,13.184308,184.6986
1032,2025-08-12 00:00:00+05:30,5.4744864,189.46225,13.896187,196.55714
1033,2025-08-12 01:00:00+05:30,5.7204895,204.14554,14.092978,208.20154
1034,2025-08-12 02:00:00+05:30,3.7971036,264.55975,10.874741,245.55606
1035,2025-08-12 03:00:00+05:30,2.0124612,349.69522,4.599695,300.57913
1036,2025-08-12 04:00:00+05:30,5.4149795,15.42223,9.266067,7.8152027
1037,2025-08-12 05:00:00+05:30,6.804381,37.476254,11.334285,32.680546
1038,2025-08-12 06:00:00+05:30,5.6492476,67.52052,7.4932766,65.897766
1039,2025-08-12 07:00:00+05:30,3.6179552,84.2895,4.514377,85.42616
1040,2025-08-12 08:00:00+05:30,3.096837,125.537766,3.6,126.86999
1041,2025-08-12 09:00:00+05:30,3.1845248,132.70937,3.8268526,138.81418
1042,2025-08-12 10:00:00+05:30,2.9522195,142.43134,3.494968,145.49142
1043,2025-08-12 11:00:00+05:30,3.9640884,219.47243,4.752136,217.30403
1044,2025-08-12 12:00:00+05:30,5.1826253,200.32323,6.320538,199.9832
1045,2025-08-12 13:00:00+05:30,7.1684303,151.50446,8.777654,151.85849
1046,2025-08-12 14:00:00+05:30,8.821836,178.83089,10.993271,177.18451
1047,2025-08-12 15:00:00+05:30,3.9966488,187.76508,5.6521144,189.16228
1048,2025-08-12 16:00:00+05:30,7.289444,200.22495,10.24578,198.43504
1049,2025-08-12 17:00:00+05:30,6.898956,187.49576,11.098865,188.39284
1050,2025-08-12 18:00:00+05:30,7.42159,165.96373,16.368128,171.78088
1051,2025-08-12 19:00:00+05:30,8.643749,148.62704,18.25026,157.98866
1052,2025-08-12 20:00:00+05:30,10.837435,147.89377,21.335884,152.35411
1053,2025-08-12 21:00:00+05:30,10.950452,154.69865,20.924177,158.29005
1054,2025-08-12 22:00:00+05:30,8.707238,172.87508,18.22361,176.03543
1055,2025-08-12 23:00:00+05:30,4.755544,150.5242,14.383114,171.36295
1056,2025-08-13 00:00:00+05:30,3.9477081,24.227736,5.0816135,67.06787
1057,2025-08-13 01:00:00+05:30,3.096837,54.46224,6.3690495,132.70937
1058,2025-08-13 02:00:00+05:30,5.896202,31.263678,6.3690495,47.290634
1059,2025-08-13 03:00:00+05:30,7.42159,112.833694,11.966954,133.7812
1060,2025-08-13 04:00:00+05:30,5.7402787,138.81418,12.24,151.92761
1061,2025-08-13 05:00:00+05:30,7.388775,87.20736,12.5032,112.873695
1062,2025-08-13 06:00:00+05:30,9.178235,131.82008,17.389341,143.84172
1063,2025-08-13 07:00:00+05:30,9.997699,113.33407,18.076338,128.12523
1064,2025-08-13 08:00:00+05:30,9.793059,126.027466,18.47698,137.76392
1065,2025-08-13 09:00:00+05:30,10.32924,138.5324,17.208603,142.65057
1066,2025-08-13 10:00:00+05:30,11.052058,127.05662,16.309628,132.31616
1067,2025-08-13 11:00:00+05:30,9.901636,117.030785,14.138882,121.464096
1068,2025-08-13 12:00:00+05:30,7.9220443,111.317986,11.605464,113.782036
1069,2025-08-13 13:00:00+05:30,7.5685663,115.34614,10.546525,117.439644
1070,2025-08-13 14:00:00+05:30,11.032987,118.23736,14.913952,119.65902
1071,2025-08-13 15:00:00+05:30,11.368535,113.317726,16.357237,114.02651
1072,2025-08-13 16:00:00+05:30,8.731392,98.297066,13.346729,100.09744
1073,2025-08-13 17:00:00+05:30,10.538843,97.853226,18.228943,99.090195
1074,2025-08-13 18:00:00+05:30,8.477216,93.65215,18.212051,93.39965
1075,2025-08-13 19:00:00+05:30,9.3669195,87.79745,19.083395,91.0809
1076,2025-08-13 20:00:00+05:30,10.829958,68.5522,21.129883,76.20049
1077,2025-08-13 21:00:00+05:30,11.126562,80.69013,21.969587,82.46749
1078,2025-08-13 22:00:00+05:30,10.63372,87.089226,20.700783,89.5018
1079,2025-08-13 23:00:00+05:30,10.360559,82.010765,19.852295,85.84044
1080,2025-08-14 00:00:00+05:30,9.979859,82.7469,19.460823,87.34937
1081,2025-08-14 01:00:00+05:30,7.771331,76.60749,16.120806,83.58926
1082,2025-08-14 02:00:00+05:30,7.3799996,77.319626,15.188415,84.55976
1083,2025-08-14 03:00:00+05:30,8.287822,55.6196,16.019999,64.010826
1084,2025-08-14 04:00:00+05:30,8.461914,60.708733,16.521803,66.227646
1085,2025-08-14 05:00:00+05:30,8.936778,62.402794,16.285772,69.96271
1086,2025-08-14 06:00:00+05:30,11.923557,61.113514,17.709658,63.435013
1087,2025-08-14 07:00:00+05:30,12.346741,82.46065,18.888851,82.33328
1088,2025-08-14 08:00:00+05:30,12.959999,90.0,20.160803,90.51155
1089,2025-08-14 09:00:00+05:30,13.441071,82.30404,17.771753,83.019035
1090,2025-08-14 10:00:00+05:30,12.662843,84.2895,16.966848,85.741234
1091,2025-08-14 11:00:00+05:30,12.324414,83.29026,16.443174,84.97601
1092,2025-08-14 12:00:00+05:30,10.63372,87.089226,13.684735,88.4926
1093,2025-08-14 13:00:00+05:30,9.605998,102.99462,12.093535,104.65679
1094,2025-08-14 14:00:00+05:30,10.182337,135.0001,13.239486,133.89838
1095,2025-08-14 15:00:00+05:30,7.9526596,95.19434,11.212135,95.52745
1096,2025-08-14 16:00:00+05:30,9.957108,139.39879,13.393983,138.81416
1097,2025-08-14 17:00:00+05:30,8.714677,128.2902,13.356437,127.333275
1098,2025-08-14 18:00:00+05:30,4.91634,156.2505,12.031756,141.07245
1099,2025-08-14 19:00:00+05:30,4.0449967,122.27562,11.074023,134.34154
1100,2025-08-14 20:00:00+05:30,4.2021422,99.865746,11.113451,114.90474
1101,2025-08-14 21:00:00+05:30,6.452441,112.98875,15.3771,115.665146
1102,2025-08-14 22:00:00+05:30,5.8631387,107.87879,15.133923,116.86974
1103,2025-08-14 23:00:00+05:30,4.6730714,105.64231,12.96125,117.27668
1104,2025-08-15 00:00:00+05:30,4.412754,101.768265,12.56008,115.4633
1105,2025-08-15 01:00:00+05:30,4.379589,99.46225,12.5032,112.873695
1106,2025-08-15 02:00:00+05:30,5.8048253,119.74479,14.584443,125.45556
1107,2025-08-15 03:00:00+05:30,6.299999,126.86999,15.021105,134.02907
1108,2025-08-15 04:00:00+05:30,4.5,126.86999,12.750811,138.43373
1109,2025-08-15 05:00:00+05:30,4.452954,104.03627,11.161451,127.79401
1110,2025-08-15 06:00:00+05:30,4.846648,111.801476,9.139322,122.12497
1111,2025-08-15 07:00:00+05:30,7.889258,124.77791,10.441551,125.88223
1112,2025-08-15 08:00:00+05:30,9.179999,118.072395,12.16832,119.21915
1113,2025-08-15 09:00:00+05:30,11.442394,109.290146,14.917212,109.74693
1114,2025-08-15 10:00:00+05:30,12.642357,118.024414,16.189997,118.55953
1115,2025-08-15 11:00:00+05:30,10.373061,128.65982,12.931218,128.78438
1116,2025-08-15 12:00:00+05:30,8.797931,120.76265,10.990322,121.60746
1117,2025-08-15 13:00:00+05:30,6.9270773,114.56716,8.6193495,118.70586
1118,2025-08-15 14:00:00+05:30,5.3699164,103.57046,6.5520988,105.945465
1119,2025-08-15 15:00:00+05:30,5.6060677,137.60262,6.7757506,140.38934
1120,2025-08-15 16:00:00+05:30,4.68,90.0,5.9427266,91.73567
1121,2025-08-15 17:00:00+05:30,5.7515564,110.13639,9.693296,111.801476
1122,2025-08-15 18:00:00+05:30,5.004518,127.694305,11.720751,137.4896
1123,2025-08-15 19:00:00+05:30,6.2379804,133.83095,14.186923,144.29323
1124,2025-08-15 20:00:00+05:30,6.552099,127.18479,15.530151,135.9391
1125,2025-08-15 21:00:00+05:30,5.3517847,132.27362,13.920647,139.72021
1126,2025-08-15 22:00:00+05:30,6.248359,138.50363,15.3264475,146.49654
1127,2025-08-15 23:00:00+05:30,4.6938257,147.52882,13.237039,157.61983
1128,2025-08-16 00:00:00+05:30,3.4576871,141.34016,9.9977,166.46413
1129,2025-08-16 01:00:00+05:30,3.3481934,143.74608,9.3876505,175.60138
1130,2025-08-16 02:00:00+05:30,2.8174455,116.56499,7.3447943,162.89719
1131,2025-08-16 03:00:00+05:30,0.5091169,44.999897,3.462369,188.97255
1132,2025-08-16 04:00:00+05:30,2.1068459,19.983198,2.2553935,331.38962
1133,2025-08-16 05:00:00+05:30,3.84796,79.21575,3.4247334,86.98728
1134,2025-08-16 06:00:00+05:30,5.1197267,100.12462,8.211235,116.00329
1135,2025-08-16 07:00:00+05:30,3.5455887,113.962494,4.510787,118.61037
1136,2025-08-16 08:00:00+05:30,3.3092597,67.61982,4.2136917,70.01681
1137,2025-08-16 09:00:00+05:30,7.2359104,84.2895,9.044888,84.2895
1138,2025-08-16 10:00:00+05:30,7.6409945,105.01841,9.568824,106.38962
1139,2025-08-16 11:00:00+05:30,8.936778,124.33028,11.236671,125.21768
1140,2025-08-16 12:00:00+05:30,8.067936,128.65984,10.233123,129.28938
1141,2025-08-16 13:00:00+05:30,7.282774,129.98683,9.313152,131.08165
1142,2025-08-16 14:00:00+05:30,5.6521144,127.23492,7.2,126.86999
1143,2025-08-16 15:00:00+05:30,5.48631,138.99101,6.8919086,139.23648
1144,2025-08-16 16:00:00+05:30,6.299999,143.13002,8.604301,142.65057
1145,2025-08-16 17:00:00+05:30,10.070353,151.14444,18.275984,152.42552
1146,2025-08-16 18:00:00+05:30,2.19718,145.0079,6.3639607,151.2603
1147,2025-08-16 19:00:00+05:30,0.9,36.86999,2.995797,122.73522
1148,2025-08-16 20:00:00+05:30,3.4152596,18.435053,4.7110505,46.54811
1149,2025-08-16 21:00:00+05:30,4.752136,52.695976,9.659814,63.435013
1150,2025-08-16 22:00:00+05:30,4.6277857,103.49575,11.074022,97.47147
1151,2025-08-16 23:00:00+05:30,2.968636,104.03627,7.731623,114.775116
1152,2025-08-17 00:00:00+05:30,1.0495713,59.03632,4.080882,131.42357
1153,2025-08-17 01:00:00+05:30,1.2979984,56.309914,2.1674871,138.36655
1154,2025-08-17 02:00:00+05:30,2.8856194,86.423744,4.5820518,135.0001
1155,2025-08-17 03:00:00+05:30,1.8792552,16.699326,0.9693296,338.19852
1156,2025-08-17 04:00:00+05:30,1.8532133,29.054508,0.9178235,11.3098955
1157,2025-08-17 05:00:00+05:30,1.659518,40.601215,1.6299692,353.6599
1158,2025-08-17 06:00:00+05:30,0.17999999,360.0,3.06,151.92761
1159,2025-08-17 07:00:00+05:30,4.942631,100.491425,7.9138603,107.19863
1160,2025-08-17 08:00:00+05:30,10.163227,112.93214,13.854155,114.56716
1161,2025-08-17 09:00:00+05:30,11.351422,117.37762,15.056652,117.79035
1162,2025-08-17 10:00:00+05:30,10.441552,89.01226,13.864674,91.48784
1163,2025-08-17 11:00:00+05:30,7.771331,103.39252,9.6480665,104.03627
1164,2025-08-17 12:00:00+05:30,10.316686,83.99109,12.703715,82.67369
1165,2025-08-17 13:00:00+05:30,18.030575,148.05528,26.887566,148.97052
1166,2025-08-17 14:00:00+05:30,6.1120534,103.627014,9.82279,103.781624
1167,2025-08-17 15:00:00+05:30,8.55142,40.732014,11.345712,48.215576
1168,2025-08-17 16:00:00+05:30,4.278551,67.75093,6.5520988,74.054535
1169,2025-08-17 17:00:00+05:30,7.5105524,44.029083,10.825469,47.021362
1170,2025-08-17 18:00:00+05:30,1.5273507,135.0001,4.4565907,136.63654
1171,2025-08-17 19:00:00+05:30,1.2727921,135.0001,4.7928696,145.71307
1172,2025-08-17 20:00:00+05:30,2.9024127,82.875084,6.7853074,111.801476
1173,2025-08-17 21:00:00+05:30,4.7110505,46.54811,8.311245,72.34979
1174,2025-08-17 22:00:00+05:30,8.43699,33.6901,16.800856,44.999897
1175,2025-08-17 23:00:00+05:30,5.5450516,103.13403,14.440443,85.71093
1176,2025-08-18 00:00:00+05:30,4.8433046,138.01286,12.011544,119.63829
1177,2025-08-18 01:00:00+05:30,6.3231,94.89901,14.973576,99.68872
1178,2025-08-18 02:00:00+05:30,5.7628117,88.21013,13.671707,99.0902
1179,2025-08-18 03:00:00+05:30,5.937272,75.96373,13.159711,86.86371
1180,2025-08-18 04:00:00+05:30,7.0934615,54.293217,14.372974,67.93205
1181,2025-08-18 05:00:00+05:30,9.039514,77.34745,17.845436,81.29787
1182,2025-08-18 06:00:00+05:30,8.373386,64.5367,17.288435,75.52967
1183,2025-08-18 07:00:00+05:30,8.4042845,99.865746,14.759999,102.680374
1184,2025-08-18 08:00:00+05:30,12.108261,101.14285,16.13286,100.93378
1185,2025-08-18 09:00:00+05:30,13.169555,100.23475,17.262177,101.42707
1186,2025-08-18 10:00:00+05:30,14.7742605,67.80967,20.05203,73.84259
1187,2025-08-18 11:00:00+05:30,11.177405,104.93147,14.761098,105.56157
1188,2025-08-18 12:00:00+05:30,11.391313,95.44024,15.451717,98.03562
1189,2025-08-18 13:00:00+05:30,14.411245,99.344604,19.627428,101.10379
1190,2025-08-18 14:00:00+05:30,14.941085,121.200455,20.406792,120.18359
1191,2025-08-18 15:00:00+05:30,11.638917,129.35173,16.024044,128.15727
1192,2025-08-18 16:00:00+05:30,9.979859,97.253105,16.423458,99.46225
1193,2025-08-18 17:00:00+05:30,8.863972,77.09259,15.158522,85.91447
1194,2025-08-18 18:00:00+05:30,7.42159,104.03627,15.5687,100.6603
1195,2025-08-18 19:00:00+05:30,5.1826253,110.32322,12.487641,105.03787
1196,2025-08-18 20:00:00+05:30,14.761098,52.431335,25.140787,60.8658
1197,2025-08-18 21:00:00+05:30,9.621163,72.58194,18.511143,76.50425
1198,2025-08-18 22:00:00+05:30,9.965239,69.92838,18.998314,80.18076
1199,2025-08-18 23:00:00+05:30,10.120098,84.89793,20.16,90.0
1200,2025-08-19 00:00:00+05:30,9.9587345,96.22574,20.721119,97.98924
1201,2025-08-19 01:00:00+05:30,9.430694,103.24053,20.038294,104.03627
1202,2025-08-19 02:00:00+05:30,10.041354,104.5345,20.380579,107.47486
1203,2025-08-19 03:00:00+05:30,10.5234585,102.8477,21.004541,107.96923
1204,2025-08-19 04:00:00+05:30,10.564942,113.07044,20.70704,114.1142
1205,2025-08-19 05:00:00+05:30,10.814989,108.43504,20.945072,114.36244
1206,2025-08-19 06:00:00+05:30,10.8792095,106.33612,20.423456,112.27032
1207,2025-08-19 07:00:00+05:30,15.027575,108.869095,21.976223,109.62235
1208,2025-08-19 08:00:00+05:30,17.782688,111.3707,24.40046,111.64449
1209,2025-08-19 09:00:00+05:30,18.152355,112.751015,24.20314,112.751015
1210,2025-08-19 10:00:00+05:30,18.222721,113.27293,24.89277,114.34108
1211,2025-08-19 11:00:00+05:30,18.678415,117.552734,25.443748,117.83396
1212,2025-08-19 12:00:00+05:30,17.63816,114.73428,24.231236,115.99396
1213,2025-08-19 13:00:00+05:30,19.201874,120.411,26.393795,120.76265
1214,2025-08-19 14:00:00+05:30,16.767075,119.5922,23.090569,120.963684
1215,2025-08-19 15:00:00+05:30,16.674063,135.43732,24.573132,136.48395
1216,2025-08-19 16:00:00+05:30,16.802786,134.13205,25.837994,135.28223
1217,2025-08-19 17:00:00+05:30,12.358542,102.619316,20.844278,106.55715
1218,2025-08-19 18:00:00+05:30,14.336861,128.8845,25.076267,129.17365
1219,2025-08-19 19:00:00+05:30,13.237039,112.38018,23.834202,117.91968
1220,2025-08-19 20:00:00+05:30,10.464798,93.945114,20.192118,101.3099
1221,2025-08-19 21:00:00+05:30,10.621525,90.971,20.240997,99.21095
1222,2025-08-19 22:00:00+05:30,10.094454,111.99118,20.188908,111.99118
1223,2025-08-19 23:00:00+05:30,7.4346757,83.047134,16.32055,96.96816
1224,2025-08-20 00:00:00+05:30,10.315115,60.75127,17.244337,76.10879
1225,2025-08-20 01:00:00+05:30,11.091564,48.289345,18.03237,63.946568
1226,2025-08-20 02:00:00+05:30,11.605464,66.21797,21.240763,73.254166
1227,2025-08-20 03:00:00+05:30,12.397806,64.17907,22.39608,68.79712
1228,2025-08-20 04:00:00+05:30,12.791403,76.15928,22.608458,80.83774
1229,2025-08-20 05:00:00+05:30,12.860871,83.57135,22.90531,86.39566
1230,2025-08-20 06:00:00+05:30,13.262714,108.18914,20.83806,109.68721
1231,2025-08-20 07:00:00+05:30,16.244938,105.42222,22.89611,106.44046
1232,2025-08-20 08:00:00+05:30,17.64551,108.43504,24.305332,108.56923
1233,2025-08-20 09:00:00+05:30,15.760025,103.877556,21.04461,104.86833
1234,2025-08-20 10:00:00+05:30,14.970331,108.217186,19.353138,108.43504
1235,2025-08-20 11:00:00+05:30,14.009968,110.29765,18.183563,111.48551
1236,2025-08-20 12:00:00+05:30,13.036026,107.68449,16.73516,108.8248
1237,2025-08-20 13:00:00+05:30,14.256409,114.62355,18.442755,114.81417
1238,2025-08-20 14:00:00+05:30,16.176983,145.42575,22.119503,145.2753
1239,2025-08-20 15:00:00+05:30,12.072083,110.05618,16.179985,110.854546
1240,2025-08-20 16:00:00+05:30,12.399113,117.68098,17.660192,119.9621
1241,2025-08-20 17:00:00+05:30,10.962281,119.511406,17.52298,123.690094
1242,2025-08-20 18:00:00+05:30,7.5942073,95.44024,16.794104,107.46402
1243,2025-08-20 19:00:00+05:30,6.87779,96.00892,16.478603,111.801476
1244,2025-08-20 20:00:00+05:30,8.604301,105.78082,18.06199,119.886444
1245,2025-08-20 21:00:00+05:30,10.63372,92.910774,19.626604,97.907074
1246,2025-08-20 22:00:00+05:30,10.609316,104.743614,19.888983,111.223724
1247,2025-08-20 23:00:00+05:30,9.195868,93.366394,18.102308,109.15571
1248,2025-08-21 00:00:00+05:30,7.256032,82.875084,15.986595,97.76508
1249,2025-08-21 01:00:00+05:30,8.459999,90.0,16.336426,108.634674
1250,2025-08-21 02:00:00+05:30,9.741642,73.90912,18.212051,86.60036
1251,2025-08-21 03:00:00+05:30,8.790563,79.380394,16.954432,86.347855
1252,2025-08-21 04:00:00+05:30,8.43699,101.07016,15.99571,109.04672
1253,2025-08-21 05:00:00+05:30,7.229191,71.11382,13.14493,91.56932
1254,2025-08-21 06:00:00+05:30,10.182337,81.86999,14.133153,83.41815
1255,2025-08-21 07:00:00+05:30,13.861168,90.74404,18.183563,91.1344
1256,2025-08-21 08:00:00+05:30,11.844492,106.78272,15.827721,107.19863
1257,2025-08-21 09:00:00+05:30,13.1412325,103.46522,17.552536,103.038666
1258,2025-08-21 10:00:00+05:30,12.96125,117.27668,16.909464,117.928894
1259,2025-08-21 11:00:00+05:30,13.021106,95.55288,17.057314,97.27491
1260,2025-08-21 12:00:00+05:30,10.957847,104.26455,14.465102,106.631035
1261,2025-08-21 13:00:00+05:30,9.659814,116.56499,12.483748,118.41257
1262,2025-08-21 14:00:00+05:30,12.534257,125.0595,15.589497,126.0761
1263,2025-08-21 15:00:00+05:30,2.8174455,116.56499,5.004518,127.694305
1264,2025-08-21 16:00:00+05:30,2.36753,81.25392,3.6179552,95.7105
1265,2025-08-21 17:00:00+05:30,6.1569467,105.25517,8.209263,105.25517
1266,2025-08-21 18:00:00+05:30,4.1085763,151.1893,11.252519,172.64772
1267,2025-08-21 19:00:00+05:30,7.6409945,105.01841,10.766949,128.21107
1268,2025-08-21 20:00:00+05:30,5.5567255,65.09527,7.8149853,104.67644
1269,2025-08-21 21:00:00+05:30,7.9138603,72.80138,15.745627,79.46087
1270,2025-08-21 22:00:00+05:30,8.171683,82.40546,16.263872,84.92049
1271,2025-08-21 23:00:00+05:30,9.039514,77.34745,15.496736,87.33706
1272,2025-08-22 00:00:00+05:30,8.085988,73.17851,13.722565,85.4861
1273,2025-08-22 01:00:00+05:30,9.178235,64.440094,14.975741,76.798904
1274,2025-08-22 02:00:00+05:30,7.814986,82.056625,14.619946,94.23632
1275,2025-08-22 03:00:00+05:30,8.149847,83.659904,15.726067,95.253716
1276,2025-08-22 04:00:00+05:30,10.1902895,107.47486,18.417263,111.801476
1277,2025-08-22 05:00:00+05:30,13.125196,115.15927,21.413948,115.91883
1278,2025-08-22 06:00:00+05:30,13.040997,110.1859,19.553833,111.60559
1279,2025-08-22 07:00:00+05:30,12.708816,105.61105,18.1041,107.35411
1280,2025-08-22 08:00:00+05:30,15.430736,106.9554,21.347271,107.67114
1281,2025-08-22 09:00:00+05:30,16.024044,104.97292,21.881662,105.75124
1282,2025-08-22 10:00:00+05:30,17.160524,105.20247,23.192074,105.762215
1283,2025-08-22 11:00:00+05:30,15.108211,105.195305,19.829433,105.80258
1284,2025-08-22 12:00:00+05:30,12.431734,92.4895,15.865546,93.251884
1285,2025-08-22 13:00:00+05:30,11.91948,75.124275,14.84318,75.96373
1286,2025-08-22 14:00:00+05:30,19.09782,101.41581,26.24854,99.07468
1287,2025-08-22 15:00:00+05:30,11.881363,89.131966,16.748707,88.15243
1288,2025-08-22 16:00:00+05:30,17.303421,87.01861,25.252016,86.32184
1289,2025-08-22 17:00:00+05:30,14.068817,93.66772,23.469128,94.39862
1290,2025-08-22 18:00:00+05:30,13.276144,102.5288,23.587555,105.945465
1291,2025-08-22 19:00:00+05:30,13.418153,96.93426,24.295332,99.811195
1292,2025-08-22 20:00:00+05:30,12.431734,87.5105,22.871336,91.803955
1293,2025-08-22 21:00:00+05:30,13.021106,84.44713,23.946089,88.70787
1294,2025-08-22 22:00:00+05:30,13.917154,84.805664,24.665909,88.745575
1295,2025-08-22 23:00:00+05:30,14.941085,89.309746,25.762648,92.402565
1296,2025-08-23 00:00:00+05:30,17.47484,87.63868,28.445126,88.91226
1297,2025-08-23 01:00:00+05:30,16.395817,87.48318,27.009598,88.47251
1298,2025-08-23 02:00:00+05:30,16.478603,83.72902,27.804028,85.54449
1299,2025-08-23 03:00:00+05:30,17.727943,77.09259,29.865896,79.2319
1300,2025-08-23 04:00:00+05:30,20.035059,81.21479,32.740707,84.32085
1301,2025-08-23 05:00:00+05:30,19.460823,87.34937,31.32207,89.34148
1302,2025-08-23 06:00:00+05:30,23.828764,100.88548,36.359997,101.42116
1303,2025-08-23 07:00:00+05:30,21.322214,101.68935,33.486774,103.363976
1304,2025-08-23 08:00:00+05:30,17.373497,95.94677,23.734076,96.53204
1305,2025-08-23 09:00:00+05:30,21.188072,99.78234,29.689089,100.833
1306,2025-08-23 10:00:00+05:30,21.010712,96.3943,29.225483,97.43131
1307,2025-08-23 11:00:00+05:30,20.583847,94.5139,27.296572,95.29696
1308,2025-08-23 12:00:00+05:30,20.188908,93.06642,26.499153,93.115005
1309,2025-08-23 13:00:00+05:30,21.063076,90.9793,28.274326,91.82405
1310,2025-08-23 14:00:00+05:30,19.983242,91.03222,28.09442,91.83574
1311,2025-08-23 15:00:00+05:30,22.483435,104.37003,33.138092,104.79113
1312,2025-08-23 16:00:00+05:30,16.813387,105.52418,25.900616,107.80544
1313,2025-08-23 17:00:00+05:30,16.056362,93.85673,26.550457,98.18495
1314,2025-08-23 18:00:00+05:30,16.810495,102.99462,28.465622,104.651405
1315,2025-08-23 19:00:00+05:30,17.19165,107.6762,28.98894,110.34793
1316,2025-08-23 20:00:00+05:30,15.328561,99.46225,26.416494,102.99462
1317,2025-08-23 21:00:00+05:30,14.935662,102.5288,25.764534,105.39561
1318,2025-08-23 22:00:00+05:30,14.869351,96.952866,25.922499,99.59306
1319,2025-08-23 23:00:00+05:30,16.499237,96.892334,28.112288,99.58287
1320,2025-08-24 00:00:00+05:30,18.486622,96.70974,30.34375,97.84161
1321,2025-08-24 01:00:00+05:30,17.284687,98.38316,28.705906,100.111984
1322,2025-08-24 02:00:00+05:30,18.627172,95.54523,30.475332,97.12492
1323,2025-08-24 03:00:00+05:30,21.969587,97.53251,33.781067,97.65508
1324,2025-08-24 04:00:00+05:30,18.329975,97.33429,30.70042,97.74995
1325,2025-08-24 05:00:00+05:30,18.557467,98.3658,30.450342,99.183846
1326,2025-08-24 06:00:00+05:30,16.224981,107.429955,25.913124,110.32322
1327,2025-08-24 07:00:00+05:30,17.801807,114.49189,26.250393,115.15927
1328,2025-08-24 08:00:00+05:30,14.2336645,103.15755,19.386591,105.06854
1329,2025-08-24 09:00:00+05:30,16.813387,111.345856,22.998478,112.55092
1330,2025-08-24 10:00:00+05:30,15.938896,116.85435,21.017649,118.10126
1331,2025-08-24 11:00:00+05:30,14.275713,113.0089,18.553974,112.833694
1332,2025-08-24 12:00:00+05:30,16.701244,120.43416,24.518353,122.406654
1333,2025-08-24 13:00:00+05:30,12.783802,122.34742,17.077248,122.5175
1334,2025-08-24 14:00:00+05:30,12.576836,99.05781,17.227419,100.84026
1335,2025-08-24 15:00:00+05:30,14.892213,97.64032,20.27059,99.71319
1336,2025-08-24 16:00:00+05:30,13.154786,106.699326,18.501513,107.553635
1337,2025-08-24 17:00:00+05:30,7.9932976,82.234924,14.428097,93.57626
1338,2025-08-24 18:00:00+05:30,7.5942073,95.44024,16.344355,101.43365
1339,2025-08-24 19:00:00+05:30,9.781473,77.24247,18.72,90.0
1340,2025-08-24 20:00:00+05:30,10.4166975,80.04944,20.699999,90.0
1341,2025-08-24 21:00:00+05:30,10.261578,88.99494,20.518421,97.56133
1342,2025-08-24 22:00:00+05:30,12.007498,102.99462,22.714972,109.440125
1343,2025-08-24 23:00:00+05:30,11.39842,111.297424,21.895723,116.35435
1344,2025-08-25 00:00:00+05:30,10.897063,112.328705,20.850496,117.2286
1345,2025-08-25 01:00:00+05:30,10.30883,114.775116,19.849846,120.51815
1346,2025-08-25 02:00:00+05:30,9.05205,107.35411,18.03237,116.05344
1347,2025-08-25 03:00:00+05:30,9.299225,104.57426,18.318481,112.533295
1348,2025-08-25 04:00:00+05:30,9.904906,109.09359,19.357323,112.98875
1349,2025-08-25 05:00:00+05:30,10.32924,112.5431,19.810633,118.194885
1350,2025-08-25 06:00:00+05:30,9.801326,97.38595,16.851885,103.590965
1351,2025-08-25 07:00:00+05:30,11.113451,114.90474,15.697197,116.56499
1352,2025-08-25 08:00:00+05:30,11.391313,121.42951,15.435983,121.65123
1353,2025-08-25 09:00:00+05:30,10.829958,111.44781,13.8049555,112.21764
1354,2025-08-25 10:00:00+05:30,10.587917,107.818985,13.433838,107.9495
1355,2025-08-25 11:00:00+05:30,9.904906,109.09359,12.580699,109.21277
1356,2025-08-25 12:00:00+05:30,10.172787,103.298584,12.616703,104.03627
1357,2025-08-25 13:00:00+05:30,8.863972,102.90741,11.177405,104.93147
1358,2025-08-25 14:00:00+05:30,8.287822,92.4895,10.813492,92.86235
1359,2025-08-25 15:00:00+05:30,8.099999,90.0,10.440001,90.0
1360,2025-08-25 16:00:00+05:30,11.103243,106.96623,15.108211,105.195305
1361,2025-08-25 17:00:00+05:30,5.728979,136.27295,10.04458,126.25393
1362,2025-08-25 18:00:00+05:30,6.310277,93.270424,14.050382,87.79745
1363,2025-08-25 19:00:00+05:30,5.7599998,90.0,14.050382,92.20255
1364,2025-08-25 20:00:00+05:30,5.9644947,95.19434,14.535487,97.82899
1365,2025-08-25 21:00:00+05:30,6.0077944,98.61557,14.759999,102.680374
1366,2025-08-25 22:00:00+05:30,7.040739,94.39862,16.572712,98.74608
1367,2025-08-25 23:00:00+05:30,6.5024605,94.76356,16.068466,99.673294
1368,2025-08-26 00:00:00+05:30,5.2478566,84.093956,13.596852,96.84268
1369,2025-08-26 01:00:00+05:30,4.9785542,77.4712,12.785069,91.6135
1370,2025-08-26 02:00:00+05:30,5.8852015,66.5713,13.262714,82.199905
1371,2025-08-26 03:00:00+05:30,7.6579366,66.44773,16.418526,74.74483
1372,2025-08-26 04:00:00+05:30,6.66,71.075264,14.861722,78.8262
1373,2025-08-26 05:00:00+05:30,6.1120534,76.37299,13.954354,83.333435
1374,2025-08-26 06:00:00+05:30,8.507737,96.072365,18.079027,102.65255
1375,2025-08-26 07:00:00+05:30,8.297589,93.73133,11.966953,96.91113
1376,2025-08-26 08:00:00+05:30,9.82279,103.781624,13.055896,105.1859
1377,2025-08-26 09:00:00+05:30,11.594292,117.75845,15.141414,118.39293
1378,2025-08-26 10:00:00+05:30,12.284918,129.05313,15.971386,129.97087
1379,2025-08-26 11:00:00+05:30,10.650465,120.46546,13.799087,120.579155
1380,2025-08-26 12:00:00+05:30,10.825469,137.02136,14.133152,136.54811
1381,2025-08-26 13:00:00+05:30,10.228373,151.63104,13.217443,150.64235
1382,2025-08-26 14:00:00+05:30,7.2044983,167.00539,9.255571,166.50426
1383,2025-08-26 15:00:00+05:30,4.73506,171.25392,6.1858225,171.6342
1384,2025-08-26 16:00:00+05:30,4.6452556,144.46223,6.193674,144.46223
1385,2025-08-26 17:00:00+05:30,0.9,360.0,1.8089776,95.7105
1386,2025-08-26 18:00:00+05:30,8.161764,48.57643,15.035119,58.212788
1387,2025-08-26 19:00:00+05:30,6.7397914,55.885483,14.982228,54.782326
1388,2025-08-26 20:00:00+05:30,6.384293,68.498505,14.913952,66.52899
1389,2025-08-26 21:00:00+05:30,6.489992,70.559875,14.059602,71.33299
1390,2025-08-26 22:00:00+05:30,6.0721655,101.97612,13.954354,96.666565
1391,2025-08-26 23:00:00+05:30,11.521406,151.03244,20.674156,144.92616
1392,2025-08-27 00:00:00+05:30,7.570707,161.99574,15.027575,161.1309
1393,2025-08-27 01:00:00+05:30,5.3305535,168.31065,13.31635,166.71512
1394,2025-08-27 02:00:00+05:30,5.634891,153.43501,13.948548,162.7341
1395,2025-08-27 03:00:00+05:30,3.2599385,96.340096,8.967541,141.51978
1396,2025-08-27 04:00:00+05:30,5.9399996,90.0,11.368535,113.317726
1397,2025-08-27 05:00:00+05:30,6.519877,96.340096,13.210087,109.9165
1398,2025-08-27 06:00:00+05:30,4.39436,55.0079,12.371645,98.3658
1399,2025-08-27 07:00:00+05:30,8.101999,88.727,12.440851,93.31772
1400,2025-08-27 08:00:00+05:30,9.746631,94.23632,13.218668,96.253944
1401,2025-08-27 09:00:00+05:30,10.00256,120.256355,12.996199,120.8276
1402,2025-08-27 10:00:00+05:30,10.094454,129.93633,13.276144,130.60121
1403,2025-08-27 11:00:00+05:30,10.233123,129.28938,13.298089,129.50764
1404,2025-08-27 12:00:00+05:30,10.296251,126.46933,13.356437,127.333275
1405,2025-08-27 13:00:00+05:30,9.703319,130.48593,12.632101,130.95541
1406,2025-08-27 14:00:00+05:30,9.648067,143.3438,12.425216,141.46979
1407,2025-08-27 15:00:00+05:30,9.686609,138.01286,13.004922,138.36655
1408,2025-08-27 16:00:00+05:30,9.187056,145.37578,13.644427,143.58353
1409,2025-08-27 17:00:00+05:30,6.279395,152.70052,12.570394,150.8658
1410,2025-08-27 18:00:00+05:30,4.2366967,102.26476,10.656547,127.45065
1411,2025-08-27 19:00:00+05:30,4.965521,136.46873,12.538134,140.82635
1412,2025-08-27 20:00:00+05:30,9.3669195,87.79745,15.858398,116.27415
1413,2025-08-27 21:00:00+05:30,9.422101,83.41815,17.035456,96.67438
1414,2025-08-27 22:00:00+05:30,8.649369,77.98855,16.954432,86.347855
1415,2025-08-27 23:00:00+05:30,8.2584505,69.59004,16.595179,77.4712
1416,2025-08-28 00:00:00+05:30,8.260411,78.6901,16.443174,84.97601
1417,2025-08-28 01:00:00+05:30,7.9932976,82.234924,16.404707,93.1449
1418,2025-08-28 02:00:00+05:30,9.016185,86.56644,18.057508,94.57384
1419,2025-08-28 03:00:00+05:30,8.467655,87.56341,16.902758,97.957436
1420,2025-08-28 04:00:00+05:30,8.865799,95.82625,17.288435,104.47034
1421,2025-08-28 05:00:00+05:30,9.6228485,97.52373,16.940096,104.7746
1422,2025-08-28 06:00:00+05:30,7.6642804,99.46225,14.813683,117.499054
1423,2025-08-28 07:00:00+05:30,10.630672,118.30067,14.848635,120.60633
1424,2025-08-28 08:00:00+05:30,9.984729,117.950874,13.306615,120.033195
1425,2025-08-28 09:00:00+05:30,8.792405,112.89059,11.35285,115.34614
1426,2025-08-28 10:00:00+05:30,8.723967,111.80147,11.132385,112.833694
1427,2025-08-28 11:00:00+05:30,8.827344,110.28265,10.934166,110.22495
1428,2025-08-28 12:00:00+05:30,10.365251,110.32322,12.872201,110.46236
1429,2025-08-28 13:00:00+05:30,11.672275,116.56499,14.572221,115.61544
1430,2025-08-28 14:00:00+05:30,11.734564,131.26851,15.6806755,131.74269
1431,2025-08-28 15:00:00+05:30,12.601285,134.42136,16.928614,135.43074
1432,2025-08-28 16:00:00+05:30,11.988594,131.34769,17.826363,133.36346
1433,2025-08-28 17:00:00+05:30,11.466438,132.45515,19.219584,134.6206
1434,2025-08-28 18:00:00+05:30,9.668195,118.9509,18.289274,126.193306
1435,2025-08-28 19:00:00+05:30,9.340941,115.083565,19.008545,127.30403
1436,2025-08-28 20:00:00+05:30,8.827344,110.28265,18.58451,121.534744
1437,2025-08-28 21:00:00+05:30,8.93859,115.01686,18.727787,125.21768
1438,2025-08-28 22:00:00+05:30,6.7205353,110.37652,15.841022,126.21893
1439,2025-08-28 23:00:00+05:30,8.338489,103.73629,17.238699,118.70586
1440,2025-08-29 00:00:00+05:30,7.8149853,118.92633,16.813387,127.60606
1441,2025-08-29 01:00:00+05:30,8.133928,114.86367,16.974487,124.195656
1442,2025-08-29 02:00:00+05:30,7.570707,118.39293,16.560978,127.49273
1443,2025-08-29 03:00:00+05:30,7.7879906,123.6901,16.685719,132.8142
1444,2025-08-29 04:00:00+05:30,6.0908127,108.970505,13.666967,130.19199
1445,2025-08-29 05:00:00+05:30,4.143911,92.4895,9.984729,123.976585
1446,2025-08-29 06:00:00+05:30,10.783486,123.424835,15.661035,127.52851
1447,2025-08-29 07:00:00+05:30,10.233123,129.28938,14.083778,128.77419
1448,2025-08-29 08:00:00+05:30,10.564941,134.30981,14.512064,133.99501
1449,2025-08-29 09:00:00+05:30,8.967541,128.48022,11.500296,129.92033
1450,2025-08-29 10:00:00+05:30,8.149847,120.529625,10.1887,122.00535
1451,2025-08-29 11:00:00+05:30,9.354806,101.09368,11.832176,103.19062
1452,2025-08-29 12:00:00+05:30,11.098865,98.392845,14.154915,97.30567
1453,2025-08-29 13:00:00+05:30,12.703715,172.67369,16.663374,169.41841
1454,2025-08-29 14:00:00+05:30,6.6087217,209.35765,8.709098,198.06056
1455,2025-08-29 15:00:00+05:30,5.315336,118.30067,7.193247,121.701385
1456,2025-08-29 16:00:00+05:30,11.7,149.48984,18.709612,149.98172
1457,2025-08-29 17:00:00+05:30,4.8366103,135.0001,9.913082,150.64235
1458,2025-08-29 18:00:00+05:30,8.14587,135.0001,16.560978,142.50728
1459,2025-08-29 19:00:00+05:30,8.39078,125.39488,18.11841,130.97165
1460,2025-08-29 20:00:00+05:30,6.7205353,97.69597,15.056652,117.79035
1461,2025-08-29 21:00:00+05:30,5.771239,93.57626,13.543131,113.49858
1462,2025-08-29 22:00:00+05:30,4.8633323,87.87895,12.320471,115.06744
1463,2025-08-29 23:00:00+05:30,5.7628117,88.21013,13.54911,109.39791
1464,2025-08-30 00:00:00+05:30,6.601363,101.003494,15.611304,110.942726
1465,2025-08-30 01:00:00+05:30,6.9153743,128.65984,15.801087,132.22972
1466,2025-08-30 02:00:00+05:30,6.8919086,139.23648,15.277749,145.56096
1467,2025-08-30 03:00:00+05:30,5.904439,142.43134,14.028457,146.51381
1468,2025-08-30 04:00:00+05:30,6.1305785,130.23628,14.33347,144.71317
1469,2025-08-30 05:00:00+05:30,3.6,126.86999,10.742848,148.70702
1470,2025-08-30 06:00:00+05:30,6.638072,130.60121,13.926464,153.10384
1471,2025-08-30 07:00:00+05:30,7.7043357,142.59457,10.337078,144.92616
1472,2025-08-30 08:00:00+05:30,7.8149853,118.92633,10.248941,120.61853
1473,2025-08-30 09:00:00+05:30,6.5223618,117.979385,8.39657,120.96369
1474,2025-08-30 10:00:00+05:30,6.391901,122.34742,8.187527,123.34073
1475,2025-08-30 11:00:00+05:30,6.2483597,101.63361,7.596341,103.706985
1476,2025-08-30 12:00:00+05:30,8.459999,90.0,10.266314,92.009514
1477,2025-08-30 13:00:00+05:30,7.1684303,118.495544,8.863972,119.16752
1478,2025-08-30 14:00:00+05:30,6.544677,121.50421,8.39657,120.96369
1479,2025-08-30 15:00:00+05:30,7.9077177,131.30852,10.195057,132.13753
1480,2025-08-30 16:00:00+05:30,9.243311,173.29025,13.619471,172.40544
1481,2025-08-30 17:00:00+05:30,4.829907,116.56499,8.714677,128.2902
1482,2025-08-30 18:00:00+05:30,5.720489,77.27565,12.886039,77.90526
1483,2025-08-30 19:00:00+05:30,7.7400002,90.0,16.56,90.0
1484,2025-08-30 20:00:00+05:30,7.256032,82.875084,16.029097,88.06946
1485,2025-08-30 21:00:00+05:30,8.107996,92.544754,17.393066,96.53654
1486,2025-08-30 22:00:00+05:30,7.689603,106.31393,16.90563,108.62795
1487,2025-08-30 23:00:00+05:30,7.579261,94.08554,16.520823,101.3099
1488,2025-08-31 00:00:00+05:30,5.8048253,97.12492,14.120539,107.04912
1489,2025-08-31 01:00:00+05:30,6.130579,93.366394,13.979871,101.88863
1490,2025-08-31 02:00:00+05:30,7.0038276,64.09355,14.721535,78.00312
1491,2025-08-31 03:00:00+05:30,7.24486,63.435013,15.10821,68.325294
1492,2025-08-31 04:00:00+05:30,7.2,53.13002,14.787414,58.43824
1493,2025-08-31 05:00:00+05:30,5.692099,34.69522,10.944532,53.69541
1494,2025-08-31 06:00:00+05:30,4.3349743,41.63345,7.8149853,51.546265
1495,2025-08-31 07:00:00+05:30,3.745557,54.782326,4.6938257,57.528828
1496,2025-08-31 08:00:00+05:30,3.4763772,68.74943,4.5536795,71.564964
1497,2025-08-31 09:00:00+05:30,4.1556225,72.34979,5.195113,75.96373
1498,2025-08-31 10:00:00+05:30,4.6938252,94.39862,5.8048253,97.12492
1499,2025-08-31 11:00:00+05:30,5.896202,121.26367,7.10031,120.46546
1500,2025-08-31 12:00:00+05:30,7.0934615,144.29323,8.856658,142.43134
1501,2025-08-31 13:00:00+05:30,4.752136,142.69597,6.384293,139.574
1502,2025-08-31 14:00:00+05:30,6.3639607,44.999897,7.538541,56.689358
1503,2025-08-31 15:00:00+05:30,7.072878,14.743609,9.107359,18.435053
1504,2025-08-31 16:00:00+05:30,4.278551,22.249071,5.815978,21.801476
1505,2025-08-31 17:00:00+05:30,2.0124612,10.304792,3.148714,30.963696
1506,2025-08-31 18:00:00+05:30,4.4274144,63.435013,10.564942,66.929565
1507,2025-08-31 19:00:00+05:30,4.2481523,53.61555,10.717182,60.852028
1508,2025-08-31 20:00:00+05:30,5.0432134,55.175446,12.841963,58.76084
1509,2025-08-31 21:00:00+05:30,5.3426957,32.61924,12.738099,47.290634
1510,2025-08-31 22:00:00+05:30,4.978554,40.601215,12.85205,52.969524
1511,2025-08-31 23:00:00+05:30,5.3426957,57.380775,13.213764,65.87902
1512,2025-09-01 00:00:00+05:30,6.090812,55.840256,14.420235,65.67444
1513,2025-09-01 01:00:00+05:30,4.5,53.13002,12.55879,62.70051
1514,2025-09-01 02:00:00+05:30,3.244996,19.440128,8.528657,45.85501
1515,2025-09-01 03:00:00+05:30,3.710795,14.036275,9.236298,33.070686
1516,2025-09-01 04:00:00+05:30,3.0758414,20.556128,7.7734165,42.184383
1517,2025-09-01 05:00:00+05:30,4.2175345,50.194473,9.847496,59.215923
1518,2025-09-01 06:00:00+05:30,4.3349743,48.366554,8.936778,55.66973
1519,2025-09-01 07:00:00+05:30,5.983477,43.7812,8.536252,47.563812
1520,2025-09-01 08:00:00+05:30,6.1305785,49.76371,7.928177,50.52757
1521,2025-09-01 09:00:00+05:30,8.461914,60.708733,10.962281,60.48861
1522,2025-09-01 10:00:00+05:30,8.225035,66.80139,10.8015,66.425285
1523,2025-09-01 11:00:00+05:30,7.2,53.13002,9.144637,53.8067
1524,2025-09-01 12:00:00+05:30,6.8777895,47.12111,8.536252,47.563812
1525,2025-09-01 13:00:00+05:30,7.1321807,47.045418,9.178235,48.179924
1526,2025-09-01 14:00:00+05:30,9.139322,57.875034,11.983188,57.264786
1527,2025-09-01 15:00:00+05:30,9.313152,48.91835,12.678185,51.34017
1528,2025-09-01 16:00:00+05:30,8.604301,37.34943,13.767352,41.82009
1529,2025-09-01 17:00:00+05:30,4.7521367,24.623547,11.952054,37.042564
1530,2025-09-01 18:00:00+05:30,4.3498964,65.55606,10.966713,66.801384
1531,2025-09-01 19:00:00+05:30,4.965521,43.53127,11.9466305,59.18437
1532,2025-09-01 20:00:00+05:30,7.145796,40.9143,17.713316,52.431335
1533,2025-09-01 21:00:00+05:30,8.099999,53.13002,19.240644,62.715878
1534,2025-09-01 22:00:00+05:30,7.127636,44.999897,17.884428,49.899166
1535,2025-09-01 23:00:00+05:30,8.967541,38.480236,20.247398,46.80114
1536,2025-09-02 00:00:00+05:30,6.279395,62.70051,17.725203,55.341583
1537,2025-09-02 01:00:00+05:30,2.8001428,135.0001,9.109138,127.77575
1538,2025-09-02 02:00:00+05:30,6.2067385,119.53869,13.841286,110.55613
1539,2025-09-02 03:00:00+05:30,14.096425,95.128105,25.70221,96.029915
1540,2025-09-02 04:00:00+05:30,10.594036,80.21766,20.167229,91.53431
1541,2025-09-02 05:00:00+05:30,10.873252,83.34567,21.1896,83.659904
1542,2025-09-02 06:00:00+05:30,15.24909,82.53953,26.354485,85.691414
1543,2025-09-02 07:00:00+05:30,17.731598,95.82625,26.795223,96.17008
1544,2025-09-02 08:00:00+05:30,17.771753,96.980965,25.252659,97.78347
1545,2025-09-02 09:00:00+05:30,17.46371,91.18117,23.2451,92.66295
1546,2025-09-02 10:00:00+05:30,17.640919,90.58462,24.665909,91.254425
1547,2025-09-02 11:00:00+05:30,15.745627,79.46087,21.281145,81.73291
1548,2025-09-02 12:00:00+05:30,16.084589,84.863716,20.957443,85.07298
1549,2025-09-02 13:00:00+05:30,15.743569,84.093956,20.436144,84.44015
1550,2025-09-02 14:00:00+05:30,14.813682,94.87919,19.523155,95.28999
1551,2025-09-02 15:00:00+05:30,15.536408,116.86185,22.315643,114.290955
1552,2025-09-02 16:00:00+05:30,12.522619,161.56496,18.553974,157.1663
1553,2025-09-02 17:00:00+05:30,6.8919086,130.76352,12.399113,129.69904
1554,2025-09-02 18:00:00+05:30,6.302571,91.63654,14.761098,105.56157
1555,2025-09-02 19:00:00+05:30,5.3305535,101.68935,14.009968,110.29765
1556,2025-09-02 20:00:00+05:30,8.019601,99.039406,16.224981,107.429955
1557,2025-09-02 21:00:00+05:30,7.42159,67.16631,14.248452,86.378586
1558,2025-09-02 22:00:00+05:30,4.5891175,101.3099,11.855429,120.0685
1559,2025-09-02 23:00:00+05:30,4.0449967,57.724377,8.209263,105.25517
1560,2025-09-03 00:00:00+05:30,4.8965297,53.972538,9.567131,85.68405
1561,2025-09-03 01:00:00+05:30,6.696387,53.74608,13.450708,74.47583
1562,2025-09-03 02:00:00+05:30,5.3999996,53.13002,12.638512,72.597206
1563,2025-09-03 03:00:00+05:30,6.090812,55.840256,12.906138,81.983
1564,2025-09-03 04:00:00+05:30,7.3469996,59.03632,15.542662,76.60749
1565,2025-09-03 05:00:00+05:30,7.754637,68.19853,16.778666,80.73986
1566,2025-09-03 06:00:00+05:30,7.748368,59.264584,14.417988,92.86235
1567,2025-09-03 07:00:00+05:30,7.7400002,90.0,11.609651,97.12492
1568,2025-09-03 08:00:00+05:30,13.543131,113.49858,18.606289,114.58156
1569,2025-09-03 09:00:00+05:30,15.865546,114.82052,21.42227,114.84236
1570,2025-09-03 10:00:00+05:30,16.58346,117.12123,22.702845,117.37762
1571,2025-09-03 11:00:00+05:30,14.508715,127.438644,19.370708,127.828354
1572,2025-09-03 12:00:00+05:30,12.708815,127.51919,16.813387,127.60606
1573,2025-09-03 13:00:00+05:30,12.71901,116.9276,16.58346,117.12123
1574,2025-09-03 14:00:00+05:30,12.904882,112.98875,17.349236,112.57418
1575,2025-09-03 15:00:00+05:30,11.966954,105.7087,16.794104,107.46402
1576,2025-09-03 16:00:00+05:30,12.13499,122.27561,19.121557,123.09171
1577,2025-09-03 17:00:00+05:30,15.275627,111.42536,25.52258,115.480675
1578,2025-09-03 18:00:00+05:30,9.085988,123.6901,19.171478,124.286934
1579,2025-09-03 19:00:00+05:30,7.9932966,125.837746,17.728857,131.29527
1580,2025-09-03 20:00:00+05:30,8.694204,117.095474,19.152035,126.977684
1581,2025-09-03 21:00:00+05:30,6.8423676,88.4926,16.024044,104.97292
1582,2025-09-03 22:00:00+05:30,7.3821945,91.39715,16.380987,102.05077
1583,2025-09-03 23:00:00+05:30,7.289444,110.22495,14.77755,124.07724
1584,2025-09-04 00:00:00+05:30,5.9834766,96.91113,14.348156,109.79897
1585,2025-09-04 01:00:00+05:30,6.6794305,104.03627,13.719023,109.14823
1586,2025-09-04 02:00:00+05:30,12.108261,78.85715,21.332088,84.674355
1587,2025-09-04 03:00:00+05:30,6.889557,70.1447,13.684735,91.50741
1588,2025-09-04 04:00:00+05:30,10.837435,94.76356,20.91256,103.4382
1589,2025-09-04 05:00:00+05:30,10.759423,107.52566,20.858265,111.25058
1590,2025-09-04 06:00:00+05:30,9.505977,108.77813,19.787722,121.23186
1591,2025-09-04 07:00:00+05:30,12.440851,121.39022,18.072752,123.21526
1592,2025-09-04 08:00:00+05:30,15.96327,119.74479,21.948933,120.56076
1593,2025-09-04 09:00:00+05:30,14.787414,121.56177,20.035059,121.405106
1594,2025-09-04 10:00:00+05:30,14.25641,127.30403,18.865683,127.63532
1595,2025-09-04 11:00:00+05:30,12.870944,132.16582,16.563911,132.3574
1596,2025-09-04 12:00:00+05:30,11.144021,121.122406,14.481893,122.307304
1597,2025-09-04 13:00:00+05:30,13.246826,132.79738,17.703253,132.9399
1598,2025-09-04 14:00:00+05:30,11.837651,135.61598,15.914484,136.37477
1599,2025-09-04 15:00:00+05:30,14.628807,145.52773,20.219378,145.88548
1600,2025-09-04 16:00:00+05:30,17.447933,158.19853,25.471748,158.87521
1601,2025-09-04 17:00:00+05:30,7.748368,120.73541,12.425216,128.53021
1602,2025-09-04 18:00:00+05:30,7.1321807,137.04541,15.2501545,149.50024
1603,2025-09-04 19:00:00+05:30,4.942631,123.11135,12.830604,145.86401
1604,2025-09-04 20:00:00+05:30,3.7799997,90.0,9.299225,132.64667
1605,2025-09-04 21:00:00+05:30,4.5536795,108.43504,11.870451,130.69543
1606,2025-09-04 22:00:00+05:30,4.5891175,131.82008,12.241323,143.97253
1607,2025-09-04 23:00:00+05:30,5.6521144,127.23492,13.577776,141.45879
1608,2025-09-05 00:00:00+05:30,5.6002855,135.0001,13.779114,146.7251
1609,2025-09-05 01:00:00+05:30,6.248359,138.50363,14.668619,150.60405
1610,2025-09-05 02:00:00+05:30,6.7397914,145.88548,15.376045,152.8351
1611,2025-09-05 03:00:00+05:30,6.552099,142.81522,14.897651,151.88689
1612,2025-09-05 04:00:00+05:30,4.8366103,135.0001,12.4811535,146.76828
1613,2025-09-05 05:00:00+05:30,4.8965297,126.027466,12.061343,142.27495
1614,2025-09-05 06:00:00+05:30,7.2403865,145.1246,15.779543,154.3119
1615,2025-09-05 07:00:00+05:30,9.227524,159.44388,12.750811,161.0534
1616,2025-09-05 08:00:00+05:30,9.165871,160.49747,12.011544,160.75038
1617,2025-09-05 09:00:00+05:30,6.989936,145.49142,8.6867485,145.9806
1618,2025-09-05 10:00:00+05:30,6.4924874,133.87679,8.019601,135.90929
1619,2025-09-05 11:00:00+05:30,6.248359,138.50363,7.5363917,139.84407
1620,2025-09-05 12:00:00+05:30,9.9,143.13002,12.387348,144.46223
1621,2025-09-05 13:00:00+05:30,10.546525,152.56036,13.6063795,152.41806
1622,2025-09-05 14:00:00+05:30,7.9567327,142.35231,10.234705,145.75092
1623,2025-09-05 15:00:00+05:30,10.094454,129.93633,13.022349,130.5153
1624,2025-09-05 16:00:00+05:30,8.6867485,124.019394,12.096214,126.528946
1625,2025-09-05 17:00:00+05:30,7.2359104,95.7105,14.087228,100.30479
1626,2025-09-05 18:00:00+05:30,3.8773184,158.19853,11.525623,165.52966
1627,2025-09-05 19:00:00+05:30,4.0449967,122.27562,10.472535,151.23245
1628,2025-09-05 20:00:00+05:30,4.5891175,138.17992,12.241323,160.23274
1629,2025-09-05 21:00:00+05:30,6.482499,178.40889,14.917212,188.32556
1630,2025-09-05 22:00:00+05:30,4.2021422,170.13426,11.5115595,189.90411
1631,2025-09-05 23:00:00+05:30,3.244996,146.3099,8.101999,181.273
1632,2025-09-06 00:00:00+05:30,3.62243,153.43501,9.208192,175.51547
1633,2025-09-06 01:00:00+05:30,2.0523157,105.25517,4.952453,160.90642
1634,2025-09-06 02:00:00+05:30,4.471107,130.10085,9.54,148.10925
1635,2025-09-06 03:00:00+05:30,3.244996,176.82024,9.179999,180.0
1636,2025-09-06 04:00:00+05:30,5.1481256,143.53067,11.190442,168.87085
1637,2025-09-06 05:00:00+05:30,0.17999999,360.0,2.8460498,198.43504
1638,2025-09-06 06:00:00+05:30,2.4014995,77.00539,5.426933,84.2895
1639,2025-09-06 07:00:00+05:30,6.037383,153.43501,7.970972,154.59233
1640,2025-09-06 08:00:00+05:30,4.503598,177.70944,5.7599998,180.0
1641,2025-09-06 09:00:00+05:30,5.3517847,160.34608,6.603817,162.55272
1642,2025-09-06 10:00:00+05:30,6.9527545,158.74942,8.65873,159.30447
1643,2025-09-06 11:00:00+05:30,7.256032,156.61476,9.028754,156.50142
1644,2025-09-06 12:00:00+05:30,7.5685663,154.65387,9.504273,155.37645
1645,2025-09-06 13:00:00+05:30,7.1208143,163.85559,9.080639,166.2392
1646,2025-09-06 14:00:00+05:30,3.3043609,150.64235,4.327493,163.0724
1647,2025-09-06 15:00:00+05:30,2.6999998,143.13002,3.4623692,152.10283
1648,2025-09-06 16:00:00+05:30,7.329338,204.67685,9.627896,200.80687
1649,2025-09-06 17:00:00+05:30,1.4512063,97.12492,3.143565,113.62939
1650,2025-09-06 18:00:00+05:30,5.6060677,84.47256,9.9571085,102.5288
1651,2025-09-06 19:00:00+05:30,6.77575,73.009094,11.9140415,85.66777
1652,2025-09-06 20:00:00+05:30,4.1556225,72.34979,9.195868,93.366394
1653,2025-09-06 21:00:00+05:30,4.514377,66.50142,8.209263,105.25517
1654,2025-09-06 22:00:00+05:30,2.8460495,34.69522,5.0528407,85.91447
1655,2025-09-06 23:00:00+05:30,2.36753,8.746089,3.550155,59.53454
1656,2025-09-07 00:00:00+05:30,0.8049845,63.435013,2.9522195,142.43134
1657,2025-09-07 01:00:00+05:30,5.994297,138.65233,12.906138,171.983
1658,2025-09-07 02:00:00+05:30,11.672275,333.43503,15.617529,334.02567
1659,2025-09-07 03:00:00+05:30,5.6060677,47.602623,4.143911,34.3804
1660,2025-09-07 04:00:00+05:30,5.0432134,34.82457,7.1389914,33.6901
1661,2025-09-07 05:00:00+05:30,5.297018,80.21766,10.7714615,80.38034
1662,2025-09-07 06:00:00+05:30,5.426933,185.7105,11.334285,212.68054
1663,2025-09-07 07:00:00+05:30,6.9527545,201.25058,10.548061,205.25313
1664,2025-09-07 08:00:00+05:30,6.1569467,195.25517,8.155807,202.03629
1665,2025-09-07 09:00:00+05:30,11.276968,188.25935,14.690691,187.03784
1666,2025-09-07 10:00:00+05:30,3.84796,169.21574,5.223103,178.02512
1667,2025-09-07 11:00:00+05:30,5.020677,165.4655,6.8138976,167.79955
1668,2025-09-07 12:00:00+05:30,5.1544156,167.90526,6.542201,172.09293
1669,2025-09-07 13:00:00+05:30,4.5891175,191.30989,6.1120534,193.62701
1670,2025-09-07 14:00:00+05:30,2.1674871,221.63345,2.9301877,222.5104
1671,2025-09-07 15:00:00+05:30,3.396233,147.99466,4.1125174,156.80139
1672,2025-09-07 16:00:00+05:30,3.06,61.92762,3.6179552,84.2895
1673,2025-09-07 17:00:00+05:30,6.341009,55.407658,12.039833,58.44866
1674,2025-09-07 18:00:00+05:30,8.827344,129.2072,16.940096,132.84703
1675,2025-09-07 19:00:00+05:30,3.319036,139.39879,10.304115,160.61539
1676,2025-09-07 20:00:00+05:30,4.1085763,208.8107,12.10157,210.37904
1677,2025-09-07 21:00:00+05:30,3.8183763,188.13002,11.799271,201.47685
1678,2025-09-07 22:00:00+05:30,5.5799994,180.0,14.685176,191.30989
1679,2025-09-07 23:00:00+05:30,5.426933,174.2895,14.813682,184.87918
1680,2025-09-08 00:00:00+05:30,7.4520864,322.85324,7.0199995,292.6199
1681,2025-09-08 01:00:00+05:30,3.9966488,352.23492,5.5567255,294.90472
1682,2025-09-08 02:00:00+05:30,6.544677,31.504223,9.473541,14.300317
1683,2025-09-08 03:00:00+05:30,6.696387,53.74608,12.221457,46.193405
1684,2025-09-08 04:00:00+05:30,8.688613,76.827446,14.539945,74.931465
1685,2025-09-08 05:00:00+05:30,7.6642804,80.53775,13.976394,82.6005
1686,2025-09-08 06:00:00+05:30,6.162207,96.70974,15.677576,102.60016
1687,2025-09-08 07:00:00+05:30,6.66,108.92474,10.99769,111.10492
1688,2025-09-08 08:00:00+05:30,8.187527,123.34073,10.83893,125.537766
1689,2025-09-08 09:00:00+05:30,7.5105524,135.97093,9.5535755,137.29063
1690,2025-09-08 10:00:00+05:30,5.3939967,154.2901,6.9270773,155.43285
1691,2025-09-08 11:00:00+05:30,4.1556225,162.3498,5.068846,163.49556
1692,2025-09-08 12:00:00+05:30,5.414979,158.5522,6.384293,158.4985
1693,2025-09-08 13:00:00+05:30,6.9480934,143.42688,8.39078,144.60512
1694,2025-09-08 14:00:00+05:30,7.256032,150.2552,9.179999,151.92761
1695,2025-09-08 15:00:00+05:30,7.3821945,178.60284,9.36173,178.89832
1696,2025-09-08 16:00:00+05:30,5.0688457,186.1154,6.924738,188.97255
1697,2025-09-08 17:00:00+05:30,1.1384199,161.56496,3.6402748,171.46931
1698,2025-09-08 18:00:00+05:30,5.1826253,69.67678,8.669949,94.76356
1699,2025-09-08 19:00:00+05:30,4.73506,81.25392,9.360001,112.61991
1700,2025-09-08 20:00:00+05:30,1.2727921,351.87,1.2727921,188.13002
1701,2025-09-08 21:00:00+05:30,3.7842832,334.65387,4.2481523,323.61554
1702,2025-09-08 22:00:00+05:30,3.7971036,354.55975,3.9477081,316.8476
1703,2025-09-08 23:00:00+05:30,4.2481523,53.61555,2.5071096,68.96242
1704,2025-09-09 00:00:00+05:30,1.8089776,95.7105,4.68,180.0
1705,2025-09-09 01:00:00+05:30,1.8532133,150.9455,6.198903,205.82094
1706,2025-09-09 02:00:00+05:30,0.9,143.13002,4.143911,214.3804
1707,2025-09-09 03:00:00+05:30,1.9386592,201.80147,6.5223618,207.97939
1708,2025-09-09 04:00:00+05:30,2.8799999,360.0,3.8183763,315.0001
1709,2025-09-09 05:00:00+05:30,6.889557,19.855309,11.503113,20.136398
1710,2025-09-09 06:00:00+05:30,6.8399997,180.0,13.363711,207.25525
1711,2025-09-09 07:00:00+05:30,5.4029994,181.9091,10.304115,199.38461
1712,2025-09-09 08:00:00+05:30,4.186693,205.4633,5.5596404,209.0545
1713,2025-09-09 09:00:00+05:30,2.0124612,333.43503,2.0523157,322.12494
1714,2025-09-09 10:00:00+05:30,2.6999998,306.86996,3.4576871,308.65982
1715,2025-09-09 11:00:00+05:30,1.8,216.86998,2.50064,210.25635
1716,2025-09-09 12:00:00+05:30,0.40249225,243.43501,0.76367533,224.9999
1717,2025-09-09 13:00:00+05:30,9.05205,197.35411,11.090103,193.13403
1718,2025-09-09 14:00:00+05:30,8.287822,214.3804,10.742848,211.29298
1719,2025-09-09 15:00:00+05:30,6.552099,217.18478,8.53815,214.69522
1720,2025-09-09 16:00:00+05:30,6.114703,222.61401,8.161764,221.42357
1721,2025-09-09 17:00:00+05:30,2.0523157,232.12495,5.369916,230.44037
1722,2025-09-09 18:00:00+05:30,3.06,208.07239,8.856658,232.43134
1723,2025-09-09 19:00:00+05:30,3.563818,224.9999,9.227524,249.44388
1724,2025-09-09 20:00:00+05:30,3.244996,236.3099,8.473393,257.73523
1725,2025-09-09 21:00:00+05:30,3.5455887,246.0375,9.499157,260.18076
1726,2025-09-09 22:00:00+05:30,4.8733153,274.23633,12.991212,273.9724
1727,2025-09-09 23:00:00+05:30,6.12,270.0,15.188415,275.44025
1728,2025-09-10 00:00:00+05:30,4.5,126.86999,4.3498964,155.55606
1729,2025-09-10 01:00:00+05:30,6.297428,120.963684,7.8954163,136.8476
1730,2025-09-10 02:00:00+05:30,5.3517847,137.72638,6.8423676,153.43501
1731,2025-09-10 03:00:00+05:30,4.3498964,114.44395,9.044888,132.58046
1732,2025-09-10 04:00:00+05:30,4.5322843,96.84268,7.8954163,114.22774
1733,2025-09-10 05:00:00+05:30,5.4744864,117.40749,7.8480825,143.39284
1734,2025-09-10 06:00:00+05:30,0.35999998,270.0,1.484318,255.96373
1735,2025-09-10 07:00:00+05:30,1.4058449,230.19447,2.5582807,230.71062
1736,2025-09-10 08:00:00+05:30,2.2910259,224.9999,3.0652893,229.76372
1737,2025-09-10 09:00:00+05:30,2.1068459,250.0168,2.6758924,250.34608
1738,2025-09-10 10:00:00+05:30,3.6,233.13002,4.5,233.13002
1739,2025-09-10 11:00:00+05:30,3.7842832,244.65387,4.510787,241.38963
1740,2025-09-10 12:00:00+05:30,4.3349743,228.36655,5.22,226.39711
1741,2025-09-10 13:00:00+05:30,3.8521678,232.59457,5.1165614,230.71062
1742,2025-09-10 14:00:00+05:30,5.815978,248.19853,7.406295,244.05775
1743,2025-09-10 15:00:00+05:30,3.8856654,193.39252,4.896529,197.10281
1744,2025-09-10 16:00:00+05:30,6.7757506,230.38934,10.948973,223.66785
1745,2025-09-10 17:00:00+05:30,3.4152596,198.43504,8.93859,205.01686
1746,2025-09-10 18:00:00+05:30,12.487641,285.03787,20.138292,277.18845
1747,2025-09-10 19:00:00+05:30,2.5071096,248.96242,6.9247384,242.10283
1748,2025-09-10 20:00:00+05:30,6.3639607,208.7397,13.6289835,213.6901
1749,2025-09-10 21:00:00+05:30,4.278551,165.37909,9.255571,193.49574
1750,2025-09-10 22:00:00+05:30,5.3517847,132.27362,11.521406,151.03244
1751,2025-09-10 23:00:00+05:30,6.8423676,153.43501,14.288191,160.88019
1752,2025-09-11 00:00:00+05:30,7.968939,18.435053,8.641874,35.6765
1753,2025-09-11 01:00:00+05:30,5.293959,54.688713,7.256032,66.61476
1754,2025-09-11 02:00:00+05:30,5.3426957,57.380775,6.7205353,69.62349
1755,2025-09-11 03:00:00+05:30,5.5567255,65.09527,8.777653,74.53873
1756,2025-09-11 04:00:00+05:30,6.8138976,12.200457,9.5416975,35.78906
1757,2025-09-11 05:00:00+05:30,4.5322843,83.15732,8.297589,86.26868
1758,2025-09-11 06:00:00+05:30,5.6920996,71.564964,7.486788,80.31129
1759,2025-09-11 07:00:00+05:30,6.122647,91.68465,7.7734165,95.31445
1760,2025-09-11 08:00:00+05:30,3.362677,74.47583,4.1046314,74.74483
1761,2025-09-11 09:00:00+05:30,5.223103,91.97489,6.310277,93.270424
1762,2025-09-11 10:00:00+05:30,4.991553,115.64096,6.198903,115.820946
1763,2025-09-11 11:00:00+05:30,5.09435,147.99466,6.1437774,148.17259
1764,2025-09-11 12:00:00+05:30,6.0077944,188.61557,7.3094187,189.92618
1765,2025-09-11 13:00:00+05:30,5.1575575,209.24873,6.391901,212.34741
1766,2025-09-11 14:00:00+05:30,4.510787,241.38963,5.896202,238.73633
1767,2025-09-11 15:00:00+05:30,11.375658,184.53769,14.957339,182.75905
1768,2025-09-11 16:00:00+05:30,9.840914,219.80553,15.986593,215.83774
1769,2025-09-11 17:00:00+05:30,3.9477081,245.77226,9.178235,244.44008
1770,2025-09-11 18:00:00+05:30,2.7534704,191.30989,6.248359,228.50363
1771,2025-09-11 19:00:00+05:30,2.1897945,170.53775,4.3274937,224.9999
1772,2025-09-11 20:00:00+05:30,0.76367533,135.0001,2.7238941,262.40546
1773,2025-09-11 21:00:00+05:30,7.040739,85.60138,8.171683,82.40546
1774,2025-09-11 22:00:00+05:30,6.873078,135.0001,11.556504,127.40543
1775,2025-09-11 23:00:00+05:30,3.964089,92.60251,7.0038276,115.906456
1776,2025-09-12 00:00:00+05:30,3.563818,135.0001,9.299225,137.35333
1777,2025-09-12 01:00:00+05:30,2.9024127,97.12492,7.596341,126.32692
1778,2025-09-12 02:00:00+05:30,2.3469129,122.471176,6.248359,138.50363
1779,2025-09-12 03:00:00+05:30,3.964089,87.3975,7.293888,105.75124
1780,2025-09-12 04:00:00+05:30,4.3536186,150.2552,9.636307,147.20047
1781,2025-09-12 05:00:00+05:30,5.2694216,97.853226,8.836514,123.36639
1782,2025-09-12 06:00:00+05:30,1.0495713,30.963696,1.835647,281.3099
1783,2025-09-12 07:00:00+05:30,0.9,360.0,1.3708391,336.8014
1784,2025-09-12 08:00:00+05:30,0.40249225,296.56497,0.54,270.0
1785,2025-09-12 09:00:00+05:30,0.742159,14.036275,0.8049845,26.564985
1786,2025-09-12 10:00:00+05:30,1.9386592,111.801476,2.2553935,118.61037
1787,2025-09-12 11:00:00+05:30,2.5582807,140.71062,3.0652893,139.76372
1788,2025-09-12 12:00:00+05:30,2.8001428,135.0001,3.4576871,141.34016
1789,2025-09-12 13:00:00+05:30,3.0758414,69.44387,4.1556225,85.03035
1790,2025-09-12 14:00:00+05:30,6.8138976,192.20045,8.731391,194.32275
1791,2025-09-12 15:00:00+05:30,7.5942073,185.44025,10.464798,183.94511
1792,2025-09-12 16:00:00+05:30,0.76367533,135.0001,1.484318,165.96373
1793,2025-09-12 17:00:00+05:30,1.9469976,123.6901,5.072041,152.52565
1794,2025-09-12 18:00:00+05:30,8.404285,46.73567,11.592895,64.23073
1795,2025-09-12 19:00:00+05:30,6.330782,75.17348,12.466867,94.96966
1796,2025-09-12 20:00:00+05:30,6.9527545,111.25058,13.551501,129.61066
1797,2025-09-12 21:00:00+05:30,7.029225,140.19447,14.411245,152.47487
1798,2025-09-12 22:00:00+05:30,5.0975285,132.13753,11.9140415,153.0479
1799,2025-09-12 23:00:00+05:30,3.143565,113.62939,9.021574,151.38963
1800,2025-09-13 00:00:00+05:30,3.319036,139.39879,9.565437,160.20103
1801,2025-09-13 01:00:00+05:30,2.8856194,93.57626,6.804381,142.52374
1802,2025-09-13 02:00:00+05:30,3.2846913,80.53775,6.391901,122.34742
1803,2025-09-13 03:00:00+05:30,2.6208394,74.054535,5.257109,128.04709
1804,2025-09-13 04:00:00+05:30,6.698806,96.17008,11.679213,114.5901
1805,2025-09-13 05:00:00+05:30,5.0688457,96.11541,9.178235,115.55992
1806,2025-09-13 06:00:00+05:30,3.494968,34.50859,3.8856654,103.39252
1807,2025-09-13 07:00:00+05:30,0.40249225,296.56497,0.76367533,224.9999
1808,2025-09-13 08:00:00+05:30,3.9477081,136.8476,5.004518,142.3057
1809,2025-09-13 09:00:00+05:30,7.9383874,176.09958,9.734988,176.82024
1810,2025-09-13 10:00:00+05:30,7.5685663,182.72626,9.914717,183.12207
1811,2025-09-13 11:00:00+05:30,5.9644947,185.19434,7.79215,186.63242
1812,2025-09-13 12:00:00+05:30,4.724786,220.36446,5.994297,221.34767
1813,2025-09-13 13:00:00+05:30,5.9834766,201.16133,7.587806,202.30626
1814,2025-09-13 14:00:00+05:30,5.1544156,167.90526,6.519877,173.6599
1815,2025-09-13 15:00:00+05:30,8.825508,168.23174,11.866355,170.39487
1816,2025-09-13 16:00:00+05:30,7.10031,149.53453,11.038858,155.94266
1817,2025-09-13 17:00:00+05:30,4.991553,154.35904,11.966954,164.2913
1818,2025-09-13 18:00:00+05:30,3.06,118.072395,8.863972,167.09259
1819,2025-09-13 19:00:00+05:30,8.967541,141.51978,18.445389,151.43427
1820,2025-09-13 20:00:00+05:30,8.383054,165.06853,17.823635,181.1573
1821,2025-09-13 21:00:00+05:30,8.035746,164.40714,16.787354,175.69562
1822,2025-09-13 22:00:00+05:30,4.846648,148.67137,12.886039,167.90526
1823,2025-09-13 23:00:00+05:30,2.5455842,81.86999,6.452441,149.8587
1824,2025-09-14 00:00:00+05:30,5.223103,88.025116,8.641874,125.6765
1825,2025-09-14 01:00:00+05:30,6.28713,113.62939,11.966954,133.7812
1826,2025-09-14 02:00:00+05:30,6.048107,126.528946,13.581354,145.25676
1827,2025-09-14 03:00:00+05:30,4.8433046,131.98714,11.465024,157.86446
1828,2025-09-14 04:00:00+05:30,3.6447225,122.90524,9.0018,168.46541
1829,2025-09-14 05:00:00+05:30,5.5887027,104.93147,9.449572,139.63554
1830,2025-09-14 06:00:00+05:30,5.3517847,47.72637,8.149847,96.340096
1831,2025-09-14 07:00:00+05:30,4.802999,77.00539,8.825508,101.768265
1832,2025-09-14 08:00:00+05:30,4.186693,115.46331,6.048107,126.528946
1833,2025-09-14 09:00:00+05:30,6.8919086,130.76352,9.044888,132.58046
1834,2025-09-14 10:00:00+05:30,7.4346757,96.952866,9.114471,99.090195
1835,2025-09-14 11:00:00+05:30,7.4672885,105.376305,9.568824,106.38962
1836,2025-09-14 12:00:00+05:30,7.2202215,94.28908,9.028754,94.57384
1837,2025-09-14 13:00:00+05:30,4.829907,116.56499,6.361415,115.11481
1838,2025-09-14 14:00:00+05:30,5.920878,109.53674,7.5213294,111.03758
1839,2025-09-14 15:00:00+05:30,6.8541956,103.671326,8.604301,105.78082
1840,2025-09-14 16:00:00+05:30,5.12289,108.43504,7.0199995,112.61991
1841,2025-09-14 17:00:00+05:30,13.627795,167.79955,22.327255,163.61038
1842,2025-09-14 18:00:00+05:30,8.790563,132.5104,16.248924,140.84457
1843,2025-09-14 19:00:00+05:30,8.383054,165.06853,16.343367,172.40544
1844,2025-09-14 20:00:00+05:30,6.778141,169.28693,13.722565,175.4861
1845,2025-09-14 21:00:00+05:30,4.542994,146.3099,10.609316,165.2564
1846,2025-09-14 22:00:00+05:30,2.8001428,44.999897,4.353619,97.12492
1847,2025-09-14 23:00:00+05:30,3.4623692,62.10283,6.2483597,101.63361
1848,2025-09-15 00:00:00+05:30,5.6262593,82.64771,9.255571,103.49575
1849,2025-09-15 01:00:00+05:30,5.1197267,100.12462,10.158444,119.74478
1850,2025-09-15 02:00:00+05:30,2.3469129,57.528828,6.015878,141.07245
1851,2025-09-15 03:00:00+05:30,4.724786,130.36446,10.630672,151.69934
1852,2025-09-15 04:00:00+05:30,2.1749482,65.55606,4.755544,150.5242
1853,2025-09-15 05:00:00+05:30,6.763786,64.79892,8.688613,76.827446
1854,2025-09-15 06:00:00+05:30,5.5567255,114.90474,9.54,121.890755
1855,2025-09-15 07:00:00+05:30,6.7469993,136.08084,9.432412,138.09415
1856,2025-09-15 08:00:00+05:30,8.244708,143.88057,10.735306,145.24402
1857,2025-09-15 09:00:00+05:30,5.9834766,158.83867,7.689603,159.44388
1858,2025-09-15 10:00:00+05:30,14.784126,132.03899,19.73854,133.1524
1859,2025-09-15 11:00:00+05:30,5.8631387,162.12122,8.36758,161.1752
1860,2025-09-15 12:00:00+05:30,5.5799994,180.0,7.2022495,181.43207
1861,2025-09-15 13:00:00+05:30,5.8769383,207.3498,7.4128532,209.0545
1862,2025-09-15 14:00:00+05:30,5.9427266,178.26433,7.5599995,180.0
1863,2025-09-15 15:00:00+05:30,3.9844694,161.56496,5.0142193,158.96242
1864,2025-09-15 16:00:00+05:30,13.203954,117.61294,19.32382,117.75845
1865,2025-09-15 17:00:00+05:30,7.42159,112.833694,12.69351,108.178116
1866,2025-09-15 18:00:00+05:30,8.909545,81.86999,16.93531,92.4366
1867,2025-09-15 19:00:00+05:30,7.5685663,115.34614,16.59225,118.51115
1868,2025-09-15 20:00:00+05:30,10.32924,131.4676,19.35314,133.49263
1869,2025-09-15 21:00:00+05:30,7.3469996,120.963684,14.81915,130.07283
1870,2025-09-15 22:00:00+05:30,8.163749,104.03627,15.133923,116.86974
1871,2025-09-15 23:00:00+05:30,8.528657,97.27491,15.034041,106.699326
1872,2025-09-16 00:00:00+05:30,10.495713,95.906044,18.32202,100.75792
1873,2025-09-16 01:00:00+05:30,8.885877,96.980965,15.503006,105.48856
1874,2025-09-16 02:00:00+05:30,7.7400002,90.0,14.369594,102.29526
1875,2025-09-16 03:00:00+05:30,6.778141,79.28693,13.523978,99.96374
1876,2025-09-16 04:00:00+05:30,8.490582,94.864426,16.466803,105.859436
1877,2025-09-16 05:00:00+05:30,10.7894945,117.84749,19.233065,121.60745
1878,2025-09-16 06:00:00+05:30,10.587918,125.311295,18.865683,127.63532
1879,2025-09-16 07:00:00+05:30,11.931705,146.07016,17.0763,145.30478
1880,2025-09-16 08:00:00+05:30,10.070353,151.14444,16.179987,147.72438
1881,2025-09-16 09:00:00+05:30,7.388775,124.07724,11.4862,122.1957
1882,2025-09-16 10:00:00+05:30,8.209263,105.25517,13.00243,111.94876
1883,2025-09-16 11:00:00+05:30,9.028754,113.49858,12.72283,115.11481
1884,2025-09-16 12:00:00+05:30,9.931042,136.46873,13.379461,137.72638
1885,2025-09-16 13:00:00+05:30,10.739832,140.44037,14.618837,142.00122
1886,2025-09-16 14:00:00+05:30,8.39657,120.96369,10.934166,122.90524
1887,2025-09-16 15:00:00+05:30,8.244708,126.11943,10.908951,127.6263
1888,2025-09-16 16:00:00+05:30,7.596341,126.32692,10.120099,128.50069
1889,2025-09-16 17:00:00+05:30,5.937272,104.03627,11.631956,111.801476
1890,2025-09-16 18:00:00+05:30,7.8728137,79.46087,16.38099,90.629585
1891,2025-09-16 19:00:00+05:30,8.604301,105.78082,18.731247,109.653915
1892,2025-09-16 20:00:00+05:30,8.490582,94.864426,17.363237,107.49585
1893,2025-09-16 21:00:00+05:30,8.64,180.0,15.095336,171.77336
1894,2025-09-16 22:00:00+05:30,6.552099,127.18479,12.145665,140.4119
1895,2025-09-16 23:00:00+05:30,10.233123,129.28938,18.59845,132.64667
1896,2025-09-17 00:00:00+05:30,7.256032,133.99501,14.438198,144.13008
1897,2025-09-17 01:00:00+05:30,6.945761,121.218346,14.174356,139.63554
1898,2025-09-17 02:00:00+05:30,6.5248446,65.55606,9.914717,105.80258
1899,2025-09-17 03:00:00+05:30,8.452336,63.435013,13.418153,83.06575
1900,2025-09-17 04:00:00+05:30,7.4128532,60.94549,12.304682,84.1227
1901,2025-09-17 05:00:00+05:30,7.9077177,48.69148,14.799459,71.564964
1902,2025-09-17 06:00:00+05:30,8.649369,102.01146,15.151039,113.824265
1903,2025-09-17 07:00:00+05:30,10.1887,122.00535,14.428097,123.29359
1904,2025-09-17 08:00:00+05:30,11.583109,122.94922,15.484185,125.537766
1905,2025-09-17 09:00:00+05:30,9.906544,114.70241,13.040997,116.21132
1906,2025-09-17 10:00:00+05:30,9.449572,130.36446,12.242646,131.42357
1907,2025-09-17 11:00:00+05:30,7.8954163,133.1524,9.801326,134.25603
1908,2025-09-17 12:00:00+05:30,7.3997297,131.05472,9.059205,130.97165
1909,2025-09-17 13:00:00+05:30,7.344794,126.027466,9.252069,127.09292
1910,2025-09-17 14:00:00+05:30,9.224011,107.020615,11.966953,111.16133
1911,2025-09-17 15:00:00+05:30,9.391102,192.17145,12.32047,191.80241
1912,2025-09-17 16:00:00+05:30,12.682018,214.59235,19.33639,208.9509
1913,2025-09-17 17:00:00+05:30,2.7238941,187.59456,5.637765,196.69933
1914,2025-09-17 18:00:00+05:30,5.8631387,107.87879,10.233123,129.28938
1915,2025-09-17 19:00:00+05:30,5.232399,93.945114,11.609651,119.74479
1916,2025-09-17 20:00:00+05:30,5.3305535,101.68935,13.363711,117.25525
1917,2025-09-17 21:00:00+05:30,5.7515564,110.13639,14.73913,118.44283
1918,2025-09-17 22:00:00+05:30,4.8466477,105.06854,13.089354,121.50421
1919,2025-09-17 23:00:00+05:30,4.514377,113.49858,12.242646,131.42357
1920,2025-09-18 00:00:00+05:30,4.991553,115.64096,12.606426,136.73567
1921,2025-09-18 01:00:00+05:30,2.7534704,348.6901,2.1749482,65.55606
1922,2025-09-18 02:00:00+05:30,3.9477081,43.152412,3.362677,105.52418
1923,2025-09-18 03:00:00+05:30,9.179999,28.072395,12.730468,33.465405
1924,2025-09-18 04:00:00+05:30,6.6624317,51.581917,8.863972,60.832493
1925,2025-09-18 05:00:00+05:30,6.206738,73.14152,10.018743,72.21602
1926,2025-09-18 06:00:00+05:30,4.6938252,175.60138,6.3231,175.101
1927,2025-09-18 07:00:00+05:30,1.6299692,96.340096,2.3469129,122.471176
1928,2025-09-18 08:00:00+05:30,8.404285,136.73567,11.079873,136.97493
1929,2025-09-18 09:00:00+05:30,5.0142193,158.96242,6.21717,157.8905
1930,2025-09-18 10:00:00+05:30,7.754637,158.19853,9.693296,158.19853
1931,2025-09-18 11:00:00+05:30,4.5322843,173.15732,5.771239,176.42374
1932,2025-09-18 12:00:00+05:30,4.9785542,192.5288,6.5049515,194.4208
1933,2025-09-18 13:00:00+05:30,5.8769383,207.3498,7.24486,206.56499
1934,2025-09-18 14:00:00+05:30,4.514377,203.49858,5.7204895,204.14554
1935,2025-09-18 15:00:00+05:30,4.2136917,199.9832,5.4656014,197.24155
1936,2025-09-18 16:00:00+05:30,5.293959,215.3113,7.388775,214.07724
1937,2025-09-18 17:00:00+05:30,3.06,180.0,7.6409945,195.01842
1938,2025-09-18 18:00:00+05:30,2.907989,21.801476,3.219938,26.564985
1939,2025-09-18 19:00:00+05:30,4.991553,64.35905,6.9247384,62.10283
1940,2025-09-18 20:00:00+05:30,7.24486,63.435013,13.767352,64.440094
1941,2025-09-18 21:00:00+05:30,6.6818557,94.635376,14.944336,91.380325
1942,2025-09-18 22:00:00+05:30,7.729527,117.75845,15.898188,120.62992
1943,2025-09-18 23:00:00+05:30,6.444905,125.90981,14.529915,131.98714
1944,2025-09-19 00:00:00+05:30,5.3517847,132.27362,13.072015,141.7098
1945,2025-09-19 01:00:00+05:30,4.913044,151.55717,13.040997,159.81412
1946,2025-09-19 02:00:00+05:30,3.6447225,147.09476,10.6261,169.26115
1947,2025-09-19 03:00:00+05:30,8.604301,37.34943,12.688404,58.3393
1948,2025-09-19 04:00:00+05:30,5.692099,55.304783,6.66,71.075264
1949,2025-09-19 05:00:00+05:30,6.8138976,77.79955,10.644379,86.12155
1950,2025-09-19 06:00:00+05:30,5.9427266,54.865723,10.759423,72.47434
1951,2025-09-19 07:00:00+05:30,8.085988,73.17851,10.829959,74.57778
1952,2025-09-19 08:00:00+05:30,9.243311,83.29026,11.767651,83.85348
1953,2025-09-19 09:00:00+05:30,7.9932976,97.76508,10.004178,98.27581
1954,2025-09-19 10:00:00+05:30,8.049845,116.56499,10.144082,117.47435
1955,2025-09-19 11:00:00+05:30,7.256032,150.2552,8.707237,150.2552
1956,2025-09-19 12:00:00+05:30,7.072878,165.2564,8.557102,165.37909
1957,2025-09-19 13:00:00+05:30,6.7469993,170.78905,8.197414,171.15826
1958,2025-09-19 14:00:00+05:30,6.924738,171.02745,8.553314,171.52895
1959,2025-09-19 15:00:00+05:30,9.668195,208.9509,12.801531,207.64589
1960,2025-09-19 16:00:00+05:30,9.139322,212.12497,13.6289835,213.6901
1961,2025-09-19 17:00:00+05:30,1.1525624,218.65984,5.5450516,234.24602
1962,2025-09-19 18:00:00+05:30,5.154415,335.22488,9.7565975,330.12408
1963,2025-09-19 19:00:00+05:30,2.7416782,23.198618,6.5693827,9.462261
1964,2025-09-19 20:00:00+05:30,1.9881649,5.19435,5.5799994,360.0
1965,2025-09-19 21:00:00+05:30,1.9469976,123.6901,3.2846913,99.46225
1966,2025-09-19 22:00:00+05:30,2.8856194,176.42374,6.0908127,161.0295
1967,2025-09-19 23:00:00+05:30,1.4512063,209.7448,5.4029994,181.9091
1968,2025-09-20 00:00:00+05:30,2.1749482,294.44394,4.198285,239.0363
1969,2025-09-20 01:00:00+05:30,1.8,306.86996,4.1556225,265.03033
1970,2025-09-20 02:00:00+05:30,2.0991426,329.03632,3.9477081,294.22772
1971,2025-09-20 03:00:00+05:30,3.0652895,3.3664,4.802999,347.00537
1972,2025-09-20 04:00:00+05:30,4.14,360.0,7.3799996,360.0
1973,2025-09-20 05:00:00+05:30,2.9301877,10.61961,6.1437774,5.0423646
1974,2025-09-20 06:00:00+05:30,2.3400002,22.61991,5.7964473,25.769283
1975,2025-09-20 07:00:00+05:30,0.40249225,153.43501,0.9693296,68.19853
1976,2025-09-20 08:00:00+05:30,3.6,36.86999,4.6102495,38.65983
1977,2025-09-20 09:00:00+05:30,1.4512063,82.875084,1.6199999,90.0
1978,2025-09-20 10:00:00+05:30,1.26,90.0,1.6299692,96.340096
1979,2025-09-20 11:00:00+05:30,3.6402748,171.46931,4.353619,172.87508
1980,2025-09-20 12:00:00+05:30,4.175069,187.43132,5.0911684,188.13002
1981,2025-09-20 13:00:00+05:30,3.096837,215.53777,3.8939953,213.6901
1982,2025-09-20 14:00:00+05:30,5.0432134,235.17543,5.9427266,234.86572
1983,2025-09-20 15:00:00+05:30,2.5772078,192.09474,3.244996,199.44012
1984,2025-09-20 16:00:00+05:30,5.293959,215.3113,6.804381,217.47626
1985,2025-09-20 17:00:00+05:30,5.48631,228.99101,10.441551,234.11777
1986,2025-09-20 18:00:00+05:30,4.503598,2.2905633,6.279395,332.7005
1987,2025-09-20 19:00:00+05:30,2.4482646,17.102825,2.9301877,317.4896
1988,2025-09-20 20:00:00+05:30,3.244996,19.440128,4.802999,347.00537
1989,2025-09-20 21:00:00+05:30,3.219938,333.43503,6.4924874,316.1232
1990,2025-09-20 22:00:00+05:30,3.745557,35.217674,5.4029994,1.9091109
1991,2025-09-20 23:00:00+05:30,4.4456716,31.75944,7.247096,14.381432
1992,2025-09-21 00:00:00+05:30,3.710795,22.833694,8.131936,5.0795207
1993,2025-09-21 01:00:00+05:30,1.2727921,98.13002,3.8647635,27.758451
1994,2025-09-21 02:00:00+05:30,1.98,180.0,1.1384199,198.43504
1995,2025-09-21 03:00:00+05:30,2.7238941,172.40544,4.1046314,195.25517
1996,2025-09-21 04:00:00+05:30,2.8174455,153.43501,4.503598,182.29056
1997,2025-09-21 05:00:00+05:30,0.6489992,123.690094,2.5772078,192.09474
1998,2025-09-21 06:00:00+05:30,2.8174455,296.56497,6.015878,308.92755
1999,2025-09-21 07:00:00+05:30,3.381893,295.20108,4.846648,301.32864
2000,2025-09-21 08:00:00+05:30,1.2979984,303.6901,1.5273507,315.0001
2001,2025-09-21 09:00:00+05:30,0.35999998,180.0,0.5091169,135.0001
2002,2025-09-21 10:00:00+05:30,0.5091169,224.9999,0.6489992,213.6901
2003,2025-09-21 11:00:00+05:30,0.9,233.13002,1.0182338,224.9999
2004,2025-09-21 12:00:00+05:30,2.3051248,231.34016,2.5582807,230.71062
2005,2025-09-21 13:00:00+05:30,2.52,270.0,3.06,270.0
2006,2025-09-21 14:00:00+05:30,2.7059932,273.814,3.244996,273.17978
2007,2025-09-21 15:00:00+05:30,0.9693296,338.19852,1.2074767,333.43503
2008,2025-09-21 16:00:00+05:30,1.8,360.0,1.9881649,354.80566
2009,2025-09-21 17:00:00+05:30,5.983477,46.2188,10.094454,50.063675
2010,2025-09-21 18:00:00+05:30,0.54,90.0,1.1525624,308.65982
2011,2025-09-21 19:00:00+05:30,1.4058449,50.194473,1.2979984,33.6901
2012,2025-09-21 20:00:00+05:30,3.01735,342.64587,5.509882,321.63248
2013,2025-09-21 21:00:00+05:30,3.438895,6.0089183,6.0908127,341.02948
2014,2025-09-21 22:00:00+05:30,5.937272,345.9637,11.384199,341.56494
2015,2025-09-21 23:00:00+05:30,5.223103,1.9748993,12.979984,356.82022
2016,2025-09-22 00:00:00+05:30,5.1826253,20.323217,13.451914,12.362483
2017,2025-09-22 01:00:00+05:30,1.8,36.86999,7.8583965,20.095322
2018,2025-09-22 02:00:00+05:30,6.015878,141.07245,10.32924,138.5324
2019,2025-09-22 03:00:00+05:30,9.904906,160.90642,18.845062,162.77647
2020,2025-09-22 04:00:00+05:30,5.315336,208.30066,11.276967,204.51962
2021,2025-09-22 05:00:00+05:30,5.0688457,173.8846,11.003581,183.75165
2022,2025-09-22 06:00:00+05:30,5.2323985,229.18501,5.692099,214.69522
2023,2025-09-22 07:00:00+05:30,4.0449967,237.72438,6.048107,233.47105
2024,2025-09-22 08:00:00+05:30,1.5273507,315.0001,1.9134263,318.81415
2025,2025-09-22 09:00:00+05:30,5.004518,52.3057,6.299999,53.13002
2026,2025-09-22 10:00:00+05:30,5.09435,57.99466,6.452441,59.8587
2027,2025-09-22 11:00:00+05:30,7.4128532,60.94549,8.953078,59.826572
2028,2025-09-22 12:00:00+05:30,3.710795,67.16631,4.7521367,65.37646
2029,2025-09-22 13:00:00+05:30,7.3094187,99.926186,8.790563,100.619606
2030,2025-09-22 14:00:00+05:30,5.232399,86.05489,6.4799995,90.0
2031,2025-09-22 15:00:00+05:30,2.7475805,121.60746,3.8183763,135.0001
2032,2025-09-22 16:00:00+05:30,3.9477081,114.22774,5.495161,121.60746
2033,2025-09-22 17:00:00+05:30,0.0,270.0,2.9024127,150.2552
2034,2025-09-22 18:00:00+05:30,4.514377,265.42615,9.505977,251.22186
2035,2025-09-22 19:00:00+05:30,8.885877,6.980963,11.928989,5.19435
2036,2025-09-22 20:00:00+05:30,6.1437774,31.827414,10.805998,29.981556
2037,2025-09-22 21:00:00+05:30,1.6299692,6.3401003,5.0975285,47.862484
2038,2025-09-22 22:00:00+05:30,9.885262,10.491434,15.639297,11.956565
2039,2025-09-22 23:00:00+05:30,5.3999996,90.0,9.926147,85.84044
2040,2025-09-23 00:00:00+05:30,3.4763772,21.25058,9.220499,51.34017
2041,2025-09-23 01:00:00+05:30,3.9966483,35.837746,11.480557,48.814175
2042,2025-09-23 02:00:00+05:30,4.3274937,44.999897,12.330985,56.3099
2043,2025-09-23 03:00:00+05:30,6.297428,59.03632,15.539537,64.62229
2044,2025-09-23 04:00:00+05:30,6.6818557,62.744755,15.716793,69.904686
2045,2025-09-23 05:00:00+05:30,8.482947,72.718414,18.161278,76.2392
2046,2025-09-23 06:00:00+05:30,8.459999,90.0,17.325876,94.17036
2047,2025-09-23 07:00:00+05:30,10.564942,98.820305,15.359179,100.12462
2048,2025-09-23 08:00:00+05:30,12.182955,102.80426,16.419512,102.66506
2049,2025-09-23 09:00:00+05:30,13.708391,103.671326,18.33616,103.627014
2050,2025-09-23 10:00:00+05:30,14.292725,106.837555,19.242327,107.41806
2051,2025-09-23 11:00:00+05:30,13.169556,111.65605,17.349236,112.57418
2052,2025-09-23 12:00:00+05:30,12.303366,110.55613,16.179985,110.854546
2053,2025-09-23 13:00:00+05:30,10.399576,113.459045,13.638489,112.50357
2054,2025-09-23 14:00:00+05:30,8.155807,112.036285,10.730778,112.69383
2055,2025-09-23 15:00:00+05:30,6.2067385,119.53869,8.305396,119.89881
2056,2025-09-23 16:00:00+05:30,5.9834766,158.83867,9.83268,156.2505
2057,2025-09-23 17:00:00+05:30,4.452954,194.03627,10.478722,184.92702
2058,2025-09-23 18:00:00+05:30,4.9785542,192.5288,12.108261,191.14285
2059,2025-09-23 19:00:00+05:30,1.8089776,174.2895,7.256032,187.12492
2060,2025-09-23 20:00:00+05:30,2.1674871,131.63345,6.8989563,164.87595
2061,2025-09-23 21:00:00+05:30,1.659518,102.5288,5.8409934,146.3099
2062,2025-09-23 22:00:00+05:30,1.8792552,106.699326,6.114703,132.61403
2063,2025-09-23 23:00:00+05:30,4.1085763,151.1893,9.109138,150.39565
2064,2025-09-24 00:00:00+05:30,3.5864744,162.47433,8.427383,160.0168
2065,2025-09-24 01:00:00+05:30,1.9134263,138.81418,6.1569467,164.74483
2066,2025-09-24 02:00:00+05:30,2.5772078,102.09474,5.509882,141.63248
2067,2025-09-24 03:00:00+05:30,2.0991426,59.03632,2.5455842,98.13002
2068,2025-09-24 04:00:00+05:30,3.671294,78.6901,6.698806,83.829926
2069,2025-09-24 05:00:00+05:30,4.724786,107.74477,10.435344,104.99513
2070,2025-09-24 06:00:00+05:30,4.5,90.0,8.65873,110.69553
2071,2025-09-24 07:00:00+05:30,5.318383,113.962494,7.4128532,119.05451
2072,2025-09-24 08:00:00+05:30,7.562142,128.23387,10.120099,128.50069
2073,2025-09-24 09:00:00+05:30,8.78872,124.992096,11.282711,123.94363
2074,2025-09-24 10:00:00+05:30,9.179999,118.072395,11.837652,118.12364
2075,2025-09-24 11:00:00+05:30,10.070353,114.27443,12.81165,114.04423
2076,2025-09-24 12:00:00+05:30,9.292255,111.595375,11.7,112.61991
2077,2025-09-24 13:00:00+05:30,9.449572,40.364468,11.975074,47.43669
2078,2025-09-24 14:00:00+05:30,7.5942073,5.4402504,9.885262,10.491434
2079,2025-09-24 15:00:00+05:30,7.519175,11.04091,9.708326,10.684865
2080,2025-09-24 16:00:00+05:30,6.8919086,40.763515,9.801326,44.256035
2081,2025-09-24 17:00:00+05:30,4.542994,56.3099,11.13384,55.539124
2082,2025-09-24 18:00:00+05:30,4.724786,49.635548,7.689603,73.68607
2083,2025-09-24 19:00:00+05:30,6.0908127,18.970512,12.330985,33.6901
2084,2025-09-24 20:00:00+05:30,10.855358,40.29208,20.111729,44.27486
2085,2025-09-24 21:00:00+05:30,8.714677,51.709793,17.748037,53.24623
2086,2025-09-24 22:00:00+05:30,6.162207,83.29026,14.766584,80.88222
2087,2025-09-24 23:00:00+05:30,4.5322843,83.15732,12.440851,86.68229
2088,2025-09-25 00:00:00+05:30,5.2478566,84.093956,13.679999,90.0
2089,2025-09-25 01:00:00+05:30,5.232399,93.945114,13.576582,96.08843
2090,2025-09-25 02:00:00+05:30,5.4656014,72.75845,14.000713,81.86999
2091,2025-09-25 03:00:00+05:30,4.73506,81.25392,13.170786,86.08183
2092,2025-09-25 04:00:00+05:30,3.964089,92.60251,11.375658,94.53769
2093,2025-09-25 05:00:00+05:30,3.644722,69.775055,10.209348,80.8699
2094,2025-09-25 06:00:00+05:30,7.538541,33.310646,16.5776,41.47846
2095,2025-09-25 07:00:00+05:30,7.9567327,52.35232,12.061343,52.274952
2096,2025-09-25 08:00:00+05:30,7.6579366,60.42226,10.070353,61.144444
2097,2025-09-25 09:00:00+05:30,8.461915,66.161255,10.8015,66.425285
2098,2025-09-25 10:00:00+05:30,6.763786,64.79892,8.297589,65.65892
2099,2025-09-25 11:00:00+05:30,7.596341,76.29302,9.255571,76.50425
2100,2025-09-25 12:00:00+05:30,5.9834766,96.91113,7.256032,97.12492
2101,2025-09-25 13:00:00+05:30,3.964089,87.3975,4.86,90.0
2102,2025-09-25 14:00:00+05:30,5.1197267,79.87539,6.391901,80.2725
2103,2025-09-25 15:00:00+05:30,5.068846,73.49557,6.5049515,75.57919
2104,2025-09-25 16:00:00+05:30,4.0449963,69.14546,5.920878,70.46326
2105,2025-09-25 17:00:00+05:30,3.0652893,40.236294,7.562142,51.766144
2106,2025-09-25 18:00:00+05:30,2.0124612,26.564985,4.3498964,24.443953
2107,2025-09-25 19:00:00+05:30,4.724786,17.744766,10.158444,29.744795
2108,2025-09-25 20:00:00+05:30,4.4456716,58.240574,11.351422,62.622387
2109,2025-09-25 21:00:00+05:30,4.6102495,51.34017,12.039833,58.44866
2110,2025-09-25 22:00:00+05:30,3.693291,46.97493,10.228373,61.631054
2111,2025-09-25 23:00:00+05:30,4.3832865,70.8209,11.351422,75.302635
2112,2025-09-26 00:00:00+05:30,3.710795,75.96373,10.03167,80.70677
2113,2025-09-26 01:00:00+05:30,4.278551,75.37909,11.074022,82.528534
2114,2025-09-26 02:00:00+05:30,5.983477,43.7812,13.891522,58.781662
2115,2025-09-26 03:00:00+05:30,6.384293,49.574005,16.701244,59.56585
2116,2025-09-26 04:00:00+05:30,6.889557,56.725105,17.399586,65.55606
2117,2025-09-26 05:00:00+05:30,6.792466,57.99466,16.92383,66.161255
2118,2025-09-26 06:00:00+05:30,8.12197,77.19574,16.418526,74.74483
2119,2025-09-26 07:00:00+05:30,7.79215,83.367584,12.841963,84.369415
2120,2025-09-26 08:00:00+05:30,8.863972,77.09259,12.108261,78.85715
2121,2025-09-26 09:00:00+05:30,11.013882,78.6901,14.796175,80.19398
2122,2025-09-26 10:00:00+05:30,13.346729,79.90256,17.489666,81.11942
2123,2025-09-26 11:00:00+05:30,14.178928,81.972855,18.486622,83.29026
2124,2025-09-26 12:00:00+05:30,10.564942,98.820305,14.264361,100.17545
2125,2025-09-26 13:00:00+05:30,13.31635,99.33492,17.968472,100.9722
2126,2025-09-26 14:00:00+05:30,14.84318,112.833694,21.863146,112.765045
2127,2025-09-26 15:00:00+05:30,12.399113,117.68098,20.371832,117.9235
2128,2025-09-26 16:00:00+05:30,12.011544,150.36171,21.054615,149.70839
2129,2025-09-26 17:00:00+05:30,7.1684303,151.50446,17.258425,149.95872
2130,2025-09-26 18:00:00+05:30,7.4520864,127.14677,18.731247,132.27364
2131,2025-09-26 19:00:00+05:30,10.97262,131.00899,22.402588,135.65099
2132,2025-09-26 20:00:00+05:30,6.898956,172.50424,14.857362,160.90642
2133,2025-09-26 21:00:00+05:30,5.6521144,142.76509,14.84318,140.90616
2134,2025-09-26 22:00:00+05:30,8.322932,111.57137,18.252037,126.982994
2135,2025-09-26 23:00:00+05:30,10.534229,123.14701,21.226265,129.49449
2136,2025-09-27 00:00:00+05:30,7.814986,97.94338,17.307167,116.56499
2137,2025-09-27 01:00:00+05:30,8.12197,102.80426,17.515581,112.34815
2138,2025-09-27 02:00:00+05:30,8.242743,121.60746,17.935081,128.48022
2139,2025-09-27 03:00:00+05:30,9.741642,106.09089,19.239801,116.08554
2140,2025-09-27 04:00:00+05:30,10.234705,113.86018,20.00512,120.256355
2141,2025-09-27 05:00:00+05:30,10.436895,122.319595,20.234594,125.952515
2142,2025-09-27 06:00:00+05:30,9.703319,130.48593,17.82091,135.81837
2143,2025-09-27 07:00:00+05:30,10.315115,119.24873,14.233664,122.08216
2144,2025-09-27 08:00:00+05:30,14.31198,129.89778,19.174856,129.6678
2145,2025-09-27 09:00:00+05:30,12.972494,119.05451,17.169018,119.52127
2146,2025-09-27 10:00:00+05:30,13.443481,116.22191,17.388409,117.095474
2147,2025-09-27 11:00:00+05:30,12.739371,113.30492,16.521803,113.77236
2148,2025-09-27 12:00:00+05:30,12.43434,112.109505,15.978484,112.52061
2149,2025-09-27 13:00:00+05:30,11.276968,98.25935,15.215058,100.91109
2150,2025-09-27 14:00:00+05:30,8.536252,137.56381,11.5887,136.88817
2151,2025-09-27 15:00:00+05:30,13.943901,129.23735,19.62743,132.02618
2152,2025-09-27 16:00:00+05:30,7.689603,159.44388,10.597094,159.10216
2153,2025-09-27 17:00:00+05:30,7.2,90.0,12.810386,109.70808
2154,2025-09-27 18:00:00+05:30,7.1208143,73.85559,14.787414,86.51074
2155,2025-09-27 19:00:00+05:30,7.0591216,70.640915,16.068466,80.32671
2156,2025-09-27 20:00:00+05:30,8.707238,82.875084,18.183563,88.8656
2157,2025-09-27 21:00:00+05:30,7.519175,101.0409,16.986889,105.36168
2158,2025-09-27 22:00:00+05:30,7.823272,113.02553,17.71423,115.26306
2159,2025-09-27 23:00:00+05:30,7.5942082,121.42952,17.273436,123.524506
2160,2025-09-28 00:00:00+05:30,6.59154,124.992096,15.833861,130.38928
2161,2025-09-28 01:00:00+05:30,5.402999,119.98155,13.647988,131.25691
2162,2025-09-28 02:00:00+05:30,4.2175345,129.80553,12.031756,141.07245
2163,2025-09-28 03:00:00+05:30,3.4247334,93.012726,9.587428,129.6678
2164,2025-09-28 04:00:00+05:30,4.060985,77.19574,9.028754,113.49858
2165,2025-09-28 05:00:00+05:30,3.096837,54.46224,6.87779,96.00892
2166,2025-09-28 06:00:00+05:30,5.9617786,61.113514,11.402683,78.15795
2167,2025-09-28 07:00:00+05:30,4.5,73.73973,6.9550843,79.56258
2168,2025-09-28 08:00:00+05:30,6.0908127,71.0295,7.689603,73.68607
2169,2025-09-28 09:00:00+05:30,6.689125,66.19405,8.322932,68.428635
2170,2025-09-28 10:00:00+05:30,6.310277,93.270424,8.131936,95.07952
2171,2025-09-28 11:00:00+05:30,6.130579,86.63361,7.7420926,88.667816
2172,2025-09-28 12:00:00+05:30,5.2478566,95.906044,6.519877,96.340096
2173,2025-09-28 13:00:00+05:30,5.22,133.60289,6.502461,131.63345
2174,2025-09-28 14:00:00+05:30,4.060985,167.19574,4.896529,162.89719
2175,2025-09-28 15:00:00+05:30,3.0758414,200.55612,3.5864744,197.52567
2176,2025-09-28 16:00:00+05:30,2.5772078,77.90526,3.2846913,99.46225
2177,2025-09-28 17:00:00+05:30,5.8104043,16.189287,9.485504,33.388535
2178,2025-09-28 18:00:00+05:30,2.0124612,26.564985,6.59154,34.9921
2179,2025-09-28 19:00:00+05:30,1.781909,44.999897,6.5693827,80.53775
2180,2025-09-28 20:00:00+05:30,4.599695,59.420856,10.3480425,76.93068
2181,2025-09-28 21:00:00+05:30,5.6492476,67.52052,11.656998,76.60749
2182,2025-09-28 22:00:00+05:30,5.297018,80.21766,12.421304,89.1697
2183,2025-09-28 23:00:00+05:30,5.0528407,94.08554,13.055896,105.1859
2184,2025-09-29 00:00:00+05:30,5.0432134,124.82456,13.577776,128.54121
2185,2025-09-29 01:00:00+05:30,4.3498964,155.55606,12.267763,157.5741
2186,2025-09-29 02:00:00+05:30,4.14,180.0,11.767651,186.14653
2187,2025-09-29 03:00:00+05:30,4.327493,196.9276,12.815443,209.44533
2188,2025-09-29 04:00:00+05:30,3.9640884,219.47243,11.45513,224.9999
2189,2025-09-29 05:00:00+05:30,1.9469976,236.3099,8.4963045,233.61555
2190,2025-09-29 06:00:00+05:30,3.6179552,264.2895,9.741642,242.48808
2191,2025-09-29 07:00:00+05:30,3.710795,284.03625,5.426933,275.7105
2192,2025-09-29 08:00:00+05:30,3.745557,305.21768,4.846648,301.32864
2193,2025-09-29 09:00:00+05:30,3.3043609,299.35767,4.186693,295.46332
2194,2025-09-29 10:00:00+05:30,3.0652893,310.2363,3.710795,309.09384
2195,2025-09-29 11:00:00+05:30,3.572898,319.0857,4.3573384,321.70978
2196,2025-09-29 12:00:00+05:30,2.50064,329.74365,2.995797,327.26477
2197,2025-09-29 13:00:00+05:30,1.9386592,338.19852,2.1749482,335.55606
2198,2025-09-29 14:00:00+05:30,2.0124612,333.43503,2.2768397,341.56494
2199,2025-09-29 15:00:00+05:30,3.644722,290.22495,4.0449963,290.85452
2200,2025-09-29 16:00:00+05:30,3.710795,39.09386,4.829907,26.564985
2201,2025-09-29 17:00:00+05:30,6.924738,98.97255,10.813492,87.13766
2202,2025-09-29 18:00:00+05:30,5.6920996,198.43504,10.261579,201.61484
2203,2025-09-29 19:00:00+05:30,4.829907,206.56499,11.734564,212.47118
2204,2025-09-29 20:00:00+05:30,3.0652893,220.23628,8.404285,223.26433
2205,2025-09-29 21:00:00+05:30,1.8,180.0,5.315336,208.30066
2206,2025-09-29 22:00:00+05:30,3.06,208.07239,6.248359,221.49637
2207,2025-09-29 23:00:00+05:30,3.4623692,242.10283,7.6473517,243.43501
2208,2025-09-30 00:00:00+05:30,4.2021422,260.13425,10.182337,261.87
2209,2025-09-30 01:00:00+05:30,4.060985,282.80426,10.742848,278.6731
2210,2025-09-30 02:00:00+05:30,2.657668,298.30066,8.709098,288.06055
2211,2025-09-30 03:00:00+05:30,2.4216523,318.01288,7.995323,301.1849
2212,2025-09-30 04:00:00+05:30,3.4763772,338.74942,9.703319,319.51407
2213,2025-09-30 05:00:00+05:30,1.6299692,6.3401003,6.854195,330.06857
2214,2025-09-30 06:00:00+05:30,6.3639607,261.87,12.979984,273.17978
2215,2025-09-30 07:00:00+05:30,5.5887027,284.93146,11.448055,286.44046
2216,2025-09-30 08:00:00+05:30,6.048107,306.52896,7.9567327,307.64767
2217,2025-09-30 09:00:00+05:30,5.994297,311.3477,7.519175,312.08908
2218,2025-09-30 10:00:00+05:30,3.8141315,289.29013,4.613762,290.55612
2219,2025-09-30 11:00:00+05:30,4.0249224,280.30478,4.8899083,276.3401
2220,2025-09-30 12:00:00+05:30,3.06,298.0724,3.9844694,288.43503
2221,2025-09-30 13:00:00+05:30,2.0124612,349.69522,2.3400002,337.3801
2222,2025-09-30 14:00:00+05:30,8.856658,322.43134,11.161451,322.206
2223,2025-09-30 15:00:00+05:30,5.6835546,349.04596,7.1661706,348.40787
2224,2025-09-30 16:00:00+05:30,2.5264204,355.91446,3.6179552,354.2895
2225,2025-09-30 17:00:00+05:30,1.484318,165.96373,2.5772078,167.90526
2226,2025-09-30 18:00:00+05:30,3.6179552,185.7105,6.9899354,191.88864
2227,2025-09-30 19:00:00+05:30,3.438895,186.00891,7.329338,204.67685
2228,2025-09-30 20:00:00+05:30,3.4763772,201.25058,7.2403865,214.8754
2229,2025-09-30 21:00:00+05:30,3.8268526,221.18582,7.7900705,220.31403
2230,2025-09-30 22:00:00+05:30,4.1556225,252.3498,8.55142,239.65683
2231,2025-09-30 23:00:00+05:30,6.0077944,278.61557,12.061341,269.14493
2232,2025-10-01 00:00:00+05:30,6.792466,302.00534,14.572221,295.61545
2233,2025-10-01 01:00:00+05:30,4.542994,303.6901,13.229693,303.9063
2234,2025-10-01 02:00:00+05:30,2.4216523,318.01288,9.290511,305.53775
2235,2025-10-01 03:00:00+05:30,0.9693296,158.19853,4.143911,272.4895
2236,2025-10-01 04:00:00+05:30,9.659814,153.43501,17.311846,152.10281
2237,2025-10-01 05:00:00+05:30,6.2483597,191.6336,10.44,223.60289
2238,2025-10-01 06:00:00+05:30,7.6642804,189.46225,18.681883,205.08356
2239,2025-10-01 07:00:00+05:30,6.341009,235.40765,9.867218,231.66663
2240,2025-10-01 08:00:00+05:30,1.1525624,128.65984,1.3708391,156.80138
2241,2025-10-01 09:00:00+05:30,3.244996,19.440128,4.1125174,23.198618
2242,2025-10-01 10:00:00+05:30,7.823272,66.97448,10.028439,68.96242
2243,2025-10-01 11:00:00+05:30,12.932471,124.7961,16.427402,124.734924
2244,2025-10-01 12:00:00+05:30,15.095336,120.84652,20.188908,121.13891
2245,2025-10-01 13:00:00+05:30,13.141232,113.40471,17.71423,115.26306
2246,2025-10-01 14:00:00+05:30,12.669238,112.55729,16.947742,112.47948
2247,2025-10-01 15:00:00+05:30,12.688404,121.660706,17.9973,120.66885
2248,2025-10-01 16:00:00+05:30,12.936227,111.209305,19.42833,113.47742
2249,2025-10-01 17:00:00+05:30,6.696387,126.25393,14.77755,124.07724
2250,2025-10-01 18:00:00+05:30,4.2021422,99.865746,11.39842,111.297424
2251,2025-10-01 19:00:00+05:30,7.2805495,81.46932,15.496736,92.66295
2252,2025-10-01 20:00:00+05:30,9.059205,69.04415,18.469963,77.04724
2253,2025-10-01 21:00:00+05:30,9.826088,61.55718,19.639807,70.73465
2254,2025-10-01 22:00:00+05:30,12.421304,89.1697,21.060768,90.489685
2255,2025-10-01 23:00:00+05:30,11.165805,91.84757,20.077868,95.659386
2256,2025-10-02 00:00:00+05:30,9.979859,82.7469,18.806337,84.507774
2257,2025-10-02 01:00:00+05:30,12.144331,78.02389,21.485697,81.32691
2258,2025-10-02 02:00:00+05:30,13.049689,65.55606,23.33136,67.788124
2259,2025-10-02 03:00:00+05:30,14.6254835,76.47682,25.626463,75.76851
2260,2025-10-02 04:00:00+05:30,16.208996,88.09089,27.734606,88.14044
2261,2025-10-02 05:00:00+05:30,12.662843,84.2895,22.930756,85.497894
2262,2025-10-02 06:00:00+05:30,14.154915,82.694336,22.571884,85.42616
2263,2025-10-02 07:00:00+05:30,18.861387,103.24053,26.717722,104.03627
2264,2025-10-02 08:00:00+05:30,16.740967,106.87635,23.17251,107.16827
2265,2025-10-02 09:00:00+05:30,15.8502245,105.14104,21.313093,105.67959
2266,2025-10-02 10:00:00+05:30,15.481046,113.28609,20.397263,113.39778
2267,2025-10-02 11:00:00+05:30,11.384198,124.69522,14.677452,123.49521
2268,2025-10-02 12:00:00+05:30,17.54146,128.75165,25.103384,128.59567
2269,2025-10-02 13:00:00+05:30,8.427383,70.01681,12.074766,79.69521
2270,2025-10-02 14:00:00+05:30,13.945064,113.58704,19.24738,114.88739
2271,2025-10-02 15:00:00+05:30,12.96125,117.27668,18.838184,117.29949
2272,2025-10-02 16:00:00+05:30,14.118243,109.359085,22.199188,108.43504
2273,2025-10-02 17:00:00+05:30,8.885877,96.980965,18.119305,103.20794
2274,2025-10-02 18:00:00+05:30,11.052058,96.546196,20.27059,99.71319
2275,2025-10-02 19:00:00+05:30,11.196231,85.38944,21.060768,90.489685
2276,2025-10-02 20:00:00+05:30,11.749741,84.7262,21.960737,89.53039
2277,2025-10-02 21:00:00+05:30,12.549757,81.75377,22.69785,87.72761
2278,2025-10-02 22:00:00+05:30,12.661564,75.17348,22.786179,80.909805
2279,2025-10-02 23:00:00+05:30,11.712455,92.642494,21.768095,97.12492
2280,2025-10-03 00:00:00+05:30,11.701385,90.881386,21.010712,96.3943
2281,2025-10-03 01:00:00+05:30,11.837651,81.25392,21.246862,91.45633
2282,2025-10-03 02:00:00+05:30,11.334284,79.93938,21.288757,86.12155
2283,2025-10-03 03:00:00+05:30,13.200273,84.52272,23.580687,89.56265
2284,2025-10-03 04:00:00+05:30,12.781267,90.806915,22.90531,93.60435
2285,2025-10-03 05:00:00+05:30,14.766584,99.11778,26.161995,102.315
2286,2025-10-03 06:00:00+05:30,15.198012,108.649635,24.838694,110.79911
2287,2025-10-03 07:00:00+05:30,17.381886,111.25058,25.739998,112.61991
2288,2025-10-03 08:00:00+05:30,18.78393,108.43504,25.900618,109.064644
2289,2025-10-03 09:00:00+05:30,16.956345,99.16227,22.877708,100.42575
2290,2025-10-03 10:00:00+05:30,18.040453,102.09474,23.749088,104.03627
2291,2025-10-03 11:00:00+05:30,15.108211,105.195305,19.60761,105.439705
2292,2025-10-03 12:00:00+05:30,10.404249,120.113655,15.881875,125.311295
2293,2025-10-03 13:00:00+05:30,10.32924,112.5431,15.2947035,116.56499
2294,2025-10-03 14:00:00+05:30,11.074022,82.528534,16.056362,86.14327
2295,2025-10-03 15:00:00+05:30,10.096059,78.6901,14.411245,80.6554
2296,2025-10-03 16:00:00+05:30,8.759178,99.46225,13.026081,101.154625
2297,2025-10-03 17:00:00+05:30,5.1481256,126.46933,13.33094,124.54843
2298,2025-10-03 18:00:00+05:30,8.863972,119.16752,17.169018,119.52127
2299,2025-10-03 19:00:00+05:30,7.0843205,117.216034,15.405519,120.15998
2300,2025-10-03 20:00:00+05:30,7.771331,103.39252,16.685717,110.19443
2301,2025-10-03 21:00:00+05:30,8.101999,91.273,16.720633,104.33547
2302,2025-10-03 22:00:00+05:30,9.12513,104.85866,17.419127,113.12087
2303,2025-10-03 23:00:00+05:30,7.570707,108.00426,16.63905,121.2826
2304,2025-10-04 00:00:00+05:30,11.792404,121.26367,21.34803,126.77337
2305,2025-10-04 01:00:00+05:30,10.825469,132.97864,21.183481,139.13477
2306,2025-10-04 02:00:00+05:30,10.464797,116.56499,20.634155,128.26956
2307,2025-10-04 03:00:00+05:30,8.836514,86.49654,17.202011,103.30919
2308,2025-10-04 04:00:00+05:30,10.387107,81.02746,19.443333,91.06089
2309,2025-10-04 05:00:00+05:30,14.411245,117.52514,26.109928,123.470985
2310,2025-10-04 06:00:00+05:30,11.038858,114.05735,19.787722,121.23186
2311,2025-10-04 07:00:00+05:30,13.841286,110.55613,18.919704,111.19412
2312,2025-10-04 08:00:00+05:30,15.931779,122.07397,23.220695,122.334915
2313,2025-10-04 09:00:00+05:30,12.257194,119.953514,18.374994,122.60033
2314,2025-10-04 10:00:00+05:30,14.98331,128.65982,22.12536,129.38777
2315,2025-10-04 11:00:00+05:30,11.9466305,120.815636,16.454992,120.21124
2316,2025-10-04 12:00:00+05:30,11.988594,138.65233,16.802786,135.86795
2317,2025-10-04 13:00:00+05:30,14.000713,135.0001,21.03229,138.12221
2318,2025-10-04 14:00:00+05:30,14.84318,129.09386,21.170479,127.74687
2319,2025-10-04 15:00:00+05:30,13.14,90.0,18.930832,93.270424
2320,2025-10-04 16:00:00+05:30,9.67657,99.637474,16.546297,104.48981
2321,2025-10-04 17:00:00+05:30,14.944336,91.380325,26.521152,93.8916
2322,2025-10-04 18:00:00+05:30,14.668619,104.2068,25.436745,112.027336
2323,2025-10-04 19:00:00+05:30,8.766573,109.17911,17.193533,109.57322
2324,2025-10-04 20:00:00+05:30,13.581354,124.74325,24.728226,121.60746
2325,2025-10-04 21:00:00+05:30,16.848999,139.3324,28.622265,142.40936
2326,2025-10-04 22:00:00+05:30,11.038858,114.05735,19.941854,120.963684
2327,2025-10-04 23:00:00+05:30,12.431733,124.3804,22.724243,125.32673
2328,2025-10-05 00:00:00+05:30,8.909545,135.0001,16.80857,136.73567
2329,2025-10-05 01:00:00+05:30,13.229693,146.09369,23.584808,148.73633
2330,2025-10-05 02:00:00+05:30,14.584443,167.1644,25.674461,167.03549
2331,2025-10-05 03:00:00+05:30,13.701299,170.1665,22.065973,174.3825
2332,2025-10-05 04:00:00+05:30,13.605189,162.28412,23.19487,167.90526
2333,2025-10-05 05:00:00+05:30,15.865546,183.25188,27.734606,181.85956
2334,2025-10-05 06:00:00+05:30,11.968308,192.15492,20.499462,196.84389
2335,2025-10-05 07:00:00+05:30,13.443481,206.22191,21.238474,211.13025
2336,2025-10-05 08:00:00+05:30,11.183201,236.82147,15.1884165,238.57048
2337,2025-10-05 09:00:00+05:30,9.340941,244.91644,11.833546,243.82477
2338,2025-10-05 10:00:00+05:30,10.055864,225.72514,12.98248,224.9999
2339,2025-10-05 11:00:00+05:30,7.327127,207.824,9.179999,208.07239
2340,2025-10-05 12:00:00+05:30,11.844492,216.34755,15.444377,216.46933
2341,2025-10-05 13:00:00+05:30,7.256032,223.99501,9.432412,221.90585
2342,2025-10-05 14:00:00+05:30,5.9427266,234.86572,7.596341,233.67308
2343,2025-10-05 15:00:00+05:30,4.0249224,206.56499,5.154415,204.77512
2344,2025-10-05 16:00:00+05:30,2.8174455,206.56499,5.1826253,200.32323
2345,2025-10-05 17:00:00+05:30,1.7076298,108.43504,4.7521367,155.37645
2346,2025-10-05 18:00:00+05:30,2.16,90.0,4.293669,146.97614
2347,2025-10-05 19:00:00+05:30,3.244996,86.82024,4.39436,124.992096
2348,2025-10-05 20:00:00+05:30,7.7588143,86.00917,14.535487,97.82899
2349,2025-10-05 21:00:00+05:30,9.919618,101.5138,19.45416,112.29368
2350,2025-10-05 22:00:00+05:30,7.8087645,115.97434,16.276815,122.81136
2351,2025-10-05 23:00:00+05:30,7.458606,109.74693,15.299999,115.05759
2352,2025-10-06 00:00:00+05:30,8.61371,116.02953,17.194475,120.860825
2353,2025-10-06 01:00:00+05:30,8.244708,143.88057,16.199999,143.13002
2354,2025-10-06 02:00:00+05:30,7.5170207,163.30067,15.7754345,163.42592
2355,2025-10-06 03:00:00+05:30,6.4799995,180.0,15.659999,180.0
2356,2025-10-06 04:00:00+05:30,5.950899,176.53185,15.481048,180.66618
2357,2025-10-06 05:00:00+05:30,0.25455844,135.0001,3.096837,234.46223
2358,2025-10-06 06:00:00+05:30,3.5864744,252.47433,5.2478566,247.8336
2359,2025-10-06 07:00:00+05:30,1.9386592,291.80148,2.1749482,294.44394
2360,2025-10-06 08:00:00+05:30,0.9,216.86998,1.2074767,206.56499
2361,2025-10-06 09:00:00+05:30,2.9522195,217.56866,3.745557,215.21768
2362,2025-10-06 10:00:00+05:30,4.3573384,218.2902,5.257109,218.04709
2363,2025-10-06 11:00:00+05:30,5.692099,235.30478,6.989936,235.49141
2364,2025-10-06 12:00:00+05:30,4.599695,239.42085,5.896202,238.73633
2365,2025-10-06 13:00:00+05:30,5.5829024,249.22766,7.0911775,246.0375
2366,2025-10-06 14:00:00+05:30,5.896202,257.66092,7.6409945,254.98158
2367,2025-10-06 15:00:00+05:30,3.964089,272.6025,5.3999996,270.0
2368,2025-10-06 16:00:00+05:30,1.2727921,44.999897,1.8792552,16.699326
2369,2025-10-06 17:00:00+05:30,4.1556225,85.03035,7.040739,94.39862
2370,2025-10-06 18:00:00+05:30,4.6938252,85.60138,9.187056,92.2457
2371,2025-10-06 19:00:00+05:30,3.7971041,121.42952,8.513448,103.44863
2372,2025-10-06 20:00:00+05:30,3.8647635,152.24155,8.738811,122.38066
2373,2025-10-06 21:00:00+05:30,2.9301877,137.4896,8.435069,129.80553
2374,2025-10-06 22:00:00+05:30,4.0249224,100.30479,9.835975,124.56259
2375,2025-10-06 23:00:00+05:30,5.441838,145.78424,11.334285,159.55037
2376,2025-10-07 00:00:00+05:30,4.755544,150.5242,12.904882,149.8587
2377,2025-10-07 01:00:00+05:30,5.293959,144.6887,13.672893,159.17903
2378,2025-10-07 02:00:00+05:30,5.796447,143.84172,13.8037815,167.95744
2379,2025-10-07 03:00:00+05:30,6.696387,143.74608,14.935662,167.4712
2380,2025-10-07 04:00:00+05:30,5.3517847,137.72638,12.241323,160.23274
2381,2025-10-07 05:00:00+05:30,5.6002855,135.0001,13.210087,160.08351
2382,2025-10-07 06:00:00+05:30,6.048107,126.528946,11.334285,147.31946
2383,2025-10-07 07:00:00+05:30,3.219938,153.43501,6.489992,160.55988
2384,2025-10-07 08:00:00+05:30,2.907989,158.19853,3.8141315,160.70985
2385,2025-10-07 09:00:00+05:30,6.193674,125.537766,7.8149853,128.45374
2386,2025-10-07 10:00:00+05:30,4.724786,130.36446,5.854844,135.0001
2387,2025-10-07 11:00:00+05:30,6.1120534,193.62701,7.293888,195.75124
2388,2025-10-07 12:00:00+05:30,5.8631387,197.87878,7.3997297,198.43504
2389,2025-10-07 13:00:00+05:30,3.9640884,230.52757,5.0975285,227.86247
2390,2025-10-07 14:00:00+05:30,2.3400002,202.6199,3.572898,220.91429
2391,2025-10-07 15:00:00+05:30,2.0523157,127.875046,2.5582807,140.71062
2392,2025-10-07 16:00:00+05:30,2.2553935,151.38963,3.01735,162.64589
2393,2025-10-07 17:00:00+05:30,0.9,90.0,1.8792552,163.30067
2394,2025-10-07 18:00:00+05:30,2.1674871,94.76356,2.50064,149.74365
2395,2025-10-07 19:00:00+05:30,3.536439,104.743614,5.2323985,130.81499
2396,2025-10-07 20:00:00+05:30,3.6179552,95.7105,6.015878,128.92755
2397,2025-10-07 21:00:00+05:30,3.9312592,105.945465,7.519175,137.91092
2398,2025-10-07 22:00:00+05:30,4.5891175,115.55992,10.825469,137.02136
2399,2025-10-07 23:00:00+05:30,0.40249225,26.564985,3.8856654,256.60748
2400,2025-10-08 00:00:00+05:30,12.522619,161.56496,21.881662,164.24876
2401,2025-10-08 01:00:00+05:30,4.4274144,116.56499,9.659814,153.43501
2402,2025-10-08 02:00:00+05:30,3.96,90.0,8.187527,123.34073
2403,2025-10-08 03:00:00+05:30,4.514377,175.42616,11.212135,174.47255
2404,2025-10-08 04:00:00+05:30,4.913044,171.57312,12.193588,188.48886
2405,2025-10-08 05:00:00+05:30,2.4014995,192.99461,10.304114,207.01259
2406,2025-10-08 06:00:00+05:30,1.6199999,90.0,5.5450516,193.13403
2407,2025-10-08 07:00:00+05:30,2.1674871,175.23645,3.0652895,183.3664
2408,2025-10-08 08:00:00+05:30,2.9024127,187.12492,3.6402748,188.53069
2409,2025-10-08 09:00:00+05:30,1.2727921,171.86998,1.6199999,180.0
2410,2025-10-08 10:00:00+05:30,3.319036,130.60121,3.9477081,133.1524
2411,2025-10-08 11:00:00+05:30,4.7110505,133.45189,5.728979,136.27295
2412,2025-10-08 12:00:00+05:30,3.2599385,173.6599,3.9763298,174.80566
2413,2025-10-08 13:00:00+05:30,4.6800003,157.3801,5.5829024,159.22766
2414,2025-10-08 14:00:00+05:30,1.0948973,350.53775,0.54,360.0
2415,2025-10-08 15:00:00+05:30,2.657668,61.69934,3.189608,73.61038
2416,2025-10-08 16:00:00+05:30,5.4744864,152.59251,7.1684303,151.50446
2417,2025-10-08 17:00:00+05:30,2.8460498,108.43504,5.6233797,129.80553
2418,2025-10-08 18:00:00+05:30,5.257109,141.95291,11.833546,153.82477
2419,2025-10-08 19:00:00+05:30,7.823272,66.97448,12.287555,95.04236
2420,2025-10-08 20:00:00+05:30,3.4152596,108.43504,9.292254,134.21527
2421,2025-10-08 21:00:00+05:30,5.876938,139.9698,13.217443,150.64235
2422,2025-10-08 22:00:00+05:30,5.95906,154.98314,14.2336645,166.84245
2423,2025-10-08 23:00:00+05:30,8.461914,209.29126,18.057508,203.49858
2424,2025-10-09 00:00:00+05:30,7.922045,88.69808,9.82114,116.09537
2425,2025-10-09 01:00:00+05:30,6.5520988,74.054535,11.177405,104.93147
2426,2025-10-09 02:00:00+05:30,2.907989,68.19853,6.28713,103.24053
2427,2025-10-09 03:00:00+05:30,4.3274937,135.0001,11.599879,138.14505
2428,2025-10-09 04:00:00+05:30,3.62243,116.56499,10.373061,141.34018
2429,2025-10-09 05:00:00+05:30,2.16,90.0,4.503598,177.70944
2430,2025-10-09 06:00:00+05:30,4.863332,51.009003,5.9617786,61.113514
2431,2025-10-09 07:00:00+05:30,3.9966483,35.837746,5.257109,38.047092
2432,2025-10-09 08:00:00+05:30,1.8,360.0,2.5264204,4.085537
2433,2025-10-09 09:00:00+05:30,2.8001428,315.0001,3.4388947,317.1211
2434,2025-10-09 10:00:00+05:30,1.5484185,324.46225,1.8532133,330.9455
2435,2025-10-09 11:00:00+05:30,3.8521678,307.40543,4.6102495,308.65982
2436,2025-10-09 12:00:00+05:30,3.381893,295.20108,3.8647635,297.75842
2437,2025-10-09 13:00:00+05:30,4.452954,284.03625,5.3699164,283.57043
2438,2025-10-09 14:00:00+05:30,7.0911775,293.9625,9.102021,294.53772
2439,2025-10-09 15:00:00+05:30,5.8852015,293.4287,7.8954163,294.22772
2440,2025-10-09 16:00:00+05:30,4.175069,352.5687,7.570707,331.6071
2441,2025-10-09 17:00:00+05:30,1.8792552,73.300674,3.2048087,51.842735
2442,2025-10-09 18:00:00+05:30,0.56920993,161.56496,1.609969,243.43501
2443,2025-10-09 19:00:00+05:30,1.781909,135.0001,3.0652895,183.3664
2444,2025-10-09 20:00:00+05:30,2.0523157,142.12495,3.7842832,182.72626
2445,2025-10-09 21:00:00+05:30,2.7475805,148.39255,4.8733153,175.76369
2446,2025-10-09 22:00:00+05:30,0.742159,165.96373,1.6199999,180.0
2447,2025-10-09 23:00:00+05:30,3.2048087,128.15727,5.6492476,112.47948
2448,2025-10-10 00:00:00+05:30,3.143565,66.37061,8.885877,83.019035
2449,2025-10-10 01:00:00+05:30,1.8089776,95.7105,5.5450516,103.13403
2450,2025-10-10 02:00:00+05:30,2.4216523,131.98714,5.994297,138.65233
2451,2025-10-10 03:00:00+05:30,1.8792552,163.30067,5.426933,174.2895
2452,2025-10-10 04:00:00+05:30,1.3708391,203.19862,5.1575575,209.24873
2453,2025-10-10 05:00:00+05:30,3.3481934,216.25392,8.827344,230.7928
2454,2025-10-10 06:00:00+05:30,3.4388947,222.87889,9.178235,244.44008
2455,2025-10-10 07:00:00+05:30,3.9312592,254.05453,6.391901,260.2725
2456,2025-10-10 08:00:00+05:30,4.7827187,289.79895,6.151683,290.55612
2457,2025-10-10 09:00:00+05:30,4.5820518,315.0001,5.728979,316.27295
2458,2025-10-10 10:00:00+05:30,5.22,316.3971,6.623413,317.2026
2459,2025-10-10 11:00:00+05:30,6.198903,295.82092,7.6473517,296.56497
2460,2025-10-10 12:00:00+05:30,7.353611,291.54105,9.459852,291.19412
2461,2025-10-10 13:00:00+05:30,9.299225,284.57425,12.093535,284.6568
2462,2025-10-10 14:00:00+05:30,11.631956,291.80148,15.91041,291.92184
2463,2025-10-10 15:00:00+05:30,9.339208,297.55273,14.411245,297.52515
2464,2025-10-10 16:00:00+05:30,4.896529,287.1028,12.367716,291.3369
2465,2025-10-10 17:00:00+05:30,7.072878,284.74362,18.673208,287.38705
2466,2025-10-10 18:00:00+05:30,7.689603,290.55612,20.122196,291.51596
2467,2025-10-10 19:00:00+05:30,5.9644947,275.19434,16.6896,286.285
2468,2025-10-10 20:00:00+05:30,3.494968,235.49141,10.674773,275.80664
2469,2025-10-10 21:00:00+05:30,3.0652893,229.76372,9.0645685,276.84268
2470,2025-10-10 22:00:00+05:30,4.8733153,274.23633,12.638512,287.4028
2471,2025-10-10 23:00:00+05:30,6.8399997,270.0,17.968472,280.9722
2472,2025-10-11 00:00:00+05:30,7.9077177,281.82147,19.18246,288.60504
2473,2025-10-11 01:00:00+05:30,8.604301,285.78082,20.160805,293.13144
2474,2025-10-11 02:00:00+05:30,5.8852015,293.4287,16.75064,298.21725
2475,2025-10-11 03:00:00+05:30,5.8852015,293.4287,15.743569,300.96368
2476,2025-10-11 04:00:00+05:30,5.9834766,291.16132,15.743569,300.96368
2477,2025-10-11 05:00:00+05:30,5.983477,285.7087,16.666288,297.672
2478,2025-10-11 06:00:00+05:30,7.579261,274.08554,15.175612,292.30624
2479,2025-10-11 07:00:00+05:30,7.388775,272.79263,12.74954,283.05524
2480,2025-10-11 08:00:00+05:30,7.458606,278.32556,9.919618,281.5138
2481,2025-10-11 09:00:00+05:30,6.6697226,273.094,8.311245,274.96964
2482,2025-10-11 10:00:00+05:30,6.2483597,258.3664,7.8728137,259.46088
2483,2025-10-11 11:00:00+05:30,6.489992,236.3099,7.9383874,237.0306
2484,2025-10-11 12:00:00+05:30,8.775807,244.48618,11.35285,244.65387
2485,2025-10-11 13:00:00+05:30,9.82279,256.21838,12.966248,256.34955
2486,2025-10-11 14:00:00+05:30,11.788281,277.01642,16.1017,275.77423
2487,2025-10-11 15:00:00+05:30,10.587917,287.81897,16.740967,286.87634
2488,2025-10-11 16:00:00+05:30,7.579261,274.08554,16.546299,278.13
2489,2025-10-11 17:00:00+05:30,9.178235,281.3099,21.697279,283.921
2490,2025-10-11 18:00:00+05:30,7.555712,282.38074,19.706507,286.44867
2491,2025-10-11 19:00:00+05:30,6.9480934,286.55716,19.3104,286.23892
2492,2025-10-11 20:00:00+05:30,8.507737,276.07236,21.741287,284.38144
2493,2025-10-11 21:00:00+05:30,10.564941,283.7995,24.280659,285.4787
2494,2025-10-11 22:00:00+05:30,10.041354,284.5345,23.516708,286.90936
2495,2025-10-11 23:00:00+05:30,9.266067,277.81522,22.14,282.6804
2496,2025-10-12 00:00:00+05:30,8.82,270.0,20.542881,278.05902
2497,2025-10-12 01:00:00+05:30,8.641874,268.80655,20.161608,277.69595
2498,2025-10-12 02:00:00+05:30,8.461914,268.78116,20.161608,277.69595
2499,2025-10-12 03:00:00+05:30,8.287822,267.5105,20.256998,275.6092
2500,2025-10-12 04:00:00+05:30,7.562142,271.3639,19.270092,278.05432
2501,2025-10-12 05:00:00+05:30,6.482499,271.5911,18.051228,279.18045
2502,2025-10-12 06:00:00+05:30,8.553314,278.47107,17.244337,283.8912
2503,2025-10-12 07:00:00+05:30,8.723967,291.80145,13.638489,292.50357
2504,2025-10-12 08:00:00+05:30,10.304114,297.01257,14.251863,297.85956
2505,2025-10-12 09:00:00+05:30,11.440979,294.14554,15.137133,295.34613
2506,2025-10-12 10:00:00+05:30,11.298495,292.47946,14.913952,293.471
2507,2025-10-12 11:00:00+05:30,12.072083,290.05618,15.611304,290.94272
2508,2025-10-12 12:00:00+05:30,11.903159,290.3533,15.779543,290.7091
2509,2025-10-12 13:00:00+05:30,11.841756,289.53674,15.825675,289.25937
2510,2025-10-12 14:00:00+05:30,11.27553,286.6993,15.25865,287.1525
2511,2025-10-12 15:00:00+05:30,10.261579,285.25516,15.676542,285.31287
2512,2025-10-12 16:00:00+05:30,7.7420926,287.5925,16.394829,289.23077
2513,2025-10-12 17:00:00+05:30,7.0015144,287.96924,17.363237,287.49585
2514,2025-10-12 18:00:00+05:30,7.731623,294.77512,19.689238,292.57962
2515,2025-10-12 19:00:00+05:30,6.299999,306.86996,16.886454,305.89276
2516,2025-10-12 20:00:00+05:30,6.59154,304.9921,17.623463,304.17703
2517,2025-10-12 21:00:00+05:30,7.127636,315.0001,18.626305,311.08167
2518,2025-10-12 22:00:00+05:30,6.618519,315.0001,18.204933,313.79825
2519,2025-10-12 23:00:00+05:30,5.3939967,295.7099,15.12964,304.82455
2520,2025-10-13 00:00:00+05:30,6.1226463,294.30453,16.62444,303.51804
2521,2025-10-13 01:00:00+05:30,6.279395,297.2995,17.032604,305.53775
2522,2025-10-13 02:00:00+05:30,5.402999,299.98157,15.552041,307.0026
2523,2025-10-13 03:00:00+05:30,5.2478566,300.96368,14.589996,308.991
2524,2025-10-13 04:00:00+05:30,5.6233797,309.8055,15.292585,312.1375
2525,2025-10-13 05:00:00+05:30,5.257109,308.0471,14.450535,309.44003
2526,2025-10-13 06:00:00+05:30,7.538541,303.31064,14.81915,310.07285
2527,2025-10-13 07:00:00+05:30,6.2405767,303.23172,12.37819,310.8723
2528,2025-10-13 08:00:00+05:30,7.256032,316.00497,9.9408245,317.93573
2529,2025-10-13 09:00:00+05:30,7.8480825,323.39282,10.152064,322.92685
2530,2025-10-13 10:00:00+05:30,6.873078,315.0001,8.909545,315.0001
2531,2025-10-13 11:00:00+05:30,8.139901,305.0959,10.441551,305.88223
2532,2025-10-13 12:00:00+05:30,8.452336,296.56497,10.8672905,296.56497
2533,2025-10-13 13:00:00+05:30,10.387107,297.8972,13.776762,298.9091
2534,2025-10-13 14:00:00+05:30,11.032987,303.6901,15.426535,304.06094
2535,2025-10-13 15:00:00+05:30,9.4238205,298.523,15.807239,300.06848
2536,2025-10-13 16:00:00+05:30,7.8625183,285.94547,17.886242,290.6236
2537,2025-10-13 17:00:00+05:30,9.178235,281.3099,21.862406,287.24155
2538,2025-10-13 18:00:00+05:30,9.56713,281.94415,22.485594,287.7098
2539,2025-10-13 19:00:00+05:30,8.490582,274.8644,21.34803,284.15344
2540,2025-10-13 20:00:00+05:30,7.2202215,274.28906,19.25327,283.51657
2541,2025-10-13 21:00:00+05:30,6.9899354,281.88864,19.18246,288.60504
2542,2025-10-13 22:00:00+05:30,7.1661706,281.59213,19.523985,288.268
2543,2025-10-13 23:00:00+05:30,6.3639607,278.13,18.297245,285.40347
2544,2025-10-14 00:00:00+05:30,6.6794305,284.03625,18.442753,288.78873
2545,2025-10-14 01:00:00+05:30,7.0591216,289.35907,19.098671,293.90765
2546,2025-10-14 02:00:00+05:30,6.8541956,293.1986,18.762356,298.04007
2547,2025-10-14 03:00:00+05:30,6.489992,289.44012,18.287502,298.8354
2548,2025-10-14 04:00:00+05:30,7.102591,278.74606,18.65151,292.1095
2549,2025-10-14 05:00:00+05:30,6.2613096,288.43503,17.22742,296.02954
2550,2025-10-14 06:00:00+05:30,8.953078,300.17343,17.47484,304.50858
2551,2025-10-14 07:00:00+05:30,7.2,306.86996,15.15104,313.55594
2552,2025-10-14 08:00:00+05:30,8.149847,316.7899,11.226575,318.9006
2553,2025-10-14 09:00:00+05:30,7.7734165,317.8156,10.348043,319.93927
2554,2025-10-14 10:00:00+05:30,8.55142,319.26797,10.993271,320.31458
2555,2025-10-14 11:00:00+05:30,10.837435,311.63345,14.14232,312.4208
2556,2025-10-14 12:00:00+05:30,10.718693,310.91428,14.021525,311.87778
2557,2025-10-14 13:00:00+05:30,10.373061,308.65982,13.690654,309.1304
2558,2025-10-14 14:00:00+05:30,10.589448,301.79886,14.481893,302.3073
2559,2025-10-14 15:00:00+05:30,9.021574,298.61035,14.913952,299.659
2560,2025-10-14 16:00:00+05:30,7.6473517,296.56497,17.238699,298.70584
2561,2025-10-14 17:00:00+05:30,8.0599,293.70264,19.91503,299.80902
2562,2025-10-14 18:00:00+05:30,9.595874,293.1986,22.350462,300.48886
2563,2025-10-14 19:00:00+05:30,10.163227,292.93213,23.602661,298.71497
2564,2025-10-14 20:00:00+05:30,9.526405,292.20352,22.956175,298.57452
2565,2025-10-14 21:00:00+05:30,9.028754,293.49857,22.415602,299.85892
2566,2025-10-14 22:00:00+05:30,7.8087645,295.97433,20.7219,302.5857
2567,2025-10-14 23:00:00+05:30,6.601363,295.8663,18.738165,301.24686
2568,2025-10-15 00:00:00+05:30,6.76618,298.61035,18.434847,305.86295
2569,2025-10-15 01:00:00+05:30,6.544677,301.5042,18.047638,308.92755
2570,2025-10-15 02:00:00+05:30,6.8541956,293.1986,18.123774,304.47925
2571,2025-10-15 03:00:00+05:30,7.555712,282.38074,18.999168,295.8367
2572,2025-10-15 04:00:00+05:30,7.841888,279.24603,19.320465,291.30585
2573,2025-10-15 05:00:00+05:30,7.519175,281.0409,18.955631,292.91284
2574,2025-10-15 06:00:00+05:30,9.67657,279.63748,19.121557,292.70288
2575,2025-10-15 07:00:00+05:30,8.019601,279.0394,17.214249,291.4677
2576,2025-10-15 08:00:00+05:30,7.7983837,288.85324,10.99769,291.10492
2577,2025-10-15 09:00:00+05:30,9.178235,295.5599,12.399113,297.68097
2578,2025-10-15 10:00:00+05:30,9.743304,295.14474,12.55879,297.2995
2579,2025-10-15 11:00:00+05:30,8.891344,291.3707,11.298495,292.47946
2580,2025-10-15 12:00:00+05:30,7.4672885,285.3763,9.3962755,286.6993
2581,2025-10-15 13:00:00+05:30,7.029225,272.9356,8.6867485,275.94678
2582,2025-10-15 14:00:00+05:30,6.0721655,258.0239,7.6367526,261.87
2583,2025-10-15 15:00:00+05:30,6.1569467,254.74483,8.528657,262.7251
2584,2025-10-15 16:00:00+05:30,4.1556225,252.3498,10.316686,263.9911
2585,2025-10-15 17:00:00+05:30,5.8603754,280.6196,14.068816,286.34824
2586,2025-10-15 18:00:00+05:30,6.8541956,283.67133,16.917128,290.55612
2587,2025-10-15 19:00:00+05:30,7.519175,281.0409,19.470808,283.9078
2588,2025-10-15 20:00:00+05:30,6.6185193,292.3802,18.214718,288.43503
2589,2025-10-15 21:00:00+05:30,5.9427266,305.13428,16.10472,297.99707
2590,2025-10-15 22:00:00+05:30,4.942631,303.11136,13.584932,302.00534
2591,2025-10-15 23:00:00+05:30,2.7238941,277.59454,9.648067,306.6562
2592,2025-10-16 00:00:00+05:30,1.484318,255.96373,7.256032,313.995
2593,2025-10-16 01:00:00+05:30,1.8792552,253.30067,6.7757506,309.61066
2594,2025-10-16 02:00:00+05:30,3.2846913,260.53775,6.9247384,297.8972
2595,2025-10-16 03:00:00+05:30,4.7110505,263.41815,9.6228485,277.5237
2596,2025-10-16 04:00:00+05:30,6.037383,280.30478,14.892213,277.64032
2597,2025-10-16 05:00:00+05:30,6.638072,282.5288,17.137852,287.1028
2598,2025-10-16 06:00:00+05:30,7.8625183,285.94547,15.955151,293.9625
2599,2025-10-16 07:00:00+05:30,5.2478566,292.16638,12.383424,302.53503
2600,2025-10-16 08:00:00+05:30,4.669604,297.55273,6.7397914,304.1145
2601,2025-10-16 09:00:00+05:30,3.4388947,317.1211,4.5,323.13
2602,2025-10-16 10:00:00+05:30,1.0495713,59.03632,1.4512063,60.255207
2603,2025-10-16 11:00:00+05:30,2.1674871,131.63345,2.5959969,123.690094
2604,2025-10-16 12:00:00+05:30,4.175069,172.56868,5.020677,165.4655
2605,2025-10-16 13:00:00+05:30,6.379216,196.38962,7.596341,193.70699
2606,2025-10-16 14:00:00+05:30,6.12,208.07239,7.6473517,206.56499
2607,2025-10-16 15:00:00+05:30,3.2048087,218.15727,4.863332,218.991
2608,2025-10-16 16:00:00+05:30,0.9693296,68.19853,2.1068459,109.98319
2609,2025-10-16 17:00:00+05:30,1.4058449,309.8055,4.143911,272.4895
2610,2025-10-16 18:00:00+05:30,2.8460498,341.56494,5.09435,302.00534
2611,2025-10-16 19:00:00+05:30,4.5536795,341.56494,8.187527,326.65927
2612,2025-10-16 20:00:00+05:30,2.4482648,306.02747,7.0107627,318.12222
2613,2025-10-16 21:00:00+05:30,4.5322843,276.84268,8.217153,298.8107
2614,2025-10-16 22:00:00+05:30,5.920878,289.53674,12.503199,300.25635
2615,2025-10-16 23:00:00+05:30,3.9477081,316.8476,10.587918,324.6887
2616,2025-10-17 00:00:00+05:30,4.412754,348.23172,11.103243,340.09616
2617,2025-10-17 01:00:00+05:30,4.060985,347.19574,10.783487,345.4998
2618,2025-10-17 02:00:00+05:30,2.3051248,321.34018,8.431228,343.8865
2619,2025-10-17 03:00:00+05:30,2.9301877,280.6196,6.489992,326.3099
2620,2025-10-17 04:00:00+05:30,4.060985,282.80426,7.7650757,314.06088
2621,2025-10-17 05:00:00+05:30,3.9477081,316.8476,10.691453,315.0001
2622,2025-10-17 06:00:00+05:30,5.5916004,303.17853,10.825469,312.97864
2623,2025-10-17 07:00:00+05:30,3.9966483,305.83774,8.669949,318.36655
2624,2025-10-17 08:00:00+05:30,4.198285,329.03632,5.5567255,335.09525
2625,2025-10-17 09:00:00+05:30,3.671294,348.6901,4.73506,351.2539
2626,2025-10-17 10:00:00+05:30,3.2048087,38.157276,3.8521678,37.405437
2627,2025-10-17 11:00:00+05:30,1.835647,11.3098955,2.4014995,12.99463
2628,2025-10-17 12:00:00+05:30,0.8049845,333.43503,0.8049845,333.43503
2629,2025-10-17 13:00:00+05:30,1.609969,243.43501,1.9469976,236.3099
2630,2025-10-17 14:00:00+05:30,2.5071096,248.96242,2.97953,244.98314
2631,2025-10-17 15:00:00+05:30,3.84796,259.21576,4.802999,257.00537
2632,2025-10-17 16:00:00+05:30,2.5264204,265.91446,5.5916004,266.3087
2633,2025-10-17 17:00:00+05:30,2.7943513,284.93146,5.4656014,252.75845
2634,2025-10-17 18:00:00+05:30,4.1556225,274.96964,8.647496,272.3859
2635,2025-10-17 19:00:00+05:30,2.0124612,259.69522,5.8603754,280.6196
2636,2025-10-17 20:00:00+05:30,1.659518,282.5288,5.8769383,297.3498
2637,2025-10-17 21:00:00+05:30,2.3051248,308.65982,6.015878,321.07245
2638,2025-10-17 22:00:00+05:30,3.0652893,319.7637,6.320538,340.0168
2639,2025-10-17 23:00:00+05:30,3.2846913,350.53775,6.924738,351.02744
2640,2025-10-18 00:00:00+05:30,2.2910259,44.999897,5.12289,18.435053
2641,2025-10-18 01:00:00+05:30,0.6489992,56.309914,3.189608,16.389616
2642,2025-10-18 02:00:00+05:30,0.35999998,360.0,2.34,360.0
2643,2025-10-18 03:00:00+05:30,0.71999997,270.0,2.6758924,317.72638
2644,2025-10-18 04:00:00+05:30,2.4149535,296.56497,4.8965297,306.02747
2645,2025-10-18 05:00:00+05:30,3.9763298,354.80566,5.9427266,1.7356651
2646,2025-10-18 06:00:00+05:30,5.6492476,337.5205,8.227004,349.91946
2647,2025-10-18 07:00:00+05:30,3.536439,345.25638,7.92,360.0
2648,2025-10-18 08:00:00+05:30,5.637765,16.699326,7.570707,18.00426
2649,2025-10-18 09:00:00+05:30,6.299999,36.86999,8.067936,38.65983
2650,2025-10-18 10:00:00+05:30,4.7110505,46.54811,5.8603754,47.489597
2651,2025-10-18 11:00:00+05:30,2.50064,30.256361,3.096837,35.537766
2652,2025-10-18 12:00:00+05:30,0.35999998,360.0,0.56920993,18.435053
2653,2025-10-18 13:00:00+05:30,2.3469129,237.52882,2.6999998,233.13002
2654,2025-10-18 14:00:00+05:30,4.542994,236.3099,5.3999996,233.13002
2655,2025-10-18 15:00:00+05:30,3.244996,236.3099,4.143911,235.6196
2656,2025-10-18 16:00:00+05:30,4.0249224,243.43501,7.458606,250.25307
2657,2025-10-18 17:00:00+05:30,1.1525624,231.34016,4.91634,246.25049
2658,2025-10-18 18:00:00+05:30,4.8899083,276.3401,10.9859,271.87784
2659,2025-10-18 19:00:00+05:30,5.3999996,270.0,12.620554,273.27042
2660,2025-10-18 20:00:00+05:30,4.5891175,258.6901,11.34,270.0
2661,2025-10-18 21:00:00+05:30,0.56920993,161.56496,4.143911,267.5105
2662,2025-10-18 22:00:00+05:30,0.56920993,71.564964,2.2910259,135.0001
2663,2025-10-18 23:00:00+05:30,3.6447225,32.905247,8.863972,336.0375
2664,2025-10-19 00:00:00+05:30,3.4623692,62.10283,7.415038,354.4279
2665,2025-10-19 01:00:00+05:30,1.2979984,33.6901,7.3447943,342.8972
2666,2025-10-19 02:00:00+05:30,3.4152596,18.435053,9.0018,1.1457417
2667,2025-10-19 03:00:00+05:30,3.244996,356.82022,9.007196,357.70944
2668,2025-10-19 04:00:00+05:30,4.5322843,353.15732,11.431063,7.236836
2669,2025-10-19 05:00:00+05:30,5.1826253,20.323217,12.710091,12.26477
2670,2025-10-19 06:00:00+05:30,4.503598,2.2905633,9.72,360.0
2671,2025-10-19 07:00:00+05:30,3.62243,63.435013,9.867218,38.33339
2672,2025-10-19 08:00:00+05:30,2.8460495,34.69522,4.143911,34.3804
2673,2025-10-19 09:00:00+05:30,3.9640884,39.47243,5.2323985,40.814987
2674,2025-10-19 10:00:00+05:30,4.7110505,43.451904,5.854844,44.999897
2675,2025-10-19 11:00:00+05:30,3.8856654,13.392516,4.6277857,13.495748
2676,2025-10-19 12:00:00+05:30,3.3092597,337.6198,3.8773184,338.19852
2677,2025-10-19 13:00:00+05:30,3.8647635,297.75842,4.669604,297.55273
2678,2025-10-19 14:00:00+05:30,5.7628117,284.47034,7.2044983,282.99463
2679,2025-10-19 15:00:00+05:30,5.495161,301.60745,7.570707,298.3929
2680,2025-10-19 16:00:00+05:30,2.3469129,302.47116,6.361415,295.1148
2681,2025-10-19 17:00:00+05:30,1.08,360.0,5.896202,301.26367
2682,2025-10-19 18:00:00+05:30,0.6489992,56.309914,4.5820518,315.0001
2683,2025-10-19 19:00:00+05:30,0.76367533,224.9999,5.0432134,304.82455
2684,2025-10-19 20:00:00+05:30,0.9178235,281.3099,6.444905,324.09018
2685,2025-10-19 21:00:00+05:30,2.0124612,333.43503,7.841887,328.13406
2686,2025-10-19 22:00:00+05:30,0.56920993,18.435053,5.3939967,334.2901
2687,2025-10-19 23:00:00+05:30,0.17999999,180.0,3.8141315,340.70987
2688,2025-10-20 00:00:00+05:30,0.5091169,135.0001,3.6402748,8.530692
2689,2025-10-20 01:00:00+05:30,0.5091169,135.0001,3.644722,20.224945
2690,2025-10-20 02:00:00+05:30,2.968636,14.036275,6.8541956,13.671325
2691,2025-10-20 03:00:00+05:30,6.279395,27.29949,13.78029,23.8865
2692,2025-10-20 04:00:00+05:30,5.904439,52.431335,14.4,53.13002
2693,2025-10-20 05:00:00+05:30,5.6521144,9.16228,12.145665,6.808965
2694,2025-10-20 06:00:00+05:30,7.9383874,3.9004252,12.906138,8.017007
2695,2025-10-20 07:00:00+05:30,5.232399,3.9451082,11.792404,12.339083
2696,2025-10-20 08:00:00+05:30,6.28713,13.240531,8.731391,14.322761
2697,2025-10-20 09:00:00+05:30,8.553314,8.471065,10.920824,8.530679
2698,2025-10-20 10:00:00+05:30,8.849339,355.33322,11.362834,356.36713
2699,2025-10-20 11:00:00+05:30,9.499158,332.9495,12.156331,332.6762
2700,2025-10-20 12:00:00+05:30,8.187527,326.65927,10.534229,326.853
2701,2025-10-20 13:00:00+05:30,7.3094187,322.00122,9.473541,321.17017
2702,2025-10-20 14:00:00+05:30,6.444905,324.09018,8.461915,321.91116
2703,2025-10-20 15:00:00+05:30,6.28713,346.75946,9.059205,339.04413
2704,2025-10-20 16:00:00+05:30,5.0688457,6.1154146,11.341428,359.09064
2705,2025-10-20 17:00:00+05:30,6.7205353,339.62347,15.787753,331.38962
2706,2025-10-20 18:00:00+05:30,6.3639607,315.0001,15.784676,315.92395
2707,2025-10-20 19:00:00+05:30,5.4744864,316.33215,13.830749,321.34018
2708,2025-10-20 20:00:00+05:30,3.3481934,323.74606,10.234705,325.75092
2709,2025-10-20 21:00:00+05:30,2.2553935,331.38962,8.856658,322.43134
2710,2025-10-20 22:00:00+05:30,2.6999998,360.0,8.777654,331.8585
2711,2025-10-20 23:00:00+05:30,3.9844694,18.435053,9.847496,329.2159
2712,2025-10-21 00:00:00+05:30,5.2200003,360.0,11.594292,332.24155
2713,2025-10-21 01:00:00+05:30,5.506941,348.6901,12.337553,336.8014
2714,2025-10-21 02:00:00+05:30,5.4477882,352.40543,13.040997,339.81412
2715,2025-10-21 03:00:00+05:30,4.913044,351.57312,12.750811,341.0534
2716,2025-10-21 04:00:00+05:30,5.020677,345.4655,13.154786,343.3007
2717,2025-10-21 05:00:00+05:30,5.4656014,342.75845,15.10821,338.3253
2718,2025-10-21 06:00:00+05:30,7.989243,345.65063,15.443328,338.81857
2719,2025-10-21 07:00:00+05:30,4.8466477,344.93146,14.668619,345.7932
2720,2025-10-21 08:00:00+05:30,4.8466477,344.93146,7.3799996,347.3196
2721,2025-10-21 09:00:00+05:30,5.1197267,349.8754,6.7205353,352.30405
2722,2025-10-21 10:00:00+05:30,4.2021422,350.13425,5.2478566,354.09393
2723,2025-10-21 11:00:00+05:30,4.952453,340.9064,6.0347,342.64587
2724,2025-10-21 12:00:00+05:30,4.91634,336.2505,6.21717,337.8905
2725,2025-10-21 13:00:00+05:30,5.3939967,334.2901,6.763786,334.79892
2726,2025-10-21 14:00:00+05:30,5.4833565,336.8014,6.7853074,338.19852
2727,2025-10-21 15:00:00+05:30,4.846648,338.19852,6.66,341.07526
2728,2025-10-21 16:00:00+05:30,2.8001428,315.0001,6.1437774,328.17258
2729,2025-10-21 17:00:00+05:30,1.9469976,326.3099,5.495161,328.39255
2730,2025-10-21 18:00:00+05:30,1.484318,345.9637,4.913044,331.55716
2731,2025-10-21 19:00:00+05:30,0.35999998,90.0,2.968636,345.9637
2732,2025-10-21 20:00:00+05:30,0.71999997,90.0,0.742159,345.9637
2733,2025-10-21 21:00:00+05:30,0.76367533,44.999897,1.659518,310.60123
2734,2025-10-21 22:00:00+05:30,1.8792552,16.699326,3.572898,310.91428
2735,2025-10-21 23:00:00+05:30,2.3051248,51.34017,2.3469129,32.471172
2736,2025-10-22 00:00:00+05:30,1.1525624,51.34017,3.4949677,11.888645
2737,2025-10-22 01:00:00+05:30,1.3708391,23.198618,4.8733153,355.76367
2738,2025-10-22 02:00:00+05:30,2.5959969,33.6901,5.9427266,1.7356651
2739,2025-10-22 03:00:00+05:30,2.8174455,63.435013,5.634891,26.564985
2740,2025-10-22 04:00:00+05:30,0.56920993,108.43504,4.080882,41.42357
2741,2025-10-22 05:00:00+05:30,2.1897945,279.46225,7.001514,313.95847
2742,2025-10-22 06:00:00+05:30,5.5450516,305.75397,9.167638,313.4089
2743,2025-10-22 07:00:00+05:30,2.4216523,318.01288,7.6388745,325.56094
2744,2025-10-22 08:00:00+05:30,2.7416782,23.198618,3.8773184,21.801476
2745,2025-10-22 09:00:00+05:30,3.244996,56.3099,4.2481523,53.61555
2746,2025-10-22 10:00:00+05:30,2.8460495,55.304783,3.6447225,57.094753
2747,2025-10-22 11:00:00+05:30,2.1674871,85.23644,2.5455842,81.86999
2748,2025-10-22 12:00:00+05:30,1.4399999,90.0,1.98,90.0
2749,2025-10-22 13:00:00+05:30,0.5091169,315.0001,0.5091169,315.0001
2750,2025-10-22 14:00:00+05:30,0.56920993,288.43503,0.6489992,303.6901
2751,2025-10-22 15:00:00+05:30,1.659518,220.60121,1.9469976,236.3099
2752,2025-10-22 16:00:00+05:30,0.6489992,236.3099,1.7076298,251.56496
2753,2025-10-22 17:00:00+05:30,1.0948973,260.53775,3.9844694,288.43503
2754,2025-10-22 18:00:00+05:30,1.9469976,326.3099,5.728979,316.27295
2755,2025-10-22 19:00:00+05:30,2.226477,345.9637,5.876938,319.9698
2756,2025-10-22 20:00:00+05:30,2.657668,28.30066,6.0721655,348.0239
2757,2025-10-22 21:00:00+05:30,3.219938,26.564985,6.3639607,8.130019
2758,2025-10-22 22:00:00+05:30,2.7059932,3.8140097,5.896202,12.339083
2759,2025-10-22 23:00:00+05:30,0.8049845,63.435013,4.8366103,44.999897
2760,2025-10-23 00:00:00+05:30,2.4482648,126.027466,3.4152596,71.564964
2761,2025-10-23 01:00:00+05:30,2.6758924,109.653915,5.2939587,72.18102
2762,2025-10-23 02:00:00+05:30,1.2074767,333.43503,5.068846,16.504446
2763,2025-10-23 03:00:00+05:30,2.9301877,317.4896,5.7599998,360.0
2764,2025-10-23 04:00:00+05:30,4.2671766,332.3541,8.171683,352.40543
2765,2025-10-23 05:00:00+05:30,2.1068459,340.0168,7.0774574,352.69434
2766,2025-10-23 06:00:00+05:30,4.6730714,344.3577,6.778141,349.28693
2767,2025-10-23 07:00:00+05:30,2.657668,331.69934,6.924738,351.02744
2768,2025-10-23 08:00:00+05:30,1.26,360.0,2.36753,8.746089
2769,2025-10-23 09:00:00+05:30,2.5264204,355.91446,3.244996,356.82022
2770,2025-10-23 10:00:00+05:30,3.0758414,20.556128,3.8773184,21.801476
2771,2025-10-23 11:00:00+05:30,1.8,36.86999,2.4216523,41.98713
2772,2025-10-23 12:00:00+05:30,0.9178235,258.6901,0.742159,284.03625
2773,2025-10-23 13:00:00+05:30,4.6834598,267.79745,5.3999996,270.0
2774,2025-10-23 14:00:00+05:30,5.1197267,280.1246,6.28713,283.24054
2775,2025-10-23 15:00:00+05:30,4.327493,286.92758,5.7204895,294.14554
2776,2025-10-23 16:00:00+05:30,3.143565,293.6294,6.6624317,308.4181
2777,2025-10-23 17:00:00+05:30,3.4152596,251.56496,6.489992,273.17978
2778,2025-10-23 18:00:00+05:30,2.1897945,260.53775,4.445672,291.3707
2779,2025-10-23 19:00:00+05:30,4.3832865,289.1791,8.694204,297.09546
2780,2025-10-23 20:00:00+05:30,2.5071096,338.9624,6.8423676,324.63745
2781,2025-10-23 21:00:00+05:30,1.9469976,33.6901,5.4029994,1.9091109
2782,2025-10-23 22:00:00+05:30,2.6999998,53.13002,6.391901,32.347424
2783,2025-10-23 23:00:00+05:30,1.3708391,66.801384,5.2323985,49.185013
2784,2025-10-24 00:00:00+05:30,1.609969,26.564985,4.5322843,6.842679
2785,2025-10-24 01:00:00+05:30,0.8049845,26.564985,4.0449963,339.14545
2786,2025-10-24 02:00:00+05:30,0.54,270.0,4.2021427,313.26434
2787,2025-10-24 03:00:00+05:30,2.1674871,265.23645,5.3426957,302.61923
2788,2025-10-24 04:00:00+05:30,3.143565,283.24054,6.804381,307.47626
2789,2025-10-24 05:00:00+05:30,1.9469976,326.3099,4.991553,334.35904
2790,2025-10-24 06:00:00+05:30,4.1556225,17.650223,5.232399,356.0549
2791,2025-10-24 07:00:00+05:30,2.19718,325.0079,4.452954,345.9637
2792,2025-10-24 08:00:00+05:30,3.1845248,312.70938,4.3349743,318.36655
2793,2025-10-24 09:00:00+05:30,2.1674871,318.36655,2.6999998,323.13004
2794,2025-10-24 10:00:00+05:30,0.6489992,236.3099,0.5091169,224.9999
2795,2025-10-24 11:00:00+05:30,1.9386592,248.19853,2.1068459,250.0168
2796,2025-10-24 12:00:00+05:30,2.995797,237.26477,3.550155,239.53453
2797,2025-10-24 13:00:00+05:30,4.5891175,244.44008,5.4833565,246.80138
2798,2025-10-24 14:00:00+05:30,5.5829024,249.22766,7.0015144,252.03076
2799,2025-10-24 15:00:00+05:30,6.452441,239.85869,8.863972,246.0375
2800,2025-10-24 16:00:00+05:30,4.143911,235.6196,9.668195,245.82089
2801,2025-10-24 17:00:00+05:30,4.1046314,254.74483,8.967541,259.59235
2802,2025-10-24 18:00:00+05:30,3.4152596,288.43503,8.790563,280.6196
2803,2025-10-24 19:00:00+05:30,2.7943513,345.06854,7.7734165,312.18436
2804,2025-10-24 20:00:00+05:30,1.659518,40.601215,5.12289,341.56494
2805,2025-10-24 21:00:00+05:30,1.659518,40.601215,5.9399996,360.0
2806,2025-10-24 22:00:00+05:30,0.56920993,251.56496,4.412754,348.23172
2807,2025-10-24 23:00:00+05:30,2.4482646,197.10281,1.2074767,206.56499
2808,2025-10-25 00:00:00+05:30,3.244996,199.44012,3.4763772,201.25058
2809,2025-10-25 01:00:00+05:30,3.4152596,198.43504,6.279395,207.29948
2810,2025-10-25 02:00:00+05:30,3.8856654,193.39252,9.339208,207.55272
2811,2025-10-25 03:00:00+05:30,0.56920993,18.435053,4.4565907,226.63654
2812,2025-10-25 04:00:00+05:30,3.5455887,23.962492,3.536439,345.25638
2813,2025-10-25 05:00:00+05:30,1.4058449,320.1945,7.3997297,311.05472
2814,2025-10-25 06:00:00+05:30,4.5322843,353.15732,7.4128532,330.9455
2815,2025-10-25 07:00:00+05:30,1.5484185,234.46223,4.5891175,311.82007
2816,2025-10-25 08:00:00+05:30,1.2074767,296.56497,2.3051248,308.65982
2817,2025-10-25 09:00:00+05:30,2.1897945,279.46225,2.5772078,282.09473
2818,2025-10-25 10:00:00+05:30,1.9469976,326.3099,2.4149535,333.43503
2819,2025-10-25 11:00:00+05:30,3.5455887,336.0375,4.2136917,340.0168
2820,2025-10-25 12:00:00+05:30,2.4216523,311.98712,2.9301877,312.5104
2821,2025-10-25 13:00:00+05:30,2.968636,255.96373,3.710795,255.96373
2822,2025-10-25 14:00:00+05:30,5.3426957,237.38077,6.452441,239.85869
2823,2025-10-25 15:00:00+05:30,6.8777895,222.87889,9.432412,228.09415
2824,2025-10-25 16:00:00+05:30,4.198285,210.96368,9.5535755,222.70937
2825,2025-10-25 17:00:00+05:30,1.1525624,218.65984,5.2478566,239.0363
2826,2025-10-25 18:00:00+05:30,0.40249225,63.435013,0.9178235,281.3099
2827,2025-10-25 19:00:00+05:30,1.0182338,44.999897,0.9178235,348.6901
2828,2025-10-25 20:00:00+05:30,0.56920993,71.564964,0.56920993,108.43504
2829,2025-10-25 21:00:00+05:30,2.7059932,183.814,3.9763298,185.19434
2830,2025-10-25 22:00:00+05:30,4.503598,182.29056,7.9526596,174.80566
2831,2025-10-25 23:00:00+05:30,5.6920996,198.43504,12.57426,203.6294
2832,2025-10-26 00:00:00+05:30,2.1674871,228.36655,10.514218,218.04709
2833,2025-10-26 01:00:00+05:30,2.7416782,23.198618,1.6981165,327.99466
2834,2025-10-26 02:00:00+05:30,6.439876,26.564985,9.693296,21.801476
2835,2025-10-26 03:00:00+05:30,6.5248446,24.443953,11.7662735,29.309916
2836,2025-10-26 04:00:00+05:30,7.6367526,44.999897,15.236338,51.234467
2837,2025-10-26 05:00:00+05:30,9.7565975,37.504215,18.34411,42.614033
2838,2025-10-26 06:00:00+05:30,9.335737,56.003494,16.774803,56.82148
2839,2025-10-26 07:00:00+05:30,5.4744864,80.53775,8.12197,77.19574
2840,2025-10-26 08:00:00+05:30,4.452954,104.03627,5.896202,102.33907
2841,2025-10-26 09:00:00+05:30,4.991553,115.64096,6.439876,116.56499
2842,2025-10-26 10:00:00+05:30,4.2175345,140.19447,5.2323985,139.18501
2843,2025-10-26 11:00:00+05:30,2.5264204,184.08554,3.0811036,186.70975
2844,2025-10-26 12:00:00+05:30,4.510787,241.38963,5.5596404,240.94548
2845,2025-10-26 13:00:00+05:30,5.815978,248.19853,7.5213294,248.96242
2846,2025-10-26 14:00:00+05:30,5.7204895,245.85446,7.5213294,248.96242
2847,2025-10-26 15:00:00+05:30,4.4274144,243.43501,6.830519,251.56496
2848,2025-10-26 16:00:00+05:30,0.9178235,191.30989,3.4763772,248.74942
2849,2025-10-26 17:00:00+05:30,6.090812,325.84024,15.03835,312.08908
2850,2025-10-26 18:00:00+05:30,6.544677,301.5042,18.116621,297.83798
2851,2025-10-26 19:00:00+05:30,5.3999996,306.86996,15.22783,302.9387
2852,2025-10-26 20:00:00+05:30,2.5071096,21.037588,9.473541,345.69968
2853,2025-10-26 21:00:00+05:30,2.226477,75.96373,7.970972,25.407679
2854,2025-10-26 22:00:00+05:30,4.3349743,85.23644,10.534229,56.852993
2855,2025-10-26 23:00:00+05:30,5.4119864,93.814,13.262714,82.199905
2856,2025-10-27 00:00:00+05:30,2.4482646,107.10281,10.621525,90.971
2857,2025-10-27 01:00:00+05:30,0.40249225,26.564985,5.8298883,98.88058
2858,2025-10-27 02:00:00+05:30,3.2048087,51.842735,7.970972,83.51703
2859,2025-10-27 03:00:00+05:30,3.9312592,74.054535,10.813492,92.86235
2860,2025-10-27 04:00:00+05:30,4.942631,79.50858,12.605142,88.363464
2861,2025-10-27 05:00:00+05:30,4.829907,63.435013,12.534257,77.560455
2862,2025-10-27 06:00:00+05:30,7.689603,69.44387,14.156058,78.26146
2863,2025-10-27 07:00:00+05:30,7.69592,79.21575,14.357185,82.073166
2864,2025-10-27 08:00:00+05:30,7.689603,57.42595,10.874742,61.313953
2865,2025-10-27 09:00:00+05:30,6.889557,56.725105,9.446141,59.03632
2866,2025-10-27 10:00:00+05:30,7.0934615,54.293217,9.387651,57.528828
2867,2025-10-27 11:00:00+05:30,6.9153743,51.34017,9.252069,52.907085
2868,2025-10-27 12:00:00+05:30,3.7799997,90.0,4.8633323,87.87895
2869,2025-10-27 13:00:00+05:30,2.2553935,61.389645,2.657668,61.69934
2870,2025-10-27 14:00:00+05:30,3.1072817,10.007925,3.8856654,13.392516
2871,2025-10-27 15:00:00+05:30,3.4949677,348.11136,4.5891175,348.6901
2872,2025-10-27 16:00:00+05:30,2.226477,345.9637,5.6835546,349.04596
2873,2025-10-27 17:00:00+05:30,0.6489992,56.309914,3.0547013,44.999897
2874,2025-10-27 18:00:00+05:30,1.0948973,80.53775,3.438895,83.99109
2875,2025-10-27 19:00:00+05:30,2.8460498,18.435053,5.509882,38.367523
2876,2025-10-27 20:00:00+05:30,4.379589,350.53775,7.9077177,11.821464
2877,2025-10-27 21:00:00+05:30,4.412754,11.76827,9.102021,24.537718
2878,2025-10-27 22:00:00+05:30,3.5864744,17.52567,7.6579366,29.577742
2879,2025-10-27 23:00:00+05:30,4.323748,2.385899,7.989243,14.349371
2880,2025-10-28 00:00:00+05:30,4.8899083,6.3401003,9.854075,9.462248
2881,2025-10-28 01:00:00+05:30,4.896529,17.102825,10.931203,17.241547
2882,2025-10-28 02:00:00+05:30,5.1575575,29.248732,11.833546,26.175228
2883,2025-10-28 03:00:00+05:30,4.913044,28.442837,11.923557,28.886486
2884,2025-10-28 04:00:00+05:30,4.6800003,22.61991,11.7,30.510159
2885,2025-10-28 05:00:00+05:30,4.327493,73.07241,11.269782,63.435013
2886,2025-10-28 06:00:00+05:30,7.0038276,64.09355,12.5032,67.126305
2887,2025-10-28 07:00:00+05:30,4.1556225,85.03035,11.755254,78.51804
2888,2025-10-28 08:00:00+05:30,3.964089,87.3975,5.771239,86.423744
2889,2025-10-28 09:00:00+05:30,5.4833565,66.801384,7.186487,67.93205
2890,2025-10-28 10:00:00+05:30,5.0975285,47.862484,6.269067,50.82635
2891,2025-10-28 11:00:00+05:30,2.52,360.0,3.2599385,6.3401003
2892,2025-10-28 12:00:00+05:30,5.195113,345.9637,6.2483597,348.3664
2893,2025-10-28 13:00:00+05:30,6.87779,353.9911,8.467655,357.5634
2894,2025-10-28 14:00:00+05:30,6.6697226,3.0939984,8.350138,7.4313188
2895,2025-10-28 15:00:00+05:30,5.6060677,5.527458,8.227004,10.0805435
2896,2025-10-28 16:00:00+05:30,2.5455842,8.130019,6.9480934,16.557161
2897,2025-10-28 17:00:00+05:30,2.7238941,7.59456,5.195113,14.036275
2898,2025-10-28 18:00:00+05:30,3.8183763,44.999897,6.638072,40.601215
2899,2025-10-28 19:00:00+05:30,3.9477081,46.8476,7.256032,46.005
2900,2025-10-28 20:00:00+05:30,3.8521678,37.405437,6.804381,52.523746
2901,2025-10-28 21:00:00+05:30,3.8773184,21.801476,7.0107627,41.877792
2902,2025-10-28 22:00:00+05:30,2.8116899,39.805527,6.050785,59.620956
2903,2025-10-28 23:00:00+05:30,1.659518,49.398785,5.072041,62.525658
2904,2025-10-29 00:00:00+05:30,1.9386592,158.19853,3.9477081,133.1524
2905,2025-10-29 01:00:00+05:30,6.037383,169.6952,9.016185,176.56644
2906,2025-10-29 02:00:00+05:30,4.8733153,184.23631,10.873252,186.65433
2907,2025-10-29 03:00:00+05:30,0.9,270.0,1.6981165,212.00534
2908,2025-10-29 04:00:00+05:30,1.0948973,260.53775,2.4149535,206.56499
2909,2025-10-29 05:00:00+05:30,0.40249225,333.43503,1.2727921,261.87
2910,2025-10-29 06:00:00+05:30,2.0523157,142.12495,2.9024127,172.87508
2911,2025-10-29 07:00:00+05:30,2.3469126,94.39862,3.563818,135.0001
2912,2025-10-29 08:00:00+05:30,4.0449967,32.275623,4.599695,59.420856
2913,2025-10-29 09:00:00+05:30,3.8521678,37.405437,5.22,46.39711
2914,2025-10-29 10:00:00+05:30,4.4565907,43.36347,5.6060677,47.602623
2915,2025-10-29 11:00:00+05:30,4.0449963,69.14546,4.952453,70.90642
2916,2025-10-29 12:00:00+05:30,3.572898,49.085716,4.3573384,51.709793
2917,2025-10-29 13:00:00+05:30,4.0449963,20.854538,4.7521367,24.623547
2918,2025-10-29 14:00:00+05:30,6.5520988,15.945477,8.36758,18.824812
2919,2025-10-29 15:00:00+05:30,6.279395,27.29949,9.179999,28.072395
2920,2025-10-29 16:00:00+05:30,3.550155,30.465475,8.714677,38.290207
2921,2025-10-29 17:00:00+05:30,6.601363,11.003508,14.658676,24.67685
2922,2025-10-29 18:00:00+05:30,8.322932,21.571367,15.876775,32.96941
2923,2025-10-29 19:00:00+05:30,8.6193495,28.705854,16.45204,36.995354
2924,2025-10-29 20:00:00+05:30,9.459852,21.194136,18.089775,31.159245
2925,2025-10-29 21:00:00+05:30,7.9567327,52.35232,16.641972,51.146618
2926,2025-10-29 22:00:00+05:30,8.274128,44.118694,16.80857,46.73567
2927,2025-10-29 23:00:00+05:30,8.748075,36.634212,18.102308,41.775394
2928,2025-10-30 00:00:00+05:30,7.5105524,44.029083,16.529644,51.632477
2929,2025-10-30 01:00:00+05:30,6.444905,54.090195,16.62444,56.481964
2930,2025-10-30 02:00:00+05:30,6.2067385,60.461315,16.021011,62.57135
2931,2025-10-30 03:00:00+05:30,8.287822,55.6196,18.337044,58.650482
2932,2025-10-30 04:00:00+05:30,6.330782,75.17348,15.999762,72.991974
2933,2025-10-30 05:00:00+05:30,7.970972,115.40768,16.67892,119.05451
2934,2025-10-30 06:00:00+05:30,8.849339,94.66678,15.111424,102.38075
2935,2025-10-30 07:00:00+05:30,8.459999,90.0,12.425216,91.66025
2936,2025-10-30 08:00:00+05:30,8.557102,75.37909,12.224107,76.37299
2937,2025-10-30 09:00:00+05:30,12.157663,64.57317,16.615667,67.04589
2938,2025-10-30 10:00:00+05:30,13.149859,70.8209,18.448023,72.97939
2939,2025-10-30 11:00:00+05:30,12.181625,71.0295,16.336426,71.365326
2940,2025-10-30 12:00:00+05:30,12.661564,75.17348,16.940096,75.22541
2941,2025-10-30 13:00:00+05:30,12.81165,85.97182,16.954432,86.347855
2942,2025-10-30 14:00:00+05:30,11.897714,79.540146,16.423458,80.53775
2943,2025-10-30 15:00:00+05:30,13.450708,74.47583,19.340576,75.446396
2944,2025-10-30 16:00:00+05:30,11.298495,67.52052,19.023878,69.507324
2945,2025-10-30 17:00:00+05:30,9.97986,50.856018,19.770523,56.88865
2946,2025-10-30 18:00:00+05:30,10.223619,63.886147,20.28976,68.67048
2947,2025-10-30 19:00:00+05:30,10.546525,62.560368,20.397263,66.60222
2948,2025-10-30 20:00:00+05:30,9.648067,53.343807,18.709612,59.981724
2949,2025-10-30 21:00:00+05:30,11.837652,61.876366,21.933426,66.801384
2950,2025-10-30 22:00:00+05:30,11.08572,57.600174,20.718773,60.31695
2951,2025-10-30 23:00:00+05:30,12.750811,71.053406,23.397923,72.54071
