,date,wind_speed_10m,wind_direction_10m,wind_speed_100m,wind_direction_100m
0,2025-06-30 00:00:00+05:30,3.3092597,67.61982,7.1208143,73.85559
1,2025-06-30 01:00:00+05:30,5.0816135,67.06787,11.090103,76.865974
2,2025-06-30 02:00:00+05:30,7.9383874,86.09958,15.172407,94.76356
3,2025-06-30 03:00:00+05:30,10.259999,90.0,18.627172,95.54523
4,2025-06-30 04:00:00+05:30,11.265469,102.926,19.166409,104.688835
5,2025-06-30 05:00:00+05:30,11.367109,100.95402,19.087639,105.871254
6,2025-06-30 06:00:00+05:30,15.808263,82.14678,23.912914,83.51703
7,2025-06-30 07:00:00+05:30,15.697197,86.05489,21.854254,85.275635
8,2025-06-30 08:00:00+05:30,13.698934,93.012726,19.121557,93.77813
9,2025-06-30 09:00:00+05:30,9.901636,91.0416,12.601285,90.818436
10,2025-06-30 10:00:00+05:30,10.163227,112.93214,12.835653,112.24908
11,2025-06-30 11:00:00+05:30,11.753876,130.0302,15.349684,129.2894
12,2025-06-30 12:00:00+05:30,11.892265,140.52757,14.935662,139.39879
13,2025-06-30 13:00:00+05:30,9.418661,153.9247,13.6063795,152.41806
14,2025-06-30 14:00:00+05:30,1.8,143.13002,3.8268526,138.81418
15,2025-06-30 15:00:00+05:30,15.589497,143.9239,23.688984,143.65245
16,2025-06-30 16:00:00+05:30,4.278551,165.37909,6.638072,167.4712
17,2025-06-30 17:00:00+05:30,7.8583965,110.09532,11.833546,116.17523
18,2025-06-30 18:00:00+05:30,10.195057,132.13753,18.844202,136.54811
19,2025-06-30 19:00:00+05:30,10.718693,139.08571,19.987295,141.58191
20,2025-06-30 20:00:00+05:30,12.221457,133.8066,22.404757,141.1964
21,2025-06-30 21:00:00+05:30,10.685391,122.61923,20.719555,129.35944
22,2025-06-30 22:00:00+05:30,10.685391,122.61923,20.390114,132.13753
23,2025-06-30 23:00:00+05:30,10.735306,124.75598,20.495512,133.93259
24,2025-07-01 00:00:00+05:30,10.706596,116.99576,20.320877,124.53472
25,2025-07-01 01:00:00+05:30,10.742848,121.292984,20.46941,124.24909
26,2025-07-01 02:00:00+05:30,11.384198,124.69522,21.096123,126.674446
27,2025-07-01 03:00:00+05:30,13.203954,117.61294,23.245102,120.73541
28,2025-07-01 04:00:00+05:30,14.544401,126.444534,24.58895,126.36668
29,2025-07-01 05:00:00+05:30,14.178928,110.045334,24.179703,113.70266
30,2025-07-01 06:00:00+05:30,14.658676,114.67685,22.380884,115.74066
31,2025-07-01 07:00:00+05:30,14.092977,114.92845,19.24738,114.88739
32,2025-07-01 08:00:00+05:30,16.208998,119.98155,21.1896,118.95995
33,2025-07-01 09:00:00+05:30,12.791403,129.28938,18.161278,129.3693
34,2025-07-01 10:00:00+05:30,18.307865,120.094154,24.826954,119.53869
35,2025-07-01 11:00:00+05:30,18.329973,125.40695,25.423365,125.49061
36,2025-07-01 12:00:00+05:30,15.3771,128.34561,21.112242,129.11755
37,2025-07-01 13:00:00+05:30,12.750811,131.56627,16.443172,131.89389
38,2025-07-01 14:00:00+05:30,14.529915,138.01286,20.00269,137.55295
39,2025-07-01 15:00:00+05:30,12.475961,136.16905,18.080818,136.6135
40,2025-07-01 16:00:00+05:30,11.616626,139.39879,17.072504,137.56381
41,2025-07-01 17:00:00+05:30,8.027678,132.27364,11.975074,137.43669
42,2025-07-01 18:00:00+05:30,5.4744864,117.40749,12.221457,133.8066
43,2025-07-01 19:00:00+05:30,8.775807,115.513824,17.224598,124.35439
44,2025-07-01 20:00:00+05:30,9.826088,118.442825,19.373219,131.98714
45,2025-07-01 21:00:00+05:30,8.854829,116.56499,17.873556,124.33028
46,2025-07-01 22:00:00+05:30,9.109138,119.604355,18.686218,125.98689
47,2025-07-01 23:00:00+05:30,8.373386,115.46331,17.460928,127.46063
48,2025-07-02 00:00:00+05:30,9.505977,108.77813,18.359999,118.072395
49,2025-07-02 01:00:00+05:30,9.997699,113.33407,19.483284,117.51192
50,2025-07-02 02:00:00+05:30,10.711135,114.84236,20.385345,119.05451
51,2025-07-02 03:00:00+05:30,10.137692,106.50443,19.05281,112.20353
52,2025-07-02 04:00:00+05:30,10.137692,106.50443,18.687086,110.8791
53,2025-07-02 05:00:00+05:30,11.500296,107.30062,19.721298,111.41304
54,2025-07-02 06:00:00+05:30,12.016938,106.53492,18.899143,107.74477
55,2025-07-02 07:00:00+05:30,10.387107,98.97255,14.2336645,99.46225
56,2025-07-02 08:00:00+05:30,12.461669,100.82296,16.909464,101.66875
57,2025-07-02 09:00:00+05:30,13.672893,110.82097,17.654688,110.28265
58,2025-07-02 10:00:00+05:30,14.256409,114.62355,18.934254,114.1284
59,2025-07-02 11:00:00+05:30,13.833091,122.24244,18.832163,121.71509
60,2025-07-02 12:00:00+05:30,10.874742,118.68605,13.766176,117.23507
61,2025-07-02 13:00:00+05:30,9.339208,117.552734,11.592895,115.76928
62,2025-07-02 14:00:00+05:30,6.5248446,65.55606,8.951267,74.84589
63,2025-07-02 15:00:00+05:30,12.351987,136.77144,16.431347,137.21968
64,2025-07-02 16:00:00+05:30,2.16,90.0,3.189608,106.38962
65,2025-07-02 17:00:00+05:30,4.542994,146.3099,6.048107,143.47105
66,2025-07-02 18:00:00+05:30,10.644379,108.74143,18.751991,111.39296
67,2025-07-02 19:00:00+05:30,9.418661,116.0753,17.972979,119.388916
68,2025-07-02 20:00:00+05:30,9.761578,112.78245,18.273325,116.312584
69,2025-07-02 21:00:00+05:30,12.483748,132.66266,21.519598,133.30539
70,2025-07-02 22:00:00+05:30,11.886816,147.99466,20.615305,151.86876
71,2025-07-02 23:00:00+05:30,5.692099,124.69522,10.718693,139.08571
72,2025-07-03 00:00:00+05:30,7.928177,129.47243,13.943901,140.76265
73,2025-07-03 01:00:00+05:30,9.178235,131.82008,17.826363,136.63654
74,2025-07-03 02:00:00+05:30,8.461914,119.29127,16.529644,128.36752
75,2025-07-03 03:00:00+05:30,10.855358,130.29207,18.968449,133.84663
76,2025-07-03 04:00:00+05:30,11.226575,131.09941,20.110117,135.0001
77,2025-07-03 05:00:00+05:30,11.720751,132.5104,19.601,135.0001
78,2025-07-03 06:00:00+05:30,11.466438,137.54485,17.085785,138.41669
79,2025-07-03 07:00:00+05:30,10.316686,137.12111,13.902015,138.6746
80,2025-07-03 08:00:00+05:30,11.892265,140.52757,15.882896,141.44157
81,2025-07-03 09:00:00+05:30,12.601285,135.57864,16.554129,136.76236
82,2025-07-03 10:00:00+05:30,11.964246,135.0001,15.273505,135.0001
83,2025-07-03 11:00:00+05:30,10.739832,140.44037,13.437455,140.9806
84,2025-07-03 12:00:00+05:30,10.874742,118.68605,15.405519,120.15998
85,2025-07-03 13:00:00+05:30,10.692969,126.09837,14.761098,127.568665
86,2025-07-03 14:00:00+05:30,6.4924874,133.87679,8.149847,133.21011
87,2025-07-03 15:00:00+05:30,13.130133,151.32695,18.359999,151.92761
88,2025-07-03 16:00:00+05:30,7.928177,140.52757,10.908951,142.3737
89,2025-07-03 17:00:00+05:30,7.653705,131.18582,12.221457,136.1934
90,2025-07-03 18:00:00+05:30,9.688281,144.83348,17.772663,146.14896
91,2025-07-03 19:00:00+05:30,8.037761,145.95403,15.702356,151.96625
92,2025-07-03 20:00:00+05:30,5.7628117,141.34016,12.409561,156.0375
93,2025-07-03 21:00:00+05:30,7.7650757,135.9391,15.342294,148.92102
94,2025-07-03 22:00:00+05:30,7.9932966,125.837746,15.266079,142.1842
95,2025-07-03 23:00:00+05:30,8.350138,97.43131,13.833091,122.24244
96,2025-07-04 00:00:00+05:30,5.5450516,125.753975,10.9859,161.86183
97,2025-07-04 01:00:00+05:30,6.090812,145.84026,11.659777,171.11942
98,2025-07-04 02:00:00+05:30,7.1661706,101.59215,10.316686,137.12111
99,2025-07-04 03:00:00+05:30,7.519175,101.0409,13.0447235,117.979385
100,2025-07-04 04:00:00+05:30,9.208192,85.51548,15.808263,97.853226
101,2025-07-04 05:00:00+05:30,8.161764,138.57643,15.385525,151.33614
102,2025-07-04 06:00:00+05:30,8.431228,163.8865,13.062098,168.0707
103,2025-07-04 07:00:00+05:30,7.256032,187.12492,9.499157,189.81923
104,2025-07-04 08:00:00+05:30,6.5693827,189.46225,8.473393,192.26476
105,2025-07-04 09:00:00+05:30,5.7852573,185.35573,7.0568266,185.85593
106,2025-07-04 10:00:00+05:30,5.2323985,153.43501,6.198903,154.17906
107,2025-07-04 11:00:00+05:30,7.6367526,171.86998,9.47012,171.25392
108,2025-07-04 12:00:00+05:30,6.7757506,129.61066,8.274128,134.1187
109,2025-07-04 13:00:00+05:30,6.9270773,155.43285,9.741642,152.48808
110,2025-07-04 14:00:00+05:30,6.452441,202.98874,7.989242,202.52061
111,2025-07-04 15:00:00+05:30,13.358861,194.03627,19.866161,197.94254
112,2025-07-04 16:00:00+05:30,9.36173,178.89832,13.870515,182.23112
113,2025-07-04 17:00:00+05:30,4.896529,197.10281,9.595874,203.19861
114,2025-07-04 18:00:00+05:30,8.654986,163.0724,17.035456,173.32562
115,2025-07-04 19:00:00+05:30,6.310277,183.27042,13.556282,190.71307
116,2025-07-04 20:00:00+05:30,4.6730714,164.3577,10.62,180.0
117,2025-07-04 21:00:00+05:30,7.7900705,139.68597,14.410121,154.07515
118,2025-07-04 22:00:00+05:30,8.338489,147.3391,16.42346,152.59251
119,2025-07-04 23:00:00+05:30,7.968939,161.56496,16.120808,163.79091
120,2025-07-05 00:00:00+05:30,7.0107627,150.80261,14.517644,160.44165
121,2025-07-05 01:00:00+05:30,7.995323,148.81508,15.14783,159.8423
122,2025-07-05 02:00:00+05:30,6.889557,146.7251,13.262714,161.81087
123,2025-07-05 03:00:00+05:30,5.4744864,152.59251,11.616627,167.4712
124,2025-07-05 04:00:00+05:30,6.5520988,164.05453,12.841963,174.36942
125,2025-07-05 05:00:00+05:30,7.2022495,178.56793,11.525623,194.47034
126,2025-07-05 06:00:00+05:30,6.299999,143.13002,11.9140415,153.0479
127,2025-07-05 07:00:00+05:30,5.983477,133.7812,10.484903,145.49142
128,2025-07-05 08:00:00+05:30,6.638072,139.39879,10.086427,145.17545
129,2025-07-05 09:00:00+05:30,6.898956,172.50424,9.044888,174.2895
130,2025-07-05 10:00:00+05:30,5.297018,170.21767,6.7205353,172.30405
131,2025-07-05 11:00:00+05:30,5.4656014,162.75845,6.725354,164.47583
132,2025-07-05 12:00:00+05:30,5.7628117,165.52966,7.1661706,168.40785
133,2025-07-05 13:00:00+05:30,4.6800003,157.3801,5.7204895,155.85446
134,2025-07-05 14:00:00+05:30,9.72,180.0,11.701385,180.88138
135,2025-07-05 15:00:00+05:30,10.837435,175.23645,15.710607,175.4
136,2025-07-05 16:00:00+05:30,4.0449967,147.72438,6.2067385,150.46132
137,2025-07-05 17:00:00+05:30,5.441838,145.78424,7.44121,147.84773
138,2025-07-05 18:00:00+05:30,7.1684303,141.1155,13.638489,157.49643
139,2025-07-05 19:00:00+05:30,8.415842,138.46832,16.22498,146.3099
140,2025-07-05 20:00:00+05:30,8.942214,130.10085,16.419514,135.44409
141,2025-07-05 21:00:00+05:30,9.167638,133.4089,17.630814,139.9698
142,2025-07-05 22:00:00+05:30,10.234705,124.24909,19.174856,129.6678
143,2025-07-05 23:00:00+05:30,9.726664,141.009,18.581022,144.46223
144,2025-07-06 00:00:00+05:30,6.299999,143.13002,12.483749,155.28258
145,2025-07-06 01:00:00+05:30,8.067936,128.65984,13.783817,139.23648
146,2025-07-06 02:00:00+05:30,8.55142,120.34317,14.730336,128.55049
147,2025-07-06 03:00:00+05:30,10.00256,120.256355,16.676977,122.660904
148,2025-07-06 04:00:00+05:30,9.957108,130.60121,17.072504,132.43619
149,2025-07-06 05:00:00+05:30,9.340941,115.083565,15.561414,119.826996
150,2025-07-06 06:00:00+05:30,11.165805,110.77233,14.178928,110.045334
151,2025-07-06 07:00:00+05:30,10.404249,127.26648,14.544401,126.444534
152,2025-07-06 08:00:00+05:30,9.1958685,130.23628,12.007498,130.13542
153,2025-07-06 09:00:00+05:30,10.163227,112.93214,13.141232,113.40471
154,2025-07-06 10:00:00+05:30,11.368535,113.317726,14.677451,113.10636
155,2025-07-06 11:00:00+05:30,11.183201,123.17853,14.693999,120.963684
156,2025-07-06 12:00:00+05:30,9.396275,143.56905,12.313894,142.12495
157,2025-07-06 13:00:00+05:30,8.604301,164.21918,11.39842,164.4274
158,2025-07-06 14:00:00+05:30,6.889557,160.1447,9.12513,157.98866
159,2025-07-06 15:00:00+05:30,5.4744864,117.40749,7.1684303,118.495544
160,2025-07-06 16:00:00+05:30,6.5693827,80.53775,8.885877,83.019035
161,2025-07-06 17:00:00+05:30,7.748368,92.66295,12.061341,89.14493
162,2025-07-06 18:00:00+05:30,3.4623692,117.89718,9.039514,125.27251
163,2025-07-06 19:00:00+05:30,3.8183763,44.999897,8.431228,73.88651
164,2025-07-06 20:00:00+05:30,7.5170207,73.300674,15.890034,85.45205
165,2025-07-06 21:00:00+05:30,9.54,90.0,17.935081,100.40766
166,2025-07-06 22:00:00+05:30,11.052058,96.546196,20.082708,104.5345
167,2025-07-06 23:00:00+05:30,11.511559,116.96564,21.434364,119.14798
168,2025-07-07 00:00:00+05:30,10.814989,108.43504,19.121557,112.70288
169,2025-07-07 01:00:00+05:30,11.722133,93.521385,20.39091,98.630714
170,2025-07-07 02:00:00+05:30,11.159999,90.0,19.866161,94.67734
171,2025-07-07 03:00:00+05:30,12.371645,81.6342,21.457026,86.63361
172,2025-07-07 04:00:00+05:30,12.440851,86.68229,21.426804,88.55591
173,2025-07-07 05:00:00+05:30,12.791403,87.58054,21.420753,90.48145
174,2025-07-07 06:00:00+05:30,10.853866,95.7105,17.214249,96.604744
175,2025-07-07 07:00:00+05:30,14.05845,103.32455,21.392754,104.62092
176,2025-07-07 08:00:00+05:30,12.295462,107.90454,17.706913,107.14564
177,2025-07-07 09:00:00+05:30,11.013882,101.3099,14.861722,101.173805
178,2025-07-07 10:00:00+05:30,12.074766,116.56499,15.938896,116.85435
179,2025-07-07 11:00:00+05:30,8.836514,123.36639,10.934166,122.90524
180,2025-07-07 12:00:00+05:30,9.97986,129.14398,12.996201,126.55257
181,2025-07-07 13:00:00+05:30,8.557102,112.24908,11.39842,111.297424
182,2025-07-07 14:00:00+05:30,8.39078,112.714455,11.935778,113.08516
183,2025-07-07 15:00:00+05:30,7.2,126.86999,10.548061,126.674446
184,2025-07-07 16:00:00+05:30,8.037761,145.95403,11.782784,145.58157
185,2025-07-07 17:00:00+05:30,7.44121,147.84773,12.669238,157.44272
186,2025-07-07 18:00:00+05:30,2.1749482,114.44395,4.9785542,102.5288
187,2025-07-07 19:00:00+05:30,3.4388947,132.87889,6.4924874,136.12321
188,2025-07-07 20:00:00+05:30,2.5582807,129.28938,6.299999,143.13002
189,2025-07-07 21:00:00+05:30,4.1085763,151.1893,8.709098,161.93944
190,2025-07-07 22:00:00+05:30,3.6447225,122.90524,7.344794,143.97253
191,2025-07-07 23:00:00+05:30,4.599695,120.57915,8.790563,137.4896
192,2025-07-08 00:00:00+05:30,4.32,90.0,8.155807,112.036285
193,2025-07-08 01:00:00+05:30,6.7205353,97.69597,12.580699,109.21277
194,2025-07-08 02:00:00+05:30,6.2999997,90.0,12.534257,102.43955
195,2025-07-08 03:00:00+05:30,6.050785,120.37905,11.989946,125.837746
196,2025-07-08 04:00:00+05:30,6.689125,113.80595,11.7,120.51016
197,2025-07-08 05:00:00+05:30,6.603817,107.44727,11.298495,112.47948
198,2025-07-08 06:00:00+05:30,6.050785,157.249,12.7279215,171.86998
199,2025-07-08 07:00:00+05:30,6.1569467,164.74483,8.43699,168.92984
200,2025-07-08 08:00:00+05:30,8.936777,161.20001,12.69351,161.82188
201,2025-07-08 09:00:00+05:30,6.391901,170.27249,9.266067,172.1848
202,2025-07-08 10:00:00+05:30,6.1858225,188.3658,8.197414,188.84174
203,2025-07-08 11:00:00+05:30,7.2044983,192.99461,9.12513,194.85866
204,2025-07-08 12:00:00+05:30,10.209348,189.1301,12.815443,190.52074
205,2025-07-08 13:00:00+05:30,10.6261,178.05856,14.044615,181.46877
206,2025-07-08 14:00:00+05:30,12.466867,162.3498,16.913296,163.30067
207,2025-07-08 15:00:00+05:30,11.375658,175.46231,15.743569,174.09395
208,2025-07-08 16:00:00+05:30,11.431062,153.8385,15.717823,156.3706
209,2025-07-08 17:00:00+05:30,12.033103,145.359,19.408306,151.77132
210,2025-07-08 18:00:00+05:30,10.718693,139.08571,20.188908,140.06367
211,2025-07-08 19:00:00+05:30,12.362475,137.95085,22.771244,140.77434
212,2025-07-08 20:00:00+05:30,11.988594,138.65233,21.533897,141.78893
213,2025-07-08 21:00:00+05:30,11.966954,136.2188,21.555704,138.72415
214,2025-07-08 22:00:00+05:30,12.632101,139.04459,22.070377,142.2889
215,2025-07-08 23:00:00+05:30,13.8049555,140.29013,24.430317,140.68091
216,2025-07-09 00:00:00+05:30,14.387619,133.4793,24.470734,137.98154
217,2025-07-09 01:00:00+05:30,13.513193,131.76021,23.940676,136.82794
218,2025-07-09 02:00:00+05:30,13.874019,134.47443,24.091774,141.67444
219,2025-07-09 03:00:00+05:30,13.746156,135.0001,23.977188,138.65233
220,2025-07-09 04:00:00+05:30,12.431733,124.3804,21.898684,128.65984
221,2025-07-09 05:00:00+05:30,11.672275,116.56499,20.570463,122.85572
222,2025-07-09 06:00:00+05:30,13.070776,157.3194,21.762886,159.16655
223,2025-07-09 07:00:00+05:30,13.138765,170.53775,22.45315,167.96942
224,2025-07-09 08:00:00+05:30,15.379206,163.68607,25.071096,164.16754
225,2025-07-09 09:00:00+05:30,12.69351,161.82188,17.856325,165.40338
226,2025-07-09 10:00:00+05:30,13.4903965,161.3232,18.501513,160.68355
227,2025-07-09 11:00:00+05:30,11.592895,154.23073,16.663372,153.7118
228,2025-07-09 12:00:00+05:30,12.284918,140.94687,17.570988,142.07347
229,2025-07-09 13:00:00+05:30,10.185519,136.43204,15.856354,140.52757
230,2025-07-09 14:00:00+05:30,12.483748,137.33734,18.694021,141.25401
231,2025-07-09 15:00:00+05:30,11.995349,154.20403,18.720001,157.3801
232,2025-07-09 16:00:00+05:30,12.638512,162.59721,20.256996,165.59328
233,2025-07-09 17:00:00+05:30,10.00256,149.74365,17.490591,156.33685
234,2025-07-09 18:00:00+05:30,10.474082,109.0578,20.36865,115.65922
235,2025-07-09 19:00:00+05:30,12.730468,123.4654,23.32025,132.18437
236,2025-07-09 20:00:00+05:30,12.996201,126.55257,23.817883,132.85623
237,2025-07-09 21:00:00+05:30,11.074023,134.34154,21.301687,138.76863
238,2025-07-09 22:00:00+05:30,11.681987,123.690094,21.94524,131.00899
239,2025-07-09 23:00:00+05:30,12.972494,119.05451,23.269482,124.91948
240,2025-07-10 00:00:00+05:30,11.7,112.61991,21.505291,118.495544
241,2025-07-10 01:00:00+05:30,12.3165245,116.939445,21.923082,122.254684
242,2025-07-10 02:00:00+05:30,13.619471,119.275154,23.664352,123.20658
243,2025-07-10 03:00:00+05:30,13.15971,130.0062,22.911673,134.36348
244,2025-07-10 04:00:00+05:30,13.493999,136.08084,22.862833,139.7902
245,2025-07-10 05:00:00+05:30,12.0921955,135.60303,21.301687,138.76863
246,2025-07-10 06:00:00+05:30,12.566526,128.019,20.492352,134.64417
247,2025-07-10 07:00:00+05:30,13.217443,119.357666,18.800308,120.49328
248,2025-07-10 08:00:00+05:30,16.056362,142.74463,21.928255,142.00122
249,2025-07-10 09:00:00+05:30,14.230248,145.30478,19.8376,143.85786
250,2025-07-10 10:00:00+05:30,12.221457,133.8066,16.29174,135.0001
251,2025-07-10 11:00:00+05:30,13.943901,140.76265,18.161278,140.6307
252,2025-07-10 12:00:00+05:30,13.577776,141.45879,17.54146,141.24837
253,2025-07-10 13:00:00+05:30,13.036026,125.44579,16.740969,126.25393
254,2025-07-10 14:00:00+05:30,15.236338,128.76553,19.296135,126.656204
255,2025-07-10 15:00:00+05:30,10.630672,151.69934,14.73913,151.55717
256,2025-07-10 16:00:00+05:30,8.320986,128.85338,13.14,131.112
257,2025-07-10 17:00:00+05:30,7.388775,92.79265,15.315873,113.55228
258,2025-07-10 18:00:00+05:30,10.472536,114.36244,19.386593,121.328636
259,2025-07-10 19:00:00+05:30,10.464797,116.56499,20.719555,124.3804
260,2025-07-10 20:00:00+05:30,11.132385,129.09386,21.76512,135.33504
261,2025-07-10 21:00:00+05:30,10.837435,131.63345,21.087675,140.19447
262,2025-07-10 22:00:00+05:30,10.185519,133.56796,20.304926,139.67424
263,2025-07-10 23:00:00+05:30,8.953078,120.17343,18.23694,131.39862
264,2025-07-11 00:00:00+05:30,9.028754,113.49858,18.030575,121.94472
265,2025-07-11 01:00:00+05:30,10.564942,113.07044,19.634031,121.50421
266,2025-07-11 02:00:00+05:30,9.965239,110.07162,18.519018,115.31965
267,2025-07-11 03:00:00+05:30,10.360559,97.98924,18.947083,104.300316
268,2025-07-11 04:00:00+05:30,10.644379,93.87845,19.384087,100.162025
269,2025-07-11 05:00:00+05:30,10.484902,101.88863,18.448023,107.020615
270,2025-07-11 06:00:00+05:30,12.466867,107.650215,16.152931,104.19113
271,2025-07-11 07:00:00+05:30,13.392774,126.25393,18.540874,126.313736
272,2025-07-11 08:00:00+05:30,12.538134,129.17365,16.895088,128.94582
273,2025-07-11 09:00:00+05:30,11.638917,140.64827,15.489414,141.13222
274,2025-07-11 10:00:00+05:30,12.181624,145.84026,15.726067,146.67369
275,2025-07-11 11:00:00+05:30,10.957846,132.33694,13.767352,131.82008
276,2025-07-11 12:00:00+05:30,12.16832,150.78085,15.283048,147.99466
277,2025-07-11 13:00:00+05:30,9.7880945,212.22873,12.800266,205.84433
278,2025-07-11 14:00:00+05:30,6.8919086,139.23648,9.313152,138.91835
279,2025-07-11 15:00:00+05:30,9.847496,161.89615,13.262714,161.81087
280,2025-07-11 16:00:00+05:30,10.9859,161.86183,14.970331,161.7828
281,2025-07-11 17:00:00+05:30,8.225035,156.80139,13.337016,158.62932
282,2025-07-11 18:00:00+05:30,7.3094187,99.926186,14.414617,105.945465
283,2025-07-11 19:00:00+05:30,8.538149,108.43504,16.1198,113.70266
284,2025-07-11 20:00:00+05:30,7.748368,120.73541,16.363178,129.64413
285,2025-07-11 21:00:00+05:30,8.037761,124.04598,17.055414,135.0001
286,2025-07-11 22:00:00+05:30,7.7043357,127.40543,16.458931,138.99101
287,2025-07-11 23:00:00+05:30,6.21717,112.109505,12.855831,134.43282
288,2025-07-12 00:00:00+05:30,5.4119864,93.814,10.783486,123.424835
289,2025-07-12 01:00:00+05:30,5.0688457,83.88459,9.693296,111.801476
290,2025-07-12 02:00:00+05:30,4.5,106.26028,9.659814,116.56499
291,2025-07-12 03:00:00+05:30,7.8625183,105.945465,13.70839,119.93143
292,2025-07-12 04:00:00+05:30,8.694204,117.095474,15.342294,121.07898
293,2025-07-12 05:00:00+05:30,8.37532,98.65246,15.585337,104.03627
294,2025-07-12 06:00:00+05:30,8.427383,109.98319,14.178927,118.84257
295,2025-07-12 07:00:00+05:30,10.799999,143.13002,14.148046,143.2758
296,2025-07-12 08:00:00+05:30,9.67657,133.49263,12.730467,133.85432
297,2025-07-12 09:00:00+05:30,9.734988,123.6901,12.5807,123.91747
298,2025-07-12 10:00:00+05:30,10.626099,128.8114,13.830749,128.65984
299,2025-07-12 11:00:00+05:30,8.415842,131.53168,10.694485,133.63614
300,2025-07-12 12:00:00+05:30,9.187056,124.62422,11.48761,125.4334
301,2025-07-12 13:00:00+05:30,7.891311,135.0001,9.54679,135.76381
302,2025-07-12 14:00:00+05:30,6.489992,146.3099,7.9932966,144.16226
303,2025-07-12 15:00:00+05:30,5.1575575,119.24873,7.056826,127.74687
304,2025-07-12 16:00:00+05:30,12.125642,174.03561,16.443174,174.97601
305,2025-07-12 17:00:00+05:30,7.029225,140.19447,10.152064,142.92683
306,2025-07-12 18:00:00+05:30,4.510787,151.38963,12.074766,153.43501
307,2025-07-12 19:00:00+05:30,6.050785,149.62096,14.607751,157.54301
308,2025-07-12 20:00:00+05:30,4.896529,107.10281,11.1090765,139.60017
309,2025-07-12 21:00:00+05:30,4.846648,111.801476,10.957846,137.66306
310,2025-07-12 22:00:00+05:30,5.6492476,120.65059,12.351987,136.77144
311,2025-07-12 23:00:00+05:30,3.6447225,122.90524,9.0,143.13002
312,2025-07-13 00:00:00+05:30,3.219938,116.56499,7.491114,144.78232
313,2025-07-13 01:00:00+05:30,3.604497,87.13766,7.729527,117.75845
314,2025-07-13 02:00:00+05:30,3.9518096,59.93151,7.5685663,92.72626
315,2025-07-13 03:00:00+05:30,5.2478566,59.03632,10.814989,71.564964
316,2025-07-13 04:00:00+05:30,5.95906,64.98315,13.262714,71.81086
317,2025-07-13 05:00:00+05:30,4.471107,130.10085,9.96524,106.798454
318,2025-07-13 06:00:00+05:30,4.1046314,37.875053,8.92408,48.270576
319,2025-07-13 07:00:00+05:30,3.9518096,30.068504,6.1305785,40.236294
320,2025-07-13 08:00:00+05:30,4.6277857,76.50425,6.0347,72.64589
321,2025-07-13 09:00:00+05:30,4.863332,51.009003,6.114703,47.385983
322,2025-07-13 10:00:00+05:30,4.0449967,57.724377,5.0432134,55.175446
323,2025-07-13 11:00:00+05:30,5.983477,105.7087,7.029225,103.32455
324,2025-07-13 12:00:00+05:30,6.603817,107.44727,8.766573,109.17911
325,2025-07-13 13:00:00+05:30,4.846648,148.67137,6.452441,149.8587
326,2025-07-13 14:00:00+05:30,5.4119864,176.186,7.2202215,175.71092
327,2025-07-13 15:00:00+05:30,2.657668,28.30066,2.8460495,34.69522
328,2025-07-13 16:00:00+05:30,5.6835546,100.95402,7.2359104,95.7105
329,2025-07-13 17:00:00+05:30,5.634891,116.56499,8.37532,118.21727
330,2025-07-13 18:00:00+05:30,8.0599,119.42737,15.124284,128.23387
331,2025-07-13 19:00:00+05:30,4.8633323,92.12105,9.668195,114.1791
332,2025-07-13 20:00:00+05:30,4.6834598,87.79745,9.12513,104.85866
333,2025-07-13 21:00:00+05:30,5.4477882,82.40546,11.003581,93.751656
334,2025-07-13 22:00:00+05:30,6.5223618,62.02062,13.797913,74.875946
335,2025-07-13 23:00:00+05:30,6.873078,44.999897,13.032298,57.40743
336,2025-07-14 00:00:00+05:30,6.4096174,51.842735,14.14232,47.579197
337,2025-07-14 01:00:00+05:30,8.913181,46.636536,17.54146,51.24836
338,2025-07-14 02:00:00+05:30,11.090103,54.246033,20.3774,57.99466
339,2025-07-14 03:00:00+05:30,13.324863,51.581917,23.623928,54.614483
340,2025-07-14 04:00:00+05:30,14.266632,60.524208,24.24928,61.15204
341,2025-07-14 05:00:00+05:30,13.0806875,55.653847,22.535252,58.722363
342,2025-07-14 06:00:00+05:30,19.434166,15.580991,32.4025,20.146357
343,2025-07-14 07:00:00+05:30,20.188908,21.991192,33.177177,25.035652
344,2025-07-14 08:00:00+05:30,22.517273,32.927868,36.305153,35.108475
345,2025-07-14 09:00:00+05:30,24.880402,37.947754,39.242477,42.397392
346,2025-07-14 10:00:00+05:30,21.392754,51.49075,29.490349,51.940926
347,2025-07-14 11:00:00+05:30,18.289274,36.1933,27.80403,41.325405
348,2025-07-14 12:00:00+05:30,21.627733,67.490135,31.520561,68.56307
349,2025-07-14 13:00:00+05:30,11.481968,76.399445,17.106628,81.528946
350,2025-07-14 14:00:00+05:30,12.016938,16.534922,16.833609,24.646755
351,2025-07-14 15:00:00+05:30,11.238113,301.90805,15.405519,313.5798
352,2025-07-14 16:00:00+05:30,14.009968,222.91743,22.335236,229.24855
353,2025-07-14 17:00:00+05:30,17.786331,215.9422,29.433165,219.04286
354,2025-07-14 18:00:00+05:30,16.16496,187.67888,27.49997,190.94214
355,2025-07-14 19:00:00+05:30,15.39184,190.78426,27.358223,191.38382
356,2025-07-14 20:00:00+05:30,15.12107,180.68204,26.880335,183.83952
357,2025-07-14 21:00:00+05:30,11.35285,182.72626,22.148045,187.47147
358,2025-07-14 22:00:00+05:30,7.519175,168.9591,17.123669,176.98727
359,2025-07-14 23:00:00+05:30,10.564942,156.92957,19.078302,166.35707
360,2025-07-15 00:00:00+05:30,14.98331,141.34018,24.918787,147.68755
361,2025-07-15 01:00:00+05:30,12.830604,145.86401,23.183693,148.65485
362,2025-07-15 02:00:00+05:30,12.638512,144.2725,22.224714,151.9822
363,2025-07-15 03:00:00+05:30,13.690653,151.75037,23.933907,158.83867
364,2025-07-15 04:00:00+05:30,12.56008,154.5367,22.545315,160.40762
365,2025-07-15 05:00:00+05:30,12.241323,160.23274,22.14,167.31963
366,2025-07-15 06:00:00+05:30,11.701385,180.88138,20.518421,187.56134
367,2025-07-15 07:00:00+05:30,13.737904,185.2623,22.640678,186.3904
368,2025-07-15 08:00:00+05:30,16.454994,199.82256,25.071098,201.03758
369,2025-07-15 09:00:00+05:30,12.800265,183.22446,17.878086,184.61984
370,2025-07-15 10:00:00+05:30,12.425216,178.33975,16.203999,178.727
371,2025-07-15 11:00:00+05:30,12.599999,180.0,16.383955,181.25902
372,2025-07-15 12:00:00+05:30,14.508715,168.55069,18.820976,170.08731
373,2025-07-15 13:00:00+05:30,14.572219,162.01257,21.139849,164.18857
374,2025-07-15 14:00:00+05:30,15.24909,172.53952,22.08432,173.91776
375,2025-07-15 15:00:00+05:30,12.440851,176.68228,17.313717,176.42374
376,2025-07-15 16:00:00+05:30,10.062305,169.6952,14.474059,169.24908
377,2025-07-15 17:00:00+05:30,10.6261,153.86906,17.992796,160.11475
378,2025-07-15 18:00:00+05:30,13.979872,145.49142,25.664364,147.31308
379,2025-07-15 19:00:00+05:30,14.120539,162.95088,25.421455,169.80408
380,2025-07-15 20:00:00+05:30,12.081473,151.5259,22.26477,157.1663
381,2025-07-15 21:00:00+05:30,6.989936,124.50858,16.199999,143.13002
382,2025-07-15 22:00:00+05:30,10.97262,131.00899,21.691305,139.03781
383,2025-07-15 23:00:00+05:30,15.22783,151.01128,27.142424,155.30449
384,2025-07-16 00:00:00+05:30,12.483748,151.58743,23.498102,157.95404
385,2025-07-16 01:00:00+05:30,14.420235,155.67444,25.729298,162.07199
386,2025-07-16 02:00:00+05:30,14.64209,159.11412,25.862436,163.83543
387,2025-07-16 03:00:00+05:30,13.213764,155.87901,23.679407,161.84042
388,2025-07-16 04:00:00+05:30,13.125196,154.84073,24.13477,161.2947
389,2025-07-16 05:00:00+05:30,14.110209,150.16455,25.17234,157.28555
390,2025-07-16 06:00:00+05:30,15.631007,144.84575,24.294666,149.25473
391,2025-07-16 07:00:00+05:30,14.113652,142.25313,20.674156,144.92616
392,2025-07-16 08:00:00+05:30,14.822429,155.61363,19.008547,155.37645
393,2025-07-16 09:00:00+05:30,9.9587345,173.77426,14.830076,174.4279
394,2025-07-16 10:00:00+05:30,14.251863,152.14044,19.966211,154.35904
395,2025-07-16 11:00:00+05:30,12.245293,155.69547,16.854767,160.0168
396,2025-07-16 12:00:00+05:30,10.564941,166.20049,14.508715,168.55069
397,2025-07-16 13:00:00+05:30,12.991212,176.02759,18.022486,177.13765
398,2025-07-16 14:00:00+05:30,15.606114,187.28886,21.993908,187.99739
399,2025-07-16 15:00:00+05:30,10.717182,172.27826,15.048042,173.1301
400,2025-07-16 16:00:00+05:30,13.100489,167.30042,18.99661,167.41231
401,2025-07-16 17:00:00+05:30,10.429132,158.74942,18.25026,165.14134
402,2025-07-16 18:00:00+05:30,7.6579366,150.42226,15.978484,157.47939
403,2025-07-16 19:00:00+05:30,6.5520988,164.05453,14.917212,171.67444
404,2025-07-16 20:00:00+05:30,7.6579366,156.44772,16.663374,169.41841
405,2025-07-16 21:00:00+05:30,8.39657,149.03632,17.76081,162.29948
406,2025-07-16 22:00:00+05:30,9.734988,146.3099,19.813087,155.29759
407,2025-07-16 23:00:00+05:30,10.158444,150.25522,20.188908,158.00882
408,2025-07-17 00:00:00+05:30,8.777654,151.85849,18.102308,160.8443
409,2025-07-17 01:00:00+05:30,7.8087645,154.02567,16.6896,163.71501
410,2025-07-17 02:00:00+05:30,8.0599,156.29735,16.720633,165.66454
411,2025-07-17 03:00:00+05:30,7.970972,154.59233,16.635155,166.86597
412,2025-07-17 04:00:00+05:30,7.570707,151.60707,15.7754345,163.42592
413,2025-07-17 05:00:00+05:30,8.099999,143.13002,15.717823,156.3706
414,2025-07-17 06:00:00+05:30,8.131936,152.30061,16.848999,161.95209
415,2025-07-17 07:00:00+05:30,10.805999,178.0909,14.949756,177.93001
416,2025-07-17 08:00:00+05:30,10.316686,186.00891,13.954354,186.66656
417,2025-07-17 09:00:00+05:30,10.564942,188.8203,14.087228,190.3048
418,2025-07-17 10:00:00+05:30,9.746631,184.23631,12.6462,184.899
419,2025-07-17 11:00:00+05:30,8.885877,186.98096,11.633348,188.00464
420,2025-07-17 12:00:00+05:30,9.016185,183.43356,11.542478,183.57626
421,2025-07-17 13:00:00+05:30,9.979859,187.2531,13.084402,187.90707
422,2025-07-17 14:00:00+05:30,9.901636,178.95839,13.1412325,180.7848
423,2025-07-17 15:00:00+05:30,10.564942,171.1797,15.24909,172.53952
424,2025-07-17 16:00:00+05:30,10.9859,198.13817,18.102308,199.1557
425,2025-07-17 17:00:00+05:30,11.503113,200.13638,20.393293,200.6745
426,2025-07-17 18:00:00+05:30,8.131936,117.69938,15.299999,126.86998
427,2025-07-17 19:00:00+05:30,8.748075,126.63421,17.311846,134.15756
428,2025-07-17 20:00:00+05:30,8.65873,136.68465,17.713316,142.43134
429,2025-07-17 21:00:00+05:30,7.0107627,138.12222,15.283048,147.99466
430,2025-07-17 22:00:00+05:30,8.942214,139.89915,17.574675,147.12373
431,2025-07-17 23:00:00+05:30,10.534229,160.0168,19.829433,164.19742
432,2025-07-18 00:00:00+05:30,10.316686,173.99109,19.660416,176.32558
433,2025-07-18 01:00:00+05:30,10.285232,184.0141,19.781172,187.31892
434,2025-07-18 02:00:00+05:30,8.825508,191.76826,18.254698,192.5288
435,2025-07-18 03:00:00+05:30,7.293888,195.75124,16.011908,201.08383
436,2025-07-18 04:00:00+05:30,6.130579,183.3664,13.971757,194.93147
437,2025-07-18 05:00:00+05:30,5.2416787,164.05453,11.173057,182.77016
438,2025-07-18 06:00:00+05:30,9.007196,182.29056,15.385525,186.04399
439,2025-07-18 07:00:00+05:30,10.514218,218.04709,14.7039175,219.53612
440,2025-07-18 08:00:00+05:30,11.090103,215.75398,14.796175,216.59119
441,2025-07-18 09:00:00+05:30,8.373386,205.4633,10.787993,205.7099
442,2025-07-18 10:00:00+05:30,7.0199995,202.6199,8.626865,203.35558
443,2025-07-18 11:00:00+05:30,7.172949,197.52567,8.936777,198.79999
444,2025-07-18 12:00:00+05:30,6.77575,196.9909,8.311245,197.6502
445,2025-07-18 13:00:00+05:30,7.5685663,205.34613,9.339208,207.55272
446,2025-07-18 14:00:00+05:30,7.388775,145.92276,9.504273,155.37645
447,2025-07-18 15:00:00+05:30,1.7727944,156.0375,2.9522195,142.43134
448,2025-07-18 16:00:00+05:30,6.8423676,181.5074,9.181765,178.87672
449,2025-07-18 17:00:00+05:30,5.6521144,260.83774,8.227004,259.91946
450,2025-07-18 18:00:00+05:30,4.952453,160.90642,11.879999,180.0
451,2025-07-18 19:00:00+05:30,5.223103,178.02512,13.523978,189.96375
452,2025-07-18 20:00:00+05:30,5.0432134,177.95464,13.358861,194.03627
453,2025-07-18 21:00:00+05:30,6.2483597,191.6336,15.299999,205.05759
454,2025-07-18 22:00:00+05:30,8.553314,188.47105,18.183563,201.4855
455,2025-07-18 23:00:00+05:30,9.039514,192.65256,18.501513,199.31645
456,2025-07-19 00:00:00+05:30,10.075177,198.75874,20.022118,202.18407
457,2025-07-19 01:00:00+05:30,8.827344,200.28264,18.758902,205.58148
458,2025-07-19 02:00:00+05:30,7.9220443,201.31798,17.396793,208.42111
459,2025-07-19 03:00:00+05:30,6.603817,197.44728,15.536408,206.86185
460,2025-07-19 04:00:00+05:30,6.698806,186.17007,15.210799,200.79419
461,2025-07-19 05:00:00+05:30,7.040739,184.39862,14.578888,200.22495
462,2025-07-19 06:00:00+05:30,7.5599995,180.0,14.759999,192.68037
463,2025-07-19 07:00:00+05:30,9.360001,202.6199,12.886039,204.77512
464,2025-07-19 08:00:00+05:30,10.483357,195.94547,13.83192,198.19925
465,2025-07-19 09:00:00+05:30,9.582358,208.00908,12.570394,209.1342
466,2025-07-19 10:00:00+05:30,8.643749,211.37296,10.685391,212.61923
467,2025-07-19 11:00:00+05:30,6.603817,197.44728,7.968939,198.43504
468,2025-07-19 12:00:00+05:30,6.1120534,193.62701,7.42159,194.03627
469,2025-07-19 13:00:00+05:30,5.920878,199.53674,7.289444,200.22495
470,2025-07-19 14:00:00+05:30,6.9550843,190.43742,8.613709,190.84026
471,2025-07-19 15:00:00+05:30,8.6867485,185.94676,11.032987,185.6175
472,2025-07-19 16:00:00+05:30,12.921192,198.68744,20.0391,199.41158
473,2025-07-19 17:00:00+05:30,8.101999,181.273,13.543131,184.57384
474,2025-07-19 18:00:00+05:30,5.2200003,180.0,13.060857,187.12492
475,2025-07-19 19:00:00+05:30,6.4323244,162.07199,14.248452,176.37859
476,2025-07-19 20:00:00+05:30,8.11798,176.186,17.714231,185.24706
477,2025-07-19 21:00:00+05:30,8.338489,193.73628,17.932371,199.34442
478,2025-07-19 22:00:00+05:30,6.5248446,204.44394,15.476859,213.13562
479,2025-07-19 23:00:00+05:30,8.507737,186.07236,17.247156,198.24594
480,2025-07-20 00:00:00+05:30,9.746631,184.23631,19.48661,191.72508
481,2025-07-20 01:00:00+05:30,9.208192,175.51547,18.403185,183.92583
482,2025-07-20 02:00:00+05:30,8.6867485,174.05324,17.662945,182.92065
483,2025-07-20 03:00:00+05:30,7.0223074,181.46877,15.2501545,191.57516
484,2025-07-20 04:00:00+05:30,7.208994,177.13765,15.477906,188.69542
485,2025-07-20 05:00:00+05:30,6.8541956,166.32867,13.861168,180.74405
486,2025-07-20 06:00:00+05:30,6.2483597,168.3664,12.611567,182.45398
487,2025-07-20 07:00:00+05:30,8.669949,184.76355,11.966953,186.91113
488,2025-07-20 08:00:00+05:30,8.654986,196.9276,11.442394,199.29015
489,2025-07-20 09:00:00+05:30,6.151683,200.55612,7.754637,201.80147
490,2025-07-20 10:00:00+05:30,4.0449967,212.27562,4.942631,213.11136
491,2025-07-20 11:00:00+05:30,4.0449967,212.27562,4.942631,213.11136
492,2025-07-20 12:00:00+05:30,3.189608,196.38962,3.8141315,199.29015
493,2025-07-20 13:00:00+05:30,3.84796,349.21573,4.0249224,349.69522
494,2025-07-20 14:00:00+05:30,11.225132,15.819268,16.396805,17.241547
495,2025-07-20 15:00:00+05:30,5.7628117,14.470333,7.973005,28.30066
496,2025-07-20 16:00:00+05:30,7.628263,19.290138,10.564941,13.799514
497,2025-07-20 17:00:00+05:30,4.510787,61.389645,7.731623,65.22488
498,2025-07-20 18:00:00+05:30,2.9024127,119.74479,8.78872,124.992096
499,2025-07-20 19:00:00+05:30,5.5916004,123.17853,14.438198,125.86991
500,2025-07-20 20:00:00+05:30,5.9644947,174.80566,13.883356,166.50426
501,2025-07-20 21:00:00+05:30,4.143911,214.3804,11.39842,201.29742
502,2025-07-20 22:00:00+05:30,3.8268526,221.18582,10.897063,210.80138
503,2025-07-20 23:00:00+05:30,2.7475805,238.39255,8.909545,224.9999
504,2025-07-21 00:00:00+05:30,2.6999998,270.0,8.131936,242.30061
505,2025-07-21 01:00:00+05:30,1.659518,257.4712,7.10031,239.53453
506,2025-07-21 02:00:00+05:30,0.40249225,116.56499,3.9518096,210.0685
507,2025-07-21 03:00:00+05:30,1.0948973,80.53775,1.484318,165.96373
508,2025-07-21 04:00:00+05:30,1.1384199,71.564964,0.76367533,135.0001
509,2025-07-21 05:00:00+05:30,1.6199999,90.0,1.4512063,172.87508
510,2025-07-21 06:00:00+05:30,2.5264204,94.08554,1.1384199,108.43504
511,2025-07-21 07:00:00+05:30,2.8460495,55.304783,3.6,53.13002
512,2025-07-21 08:00:00+05:30,3.06,61.92762,3.7971041,58.570484
513,2025-07-21 09:00:00+05:30,1.2727921,81.86999,1.4512063,82.875084
514,2025-07-21 10:00:00+05:30,1.8089776,5.7105074,2.16,360.0
515,2025-07-21 11:00:00+05:30,1.3708391,113.19862,1.7727944,113.962494
516,2025-07-21 12:00:00+05:30,1.5273507,315.0001,1.659518,310.60123
517,2025-07-21 13:00:00+05:30,1.26,360.0,1.659518,347.4712
518,2025-07-21 14:00:00+05:30,2.1068459,19.983198,2.4482646,17.102825
519,2025-07-21 15:00:00+05:30,5.0432134,177.95464,5.9427266,178.26433
520,2025-07-21 16:00:00+05:30,8.996398,109.885254,11.592895,115.76928
521,2025-07-21 17:00:00+05:30,2.4216523,138.01286,4.7657523,169.11452
522,2025-07-21 18:00:00+05:30,4.3832865,199.17911,11.298495,202.47948
523,2025-07-21 19:00:00+05:30,6.12,180.0,13.346729,190.09744
524,2025-07-21 20:00:00+05:30,4.896529,197.10281,13.125196,205.15927
525,2025-07-21 21:00:00+05:30,5.004518,232.3057,12.855831,225.56718
526,2025-07-21 22:00:00+05:30,6.269067,219.17365,15.03835,222.08908
527,2025-07-21 23:00:00+05:30,5.3517847,199.65392,13.799087,210.57915
528,2025-07-22 00:00:00+05:30,7.0015144,197.96924,15.376045,207.1649
529,2025-07-22 01:00:00+05:30,5.402999,209.98155,13.830749,218.65984
530,2025-07-22 02:00:00+05:30,5.004518,232.3057,12.979984,236.3099
531,2025-07-22 03:00:00+05:30,4.2136917,250.0168,11.966953,248.83867
532,2025-07-22 04:00:00+05:30,3.710795,255.96373,10.699028,257.36664
533,2025-07-22 05:00:00+05:30,4.514377,246.50142,10.8792095,253.66388
534,2025-07-22 06:00:00+05:30,4.3349743,221.63345,8.415842,228.46832
535,2025-07-22 07:00:00+05:30,4.2021427,226.73567,5.7628117,231.34016
536,2025-07-22 08:00:00+05:30,3.2048087,231.84273,4.1046314,232.12495
537,2025-07-22 09:00:00+05:30,1.6199999,180.0,1.8089776,185.7105
538,2025-07-22 10:00:00+05:30,4.2175345,140.19447,5.2323985,139.18501
539,2025-07-22 11:00:00+05:30,5.0816135,157.06787,6.5248446,155.55606
540,2025-07-22 12:00:00+05:30,4.8733153,184.23631,6.130579,183.3664
541,2025-07-22 13:00:00+05:30,5.0432134,182.04536,6.302571,181.63654
542,2025-07-22 14:00:00+05:30,6.330782,194.82652,7.771331,193.39252
543,2025-07-22 15:00:00+05:30,7.6579366,203.55228,10.163227,202.93213
544,2025-07-22 16:00:00+05:30,11.298495,202.47948,15.315873,203.55228
545,2025-07-22 17:00:00+05:30,12.966248,193.65044,20.176065,195.52417
546,2025-07-22 18:00:00+05:30,9.9977,166.46413,19.35314,170.36253
547,2025-07-22 19:00:00+05:30,7.922045,181.30193,16.808569,189.86574
548,2025-07-22 20:00:00+05:30,6.7205353,187.69595,15.486278,199.69872
549,2025-07-22 21:00:00+05:30,6.66,198.92474,15.459054,207.75845
550,2025-07-22 22:00:00+05:30,6.151683,200.55612,14.8257065,209.0545
551,2025-07-22 23:00:00+05:30,5.3939967,205.7099,14.081477,212.47118
552,2025-07-23 00:00:00+05:30,3.9477081,204.22774,11.53265,214.18617
553,2025-07-23 01:00:00+05:30,4.2481523,216.38445,11.457958,223.72705
554,2025-07-23 02:00:00+05:30,4.6452556,215.53777,11.975074,227.43669
555,2025-07-23 03:00:00+05:30,3.9312592,195.94547,10.514218,218.04709
556,2025-07-23 04:00:00+05:30,3.148714,210.96368,8.92408,228.27058
557,2025-07-23 05:00:00+05:30,4.293669,213.02386,9.957108,229.39879
558,2025-07-23 06:00:00+05:30,2.0124612,190.3048,4.8433046,221.98714
559,2025-07-23 07:00:00+05:30,2.8116899,219.80553,3.9477081,226.8476
560,2025-07-23 08:00:00+05:30,1.835647,258.6901,2.5264204,265.91446
561,2025-07-23 09:00:00+05:30,2.7534704,78.6901,3.319036,77.4712
562,2025-07-23 10:00:00+05:30,6.3231,85.101,7.9383874,86.09958
563,2025-07-23 11:00:00+05:30,4.7657523,79.11452,6.037383,79.69521
564,2025-07-23 12:00:00+05:30,2.6208394,105.945465,3.1072817,100.00792
565,2025-07-23 13:00:00+05:30,3.7585104,106.699326,4.6730714,105.64231
566,2025-07-23 14:00:00+05:30,3.745557,125.21768,4.599695,120.57915
567,2025-07-23 15:00:00+05:30,5.7204895,155.85446,7.16617,154.72232
568,2025-07-23 16:00:00+05:30,4.452954,165.96373,6.0721655,168.0239
569,2025-07-23 17:00:00+05:30,3.964089,182.60251,7.922045,178.69807
570,2025-07-23 18:00:00+05:30,6.9480934,196.55714,14.766584,189.11778
571,2025-07-23 19:00:00+05:30,6.989936,214.50858,14.572221,205.61543
572,2025-07-23 20:00:00+05:30,5.3517847,227.72638,12.172312,218.3952
573,2025-07-23 21:00:00+05:30,7.9932966,234.16226,17.604149,232.89568
574,2025-07-23 22:00:00+05:30,9.354806,239.98172,19.164717,241.99092
575,2025-07-23 23:00:00+05:30,12.0720825,2.5637162,18.307867,353.22443
576,2025-07-24 00:00:00+05:30,4.802999,12.99463,10.075177,341.24124
577,2025-07-24 01:00:00+05:30,1.6199999,90.0,5.1826253,339.6768
578,2025-07-24 02:00:00+05:30,2.9301877,79.380394,6.391901,32.347424
579,2025-07-24 03:00:00+05:30,2.9024127,119.74479,4.1556225,85.03035
580,2025-07-24 04:00:00+05:30,2.3400002,112.61991,4.323748,92.385895
581,2025-07-24 05:00:00+05:30,2.2553935,61.389645,3.710795,67.16631
582,2025-07-24 06:00:00+05:30,0.54,270.0,0.40249225,26.564985
583,2025-07-24 07:00:00+05:30,3.0758414,290.55612,5.991594,302.7352
584,2025-07-24 08:00:00+05:30,1.3104197,344.05453,2.4149535,333.43503
585,2025-07-24 09:00:00+05:30,3.4388947,42.878906,4.3573384,38.290207
586,2025-07-24 10:00:00+05:30,7.7879906,56.3099,9.885262,56.88865
587,2025-07-24 11:00:00+05:30,6.8423676,54.63746,8.738811,57.619343
588,2025-07-24 12:00:00+05:30,6.601363,64.133705,8.452336,63.435013
589,2025-07-24 13:00:00+05:30,6.151683,69.44387,8.027677,70.346085
590,2025-07-24 14:00:00+05:30,5.983477,74.2913,7.6409945,74.98159
591,2025-07-24 15:00:00+05:30,5.506941,78.6901,6.9550843,79.56258
592,2025-07-24 16:00:00+05:30,4.896529,107.10281,6.4323244,107.92801
593,2025-07-24 17:00:00+05:30,2.97953,115.01687,5.00128,120.256355
594,2025-07-24 18:00:00+05:30,2.36753,8.746089,5.8048253,29.744795
595,2025-07-24 19:00:00+05:30,3.189608,343.61038,6.162207,6.70975
596,2025-07-24 20:00:00+05:30,6.361415,334.8852,11.213581,341.2741
597,2025-07-24 21:00:00+05:30,10.472535,28.767557,20.859041,28.334156
598,2025-07-24 22:00:00+05:30,9.05205,17.354122,17.782688,21.370695
599,2025-07-24 23:00:00+05:30,6.330782,194.82652,4.3536186,209.7448
600,2025-07-25 00:00:00+05:30,2.1749482,335.55606,4.913044,351.57312
601,2025-07-25 01:00:00+05:30,5.876938,40.030197,11.892265,39.47243
602,2025-07-25 02:00:00+05:30,7.596341,36.326923,14.387619,43.479294
603,2025-07-25 03:00:00+05:30,8.29173,27.121223,15.027575,34.26116
604,2025-07-25 04:00:00+05:30,10.548061,36.674442,19.06046,39.251324
605,2025-07-25 05:00:00+05:30,12.870944,42.16582,21.638964,45.673954
606,2025-07-25 06:00:00+05:30,21.46835,69.893684,33.412674,71.467354
607,2025-07-25 07:00:00+05:30,18.172869,73.89863,27.741613,73.79921
608,2025-07-25 08:00:00+05:30,18.030573,75.54753,26.63331,75.11843
609,2025-07-25 09:00:00+05:30,21.139849,74.18857,31.479935,75.08964
610,2025-07-25 10:00:00+05:30,25.190355,76.36093,35.93018,76.38145
611,2025-07-25 11:00:00+05:30,22.700705,79.492035,31.458832,79.78318
612,2025-07-25 12:00:00+05:30,21.978434,64.274445,31.31431,63.729588
613,2025-07-25 13:00:00+05:30,22.186779,93.72124,32.484386,94.130775
614,2025-07-25 14:00:00+05:30,20.907913,87.03913,27.804028,85.54449
615,2025-07-25 15:00:00+05:30,16.084589,95.13629,24.725605,94.17469
616,2025-07-25 16:00:00+05:30,15.299999,115.05759,23.760681,114.62355
617,2025-07-25 17:00:00+05:30,18.435726,170.44579,29.359869,173.31078
618,2025-07-25 18:00:00+05:30,23.50844,161.70369,37.857384,164.8404
619,2025-07-25 19:00:00+05:30,22.315645,146.18172,35.839893,149.18437
620,2025-07-25 20:00:00+05:30,20.767975,146.3099,33.77291,148.51259
621,2025-07-25 21:00:00+05:30,21.892027,135.0001,34.92,137.92505
622,2025-07-25 22:00:00+05:30,20.256998,137.52087,32.80645,141.68382
623,2025-07-25 23:00:00+05:30,20.11656,136.45015,32.312378,139.74496
624,2025-07-26 00:00:00+05:30,20.501833,133.22124,33.101406,136.3219
625,2025-07-26 01:00:00+05:30,22.146584,135.0001,35.54943,137.66783
626,2025-07-26 02:00:00+05:30,19.914215,130.60121,31.967615,132.94646
627,2025-07-26 03:00:00+05:30,18.581894,128.31313,29.971485,131.34769
628,2025-07-26 04:00:00+05:30,17.727943,119.16752,28.867985,122.00535
629,2025-07-26 05:00:00+05:30,16.909464,117.928894,27.196682,120.63851
630,2025-07-26 06:00:00+05:30,14.450535,129.44003,23.350794,130.93654
631,2025-07-26 07:00:00+05:30,14.892213,134.51036,23.164818,135.0001
632,2025-07-26 08:00:00+05:30,17.311846,134.15756,25.08208,133.54617
633,2025-07-26 09:00:00+05:30,17.176563,128.191,24.037918,129.53087
634,2025-07-26 10:00:00+05:30,16.802786,135.86795,23.17041,136.25897
635,2025-07-26 11:00:00+05:30,18.188019,141.42873,24.375216,142.19917
636,2025-07-26 12:00:00+05:30,19.875946,167.97774,26.936325,165.68513
637,2025-07-26 13:00:00+05:30,16.997377,155.60628,22.868502,154.84692
638,2025-07-26 14:00:00+05:30,15.639297,168.04344,21.429073,169.35083
639,2025-07-26 15:00:00+05:30,16.18199,154.2901,22.380884,154.25934
640,2025-07-26 16:00:00+05:30,12.98248,163.0724,18.845062,162.77647
641,2025-07-26 17:00:00+05:30,13.441071,159.62349,23.000591,162.69939
642,2025-07-26 18:00:00+05:30,10.1902895,144.34459,19.267569,150.32161
643,2025-07-26 19:00:00+05:30,11.19189,152.19864,21.25906,158.64896
644,2025-07-26 20:00:00+05:30,10.587918,144.6887,20.63023,150.75127
645,2025-07-26 21:00:00+05:30,9.984729,146.0234,19.963776,153.204
646,2025-07-26 22:00:00+05:30,10.34178,148.52321,20.454369,155.0136
647,2025-07-26 23:00:00+05:30,11.612441,161.00325,22.180206,166.86597
648,2025-07-27 00:00:00+05:30,8.133928,155.13632,17.552536,166.96133
649,2025-07-27 01:00:00+05:30,8.863972,150.83249,17.706913,162.85437
650,2025-07-27 02:00:00+05:30,8.452336,153.43501,17.085785,163.47412
651,2025-07-27 03:00:00+05:30,9.085988,146.3099,17.95404,154.46262
652,2025-07-27 04:00:00+05:30,8.996398,160.11475,18.204933,165.68892
653,2025-07-27 05:00:00+05:30,9.0,163.73972,17.489666,171.11942
654,2025-07-27 06:00:00+05:30,12.172312,203.53236,20.875343,209.4384
655,2025-07-27 07:00:00+05:30,10.589448,211.79887,15.726067,213.32631
656,2025-07-27 08:00:00+05:30,10.233123,219.28938,14.545515,220.98573
657,2025-07-27 09:00:00+05:30,11.500296,219.92033,15.426535,221.68896
658,2025-07-27 10:00:00+05:30,11.778658,218.79657,14.957339,219.62897
659,2025-07-27 11:00:00+05:30,10.348043,220.06071,13.15971,220.0062
660,2025-07-27 12:00:00+05:30,9.648067,216.6562,12.348051,216.70294
661,2025-07-27 13:00:00+05:30,10.805998,209.98155,13.891522,211.21834
662,2025-07-27 14:00:00+05:30,10.429132,201.25058,13.8049555,202.21765
663,2025-07-27 15:00:00+05:30,12.0653715,178.29022,16.380001,180.0
664,2025-07-27 16:00:00+05:30,12.049249,193.82867,19.070658,197.57994
665,2025-07-27 17:00:00+05:30,7.9077177,191.82146,12.011544,199.24962
666,2025-07-27 18:00:00+05:30,9.96524,196.79845,18.057508,203.49858
667,2025-07-27 19:00:00+05:30,7.4867883,207.18103,15.528064,214.6112
668,2025-07-27 20:00:00+05:30,5.4744864,189.46225,12.96125,207.27667
669,2025-07-27 21:00:00+05:30,6.87779,173.99109,14.508715,191.44931
670,2025-07-27 22:00:00+05:30,5.426933,174.2895,13.379461,190.85637
671,2025-07-27 23:00:00+05:30,4.3349743,175.23645,11.832176,193.19061
672,2025-07-28 00:00:00+05:30,3.9312592,195.94547,11.298495,202.47948
673,2025-07-28 01:00:00+05:30,5.426933,185.7105,12.904882,202.98874
674,2025-07-28 02:00:00+05:30,9.109138,209.60435,18.589739,223.4307
675,2025-07-28 03:00:00+05:30,11.7662735,240.6901,21.768095,246.61476
676,2025-07-28 04:00:00+05:30,10.223619,243.88614,19.976757,245.51334
677,2025-07-28 05:00:00+05:30,8.528657,225.85501,16.985933,229.72806
678,2025-07-28 06:00:00+05:30,6.424764,168.69011,15.62686,204.49857
679,2025-07-28 07:00:00+05:30,10.8015,203.57472,15.618566,207.45091
680,2025-07-28 08:00:00+05:30,10.086427,214.82455,15.236338,218.76553
681,2025-07-28 09:00:00+05:30,11.975074,227.43669,17.10284,229.26797
682,2025-07-28 10:00:00+05:30,12.399113,219.69904,17.00881,219.41737
683,2025-07-28 11:00:00+05:30,8.536252,227.56381,10.703569,227.72638
684,2025-07-28 12:00:00+05:30,10.196647,249.3255,13.672893,249.17903
685,2025-07-28 13:00:00+05:30,8.827344,249.71735,12.367716,248.66307
686,2025-07-28 14:00:00+05:30,2.8856194,176.42374,4.278551,194.62091
687,2025-07-28 15:00:00+05:30,7.562142,178.63611,10.446206,178.02512
688,2025-07-28 16:00:00+05:30,7.0015144,197.96924,10.966713,203.19862
689,2025-07-28 17:00:00+05:30,5.5916004,213.17853,11.019764,218.36752
690,2025-07-28 18:00:00+05:30,6.830519,198.43504,14.356058,210.10121
691,2025-07-28 19:00:00+05:30,7.628263,199.29015,15.743569,210.96368
692,2025-07-28 20:00:00+05:30,7.2359104,185.7105,15.14783,200.1577
693,2025-07-28 21:00:00+05:30,6.6697226,183.094,13.88919,198.90466
694,2025-07-28 22:00:00+05:30,7.92,180.0,15.745627,190.53912
695,2025-07-28 23:00:00+05:30,4.379589,170.53775,11.588701,186.24182
696,2025-07-29 00:00:00+05:30,5.00128,239.74365,10.062305,227.17476
697,2025-07-29 01:00:00+05:30,3.7842832,182.72626,10.028439,201.03758
698,2025-07-29 02:00:00+05:30,6.6087217,209.35765,13.0806875,214.34616
699,2025-07-29 03:00:00+05:30,5.7852573,185.35573,11.132385,202.8337
700,2025-07-29 04:00:00+05:30,5.950899,176.53185,10.534229,199.9832
701,2025-07-29 05:00:00+05:30,7.24486,153.43501,12.093534,175.7322
702,2025-07-29 06:00:00+05:30,8.019601,189.0394,12.758432,196.38962
703,2025-07-29 07:00:00+05:30,6.77575,196.9909,11.269782,206.56499
704,2025-07-29 08:00:00+05:30,8.654987,224.9999,13.246826,227.20262
705,2025-07-29 09:00:00+05:30,2.9024127,240.2552,4.510787,241.38963
706,2025-07-29 10:00:00+05:30,5.5829024,178.15244,7.208994,182.86235
707,2025-07-29 11:00:00+05:30,6.7205353,187.69595,8.649369,192.01146
708,2025-07-29 12:00:00+05:30,8.155807,202.03629,10.564942,203.07043
709,2025-07-29 13:00:00+05:30,9.779817,186.3401,12.145665,186.80896
710,2025-07-29 14:00:00+05:30,11.705537,181.76236,16.920958,179.3905
711,2025-07-29 15:00:00+05:30,11.9466305,186.0541,16.836496,186.13716
712,2025-07-29 16:00:00+05:30,11.157096,190.2221,15.501959,192.74529
713,2025-07-29 17:00:00+05:30,9.087772,172.03047,14.799459,175.81517
714,2025-07-29 18:00:00+05:30,9.391102,167.82855,17.519281,175.28532
715,2025-07-29 19:00:00+05:30,9.292255,158.40463,17.968472,169.0278
716,2025-07-29 20:00:00+05:30,9.361731,142.02834,17.95404,154.46262
717,2025-07-29 21:00:00+05:30,10.055864,135.72514,19.171478,145.71307
718,2025-07-29 22:00:00+05:30,8.92408,138.27058,17.373497,145.9806
719,2025-07-29 23:00:00+05:30,11.212135,137.60262,19.706507,140.93153
720,2025-07-30 00:00:00+05:30,14.796175,143.40881,24.464113,147.01147
721,2025-07-30 01:00:00+05:30,11.480557,138.81418,19.77462,145.0079
722,2025-07-30 02:00:00+05:30,10.589448,121.79887,18.880276,131.13445
723,2025-07-30 03:00:00+05:30,12.601285,134.42136,20.81239,139.56003
724,2025-07-30 04:00:00+05:30,9.432412,131.90585,16.895088,141.0542
725,2025-07-30 05:00:00+05:30,10.656547,127.45065,18.59845,132.64667
726,2025-07-30 06:00:00+05:30,12.601285,135.57864,18.584509,135.78474
727,2025-07-30 07:00:00+05:30,11.144021,148.8776,16.144905,149.14587
728,2025-07-30 08:00:00+05:30,10.464797,153.43501,14.182355,156.0375
729,2025-07-30 09:00:00+05:30,13.374618,151.02039,17.311846,152.10281
730,2025-07-30 10:00:00+05:30,13.619471,150.72484,19.408306,151.77132
731,2025-07-30 11:00:00+05:30,18.900856,160.5296,26.02043,160.18611
732,2025-07-30 12:00:00+05:30,12.800266,154.15567,17.399586,155.55606
733,2025-07-30 13:00:00+05:30,12.367716,158.66307,16.179985,159.14546
734,2025-07-30 14:00:00+05:30,13.248049,143.2857,17.748037,143.24623
735,2025-07-30 15:00:00+05:30,11.304229,142.76509,15.986593,144.16226
736,2025-07-30 16:00:00+05:30,14.607751,157.54301,20.65848,157.4569
737,2025-07-30 17:00:00+05:30,12.56008,154.5367,19.888983,154.8265
738,2025-07-30 18:00:00+05:30,9.801326,135.74397,17.205778,137.9683
739,2025-07-30 19:00:00+05:30,7.2649574,131.98714,13.551501,140.38934
740,2025-07-30 20:00:00+05:30,6.050785,149.62096,11.39842,164.4274
741,2025-07-30 21:00:00+05:30,3.710795,194.03627,10.587918,215.3113
742,2025-07-30 22:00:00+05:30,3.189608,196.38962,8.669949,228.36655
743,2025-07-30 23:00:00+05:30,7.16617,205.27768,12.88981,215.90982
744,2025-07-31 00:00:00+05:30,9.059205,200.95586,14.186923,215.70677
745,2025-07-31 01:00:00+05:30,7.172949,197.52567,14.896563,226.46873
746,2025-07-31 02:00:00+05:30,7.145796,220.91429,16.42247,243.9967
747,2025-07-31 03:00:00+05:30,8.209263,217.87505,15.882896,231.44157
748,2025-07-31 04:00:00+05:30,5.8631387,197.87878,10.739832,219.55963
749,2025-07-31 05:00:00+05:30,8.14587,224.9999,15.3771,231.65439
750,2025-07-31 06:00:00+05:30,14.481893,212.30731,23.688984,216.34755
751,2025-07-31 07:00:00+05:30,17.194475,227.12111,27.013197,227.70068
752,2025-07-31 08:00:00+05:30,9.499158,207.05052,14.277983,213.6901
753,2025-07-31 09:00:00+05:30,11.854062,221.92245,17.441433,223.74562
754,2025-07-31 10:00:00+05:30,13.647988,221.25691,18.864824,221.90585
755,2025-07-31 11:00:00+05:30,11.583109,212.94922,15.676542,214.23752
756,2025-07-31 12:00:00+05:30,10.548061,216.67444,13.608762,217.47626
757,2025-07-31 13:00:00+05:30,11.854062,221.92245,15.15104,223.55594
758,2025-07-31 14:00:00+05:30,14.84318,219.09384,20.49314,218.58124
759,2025-07-31 15:00:00+05:30,9.422101,186.58185,16.024044,194.97292
760,2025-07-31 16:00:00+05:30,8.827343,196.58742,13.779114,199.8553
761,2025-07-31 17:00:00+05:30,13.644427,210.96368,22.119503,214.7247
762,2025-07-31 18:00:00+05:30,7.674842,230.7106,17.174677,236.97612
763,2025-07-31 19:00:00+05:30,9.449572,220.36446,18.96503,225.38449
764,2025-07-31 20:00:00+05:30,9.582358,208.00908,19.62,213.39851
765,2025-07-31 21:00:00+05:30,8.699793,204.44394,18.337044,211.34952
766,2025-07-31 22:00:00+05:30,6.8138976,192.20045,15.618566,207.45091
767,2025-07-31 23:00:00+05:30,5.637765,196.69933,13.929953,205.2405
768,2025-08-01 00:00:00+05:30,7.186487,202.06795,15.874734,209.18071
769,2025-08-01 01:00:00+05:30,6.130579,176.6336,13.896187,196.55714
770,2025-08-01 02:00:00+05:30,7.3094187,170.07382,13.948548,197.2659
771,2025-08-01 03:00:00+05:30,11.571914,195.33334,20.793701,200.78831
772,2025-08-01 04:00:00+05:30,10.182337,224.9999,19.229696,226.8965
773,2025-08-01 05:00:00+05:30,8.688613,219.95749,17.31746,226.68465
774,2025-08-01 06:00:00+05:30,9.12513,202.01134,15.589497,211.30406
775,2025-08-01 07:00:00+05:30,9.734988,213.6901,13.33094,214.54843
776,2025-08-01 08:00:00+05:30,9.97986,219.14398,13.14,221.112
777,2025-08-01 09:00:00+05:30,18.484869,247.68051,25.239185,249.1091
778,2025-08-01 10:00:00+05:30,9.354806,239.98172,12.56008,244.5367
779,2025-08-01 11:00:00+05:30,10.1887,237.99466,13.397612,239.30035
780,2025-08-01 12:00:00+05:30,10.957846,222.33694,14.128566,224.4839
781,2025-08-01 13:00:00+05:30,10.718693,220.91429,13.767352,221.82008
782,2025-08-01 14:00:00+05:30,10.296251,216.46933,13.184308,218.90414
783,2025-08-01 15:00:00+05:30,8.777653,195.46127,11.052058,196.07364
784,2025-08-01 16:00:00+05:30,12.324414,186.70975,18.329975,187.33429
785,2025-08-01 17:00:00+05:30,11.995349,205.79597,18.837322,206.0753
786,2025-08-01 18:00:00+05:30,5.7599998,180.0,13.619471,187.59456
787,2025-08-01 19:00:00+05:30,8.297589,183.73132,16.946787,192.26476
788,2025-08-01 20:00:00+05:30,7.970972,173.51703,16.521805,187.51205
789,2025-08-01 21:00:00+05:30,8.297589,176.26868,16.75064,188.65247
790,2025-08-01 22:00:00+05:30,8.613709,190.84026,17.363237,199.37424
791,2025-08-01 23:00:00+05:30,8.490582,212.00534,17.907963,219.2894
792,2025-08-02 00:00:00+05:30,10.390226,194.03627,19.813087,204.70241
793,2025-08-02 01:00:00+05:30,10.440001,180.0,19.44833,187.98003
794,2025-08-02 02:00:00+05:30,10.261578,178.99493,18.775301,184.39862
795,2025-08-02 03:00:00+05:30,8.338489,193.73628,16.34832,200.62996
796,2025-08-02 04:00:00+05:30,7.208994,182.86235,14.241629,196.14441
797,2025-08-02 05:00:00+05:30,8.11798,183.814,15.542662,193.39252
798,2025-08-02 06:00:00+05:30,7.9383874,176.09958,15.367616,193.54796
799,2025-08-02 07:00:00+05:30,10.587917,197.81898,15.210799,200.79419
800,2025-08-02 08:00:00+05:30,11.91812,205.01686,16.42247,206.0033
801,2025-08-02 09:00:00+05:30,12.172312,203.53236,16.344357,205.43617
802,2025-08-02 10:00:00+05:30,12.669238,202.55728,16.104721,205.13292
803,2025-08-02 11:00:00+05:30,8.613709,169.15974,11.230904,173.5585
804,2025-08-02 12:00:00+05:30,10.209348,170.8699,13.379461,169.14363
805,2025-08-02 13:00:00+05:30,11.500296,197.30061,15.379206,196.31393
806,2025-08-02 14:00:00+05:30,8.6867485,174.05324,11.734564,175.60138
807,2025-08-02 15:00:00+05:30,11.571914,164.66666,16.109747,166.42955
808,2025-08-02 16:00:00+05:30,12.841963,148.76085,19.179081,150.7888
809,2025-08-02 17:00:00+05:30,9.5535755,132.70937,15.971386,140.02913
810,2025-08-02 18:00:00+05:30,7.256032,119.74479,14.51876,137.00955
811,2025-08-02 19:00:00+05:30,9.313152,138.91835,18.603678,151.69934
812,2025-08-02 20:00:00+05:30,9.499158,152.94948,19.078302,166.35707
813,2025-08-02 21:00:00+05:30,9.499157,189.81923,19.003431,185.9805
814,2025-08-02 22:00:00+05:30,4.73506,188.74608,14.275713,185.06352
815,2025-08-02 23:00:00+05:30,7.3821945,181.39716,15.141414,198.00426
816,2025-08-03 00:00:00+05:30,9.178235,168.69011,18.539999,180.0
817,2025-08-03 01:00:00+05:30,8.731391,165.67725,18.382044,182.8063
818,2025-08-03 02:00:00+05:30,10.233123,219.28938,19.134262,221.18582
819,2025-08-03 03:00:00+05:30,8.311245,184.96965,16.810495,192.99461
820,2025-08-03 04:00:00+05:30,8.490582,158.87521,16.902758,172.04257
821,2025-08-03 05:00:00+05:30,10.34178,148.52321,19.809813,160.90642
822,2025-08-03 06:00:00+05:30,13.41453,168.38855,24.11261,173.14034
823,2025-08-03 07:00:00+05:30,14.275713,174.93648,21.25906,177.57372
824,2025-08-03 08:00:00+05:30,16.22498,176.82024,23.051247,178.21013
825,2025-08-03 09:00:00+05:30,17.280937,179.4032,24.12067,180.42757
826,2025-08-03 10:00:00+05:30,15.506141,189.3529,20.27059,189.71318
827,2025-08-03 11:00:00+05:30,13.450708,195.52417,17.258425,196.3559
828,2025-08-03 12:00:00+05:30,22.553936,208.61037,31.033691,209.53868
829,2025-08-03 13:00:00+05:30,8.649369,167.98854,11.633348,171.99536
830,2025-08-03 14:00:00+05:30,19.963776,206.796,26.161995,206.56499
831,2025-08-03 15:00:00+05:30,9.340941,205.08356,13.125196,205.15927
832,2025-08-03 16:00:00+05:30,13.1412325,193.46523,19.21284,195.2081
833,2025-08-03 17:00:00+05:30,10.094454,183.06642,16.280798,185.7105
834,2025-08-03 18:00:00+05:30,13.306615,203.09685,22.73707,203.31773
835,2025-08-03 19:00:00+05:30,12.108261,185.11722,20.95203,188.89578
836,2025-08-03 20:00:00+05:30,12.576836,189.05782,22.523746,190.59148
837,2025-08-03 21:00:00+05:30,11.720751,190.6196,21.829777,193.34874
838,2025-08-03 22:00:00+05:30,11.755254,191.48196,21.872036,193.80754
839,2025-08-03 23:00:00+05:30,10.316686,173.99109,18.969301,184.899
840,2025-08-04 00:00:00+05:30,8.731391,165.67725,16.740969,180.61604
841,2025-08-04 01:00:00+05:30,10.692969,216.09837,19.770523,213.11136
842,2025-08-04 02:00:00+05:30,7.841888,260.75397,14.572221,244.38455
843,2025-08-04 03:00:00+05:30,2.50064,239.74365,5.48631,228.99101
844,2025-08-04 04:00:00+05:30,0.56920993,341.56494,2.0124612,243.43501
845,2025-08-04 05:00:00+05:30,5.0432134,177.95464,9.449572,197.74477
846,2025-08-04 06:00:00+05:30,9.761578,185.29,19.778715,193.15096
847,2025-08-04 07:00:00+05:30,12.221456,189.32352,22.43944,193.9248
848,2025-08-04 08:00:00+05:30,13.504799,201.0924,19.787722,201.89825
849,2025-08-04 09:00:00+05:30,11.770403,203.42871,16.1198,203.70265
850,2025-08-04 10:00:00+05:30,8.827344,200.28264,11.503113,200.13638
851,2025-08-04 11:00:00+05:30,8.891344,201.37068,11.631956,201.80147
852,2025-08-04 12:00:00+05:30,10.096059,191.30989,12.9249525,192.875
853,2025-08-04 13:00:00+05:30,8.4042845,189.86574,10.739833,193.57045
854,2025-08-04 14:00:00+05:30,16.276815,231.73596,23.586184,231.81818
855,2025-08-04 15:00:00+05:30,5.0432134,182.04536,7.3094187,189.92618
856,2025-08-04 16:00:00+05:30,2.5959969,146.3099,3.381893,154.7989
857,2025-08-04 17:00:00+05:30,2.2553935,241.38963,3.550155,239.53453
858,2025-08-04 18:00:00+05:30,4.353619,172.87508,11.39842,195.5726
859,2025-08-04 19:00:00+05:30,7.7420926,197.59251,16.62444,199.61218
860,2025-08-04 20:00:00+05:30,6.601363,205.8663,14.813683,207.49905
861,2025-08-04 21:00:00+05:30,7.6579366,203.55228,16.836496,208.75702
862,2025-08-04 22:00:00+05:30,5.728979,223.72705,14.009968,227.08257
863,2025-08-04 23:00:00+05:30,5.983477,226.2188,13.577776,231.45879
864,2025-08-05 00:00:00+05:30,4.2481523,216.38445,11.079873,226.97493
865,2025-08-05 01:00:00+05:30,6.7397914,145.88548,11.052058,173.45381
866,2025-08-05 02:00:00+05:30,7.0591216,160.64091,13.510796,177.70944
867,2025-08-05 03:00:00+05:30,6.330782,165.17348,13.466357,188.45494
868,2025-08-05 04:00:00+05:30,6.279395,152.70052,13.004921,175.23645
869,2025-08-05 05:00:00+05:30,9.526405,112.20353,15.189484,130.67485
870,2025-08-05 06:00:00+05:30,11.351422,165.30264,16.284779,166.57816
871,2025-08-05 07:00:00+05:30,9.54679,177.83897,13.5012,179.23611
872,2025-08-05 08:00:00+05:30,10.957847,194.26454,14.36621,195.25517
873,2025-08-05 09:00:00+05:30,11.609651,209.7448,14.913952,209.65901
874,2025-08-05 10:00:00+05:30,9.585739,214.28693,12.283599,214.85452
875,2025-08-05 11:00:00+05:30,8.027678,222.27362,10.316686,222.87889
876,2025-08-05 12:00:00+05:30,5.983477,223.7812,7.382195,224.9999
877,2025-08-05 13:00:00+05:30,4.278551,247.75093,5.2478566,247.8336
878,2025-08-05 14:00:00+05:30,7.9932966,215.83774,11.808878,217.56866
879,2025-08-05 15:00:00+05:30,6.8612823,175.4861,9.181765,181.12328
880,2025-08-05 16:00:00+05:30,10.8955765,187.59456,15.477906,188.69542
881,2025-08-05 17:00:00+05:30,6.5520988,200.92458,9.292255,201.59537
882,2025-08-05 18:00:00+05:30,8.149847,173.6599,16.395817,182.51682
883,2025-08-05 19:00:00+05:30,7.9465466,193.0919,16.344357,196.63889
884,2025-08-05 20:00:00+05:30,9.746631,184.23631,18.772715,194.436
885,2025-08-05 21:00:00+05:30,9.375563,176.6982,18.151463,187.40681
886,2025-08-05 22:00:00+05:30,9.243311,186.70975,18.511143,193.49574
887,2025-08-05 23:00:00+05:30,8.477216,183.65215,17.69593,189.36644
888,2025-08-06 00:00:00+05:30,7.555712,192.38075,16.418526,195.25517
889,2025-08-06 01:00:00+05:30,7.570707,198.00426,16.45007,203.19861
890,2025-08-06 02:00:00+05:30,7.689603,212.57405,16.575644,214.3804
891,2025-08-06 03:00:00+05:30,6.9480934,216.57312,15.30741,221.18582
892,2025-08-06 04:00:00+05:30,5.072041,207.47435,13.213765,217.8066
893,2025-08-06 05:00:00+05:30,5.983477,223.7812,13.767352,228.17992
894,2025-08-06 06:00:00+05:30,12.081473,213.45334,21.744267,216.5854
895,2025-08-06 07:00:00+05:30,12.346741,225.59058,21.396542,227.0454
896,2025-08-06 08:00:00+05:30,12.514855,229.66693,21.112242,230.88245
897,2025-08-06 09:00:00+05:30,13.608762,232.52374,22.32653,234.51593
898,2025-08-06 10:00:00+05:30,14.004185,232.83543,21.240763,233.61555
899,2025-08-06 11:00:00+05:30,13.905509,248.74942,19.469975,250.55988
900,2025-08-06 12:00:00+05:30,15.316933,267.30576,20.728153,267.01343
901,2025-08-06 13:00:00+05:30,14.275713,264.93646,19.30117,266.25708
902,2025-08-06 14:00:00+05:30,11.897714,259.54013,15.861461,260.85843
903,2025-08-06 15:00:00+05:30,11.543881,259.21576,15.713702,260.10614
904,2025-08-06 16:00:00+05:30,12.616702,222.10866,18.713942,223.83095
905,2025-08-06 17:00:00+05:30,11.328566,225.64366,19.601,224.9999
906,2025-08-06 18:00:00+05:30,8.037761,214.04597,14.275713,228.06656
907,2025-08-06 19:00:00+05:30,6.1437774,211.82741,13.356437,217.33327
908,2025-08-06 20:00:00+05:30,7.2202215,184.28908,13.945064,203.58704
909,2025-08-06 21:00:00+05:30,4.8466477,195.06854,11.090103,215.75398
910,2025-08-06 22:00:00+05:30,7.289444,200.22495,13.943901,219.23735
911,2025-08-06 23:00:00+05:30,8.0599,209.42737,15.561413,221.24817
912,2025-08-07 00:00:00+05:30,8.536252,222.43619,17.00881,230.58263
913,2025-08-07 01:00:00+05:30,8.404285,223.26433,16.427402,235.26508
914,2025-08-07 02:00:00+05:30,8.39657,239.0363,16.904673,243.43501
915,2025-08-07 03:00:00+05:30,8.748075,233.3658,16.994516,241.53493
916,2025-08-07 04:00:00+05:30,7.0934615,234.29321,15.315873,246.44772
917,2025-08-07 05:00:00+05:30,6.299999,233.13002,13.638489,247.49643
918,2025-08-07 06:00:00+05:30,8.281956,222.35739,14.386494,238.29861
919,2025-08-07 07:00:00+05:30,12.819235,231.84273,18.832165,234.3349
920,2025-08-07 08:00:00+05:30,7.172949,252.47433,10.484902,258.11136
921,2025-08-07 09:00:00+05:30,6.989936,214.50858,8.942214,220.10085
922,2025-08-07 10:00:00+05:30,7.289445,212.90524,9.473541,218.82983
923,2025-08-07 11:00:00+05:30,6.854195,209.93143,8.6867485,214.0194
924,2025-08-07 12:00:00+05:30,7.570707,198.00426,9.165871,199.50253
925,2025-08-07 13:00:00+05:30,10.1902895,234.34457,13.633737,227.67548
926,2025-08-07 14:00:00+05:30,3.362677,195.52417,4.445672,201.37068
927,2025-08-07 15:00:00+05:30,10.742848,188.6731,14.087228,190.3048
928,2025-08-07 16:00:00+05:30,8.821836,178.83089,11.712455,182.64249
929,2025-08-07 17:00:00+05:30,9.582359,174.61078,14.799459,175.81517
930,2025-08-07 18:00:00+05:30,8.049845,153.43501,15.5843,173.36758
931,2025-08-07 19:00:00+05:30,5.896202,167.66092,13.350371,183.86539
932,2025-08-07 20:00:00+05:30,8.287822,182.4895,16.697365,191.18877
933,2025-08-07 21:00:00+05:30,8.790563,169.3804,17.460928,179.40936
934,2025-08-07 22:00:00+05:30,11.465024,157.86446,20.890083,161.40884
935,2025-08-07 23:00:00+05:30,11.620809,163.81073,20.955122,166.0831
936,2025-08-08 00:00:00+05:30,11.19189,152.19864,19.80409,154.1337
937,2025-08-08 01:00:00+05:30,8.287822,177.5105,14.944336,181.38033
938,2025-08-08 02:00:00+05:30,10.8955765,172.40544,18.969301,175.101
939,2025-08-08 03:00:00+05:30,11.304229,170.83772,19.759048,173.19878
940,2025-08-08 04:00:00+05:30,9.299225,165.42575,17.393066,173.46346
941,2025-08-08 05:00:00+05:30,9.743305,168.27492,16.997375,174.53099
942,2025-08-08 06:00:00+05:30,13.110376,225.55618,21.203358,229.82083
943,2025-08-08 07:00:00+05:30,7.4672885,254.62369,12.585848,253.37917
944,2025-08-08 08:00:00+05:30,6.804381,217.47626,10.601679,220.17917
945,2025-08-08 09:00:00+05:30,12.229406,222.61401,17.448862,222.90984
946,2025-08-08 10:00:00+05:30,13.213765,217.8066,19.06046,219.25133
947,2025-08-08 11:00:00+05:30,15.804164,217.13101,22.2924,218.44308
948,2025-08-08 12:00:00+05:30,13.403656,202.08722,19.24738,204.88739
949,2025-08-08 13:00:00+05:30,10.948973,207.40749,14.98331,208.72023
950,2025-08-08 14:00:00+05:30,13.729647,214.31514,18.624563,214.76527
951,2025-08-08 15:00:00+05:30,9.668195,204.17911,15.861463,207.72816
952,2025-08-08 16:00:00+05:30,8.431228,196.1135,14.517644,199.55835
953,2025-08-08 17:00:00+05:30,7.928178,177.39749,15.338071,184.03763
954,2025-08-08 18:00:00+05:30,9.19939,149.42085,16.344357,163.36111
955,2025-08-08 19:00:00+05:30,10.8792095,141.04408,20.530258,148.2609
956,2025-08-08 20:00:00+05:30,10.185519,136.43204,19.987295,141.58191
957,2025-08-08 21:00:00+05:30,10.404249,149.88635,20.160805,156.86855
958,2025-08-08 22:00:00+05:30,10.874741,155.55606,20.54919,161.08882
959,2025-08-08 23:00:00+05:30,11.298495,157.52052,21.240763,163.25417
960,2025-08-09 00:00:00+05:30,11.265469,167.074,21.129885,171.1797
961,2025-08-09 01:00:00+05:30,10.1376915,173.8846,19.540573,174.18446
962,2025-08-09 02:00:00+05:30,8.490582,237.99466,15.413928,227.36629
963,2025-08-09 03:00:00+05:30,7.208994,182.86235,15.192682,193.70699
964,2025-08-09 04:00:00+05:30,8.149847,173.6599,16.404707,183.1449
965,2025-08-09 05:00:00+05:30,10.805999,181.9091,19.937794,186.73996
966,2025-08-09 06:00:00+05:30,15.226764,173.21112,23.99475,176.12881
967,2025-08-09 07:00:00+05:30,16.954432,183.65215,24.918789,184.55733
968,2025-08-09 08:00:00+05:30,16.068466,167.05348,22.936407,171.42485
969,2025-08-09 09:00:00+05:30,17.968472,190.9722,24.472717,189.73938
970,2025-08-09 10:00:00+05:30,13.776763,197.48808,18.78393,198.43504
971,2025-08-09 11:00:00+05:30,15.881875,197.81898,21.347271,197.67114
972,2025-08-09 12:00:00+05:30,14.827893,190.49142,20.015642,191.41095
973,2025-08-09 13:00:00+05:30,14.766584,189.11778,20.240997,189.21095
974,2025-08-09 14:00:00+05:30,16.284779,193.42184,22.43944,193.9248
975,2025-08-09 15:00:00+05:30,15.956163,191.05637,22.416323,191.5806
976,2025-08-09 16:00:00+05:30,15.922624,190.42065,24.216522,191.14285
977,2025-08-09 17:00:00+05:30,14.120538,191.0234,23.881054,193.51254
978,2025-08-09 18:00:00+05:30,12.261158,176.6336,22.859999,180.0
979,2025-08-09 19:00:00+05:30,13.684735,178.4926,24.871935,182.90376
980,2025-08-09 20:00:00+05:30,12.0720825,177.43628,22.885496,182.70482
981,2025-08-09 21:00:00+05:30,12.241323,179.1575,23.264606,183.54861
982,2025-08-09 22:00:00+05:30,11.734564,175.60138,22.32653,181.38588
983,2025-08-09 23:00:00+05:30,11.35285,182.72626,21.72638,186.18283
984,2025-08-10 00:00:00+05:30,12.549757,188.24623,22.805367,191.84206
985,2025-08-10 01:00:00+05:30,13.110376,188.68628,23.313995,193.39252
986,2025-08-10 02:00:00+05:30,12.429127,190.00792,22.575474,195.25517
987,2025-08-10 03:00:00+05:30,9.743305,191.72508,19.242327,197.41806
988,2025-08-10 04:00:00+05:30,9.0,180.0,18.216497,191.9761
989,2025-08-10 05:00:00+05:30,8.149847,173.6599,16.700275,187.43132
990,2025-08-10 06:00:00+05:30,10.2742,176.98727,22.033648,184.6858
991,2025-08-10 07:00:00+05:30,11.989945,187.76508,17.01738,190.359
992,2025-08-10 08:00:00+05:30,12.849528,191.30989,17.377226,193.17256
993,2025-08-10 09:00:00+05:30,13.672893,200.82097,18.58451,201.59537
994,2025-08-10 10:00:00+05:30,12.011544,209.63829,16.208998,209.98155
995,2025-08-10 11:00:00+05:30,11.19189,207.80136,14.266632,209.4758
996,2025-08-10 12:00:00+05:30,13.169556,201.65605,16.78156,202.71445
997,2025-08-10 13:00:00+05:30,12.534257,192.43954,16.109747,193.57045
998,2025-08-10 14:00:00+05:30,15.141414,208.39293,19.581154,209.15683
999,2025-08-10 15:00:00+05:30,8.217153,208.8107,11.521406,208.96756
1000,2025-08-10 16:00:00+05:30,10.801499,179.04518,15.84409,181.30193
1001,2025-08-10 17:00:00+05:30,7.5019197,210.25635,13.151091,210.4257
1002,2025-08-10 18:00:00+05:30,10.759423,197.52565,20.778112,197.6502
1003,2025-08-10 19:00:00+05:30,11.341428,180.90936,22.17217,187.93266
1004,2025-08-10 20:00:00+05:30,11.431063,187.23683,22.483435,194.37004
1005,2025-08-10 21:00:00+05:30,9.9587345,186.22574,20.345573,193.29858
1006,2025-08-10 22:00:00+05:30,10.805999,181.9091,21.103033,188.33736
1007,2025-08-10 23:00:00+05:30,11.409785,186.3401,21.851286,191.40247
1008,2025-08-11 00:00:00+05:30,11.767651,186.14653,22.380884,191.12915
1009,2025-08-11 01:00:00+05:30,11.375658,184.53769,21.639713,191.0295
1010,2025-08-11 02:00:00+05:30,11.367109,190.95403,21.862406,197.24155
1011,2025-08-11 03:00:00+05:30,8.891344,201.37068,18.359999,208.07239
1012,2025-08-11 04:00:00+05:30,8.528657,187.27492,17.381886,201.25058
1013,2025-08-11 05:00:00+05:30,8.281956,181.24533,16.327497,194.03627
1014,2025-08-11 06:00:00+05:30,7.2359104,174.2895,14.721535,191.99687
1015,2025-08-11 07:00:00+05:30,9.114471,189.0902,12.673074,191.4695
1016,2025-08-11 08:00:00+05:30,11.534054,202.9638,15.388685,204.16663
1017,2025-08-11 09:00:00+05:30,10.070353,204.27443,12.72283,205.1148
1018,2025-08-11 10:00:00+05:30,9.565437,199.79897,11.966953,201.16133
1019,2025-08-11 11:00:00+05:30,9.505977,198.77812,11.7827835,198.71184
1020,2025-08-11 12:00:00+05:30,10.094454,211.13892,13.6289835,213.6901
1021,2025-08-11 13:00:00+05:30,6.050785,202.751,7.970972,205.40767
1022,2025-08-11 14:00:00+05:30,3.494968,214.50858,4.752136,217.30403
1023,2025-08-11 15:00:00+05:30,5.7515564,200.13638,7.120815,200.72563
1024,2025-08-11 16:00:00+05:30,9.585739,214.28693,12.830604,214.13599
1025,2025-08-11 17:00:00+05:30,9.109138,209.60435,15.898188,210.62993
1026,2025-08-11 18:00:00+05:30,6.6697226,183.094,15.151039,189.57416
1027,2025-08-11 19:00:00+05:30,6.2999997,180.0,15.095336,188.22664
1028,2025-08-11 20:00:00+05:30,7.458606,171.67444,16.966848,184.25876
1029,2025-08-11 21:00:00+05:30,7.3094187,170.07382,16.774803,183.69131
1030,2025-08-11 22:00:00+05:30,8.669949,184.76355,18.568813,191.7456
1031,2025-08-11 23:00:00+05:30,9.080639,193.7608,19.18246,198.60506
1032,2025-08-12 00:00:00+05:30,9.9977,193.53587,20.099642,199.89552
1033,2025-08-12 01:00:00+05:30,9.6932955,195.06854,19.787722,201.89825
1034,2025-08-12 02:00:00+05:30,7.9465466,193.0919,17.114204,202.24907
1035,2025-08-12 03:00:00+05:30,5.7599998,180.0,13.948548,197.2659
1036,2025-08-12 04:00:00+05:30,6.7205353,172.30405,14.4415655,190.04929
1037,2025-08-12 05:00:00+05:30,6.638072,167.4712,13.797912,187.49576
1038,2025-08-12 06:00:00+05:30,7.8583965,159.90468,16.404707,183.1449
1039,2025-08-12 07:00:00+05:30,9.885262,190.49142,12.849528,191.30989
1040,2025-08-12 08:00:00+05:30,6.7469993,189.21095,8.649369,192.01146
1041,2025-08-12 09:00:00+05:30,6.87779,173.99109,8.490582,175.13557
1042,2025-08-12 10:00:00+05:30,7.7400002,180.0,9.54,180.0
1043,2025-08-12 11:00:00+05:30,7.6367526,188.13002,9.292254,188.91484
1044,2025-08-12 12:00:00+05:30,7.562142,181.36389,9.375563,183.3018
1045,2025-08-12 13:00:00+05:30,7.2805495,171.46931,8.967541,169.59235
1046,2025-08-12 14:00:00+05:30,10.158444,172.87508,13.218668,173.74606
1047,2025-08-12 15:00:00+05:30,5.9399996,180.0,7.7588143,183.99083
1048,2025-08-12 16:00:00+05:30,13.88919,183.71521,19.672771,184.19759
1049,2025-08-12 17:00:00+05:30,8.6193495,208.70586,13.282243,206.56499
1050,2025-08-12 18:00:00+05:30,1.7727944,246.0375,8.037761,214.04597
1051,2025-08-12 19:00:00+05:30,3.462369,188.97255,10.837435,191.49654
1052,2025-08-12 20:00:00+05:30,6.1226463,114.30454,11.975074,137.43669
1053,2025-08-12 21:00:00+05:30,8.037761,145.95403,16.454994,160.17744
1054,2025-08-12 22:00:00+05:30,11.9317045,168.69011,22.640678,173.6096
1055,2025-08-12 23:00:00+05:30,13.039754,173.6599,24.23324,174.4589
1056,2025-08-13 00:00:00+05:30,10.8955765,172.40544,21.136784,175.11488
1057,2025-08-13 01:00:00+05:30,9.403169,174.50777,18.907713,178.36346
1058,2025-08-13 02:00:00+05:30,6.66,161.07526,15.328561,170.53775
1059,2025-08-13 03:00:00+05:30,7.5942082,148.57048,16.055353,160.34608
1060,2025-08-13 04:00:00+05:30,6.3690495,137.29063,14.336861,151.50446
1061,2025-08-13 05:00:00+05:30,6.1094027,135.0001,13.151091,149.5743
1062,2025-08-13 06:00:00+05:30,7.9383874,147.0306,14.584443,155.96571
1063,2025-08-13 07:00:00+05:30,9.109138,119.604355,14.87153,128.11833
1064,2025-08-13 08:00:00+05:30,9.801326,135.74397,15.03835,137.91092
1065,2025-08-13 09:00:00+05:30,12.632101,130.95541,17.072504,132.43619
1066,2025-08-13 10:00:00+05:30,10.337078,125.07384,13.18308,124.992096
1067,2025-08-13 11:00:00+05:30,14.450535,129.44003,19.681828,129.80553
1068,2025-08-13 12:00:00+05:30,11.583109,122.94922,15.876775,122.969406
1069,2025-08-13 13:00:00+05:30,6.320538,109.98319,8.089993,110.854546
1070,2025-08-13 14:00:00+05:30,5.506941,101.3099,6.778141,100.71308
1071,2025-08-13 15:00:00+05:30,13.776763,107.48808,19.361507,106.75035
1072,2025-08-13 16:00:00+05:30,9.292255,111.595375,14.84318,112.833694
1073,2025-08-13 17:00:00+05:30,10.837435,122.106224,17.229301,122.1957
1074,2025-08-13 18:00:00+05:30,9.54,58.10924,17.892578,66.27161
1075,2025-08-13 19:00:00+05:30,10.239453,79.87539,19.781172,82.681076
1076,2025-08-13 20:00:00+05:30,11.811622,97.88305,21.691305,99.07142
1077,2025-08-13 21:00:00+05:30,10.08,90.0,18.775301,94.39862
1078,2025-08-13 22:00:00+05:30,10.538843,97.853226,19.48661,101.72509
1079,2025-08-13 23:00:00+05:30,10.6261,91.94145,19.959719,97.253105
1080,2025-08-14 00:00:00+05:30,9.72,90.0,18.287504,96.215546
1081,2025-08-14 01:00:00+05:30,10.03167,80.70677,18.930832,86.729576
1082,2025-08-14 02:00:00+05:30,11.003581,93.751656,19.652176,98.42689
1083,2025-08-14 03:00:00+05:30,9.292254,81.08515,17.283749,91.19346
1084,2025-08-14 04:00:00+05:30,9.181765,91.12328,18.089775,95.7105
1085,2025-08-14 05:00:00+05:30,9.6228485,97.52373,18.040453,102.09474
1086,2025-08-14 06:00:00+05:30,14.044615,88.531235,21.240763,90.48554
1087,2025-08-14 07:00:00+05:30,12.061341,90.85508,16.563911,91.24534
1088,2025-08-14 08:00:00+05:30,14.654254,117.824005,19.483284,117.51192
1089,2025-08-14 09:00:00+05:30,12.287555,121.82741,16.981165,122.00535
1090,2025-08-14 10:00:00+05:30,12.594856,120.963684,16.144905,120.85413
1091,2025-08-14 11:00:00+05:30,14.477417,128.43733,19.118168,127.733116
1092,2025-08-14 12:00:00+05:30,13.437455,129.0194,17.401447,129.1226
1093,2025-08-14 13:00:00+05:30,9.9,126.86999,13.538345,125.80344
1094,2025-08-14 14:00:00+05:30,10.296251,143.53067,13.971757,141.80127
1095,2025-08-14 15:00:00+05:30,10.210936,139.28925,13.022349,139.4847
1096,2025-08-14 16:00:00+05:30,13.298089,140.49236,18.414625,140.553
1097,2025-08-14 17:00:00+05:30,10.436895,135.0001,17.057314,135.85501
1098,2025-08-14 18:00:00+05:30,7.0038276,115.906456,14.8257065,119.05451
1099,2025-08-14 19:00:00+05:30,7.102591,98.74608,14.372974,112.067955
1100,2025-08-14 20:00:00+05:30,8.936778,99.27253,17.137852,107.10281
1101,2025-08-14 21:00:00+05:30,8.528657,97.27491,17.02404,109.77617
1102,2025-08-14 22:00:00+05:30,8.936778,99.27253,18.22361,110.22495
1103,2025-08-14 23:00:00+05:30,8.035746,105.59287,17.183167,112.80457
1104,2025-08-15 00:00:00+05:30,8.297589,114.34108,17.325876,122.699455
1105,2025-08-15 01:00:00+05:30,7.689603,106.31393,15.717823,119.50063
1106,2025-08-15 02:00:00+05:30,7.689603,122.57404,16.056362,127.25537
1107,2025-08-15 03:00:00+05:30,7.0199995,112.61991,14.447172,120.718834
1108,2025-08-15 04:00:00+05:30,7.973005,118.30067,15.825675,123.87085
1109,2025-08-15 05:00:00+05:30,7.3469996,120.963684,14.904173,127.14677
1110,2025-08-15 06:00:00+05:30,8.849339,94.66678,17.856325,104.59661
1111,2025-08-15 07:00:00+05:30,9.939196,125.41714,13.979872,124.50858
1112,2025-08-15 08:00:00+05:30,11.384198,124.69522,16.529644,128.36752
1113,2025-08-15 09:00:00+05:30,12.86087,136.70131,17.31746,136.68465
1114,2025-08-15 10:00:00+05:30,11.032987,146.3099,14.428097,146.70642
1115,2025-08-15 11:00:00+05:30,9.82114,138.7154,12.496718,138.50363
1116,2025-08-15 12:00:00+05:30,8.55142,130.73203,10.583326,131.55252
1117,2025-08-15 13:00:00+05:30,9.82114,131.2846,12.031756,128.92755
1118,2025-08-15 14:00:00+05:30,6.8612823,184.5139,9.36,180.0
1119,2025-08-15 15:00:00+05:30,8.78872,145.0079,11.782784,145.58157
1120,2025-08-15 16:00:00+05:30,9.595874,156.80139,12.904882,157.01126
1121,2025-08-15 17:00:00+05:30,8.461915,156.16125,14.1102085,156.70541
1122,2025-08-15 18:00:00+05:30,5.7628117,128.65984,12.204212,142.792
1123,2025-08-15 19:00:00+05:30,5.994297,138.65233,13.684735,153.43501
1124,2025-08-15 20:00:00+05:30,5.22,133.60289,12.330985,146.3099
1125,2025-08-15 21:00:00+05:30,5.6521144,127.23492,12.496718,138.50363
1126,2025-08-15 22:00:00+05:30,5.2323985,139.18501,13.130133,146.74562
1127,2025-08-15 23:00:00+05:30,5.09435,147.99466,13.1041975,159.07542
1128,2025-08-16 00:00:00+05:30,4.2366967,167.73524,11.712455,177.35751
1129,2025-08-16 01:00:00+05:30,2.995797,147.26479,8.64,180.0
1130,2025-08-16 02:00:00+05:30,2.2768397,108.43504,5.4149795,164.57777
1131,2025-08-16 03:00:00+05:30,3.604497,87.13766,5.991594,122.73522
1132,2025-08-16 04:00:00+05:30,5.223103,88.025116,9.335737,109.133736
1133,2025-08-16 05:00:00+05:30,6.638072,77.4712,13.330941,92.32148
1134,2025-08-16 06:00:00+05:30,5.8048253,82.875084,11.431063,97.236824
1135,2025-08-16 07:00:00+05:30,8.37532,98.65246,11.402683,101.84206
1136,2025-08-16 08:00:00+05:30,9.473541,104.300316,12.487641,105.03787
1137,2025-08-16 09:00:00+05:30,11.700001,104.25006,15.410774,104.198586
1138,2025-08-16 10:00:00+05:30,12.661564,104.82652,16.546297,104.48981
1139,2025-08-16 11:00:00+05:30,12.936227,111.209305,16.917128,110.55613
1140,2025-08-16 12:00:00+05:30,11.391313,121.42951,14.730336,122.52488
1141,2025-08-16 13:00:00+05:30,13.799087,149.42085,17.441433,148.9349
1142,2025-08-16 14:00:00+05:30,7.329338,155.32315,9.504273,155.37645
1143,2025-08-16 15:00:00+05:30,6.6624317,141.58191,8.856658,142.43134
1144,2025-08-16 16:00:00+05:30,8.338489,147.3391,11.792404,148.73633
1145,2025-08-16 17:00:00+05:30,11.466438,132.45515,19.098671,136.52747
1146,2025-08-16 18:00:00+05:30,8.139901,125.095894,16.724508,124.03217
1147,2025-08-16 19:00:00+05:30,8.748075,143.3658,18.668005,140.4774
1148,2025-08-16 20:00:00+05:30,5.0432134,124.82456,12.791403,140.71062
1149,2025-08-16 21:00:00+05:30,4.1046314,127.875046,10.04458,143.74608
1150,2025-08-16 22:00:00+05:30,2.97953,115.01687,7.9077177,138.69148
1151,2025-08-16 23:00:00+05:30,2.1897945,99.46225,6.114703,137.38599
1152,2025-08-17 00:00:00+05:30,3.2048087,128.15727,7.24486,153.43501
1153,2025-08-17 01:00:00+05:30,3.7064266,119.05451,7.8480825,143.39284
1154,2025-08-17 02:00:00+05:30,5.1165614,129.28938,10.908951,142.3737
1155,2025-08-17 03:00:00+05:30,0.8049845,63.435013,4.542994,146.3099
1156,2025-08-17 04:00:00+05:30,3.244996,93.17977,7.491114,125.21768
1157,2025-08-17 05:00:00+05:30,2.907989,111.801476,8.528657,135.85501
1158,2025-08-17 06:00:00+05:30,4.613762,69.44388,6.7205353,82.30404
1159,2025-08-17 07:00:00+05:30,6.898956,97.495766,9.292254,98.914856
1160,2025-08-17 08:00:00+05:30,9.080639,103.76081,11.616627,102.5288
1161,2025-08-17 09:00:00+05:30,11.679213,114.5901,15.315873,113.55228
1162,2025-08-17 10:00:00+05:30,10.948973,117.40749,14.654254,117.824005
1163,2025-08-17 11:00:00+05:30,13.327294,106.47696,17.534994,107.31902
1164,2025-08-17 12:00:00+05:30,13.451914,102.36248,17.161469,102.72435
1165,2025-08-17 13:00:00+05:30,13.060857,119.74478,16.365158,119.66662
1166,2025-08-17 14:00:00+05:30,2.995797,147.26479,5.0432134,145.17545
1167,2025-08-17 15:00:00+05:30,6.76618,118.61037,9.354806,120.01828
1168,2025-08-17 16:00:00+05:30,10.534229,123.14701,15.426535,124.06096
1169,2025-08-17 17:00:00+05:30,9.761578,112.78245,17.555307,118.14151
1170,2025-08-17 18:00:00+05:30,7.570707,108.00426,16.610792,119.89881
1171,2025-08-17 19:00:00+05:30,7.8583965,110.09532,17.258425,120.04128
1172,2025-08-17 20:00:00+05:30,11.7,112.61991,22.378714,116.77108
1173,2025-08-17 21:00:00+05:30,12.669238,112.55729,23.264608,116.16849
1174,2025-08-17 22:00:00+05:30,12.98248,106.9276,23.598541,111.47685
1175,2025-08-17 23:00:00+05:30,11.132385,104.03627,21.177366,109.359085
1176,2025-08-18 00:00:00+05:30,10.182337,98.13002,19.689238,104.29036
1177,2025-08-18 01:00:00+05:30,9.9408245,95.19434,19.06301,100.88548
1178,2025-08-18 02:00:00+05:30,11.722133,93.521385,21.513577,99.147
1179,2025-08-18 03:00:00+05:30,13.321216,89.2258,23.635584,93.9301
1180,2025-08-18 04:00:00+05:30,13.504799,91.52749,23.678726,95.23377
1181,2025-08-18 05:00:00+05:30,12.168319,97.65056,21.573734,100.090996
1182,2025-08-18 06:00:00+05:30,14.221139,90.72521,22.33161,91.84757
1183,2025-08-18 07:00:00+05:30,18.22361,110.22495,26.928505,109.5251
1184,2025-08-18 08:00:00+05:30,16.068466,102.94652,23.018896,102.18862
1185,2025-08-18 09:00:00+05:30,20.6624,108.27721,29.029709,108.43504
1186,2025-08-18 10:00:00+05:30,18.484869,112.31949,25.57394,112.77501
1187,2025-08-18 11:00:00+05:30,19.95485,111.705505,26.506489,111.512474
1188,2025-08-18 12:00:00+05:30,19.300331,109.61797,25.7903,109.57322
1189,2025-08-18 13:00:00+05:30,22.689283,121.04165,31.122828,119.826996
1190,2025-08-18 14:00:00+05:30,16.011908,111.08383,23.030151,111.552
1191,2025-08-18 15:00:00+05:30,18.975277,133.07806,27.888384,133.16928
1192,2025-08-18 16:00:00+05:30,14.128566,124.095024,20.917982,123.4166
1193,2025-08-18 17:00:00+05:30,16.179987,122.27562,26.709234,124.0114
1194,2025-08-18 18:00:00+05:30,11.7,112.61991,21.335884,117.64589
1195,2025-08-18 19:00:00+05:30,13.213765,127.806595,23.708124,131.92245
1196,2025-08-18 20:00:00+05:30,13.5,126.86999,24.248611,130.78574
1197,2025-08-18 21:00:00+05:30,12.55879,117.29949,23.030151,121.57812
1198,2025-08-18 22:00:00+05:30,11.368535,113.317726,21.103033,118.53236
1199,2025-08-18 23:00:00+05:30,10.5234585,102.8477,19.656296,110.924576
1200,2025-08-19 00:00:00+05:30,11.578912,101.65926,21.068459,106.88687
1201,2025-08-19 01:00:00+05:30,11.897714,107.61267,21.362444,110.72565
1202,2025-08-19 02:00:00+05:30,12.303366,110.55613,21.511318,114.20589
1203,2025-08-19 03:00:00+05:30,13.433838,107.9495,23.598541,111.47685
1204,2025-08-19 04:00:00+05:30,13.149859,109.17911,22.97381,113.55228
1205,2025-08-19 05:00:00+05:30,12.496719,101.63361,21.745012,107.835106
1206,2025-08-19 06:00:00+05:30,15.12107,90.682045,24.366575,94.23632
1207,2025-08-19 07:00:00+05:30,21.85796,108.73345,31.88084,109.45807
1208,2025-08-19 08:00:00+05:30,22.629229,114.93427,31.655956,114.524826
1209,2025-08-19 09:00:00+05:30,19.513195,119.87591,26.055895,120.28485
1210,2025-08-19 10:00:00+05:30,19.267569,119.6784,25.542881,119.09373
1211,2025-08-19 11:00:00+05:30,21.06077,127.35967,28.260572,127.23492
1212,2025-08-19 12:00:00+05:30,17.258425,120.04128,24.670507,119.74479
1213,2025-08-19 13:00:00+05:30,20.495512,133.93259,27.757376,133.42351
1214,2025-08-19 14:00:00+05:30,14.957339,129.62897,21.319935,130.54874
1215,2025-08-19 15:00:00+05:30,19.357325,149.8587,27.783045,148.78166
1216,2025-08-19 16:00:00+05:30,13.833091,147.75757,20.74456,149.20683
1217,2025-08-19 17:00:00+05:30,14.041154,143.86453,23.415224,146.92073
1218,2025-08-19 18:00:00+05:30,14.291592,130.91429,24.827606,133.53127
1219,2025-08-19 19:00:00+05:30,14.174356,130.36446,25.212852,133.26433
1220,2025-08-19 20:00:00+05:30,15.236338,128.76553,26.77224,131.72942
1221,2025-08-19 21:00:00+05:30,14.275713,131.93344,24.951921,136.16905
1222,2025-08-19 22:00:00+05:30,13.5,126.86999,23.858658,131.02318
1223,2025-08-19 23:00:00+05:30,12.425216,128.53021,22.531656,134.02907
1224,2025-08-20 00:00:00+05:30,11.870451,130.69543,21.384424,134.31802
1225,2025-08-20 01:00:00+05:30,12.538134,129.17365,22.45315,131.09941
1226,2025-08-20 02:00:00+05:30,11.666721,128.10762,20.765635,132.54091
1227,2025-08-20 03:00:00+05:30,13.032298,122.59257,22.89611,126.68982
1228,2025-08-20 04:00:00+05:30,12.383424,122.53506,21.889065,126.30459
1229,2025-08-20 05:00:00+05:30,13.397612,120.699646,22.916622,124.43905
1230,2025-08-20 06:00:00+05:30,15.3264475,123.50346,23.214417,123.93655
1231,2025-08-20 07:00:00+05:30,16.548256,134.1187,23.300787,133.43498
1232,2025-08-20 08:00:00+05:30,16.502182,140.75458,23.138927,140.36568
1233,2025-08-20 09:00:00+05:30,15.881875,144.6887,22.222528,144.89384
1234,2025-08-20 10:00:00+05:30,18.116621,152.16202,25.041359,152.14565
1235,2025-08-20 11:00:00+05:30,21.332088,153.43501,30.186916,153.43501
1236,2025-08-20 12:00:00+05:30,17.63816,155.26572,24.640942,154.93257
1237,2025-08-20 13:00:00+05:30,18.040455,155.22488,25.294964,155.62355
1238,2025-08-20 14:00:00+05:30,18.051228,163.19122,26.604097,163.89479
1239,2025-08-20 15:00:00+05:30,13.615902,155.8068,21.325253,158.19853
1240,2025-08-20 16:00:00+05:30,16.179985,159.14546,26.241135,161.19211
1241,2025-08-20 17:00:00+05:30,16.451052,162.1597,27.595825,164.87595
1242,2025-08-20 18:00:00+05:30,10.718693,130.91429,19.222954,133.86191
1243,2025-08-20 19:00:00+05:30,12.37819,139.12769,22.011578,140.97432
1244,2025-08-20 20:00:00+05:30,12.124306,139.21428,21.45627,142.84163
1245,2025-08-20 21:00:00+05:30,10.601679,139.82083,19.273453,145.27094
1246,2025-08-20 22:00:00+05:30,10.185519,136.43204,18.329973,144.59305
1247,2025-08-20 23:00:00+05:30,9.585739,145.71307,18.06199,150.11356
1248,2025-08-21 00:00:00+05:30,6.7469993,136.08084,14.251863,152.14044
1249,2025-08-21 01:00:00+05:30,11.345712,138.21558,18.47698,144.91644
1250,2025-08-21 02:00:00+05:30,7.5942082,148.57048,13.0447235,152.02061
1251,2025-08-21 03:00:00+05:30,6.114703,132.61403,11.08572,147.60017
1252,2025-08-21 04:00:00+05:30,7.186487,112.067955,12.413477,119.53869
1253,2025-08-21 05:00:00+05:30,8.490582,122.00535,15.096411,129.19327
1254,2025-08-21 06:00:00+05:30,5.5567255,155.09526,7.8583965,159.90468
1255,2025-08-21 07:00:00+05:30,12.429127,190.00792,19.09782,191.4158
1256,2025-08-21 08:00:00+05:30,6.5693827,189.46225,10.435344,194.99513
1257,2025-08-21 09:00:00+05:30,5.8048253,172.87508,8.37532,171.34753
1258,2025-08-21 10:00:00+05:30,11.16145,180.92403,14.4,180.0
1259,2025-08-21 11:00:00+05:30,17.47484,191.88864,24.288662,191.9761
1260,2025-08-21 12:00:00+05:30,9.997699,203.33406,14.092977,204.92845
1261,2025-08-21 13:00:00+05:30,7.8087645,205.97433,10.962281,209.5114
1262,2025-08-21 14:00:00+05:30,10.2742,176.98727,13.86,180.0
1263,2025-08-21 15:00:00+05:30,10.464798,183.94511,15.564537,185.97423
1264,2025-08-21 16:00:00+05:30,11.712455,182.64249,17.160524,184.81346
1265,2025-08-21 17:00:00+05:30,2.3051248,308.65982,5.4149795,254.57777
1266,2025-08-21 18:00:00+05:30,12.181624,214.15974,21.9718,214.9921
1267,2025-08-21 19:00:00+05:30,11.1090765,206.98015,21.52261,209.56648
1268,2025-08-21 20:00:00+05:30,10.495713,202.1664,21.578989,207.84749
1269,2025-08-21 21:00:00+05:30,7.748368,182.66295,16.56489,199.0257
1270,2025-08-21 22:00:00+05:30,6.544677,148.49579,13.910169,169.56258
1271,2025-08-21 23:00:00+05:30,8.490582,111.124794,14.387619,133.4793
1272,2025-08-22 00:00:00+05:30,8.790563,100.619606,12.886039,114.775116
1273,2025-08-22 01:00:00+05:30,10.644379,86.12155,18.533009,101.20076
1274,2025-08-22 02:00:00+05:30,8.197414,109.23077,18.278645,122.12497
1275,2025-08-22 03:00:00+05:30,7.42159,104.03627,14.224556,128.32016
1276,2025-08-22 04:00:00+05:30,9.668195,118.9509,17.681278,125.469955
1277,2025-08-22 05:00:00+05:30,4.5820518,135.0001,12.931218,163.83543
1278,2025-08-22 06:00:00+05:30,12.007498,257.00537,20.95203,261.10422
1279,2025-08-22 07:00:00+05:30,10.8672905,243.43501,16.011908,248.91617
1280,2025-08-22 08:00:00+05:30,13.379461,222.27362,19.09358,224.23619
1281,2025-08-22 09:00:00+05:30,15.236338,231.23447,20.999144,231.26347
1282,2025-08-22 10:00:00+05:30,14.918297,221.57603,20.256998,222.47913
1283,2025-08-22 11:00:00+05:30,11.837651,224.38402,15.914484,226.37476
1284,2025-08-22 12:00:00+05:30,9.580668,205.60214,12.642357,208.02441
1285,2025-08-22 13:00:00+05:30,10.390226,194.03627,13.277364,195.73207
1286,2025-08-22 14:00:00+05:30,12.638512,197.40279,16.507088,198.43504
1287,2025-08-22 15:00:00+05:30,13.379461,190.85637,18.216497,191.9761
1288,2025-08-22 16:00:00+05:30,12.367716,158.66307,18.727785,162.0874
1289,2025-08-22 17:00:00+05:30,7.922045,181.30193,13.418153,186.93425
1290,2025-08-22 18:00:00+05:30,10.435344,194.99513,19.523155,202.78244
1291,2025-08-22 19:00:00+05:30,6.0908127,198.9705,14.028457,213.48619
1292,2025-08-22 20:00:00+05:30,7.9077177,191.82146,16.029099,204.55043
1293,2025-08-22 21:00:00+05:30,7.388775,182.79265,15.426537,199.06929
1294,2025-08-22 22:00:00+05:30,7.9932976,172.23492,15.865546,183.25188
1295,2025-08-22 23:00:00+05:30,9.726665,182.12105,18.790829,189.37202
1296,2025-08-23 00:00:00+05:30,8.467655,177.5634,15.941944,186.48297
1297,2025-08-23 01:00:00+05:30,10.261578,178.99493,18.108572,186.2772
1298,2025-08-23 02:00:00+05:30,8.209263,164.74483,14.404499,178.56793
1299,2025-08-23 03:00:00+05:30,7.6388745,145.56096,13.207634,162.55272
1300,2025-08-23 04:00:00+05:30,8.669949,138.36655,14.57889,147.09476
1301,2025-08-23 05:00:00+05:30,9.673221,135.0001,16.276815,141.73598
1302,2025-08-23 06:00:00+05:30,10.062305,153.43501,15.079229,156.80139
1303,2025-08-23 07:00:00+05:30,14.096425,174.8719,20.778112,175.03035
1304,2025-08-23 08:00:00+05:30,14.6254835,193.52318,22.090187,194.1495
1305,2025-08-23 09:00:00+05:30,10.685391,212.61923,14.277983,213.6901
1306,2025-08-23 10:00:00+05:30,8.311245,184.96965,10.538843,187.85323
1307,2025-08-23 11:00:00+05:30,11.45513,171.86998,14.669724,173.6599
1308,2025-08-23 12:00:00+05:30,11.542478,183.57626,14.813682,184.87918
1309,2025-08-23 13:00:00+05:30,14.440443,184.28908,19.14865,184.85301
1310,2025-08-23 14:00:00+05:30,14.081478,184.39862,19.361507,185.8695
1311,2025-08-23 15:00:00+05:30,14.411245,189.3446,19.70815,189.46225
1312,2025-08-23 16:00:00+05:30,15.849201,178.04753,23.760681,180.43404
1313,2025-08-23 17:00:00+05:30,12.961249,180.7957,21.136784,184.88512
1314,2025-08-23 18:00:00+05:30,11.566313,200.97357,21.2522,206.13094
1315,2025-08-23 19:00:00+05:30,11.841756,199.53674,22.22836,201.37068
1316,2025-08-23 20:00:00+05:30,4.6102495,218.65984,13.288341,208.30066
1317,2025-08-23 21:00:00+05:30,6.9899354,168.11136,15.763107,186.55685
1318,2025-08-23 22:00:00+05:30,9.3876505,175.60138,18.88628,190.9886
1319,2025-08-23 23:00:00+05:30,9.746631,175.76369,19.164719,185.38922
1320,2025-08-24 00:00:00+05:30,9.906544,177.91748,19.245697,187.52373
1321,2025-08-24 01:00:00+05:30,9.5196,164.64981,18.374111,177.7543
1322,2025-08-24 02:00:00+05:30,7.519175,168.9591,16.263872,185.07951
1323,2025-08-24 03:00:00+05:30,9.194106,156.94867,17.414476,172.87508
1324,2025-08-24 04:00:00+05:30,10.404249,149.88635,19.69993,160.24043
1325,2025-08-24 05:00:00+05:30,11.953409,161.56496,20.803045,170.53775
1326,2025-08-24 06:00:00+05:30,14.068816,163.65175,21.359411,167.83781
1327,2025-08-24 07:00:00+05:30,13.672893,163.95093,18.947083,165.69969
1328,2025-08-24 08:00:00+05:30,13.004921,184.76355,18.610641,184.99365
1329,2025-08-24 09:00:00+05:30,14.087228,190.3048,19.09782,191.4158
1330,2025-08-24 10:00:00+05:30,11.276968,188.25935,15.004919,190.36627
1331,2025-08-24 11:00:00+05:30,14.401124,179.28386,18.720863,180.55089
1332,2025-08-24 12:00:00+05:30,12.168319,187.65056,16.245934,189.56662
1333,2025-08-24 13:00:00+05:30,13.466357,171.54506,19.67936,171.0547
1334,2025-08-24 14:00:00+05:30,11.928989,185.19434,15.726067,185.25371
1335,2025-08-24 15:00:00+05:30,11.367109,190.95403,14.650938,190.6196
1336,2025-08-24 16:00:00+05:30,11.570515,185.35573,16.65754,186.20335
1337,2025-08-24 17:00:00+05:30,12.241323,179.1575,20.738312,183.4832
1338,2025-08-24 18:00:00+05:30,11.113451,155.09526,20.44803,163.63884
1339,2025-08-24 19:00:00+05:30,9.360001,157.3801,18.709612,168.90631
1340,2025-08-24 20:00:00+05:30,9.12513,157.98866,18.709612,168.90631
1341,2025-08-24 21:00:00+05:30,8.427383,160.0168,18.379402,171.55255
1342,2025-08-24 22:00:00+05:30,6.66,161.07526,15.891054,170.21767
1343,2025-08-24 23:00:00+05:30,6.9480934,163.44286,15.784676,172.79404
1344,2025-08-25 00:00:00+05:30,5.796447,143.84172,13.661038,161.56496
1345,2025-08-25 01:00:00+05:30,6.76618,118.61037,14.009968,137.08257
1346,2025-08-25 02:00:00+05:30,8.139901,108.03438,15.931779,122.07397
1347,2025-08-25 03:00:00+05:30,8.297589,114.34108,16.79314,120.96369
1348,2025-08-25 04:00:00+05:30,7.491114,125.21768,15.717823,129.88953
1349,2025-08-25 05:00:00+05:30,6.21717,112.109505,13.833091,122.24244
1350,2025-08-25 06:00:00+05:30,5.9644947,95.19434,14.512064,113.38525
1351,2025-08-25 07:00:00+05:30,7.5170207,106.699326,10.24578,108.43504
1352,2025-08-25 08:00:00+05:30,7.841887,121.865944,10.34178,121.47678
1353,2025-08-25 09:00:00+05:30,9.028754,113.49858,11.605464,113.782036
1354,2025-08-25 10:00:00+05:30,10.3621235,107.175995,13.5515,106.99091
1355,2025-08-25 11:00:00+05:30,9.396275,126.430954,11.989946,125.837746
1356,2025-08-25 12:00:00+05:30,7.282774,129.98683,8.967541,128.48022
1357,2025-08-25 13:00:00+05:30,6.193674,125.537766,7.491114,125.21768
1358,2025-08-25 14:00:00+05:30,6.7469993,136.08084,8.274128,134.1187
1359,2025-08-25 15:00:00+05:30,6.6624317,141.58191,9.67657,136.50739
1360,2025-08-25 16:00:00+05:30,15.552041,163.87234,22.883373,162.13506
1361,2025-08-25 17:00:00+05:30,6.6624317,141.58191,12.348051,143.29706
1362,2025-08-25 18:00:00+05:30,3.9477081,136.8476,10.44,133.60289
1363,2025-08-25 19:00:00+05:30,4.39436,145.0079,11.556504,142.59457
1364,2025-08-25 20:00:00+05:30,4.2175345,140.19447,11.032987,146.3099
1365,2025-08-25 21:00:00+05:30,3.381893,115.20109,8.92408,138.27058
1366,2025-08-25 22:00:00+05:30,4.9785542,102.5288,11.391313,121.42951
1367,2025-08-25 23:00:00+05:30,6.854195,119.93143,15.189484,130.67485
1368,2025-08-26 00:00:00+05:30,6.7757506,140.38934,15.283048,147.99466
1369,2025-08-26 01:00:00+05:30,5.692099,124.69522,13.5012,137.16109
1370,2025-08-26 02:00:00+05:30,4.4456716,121.75944,11.837651,135.61598
1371,2025-08-26 03:00:00+05:30,4.952453,109.09359,12.096214,126.528946
1372,2025-08-26 04:00:00+05:30,4.8466477,105.06854,11.886816,122.00535
1373,2025-08-26 05:00:00+05:30,4.6834598,92.20255,11.534054,112.963806
1374,2025-08-26 06:00:00+05:30,6.6794305,104.03627,13.929953,115.24049
1375,2025-08-26 07:00:00+05:30,9.179999,118.072395,12.74954,120.54749
1376,2025-08-26 08:00:00+05:30,10.706596,116.99576,14.251863,117.85956
1377,2025-08-26 09:00:00+05:30,11.364259,119.4071,15.159591,119.91356
1378,2025-08-26 10:00:00+05:30,11.996699,117.718414,15.618566,117.45091
1379,2025-08-26 11:00:00+05:30,12.3165245,116.939445,16.180988,117.135056
1380,2025-08-26 12:00:00+05:30,11.08572,122.399826,14.787414,121.56177
1381,2025-08-26 13:00:00+05:30,11.090103,125.753975,14.689588,126.027466
1382,2025-08-26 14:00:00+05:30,11.345712,131.78442,14.799459,131.05472
1383,2025-08-26 15:00:00+05:30,11.480557,138.81418,15.655861,135.46576
1384,2025-08-26 16:00:00+05:30,11.679213,155.4099,16.92383,156.16125
1385,2025-08-26 17:00:00+05:30,5.6521144,142.76509,11.236671,144.78232
1386,2025-08-26 18:00:00+05:30,6.7397914,124.11452,14.81915,130.07283
1387,2025-08-26 19:00:00+05:30,6.384293,130.426,15.027575,136.94148
1388,2025-08-26 20:00:00+05:30,6.2145634,100.00792,14.178927,118.84257
1389,2025-08-26 21:00:00+05:30,7.256032,113.38525,16.375053,123.34073
1390,2025-08-26 22:00:00+05:30,6.544677,121.50421,15.426535,131.68896
1391,2025-08-26 23:00:00+05:30,6.603817,107.44727,13.789691,125.97248
1392,2025-08-27 00:00:00+05:30,7.4128532,119.05451,15.233148,125.380356
1393,2025-08-27 01:00:00+05:30,7.729527,117.75845,16.525724,122.99771
1394,2025-08-27 02:00:00+05:30,7.754637,111.801476,16.42247,116.00329
1395,2025-08-27 03:00:00+05:30,7.6367526,98.13002,15.999762,107.00803
1396,2025-08-27 04:00:00+05:30,8.641874,91.19346,17.311846,98.97255
1397,2025-08-27 05:00:00+05:30,8.827344,87.66274,17.194475,96.00892
1398,2025-08-27 06:00:00+05:30,12.324414,96.70974,20.301735,100.21391
1399,2025-08-27 07:00:00+05:30,13.896187,106.55715,20.327251,106.99091
1400,2025-08-27 08:00:00+05:30,15.156386,105.852,21.068459,106.88687
1401,2025-08-27 09:00:00+05:30,15.275627,111.42536,20.690605,111.43124
1402,2025-08-27 10:00:00+05:30,16.019999,115.98918,21.738306,115.5041
1403,2025-08-27 11:00:00+05:30,17.548845,116.827805,23.908173,116.37207
1404,2025-08-27 12:00:00+05:30,18.0,126.86999,25.165262,127.443726
1405,2025-08-27 13:00:00+05:30,15.476859,123.13562,20.170443,122.981
1406,2025-08-27 14:00:00+05:30,13.83192,124.931015,18.921415,124.14364
1407,2025-08-27 15:00:00+05:30,15.021105,134.02907,21.004541,133.95847
1408,2025-08-27 16:00:00+05:30,13.752047,142.98003,20.381372,141.8143
1409,2025-08-27 17:00:00+05:30,9.56713,168.05585,16.62249,175.03035
1410,2025-08-27 18:00:00+05:30,9.335737,146.0035,18.934254,150.9984
1411,2025-08-27 19:00:00+05:30,12.351988,161.30092,22.401865,164.62369
1412,2025-08-27 20:00:00+05:30,11.132385,157.1663,20.899387,159.84816
1413,2025-08-27 21:00:00+05:30,10.304114,152.98741,20.056877,158.96242
1414,2025-08-27 22:00:00+05:30,9.860649,158.58696,19.21284,164.7919
1415,2025-08-27 23:00:00+05:30,9.102021,155.4623,18.448023,162.97939
1416,2025-08-28 00:00:00+05:30,8.604301,142.65057,17.640919,151.34299
1417,2025-08-28 01:00:00+05:30,9.037721,135.80684,18.226276,145.05426
1418,2025-08-28 02:00:00+05:30,9.82114,131.2846,19.406637,139.51407
1419,2025-08-28 03:00:00+05:30,10.441551,125.88223,20.404411,131.42357
1420,2025-08-28 04:00:00+05:30,10.548061,115.25313,20.767975,123.690094
1421,2025-08-28 05:00:00+05:30,11.43248,123.43989,21.505293,128.8845
1422,2025-08-28 06:00:00+05:30,15.3264475,130.23628,23.30913,132.80942
1423,2025-08-28 07:00:00+05:30,17.325876,147.30055,24.66197,146.3099
1424,2025-08-28 08:00:00+05:30,18.06199,150.11356,25.474293,150.35565
1425,2025-08-28 09:00:00+05:30,14.336861,151.50446,19.483284,152.48808
1426,2025-08-28 10:00:00+05:30,15.611304,159.05728,20.793701,159.21169
1427,2025-08-28 11:00:00+05:30,17.87718,154.98314,24.25262,155.90799
1428,2025-08-28 12:00:00+05:30,14.650938,137.4896,20.696087,139.93929
1429,2025-08-28 13:00:00+05:30,19.98,161.07526,27.619883,159.79349
1430,2025-08-28 14:00:00+05:30,12.703715,172.67369,17.616106,172.36676
1431,2025-08-28 15:00:00+05:30,18.644558,164.89037,25.986166,164.32712
1432,2025-08-28 16:00:00+05:30,12.472065,159.73422,18.331741,160.49747
1433,2025-08-28 17:00:00+05:30,12.47726,153.43501,20.945072,155.63756
1434,2025-08-28 18:00:00+05:30,10.855358,139.70793,20.423456,145.04927
1435,2025-08-28 19:00:00+05:30,11.53265,145.81383,21.897945,152.59251
1436,2025-08-28 20:00:00+05:30,10.656547,142.54935,20.63023,150.75127
1437,2025-08-28 21:00:00+05:30,10.97262,131.00899,20.929594,139.18501
1438,2025-08-28 22:00:00+05:30,11.734564,138.73149,22.21305,142.57288
1439,2025-08-28 23:00:00+05:30,11.556504,142.59457,21.317654,146.71246
1440,2025-08-29 00:00:00+05:30,10.248941,149.38147,19.726225,154.60413
1441,2025-08-29 01:00:00+05:30,11.190442,154.25934,20.355923,158.19853
1442,2025-08-29 02:00:00+05:30,10.711135,155.15764,19.469975,160.55988
1443,2025-08-29 03:00:00+05:30,9.021574,151.38963,17.254667,159.86362
1444,2025-08-29 04:00:00+05:30,8.688613,140.04251,16.909464,152.07112
1445,2025-08-29 05:00:00+05:30,8.805294,139.14471,17.325876,147.30055
1446,2025-08-29 06:00:00+05:30,11.08572,147.60017,16.909464,152.07112
1447,2025-08-29 07:00:00+05:30,11.545284,149.03632,16.053335,149.6974
1448,2025-08-29 08:00:00+05:30,9.835975,145.43741,12.4811535,146.76828
1449,2025-08-29 09:00:00+05:30,9.693296,148.67137,12.348052,149.3228
1450,2025-08-29 10:00:00+05:30,18.35647,154.44008,24.149532,153.43501
1451,2025-08-29 11:00:00+05:30,13.32,161.07526,19.070658,162.42006
1452,2025-08-29 12:00:00+05:30,12.440851,176.68228,17.134071,176.38618
1453,2025-08-29 13:00:00+05:30,9.983106,154.35904,12.483749,155.28258
1454,2025-08-29 14:00:00+05:30,16.068466,189.6733,21.869074,188.99707
1455,2025-08-29 15:00:00+05:30,7.5019197,149.74365,10.546525,152.56036
1456,2025-08-29 16:00:00+05:30,8.099999,126.86999,11.599879,131.85495
1457,2025-08-29 17:00:00+05:30,9.292254,135.78474,16.928614,144.958
1458,2025-08-29 18:00:00+05:30,9.796366,159.5671,18.297245,164.59651
1459,2025-08-29 19:00:00+05:30,9.505977,161.22188,18.59845,165.42575
1460,2025-08-29 20:00:00+05:30,8.643749,148.62704,17.325876,156.09795
1461,2025-08-29 21:00:00+05:30,7.344794,143.97253,15.617529,154.02567
1462,2025-08-29 22:00:00+05:30,7.653705,138.81418,15.787753,151.38963
1463,2025-08-29 23:00:00+05:30,7.9077177,138.69148,16.144905,149.14587
1464,2025-08-30 00:00:00+05:30,6.1094027,135.0001,13.4903965,148.64297
1465,2025-08-30 01:00:00+05:30,8.893166,144.0578,17.388409,152.90453
1466,2025-08-30 02:00:00+05:30,8.043805,139.53786,16.610792,150.1012
1467,2025-08-30 03:00:00+05:30,5.7176566,118.1785,12.616702,137.89134
1468,2025-08-30 04:00:00+05:30,6.379216,106.38962,13.0806875,124.34615
1469,2025-08-30 05:00:00+05:30,6.830519,108.43504,13.799087,120.579155
1470,2025-08-30 06:00:00+05:30,7.995323,148.81508,12.56008,154.5367
1471,2025-08-30 07:00:00+05:30,8.797931,149.23735,12.081473,151.5259
1472,2025-08-30 08:00:00+05:30,8.461915,141.91118,11.052058,142.94339
1473,2025-08-30 09:00:00+05:30,8.574123,140.9645,10.908951,142.3737
1474,2025-08-30 10:00:00+05:30,8.281956,132.3574,10.4493065,132.20723
1475,2025-08-30 11:00:00+05:30,8.435069,140.19447,10.348043,139.93929
1476,2025-08-30 12:00:00+05:30,16.344357,163.36111,20.793701,163.91827
1477,2025-08-30 13:00:00+05:30,12.461669,169.17703,16.486465,169.30354
1478,2025-08-30 14:00:00+05:30,10.874741,167.57407,15.287288,167.7639
1479,2025-08-30 15:00:00+05:30,8.027677,160.34608,10.873251,160.6651
1480,2025-08-30 16:00:00+05:30,10.308831,167.90526,14.508715,168.55069
1481,2025-08-30 17:00:00+05:30,8.322932,158.42863,14.348156,160.20103
1482,2025-08-30 18:00:00+05:30,6.2405767,146.76828,14.581111,151.22029
1483,2025-08-30 19:00:00+05:30,3.9966483,125.837746,11.272657,141.48305
1484,2025-08-30 20:00:00+05:30,7.8480825,126.60716,15.784676,135.92395
1485,2025-08-30 21:00:00+05:30,7.731622,102.09474,16.18199,115.70991
1486,2025-08-30 22:00:00+05:30,5.8603754,100.619606,13.874019,112.90581
1487,2025-08-30 23:00:00+05:30,3.693291,136.97493,10.055864,135.72514
1488,2025-08-31 00:00:00+05:30,3.4388947,132.87889,9.7565975,142.49579
1489,2025-08-31 01:00:00+05:30,3.2048087,128.15727,8.714677,141.7098
1490,2025-08-31 02:00:00+05:30,3.01735,107.35411,7.145796,130.91429
1491,2025-08-31 03:00:00+05:30,4.0449967,122.27562,9.54679,135.76381
1492,2025-08-31 04:00:00+05:30,3.3043609,119.357666,8.688613,140.04251
1493,2025-08-31 05:00:00+05:30,3.9763298,95.19434,7.5019197,120.256355
1494,2025-08-31 06:00:00+05:30,3.6447225,122.90524,8.958504,157.5572
1495,2025-08-31 07:00:00+05:30,3.4388947,137.12111,5.0432134,145.17545
1496,2025-08-31 08:00:00+05:30,3.9477081,136.8476,4.863332,141.009
1497,2025-08-31 09:00:00+05:30,3.4949677,101.88863,4.2366967,102.26476
1498,2025-08-31 10:00:00+05:30,5.3699164,103.57046,6.5049515,104.420815
1499,2025-08-31 11:00:00+05:30,5.8631387,107.87879,7.172949,107.52566
1500,2025-08-31 12:00:00+05:30,6.1226463,114.30454,7.4932766,114.102234
1501,2025-08-31 13:00:00+05:30,6.384293,111.501495,7.754637,111.801476
1502,2025-08-31 14:00:00+05:30,4.896529,107.10281,6.2613096,108.43504
1503,2025-08-31 15:00:00+05:30,5.904439,142.43134,7.5363917,139.84407
1504,2025-08-31 16:00:00+05:30,6.489992,146.3099,8.43699,146.3099
1505,2025-08-31 17:00:00+05:30,5.6060677,137.60262,10.8792095,141.04408
1506,2025-08-31 18:00:00+05:30,4.599695,120.57915,11.43248,123.43989
1507,2025-08-31 19:00:00+05:30,5.1919937,123.690094,11.738705,125.6399
1508,2025-08-31 20:00:00+05:30,5.7628117,128.65984,13.529966,130.68388
1509,2025-08-31 21:00:00+05:30,3.6,126.86999,8.92408,138.27058
1510,2025-08-31 22:00:00+05:30,2.1897945,80.53775,6.037383,116.56499
1511,2025-08-31 23:00:00+05:30,1.9881649,84.805664,5.5567255,114.90474
1512,2025-09-01 00:00:00+05:30,1.6981165,122.00535,5.8048253,119.74479
1513,2025-09-01 01:00:00+05:30,1.5484185,125.537766,5.8769383,117.34979
1514,2025-09-01 02:00:00+05:30,0.9178235,348.6901,2.0124612,63.435013
1515,2025-09-01 03:00:00+05:30,5.04,360.0,6.519877,6.3401003
1516,2025-09-01 04:00:00+05:30,2.36753,351.2539,7.029225,13.324542
1517,2025-09-01 05:00:00+05:30,6.297428,300.96368,10.075177,318.62158
1518,2025-09-01 06:00:00+05:30,6.424764,11.3098955,13.902014,355.54446
1519,2025-09-01 07:00:00+05:30,5.9399996,360.0,8.28,360.0
1520,2025-09-01 08:00:00+05:30,5.9427266,1.7356651,7.7420926,1.3321922
1521,2025-09-01 09:00:00+05:30,6.725354,15.524177,8.604301,15.780828
1522,2025-09-01 10:00:00+05:30,10.234705,23.86019,13.3649235,25.529652
1523,2025-09-01 11:00:00+05:30,10.484903,34.50859,13.6289835,33.6901
1524,2025-09-01 12:00:00+05:30,8.775807,25.513834,11.35285,25.346138
1525,2025-09-01 13:00:00+05:30,7.570707,18.00426,9.621163,17.418066
1526,2025-09-01 14:00:00+05:30,6.898956,7.495768,9.292254,8.914849
1527,2025-09-01 15:00:00+05:30,6.330782,14.826528,8.431228,16.113499
1528,2025-09-01 16:00:00+05:30,5.983477,43.7812,9.5535755,42.709366
1529,2025-09-01 17:00:00+05:30,6.522361,140.59937,11.384198,124.69522
1530,2025-09-01 18:00:00+05:30,3.381893,25.201094,10.1456785,25.201094
1531,2025-09-01 19:00:00+05:30,0.40249225,153.43501,4.6102495,38.65983
1532,2025-09-01 20:00:00+05:30,2.8116899,140.19447,4.143911,124.3804
1533,2025-09-01 21:00:00+05:30,11.866355,202.28563,21.758419,196.33612
1534,2025-09-01 22:00:00+05:30,12.124307,198.16605,20.022118,202.18407
1535,2025-09-01 23:00:00+05:30,5.8631387,197.87878,12.410866,199.48622
1536,2025-09-02 00:00:00+05:30,2.5959969,326.3099,6.297428,300.96368
1537,2025-09-02 01:00:00+05:30,2.1068459,340.0168,6.9153743,308.65982
1538,2025-09-02 02:00:00+05:30,3.0652895,176.6336,6.28713,203.6294
1539,2025-09-02 03:00:00+05:30,4.913044,81.57312,5.6835546,79.04598
1540,2025-09-02 04:00:00+05:30,7.562142,91.3639,12.825552,94.83033
1541,2025-09-02 05:00:00+05:30,9.187056,92.2457,16.62249,94.96966
1542,2025-09-02 06:00:00+05:30,13.049689,114.44395,21.434364,119.14798
1543,2025-09-02 07:00:00+05:30,16.189997,118.55953,23.375757,119.525894
1544,2025-09-02 08:00:00+05:30,19.603477,120.3321,28.091534,120.83777
1545,2025-09-02 09:00:00+05:30,18.971008,123.388535,26.209633,123.79924
1546,2025-09-02 10:00:00+05:30,17.816362,119.67299,23.555254,120.28787
1547,2025-09-02 11:00:00+05:30,15.3771,115.665146,20.04476,116.1048
1548,2025-09-02 12:00:00+05:30,20.212965,129.21759,27.356445,129.66072
1549,2025-09-02 13:00:00+05:30,14.81259,115.94224,23.4256,116.95875
1550,2025-09-02 14:00:00+05:30,12.456468,127.36675,17.682194,128.38658
1551,2025-09-02 15:00:00+05:30,12.585848,106.620834,18.442753,108.78872
1552,2025-09-02 16:00:00+05:30,10.9859,108.138176,15.655861,109.47667
1553,2025-09-02 17:00:00+05:30,12.0694,107.35411,20.561798,110.49743
1554,2025-09-02 18:00:00+05:30,13.533558,103.85144,24.305332,108.56923
1555,2025-09-02 19:00:00+05:30,13.491597,103.109215,24.085724,106.945404
1556,2025-09-02 20:00:00+05:30,12.168319,97.65056,21.398056,102.63336
1557,2025-09-02 21:00:00+05:30,12.043869,99.46225,21.786694,104.83999
1558,2025-09-02 22:00:00+05:30,12.145665,96.80896,22.14,102.68038
1559,2025-09-02 23:00:00+05:30,11.345713,91.81827,21.010712,99.865746
1560,2025-09-03 00:00:00+05:30,11.345713,88.18174,20.991426,95.906044
1561,2025-09-03 01:00:00+05:30,11.91948,75.124275,21.152872,84.6291
1562,2025-09-03 02:00:00+05:30,14.087228,79.69521,24.754416,84.99426
1563,2025-09-03 03:00:00+05:30,15.338071,85.96237,26.130396,92.7638
1564,2025-09-03 04:00:00+05:30,12.992458,100.37579,23.370903,102.00227
1565,2025-09-03 05:00:00+05:30,13.418153,96.93426,23.61844,100.53913
1566,2025-09-03 06:00:00+05:30,18.329975,82.66572,29.765924,86.186005
1567,2025-09-03 07:00:00+05:30,20.703129,89.00368,30.240534,89.65897
1568,2025-09-03 08:00:00+05:30,19.804907,97.83544,27.394321,97.171616
1569,2025-09-03 09:00:00+05:30,21.23237,97.30567,28.86854,97.52373
1570,2025-09-03 10:00:00+05:30,24.849129,105.546394,36.172832,106.18044
1571,2025-09-03 11:00:00+05:30,22.702845,104.697365,32.654995,104.03627
1572,2025-09-03 12:00:00+05:30,27.81859,113.24729,39.789776,114.5941
1573,2025-09-03 13:00:00+05:30,18.623693,110.36169,28.344713,112.00416
1574,2025-09-03 14:00:00+05:30,21.966637,123.29944,31.75355,122.969406
1575,2025-09-03 15:00:00+05:30,20.212965,129.21759,29.460672,128.55049
1576,2025-09-03 16:00:00+05:30,15.580141,130.31403,23.350794,130.93654
1577,2025-09-03 17:00:00+05:30,13.239486,133.89838,22.783335,135.32005
1578,2025-09-03 18:00:00+05:30,12.638512,100.66973,22.22836,105.499344
1579,2025-09-03 19:00:00+05:30,13.701299,99.8335,23.885803,105.293045
1580,2025-09-03 20:00:00+05:30,15.224637,114.44395,26.174377,118.32735
1581,2025-09-03 21:00:00+05:30,14.77755,124.07724,25.560635,127.27346
1582,2025-09-03 22:00:00+05:30,13.298089,129.50764,23.199759,131.85495
1583,2025-09-03 23:00:00+05:30,12.870944,132.16582,22.791864,136.59998
1584,2025-09-04 00:00:00+05:30,12.483748,132.66266,22.291674,137.29063
1585,2025-09-04 01:00:00+05:30,11.161451,127.79401,20.633371,132.8789
1586,2025-09-04 02:00:00+05:30,9.913082,119.357666,18.921415,124.14364
1587,2025-09-04 03:00:00+05:30,10.837435,101.49654,19.469975,109.440125
1588,2025-09-04 04:00:00+05:30,11.9140415,94.33224,21.75097,100.00792
1589,2025-09-04 05:00:00+05:30,11.578912,101.65926,21.265154,105.21265
1590,2025-09-04 06:00:00+05:30,12.397806,115.820946,20.562586,119.93143
1591,2025-09-04 07:00:00+05:30,16.42247,116.00329,22.218884,115.94224
1592,2025-09-04 08:00:00+05:30,17.640919,126.28536,24.482647,126.027466
1593,2025-09-04 09:00:00+05:30,15.7908325,114.22774,21.335884,115.484085
1594,2025-09-04 10:00:00+05:30,20.129442,125.537766,28.0182,125.323814
1595,2025-09-04 11:00:00+05:30,19.373219,138.01286,26.758923,137.72638
1596,2025-09-04 12:00:00+05:30,13.110376,134.44382,17.564533,135.0001
1597,2025-09-04 13:00:00+05:30,15.048042,143.26709,19.008545,142.69597
1598,2025-09-04 14:00:00+05:30,9.007196,177.70944,12.251905,177.47394
1599,2025-09-04 15:00:00+05:30,7.891311,135.0001,10.819482,134.32605
1600,2025-09-04 16:00:00+05:30,9.693296,121.328636,14.982228,125.21768
1601,2025-09-04 17:00:00+05:30,8.53815,124.69522,15.697197,130.81499
1602,2025-09-04 18:00:00+05:30,7.172949,107.52566,14.634343,121.93065
1603,2025-09-04 19:00:00+05:30,6.2379804,133.83095,15.546833,137.81563
1604,2025-09-04 20:00:00+05:30,5.4656014,162.75845,14.068816,163.65175
1605,2025-09-04 21:00:00+05:30,5.315336,151.69934,13.776763,162.51192
1606,2025-09-04 22:00:00+05:30,4.863332,141.009,12.241323,160.23274
1607,2025-09-04 23:00:00+05:30,6.2067385,119.53869,13.14,138.888
1608,2025-09-05 00:00:00+05:30,6.6818557,117.25525,15.048042,126.73292
1609,2025-09-05 01:00:00+05:30,6.452441,112.98875,14.57889,122.90524
1610,2025-09-05 02:00:00+05:30,7.3447943,107.10281,15.376045,117.16491
1611,2025-09-05 03:00:00+05:30,8.227004,100.08054,16.62444,109.61218
1612,2025-09-05 04:00:00+05:30,8.61371,116.02953,17.349236,120.555885
1613,2025-09-05 05:00:00+05:30,9.504272,127.30403,18.275984,129.80553
1614,2025-09-05 06:00:00+05:30,12.906138,129.90784,20.237797,135.3603
1615,2025-09-05 07:00:00+05:30,9.313152,138.91835,13.044722,140.59937
1616,2025-09-05 08:00:00+05:30,12.594856,149.03632,16.63905,148.7174
1617,2025-09-05 09:00:00+05:30,12.976239,156.2796,17.25373,156.64442
1618,2025-09-05 10:00:00+05:30,12.69351,161.82188,16.794104,162.53598
1619,2025-09-05 11:00:00+05:30,11.203464,156.3179,14.182355,156.0375
1620,2025-09-05 12:00:00+05:30,9.906544,155.29759,12.483749,155.28258
1621,2025-09-05 13:00:00+05:30,9.354806,168.90631,13.31635,166.71512
1622,2025-09-05 14:00:00+05:30,5.876938,130.0302,7.596341,126.32692
1623,2025-09-05 15:00:00+05:30,12.367716,158.66307,16.546299,157.61981
1624,2025-09-05 16:00:00+05:30,10.478722,184.92702,14.619946,184.23631
1625,2025-09-05 17:00:00+05:30,8.139901,161.96562,14.517644,162.68826
1626,2025-09-05 18:00:00+05:30,4.599695,149.42085,12.015589,171.38443
1627,2025-09-05 19:00:00+05:30,5.7964473,154.23073,13.797912,172.50424
1628,2025-09-05 20:00:00+05:30,6.6087217,150.64235,14.650938,169.3804
1629,2025-09-05 21:00:00+05:30,6.379216,163.61038,15.351793,175.29224
1630,2025-09-05 22:00:00+05:30,5.0432134,177.95464,13.75558,186.00891
1631,2025-09-05 23:00:00+05:30,5.5829024,181.84756,14.4415655,190.04929
1632,2025-09-06 00:00:00+05:30,5.5829024,181.84756,14.4415655,190.04929
1633,2025-09-06 01:00:00+05:30,4.8899083,173.6599,12.673074,191.4695
1634,2025-09-06 02:00:00+05:30,6.2483597,168.3664,14.113653,185.85593
1635,2025-09-06 03:00:00+05:30,6.320538,160.0168,14.248452,176.37859
1636,2025-09-06 04:00:00+05:30,6.151683,159.44388,14.535487,172.17102
1637,2025-09-06 05:00:00+05:30,4.7827187,160.20103,13.084402,172.09293
1638,2025-09-06 06:00:00+05:30,3.8521678,142.59457,8.885877,173.01904
1639,2025-09-06 07:00:00+05:30,5.414979,158.5522,7.42159,165.96373
1640,2025-09-06 08:00:00+05:30,8.467655,177.5634,10.6261,178.05856
1641,2025-09-06 09:00:00+05:30,7.4346757,186.95287,9.6480665,188.58354
1642,2025-09-06 10:00:00+05:30,7.2359104,174.2895,9.3876505,175.60138
1643,2025-09-06 11:00:00+05:30,8.723967,158.19853,11.165805,159.22766
1644,2025-09-06 12:00:00+05:30,8.849339,175.33322,11.375658,175.46231
1645,2025-09-06 13:00:00+05:30,8.513448,193.44862,10.914888,193.34874
1646,2025-09-06 14:00:00+05:30,8.227004,190.08054,10.594036,189.78233
1647,2025-09-06 15:00:00+05:30,6.542201,187.90707,8.759178,189.46225
1648,2025-09-06 16:00:00+05:30,11.4862,212.19571,17.688606,211.26367
1649,2025-09-06 17:00:00+05:30,7.841887,211.86594,14.8257065,209.0545
1650,2025-09-06 18:00:00+05:30,9.801326,187.38596,19.830248,188.35066
1651,2025-09-06 19:00:00+05:30,8.473393,192.26476,18.511143,193.49574
1652,2025-09-06 20:00:00+05:30,7.4346757,186.95287,16.940096,194.7746
1653,2025-09-06 21:00:00+05:30,6.2483597,191.6336,15.602999,196.76263
1654,2025-09-06 22:00:00+05:30,6.9480934,196.55714,16.38,202.6199
1655,2025-09-06 23:00:00+05:30,6.698806,210.69965,15.589497,216.0761
1656,2025-09-07 00:00:00+05:30,7.256032,203.38524,16.028088,212.61923
1657,2025-09-07 01:00:00+05:30,7.247096,194.38142,15.941944,205.40767
1658,2025-09-07 02:00:00+05:30,6.330782,194.82652,14.572221,205.61543
1659,2025-09-07 03:00:00+05:30,5.8603754,190.6196,14.039999,202.6199
1660,2025-09-07 04:00:00+05:30,3.9966488,187.76508,11.51578,204.96275
1661,2025-09-07 05:00:00+05:30,4.379589,170.53775,10.759423,197.52565
1662,2025-09-07 06:00:00+05:30,4.896529,162.89719,11.9140415,184.33223
1663,2025-09-07 07:00:00+05:30,4.8633323,182.12105,6.898956,187.49576
1664,2025-09-07 08:00:00+05:30,6.5520988,195.94547,8.709098,198.06056
1665,2025-09-07 09:00:00+05:30,6.889557,199.8553,8.996398,199.88525
1666,2025-09-07 10:00:00+05:30,4.327493,196.9276,5.4656014,197.24155
1667,2025-09-07 11:00:00+05:30,4.503598,182.29056,5.771239,183.57626
1668,2025-09-07 12:00:00+05:30,5.8298883,188.88058,7.458606,188.32556
1669,2025-09-07 13:00:00+05:30,5.4833565,203.19862,7.0911775,203.9625
1670,2025-09-07 14:00:00+05:30,5.2416787,195.94547,6.830519,198.43504
1671,2025-09-07 15:00:00+05:30,4.1556225,184.96965,5.297018,189.78233
1672,2025-09-07 16:00:00+05:30,4.752136,142.69597,7.0107627,150.80261
1673,2025-09-07 17:00:00+05:30,6.391901,147.65259,12.96125,152.72333
1674,2025-09-07 18:00:00+05:30,10.564942,156.92957,21.194187,159.10216
1675,2025-09-07 19:00:00+05:30,9.194106,156.94867,18.692286,164.3577
1676,2025-09-07 20:00:00+05:30,7.1321807,169.82455,15.489416,181.99783
1677,2025-09-07 21:00:00+05:30,6.3231,175.101,14.4415655,190.04929
1678,2025-09-07 22:00:00+05:30,6.6624317,181.54813,15.3264475,192.89374
1679,2025-09-07 23:00:00+05:30,8.759178,189.46225,18.792551,196.69933
1680,2025-09-08 00:00:00+05:30,8.035746,195.59286,17.823637,200.08206
1681,2025-09-08 01:00:00+05:30,7.172949,197.52567,16.18199,205.7099
1682,2025-09-08 02:00:00+05:30,5.8631387,197.87878,14.328949,206.88686
1683,2025-09-08 03:00:00+05:30,5.6920996,198.43504,13.619471,209.27516
1684,2025-09-08 04:00:00+05:30,3.381893,205.2011,10.441551,215.88223
1685,2025-09-08 05:00:00+05:30,2.6999998,180.0,8.39657,210.96368
1686,2025-09-08 06:00:00+05:30,2.5582807,140.71062,4.6730714,195.6423
1687,2025-09-08 07:00:00+05:30,2.8856194,176.42374,3.9966488,187.76508
1688,2025-09-08 08:00:00+05:30,4.1556225,184.96965,5.4744864,189.46225
1689,2025-09-08 09:00:00+05:30,4.0449963,159.14546,5.068846,163.49556
1690,2025-09-08 10:00:00+05:30,4.91634,156.2505,6.050785,157.249
1691,2025-09-08 11:00:00+05:30,5.2478566,149.03632,6.544677,148.49579
1692,2025-09-08 12:00:00+05:30,5.3939967,154.2901,6.8423676,153.43501
1693,2025-09-08 13:00:00+05:30,3.9966488,172.23492,5.0911684,171.86998
1694,2025-09-08 14:00:00+05:30,5.7852573,174.64427,7.3997297,175.81517
1695,2025-09-08 15:00:00+05:30,7.0223074,181.46877,9.36173,181.10168
1696,2025-09-08 16:00:00+05:30,7.0591216,160.64091,12.189602,163.70589
1697,2025-09-08 17:00:00+05:30,8.759178,189.46225,17.194475,190.25114
1698,2025-09-08 18:00:00+05:30,6.1569467,164.74483,14.935662,167.4712
1699,2025-09-08 19:00:00+05:30,6.28713,166.75948,14.607751,176.46777
1700,2025-09-08 20:00:00+05:30,7.7734165,185.31445,17.363237,197.49585
1701,2025-09-08 21:00:00+05:30,8.322932,201.57137,18.678415,207.55272
1702,2025-09-08 22:00:00+05:30,9.292255,201.59537,19.969458,207.95087
1703,2025-09-08 23:00:00+05:30,8.133928,204.86368,18.218275,209.60435
1704,2025-09-09 00:00:00+05:30,7.4128532,209.0545,16.886456,211.48741
1705,2025-09-09 01:00:00+05:30,5.876938,220.0302,14.799459,221.05472
1706,2025-09-09 02:00:00+05:30,5.22,223.60289,13.619472,225.53539
1707,2025-09-09 03:00:00+05:30,4.7110505,226.54811,12.931218,231.21562
1708,2025-09-09 04:00:00+05:30,3.396233,212.00534,10.094454,230.06367
1709,2025-09-09 05:00:00+05:30,3.462369,188.97255,9.473541,218.82983
1710,2025-09-09 06:00:00+05:30,4.6834598,182.20255,10.30883,204.77512
1711,2025-09-09 07:00:00+05:30,6.2405767,213.23172,8.893166,215.9422
1712,2025-09-09 08:00:00+05:30,7.6409945,226.90913,10.062305,227.17476
1713,2025-09-09 09:00:00+05:30,6.015878,231.07245,7.674842,230.7106
1714,2025-09-09 10:00:00+05:30,4.91634,203.7495,6.037383,206.56499
1715,2025-09-09 11:00:00+05:30,5.3305535,191.68935,6.6794305,194.03627
1716,2025-09-09 12:00:00+05:30,6.6624317,181.54813,8.467655,182.4366
1717,2025-09-09 13:00:00+05:30,6.87779,186.00891,8.885877,186.98096
1718,2025-09-09 14:00:00+05:30,7.3799996,192.68037,9.6480665,194.03627
1719,2025-09-09 15:00:00+05:30,7.613382,186.78888,10.360559,187.98924
1720,2025-09-09 16:00:00+05:30,7.458606,188.32556,12.886039,192.09474
1721,2025-09-09 17:00:00+05:30,5.9644947,174.80566,13.681183,180.75383
1722,2025-09-09 18:00:00+05:30,11.177405,165.06853,21.053844,172.63205
1723,2025-09-09 19:00:00+05:30,10.081606,181.02301,20.29535,186.62068
1724,2025-09-09 20:00:00+05:30,9.087772,187.96953,19.361507,196.75035
1725,2025-09-09 21:00:00+05:30,8.759178,189.46225,19.017065,197.06294
1726,2025-09-09 22:00:00+05:30,9.224011,197.02061,19.59356,203.26773
1727,2025-09-09 23:00:00+05:30,9.595874,203.19861,19.88328,206.33302
1728,2025-09-10 00:00:00+05:30,10.223619,206.11385,20.497883,210.61853
1729,2025-09-10 01:00:00+05:30,10.070353,208.85556,20.073025,212.54999
1730,2025-09-10 02:00:00+05:30,7.9036193,210.0685,17.283749,215.6765
1731,2025-09-10 03:00:00+05:30,6.2405767,213.23172,15.072783,220.15593
1732,2025-09-10 04:00:00+05:30,6.601363,205.8663,15.12964,214.82455
1733,2025-09-10 05:00:00+05:30,6.59154,214.9921,15.292585,222.13753
1734,2025-09-10 06:00:00+05:30,6.7853074,201.80147,14.110209,209.83545
1735,2025-09-10 07:00:00+05:30,7.1684303,218.8845,10.210936,220.71075
1736,2025-09-10 08:00:00+05:30,7.029225,230.19447,9.361731,232.02834
1737,2025-09-10 09:00:00+05:30,6.502461,228.36655,8.435069,230.19447
1738,2025-09-10 10:00:00+05:30,4.2481523,216.38445,5.509882,218.36752
1739,2025-09-10 11:00:00+05:30,5.00128,210.25635,6.2405767,213.23172
1740,2025-09-10 12:00:00+05:30,3.9312592,195.94547,4.7827187,199.79897
1741,2025-09-10 13:00:00+05:30,5.0142193,201.03758,6.28713,203.6294
1742,2025-09-10 14:00:00+05:30,6.193674,215.53777,7.9567327,217.64769
1743,2025-09-10 15:00:00+05:30,6.1437774,174.95764,7.922045,181.30193
1744,2025-09-10 16:00:00+05:30,6.77575,163.0091,11.448055,163.55954
1745,2025-09-10 17:00:00+05:30,5.8603754,169.3804,13.288341,171.43094
1746,2025-09-10 18:00:00+05:30,7.7734165,174.68555,16.920958,179.3905
1747,2025-09-10 19:00:00+05:30,7.3799996,192.68037,17.726116,189.9405
1748,2025-09-10 20:00:00+05:30,7.968939,198.43504,17.630812,207.3498
1749,2025-09-10 21:00:00+05:30,5.3939967,205.7099,14.233664,212.08215
1750,2025-09-10 22:00:00+05:30,5.9617786,208.88649,14.539945,211.32863
1751,2025-09-10 23:00:00+05:30,5.3999996,216.86998,13.608762,217.47626
1752,2025-09-11 00:00:00+05:30,6.698806,210.69965,15.528064,214.6112
1753,2025-09-11 01:00:00+05:30,5.1165614,230.71062,13.246826,227.20262
1754,2025-09-11 02:00:00+05:30,4.6452556,215.53777,12.218805,224.9999
1755,2025-09-11 03:00:00+05:30,4.8466477,195.06854,11.9466305,210.81564
1756,2025-09-11 04:00:00+05:30,3.8183763,171.86998,9.96524,196.79845
1757,2025-09-11 05:00:00+05:30,5.1544156,167.90526,11.126562,189.30986
1758,2025-09-11 06:00:00+05:30,4.186693,154.5367,6.66,180.0
1759,2025-09-11 07:00:00+05:30,2.8116899,230.19447,3.8521678,232.59457
1760,2025-09-11 08:00:00+05:30,4.293669,236.97612,5.6492476,239.34941
1761,2025-09-11 09:00:00+05:30,4.2021422,170.13426,5.0911684,171.86998
1762,2025-09-11 10:00:00+05:30,4.060985,167.19574,4.802999,167.00539
1763,2025-09-11 11:00:00+05:30,1.7727944,203.9625,2.0991426,210.96368
1764,2025-09-11 12:00:00+05:30,1.2074767,153.43501,1.4512063,150.2552
1765,2025-09-11 13:00:00+05:30,15.589497,148.69594,21.82755,148.14491
1766,2025-09-11 14:00:00+05:30,6.689125,156.19405,10.534229,160.0168
1767,2025-09-11 15:00:00+05:30,8.37532,188.65247,11.633348,188.00464
1768,2025-09-11 16:00:00+05:30,8.163749,194.03627,12.189602,196.29411
1769,2025-09-11 17:00:00+05:30,6.2483597,168.3664,11.609651,172.87508
1770,2025-09-11 18:00:00+05:30,6.444905,125.90981,12.785069,144.74356
1771,2025-09-11 19:00:00+05:30,5.3426957,147.38077,12.267763,157.5741
1772,2025-09-11 20:00:00+05:30,5.2323985,139.18501,12.157663,154.57317
1773,2025-09-11 21:00:00+05:30,6.439876,153.43501,13.708391,166.32867
1774,2025-09-11 22:00:00+05:30,5.8409934,146.3099,12.864649,162.07199
1775,2025-09-11 23:00:00+05:30,3.8183763,171.86998,11.276968,171.74065
1776,2025-09-12 00:00:00+05:30,3.189608,163.61038,9.761578,174.71
1777,2025-09-12 01:00:00+05:30,3.8856654,166.60748,10.63372,177.08922
1778,2025-09-12 02:00:00+05:30,5.937272,194.03627,13.091829,198.43504
1779,2025-09-12 03:00:00+05:30,3.438895,276.0089,6.9480934,253.44284
1780,2025-09-12 04:00:00+05:30,2.50064,59.743652,1.6199999,90.0
1781,2025-09-12 05:00:00+05:30,5.796447,126.15828,9.97986,140.85602
1782,2025-09-12 06:00:00+05:30,6.6624317,128.41809,11.079873,136.97493
1783,2025-09-12 07:00:00+05:30,6.873078,135.0001,9.167638,136.5911
1784,2025-09-12 08:00:00+05:30,5.1919937,146.3099,6.489992,146.3099
1785,2025-09-12 09:00:00+05:30,7.2,143.13002,8.893166,144.0578
1786,2025-09-12 10:00:00+05:30,6.9153743,141.34016,8.4963045,143.61555
1787,2025-09-12 11:00:00+05:30,5.8769383,117.34979,7.10031,120.46546
1788,2025-09-12 12:00:00+05:30,5.293959,125.311295,6.299999,126.86999
1789,2025-09-12 13:00:00+05:30,11.269782,153.43501,13.690654,155.11966
1790,2025-09-12 14:00:00+05:30,5.2478566,112.1664,7.0843205,117.216034
1791,2025-09-12 15:00:00+05:30,6.444905,144.09018,8.797931,149.23735
1792,2025-09-12 16:00:00+05:30,9.979859,172.7469,13.954354,173.33344
1793,2025-09-12 17:00:00+05:30,11.165805,181.84756,18.720863,179.44911
1794,2025-09-12 18:00:00+05:30,7.79215,173.36758,15.676542,177.36761
1795,2025-09-12 19:00:00+05:30,9.54679,177.83897,18.008097,181.71832
1796,2025-09-12 20:00:00+05:30,7.0223074,178.53123,15.3095255,182.02132
1797,2025-09-12 21:00:00+05:30,5.068846,163.49556,12.399113,170.81123
1798,2025-09-12 22:00:00+05:30,6.1437774,174.95764,14.260953,175.65685
1799,2025-09-12 23:00:00+05:30,6.638072,167.4712,15.206537,173.8846
1800,2025-09-13 00:00:00+05:30,6.050785,157.249,14.332341,168.40785
1801,2025-09-13 01:00:00+05:30,3.8521678,142.59457,10.8792095,163.66388
1802,2025-09-13 02:00:00+05:30,5.2478566,149.03632,12.69351,161.82188
1803,2025-09-13 03:00:00+05:30,6.320538,160.0168,13.979871,168.11136
1804,2025-09-13 04:00:00+05:30,6.689125,156.19405,14.408997,167.00539
1805,2025-09-13 05:00:00+05:30,5.3426957,147.38077,12.758432,163.61038
1806,2025-09-13 06:00:00+05:30,5.257109,128.04709,11.734564,147.52882
1807,2025-09-13 07:00:00+05:30,5.896202,148.73633,8.37532,151.78275
1808,2025-09-13 08:00:00+05:30,7.0107627,150.80261,9.016185,153.94656
1809,2025-09-13 09:00:00+05:30,6.384293,139.574,7.9567327,142.35231
1810,2025-09-13 10:00:00+05:30,6.8777895,137.12111,9.432412,138.09415
1811,2025-09-13 11:00:00+05:30,4.5891175,168.69011,6.0721655,168.0239
1812,2025-09-13 12:00:00+05:30,10.587917,162.18102,13.605189,162.28412
1813,2025-09-13 13:00:00+05:30,10.32924,157.4569,12.835653,157.75093
1814,2025-09-13 14:00:00+05:30,11.720751,169.3804,15.426535,168.55899
1815,2025-09-13 15:00:00+05:30,10.837435,184.76355,16.084589,185.13629
1816,2025-09-13 16:00:00+05:30,8.311245,184.96965,12.304682,185.8773
1817,2025-09-13 17:00:00+05:30,7.4672885,164.62369,13.943901,168.83516
1818,2025-09-13 18:00:00+05:30,2.9522195,142.43134,7.2202215,175.71092
1819,2025-09-13 19:00:00+05:30,5.3517847,132.27362,11.19189,152.19864
1820,2025-09-13 20:00:00+05:30,6.2379804,136.16905,13.523978,153.09398
1821,2025-09-13 21:00:00+05:30,7.689603,147.42595,16.077536,158.31764
1822,2025-09-13 22:00:00+05:30,8.197414,160.76924,17.47484,168.11136
1823,2025-09-13 23:00:00+05:30,7.7420926,162.40749,16.595179,167.4712
1824,2025-09-14 00:00:00+05:30,7.0015144,162.03076,15.779544,168.81828
1825,2025-09-14 01:00:00+05:30,7.072878,165.2564,16.120806,173.58925
1826,2025-09-14 02:00:00+05:30,7.3799996,167.31963,16.22498,176.82024
1827,2025-09-14 03:00:00+05:30,6.341009,173.4803,14.944336,181.38033
1828,2025-09-14 04:00:00+05:30,6.302571,178.36346,14.848635,186.2634
1829,2025-09-14 05:00:00+05:30,5.4477882,172.40544,13.084402,187.90707
1830,2025-09-14 06:00:00+05:30,6.8423676,153.43501,13.330941,177.67851
1831,2025-09-14 07:00:00+05:30,5.854844,135.0001,10.8955765,172.40544
1832,2025-09-14 08:00:00+05:30,4.542994,123.6901,10.081606,178.97699
1833,2025-09-14 09:00:00+05:30,4.471107,130.10085,7.6579366,156.44772
1834,2025-09-14 10:00:00+05:30,5.4744864,133.66785,7.029225,140.19447
1835,2025-09-14 11:00:00+05:30,5.8409934,123.690094,6.989936,124.50858
1836,2025-09-14 12:00:00+05:30,5.8048253,119.74479,7.0107627,119.197395
1837,2025-09-14 13:00:00+05:30,4.4456716,148.24057,5.8409934,146.3099
1838,2025-09-14 14:00:00+05:30,12.287555,174.95764,18.18,180.0
1839,2025-09-14 15:00:00+05:30,7.040739,175.60138,11.734564,184.39862
1840,2025-09-14 16:00:00+05:30,7.4346757,173.04713,14.041154,179.2655
1841,2025-09-14 17:00:00+05:30,5.6262593,172.64772,11.7,180.0
1842,2025-09-14 18:00:00+05:30,7.353611,158.45895,15.430736,163.0446
1843,2025-09-14 19:00:00+05:30,6.1226463,155.69547,13.896187,163.44286
1844,2025-09-14 20:00:00+05:30,4.8965297,143.97253,12.20023,158.3555
1845,2025-09-14 21:00:00+05:30,5.983477,133.7812,12.886039,151.64513
1846,2025-09-14 22:00:00+05:30,8.043805,139.53786,16.075521,145.95403
1847,2025-09-14 23:00:00+05:30,6.945761,148.78166,15.060956,155.2727
1848,2025-09-15 00:00:00+05:30,6.3639607,135.0001,13.644427,149.03632
1849,2025-09-15 01:00:00+05:30,6.7757506,140.38934,13.70839,150.06857
1850,2025-09-15 02:00:00+05:30,3.7971036,185.44025,10.158444,172.87508
1851,2025-09-15 03:00:00+05:30,2.8174455,116.56499,4.91634,156.2505
1852,2025-09-15 04:00:00+05:30,6.889557,146.7251,11.7,157.3801
1853,2025-09-15 05:00:00+05:30,7.4932766,155.89777,12.673074,168.5305
1854,2025-09-15 06:00:00+05:30,9.144637,190.20392,16.810495,192.99461
1855,2025-09-15 07:00:00+05:30,15.129638,177.95464,20.899387,177.53194
1856,2025-09-15 08:00:00+05:30,11.334284,190.06062,14.975741,193.2011
1857,2025-09-15 09:00:00+05:30,7.8087645,205.97433,9.741642,207.51192
1858,2025-09-15 10:00:00+05:30,8.723967,201.80147,11.203464,203.6821
1859,2025-09-15 11:00:00+05:30,9.292254,188.91484,11.897714,190.45985
1860,2025-09-15 12:00:00+05:30,6.698806,186.17007,8.171683,187.59456
1861,2025-09-15 13:00:00+05:30,6.2483597,191.6336,7.9465466,193.0919
1862,2025-09-15 14:00:00+05:30,3.710795,165.96373,4.5891175,168.69011
1863,2025-09-15 15:00:00+05:30,11.679213,155.4099,16.746773,154.5367
1864,2025-09-15 16:00:00+05:30,6.193674,125.537766,10.055864,135.72514
1865,2025-09-15 17:00:00+05:30,10.081606,178.97699,17.160524,184.81346
1866,2025-09-15 18:00:00+05:30,10.261579,158.38516,18.965033,163.45694
1867,2025-09-15 19:00:00+05:30,9.016185,153.94656,17.604147,163.97406
1868,2025-09-15 20:00:00+05:30,8.738811,147.61934,17.114204,157.75093
1869,2025-09-15 21:00:00+05:30,10.742848,148.70702,20.304924,155.93437
1870,2025-09-15 22:00:00+05:30,14.440443,175.71092,25.23148,177.13765
1871,2025-09-15 23:00:00+05:30,12.261158,176.6336,21.782974,179.05307
1872,2025-09-16 00:00:00+05:30,12.397806,154.17906,21.402597,161.86972
1873,2025-09-16 01:00:00+05:30,10.63372,177.08922,19.820442,177.39749
1874,2025-09-16 02:00:00+05:30,9.885262,146.88864,17.790886,152.91653
1875,2025-09-16 03:00:00+05:30,7.689603,159.44388,15.156386,164.14801
1876,2025-09-16 04:00:00+05:30,9.867218,165.20319,17.34083,170.43997
1877,2025-09-16 05:00:00+05:30,11.27553,163.30067,19.274294,168.69011
1878,2025-09-16 06:00:00+05:30,9.504273,155.37645,16.204998,167.81636
1879,2025-09-16 07:00:00+05:30,9.746631,175.76369,16.42839,184.39862
1880,2025-09-16 08:00:00+05:30,9.227524,200.55612,12.872201,200.46236
1881,2025-09-16 09:00:00+05:30,9.826088,208.44283,12.7279215,208.7397
1882,2025-09-16 10:00:00+05:30,9.144637,190.20392,11.897714,190.45985
1883,2025-09-16 11:00:00+05:30,7.3997297,184.18483,9.403169,185.49223
1884,2025-09-16 12:00:00+05:30,9.979859,172.7469,12.841963,174.36942
1885,2025-09-16 13:00:00+05:30,11.440978,167.27565,15.215058,169.08891
1886,2025-09-16 14:00:00+05:30,13.026081,168.84538,17.791796,168.91747
1887,2025-09-16 15:00:00+05:30,14.941085,179.30974,21.066921,181.46877
1888,2025-09-16 16:00:00+05:30,9.726665,177.87895,14.401124,179.28386
1889,2025-09-16 17:00:00+05:30,10.805999,181.9091,18.954777,184.35689
1890,2025-09-16 18:00:00+05:30,8.536252,155.05612,17.47484,161.37833
1891,2025-09-16 19:00:00+05:30,11.620809,163.81073,21.637466,171.86998
1892,2025-09-16 20:00:00+05:30,12.267762,165.55592,22.148045,172.52853
1893,2025-09-16 21:00:00+05:30,10.449306,169.07724,20.875343,172.56868
1894,2025-09-16 22:00:00+05:30,10.5234585,167.1523,20.98062,170.61856
1895,2025-09-16 23:00:00+05:30,10.783487,165.4998,20.899387,172.07935
1896,2025-09-17 00:00:00+05:30,12.007498,167.00539,22.52878,172.1937
1897,2025-09-17 01:00:00+05:30,12.081472,176.58348,22.50072,179.54166
1898,2025-09-17 02:00:00+05:30,11.375658,184.53769,21.307774,188.74608
1899,2025-09-17 03:00:00+05:30,10.446206,181.97488,19.885721,189.37698
1900,2025-09-17 04:00:00+05:30,9.734988,176.82024,18.466455,186.15508
1901,2025-09-17 05:00:00+05:30,9.114471,170.9098,17.46371,181.18117
1902,2025-09-17 06:00:00+05:30,10.914888,166.65126,20.404411,175.44632
1903,2025-09-17 07:00:00+05:30,11.481968,170.98076,16.32055,173.03185
1904,2025-09-17 08:00:00+05:30,12.241323,179.1575,16.560978,180.62274
1905,2025-09-17 09:00:00+05:30,11.16145,179.07597,14.581113,180.7073
1906,2025-09-17 10:00:00+05:30,11.570515,185.35573,14.848635,186.2634
1907,2025-09-17 11:00:00+05:30,12.452566,184.14455,15.726067,185.25371
1908,2025-09-17 12:00:00+05:30,12.346741,172.46065,15.5843,173.36758
1909,2025-09-17 13:00:00+05:30,11.788281,187.0164,16.87878,187.35228
1910,2025-09-17 14:00:00+05:30,14.2336645,189.46225,19.384087,190.16202
1911,2025-09-17 15:00:00+05:30,12.535548,195.83246,17.137852,197.10281
1912,2025-09-17 16:00:00+05:30,12.503199,210.25635,18.892282,210.96368
1913,2025-09-17 17:00:00+05:30,9.854075,189.46225,17.682194,194.7436
1914,2025-09-17 18:00:00+05:30,8.338489,166.26372,18.0036,178.85426
1915,2025-09-17 19:00:00+05:30,7.353611,158.45895,16.22498,176.82024
1916,2025-09-17 20:00:00+05:30,8.083983,168.4399,18.183563,181.1344
1917,2025-09-17 21:00:00+05:30,8.967541,169.59235,19.267569,181.60597
1918,2025-09-17 22:00:00+05:30,8.885877,173.01904,19.30117,183.74292
1919,2025-09-17 23:00:00+05:30,8.790563,169.3804,18.900856,180.54564
1920,2025-09-18 00:00:00+05:30,8.490582,175.13557,18.645428,186.09576
1921,2025-09-18 01:00:00+05:30,8.467655,182.4366,18.606289,192.28831
1922,2025-09-18 02:00:00+05:30,9.354806,191.09369,19.930477,200.07161
1923,2025-09-18 03:00:00+05:30,8.827344,200.28264,19.408306,208.22868
1924,2025-09-18 04:00:00+05:30,8.723967,201.80147,18.98552,211.4295
1925,2025-09-18 05:00:00+05:30,8.155807,202.03629,18.244045,210.86674
1926,2025-09-18 06:00:00+05:30,9.743304,205.14474,18.832163,211.71509
1927,2025-09-18 07:00:00+05:30,10.897063,202.3287,16.1198,203.70265
1928,2025-09-18 08:00:00+05:30,10.944532,216.30458,15.192682,216.32692
1929,2025-09-18 09:00:00+05:30,10.32924,221.4676,14.021525,221.87778
1930,2025-09-18 10:00:00+05:30,9.292255,238.46526,12.039833,238.44865
1931,2025-09-18 11:00:00+05:30,8.320986,218.85338,10.233123,219.28938
1932,2025-09-18 12:00:00+05:30,9.044888,227.41954,11.466438,227.54485
1933,2025-09-18 13:00:00+05:30,6.889557,236.7251,8.587338,236.97612
1934,2025-09-18 14:00:00+05:30,5.3426957,237.38077,6.6405115,237.17146
1935,2025-09-18 15:00:00+05:30,6.7853074,158.19853,8.891344,158.62932
1936,2025-09-18 16:00:00+05:30,10.234705,214.24908,16.575644,214.3804
1937,2025-09-18 17:00:00+05:30,7.9077177,221.30852,13.888023,222.37354
1938,2025-09-18 18:00:00+05:30,4.0449967,147.72438,12.42,180.0
1939,2025-09-18 19:00:00+05:30,6.28713,76.75947,9.340941,115.083565
1940,2025-09-18 20:00:00+05:30,3.9844694,108.43504,9.5535755,137.29063
1941,2025-09-18 21:00:00+05:30,2.8856194,176.42374,10.310403,163.77974
1942,2025-09-18 22:00:00+05:30,3.096837,324.46225,6.6794305,284.03625
1943,2025-09-18 23:00:00+05:30,8.32877,6.20336,12.860871,353.57135
1944,2025-09-19 00:00:00+05:30,2.226477,75.96373,4.471107,40.10085
1945,2025-09-19 01:00:00+05:30,4.327493,73.07241,6.77575,73.009094
1946,2025-09-19 02:00:00+05:30,2.8799999,90.0,6.830519,108.43504
1947,2025-09-19 03:00:00+05:30,3.244996,146.3099,8.39078,157.28555
1948,2025-09-19 04:00:00+05:30,1.7727944,113.962494,5.920878,160.46326
1949,2025-09-19 05:00:00+05:30,2.968636,75.96373,5.402999,119.98155
1950,2025-09-19 06:00:00+05:30,3.2048087,218.15727,5.495161,238.39255
1951,2025-09-19 07:00:00+05:30,3.7971036,185.44025,5.1197267,190.1246
1952,2025-09-19 08:00:00+05:30,2.7059932,93.814,3.0811036,96.70974
1953,2025-09-19 09:00:00+05:30,5.426933,84.2895,7.0568266,84.14409
1954,2025-09-19 10:00:00+05:30,0.6489992,146.3099,0.9178235,101.3099
1955,2025-09-19 11:00:00+05:30,3.3481934,36.253937,4.3573384,38.290207
1956,2025-09-19 12:00:00+05:30,1.484318,104.03627,1.835647,101.3099
1957,2025-09-19 13:00:00+05:30,0.9178235,258.6901,1.2074767,243.43501
1958,2025-09-19 14:00:00+05:30,1.9469976,236.3099,2.4482648,233.97253
1959,2025-09-19 15:00:00+05:30,5.6521144,217.23491,7.029225,219.80553
1960,2025-09-19 16:00:00+05:30,6.1226463,204.30453,8.133928,204.86368
1961,2025-09-19 17:00:00+05:30,5.4744864,223.66785,10.694485,223.63614
1962,2025-09-19 18:00:00+05:30,1.8792552,163.30067,4.080882,221.42357
1963,2025-09-19 19:00:00+05:30,1.5379207,110.55613,3.4388947,222.87889
1964,2025-09-19 20:00:00+05:30,1.2074767,63.435013,1.2979984,213.6901
1965,2025-09-19 21:00:00+05:30,1.7727944,336.0375,4.991553,295.64096
1966,2025-09-19 22:00:00+05:30,1.484318,284.03625,6.2145634,280.0079
1967,2025-09-19 23:00:00+05:30,0.40249225,26.564985,4.1125174,293.1986
1968,2025-09-20 00:00:00+05:30,1.7727944,336.0375,6.1305785,310.2363
1969,2025-09-20 01:00:00+05:30,2.8799999,360.0,6.452441,337.01126
1970,2025-09-20 02:00:00+05:30,3.964089,357.3975,9.6228485,352.47626
1971,2025-09-20 03:00:00+05:30,3.572898,40.9143,8.65873,20.695532
1972,2025-09-20 04:00:00+05:30,3.319036,77.4712,7.9036193,59.93151
1973,2025-09-20 05:00:00+05:30,2.1674871,85.23644,5.6521144,80.83774
1974,2025-09-20 06:00:00+05:30,7.3469996,120.963684,12.181624,124.159744
1975,2025-09-20 07:00:00+05:30,4.072935,135.0001,6.6405115,147.17146
1976,2025-09-20 08:00:00+05:30,5.0911684,135.0001,7.0107627,138.12222
1977,2025-09-20 09:00:00+05:30,3.9640884,140.52757,4.752136,142.69597
1978,2025-09-20 10:00:00+05:30,4.1085763,151.1893,5.072041,152.52565
1979,2025-09-20 11:00:00+05:30,1.3708391,113.19862,1.609969,116.56499
1980,2025-09-20 12:00:00+05:30,0.71999997,90.0,0.742159,75.96373
1981,2025-09-20 13:00:00+05:30,1.6199999,360.0,1.9881649,354.80566
1982,2025-09-20 14:00:00+05:30,2.50064,329.74365,2.995797,327.26477
1983,2025-09-20 15:00:00+05:30,2.4216523,311.98712,2.9522195,307.56866
1984,2025-09-20 16:00:00+05:30,9.627896,249.19313,13.1041975,249.07542
1985,2025-09-20 17:00:00+05:30,4.3536186,209.7448,6.048107,216.52895
1986,2025-09-20 18:00:00+05:30,5.6521144,217.23491,11.328566,224.35634
1987,2025-09-20 19:00:00+05:30,5.6233797,230.19447,11.952054,232.95744
1988,2025-09-20 20:00:00+05:30,5.6521144,232.76509,12.348051,233.29706
1989,2025-09-20 21:00:00+05:30,6.2145634,259.9921,13.055896,254.8141
1990,2025-09-20 22:00:00+05:30,5.8048253,262.8751,12.906138,261.983
1991,2025-09-20 23:00:00+05:30,5.4029994,268.09088,12.601285,269.18155
1992,2025-09-21 00:00:00+05:30,4.143911,267.5105,10.823973,273.814
1993,2025-09-21 01:00:00+05:30,4.6834598,267.79745,11.588701,276.24182
1994,2025-09-21 02:00:00+05:30,4.3498964,294.44394,10.636766,293.9625
1995,2025-09-21 03:00:00+05:30,3.244996,303.6901,9.396275,306.43094
1996,2025-09-21 04:00:00+05:30,5.5450516,305.75397,11.892265,309.47244
1997,2025-09-21 05:00:00+05:30,3.2048087,321.8427,9.252069,322.90707
1998,2025-09-21 06:00:00+05:30,10.373061,308.65982,15.629971,308.45374
1999,2025-09-21 07:00:00+05:30,8.3520775,322.88306,11.304229,322.76508
2000,2025-09-21 08:00:00+05:30,4.1046314,15.255177,5.2416787,15.945477
2001,2025-09-21 09:00:00+05:30,4.198285,30.963696,5.2478566,30.963696
2002,2025-09-21 10:00:00+05:30,3.244996,19.440128,4.0449963,20.854538
2003,2025-09-21 11:00:00+05:30,1.1384199,341.56494,1.5379207,339.44388
2004,2025-09-21 12:00:00+05:30,1.8089776,95.7105,2.1674871,85.23644
2005,2025-09-21 13:00:00+05:30,1.2074767,153.43501,1.2979984,146.3099
2006,2025-09-21 14:00:00+05:30,0.9693296,291.80148,1.2074767,296.56497
2007,2025-09-21 15:00:00+05:30,0.9693296,291.80148,1.3708391,293.1986
2008,2025-09-21 16:00:00+05:30,2.7534704,101.3099,3.671294,101.3099
2009,2025-09-21 17:00:00+05:30,5.09435,122.00535,10.134495,123.407845
2010,2025-09-21 18:00:00+05:30,8.723967,201.80147,15.760025,193.87755
2011,2025-09-21 19:00:00+05:30,7.6579366,209.57774,15.978484,202.52061
2012,2025-09-21 20:00:00+05:30,8.893166,234.0578,17.748037,233.24623
2013,2025-09-21 21:00:00+05:30,7.5019197,239.74365,15.717823,240.49937
2014,2025-09-21 22:00:00+05:30,7.2649574,228.01286,15.94804,233.25935
2015,2025-09-21 23:00:00+05:30,6.689125,293.80594,13.797912,277.49576
2016,2025-09-22 00:00:00+05:30,5.9427266,305.13428,11.566313,290.97357
2017,2025-09-22 01:00:00+05:30,6.1305785,319.7637,12.738099,312.70938
2018,2025-09-22 02:00:00+05:30,5.0816135,337.06787,11.351422,332.62238
2019,2025-09-22 03:00:00+05:30,6.9899354,348.11136,14.05845,346.67545
2020,2025-09-22 04:00:00+05:30,6.698806,353.82993,13.954354,353.33344
2021,2025-09-22 05:00:00+05:30,5.1197267,10.124612,12.483749,5.7927017
2022,2025-09-22 06:00:00+05:30,4.5572357,9.090207,12.324414,6.70975
2023,2025-09-22 07:00:00+05:30,5.4744864,43.667847,9.984729,33.97659
2024,2025-09-22 08:00:00+05:30,4.752136,37.30404,6.8423676,35.362556
2025,2025-09-22 09:00:00+05:30,3.9312592,15.945477,5.637765,16.699326
2026,2025-09-22 10:00:00+05:30,4.6102495,51.34017,5.983477,46.2188
2027,2025-09-22 11:00:00+05:30,5.6521144,80.83774,6.8541956,76.328674
2028,2025-09-22 12:00:00+05:30,10.799999,90.0,14.944336,91.380325
2029,2025-09-22 13:00:00+05:30,5.7628117,91.78987,7.748368,92.66295
2030,2025-09-22 14:00:00+05:30,4.6800003,67.3801,5.95906,64.98315
2031,2025-09-22 15:00:00+05:30,1.659518,40.601215,1.9134263,41.185837
2032,2025-09-22 16:00:00+05:30,5.7599998,360.0,8.099999,360.0
2033,2025-09-22 17:00:00+05:30,3.1072817,349.99207,7.4346757,353.04715
2034,2025-09-22 18:00:00+05:30,3.0811036,263.29025,6.162207,263.29025
2035,2025-09-22 19:00:00+05:30,4.323748,272.3859,9.3669195,267.79745
2036,2025-09-22 20:00:00+05:30,2.6999998,126.86998,2.5264204,175.91446
2037,2025-09-22 21:00:00+05:30,5.414979,111.44781,6.6087217,119.357666
2038,2025-09-22 22:00:00+05:30,4.9785542,102.5288,6.6818557,94.635376
2039,2025-09-22 23:00:00+05:30,3.8647635,117.75845,4.3349743,94.76356
2040,2025-09-23 00:00:00+05:30,4.0449967,327.72437,6.945761,328.78165
2041,2025-09-23 01:00:00+05:30,3.7971041,301.4295,7.6409945,313.09085
2042,2025-09-23 02:00:00+05:30,2.4014995,347.00537,7.072878,345.25638
2043,2025-09-23 03:00:00+05:30,2.7059932,356.186,7.2202215,355.71094
2044,2025-09-23 04:00:00+05:30,5.072041,27.474344,10.070353,24.27444
2045,2025-09-23 05:00:00+05:30,7.029225,39.805527,12.007498,40.135426
2046,2025-09-23 06:00:00+05:30,9.565437,109.798965,15.62686,114.49856
2047,2025-09-23 07:00:00+05:30,12.638513,116.20005,17.709658,116.56499
2048,2025-09-23 08:00:00+05:30,13.690653,118.24964,19.046858,120.6851
2049,2025-09-23 09:00:00+05:30,15.277749,124.43905,20.969807,124.50858
2050,2025-09-23 10:00:00+05:30,14.009968,132.91743,19.107151,132.70937
2051,2025-09-23 11:00:00+05:30,11.734564,138.73149,15.03835,137.91092
2052,2025-09-23 12:00:00+05:30,10.348043,130.06073,13.413321,130.10085
2053,2025-09-23 13:00:00+05:30,9.290511,125.537766,11.634741,124.91948
2054,2025-09-23 14:00:00+05:30,9.037721,135.80684,11.328566,135.64366
2055,2025-09-23 15:00:00+05:30,8.322932,158.42863,11.276967,155.48038
2056,2025-09-23 16:00:00+05:30,7.1208143,163.85559,10.483357,164.05453
2057,2025-09-23 17:00:00+05:30,10.315115,119.24873,17.574675,122.87627
2058,2025-09-23 18:00:00+05:30,3.0652893,229.76372,6.5520988,195.94547
2059,2025-09-23 19:00:00+05:30,2.3051248,231.34016,4.32,180.0
2060,2025-09-23 20:00:00+05:30,1.835647,191.30989,6.9550843,169.56258
2061,2025-09-23 21:00:00+05:30,2.5959969,123.690094,7.5685663,154.65387
2062,2025-09-23 22:00:00+05:30,1.6299692,83.659904,5.1481256,143.53067
2063,2025-09-23 23:00:00+05:30,2.8460498,71.564964,5.0816135,112.93214
2064,2025-09-24 00:00:00+05:30,2.8174455,63.435013,5.0528407,94.08554
2065,2025-09-24 01:00:00+05:30,3.710795,67.16631,6.6624317,88.45188
2066,2025-09-24 02:00:00+05:30,4.669604,62.447273,9.6228485,82.47627
2067,2025-09-24 03:00:00+05:30,5.4744864,62.59251,11.811622,82.11695
2068,2025-09-24 04:00:00+05:30,5.1544156,77.90526,12.601285,90.818436
2069,2025-09-24 05:00:00+05:30,6.12,90.0,14.275713,95.06353
2070,2025-09-24 06:00:00+05:30,6.601363,64.133705,11.098865,81.60716
2071,2025-09-24 07:00:00+05:30,6.310277,93.270424,8.507737,96.072365
2072,2025-09-24 08:00:00+05:30,9.0018,101.53459,11.792404,102.33907
2073,2025-09-24 09:00:00+05:30,11.571914,105.33334,15.379206,106.31393
2074,2025-09-24 10:00:00+05:30,13.141232,113.40471,17.088627,113.59483
2075,2025-09-24 11:00:00+05:30,10.3480425,103.06932,13.31635,103.284874
2076,2025-09-24 12:00:00+05:30,13.125196,115.15927,17.25373,113.35559
2077,2025-09-24 13:00:00+05:30,4.846648,121.328636,6.76618,118.61037
2078,2025-09-24 14:00:00+05:30,7.127636,135.0001,9.292254,134.21527
2079,2025-09-24 15:00:00+05:30,11.212135,137.60262,15.053425,138.87863
2080,2025-09-24 16:00:00+05:30,5.904439,127.568665,8.099999,126.86999
2081,2025-09-24 17:00:00+05:30,5.4149795,74.57778,10.172787,76.70142
2082,2025-09-24 18:00:00+05:30,4.613762,159.44388,10.908951,142.3737
2083,2025-09-24 19:00:00+05:30,2.1897945,99.46225,8.297589,114.34108
2084,2025-09-24 20:00:00+05:30,0.9693296,21.801476,4.6938252,94.39862
2085,2025-09-24 21:00:00+05:30,0.56920993,18.435053,3.6179552,95.7105
2086,2025-09-24 22:00:00+05:30,3.710795,39.09386,7.1684303,61.504463
2087,2025-09-24 23:00:00+05:30,2.5455842,44.999897,6.320538,70.01681
2088,2025-09-25 00:00:00+05:30,2.2553935,61.389645,7.293888,74.248764
2089,2025-09-25 01:00:00+05:30,3.362677,74.47583,9.0645685,83.15732
2090,2025-09-25 02:00:00+05:30,6.28713,76.75947,13.441071,82.30404
2091,2025-09-25 03:00:00+05:30,6.725354,74.47583,14.618837,80.07382
2092,2025-09-25 04:00:00+05:30,6.519877,96.340096,14.869351,96.952866
2093,2025-09-25 05:00:00+05:30,4.913044,81.57312,12.431734,92.4895
2094,2025-09-25 06:00:00+05:30,6.6794305,75.96373,11.749741,84.7262
2095,2025-09-25 07:00:00+05:30,3.964089,87.3975,6.66,90.0
2096,2025-09-25 08:00:00+05:30,4.8733153,94.23632,6.310277,93.270424
2097,2025-09-25 09:00:00+05:30,6.87779,96.00892,8.865799,95.82625
2098,2025-09-25 10:00:00+05:30,6.849467,86.98728,8.827344,87.66274
2099,2025-09-25 11:00:00+05:30,5.232399,86.05489,6.5024605,85.23644
2100,2025-09-25 12:00:00+05:30,3.319036,77.4712,3.84796,79.21575
2101,2025-09-25 13:00:00+05:30,5.1481256,36.469334,6.4096174,38.157276
2102,2025-09-25 14:00:00+05:30,7.293888,74.248764,9.505977,71.22187
2103,2025-09-25 15:00:00+05:30,2.1674871,138.36655,2.50064,120.256355
2104,2025-09-25 16:00:00+05:30,5.2323985,220.81499,6.8919086,220.76352
2105,2025-09-25 17:00:00+05:30,2.1674871,48.366554,3.9518096,30.068504
2106,2025-09-25 18:00:00+05:30,6.7757506,320.38934,9.299225,317.35333
2107,2025-09-25 19:00:00+05:30,5.8048253,97.12492,9.299225,104.57426
2108,2025-09-25 20:00:00+05:30,4.846648,148.67137,9.6480665,171.41646
2109,2025-09-25 21:00:00+05:30,2.907989,248.19853,6.2405767,213.23172
2110,2025-09-25 22:00:00+05:30,1.2074767,296.56497,4.1046314,232.12495
2111,2025-09-25 23:00:00+05:30,1.835647,11.3098955,2.1674871,311.63345
2112,2025-09-26 00:00:00+05:30,4.353619,7.12493,8.083983,348.4399
2113,2025-09-26 01:00:00+05:30,4.669604,27.552727,9.781473,12.757541
2114,2025-09-26 02:00:00+05:30,6.193674,35.537766,13.337016,31.75944
2115,2025-09-26 03:00:00+05:30,6.048107,53.471054,14.009968,47.082573
2116,2025-09-26 04:00:00+05:30,5.983477,74.2913,13.776763,72.51192
2117,2025-09-26 05:00:00+05:30,7.989243,75.650635,17.194475,79.74886
2118,2025-09-26 06:00:00+05:30,7.040739,94.39862,14.761098,90.698685
2119,2025-09-26 07:00:00+05:30,5.6262593,82.64771,10.478722,85.07298
2120,2025-09-26 08:00:00+05:30,13.523978,116.90602,18.275984,117.57448
2121,2025-09-26 09:00:00+05:30,16.1198,119.42737,22.081385,119.281334
2122,2025-09-26 10:00:00+05:30,17.065859,116.29472,23.828083,116.9521
2123,2025-09-26 11:00:00+05:30,17.088627,113.59483,23.686249,114.22774
2124,2025-09-26 12:00:00+05:30,15.934829,103.72231,20.91256,103.4382
2125,2025-09-26 13:00:00+05:30,19.689238,112.57961,25.471748,111.124794
2126,2025-09-26 14:00:00+05:30,6.924738,81.02746,10.285232,85.98591
2127,2025-09-26 15:00:00+05:30,7.6409945,105.01841,14.517644,107.31174
2128,2025-09-26 16:00:00+05:30,10.495713,112.1664,17.801807,114.49189
2129,2025-09-26 17:00:00+05:30,11.866355,112.28564,21.575987,115.70991
2130,2025-09-26 18:00:00+05:30,14.84318,112.833694,25.861183,114.245926
2131,2025-09-26 19:00:00+05:30,14.578888,110.22495,25.369785,111.65049
2132,2025-09-26 20:00:00+05:30,15.443328,111.18142,26.427528,114.12099
2133,2025-09-26 21:00:00+05:30,14.693999,120.963684,25.26228,124.25626
2134,2025-09-26 22:00:00+05:30,15.553083,113.895164,26.407907,117.61294
2135,2025-09-26 23:00:00+05:30,14.01806,114.26129,24.321323,118.27194
2136,2025-09-27 00:00:00+05:30,14.138882,111.66602,24.555325,115.62581
2137,2025-09-27 01:00:00+05:30,12.708816,105.61105,22.60631,110.02218
2138,2025-09-27 02:00:00+05:30,12.461669,100.82296,22.054958,105.6243
2139,2025-09-27 03:00:00+05:30,12.860871,96.42866,22.416323,101.5806
2140,2025-09-27 04:00:00+05:30,13.466357,98.45494,23.760681,102.24632
2141,2025-09-27 05:00:00+05:30,14.059602,108.66701,24.10186,111.00687
2142,2025-09-27 06:00:00+05:30,13.154786,106.699326,23.73271,112.28564
2143,2025-09-27 07:00:00+05:30,18.374994,122.60033,26.3594,123.58158
2144,2025-09-27 08:00:00+05:30,19.761507,131.67679,27.788874,131.8492
2145,2025-09-27 09:00:00+05:30,20.390114,132.13753,28.672028,132.20103
2146,2025-09-27 10:00:00+05:30,17.23964,130.34167,22.842985,130.84605
2147,2025-09-27 11:00:00+05:30,16.940096,132.84703,25.72174,133.29869
2148,2025-09-27 12:00:00+05:30,10.316686,137.12111,15.03835,137.91092
2149,2025-09-27 13:00:00+05:30,10.819482,135.67395,14.637663,135.49815
2150,2025-09-27 14:00:00+05:30,13.513193,138.23979,18.880276,138.86555
2151,2025-09-27 15:00:00+05:30,11.161451,127.79401,15.661035,127.52851
2152,2025-09-27 16:00:00+05:30,12.031756,128.92755,18.52951,129.87679
2153,2025-09-27 17:00:00+05:30,9.499158,117.05052,16.886456,121.48742
2154,2025-09-27 18:00:00+05:30,8.035746,105.59287,16.75064,118.21727
2155,2025-09-27 19:00:00+05:30,9.734988,123.6901,19.567083,129.40063
2156,2025-09-27 20:00:00+05:30,7.491114,125.21768,16.423458,133.66786
2157,2025-09-27 21:00:00+05:30,6.452441,112.98875,14.87153,128.11833
2158,2025-09-27 22:00:00+05:30,6.5049515,104.420815,14.787414,121.56177
2159,2025-09-27 23:00:00+05:30,6.725354,105.52418,15.22783,118.98872
2160,2025-09-28 00:00:00+05:30,7.040739,94.39862,15.547875,110.32322
2161,2025-09-28 01:00:00+05:30,7.040739,94.39862,15.7754345,106.57409
2162,2025-09-28 02:00:00+05:30,6.542201,82.09293,14.4415655,100.049286
2163,2025-09-28 03:00:00+05:30,7.5599995,90.0,16.039202,99.039406
2164,2025-09-28 04:00:00+05:30,6.489992,93.17977,14.668619,104.2068
2165,2025-09-28 05:00:00+05:30,6.3690495,132.70937,13.830749,128.65984
2166,2025-09-28 06:00:00+05:30,7.570707,118.39293,16.029099,124.939384
2167,2025-09-28 07:00:00+05:30,7.4932766,114.102234,10.7894945,117.84749
2168,2025-09-28 08:00:00+05:30,9.5535755,137.29063,12.870944,137.83418
2169,2025-09-28 09:00:00+05:30,10.703569,137.72638,13.888023,137.62646
2170,2025-09-28 10:00:00+05:30,8.297589,130.60121,10.348043,130.06073
2171,2025-09-28 11:00:00+05:30,11.103243,106.96623,13.719023,109.14823
2172,2025-09-28 12:00:00+05:30,6.792466,57.99466,8.39657,59.03632
2173,2025-09-28 13:00:00+05:30,6.3639607,135.0001,8.14587,135.0001
2174,2025-09-28 14:00:00+05:30,4.846648,148.67137,6.048107,143.47105
2175,2025-09-28 15:00:00+05:30,7.256032,172.87508,9.292254,171.08516
2176,2025-09-28 16:00:00+05:30,7.928178,177.39749,10.63372,177.08922
2177,2025-09-28 17:00:00+05:30,4.6730714,164.3577,10.1902895,162.52513
2178,2025-09-28 18:00:00+05:30,5.2478566,174.09395,13.466357,171.54506
2179,2025-09-28 19:00:00+05:30,6.9550843,190.43742,15.815435,191.82146
2180,2025-09-28 20:00:00+05:30,6.924738,188.97255,16.068466,192.94652
2181,2025-09-28 21:00:00+05:30,6.8423676,181.5074,15.763107,186.55685
2182,2025-09-28 22:00:00+05:30,5.9834766,186.91113,14.975741,193.2011
2183,2025-09-28 23:00:00+05:30,4.5536795,198.43504,12.879752,206.56499
2184,2025-09-29 00:00:00+05:30,3.536439,194.7436,10.036512,212.54999
2185,2025-09-29 01:00:00+05:30,3.219938,206.56499,9.313152,221.08165
2186,2025-09-29 02:00:00+05:30,3.1845248,222.70937,9.220499,231.34016
2187,2025-09-29 03:00:00+05:30,2.3469126,265.60138,7.628263,250.70985
2188,2025-09-29 04:00:00+05:30,3.1845248,312.70938,6.8138976,282.20044
2189,2025-09-29 05:00:00+05:30,3.745557,324.78232,7.689603,302.57404
2190,2025-09-29 06:00:00+05:30,3.244996,303.6901,7.0911775,293.9625
2191,2025-09-29 07:00:00+05:30,3.7585104,343.3007,5.318383,336.0375
2192,2025-09-29 08:00:00+05:30,5.8769383,332.6502,7.570707,331.6071
2193,2025-09-29 09:00:00+05:30,4.0249224,349.69522,5.1544156,347.90527
2194,2025-09-29 10:00:00+05:30,3.9763298,5.19435,4.8899083,6.3401003
2195,2025-09-29 11:00:00+05:30,3.4152596,18.435053,4.1556225,17.650223
2196,2025-09-29 12:00:00+05:30,2.5772076,24.775122,3.06,28.072395
2197,2025-09-29 13:00:00+05:30,2.0991426,30.963696,2.5959969,33.6901
2198,2025-09-29 14:00:00+05:30,0.9693296,21.801476,1.2074767,26.564985
2199,2025-09-29 15:00:00+05:30,0.742159,165.96373,0.9178235,168.69011
2200,2025-09-29 16:00:00+05:30,4.060985,102.80426,4.7827187,109.798965
2201,2025-09-29 17:00:00+05:30,0.25455844,44.999897,1.2979984,213.6901
2202,2025-09-29 18:00:00+05:30,3.9518096,30.068504,8.0599,23.70266
2203,2025-09-29 19:00:00+05:30,3.3481934,323.74606,6.439876,333.43503
2204,2025-09-29 20:00:00+05:30,5.5916004,356.3087,10.453957,357.03912
2205,2025-09-29 21:00:00+05:30,3.396233,327.99466,7.9465466,346.90808
2206,2025-09-29 22:00:00+05:30,1.5484185,305.53775,4.5891175,334.44006
2207,2025-09-29 23:00:00+05:30,0.742159,284.03625,2.8460495,304.69522
2208,2025-09-30 00:00:00+05:30,1.9134263,311.18582,4.978554,310.60123
2209,2025-09-30 01:00:00+05:30,3.1072817,280.0079,7.0015144,287.96924
2210,2025-09-30 02:00:00+05:30,3.710795,284.03625,9.059205,290.95584
2211,2025-09-30 03:00:00+05:30,3.8268526,318.81415,10.210936,319.28925
2212,2025-09-30 04:00:00+05:30,3.8268526,318.81415,10.735306,325.24402
2213,2025-09-30 05:00:00+05:30,3.8183763,315.0001,10.908951,322.3737
2214,2025-09-30 06:00:00+05:30,5.9399996,360.0,13.324863,1.5481218
2215,2025-09-30 07:00:00+05:30,8.461914,29.29127,11.996699,27.718414
2216,2025-09-30 08:00:00+05:30,7.327127,27.824009,9.659814,26.564985
2217,2025-09-30 09:00:00+05:30,6.0721655,11.976112,7.731622,12.094739
2218,2025-09-30 10:00:00+05:30,6.037383,10.304792,7.841888,9.246045
2219,2025-09-30 11:00:00+05:30,5.232399,356.0549,6.6697226,356.906
2220,2025-09-30 12:00:00+05:30,3.710795,337.1663,4.846648,338.19852
2221,2025-09-30 13:00:00+05:30,5.4656014,287.24155,6.384293,291.5015
2222,2025-09-30 14:00:00+05:30,10.1376915,276.11542,13.239487,277.0283
2223,2025-09-30 15:00:00+05:30,7.2,270.0,9.901636,271.0416
2224,2025-09-30 16:00:00+05:30,5.3699164,283.57043,7.555712,282.38074
2225,2025-09-30 17:00:00+05:30,1.835647,281.3099,5.8603754,280.6196
2226,2025-09-30 18:00:00+05:30,2.8460498,198.43504,6.015878,231.07245
2227,2025-09-30 19:00:00+05:30,6.5049515,194.4208,11.19189,207.80136
2228,2025-09-30 20:00:00+05:30,7.120815,200.72563,13.934605,208.5513
2229,2025-09-30 21:00:00+05:30,7.256032,226.00499,15.281989,226.90913
2230,2025-09-30 22:00:00+05:30,7.145796,229.08571,15.426535,235.93904
2231,2025-09-30 23:00:00+05:30,8.043805,229.53786,16.981165,237.99466
2232,2025-10-01 00:00:00+05:30,12.093535,75.34321,15.536408,79.99209
2233,2025-10-01 01:00:00+05:30,2.50064,30.256361,3.964089,357.3975
2234,2025-10-01 02:00:00+05:30,0.5091169,44.999897,3.3043609,330.64233
2235,2025-10-01 03:00:00+05:30,4.293669,123.02387,6.198903,115.820946
2236,2025-10-01 04:00:00+05:30,7.6579366,150.42226,13.282243,153.43501
2237,2025-10-01 05:00:00+05:30,3.2846913,260.53775,10.6261,259.26114
2238,2025-10-01 06:00:00+05:30,0.9693296,201.80147,5.7852573,264.64426
2239,2025-10-01 07:00:00+05:30,14.970331,108.217186,19.694992,108.10386
2240,2025-10-01 08:00:00+05:30,8.037761,145.95403,12.287555,148.17259
2241,2025-10-01 09:00:00+05:30,7.7650757,134.0609,10.819482,135.67395
2242,2025-10-01 10:00:00+05:30,6.76618,118.61037,8.936778,117.597206
2243,2025-10-01 11:00:00+05:30,10.874741,102.425934,14.120538,101.023415
2244,2025-10-01 12:00:00+05:30,12.011544,109.24962,16.055353,109.653915
2245,2025-10-01 13:00:00+05:30,11.555102,108.1528,15.426537,109.06929
2246,2025-10-01 14:00:00+05:30,12.348051,126.70295,16.325514,124.21575
2247,2025-10-01 15:00:00+05:30,11.230904,111.63095,15.812363,112.77042
2248,2025-10-01 16:00:00+05:30,10.8955765,97.59455,15.710607,94.60001
2249,2025-10-01 17:00:00+05:30,9.6480665,81.416466,17.393066,96.53654
2250,2025-10-01 18:00:00+05:30,7.579261,85.91447,15.3264475,102.893745
2251,2025-10-01 19:00:00+05:30,7.072878,75.25639,15.188415,95.44024
2252,2025-10-01 20:00:00+05:30,10.337079,97.001175,20.302532,104.89875
2253,2025-10-01 21:00:00+05:30,9.12513,75.14134,18.382044,87.19369
2254,2025-10-01 22:00:00+05:30,12.059999,90.0,22.355536,93.23095
2255,2025-10-01 23:00:00+05:30,8.473393,102.26476,14.539945,105.06854
2256,2025-10-02 00:00:00+05:30,11.571914,74.66666,18.913708,81.79288
2257,2025-10-02 01:00:00+05:30,12.785069,54.743572,20.66867,56.72509
2258,2025-10-02 02:00:00+05:30,14.238215,92.89851,24.395811,95.07952
2259,2025-10-02 03:00:00+05:30,12.483749,65.28258,20.948164,70.94221
2260,2025-10-02 04:00:00+05:30,12.429127,79.99209,21.359411,77.837814
2261,2025-10-02 05:00:00+05:30,12.20023,111.64449,22.077717,114.05735
2262,2025-10-02 06:00:00+05:30,12.961249,90.79571,22.104116,96.546196
2263,2025-10-02 07:00:00+05:30,12.337553,113.198616,18.955631,112.912865
2264,2025-10-02 08:00:00+05:30,13.1041975,105.945465,19.758228,106.94931
2265,2025-10-02 09:00:00+05:30,14.935662,102.5288,22.789024,103.706985
2266,2025-10-02 10:00:00+05:30,16.670176,114.90475,23.270874,115.177505
2267,2025-10-02 11:00:00+05:30,16.640022,105.690056,22.431494,107.271835
2268,2025-10-02 12:00:00+05:30,13.447095,117.93705,19.319628,116.56499
2269,2025-10-02 13:00:00+05:30,13.948548,107.26589,21.746502,109.3349
2270,2025-10-02 14:00:00+05:30,14.4415655,100.049286,22.76911,101.398735
2271,2025-10-02 15:00:00+05:30,17.349236,120.555885,26.640608,120.8973
2272,2025-10-02 16:00:00+05:30,14.628807,124.472275,24.20381,128.65982
2273,2025-10-02 17:00:00+05:30,14.892213,116.56499,25.530193,121.44866
2274,2025-10-02 18:00:00+05:30,13.779114,109.85531,23.83624,115.01687
2275,2025-10-02 19:00:00+05:30,14.512064,113.38525,25.03618,116.01232
2276,2025-10-02 20:00:00+05:30,14.572219,107.98743,24.746563,113.581665
2277,2025-10-02 21:00:00+05:30,15.287288,102.2361,26.111792,105.1859
2278,2025-10-02 22:00:00+05:30,15.455911,104.8455,26.01794,107.306816
2279,2025-10-02 23:00:00+05:30,14.068816,106.34825,25.136274,111.420525
2280,2025-10-03 00:00:00+05:30,14.512064,97.12492,24.957764,101.22885
2281,2025-10-03 01:00:00+05:30,9.555271,93.23964,18.406704,99.00168
2282,2025-10-03 02:00:00+05:30,13.239487,97.0283,23.018896,102.18862
2283,2025-10-03 03:00:00+05:30,15.501959,102.74529,26.654589,106.47696
2284,2025-10-03 04:00:00+05:30,15.03835,101.0409,25.448841,107.281586
2285,2025-10-03 05:00:00+05:30,13.767352,131.82008,24.567856,135.89044
2286,2025-10-03 06:00:00+05:30,14.178927,118.84257,23.613638,123.81124
2287,2025-10-03 07:00:00+05:30,16.021011,117.42866,25.992397,120.8276
2288,2025-10-03 08:00:00+05:30,22.06377,131.36172,31.902174,130.88171
2289,2025-10-03 09:00:00+05:30,19.083395,144.21094,28.188828,143.56905
2290,2025-10-03 10:00:00+05:30,18.620214,150.46132,25.944988,150.9455
2291,2025-10-03 11:00:00+05:30,16.478603,139.87396,22.12536,140.61223
2292,2025-10-03 12:00:00+05:30,18.116621,152.16202,23.431824,152.05705
2293,2025-10-03 13:00:00+05:30,12.534257,144.94049,17.57744,145.0079
2294,2025-10-03 14:00:00+05:30,14.51876,137.00955,20.150354,138.62158
2295,2025-10-03 15:00:00+05:30,11.525623,128.65984,16.363178,129.64413
2296,2025-10-03 16:00:00+05:30,9.044888,121.15924,15.443328,130.74608
2297,2025-10-03 17:00:00+05:30,9.54,121.890755,19.373219,131.98714
2298,2025-10-03 18:00:00+05:30,10.855358,130.29207,21.166653,131.55252
2299,2025-10-03 19:00:00+05:30,10.514218,128.04709,20.793701,138.86084
2300,2025-10-03 20:00:00+05:30,11.599879,131.85495,22.335236,139.24855
2301,2025-10-03 21:00:00+05:30,13.0806875,145.65384,24.004873,151.32106
2302,2025-10-03 22:00:00+05:30,13.022349,139.4847,23.444956,141.54626
2303,2025-10-03 23:00:00+05:30,10.691453,135.0001,21.6457,141.41458
2304,2025-10-04 00:00:00+05:30,9.5535755,132.70937,18.899143,139.63554
2305,2025-10-04 01:00:00+05:30,11.052058,127.05662,21.004541,136.04153
2306,2025-10-04 02:00:00+05:30,12.768586,139.574,23.292442,143.48424
2307,2025-10-04 03:00:00+05:30,9.668195,151.0491,18.606289,155.41844
2308,2025-10-04 04:00:00+05:30,11.583109,147.05078,21.717432,146.83676
2309,2025-10-04 05:00:00+05:30,13.072015,141.7098,24.44954,149.47037
2310,2025-10-04 06:00:00+05:30,14.25641,142.69597,23.98597,148.81508
2311,2025-10-04 07:00:00+05:30,16.1198,150.57263,24.07765,151.9024
2312,2025-10-04 08:00:00+05:30,16.813387,158.65414,23.06881,159.44388
2313,2025-10-04 09:00:00+05:30,15.486278,160.30128,20.6624,161.7228
2314,2025-10-04 10:00:00+05:30,15.8502245,164.85896,21.304731,166.31596
2315,2025-10-04 11:00:00+05:30,19.296133,171.41646,25.481922,171.46931
2316,2025-10-04 12:00:00+05:30,15.24909,172.53952,22.580494,171.28865
2317,2025-10-04 13:00:00+05:30,16.740969,180.61604,23.766134,181.30193
2318,2025-10-04 14:00:00+05:30,8.467655,182.4366,12.620554,183.27042
2319,2025-10-04 15:00:00+05:30,13.0447235,152.02061,19.32382,154.62848
2320,2025-10-04 16:00:00+05:30,9.422101,186.58185,16.601036,189.36012
2321,2025-10-04 17:00:00+05:30,15.710607,175.4,28.269169,178.54059
2322,2025-10-04 18:00:00+05:30,14.690691,172.96216,26.174995,175.66182
2323,2025-10-04 19:00:00+05:30,15.602999,163.23737,27.218119,168.1699
2324,2025-10-04 20:00:00+05:30,16.770939,167.6046,29.060385,170.01263
2325,2025-10-04 21:00:00+05:30,15.299999,171.20267,26.993998,173.49113
2326,2025-10-04 22:00:00+05:30,13.397612,173.82993,24.342628,176.60873
2327,2025-10-04 23:00:00+05:30,11.866355,170.39487,22.186779,176.27876
2328,2025-10-05 00:00:00+05:30,14.869351,173.04713,26.310188,177.2551
2329,2025-10-05 01:00:00+05:30,13.556282,169.28693,24.430317,174.07947
2330,2025-10-05 02:00:00+05:30,14.949756,177.93001,25.264202,184.08554
2331,2025-10-05 03:00:00+05:30,9.6228485,172.47627,16.388899,178.11185
2332,2025-10-05 04:00:00+05:30,14.944336,181.38033,24.681011,190.08054
2333,2025-10-05 05:00:00+05:30,13.441071,187.69595,24.11261,192.06487
2334,2025-10-05 06:00:00+05:30,11.745604,195.10115,17.258425,196.3559
2335,2025-10-05 07:00:00+05:30,14.041154,180.7345,19.273453,182.14085
2336,2025-10-05 08:00:00+05:30,14.120539,197.04912,19.92235,198.43504
2337,2025-10-05 09:00:00+05:30,12.815443,209.44533,17.238699,208.70586
2338,2025-10-05 10:00:00+05:30,12.072083,200.05618,15.342294,202.05112
2339,2025-10-05 11:00:00+05:30,14.51876,222.99045,18.968449,223.84663
2340,2025-10-05 12:00:00+05:30,14.230248,235.30478,18.978693,234.65175
2341,2025-10-05 13:00:00+05:30,13.237038,224.9999,18.102308,228.22461
2342,2025-10-05 14:00:00+05:30,15.683774,238.13406,22.075516,237.99466
2343,2025-10-05 15:00:00+05:30,6.696387,233.74606,9.080639,230.6307
2344,2025-10-05 16:00:00+05:30,2.657668,241.69934,3.745557,234.78232
2345,2025-10-05 17:00:00+05:30,2.226477,194.03627,7.056826,217.74687
2346,2025-10-05 18:00:00+05:30,4.1046314,164.74483,9.3669195,182.20255
2347,2025-10-05 19:00:00+05:30,4.7928696,124.286934,10.1902895,144.34459
2348,2025-10-05 20:00:00+05:30,4.6938257,147.52882,11.521406,151.03244
2349,2025-10-05 21:00:00+05:30,3.4949677,168.11136,9.044888,174.2895
2350,2025-10-05 22:00:00+05:30,4.8733153,175.76369,10.837435,184.76355
2351,2025-10-05 23:00:00+05:30,8.82,180.0,15.84409,181.30193
2352,2025-10-06 00:00:00+05:30,5.3939967,205.7099,10.234705,203.86018
2353,2025-10-06 01:00:00+05:30,1.835647,101.3099,5.6262593,187.35228
2354,2025-10-06 02:00:00+05:30,1.7727944,23.962492,1.7076298,288.43503
2355,2025-10-06 03:00:00+05:30,3.6447225,212.90524,7.538541,213.31064
2356,2025-10-06 04:00:00+05:30,1.7727944,23.962492,0.56920993,341.56494
2357,2025-10-06 05:00:00+05:30,2.0523157,307.87503,6.9480934,306.57312
2358,2025-10-06 06:00:00+05:30,5.4029994,181.9091,6.2613096,198.43504
2359,2025-10-06 07:00:00+05:30,2.36753,188.74608,3.9518096,210.0685
2360,2025-10-06 08:00:00+05:30,8.11798,176.186,10.63372,177.08922
2361,2025-10-06 09:00:00+05:30,7.4932766,204.10223,9.266067,204.0755
2362,2025-10-06 10:00:00+05:30,6.7397914,214.11452,8.39078,215.39488
2363,2025-10-06 11:00:00+05:30,3.4199998,270.0,4.1556225,265.03033
2364,2025-10-06 12:00:00+05:30,4.060985,282.80426,5.195113,284.03625
2365,2025-10-06 13:00:00+05:30,4.353619,262.8751,5.7628117,268.2101
2366,2025-10-06 14:00:00+05:30,5.4656014,252.75845,6.9899354,258.11136
2367,2025-10-06 15:00:00+05:30,5.2478566,247.8336,6.725354,254.47583
2368,2025-10-06 16:00:00+05:30,1.0948973,189.46225,1.9881649,264.80566
2369,2025-10-06 17:00:00+05:30,3.0811036,83.29026,6.638072,77.4712
2370,2025-10-06 18:00:00+05:30,3.7799997,90.0,8.297589,102.5288
2371,2025-10-06 19:00:00+05:30,5.072041,117.47435,10.486448,129.42778
2372,2025-10-06 20:00:00+05:30,5.9617786,151.11351,12.81165,155.95578
2373,2025-10-06 21:00:00+05:30,7.3821945,178.60284,16.248924,184.4473
2374,2025-10-06 22:00:00+05:30,3.6402748,171.46931,10.742848,188.6731
2375,2025-10-06 23:00:00+05:30,7.8954163,155.77226,16.22498,160.55988
2376,2025-10-07 00:00:00+05:30,2.8856194,176.42374,9.582359,185.38922
2377,2025-10-07 01:00:00+05:30,0.56920993,108.43504,5.6492476,210.65059
2378,2025-10-07 02:00:00+05:30,1.484318,104.03627,3.1072817,190.00792
2379,2025-10-07 03:00:00+05:30,3.494968,145.49142,6.6624317,181.54813
2380,2025-10-07 04:00:00+05:30,2.9024127,187.12492,7.327127,207.824
2381,2025-10-07 05:00:00+05:30,0.35999998,90.0,2.8116899,230.19447
2382,2025-10-07 06:00:00+05:30,4.412754,101.768265,4.7827187,109.798965
2383,2025-10-07 07:00:00+05:30,2.1749482,114.44395,2.7416782,113.19862
2384,2025-10-07 08:00:00+05:30,2.0523157,105.25517,2.4014995,102.99462
2385,2025-10-07 09:00:00+05:30,1.26,90.0,1.4399999,90.0
2386,2025-10-07 10:00:00+05:30,1.0495713,59.03632,1.2979984,56.309914
2387,2025-10-07 11:00:00+05:30,3.572898,49.085716,4.3349743,48.366554
2388,2025-10-07 12:00:00+05:30,4.965521,43.53127,6.1094027,44.999897
2389,2025-10-07 13:00:00+05:30,2.6758924,42.27363,3.4388947,42.878906
2390,2025-10-07 14:00:00+05:30,1.8089776,5.7105074,1.9881649,5.19435
2391,2025-10-07 15:00:00+05:30,5.4029994,91.90912,6.6818557,85.364624
2392,2025-10-07 16:00:00+05:30,12.43434,157.8905,18.116623,154.70802
2393,2025-10-07 17:00:00+05:30,6.5248446,155.55606,10.215693,165.71887
2394,2025-10-07 18:00:00+05:30,8.427383,160.0168,15.151039,170.42584
2395,2025-10-07 19:00:00+05:30,7.3094187,170.07382,15.215058,169.08891
2396,2025-10-07 20:00:00+05:30,7.5213294,158.96242,16.293728,163.96759
2397,2025-10-07 21:00:00+05:30,6.21717,157.8905,14.935662,167.4712
2398,2025-10-07 22:00:00+05:30,5.2694216,187.85323,13.917154,185.19434
2399,2025-10-07 23:00:00+05:30,2.8116899,129.80553,7.7734165,174.68555
2400,2025-10-08 00:00:00+05:30,3.189608,163.61038,9.422101,186.58185
2401,2025-10-08 01:00:00+05:30,2.4149535,153.43501,7.9932976,187.76508
2402,2025-10-08 02:00:00+05:30,2.0124612,190.3048,6.59154,214.9921
2403,2025-10-08 03:00:00+05:30,0.54,180.0,4.0449963,249.14546
2404,2025-10-08 04:00:00+05:30,2.0124612,79.69521,1.8532133,29.054508
2405,2025-10-08 05:00:00+05:30,2.50064,59.743652,4.8899083,6.3401003
2406,2025-10-08 06:00:00+05:30,5.950899,86.531845,7.415038,84.4279
2407,2025-10-08 07:00:00+05:30,5.48631,138.99101,7.7900705,139.68597
2408,2025-10-08 08:00:00+05:30,3.494968,124.50858,4.293669,123.02387
2409,2025-10-08 09:00:00+05:30,5.983477,133.7812,7.5105524,134.02907
2410,2025-10-08 10:00:00+05:30,3.9477081,136.8476,5.0911684,135.0001
2411,2025-10-08 11:00:00+05:30,3.096837,144.46223,3.8939953,146.3099
2412,2025-10-08 12:00:00+05:30,3.3043609,150.64235,3.9518096,149.9315
2413,2025-10-08 13:00:00+05:30,1.1525624,141.34016,1.4058449,129.80553
2414,2025-10-08 14:00:00+05:30,6.601363,281.00348,7.9077177,281.82147
2415,2025-10-08 15:00:00+05:30,2.5772078,282.09473,3.7585104,286.6993
2416,2025-10-08 16:00:00+05:30,2.0523157,105.25517,2.34,90.0
2417,2025-10-08 17:00:00+05:30,3.396233,147.99466,8.139901,161.96562
2418,2025-10-08 18:00:00+05:30,5.2200003,180.0,10.308831,192.09474
2419,2025-10-08 19:00:00+05:30,5.637765,163.30067,9.567131,184.31595
2420,2025-10-08 20:00:00+05:30,3.4949677,191.88864,8.39657,210.96368
2421,2025-10-08 21:00:00+05:30,3.6,180.0,8.211235,206.0033
2422,2025-10-08 22:00:00+05:30,1.9881649,185.19434,5.796447,216.15828
2423,2025-10-08 23:00:00+05:30,3.0758414,110.55613,5.8104043,163.81073
2424,2025-10-09 00:00:00+05:30,5.8048253,82.875084,8.731392,98.297066
2425,2025-10-09 01:00:00+05:30,4.5,106.26028,11.230904,111.63095
2426,2025-10-09 02:00:00+05:30,1.3104197,195.94547,5.4029994,178.0909
2427,2025-10-09 03:00:00+05:30,1.7727944,156.0375,5.426933,185.7105
2428,2025-10-09 04:00:00+05:30,4.8366103,315.0001,7.0843205,297.21603
2429,2025-10-09 05:00:00+05:30,3.693291,313.0251,9.835975,304.5626
2430,2025-10-09 06:00:00+05:30,4.0449967,327.72437,6.8423676,324.63745
2431,2025-10-09 07:00:00+05:30,2.8460498,341.56494,4.1125174,336.8014
2432,2025-10-09 08:00:00+05:30,3.362677,344.47583,4.5,343.73972
2433,2025-10-09 09:00:00+05:30,5.3999996,360.0,6.66,360.0
2434,2025-10-09 10:00:00+05:30,3.9844694,18.435053,4.952453,19.093594
2435,2025-10-09 11:00:00+05:30,5.6233797,50.194473,6.8919086,49.236485
2436,2025-10-09 12:00:00+05:30,5.3426957,57.380775,6.59154,55.0079
2437,2025-10-09 13:00:00+05:30,3.710795,14.036275,4.613762,20.556128
2438,2025-10-09 14:00:00+05:30,11.032987,331.76263,15.0038395,329.74365
2439,2025-10-09 15:00:00+05:30,5.4744864,27.40749,7.4128532,29.054508
2440,2025-10-09 16:00:00+05:30,4.3536186,29.744795,5.8769383,27.349789
2441,2025-10-09 17:00:00+05:30,0.742159,345.9637,2.995797,327.26477
2442,2025-10-09 18:00:00+05:30,2.4482648,143.97253,4.3573384,128.2902
2443,2025-10-09 19:00:00+05:30,3.189608,196.38962,5.9644947,174.80566
2444,2025-10-09 20:00:00+05:30,3.4576871,231.34016,5.728979,223.72705
2445,2025-10-09 21:00:00+05:30,2.3051248,218.65984,4.072935,224.9999
2446,2025-10-09 22:00:00+05:30,1.2727921,188.13002,3.4623692,207.89717
2447,2025-10-09 23:00:00+05:30,2.4149535,243.43501,6.384293,248.4985
2448,2025-10-10 00:00:00+05:30,4.86,270.0,10.215693,255.71887
2449,2025-10-10 01:00:00+05:30,12.033103,291.96063,19.172323,294.3994
2450,2025-10-10 02:00:00+05:30,5.3517847,312.27362,9.726664,308.991
2451,2025-10-10 03:00:00+05:30,3.7971041,301.4295,11.079873,313.0251
2452,2025-10-10 04:00:00+05:30,1.659518,347.4712,7.16617,334.72232
2453,2025-10-10 05:00:00+05:30,6.3231,355.10098,13.276144,347.4712
2454,2025-10-10 06:00:00+05:30,6.8423676,358.4926,15.564537,354.02576
2455,2025-10-10 07:00:00+05:30,8.507737,353.92764,13.379461,354.59628
2456,2025-10-10 08:00:00+05:30,9.087772,7.969524,12.168319,7.6505675
2457,2025-10-10 09:00:00+05:30,9.3340025,39.522606,12.172312,38.395203
2458,2025-10-10 10:00:00+05:30,8.187527,56.659275,10.484903,55.491425
2459,2025-10-10 11:00:00+05:30,7.2649574,48.01287,9.178235,48.179924
2460,2025-10-10 12:00:00+05:30,6.804381,37.476254,8.3520775,37.116943
2461,2025-10-10 13:00:00+05:30,7.5685663,2.7262611,9.375563,3.3018
2462,2025-10-10 14:00:00+05:30,7.0774574,352.69434,9.0645685,353.15732
2463,2025-10-10 15:00:00+05:30,8.101999,88.727,10.1376915,83.88459
2464,2025-10-10 16:00:00+05:30,6.320538,109.98319,8.863972,102.90741
2465,2025-10-10 17:00:00+05:30,0.9693296,248.19853,3.4247334,3.0127327
2466,2025-10-10 18:00:00+05:30,3.9966483,125.837746,7.3997297,94.18484
2467,2025-10-10 19:00:00+05:30,6.299999,126.86999,10.787993,115.70991
2468,2025-10-10 20:00:00+05:30,4.5891175,138.17992,9.044888,121.15924
2469,2025-10-10 21:00:00+05:30,3.9640884,129.47243,8.723967,111.80147
2470,2025-10-10 22:00:00+05:30,4.1085763,118.8107,10.261579,105.25517
2471,2025-10-10 23:00:00+05:30,4.965521,136.46873,11.51578,114.96276
2472,2025-10-11 00:00:00+05:30,5.0975285,132.13753,12.16832,119.21915
2473,2025-10-11 01:00:00+05:30,6.1305785,130.23628,13.527572,115.20109
2474,2025-10-11 02:00:00+05:30,3.9477081,335.77228,7.02,360.0
2475,2025-10-11 03:00:00+05:30,1.1525624,38.65983,6.9153743,38.65983
2476,2025-10-11 04:00:00+05:30,9.904906,340.9064,14.970331,341.7828
2477,2025-10-11 05:00:00+05:30,5.5450516,324.24603,10.560341,330.37634
2478,2025-10-11 06:00:00+05:30,4.542994,303.6901,9.686609,318.01288
2479,2025-10-11 07:00:00+05:30,3.644722,20.224945,4.9785542,12.528798
2480,2025-10-11 08:00:00+05:30,5.0975285,42.13753,6.269067,39.173653
2481,2025-10-11 09:00:00+05:30,5.072041,27.474344,6.601363,25.866312
2482,2025-10-11 10:00:00+05:30,5.876938,40.030197,7.42159,39.09386
2483,2025-10-11 11:00:00+05:30,8.139901,35.09589,10.1902895,35.655422
2484,2025-10-11 12:00:00+05:30,6.5223618,27.979382,7.973005,28.30066
2485,2025-10-11 13:00:00+05:30,7.970972,6.482988,9.801326,7.3859525
2486,2025-10-11 14:00:00+05:30,8.581677,9.659832,11.190442,11.129155
2487,2025-10-11 15:00:00+05:30,7.587806,22.306253,10.261579,21.614847
2488,2025-10-11 16:00:00+05:30,2.7475805,31.607454,6.698806,30.699654
2489,2025-10-11 17:00:00+05:30,3.3043609,29.357658,9.109138,29.604366
2490,2025-10-11 18:00:00+05:30,2.97953,25.016869,9.139322,32.124966
2491,2025-10-11 19:00:00+05:30,0.35999998,180.0,1.8089776,95.7105
2492,2025-10-11 20:00:00+05:30,4.2136917,160.0168,9.266067,172.1848
2493,2025-10-11 21:00:00+05:30,6.0721655,168.0239,11.542478,183.57626
2494,2025-10-11 22:00:00+05:30,4.9785542,167.4712,9.906544,182.08252
2495,2025-10-11 23:00:00+05:30,3.3092597,157.61983,6.66,180.0
2496,2025-10-12 00:00:00+05:30,2.8116899,129.80553,5.195113,165.96373
2497,2025-10-12 01:00:00+05:30,2.8001428,135.0001,5.318383,156.0375
2498,2025-10-12 02:00:00+05:30,1.4058449,140.19447,4.060985,167.19574
2499,2025-10-12 03:00:00+05:30,0.54,360.0,1.6299692,276.3401
2500,2025-10-12 04:00:00+05:30,4.3498964,335.55606,5.3939967,334.2901
2501,2025-10-12 05:00:00+05:30,4.186693,334.53668,11.276968,351.74063
2502,2025-10-12 06:00:00+05:30,5.2478566,354.09393,12.287555,5.0423646
2503,2025-10-12 07:00:00+05:30,5.0528407,355.91446,11.542478,3.5762644
2504,2025-10-12 08:00:00+05:30,7.458606,8.325568,10.209348,9.13011
2505,2025-10-12 09:00:00+05:30,7.555712,12.380747,9.9977,13.535882
2506,2025-10-12 10:00:00+05:30,6.519877,6.3401003,8.32877,6.20336
2507,2025-10-12 11:00:00+05:30,7.841888,350.75397,9.854075,350.53775
2508,2025-10-12 12:00:00+05:30,8.049845,349.69522,10.4166975,350.04944
2509,2025-10-12 13:00:00+05:30,8.209263,344.7448,10.609316,345.25638
2510,2025-10-12 14:00:00+05:30,7.754637,338.19852,10.365251,339.6768
2511,2025-10-12 15:00:00+05:30,5.8769383,332.6502,8.373386,334.53668
2512,2025-10-12 16:00:00+05:30,3.3481934,306.25394,8.528657,314.145
2513,2025-10-12 17:00:00+05:30,1.6199999,270.0,5.318383,293.9625
2514,2025-10-12 18:00:00+05:30,3.671294,281.3099,8.536252,294.94388
2515,2025-10-12 19:00:00+05:30,3.9477081,313.1524,10.120099,321.49933
2516,2025-10-12 20:00:00+05:30,3.319036,319.39877,10.34178,328.5232
2517,2025-10-12 21:00:00+05:30,3.3043609,299.35767,9.473541,321.17017
2518,2025-10-12 22:00:00+05:30,1.484318,284.03625,6.873078,315.0001
2519,2025-10-12 23:00:00+05:30,4.913044,298.4428,10.739832,309.55963
2520,2025-10-13 00:00:00+05:30,5.2939587,287.81897,11.43248,303.43988
2521,2025-10-13 01:00:00+05:30,5.414979,291.4478,11.304229,307.23492
2522,2025-10-13 02:00:00+05:30,5.5916004,303.17853,11.843124,313.1524
2523,2025-10-13 03:00:00+05:30,5.9427266,324.86572,14.197196,320.65952
2524,2025-10-13 04:00:00+05:30,7.0591216,340.6409,17.515581,337.65182
2525,2025-10-13 05:00:00+05:30,8.11798,356.186,18.762354,356.14944
2526,2025-10-13 06:00:00+05:30,9.36173,358.89832,19.044306,7.0577617
2527,2025-10-13 07:00:00+05:30,7.5685663,2.7262611,15.5687,10.660304
2528,2025-10-13 08:00:00+05:30,9.0018,11.5345955,12.57426,13.240531
2529,2025-10-13 09:00:00+05:30,11.050591,12.225114,14.584443,12.835609
2530,2025-10-13 10:00:00+05:30,10.316686,6.0089183,13.596852,6.842679
2531,2025-10-13 11:00:00+05:30,11.609651,352.87506,15.070633,352.45068
2532,2025-10-13 12:00:00+05:30,11.052058,353.4538,14.669724,353.6599
2533,2025-10-13 13:00:00+05:30,10.805999,358.09088,14.238215,357.10147
2534,2025-10-13 14:00:00+05:30,8.849339,4.6667724,11.901798,3.46817
2535,2025-10-13 15:00:00+05:30,7.748368,357.33707,10.813492,357.13766
2536,2025-10-13 16:00:00+05:30,3.7971041,328.5705,9.178235,334.44006
2537,2025-10-13 17:00:00+05:30,5.4744864,316.33215,12.4811535,326.76828
2538,2025-10-13 18:00:00+05:30,6.6185193,292.3802,14.57889,302.90524
2539,2025-10-13 19:00:00+05:30,8.641874,305.67648,18.694021,308.74597
2540,2025-10-13 20:00:00+05:30,8.936778,325.66974,20.188908,328.86108
2541,2025-10-13 21:00:00+05:30,7.329338,335.32315,18.914566,343.97964
2542,2025-10-13 22:00:00+05:30,7.9138603,342.80136,19.804907,352.16458
2543,2025-10-13 23:00:00+05:30,7.3997297,341.56494,18.645428,353.90424
2544,2025-10-14 00:00:00+05:30,6.8541956,346.32867,17.552536,354.1141
2545,2025-10-14 01:00:00+05:30,8.12197,347.19574,19.85719,351.13544
2546,2025-10-14 02:00:00+05:30,8.171683,352.40543,19.540573,354.18445
2547,2025-10-14 03:00:00+05:30,7.7420926,358.66782,18.733839,2.2025495
2548,2025-10-14 04:00:00+05:30,6.849467,3.0127327,17.235882,7.1991467
2549,2025-10-14 05:00:00+05:30,6.924738,8.97255,17.90344,12.778742
2550,2025-10-14 06:00:00+05:30,8.049845,10.304792,15.999762,17.008036
2551,2025-10-14 07:00:00+05:30,6.7205353,7.695961,13.009903,14.4208145
2552,2025-10-14 08:00:00+05:30,8.731392,8.297059,12.108261,11.142857
2553,2025-10-14 09:00:00+05:30,10.920824,8.530679,14.796175,9.806025
2554,2025-10-14 10:00:00+05:30,11.749741,5.2738123,15.564537,5.9742346
2555,2025-10-14 11:00:00+05:30,12.979984,356.82022,17.313717,356.42374
2556,2025-10-14 12:00:00+05:30,12.632101,355.91446,16.966848,355.74124
2557,2025-10-14 13:00:00+05:30,11.767651,353.85345,15.941944,353.517
2558,2025-10-14 14:00:00+05:30,10.98,349.6112,15.359179,349.8754
2559,2025-10-14 15:00:00+05:30,8.39078,337.28555,14.24163,339.27435
2560,2025-10-14 16:00:00+05:30,7.5105524,314.02905,16.755476,320.6673
2561,2025-10-14 17:00:00+05:30,10.63372,303.9591,22.811758,312.12155
2562,2025-10-14 18:00:00+05:30,10.855358,319.70792,24.192429,323.47104
2563,2025-10-14 19:00:00+05:30,10.630672,331.69934,24.231236,334.00604
2564,2025-10-14 20:00:00+05:30,9.565437,340.20102,22.597706,341.42062
2565,2025-10-14 21:00:00+05:30,6.698806,353.82993,17.95043,353.08887
2566,2025-10-14 22:00:00+05:30,6.6818557,355.36462,16.74,360.0
2567,2025-10-14 23:00:00+05:30,7.989243,345.65063,18.709612,348.9063
2568,2025-10-15 00:00:00+05:30,8.035746,344.40714,19.13426,348.05585
2569,2025-10-15 01:00:00+05:30,8.731392,351.70294,20.01969,356.3916
2570,2025-10-15 02:00:00+05:30,8.865799,354.17374,20.340796,359.49298
2571,2025-10-15 03:00:00+05:30,7.748368,357.33707,19.26084,359.46454
2572,2025-10-15 04:00:00+05:30,8.490582,355.13556,19.983242,358.96777
2573,2025-10-15 05:00:00+05:30,10.132897,347.692,22.046877,351.07608
2574,2025-10-15 06:00:00+05:30,10.272623,348.887,20.11656,353.32022
2575,2025-10-15 07:00:00+05:30,8.427383,340.0168,15.192682,346.293
2576,2025-10-15 08:00:00+05:30,9.12513,337.98865,12.750811,341.0534
2577,2025-10-15 09:00:00+05:30,11.190442,348.87085,14.973576,350.31128
2578,2025-10-15 10:00:00+05:30,11.45513,351.87,15.070633,352.45068
2579,2025-10-15 11:00:00+05:30,10.829959,344.57776,13.971757,345.06854
2580,2025-10-15 12:00:00+05:30,10.137692,343.49554,13.327294,343.52304
2581,2025-10-15 13:00:00+05:30,9.796366,339.56708,12.936227,338.7907
2582,2025-10-15 14:00:00+05:30,9.7565975,330.12408,13.217443,330.64233
2583,2025-10-15 15:00:00+05:30,8.669949,311.63345,14.128566,315.51608
2584,2025-10-15 16:00:00+05:30,6.5520988,290.92456,15.141414,298.3929
2585,2025-10-15 17:00:00+05:30,8.197414,289.23077,18.353823,296.81625
2586,2025-10-15 18:00:00+05:30,7.0591216,289.35907,17.870834,296.3069
2587,2025-10-15 19:00:00+05:30,6.048107,306.52896,16.08761,310.46216
2588,2025-10-15 20:00:00+05:30,5.0975285,312.1375,13.896187,323.42688
2589,2025-10-15 21:00:00+05:30,5.00128,300.25635,12.931218,321.2156
2590,2025-10-15 22:00:00+05:30,5.8852015,293.4287,13.491598,315.0001
2591,2025-10-15 23:00:00+05:30,5.692099,304.69522,13.044722,320.59937
2592,2025-10-16 00:00:00+05:30,4.0449967,302.27563,10.075177,318.62158
2593,2025-10-16 01:00:00+05:30,4.3349743,318.36655,11.328566,314.35632
2594,2025-10-16 02:00:00+05:30,3.7971041,328.5705,11.246759,320.1945
2595,2025-10-16 03:00:00+05:30,4.2481523,306.38446,10.583326,318.44748
2596,2025-10-16 04:00:00+05:30,4.599695,300.57913,9.92778,315.0001
2597,2025-10-16 05:00:00+05:30,6.3639607,331.26028,15.224637,335.55606
2598,2025-10-16 06:00:00+05:30,7.001514,313.95847,13.403656,337.91278
2599,2025-10-16 07:00:00+05:30,4.6452556,324.46225,10.931203,342.75845
2600,2025-10-16 08:00:00+05:30,4.896529,342.8972,6.8541956,346.32867
2601,2025-10-16 09:00:00+05:30,5.5916004,3.691312,7.256032,7.12493
2602,2025-10-16 10:00:00+05:30,5.2416787,15.945477,6.603817,17.447285
2603,2025-10-16 11:00:00+05:30,4.73506,351.2539,5.7852573,354.64426
2604,2025-10-16 12:00:00+05:30,4.278551,345.3791,5.506941,348.6901
2605,2025-10-16 13:00:00+05:30,3.3043609,330.64233,4.3498964,335.55606
2606,2025-10-16 14:00:00+05:30,3.745557,305.21768,4.7110505,313.4519
2607,2025-10-16 15:00:00+05:30,4.1556225,287.6502,5.2323985,296.56497
2608,2025-10-16 16:00:00+05:30,3.494968,235.49141,5.7515564,249.86362
2609,2025-10-16 17:00:00+05:30,9.36,270.0,17.714231,275.24704
2610,2025-10-16 18:00:00+05:30,9.96524,286.79846,20.962078,290.6137
2611,2025-10-16 19:00:00+05:30,7.186487,292.06796,17.629896,296.04178
2612,2025-10-16 20:00:00+05:30,5.4744864,279.46225,14.474059,291.1399
2613,2025-10-16 21:00:00+05:30,3.9844694,251.56496,10.261579,285.25516
2614,2025-10-16 22:00:00+05:30,3.604497,267.13766,9.028754,293.49857
2615,2025-10-16 23:00:00+05:30,3.1072817,259.9921,6.601363,281.00348
2616,2025-10-17 00:00:00+05:30,3.2846913,279.46225,7.0591216,289.35907
2617,2025-10-17 01:00:00+05:30,2.4482646,287.1028,6.854195,299.93143
2618,2025-10-17 02:00:00+05:30,3.671294,281.3099,8.149847,300.52963
2619,2025-10-17 03:00:00+05:30,4.846648,301.32864,10.908951,307.6263
2620,2025-10-17 04:00:00+05:30,4.5820518,315.0001,10.957846,317.66306
2621,2025-10-17 05:00:00+05:30,5.5829024,339.22766,14.517644,342.68826
2622,2025-10-17 06:00:00+05:30,6.5223618,332.02063,13.1041975,339.07544
2623,2025-10-17 07:00:00+05:30,4.2671766,332.3541,11.043261,340.9743
2624,2025-10-17 08:00:00+05:30,5.720489,347.27563,7.8728137,349.46088
2625,2025-10-17 09:00:00+05:30,6.519877,6.3401003,8.37532,8.652461
2626,2025-10-17 10:00:00+05:30,4.514377,23.498587,5.5567255,24.904745
2627,2025-10-17 11:00:00+05:30,3.84796,349.21573,4.5891175,348.6901
2628,2025-10-17 12:00:00+05:30,3.219938,333.43503,3.8647635,332.24155
2629,2025-10-17 13:00:00+05:30,3.1845248,317.29062,3.9477081,313.1524
2630,2025-10-17 14:00:00+05:30,5.7176566,331.8215,7.1389914,326.3099
2631,2025-10-17 15:00:00+05:30,6.945761,328.78165,9.139322,327.87503
2632,2025-10-17 16:00:00+05:30,2.6758924,312.27362,7.0934615,324.2932
2633,2025-10-17 17:00:00+05:30,4.7110505,263.41815,9.761578,275.28998
2634,2025-10-17 18:00:00+05:30,5.4477882,277.59454,13.577776,284.58896
2635,2025-10-17 19:00:00+05:30,5.195113,284.03625,13.779114,289.85532
2636,2025-10-17 20:00:00+05:30,4.323748,272.3859,11.897714,280.45984
2637,2025-10-17 21:00:00+05:30,4.2021422,279.86575,11.811622,277.88306
2638,2025-10-17 22:00:00+05:30,4.5891175,311.82007,11.799271,291.47684
2639,2025-10-17 23:00:00+05:30,4.942631,326.88864,12.730467,316.14566
2640,2025-10-18 00:00:00+05:30,5.293959,324.6887,13.213765,322.19342
2641,2025-10-18 01:00:00+05:30,5.402999,330.01843,13.644427,329.03632
2642,2025-10-18 02:00:00+05:30,5.402999,330.01843,14.092978,331.79846
2643,2025-10-18 03:00:00+05:30,6.452441,329.8587,15.618566,332.54907
2644,2025-10-18 04:00:00+05:30,5.315336,331.69934,14.73913,331.55716
2645,2025-10-18 05:00:00+05:30,6.2145634,349.99207,16.245934,350.43338
2646,2025-10-18 06:00:00+05:30,8.553314,351.52893,16.62249,355.03033
2647,2025-10-18 07:00:00+05:30,6.898956,352.50424,16.024044,358.7127
2648,2025-10-18 08:00:00+05:30,7.579261,4.085537,10.694485,6.7660856
2649,2025-10-18 09:00:00+05:30,8.149847,30.529623,10.897063,30.801384
2650,2025-10-18 10:00:00+05:30,6.489992,56.3099,8.187527,56.659275
2651,2025-10-18 11:00:00+05:30,4.91634,66.2505,6.1226463,65.695465
2652,2025-10-18 12:00:00+05:30,4.143911,55.6196,5.293959,54.688713
2653,2025-10-18 13:00:00+05:30,2.995797,57.264786,3.8939953,56.3099
2654,2025-10-18 14:00:00+05:30,3.01735,17.354122,3.9312592,15.945477
2655,2025-10-18 15:00:00+05:30,2.1674871,355.23645,2.8799999,360.0
2656,2025-10-18 16:00:00+05:30,0.8049845,243.43501,1.2727921,278.13
2657,2025-10-18 17:00:00+05:30,1.3104197,285.94547,4.143911,325.6196
2658,2025-10-18 18:00:00+05:30,2.5959969,236.3099,4.323748,272.3859
2659,2025-10-18 19:00:00+05:30,3.745557,215.21768,7.0934615,234.29321
2660,2025-10-18 20:00:00+05:30,3.8183763,188.13002,6.6405115,212.82854
2661,2025-10-18 21:00:00+05:30,6.0721655,191.9761,11.038858,204.05734
2662,2025-10-18 22:00:00+05:30,4.080882,221.42357,8.805294,229.14471
2663,2025-10-18 23:00:00+05:30,1.8,233.13002,4.379589,260.53775
2664,2025-10-19 00:00:00+05:30,2.2910259,315.0001,5.22,316.3971
2665,2025-10-19 01:00:00+05:30,1.8,323.13,4.452954,345.9637
2666,2025-10-19 02:00:00+05:30,2.995797,327.26477,5.6060677,354.47253
2667,2025-10-19 03:00:00+05:30,4.724786,342.25522,10.285232,355.9859
2668,2025-10-19 04:00:00+05:30,5.7852573,354.64426,12.785069,1.6135141
2669,2025-10-19 05:00:00+05:30,6.8138976,12.200457,15.99571,19.046724
2670,2025-10-19 06:00:00+05:30,7.973005,28.30066,16.144905,30.85414
2671,2025-10-19 07:00:00+05:30,5.8409934,33.6901,13.466357,37.942207
2672,2025-10-19 08:00:00+05:30,7.7420926,35.537766,10.766949,38.21107
2673,2025-10-19 09:00:00+05:30,9.1641035,44.999897,11.966954,46.2188
2674,2025-10-19 10:00:00+05:30,8.400428,44.999897,10.819482,45.673954
2675,2025-10-19 11:00:00+05:30,8.893166,35.942207,11.341428,35.960606
2676,2025-10-19 12:00:00+05:30,8.574123,39.03552,11.019764,38.367523
2677,2025-10-19 13:00:00+05:30,8.574123,39.03552,11.272657,38.516956
2678,2025-10-19 14:00:00+05:30,7.382195,44.999897,9.931042,43.53127
2679,2025-10-19 15:00:00+05:30,5.00128,59.743652,8.187527,56.659275
2680,2025-10-19 16:00:00+05:30,3.7842832,92.72626,9.54679,87.838974
2681,2025-10-19 17:00:00+05:30,1.8532133,60.94549,6.689125,66.19405
2682,2025-10-19 18:00:00+05:30,3.9312592,74.054535,8.766573,70.8209
2683,2025-10-19 19:00:00+05:30,3.5864744,107.52566,8.656858,93.57626
2684,2025-10-19 20:00:00+05:30,0.56920993,251.56496,4.0249224,116.56499
2685,2025-10-19 21:00:00+05:30,6.048107,306.52896,6.7565966,311.7602
2686,2025-10-19 22:00:00+05:30,7.353611,338.45895,16.459913,346.72357
2687,2025-10-19 23:00:00+05:30,7.102591,8.746089,17.337091,12.593329
2688,2025-10-20 00:00:00+05:30,9.499157,9.819235,20.20896,19.241972
2689,2025-10-20 01:00:00+05:30,8.534353,27.645891,19.652176,28.442837
2690,2025-10-20 02:00:00+05:30,7.9932966,54.16227,17.654688,50.792812
2691,2025-10-20 03:00:00+05:30,7.2403865,34.8754,17.055414,44.999897
2692,2025-10-20 04:00:00+05:30,7.7043357,37.405437,18.59845,42.64668
2693,2025-10-20 05:00:00+05:30,8.557102,22.249071,19.91503,29.809025
2694,2025-10-20 06:00:00+05:30,9.595874,23.198618,18.921415,27.783833
2695,2025-10-20 07:00:00+05:30,7.16617,25.277687,17.169018,29.521269
2696,2025-10-20 08:00:00+05:30,8.55142,30.343174,12.287555,31.827414
2697,2025-10-20 09:00:00+05:30,11.53265,34.18618,15.426535,34.060966
2698,2025-10-20 10:00:00+05:30,11.282711,33.943626,15.027575,34.26116
2699,2025-10-20 11:00:00+05:30,9.340941,25.083572,11.995349,25.795975
2700,2025-10-20 12:00:00+05:30,9.913082,29.357658,12.815443,29.445345
2701,2025-10-20 13:00:00+05:30,10.30883,24.775122,13.527572,25.201094
2702,2025-10-20 14:00:00+05:30,10.829958,21.44781,14.7742605,22.190346
2703,2025-10-20 15:00:00+05:30,7.5942073,5.4402504,13.110376,8.686284
2704,2025-10-20 16:00:00+05:30,3.644722,339.77505,8.821836,1.1691146
2705,2025-10-20 17:00:00+05:30,5.7964473,334.2307,13.948548,342.7341
2706,2025-10-20 18:00:00+05:30,5.0688457,353.88458,12.503199,353.38663
2707,2025-10-20 19:00:00+05:30,4.7521367,335.37646,12.081473,335.34412
2708,2025-10-20 20:00:00+05:30,5.4477882,352.40543,13.576582,353.91156
2709,2025-10-20 21:00:00+05:30,6.519877,6.3401003,15.379206,16.313938
2710,2025-10-20 22:00:00+05:30,5.8048253,7.12493,14.734735,25.312849
2711,2025-10-20 23:00:00+05:30,5.4149795,15.42223,14.041154,36.135475
2712,2025-10-21 00:00:00+05:30,5.223103,358.0251,11.7,30.510159
2713,2025-10-21 01:00:00+05:30,6.6624317,358.45187,13.327294,16.476961
2714,2025-10-21 02:00:00+05:30,8.513448,13.448633,18.78393,18.435053
2715,2025-10-21 03:00:00+05:30,10.144082,27.474344,22.862123,26.161512
2716,2025-10-21 04:00:00+05:30,9.997699,23.33406,22.218884,25.942251
2717,2025-10-21 05:00:00+05:30,8.880405,17.700521,21.060001,22.61991
2718,2025-10-21 06:00:00+05:30,9.595874,23.198618,19.1588,26.805723
2719,2025-10-21 07:00:00+05:30,6.6185193,22.380184,17.414474,29.744795
2720,2025-10-21 08:00:00+05:30,7.8583965,20.095322,11.298495,22.47948
2721,2025-10-21 09:00:00+05:30,10.609316,14.743609,14.145756,14.743609
2722,2025-10-21 10:00:00+05:30,11.098865,8.392845,14.561099,8.530692
2723,2025-10-21 11:00:00+05:30,9.9408245,354.80566,12.81165,355.9718
2724,2025-10-21 12:00:00+05:30,9.6228485,352.47626,12.503199,353.38663
2725,2025-10-21 13:00:00+05:30,9.195868,356.6336,12.093534,355.73218
2726,2025-10-21 14:00:00+05:30,8.311245,4.969664,11.173057,2.7701654
2727,2025-10-21 15:00:00+05:30,5.95906,25.016869,10.365251,20.323217
2728,2025-10-21 16:00:00+05:30,3.693291,43.02507,9.0,36.86999
2729,2025-10-21 17:00:00+05:30,4.2175345,320.1945,9.178235,334.44006
2730,2025-10-21 18:00:00+05:30,5.6492476,300.65057,12.061343,322.27493
2731,2025-10-21 19:00:00+05:30,6.522361,320.59937,15.807239,329.9315
2732,2025-10-21 20:00:00+05:30,5.7515564,339.8636,14.743526,342.22858
2733,2025-10-21 21:00:00+05:30,5.9617786,331.11353,14.474059,338.8601
2734,2025-10-21 22:00:00+05:30,5.068846,343.49554,13.491597,346.89078
2735,2025-10-21 23:00:00+05:30,5.9834766,353.08887,15.299999,360.0
2736,2025-10-22 00:00:00+05:30,6.5024605,4.763556,15.779544,11.181721
2737,2025-10-22 01:00:00+05:30,6.424764,11.3098955,16.813387,15.524177
2738,2025-10-22 02:00:00+05:30,6.542201,7.907082,16.840345,10.469127
2739,2025-10-22 03:00:00+05:30,5.8048253,7.12493,15.713702,9.893861
2740,2025-10-22 04:00:00+05:30,6.2145634,10.007925,15.477906,8.695422
2741,2025-10-22 05:00:00+05:30,5.4029994,1.9091109,15.182015,10.244031
2742,2025-10-22 06:00:00+05:30,7.555712,347.61926,14.000713,8.130019
2743,2025-10-22 07:00:00+05:30,6.889557,340.14468,14.512064,352.87506
2744,2025-10-22 08:00:00+05:30,6.924738,351.02744,9.779817,353.6599
2745,2025-10-22 09:00:00+05:30,7.5599995,360.0,10.081606,1.0230169
2746,2025-10-22 10:00:00+05:30,7.6367526,8.130019,10.004178,8.275804
2747,2025-10-22 11:00:00+05:30,6.5024605,355.23645,8.311245,355.03033
2748,2025-10-22 12:00:00+05:30,5.5799994,360.0,7.2,360.0
2749,2025-10-22 13:00:00+05:30,5.04,360.0,6.4799995,360.0
2750,2025-10-22 14:00:00+05:30,3.604497,2.8623457,4.68,360.0
2751,2025-10-22 15:00:00+05:30,2.97953,25.016869,3.9312592,15.945477
2752,2025-10-22 16:00:00+05:30,1.3708391,66.801384,3.8939953,56.3099
2753,2025-10-22 17:00:00+05:30,0.742159,255.96373,2.657668,298.30066
2754,2025-10-22 18:00:00+05:30,4.1046314,254.74483,7.9383874,273.90042
2755,2025-10-22 19:00:00+05:30,6.452441,247.01126,12.24,270.0
2756,2025-10-22 20:00:00+05:30,4.846648,248.19853,10.239453,280.1246
2757,2025-10-22 21:00:00+05:30,4.73506,261.2539,9.676569,288.43503
2758,2025-10-22 22:00:00+05:30,6.452441,292.98874,14.092978,298.20154
2759,2025-10-22 23:00:00+05:30,5.2323985,319.18503,13.115319,316.6683
2760,2025-10-23 00:00:00+05:30,4.471107,319.89914,11.734564,318.73148
2761,2025-10-23 01:00:00+05:30,3.745557,324.78232,10.650465,329.53452
2762,2025-10-23 02:00:00+05:30,4.278551,337.75092,11.481968,350.98074
2763,2025-10-23 03:00:00+05:30,5.3517847,340.3461,13.14493,358.43066
2764,2025-10-23 04:00:00+05:30,6.330782,345.17346,14.761098,359.30133
2765,2025-10-23 05:00:00+05:30,5.7628117,358.21014,16.024044,358.7127
2766,2025-10-23 06:00:00+05:30,7.570707,18.00426,14.800554,13.360237
2767,2025-10-23 07:00:00+05:30,4.724786,17.744766,13.737904,21.522667
2768,2025-10-23 08:00:00+05:30,6.28713,13.240531,9.172938,15.945463
2769,2025-10-23 09:00:00+05:30,7.0038276,25.90646,9.096681,27.072004
2770,2025-10-23 10:00:00+05:30,4.5891175,25.559923,5.8769383,27.349789
2771,2025-10-23 11:00:00+05:30,3.2599385,6.3401003,4.175069,7.4313188
2772,2025-10-23 12:00:00+05:30,3.4152596,341.56494,4.327493,343.0724
2773,2025-10-23 13:00:00+05:30,4.6938257,327.52884,5.896202,328.73633
2774,2025-10-23 14:00:00+05:30,5.004518,322.3057,6.552099,322.81522
2775,2025-10-23 15:00:00+05:30,3.4623692,297.8972,4.5,306.86996
2776,2025-10-23 16:00:00+05:30,3.4763772,248.74942,7.2359104,264.2895
2777,2025-10-23 17:00:00+05:30,10.4166975,279.95056,20.275385,286.50443
2778,2025-10-23 18:00:00+05:30,8.322932,291.57138,18.681883,295.08356
2779,2025-10-23 19:00:00+05:30,4.7521367,294.62354,13.036026,305.4458
2780,2025-10-23 20:00:00+05:30,2.1674871,274.76355,7.491114,305.21768
2781,2025-10-23 21:00:00+05:30,0.9,323.13,5.2323985,310.81497
2782,2025-10-23 22:00:00+05:30,1.3708391,23.198618,5.8048253,330.25522
2783,2025-10-23 23:00:00+05:30,5.0911684,351.87,10.706595,343.39294
2784,2025-10-24 00:00:00+05:30,4.952453,340.9064,11.720751,349.3804
2785,2025-10-24 01:00:00+05:30,6.0721655,348.0239,14.096425,354.8719
2786,2025-10-24 02:00:00+05:30,5.771239,3.5762644,14.471821,5.7105074
2787,2025-10-24 03:00:00+05:30,5.6920996,18.435053,14.019216,15.642312
2788,2025-10-24 04:00:00+05:30,5.5916004,33.178535,14.007655,25.90646
2789,2025-10-24 05:00:00+05:30,5.6492476,30.6506,15.342294,22.051119
2790,2025-10-24 06:00:00+05:30,6.7757506,39.61066,13.529966,40.683887
2791,2025-10-24 07:00:00+05:30,2.7475805,31.607454,10.703569,47.72637
2792,2025-10-24 08:00:00+05:30,3.4576871,38.65983,5.6060677,42.397392
2793,2025-10-24 09:00:00+05:30,5.2323985,40.814987,6.8919086,40.763515
2794,2025-10-24 10:00:00+05:30,4.198285,30.963696,5.315336,28.30066
2795,2025-10-24 11:00:00+05:30,2.8174455,26.564985,3.381893,25.201094
2796,2025-10-24 12:00:00+05:30,1.659518,40.601215,1.9469976,33.6901
2797,2025-10-24 13:00:00+05:30,0.742159,75.96373,0.9693296,68.19853
2798,2025-10-24 14:00:00+05:30,0.5091169,135.0001,0.40249225,116.56499
2799,2025-10-24 15:00:00+05:30,0.0,270.0,0.6489992,326.3099
2800,2025-10-24 16:00:00+05:30,1.6981165,147.99466,1.7727944,156.0375
2801,2025-10-24 17:00:00+05:30,3.0652895,266.6336,6.519877,276.3401
2802,2025-10-24 18:00:00+05:30,6.489992,273.17978,13.878688,279.70657
2803,2025-10-24 19:00:00+05:30,5.4119864,273.814,13.363711,274.63538
2804,2025-10-24 20:00:00+05:30,3.4152596,288.43503,10.1376915,263.88458
2805,2025-10-24 21:00:00+05:30,2.4482648,323.97253,8.64,270.0
2806,2025-10-24 22:00:00+05:30,0.0,270.0,3.964089,267.3975
2807,2025-10-24 23:00:00+05:30,4.39436,145.0079,5.3699164,166.42955
2808,2025-10-25 00:00:00+05:30,2.0124612,153.43501,4.2021422,170.13426
2809,2025-10-25 01:00:00+05:30,1.2727921,135.0001,2.6758924,160.34608
2810,2025-10-25 02:00:00+05:30,1.8,143.13002,4.3573384,141.7098
2811,2025-10-25 03:00:00+05:30,0.17999999,90.0,2.19718,124.992096
2812,2025-10-25 04:00:00+05:30,0.40249225,116.56499,2.0523157,142.12495
2813,2025-10-25 05:00:00+05:30,1.4399999,360.0,3.0758414,20.556128
2814,2025-10-25 06:00:00+05:30,4.327493,343.0724,5.2478566,5.9060555
2815,2025-10-25 07:00:00+05:30,2.5071096,338.9624,6.2999997,360.0
2816,2025-10-25 08:00:00+05:30,3.6179552,5.7105074,4.913044,8.426887
2817,2025-10-25 09:00:00+05:30,4.8433046,41.98713,6.114703,42.614033
2818,2025-10-25 10:00:00+05:30,5.2323985,40.814987,6.502461,41.63345
2819,2025-10-25 11:00:00+05:30,5.8409934,33.6901,7.1389914,33.6901
2820,2025-10-25 12:00:00+05:30,4.752136,37.30404,5.904439,37.568665
2821,2025-10-25 13:00:00+05:30,4.2021427,46.73567,5.3457265,44.999897
2822,2025-10-25 14:00:00+05:30,3.8856654,76.60749,4.896529,72.89719
2823,2025-10-25 15:00:00+05:30,4.060985,102.80426,5.0688457,96.11541
2824,2025-10-25 16:00:00+05:30,3.3481934,126.25393,7.24486,116.56499
2825,2025-10-25 17:00:00+05:30,7.6367526,81.86999,15.3264475,77.10626
2826,2025-10-25 18:00:00+05:30,7.8583965,110.09532,15.677576,102.60016
2827,2025-10-25 19:00:00+05:30,5.195113,104.03627,11.090103,103.13403
2828,2025-10-25 20:00:00+05:30,2.6999998,143.13002,5.7628117,104.47034
2829,2025-10-25 21:00:00+05:30,8.477216,176.34785,14.113653,174.14407
2830,2025-10-25 22:00:00+05:30,7.0774574,187.30566,16.284779,193.42184
2831,2025-10-25 23:00:00+05:30,5.7431,212.19571,13.644427,216.41647
2832,2025-10-26 00:00:00+05:30,6.522361,219.40063,14.773164,223.02507
2833,2025-10-26 01:00:00+05:30,5.994297,228.65231,14.156058,228.60857
2834,2025-10-26 02:00:00+05:30,3.9477081,245.77226,11.334285,237.31944
2835,2025-10-26 03:00:00+05:30,2.5772076,294.77512,7.486788,260.31128
2836,2025-10-26 04:00:00+05:30,4.080882,318.57642,9.028754,293.49857
2837,2025-10-26 05:00:00+05:30,3.7971041,328.5705,8.688613,309.9575
2838,2025-10-26 06:00:00+05:30,3.0758414,339.44388,5.3517847,312.27362
2839,2025-10-26 07:00:00+05:30,2.3469129,327.52884,5.1165614,320.7106
2840,2025-10-26 08:00:00+05:30,3.536439,345.25638,4.5,343.73972
2841,2025-10-26 09:00:00+05:30,4.913044,8.426887,6.162207,6.70975
2842,2025-10-26 10:00:00+05:30,4.978554,40.601215,6.1305785,40.236294
2843,2025-10-26 11:00:00+05:30,5.22,43.602894,6.618519,44.999897
2844,2025-10-26 12:00:00+05:30,6.114703,42.614033,7.7734165,42.184383
2845,2025-10-26 13:00:00+05:30,6.7397914,34.114517,8.43699,33.6901
2846,2025-10-26 14:00:00+05:30,7.1321807,42.954597,9.059205,40.971645
2847,2025-10-26 15:00:00+05:30,5.920878,70.46326,7.587806,67.69375
2848,2025-10-26 16:00:00+05:30,4.452954,104.03627,9.600937,96.458725
2849,2025-10-26 17:00:00+05:30,5.4477882,187.59456,8.297589,167.4712
2850,2025-10-26 18:00:00+05:30,1.835647,191.30989,5.3457265,135.0001
2851,2025-10-26 19:00:00+05:30,3.0758414,200.55612,5.920878,160.46326
2852,2025-10-26 20:00:00+05:30,6.945761,211.21834,12.879752,206.56499
2853,2025-10-26 21:00:00+05:30,5.0975285,222.13753,11.298495,210.65059
2854,2025-10-26 22:00:00+05:30,3.8141315,250.70985,7.596341,216.32692
2855,2025-10-26 23:00:00+05:30,3.4949677,281.88864,5.402999,240.01845
2856,2025-10-27 00:00:00+05:30,4.0249224,296.56497,5.9834766,276.91113
2857,2025-10-27 01:00:00+05:30,3.8939953,326.3099,6.4096174,308.15726
2858,2025-10-27 02:00:00+05:30,4.5,343.73972,7.6473517,333.43503
2859,2025-10-27 03:00:00+05:30,3.6179552,5.7105074,7.3821945,358.60284
2860,2025-10-27 04:00:00+05:30,5.506941,11.3098955,10.484902,11.888645
2861,2025-10-27 05:00:00+05:30,6.379216,16.389616,14.743526,17.771418
2862,2025-10-27 06:00:00+05:30,6.6087217,29.357658,13.552696,30.31114
2863,2025-10-27 07:00:00+05:30,4.510787,28.610369,11.236671,35.217674
2864,2025-10-27 08:00:00+05:30,5.9427266,35.134277,8.209263,37.875053
2865,2025-10-27 09:00:00+05:30,7.0934615,54.293217,9.335737,56.003494
2866,2025-10-27 10:00:00+05:30,8.709098,71.93944,11.384199,71.564964
2867,2025-10-27 11:00:00+05:30,8.766573,70.8209,11.213581,71.27412
2868,2025-10-27 12:00:00+05:30,8.297589,65.65892,10.8015,66.425285
2869,2025-10-27 13:00:00+05:30,7.587806,67.69375,9.761578,67.21756
2870,2025-10-27 14:00:00+05:30,7.9036193,59.93151,10.248941,59.381474
2871,2025-10-27 15:00:00+05:30,9.181765,88.876724,12.662843,84.2895
2872,2025-10-27 16:00:00+05:30,7.9932966,125.837746,13.451914,114.50739
2873,2025-10-27 17:00:00+05:30,5.12289,71.564964,13.433838,72.05051
2874,2025-10-27 18:00:00+05:30,6.66,71.075264,15.484185,72.40749
2875,2025-10-27 19:00:00+05:30,6.7853074,68.19853,16.171976,73.17851
2876,2025-10-27 20:00:00+05:30,5.7204895,65.85446,15.027575,71.13091
2877,2025-10-27 21:00:00+05:30,4.4274144,63.435013,11.442394,70.70986
2878,2025-10-27 22:00:00+05:30,3.4152596,108.43504,8.82,90.0
2879,2025-10-27 23:00:00+05:30,4.0249224,26.564985,7.9077177,48.69148
2880,2025-10-28 00:00:00+05:30,3.4576871,51.34017,8.3520775,52.883057
2881,2025-10-28 01:00:00+05:30,5.22,46.39711,10.036512,57.45001
2882,2025-10-28 02:00:00+05:30,8.067936,38.65983,16.176983,42.745415
2883,2025-10-28 03:00:00+05:30,5.991594,57.264786,15.6806755,48.25731
2884,2025-10-28 04:00:00+05:30,5.634891,63.435013,14.693999,59.03632
2885,2025-10-28 05:00:00+05:30,7.596341,53.67309,15.94804,69.51956
2886,2025-10-28 06:00:00+05:30,8.53815,55.304783,16.34832,69.37004
2887,2025-10-28 07:00:00+05:30,6.945761,58.781662,15.198012,71.35037
2888,2025-10-28 08:00:00+05:30,7.4128532,60.94549,10.1456785,64.79892
2889,2025-10-28 09:00:00+05:30,7.555712,77.619255,9.67657,80.36253
2890,2025-10-28 10:00:00+05:30,7.731622,102.09474,9.9571085,102.5288
2891,2025-10-28 11:00:00+05:30,5.072041,117.47435,6.5223618,117.979385
2892,2025-10-28 12:00:00+05:30,3.438895,96.00892,4.175069,97.43131
2893,2025-10-28 13:00:00+05:30,3.7842832,87.27374,4.503598,87.70944
2894,2025-10-28 14:00:00+05:30,4.353619,82.875084,5.4477882,82.40546
2895,2025-10-28 15:00:00+05:30,4.724786,72.25524,6.0908127,71.0295
2896,2025-10-28 16:00:00+05:30,2.3051248,128.65984,3.7585104,106.699326
2897,2025-10-28 17:00:00+05:30,2.1749482,335.55606,1.5484185,35.537766
2898,2025-10-28 18:00:00+05:30,2.0124612,79.69521,5.5829024,110.77233
2899,2025-10-28 19:00:00+05:30,3.219938,116.56499,8.3520775,127.11694
2900,2025-10-28 20:00:00+05:30,7.145796,139.08571,14.7039175,140.46388
2901,2025-10-28 21:00:00+05:30,6.114703,137.38599,14.730336,147.47513
2902,2025-10-28 22:00:00+05:30,4.3573384,141.7098,11.833546,153.82477
2903,2025-10-28 23:00:00+05:30,3.7842832,115.34614,9.835975,145.43741
2904,2025-10-29 00:00:00+05:30,2.9024127,60.255207,6.9270773,114.56716
2905,2025-10-29 01:00:00+05:30,5.8409934,33.6901,9.179999,61.92762
2906,2025-10-29 02:00:00+05:30,4.2175345,50.194473,9.473541,75.69969
2907,2025-10-29 03:00:00+05:30,6.0077944,81.38444,13.363711,94.635376
2908,2025-10-29 04:00:00+05:30,6.7205353,97.69597,15.027575,108.869095
2909,2025-10-29 05:00:00+05:30,3.7971036,84.55976,11.103243,106.96623
2910,2025-10-29 06:00:00+05:30,6.452441,112.98875,12.815443,119.445335
2911,2025-10-29 07:00:00+05:30,7.7734165,95.31445,15.552041,106.12765
2912,2025-10-29 08:00:00+05:30,6.8399997,90.0,15.2501545,101.57516
2913,2025-10-29 09:00:00+05:30,6.8541956,113.198616,13.644427,120.96369
2914,2025-10-29 10:00:00+05:30,2.6758924,70.346085,4.353619,97.12492
2915,2025-10-29 11:00:00+05:30,5.293959,35.311302,6.696387,36.253937
2916,2025-10-29 12:00:00+05:30,10.829959,105.42222,14.587776,105.75124
2917,2025-10-29 13:00:00+05:30,7.4128532,60.94549,11.298495,67.52052
2918,2025-10-29 14:00:00+05:30,4.942631,100.491425,7.9465466,103.0919
2919,2025-10-29 15:00:00+05:30,4.7928696,34.286938,6.1437774,58.1726
2920,2025-10-29 16:00:00+05:30,8.909545,44.999897,12.996201,53.447433
2921,2025-10-29 17:00:00+05:30,7.2022495,88.56794,14.081478,85.60138
2922,2025-10-29 18:00:00+05:30,7.3997297,85.81516,14.597767,92.827065
2923,2025-10-29 19:00:00+05:30,8.350138,82.56869,16.024044,91.2873
2924,2025-10-29 20:00:00+05:30,7.4346757,83.047134,15.849201,91.95247
2925,2025-10-29 21:00:00+05:30,7.4346757,83.047134,15.4800005,90.0
2926,2025-10-29 22:00:00+05:30,9.555271,86.76037,18.553974,92.223915
2927,2025-10-29 23:00:00+05:30,8.373386,64.5367,16.640022,74.309944
2928,2025-10-30 00:00:00+05:30,8.338489,57.3391,16.507088,64.83217
2929,2025-10-30 01:00:00+05:30,11.631956,68.19853,20.102865,73.349815
2930,2025-10-30 02:00:00+05:30,9.779817,83.659904,18.089775,84.2895
2931,2025-10-30 03:00:00+05:30,11.588701,96.24182,21.010712,99.865746
2932,2025-10-30 04:00:00+05:30,12.273043,94.205284,21.605999,100.56097
2933,2025-10-30 05:00:00+05:30,8.227004,100.08054,17.363237,109.37424
2934,2025-10-30 06:00:00+05:30,7.7734165,137.81563,13.5012,132.83891
2935,2025-10-30 07:00:00+05:30,11.304229,99.16227,15.287288,102.2361
2936,2025-10-30 08:00:00+05:30,9.97986,129.14398,13.15971,130.0062
2937,2025-10-30 09:00:00+05:30,9.1958685,130.23628,12.007498,130.13542
2938,2025-10-30 10:00:00+05:30,8.161764,131.42357,10.694485,133.63614
2939,2025-10-30 11:00:00+05:30,7.562142,128.23387,9.587428,129.6678
2940,2025-10-30 12:00:00+05:30,6.618519,135.0001,8.149847,136.78989
2941,2025-10-30 13:00:00+05:30,14.007655,205.90645,19.574533,204.44394
2942,2025-10-30 14:00:00+05:30,3.0758414,159.44388,4.4274144,153.43501
2943,2025-10-30 15:00:00+05:30,4.1046314,142.12495,5.692099,145.30478
2944,2025-10-30 16:00:00+05:30,6.8138976,167.79955,11.5115595,170.09589
2945,2025-10-30 17:00:00+05:30,5.0688457,96.11541,9.5416975,125.78906
2946,2025-10-30 18:00:00+05:30,4.7521367,65.37646,9.36,90.0
2947,2025-10-30 19:00:00+05:30,9.746631,85.76369,17.92966,96.340096
2948,2025-10-30 20:00:00+05:30,6.5693827,99.46225,14.347028,113.67055
2949,2025-10-30 21:00:00+05:30,6.050785,112.751015,15.124284,128.23387
2950,2025-10-30 22:00:00+05:30,4.1556225,85.03035,11.9466305,120.815636
2951,2025-10-30 23:00:00+05:30,7.4672885,105.376305,14.896563,133.53127
