,date,wind_speed_10m,wind_direction_10m,wind_speed_100m,wind_direction_100m
0,2025-06-30 00:00:00+05:30,9.195868,266.6336,16.394829,278.84174
1,2025-06-30 01:00:00+05:30,10.656547,254.3204,18.435726,260.44577
2,2025-06-30 02:00:00+05:30,12.961249,270.79572,21.816416,273.31088
3,2025-06-30 03:00:00+05:30,13.32,270.0,22.877708,272.25452
4,2025-06-30 04:00:00+05:30,12.145665,276.80896,21.396542,280.17545
5,2025-06-30 05:00:00+05:30,11.052058,286.07364,18.841623,288.9543
6,2025-06-30 06:00:00+05:30,11.236671,305.21768,14.926983,303.6901
7,2025-06-30 07:00:00+05:30,8.55142,319.26797,10.837435,318.36655
8,2025-06-30 08:00:00+05:30,5.369916,309.55963,6.8919086,310.76352
9,2025-06-30 09:00:00+05:30,5.0816135,292.93213,6.21717,292.1095
10,2025-06-30 10:00:00+05:30,4.452954,284.03625,5.2416787,285.94547
11,2025-06-30 11:00:00+05:30,3.01735,252.64589,3.4949677,258.11136
12,2025-06-30 12:00:00+05:30,13.203954,152.38705,17.709658,153.43501
13,2025-06-30 13:00:00+05:30,10.829958,201.4478,14.458382,198.88618
14,2025-06-30 14:00:00+05:30,10.472535,208.76755,13.523978,206.90602
15,2025-06-30 15:00:00+05:30,10.948973,207.40749,14.007655,205.90645
16,2025-06-30 16:00:00+05:30,11.745604,195.10115,15.206538,196.50444
17,2025-06-30 17:00:00+05:30,15.463244,192.09474,23.097584,193.06155
18,2025-06-30 18:00:00+05:30,5.7599998,180.0,12.93247,188.80672
19,2025-06-30 19:00:00+05:30,5.426933,174.2895,12.841963,185.63058
20,2025-06-30 20:00:00+05:30,6.0908127,161.0295,12.425216,178.33975
21,2025-06-30 21:00:00+05:30,6.310277,176.72958,13.596852,186.84268
22,2025-06-30 22:00:00+05:30,6.4323244,197.92801,14.650938,206.25018
23,2025-06-30 23:00:00+05:30,3.6402748,171.46931,10.041354,194.5345
24,2025-07-01 00:00:00+05:30,2.907989,158.19853,7.256032,187.12492
25,2025-07-01 01:00:00+05:30,6.048107,143.47105,10.99769,158.89508
26,2025-07-01 02:00:00+05:30,8.490582,147.99466,14.874796,158.71352
27,2025-07-01 03:00:00+05:30,7.1208143,163.85559,12.966248,166.34956
28,2025-07-01 04:00:00+05:30,2.0124612,153.43501,4.5891175,191.30989
29,2025-07-01 05:00:00+05:30,3.148714,149.03632,5.7628117,178.21013
30,2025-07-01 06:00:00+05:30,7.127636,135.0001,11.028581,153.85323
31,2025-07-01 07:00:00+05:30,7.5213294,158.96242,9.292255,158.40463
32,2025-07-01 08:00:00+05:30,10.837435,175.23645,13.709573,176.23604
33,2025-07-01 09:00:00+05:30,9.47012,171.25392,11.989945,172.23492
34,2025-07-01 10:00:00+05:30,13.062098,168.0707,16.557064,168.07928
35,2025-07-01 11:00:00+05:30,17.885334,151.11351,25.200642,152.33685
36,2025-07-01 12:00:00+05:30,17.551615,154.48618,23.270874,154.8225
37,2025-07-01 13:00:00+05:30,20.650637,165.35808,27.285292,165.87206
38,2025-07-01 14:00:00+05:30,20.1865,171.79773,27.06053,172.35507
39,2025-07-01 15:00:00+05:30,19.296133,171.41646,26.016073,171.64574
40,2025-07-01 16:00:00+05:30,19.416653,169.31514,26.693459,169.90256
41,2025-07-01 17:00:00+05:30,18.307867,173.22444,26.239285,174.09395
42,2025-07-01 18:00:00+05:30,13.403656,165.21722,22.59269,168.51105
43,2025-07-01 19:00:00+05:30,12.758432,163.61038,21.816412,169.06096
44,2025-07-01 20:00:00+05:30,10.1902895,162.52513,18.852798,169.54842
45,2025-07-01 21:00:00+05:30,10.495713,157.8336,19.434166,164.419
46,2025-07-01 22:00:00+05:30,8.748075,143.3658,16.478603,158.19853
47,2025-07-01 23:00:00+05:30,10.152064,142.92683,18.514643,153.43501
48,2025-07-02 00:00:00+05:30,7.989242,157.47939,15.898188,164.23276
49,2025-07-02 01:00:00+05:30,7.029225,140.19447,14.420235,155.67444
50,2025-07-02 02:00:00+05:30,6.5223618,117.979385,12.652604,140.19447
51,2025-07-02 03:00:00+05:30,8.61371,116.02953,15.934829,131.7947
52,2025-07-02 04:00:00+05:30,9.686609,131.98714,17.714231,137.88304
53,2025-07-02 05:00:00+05:30,8.641874,91.19346,15.7754345,106.57409
54,2025-07-02 06:00:00+05:30,9.97986,129.14398,14.529915,131.98714
55,2025-07-02 07:00:00+05:30,13.874019,134.47443,18.328207,135.0001
56,2025-07-02 08:00:00+05:30,13.943901,129.23735,18.414625,129.447
57,2025-07-02 09:00:00+05:30,10.957846,137.66306,14.037692,139.15973
58,2025-07-02 10:00:00+05:30,11.385622,140.77434,14.336861,141.1155
59,2025-07-02 11:00:00+05:30,14.081477,147.52882,18.709612,149.98172
60,2025-07-02 12:00:00+05:30,8.461915,141.91118,10.908951,142.3737
61,2025-07-02 13:00:00+05:30,12.081473,151.5259,15.056652,152.20966
62,2025-07-02 14:00:00+05:30,9.96524,163.20155,13.379461,162.78384
63,2025-07-02 15:00:00+05:30,12.872201,159.53764,17.02404,160.22383
64,2025-07-02 16:00:00+05:30,13.523978,170.03625,18.080818,170.25642
65,2025-07-02 17:00:00+05:30,12.971244,182.3859,18.561832,182.77911
66,2025-07-02 18:00:00+05:30,8.6867485,185.94676,16.733225,191.7934
67,2025-07-02 19:00:00+05:30,8.936777,198.79999,16.78156,202.71445
68,2025-07-02 20:00:00+05:30,9.0,196.26028,17.423777,199.93262
69,2025-07-02 21:00:00+05:30,5.6060677,185.52745,13.403656,202.08722
70,2025-07-02 22:00:00+05:30,5.2694216,172.14677,12.224107,193.62701
71,2025-07-02 23:00:00+05:30,5.634891,206.56499,13.089354,211.50421
72,2025-07-03 00:00:00+05:30,2.5264204,175.91446,7.327127,207.824
73,2025-07-03 01:00:00+05:30,4.471107,139.89915,9.114471,170.9098
74,2025-07-03 02:00:00+05:30,6.6624317,128.41809,12.830604,145.86401
75,2025-07-03 03:00:00+05:30,6.12,151.92761,13.854155,155.43285
76,2025-07-03 04:00:00+05:30,7.289445,147.09476,13.672893,159.17903
77,2025-07-03 05:00:00+05:30,7.8149853,151.07367,14.414617,164.05453
78,2025-07-03 06:00:00+05:30,8.836514,176.49654,12.059999,180.0
79,2025-07-03 07:00:00+05:30,7.5942073,174.55975,10.299397,174.98697
80,2025-07-03 08:00:00+05:30,11.126562,189.30986,14.205182,188.74608
81,2025-07-03 09:00:00+05:30,13.324863,178.45187,17.103788,178.79398
82,2025-07-03 10:00:00+05:30,12.483749,185.79271,16.299694,186.3401
83,2025-07-03 11:00:00+05:30,14.30632,201.39987,18.351173,201.27968
84,2025-07-03 12:00:00+05:30,15.137133,205.34613,19.41081,204.66379
85,2025-07-03 13:00:00+05:30,13.552696,210.31113,17.504478,210.25636
86,2025-07-03 14:00:00+05:30,15.070633,209.32037,19.357325,210.1413
87,2025-07-03 15:00:00+05:30,13.926464,206.89616,19.643105,207.2694
88,2025-07-03 16:00:00+05:30,14.572219,197.98743,19.751667,198.60016
89,2025-07-03 17:00:00+05:30,12.966248,193.65044,19.95485,195.16452
90,2025-07-03 18:00:00+05:30,8.790563,190.6196,16.152931,194.19113
91,2025-07-03 19:00:00+05:30,9.741642,196.09088,17.654688,200.28264
92,2025-07-03 20:00:00+05:30,9.430695,203.6294,17.640919,208.65701
93,2025-07-03 21:00:00+05:30,11.038858,204.05734,20.298542,208.61037
94,2025-07-03 22:00:00+05:30,11.19189,207.80136,20.991426,210.96368
95,2025-07-03 23:00:00+05:30,13.184308,218.90414,23.215115,221.22762
96,2025-07-04 00:00:00+05:30,13.783817,220.76352,23.555254,223.45189
97,2025-07-04 01:00:00+05:30,12.738099,227.29063,22.557526,227.91092
98,2025-07-04 02:00:00+05:30,12.566526,231.981,22.034382,233.97253
99,2025-07-04 03:00:00+05:30,12.750811,228.43373,22.335236,229.24855
100,2025-07-04 04:00:00+05:30,9.9408245,238.32457,18.738165,238.75313
101,2025-07-04 05:00:00+05:30,8.181589,230.35587,15.3802595,235.0079
102,2025-07-04 06:00:00+05:30,8.3520775,232.88306,15.496736,239.26459
103,2025-07-04 07:00:00+05:30,8.490582,212.00534,11.341428,215.9606
104,2025-07-04 08:00:00+05:30,6.6087217,209.35765,8.6867485,214.0194
105,2025-07-04 09:00:00+05:30,7.388775,214.07724,9.437563,214.90257
106,2025-07-04 10:00:00+05:30,5.6233797,219.80553,6.8919086,220.76352
107,2025-07-04 11:00:00+05:30,3.8141315,199.29015,4.3832865,199.17911
108,2025-07-04 12:00:00+05:30,10.7714615,170.38034,13.466357,171.54506
109,2025-07-04 13:00:00+05:30,6.0347,162.64589,8.777653,164.53873
110,2025-07-04 14:00:00+05:30,9.354806,191.09369,12.108261,191.14285
111,2025-07-04 15:00:00+05:30,10.787993,205.7099,13.684735,206.56499
112,2025-07-04 16:00:00+05:30,13.392774,216.25392,18.723461,217.97166
113,2025-07-04 17:00:00+05:30,14.539945,201.80147,22.80892,203.73294
114,2025-07-04 18:00:00+05:30,7.1684303,218.8845,14.410121,221.45514
115,2025-07-04 19:00:00+05:30,6.269067,219.17365,12.738099,227.29063
116,2025-07-04 20:00:00+05:30,9.102021,204.5377,16.774803,213.17851
117,2025-07-04 21:00:00+05:30,9.354806,210.01828,18.226276,214.94574
118,2025-07-04 22:00:00+05:30,8.099999,216.86998,16.697365,221.94122
119,2025-07-04 23:00:00+05:30,9.9408245,222.06425,18.96503,224.61551
120,2025-07-05 00:00:00+05:30,10.957846,227.66306,20.168034,229.34332
121,2025-07-05 01:00:00+05:30,12.351987,226.77144,22.218153,229.60017
122,2025-07-05 02:00:00+05:30,12.750811,228.43373,23.051247,231.34016
123,2025-07-05 03:00:00+05:30,12.514855,229.66693,23.16412,230.99252
124,2025-07-05 04:00:00+05:30,13.1412325,233.91483,23.796108,233.30338
125,2025-07-05 05:00:00+05:30,12.483749,245.28258,22.057894,242.80772
126,2025-07-05 06:00:00+05:30,14.396625,222.46638,23.801556,225.30637
127,2025-07-05 07:00:00+05:30,12.475961,226.16905,19.507383,228.36656
128,2025-07-05 08:00:00+05:30,13.298089,230.49236,17.682194,231.61342
129,2025-07-05 09:00:00+05:30,14.378608,235.71307,18.772715,235.548
130,2025-07-05 10:00:00+05:30,10.587918,234.6887,13.33094,235.45157
131,2025-07-05 11:00:00+05:30,9.686609,228.01286,12.124306,229.21426
132,2025-07-05 12:00:00+05:30,10.261579,232.12495,12.456468,232.63326
133,2025-07-05 13:00:00+05:30,11.203464,246.3179,13.945064,246.41296
134,2025-07-05 14:00:00+05:30,9.444426,172.33328,11.431063,172.76317
135,2025-07-05 15:00:00+05:30,8.6193495,241.29414,11.923557,241.11351
136,2025-07-05 16:00:00+05:30,3.143565,193.24052,4.7657523,190.88548
137,2025-07-05 17:00:00+05:30,5.0432134,235.17543,7.3094187,232.0012
138,2025-07-05 18:00:00+05:30,2.0991426,239.0363,5.2416787,254.05453
139,2025-07-05 19:00:00+05:30,1.2074767,153.43501,2.6208394,195.94547
140,2025-07-05 20:00:00+05:30,4.7521367,155.37645,6.849467,176.98727
141,2025-07-05 21:00:00+05:30,7.256032,226.00499,14.156058,221.39143
142,2025-07-05 22:00:00+05:30,8.78872,214.9921,16.813387,217.60606
143,2025-07-05 23:00:00+05:30,7.344794,233.97253,15.975444,236.48895
144,2025-07-06 00:00:00+05:30,9.914717,254.19742,18.272438,251.0295
145,2025-07-06 01:00:00+05:30,10.765445,249.44386,19.488274,248.88643
146,2025-07-06 02:00:00+05:30,10.805998,240.01845,19.249905,241.51791
147,2025-07-06 03:00:00+05:30,10.308831,257.90524,17.728857,254.6938
148,2025-07-06 04:00:00+05:30,9.7565975,240.12408,16.947744,239.34941
149,2025-07-06 05:00:00+05:30,7.3997297,265.81516,12.661564,255.17348
150,2025-07-06 06:00:00+05:30,4.445672,248.6293,8.905908,255.96373
151,2025-07-06 07:00:00+05:30,6.763786,244.7989,9.179999,241.92761
152,2025-07-06 08:00:00+05:30,3.563818,315.0001,4.3349743,318.36655
153,2025-07-06 09:00:00+05:30,6.7757506,230.38934,8.415842,228.46832
154,2025-07-06 10:00:00+05:30,4.73506,278.74606,5.6521144,279.16226
155,2025-07-06 11:00:00+05:30,1.4512063,330.25522,1.9469976,326.3099
156,2025-07-06 12:00:00+05:30,1.0495713,300.96368,1.3708391,293.1986
157,2025-07-06 13:00:00+05:30,1.3104197,15.945477,1.4512063,7.12493
158,2025-07-06 14:00:00+05:30,3.0547013,44.999897,3.563818,44.999897
159,2025-07-06 15:00:00+05:30,13.021106,174.44713,17.373497,174.05324
160,2025-07-06 16:00:00+05:30,7.0911775,246.0375,10.163227,247.06787
161,2025-07-06 17:00:00+05:30,7.2403865,214.8754,10.441551,215.88223
162,2025-07-06 18:00:00+05:30,5.154415,294.77512,5.0975285,317.86246
163,2025-07-06 19:00:00+05:30,2.9024127,299.74478,3.4199998,360.0
164,2025-07-06 20:00:00+05:30,4.278551,292.24908,5.2478566,329.03632
165,2025-07-06 21:00:00+05:30,5.6835546,280.954,7.9932966,305.83774
166,2025-07-06 22:00:00+05:30,5.2939587,287.81897,8.39078,305.39487
167,2025-07-06 23:00:00+05:30,5.0816135,292.93213,9.840914,309.8055
168,2025-07-07 00:00:00+05:30,5.4477882,277.59454,9.913082,299.35767
169,2025-07-07 01:00:00+05:30,9.266067,277.81522,14.897651,281.85297
170,2025-07-07 02:00:00+05:30,10.564942,293.07043,17.280935,292.0231
171,2025-07-07 03:00:00+05:30,10.096059,281.3099,17.208603,285.78082
172,2025-07-07 04:00:00+05:30,8.049845,296.56497,14.110209,299.83545
173,2025-07-07 05:00:00+05:30,7.748368,267.33704,12.882267,277.2242
174,2025-07-07 06:00:00+05:30,9.178235,244.44008,15.531193,237.78348
175,2025-07-07 07:00:00+05:30,7.2359104,264.2895,11.767651,263.85345
176,2025-07-07 08:00:00+05:30,3.4247334,183.01273,5.195113,194.03627
177,2025-07-07 09:00:00+05:30,5.8603754,190.6196,8.2584505,196.4601
178,2025-07-07 10:00:00+05:30,7.1321807,190.17545,9.354806,191.09369
179,2025-07-07 11:00:00+05:30,10.223619,206.11385,13.690653,208.24963
180,2025-07-07 12:00:00+05:30,10.094454,211.13892,13.737904,211.60745
181,2025-07-07 13:00:00+05:30,10.304115,199.38461,12.936227,201.20929
182,2025-07-07 14:00:00+05:30,16.357237,204.0265,21.43814,203.76712
183,2025-07-07 15:00:00+05:30,10.062305,190.3048,14.584443,192.8356
184,2025-07-07 16:00:00+05:30,14.178927,208.84256,19.022177,209.4758
185,2025-07-07 17:00:00+05:30,11.431062,206.1615,16.923828,209.29126
186,2025-07-07 18:00:00+05:30,6.198903,205.82094,13.337016,211.75943
187,2025-07-07 19:00:00+05:30,5.3305535,191.68935,12.659004,209.84584
188,2025-07-07 20:00:00+05:30,7.8583965,200.09532,15.931779,212.07396
189,2025-07-07 21:00:00+05:30,6.7205353,187.69595,14.275713,203.0089
190,2025-07-07 22:00:00+05:30,7.10031,210.46547,14.982228,215.21768
191,2025-07-07 23:00:00+05:30,9.5535755,227.29063,17.823637,231.97272
192,2025-07-08 00:00:00+05:30,9.504273,245.37645,17.58481,247.1094
193,2025-07-08 01:00:00+05:30,8.766573,250.82089,15.893093,256.9081
194,2025-07-08 02:00:00+05:30,8.528657,262.7251,13.870515,272.23114
195,2025-07-08 03:00:00+05:30,7.6642804,260.53775,13.510796,267.70944
196,2025-07-08 04:00:00+05:30,10.134496,250.27763,17.462784,261.70294
197,2025-07-08 05:00:00+05:30,9.387651,237.52882,16.260885,243.71866
198,2025-07-08 06:00:00+05:30,10.99769,248.89508,19.69993,250.24043
199,2025-07-08 07:00:00+05:30,12.081473,245.34412,19.45416,247.70633
200,2025-07-08 08:00:00+05:30,15.518672,232.06667,22.608458,232.76509
201,2025-07-08 09:00:00+05:30,11.923557,241.11351,19.164717,241.99092
202,2025-07-08 10:00:00+05:30,10.6261,243.86905,15.779543,244.3119
203,2025-07-08 11:00:00+05:30,8.827344,249.71735,13.433838,252.0505
204,2025-07-08 12:00:00+05:30,8.534353,242.35411,12.320471,244.93256
205,2025-07-08 13:00:00+05:30,6.8423676,234.63745,9.187056,235.37578
206,2025-07-08 14:00:00+05:30,8.461915,203.83875,11.038858,204.05734
207,2025-07-08 15:00:00+05:30,10.385547,205.67677,14.087229,206.56499
208,2025-07-08 16:00:00+05:30,10.548061,205.25313,14.420235,204.32556
209,2025-07-08 17:00:00+05:30,14.041154,216.13547,21.531641,215.81618
210,2025-07-08 18:00:00+05:30,12.204212,217.208,21.479664,219.55963
211,2025-07-08 19:00:00+05:30,11.132385,219.09386,20.750027,223.94568
212,2025-07-08 20:00:00+05:30,9.9408245,211.67543,19.340576,218.57655
213,2025-07-08 21:00:00+05:30,8.452336,206.56499,17.935081,218.48022
214,2025-07-08 22:00:00+05:30,9.605998,192.99461,19.263363,203.6907
215,2025-07-08 23:00:00+05:30,10.564941,225.69019,20.404411,228.57643
216,2025-07-09 00:00:00+05:30,12.7279215,224.9999,22.922983,226.90913
217,2025-07-09 01:00:00+05:30,14.438198,234.13008,25.1614,236.08253
218,2025-07-09 02:00:00+05:30,15.651722,239.60135,26.735302,241.88222
219,2025-07-09 03:00:00+05:30,12.638512,234.2725,22.315645,236.18172
220,2025-07-09 04:00:00+05:30,11.362834,220.50276,20.778112,221.83955
221,2025-07-09 05:00:00+05:30,10.837435,221.63345,20.625517,223.58565
222,2025-07-09 06:00:00+05:30,15.233148,215.38036,25.560635,217.27347
223,2025-07-09 07:00:00+05:30,14.081477,212.47118,23.815842,214.53088
224,2025-07-09 08:00:00+05:30,18.13003,209.10976,25.965584,209.94185
225,2025-07-09 09:00:00+05:30,20.436144,211.30989,28.277763,211.4641
226,2025-07-09 10:00:00+05:30,22.019672,212.65079,29.806717,212.92233
227,2025-07-09 11:00:00+05:30,21.67487,212.10623,29.516706,212.04239
228,2025-07-09 12:00:00+05:30,16.341383,206.84721,24.72364,208.24416
229,2025-07-09 13:00:00+05:30,20.04476,206.1048,28.97944,206.56499
230,2025-07-09 14:00:00+05:30,13.929953,212.86867,22.917328,212.81635
231,2025-07-09 15:00:00+05:30,14.572219,197.98743,22.60631,200.02217
232,2025-07-09 16:00:00+05:30,16.851885,193.59097,25.812904,195.78082
233,2025-07-09 17:00:00+05:30,16.521805,187.51205,26.485088,189.78233
234,2025-07-09 18:00:00+05:30,13.218668,186.25394,23.12212,191.22241
235,2025-07-09 19:00:00+05:30,14.154915,187.30566,24.781233,191.30989
236,2025-07-09 20:00:00+05:30,12.0653715,181.70978,22.12536,187.0093
237,2025-07-09 21:00:00+05:30,11.9140415,184.33223,22.16998,190.76248
238,2025-07-09 22:00:00+05:30,12.825552,184.83034,23.05476,190.3448
239,2025-07-09 23:00:00+05:30,11.367109,190.95403,21.48645,195.54987
240,2025-07-10 00:00:00+05:30,10.783487,194.5002,20.499462,196.84389
241,2025-07-10 01:00:00+05:30,11.555102,198.1528,21.72638,201.88962
242,2025-07-10 02:00:00+05:30,12.669238,202.55728,22.862833,207.17018
243,2025-07-10 03:00:00+05:30,11.843124,204.22774,21.679354,209.33174
244,2025-07-10 04:00:00+05:30,10.1456785,205.2011,19.424158,209.41551
245,2025-07-10 05:00:00+05:30,9.904906,199.09358,18.595839,207.06102
246,2025-07-10 06:00:00+05:30,13.5012,179.23611,24.430317,185.92053
247,2025-07-10 07:00:00+05:30,14.417988,182.86235,20.454369,186.06169
248,2025-07-10 08:00:00+05:30,16.011908,188.40329,21.335884,189.22385
249,2025-07-10 09:00:00+05:30,15.359179,190.1246,20.334425,190.71307
250,2025-07-10 10:00:00+05:30,14.050382,182.20255,18.022486,182.86235
251,2025-07-10 11:00:00+05:30,15.385525,173.95601,19.702394,174.75827
252,2025-07-10 12:00:00+05:30,19.274294,168.69011,24.923338,169.17703
253,2025-07-10 13:00:00+05:30,19.003431,174.0195,25.16526,173.84093
254,2025-07-10 14:00:00+05:30,19.222954,173.00816,25.721743,173.57135
255,2025-07-10 15:00:00+05:30,19.44833,172.01997,26.323114,172.5349
256,2025-07-10 16:00:00+05:30,19.530622,170.45094,27.16569,170.84982
257,2025-07-10 17:00:00+05:30,18.080818,170.25642,26.932714,171.54506
258,2025-07-10 18:00:00+05:30,11.032987,151.76265,19.500736,156.0375
259,2025-07-10 19:00:00+05:30,10.589448,148.20113,19.32382,154.62848
260,2025-07-10 20:00:00+05:30,11.996699,152.28159,21.863146,157.23495
261,2025-07-10 21:00:00+05:30,9.668195,151.0491,18.961613,160.0168
262,2025-07-10 22:00:00+05:30,10.739833,166.42955,19.222954,173.00816
263,2025-07-10 23:00:00+05:30,9.743305,168.27492,18.000898,179.42708
264,2025-07-11 00:00:00+05:30,9.826088,151.55717,18.0,163.73972
265,2025-07-11 01:00:00+05:30,7.3094187,142.00122,13.723745,163.2287
266,2025-07-11 02:00:00+05:30,7.6388745,124.43905,13.70839,150.06857
267,2025-07-11 03:00:00+05:30,8.574123,129.0355,14.941085,148.79955
268,2025-07-11 04:00:00+05:30,7.056826,127.74687,12.669238,157.44272
269,2025-07-11 05:00:00+05:30,9.05205,107.35411,13.276144,130.60121
270,2025-07-11 06:00:00+05:30,10.070353,151.14444,16.053335,149.6974
271,2025-07-11 07:00:00+05:30,14.810401,159.36237,19.469975,160.55988
272,2025-07-11 08:00:00+05:30,14.578888,159.77505,19.192593,159.69543
273,2025-07-11 09:00:00+05:30,11.334285,159.55037,14.517644,160.44165
274,2025-07-11 10:00:00+05:30,12.074766,169.6952,15.359179,169.8754
275,2025-07-11 11:00:00+05:30,11.767651,173.85347,14.848635,173.7366
276,2025-07-11 12:00:00+05:30,12.043869,170.53775,15.182015,169.75597
277,2025-07-11 13:00:00+05:30,14.041154,180.7345,17.828178,181.73567
278,2025-07-11 14:00:00+05:30,14.292725,174.2177,18.252037,174.90797
279,2025-07-11 15:00:00+05:30,15.849201,181.95247,21.079222,182.44699
280,2025-07-11 16:00:00+05:30,16.019999,180.0,22.502878,180.91663
281,2025-07-11 17:00:00+05:30,14.410121,177.85246,20.883104,179.01227
282,2025-07-11 18:00:00+05:30,8.707238,172.87508,16.443174,174.97601
283,2025-07-11 19:00:00+05:30,7.388775,182.79265,15.367616,185.37662
284,2025-07-11 20:00:00+05:30,4.942631,190.49142,12.284916,190.9806
285,2025-07-11 21:00:00+05:30,6.0721655,168.0239,12.245294,178.31535
286,2025-07-11 22:00:00+05:30,6.279395,207.29948,13.379461,213.4763
287,2025-07-11 23:00:00+05:30,4.86,180.0,12.0694,197.35411
288,2025-07-12 00:00:00+05:30,4.7657523,169.11452,12.144331,191.9761
289,2025-07-12 01:00:00+05:30,3.8773184,201.80147,10.944532,216.30458
290,2025-07-12 02:00:00+05:30,3.4152596,198.43504,9.432412,221.90585
291,2025-07-12 03:00:00+05:30,2.34,180.0,7.3997297,221.05472
292,2025-07-12 04:00:00+05:30,5.6060677,84.47256,6.1437774,95.04236
293,2025-07-12 05:00:00+05:30,4.86,90.0,8.297589,114.34108
294,2025-07-12 06:00:00+05:30,6.7397914,124.11452,14.77755,145.92276
295,2025-07-12 07:00:00+05:30,10.387107,171.02745,14.056144,170.41713
296,2025-07-12 08:00:00+05:30,7.7734165,174.68555,9.761578,174.71
297,2025-07-12 09:00:00+05:30,8.64,180.0,10.801499,179.04518
298,2025-07-12 10:00:00+05:30,6.6697226,176.906,8.107996,177.45525
299,2025-07-12 11:00:00+05:30,7.16617,154.72232,8.536252,155.05612
300,2025-07-12 12:00:00+05:30,8.709098,108.06056,11.51578,114.96276
301,2025-07-12 13:00:00+05:30,4.0249224,79.69521,5.2200003,90.0
302,2025-07-12 14:00:00+05:30,2.19718,124.992096,3.0652893,130.23628
303,2025-07-12 15:00:00+05:30,4.6102495,141.34016,5.509882,141.63248
304,2025-07-12 16:00:00+05:30,7.256032,133.99501,9.292254,134.21527
305,2025-07-12 17:00:00+05:30,8.790563,169.3804,11.755254,168.51804
306,2025-07-12 18:00:00+05:30,1.0182338,315.0001,1.2074767,116.56499
307,2025-07-12 19:00:00+05:30,6.1226463,114.30454,12.996201,126.55257
308,2025-07-12 20:00:00+05:30,3.7064266,119.05451,10.44,136.39711
309,2025-07-12 21:00:00+05:30,5.2416787,105.945465,12.096214,126.528946
310,2025-07-12 22:00:00+05:30,5.4744864,80.53775,12.673074,101.4695
311,2025-07-12 23:00:00+05:30,2.9024127,60.255207,9.266067,97.81521
312,2025-07-13 00:00:00+05:30,1.9881649,5.19435,4.379589,80.53775
313,2025-07-13 01:00:00+05:30,3.9966488,352.23492,5.3426957,32.61924
314,2025-07-13 02:00:00+05:30,5.2200003,360.0,8.958504,22.442802
315,2025-07-13 03:00:00+05:30,5.293959,35.311302,11.212135,47.602623
316,2025-07-13 04:00:00+05:30,5.8769383,27.349789,10.210936,49.28924
317,2025-07-13 05:00:00+05:30,7.42159,22.833694,11.161451,37.794006
318,2025-07-13 06:00:00+05:30,3.4576871,141.34016,4.724786,130.36446
319,2025-07-13 07:00:00+05:30,2.2553935,61.389645,3.4152596,71.564964
320,2025-07-13 08:00:00+05:30,1.4512063,150.2552,1.9134263,131.18582
321,2025-07-13 09:00:00+05:30,2.5455842,81.86999,3.2599385,83.659904
322,2025-07-13 10:00:00+05:30,2.7475805,121.60746,3.550155,120.46546
323,2025-07-13 11:00:00+05:30,10.706595,106.60706,13.32,108.92474
324,2025-07-13 12:00:00+05:30,4.445672,68.62931,5.896202,77.660934
325,2025-07-13 13:00:00+05:30,4.8733153,85.76369,6.2999997,90.0
326,2025-07-13 14:00:00+05:30,3.4199998,90.0,4.143911,92.4895
327,2025-07-13 15:00:00+05:30,4.452954,165.96373,5.3699164,166.42955
328,2025-07-13 16:00:00+05:30,6.2613096,161.56496,7.7420926,162.40749
329,2025-07-13 17:00:00+05:30,6.638072,130.60121,9.673221,135.0001
330,2025-07-13 18:00:00+05:30,4.863332,128.991,10.694485,136.36386
331,2025-07-13 19:00:00+05:30,3.9477081,136.8476,10.1902895,144.34459
332,2025-07-13 20:00:00+05:30,2.4482646,162.89719,7.353611,158.45895
333,2025-07-13 21:00:00+05:30,1.6981165,147.99466,6.21717,157.8905
334,2025-07-13 22:00:00+05:30,2.3469126,85.60138,4.0449967,147.72438
335,2025-07-13 23:00:00+05:30,2.8856194,183.57626,6.6697226,176.906
336,2025-07-14 00:00:00+05:30,0.8049845,26.564985,1.3104197,195.94547
337,2025-07-14 01:00:00+05:30,5.072041,27.474344,7.0199995,22.61991
338,2025-07-14 02:00:00+05:30,8.863972,12.907409,15.25865,17.152508
339,2025-07-14 03:00:00+05:30,7.3997297,355.81516,13.934604,5.9314365
340,2025-07-14 04:00:00+05:30,3.9477081,316.8476,8.557102,345.3791
341,2025-07-14 05:00:00+05:30,0.742159,165.96373,3.319036,40.601215
342,2025-07-14 06:00:00+05:30,10.766949,321.78894,17.975681,325.1959
343,2025-07-14 07:00:00+05:30,9.600937,329.589,16.981165,338.8752
344,2025-07-14 08:00:00+05:30,11.212135,312.39737,17.884428,319.89914
345,2025-07-14 09:00:00+05:30,13.3649235,314.4544,18.975277,316.92194
346,2025-07-14 10:00:00+05:30,14.918297,318.42398,20.404411,318.57642
347,2025-07-14 11:00:00+05:30,12.750811,311.56625,17.31746,313.31537
348,2025-07-14 12:00:00+05:30,10.08,270.0,13.576582,276.08844
349,2025-07-14 13:00:00+05:30,12.007498,246.12471,16.244936,248.5522
350,2025-07-14 14:00:00+05:30,10.597094,249.10216,14.288191,250.88017
351,2025-07-14 15:00:00+05:30,11.843124,226.8476,16.069473,228.63304
352,2025-07-14 16:00:00+05:30,12.136325,215.3402,17.748037,216.75377
353,2025-07-14 17:00:00+05:30,11.453715,210.19153,17.595861,210.76265
354,2025-07-14 18:00:00+05:30,13.0447235,207.97939,21.794127,210.80138
355,2025-07-14 19:00:00+05:30,9.587428,219.6678,17.747124,220.47514
356,2025-07-14 20:00:00+05:30,10.00256,210.25635,18.434847,215.86295
357,2025-07-14 21:00:00+05:30,9.840914,219.80553,18.589739,223.4307
358,2025-07-14 22:00:00+05:30,9.3340025,219.5226,18.222721,222.19748
359,2025-07-14 23:00:00+05:30,8.528657,225.85501,17.448862,227.09016
360,2025-07-15 00:00:00+05:30,9.5535755,222.70937,18.731247,227.72636
361,2025-07-15 01:00:00+05:30,10.587918,215.3113,20.073833,219.5424
362,2025-07-15 02:00:00+05:30,11.457958,226.27295,21.019962,227.4293
363,2025-07-15 03:00:00+05:30,12.750811,228.43373,23.096882,229.1082
364,2025-07-15 04:00:00+05:30,13.184308,231.09586,23.670511,230.86388
365,2025-07-15 05:00:00+05:30,13.752047,232.98003,23.796108,233.30338
366,2025-07-15 06:00:00+05:30,17.063011,223.29022,26.984394,224.45956
367,2025-07-15 07:00:00+05:30,17.654688,230.7928,25.190355,230.50897
368,2025-07-15 08:00:00+05:30,16.940096,222.84703,23.950148,222.56331
369,2025-07-15 09:00:00+05:30,17.747124,229.52484,24.131413,229.53786
370,2025-07-15 10:00:00+05:30,16.431347,227.21968,21.67487,228.36655
371,2025-07-15 11:00:00+05:30,17.935081,218.48022,23.138927,219.63432
372,2025-07-15 12:00:00+05:30,18.79255,216.43095,24.985659,216.20955
373,2025-07-15 13:00:00+05:30,16.92383,203.83875,22.004953,203.6294
374,2025-07-15 14:00:00+05:30,15.812363,202.77042,21.461555,202.69383
375,2025-07-15 15:00:00+05:30,18.228943,189.0902,24.265308,189.39238
376,2025-07-15 16:00:00+05:30,15.876775,212.9694,22.917328,212.81635
377,2025-07-15 17:00:00+05:30,12.783802,189.72751,20.38773,193.7909
378,2025-07-15 18:00:00+05:30,11.345713,178.18173,19.719654,185.76254
379,2025-07-15 19:00:00+05:30,10.004178,171.7242,19.044306,187.05775
380,2025-07-15 20:00:00+05:30,11.098865,171.60716,21.087675,182.93561
381,2025-07-15 21:00:00+05:30,10.285232,184.0141,20.688257,190.52773
382,2025-07-15 22:00:00+05:30,11.341428,180.90936,22.046877,188.9239
383,2025-07-15 23:00:00+05:30,11.525623,178.21013,22.461807,186.4415
384,2025-07-16 00:00:00+05:30,10.9859,181.87784,21.720413,189.54031
385,2025-07-16 01:00:00+05:30,11.196231,184.61057,21.542923,189.61966
386,2025-07-16 02:00:00+05:30,11.885453,181.73567,22.104116,186.54619
387,2025-07-16 03:00:00+05:30,12.800265,183.22446,23.197664,186.68376
388,2025-07-16 04:00:00+05:30,12.093534,184.2678,22.375818,188.32556
389,2025-07-16 05:00:00+05:30,11.375658,175.46231,20.892412,181.97488
390,2025-07-16 06:00:00+05:30,13.775586,173.24652,23.770906,178.26433
391,2025-07-16 07:00:00+05:30,17.698677,175.33322,24.863468,177.5105
392,2025-07-16 08:00:00+05:30,16.521805,172.48795,22.68357,172.7059
393,2025-07-16 09:00:00+05:30,18.0036,178.85426,23.973135,176.98727
394,2025-07-16 10:00:00+05:30,11.230904,173.5585,15.385525,173.95601
395,2025-07-16 11:00:00+05:30,12.979984,199.44012,17.886242,200.62361
396,2025-07-16 12:00:00+05:30,15.182015,190.24403,20.625517,189.54445
397,2025-07-16 13:00:00+05:30,16.019999,180.0,21.24305,180.971
398,2025-07-16 14:00:00+05:30,17.823635,178.8427,23.4,180.0
399,2025-07-16 15:00:00+05:30,12.241323,180.8425,17.280937,180.5968
400,2025-07-16 16:00:00+05:30,16.560978,180.62274,23.226276,181.33218
401,2025-07-16 17:00:00+05:30,15.316933,177.30577,23.237434,177.7804
402,2025-07-16 18:00:00+05:30,13.864674,178.51216,23.40277,180.88138
403,2025-07-16 19:00:00+05:30,11.307095,166.18495,20.495512,172.9375
404,2025-07-16 20:00:00+05:30,11.612441,161.00325,21.145977,168.21184
405,2025-07-16 21:00:00+05:30,12.906138,171.983,23.074429,176.86983
406,2025-07-16 22:00:00+05:30,12.304682,174.1227,22.506477,178.6252
407,2025-07-16 23:00:00+05:30,11.052058,173.45381,20.880775,179.50609
408,2025-07-17 00:00:00+05:30,11.003581,176.24835,20.728153,182.98657
409,2025-07-17 01:00:00+05:30,12.351988,198.69908,22.145853,199.46596
410,2025-07-17 02:00:00+05:30,10.801499,179.04518,20.47416,186.5626
411,2025-07-17 03:00:00+05:30,10.644379,183.87845,21.042301,190.34863
412,2025-07-17 04:00:00+05:30,8.865799,185.82625,18.553974,194.03627
413,2025-07-17 05:00:00+05:30,9.854075,189.46225,19.296133,194.03627
414,2025-07-17 06:00:00+05:30,7.968939,161.56496,17.83454,177.68633
415,2025-07-17 07:00:00+05:30,12.241323,180.8425,16.748707,181.84756
416,2025-07-17 08:00:00+05:30,12.410866,199.48622,16.165964,198.83853
417,2025-07-17 09:00:00+05:30,12.906138,188.017,16.724508,188.0428
418,2025-07-17 10:00:00+05:30,15.367616,185.37662,19.898752,185.7105
419,2025-07-17 11:00:00+05:30,15.338071,184.03763,20.045568,184.63538
420,2025-07-17 12:00:00+05:30,15.3042345,178.65215,19.800817,179.47916
421,2025-07-17 13:00:00+05:30,16.23596,176.186,21.288757,176.12155
422,2025-07-17 14:00:00+05:30,18.72346,178.89832,25.020645,179.58781
423,2025-07-17 15:00:00+05:30,18.865683,187.12492,25.585974,187.27492
424,2025-07-17 16:00:00+05:30,16.818203,185.52745,23.158524,185.79912
425,2025-07-17 17:00:00+05:30,14.799459,184.18483,22.049082,185.152
426,2025-07-17 18:00:00+05:30,10.387107,171.02745,18.466455,173.84492
427,2025-07-17 19:00:00+05:30,10.00256,149.74365,18.27953,154.94905
428,2025-07-17 20:00:00+05:30,11.132385,157.1663,19.92235,161.56496
429,2025-07-17 21:00:00+05:30,9.144637,169.79608,17.489666,171.11942
430,2025-07-17 22:00:00+05:30,9.708326,169.31514,18.268892,174.34567
431,2025-07-17 23:00:00+05:30,11.968308,192.15492,20.44803,189.62808
432,2025-07-18 00:00:00+05:30,9.05205,197.35411,17.309973,196.9276
433,2025-07-18 01:00:00+05:30,7.3997297,198.43504,15.312701,197.79608
434,2025-07-18 02:00:00+05:30,7.7588143,183.99083,15.891054,189.78233
435,2025-07-18 03:00:00+05:30,6.8541956,193.67133,15.210799,200.79419
436,2025-07-18 04:00:00+05:30,5.2478566,185.90605,12.750811,198.9466
437,2025-07-18 05:00:00+05:30,6.778141,190.71307,14.372974,202.06795
438,2025-07-18 06:00:00+05:30,6.9527545,248.74942,14.957339,230.37103
439,2025-07-18 07:00:00+05:30,5.3999996,216.86998,9.1641035,224.9999
440,2025-07-18 08:00:00+05:30,4.8899083,186.3401,6.2483597,191.6336
441,2025-07-18 09:00:00+05:30,7.486788,189.68872,9.499157,189.81923
442,2025-07-18 10:00:00+05:30,8.936778,207.5972,11.511559,206.96564
443,2025-07-18 11:00:00+05:30,8.452336,206.56499,10.464797,206.56499
444,2025-07-18 12:00:00+05:30,10.759423,197.52565,13.262714,198.18913
445,2025-07-18 13:00:00+05:30,9.039514,192.65256,12.074766,190.3048
446,2025-07-18 14:00:00+05:30,9.668195,204.17911,12.5032,202.8737
447,2025-07-18 15:00:00+05:30,12.072083,200.05618,15.611304,200.94272
448,2025-07-18 16:00:00+05:30,13.70839,209.93143,19.48079,211.78087
449,2025-07-18 17:00:00+05:30,9.965239,200.07161,15.175612,202.30626
450,2025-07-18 18:00:00+05:30,10.158444,187.12492,18.613253,189.46225
451,2025-07-18 19:00:00+05:30,8.654986,196.9276,16.748707,200.77234
452,2025-07-18 20:00:00+05:30,8.171683,187.59456,16.546297,194.4898
453,2025-07-18 21:00:00+05:30,9.0018,191.53459,18.448023,197.02061
454,2025-07-18 22:00:00+05:30,8.490582,184.86443,17.856325,194.59662
455,2025-07-18 23:00:00+05:30,8.467655,182.4366,17.512806,192.46492
456,2025-07-19 00:00:00+05:30,10.062305,190.3048,19.087639,195.87125
457,2025-07-19 01:00:00+05:30,9.299225,194.57425,17.992796,199.88525
458,2025-07-19 02:00:00+05:30,8.427383,199.9832,16.759342,204.08745
459,2025-07-19 03:00:00+05:30,7.6473517,206.56499,16.237955,211.3994
460,2025-07-19 04:00:00+05:30,6.792466,212.00534,14.904173,217.14677
461,2025-07-19 05:00:00+05:30,7.1389914,213.6901,14.589996,218.991
462,2025-07-19 06:00:00+05:30,9.354806,210.01828,17.823637,213.04813
463,2025-07-19 07:00:00+05:30,12.440851,211.39021,17.134071,211.68633
464,2025-07-19 08:00:00+05:30,10.883676,214.21576,14.128566,214.09503
465,2025-07-19 09:00:00+05:30,10.560341,209.62366,13.462749,209.64977
466,2025-07-19 10:00:00+05:30,9.743304,205.14474,12.081473,204.65588
467,2025-07-19 11:00:00+05:30,10.3621235,197.176,12.810386,197.162
468,2025-07-19 12:00:00+05:30,12.168319,187.65056,14.917212,188.32556
469,2025-07-19 13:00:00+05:30,14.193772,192.44998,18.254698,192.5288
470,2025-07-19 14:00:00+05:30,15.281989,195.01842,19.829433,195.80258
471,2025-07-19 15:00:00+05:30,16.516901,196.4601,21.862406,197.24155
472,2025-07-19 16:00:00+05:30,14.7742605,202.19034,20.82484,202.35324
473,2025-07-19 17:00:00+05:30,15.079229,203.19861,23.304264,203.19861
474,2025-07-19 18:00:00+05:30,7.596341,193.70699,14.98331,196.04001
475,2025-07-19 19:00:00+05:30,7.0568266,174.14407,15.12107,180.68204
476,2025-07-19 20:00:00+05:30,8.656858,176.42374,17.325876,184.17035
477,2025-07-19 21:00:00+05:30,9.375563,183.3018,18.051228,189.18047
478,2025-07-19 22:00:00+05:30,10.086427,182.04536,19.067259,187.59454
479,2025-07-19 23:00:00+05:30,10.853866,185.7105,19.770523,190.49142
480,2025-07-20 00:00:00+05:30,10.674773,185.80663,19.384087,190.16202
481,2025-07-20 01:00:00+05:30,8.227004,190.08054,15.937878,198.43504
482,2025-07-20 02:00:00+05:30,7.342588,191.30989,14.747921,199.9832
483,2025-07-20 03:00:00+05:30,7.029225,182.93561,14.539945,195.06854
484,2025-07-20 04:00:00+05:30,7.0223074,178.53123,15.095336,188.22664
485,2025-07-20 05:00:00+05:30,6.1437774,185.04236,13.100489,192.69958
486,2025-07-20 06:00:00+05:30,7.6367526,171.86998,14.892213,187.64032
487,2025-07-20 07:00:00+05:30,8.083983,191.5601,10.739833,193.57045
488,2025-07-20 08:00:00+05:30,7.8149853,194.67644,9.914717,195.80258
489,2025-07-20 09:00:00+05:30,8.654986,196.9276,10.9859,198.13817
490,2025-07-20 10:00:00+05:30,8.099999,180.0,9.9,180.0
491,2025-07-20 11:00:00+05:30,7.029225,177.06439,8.287822,177.5105
492,2025-07-20 12:00:00+05:30,9.3962755,163.30067,11.500296,162.69939
493,2025-07-20 13:00:00+05:30,8.027677,199.65392,10.075177,198.75874
494,2025-07-20 14:00:00+05:30,9.504273,204.62355,12.007498,203.87529
495,2025-07-20 15:00:00+05:30,10.299397,174.98697,13.004921,175.23645
496,2025-07-20 16:00:00+05:30,13.060857,172.87508,17.5931,172.94778
497,2025-07-20 17:00:00+05:30,9.906544,182.08252,15.146761,183.40637
498,2025-07-20 18:00:00+05:30,8.242743,148.39255,16.263872,152.30061
499,2025-07-20 19:00:00+05:30,7.4128532,150.9455,16.021011,152.57135
500,2025-07-20 20:00:00+05:30,4.503598,177.70944,11.966953,173.08887
501,2025-07-20 21:00:00+05:30,5.720489,167.27565,13.523978,170.03625
502,2025-07-20 22:00:00+05:30,5.0688457,173.8846,13.184308,175.3014
503,2025-07-20 23:00:00+05:30,4.724786,197.74477,12.534257,192.43954
504,2025-07-21 00:00:00+05:30,3.710795,194.03627,10.739833,193.57045
505,2025-07-21 01:00:00+05:30,3.7064266,209.0545,10.30883,204.77512
506,2025-07-21 02:00:00+05:30,3.2399998,180.0,9.12513,194.85866
507,2025-07-21 03:00:00+05:30,3.096837,144.46223,8.311245,175.03035
508,2025-07-21 04:00:00+05:30,1.781909,135.0001,6.482499,178.40889
509,2025-07-21 05:00:00+05:30,2.1749482,155.55606,6.5693827,189.46225
510,2025-07-21 06:00:00+05:30,0.8049845,63.435013,1.1384199,198.43504
511,2025-07-21 07:00:00+05:30,1.8532133,150.9455,2.4482646,162.89719
512,2025-07-21 08:00:00+05:30,2.3051248,128.65984,2.8116899,129.80553
513,2025-07-21 09:00:00+05:30,9.109138,127.77575,11.132385,129.09386
514,2025-07-21 10:00:00+05:30,2.226477,75.96373,3.319036,102.5288
515,2025-07-21 11:00:00+05:30,3.096837,125.537766,3.9966483,125.837746
516,2025-07-21 12:00:00+05:30,4.91634,156.2505,5.7204895,155.85446
517,2025-07-21 13:00:00+05:30,7.4867883,152.81897,8.936778,152.4028
518,2025-07-21 14:00:00+05:30,11.079873,136.97493,14.529915,138.01286
519,2025-07-21 15:00:00+05:30,8.473393,167.73524,11.050591,167.77489
520,2025-07-21 16:00:00+05:30,12.32047,168.19759,16.344355,168.56636
521,2025-07-21 17:00:00+05:30,10.661107,168.31065,15.359179,169.8754
522,2025-07-21 18:00:00+05:30,9.505977,161.22188,18.158602,162.10378
523,2025-07-21 19:00:00+05:30,9.321845,169.99208,18.584509,171.08516
524,2025-07-21 20:00:00+05:30,8.049845,190.3048,16.928614,188.5608
525,2025-07-21 21:00:00+05:30,6.206738,196.85847,14.637663,196.42938
526,2025-07-21 22:00:00+05:30,6.9527545,201.25058,15.676544,201.55714
527,2025-07-21 23:00:00+05:30,6.7205353,200.37651,15.646544,203.02553
528,2025-07-22 00:00:00+05:30,6.5520988,200.92458,15.410776,202.67139
529,2025-07-22 01:00:00+05:30,5.7964473,205.76927,14.328949,206.88686
530,2025-07-22 02:00:00+05:30,4.3349743,228.36655,12.37819,220.87231
531,2025-07-22 03:00:00+05:30,3.2846913,260.53775,9.339208,242.44727
532,2025-07-22 04:00:00+05:30,2.9024127,299.74478,7.5599995,270.0
533,2025-07-22 05:00:00+05:30,2.1749482,335.55606,5.6920996,288.43503
534,2025-07-22 06:00:00+05:30,1.6981165,147.99466,3.96,180.0
535,2025-07-22 07:00:00+05:30,2.0124612,190.3048,2.9024127,187.12492
536,2025-07-22 08:00:00+05:30,3.438895,186.00891,4.3349743,184.76355
537,2025-07-22 09:00:00+05:30,5.0911684,171.86998,6.1858225,171.6342
538,2025-07-22 10:00:00+05:30,5.414979,158.5522,6.5520988,159.07542
539,2025-07-22 11:00:00+05:30,5.6492476,149.34941,6.698806,149.30035
540,2025-07-22 12:00:00+05:30,11.190442,154.25934,14.410121,154.07515
541,2025-07-22 13:00:00+05:30,5.4029994,178.0909,7.0774574,172.69434
542,2025-07-22 14:00:00+05:30,11.968308,167.84508,15.463244,167.90526
543,2025-07-22 15:00:00+05:30,12.483749,185.79271,15.941944,186.48297
544,2025-07-22 16:00:00+05:30,11.016824,184.6858,14.650939,185.64046
545,2025-07-22 17:00:00+05:30,10.783487,194.5002,16.198,194.80843
546,2025-07-22 18:00:00+05:30,7.2044983,167.00539,15.745627,169.46088
547,2025-07-22 19:00:00+05:30,6.330782,165.17348,14.796175,170.19397
548,2025-07-22 20:00:00+05:30,5.2478566,174.09395,13.321216,179.2258
549,2025-07-22 21:00:00+05:30,4.5572357,170.9098,12.42,180.0
550,2025-07-22 22:00:00+05:30,4.8466477,164.93146,12.431734,177.5105
551,2025-07-22 23:00:00+05:30,4.503598,177.70944,12.483749,185.79271
552,2025-07-23 00:00:00+05:30,4.452954,194.03627,12.313893,195.25517
553,2025-07-23 01:00:00+05:30,3.84796,190.78426,10.587917,197.81898
554,2025-07-23 02:00:00+05:30,2.9024127,187.12492,8.427383,199.9832
555,2025-07-23 03:00:00+05:30,2.0124612,169.6952,6.66,198.92474
556,2025-07-23 04:00:00+05:30,0.6489992,123.690094,4.1125174,203.19861
557,2025-07-23 05:00:00+05:30,0.6489992,56.309914,1.3104197,195.94547
558,2025-07-23 06:00:00+05:30,0.9693296,68.19853,1.5379207,200.55612
559,2025-07-23 07:00:00+05:30,0.8049845,333.43503,0.9,306.86996
560,2025-07-23 08:00:00+05:30,2.4482648,53.972538,3.0652893,49.76371
561,2025-07-23 09:00:00+05:30,6.5520988,74.054535,8.2584505,73.53991
562,2025-07-23 10:00:00+05:30,8.049845,63.435013,10.144082,62.525658
563,2025-07-23 11:00:00+05:30,7.8583965,69.904686,9.904906,70.90642
564,2025-07-23 12:00:00+05:30,8.227004,79.919464,10.209348,80.8699
565,2025-07-23 13:00:00+05:30,8.528657,97.27491,10.694485,96.76608
566,2025-07-23 14:00:00+05:30,7.579261,184.08554,9.555271,176.76036
567,2025-07-23 15:00:00+05:30,7.289444,159.77505,9.3962755,159.82927
568,2025-07-23 16:00:00+05:30,10.137692,196.50444,13.723745,196.7713
569,2025-07-23 17:00:00+05:30,10.897063,202.3287,16.595179,204.34108
570,2025-07-23 18:00:00+05:30,5.7628117,194.47034,12.57426,193.24052
571,2025-07-23 19:00:00+05:30,5.8631387,197.87878,12.864649,197.92801
572,2025-07-23 20:00:00+05:30,5.293959,215.3113,13.0806875,214.34616
573,2025-07-23 21:00:00+05:30,3.8268526,228.81418,10.819482,224.32605
574,2025-07-23 22:00:00+05:30,3.9844694,251.56496,10.8015,246.42528
575,2025-07-23 23:00:00+05:30,3.710795,292.83368,9.346143,285.6423
576,2025-07-24 00:00:00+05:30,3.693291,316.9749,9.931042,313.53125
577,2025-07-24 01:00:00+05:30,4.2481523,323.61554,10.944532,323.6954
578,2025-07-24 02:00:00+05:30,5.6233797,309.8055,12.738099,312.70938
579,2025-07-24 03:00:00+05:30,4.0249224,333.43503,11.341428,324.0394
580,2025-07-24 04:00:00+05:30,4.3832865,340.8209,11.272657,340.40762
581,2025-07-24 05:00:00+05:30,5.983477,316.2188,12.011544,330.3617
582,2025-07-24 06:00:00+05:30,8.836514,3.5034683,12.93247,8.806714
583,2025-07-24 07:00:00+05:30,7.9932976,352.23492,11.052058,353.4538
584,2025-07-24 08:00:00+05:30,8.083983,348.4399,10.699028,347.36664
585,2025-07-24 09:00:00+05:30,9.36,360.0,11.881363,359.13196
586,2025-07-24 10:00:00+05:30,11.265469,12.926001,14.2336645,13.1575575
587,2025-07-24 11:00:00+05:30,10.897063,22.328712,13.8049555,22.217653
588,2025-07-24 12:00:00+05:30,12.242646,41.42357,15.426535,41.688965
589,2025-07-24 13:00:00+05:30,10.718693,49.085716,14.037692,49.15974
590,2025-07-24 14:00:00+05:30,9.2660675,60.94549,11.672275,63.435013
591,2025-07-24 15:00:00+05:30,7.538541,146.68936,9.144637,143.8067
592,2025-07-24 16:00:00+05:30,5.369916,230.44037,6.4924874,226.12321
593,2025-07-24 17:00:00+05:30,9.039514,234.7275,12.232057,237.01147
594,2025-07-24 18:00:00+05:30,9.243311,263.29025,16.1017,264.22577
595,2025-07-24 19:00:00+05:30,5.369916,230.44037,11.074022,262.52853
596,2025-07-24 20:00:00+05:30,9.726664,308.991,15.702356,298.03375
597,2025-07-24 21:00:00+05:30,9.139322,302.12497,17.782686,301.75943
598,2025-07-24 22:00:00+05:30,6.193674,324.46225,12.538134,309.17365
599,2025-07-24 23:00:00+05:30,6.297428,329.03632,12.181624,325.84024
600,2025-07-25 00:00:00+05:30,6.945761,328.78165,14.008811,332.44727
601,2025-07-25 01:00:00+05:30,3.0758414,339.44388,9.165871,340.49747
602,2025-07-25 02:00:00+05:30,4.510787,331.38962,10.739833,346.42953
603,2025-07-25 03:00:00+05:30,6.1858225,351.63422,11.375658,355.4623
604,2025-07-25 04:00:00+05:30,8.613709,10.840266,14.332341,11.592147
605,2025-07-25 05:00:00+05:30,6.830519,341.56494,12.841963,354.36942
606,2025-07-25 06:00:00+05:30,7.4932766,335.89777,11.616627,347.4712
607,2025-07-25 07:00:00+05:30,8.777654,298.1415,13.213765,307.80658
608,2025-07-25 08:00:00+05:30,10.172787,283.29858,15.299999,298.0724
609,2025-07-25 09:00:00+05:30,14.411245,297.52515,22.151705,298.64752
610,2025-07-25 10:00:00+05:30,11.953409,288.43503,17.873554,288.8
611,2025-07-25 11:00:00+05:30,10.62,270.0,16.036171,272.5733
612,2025-07-25 12:00:00+05:30,14.01806,245.73871,20.232191,246.3998
613,2025-07-25 13:00:00+05:30,16.237955,238.6006,22.081385,240.71866
614,2025-07-25 14:00:00+05:30,16.478603,229.87396,26.129776,228.07155
615,2025-07-25 15:00:00+05:30,17.515581,202.34816,27.937136,205.5744
616,2025-07-25 16:00:00+05:30,20.304924,204.06563,29.709269,205.47823
617,2025-07-25 17:00:00+05:30,22.96464,201.13431,35.455887,203.9625
618,2025-07-25 18:00:00+05:30,22.335236,203.25925,37.191677,207.06102
619,2025-07-25 19:00:00+05:30,26.282465,216.08516,41.998287,218.73653
620,2025-07-25 20:00:00+05:30,22.843695,210.80882,37.29303,213.38329
621,2025-07-25 21:00:00+05:30,21.69952,200.38925,36.169697,204.39674
622,2025-07-25 22:00:00+05:30,20.590143,202.08049,34.71061,204.83737
623,2025-07-25 23:00:00+05:30,20.60823,199.38461,34.177254,203.59483
624,2025-07-26 00:00:00+05:30,21.816412,190.93904,35.667717,194.31679
625,2025-07-26 01:00:00+05:30,20.518421,187.56134,33.606533,191.43027
626,2025-07-26 02:00:00+05:30,21.647945,183.814,35.05381,187.67232
627,2025-07-26 03:00:00+05:30,18.175545,187.96953,30.464699,191.2435
628,2025-07-26 04:00:00+05:30,15.68584,183.28917,26.987997,189.21095
629,2025-07-26 05:00:00+05:30,14.634343,184.93913,25.522577,191.38914
630,2025-07-26 06:00:00+05:30,12.399112,193.43105,21.687572,198.88618
631,2025-07-26 07:00:00+05:30,17.25373,203.35558,24.565218,204.68715
632,2025-07-26 08:00:00+05:30,18.484869,202.31949,25.385744,203.83875
633,2025-07-26 09:00:00+05:30,20.91256,193.4382,28.158926,193.68094
634,2025-07-26 10:00:00+05:30,23.635584,183.9301,31.129074,185.97423
635,2025-07-26 11:00:00+05:30,18.733839,177.79745,25.23148,177.13765
636,2025-07-26 12:00:00+05:30,22.166327,182.79265,29.734888,182.77574
637,2025-07-26 13:00:00+05:30,17.483181,182.95071,23.662985,184.79974
638,2025-07-26 14:00:00+05:30,19.702394,185.24173,27.153164,186.08844
639,2025-07-26 15:00:00+05:30,20.875343,187.43132,29.452425,188.08049
640,2025-07-26 16:00:00+05:30,17.640919,188.21269,24.620552,189.25565
641,2025-07-26 17:00:00+05:30,15.03835,191.0409,22.277134,192.12708
642,2025-07-26 18:00:00+05:30,11.35285,182.72626,19.559633,186.3401
643,2025-07-26 19:00:00+05:30,13.321216,180.7742,22.945587,184.95018
644,2025-07-26 20:00:00+05:30,11.173057,182.77016,20.077868,185.6594
645,2025-07-26 21:00:00+05:30,10.453957,182.96088,19.42833,193.39252
646,2025-07-26 22:00:00+05:30,9.016185,183.43356,17.902534,195.15411
647,2025-07-26 23:00:00+05:30,7.5942073,185.44025,16.67795,198.23949
648,2025-07-27 00:00:00+05:30,10.5234585,192.8477,20.161606,200.37653
649,2025-07-27 01:00:00+05:30,9.5196,195.35019,18.388212,203.05133
650,2025-07-27 02:00:00+05:30,9.901636,207.03078,18.526888,212.3004
651,2025-07-27 03:00:00+05:30,12.652604,219.80553,22.42427,222.39738
652,2025-07-27 04:00:00+05:30,12.496718,221.49637,22.402588,224.34901
653,2025-07-27 05:00:00+05:30,13.15971,220.0062,23.215115,221.22762
654,2025-07-27 06:00:00+05:30,14.652045,217.01076,24.627789,217.87505
655,2025-07-27 07:00:00+05:30,17.377226,230.04251,24.66,230.03384
656,2025-07-27 08:00:00+05:30,20.26899,236.59215,28.108831,237.02228
657,2025-07-27 09:00:00+05:30,19.357323,247.01126,26.117373,246.43843
658,2025-07-27 10:00:00+05:30,15.141414,251.99574,19.93048,253.20154
659,2025-07-27 11:00:00+05:30,12.881008,236.97612,16.580532,237.86278
660,2025-07-27 12:00:00+05:30,12.475961,226.16905,15.659999,226.39711
661,2025-07-27 13:00:00+05:30,14.224556,218.32016,17.823637,218.02728
662,2025-07-27 14:00:00+05:30,18.435726,207.31552,24.069572,206.18175
663,2025-07-27 15:00:00+05:30,17.951334,206.8219,24.552025,206.56499
664,2025-07-27 16:00:00+05:30,15.539537,205.3777,22.218884,205.94225
665,2025-07-27 17:00:00+05:30,17.902534,195.15411,28.58545,196.83755
666,2025-07-27 18:00:00+05:30,9.257321,206.56499,18.42166,213.84537
667,2025-07-27 19:00:00+05:30,9.83268,203.7495,19.941854,210.96368
668,2025-07-27 20:00:00+05:30,11.328566,224.35634,22.159746,226.97493
669,2025-07-27 21:00:00+05:30,11.7,233.13002,22.222528,234.89384
670,2025-07-27 22:00:00+05:30,13.337016,238.24055,24.268646,240.2025
671,2025-07-27 23:00:00+05:30,12.011544,240.36171,22.396078,241.16913
672,2025-07-28 00:00:00+05:30,12.88981,234.09018,23.544247,233.39284
673,2025-07-28 01:00:00+05:30,14.450535,230.55997,25.722372,230.9645
674,2025-07-28 02:00:00+05:30,14.799459,228.94528,25.812277,230.09216
675,2025-07-28 03:00:00+05:30,14.477417,231.56267,25.7041,232.96953
676,2025-07-28 04:00:00+05:30,13.15971,229.9938,23.950823,231.40741
677,2025-07-28 05:00:00+05:30,12.638512,234.2725,23.12212,234.8252
678,2025-07-28 06:00:00+05:30,12.399113,230.30096,20.466246,230.71062
679,2025-07-28 07:00:00+05:30,13.755579,227.12111,18.745079,228.50363
680,2025-07-28 08:00:00+05:30,15.405519,223.5798,21.001457,225.34721
681,2025-07-28 09:00:00+05:30,11.966954,223.7812,16.039202,225.90929
682,2025-07-28 10:00:00+05:30,10.070353,245.72557,12.337553,246.80139
683,2025-07-28 11:00:00+05:30,8.885877,276.98096,11.052058,276.5462
684,2025-07-28 12:00:00+05:30,11.019764,321.63248,13.971757,321.80127
685,2025-07-28 13:00:00+05:30,6.090812,304.15976,10.805998,299.98157
686,2025-07-28 14:00:00+05:30,6.048107,216.52895,8.404285,223.26433
687,2025-07-28 15:00:00+05:30,5.5916004,183.69131,7.1661706,191.59215
688,2025-07-28 16:00:00+05:30,5.6060677,185.52745,7.102591,188.74608
689,2025-07-28 17:00:00+05:30,4.175069,187.43132,5.506941,191.30989
690,2025-07-28 18:00:00+05:30,3.7971036,185.44025,7.491114,215.21768
691,2025-07-28 19:00:00+05:30,5.0528407,184.08554,10.304115,199.38461
692,2025-07-28 20:00:00+05:30,4.7110505,186.58185,11.003581,195.17297
693,2025-07-28 21:00:00+05:30,4.86,180.0,11.132385,194.03627
694,2025-07-28 22:00:00+05:30,2.0991426,120.96369,6.21717,202.1095
695,2025-07-28 23:00:00+05:30,3.396233,212.00534,9.761578,247.21756
696,2025-07-29 00:00:00+05:30,3.604497,182.86235,8.149847,223.21011
697,2025-07-29 01:00:00+05:30,2.6999998,180.0,6.618519,224.9999
698,2025-07-29 02:00:00+05:30,2.8116899,219.80553,9.290511,234.46223
699,2025-07-29 03:00:00+05:30,3.3092594,224.9999,9.939196,234.58286
700,2025-07-29 04:00:00+05:30,8.415842,221.53168,16.341381,229.46724
701,2025-07-29 05:00:00+05:30,9.801326,225.74397,18.783066,230.05388
702,2025-07-29 06:00:00+05:30,6.502461,228.36655,13.608762,232.52374
703,2025-07-29 07:00:00+05:30,7.7879906,213.6901,15.655861,224.53424
704,2025-07-29 08:00:00+05:30,9.080639,219.3693,13.902015,221.3254
705,2025-07-29 09:00:00+05:30,9.220499,218.65984,13.259049,221.69804
706,2025-07-29 10:00:00+05:30,11.453715,210.19153,15.726067,213.32631
707,2025-07-29 11:00:00+05:30,12.7279215,208.7397,17.258425,210.04128
708,2025-07-29 12:00:00+05:30,11.605464,203.78204,15.455911,206.26657
709,2025-07-29 13:00:00+05:30,12.267763,202.4259,16.45007,203.19861
710,2025-07-29 14:00:00+05:30,10.8792095,196.33612,14.799459,198.43504
711,2025-07-29 15:00:00+05:30,11.620809,196.18927,15.999762,197.00803
712,2025-07-29 16:00:00+05:30,13.149859,199.17911,20.161606,200.37653
713,2025-07-29 17:00:00+05:30,13.842457,192.77124,22.528782,194.8135
714,2025-07-29 18:00:00+05:30,12.810386,197.162,21.629978,198.43504
715,2025-07-29 19:00:00+05:30,13.609951,200.11267,23.263912,201.80147
716,2025-07-29 20:00:00+05:30,11.190442,205.74066,20.071411,209.55359
717,2025-07-29 21:00:00+05:30,12.193589,211.10875,21.566973,213.42484
718,2025-07-29 22:00:00+05:30,12.678185,218.65984,22.12536,219.38777
719,2025-07-29 23:00:00+05:30,12.097553,223.19128,21.384424,224.31802
720,2025-07-30 00:00:00+05:30,12.362475,227.95085,21.661413,227.69434
721,2025-07-30 01:00:00+05:30,13.719023,218.07283,22.707127,221.1431
722,2025-07-30 02:00:00+05:30,14.128566,235.90497,23.565569,235.58157
723,2025-07-30 03:00:00+05:30,11.144021,238.8776,19.941854,239.03632
724,2025-07-30 04:00:00+05:30,5.9617786,241.11351,12.3165245,243.06055
725,2025-07-30 05:00:00+05:30,5.3517847,227.72638,11.545284,239.03632
726,2025-07-30 06:00:00+05:30,5.1481256,216.46933,9.109138,217.77574
727,2025-07-30 07:00:00+05:30,7.9220443,201.31798,10.070353,204.27443
728,2025-07-30 08:00:00+05:30,8.373386,205.4633,10.706596,206.99576
729,2025-07-30 09:00:00+05:30,12.313893,195.25517,15.7754345,196.57408
730,2025-07-30 10:00:00+05:30,14.138882,201.66602,18.86139,203.6294
731,2025-07-30 11:00:00+05:30,11.833546,206.17523,16.021011,207.42865
732,2025-07-30 12:00:00+05:30,13.874019,202.9058,19.026434,203.41212
733,2025-07-30 13:00:00+05:30,17.238699,208.70586,24.24928,208.84796
734,2025-07-30 14:00:00+05:30,19.92235,214.69522,28.66694,215.28683
735,2025-07-30 15:00:00+05:30,22.151703,218.73253,30.421598,219.71872
736,2025-07-30 16:00:00+05:30,20.929594,220.81499,28.837103,220.95032
737,2025-07-30 17:00:00+05:30,15.971386,219.97087,23.096882,220.8918
738,2025-07-30 18:00:00+05:30,10.152064,217.07317,18.076338,218.12523
739,2025-07-30 19:00:00+05:30,11.236671,215.21768,19.944292,216.55972
740,2025-07-30 20:00:00+05:30,10.692969,216.09837,19.313757,219.32695
741,2025-07-30 21:00:00+05:30,11.45513,224.9999,20.371038,226.43204
742,2025-07-30 22:00:00+05:30,12.351987,226.77144,22.291674,227.29063
743,2025-07-30 23:00:00+05:30,12.931218,231.21562,22.517992,230.8395
744,2025-07-31 00:00:00+05:30,10.055864,225.72514,19.091883,224.9999
745,2025-07-31 01:00:00+05:30,11.304229,232.76509,21.096123,233.32556
746,2025-07-31 02:00:00+05:30,11.132385,219.09386,21.256008,224.65695
747,2025-07-31 03:00:00+05:30,7.889258,214.77791,16.685719,222.81418
748,2025-07-31 04:00:00+05:30,7.5105524,225.97093,15.629971,231.54626
749,2025-07-31 05:00:00+05:30,8.827344,219.20718,17.564533,224.9999
750,2025-07-31 06:00:00+05:30,6.7469993,170.78905,15.079229,203.19861
751,2025-07-31 07:00:00+05:30,9.080639,230.6307,15.518672,232.06667
752,2025-07-31 08:00:00+05:30,12.56008,244.5367,17.682194,247.87361
753,2025-07-31 09:00:00+05:30,7.256032,246.61476,12.20023,248.3555
754,2025-07-31 10:00:00+05:30,7.891311,224.9999,10.436895,224.9999
755,2025-07-31 11:00:00+05:30,10.948973,242.5925,14.087229,243.43501
756,2025-07-31 12:00:00+05:30,11.207801,240.14108,14.512064,240.2552
757,2025-07-31 13:00:00+05:30,11.953409,251.56496,15.3686695,251.56496
758,2025-07-31 14:00:00+05:30,9.693296,238.67136,12.594856,239.03632
759,2025-07-31 15:00:00+05:30,11.48761,215.4334,14.652045,217.01076
760,2025-07-31 16:00:00+05:30,12.193589,238.89125,16.676977,237.3391
761,2025-07-31 17:00:00+05:30,9.449572,252.25523,16.854767,250.0168
762,2025-07-31 18:00:00+05:30,5.1826253,200.32323,11.672275,206.56499
763,2025-07-31 19:00:00+05:30,6.778141,190.71307,13.948548,199.60417
764,2025-07-31 20:00:00+05:30,9.708326,190.68486,18.22361,196.64513
765,2025-07-31 21:00:00+05:30,10.261579,201.61484,20.20575,207.0215
766,2025-07-31 22:00:00+05:30,9.187056,214.62422,19.440832,216.3395
767,2025-07-31 23:00:00+05:30,9.82114,221.2846,20.111729,224.27486
768,2025-08-01 00:00:00+05:30,11.854062,221.92245,22.402588,225.65099
769,2025-08-01 01:00:00+05:30,11.854062,221.92245,22.402588,224.34901
770,2025-08-01 02:00:00+05:30,13.413321,229.89915,24.823036,230.88599
771,2025-08-01 03:00:00+05:30,11.854062,228.07755,22.589102,229.20071
772,2025-08-01 04:00:00+05:30,11.681987,236.3099,22.117304,236.95657
773,2025-08-01 05:00:00+05:30,10.390226,255.96373,19.468311,252.23505
774,2025-08-01 06:00:00+05:30,10.534229,250.0168,18.961613,250.0168
775,2025-08-01 07:00:00+05:30,8.161764,228.57643,12.492829,233.79045
776,2025-08-01 08:00:00+05:30,9.614426,231.84273,13.1412325,233.91483
777,2025-08-01 09:00:00+05:30,9.531505,259.1145,12.193588,261.51114
778,2025-08-01 10:00:00+05:30,10.4166975,260.04944,13.262714,262.1999
779,2025-08-01 11:00:00+05:30,9.375563,266.6982,11.881363,269.13196
780,2025-08-01 12:00:00+05:30,8.477216,273.65216,10.674773,275.80664
781,2025-08-01 13:00:00+05:30,6.489992,273.17978,7.9383874,273.90042
782,2025-08-01 14:00:00+05:30,3.319036,282.5288,3.9312592,285.94547
783,2025-08-01 15:00:00+05:30,14.913952,240.34099,20.456745,241.63104
784,2025-08-01 16:00:00+05:30,8.281956,181.24533,14.957339,182.75905
785,2025-08-01 17:00:00+05:30,9.224011,185.59924,15.784676,187.20596
786,2025-08-01 18:00:00+05:30,7.0774574,277.30566,11.734564,265.60138
787,2025-08-01 19:00:00+05:30,6.330782,284.8265,11.609651,277.1249
788,2025-08-01 20:00:00+05:30,4.514377,246.50142,10.248941,239.38147
789,2025-08-01 21:00:00+05:30,3.3092594,224.9999,9.931042,223.53127
790,2025-08-01 22:00:00+05:30,3.4949677,258.11136,9.9408245,238.32457
791,2025-08-01 23:00:00+05:30,7.968939,251.56496,16.45007,246.80139
792,2025-08-02 00:00:00+05:30,7.9465466,166.9081,14.810401,196.23242
793,2025-08-02 01:00:00+05:30,10.564942,188.8203,19.66536,203.7495
794,2025-08-02 02:00:00+05:30,11.700001,194.25006,22.199188,198.43504
795,2025-08-02 03:00:00+05:30,12.886039,208.35487,23.431133,211.49211
796,2025-08-02 04:00:00+05:30,12.039833,211.55133,22.766264,213.06186
797,2025-08-02 05:00:00+05:30,10.483357,195.94547,20.49235,202.73604
798,2025-08-02 06:00:00+05:30,9.007196,182.29056,17.935986,211.45677
799,2025-08-02 07:00:00+05:30,10.296251,216.46933,14.450535,219.44002
800,2025-08-02 08:00:00+05:30,8.274128,224.11868,11.457958,226.27295
801,2025-08-02 09:00:00+05:30,8.161764,228.57643,10.464797,229.18501
802,2025-08-02 10:00:00+05:30,6.489992,236.3099,8.0899935,237.72438
803,2025-08-02 11:00:00+05:30,7.3469996,210.96368,8.953078,210.17343
804,2025-08-02 12:00:00+05:30,8.863972,203.9625,10.730778,202.69383
805,2025-08-02 13:00:00+05:30,11.995349,205.79597,14.81259,205.94225
806,2025-08-02 14:00:00+05:30,13.510796,182.29056,17.303421,182.9814
807,2025-08-02 15:00:00+05:30,16.451052,197.8403,21.916431,199.17911
808,2025-08-02 16:00:00+05:30,15.760025,193.87755,22.922983,195.01842
809,2025-08-02 17:00:00+05:30,13.698934,183.01273,21.854254,184.72437
810,2025-08-02 18:00:00+05:30,14.759999,180.0,25.264202,184.08554
811,2025-08-02 19:00:00+05:30,17.176563,185.41177,28.917883,188.23088
812,2025-08-02 20:00:00+05:30,17.873556,189.27252,29.910889,192.8654
813,2025-08-02 21:00:00+05:30,13.570615,201.80147,23.566256,202.45158
814,2025-08-02 22:00:00+05:30,14.045767,210.83777,23.832163,211.409
815,2025-08-02 23:00:00+05:30,15.639297,191.95656,27.4221,195.22218
816,2025-08-03 00:00:00+05:30,18.65151,202.1095,31.27082,203.76158
817,2025-08-03 01:00:00+05:30,14.438198,215.86992,25.780247,217.91013
818,2025-08-03 02:00:00+05:30,12.10157,210.37904,22.620636,214.95474
819,2025-08-03 03:00:00+05:30,10.495713,210.96368,20.618448,213.96756
820,2025-08-03 04:00:00+05:30,10.636766,203.9625,20.562586,209.93143
821,2025-08-03 05:00:00+05:30,12.835653,202.24907,23.188583,207.75845
822,2025-08-03 06:00:00+05:30,14.193772,192.44998,22.277134,195.94547
823,2025-08-03 07:00:00+05:30,16.720633,194.33546,23.192074,195.7622
824,2025-08-03 08:00:00+05:30,17.19165,197.6762,23.395153,198.85326
825,2025-08-03 09:00:00+05:30,18.158602,197.89622,24.821732,199.48622
826,2025-08-03 10:00:00+05:30,19.483284,196.09088,25.417631,195.61105
827,2025-08-03 11:00:00+05:30,16.368128,188.21912,21.637466,188.13002
828,2025-08-03 12:00:00+05:30,21.745012,197.83511,28.576382,199.11981
829,2025-08-03 13:00:00+05:30,17.307167,206.56499,23.264608,206.16849
830,2025-08-03 14:00:00+05:30,21.923082,212.25468,29.116076,212.118
831,2025-08-03 15:00:00+05:30,12.879752,206.56499,17.388409,207.09547
832,2025-08-03 16:00:00+05:30,15.509274,201.80147,21.15823,201.9825
833,2025-08-03 17:00:00+05:30,14.713829,194.8863,21.708477,195.8802
834,2025-08-03 18:00:00+05:30,11.440978,192.72435,19.781174,195.3009
835,2025-08-03 19:00:00+05:30,10.538843,187.85323,20.157589,190.80818
836,2025-08-03 20:00:00+05:30,12.224107,193.62701,22.37871,196.83176
837,2025-08-03 21:00:00+05:30,13.154786,196.69933,24.037918,200.60634
838,2025-08-03 22:00:00+05:30,13.450708,195.52417,24.144167,200.05618
839,2025-08-03 23:00:00+05:30,15.725037,195.94547,26.582165,198.55772
840,2025-08-04 00:00:00+05:30,16.851885,203.27898,28.09961,205.41597
841,2025-08-04 01:00:00+05:30,16.267857,204.86368,27.212759,207.58194
842,2025-08-04 02:00:00+05:30,14.356058,210.10121,24.918787,212.31245
843,2025-08-04 03:00:00+05:30,11.521406,208.96756,20.837282,211.21834
844,2025-08-04 04:00:00+05:30,10.296251,216.46933,19.174856,219.6678
845,2025-08-04 05:00:00+05:30,11.391313,211.4295,20.486023,216.06447
846,2025-08-04 06:00:00+05:30,15.056652,207.79034,22.97381,209.57774
847,2025-08-04 07:00:00+05:30,13.833091,212.24243,19.023878,212.6375
848,2025-08-04 08:00:00+05:30,14.978984,212.73521,20.01969,213.26144
849,2025-08-04 09:00:00+05:30,15.575981,213.6901,20.36865,213.83054
850,2025-08-04 10:00:00+05:30,16.144905,210.85413,21.210232,210.04634
851,2025-08-04 11:00:00+05:30,15.618566,207.45091,20.768755,206.78705
852,2025-08-04 12:00:00+05:30,15.697197,206.56499,21.495497,207.42326
853,2025-08-04 13:00:00+05:30,15.96327,209.7448,21.611996,209.98155
854,2025-08-04 14:00:00+05:30,17.799076,208.37915,23.59099,207.73808
855,2025-08-04 15:00:00+05:30,16.075521,214.04597,22.065973,213.6901
856,2025-08-04 16:00:00+05:30,12.387348,215.53777,17.179394,215.18883
857,2025-08-04 17:00:00+05:30,12.879752,206.56499,20.228188,209.30211
858,2025-08-04 18:00:00+05:30,7.186487,202.06795,14.634343,211.93065
859,2025-08-04 19:00:00+05:30,8.242743,211.60745,16.08761,220.46214
860,2025-08-04 20:00:00+05:30,6.1437774,211.82741,13.298089,219.50764
861,2025-08-04 21:00:00+05:30,5.00128,210.25635,12.785069,215.25644
862,2025-08-04 22:00:00+05:30,5.1919937,213.6901,13.248049,216.7143
863,2025-08-04 23:00:00+05:30,6.1226463,204.30453,14.169785,205.58847
864,2025-08-05 00:00:00+05:30,6.341009,235.40765,13.874019,224.47443
865,2025-08-05 01:00:00+05:30,4.6730714,254.3577,11.298495,239.34941
866,2025-08-05 02:00:00+05:30,3.9518096,239.9315,10.883676,235.78424
867,2025-08-05 03:00:00+05:30,5.2323985,206.56499,13.072015,218.2902
868,2025-08-05 04:00:00+05:30,6.452441,202.98874,14.57889,212.90524
869,2025-08-05 05:00:00+05:30,8.827344,200.28264,17.709658,206.56499
870,2025-08-05 06:00:00+05:30,8.43699,168.92984,18.818396,194.96677
871,2025-08-05 07:00:00+05:30,12.081473,204.65588,16.267857,204.86368
872,2025-08-05 08:00:00+05:30,12.236029,206.18805,15.938896,206.85434
873,2025-08-05 09:00:00+05:30,12.440851,211.39021,15.990646,211.18492
874,2025-08-05 10:00:00+05:30,13.462749,209.64977,17.258425,210.04128
875,2025-08-05 11:00:00+05:30,15.130711,212.36661,19.32801,212.0619
876,2025-08-05 12:00:00+05:30,11.843124,204.22774,15.060956,204.7273
877,2025-08-05 13:00:00+05:30,15.215058,205.95871,19.161337,205.60214
878,2025-08-05 14:00:00+05:30,14.169785,205.58847,18.675814,206.31802
879,2025-08-05 15:00:00+05:30,14.747921,199.9832,19.656296,200.92458
880,2025-08-05 16:00:00+05:30,12.932471,214.7961,17.52298,213.6901
881,2025-08-05 17:00:00+05:30,12.601285,225.57864,18.968449,226.15337
882,2025-08-05 18:00:00+05:30,2.6758924,160.34608,7.3821945,178.60284
883,2025-08-05 19:00:00+05:30,3.710795,140.90616,9.582359,174.61078
884,2025-08-05 20:00:00+05:30,4.5891175,154.44008,10.446206,181.97488
885,2025-08-05 21:00:00+05:30,5.5916004,176.30869,11.966954,195.7087
886,2025-08-05 22:00:00+05:30,7.7734165,185.31445,15.484185,197.59251
887,2025-08-05 23:00:00+05:30,6.778141,190.71307,14.799459,198.43504
888,2025-08-06 00:00:00+05:30,6.7205353,200.37651,15.175612,202.30626
889,2025-08-06 01:00:00+05:30,8.9873905,212.73521,18.32202,213.37785
890,2025-08-06 02:00:00+05:30,9.9408245,211.67543,19.125793,215.03627
891,2025-08-06 03:00:00+05:30,9.885262,213.11136,19.044306,216.54506
892,2025-08-06 04:00:00+05:30,10.348043,220.06071,19.61587,222.7688
893,2025-08-06 05:00:00+05:30,8.338489,212.6609,16.363178,219.64413
894,2025-08-06 06:00:00+05:30,3.96,180.0,6.7205353,172.30405
895,2025-08-06 07:00:00+05:30,5.950899,176.53185,8.287822,177.5105
896,2025-08-06 08:00:00+05:30,6.830519,198.43504,9.3962755,200.17073
897,2025-08-06 09:00:00+05:30,7.6388745,214.43904,9.585739,214.28693
898,2025-08-06 10:00:00+05:30,9.693296,211.32863,12.193589,211.10875
899,2025-08-06 11:00:00+05:30,9.9408245,227.93575,12.606426,226.73567
900,2025-08-06 12:00:00+05:30,10.304115,250.61539,13.78029,246.1135
901,2025-08-06 13:00:00+05:30,2.9301877,259.3804,3.8141315,250.70985
902,2025-08-06 14:00:00+05:30,1.4512063,150.2552,1.7076298,161.56496
903,2025-08-06 15:00:00+05:30,14.982228,234.78232,21.733088,238.54799
904,2025-08-06 16:00:00+05:30,6.889557,213.2749,11.885453,215.13428
905,2025-08-06 17:00:00+05:30,6.1226463,245.69547,9.82114,243.90463
906,2025-08-06 18:00:00+05:30,4.1556225,274.96964,10.285232,265.9859
907,2025-08-06 19:00:00+05:30,5.95906,295.01685,12.033103,291.96063
908,2025-08-06 20:00:00+05:30,5.00128,300.25635,10.587918,305.31128
909,2025-08-06 21:00:00+05:30,4.0249224,243.43501,7.2022495,268.56793
910,2025-08-06 22:00:00+05:30,3.9640884,230.52757,8.707237,240.2552
911,2025-08-06 23:00:00+05:30,0.8049845,243.43501,4.510787,241.38963
912,2025-08-07 00:00:00+05:30,2.0523157,15.255177,3.362677,344.47583
913,2025-08-07 01:00:00+05:30,3.4247334,356.98727,6.037383,349.69522
914,2025-08-07 02:00:00+05:30,4.1046314,344.7448,6.76618,331.38962
915,2025-08-07 03:00:00+05:30,2.8116899,309.8055,7.4128532,299.0545
916,2025-08-07 04:00:00+05:30,3.644722,290.22495,9.12513,292.01132
917,2025-08-07 05:00:00+05:30,3.84796,259.21576,9.3669195,267.79745
918,2025-08-07 06:00:00+05:30,7.9567327,232.35231,16.176983,235.42574
919,2025-08-07 07:00:00+05:30,7.7879906,236.3099,13.443481,243.77809
920,2025-08-07 08:00:00+05:30,7.8149853,241.07367,10.787993,244.2901
921,2025-08-07 09:00:00+05:30,7.127636,224.9999,9.299225,227.35333
922,2025-08-07 10:00:00+05:30,7.995323,211.18492,10.34178,211.47679
923,2025-08-07 11:00:00+05:30,9.059205,200.95586,11.39842,201.29742
924,2025-08-07 12:00:00+05:30,9.278297,198.08354,11.503113,200.13638
925,2025-08-07 13:00:00+05:30,9.743305,168.27492,12.638512,169.33026
926,2025-08-07 14:00:00+05:30,9.627896,200.80687,12.703715,200.74615
927,2025-08-07 15:00:00+05:30,14.822429,204.38637,19.976757,204.48666
928,2025-08-07 16:00:00+05:30,11.792404,211.26367,16.42839,212.47118
929,2025-08-07 17:00:00+05:30,8.557102,202.24907,13.451914,204.50739
930,2025-08-07 18:00:00+05:30,2.5772078,167.90526,7.0568266,174.14407
931,2025-08-07 19:00:00+05:30,6.2613096,161.56496,12.261158,176.6336
932,2025-08-07 20:00:00+05:30,3.1072817,169.99208,8.39078,202.71445
933,2025-08-07 21:00:00+05:30,2.968636,255.96373,8.604301,254.21918
934,2025-08-07 22:00:00+05:30,8.133928,155.13632,11.712455,177.35751
935,2025-08-07 23:00:00+05:30,11.431062,153.8385,19.60761,164.56029
936,2025-08-08 00:00:00+05:30,9.906544,155.29759,18.469963,167.04724
937,2025-08-08 01:00:00+05:30,9.565437,160.20103,17.34083,170.43997
938,2025-08-08 02:00:00+05:30,9.085988,146.3099,15.882896,156.63087
939,2025-08-08 03:00:00+05:30,10.661107,168.31065,19.719654,174.23746
940,2025-08-08 04:00:00+05:30,14.027302,188.85788,23.760681,192.24632
941,2025-08-08 05:00:00+05:30,8.101999,181.273,15.39184,190.78426
942,2025-08-08 06:00:00+05:30,13.472372,202.79655,23.046326,203.9625
943,2025-08-08 07:00:00+05:30,10.004178,188.2758,21.175835,197.81898
944,2025-08-08 08:00:00+05:30,16.78156,202.71445,24.936985,202.49266
945,2025-08-08 09:00:00+05:30,13.33094,214.54843,19.67195,214.56259
946,2025-08-08 10:00:00+05:30,12.534257,215.05951,17.032604,215.53777
947,2025-08-08 11:00:00+05:30,9.109138,217.77574,11.808878,217.56866
948,2025-08-08 12:00:00+05:30,12.061343,217.72505,15.518672,217.93333
949,2025-08-08 13:00:00+05:30,13.466357,217.94221,17.54146,218.75163
950,2025-08-08 14:00:00+05:30,14.668619,209.39595,19.179081,209.2112
951,2025-08-08 15:00:00+05:30,16.383955,215.61093,22.180206,215.75398
952,2025-08-08 16:00:00+05:30,15.99571,199.04672,22.60631,200.02217
953,2025-08-08 17:00:00+05:30,13.954354,186.66656,22.224714,188.85193
954,2025-08-08 18:00:00+05:30,6.130579,93.366394,10.990322,121.60746
955,2025-08-08 19:00:00+05:30,7.2805495,98.530685,14.73913,118.44283
956,2025-08-08 20:00:00+05:30,7.282774,140.01317,16.825909,152.61267
957,2025-08-08 21:00:00+05:30,11.003581,195.17297,22.180935,195.05127
958,2025-08-08 22:00:00+05:30,9.82279,193.78162,19.656296,195.94547
959,2025-08-08 23:00:00+05:30,12.461669,190.82297,23.706076,193.6142
960,2025-08-09 00:00:00+05:30,18.0036,191.53459,29.643217,193.69873
961,2025-08-09 01:00:00+05:30,13.638489,202.50357,24.804104,204.89128
962,2025-08-09 02:00:00+05:30,9.12513,202.01134,17.885334,208.88649
963,2025-08-09 03:00:00+05:30,10.182337,188.13002,19.125793,198.094
964,2025-08-09 04:00:00+05:30,9.9408245,185.19434,19.470808,193.9078
965,2025-08-09 05:00:00+05:30,10.062305,190.3048,20.499462,196.84389
966,2025-08-09 06:00:00+05:30,9.05205,162.64589,17.11515,177.58902
967,2025-08-09 07:00:00+05:30,13.441071,172.30405,18.824419,173.96242
968,2025-08-09 08:00:00+05:30,12.791403,177.58054,17.46,180.0
969,2025-08-09 09:00:00+05:30,12.168319,172.34944,15.385525,173.95601
970,2025-08-09 10:00:00+05:30,14.044615,178.53123,18.18,180.0
971,2025-08-09 11:00:00+05:30,16.902758,187.95743,21.993908,187.99739
972,2025-08-09 12:00:00+05:30,18.014393,182.29056,23.973135,183.01273
973,2025-08-09 13:00:00+05:30,16.923828,178.78116,22.68,180.0
974,2025-08-09 14:00:00+05:30,19.460823,182.65063,26.139692,183.15788
975,2025-08-09 15:00:00+05:30,20.527102,181.5074,28.09442,181.83574
976,2025-08-09 16:00:00+05:30,19.580328,186.8636,26.457552,186.64142
977,2025-08-09 17:00:00+05:30,18.29459,193.07913,26.717722,194.03627
978,2025-08-09 18:00:00+05:30,12.7546215,188.93051,22.557526,191.0409
979,2025-08-09 19:00:00+05:30,11.722133,183.52138,21.365477,189.70032
980,2025-08-09 20:00:00+05:30,10.981475,180.93916,20.778112,184.96965
981,2025-08-09 21:00:00+05:30,12.193588,188.48886,22.491358,190.14073
982,2025-08-09 22:00:00+05:30,11.897714,190.45985,21.833488,195.2966
983,2025-08-09 23:00:00+05:30,12.661564,194.82652,22.655699,199.01086
984,2025-08-10 00:00:00+05:30,12.585848,196.62083,22.22836,201.37068
985,2025-08-10 01:00:00+05:30,12.074766,190.3048,21.708477,195.8802
986,2025-08-10 02:00:00+05:30,11.996699,207.71841,22.22836,211.75943
987,2025-08-10 03:00:00+05:30,12.534257,215.05951,22.632092,219.51381
988,2025-08-10 04:00:00+05:30,11.681987,213.6901,21.594748,219.92781
989,2025-08-10 05:00:00+05:30,9.9408245,211.67543,19.623302,217.92113
990,2025-08-10 06:00:00+05:30,9.605998,192.99461,18.459436,203.56541
991,2025-08-10 07:00:00+05:30,10.272623,191.113,14.494192,194.38142
992,2025-08-10 08:00:00+05:30,12.758432,196.38962,16.913296,196.69933
993,2025-08-10 09:00:00+05:30,15.881875,197.81898,21.004541,197.96922
994,2025-08-10 10:00:00+05:30,17.309973,196.9276,22.828798,197.43497
995,2025-08-10 11:00:00+05:30,18.044046,198.61578,23.964348,198.84332
996,2025-08-10 12:00:00+05:30,17.48596,200.48709,23.06881,200.55612
997,2025-08-10 13:00:00+05:30,16.810495,192.99461,22.046875,193.69589
998,2025-08-10 14:00:00+05:30,18.216497,191.9761,24.150877,192.48248
999,2025-08-10 15:00:00+05:30,19.175703,189.72751,26.33911,190.23474
1000,2025-08-10 16:00:00+05:30,18.508516,187.26315,25.812277,188.017
1001,2025-08-10 17:00:00+05:30,18.11215,190.3048,27.887802,191.16484
1002,2025-08-10 18:00:00+05:30,11.616627,192.5288,21.139849,195.81143
1003,2025-08-10 19:00:00+05:30,12.98248,196.9276,23.34455,199.83221
1004,2025-08-10 20:00:00+05:30,12.921192,198.68744,23.096882,201.9673
1005,2025-08-10 21:00:00+05:30,11.132385,202.8337,20.53105,207.68826
1006,2025-08-10 22:00:00+05:30,8.951267,195.15411,17.58481,202.89058
1007,2025-08-10 23:00:00+05:30,9.919618,191.5138,18.727785,197.9126
1008,2025-08-11 00:00:00+05:30,10.706595,196.60706,19.95485,201.70549
1009,2025-08-11 01:00:00+05:30,10.874742,208.68605,20.12944,211.84242
1010,2025-08-11 02:00:00+05:30,10.742848,211.29298,19.969458,213.9766
1011,2025-08-11 03:00:00+05:30,10.837435,212.10623,19.969458,213.9766
1012,2025-08-11 04:00:00+05:30,9.4238205,208.52303,18.278645,212.12497
1013,2025-08-11 05:00:00+05:30,9.194106,203.05133,17.885334,208.88649
1014,2025-08-11 06:00:00+05:30,9.979859,187.2531,20.476532,194.76924
1015,2025-08-11 07:00:00+05:30,12.267763,202.4259,17.088627,203.59483
1016,2025-08-11 08:00:00+05:30,12.3165245,206.93945,16.42346,207.40749
1017,2025-08-11 09:00:00+05:30,12.16832,209.21915,15.787753,208.61037
1018,2025-08-11 10:00:00+05:30,11.753877,207.3498,14.973577,207.18103
1019,2025-08-11 11:00:00+05:30,11.996699,207.71841,15.056652,207.79034
1020,2025-08-11 12:00:00+05:30,13.282243,206.56499,16.50218,206.56499
1021,2025-08-11 13:00:00+05:30,12.351988,198.69908,16.055353,199.65392
1022,2025-08-11 14:00:00+05:30,12.358542,192.61932,15.629971,194.67644
1023,2025-08-11 15:00:00+05:30,11.555102,198.1528,15.5395355,198.22517
1024,2025-08-11 16:00:00+05:30,13.0447235,207.97939,18.519018,207.81032
1025,2025-08-11 17:00:00+05:30,8.490582,201.12479,12.739371,203.30492
1026,2025-08-11 18:00:00+05:30,10.805999,178.0909,19.619999,180.0
1027,2025-08-11 19:00:00+05:30,11.701385,180.88138,21.636717,183.33841
1028,2025-08-11 20:00:00+05:30,9.266067,187.8152,18.466457,190.10498
1029,2025-08-11 21:00:00+05:30,10.4166975,189.95056,19.9954,193.53587
1030,2025-08-11 22:00:00+05:30,11.431063,187.23683,21.286474,191.21487
1031,2025-08-11 23:00:00+05:30,10.316686,186.00891,19.980808,190.90498
1032,2025-08-12 00:00:00+05:30,9.47012,188.74608,18.903427,193.77162
1033,2025-08-12 01:00:00+05:30,8.427383,199.9832,17.47484,204.98122
1034,2025-08-12 02:00:00+05:30,7.0199995,202.6199,15.3264475,213.50346
1035,2025-08-12 03:00:00+05:30,6.8423676,206.56499,15.124284,218.23386
1036,2025-08-12 04:00:00+05:30,4.913044,208.44283,12.750811,221.56627
1037,2025-08-12 05:00:00+05:30,2.7059932,183.814,8.209263,217.87505
1038,2025-08-12 06:00:00+05:30,6.8399997,180.0,13.499999,196.26028
1039,2025-08-12 07:00:00+05:30,7.5170207,196.69933,10.24578,198.43504
1040,2025-08-12 08:00:00+05:30,7.415038,185.5721,9.600937,186.45872
1041,2025-08-12 09:00:00+05:30,6.66,180.0,8.28,180.0
1042,2025-08-12 10:00:00+05:30,4.8733153,175.76369,5.9644947,174.80566
1043,2025-08-12 11:00:00+05:30,7.689603,163.68607,9.0,163.73972
1044,2025-08-12 12:00:00+05:30,10.1376915,186.1154,13.510796,182.29056
1045,2025-08-12 13:00:00+05:30,10.440001,180.0,13.324863,178.45187
1046,2025-08-12 14:00:00+05:30,14.713831,172.2665,18.687086,172.80663
1047,2025-08-12 15:00:00+05:30,15.172407,175.23645,20.39091,175.9505
1048,2025-08-12 16:00:00+05:30,14.690691,172.96216,20.077868,174.3406
1049,2025-08-12 17:00:00+05:30,14.848635,173.7366,22.442324,174.01514
1050,2025-08-12 18:00:00+05:30,9.178235,168.69011,17.66753,171.20953
1051,2025-08-12 19:00:00+05:30,8.6193495,151.29414,17.14919,159.09195
1052,2025-08-12 20:00:00+05:30,8.55142,149.65683,17.82091,156.80139
1053,2025-08-12 21:00:00+05:30,8.626865,156.64442,18.158602,162.10378
1054,2025-08-12 22:00:00+05:30,8.893166,144.0578,17.95404,154.46262
1055,2025-08-12 23:00:00+05:30,10.630672,151.69934,20.304924,155.93437
1056,2025-08-13 00:00:00+05:30,14.174356,162.25523,24.77535,163.5399
1057,2025-08-13 01:00:00+05:30,10.948973,170.53775,20.364674,171.86998
1058,2025-08-13 02:00:00+05:30,9.6480665,165.96373,19.06301,169.11452
1059,2025-08-13 03:00:00+05:30,6.9527545,158.74942,15.236338,165.63538
1060,2025-08-13 04:00:00+05:30,7.731623,155.22488,15.999762,162.99197
1061,2025-08-13 05:00:00+05:30,7.5942082,148.57048,16.1198,156.29735
1062,2025-08-13 06:00:00+05:30,9.743304,154.85526,17.71789,159.17137
1063,2025-08-13 07:00:00+05:30,12.570394,150.8658,18.193361,152.92801
1064,2025-08-13 08:00:00+05:30,13.523978,153.09398,17.870834,153.6931
1065,2025-08-13 09:00:00+05:30,14.233664,147.91785,18.892282,149.03632
1066,2025-08-13 10:00:00+05:30,13.666967,139.80803,17.794525,141.15916
1067,2025-08-13 11:00:00+05:30,15.035119,121.78722,19.576189,122.22874
1068,2025-08-13 12:00:00+05:30,16.732256,130.2001,22.218153,130.39983
1069,2025-08-13 13:00:00+05:30,13.379461,123.4763,18.072752,123.21526
1070,2025-08-13 14:00:00+05:30,16.419514,134.55591,21.893505,134.33388
1071,2025-08-13 15:00:00+05:30,16.530626,125.24766,22.860708,127.32111
1072,2025-08-13 16:00:00+05:30,14.110209,119.83545,19.521496,122.95743
1073,2025-08-13 17:00:00+05:30,11.052058,106.07365,18.58451,111.595375
1074,2025-08-13 18:00:00+05:30,9.6228485,97.52373,18.123774,105.554634
1075,2025-08-13 19:00:00+05:30,9.044888,121.15924,19.424158,119.415504
1076,2025-08-13 20:00:00+05:30,7.491114,125.21768,16.489416,126.11943
1077,2025-08-13 21:00:00+05:30,12.267762,104.44408,23.114412,109.56387
1078,2025-08-13 22:00:00+05:30,12.487641,105.03787,22.597706,108.57937
1079,2025-08-13 23:00:00+05:30,10.308831,102.09474,20.037485,107.78398
1080,2025-08-14 00:00:00+05:30,9.181765,91.12328,17.845436,98.70214
1081,2025-08-14 01:00:00+05:30,10.24578,108.43504,19.05281,112.20353
1082,2025-08-14 02:00:00+05:30,9.6228485,97.52373,17.902534,105.15412
1083,2025-08-14 03:00:00+05:30,8.507737,83.92764,16.801823,94.91648
1084,2025-08-14 04:00:00+05:30,9.511088,60.524208,16.640022,74.309944
1085,2025-08-14 05:00:00+05:30,8.775807,115.513824,17.146358,116.83397
1086,2025-08-14 06:00:00+05:30,11.866355,99.60514,19.90852,104.664505
1087,2025-08-14 07:00:00+05:30,11.409785,96.340096,15.941944,96.48298
1088,2025-08-14 08:00:00+05:30,18.278645,122.12497,24.26998,122.27561
1089,2025-08-14 09:00:00+05:30,19.477463,136.12321,26.863455,136.35739
1090,2025-08-14 10:00:00+05:30,16.563911,132.3574,21.90534,133.00214
1091,2025-08-14 11:00:00+05:30,19.406637,139.51407,26.161995,139.18501
1092,2025-08-14 12:00:00+05:30,13.746156,135.0001,18.584509,135.78474
1093,2025-08-14 13:00:00+05:30,18.414625,140.553,24.597511,141.5366
1094,2025-08-14 14:00:00+05:30,16.176983,145.42575,21.869074,145.39426
1095,2025-08-14 15:00:00+05:30,15.990646,148.81508,22.50576,149.74365
1096,2025-08-14 16:00:00+05:30,15.130711,147.63339,21.886845,148.79387
1097,2025-08-14 17:00:00+05:30,13.779114,146.7251,22.075516,147.99466
1098,2025-08-14 18:00:00+05:30,15.696165,143.39284,26.11551,145.10497
1099,2025-08-14 19:00:00+05:30,12.98248,135.0001,22.678572,137.57341
1100,2025-08-14 20:00:00+05:30,11.837651,135.61598,21.457026,139.76372
1101,2025-08-14 21:00:00+05:30,11.870451,130.69543,21.513577,136.01689
1102,2025-08-14 22:00:00+05:30,10.036512,122.549995,18.899143,130.36446
1103,2025-08-14 23:00:00+05:30,12.881008,123.02388,22.404757,128.8036
1104,2025-08-15 00:00:00+05:30,12.535549,122.09256,21.6457,128.58542
1105,2025-08-15 01:00:00+05:30,10.163227,112.93214,18.832163,121.71509
1106,2025-08-15 02:00:00+05:30,7.9138603,107.19863,16.208998,119.98155
1107,2025-08-15 03:00:00+05:30,9.178235,115.55992,17.389341,126.15828
1108,2025-08-15 04:00:00+05:30,11.334285,122.68055,20.466246,129.28938
1109,2025-08-15 05:00:00+05:30,11.35285,115.34614,20.118975,123.690094
1110,2025-08-15 06:00:00+05:30,13.151091,120.4257,19.983242,125.837746
1111,2025-08-15 07:00:00+05:30,14.49531,118.1561,19.91503,119.80902
1112,2025-08-15 08:00:00+05:30,15.10821,111.67471,20.160805,113.13145
1113,2025-08-15 09:00:00+05:30,14.904173,127.14677,19.404133,127.08258
1114,2025-08-15 10:00:00+05:30,15.021105,134.02907,19.474136,134.62556
1115,2025-08-15 11:00:00+05:30,14.589996,128.991,19.313757,129.32697
1116,2025-08-15 12:00:00+05:30,15.735336,144.30984,20.95203,143.03157
1117,2025-08-15 13:00:00+05:30,14.897651,154.98314,19.41081,155.33621
1118,2025-08-15 14:00:00+05:30,12.996199,149.17241,17.441433,148.9349
1119,2025-08-15 15:00:00+05:30,16.179987,147.72438,21.733088,148.54799
1120,2025-08-15 16:00:00+05:30,16.019999,154.01082,22.06377,154.89842
1121,2025-08-15 17:00:00+05:30,13.934605,151.4487,21.655428,152.79607
1122,2025-08-15 18:00:00+05:30,12.397806,154.17906,21.511318,155.79411
1123,2025-08-15 19:00:00+05:30,13.151091,149.5743,22.539564,153.43501
1124,2025-08-15 20:00:00+05:30,10.805998,150.01845,19.33639,155.82089
1125,2025-08-15 21:00:00+05:30,6.8423676,144.63745,15.455911,153.73343
1126,2025-08-15 22:00:00+05:30,6.2067385,119.53869,14.275713,138.06657
1127,2025-08-15 23:00:00+05:30,5.8048253,119.74479,13.3649235,134.4544
1128,2025-08-16 00:00:00+05:30,5.3457265,135.0001,13.878689,146.10379
1129,2025-08-16 01:00:00+05:30,5.728979,133.72705,13.538345,144.19656
1130,2025-08-16 02:00:00+05:30,4.2136917,109.98319,11.074023,134.34154
1131,2025-08-16 03:00:00+05:30,4.6938252,94.39862,11.364259,119.4071
1132,2025-08-16 04:00:00+05:30,4.412754,78.231735,11.328566,107.57135
1133,2025-08-16 05:00:00+05:30,6.361415,64.8852,12.964998,88.4089
1134,2025-08-16 06:00:00+05:30,6.8423676,144.63745,13.184308,141.09586
1135,2025-08-16 07:00:00+05:30,10.730778,112.69383,14.48972,116.56499
1136,2025-08-16 08:00:00+05:30,11.276967,114.51963,14.572221,115.61544
1137,2025-08-16 09:00:00+05:30,11.833546,116.17523,15.053425,116.2586
1138,2025-08-16 10:00:00+05:30,13.920647,130.27979,17.823637,128.02728
1139,2025-08-16 11:00:00+05:30,16.712881,131.06973,21.274294,132.59975
1140,2025-08-16 12:00:00+05:30,11.183201,123.17853,14.677452,123.49521
1141,2025-08-16 13:00:00+05:30,16.755476,140.6673,21.618742,140.74417
1142,2025-08-16 14:00:00+05:30,16.418526,142.12495,21.786694,141.7098
1143,2025-08-16 15:00:00+05:30,16.87398,146.3099,23.015377,146.80705
1144,2025-08-16 16:00:00+05:30,14.512064,150.2552,20.140705,151.14444
1145,2025-08-16 17:00:00+05:30,12.785069,144.74356,19.229694,144.52458
1146,2025-08-16 18:00:00+05:30,7.7879906,146.3099,16.276815,147.18864
1147,2025-08-16 19:00:00+05:30,7.4520864,142.85323,16.740969,143.74608
1148,2025-08-16 20:00:00+05:30,6.384293,139.574,15.3264475,139.76372
1149,2025-08-16 21:00:00+05:30,5.7176566,118.1785,14.796175,126.59118
1150,2025-08-16 22:00:00+05:30,5.4656014,107.241554,13.849477,117.89718
1151,2025-08-16 23:00:00+05:30,5.95906,115.01687,14.539945,121.328636
1152,2025-08-17 00:00:00+05:30,4.143911,87.5105,11.063778,111.97456
1153,2025-08-17 01:00:00+05:30,5.00128,59.743652,10.441552,89.01226
1154,2025-08-17 02:00:00+05:30,7.9383874,57.030594,15.5395355,71.77483
1155,2025-08-17 03:00:00+05:30,7.8149853,51.546265,16.029099,65.44956
1156,2025-08-17 04:00:00+05:30,8.53815,55.304783,17.396793,61.578896
1157,2025-08-17 05:00:00+05:30,9.236298,56.929314,18.35647,64.440094
1158,2025-08-17 06:00:00+05:30,9.194106,66.94868,18.710478,82.25975
1159,2025-08-17 07:00:00+05:30,12.601285,89.18157,17.100946,90.60308
1160,2025-08-17 08:00:00+05:30,15.188415,95.44024,19.719654,95.76254
1161,2025-08-17 09:00:00+05:30,16.946787,102.26476,22.59269,101.488945
1162,2025-08-17 10:00:00+05:30,19.45083,101.20591,26.969982,101.15991
1163,2025-08-17 11:00:00+05:30,18.204933,104.31108,24.454178,105.36614
1164,2025-08-17 12:00:00+05:30,17.682194,104.743614,23.538742,105.52418
1165,2025-08-17 13:00:00+05:30,17.594023,103.60976,23.623928,102.765564
1166,2025-08-17 14:00:00+05:30,20.933466,115.46331,27.45103,116.060936
1167,2025-08-17 15:00:00+05:30,13.040997,110.1859,18.054815,110.42242
1168,2025-08-17 16:00:00+05:30,18.463821,119.81407,27.662666,120.0685
1169,2025-08-17 17:00:00+05:30,15.618566,117.45091,25.613817,118.5461
1170,2025-08-17 18:00:00+05:30,18.076338,105.004974,29.07989,105.06854
1171,2025-08-17 19:00:00+05:30,15.351793,94.70777,25.563803,96.874725
1172,2025-08-17 20:00:00+05:30,14.869351,96.952866,24.948025,98.71465
1173,2025-08-17 21:00:00+05:30,13.86,90.0,24.187069,94.267815
1174,2025-08-17 22:00:00+05:30,12.241323,109.76726,21.687572,108.886185
1175,2025-08-17 23:00:00+05:30,11.328566,107.57135,20.423456,112.27032
1176,2025-08-18 00:00:00+05:30,11.53265,87.316284,20.929596,93.945114
1177,2025-08-18 01:00:00+05:30,12.682018,83.48029,22.680714,89.545296
1178,2025-08-18 02:00:00+05:30,14.799459,85.81516,25.20257,89.18157
1179,2025-08-18 03:00:00+05:30,15.158522,85.91447,25.562534,89.19309
1180,2025-08-18 04:00:00+05:30,13.861168,90.74404,23.973135,93.012726
1181,2025-08-18 05:00:00+05:30,17.325876,85.82964,28.260572,89.63507
1182,2025-08-18 06:00:00+05:30,19.620825,90.52563,30.266235,92.385895
1183,2025-08-18 07:00:00+05:30,18.287504,96.215546,25.70221,96.029915
1184,2025-08-18 08:00:00+05:30,22.996365,108.71869,31.65135,109.259384
1185,2025-08-18 09:00:00+05:30,22.922276,103.163246,31.435646,103.24053
1186,2025-08-18 10:00:00+05:30,22.825958,108.86368,30.853073,109.06929
1187,2025-08-18 11:00:00+05:30,26.684355,113.45235,35.785156,113.7284
1188,2025-08-18 12:00:00+05:30,25.930622,118.16597,36.33058,118.72364
1189,2025-08-18 13:00:00+05:30,25.199997,126.86999,34.70407,126.98885
1190,2025-08-18 14:00:00+05:30,26.31942,130.0062,35.865196,130.72597
1191,2025-08-18 15:00:00+05:30,27.521757,132.34926,39.486107,132.78319
1192,2025-08-18 16:00:00+05:30,25.244318,128.34084,36.095276,128.92755
1193,2025-08-18 17:00:00+05:30,21.817902,127.6263,33.342297,127.98355
1194,2025-08-18 18:00:00+05:30,15.013554,127.694305,26.117373,132.48615
1195,2025-08-18 19:00:00+05:30,15.070633,119.32038,25.860556,123.35826
1196,2025-08-18 20:00:00+05:30,18.694021,128.74599,31.14052,130.78082
1197,2025-08-18 21:00:00+05:30,17.725203,124.65842,29.964457,125.21768
1198,2025-08-18 22:00:00+05:30,16.388897,128.7581,28.05807,131.35872
1199,2025-08-18 23:00:00+05:30,16.176983,132.7454,27.367697,134.20067
1200,2025-08-19 00:00:00+05:30,13.570615,111.801476,24.425013,119.58767
1201,2025-08-19 01:00:00+05:30,13.776763,107.48808,24.014996,113.87529
1202,2025-08-19 02:00:00+05:30,12.810386,107.162,21.933426,113.19862
1203,2025-08-19 03:00:00+05:30,12.108261,95.117226,21.711462,101.962036
1204,2025-08-19 04:00:00+05:30,11.543881,100.78425,21.1896,106.27975
1205,2025-08-19 05:00:00+05:30,13.31635,99.33492,23.53117,103.71737
1206,2025-08-19 06:00:00+05:30,12.043869,99.46225,17.688606,102.33907
1207,2025-08-19 07:00:00+05:30,16.520823,101.3099,23.723152,101.821465
1208,2025-08-19 08:00:00+05:30,19.319628,116.56499,27.212759,117.58195
1209,2025-08-19 09:00:00+05:30,22.932877,132.45515,31.735691,132.01129
1210,2025-08-19 10:00:00+05:30,23.233252,139.39879,31.160282,139.68597
1211,2025-08-19 11:00:00+05:30,23.904108,142.95744,31.608328,142.86899
1212,2025-08-19 12:00:00+05:30,22.81744,150.19914,30.70042,150.88023
1213,2025-08-19 13:00:00+05:30,27.082075,150.53862,37.419224,149.98172
1214,2025-08-19 14:00:00+05:30,24.482647,160.23274,34.571716,159.58353
1215,2025-08-19 15:00:00+05:30,23.02945,152.03297,32.294327,151.72098
1216,2025-08-19 16:00:00+05:30,22.218153,153.01985,31.475304,153.14195
1217,2025-08-19 17:00:00+05:30,18.152355,157.249,28.51168,158.13136
1218,2025-08-19 18:00:00+05:30,12.652604,140.19447,22.682856,144.0394
1219,2025-08-19 19:00:00+05:30,14.133152,136.54811,24.597511,141.5366
1220,2025-08-19 20:00:00+05:30,15.661035,142.4715,26.810333,145.66974
1221,2025-08-19 21:00:00+05:30,14.438198,144.13008,25.071098,147.90744
1222,2025-08-19 22:00:00+05:30,11.843124,155.77226,21.576738,160.50685
1223,2025-08-19 23:00:00+05:30,11.720751,137.4896,21.167418,146.44504
1224,2025-08-20 00:00:00+05:30,15.639297,168.04344,26.725605,169.52263
1225,2025-08-20 01:00:00+05:30,10.644379,161.25856,18.958197,167.94325
1226,2025-08-20 02:00:00+05:30,6.3690495,132.70937,14.88242,147.84773
1227,2025-08-20 03:00:00+05:30,6.384293,130.426,14.292725,148.91257
1228,2025-08-20 04:00:00+05:30,7.0107627,119.197395,13.719023,141.92717
1229,2025-08-20 05:00:00+05:30,9.340941,115.083565,16.276815,128.26404
1230,2025-08-20 06:00:00+05:30,11.345712,138.21558,18.727787,144.78232
1231,2025-08-20 07:00:00+05:30,12.879752,153.43501,19.976757,155.51334
1232,2025-08-20 08:00:00+05:30,14.266632,150.5242,20.787468,150.99368
1233,2025-08-20 09:00:00+05:30,17.902534,164.84589,25.408068,166.06218
1234,2025-08-20 10:00:00+05:30,17.950432,158.83867,25.744402,159.53764
1235,2025-08-20 11:00:00+05:30,21.183483,167.73524,29.053694,168.20277
1236,2025-08-20 12:00:00+05:30,18.94024,171.25392,25.837994,171.58774
1237,2025-08-20 13:00:00+05:30,19.917469,173.77426,26.57973,174.55975
1238,2025-08-20 14:00:00+05:30,20.852827,173.05911,28.644896,173.14302
1239,2025-08-20 15:00:00+05:30,20.957443,175.07298,29.268686,175.06087
1240,2025-08-20 16:00:00+05:30,22.151705,178.13742,31.508224,178.69064
1241,2025-08-20 17:00:00+05:30,17.828178,178.26433,27.72,180.0
1242,2025-08-20 18:00:00+05:30,9.906544,155.29759,17.878994,163.02441
1243,2025-08-20 19:00:00+05:30,8.55142,149.65683,17.54977,158.96242
1244,2025-08-20 20:00:00+05:30,7.9465466,166.9081,16.87878,172.64772
1245,2025-08-20 21:00:00+05:30,11.032987,151.76265,20.83806,160.31279
1246,2025-08-20 22:00:00+05:30,12.011544,160.75038,22.571884,166.62866
1247,2025-08-20 23:00:00+05:30,9.67657,170.36253,19.26084,180.53545
1248,2025-08-21 00:00:00+05:30,9.144637,169.79608,18.202265,182.83405
1249,2025-08-21 01:00:00+05:30,6.7205353,187.69595,15.443328,201.18143
1250,2025-08-21 02:00:00+05:30,7.353611,201.54105,15.476859,213.13562
1251,2025-08-21 03:00:00+05:30,5.2478566,202.1664,13.729647,214.31514
1252,2025-08-21 04:00:00+05:30,4.5322843,186.84268,11.269782,206.56499
1253,2025-08-21 05:00:00+05:30,3.2846913,189.46225,10.04458,216.25392
1254,2025-08-21 06:00:00+05:30,7.9077177,191.82146,16.507088,205.16783
1255,2025-08-21 07:00:00+05:30,6.198903,205.82094,8.936778,207.5972
1256,2025-08-21 08:00:00+05:30,9.12513,202.01134,11.843124,204.22774
1257,2025-08-21 09:00:00+05:30,5.8852015,203.42871,8.211235,206.0033
1258,2025-08-21 10:00:00+05:30,9.179999,208.07239,13.203954,207.61295
1259,2025-08-21 11:00:00+05:30,6.2379804,223.83095,8.400428,224.9999
1260,2025-08-21 12:00:00+05:30,7.42159,219.09384,9.473541,218.82983
1261,2025-08-21 13:00:00+05:30,9.12513,202.01134,11.7,202.6199
1262,2025-08-21 14:00:00+05:30,11.843124,204.22774,16.478603,201.80147
1263,2025-08-21 15:00:00+05:30,7.382195,224.9999,11.5887,226.88817
1264,2025-08-21 16:00:00+05:30,10.075177,221.37842,14.76439,224.9999
1265,2025-08-21 17:00:00+05:30,7.229191,198.88618,13.60519,205.88698
1266,2025-08-21 18:00:00+05:30,12.492829,216.20955,22.537409,216.22932
1267,2025-08-21 19:00:00+05:30,11.734564,221.26851,22.355536,220.10085
1268,2025-08-21 20:00:00+05:30,13.920647,220.27979,25.100157,222.38419
1269,2025-08-21 21:00:00+05:30,15.3771,218.34561,27.059933,220.68388
1270,2025-08-21 22:00:00+05:30,14.799459,221.05472,26.361856,223.06322
1271,2025-08-21 23:00:00+05:30,12.514855,229.66693,23.116512,229.73752
1272,2025-08-22 00:00:00+05:30,12.768586,229.574,22.885498,230.42526
1273,2025-08-22 01:00:00+05:30,10.560341,240.37634,20.590143,238.95041
1274,2025-08-22 02:00:00+05:30,13.248049,233.2857,23.964348,235.71307
1275,2025-08-22 03:00:00+05:30,19.921535,212.82854,33.161064,212.13722
1276,2025-08-22 04:00:00+05:30,12.483749,264.2073,23.408998,259.81342
1277,2025-08-22 05:00:00+05:30,11.534054,247.0362,20.799152,246.54095
1278,2025-08-22 06:00:00+05:30,10.957846,227.66306,18.360882,232.56833
1279,2025-08-22 07:00:00+05:30,3.4576871,231.34016,6.341009,235.40765
1280,2025-08-22 08:00:00+05:30,15.3802595,235.0079,25.570139,234.74356
1281,2025-08-22 09:00:00+05:30,11.341428,269.09064,17.288435,268.2101
1282,2025-08-22 10:00:00+05:30,12.466867,287.6502,17.482254,286.75583
1283,2025-08-22 11:00:00+05:30,7.519175,258.9591,10.920824,261.46933
1284,2025-08-22 12:00:00+05:30,11.190442,258.87085,14.685176,258.6901
1285,2025-08-22 13:00:00+05:30,12.535549,248.96242,16.62444,250.38782
1286,2025-08-22 14:00:00+05:30,11.837652,241.87636,16.021011,242.57135
1287,2025-08-22 15:00:00+05:30,11.679212,241.46011,15.2947035,243.43501
1288,2025-08-22 16:00:00+05:30,10.248941,239.38147,14.602204,239.64195
1289,2025-08-22 17:00:00+05:30,6.59154,214.9921,12.351987,223.22856
1290,2025-08-22 18:00:00+05:30,4.724786,197.74477,10.548061,216.67444
1291,2025-08-22 19:00:00+05:30,6.7397914,214.11452,13.493999,226.08084
1292,2025-08-22 20:00:00+05:30,5.2478566,210.96368,11.975074,222.56331
1293,2025-08-22 21:00:00+05:30,9.2660675,209.0545,17.682194,218.38657
1294,2025-08-22 22:00:00+05:30,7.889259,207.1496,15.027575,223.05852
1295,2025-08-22 23:00:00+05:30,8.320986,218.85338,16.176983,227.2546
1296,2025-08-23 00:00:00+05:30,7.327127,242.176,14.581111,241.22029
1297,2025-08-23 01:00:00+05:30,7.9077177,228.69148,15.3771,231.65439
1298,2025-08-23 02:00:00+05:30,7.928177,219.47243,15.910412,224.5417
1299,2025-08-23 03:00:00+05:30,8.461915,231.91118,16.928614,234.958
1300,2025-08-23 04:00:00+05:30,13.104198,232.81522,22.431496,234.14154
1301,2025-08-23 05:00:00+05:30,10.534229,253.11313,18.351173,248.72032
1302,2025-08-23 06:00:00+05:30,9.97986,219.14398,18.589739,223.4307
1303,2025-08-23 07:00:00+05:30,11.988594,221.34767,20.746902,224.64853
1304,2025-08-23 08:00:00+05:30,14.84318,230.90614,24.51769,232.45699
1305,2025-08-23 09:00:00+05:30,14.174356,229.63554,22.218153,229.60017
1306,2025-08-23 10:00:00+05:30,14.957339,230.37103,21.392754,231.49074
1307,2025-08-23 11:00:00+05:30,15.804164,232.86899,21.637466,233.79732
1308,2025-08-23 12:00:00+05:30,14.410121,228.54486,20.421871,229.28925
1309,2025-08-23 13:00:00+05:30,12.678185,218.65984,21.019962,222.57068
1310,2025-08-23 14:00:00+05:30,13.036026,215.4458,19.152035,216.97768
1311,2025-08-23 15:00:00+05:30,14.904173,217.14677,24.597511,218.4634
1312,2025-08-23 16:00:00+05:30,16.208998,209.98155,25.664364,212.68692
1313,2025-08-23 17:00:00+05:30,17.012617,209.81998,28.162954,212.47118
1314,2025-08-23 18:00:00+05:30,20.75627,223.24304,34.134567,222.86308
1315,2025-08-23 19:00:00+05:30,17.95765,222.96909,30.551254,224.04526
1316,2025-08-23 20:00:00+05:30,18.212051,222.99747,30.80157,224.9999
1317,2025-08-23 21:00:00+05:30,17.035456,218.56529,29.971485,221.34767
1318,2025-08-23 22:00:00+05:30,16.053335,210.3026,27.859905,212.86867
1319,2025-08-23 23:00:00+05:30,15.631007,215.15425,27.396093,216.7194
1320,2025-08-24 00:00:00+05:30,15.825675,213.87085,27.07669,215.80344
1321,2025-08-24 01:00:00+05:30,15.338071,215.92859,26.181803,220.25941
1322,2025-08-24 02:00:00+05:30,15.401311,224.52655,25.730556,227.26797
1323,2025-08-24 03:00:00+05:30,14.941083,216.17972,26.285547,218.04709
1324,2025-08-24 04:00:00+05:30,14.174356,229.63554,25.537172,229.574
1325,2025-08-24 05:00:00+05:30,14.021525,228.12221,25.264202,229.04459
1326,2025-08-24 06:00:00+05:30,13.443481,206.22191,23.847115,208.88649
1327,2025-08-24 07:00:00+05:30,13.451914,204.50739,23.348019,207.55272
1328,2025-08-24 08:00:00+05:30,14.33234,205.27768,23.750452,207.53598
1329,2025-08-24 09:00:00+05:30,14.915039,197.56036,23.913593,199.79897
1330,2025-08-24 10:00:00+05:30,18.222721,203.27292,26.7565,203.80595
1331,2025-08-24 11:00:00+05:30,14.897651,191.85298,20.696085,193.06932
1332,2025-08-24 12:00:00+05:30,15.328561,189.46225,21.897945,189.46225
1333,2025-08-24 13:00:00+05:30,18.620214,196.85847,24.988901,198.0435
1334,2025-08-24 14:00:00+05:30,17.82727,196.42226,23.226278,197.59251
1335,2025-08-24 15:00:00+05:30,17.280935,202.0231,23.164816,202.38019
1336,2025-08-24 16:00:00+05:30,15.316933,199.92567,21.426807,201.17581
1337,2025-08-24 17:00:00+05:30,13.767352,191.30989,22.090187,194.1495
1338,2025-08-24 18:00:00+05:30,5.950899,176.53185,12.549757,188.24623
1339,2025-08-24 19:00:00+05:30,5.950899,176.53185,13.523978,189.96375
1340,2025-08-24 20:00:00+05:30,5.5799994,180.0,13.5515,196.9909
1341,2025-08-24 21:00:00+05:30,6.778141,190.71307,15.315873,203.55228
1342,2025-08-24 22:00:00+05:30,4.896529,197.10281,13.089354,211.50421
1343,2025-08-24 23:00:00+05:30,4.3349743,184.76355,11.753877,207.3498
1344,2025-08-25 00:00:00+05:30,4.198285,210.96368,11.525623,218.65984
1345,2025-08-25 01:00:00+05:30,1.1525624,218.65984,7.127636,224.9999
1346,2025-08-25 02:00:00+05:30,1.8532133,150.9455,6.0347,197.35411
1347,2025-08-25 03:00:00+05:30,0.9178235,191.30989,5.2323985,220.81499
1348,2025-08-25 04:00:00+05:30,4.445672,68.62931,4.952453,70.90642
1349,2025-08-25 05:00:00+05:30,3.8773184,68.19853,7.1321807,79.824554
1350,2025-08-25 06:00:00+05:30,6.601363,25.866312,9.028754,23.498587
1351,2025-08-25 07:00:00+05:30,7.10031,59.53454,9.5416975,54.21094
1352,2025-08-25 08:00:00+05:30,7.841888,80.75397,10.062305,79.69521
1353,2025-08-25 09:00:00+05:30,7.2202215,85.71093,8.656858,86.423744
1354,2025-08-25 10:00:00+05:30,8.649369,102.01146,10.449306,100.92277
1355,2025-08-25 11:00:00+05:30,10.957847,104.26455,13.491597,103.109215
1356,2025-08-25 12:00:00+05:30,8.854829,116.56499,11.435313,118.1785
1357,2025-08-25 13:00:00+05:30,9.614426,128.15727,12.284918,129.05313
1358,2025-08-25 14:00:00+05:30,12.283599,145.14548,15.676542,145.76248
1359,2025-08-25 15:00:00+05:30,12.351988,161.30092,16.336426,161.36533
1360,2025-08-25 16:00:00+05:30,12.47726,153.43501,16.986889,154.24957
1361,2025-08-25 17:00:00+05:30,11.631956,158.19853,18.855375,159.31584
1362,2025-08-25 18:00:00+05:30,5.720489,102.72436,12.399113,117.68098
1363,2025-08-25 19:00:00+05:30,5.8409934,123.690094,13.259049,131.69804
1364,2025-08-25 20:00:00+05:30,5.315336,118.30067,13.830749,128.65984
1365,2025-08-25 21:00:00+05:30,5.0528407,94.08554,12.647482,114.376465
1366,2025-08-25 22:00:00+05:30,6.8989563,74.875946,14.275713,95.06353
1367,2025-08-25 23:00:00+05:30,7.0223074,88.531235,15.122143,98.901634
1368,2025-08-26 00:00:00+05:30,4.6938252,85.60138,12.093535,104.65679
1369,2025-08-26 01:00:00+05:30,5.7204895,65.85446,12.601285,90.818436
1370,2025-08-26 02:00:00+05:30,7.6579366,66.44773,15.24909,82.53953
1371,2025-08-26 03:00:00+05:30,7.9077177,78.178535,16.203999,88.727
1372,2025-08-26 04:00:00+05:30,7.0568266,84.14409,15.3264475,93.366394
1373,2025-08-26 05:00:00+05:30,6.162207,96.70974,14.230248,108.43504
1374,2025-08-26 06:00:00+05:30,8.643749,58.627052,18.202265,87.165955
1375,2025-08-26 07:00:00+05:30,9.391102,77.82856,12.882267,82.77578
1376,2025-08-26 08:00:00+05:30,11.966953,96.91113,15.24909,97.46047
1377,2025-08-26 09:00:00+05:30,12.673074,101.4695,15.815435,101.821465
1378,2025-08-26 10:00:00+05:30,14.30632,111.39988,18.417263,111.801476
1379,2025-08-26 11:00:00+05:30,14.356058,120.10122,18.800308,120.49328
1380,2025-08-26 12:00:00+05:30,14.186923,125.70678,18.329973,125.40695
1381,2025-08-26 13:00:00+05:30,15.146761,135.4814,19.85556,135.0001
1382,2025-08-26 14:00:00+05:30,16.204998,139.05365,21.420755,138.40654
1383,2025-08-26 15:00:00+05:30,17.441433,136.25438,23.809721,136.53156
1384,2025-08-26 16:00:00+05:30,16.299694,136.78989,23.046328,136.5823
1385,2025-08-26 17:00:00+05:30,11.931705,146.07016,19.627428,144.70657
1386,2025-08-26 18:00:00+05:30,6.3690495,137.29063,14.784126,132.03899
1387,2025-08-26 19:00:00+05:30,6.7397914,124.11452,15.176678,123.87858
1388,2025-08-26 20:00:00+05:30,7.6473517,116.56499,16.666288,117.67199
1389,2025-08-26 21:00:00+05:30,6.66,90.0,14.897651,101.85298
1390,2025-08-26 22:00:00+05:30,8.2584505,73.53991,16.966848,85.741234
1391,2025-08-26 23:00:00+05:30,9.178235,64.440094,18.030573,75.54753
1392,2025-08-27 00:00:00+05:30,9.636307,57.200474,18.519018,64.68035
1393,2025-08-27 01:00:00+05:30,9.726664,51.009003,18.431332,58.1726
1394,2025-08-27 02:00:00+05:30,10.583326,48.44749,19.320465,56.013794
1395,2025-08-27 03:00:00+05:30,10.152064,52.92685,18.800308,59.506725
1396,2025-08-27 04:00:00+05:30,11.448055,53.31019,20.497883,59.381474
1397,2025-08-27 05:00:00+05:30,12.10157,59.620956,21.498512,64.72231
1398,2025-08-27 06:00:00+05:30,16.029099,65.44956,24.066206,68.03938
1399,2025-08-27 07:00:00+05:30,16.396805,72.75845,23.516708,73.090645
1400,2025-08-27 08:00:00+05:30,15.865546,86.74812,20.719555,87.5105
1401,2025-08-27 09:00:00+05:30,15.385525,96.044,19.937794,96.73997
1402,2025-08-27 10:00:00+05:30,18.123774,105.554634,23.192074,105.762215
1403,2025-08-27 11:00:00+05:30,18.532135,119.05451,25.858051,118.70586
1404,2025-08-27 12:00:00+05:30,18.710478,134.61028,24.056108,134.69687
1405,2025-08-27 13:00:00+05:30,21.3412,140.13261,28.647722,140.6093
1406,2025-08-27 14:00:00+05:30,23.98867,153.24275,32.52227,153.00958
1407,2025-08-27 15:00:00+05:30,20.476532,165.23076,29.94986,165.37909
1408,2025-08-27 16:00:00+05:30,19.386591,164.93146,28.117476,165.16304
1409,2025-08-27 17:00:00+05:30,17.40424,169.2712,27.37243,170.53775
1410,2025-08-27 18:00:00+05:30,15.086748,162.64589,25.800976,165.86678
1411,2025-08-27 19:00:00+05:30,14.607751,176.46777,25.216064,177.95464
1412,2025-08-27 20:00:00+05:30,11.375658,175.46231,21.432096,178.07486
1413,2025-08-27 21:00:00+05:30,10.8955765,172.40544,20.83184,173.55057
1414,2025-08-27 22:00:00+05:30,10.783487,165.4998,20.545246,168.887
1415,2025-08-27 23:00:00+05:30,12.241323,160.23274,22.37871,163.16824
1416,2025-08-28 00:00:00+05:30,11.935778,156.91484,21.594748,158.9967
1417,2025-08-28 01:00:00+05:30,12.409561,156.0375,22.256763,161.12535
1418,2025-08-28 02:00:00+05:30,14.386494,148.29861,24.149532,153.43501
1419,2025-08-28 03:00:00+05:30,12.688404,148.3393,22.7057,154.65387
1420,2025-08-28 04:00:00+05:30,12.835653,165.37909,22.350464,172.13101
1421,2025-08-28 05:00:00+05:30,13.499999,163.73972,23.376448,173.36758
1422,2025-08-28 06:00:00+05:30,10.272623,168.887,19.263363,181.0708
1423,2025-08-28 07:00:00+05:30,13.861168,179.25595,19.263363,181.0708
1424,2025-08-28 08:00:00+05:30,13.170786,176.08183,18.374111,177.7543
1425,2025-08-28 09:00:00+05:30,16.50709,152.03786,21.493237,153.6496
1426,2025-08-28 10:00:00+05:30,18.921415,168.47632,24.957764,168.77115
1427,2025-08-28 11:00:00+05:30,21.219397,169.73868,28.142813,170.05577
1428,2025-08-28 12:00:00+05:30,23.910208,170.46684,32.64011,170.79749
1429,2025-08-28 13:00:00+05:30,24.162945,176.58348,32.98914,176.87225
1430,2025-08-28 14:00:00+05:30,22.158285,177.67224,29.539747,177.9048
1431,2025-08-28 15:00:00+05:30,22.840149,173.21112,31.864065,173.83862
1432,2025-08-28 16:00:00+05:30,23.433899,183.08212,34.651752,184.17035
1433,2025-08-28 17:00:00+05:30,18.183563,178.8656,28.98,180.0
1434,2025-08-28 18:00:00+05:30,16.029097,167.68057,26.839926,170.34824
1435,2025-08-28 19:00:00+05:30,12.011544,160.75038,21.915693,165.73546
1436,2025-08-28 20:00:00+05:30,13.070776,157.3194,23.34455,162.96214
1437,2025-08-28 21:00:00+05:30,14.068816,163.65175,24.678385,167.78851
1438,2025-08-28 22:00:00+05:30,13.722565,175.4861,24.126041,178.7175
1439,2025-08-28 23:00:00+05:30,11.276968,171.74065,20.79448,174.53625
1440,2025-08-29 00:00:00+05:30,12.108261,191.14285,21.34803,194.15344
1441,2025-08-29 01:00:00+05:30,8.641874,178.80653,17.698677,184.66678
1442,2025-08-29 02:00:00+05:30,9.422101,173.41815,18.57143,183.33379
1443,2025-08-29 03:00:00+05:30,8.4042845,170.13426,17.283749,181.19347
1444,2025-08-29 04:00:00+05:30,7.9383874,176.09958,16.87878,187.35228
1445,2025-08-29 05:00:00+05:30,10.6261,169.26115,18.900856,179.45436
1446,2025-08-29 06:00:00+05:30,13.159711,176.86371,20.347166,181.52074
1447,2025-08-29 07:00:00+05:30,10.813492,182.86235,15.009236,185.50539
1448,2025-08-29 08:00:00+05:30,13.350371,176.13461,17.303421,177.0186
1449,2025-08-29 09:00:00+05:30,13.040997,200.18588,17.886242,200.62361
1450,2025-08-29 10:00:00+05:30,15.546833,174.68555,20.79448,174.53625
1451,2025-08-29 11:00:00+05:30,16.344355,168.56636,21.286474,168.78513
1452,2025-08-29 12:00:00+05:30,17.294992,177.6141,22.686426,178.63611
1453,2025-08-29 13:00:00+05:30,17.100946,179.39693,23.220695,179.55586
1454,2025-08-29 14:00:00+05:30,19.313757,184.27576,26.383972,185.08817
1455,2025-08-29 15:00:00+05:30,19.987295,178.45187,27.90058,179.63036
1456,2025-08-29 16:00:00+05:30,18.532133,172.1848,26.657629,173.01904
1457,2025-08-29 17:00:00+05:30,15.531195,175.34674,24.69217,177.07509
1458,2025-08-29 18:00:00+05:30,13.466357,171.54506,23.734076,173.46796
1459,2025-08-29 19:00:00+05:30,11.543881,169.21574,21.122215,175.60138
1460,2025-08-29 20:00:00+05:30,11.897714,169.54015,22.282953,173.50658
1461,2025-08-29 21:00:00+05:30,11.16145,179.07597,21.626984,182.86235
1462,2025-08-29 22:00:00+05:30,8.297589,176.26868,18.008097,181.71832
1463,2025-08-29 23:00:00+05:30,8.083983,168.4399,17.28,180.0
1464,2025-08-30 00:00:00+05:30,8.553314,188.47105,17.777222,195.86577
1465,2025-08-30 01:00:00+05:30,8.849339,184.66678,18.030573,194.45247
1466,2025-08-30 02:00:00+05:30,7.9383874,176.09958,16.141893,187.04567
1467,2025-08-30 03:00:00+05:30,4.353619,172.87508,11.837651,188.74608
1468,2025-08-30 04:00:00+05:30,5.369916,140.44037,11.543881,169.21574
1469,2025-08-30 05:00:00+05:30,6.4924874,136.12321,11.500296,162.69939
1470,2025-08-30 06:00:00+05:30,7.9526596,174.80566,14.830076,185.5721
1471,2025-08-30 07:00:00+05:30,8.827344,177.66275,11.879999,180.0
1472,2025-08-30 08:00:00+05:30,7.2044983,167.00539,9.080639,166.2392
1473,2025-08-30 09:00:00+05:30,9.172938,164.05453,11.003581,164.82703
1474,2025-08-30 10:00:00+05:30,8.936778,152.4028,12.074766,153.43501
1475,2025-08-30 11:00:00+05:30,11.525623,165.52966,14.408997,167.00539
1476,2025-08-30 12:00:00+05:30,13.504799,178.4725,18.903427,178.90881
1477,2025-08-30 13:00:00+05:30,13.644427,171.65619,18.023384,171.38443
1478,2025-08-30 14:00:00+05:30,14.428097,176.42374,19.30117,176.25708
1479,2025-08-30 15:00:00+05:30,15.137133,182.72626,20.188908,183.06642
1480,2025-08-30 16:00:00+05:30,12.461669,169.17703,17.34083,170.43997
1481,2025-08-30 17:00:00+05:30,9.266067,155.9245,15.91041,158.07817
1482,2025-08-30 18:00:00+05:30,7.193247,148.29861,14.7742605,157.80966
1483,2025-08-30 19:00:00+05:30,8.209263,142.12495,16.74387,153.15958
1484,2025-08-30 20:00:00+05:30,9.044888,148.84076,18.675814,153.68198
1485,2025-08-30 21:00:00+05:30,7.674842,140.7106,16.74387,153.15958
1486,2025-08-30 22:00:00+05:30,6.854195,119.93143,15.072783,139.84407
1487,2025-08-30 23:00:00+05:30,4.91634,113.749504,12.514855,139.66693
1488,2025-08-31 00:00:00+05:30,4.278551,112.24908,10.799999,143.13002
1489,2025-08-31 01:00:00+05:30,3.319036,102.5288,8.139901,144.90411
1490,2025-08-31 02:00:00+05:30,3.1072817,100.00792,7.8149853,141.54626
1491,2025-08-31 03:00:00+05:30,4.2671766,117.64589,9.418661,153.9247
1492,2025-08-31 04:00:00+05:30,3.8141315,70.70986,6.603817,107.44727
1493,2025-08-31 05:00:00+05:30,5.1197267,79.87539,9.215226,102.40741
1494,2025-08-31 06:00:00+05:30,4.942631,56.88865,7.2044983,102.99462
1495,2025-08-31 07:00:00+05:30,4.6938252,94.39862,6.1120534,103.627014
1496,2025-08-31 08:00:00+05:30,7.9465466,103.0919,9.867218,104.79681
1497,2025-08-31 09:00:00+05:30,7.186487,112.067955,8.863972,113.962494
1498,2025-08-31 10:00:00+05:30,9.179999,118.072395,11.276968,118.61037
1499,2025-08-31 11:00:00+05:30,10.8015,113.57472,13.543131,113.49858
1500,2025-08-31 12:00:00+05:30,11.032987,123.6901,13.479583,124.11452
1501,2025-08-31 13:00:00+05:30,8.019601,135.90929,10.44,133.60289
1502,2025-08-31 14:00:00+05:30,9.473541,141.17017,12.145665,140.4119
1503,2025-08-31 15:00:00+05:30,11.844492,163.21727,15.602999,163.23737
1504,2025-08-31 16:00:00+05:30,12.016938,163.46509,16.466803,164.14056
1505,2025-08-31 17:00:00+05:30,8.581677,170.34018,14.535487,172.17102
1506,2025-08-31 18:00:00+05:30,8.43699,168.92984,17.235882,172.80086
1507,2025-08-31 19:00:00+05:30,8.350138,172.56868,17.852697,176.53185
1508,2025-08-31 20:00:00+05:30,6.28713,156.3706,15.455911,165.1545
1509,2025-08-31 21:00:00+05:30,4.278551,165.37909,11.837651,171.25392
1510,2025-08-31 22:00:00+05:30,3.0758414,200.55612,9.391102,192.17145
1511,2025-08-31 23:00:00+05:30,3.8141315,199.29015,9.96524,196.79845
1512,2025-09-01 00:00:00+05:30,3.710795,219.09384,9.668195,208.9509
1513,2025-09-01 01:00:00+05:30,2.1749482,245.55606,7.1321807,222.95459
1514,2025-09-01 02:00:00+05:30,0.6489992,326.3099,3.7842832,244.65387
1515,2025-09-01 03:00:00+05:30,1.835647,348.6901,3.143565,293.6294
1516,2025-09-01 04:00:00+05:30,4.0449963,20.854538,5.720489,12.7243595
1517,2025-09-01 05:00:00+05:30,8.085988,16.82149,14.145756,14.743609
1518,2025-09-01 06:00:00+05:30,4.0249224,26.564985,6.5520988,20.924576
1519,2025-09-01 07:00:00+05:30,5.8298883,8.8805895,7.8728137,10.539137
1520,2025-09-01 08:00:00+05:30,7.4932766,24.102238,9.668195,24.179106
1521,2025-09-01 09:00:00+05:30,9.167638,43.408916,11.837651,44.384018
1522,2025-09-01 10:00:00+05:30,8.604301,37.34943,10.766949,38.21107
1523,2025-09-01 11:00:00+05:30,8.067936,38.65983,10.373061,38.65983
1524,2025-09-01 12:00:00+05:30,4.942631,56.88865,6.391901,57.652576
1525,2025-09-01 13:00:00+05:30,4.5322843,6.842679,5.6521144,9.16228
1526,2025-09-01 14:00:00+05:30,5.4744864,43.667847,7.145796,40.9143
1527,2025-09-01 15:00:00+05:30,4.6938252,94.39862,5.950899,93.46816
1528,2025-09-01 16:00:00+05:30,4.978554,130.60121,6.156947,127.875046
1529,2025-09-01 17:00:00+05:30,5.6262593,187.35228,9.746631,184.23631
1530,2025-09-01 18:00:00+05:30,5.1575575,209.24873,11.177405,194.93147
1531,2025-09-01 19:00:00+05:30,4.8433046,228.01286,13.789691,215.97247
1532,2025-09-01 20:00:00+05:30,5.2694216,262.1468,12.886039,245.22488
1533,2025-09-01 21:00:00+05:30,4.4565907,226.63654,12.483748,227.33734
1534,2025-09-01 22:00:00+05:30,5.22,226.39711,12.870944,227.83418
1535,2025-09-01 23:00:00+05:30,1.5273507,44.999897,2.2768397,251.56496
1536,2025-09-02 00:00:00+05:30,4.1085763,298.8107,8.613709,280.84027
1537,2025-09-02 01:00:00+05:30,7.247096,14.381432,12.964998,358.40887
1538,2025-09-02 02:00:00+05:30,6.114703,47.385983,10.070353,24.27444
1539,2025-09-02 03:00:00+05:30,4.3349743,311.63345,9.313152,311.08167
1540,2025-09-02 04:00:00+05:30,4.7110505,313.4519,8.891343,301.75943
1541,2025-09-02 05:00:00+05:30,4.8965297,233.97253,7.24486,243.43501
1542,2025-09-02 06:00:00+05:30,6.0721655,101.97612,12.810386,107.162
1543,2025-09-02 07:00:00+05:30,8.790563,100.619606,13.842457,102.77125
1544,2025-09-02 08:00:00+05:30,11.213581,108.72588,15.316933,109.925674
1545,2025-09-02 09:00:00+05:30,12.810386,109.70808,16.62444,109.61218
1546,2025-09-02 10:00:00+05:30,20.01969,123.261444,26.3594,123.58158
1547,2025-09-02 11:00:00+05:30,19.987295,128.41809,28.255413,129.57187
1548,2025-09-02 12:00:00+05:30,19.098671,136.52747,24.827606,136.46873
1549,2025-09-02 13:00:00+05:30,20.378988,137.1476,26.504654,137.75255
1550,2025-09-02 14:00:00+05:30,21.019962,137.42932,28.672028,137.79897
1551,2025-09-02 15:00:00+05:30,19.731974,136.10873,27.502916,136.5911
1552,2025-09-02 16:00:00+05:30,19.406637,130.48593,27.725258,129.99602
1553,2025-09-02 17:00:00+05:30,15.072783,130.15593,24.66,129.96616
1554,2025-09-02 18:00:00+05:30,13.6242285,105.32157,23.8104,106.24296
1555,2025-09-02 19:00:00+05:30,11.555102,108.1528,21.175835,107.818985
1556,2025-09-02 20:00:00+05:30,11.609651,97.12492,21.365477,99.700325
1557,2025-09-02 21:00:00+05:30,11.159999,90.0,21.109173,93.91149
1558,2025-09-02 22:00:00+05:30,9.997699,113.33407,19.15288,111.501495
1559,2025-09-02 23:00:00+05:30,8.643749,121.372955,17.032604,125.537766
1560,2025-09-03 00:00:00+05:30,10.538843,97.853226,19.586117,107.10281
1561,2025-09-03 01:00:00+05:30,9.600937,83.54128,17.878086,94.61984
1562,2025-09-03 02:00:00+05:30,12.6462,85.101,22.320724,90.46204
1563,2025-09-03 03:00:00+05:30,13.5515,73.009094,23.157824,78.340744
1564,2025-09-03 04:00:00+05:30,12.921192,71.31256,22.450264,74.18075
1565,2025-09-03 05:00:00+05:30,18.030573,75.54753,29.90005,78.89304
1566,2025-09-03 06:00:00+05:30,18.286617,69.24585,29.714724,70.90642
1567,2025-09-03 07:00:00+05:30,20.212965,81.29272,31.08168,82.010765
1568,2025-09-03 08:00:00+05:30,19.60348,76.72935,30.21052,76.21213
1569,2025-09-03 09:00:00+05:30,21.152872,84.6291,28.58545,84.217705
1570,2025-09-03 10:00:00+05:30,23.304266,94.87381,33.636406,95.52745
1571,2025-09-03 11:00:00+05:30,31.76375,107.818985,43.089233,108.51073
1572,2025-09-03 12:00:00+05:30,28.373846,125.70678,39.781628,126.351494
1573,2025-09-03 13:00:00+05:30,24.693481,134.40942,36.656414,135.0001
1574,2025-09-03 14:00:00+05:30,27.776047,137.62646,39.523014,138.32321
1575,2025-09-03 15:00:00+05:30,24.014996,139.86458,35.031162,140.42064
1576,2025-09-03 16:00:00+05:30,21.758419,141.04408,34.38424,142.23018
1577,2025-09-03 17:00:00+05:30,20.592503,143.53067,32.810402,144.82764
1578,2025-09-03 18:00:00+05:30,19.513195,142.49579,32.500843,146.74997
1579,2025-09-03 19:00:00+05:30,17.441433,133.74562,29.6383,139.92717
1580,2025-09-03 20:00:00+05:30,16.740969,143.74608,29.612597,147.66238
1581,2025-09-03 21:00:00+05:30,12.815443,150.55467,23.999475,155.16486
1582,2025-09-03 22:00:00+05:30,8.6193495,151.29414,18.351173,158.72032
1583,2025-09-03 23:00:00+05:30,6.452441,149.8587,15.256526,160.70985
1584,2025-09-04 00:00:00+05:30,7.0107627,131.87779,14.848635,149.39368
1585,2025-09-04 01:00:00+05:30,6.4096174,141.84273,15.210799,159.20581
1586,2025-09-04 02:00:00+05:30,3.4576871,128.65984,10.3621235,162.824
1587,2025-09-04 03:00:00+05:30,3.0758414,110.55613,8.775807,154.48618
1588,2025-09-04 04:00:00+05:30,8.217153,118.8107,14.761098,142.43134
1589,2025-09-04 05:00:00+05:30,8.431228,106.11349,15.405519,120.15998
1590,2025-09-04 06:00:00+05:30,7.9932976,97.76508,14.734735,115.31284
1591,2025-09-04 07:00:00+05:30,12.320471,115.06744,17.709658,116.56499
1592,2025-09-04 08:00:00+05:30,10.993271,129.68541,15.426535,131.68896
1593,2025-09-04 09:00:00+05:30,12.387348,125.537766,16.383955,125.61094
1594,2025-09-04 10:00:00+05:30,14.76439,135.0001,18.710478,135.38972
1595,2025-09-04 11:00:00+05:30,16.344357,126.49139,21.531641,125.81618
1596,2025-09-04 12:00:00+05:30,19.719656,146.16484,27.757378,146.10379
1597,2025-09-04 13:00:00+05:30,15.861463,152.27184,20.850496,152.77141
1598,2025-09-04 14:00:00+05:30,16.584438,154.26935,22.543158,154.45802
1599,2025-09-04 15:00:00+05:30,17.71423,152.13309,23.675304,151.87636
1600,2025-09-04 16:00:00+05:30,16.50218,153.43501,22.942055,153.43501
1601,2025-09-04 17:00:00+05:30,12.16832,150.78085,19.963776,153.204
1602,2025-09-04 18:00:00+05:30,8.6193495,151.29414,17.068707,152.35411
1603,2025-09-04 19:00:00+05:30,10.83893,144.46223,20.590143,148.95041
1604,2025-09-04 20:00:00+05:30,8.856658,142.43134,18.42166,146.15463
1605,2025-09-04 21:00:00+05:30,6.156947,142.12495,15.342294,148.92102
1606,2025-09-04 22:00:00+05:30,4.6277857,166.50426,13.276144,167.4712
1607,2025-09-04 23:00:00+05:30,4.0249224,169.6952,11.542478,176.42374
1608,2025-09-05 00:00:00+05:30,3.3092594,135.0001,9.499157,170.18077
1609,2025-09-05 01:00:00+05:30,4.186693,115.46331,10.234705,145.75092
1610,2025-09-05 02:00:00+05:30,3.06,118.072395,7.0038276,154.09355
1611,2025-09-05 03:00:00+05:30,4.613762,110.55612,8.14587,135.0001
1612,2025-09-05 04:00:00+05:30,6.3639607,81.86999,10.215693,104.28113
1613,2025-09-05 05:00:00+05:30,6.384293,130.426,13.246826,137.20262
1614,2025-09-05 06:00:00+05:30,10.464797,130.81499,15.275627,134.04526
1615,2025-09-05 07:00:00+05:30,11.594292,152.24155,15.697197,153.43501
1616,2025-09-05 08:00:00+05:30,14.474059,169.24908,19.384087,169.83798
1617,2025-09-05 09:00:00+05:30,13.883356,166.50426,18.119305,166.79207
1618,2025-09-05 10:00:00+05:30,16.59225,164.90837,21.786694,165.16002
1619,2025-09-05 11:00:00+05:30,16.595179,167.4712,21.964422,167.21655
1620,2025-09-05 12:00:00+05:30,16.499237,173.10767,21.746504,173.34567
1621,2025-09-05 13:00:00+05:30,16.65754,173.79665,21.72638,173.81717
1622,2025-09-05 14:00:00+05:30,16.575644,177.5105,22.158285,177.67224
1623,2025-09-05 15:00:00+05:30,15.146761,176.59363,20.532627,177.9905
1624,2025-09-05 16:00:00+05:30,15.427586,172.62633,22.104116,173.45381
1625,2025-09-05 17:00:00+05:30,11.659777,171.11942,19.245697,172.47627
1626,2025-09-05 18:00:00+05:30,6.9899354,168.11136,15.890034,175.45204
1627,2025-09-05 19:00:00+05:30,8.996398,160.11475,18.762356,171.17033
1628,2025-09-05 20:00:00+05:30,8.482947,162.71841,18.289274,169.79608
1629,2025-09-05 21:00:00+05:30,8.019601,170.9606,18.212051,176.60036
1630,2025-09-05 22:00:00+05:30,7.3997297,175.81517,17.283749,181.19347
1631,2025-09-05 23:00:00+05:30,6.130579,183.3664,15.655862,188.59583
1632,2025-09-06 00:00:00+05:30,5.4744864,189.46225,14.450537,193.69006
1633,2025-09-06 01:00:00+05:30,4.6730714,195.6423,12.979984,199.44012
1634,2025-09-06 02:00:00+05:30,4.5,180.0,12.182955,192.80426
1635,2025-09-06 03:00:00+05:30,4.7110505,173.41815,12.429127,190.00792
1636,2025-09-06 04:00:00+05:30,5.9644947,185.19434,14.637663,196.42938
1637,2025-09-06 05:00:00+05:30,3.84796,169.21574,10.742848,188.6731
1638,2025-09-06 06:00:00+05:30,6.444905,215.90982,14.128566,214.09503
1639,2025-09-06 07:00:00+05:30,6.320538,199.9832,8.723967,201.80147
1640,2025-09-06 08:00:00+05:30,7.0774574,187.30566,9.0645685,186.84268
1641,2025-09-06 09:00:00+05:30,6.725354,164.47583,8.383054,165.06853
1642,2025-09-06 10:00:00+05:30,11.734564,159.341,14.578888,159.77505
1643,2025-09-06 11:00:00+05:30,14.761098,164.43843,19.087639,164.12875
1644,2025-09-06 12:00:00+05:30,14.6254835,166.47682,19.078302,166.35707
1645,2025-09-06 13:00:00+05:30,13.577776,165.41104,17.462782,165.67725
1646,2025-09-06 14:00:00+05:30,13.671707,170.9098,17.873556,170.72748
1647,2025-09-06 15:00:00+05:30,14.669724,173.6599,19.738539,173.7176
1648,2025-09-06 16:00:00+05:30,13.576582,173.91156,19.003431,174.0195
1649,2025-09-06 17:00:00+05:30,10.51576,173.11838,17.552536,174.1141
1650,2025-09-06 18:00:00+05:30,9.6480665,171.41646,18.98552,174.55975
1651,2025-09-06 19:00:00+05:30,7.3799996,167.31963,16.85669,173.25452
1652,2025-09-06 20:00:00+05:30,7.731622,167.90526,17.176563,174.58823
1653,2025-09-06 21:00:00+05:30,7.922045,178.69807,17.648262,181.75337
1654,2025-09-06 22:00:00+05:30,6.12,180.0,15.24909,187.46048
1655,2025-09-06 23:00:00+05:30,6.9899354,191.88864,15.881875,197.81898
1656,2025-09-07 00:00:00+05:30,5.95906,205.01686,15.056652,207.79034
1657,2025-09-07 01:00:00+05:30,6.361415,205.1148,15.315873,209.57774
1658,2025-09-07 02:00:00+05:30,4.724786,197.74477,13.060857,209.74478
1659,2025-09-07 03:00:00+05:30,4.2366967,192.26476,11.207801,209.85892
1660,2025-09-07 04:00:00+05:30,4.613762,200.55612,11.090103,215.75398
1661,2025-09-07 05:00:00+05:30,4.952453,199.09358,11.638917,211.72356
1662,2025-09-07 06:00:00+05:30,5.8603754,190.6196,11.843124,204.22774
1663,2025-09-07 07:00:00+05:30,6.037383,190.3048,8.338489,193.73628
1664,2025-09-07 08:00:00+05:30,7.289444,200.22495,9.3962755,200.17073
1665,2025-09-07 09:00:00+05:30,7.42159,194.03627,9.299225,194.57425
1666,2025-09-07 10:00:00+05:30,7.388775,182.79265,9.36173,181.10168
1667,2025-09-07 11:00:00+05:30,9.354806,191.09369,11.897714,190.45985
1668,2025-09-07 12:00:00+05:30,10.656547,195.67958,13.450708,195.52417
1669,2025-09-07 13:00:00+05:30,11.571914,195.33334,15.108211,195.1953
1670,2025-09-07 14:00:00+05:30,12.452566,184.14455,16.23596,183.814
1671,2025-09-07 15:00:00+05:30,13.849476,188.97255,18.790829,189.37202
1672,2025-09-07 16:00:00+05:30,12.241323,179.1575,17.1,180.0
1673,2025-09-07 17:00:00+05:30,9.0645685,173.15732,16.459915,174.35185
1674,2025-09-07 18:00:00+05:30,6.924738,171.02745,15.351793,175.29224
1675,2025-09-07 19:00:00+05:30,8.647496,182.3859,18.391735,183.3664
1676,2025-09-07 20:00:00+05:30,9.016185,183.43356,19.401628,186.92712
1677,2025-09-07 21:00:00+05:30,8.477216,183.65215,19.18246,185.92448
1678,2025-09-07 22:00:00+05:30,8.107996,182.54475,18.023384,188.61557
1679,2025-09-07 23:00:00+05:30,7.2022495,178.56793,16.85669,186.74548
1680,2025-09-08 00:00:00+05:30,5.426933,185.7105,14.685176,191.30989
1681,2025-09-08 01:00:00+05:30,5.6060677,185.52745,14.408997,192.99461
1682,2025-09-08 02:00:00+05:30,5.7628117,181.78987,14.650938,190.6196
1683,2025-09-08 03:00:00+05:30,5.3999996,180.0,13.910169,190.43742
1684,2025-09-08 04:00:00+05:30,4.503598,182.29056,12.284916,190.9806
1685,2025-09-08 05:00:00+05:30,3.2846913,189.46225,9.6480665,194.03627
1686,2025-09-08 06:00:00+05:30,4.4274144,206.56499,9.511088,209.4758
1687,2025-09-08 07:00:00+05:30,2.7943513,194.93147,4.445672,201.37068
1688,2025-09-08 08:00:00+05:30,6.1120534,166.37299,7.9077177,168.17854
1689,2025-09-08 09:00:00+05:30,6.9270773,155.43285,8.775807,154.48618
1690,2025-09-08 10:00:00+05:30,8.29173,152.87878,10.546525,152.56036
1691,2025-09-08 11:00:00+05:30,9.906544,155.29759,12.647482,155.62355
1692,2025-09-08 12:00:00+05:30,11.39842,164.4274,14.810401,163.76758
1693,2025-09-08 13:00:00+05:30,13.5515,163.0091,17.431213,163.81073
1694,2025-09-08 14:00:00+05:30,11.9317045,168.69011,15.5687,169.3397
1695,2025-09-08 15:00:00+05:30,12.708816,164.38895,16.986889,164.63832
1696,2025-09-08 16:00:00+05:30,12.961249,170.40694,18.051228,170.81953
1697,2025-09-08 17:00:00+05:30,10.1376915,173.8846,17.355772,174.64427
1698,2025-09-08 18:00:00+05:30,7.029225,166.67546,16.167967,168.4399
1699,2025-09-08 19:00:00+05:30,7.4346757,173.04713,17.035456,173.32562
1700,2025-09-08 20:00:00+05:30,7.040739,184.39862,17.11515,182.41098
1701,2025-09-08 21:00:00+05:30,4.8733153,184.23631,13.737904,185.2623
1702,2025-09-08 22:00:00+05:30,4.514377,184.57384,12.346741,187.53935
1703,2025-09-08 23:00:00+05:30,5.9644947,185.19434,14.474059,190.75092
1704,2025-09-09 00:00:00+05:30,6.7205353,187.69595,15.815435,191.82146
1705,2025-09-09 01:00:00+05:30,6.689125,203.80595,15.812363,202.77042
1706,2025-09-09 02:00:00+05:30,4.91634,203.7495,13.926464,206.89616
1707,2025-09-09 03:00:00+05:30,4.829907,206.56499,12.904882,210.1413
1708,2025-09-09 04:00:00+05:30,4.3349743,221.63345,11.843124,223.1524
1709,2025-09-09 05:00:00+05:30,1.8,216.86998,7.5105524,225.97093
1710,2025-09-09 06:00:00+05:30,3.8268526,221.18582,9.059205,229.02835
1711,2025-09-09 07:00:00+05:30,3.7064266,240.94548,5.09435,237.99466
1712,2025-09-09 08:00:00+05:30,5.09435,212.00534,6.452441,210.1413
1713,2025-09-09 09:00:00+05:30,5.7204895,204.14554,7.0199995,202.6199
1714,2025-09-09 10:00:00+05:30,6.5520988,195.94547,8.209263,195.25517
1715,2025-09-09 11:00:00+05:30,7.2022495,181.43207,9.181765,181.12328
1716,2025-09-09 12:00:00+05:30,9.9408245,174.80566,12.841963,174.36942
1717,2025-09-09 13:00:00+05:30,12.825552,184.83034,16.42839,184.39862
1718,2025-09-09 14:00:00+05:30,11.402683,191.84206,14.861722,191.1738
1719,2025-09-09 15:00:00+05:30,12.108261,185.11722,16.1017,185.77423
1720,2025-09-09 16:00:00+05:30,12.261158,183.3664,17.864489,184.0444
1721,2025-09-09 17:00:00+05:30,10.094454,183.06642,17.505404,184.12752
1722,2025-09-09 18:00:00+05:30,7.029225,177.06439,15.664136,181.31688
1723,2025-09-09 19:00:00+05:30,5.7599998,180.0,14.440443,184.28908
1724,2025-09-09 20:00:00+05:30,7.814986,187.94337,17.864489,192.2157
1725,2025-09-09 21:00:00+05:30,7.6367526,188.13002,17.161469,192.72435
1726,2025-09-09 22:00:00+05:30,8.827344,200.28264,19.087639,200.9988
1727,2025-09-09 23:00:00+05:30,8.854829,206.56499,19.179081,209.2112
1728,2025-09-10 00:00:00+05:30,7.968939,198.43504,18.03237,206.05344
1729,2025-09-10 01:00:00+05:30,7.0911775,203.9625,16.79314,210.96368
1730,2025-09-10 02:00:00+05:30,7.2403865,214.8754,16.732256,220.20009
1731,2025-09-10 03:00:00+05:30,6.7397914,214.11452,16.22498,220.04967
1732,2025-09-10 04:00:00+05:30,5.2323985,220.81499,14.529915,221.98714
1733,2025-09-10 05:00:00+05:30,5.1165614,219.28938,13.755579,222.87889
1734,2025-09-10 06:00:00+05:30,6.8777895,227.12111,14.650938,227.4896
1735,2025-09-10 07:00:00+05:30,7.841887,238.13406,11.282711,236.05637
1736,2025-09-10 08:00:00+05:30,7.9567327,232.35231,10.404249,232.73352
1737,2025-09-10 09:00:00+05:30,6.269067,219.17365,7.7900705,220.31403
1738,2025-09-10 10:00:00+05:30,5.072041,207.47435,6.3639607,208.7397
1739,2025-09-10 11:00:00+05:30,4.0449963,200.85454,5.12289,198.43504
1740,2025-09-10 12:00:00+05:30,5.223103,181.97488,6.302571,181.63654
1741,2025-09-10 13:00:00+05:30,11.402683,168.15794,14.297258,169.11452
1742,2025-09-10 14:00:00+05:30,12.0720825,177.43628,15.664136,178.68312
1743,2025-09-10 15:00:00+05:30,13.159711,176.86371,18.194254,177.7321
1744,2025-09-10 16:00:00+05:30,12.440851,183.31772,18.57143,183.33379
1745,2025-09-10 17:00:00+05:30,9.867218,194.79681,17.258425,196.3559
1746,2025-09-10 18:00:00+05:30,6.601363,168.9965,14.050382,177.79745
1747,2025-09-10 19:00:00+05:30,7.928178,182.60251,16.818203,185.52745
1748,2025-09-10 20:00:00+05:30,6.8541956,203.19861,15.94804,200.48044
1749,2025-09-10 21:00:00+05:30,5.1575575,209.24873,13.6063795,207.58194
1750,2025-09-10 22:00:00+05:30,5.5829024,178.15244,13.590894,191.45872
1751,2025-09-10 23:00:00+05:30,7.0568266,185.85593,16.029097,192.31943
1752,2025-09-11 00:00:00+05:30,6.6794305,194.03627,15.99571,199.04672
1753,2025-09-11 01:00:00+05:30,6.889557,199.8553,16.284779,203.44807
1754,2025-09-11 02:00:00+05:30,5.3699164,193.57045,14.347028,203.67055
1755,2025-09-11 03:00:00+05:30,4.514377,175.42616,12.241323,197.10281
1756,2025-09-11 04:00:00+05:30,3.6402748,171.46931,9.796366,200.4329
1757,2025-09-11 05:00:00+05:30,2.0991426,149.03632,6.889557,199.8553
1758,2025-09-11 06:00:00+05:30,2.4014995,282.99463,5.3305535,258.31067
1759,2025-09-11 07:00:00+05:30,2.4482648,306.02747,3.4763772,291.25058
1760,2025-09-11 08:00:00+05:30,0.56920993,108.43504,0.6489992,146.3099
1761,2025-09-11 09:00:00+05:30,5.904439,142.43134,7.0934615,144.29323
1762,2025-09-11 10:00:00+05:30,5.7964473,154.23073,7.0038276,154.09355
1763,2025-09-11 11:00:00+05:30,5.4833565,156.80138,6.5520988,159.07542
1764,2025-09-11 12:00:00+05:30,9.179999,118.072395,12.397806,115.820946
1765,2025-09-11 13:00:00+05:30,0.9,36.86999,1.4512063,82.875084
1766,2025-09-11 14:00:00+05:30,6.9270773,155.43285,8.61371,153.97047
1767,2025-09-11 15:00:00+05:30,8.32877,173.79665,10.658068,175.15608
1768,2025-09-11 16:00:00+05:30,8.155807,157.96371,11.503113,159.86362
1769,2025-09-11 17:00:00+05:30,7.256032,156.61476,14.897651,154.98314
1770,2025-09-11 18:00:00+05:30,0.56920993,108.43504,3.5455887,156.0375
1771,2025-09-11 19:00:00+05:30,4.755544,119.4758,10.718693,130.91429
1772,2025-09-11 20:00:00+05:30,4.542994,146.3099,12.801531,152.35411
1773,2025-09-11 21:00:00+05:30,3.7842832,177.27374,10.920824,171.46931
1774,2025-09-11 22:00:00+05:30,7.3094187,170.07382,15.463244,167.90526
1775,2025-09-11 23:00:00+05:30,8.2584505,159.59003,17.258425,163.6441
1776,2025-09-12 00:00:00+05:30,12.56008,205.4633,21.407139,199.65392
1777,2025-09-12 01:00:00+05:30,4.942631,213.11136,9.187056,214.62422
1778,2025-09-12 02:00:00+05:30,3.2599385,263.6599,5.3305535,258.31067
1779,2025-09-12 03:00:00+05:30,2.7943513,14.931467,4.8899083,353.6599
1780,2025-09-12 04:00:00+05:30,3.096837,54.46224,8.181589,50.355858
1781,2025-09-12 05:00:00+05:30,2.8460498,71.564964,7.406295,64.05776
1782,2025-09-12 06:00:00+05:30,5.232399,93.945114,8.473393,102.26476
1783,2025-09-12 07:00:00+05:30,5.5916004,86.308685,7.0223074,88.531235
1784,2025-09-12 08:00:00+05:30,7.342588,101.3099,9.391102,102.17145
1785,2025-09-12 09:00:00+05:30,9.028754,113.49858,11.276967,114.51963
1786,2025-09-12 10:00:00+05:30,8.55142,120.34317,10.404249,120.113655
1787,2025-09-12 11:00:00+05:30,14.120539,107.04912,18.102308,109.15571
1788,2025-09-12 12:00:00+05:30,5.983477,133.7812,7.5363917,139.84407
1789,2025-09-12 13:00:00+05:30,12.730468,146.53459,15.876775,147.0306
1790,2025-09-12 14:00:00+05:30,6.66,161.07526,9.107359,161.56496
1791,2025-09-12 15:00:00+05:30,12.69351,161.82188,17.533146,160.82089
1792,2025-09-12 16:00:00+05:30,9.059205,159.04414,12.872201,159.53764
1793,2025-09-12 17:00:00+05:30,7.689603,163.68607,15.062033,165.4655
1794,2025-09-12 18:00:00+05:30,6.391901,147.65259,14.584443,155.96571
1795,2025-09-12 19:00:00+05:30,4.863332,141.009,13.213764,155.87901
1796,2025-09-12 20:00:00+05:30,4.072935,135.0001,11.431062,153.8385
1797,2025-09-12 21:00:00+05:30,3.7971041,121.42952,10.404249,149.88635
1798,2025-09-12 22:00:00+05:30,5.6233797,129.80553,13.929953,147.13133
1799,2025-09-12 23:00:00+05:30,6.59154,145.0079,16.09969,153.43501
1800,2025-09-13 00:00:00+05:30,5.876938,139.9698,14.73913,151.55717
1801,2025-09-13 01:00:00+05:30,4.6102495,141.34016,12.638513,153.79994
1802,2025-09-13 02:00:00+05:30,4.542994,146.3099,12.20023,158.3555
1803,2025-09-13 03:00:00+05:30,4.3274937,135.0001,11.440979,155.85446
1804,2025-09-13 04:00:00+05:30,4.965521,133.53127,12.972494,150.9455
1805,2025-09-13 05:00:00+05:30,8.281956,137.64261,17.47484,145.49142
1806,2025-09-13 06:00:00+05:30,8.019601,134.09071,15.476859,146.86438
1807,2025-09-13 07:00:00+05:30,9.67657,136.50739,13.719023,141.92717
1808,2025-09-13 08:00:00+05:30,10.957847,165.73546,14.068816,163.65175
1809,2025-09-13 09:00:00+05:30,9.726665,182.12105,12.961249,180.7957
1810,2025-09-13 10:00:00+05:30,8.383054,165.06853,10.435344,165.00487
1811,2025-09-13 11:00:00+05:30,11.705537,178.23764,14.581113,179.2927
1812,2025-09-13 12:00:00+05:30,7.570707,161.99574,9.505977,161.22188
1813,2025-09-13 13:00:00+05:30,11.032987,185.6175,14.275713,185.06352
1814,2025-09-13 14:00:00+05:30,16.056362,176.14328,21.82755,176.21742
1815,2025-09-13 15:00:00+05:30,12.682018,186.5197,17.015474,186.07236
1816,2025-09-13 16:00:00+05:30,9.779817,186.3401,15.048042,186.8699
1817,2025-09-13 17:00:00+05:30,8.865799,174.17375,15.856356,177.39749
1818,2025-09-13 18:00:00+05:30,5.720489,167.27565,13.698934,176.98727
1819,2025-09-13 19:00:00+05:30,6.763786,154.7989,15.602999,168.69011
1820,2025-09-13 20:00:00+05:30,4.4456716,148.24057,12.534257,167.56046
1821,2025-09-13 21:00:00+05:30,5.12289,161.56496,13.75558,173.99109
1822,2025-09-13 22:00:00+05:30,7.9526596,174.80566,17.84271,182.8912
1823,2025-09-13 23:00:00+05:30,11.341428,180.90936,22.049082,185.152
1824,2025-09-14 00:00:00+05:30,9.801326,187.38596,19.340576,194.55362
1825,2025-09-14 01:00:00+05:30,9.087772,187.96953,18.772715,194.436
1826,2025-09-14 02:00:00+05:30,8.083983,191.5601,17.418196,198.06056
1827,2025-09-14 03:00:00+05:30,6.2145634,190.00792,15.486278,199.69872
1828,2025-09-14 04:00:00+05:30,4.514377,184.57384,12.872201,200.46236
1829,2025-09-14 05:00:00+05:30,3.6402748,188.53069,10.787993,205.7099
1830,2025-09-14 06:00:00+05:30,5.7599998,180.0,11.328566,197.57135
1831,2025-09-14 07:00:00+05:30,4.1125174,203.19861,7.4128532,209.0545
1832,2025-09-14 08:00:00+05:30,9.840914,219.80553,13.752047,217.01997
1833,2025-09-14 09:00:00+05:30,7.127636,224.9999,9.299225,222.64667
1834,2025-09-14 10:00:00+05:30,9.867218,194.79681,12.267762,194.44408
1835,2025-09-14 11:00:00+05:30,12.287555,185.04236,15.546833,185.31445
1836,2025-09-14 12:00:00+05:30,11.032987,185.6175,14.05845,182.93561
1837,2025-09-14 13:00:00+05:30,8.350138,172.56868,11.074022,172.52853
1838,2025-09-14 14:00:00+05:30,11.901798,176.53185,15.876775,176.09958
1839,2025-09-14 15:00:00+05:30,9.354806,168.90631,12.886039,167.90526
1840,2025-09-14 16:00:00+05:30,12.682018,186.5197,19.559633,186.3401
1841,2025-09-14 17:00:00+05:30,10.172787,193.29858,18.29459,193.07913
1842,2025-09-14 18:00:00+05:30,7.0015144,162.03076,15.328561,170.53775
1843,2025-09-14 19:00:00+05:30,6.5520988,159.07542,15.299999,171.20267
1844,2025-09-14 20:00:00+05:30,7.172949,162.47433,15.96327,172.87508
1845,2025-09-14 21:00:00+05:30,10.435344,165.00487,20.625517,170.45555
1846,2025-09-14 22:00:00+05:30,12.081472,183.41652,21.791153,187.59456
1847,2025-09-14 23:00:00+05:30,10.957847,194.26454,20.57125,195.73886
1848,2025-09-15 00:00:00+05:30,8.209263,195.25517,17.137852,197.10281
1849,2025-09-15 01:00:00+05:30,7.16617,205.27768,16.180988,207.13506
1850,2025-09-15 02:00:00+05:30,9.779817,173.6599,18.252037,185.09203
1851,2025-09-15 03:00:00+05:30,8.338489,212.6609,16.67795,214.89078
1852,2025-09-15 04:00:00+05:30,8.477216,183.65215,16.336426,198.63467
1853,2025-09-15 05:00:00+05:30,2.8799999,180.0,9.7565975,209.8759
1854,2025-09-15 06:00:00+05:30,7.029225,166.67546,11.966953,173.08887
1855,2025-09-15 07:00:00+05:30,7.072878,165.2564,10.3480425,166.93068
1856,2025-09-15 08:00:00+05:30,8.11798,183.814,11.032987,185.6175
1857,2025-09-15 09:00:00+05:30,8.12197,192.80426,10.783487,194.5002
1858,2025-09-15 10:00:00+05:30,11.032987,174.3825,14.311981,173.50075
1859,2025-09-15 11:00:00+05:30,8.197414,199.23076,10.304115,199.38461
1860,2025-09-15 12:00:00+05:30,9.114471,189.0902,11.334284,190.06062
1861,2025-09-15 13:00:00+05:30,7.7588143,183.99083,9.734988,183.17976
1862,2025-09-15 14:00:00+05:30,13.238261,191.76826,16.909464,191.66875
1863,2025-09-15 15:00:00+05:30,10.081606,178.97699,14.230248,182.1747
1864,2025-09-15 16:00:00+05:30,15.484185,162.40749,24.056108,166.58763
1865,2025-09-15 17:00:00+05:30,8.581677,170.34018,15.697197,176.05489
1866,2025-09-15 18:00:00+05:30,11.226575,167.96942,20.539726,177.4887
1867,2025-09-15 19:00:00+05:30,10.234705,156.13982,18.958197,167.94325
1868,2025-09-15 20:00:00+05:30,13.948548,160.39583,25.190355,166.36093
1869,2025-09-15 21:00:00+05:30,10.086427,182.04536,19.35314,189.63747
1870,2025-09-15 22:00:00+05:30,10.914888,166.65126,21.010712,173.6057
1871,2025-09-15 23:00:00+05:30,11.571914,164.66666,21.511318,174.71886
1872,2025-09-16 00:00:00+05:30,14.973576,189.68872,25.068514,192.43954
1873,2025-09-16 01:00:00+05:30,7.6579366,203.55228,14.799459,198.43504
1874,2025-09-16 02:00:00+05:30,14.275713,203.0089,24.967499,204.71742
1875,2025-09-16 03:00:00+05:30,5.4029994,178.0909,12.708816,195.61105
1876,2025-09-16 04:00:00+05:30,5.0528407,175.91446,12.108261,191.14285
1877,2025-09-16 05:00:00+05:30,5.771239,183.57626,13.83192,198.19925
1878,2025-09-16 06:00:00+05:30,10.8029995,190.56096,19.166409,194.68883
1879,2025-09-16 07:00:00+05:30,11.307095,193.81505,19.758228,196.94931
1880,2025-09-16 08:00:00+05:30,14.465102,196.63103,20.093193,198.27274
1881,2025-09-16 09:00:00+05:30,14.30632,201.39987,18.58451,201.59537
1882,2025-09-16 10:00:00+05:30,14.33234,205.27768,18.675814,206.31802
1883,2025-09-16 11:00:00+05:30,17.762634,199.53674,23.175304,199.9832
1884,2025-09-16 12:00:00+05:30,18.568811,196.32693,24.87975,197.2552
1885,2025-09-16 13:00:00+05:30,20.91256,193.4382,28.02745,194.12552
1886,2025-09-16 14:00:00+05:30,21.49851,191.59215,30.18477,192.04701
1887,2025-09-16 15:00:00+05:30,22.5,200.60977,32.592426,201.03758
1888,2025-09-16 16:00:00+05:30,16.645864,201.57137,26.045942,203.19861
1889,2025-09-16 17:00:00+05:30,14.458382,198.88618,24.567856,201.48967
1890,2025-09-16 18:00:00+05:30,10.495713,210.96368,20.316889,209.74478
1891,2025-09-16 19:00:00+05:30,9.3669195,177.79745,17.40424,190.7288
1892,2025-09-16 20:00:00+05:30,8.836514,183.50346,17.950432,195.7087
1893,2025-09-16 21:00:00+05:30,7.5685663,182.72626,16.848999,198.04791
1894,2025-09-16 22:00:00+05:30,7.458606,171.67444,16.011908,188.40329
1895,2025-09-16 23:00:00+05:30,5.8852015,156.57129,13.321216,180.7742
1896,2025-09-17 00:00:00+05:30,8.958504,157.5572,16.029097,178.06946
1897,2025-09-17 01:00:00+05:30,10.259999,180.0,18.532133,187.8152
1898,2025-09-17 02:00:00+05:30,11.265469,192.926,21.004541,197.96922
1899,2025-09-17 03:00:00+05:30,10.914888,193.34874,21.23771,199.81725
1900,2025-09-17 04:00:00+05:30,9.449572,197.74477,20.052032,204.95473
1901,2025-09-17 05:00:00+05:30,9.9408245,211.67543,20.592503,216.46933
1902,2025-09-17 06:00:00+05:30,8.688613,193.17256,16.179985,200.85454
1903,2025-09-17 07:00:00+05:30,8.825508,191.76826,14.003029,197.96924
1904,2025-09-17 08:00:00+05:30,14.411245,207.52513,19.652176,208.44283
1905,2025-09-17 09:00:00+05:30,15.941944,205.40767,21.575987,205.7099
1906,2025-09-17 10:00:00+05:30,15.955151,203.9625,21.109173,204.16092
1907,2025-09-17 11:00:00+05:30,15.91041,201.92183,20.256998,202.46326
1908,2025-09-17 12:00:00+05:30,13.418153,186.93425,17.462784,188.29706
1909,2025-09-17 13:00:00+05:30,10.7894945,207.84749,15.96327,209.7448
1910,2025-09-17 14:00:00+05:30,14.233664,212.08215,19.72869,211.94994
1911,2025-09-17 15:00:00+05:30,16.767075,209.5922,24.358597,210.16492
1912,2025-09-17 16:00:00+05:30,13.8049555,202.21765,20.893959,202.80974
1913,2025-09-17 17:00:00+05:30,13.638489,202.50357,23.44841,204.00716
1914,2025-09-17 18:00:00+05:30,9.796366,200.4329,19.64228,206.09537
1915,2025-09-17 19:00:00+05:30,10.711135,204.84236,21.886845,211.20613
1916,2025-09-17 20:00:00+05:30,10.950452,205.30135,21.768095,209.7448
1917,2025-09-17 21:00:00+05:30,9.54,211.89075,20.527103,215.36255
1918,2025-09-17 22:00:00+05:30,9.504273,204.62355,20.343184,210.87674
1919,2025-09-17 23:00:00+05:30,9.499158,207.05052,20.625517,212.16435
1920,2025-09-18 00:00:00+05:30,9.734988,213.6901,20.699999,216.86998
1921,2025-09-18 01:00:00+05:30,10.548061,216.67444,21.758419,218.95592
1922,2025-09-18 02:00:00+05:30,11.500296,219.92033,22.862833,220.2098
1923,2025-09-18 03:00:00+05:30,11.837651,225.61598,23.17041,226.25897
1924,2025-09-18 04:00:00+05:30,11.272657,218.51695,22.183128,221.71066
1925,2025-09-18 05:00:00+05:30,10.514218,218.04709,21.319935,220.54874
1926,2025-09-18 06:00:00+05:30,10.799999,216.86998,20.11656,223.54985
1927,2025-09-18 07:00:00+05:30,9.7565975,209.8759,14.57889,212.90524
1928,2025-09-18 08:00:00+05:30,12.750811,221.56627,17.085785,221.58331
1929,2025-09-18 09:00:00+05:30,12.242646,221.42357,16.069473,221.36694
1930,2025-09-18 10:00:00+05:30,10.548061,216.67444,13.752047,217.01997
1931,2025-09-18 11:00:00+05:30,9.636307,212.79953,12.330985,213.6901
1932,2025-09-18 12:00:00+05:30,9.585739,214.28693,11.931705,213.92984
1933,2025-09-18 13:00:00+05:30,11.207801,209.85892,13.70839,209.93143
1934,2025-09-18 14:00:00+05:30,6.12,270.0,7.922045,268.6981
1935,2025-09-18 15:00:00+05:30,9.5535755,222.70937,12.362475,222.04915
1936,2025-09-18 16:00:00+05:30,6.792466,212.00534,9.021574,208.61037
1937,2025-09-18 17:00:00+05:30,3.8939953,213.6901,8.797931,210.76265
1938,2025-09-18 18:00:00+05:30,4.3536186,209.7448,10.718693,220.91429
1939,2025-09-18 19:00:00+05:30,4.3536186,209.7448,9.636307,212.79953
1940,2025-09-18 20:00:00+05:30,6.6624317,181.54813,15.367616,193.54796
1941,2025-09-18 21:00:00+05:30,7.293888,195.75124,17.58481,202.89058
1942,2025-09-18 22:00:00+05:30,6.12,208.07239,16.276815,212.81136
1943,2025-09-18 23:00:00+05:30,4.471107,220.10085,11.843124,223.1524
1944,2025-09-19 00:00:00+05:30,6.0908127,198.9705,13.766176,207.23506
1945,2025-09-19 01:00:00+05:30,4.3349743,228.36655,12.261157,220.23628
1946,2025-09-19 02:00:00+05:30,3.644722,249.77505,10.086427,235.17543
1947,2025-09-19 03:00:00+05:30,3.494968,304.50858,8.101999,268.727
1948,2025-09-19 04:00:00+05:30,1.6299692,276.3401,6.77575,253.0091
1949,2025-09-19 05:00:00+05:30,3.3481934,233.74606,9.044888,238.84076
1950,2025-09-19 06:00:00+05:30,3.8521678,217.40543,8.738811,237.61934
1951,2025-09-19 07:00:00+05:30,6.037383,190.3048,8.035746,195.59286
1952,2025-09-19 08:00:00+05:30,6.77575,196.9909,8.766573,199.17911
1953,2025-09-19 09:00:00+05:30,6.379216,196.38962,8.197414,199.23076
1954,2025-09-19 10:00:00+05:30,5.154415,204.77512,6.361415,205.1148
1955,2025-09-19 11:00:00+05:30,4.6800003,202.6199,5.7204895,204.14554
1956,2025-09-19 12:00:00+05:30,4.599695,30.579157,5.1919937,33.6901
1957,2025-09-19 13:00:00+05:30,3.9966488,7.7650824,4.6834598,357.79745
1958,2025-09-19 14:00:00+05:30,2.36753,8.746089,2.7534704,11.3098955
1959,2025-09-19 15:00:00+05:30,2.9522195,307.56866,3.7971041,301.4295
1960,2025-09-19 16:00:00+05:30,3.84796,280.78424,4.942631,280.49142
1961,2025-09-19 17:00:00+05:30,3.148714,300.96368,7.0015144,287.96924
1962,2025-09-19 18:00:00+05:30,2.8174455,116.56499,5.7402787,131.18582
1963,2025-09-19 19:00:00+05:30,1.6981165,122.00535,5.8409934,146.3099
1964,2025-09-19 20:00:00+05:30,3.4247334,93.012726,6.7397914,124.11452
1965,2025-09-19 21:00:00+05:30,4.863332,141.009,11.7,157.3801
1966,2025-09-19 22:00:00+05:30,3.244996,183.17976,10.4166975,189.95056
1967,2025-09-19 23:00:00+05:30,3.148714,239.03632,9.840914,219.80553
1968,2025-09-20 00:00:00+05:30,3.0652895,273.3664,8.089993,249.14546
1969,2025-09-20 01:00:00+05:30,4.293669,303.02386,9.430695,293.6294
1970,2025-09-20 02:00:00+05:30,3.9477081,316.8476,9.82114,318.7154
1971,2025-09-20 03:00:00+05:30,3.3043609,330.64233,8.452336,333.43503
1972,2025-09-20 04:00:00+05:30,3.462369,8.97255,9.0018,358.85425
1973,2025-09-20 05:00:00+05:30,3.06,28.072395,7.8583965,20.095322
1974,2025-09-20 06:00:00+05:30,6.122647,88.31535,8.431228,73.88651
1975,2025-09-20 07:00:00+05:30,1.9134263,48.814175,4.2481523,53.61555
1976,2025-09-20 08:00:00+05:30,2.3051248,38.65983,2.8460495,34.69522
1977,2025-09-20 09:00:00+05:30,3.9477081,65.77226,4.7521367,65.37646
1978,2025-09-20 10:00:00+05:30,5.3305535,101.68935,6.424764,101.3099
1979,2025-09-20 11:00:00+05:30,5.154415,24.775122,6.090812,34.159744
1980,2025-09-20 12:00:00+05:30,4.6834598,357.79745,5.5829024,1.8475709
1981,2025-09-20 13:00:00+05:30,2.16,270.0,2.3469126,265.60138
1982,2025-09-20 14:00:00+05:30,5.004518,232.3057,6.156947,232.12495
1983,2025-09-20 15:00:00+05:30,3.8268526,228.81418,4.8366103,224.9999
1984,2025-09-20 16:00:00+05:30,3.7585104,163.30067,4.2136917,160.0168
1985,2025-09-20 17:00:00+05:30,5.9834766,173.08887,7.7734165,174.68555
1986,2025-09-20 18:00:00+05:30,4.978554,220.60121,8.92408,221.72942
1987,2025-09-20 19:00:00+05:30,3.7971036,185.44025,7.519175,191.0409
1988,2025-09-20 20:00:00+05:30,4.198285,239.0363,8.019601,225.90929
1989,2025-09-20 21:00:00+05:30,3.8521678,217.40543,9.039514,215.2725
1990,2025-09-20 22:00:00+05:30,4.0449967,237.72438,9.299225,227.35333
1991,2025-09-20 23:00:00+05:30,3.494968,235.49141,9.361731,232.02834
1992,2025-09-21 00:00:00+05:30,3.604497,272.86234,9.039514,257.34744
1993,2025-09-21 01:00:00+05:30,3.7971041,301.4295,9.215226,282.4074
1994,2025-09-21 02:00:00+05:30,4.143911,325.6196,9.252069,307.09293
1995,2025-09-21 03:00:00+05:30,5.8104043,343.8107,11.364259,330.5929
1996,2025-09-21 04:00:00+05:30,4.514377,4.5738406,10.4166975,350.04944
1997,2025-09-21 05:00:00+05:30,5.1826253,20.323217,10.948973,9.462261
1998,2025-09-21 06:00:00+05:30,3.9640884,39.47243,6.830519,18.435053
1999,2025-09-21 07:00:00+05:30,5.4744864,43.667847,7.145796,40.9143
2000,2025-09-21 08:00:00+05:30,4.802999,77.00539,5.937272,75.96373
2001,2025-09-21 09:00:00+05:30,4.3349743,41.63345,5.369916,39.55964
2002,2025-09-21 10:00:00+05:30,5.2939587,17.818983,6.379216,16.389616
2003,2025-09-21 11:00:00+05:30,4.186693,64.5367,4.91634,66.2505
2004,2025-09-21 12:00:00+05:30,1.0948973,260.53775,1.2727921,278.13
2005,2025-09-21 13:00:00+05:30,3.2048087,231.84273,3.745557,234.78232
2006,2025-09-21 14:00:00+05:30,4.68,270.0,5.6060677,275.52744
2007,2025-09-21 15:00:00+05:30,5.0142193,248.96242,6.21717,247.8905
2008,2025-09-21 16:00:00+05:30,4.829907,206.56499,6.198903,205.82094
2009,2025-09-21 17:00:00+05:30,4.2021422,170.13426,8.297589,176.26868
2010,2025-09-21 18:00:00+05:30,3.8773184,291.80148,8.083983,258.4399
2011,2025-09-21 19:00:00+05:30,3.1845248,222.70937,8.836514,236.6336
2012,2025-09-21 20:00:00+05:30,3.8268526,228.81418,11.384198,235.30478
2013,2025-09-21 21:00:00+05:30,3.6,216.86998,10.436895,224.9999
2014,2025-09-21 22:00:00+05:30,4.2481523,233.61555,11.666721,231.89238
2015,2025-09-21 23:00:00+05:30,4.1046314,254.74483,11.230904,248.36905
2016,2025-09-22 00:00:00+05:30,5.12289,288.43503,12.346741,277.53934
2017,2025-09-22 01:00:00+05:30,4.2481523,306.38446,11.368535,293.31772
2018,2025-09-22 02:00:00+05:30,5.293959,324.6887,12.496718,311.49637
2019,2025-09-22 03:00:00+05:30,3.8773184,338.19852,10.934166,327.09476
2020,2025-09-22 04:00:00+05:30,4.323748,2.385899,11.126562,350.69012
2021,2025-09-22 05:00:00+05:30,3.6,360.0,9.906544,357.91748
2022,2025-09-22 06:00:00+05:30,4.1556225,342.34976,9.854075,350.53775
2023,2025-09-22 07:00:00+05:30,4.39436,34.9921,6.2067385,29.5387
2024,2025-09-22 08:00:00+05:30,5.854844,44.999897,7.386582,43.02507
2025,2025-09-22 09:00:00+05:30,5.495161,58.392544,6.59154,55.0079
2026,2025-09-22 10:00:00+05:30,9.387651,122.471176,12.232057,122.98853
2027,2025-09-22 11:00:00+05:30,2.968636,104.03627,4.0249224,100.30479
2028,2025-09-22 12:00:00+05:30,3.84796,169.21574,4.5891175,168.69011
2029,2025-09-22 13:00:00+05:30,5.1826253,249.67677,6.151683,249.44386
2030,2025-09-22 14:00:00+05:30,5.6262593,262.6477,6.7469993,260.78903
2031,2025-09-22 15:00:00+05:30,5.7515564,290.13638,7.120815,290.72565
2032,2025-09-22 16:00:00+05:30,6.623413,222.79738,8.856658,232.43134
2033,2025-09-22 17:00:00+05:30,4.5,196.26028,8.161764,221.42357
2034,2025-09-22 18:00:00+05:30,2.7475805,238.39255,8.55142,229.26797
2035,2025-09-22 19:00:00+05:30,2.3469126,265.60138,6.6087217,240.64233
2036,2025-09-22 20:00:00+05:30,2.0124612,259.69522,6.544677,238.49579
2037,2025-09-22 21:00:00+05:30,1.4058449,320.1945,5.297018,260.21765
2038,2025-09-22 22:00:00+05:30,2.1749482,155.55606,4.4565907,226.63654
2039,2025-09-22 23:00:00+05:30,2.8460495,214.69522,4.1046314,232.12495
2040,2025-09-23 00:00:00+05:30,1.3104197,74.054535,1.5484185,215.53777
2041,2025-09-23 01:00:00+05:30,2.9301877,190.6196,8.305396,240.10118
2042,2025-09-23 02:00:00+05:30,2.4482646,252.89719,8.197414,261.15826
2043,2025-09-23 03:00:00+05:30,4.1085763,241.1893,9.181765,268.8767
2044,2025-09-23 04:00:00+05:30,5.0142193,201.03758,7.42159,247.1663
2045,2025-09-23 05:00:00+05:30,6.1120534,166.37299,9.54679,182.16103
2046,2025-09-23 06:00:00+05:30,11.688918,279.75235,20.206554,295.88022
2047,2025-09-23 07:00:00+05:30,9.779817,263.6599,16.724508,278.04282
2048,2025-09-23 08:00:00+05:30,11.265469,257.074,16.189995,261.68982
2049,2025-09-23 09:00:00+05:30,12.0653715,268.29022,16.201,270.63657
2050,2025-09-23 10:00:00+05:30,9.746631,265.76367,12.42,270.0
2051,2025-09-23 11:00:00+05:30,9.178235,221.82008,11.45513,224.9999
2052,2025-09-23 12:00:00+05:30,9.919618,191.5138,12.144331,191.9761
2053,2025-09-23 13:00:00+05:30,12.440851,183.31772,15.3264475,183.3664
2054,2025-09-23 14:00:00+05:30,12.440851,183.31772,16.584438,183.11078
2055,2025-09-23 15:00:00+05:30,13.943901,191.16484,19.48661,191.72508
2056,2025-09-23 16:00:00+05:30,11.897714,190.45985,17.085785,191.54666
2057,2025-09-23 17:00:00+05:30,7.841888,189.24603,14.618837,189.92618
2058,2025-09-23 18:00:00+05:30,6.198903,154.17906,14.761098,164.43843
2059,2025-09-23 19:00:00+05:30,5.509882,141.63248,13.450708,164.47583
2060,2025-09-23 20:00:00+05:30,3.7842832,154.65387,10.094454,176.93358
2061,2025-09-23 21:00:00+05:30,3.2399998,180.0,9.0,196.26028
2062,2025-09-23 22:00:00+05:30,2.19718,214.9921,8.373386,205.4633
2063,2025-09-23 23:00:00+05:30,0.17999999,360.0,3.604497,182.86235
2064,2025-09-24 00:00:00+05:30,3.8268526,41.185837,3.3043609,60.64234
2065,2025-09-24 01:00:00+05:30,5.728979,43.72705,8.909545,44.999897
2066,2025-09-24 02:00:00+05:30,5.994297,48.65233,13.552696,59.688873
2067,2025-09-24 03:00:00+05:30,6.269067,50.82635,14.81259,64.05776
2068,2025-09-24 04:00:00+05:30,5.9834766,83.08887,14.311981,83.50075
2069,2025-09-24 05:00:00+05:30,2.1897945,80.53775,8.461914,91.21885
2070,2025-09-24 06:00:00+05:30,7.5019197,59.743652,15.111424,77.619255
2071,2025-09-24 07:00:00+05:30,8.297589,77.4712,11.866355,80.39487
2072,2025-09-24 08:00:00+05:30,11.448055,126.68982,14.584443,125.45556
2073,2025-09-24 09:00:00+05:30,11.453715,120.191536,14.356058,120.10122
2074,2025-09-24 10:00:00+05:30,10.783486,123.424835,13.379461,123.4763
2075,2025-09-24 11:00:00+05:30,12.440851,121.39022,15.589497,121.30406
2076,2025-09-24 12:00:00+05:30,10.950452,115.301346,13.60519,115.88697
2077,2025-09-24 13:00:00+05:30,10.404249,127.26648,12.961249,127.66569
2078,2025-09-24 14:00:00+05:30,10.514218,128.04709,13.298089,129.50764
2079,2025-09-24 15:00:00+05:30,11.966954,136.2188,16.045261,136.81828
2080,2025-09-24 16:00:00+05:30,11.08572,147.60017,17.726116,147.43958
2081,2025-09-24 17:00:00+05:30,7.0934615,144.29323,14.138882,148.5359
2082,2025-09-24 18:00:00+05:30,3.1072817,100.00792,7.9932966,125.837746
2083,2025-09-24 19:00:00+05:30,4.7110505,6.581848,4.1046314,37.875053
2084,2025-09-24 20:00:00+05:30,5.297018,9.782338,5.7628117,38.65983
2085,2025-09-24 21:00:00+05:30,8.694204,27.095472,14.292725,31.087444
2086,2025-09-24 22:00:00+05:30,2.7416782,23.198618,8.043805,49.53785
2087,2025-09-24 23:00:00+05:30,3.710795,22.833694,9.313152,41.081665
2088,2025-09-25 00:00:00+05:30,4.8433046,41.98713,12.362475,47.950855
2089,2025-09-25 01:00:00+05:30,3.9477081,43.152412,10.436895,57.680416
2090,2025-09-25 02:00:00+05:30,6.384293,40.425995,12.85205,52.969524
2091,2025-09-25 03:00:00+05:30,5.904439,52.431335,13.523978,63.093983
2092,2025-09-25 04:00:00+05:30,5.6060677,47.602623,12.904882,59.8587
2093,2025-09-25 05:00:00+05:30,5.369916,50.440376,13.243156,58.90276
2094,2025-09-25 06:00:00+05:30,5.9834766,83.08887,14.193772,77.55002
2095,2025-09-25 07:00:00+05:30,4.599695,59.420856,7.0911775,66.037506
2096,2025-09-25 08:00:00+05:30,5.8298883,81.11942,7.458606,81.67444
2097,2025-09-25 09:00:00+05:30,6.7757506,129.61066,8.435069,129.80553
2098,2025-09-25 10:00:00+05:30,5.7628117,141.34016,6.9153743,141.34016
2099,2025-09-25 11:00:00+05:30,6.6624317,141.58191,7.9567327,142.35231
2100,2025-09-25 12:00:00+05:30,8.027678,137.72638,9.567131,138.81418
2101,2025-09-25 13:00:00+05:30,10.962281,119.511406,13.552696,120.31113
2102,2025-09-25 14:00:00+05:30,9.422101,136.54811,12.218805,135.0001
2103,2025-09-25 15:00:00+05:30,8.305396,119.89881,10.534229,123.14701
2104,2025-09-25 16:00:00+05:30,5.8769383,117.34979,7.841887,121.865944
2105,2025-09-25 17:00:00+05:30,3.710795,104.03627,8.738811,122.38066
2106,2025-09-25 18:00:00+05:30,5.1165614,219.28938,11.4862,212.19571
2107,2025-09-25 19:00:00+05:30,1.9469976,213.6901,6.6185193,202.38017
2108,2025-09-25 20:00:00+05:30,3.6,36.86999,4.752136,52.695976
2109,2025-09-25 21:00:00+05:30,9.567131,48.814175,17.654688,50.792812
2110,2025-09-25 22:00:00+05:30,7.5685663,25.346138,13.799087,30.579157
2111,2025-09-25 23:00:00+05:30,5.1481256,36.469334,11.13384,34.460888
2112,2025-09-26 00:00:00+05:30,6.2067385,29.5387,12.688404,31.660704
2113,2025-09-26 01:00:00+05:30,5.8298883,8.8805895,12.522619,18.435053
2114,2025-09-26 02:00:00+05:30,4.514377,23.498587,10.874741,24.443953
2115,2025-09-26 03:00:00+05:30,6.502461,48.366554,12.992459,42.754242
2116,2025-09-26 04:00:00+05:30,6.9153743,51.34017,14.174356,49.635548
2117,2025-09-26 05:00:00+05:30,6.12,61.92762,12.16832,60.780857
2118,2025-09-26 06:00:00+05:30,12.708816,74.38895,19.211996,77.00539
2119,2025-09-26 07:00:00+05:30,12.108261,78.85715,18.32202,79.24209
2120,2025-09-26 08:00:00+05:30,14.369594,77.70475,20.545246,78.88701
2121,2025-09-26 09:00:00+05:30,16.293728,73.9676,22.277134,74.054535
2122,2025-09-26 10:00:00+05:30,16.902758,82.042564,22.19773,81.60716
2123,2025-09-26 11:00:00+05:30,17.714231,84.75295,24.770773,84.579506
2124,2025-09-26 12:00:00+05:30,19.809813,109.09359,30.11169,108.110115
2125,2025-09-26 13:00:00+05:30,21.2522,100.738846,28.064419,101.09368
2126,2025-09-26 14:00:00+05:30,16.87398,101.07016,23.863409,101.3099
2127,2025-09-26 15:00:00+05:30,14.707222,111.541046,24.179703,113.70266
2128,2025-09-26 16:00:00+05:30,14.917212,109.74693,23.97516,110.203705
2129,2025-09-26 17:00:00+05:30,13.151091,87.64676,22.885496,92.70482
2130,2025-09-26 18:00:00+05:30,14.897651,101.85298,25.558733,101.78473
2131,2025-09-26 19:00:00+05:30,13.767352,115.55992,24.472057,116.18805
2132,2025-09-26 20:00:00+05:30,15.655861,107.39341,27.009598,111.09241
2133,2025-09-26 21:00:00+05:30,15.99571,109.04672,27.323263,113.69423
2134,2025-09-26 22:00:00+05:30,15.060956,114.727295,26.66249,118.64123
2135,2025-09-26 23:00:00+05:30,15.536408,116.86185,26.980793,121.35703
2136,2025-09-27 00:00:00+05:30,15.629971,128.45374,27.521757,132.34926
2137,2025-09-27 01:00:00+05:30,14.480773,124.875404,26.026031,131.074
2138,2025-09-27 02:00:00+05:30,15.22783,122.93869,27.609911,129.70987
2139,2025-09-27 03:00:00+05:30,13.337016,121.75944,23.940676,126.4392
2140,2025-09-27 04:00:00+05:30,13.845967,116.23188,25.223772,121.87533
2141,2025-09-27 05:00:00+05:30,15.804164,142.86899,26.720757,144.59685
2142,2025-09-27 06:00:00+05:30,16.985933,117.10805,28.219269,121.966606
2143,2025-09-27 07:00:00+05:30,17.183167,134.57564,26.347105,134.72322
2144,2025-09-27 08:00:00+05:30,23.4,143.13002,33.81414,144.53314
2145,2025-09-27 09:00:00+05:30,17.401447,140.8774,25.022589,142.3057
2146,2025-09-27 10:00:00+05:30,19.983242,144.16226,26.867676,144.81921
2147,2025-09-27 11:00:00+05:30,21.85203,143.03563,29.412792,142.70926
2148,2025-09-27 12:00:00+05:30,22.199188,131.05472,30.49659,130.93132
2149,2025-09-27 13:00:00+05:30,20.898613,137.79277,28.926283,137.77434
2150,2025-09-27 14:00:00+05:30,17.429354,141.7098,23.8702,142.35231
2151,2025-09-27 15:00:00+05:30,19.06046,140.74867,25.950605,140.34712
2152,2025-09-27 16:00:00+05:30,19.719656,146.16484,29.754496,146.59831
2153,2025-09-27 17:00:00+05:30,16.375053,146.65927,27.322672,148.19472
2154,2025-09-27 18:00:00+05:30,11.892265,140.52757,22.21305,142.57288
2155,2025-09-27 19:00:00+05:30,11.843124,136.8476,22.725668,139.49724
2156,2025-09-27 20:00:00+05:30,11.161451,142.206,22.034382,143.97253
2157,2025-09-27 21:00:00+05:30,12.594856,149.03632,23.77772,150.5242
2158,2025-09-27 22:00:00+05:30,10.759423,162.47435,20.844278,163.44286
2159,2025-09-27 23:00:00+05:30,10.685391,147.38077,20.371832,152.0765
2160,2025-09-28 00:00:00+05:30,5.815978,158.19853,14.450537,166.30994
2161,2025-09-28 01:00:00+05:30,9.567131,138.81418,18.620214,150.46132
2162,2025-09-28 02:00:00+05:30,3.6,143.13002,10.9859,161.86183
2163,2025-09-28 03:00:00+05:30,6.8919086,130.76352,12.399113,140.30096
2164,2025-09-28 04:00:00+05:30,3.9763298,95.19434,10.32924,138.5324
2165,2025-09-28 05:00:00+05:30,3.550155,120.46546,9.422101,136.54811
2166,2025-09-28 06:00:00+05:30,7.0038276,64.09355,15.430736,106.9554
2167,2025-09-28 07:00:00+05:30,12.5807,123.91747,17.389341,126.15828
2168,2025-09-28 08:00:00+05:30,10.296251,126.46933,13.356437,127.333275
2169,2025-09-28 09:00:00+05:30,10.373061,141.34018,13.072015,141.7098
2170,2025-09-28 10:00:00+05:30,14.186923,144.29323,18.374111,145.37578
2171,2025-09-28 11:00:00+05:30,10.739832,140.44037,13.943901,140.76265
2172,2025-09-28 12:00:00+05:30,10.261579,142.12495,13.608762,142.52374
2173,2025-09-28 13:00:00+05:30,10.387107,152.10281,13.690653,151.75037
2174,2025-09-28 14:00:00+05:30,10.120099,141.49933,13.248049,143.2857
2175,2025-09-28 15:00:00+05:30,8.913181,133.36346,12.218805,135.0001
2176,2025-09-28 16:00:00+05:30,7.3997297,138.94528,12.791403,140.71062
2177,2025-09-28 17:00:00+05:30,7.9932966,144.16226,15.476859,146.86438
2178,2025-09-28 18:00:00+05:30,6.8919086,130.76352,15.561413,138.75183
2179,2025-09-28 19:00:00+05:30,6.193674,144.46223,15.342294,148.92102
2180,2025-09-28 20:00:00+05:30,6.7397914,145.88548,16.299694,149.47037
2181,2025-09-28 21:00:00+05:30,4.913044,151.55717,13.767352,154.44008
2182,2025-09-28 22:00:00+05:30,4.863332,141.009,13.374618,151.02039
2183,2025-09-28 23:00:00+05:30,5.692099,145.30478,14.813683,152.50095
2184,2025-09-29 00:00:00+05:30,4.896529,162.89719,13.499999,163.73972
2185,2025-09-29 01:00:00+05:30,2.7534704,191.30989,10.094454,176.93358
2186,2025-09-29 02:00:00+05:30,0.35999998,360.0,5.426933,174.2895
2187,2025-09-29 03:00:00+05:30,1.2727921,8.130019,1.2074767,153.43501
2188,2025-09-29 04:00:00+05:30,2.907989,21.801476,2.4149535,26.564985
2189,2025-09-29 05:00:00+05:30,3.710795,39.09386,4.965521,43.53127
2190,2025-09-29 06:00:00+05:30,4.2021427,46.73567,6.792466,57.99466
2191,2025-09-29 07:00:00+05:30,4.143911,55.6196,5.5596404,60.94549
2192,2025-09-29 08:00:00+05:30,4.5820518,44.999897,5.6002855,44.999897
2193,2025-09-29 09:00:00+05:30,6.4924874,46.12322,8.281956,47.64261
2194,2025-09-29 10:00:00+05:30,7.570707,61.60708,9.499158,62.949482
2195,2025-09-29 11:00:00+05:30,7.8625183,74.054535,9.914717,74.197426
2196,2025-09-29 12:00:00+05:30,5.771239,86.423744,7.208994,87.13766
2197,2025-09-29 13:00:00+05:30,5.315336,118.30067,6.439876,116.56499
2198,2025-09-29 14:00:00+05:30,6.623413,137.20262,8.019601,135.90929
2199,2025-09-29 15:00:00+05:30,6.5223618,152.02061,8.305396,150.1012
2200,2025-09-29 16:00:00+05:30,7.256032,172.87508,12.108261,168.85715
2201,2025-09-29 17:00:00+05:30,7.7734165,174.68555,14.941085,179.30974
2202,2025-09-29 18:00:00+05:30,0.6489992,326.3099,0.5091169,315.0001
2203,2025-09-29 19:00:00+05:30,0.742159,345.9637,1.0948973,350.53775
2204,2025-09-29 20:00:00+05:30,1.08,360.0,1.6299692,6.3401003
2205,2025-09-29 21:00:00+05:30,3.0811036,6.70975,3.0652895,3.3664
2206,2025-09-29 22:00:00+05:30,1.9469976,326.3099,2.657668,298.30066
2207,2025-09-29 23:00:00+05:30,3.8647635,297.75842,6.6794305,284.03625
2208,2025-09-30 00:00:00+05:30,4.3349743,311.63345,8.225035,293.1986
2209,2025-09-30 01:00:00+05:30,3.710795,320.90613,8.0599,293.70264
2210,2025-09-30 02:00:00+05:30,3.7971041,328.5705,8.893166,305.9422
2211,2025-09-30 03:00:00+05:30,3.381893,334.79892,7.8954163,316.8476
2212,2025-09-30 04:00:00+05:30,3.494968,325.4914,8.320986,321.1466
2213,2025-09-30 05:00:00+05:30,3.8268526,318.81415,9.585739,325.71307
2214,2025-09-30 06:00:00+05:30,4.846648,328.67136,10.234705,325.75092
2215,2025-09-30 07:00:00+05:30,3.6,323.13,5.3999996,323.13004
2216,2025-09-30 08:00:00+05:30,4.0249224,333.43503,5.2323985,333.43503
2217,2025-09-30 09:00:00+05:30,4.846648,338.19852,6.151683,339.44388
2218,2025-09-30 10:00:00+05:30,4.452954,345.9637,5.5450516,346.86597
2219,2025-09-30 11:00:00+05:30,2.9301877,349.3804,3.671294,348.6901
2220,2025-09-30 12:00:00+05:30,0.76367533,44.999897,0.9,53.13002
2221,2025-09-30 13:00:00+05:30,0.9,323.13,0.9,323.13
2222,2025-09-30 14:00:00+05:30,3.5864744,342.47433,3.9844694,341.56494
2223,2025-09-30 15:00:00+05:30,3.319036,347.4712,3.9844694,341.56494
2224,2025-09-30 16:00:00+05:30,2.9301877,317.4896,3.9477081,313.1524
2225,2025-09-30 17:00:00+05:30,2.5959969,326.3099,6.048107,306.52896
2226,2025-09-30 18:00:00+05:30,0.6489992,326.3099,3.9477081,294.22772
2227,2025-09-30 19:00:00+05:30,1.659518,139.39879,2.7059932,176.186
2228,2025-09-30 20:00:00+05:30,2.6999998,126.86998,3.7971041,148.57048
2229,2025-09-30 21:00:00+05:30,0.742159,104.03627,1.98,180.0
2230,2025-09-30 22:00:00+05:30,0.71999997,90.0,1.8089776,174.2895
2231,2025-09-30 23:00:00+05:30,2.8460495,145.30478,5.8603754,169.3804
2232,2025-10-01 00:00:00+05:30,2.1749482,204.44394,6.889557,199.8553
2233,2025-10-01 01:00:00+05:30,2.8174455,243.43501,7.6367526,224.9999
2234,2025-10-01 02:00:00+05:30,0.6489992,303.6901,4.3536186,240.2552
2235,2025-10-01 03:00:00+05:30,2.0124612,190.3048,6.391901,212.34741
2236,2025-10-01 04:00:00+05:30,1.4512063,82.875084,2.7534704,168.69011
2237,2025-10-01 05:00:00+05:30,3.381893,334.79892,8.714677,308.2902
2238,2025-10-01 06:00:00+05:30,4.7110505,6.581848,8.0599,330.57263
2239,2025-10-01 07:00:00+05:30,2.3400002,67.3801,3.3043609,29.357658
2240,2025-10-01 08:00:00+05:30,5.815978,68.19853,7.42159,67.16631
2241,2025-10-01 09:00:00+05:30,9.224011,84.40076,11.788281,82.9836
2242,2025-10-01 10:00:00+05:30,9.965239,110.07162,12.872201,110.46236
2243,2025-10-01 11:00:00+05:30,15.451717,98.03562,20.95203,98.895775
2244,2025-10-01 12:00:00+05:30,15.141414,108.00426,20.380579,107.47486
2245,2025-10-01 13:00:00+05:30,14.458382,108.886185,19.011953,108.77813
2246,2025-10-01 14:00:00+05:30,14.848635,120.60633,20.406792,120.18359
2247,2025-10-01 15:00:00+05:30,12.57426,113.62939,17.47484,114.98122
2248,2025-10-01 16:00:00+05:30,12.886039,118.354866,20.9644,119.86683
2249,2025-10-01 17:00:00+05:30,8.936778,117.597206,17.441433,121.0651
2250,2025-10-01 18:00:00+05:30,8.951267,105.15412,18.016191,111.695175
2251,2025-10-01 19:00:00+05:30,7.6579366,66.44773,15.5843,83.367584
2252,2025-10-01 20:00:00+05:30,10.266314,87.99049,19.660416,93.67442
2253,2025-10-01 21:00:00+05:30,11.679212,28.539894,18.772715,34.451996
2254,2025-10-01 22:00:00+05:30,12.189602,73.70589,19.699928,77.8687
2255,2025-10-01 23:00:00+05:30,6.4096174,51.842735,12.535548,74.16755
2256,2025-10-02 00:00:00+05:30,12.136325,35.340195,21.67487,41.63345
2257,2025-10-02 01:00:00+05:30,12.10157,67.24899,18.751991,68.60705
2258,2025-10-02 02:00:00+05:30,10.950452,64.698654,18.275984,72.81421
2259,2025-10-02 03:00:00+05:30,10.609316,75.25639,17.615187,78.80493
2260,2025-10-02 04:00:00+05:30,11.334285,69.55037,18.568811,73.67307
2261,2025-10-02 05:00:00+05:30,11.276967,65.48038,20.74456,74.39599
2262,2025-10-02 06:00:00+05:30,14.120538,78.97659,23.623243,82.11695
2263,2025-10-02 07:00:00+05:30,15.316933,109.925674,24.36325,108.970505
2264,2025-10-02 08:00:00+05:30,15.646544,113.02553,25.848024,115.13738
2265,2025-10-02 09:00:00+05:30,14.081478,94.39862,21.637466,98.13002
2266,2025-10-02 10:00:00+05:30,20.552341,107.32418,29.830078,107.56036
2267,2025-10-02 11:00:00+05:30,18.273325,116.312584,26.969982,117.42006
2268,2025-10-02 12:00:00+05:30,18.837322,116.0753,24.95452,116.56499
2269,2025-10-02 13:00:00+05:30,17.035456,105.945465,22.277134,105.945465
2270,2025-10-02 14:00:00+05:30,20.556284,142.829,29.808346,142.85323
2271,2025-10-02 15:00:00+05:30,16.733225,121.80935,26.574244,125.628
2272,2025-10-02 16:00:00+05:30,14.450537,103.69007,24.023088,109.24962
2273,2025-10-02 17:00:00+05:30,16.697365,131.94122,28.805622,131.96053
2274,2025-10-02 18:00:00+05:30,19.044306,126.54507,31.82744,129.72255
2275,2025-10-02 19:00:00+05:30,15.299999,118.072395,26.674032,121.75944
2276,2025-10-02 20:00:00+05:30,20.390114,137.86247,33.95184,139.29996
2277,2025-10-02 21:00:00+05:30,15.489414,141.13222,26.709234,145.9886
2278,2025-10-02 22:00:00+05:30,15.528064,135.0001,27.495258,140.57866
2279,2025-10-02 23:00:00+05:30,17.288435,128.65984,30.432781,133.3224
2280,2025-10-03 00:00:00+05:30,20.256998,132.47913,33.60557,135.86795
2281,2025-10-03 01:00:00+05:30,17.49337,130.40938,30.30208,133.55594
2282,2025-10-03 02:00:00+05:30,16.704155,142.88306,28.12266,144.37697
2283,2025-10-03 03:00:00+05:30,9.459852,111.19412,17.429354,128.2902
2284,2025-10-03 04:00:00+05:30,10.837435,138.36655,19.91503,150.19098
2285,2025-10-03 05:00:00+05:30,3.6,126.86999,11.052058,173.45381
2286,2025-10-03 06:00:00+05:30,9.761578,95.28999,17.02404,123.35404
2287,2025-10-03 07:00:00+05:30,15.210799,129.71872,24.31666,141.009
2288,2025-10-03 08:00:00+05:30,18.581894,141.68687,29.204966,146.3099
2289,2025-10-03 09:00:00+05:30,24.1797,150.57263,34.025234,150.18002
2290,2025-10-03 10:00:00+05:30,26.327421,154.48618,35.34331,154.34853
2291,2025-10-03 11:00:00+05:30,25.922499,170.40694,37.47114,171.7143
2292,2025-10-03 12:00:00+05:30,24.89277,167.4712,38.05542,168.26491
2293,2025-10-03 13:00:00+05:30,24.64094,168.19759,35.442177,168.57597
2294,2025-10-03 14:00:00+05:30,26.208395,164.05453,38.993996,164.74483
2295,2025-10-03 15:00:00+05:30,24.533543,161.16615,37.853535,161.99574
2296,2025-10-03 16:00:00+05:30,20.49156,161.56496,32.79361,162.75845
2297,2025-10-03 17:00:00+05:30,22.637817,170.38795,37.169018,171.08516
2298,2025-10-03 18:00:00+05:30,18.556595,161.91646,31.179514,164.59978
2299,2025-10-03 19:00:00+05:30,18.3794,165.82764,30.613232,167.43466
2300,2025-10-03 20:00:00+05:30,18.0036,168.46541,30.244286,171.09836
2301,2025-10-03 21:00:00+05:30,15.713702,170.10614,27.16569,170.84982
2302,2025-10-03 22:00:00+05:30,7.5942082,211.42952,15.865546,204.82051
2303,2025-10-03 23:00:00+05:30,12.800266,154.15567,23.85051,161.97519
2304,2025-10-04 00:00:00+05:30,14.734735,154.68715,25.331442,160.92122
2305,2025-10-04 01:00:00+05:30,17.283749,181.19347,28.880886,184.28908
2306,2025-10-04 02:00:00+05:30,14.248452,183.62141,24.336637,187.65056
2307,2025-10-04 03:00:00+05:30,12.251905,182.52606,22.758436,188.64272
2308,2025-10-04 04:00:00+05:30,12.758432,163.61038,22.758436,171.35728
2309,2025-10-04 05:00:00+05:30,19.649702,176.84935,34.031902,178.48462
2310,2025-10-04 06:00:00+05:30,18.741621,177.24757,30.962095,179.33382
2311,2025-10-04 07:00:00+05:30,20.161608,187.69595,31.012281,189.3529
2312,2025-10-04 08:00:00+05:30,21.589495,187.18417,29.808891,187.98323
2313,2025-10-04 09:00:00+05:30,18.720863,180.55089,24.485954,181.26364
2314,2025-10-04 10:00:00+05:30,21.75097,190.00792,28.561073,190.53087
2315,2025-10-04 11:00:00+05:30,18.824419,186.03758,26.795223,186.17007
2316,2025-10-04 12:00:00+05:30,23.444265,183.52138,32.85678,184.39862
2317,2025-10-04 13:00:00+05:30,21.80676,182.83873,29.36704,182.45898
2318,2025-10-04 14:00:00+05:30,17.5931,172.94778,24.491909,172.82285
2319,2025-10-04 15:00:00+05:30,20.991426,185.90605,30.599998,188.79733
2320,2025-10-04 16:00:00+05:30,12.304682,185.8773,20.625517,189.54445
2321,2025-10-04 17:00:00+05:30,17.468348,178.22858,29.88,180.0
2322,2025-10-04 18:00:00+05:30,17.103788,181.20602,29.253738,184.58789
2323,2025-10-04 19:00:00+05:30,18.252037,185.09203,30.878788,187.70491
2324,2025-10-04 20:00:00+05:30,17.214249,186.60474,29.50518,188.77266
2325,2025-10-04 21:00:00+05:30,16.208996,181.9091,28.356712,184.73335
2326,2025-10-04 22:00:00+05:30,18.469963,192.95276,31.26046,193.3161
2327,2025-10-04 23:00:00+05:30,15.651722,210.39865,26.523596,209.69656
2328,2025-10-05 00:00:00+05:30,13.282243,206.56499,23.908173,206.37207
2329,2025-10-05 01:00:00+05:30,13.776763,197.48808,24.16697,201.40524
2330,2025-10-05 02:00:00+05:30,11.722133,183.52138,21.396542,190.17545
2331,2025-10-05 03:00:00+05:30,11.230904,201.63095,21.697279,202.94896
2332,2025-10-05 04:00:00+05:30,7.689603,196.31393,17.161469,204.14554
2333,2025-10-05 05:00:00+05:30,9.3962755,163.30067,19.460823,177.34937
2334,2025-10-05 06:00:00+05:30,11.212135,174.47255,20.899387,182.46806
2335,2025-10-05 07:00:00+05:30,13.262714,187.8001,18.790829,189.37202
2336,2025-10-05 08:00:00+05:30,15.975444,213.51105,22.419937,212.54173
2337,2025-10-05 09:00:00+05:30,9.939196,215.41714,12.5807,213.91747
2338,2025-10-05 10:00:00+05:30,10.486448,219.42778,13.184308,218.90414
2339,2025-10-05 11:00:00+05:30,16.09969,190.3048,21.286474,191.21487
2340,2025-10-05 12:00:00+05:30,12.708815,217.51918,17.534992,215.81125
2341,2025-10-05 13:00:00+05:30,12.708815,232.4808,18.834743,231.5967
2342,2025-10-05 14:00:00+05:30,10.825469,227.02136,14.766584,225.98767
2343,2025-10-05 15:00:00+05:30,9.021574,208.61037,12.24,208.07239
2344,2025-10-05 16:00:00+05:30,5.22,223.60289,8.55142,220.73201
2345,2025-10-05 17:00:00+05:30,2.4482646,72.89719,4.186693,64.5367
2346,2025-10-05 18:00:00+05:30,3.096837,234.46223,5.5916004,236.82147
2347,2025-10-05 19:00:00+05:30,2.3469129,32.471172,4.724786,17.744766
2348,2025-10-05 20:00:00+05:30,2.36753,98.74608,3.7799997,90.0
2349,2025-10-05 21:00:00+05:30,0.5091169,135.0001,1.8,126.86999
2350,2025-10-05 22:00:00+05:30,1.1525624,141.34016,3.710795,140.90616
2351,2025-10-05 23:00:00+05:30,10.9859,145.0079,19.849846,149.48184
2352,2025-10-06 00:00:00+05:30,7.7734165,137.81563,12.097553,136.80872
2353,2025-10-06 01:00:00+05:30,10.837435,168.50346,18.442753,161.21129
2354,2025-10-06 02:00:00+05:30,5.154415,114.775116,9.080639,140.6307
2355,2025-10-06 03:00:00+05:30,5.983477,223.7812,11.634741,214.91948
2356,2025-10-06 04:00:00+05:30,5.7852573,264.64426,10.814989,251.56496
2357,2025-10-06 05:00:00+05:30,8.723967,21.801476,10.094454,31.138918
2358,2025-10-06 06:00:00+05:30,4.14,270.0,9.178235,258.6901
2359,2025-10-06 07:00:00+05:30,7.7900705,220.31403,11.45513,224.9999
2360,2025-10-06 08:00:00+05:30,3.710795,165.96373,4.8899083,173.6599
2361,2025-10-06 09:00:00+05:30,7.9526596,185.19434,10.182337,188.13002
2362,2025-10-06 10:00:00+05:30,5.2939587,197.81898,6.8541956,203.19861
2363,2025-10-06 11:00:00+05:30,4.542994,236.3099,5.5916004,236.82147
2364,2025-10-06 12:00:00+05:30,5.072041,242.52565,6.544677,238.49579
2365,2025-10-06 13:00:00+05:30,4.7657523,259.1145,6.5049515,255.5792
2366,2025-10-06 14:00:00+05:30,4.6834598,272.20255,6.2999997,270.0
2367,2025-10-06 15:00:00+05:30,1.6199999,270.0,2.16,270.0
2368,2025-10-06 16:00:00+05:30,1.6981165,57.99466,1.9134263,48.814175
2369,2025-10-06 17:00:00+05:30,1.8792552,106.699326,4.0249224,100.30479
2370,2025-10-06 18:00:00+05:30,4.1556225,94.96966,7.970972,96.48298
2371,2025-10-06 19:00:00+05:30,13.979872,214.50858,22.843695,210.80882
2372,2025-10-06 20:00:00+05:30,6.3639607,208.7397,11.196232,216.50153
2373,2025-10-06 21:00:00+05:30,4.4565907,223.36346,10.8792095,218.95592
2374,2025-10-06 22:00:00+05:30,5.634891,243.43501,11.53265,235.81383
2375,2025-10-06 23:00:00+05:30,0.9178235,168.69011,7.689603,212.57405
2376,2025-10-07 00:00:00+05:30,1.8,233.13002,7.7879906,213.6901
2377,2025-10-07 01:00:00+05:30,2.9024127,277.1249,8.383054,255.06853
2378,2025-10-07 02:00:00+05:30,4.1085763,298.8107,10.196647,290.6745
2379,2025-10-07 03:00:00+05:30,1.9134263,311.18582,6.452441,300.1413
2380,2025-10-07 04:00:00+05:30,2.3469129,327.52884,6.269067,309.17365
2381,2025-10-07 05:00:00+05:30,2.6208394,344.05453,5.9427266,324.86572
2382,2025-10-07 06:00:00+05:30,5.1826253,20.323217,6.8612823,4.5139127
2383,2025-10-07 07:00:00+05:30,4.8965297,36.027473,6.989936,34.50859
2384,2025-10-07 08:00:00+05:30,3.9966483,35.837746,4.8965297,36.027473
2385,2025-10-07 09:00:00+05:30,2.2768397,71.564964,2.7943513,75.068535
2386,2025-10-07 10:00:00+05:30,0.17999999,90.0,0.40249225,116.56499
2387,2025-10-07 11:00:00+05:30,3.396233,302.00534,3.9518096,300.06848
2388,2025-10-07 12:00:00+05:30,1.8792552,16.699326,2.4482646,17.102825
2389,2025-10-07 13:00:00+05:30,1.3104197,164.05453,1.609969,153.43501
2390,2025-10-07 14:00:00+05:30,3.219938,153.43501,3.8647635,152.24155
2391,2025-10-07 15:00:00+05:30,4.802999,192.99461,5.983477,195.7087
2392,2025-10-07 16:00:00+05:30,5.7852573,174.64427,8.099999,180.0
2393,2025-10-07 17:00:00+05:30,9.278297,161.91646,15.978486,165.65063
2394,2025-10-07 18:00:00+05:30,9.243311,173.29025,17.355772,174.64427
2395,2025-10-07 19:00:00+05:30,7.7420926,181.33218,15.922626,185.8394
2396,2025-10-07 20:00:00+05:30,7.3821945,178.60284,16.22498,183.17976
2397,2025-10-07 21:00:00+05:30,4.514377,184.57384,12.703715,187.32631
2398,2025-10-07 22:00:00+05:30,3.9966488,172.23492,11.016824,184.6858
2399,2025-10-07 23:00:00+05:30,3.2399998,180.0,8.338489,193.73628
2400,2025-10-08 00:00:00+05:30,1.6299692,173.6599,6.330782,194.82652
2401,2025-10-08 01:00:00+05:30,2.4482646,252.89719,7.056826,232.25313
2402,2025-10-08 02:00:00+05:30,3.550155,300.46545,7.486788,279.68872
2403,2025-10-08 03:00:00+05:30,4.2021422,350.13425,7.689603,327.42596
2404,2025-10-08 04:00:00+05:30,4.5,106.26028,7.0199995,67.3801
2405,2025-10-08 05:00:00+05:30,3.244996,109.440125,4.5891175,48.179924
2406,2025-10-08 06:00:00+05:30,6.048107,126.528946,9.668195,118.9509
2407,2025-10-08 07:00:00+05:30,6.8919086,139.23648,10.094454,140.06367
2408,2025-10-08 08:00:00+05:30,4.8965297,143.97253,6.156947,142.12495
2409,2025-10-08 09:00:00+05:30,5.495161,148.39255,6.6405115,147.17146
2410,2025-10-08 10:00:00+05:30,3.693291,133.02507,4.4565907,133.36346
2411,2025-10-08 11:00:00+05:30,3.710795,157.1663,4.514377,156.50142
2412,2025-10-08 12:00:00+05:30,6.4799995,180.0,7.7400002,180.0
2413,2025-10-08 13:00:00+05:30,0.742159,75.96373,1.0495713,120.96369
2414,2025-10-08 14:00:00+05:30,2.0124612,169.6952,2.5772078,167.90526
2415,2025-10-08 15:00:00+05:30,5.6492476,247.52052,7.16617,244.7223
2416,2025-10-08 16:00:00+05:30,6.297428,239.03632,8.490582,237.99466
2417,2025-10-08 17:00:00+05:30,2.0124612,100.30479,2.995797,122.73522
2418,2025-10-08 18:00:00+05:30,5.318383,113.962494,9.044888,137.41954
2419,2025-10-08 19:00:00+05:30,3.1845248,137.29063,8.731391,165.67725
2420,2025-10-08 20:00:00+05:30,2.4216523,131.98714,7.029225,177.06439
2421,2025-10-08 21:00:00+05:30,2.5772076,155.22488,7.040739,184.39862
2422,2025-10-08 22:00:00+05:30,1.4512063,172.87508,6.0347,197.35411
2423,2025-10-08 23:00:00+05:30,4.991553,154.35904,11.252519,172.64772
2424,2025-10-09 00:00:00+05:30,3.2048087,141.84273,8.849339,175.33322
2425,2025-10-09 01:00:00+05:30,0.71999997,180.0,5.634891,206.56499
2426,2025-10-09 02:00:00+05:30,1.1384199,251.56496,6.2379804,226.16905
2427,2025-10-09 03:00:00+05:30,1.3708391,336.8014,4.353619,277.1249
2428,2025-10-09 04:00:00+05:30,2.9024127,352.87506,4.8965297,323.97253
2429,2025-10-09 05:00:00+05:30,4.2136917,340.0168,10.472536,335.63754
2430,2025-10-09 06:00:00+05:30,4.8899083,353.6599,10.534229,340.0168
2431,2025-10-09 07:00:00+05:30,4.73506,8.746089,7.748368,2.6629453
2432,2025-10-09 08:00:00+05:30,4.829907,26.564985,6.28713,23.629398
2433,2025-10-09 09:00:00+05:30,6.384293,21.501507,8.2584505,20.409975
2434,2025-10-09 10:00:00+05:30,6.854195,29.931421,8.39657,30.963696
2435,2025-10-09 11:00:00+05:30,6.7469993,43.91917,8.149847,43.210114
2436,2025-10-09 12:00:00+05:30,5.815978,21.801476,6.8541956,23.198618
2437,2025-10-09 13:00:00+05:30,9.430695,23.629398,11.465024,22.135553
2438,2025-10-09 14:00:00+05:30,8.131936,354.92047,11.659777,351.11942
2439,2025-10-09 15:00:00+05:30,6.037383,153.43501,7.841887,148.13406
2440,2025-10-09 16:00:00+05:30,7.2044983,192.99461,9.178235,191.30989
2441,2025-10-09 17:00:00+05:30,2.6758924,227.72638,2.5582807,230.71062
2442,2025-10-09 18:00:00+05:30,1.8089776,264.2895,0.9693296,291.80148
2443,2025-10-09 19:00:00+05:30,1.8792552,286.6993,2.5772078,282.09473
2444,2025-10-09 20:00:00+05:30,1.8792552,286.6993,4.060985,282.80426
2445,2025-10-09 21:00:00+05:30,1.2074767,243.43501,3.4949677,258.11136
2446,2025-10-09 22:00:00+05:30,3.219938,243.43501,6.725354,254.47583
2447,2025-10-09 23:00:00+05:30,3.06,241.92761,6.889557,250.1447
2448,2025-10-10 00:00:00+05:30,3.671294,281.3099,9.087772,277.9695
2449,2025-10-10 01:00:00+05:30,3.1845248,312.70938,8.536252,294.94388
2450,2025-10-10 02:00:00+05:30,3.8939953,326.3099,9.82114,318.7154
2451,2025-10-10 03:00:00+05:30,3.62243,333.43503,9.187056,325.37576
2452,2025-10-10 04:00:00+05:30,10.706596,333.00424,19.888983,338.77628
2453,2025-10-10 05:00:00+05:30,7.538541,326.68936,17.349236,329.44412
2454,2025-10-10 06:00:00+05:30,8.287822,2.4894993,16.743872,1.2319523
2455,2025-10-10 07:00:00+05:30,9.499157,350.18076,13.493999,350.78906
2456,2025-10-10 08:00:00+05:30,10.993271,357.1845,14.944336,358.61966
2457,2025-10-10 09:00:00+05:30,12.108261,11.142857,15.85329,12.458241
2458,2025-10-10 10:00:00+05:30,12.140329,15.478702,15.552041,16.127651
2459,2025-10-10 11:00:00+05:30,12.387348,35.537766,15.631007,35.154263
2460,2025-10-10 12:00:00+05:30,10.234705,23.86019,13.121493,26.916481
2461,2025-10-10 13:00:00+05:30,13.755579,42.878906,17.581125,42.510403
2462,2025-10-10 14:00:00+05:30,2.0124612,26.564985,2.7416782,23.198618
2463,2025-10-10 15:00:00+05:30,4.896529,72.89719,6.206738,73.14152
2464,2025-10-10 16:00:00+05:30,6.090812,55.840256,8.55142,59.656826
2465,2025-10-10 17:00:00+05:30,2.6758924,70.346085,7.386582,46.97493
2466,2025-10-10 18:00:00+05:30,5.6492476,59.349415,12.678185,51.34017
2467,2025-10-10 19:00:00+05:30,5.2478566,59.03632,12.830604,55.86401
2468,2025-10-10 20:00:00+05:30,4.072935,44.999897,11.246759,50.194473
2469,2025-10-10 21:00:00+05:30,4.186693,64.5367,11.19189,62.198643
2470,2025-10-10 22:00:00+05:30,5.720489,77.27565,13.776763,72.51192
2471,2025-10-10 23:00:00+05:30,3.964089,92.60251,10.813492,92.86235
2472,2025-10-11 00:00:00+05:30,3.219938,63.435013,10.2742,86.98728
2473,2025-10-11 01:00:00+05:30,2.657668,28.30066,8.43699,78.92985
2474,2025-10-11 02:00:00+05:30,2.6208394,344.05453,5.994297,48.65233
2475,2025-10-11 03:00:00+05:30,4.412754,348.23172,9.568824,16.389616
2476,2025-10-11 04:00:00+05:30,5.0528407,355.91446,11.448055,16.44046
2477,2025-10-11 05:00:00+05:30,8.538149,341.56494,16.909464,348.33124
2478,2025-10-11 06:00:00+05:30,8.936778,350.72748,17.057314,352.72507
2479,2025-10-11 07:00:00+05:30,7.928178,357.3975,13.159711,356.8637
2480,2025-10-11 08:00:00+05:30,11.16145,0.9240338,14.941085,0.69026375
2481,2025-10-11 09:00:00+05:30,11.402683,11.84205,14.508715,11.449314
2482,2025-10-11 10:00:00+05:30,10.829959,15.42223,13.6242285,15.321567
2483,2025-10-11 11:00:00+05:30,13.776763,17.488089,17.64551,18.435053
2484,2025-10-11 12:00:00+05:30,12.872201,20.462362,16.748707,20.772345
2485,2025-10-11 13:00:00+05:30,12.32047,11.802421,16.520823,11.3098955
2486,2025-10-11 14:00:00+05:30,11.659777,8.8805895,16.21699,8.939492
2487,2025-10-11 15:00:00+05:30,9.354806,11.093693,14.411245,9.3446045
2488,2025-10-11 16:00:00+05:30,5.8048253,7.12493,12.525207,7.4313188
2489,2025-10-11 17:00:00+05:30,5.2478566,354.09393,12.961249,359.20428
2490,2025-10-11 18:00:00+05:30,5.0528407,355.91446,12.959999,360.0
2491,2025-10-11 19:00:00+05:30,4.4565907,43.36347,11.431062,26.161512
2492,2025-10-11 20:00:00+05:30,3.6,36.86999,9.82114,26.09537
2493,2025-10-11 21:00:00+05:30,4.278551,75.37909,9.339208,62.447273
2494,2025-10-11 22:00:00+05:30,3.9966488,82.234924,9.114471,80.909805
2495,2025-10-11 23:00:00+05:30,1.2727921,135.0001,5.020677,75.46551
2496,2025-10-12 00:00:00+05:30,0.54,360.0,4.6800003,67.3801
2497,2025-10-12 01:00:00+05:30,0.9693296,338.19852,4.3573384,51.709793
2498,2025-10-12 02:00:00+05:30,1.835647,348.6901,5.6002855,44.999897
2499,2025-10-12 03:00:00+05:30,4.452954,345.9637,7.247096,14.381432
2500,2025-10-12 04:00:00+05:30,8.085988,343.1785,14.813682,355.12082
2501,2025-10-12 05:00:00+05:30,7.458606,351.67444,17.288435,358.21014
2502,2025-10-12 06:00:00+05:30,8.669949,355.23645,16.943918,3.0447254
2503,2025-10-12 07:00:00+05:30,8.827344,2.3372545,14.292725,5.782306
2504,2025-10-12 08:00:00+05:30,8.553314,8.471065,11.543881,10.784258
2505,2025-10-12 09:00:00+05:30,9.059205,20.955858,11.7,22.61991
2506,2025-10-12 10:00:00+05:30,10.094454,31.138918,13.032298,32.59257
2507,2025-10-12 11:00:00+05:30,9.901636,27.03079,12.801531,27.645891
2508,2025-10-12 12:00:00+05:30,10.399576,23.45904,13.690654,24.880348
2509,2025-10-12 13:00:00+05:30,10.088033,15.524177,13.091829,18.435053
2510,2025-10-12 14:00:00+05:30,10.739833,13.5704565,14.494192,14.381432
2511,2025-10-12 15:00:00+05:30,10.041354,14.534496,14.934577,15.376317
2512,2025-10-12 16:00:00+05:30,6.5049515,14.4208145,13.499999,16.26028
2513,2025-10-12 17:00:00+05:30,6.050785,22.751022,15.056652,27.790363
2514,2025-10-12 18:00:00+05:30,5.7515564,20.136398,14.602204,30.358036
2515,2025-10-12 19:00:00+05:30,5.495161,31.607454,14.021525,41.877792
2516,2025-10-12 20:00:00+05:30,5.441838,34.215755,13.902015,48.674606
2517,2025-10-12 21:00:00+05:30,4.991553,25.640957,12.475961,46.169064
2518,2025-10-12 22:00:00+05:30,3.572898,40.9143,10.83893,54.46224
2519,2025-10-12 23:00:00+05:30,1.659518,12.528798,7.5019197,59.743652
2520,2025-10-13 00:00:00+05:30,1.6981165,32.005356,7.24486,63.435013
2521,2025-10-13 01:00:00+05:30,1.9134263,41.185837,7.120815,69.27436
2522,2025-10-13 02:00:00+05:30,2.1068459,19.983198,6.5248446,65.55606
2523,2025-10-13 03:00:00+05:30,2.6208394,15.945477,6.698806,59.300358
2524,2025-10-13 04:00:00+05:30,3.438895,353.9911,6.1305785,40.236294
2525,2025-10-13 05:00:00+05:30,6.12,360.0,13.379461,19.653913
2526,2025-10-13 06:00:00+05:30,8.656858,356.42374,15.226764,6.7888846
2527,2025-10-13 07:00:00+05:30,7.5942073,354.55975,16.943918,356.95526
2528,2025-10-13 08:00:00+05:30,7.928178,357.3975,10.801499,359.04517
2529,2025-10-13 09:00:00+05:30,9.224011,17.020617,11.897714,17.61267
2530,2025-10-13 10:00:00+05:30,10.717182,29.147985,13.799087,30.579157
2531,2025-10-13 11:00:00+05:30,10.028439,21.037588,12.872201,20.462362
2532,2025-10-13 12:00:00+05:30,9.178235,11.3098955,11.755254,11.481962
2533,2025-10-13 13:00:00+05:30,7.970972,6.482988,10.337079,7.0011806
2534,2025-10-13 14:00:00+05:30,8.149847,6.3401003,10.51576,6.8816385
2535,2025-10-13 15:00:00+05:30,7.92,360.0,11.521406,0.8951557
2536,2025-10-13 16:00:00+05:30,5.5916004,356.3087,11.701385,359.11862
2537,2025-10-13 17:00:00+05:30,6.601363,348.9965,15.531195,355.3467
2538,2025-10-13 18:00:00+05:30,7.3997297,355.81516,17.100946,0.60308325
2539,2025-10-13 19:00:00+05:30,7.2359104,354.2895,17.468348,358.22855
2540,2025-10-13 20:00:00+05:30,5.5829024,358.15244,14.957339,2.7590597
2541,2025-10-13 21:00:00+05:30,5.223103,1.9748993,13.733186,10.573479
2542,2025-10-13 22:00:00+05:30,5.426933,354.2895,13.910169,10.437421
2543,2025-10-13 23:00:00+05:30,6.4624763,347.125,16.208996,1.9091109
2544,2025-10-14 00:00:00+05:30,7.1321807,349.82455,16.966848,4.2587643
2545,2025-10-14 01:00:00+05:30,6.9899354,348.11136,16.966848,4.2587643
2546,2025-10-14 02:00:00+05:30,5.937272,345.9637,15.338071,4.0376434
2547,2025-10-14 03:00:00+05:30,5.2694216,352.14676,14.264361,10.175456
2548,2025-10-14 04:00:00+05:30,6.1437774,354.95764,15.095336,8.22664
2549,2025-10-14 05:00:00+05:30,7.3997297,4.184834,19.175703,9.727519
2550,2025-10-14 06:00:00+05:30,9.224011,5.599257,18.11215,10.304792
2551,2025-10-14 07:00:00+05:30,8.197414,8.841739,17.244337,13.891215
2552,2025-10-14 08:00:00+05:30,9.12513,14.858671,12.750811,18.946608
2553,2025-10-14 09:00:00+05:30,10.636766,23.962492,14.169785,25.588474
2554,2025-10-14 10:00:00+05:30,11.51578,24.96276,15.053425,26.258598
2555,2025-10-14 11:00:00+05:30,12.007498,12.99463,15.677576,12.60016
2556,2025-10-14 12:00:00+05:30,12.015589,8.615564,15.655862,8.595839
2557,2025-10-14 13:00:00+05:30,11.588701,6.2418275,15.427586,7.373672
2558,2025-10-14 14:00:00+05:30,11.570515,5.3557334,15.743569,5.9060555
2559,2025-10-14 15:00:00+05:30,10.981475,0.93916947,16.748707,1.8475709
2560,2025-10-14 16:00:00+05:30,9.114471,350.9098,17.552536,354.1141
2561,2025-10-14 17:00:00+05:30,7.968939,341.56494,18.040453,347.90527
2562,2025-10-14 18:00:00+05:30,7.3094187,350.07382,17.505404,355.8725
2563,2025-10-14 19:00:00+05:30,7.0774574,352.69434,17.83454,357.6863
2564,2025-10-14 20:00:00+05:30,8.107996,2.5447557,20.01969,3.6084073
2565,2025-10-14 21:00:00+05:30,7.7420926,358.66782,19.087639,1.6211092
2566,2025-10-14 22:00:00+05:30,6.482499,1.5911111,17.325876,4.1703677
2567,2025-10-14 23:00:00+05:30,5.7599998,360.0,16.248924,4.4473047
2568,2025-10-15 00:00:00+05:30,6.8423676,1.5074003,17.548845,10.041967
2569,2025-10-15 01:00:00+05:30,7.2202215,4.289077,18.204933,14.311081
2570,2025-10-15 02:00:00+05:30,7.7588143,3.9908433,18.59845,14.574262
2571,2025-10-15 03:00:00+05:30,8.101999,358.727,18.557467,8.365811
2572,2025-10-15 04:00:00+05:30,8.287822,2.4894993,18.675812,10.551759
2573,2025-10-15 05:00:00+05:30,9.195868,356.6336,20.81239,5.957036
2574,2025-10-15 06:00:00+05:30,9.779817,6.3401003,18.99661,12.5876875
2575,2025-10-15 07:00:00+05:30,9.3876505,4.398633,17.581125,10.61961
2576,2025-10-15 08:00:00+05:30,10.387107,8.97255,14.297258,10.885482
2577,2025-10-15 09:00:00+05:30,11.402683,11.84205,15.151039,13.045651
2578,2025-10-15 10:00:00+05:30,12.049249,13.828678,16.024044,14.972926
2579,2025-10-15 11:00:00+05:30,11.304229,9.16228,14.796175,9.806025
2580,2025-10-15 12:00:00+05:30,12.605142,1.6365454,16.5688,1.867638
2581,2025-10-15 13:00:00+05:30,13.14493,358.43066,17.823635,358.84268
2582,2025-10-15 14:00:00+05:30,12.882267,352.7758,18.129137,353.15732
2583,2025-10-15 15:00:00+05:30,9.6228485,352.47626,15.564537,354.02576
2584,2025-10-15 16:00:00+05:30,5.8298883,8.8805895,13.523978,9.963748
2585,2025-10-15 17:00:00+05:30,5.728979,43.72705,13.737904,31.607454
2586,2025-10-15 18:00:00+05:30,4.8433046,48.01287,12.145665,39.588108
2587,2025-10-15 19:00:00+05:30,3.4576871,51.34017,10.957846,47.66307
2588,2025-10-15 20:00:00+05:30,3.8939953,56.3099,11.196232,53.49847
2589,2025-10-15 21:00:00+05:30,4.278551,67.75093,11.207801,60.141087
2590,2025-10-15 22:00:00+05:30,4.7110505,83.41815,11.799271,68.52315
2591,2025-10-15 23:00:00+05:30,3.9763298,95.19434,10.8792095,73.66389
2592,2025-10-16 00:00:00+05:30,2.6758924,70.346085,9.568824,73.61038
2593,2025-10-16 01:00:00+05:30,2.995797,327.26477,5.634891,26.564985
2594,2025-10-16 02:00:00+05:30,6.8919086,319.23648,11.7662735,330.6901
2595,2025-10-16 03:00:00+05:30,6.7469993,316.08084,15.192682,323.67307
2596,2025-10-16 04:00:00+05:30,7.562142,321.7661,17.134071,328.31366
2597,2025-10-16 05:00:00+05:30,9.19939,329.42084,19.888983,334.8265
2598,2025-10-16 06:00:00+05:30,10.548061,334.7469,19.869423,340.41592
2599,2025-10-16 07:00:00+05:30,8.958504,337.5572,17.703253,341.01227
2600,2025-10-16 08:00:00+05:30,9.3962755,343.3007,13.1041975,344.05453
2601,2025-10-16 09:00:00+05:30,10.261579,344.7448,13.577776,345.41104
2602,2025-10-16 10:00:00+05:30,10.360559,352.01077,13.596852,353.15732
2603,2025-10-16 11:00:00+05:30,10.215693,345.71887,12.966248,346.34955
2604,2025-10-16 12:00:00+05:30,10.137692,343.49554,13.154786,343.3007
2605,2025-10-16 13:00:00+05:30,9.676569,341.56494,12.522619,341.56494
2606,2025-10-16 14:00:00+05:30,9.605998,347.00537,12.886039,347.90527
2607,2025-10-16 15:00:00+05:30,7.4346757,353.04715,11.588701,353.75818
2608,2025-10-16 16:00:00+05:30,3.7971036,5.4402504,9.321845,10.007925
2609,2025-10-16 17:00:00+05:30,3.396233,57.99466,9.313152,41.081665
2610,2025-10-16 18:00:00+05:30,2.0991426,59.03632,7.889258,34.777905
2611,2025-10-16 19:00:00+05:30,0.8049845,26.564985,6.21717,22.109503
2612,2025-10-16 20:00:00+05:30,1.9469976,326.3099,6.302571,358.36346
2613,2025-10-16 21:00:00+05:30,1.5379207,339.44388,5.020677,14.534496
2614,2025-10-16 22:00:00+05:30,0.9,306.86996,3.143565,13.240531
2615,2025-10-16 23:00:00+05:30,1.26,180.0,3.3092597,112.38018
2616,2025-10-17 00:00:00+05:30,1.6199999,180.0,2.7416782,113.19862
2617,2025-10-17 01:00:00+05:30,0.5091169,224.9999,1.1525624,38.65983
2618,2025-10-17 02:00:00+05:30,2.3469129,302.47116,5.4656014,342.75845
2619,2025-10-17 03:00:00+05:30,5.6521144,322.76508,10.30883,335.22488
2620,2025-10-17 04:00:00+05:30,6.2379804,313.83093,13.324863,321.5819
2621,2025-10-17 05:00:00+05:30,5.48631,318.991,14.292725,328.91257
2622,2025-10-17 06:00:00+05:30,7.562142,321.7661,13.934605,331.4487
2623,2025-10-17 07:00:00+05:30,6.8423676,324.63745,14.571108,332.80194
2624,2025-10-17 08:00:00+05:30,7.5685663,334.65387,10.399576,336.54095
2625,2025-10-17 09:00:00+05:30,6.898956,352.50424,8.849339,355.33322
2626,2025-10-17 10:00:00+05:30,6.9550843,10.437421,8.825508,11.76827
2627,2025-10-17 11:00:00+05:30,9.321845,10.007925,11.866355,9.605136
2628,2025-10-17 12:00:00+05:30,8.297589,3.7313232,10.644379,3.8784592
2629,2025-10-17 13:00:00+05:30,6.849467,356.98727,8.836514,356.49652
2630,2025-10-17 14:00:00+05:30,6.4323244,342.072,8.2584505,343.53992
2631,2025-10-17 15:00:00+05:30,5.991594,327.26477,8.6193495,331.29416
2632,2025-10-17 16:00:00+05:30,3.572898,319.0857,8.534353,332.3541
2633,2025-10-17 17:00:00+05:30,6.050785,329.62094,14.64209,339.1141
2634,2025-10-17 18:00:00+05:30,5.318383,336.0375,12.32047,348.19757
2635,2025-10-17 19:00:00+05:30,4.323748,357.6141,10.7714615,9.619657
2636,2025-10-17 20:00:00+05:30,3.7971041,31.429514,10.158444,29.744795
2637,2025-10-17 21:00:00+05:30,2.3400002,22.61991,8.3520775,37.116943
2638,2025-10-17 22:00:00+05:30,3.7842832,334.65387,7.989243,14.349371
2639,2025-10-17 23:00:00+05:30,4.5891175,318.1799,8.297589,347.4712
2640,2025-10-18 00:00:00+05:30,4.5536795,341.56494,9.726665,357.87894
2641,2025-10-18 01:00:00+05:30,4.8633323,357.87894,11.173057,2.7701654
2642,2025-10-18 02:00:00+05:30,5.8298883,351.11942,13.510796,357.70944
2643,2025-10-18 03:00:00+05:30,6.7205353,352.30405,15.84409,1.3019345
2644,2025-10-18 04:00:00+05:30,7.562142,358.6361,18.287504,6.215545
2645,2025-10-18 05:00:00+05:30,7.2359104,5.7105074,17.935081,10.407656
2646,2025-10-18 06:00:00+05:30,8.885877,6.980963,17.90344,12.778742
2647,2025-10-18 07:00:00+05:30,8.64,360.0,19.804907,7.8354335
2648,2025-10-18 08:00:00+05:30,9.3876505,4.398633,13.397612,6.170083
2649,2025-10-18 09:00:00+05:30,9.82279,13.781618,12.931218,16.164576
2650,2025-10-18 10:00:00+05:30,7.7650757,45.939102,10.055864,45.72514
2651,2025-10-18 11:00:00+05:30,6.2067385,60.461315,7.995323,58.81509
2652,2025-10-18 12:00:00+05:30,4.6800003,67.3801,5.815978,68.19853
2653,2025-10-18 13:00:00+05:30,3.0811036,83.29026,3.7971036,84.55976
2654,2025-10-18 14:00:00+05:30,2.0523157,307.87503,2.3051248,321.34018
2655,2025-10-18 15:00:00+05:30,3.8939953,326.3099,5.0432134,325.17545
2656,2025-10-18 16:00:00+05:30,4.1556225,85.03035,7.69592,79.21575
2657,2025-10-18 17:00:00+05:30,1.4058449,129.80553,3.7064266,119.05451
2658,2025-10-18 18:00:00+05:30,3.9966483,125.837746,7.0107627,119.197395
2659,2025-10-18 19:00:00+05:30,5.0975285,132.13753,9.614426,128.15727
2660,2025-10-18 20:00:00+05:30,4.6800003,157.3801,9.913082,150.64235
2661,2025-10-18 21:00:00+05:30,4.8965297,143.97253,12.193589,148.89125
2662,2025-10-18 22:00:00+05:30,3.563818,135.0001,9.396275,143.56905
2663,2025-10-18 23:00:00+05:30,2.1749482,155.55606,6.0908127,161.0295
2664,2025-10-19 00:00:00+05:30,1.4058449,140.19447,5.09435,147.99466
2665,2025-10-19 01:00:00+05:30,1.0182338,44.999897,4.913044,118.442825
2666,2025-10-19 02:00:00+05:30,1.3104197,344.05453,0.9,126.86999
2667,2025-10-19 03:00:00+05:30,2.6208394,344.05453,2.1897945,350.53775
2668,2025-10-19 04:00:00+05:30,3.0652895,356.6336,4.3349743,4.763556
2669,2025-10-19 05:00:00+05:30,3.8141315,340.70987,9.82279,346.21838
2670,2025-10-19 06:00:00+05:30,9.54679,357.83896,17.823635,1.157312
2671,2025-10-19 07:00:00+05:30,3.4576871,38.65983,5.8769383,27.349789
2672,2025-10-19 08:00:00+05:30,4.143911,55.6196,6.156947,52.124958
2673,2025-10-19 09:00:00+05:30,4.7521367,65.37646,6.439876,63.435013
2674,2025-10-19 10:00:00+05:30,4.1046314,52.124958,5.004518,52.3057
2675,2025-10-19 11:00:00+05:30,6.279395,62.70051,7.729527,62.24156
2676,2025-10-19 12:00:00+05:30,6.2067385,60.461315,7.570707,61.60708
2677,2025-10-19 13:00:00+05:30,4.5,73.73973,5.8631387,72.12121
2678,2025-10-19 14:00:00+05:30,6.8423676,63.435013,8.694204,62.904526
2679,2025-10-19 15:00:00+05:30,4.2481523,53.61555,5.796447,53.84173
2680,2025-10-19 16:00:00+05:30,2.2553935,298.61035,2.6758924,340.3461
2681,2025-10-19 17:00:00+05:30,7.42159,202.8337,14.414617,195.94547
2682,2025-10-19 18:00:00+05:30,5.692099,214.69522,12.5032,202.8737
2683,2025-10-19 19:00:00+05:30,4.7928696,214.28693,12.10157,202.751
2684,2025-10-19 20:00:00+05:30,4.5820518,224.9999,9.693296,211.32863
2685,2025-10-19 21:00:00+05:30,4.3274937,224.9999,9.2660675,209.0545
2686,2025-10-19 22:00:00+05:30,3.244996,273.17978,5.994297,228.65231
2687,2025-10-19 23:00:00+05:30,3.244996,250.55988,6.502461,221.63345
2688,2025-10-20 00:00:00+05:30,3.9763298,264.80566,6.156947,232.12495
2689,2025-10-20 01:00:00+05:30,6.5049515,345.5792,8.035746,344.40714
2690,2025-10-20 02:00:00+05:30,6.12,331.9276,9.743305,348.2749
2691,2025-10-20 03:00:00+05:30,6.452441,337.01126,8.197414,351.15826
2692,2025-10-20 04:00:00+05:30,7.42159,345.9637,12.783802,350.2725
2693,2025-10-20 05:00:00+05:30,6.1858225,351.63422,14.404499,1.4320632
2694,2025-10-20 06:00:00+05:30,7.486788,350.31128,14.813682,4.8791914
2695,2025-10-20 07:00:00+05:30,5.9399996,360.0,14.332341,11.592147
2696,2025-10-20 08:00:00+05:30,9.05205,17.354122,12.641076,19.983198
2697,2025-10-20 09:00:00+05:30,12.24,28.072395,16.546299,30.749897
2698,2025-10-20 10:00:00+05:30,14.410121,41.45514,19.61587,42.768803
2699,2025-10-20 11:00:00+05:30,13.493999,46.080845,18.080818,46.613503
2700,2025-10-20 12:00:00+05:30,12.483748,42.662663,17.063011,43.29022
2701,2025-10-20 13:00:00+05:30,11.753876,40.030197,16.204998,40.946358
2702,2025-10-20 14:00:00+05:30,10.383987,33.6901,15.277749,34.43906
2703,2025-10-20 15:00:00+05:30,7.42159,22.833694,13.3649235,25.529652
2704,2025-10-20 16:00:00+05:30,4.503598,357.70944,11.633348,8.004644
2705,2025-10-20 17:00:00+05:30,5.2694216,352.14676,12.466867,4.969664
2706,2025-10-20 18:00:00+05:30,5.4029994,358.09088,13.288341,8.569064
2707,2025-10-20 19:00:00+05:30,2.50064,30.256361,9.796366,20.43291
2708,2025-10-20 20:00:00+05:30,2.4482648,36.027473,9.693296,31.328646
2709,2025-10-20 21:00:00+05:30,2.9522195,37.568665,10.583326,41.552525
2710,2025-10-20 22:00:00+05:30,3.4388947,42.878906,10.948973,46.332153
2711,2025-10-20 23:00:00+05:30,4.942631,33.111355,12.992459,42.754242
2712,2025-10-21 00:00:00+05:30,6.601363,25.866312,16.188995,41.845074
2713,2025-10-21 01:00:00+05:30,7.7420926,17.592522,17.974781,32.73523
2714,2025-10-21 02:00:00+05:30,8.209263,15.255177,18.620214,29.5387
2715,2025-10-21 03:00:00+05:30,8.311245,17.650223,19.483284,27.511923
2716,2025-10-21 04:00:00+05:30,8.694204,27.095472,20.12944,31.842413
2717,2025-10-21 05:00:00+05:30,8.626865,23.355589,20.380579,35.655422
2718,2025-10-21 06:00:00+05:30,10.636766,23.962492,20.868359,34.101322
2719,2025-10-21 07:00:00+05:30,9.096681,27.072004,21.85203,36.964386
2720,2025-10-21 08:00:00+05:30,10.248941,30.618525,15.277749,34.43906
2721,2025-10-21 09:00:00+05:30,11.341428,35.960606,15.408671,37.405437
2722,2025-10-21 10:00:00+05:30,12.538134,39.173653,16.595179,40.601215
2723,2025-10-21 11:00:00+05:30,11.183201,33.178535,14.77755,34.07725
2724,2025-10-21 12:00:00+05:30,9.7565975,29.875906,12.594856,30.963696
2725,2025-10-21 13:00:00+05:30,9.354806,30.018288,12.348052,30.67721
2726,2025-10-21 14:00:00+05:30,9.354806,30.018288,12.904882,30.1413
2727,2025-10-21 15:00:00+05:30,7.256032,23.385246,12.72283,25.114815
2728,2025-10-21 16:00:00+05:30,4.6938252,4.398633,12.2519045,10.154214
2729,2025-10-21 17:00:00+05:30,4.7110505,353.41815,11.032987,5.6174936
2730,2025-10-21 18:00:00+05:30,5.2478566,354.09393,12.145665,6.808965
2731,2025-10-21 19:00:00+05:30,5.6262593,7.3522935,14.230248,18.435053
2732,2025-10-21 20:00:00+05:30,6.320538,19.983198,16.59225,28.511152
2733,2025-10-21 21:00:00+05:30,5.9834766,21.161337,15.561414,29.827002
2734,2025-10-21 22:00:00+05:30,5.637765,16.699326,14.328949,26.886866
2735,2025-10-21 23:00:00+05:30,5.7628117,358.21014,15.833861,8.498481
2736,2025-10-22 00:00:00+05:30,5.6521144,9.16228,15.922624,10.42066
2737,2025-10-22 01:00:00+05:30,5.6262593,7.3522935,15.192682,13.706991
2738,2025-10-22 02:00:00+05:30,5.896202,12.339083,15.5395355,18.225176
2739,2025-10-22 03:00:00+05:30,5.4744864,9.462261,14.49531,24.973894
2740,2025-10-22 04:00:00+05:30,7.102591,8.746089,16.645864,21.571367
2741,2025-10-22 05:00:00+05:30,7.9526596,5.19435,18.728653,13.902718
2742,2025-10-22 06:00:00+05:30,10.658068,4.84392,20.480488,12.692668
2743,2025-10-22 07:00:00+05:30,8.669949,4.763556,21.068459,16.88688
2744,2025-10-22 08:00:00+05:30,8.613709,10.840266,14.068816,16.348253
2745,2025-10-22 09:00:00+05:30,10.765445,20.556128,14.607751,22.456984
2746,2025-10-22 10:00:00+05:30,13.282243,26.564985,17.790886,27.083479
2747,2025-10-22 11:00:00+05:30,13.32,18.924751,17.5931,19.73279
2748,2025-10-22 12:00:00+05:30,11.844492,16.78272,15.655861,17.393408
2749,2025-10-22 13:00:00+05:30,10.483357,15.945477,14.068816,16.348253
2750,2025-10-22 14:00:00+05:30,9.82279,13.781618,13.403656,14.782774
2751,2025-10-22 15:00:00+05:30,6.424764,11.3098955,11.177405,14.931467
2752,2025-10-22 16:00:00+05:30,3.2599385,6.3401003,8.431228,16.113499
2753,2025-10-22 17:00:00+05:30,4.39436,325.0079,9.6480665,345.9637
2754,2025-10-22 18:00:00+05:30,3.9312592,344.05453,9.266067,7.8152027
2755,2025-10-22 19:00:00+05:30,2.8174455,26.564985,7.8149853,38.453735
2756,2025-10-22 20:00:00+05:30,1.3708391,66.801384,4.942631,56.88865
2757,2025-10-22 21:00:00+05:30,0.40249225,153.43501,2.19718,55.0079
2758,2025-10-22 22:00:00+05:30,0.54,270.0,1.4512063,330.25522
2759,2025-10-22 23:00:00+05:30,3.710795,309.09384,4.6800003,337.3801
2760,2025-10-23 00:00:00+05:30,4.293669,326.97614,6.424764,348.6901
2761,2025-10-23 01:00:00+05:30,4.2021422,350.13425,7.029225,2.93562
2762,2025-10-23 02:00:00+05:30,3.7971036,5.4402504,7.040739,4.398633
2763,2025-10-23 03:00:00+05:30,4.353619,7.12493,8.4042845,9.865748
2764,2025-10-23 04:00:00+05:30,5.0911684,351.87,11.45513,8.130019
2765,2025-10-23 05:00:00+05:30,5.896202,328.73633,13.450708,344.47583
2766,2025-10-23 06:00:00+05:30,6.9527545,338.74942,12.241323,342.8972
2767,2025-10-23 07:00:00+05:30,5.4477882,352.40543,12.549757,351.75375
2768,2025-10-23 08:00:00+05:30,6.542201,352.09293,9.403169,354.50775
2769,2025-10-23 09:00:00+05:30,7.256032,7.12493,9.321845,10.007925
2770,2025-10-23 10:00:00+05:30,8.461915,23.838743,10.711135,24.842371
2771,2025-10-23 11:00:00+05:30,8.863972,23.962492,11.276967,24.51963
2772,2025-10-23 12:00:00+05:30,7.989242,22.520613,10.163227,22.93213
2773,2025-10-23 13:00:00+05:30,7.353611,21.54104,9.459852,21.194136
2774,2025-10-23 14:00:00+05:30,7.0038276,25.90646,9.102021,24.537718
2775,2025-10-23 15:00:00+05:30,4.7827187,19.798973,7.5213294,21.037588
2776,2025-10-23 16:00:00+05:30,3.1072817,349.99207,7.562142,358.6361
2777,2025-10-23 17:00:00+05:30,4.7521367,335.37646,11.409785,353.6599
2778,2025-10-23 18:00:00+05:30,4.278551,345.3791,10.717182,7.7217383
2779,2025-10-23 19:00:00+05:30,1.835647,11.3098955,7.3469996,30.963696
2780,2025-10-23 20:00:00+05:30,1.2727921,81.86999,5.4833565,66.801384
2781,2025-10-23 21:00:00+05:30,0.56920993,108.43504,3.536439,75.25639
2782,2025-10-23 22:00:00+05:30,0.742159,165.96373,3.143565,113.62939
2783,2025-10-23 23:00:00+05:30,0.9178235,11.3098955,0.5091169,44.999897
2784,2025-10-24 00:00:00+05:30,2.34,360.0,3.06,28.072395
2785,2025-10-24 01:00:00+05:30,1.7727944,336.0375,2.7534704,11.3098955
2786,2025-10-24 02:00:00+05:30,1.484318,345.9637,3.644722,20.224945
2787,2025-10-24 03:00:00+05:30,1.6199999,360.0,5.0432134,34.82457
2788,2025-10-24 04:00:00+05:30,1.3104197,344.05453,5.728979,43.72705
2789,2025-10-24 05:00:00+05:30,5.3305535,348.31067,9.54,360.0
2790,2025-10-24 06:00:00+05:30,6.8423676,1.5074003,10.8792095,16.336123
2791,2025-10-24 07:00:00+05:30,6.542201,352.09293,13.288341,8.569064
2792,2025-10-24 08:00:00+05:30,7.0223074,1.4687687,10.120098,5.102074
2793,2025-10-24 09:00:00+05:30,8.12197,12.804273,10.435344,14.995138
2794,2025-10-24 10:00:00+05:30,7.968939,18.435053,10.196647,20.67451
2795,2025-10-24 11:00:00+05:30,7.16617,25.277687,8.777654,28.141502
2796,2025-10-24 12:00:00+05:30,5.4744864,27.40749,6.854195,29.931421
2797,2025-10-24 13:00:00+05:30,2.9301877,42.510403,3.572898,40.9143
2798,2025-10-24 14:00:00+05:30,1.6199999,90.0,1.9881649,84.805664
2799,2025-10-24 15:00:00+05:30,2.16,90.0,2.7059932,86.186005
2800,2025-10-24 16:00:00+05:30,3.189608,106.38962,4.143911,92.4895
2801,2025-10-24 17:00:00+05:30,0.54,90.0,3.096837,35.537766
2802,2025-10-24 18:00:00+05:30,3.4763772,158.74942,6.439876,153.43501
2803,2025-10-24 19:00:00+05:30,5.9644947,174.80566,12.503199,173.38664
2804,2025-10-24 20:00:00+05:30,5.068846,196.50444,12.503199,186.61336
2805,2025-10-24 21:00:00+05:30,4.278551,194.62091,10.993271,182.81549
2806,2025-10-24 22:00:00+05:30,2.6208394,195.94547,8.821836,178.83089
2807,2025-10-24 23:00:00+05:30,2.0124612,206.56499,8.281956,181.24533
2808,2025-10-25 00:00:00+05:30,1.3104197,195.94547,7.579261,175.91446
2809,2025-10-25 01:00:00+05:30,0.742159,104.03627,6.542201,172.09293
2810,2025-10-25 02:00:00+05:30,0.9,90.0,5.5450516,166.86597
2811,2025-10-25 03:00:00+05:30,0.9178235,101.3099,4.6730714,164.3577
2812,2025-10-25 04:00:00+05:30,0.9,90.0,3.710795,157.1663
2813,2025-10-25 05:00:00+05:30,1.9134263,228.81418,6.2145634,190.00792
2814,2025-10-25 06:00:00+05:30,3.536439,345.25638,2.3400002,292.6199
2815,2025-10-25 07:00:00+05:30,5.0528407,355.91446,6.9899354,348.11136
2816,2025-10-25 08:00:00+05:30,5.7852573,5.3557334,7.2202215,4.289077
2817,2025-10-25 09:00:00+05:30,7.8954163,24.227736,9.906544,24.702408
2818,2025-10-25 10:00:00+05:30,9.085988,33.6901,11.634741,34.919483
2819,2025-10-25 11:00:00+05:30,8.187527,33.340725,10.383987,33.6901
2820,2025-10-25 12:00:00+05:30,7.0934615,35.706783,9.0,36.86999
2821,2025-10-25 13:00:00+05:30,6.552099,37.184795,8.320986,38.853382
2822,2025-10-25 14:00:00+05:30,6.156947,52.124958,7.8480825,53.392834
2823,2025-10-25 15:00:00+05:30,4.829907,63.435013,6.3639607,61.26031
2824,2025-10-25 16:00:00+05:30,3.2399998,90.0,7.029225,76.67546
2825,2025-10-25 17:00:00+05:30,12.931218,106.16457,22.180206,103.13403
2826,2025-10-25 18:00:00+05:30,3.4152596,71.564964,8.885877,96.980965
2827,2025-10-25 19:00:00+05:30,4.2021427,46.73567,9.391102,77.82856
2828,2025-10-25 20:00:00+05:30,4.1125174,113.198616,9.668195,118.9509
2829,2025-10-25 21:00:00+05:30,4.1085763,118.8107,9.422101,133.45189
2830,2025-10-25 22:00:00+05:30,2.7943513,104.93147,7.127636,135.0001
2831,2025-10-25 23:00:00+05:30,2.4014995,167.00539,8.297589,176.26868
2832,2025-10-26 00:00:00+05:30,0.742159,104.03627,5.020677,165.4655
2833,2025-10-26 01:00:00+05:30,0.71999997,90.0,3.7971041,148.57048
2834,2025-10-26 02:00:00+05:30,0.742159,104.03627,3.9966483,144.16226
2835,2025-10-26 03:00:00+05:30,0.56920993,18.435053,2.19718,124.992096
2836,2025-10-26 04:00:00+05:30,3.4152596,341.56494,4.060985,347.19574
2837,2025-10-26 05:00:00+05:30,3.6402748,351.4693,6.130579,356.6336
2838,2025-10-26 06:00:00+05:30,5.0911684,351.87,6.12,360.0
2839,2025-10-26 07:00:00+05:30,4.143911,357.5105,6.8423676,358.4926
2840,2025-10-26 08:00:00+05:30,4.8733153,4.23632,6.1437774,5.0423646
2841,2025-10-26 09:00:00+05:30,5.3517847,19.653913,6.5520988,20.924576
2842,2025-10-26 10:00:00+05:30,5.4744864,46.332153,7.0107627,48.122223
2843,2025-10-26 11:00:00+05:30,6.090812,55.840256,7.841887,58.134064
2844,2025-10-26 12:00:00+05:30,6.9153743,51.34017,8.641874,54.323517
2845,2025-10-26 13:00:00+05:30,6.8777895,42.878906,8.65873,46.684647
2846,2025-10-26 14:00:00+05:30,6.623413,47.20262,8.55142,49.267986
2847,2025-10-26 15:00:00+05:30,6.6185193,67.61982,8.557102,67.75093
2848,2025-10-26 16:00:00+05:30,4.6102495,51.34017,10.158444,60.25522
2849,2025-10-26 17:00:00+05:30,7.127636,44.999897,15.210799,50.28129
2850,2025-10-26 18:00:00+05:30,6.889557,56.725105,15.156384,52.721752
2851,2025-10-26 19:00:00+05:30,2.4149535,63.435013,8.085988,73.17851
2852,2025-10-26 20:00:00+05:30,5.402999,29.981556,10.626099,51.18861
2853,2025-10-26 21:00:00+05:30,3.9477081,46.8476,11.038858,65.94266
2854,2025-10-26 22:00:00+05:30,2.9522195,52.431335,9.568824,73.61038
2855,2025-10-26 23:00:00+05:30,2.5264204,85.91447,9.0018,91.14574
2856,2025-10-27 00:00:00+05:30,1.5379207,110.55613,7.689603,110.55613
2857,2025-10-27 01:00:00+05:30,0.9,36.86999,5.6492476,112.47948
2858,2025-10-27 02:00:00+05:30,3.01735,17.354122,5.195113,75.96373
2859,2025-10-27 03:00:00+05:30,3.9477081,24.227736,7.570707,61.60708
2860,2025-10-27 04:00:00+05:30,6.279395,27.29949,11.988594,48.65233
2861,2025-10-27 05:00:00+05:30,6.6405115,32.82854,15.021105,44.029083
2862,2025-10-27 06:00:00+05:30,8.287822,34.3804,15.281989,43.09086
2863,2025-10-27 07:00:00+05:30,6.299999,36.86999,13.874019,45.525578
2864,2025-10-27 08:00:00+05:30,7.653705,41.185837,10.564941,45.690197
2865,2025-10-27 09:00:00+05:30,9.449572,49.635548,12.313894,52.124958
2866,2025-10-27 10:00:00+05:30,11.511559,63.03437,14.974658,64.35905
2867,2025-10-27 11:00:00+05:30,10.805999,88.09089,13.864674,88.51217
2868,2025-10-27 12:00:00+05:30,9.72,90.0,12.605142,91.63654
2869,2025-10-27 13:00:00+05:30,9.726665,92.12105,12.800265,93.22446
2870,2025-10-27 14:00:00+05:30,8.821836,91.16911,12.0653715,91.70978
2871,2025-10-27 15:00:00+05:30,9.346143,74.3577,14.721535,78.00312
2872,2025-10-27 16:00:00+05:30,7.353611,68.45896,15.042659,68.96242
2873,2025-10-27 17:00:00+05:30,8.297589,139.39879,17.448862,137.09016
2874,2025-10-27 18:00:00+05:30,6.444905,125.90981,15.489414,128.86778
2875,2025-10-27 19:00:00+05:30,6.7205353,82.30404,15.3264475,93.366394
2876,2025-10-27 20:00:00+05:30,6.2067385,119.53869,16.237955,121.39941
2877,2025-10-27 21:00:00+05:30,6.489992,123.6901,16.478603,130.12604
2878,2025-10-27 22:00:00+05:30,6.924738,98.97255,15.94804,110.48044
2879,2025-10-27 23:00:00+05:30,3.8141315,109.290146,10.6261,116.13094
2880,2025-10-28 00:00:00+05:30,8.311245,94.96966,16.635155,103.13403
2881,2025-10-28 01:00:00+05:30,6.050785,67.24899,13.330941,92.32148
2882,2025-10-28 02:00:00+05:30,6.8777895,42.878906,14.734735,64.68715
2883,2025-10-28 03:00:00+05:30,7.382195,44.999897,16.584438,64.26935
2884,2025-10-28 04:00:00+05:30,8.78872,55.0079,18.954777,71.73702
2885,2025-10-28 05:00:00+05:30,5.6521144,99.16227,15.430736,106.9554
2886,2025-10-28 06:00:00+05:30,6.7397914,55.885483,12.979984,86.82024
2887,2025-10-28 07:00:00+05:30,6.2613096,71.564964,10.1376915,83.88459
2888,2025-10-28 08:00:00+05:30,9.854075,99.46225,13.062098,101.929306
2889,2025-10-28 09:00:00+05:30,14.861722,106.898735,19.758228,106.94931
2890,2025-10-28 10:00:00+05:30,17.258425,120.04128,23.200457,118.75227
2891,2025-10-28 11:00:00+05:30,13.979872,124.50858,18.272436,124.159744
2892,2025-10-28 12:00:00+05:30,16.42346,117.407486,21.822353,118.04459
2893,2025-10-28 13:00:00+05:30,11.837652,118.12364,15.94601,118.30067
2894,2025-10-28 14:00:00+05:30,15.176678,123.87858,20.518421,123.55069
2895,2025-10-28 15:00:00+05:30,10.571074,132.92996,15.027575,133.05853
2896,2025-10-28 16:00:00+05:30,9.449572,139.63554,16.419514,135.44409
2897,2025-10-28 17:00:00+05:30,8.707237,119.74479,18.58451,121.534744
2898,2025-10-28 18:00:00+05:30,12.108261,131.98714,20.605871,128.97247
2899,2025-10-28 19:00:00+05:30,6.4624763,167.125,13.184308,147.82881
2900,2025-10-28 20:00:00+05:30,8.0599,156.29735,17.077248,147.48251
2901,2025-10-28 21:00:00+05:30,7.0107627,131.87779,16.443172,131.89389
2902,2025-10-28 22:00:00+05:30,4.3573384,128.2902,12.652604,129.80553
2903,2025-10-28 23:00:00+05:30,6.898956,97.495766,16.685717,110.19443
2904,2025-10-29 00:00:00+05:30,6.2405767,56.768288,13.849476,81.02746
2905,2025-10-29 01:00:00+05:30,8.490582,184.86443,13.450708,164.47583
2906,2025-10-29 02:00:00+05:30,9.102021,114.53771,16.701244,120.43416
2907,2025-10-29 03:00:00+05:30,13.737904,121.60746,23.913593,123.331245
2908,2025-10-29 04:00:00+05:30,10.132897,102.30801,19.530622,109.93808
2909,2025-10-29 05:00:00+05:30,12.0694,107.35411,21.325253,111.801476
2910,2025-10-29 06:00:00+05:30,12.287555,121.82741,21.26744,123.9591
2911,2025-10-29 07:00:00+05:30,12.642357,118.024414,20.224983,122.27561
2912,2025-10-29 08:00:00+05:30,11.35285,115.34614,16.50709,117.96214
2913,2025-10-29 09:00:00+05:30,12.193589,121.10875,15.931779,122.07397
2914,2025-10-29 10:00:00+05:30,15.027575,133.05853,18.852798,132.67845
2915,2025-10-29 11:00:00+05:30,12.16832,150.78085,20.473368,150.50514
2916,2025-10-29 12:00:00+05:30,16.344357,143.5086,23.080042,144.2025
2917,2025-10-29 13:00:00+05:30,15.546833,137.81563,21.420755,138.40654
2918,2025-10-29 14:00:00+05:30,15.401311,135.47345,21.129883,135.6902
2919,2025-10-29 15:00:00+05:30,13.684735,144.63745,20.380579,144.34459
2920,2025-10-29 16:00:00+05:30,9.688281,144.83348,17.123669,146.14285
2921,2025-10-29 17:00:00+05:30,7.8149853,104.67644,16.851885,113.27898
2922,2025-10-29 18:00:00+05:30,10.662626,111.801476,18.57143,123.53607
2923,2025-10-29 19:00:00+05:30,9.096681,117.072,17.892578,126.40887
2924,2025-10-29 20:00:00+05:30,5.634891,116.56499,13.036026,125.44579
2925,2025-10-29 21:00:00+05:30,5.7515564,110.13639,12.538134,129.17365
2926,2025-10-29 22:00:00+05:30,8.790563,137.4896,16.836496,151.24298
2927,2025-10-29 23:00:00+05:30,7.9220443,111.317986,16.45204,126.99536
2928,2025-10-30 00:00:00+05:30,6.6818557,94.635376,14.813683,117.499054
2929,2025-10-30 01:00:00+05:30,6.9480934,106.55715,15.095336,120.84652
2930,2025-10-30 02:00:00+05:30,5.6060677,84.47256,11.583109,122.94922
2931,2025-10-30 03:00:00+05:30,8.36758,108.8248,16.344357,126.49139
2932,2025-10-30 04:00:00+05:30,7.229191,108.886185,15.30741,131.18582
2933,2025-10-30 05:00:00+05:30,5.637765,163.30067,15.477906,171.30458
2934,2025-10-30 06:00:00+05:30,3.096837,125.537766,7.3997297,184.18483
2935,2025-10-30 07:00:00+05:30,3.7585104,73.300674,4.2481523,126.384445
2936,2025-10-30 08:00:00+05:30,4.175069,82.56869,5.0528407,94.08554
2937,2025-10-30 09:00:00+05:30,12.182955,192.80426,15.3264475,192.89374
2938,2025-10-30 10:00:00+05:30,8.32877,186.20335,11.052058,186.54619
2939,2025-10-30 11:00:00+05:30,7.519175,168.9591,9.67657,170.36253
2940,2025-10-30 12:00:00+05:30,7.9138603,162.80138,9.793058,162.89719
2941,2025-10-30 13:00:00+05:30,13.200273,174.52272,16.443174,174.97601
2942,2025-10-30 14:00:00+05:30,9.361731,142.02834,13.248049,143.2857
2943,2025-10-30 15:00:00+05:30,10.360559,172.01076,15.351793,175.29224
2944,2025-10-30 16:00:00+05:30,9.266067,155.9245,16.198,165.19157
2945,2025-10-30 17:00:00+05:30,9.028754,156.50142,18.4243,165.28488
2946,2025-10-30 18:00:00+05:30,8.649369,167.98854,18.553974,177.7761
2947,2025-10-30 19:00:00+05:30,8.656858,176.42374,19.083395,181.0809
2948,2025-10-30 20:00:00+05:30,8.197414,188.84174,18.35647,191.30989
2949,2025-10-30 21:00:00+05:30,6.8541956,193.67133,16.22498,199.44012
2950,2025-10-30 22:00:00+05:30,6.5024605,175.23645,15.506141,189.3529
2951,2025-10-30 23:00:00+05:30,8.11798,183.814,17.423777,199.93262
