,date,wind_speed_10m,wind_direction_10m,wind_speed_100m,wind_direction_100m
0,2025-06-30 00:00:00+05:30,6.5520988,69.075424,12.383424,57.46495
1,2025-06-30 01:00:00+05:30,6.8919086,49.236485,14.677452,56.50479
2,2025-06-30 02:00:00+05:30,7.519175,47.91091,14.233664,57.917847
3,2025-06-30 03:00:00+05:30,6.2067385,60.461315,12.535549,68.96242
4,2025-06-30 04:00:00+05:30,10.261579,74.74483,17.552536,76.96134
5,2025-06-30 05:00:00+05:30,12.193588,81.51115,18.844202,83.41815
6,2025-06-30 06:00:00+05:30,14.739132,81.57312,21.077686,82.14678
7,2025-06-30 07:00:00+05:30,15.489416,88.00217,21.611998,88.09089
8,2025-06-30 08:00:00+05:30,16.208996,91.90912,21.786694,91.420235
9,2025-06-30 09:00:00+05:30,14.230248,92.1747,18.913708,92.1816
10,2025-06-30 10:00:00+05:30,13.644427,81.6562,17.972979,82.51921
11,2025-06-30 11:00:00+05:30,15.611304,69.057274,20.561798,69.50258
12,2025-06-30 12:00:00+05:30,16.778666,80.73986,21.816412,79.06096
13,2025-06-30 13:00:00+05:30,14.224556,91.45019,19.08,90.0
14,2025-06-30 14:00:00+05:30,13.864674,88.51217,18.561832,87.220894
15,2025-06-30 15:00:00+05:30,15.841023,90.65105,21.966637,91.4086
16,2025-06-30 16:00:00+05:30,13.1041975,110.924576,17.886242,110.62361
17,2025-06-30 17:00:00+05:30,12.71901,116.9276,19.64228,116.09537
18,2025-06-30 18:00:00+05:30,8.28,90.0,15.430736,106.9554
19,2025-06-30 19:00:00+05:30,8.528657,97.27491,17.085783,110.34419
20,2025-06-30 20:00:00+05:30,9.779817,96.340096,19.087639,105.871254
21,2025-06-30 21:00:00+05:30,9.693296,111.801476,18.789965,113.12655
22,2025-06-30 22:00:00+05:30,10.3621235,107.175995,18.720001,112.61991
23,2025-06-30 23:00:00+05:30,7.9465466,103.0919,15.210799,110.79419
24,2025-07-01 00:00:00+05:30,10.137692,106.50443,18.855375,110.684166
25,2025-07-01 01:00:00+05:30,10.478722,94.92702,19.3104,101.833626
26,2025-07-01 02:00:00+05:30,10.8029995,100.56097,20.523157,105.25517
27,2025-07-01 03:00:00+05:30,12.638512,107.402794,21.637466,109.942474
28,2025-07-01 04:00:00+05:30,13.6242285,105.32157,22.71212,108.00426
29,2025-07-01 05:00:00+05:30,13.169555,100.23475,21.392754,104.62092
30,2025-07-01 06:00:00+05:30,14.174356,107.74477,21.23771,109.817245
31,2025-07-01 07:00:00+05:30,15.042659,111.03758,20.991426,112.1664
32,2025-07-01 08:00:00+05:30,18.435726,117.31553,25.196142,116.74803
33,2025-07-01 09:00:00+05:30,16.357237,114.02651,22.06377,115.10158
34,2025-07-01 10:00:00+05:30,18.58451,121.534744,25.015467,122.660904
35,2025-07-01 11:00:00+05:30,18.126455,122.427536,24.26998,122.27561
36,2025-07-01 12:00:00+05:30,17.816362,119.67299,26.368616,122.171196
37,2025-07-01 13:00:00+05:30,18.116623,115.291985,24.795612,115.820946
38,2025-07-01 14:00:00+05:30,16.344357,115.43618,22.226902,114.90474
39,2025-07-01 15:00:00+05:30,13.217443,119.357666,17.9973,120.66885
40,2025-07-01 16:00:00+05:30,16.08761,139.53786,22.471903,139.54813
41,2025-07-01 17:00:00+05:30,13.529966,123.055824,20.883102,125.88223
42,2025-07-01 18:00:00+05:30,10.8672905,116.56499,19.424158,119.415504
43,2025-07-01 19:00:00+05:30,10.441551,125.88223,20.018072,127.694305
44,2025-07-01 20:00:00+05:30,9.582358,118.00909,18.57143,123.53607
45,2025-07-01 21:00:00+05:30,9.6932955,105.06854,18.624563,113.34403
46,2025-07-01 22:00:00+05:30,10.742848,98.673096,20.380579,107.47486
47,2025-07-01 23:00:00+05:30,9.0018,101.53459,18.38557,108.25767
48,2025-07-02 00:00:00+05:30,8.338489,103.73629,17.682194,112.12639
49,2025-07-02 01:00:00+05:30,8.11798,93.814,16.62249,107.650215
50,2025-07-02 02:00:00+05:30,8.836514,93.50346,17.637245,104.1781
51,2025-07-02 03:00:00+05:30,10.215693,104.28113,20.150354,108.75875
52,2025-07-02 04:00:00+05:30,10.436895,122.319595,19.787722,121.23186
53,2025-07-02 05:00:00+05:30,9.984729,117.950874,17.71423,117.86691
54,2025-07-02 06:00:00+05:30,12.43434,112.109505,17.986494,112.972755
55,2025-07-02 07:00:00+05:30,14.008811,117.55273,19.091883,118.73969
56,2025-07-02 08:00:00+05:30,13.169556,111.65605,17.349236,112.57418
57,2025-07-02 09:00:00+05:30,14.450537,103.69007,19.121557,104.16709
58,2025-07-02 10:00:00+05:30,13.590894,101.458725,17.688606,102.33907
59,2025-07-02 11:00:00+05:30,14.288191,109.11983,18.671474,109.133736
60,2025-07-02 12:00:00+05:30,13.671707,99.0902,17.873556,99.27253
61,2025-07-02 13:00:00+05:30,14.414617,105.945465,18.818396,104.96677
62,2025-07-02 14:00:00+05:30,13.543131,113.49858,17.399586,114.44395
63,2025-07-02 15:00:00+05:30,9.621163,72.58194,12.487641,74.962135
64,2025-07-02 16:00:00+05:30,13.684735,125.36255,20.01969,123.261444
65,2025-07-02 17:00:00+05:30,10.285232,85.98591,15.3095255,87.97868
66,2025-07-02 18:00:00+05:30,9.885262,100.491425,18.076338,105.004974
67,2025-07-02 19:00:00+05:30,7.458606,109.74693,16.011908,111.08383
68,2025-07-02 20:00:00+05:30,8.2584505,106.4601,17.134071,109.00607
69,2025-07-02 21:00:00+05:30,5.8104043,73.81073,12.452566,94.14455
70,2025-07-02 22:00:00+05:30,6.269067,50.82635,10.564942,81.1797
71,2025-07-02 23:00:00+05:30,7.1684303,51.115498,12.007498,66.12472
72,2025-07-03 00:00:00+05:30,9.290511,54.46224,15.2947035,63.435013
73,2025-07-03 01:00:00+05:30,11.566313,69.026436,19.627428,78.89621
74,2025-07-03 02:00:00+05:30,11.052058,83.453804,18.907713,91.63654
75,2025-07-03 03:00:00+05:30,10.801499,89.04518,18.645428,96.09577
76,2025-07-03 04:00:00+05:30,10.483357,105.945465,17.54977,111.03758
77,2025-07-03 05:00:00+05:30,9.595874,113.198616,15.455911,116.26658
78,2025-07-03 06:00:00+05:30,14.396625,132.4664,20.64436,132.1728
79,2025-07-03 07:00:00+05:30,13.072015,141.7098,18.218275,142.22426
80,2025-07-03 08:00:00+05:30,10.957846,137.66306,14.51876,137.00955
81,2025-07-03 09:00:00+05:30,12.399113,140.30096,16.22498,139.95033
82,2025-07-03 10:00:00+05:30,12.744457,143.61555,16.383955,144.38907
83,2025-07-03 11:00:00+05:30,11.079873,133.02507,14.896563,133.53127
84,2025-07-03 12:00:00+05:30,13.239486,133.89838,16.674063,134.56268
85,2025-07-03 13:00:00+05:30,10.560341,119.62366,13.864674,119.56026
86,2025-07-03 14:00:00+05:30,19.8,143.13002,26.892385,143.43681
87,2025-07-03 15:00:00+05:30,10.075177,131.37842,14.387619,133.4793
88,2025-07-03 16:00:00+05:30,7.9383874,122.969406,10.692969,126.09837
89,2025-07-03 17:00:00+05:30,11.385622,140.77434,16.248924,140.84457
90,2025-07-03 18:00:00+05:30,6.28713,103.24053,13.306615,113.096855
91,2025-07-03 19:00:00+05:30,5.0528407,94.08554,12.43434,112.109505
92,2025-07-03 20:00:00+05:30,6.0721655,78.02389,13.5,90.0
93,2025-07-03 21:00:00+05:30,6.130579,86.63361,14.027302,98.85788
94,2025-07-03 22:00:00+05:30,5.5916004,93.691315,12.931218,106.16457
95,2025-07-03 23:00:00+05:30,5.4477882,97.59455,12.936227,111.209305
96,2025-07-04 00:00:00+05:30,5.8603754,137.4896,11.734564,131.26851
97,2025-07-04 01:00:00+05:30,4.2671766,117.64589,9.614426,128.15727
98,2025-07-04 02:00:00+05:30,7.1684303,151.50446,11.7,149.48984
99,2025-07-04 03:00:00+05:30,5.4744864,170.53775,9.354806,168.90631
100,2025-07-04 04:00:00+05:30,1.0495713,59.03632,1.659518,130.60121
101,2025-07-04 05:00:00+05:30,5.1919937,123.690094,6.698806,120.699646
102,2025-07-04 06:00:00+05:30,5.318383,113.962494,7.570707,108.00426
103,2025-07-04 07:00:00+05:30,6.2379804,136.16905,7.7650757,134.0609
104,2025-07-04 08:00:00+05:30,5.1197267,100.12462,6.391901,99.72751
105,2025-07-04 09:00:00+05:30,6.66,108.92474,8.311245,107.650215
106,2025-07-04 10:00:00+05:30,6.206738,106.85848,7.7420926,107.592514
107,2025-07-04 11:00:00+05:30,7.072878,104.743614,8.731391,104.32276
108,2025-07-04 12:00:00+05:30,6.8919086,130.76352,8.161764,131.42357
109,2025-07-04 13:00:00+05:30,6.7757506,140.38934,8.55142,139.26799
110,2025-07-04 14:00:00+05:30,5.0911684,171.86998,6.037383,169.6952
111,2025-07-04 15:00:00+05:30,11.854062,131.92245,15.784676,134.07605
112,2025-07-04 16:00:00+05:30,10.548061,154.74687,14.007655,154.09355
113,2025-07-04 17:00:00+05:30,8.863972,167.09259,11.656998,166.60748
114,2025-07-04 18:00:00+05:30,8.431228,196.1135,15.676544,201.55714
115,2025-07-04 19:00:00+05:30,2.97953,154.98314,5.8048253,187.12492
116,2025-07-04 20:00:00+05:30,5.8048253,172.87508,11.885453,178.26433
117,2025-07-04 21:00:00+05:30,5.7402787,138.81418,12.10157,157.249
118,2025-07-04 22:00:00+05:30,4.913044,118.442825,11.5887,136.88817
119,2025-07-04 23:00:00+05:30,6.9153743,128.65984,13.276144,139.39879
120,2025-07-05 00:00:00+05:30,8.3520775,127.11694,14.892213,135.48964
121,2025-07-05 01:00:00+05:30,8.893166,144.0578,15.743569,149.03632
122,2025-07-05 02:00:00+05:30,7.5105524,135.97093,13.089354,148.49579
123,2025-07-05 03:00:00+05:30,8.574123,140.9645,14.787414,148.43823
124,2025-07-05 04:00:00+05:30,10.144082,152.52565,17.161469,155.85446
125,2025-07-05 05:00:00+05:30,10.223619,153.88615,17.214249,158.53229
126,2025-07-05 06:00:00+05:30,11.720751,132.5104,18.075441,134.19316
127,2025-07-05 07:00:00+05:30,9.939196,125.41714,13.644427,126.41647
128,2025-07-05 08:00:00+05:30,11.720751,137.4896,15.146761,135.4814
129,2025-07-05 09:00:00+05:30,11.720751,132.5104,15.172409,131.63344
130,2025-07-05 10:00:00+05:30,11.599879,131.85495,15.053425,131.12138
131,2025-07-05 11:00:00+05:30,10.484903,124.50858,13.479583,124.11452
132,2025-07-05 12:00:00+05:30,8.6867485,124.019394,11.13384,124.46088
133,2025-07-05 13:00:00+05:30,9.499158,117.05052,11.594292,117.75845
134,2025-07-05 14:00:00+05:30,9.499157,99.81924,13.379461,100.85637
135,2025-07-05 15:00:00+05:30,11.351422,152.62238,14.602204,149.64197
136,2025-07-05 16:00:00+05:30,8.099999,143.13002,11.391313,148.5705
137,2025-07-05 17:00:00+05:30,5.9644947,95.19434,8.905908,104.03627
138,2025-07-05 18:00:00+05:30,4.613762,110.55612,9.396275,126.430954
139,2025-07-05 19:00:00+05:30,2.1674871,138.36655,3.9477081,133.1524
140,2025-07-05 20:00:00+05:30,3.8141315,109.290146,8.211235,116.00329
141,2025-07-05 21:00:00+05:30,7.7043357,52.594578,14.275713,66.991104
142,2025-07-05 22:00:00+05:30,8.604301,74.219185,16.572712,81.25392
143,2025-07-05 23:00:00+05:30,6.0347,72.64589,13.262714,82.199905
144,2025-07-06 00:00:00+05:30,5.315336,61.69934,11.837651,81.25392
145,2025-07-06 01:00:00+05:30,7.9526596,84.805664,14.383114,98.63705
146,2025-07-06 02:00:00+05:30,7.415038,84.4279,14.440443,94.28908
147,2025-07-06 03:00:00+05:30,9.914717,86.87794,18.183563,91.1344
148,2025-07-06 04:00:00+05:30,11.734564,94.39862,19.474136,98.50449
149,2025-07-06 05:00:00+05:30,12.632101,94.08554,21.528631,95.75817
150,2025-07-06 06:00:00+05:30,11.832176,76.80939,16.419512,77.33494
151,2025-07-06 07:00:00+05:30,14.411245,80.6554,19.206936,79.74324
152,2025-07-06 08:00:00+05:30,14.003029,107.96923,19.011953,108.77813
153,2025-07-06 09:00:00+05:30,14.292725,106.837555,18.792551,106.699326
154,2025-07-06 10:00:00+05:30,13.849476,98.97255,18.201374,98.530685
155,2025-07-06 11:00:00+05:30,13.954354,96.666565,18.307867,96.775566
156,2025-07-06 12:00:00+05:30,13.684735,88.4926,17.654688,87.66274
157,2025-07-06 13:00:00+05:30,11.5199995,90.0,15.484185,88.667816
158,2025-07-06 14:00:00+05:30,15.96327,97.12492,22.304028,96.95286
159,2025-07-06 15:00:00+05:30,12.835653,112.24908,17.254667,110.13639
160,2025-07-06 16:00:00+05:30,9.179999,118.072395,12.81165,114.04423
161,2025-07-06 17:00:00+05:30,10.337079,97.001175,17.750774,96.40426
162,2025-07-06 18:00:00+05:30,9.621163,72.58194,18.64369,79.99209
163,2025-07-06 19:00:00+05:30,10.98,79.6112,20.778112,85.03035
164,2025-07-06 20:00:00+05:30,7.570707,71.99575,16.276815,79.80856
165,2025-07-06 21:00:00+05:30,8.297589,49.398785,16.58346,62.878777
166,2025-07-06 22:00:00+05:30,9.906544,65.29759,18.720001,67.3801
167,2025-07-06 23:00:00+05:30,11.832176,76.80939,21.749481,77.57407
168,2025-07-07 00:00:00+05:30,14.892213,82.35969,25.385105,83.07665
169,2025-07-07 01:00:00+05:30,13.229694,75.01832,23.298702,78.86373
170,2025-07-07 02:00:00+05:30,12.864649,72.07199,22.315643,77.421074
171,2025-07-07 03:00:00+05:30,12.049249,76.171326,20.44803,80.37192
172,2025-07-07 04:00:00+05:30,13.207634,72.55273,21.697279,76.07902
173,2025-07-07 05:00:00+05:30,12.98248,73.07241,22.61419,76.18495
174,2025-07-07 06:00:00+05:30,14.572219,72.01258,23.292444,73.3855
175,2025-07-07 07:00:00+05:30,16.120806,83.58926,24.739359,85.40954
176,2025-07-07 08:00:00+05:30,16.299694,96.340096,22.505037,97.35229
177,2025-07-07 09:00:00+05:30,15.4800005,90.0,21.246862,91.45633
178,2025-07-07 10:00:00+05:30,14.607751,93.53223,19.660416,93.67442
179,2025-07-07 11:00:00+05:30,16.87974,111.91493,22.832344,112.724144
180,2025-07-07 12:00:00+05:30,8.260411,101.3099,11.440978,102.72436
181,2025-07-07 13:00:00+05:30,12.093534,85.73219,17.283749,88.80654
182,2025-07-07 14:00:00+05:30,12.0720825,87.43629,16.208996,88.09089
183,2025-07-07 15:00:00+05:30,12.638512,79.33027,16.985935,80.2383
184,2025-07-07 16:00:00+05:30,13.346729,79.90256,18.498886,79.34615
185,2025-07-07 17:00:00+05:30,9.605998,77.00539,15.463244,77.90526
186,2025-07-07 18:00:00+05:30,9.555271,93.23964,18.212051,93.39965
187,2025-07-07 19:00:00+05:30,8.197414,81.15827,16.248924,85.552704
188,2025-07-07 20:00:00+05:30,8.311245,72.34979,16.697365,78.81124
189,2025-07-07 21:00:00+05:30,7.570707,61.60708,16.279802,71.96563
190,2025-07-07 22:00:00+05:30,8.287822,55.6196,17.47484,65.0188
191,2025-07-07 23:00:00+05:30,7.653705,41.185837,15.804164,52.869
192,2025-07-08 00:00:00+05:30,10.837435,32.106224,20.018072,37.694313
193,2025-07-08 01:00:00+05:30,11.583109,32.94922,20.95203,36.96843
194,2025-07-08 02:00:00+05:30,12.081473,33.453342,21.45627,37.158375
195,2025-07-08 03:00:00+05:30,13.276144,40.601215,22.406927,43.69813
196,2025-07-08 04:00:00+05:30,15.971386,50.02913,24.913586,49.982494
197,2025-07-08 05:00:00+05:30,15.589497,53.923893,25.466661,55.07426
198,2025-07-08 06:00:00+05:30,14.658676,65.32315,24.675106,66.80139
199,2025-07-08 07:00:00+05:30,13.418153,83.06575,18.268892,84.34568
200,2025-07-08 08:00:00+05:30,13.169555,79.76526,17.284687,81.616844
201,2025-07-08 09:00:00+05:30,14.039999,67.3801,18.58451,68.40463
202,2025-07-08 10:00:00+05:30,15.042659,68.96242,21.026125,68.9272
203,2025-07-08 11:00:00+05:30,14.48972,63.435013,19.56377,64.378044
204,2025-07-08 12:00:00+05:30,10.495713,59.03632,13.447095,62.062954
205,2025-07-08 13:00:00+05:30,13.504799,68.90759,18.040455,65.22488
206,2025-07-08 14:00:00+05:30,13.75558,83.99109,17.731598,84.17376
207,2025-07-08 15:00:00+05:30,9.0645685,83.15732,11.989945,82.234924
208,2025-07-08 16:00:00+05:30,9.726665,87.87895,12.979984,86.82024
209,2025-07-08 17:00:00+05:30,10.538843,97.853226,15.070633,97.54933
210,2025-07-08 18:00:00+05:30,9.039514,77.34745,16.454008,79.919464
211,2025-07-08 19:00:00+05:30,8.477216,86.347855,15.84409,91.301926
212,2025-07-08 20:00:00+05:30,9.979859,82.7469,18.307867,96.775566
213,2025-07-08 21:00:00+05:30,11.9140415,85.66777,21.626984,92.86235
214,2025-07-08 22:00:00+05:30,11.521406,89.10485,21.077686,97.853226
215,2025-07-08 23:00:00+05:30,11.844492,73.21728,20.803045,80.53775
216,2025-07-09 00:00:00+05:30,11.989946,54.16227,20.933466,62.333332
217,2025-07-09 01:00:00+05:30,15.027575,46.941475,25.41763,52.480812
218,2025-07-09 02:00:00+05:30,18.434847,54.137066,30.376833,58.570484
219,2025-07-09 03:00:00+05:30,17.878086,57.750057,29.384687,64.21983
220,2025-07-09 04:00:00+05:30,21.286474,78.785126,34.56797,84.02232
221,2025-07-09 05:00:00+05:30,19.98,90.0,32.080925,92.894455
222,2025-07-09 06:00:00+05:30,16.520823,78.6901,27.595823,82.50424
223,2025-07-09 07:00:00+05:30,19.580328,83.136406,31.989906,84.83485
224,2025-07-09 08:00:00+05:30,17.46371,91.18117,26.310188,92.744896
225,2025-07-09 09:00:00+05:30,18.392618,110.031105,26.819998,110.016045
226,2025-07-09 10:00:00+05:30,12.313893,105.25517,18.275984,107.1858
227,2025-07-09 11:00:00+05:30,8.490582,111.124794,12.072083,110.05618
228,2025-07-09 12:00:00+05:30,10.387107,98.97255,14.178928,98.027145
229,2025-07-09 13:00:00+05:30,13.948548,109.60418,18.792551,110.17074
230,2025-07-09 14:00:00+05:30,15.784676,134.07605,21.513577,133.98311
231,2025-07-09 15:00:00+05:30,13.287122,125.628,18.79255,126.430954
232,2025-07-09 16:00:00+05:30,12.931218,128.78438,20.442486,129.9993
233,2025-07-09 17:00:00+05:30,12.81165,114.04423,21.591747,118.91533
234,2025-07-09 18:00:00+05:30,12.819235,128.15727,21.528633,132.62813
235,2025-07-09 19:00:00+05:30,13.282243,116.56499,23.023117,116.96564
236,2025-07-09 20:00:00+05:30,11.269782,116.56499,20.527102,116.56499
237,2025-07-09 21:00:00+05:30,11.53265,87.316284,21.332088,95.32565
238,2025-07-09 22:00:00+05:30,14.597767,92.827065,24.693481,97.53935
239,2025-07-09 23:00:00+05:30,14.238215,87.10149,24.69217,92.92492
240,2025-07-10 00:00:00+05:30,15.301059,89.32598,25.900618,96.38407
241,2025-07-10 01:00:00+05:30,14.357185,97.92684,25.035532,99.936325
242,2025-07-10 02:00:00+05:30,12.32047,78.19759,21.30169,85.63851
243,2025-07-10 03:00:00+05:30,13.184308,85.30141,22.7057,92.72626
244,2025-07-10 04:00:00+05:30,14.597767,87.17294,24.665909,91.254425
245,2025-07-10 05:00:00+05:30,15.182015,79.755974,25.325686,84.2895
246,2025-07-10 06:00:00+05:30,17.076298,108.43504,26.251009,110.05033
247,2025-07-10 07:00:00+05:30,16.981165,111.124794,25.436745,112.027336
248,2025-07-10 08:00:00+05:30,14.897651,115.01687,22.218884,115.94224
249,2025-07-10 09:00:00+05:30,14.49531,114.973885,19.80409,115.8663
250,2025-07-10 10:00:00+05:30,14.275713,113.0089,18.69662,113.85048
251,2025-07-10 11:00:00+05:30,17.31746,133.31535,23.962318,131.95514
252,2025-07-10 12:00:00+05:30,11.605464,113.782036,15.941944,115.40768
253,2025-07-10 13:00:00+05:30,19.521496,147.04257,27.859905,147.13133
254,2025-07-10 14:00:00+05:30,8.836514,123.36639,12.534257,125.0595
255,2025-07-10 15:00:00+05:30,7.3821945,91.39715,10.453957,92.96088
256,2025-07-10 16:00:00+05:30,13.32,108.92474,17.987394,108.07242
257,2025-07-10 17:00:00+05:30,13.060857,150.25522,21.619492,147.23611
258,2025-07-10 18:00:00+05:30,11.063778,111.97456,19.66536,113.749504
259,2025-07-10 19:00:00+05:30,9.172938,105.945465,18.016191,111.695175
260,2025-07-10 20:00:00+05:30,8.37532,98.65246,17.193533,109.57322
261,2025-07-10 21:00:00+05:30,8.11798,86.186005,16.87398,101.07016
262,2025-07-10 22:00:00+05:30,8.297589,77.4712,16.928614,91.827934
263,2025-07-10 23:00:00+05:30,11.196231,94.610565,21.219397,100.261314
264,2025-07-11 00:00:00+05:30,10.739833,103.57046,19.751667,108.60017
265,2025-07-11 01:00:00+05:30,9.726665,87.87895,17.95043,96.91113
266,2025-07-11 02:00:00+05:30,9.087772,82.03049,17.483181,92.95072
267,2025-07-11 03:00:00+05:30,9.375563,86.698204,18.416384,94.48453
268,2025-07-11 04:00:00+05:30,9.5416975,91.0809,18.762356,98.829666
269,2025-07-11 05:00:00+05:30,10.446206,88.025116,18.806337,95.49223
270,2025-07-11 06:00:00+05:30,13.672893,110.82097,19.95485,111.705505
271,2025-07-11 07:00:00+05:30,14.64209,110.88588,20.122196,111.51595
272,2025-07-11 08:00:00+05:30,13.055896,105.1859,17.381887,105.61945
273,2025-07-11 09:00:00+05:30,12.810386,109.70808,16.62444,109.61218
274,2025-07-11 10:00:00+05:30,12.483748,118.41257,16.348322,118.257935
275,2025-07-11 11:00:00+05:30,12.535549,122.09256,16.375053,123.34073
276,2025-07-11 12:00:00+05:30,11.609651,119.74479,14.913952,119.65902
277,2025-07-11 13:00:00+05:30,11.246759,129.80553,14.428097,130.44615
278,2025-07-11 14:00:00+05:30,21.505293,141.1155,29.854506,141.60991
279,2025-07-11 15:00:00+05:30,9.793058,162.89719,13.036026,162.31552
280,2025-07-11 16:00:00+05:30,8.723967,158.19853,11.534054,157.0362
281,2025-07-11 17:00:00+05:30,5.8104043,163.81073,7.570707,161.99574
282,2025-07-11 18:00:00+05:30,3.693291,136.97493,9.418662,135.0001
283,2025-07-11 19:00:00+05:30,3.7971041,148.57048,9.636307,147.20047
284,2025-07-11 20:00:00+05:30,4.7110505,136.54811,11.203464,136.30188
285,2025-07-11 21:00:00+05:30,6.206738,106.85848,14.49531,114.973885
286,2025-07-11 22:00:00+05:30,6.0721655,101.97612,14.857362,109.09359
287,2025-07-11 23:00:00+05:30,5.3305535,78.31066,12.638512,100.66973
288,2025-07-12 00:00:00+05:30,5.5450516,76.865974,12.800265,93.22446
289,2025-07-12 01:00:00+05:30,7.342588,78.6901,15.119999,90.0
290,2025-07-12 02:00:00+05:30,5.5799994,90.0,13.110376,98.68627
291,2025-07-12 03:00:00+05:30,4.7521367,114.62355,11.35285,115.34614
292,2025-07-12 04:00:00+05:30,5.5216303,109.025696,12.801531,117.64589
293,2025-07-12 05:00:00+05:30,7.458606,98.32557,12.362475,106.06006
294,2025-07-12 06:00:00+05:30,8.027678,132.27364,11.712454,133.75471
295,2025-07-12 07:00:00+05:30,5.95906,154.98314,7.970972,154.59233
296,2025-07-12 08:00:00+05:30,8.654986,106.9276,10.9859,108.138176
297,2025-07-12 09:00:00+05:30,12.5032,112.873695,16.311613,112.036285
298,2025-07-12 10:00:00+05:30,12.061343,127.72506,15.552041,127.00261
299,2025-07-12 11:00:00+05:30,9.504272,127.30403,12.096214,126.528946
300,2025-07-12 12:00:00+05:30,8.967541,128.48022,11.385622,129.22566
301,2025-07-12 13:00:00+05:30,8.297589,130.60121,10.094454,129.93633
302,2025-07-12 14:00:00+05:30,8.187527,123.34073,10.086427,124.82456
303,2025-07-12 15:00:00+05:30,9.54,148.10925,11.9466305,149.18436
304,2025-07-12 16:00:00+05:30,6.696387,126.25393,8.78872,124.992096
305,2025-07-12 17:00:00+05:30,6.6624317,141.58191,9.504272,142.69597
306,2025-07-12 18:00:00+05:30,5.2694216,187.85323,11.901798,176.53185
307,2025-07-12 19:00:00+05:30,6.698806,210.69965,15.14783,200.1577
308,2025-07-12 20:00:00+05:30,1.7727944,203.9625,8.171683,187.59456
309,2025-07-12 21:00:00+05:30,1.3104197,74.054535,6.114703,137.38599
310,2025-07-12 22:00:00+05:30,2.8116899,50.194473,6.341009,96.519714
311,2025-07-12 23:00:00+05:30,2.8460495,55.304783,6.698806,96.17008
312,2025-07-13 00:00:00+05:30,2.7534704,78.6901,6.7853074,111.801476
313,2025-07-13 01:00:00+05:30,0.9,36.86999,3.494968,124.50858
314,2025-07-13 02:00:00+05:30,3.5864744,17.52567,4.4565907,43.36347
315,2025-07-13 03:00:00+05:30,3.5455887,23.962492,6.552099,37.184795
316,2025-07-13 04:00:00+05:30,4.3349743,41.63345,9.178235,48.179924
317,2025-07-13 05:00:00+05:30,2.995797,57.264786,5.95906,64.98315
318,2025-07-13 06:00:00+05:30,6.9247384,27.897186,15.552041,37.00262
319,2025-07-13 07:00:00+05:30,8.6867485,55.980614,12.5807,56.082535
320,2025-07-13 08:00:00+05:30,8.338489,57.3391,10.990322,58.392544
321,2025-07-13 09:00:00+05:30,7.3799996,77.319626,9.391102,77.82856
322,2025-07-13 10:00:00+05:30,5.9644947,84.805664,7.2202215,85.71093
323,2025-07-13 11:00:00+05:30,5.1826253,69.67678,6.320538,70.01681
324,2025-07-13 12:00:00+05:30,2.4149535,63.435013,2.9024127,60.255207
325,2025-07-13 13:00:00+05:30,4.6938257,122.471176,5.8048253,119.74479
326,2025-07-13 14:00:00+05:30,9.4238205,118.52302,11.594292,117.75845
327,2025-07-13 15:00:00+05:30,6.452441,59.8587,7.973005,61.69934
328,2025-07-13 16:00:00+05:30,8.461915,128.08882,10.944532,126.30459
329,2025-07-13 17:00:00+05:30,3.494968,124.50858,4.942631,123.11135
330,2025-07-13 18:00:00+05:30,4.080882,138.57643,9.504273,155.37645
331,2025-07-13 19:00:00+05:30,2.9301877,169.3804,7.613382,173.21112
332,2025-07-13 20:00:00+05:30,3.362677,195.52417,9.080639,193.7608
333,2025-07-13 21:00:00+05:30,3.6179552,185.7105,10.658068,184.84392
334,2025-07-13 22:00:00+05:30,2.6208394,164.05453,7.841888,170.75397
335,2025-07-13 23:00:00+05:30,3.319036,102.5288,6.502461,131.63345
336,2025-07-14 00:00:00+05:30,4.175069,82.56869,8.019601,99.039406
337,2025-07-14 01:00:00+05:30,1.8792552,343.3007,4.0449967,57.724377
338,2025-07-14 02:00:00+05:30,3.362677,344.47583,3.7842832,25.346138
339,2025-07-14 03:00:00+05:30,4.6277857,13.495748,8.415842,48.468323
340,2025-07-14 04:00:00+05:30,6.854195,29.931421,13.874019,45.525578
341,2025-07-14 05:00:00+05:30,9.432412,48.09414,17.892578,53.59114
342,2025-07-14 06:00:00+05:30,9.473541,51.170166,15.602999,50.617603
343,2025-07-14 07:00:00+05:30,13.0447235,62.02062,20.128637,64.580765
344,2025-07-14 08:00:00+05:30,10.390226,75.96373,15.542662,76.60749
345,2025-07-14 09:00:00+05:30,12.730467,46.145676,17.311846,45.84244
346,2025-07-14 10:00:00+05:30,19.191748,66.80139,26.5016,65.52386
347,2025-07-14 11:00:00+05:30,15.15104,43.555943,23.695822,47.462864
348,2025-07-14 12:00:00+05:30,11.7662735,29.309916,16.276815,32.81137
349,2025-07-14 13:00:00+05:30,15.018949,44.999897,19.477463,46.12322
350,2025-07-14 14:00:00+05:30,13.110376,45.55619,22.12536,50.612236
351,2025-07-14 15:00:00+05:30,11.098865,8.392845,15.536408,10.007925
352,2025-07-14 16:00:00+05:30,15.379206,20.556128,21.916433,17.690987
353,2025-07-14 17:00:00+05:30,13.88919,356.2848,22.166327,2.7926505
354,2025-07-14 18:00:00+05:30,10.081606,1.0230169,17.555305,15.461285
355,2025-07-14 19:00:00+05:30,8.043805,319.53784,14.539945,344.93146
356,2025-07-14 20:00:00+05:30,8.089993,290.85452,14.255272,315.0001
357,2025-07-14 21:00:00+05:30,9.36,270.0,16.055353,289.6539
358,2025-07-14 22:00:00+05:30,7.9932966,234.16226,13.842457,257.22876
359,2025-07-14 23:00:00+05:30,8.863972,192.90741,14.447172,210.71883
360,2025-07-15 00:00:00+05:30,10.387107,171.02745,18.540874,180.55624
361,2025-07-15 01:00:00+05:30,12.144331,168.0239,21.511318,174.71886
362,2025-07-15 02:00:00+05:30,10.662626,158.19853,20.12944,167.08218
363,2025-07-15 03:00:00+05:30,11.364259,150.59291,20.793701,159.21169
364,2025-07-15 04:00:00+05:30,11.583109,147.05078,20.94507,151.23245
365,2025-07-15 05:00:00+05:30,11.414043,142.04572,20.276182,144.75789
366,2025-07-15 06:00:00+05:30,14.292725,163.16245,23.760681,167.75368
367,2025-07-15 07:00:00+05:30,13.004921,175.23645,21.966637,178.5914
368,2025-07-15 08:00:00+05:30,14.238215,177.10149,19.083395,178.9191
369,2025-07-15 09:00:00+05:30,13.870515,182.23112,18.416384,184.48453
370,2025-07-15 10:00:00+05:30,16.09969,169.6952,20.95203,171.10422
371,2025-07-15 11:00:00+05:30,13.14,180.0,18.0036,181.14574
372,2025-07-15 12:00:00+05:30,12.6462,175.101,16.787354,175.69562
373,2025-07-15 13:00:00+05:30,11.304229,189.16228,14.535487,187.82898
374,2025-07-15 14:00:00+05:30,12.193588,171.51114,15.477906,171.30458
375,2025-07-15 15:00:00+05:30,10.315115,119.24873,15.176678,123.87858
376,2025-07-15 16:00:00+05:30,12.936228,148.07916,21.578989,152.15251
377,2025-07-15 17:00:00+05:30,10.548061,154.74687,18.556595,161.91646
378,2025-07-15 18:00:00+05:30,12.124306,130.78574,21.256008,135.34305
379,2025-07-15 19:00:00+05:30,9.059205,159.04414,16.825909,152.61267
380,2025-07-15 20:00:00+05:30,8.669949,131.63345,16.616642,140.27394
381,2025-07-15 21:00:00+05:30,11.583108,134.37048,20.81239,139.56003
382,2025-07-15 22:00:00+05:30,10.436895,147.6804,19.0783,153.67677
383,2025-07-15 23:00:00+05:30,12.362475,132.04915,21.407139,137.72638
384,2025-07-16 00:00:00+05:30,8.536252,137.56381,15.124284,141.76614
385,2025-07-16 01:00:00+05:30,6.114703,137.38599,14.57889,147.09476
386,2025-07-16 02:00:00+05:30,3.6447225,32.905247,11.53265,124.18617
387,2025-07-16 03:00:00+05:30,3.7842832,87.27374,9.807935,137.2312
388,2025-07-16 04:00:00+05:30,5.4656014,107.241554,9.432412,138.09415
389,2025-07-16 05:00:00+05:30,6.156947,52.124958,9.391102,102.17145
390,2025-07-16 06:00:00+05:30,11.500296,129.92033,16.16496,135.45108
391,2025-07-16 07:00:00+05:30,7.7588143,93.99084,11.440978,102.72436
392,2025-07-16 08:00:00+05:30,8.604301,52.650585,14.056144,80.41713
393,2025-07-16 09:00:00+05:30,7.056826,37.746864,9.7880945,57.77127
394,2025-07-16 10:00:00+05:30,4.14,90.0,5.983477,105.7087
395,2025-07-16 11:00:00+05:30,16.451052,162.1597,22.401865,164.62369
396,2025-07-16 12:00:00+05:30,13.708391,166.32867,18.992344,165.17348
397,2025-07-16 13:00:00+05:30,15.351793,175.29224,20.256998,174.39082
398,2025-07-16 14:00:00+05:30,14.428097,176.42374,19.281015,177.32463
399,2025-07-16 15:00:00+05:30,16.104721,154.86708,22.226902,155.09526
400,2025-07-16 16:00:00+05:30,12.964998,178.40889,19.101213,177.29942
401,2025-07-16 17:00:00+05:30,9.867218,165.20319,16.87398,168.92984
402,2025-07-16 18:00:00+05:30,4.7521367,155.37645,10.534229,163.11313
403,2025-07-16 19:00:00+05:30,5.896202,148.73633,13.766176,152.76494
404,2025-07-16 20:00:00+05:30,6.7469993,133.91916,14.628807,145.52773
405,2025-07-16 21:00:00+05:30,7.596341,126.32692,16.848999,139.3324
406,2025-07-16 22:00:00+05:30,6.5248446,114.44395,15.281989,133.09087
407,2025-07-16 23:00:00+05:30,7.2403865,124.875404,16.548256,134.1187
408,2025-07-17 00:00:00+05:30,8.297589,130.60121,17.288435,141.34016
409,2025-07-17 01:00:00+05:30,8.099999,126.86999,16.966848,138.87135
410,2025-07-17 02:00:00+05:30,8.404285,136.73567,17.430283,144.66858
411,2025-07-17 03:00:00+05:30,8.320986,141.14662,16.947744,149.34941
412,2025-07-17 04:00:00+05:30,8.019601,134.09071,15.975444,146.48895
413,2025-07-17 05:00:00+05:30,8.641874,125.6765,15.561413,138.75183
414,2025-07-17 06:00:00+05:30,10.315115,150.75127,14.49531,151.8439
415,2025-07-17 07:00:00+05:30,10.172787,166.70142,13.708391,166.32867
416,2025-07-17 08:00:00+05:30,10.070353,155.72557,13.306615,156.90315
417,2025-07-17 09:00:00+05:30,10.564942,171.1797,13.671707,170.9098
418,2025-07-17 10:00:00+05:30,9.6932955,164.93146,12.399112,166.56895
419,2025-07-17 11:00:00+05:30,9.734987,160.55988,12.522619,161.56496
420,2025-07-17 12:00:00+05:30,10.449306,169.07724,13.169555,169.76526
421,2025-07-17 13:00:00+05:30,11.837651,171.25392,14.713831,172.2665
422,2025-07-17 14:00:00+05:30,10.094454,158.00882,13.169556,158.34395
423,2025-07-17 15:00:00+05:30,11.659777,171.11942,16.16496,172.32112
424,2025-07-17 16:00:00+05:30,12.860871,186.42865,18.072754,185.14267
425,2025-07-17 17:00:00+05:30,13.154786,163.30067,20.955122,166.0831
426,2025-07-17 18:00:00+05:30,7.282774,140.01317,14.168641,152.78398
427,2025-07-17 19:00:00+05:30,6.452441,149.8587,14.410121,154.07515
428,2025-07-17 20:00:00+05:30,6.341009,145.40765,14.411245,152.47487
429,2025-07-17 21:00:00+05:30,6.792466,147.99466,16.341383,153.15279
430,2025-07-17 22:00:00+05:30,5.9427266,144.86572,15.159591,150.08644
431,2025-07-17 23:00:00+05:30,6.76618,151.38963,15.812363,157.22958
432,2025-07-18 00:00:00+05:30,8.12197,167.19574,18.151463,172.59319
433,2025-07-18 01:00:00+05:30,9.734988,176.82024,20.031824,184.12222
434,2025-07-18 02:00:00+05:30,9.6228485,187.52373,20.05203,191.91513
435,2025-07-18 03:00:00+05:30,7.7734165,185.31445,17.262177,191.42706
436,2025-07-18 04:00:00+05:30,6.6697226,183.094,15.5687,190.6603
437,2025-07-18 05:00:00+05:30,5.3517847,160.34608,12.245294,178.31535
438,2025-07-18 06:00:00+05:30,3.319036,167.4712,4.73506,171.25392
439,2025-07-18 07:00:00+05:30,5.232399,183.94511,6.898956,187.49576
440,2025-07-18 08:00:00+05:30,6.638072,192.5288,8.905908,194.03627
441,2025-07-18 09:00:00+05:30,9.292255,211.53474,11.983188,212.73521
442,2025-07-18 10:00:00+05:30,3.6,216.86998,4.5891175,221.82008
443,2025-07-18 11:00:00+05:30,5.020677,194.5345,6.0721655,191.9761
444,2025-07-18 12:00:00+05:30,8.707237,209.7448,10.630672,208.30066
445,2025-07-18 13:00:00+05:30,10.094454,211.13892,13.5,216.86998
446,2025-07-18 14:00:00+05:30,2.3469129,212.47118,2.8116899,219.80553
447,2025-07-18 15:00:00+05:30,4.724786,130.36446,5.876938,130.0302
448,2025-07-18 16:00:00+05:30,5.1575575,150.75127,6.361415,154.8852
449,2025-07-18 17:00:00+05:30,11.525623,178.21013,16.575644,177.5105
450,2025-07-18 18:00:00+05:30,4.9785542,257.4712,10.99769,248.89508
451,2025-07-18 19:00:00+05:30,3.4388947,222.87889,9.5535755,227.29063
452,2025-07-18 20:00:00+05:30,5.983477,226.2188,13.783817,229.23648
453,2025-07-18 21:00:00+05:30,6.297428,239.03632,14.941085,238.79955
454,2025-07-18 22:00:00+05:30,4.7521367,245.37645,13.3649235,244.47034
455,2025-07-18 23:00:00+05:30,4.3573384,218.2902,11.844492,233.65245
456,2025-07-19 00:00:00+05:30,5.00128,210.25635,12.346741,224.40942
457,2025-07-19 01:00:00+05:30,4.669604,207.55272,11.738705,215.6399
458,2025-07-19 02:00:00+05:30,4.1085763,208.8107,11.304229,217.23491
459,2025-07-19 03:00:00+05:30,4.353619,187.12492,11.028581,206.14677
460,2025-07-19 04:00:00+05:30,5.2478566,185.90605,11.935778,203.08516
461,2025-07-19 05:00:00+05:30,6.601363,191.0035,12.320471,205.06743
462,2025-07-19 06:00:00+05:30,4.2021422,260.13425,6.4323244,252.07199
463,2025-07-19 07:00:00+05:30,5.00128,239.74365,6.698806,239.30035
464,2025-07-19 08:00:00+05:30,5.1481256,233.53067,6.696387,233.74606
465,2025-07-19 09:00:00+05:30,4.7928696,214.28693,6.193674,215.53777
466,2025-07-19 10:00:00+05:30,4.4456716,211.75943,5.495161,211.60745
467,2025-07-19 11:00:00+05:30,4.755544,209.4758,5.8048253,209.7448
468,2025-07-19 12:00:00+05:30,5.0142193,201.03758,5.815978,201.80147
469,2025-07-19 13:00:00+05:30,5.506941,191.30989,6.638072,192.5288
470,2025-07-19 14:00:00+05:30,6.5693827,189.46225,7.814986,187.94337
471,2025-07-19 15:00:00+05:30,10.429132,201.25058,13.441071,200.37651
472,2025-07-19 16:00:00+05:30,9.05205,197.35411,11.966954,195.7087
473,2025-07-19 17:00:00+05:30,13.14,221.112,20.073833,219.5424
474,2025-07-19 18:00:00+05:30,9.919618,191.5138,15.542662,193.39252
475,2025-07-19 19:00:00+05:30,8.3520775,142.88306,13.5515,163.0091
476,2025-07-19 20:00:00+05:30,8.467655,177.5634,17.108522,181.8087
477,2025-07-19 21:00:00+05:30,6.5520988,200.92458,14.423605,209.12396
478,2025-07-19 22:00:00+05:30,7.4932766,204.10223,15.130711,212.36661
479,2025-07-19 23:00:00+05:30,6.391901,189.72751,13.54911,199.3979
480,2025-07-20 00:00:00+05:30,6.320538,199.9832,14.169785,205.58847
481,2025-07-20 01:00:00+05:30,6.66,198.92474,15.053425,206.25859
482,2025-07-20 02:00:00+05:30,6.050785,210.37904,14.33347,215.28683
483,2025-07-20 03:00:00+05:30,2.6758924,312.27362,6.542201,262.09293
484,2025-07-20 04:00:00+05:30,1.8,306.86996,4.7827187,289.79895
485,2025-07-20 05:00:00+05:30,1.659518,310.60123,4.1125174,293.1986
486,2025-07-20 06:00:00+05:30,2.5772076,335.22488,4.7928696,304.28693
487,2025-07-20 07:00:00+05:30,1.9469976,326.3099,2.8001428,315.0001
488,2025-07-20 08:00:00+05:30,2.995797,327.26477,3.8939953,326.3099
489,2025-07-20 09:00:00+05:30,1.8792552,16.699326,2.226477,14.036275
490,2025-07-20 10:00:00+05:30,6.2405767,33.231728,7.689603,32.57405
491,2025-07-20 11:00:00+05:30,3.8773184,21.801476,4.724786,17.744766
492,2025-07-20 12:00:00+05:30,7.2649574,41.98714,8.790563,42.510403
493,2025-07-20 13:00:00+05:30,8.863972,102.90741,11.226575,102.03058
494,2025-07-20 14:00:00+05:30,6.048107,126.528946,7.8149853,128.45374
495,2025-07-20 15:00:00+05:30,3.143565,103.24053,3.84796,100.784256
496,2025-07-20 16:00:00+05:30,4.0449963,110.854546,5.1826253,110.32322
497,2025-07-20 17:00:00+05:30,3.219938,116.56499,4.186693,115.46331
498,2025-07-20 18:00:00+05:30,1.4399999,90.0,2.0364676,44.999897
499,2025-07-20 19:00:00+05:30,6.302571,88.363464,10.1456785,64.79892
500,2025-07-20 20:00:00+05:30,2.8460495,145.30478,5.6060677,132.39738
501,2025-07-20 21:00:00+05:30,2.5071096,201.03758,6.482499,178.40889
502,2025-07-20 22:00:00+05:30,3.096837,215.53777,7.889259,207.1496
503,2025-07-20 23:00:00+05:30,4.3536186,209.7448,9.984729,213.9766
504,2025-07-21 00:00:00+05:30,5.6002855,224.9999,11.712454,226.24529
505,2025-07-21 01:00:00+05:30,3.604497,267.13766,9.676569,251.56496
506,2025-07-21 02:00:00+05:30,1.2727921,278.13,5.8298883,261.11942
507,2025-07-21 03:00:00+05:30,2.4149535,26.564985,4.724786,342.25522
508,2025-07-21 04:00:00+05:30,2.1749482,65.55606,4.514377,23.498587
509,2025-07-21 05:00:00+05:30,2.3469126,85.60138,3.710795,39.09386
510,2025-07-21 06:00:00+05:30,2.7534704,78.6901,5.315336,61.69934
511,2025-07-21 07:00:00+05:30,4.503598,87.70944,5.5829024,88.15243
512,2025-07-21 08:00:00+05:30,1.6981165,57.99466,2.0124612,63.435013
513,2025-07-21 09:00:00+05:30,2.4482646,107.10281,2.907989,111.801476
514,2025-07-21 10:00:00+05:30,0.9178235,168.69011,1.0948973,189.46225
515,2025-07-21 11:00:00+05:30,1.2727921,315.0001,1.5484185,305.53775
516,2025-07-21 12:00:00+05:30,0.8049845,333.43503,0.9,323.13
517,2025-07-21 13:00:00+05:30,0.9693296,68.19853,1.2074767,63.435013
518,2025-07-21 14:00:00+05:30,2.2768397,161.56496,2.4482646,162.89719
519,2025-07-21 15:00:00+05:30,4.3349743,184.76355,5.426933,185.7105
520,2025-07-21 16:00:00+05:30,5.6492476,202.47948,7.754637,201.80147
521,2025-07-21 17:00:00+05:30,10.134496,19.722366,14.857362,19.093594
522,2025-07-21 18:00:00+05:30,2.8174455,116.56499,5.796447,143.84172
523,2025-07-21 19:00:00+05:30,6.6624317,91.54813,9.965239,110.07162
524,2025-07-21 20:00:00+05:30,1.0495713,59.03632,6.361415,154.8852
525,2025-07-21 21:00:00+05:30,7.127636,224.9999,14.410121,221.45514
526,2025-07-21 22:00:00+05:30,7.2649574,228.01286,15.771329,231.95291
527,2025-07-21 23:00:00+05:30,4.2671766,242.35411,11.996699,242.28159
528,2025-07-22 00:00:00+05:30,3.494968,235.49141,10.223619,243.88614
529,2025-07-22 01:00:00+05:30,5.0816135,202.93213,12.284918,219.05313
530,2025-07-22 02:00:00+05:30,5.1165614,219.28938,13.5012,222.83891
531,2025-07-22 03:00:00+05:30,4.752136,217.30403,12.984975,223.87679
532,2025-07-22 04:00:00+05:30,4.724786,229.63554,12.88981,234.09018
533,2025-07-22 05:00:00+05:30,5.22,223.60289,11.885453,234.86572
534,2025-07-22 06:00:00+05:30,5.072041,207.47435,11.931705,213.92984
535,2025-07-22 07:00:00+05:30,5.7431,212.19571,7.9932966,215.83774
536,2025-07-22 08:00:00+05:30,4.3274937,224.9999,5.6060677,227.60262
537,2025-07-22 09:00:00+05:30,1.6981165,212.00534,2.0523157,217.87505
538,2025-07-22 10:00:00+05:30,5.0432134,177.95464,6.122647,178.31535
539,2025-07-22 11:00:00+05:30,6.3231,175.101,7.5942073,174.55975
540,2025-07-22 12:00:00+05:30,4.8633323,177.87895,6.302571,181.63654
541,2025-07-22 13:00:00+05:30,1.609969,63.435013,1.8532133,60.94549
542,2025-07-22 14:00:00+05:30,2.4014995,77.00539,3.0811036,83.29026
543,2025-07-22 15:00:00+05:30,2.4482648,126.027466,3.319036,139.39879
544,2025-07-22 16:00:00+05:30,6.489992,199.44012,8.482947,197.28159
545,2025-07-22 17:00:00+05:30,8.3520775,232.88306,13.783817,229.23648
546,2025-07-22 18:00:00+05:30,3.710795,345.9637,6.6818557,332.74475
547,2025-07-22 19:00:00+05:30,3.5455887,336.0375,6.898956,352.50424
548,2025-07-22 20:00:00+05:30,2.0523157,322.12494,3.9763298,354.80566
549,2025-07-22 21:00:00+05:30,0.17999999,180.0,1.2979984,123.690094
550,2025-07-22 22:00:00+05:30,0.6489992,213.6901,4.327493,196.9276
551,2025-07-22 23:00:00+05:30,2.5582807,230.71062,8.043805,220.46214
552,2025-07-23 00:00:00+05:30,3.572898,220.91429,9.931042,226.46873
553,2025-07-23 01:00:00+05:30,3.4623692,207.89717,8.913181,226.63654
554,2025-07-23 02:00:00+05:30,3.8939953,213.6901,9.97986,230.85602
555,2025-07-23 03:00:00+05:30,3.096837,234.46223,8.557102,247.75093
556,2025-07-23 04:00:00+05:30,4.2175345,309.8055,9.600937,300.411
557,2025-07-23 05:00:00+05:30,6.6818557,355.36462,13.170786,356.08182
558,2025-07-23 06:00:00+05:30,0.9,323.13,2.226477,284.03625
559,2025-07-23 07:00:00+05:30,2.0523157,232.12495,2.8460495,235.30478
560,2025-07-23 08:00:00+05:30,1.659518,282.5288,2.0124612,280.30478
561,2025-07-23 09:00:00+05:30,2.50064,210.25635,2.9024127,209.7448
562,2025-07-23 10:00:00+05:30,1.4058449,230.19447,1.659518,229.39879
563,2025-07-23 11:00:00+05:30,0.9,216.86998,1.0495713,210.96368
564,2025-07-23 12:00:00+05:30,3.0652893,220.23628,3.693291,223.02507
565,2025-07-23 13:00:00+05:30,2.9301877,190.6196,3.671294,191.30989
566,2025-07-23 14:00:00+05:30,3.8856654,193.39252,4.724786,197.74477
567,2025-07-23 15:00:00+05:30,2.968636,194.03627,3.5864744,197.52567
568,2025-07-23 16:00:00+05:30,1.9134263,48.814175,2.0991426,59.03632
569,2025-07-23 17:00:00+05:30,4.471107,229.89915,6.4924874,226.12321
570,2025-07-23 18:00:00+05:30,2.3051248,51.34017,5.315336,61.69934
571,2025-07-23 19:00:00+05:30,2.2768397,288.43503,2.8116899,309.8055
572,2025-07-23 20:00:00+05:30,9.904906,250.9064,16.75064,261.34753
573,2025-07-23 21:00:00+05:30,4.8466477,254.93146,10.234705,246.13982
574,2025-07-23 22:00:00+05:30,3.550155,239.53453,9.109138,240.39565
575,2025-07-23 23:00:00+05:30,3.319036,229.39879,9.627896,249.19313
576,2025-07-24 00:00:00+05:30,1.8089776,95.7105,0.35999998,180.0
577,2025-07-24 01:00:00+05:30,3.2846913,80.53775,5.771239,86.423744
578,2025-07-24 02:00:00+05:30,0.9,53.13002,3.2399998,90.0
579,2025-07-24 03:00:00+05:30,0.9,360.0,2.34,360.0
580,2025-07-24 04:00:00+05:30,2.97953,25.016869,6.198903,25.820946
581,2025-07-24 05:00:00+05:30,3.8856654,76.60749,5.6060677,42.397392
582,2025-07-24 06:00:00+05:30,2.9301877,227.4896,4.6834598,272.20255
583,2025-07-24 07:00:00+05:30,1.8792552,253.30067,2.3469126,265.60138
584,2025-07-24 08:00:00+05:30,5.0688457,276.11542,6.3639607,278.13
585,2025-07-24 09:00:00+05:30,3.462369,8.97255,4.5322843,6.842679
586,2025-07-24 10:00:00+05:30,6.502461,48.366554,8.404285,46.73567
587,2025-07-24 11:00:00+05:30,4.471107,139.89915,5.3517847,137.72638
588,2025-07-24 12:00:00+05:30,10.571074,132.92996,14.156058,131.39143
589,2025-07-24 13:00:00+05:30,0.8049845,296.56497,1.0182338,315.0001
590,2025-07-24 14:00:00+05:30,2.907989,21.801476,3.7842832,25.346138
591,2025-07-24 15:00:00+05:30,3.8773184,291.80148,4.514377,293.49857
592,2025-07-24 16:00:00+05:30,3.693291,316.9749,4.471107,319.89914
593,2025-07-24 17:00:00+05:30,3.2399998,270.0,3.7799997,270.0
594,2025-07-24 18:00:00+05:30,1.4512063,119.74479,4.5891175,115.55992
595,2025-07-24 19:00:00+05:30,1.6981165,57.99466,3.84796,79.21575
596,2025-07-24 20:00:00+05:30,1.0182338,44.999897,2.8001428,44.999897
597,2025-07-24 21:00:00+05:30,4.3832865,19.179106,8.654986,16.927603
598,2025-07-24 22:00:00+05:30,10.383987,33.6901,19.171478,34.286938
599,2025-07-24 23:00:00+05:30,8.792405,22.89059,16.213993,22.86454
600,2025-07-25 00:00:00+05:30,8.035746,15.5928755,15.881875,17.818983
601,2025-07-25 01:00:00+05:30,7.9036193,30.068504,15.536408,26.86184
602,2025-07-25 02:00:00+05:30,8.0599,23.70266,15.070633,29.32038
603,2025-07-25 03:00:00+05:30,11.583108,44.370483,19.99297,43.175938
604,2025-07-25 04:00:00+05:30,12.801531,27.645891,21.794127,30.801384
605,2025-07-25 05:00:00+05:30,13.229693,33.90632,22.537409,36.229336
606,2025-07-25 06:00:00+05:30,15.210799,39.718716,23.679407,46.2319
607,2025-07-25 07:00:00+05:30,21.900904,64.698654,31.807074,64.8852
608,2025-07-25 08:00:00+05:30,23.400002,75.74994,32.744175,75.352585
609,2025-07-25 09:00:00+05:30,21.711462,78.03797,29.90005,78.89304
610,2025-07-25 10:00:00+05:30,20.7219,78.98293,28.142813,80.05577
611,2025-07-25 11:00:00+05:30,27.215738,82.781075,37.489296,83.659904
612,2025-07-25 12:00:00+05:30,22.944881,70.28562,31.0822,70.72552
613,2025-07-25 13:00:00+05:30,27.03897,70.96187,38.19437,71.30879
614,2025-07-25 14:00:00+05:30,22.97381,66.44773,33.043606,66.227646
615,2025-07-25 15:00:00+05:30,27.014996,83.11184,38.60318,83.30587
616,2025-07-25 16:00:00+05:30,24.932436,77.0674,37.07563,77.38069
617,2025-07-25 17:00:00+05:30,23.470507,81.621414,36.81605,82.97932
618,2025-07-25 18:00:00+05:30,25.120804,73.77257,40.12426,76.77419
619,2025-07-25 19:00:00+05:30,22.603443,72.86364,36.147743,76.171326
620,2025-07-25 20:00:00+05:30,22.049082,95.15199,34.47458,99.314705
621,2025-07-25 21:00:00+05:30,24.066206,111.960625,37.853535,114.73707
622,2025-07-25 22:00:00+05:30,24.08303,109.653915,38.478764,112.84669
623,2025-07-25 23:00:00+05:30,23.448412,102.862755,37.310402,106.24923
624,2025-07-26 00:00:00+05:30,24.231237,103.313644,38.154053,106.72521
625,2025-07-26 01:00:00+05:30,24.64094,101.802414,38.34845,105.79771
626,2025-07-26 02:00:00+05:30,24.76227,109.09359,39.508663,111.65605
627,2025-07-26 03:00:00+05:30,24.16697,111.40525,37.887753,113.52029
628,2025-07-26 04:00:00+05:30,25.211569,118.57772,38.78071,119.77777
629,2025-07-26 05:00:00+05:30,23.522217,114.40766,36.71294,115.55992
630,2025-07-26 06:00:00+05:30,23.0653,124.18617,35.700855,124.731766
631,2025-07-26 07:00:00+05:30,25.146587,130.64569,36.276142,130.16951
632,2025-07-26 08:00:00+05:30,22.800394,132.7605,31.989904,132.03506
633,2025-07-26 09:00:00+05:30,21.423023,127.832825,29.237675,127.99879
634,2025-07-26 10:00:00+05:30,19.694992,120.78408,26.887566,121.02947
635,2025-07-26 11:00:00+05:30,20.327251,129.61066,27.356445,129.66072
636,2025-07-26 12:00:00+05:30,21.317654,123.287544,29.15611,124.18066
637,2025-07-26 13:00:00+05:30,21.517342,145.91109,29.00738,145.6196
638,2025-07-26 14:00:00+05:30,17.623463,145.82297,23.815842,145.46912
639,2025-07-26 15:00:00+05:30,15.94804,126.740654,21.960737,127.33961
640,2025-07-26 16:00:00+05:30,15.971386,140.02913,22.240019,140.25385
641,2025-07-26 17:00:00+05:30,14.654254,152.176,23.516708,151.66965
642,2025-07-26 18:00:00+05:30,10.075177,131.37842,17.581125,137.4896
643,2025-07-26 19:00:00+05:30,10.055864,135.72514,17.747124,139.52486
644,2025-07-26 20:00:00+05:30,9.290511,125.537766,17.10284,130.73203
645,2025-07-26 21:00:00+05:30,8.287822,124.3804,15.742541,128.96675
646,2025-07-26 22:00:00+05:30,8.953078,120.17343,16.560978,127.49273
647,2025-07-26 23:00:00+05:30,9.1641035,135.0001,17.262178,140.50044
648,2025-07-27 00:00:00+05:30,7.9383874,122.969406,15.784676,134.07605
649,2025-07-27 01:00:00+05:30,6.854195,119.93143,14.003028,133.95847
650,2025-07-27 02:00:00+05:30,6.489992,123.6901,13.878688,136.5765
651,2025-07-27 03:00:00+05:30,6.889557,123.2749,14.133152,136.54811
652,2025-07-27 04:00:00+05:30,6.989936,124.50858,14.64209,133.50572
653,2025-07-27 05:00:00+05:30,11.384198,145.30478,18.921415,145.85637
654,2025-07-27 06:00:00+05:30,5.4149795,195.42223,9.3962755,196.69933
655,2025-07-27 07:00:00+05:30,4.2366967,192.26476,6.28713,193.24052
656,2025-07-27 08:00:00+05:30,7.193247,211.70139,9.485504,213.38853
657,2025-07-27 09:00:00+05:30,10.086427,214.82455,13.18308,214.9921
658,2025-07-27 10:00:00+05:30,10.248941,210.61853,13.089354,211.50421
659,2025-07-27 11:00:00+05:30,9.059205,200.95586,11.165805,200.77234
660,2025-07-27 12:00:00+05:30,10.34178,211.47679,13.53236,208.61037
661,2025-07-27 13:00:00+05:30,4.198285,210.96368,5.9617786,208.88649
662,2025-07-27 14:00:00+05:30,6.1437774,185.04236,7.7588143,183.99083
663,2025-07-27 15:00:00+05:30,12.785069,178.38649,17.654688,177.66275
664,2025-07-27 16:00:00+05:30,9.485504,146.61147,13.397612,149.30035
665,2025-07-27 17:00:00+05:30,11.901798,183.46815,19.290257,183.20943
666,2025-07-27 18:00:00+05:30,9.67657,189.63747,18.22361,196.64513
667,2025-07-27 19:00:00+05:30,10.699028,192.63336,19.866161,197.94254
668,2025-07-27 20:00:00+05:30,11.45513,188.13002,20.83184,192.4751
669,2025-07-27 21:00:00+05:30,8.477216,183.65215,17.298738,192.01146
670,2025-07-27 22:00:00+05:30,7.748368,177.33705,16.499237,186.89233
671,2025-07-27 23:00:00+05:30,10.261578,181.00507,19.561287,190.069
672,2025-07-28 00:00:00+05:30,10.308831,192.09474,20.20896,199.24197
673,2025-07-28 01:00:00+05:30,11.269782,206.56499,21.332088,211.5441
674,2025-07-28 02:00:00+05:30,11.196232,216.50153,20.633371,222.87889
675,2025-07-28 03:00:00+05:30,9.039514,215.2725,17.564533,224.9999
676,2025-07-28 04:00:00+05:30,10.383987,213.6901,19.388264,221.23587
677,2025-07-28 05:00:00+05:30,8.596766,199.57321,15.528064,214.6112
678,2025-07-28 06:00:00+05:30,8.085988,196.82149,14.423605,209.12396
679,2025-07-28 07:00:00+05:30,8.707237,209.7448,13.878689,213.89621
680,2025-07-28 08:00:00+05:30,10.009036,217.6943,14.450535,219.44002
681,2025-07-28 09:00:00+05:30,9.648067,233.3438,13.287122,234.372
682,2025-07-28 10:00:00+05:30,8.93859,244.98314,11.534054,247.0362
683,2025-07-28 11:00:00+05:30,7.9465466,256.9081,10.096059,258.6901
684,2025-07-28 12:00:00+05:30,6.4624763,257.125,7.9077177,258.17853
685,2025-07-28 13:00:00+05:30,6.2379804,226.16905,7.5105524,224.02907
686,2025-07-28 14:00:00+05:30,11.119281,240.94548,15.244842,247.06787
687,2025-07-28 15:00:00+05:30,5.072041,242.52565,6.7205353,249.62347
688,2025-07-28 16:00:00+05:30,5.0975285,227.86247,6.59154,235.0079
689,2025-07-28 17:00:00+05:30,7.6367526,224.9999,11.778658,231.20343
690,2025-07-28 18:00:00+05:30,7.748368,239.26459,14.571108,242.80196
691,2025-07-28 19:00:00+05:30,8.78872,214.9921,15.910412,225.4583
692,2025-07-28 20:00:00+05:30,7.256032,226.00499,14.941083,233.82028
693,2025-07-28 21:00:00+05:30,6.8541956,203.19861,14.004185,217.16455
694,2025-07-28 22:00:00+05:30,6.66,198.92474,13.552696,210.31113
695,2025-07-28 23:00:00+05:30,5.369916,230.44037,10.957846,222.33694
696,2025-07-29 00:00:00+05:30,7.2044983,192.99461,13.766176,207.23506
697,2025-07-29 01:00:00+05:30,6.193674,215.53777,13.072015,218.2902
698,2025-07-29 02:00:00+05:30,3.9477081,204.22774,9.292254,225.78473
699,2025-07-29 03:00:00+05:30,4.8633323,177.87895,9.12513,202.01134
700,2025-07-29 04:00:00+05:30,5.6492476,202.47948,11.334285,212.68054
701,2025-07-29 05:00:00+05:30,5.9427266,181.73567,10.730778,202.69383
702,2025-07-29 06:00:00+05:30,6.9480934,163.44286,9.708326,169.31514
703,2025-07-29 07:00:00+05:30,5.7628117,178.21013,7.748368,182.66295
704,2025-07-29 08:00:00+05:30,7.8625183,164.05453,10.172787,166.70142
705,2025-07-29 09:00:00+05:30,10.783487,165.4998,16.344355,168.56636
706,2025-07-29 10:00:00+05:30,7.029225,177.06439,9.5416975,178.9191
707,2025-07-29 11:00:00+05:30,4.4565907,133.36346,5.6060677,137.60262
708,2025-07-29 12:00:00+05:30,7.0934615,125.70678,8.6867485,124.019394
709,2025-07-29 13:00:00+05:30,9.3962755,163.30067,11.620809,163.81073
710,2025-07-29 14:00:00+05:30,7.922045,178.69807,10.086427,177.95464
711,2025-07-29 15:00:00+05:30,9.473541,165.69969,11.832176,166.80939
712,2025-07-29 16:00:00+05:30,10.094454,183.06642,14.417988,182.86235
713,2025-07-29 17:00:00+05:30,4.8733153,175.76369,7.7420926,178.66782
714,2025-07-29 18:00:00+05:30,7.823272,203.02553,16.024044,194.97292
715,2025-07-29 19:00:00+05:30,3.8856654,166.60748,11.542478,176.42374
716,2025-07-29 20:00:00+05:30,4.1046314,164.74483,11.304229,170.83772
717,2025-07-29 21:00:00+05:30,4.7110505,136.54811,12.13499,147.72438
718,2025-07-29 22:00:00+05:30,6.489992,123.6901,14.76439,135.0001
719,2025-07-29 23:00:00+05:30,6.28713,113.62939,14.004185,127.16456
720,2025-07-30 00:00:00+05:30,6.2405767,123.23173,14.383114,134.49303
721,2025-07-30 01:00:00+05:30,6.090812,124.159744,13.619472,135.53539
722,2025-07-30 02:00:00+05:30,6.989936,124.50858,14.396625,132.4664
723,2025-07-30 03:00:00+05:30,7.823272,113.02553,14.978984,122.73522
724,2025-07-30 04:00:00+05:30,7.5942082,121.42952,15.804164,127.13101
725,2025-07-30 05:00:00+05:30,8.43699,123.690094,15.882896,128.55843
726,2025-07-30 06:00:00+05:30,11.246759,129.80553,14.957339,129.62897
727,2025-07-30 07:00:00+05:30,12.638513,116.20005,17.065859,116.29472
728,2025-07-30 08:00:00+05:30,13.766176,117.23507,18.519018,117.810326
729,2025-07-30 09:00:00+05:30,12.283599,124.85453,16.176983,124.57426
730,2025-07-30 10:00:00+05:30,13.288341,118.30067,17.483181,118.93992
731,2025-07-30 11:00:00+05:30,12.330985,123.6901,15.825675,123.87085
732,2025-07-30 12:00:00+05:30,15.971386,129.97087,21.047688,131.18582
733,2025-07-30 13:00:00+05:30,13.493999,136.08084,18.844202,136.54811
734,2025-07-30 14:00:00+05:30,13.985663,148.15099,18.645428,149.22603
735,2025-07-30 15:00:00+05:30,10.484903,145.49142,13.6289835,146.3099
736,2025-07-30 16:00:00+05:30,9.847496,161.89615,13.262714,161.81087
737,2025-07-30 17:00:00+05:30,6.804381,142.52374,10.086427,145.17545
738,2025-07-30 18:00:00+05:30,7.748368,177.33705,14.713831,172.2665
739,2025-07-30 19:00:00+05:30,6.0721655,191.9761,13.75558,186.00891
740,2025-07-30 20:00:00+05:30,2.6208394,164.05453,8.287822,177.5105
741,2025-07-30 21:00:00+05:30,3.0811036,96.70974,7.001514,133.95847
742,2025-07-30 22:00:00+05:30,2.5582807,39.289394,5.720489,102.72436
743,2025-07-30 23:00:00+05:30,4.143911,182.4895,8.027677,160.34608
744,2025-07-31 00:00:00+05:30,2.3469129,147.52882,5.1575575,150.75127
745,2025-07-31 01:00:00+05:30,2.2553935,241.38963,3.671294,191.30989
746,2025-07-31 02:00:00+05:30,0.56920993,18.435053,2.5772078,102.09474
747,2025-07-31 03:00:00+05:30,1.0948973,189.46225,3.396233,147.99466
748,2025-07-31 04:00:00+05:30,2.7475805,211.60745,3.6,216.86998
749,2025-07-31 05:00:00+05:30,4.4565907,223.36346,5.369916,230.44037
750,2025-07-31 06:00:00+05:30,2.0991426,120.96369,2.995797,122.73522
751,2025-07-31 07:00:00+05:30,4.6800003,202.6199,5.5829024,200.77234
752,2025-07-31 08:00:00+05:30,7.9077177,221.30852,10.310402,224.29277
753,2025-07-31 09:00:00+05:30,4.5891175,258.6901,5.6835546,259.046
754,2025-07-31 10:00:00+05:30,4.3349743,265.23645,5.223103,268.02512
755,2025-07-31 11:00:00+05:30,2.0523157,254.74483,2.3469126,265.60138
756,2025-07-31 12:00:00+05:30,2.4482646,252.89719,2.7943513,255.06853
757,2025-07-31 13:00:00+05:30,4.3498964,245.55606,5.318383,246.0375
758,2025-07-31 14:00:00+05:30,6.452441,247.01126,8.027677,250.34608
759,2025-07-31 15:00:00+05:30,1.3104197,105.945465,0.9693296,111.801476
760,2025-07-31 16:00:00+05:30,3.8521678,232.59457,4.978554,229.39879
761,2025-07-31 17:00:00+05:30,10.308831,257.90524,16.75064,261.34753
762,2025-07-31 18:00:00+05:30,10.587917,252.18102,18.818396,255.03323
763,2025-07-31 19:00:00+05:30,8.39657,239.0363,17.01738,246.96054
764,2025-07-31 20:00:00+05:30,7.841887,211.86594,15.580141,229.68597
765,2025-07-31 21:00:00+05:30,8.688613,219.95749,17.262178,230.50044
766,2025-07-31 22:00:00+05:30,8.669949,221.63345,17.208603,232.65057
767,2025-07-31 23:00:00+05:30,9.92778,224.9999,18.865683,232.36467
768,2025-08-01 00:00:00+05:30,4.445672,291.3707,11.35285,272.72626
769,2025-08-01 01:00:00+05:30,8.431228,253.8865,15.639297,258.04343
770,2025-08-01 02:00:00+05:30,8.089993,249.14546,15.316933,250.07433
771,2025-08-01 03:00:00+05:30,10.897063,247.6713,20.037485,252.21602
772,2025-08-01 04:00:00+05:30,8.891343,238.24055,17.161469,245.85446
773,2025-08-01 05:00:00+05:30,10.094454,219.93633,18.329973,225.79564
774,2025-08-01 06:00:00+05:30,11.592894,233.84172,19.32382,242.24155
775,2025-08-01 07:00:00+05:30,14.757804,239.99516,20.282574,238.42586
776,2025-08-01 08:00:00+05:30,14.266632,240.5242,19.179081,240.7888
777,2025-08-01 09:00:00+05:30,13.036026,252.3155,17.363237,252.50415
778,2025-08-01 10:00:00+05:30,11.749741,264.7262,15.506141,266.67267
779,2025-08-01 11:00:00+05:30,11.866355,279.60513,14.739132,278.42688
780,2025-08-01 12:00:00+05:30,9.430695,246.3706,13.207634,252.55272
781,2025-08-01 13:00:00+05:30,13.644427,239.0363,18.435726,242.68448
782,2025-08-01 14:00:00+05:30,11.207801,240.14108,15.215058,244.04129
783,2025-08-01 15:00:00+05:30,9.984729,242.04912,13.523978,243.09398
784,2025-08-01 16:00:00+05:30,10.630672,241.69934,14.822429,245.61363
785,2025-08-01 17:00:00+05:30,8.43699,213.6901,14.14232,222.4208
786,2025-08-01 18:00:00+05:30,4.5891175,221.82008,10.560341,240.37634
787,2025-08-01 19:00:00+05:30,5.3939967,205.7099,12.124306,220.78572
788,2025-08-01 20:00:00+05:30,6.1569467,195.25517,14.74902,203.7495
789,2025-08-01 21:00:00+05:30,7.1321807,190.17545,15.827721,197.19862
790,2025-08-01 22:00:00+05:30,8.311245,197.6502,16.833609,204.64676
791,2025-08-01 23:00:00+05:30,8.019601,224.09071,15.815435,228.69148
792,2025-08-02 00:00:00+05:30,7.145796,229.08571,14.827893,236.88866
793,2025-08-02 01:00:00+05:30,9.582358,208.00908,18.9,216.86998
794,2025-08-02 02:00:00+05:30,9.044888,222.58046,17.86449,229.08571
795,2025-08-02 03:00:00+05:30,7.69592,190.78426,14.266632,209.4758
796,2025-08-02 04:00:00+05:30,8.967541,190.40765,16.336426,198.63467
797,2025-08-02 05:00:00+05:30,10.299397,185.01303,18.254698,192.5288
798,2025-08-02 06:00:00+05:30,11.525623,194.47034,20.150354,198.75874
799,2025-08-02 07:00:00+05:30,12.367716,201.33693,17.419127,203.12088
800,2025-08-02 08:00:00+05:30,12.936228,211.92084,17.02404,213.35403
801,2025-08-02 09:00:00+05:30,12.632101,229.04459,15.951087,229.11829
802,2025-08-02 10:00:00+05:30,12.855831,224.4328,16.293728,225.89508
803,2025-08-02 11:00:00+05:30,11.39842,201.29742,14.84318,202.8337
804,2025-08-02 12:00:00+05:30,6.638072,192.5288,10.075177,198.75874
805,2025-08-02 13:00:00+05:30,5.232399,183.94511,6.924738,188.97255
806,2025-08-02 14:00:00+05:30,6.489992,160.55988,7.689603,163.68607
807,2025-08-02 15:00:00+05:30,13.8049555,157.78235,19.255793,159.19313
808,2025-08-02 16:00:00+05:30,9.734988,183.17976,13.917154,185.19434
809,2025-08-02 17:00:00+05:30,8.287822,182.4895,12.440851,183.31772
810,2025-08-02 18:00:00+05:30,6.3639607,171.86998,12.525207,172.56868
811,2025-08-02 19:00:00+05:30,5.5829024,178.15244,12.061341,179.14493
812,2025-08-02 20:00:00+05:30,6.87779,173.99109,13.861168,179.25595
813,2025-08-02 21:00:00+05:30,6.898956,172.50424,14.941085,180.69026
814,2025-08-02 22:00:00+05:30,4.8633323,177.87895,12.800265,183.22446
815,2025-08-02 23:00:00+05:30,4.0249224,206.56499,10.534229,196.88687
816,2025-08-03 00:00:00+05:30,7.3997297,138.94528,15.342294,157.94888
817,2025-08-03 01:00:00+05:30,9.257321,153.43501,17.48596,159.51291
818,2025-08-03 02:00:00+05:30,12.287555,174.95764,21.423023,179.03716
819,2025-08-03 03:00:00+05:30,8.759178,170.53775,16.801823,175.08353
820,2025-08-03 04:00:00+05:30,9.885262,169.50858,18.416384,175.51547
821,2025-08-03 05:00:00+05:30,8.37532,171.34753,15.856356,177.39749
822,2025-08-03 06:00:00+05:30,11.897714,162.38733,20.617662,167.90526
823,2025-08-03 07:00:00+05:30,10.132897,167.692,17.9973,171.95102
824,2025-08-03 08:00:00+05:30,11.016824,184.6858,16.1017,185.77423
825,2025-08-03 09:00:00+05:30,10.564942,188.8203,14.474059,190.75092
826,2025-08-03 10:00:00+05:30,13.207634,197.44728,16.90563,198.62796
827,2025-08-03 11:00:00+05:30,12.221456,189.32352,15.506141,189.3529
828,2025-08-03 12:00:00+05:30,15.151039,189.57416,19.627428,191.10379
829,2025-08-03 13:00:00+05:30,12.242646,138.57643,17.377226,140.04251
830,2025-08-03 14:00:00+05:30,17.194475,190.25114,23.763409,190.03305
831,2025-08-03 15:00:00+05:30,19.087639,200.9988,26.674032,201.37068
832,2025-08-03 16:00:00+05:30,17.750774,202.6646,25.103384,202.3355
833,2025-08-03 17:00:00+05:30,10.1902895,234.34457,17.065859,232.28395
834,2025-08-03 18:00:00+05:30,9.391102,167.82855,18.289274,169.79608
835,2025-08-03 19:00:00+05:30,8.452336,206.56499,16.077536,201.68236
836,2025-08-03 20:00:00+05:30,8.0599,209.42737,15.342294,211.07898
837,2025-08-03 21:00:00+05:30,7.731622,192.09474,15.256526,199.29015
838,2025-08-03 22:00:00+05:30,8.707238,187.12492,16.67795,198.23949
839,2025-08-03 23:00:00+05:30,9.340941,205.08356,17.972979,209.38892
840,2025-08-04 00:00:00+05:30,9.252069,217.09291,18.23694,221.39862
841,2025-08-04 01:00:00+05:30,8.027678,222.27362,16.165964,232.23686
842,2025-08-04 02:00:00+05:30,7.689603,200.55612,14.787414,211.56177
843,2025-08-04 03:00:00+05:30,6.849467,183.01273,13.055896,195.18588
844,2025-08-04 04:00:00+05:30,8.528657,187.27492,15.804164,194.5111
845,2025-08-04 05:00:00+05:30,9.801326,187.38596,17.769016,193.47318
846,2025-08-04 06:00:00+05:30,7.7420926,197.59251,16.412603,201.21805
847,2025-08-04 07:00:00+05:30,8.297589,204.34108,12.638513,206.20006
848,2025-08-04 08:00:00+05:30,10.944532,216.30458,15.048042,216.73291
849,2025-08-04 09:00:00+05:30,8.863972,203.9625,11.203464,203.6821
850,2025-08-04 10:00:00+05:30,6.59154,214.9921,8.287822,214.3804
851,2025-08-04 11:00:00+05:30,11.384198,235.30478,14.628807,235.52773
852,2025-08-04 12:00:00+05:30,5.9617786,241.11351,7.8149853,241.07367
853,2025-08-04 13:00:00+05:30,10.873251,289.3349,14.689589,287.1028
854,2025-08-04 14:00:00+05:30,3.9518096,239.9315,7.0591216,250.64091
855,2025-08-04 15:00:00+05:30,6.542201,187.90707,9.346143,195.6423
856,2025-08-04 16:00:00+05:30,5.983477,164.2913,8.37532,171.34753
857,2025-08-04 17:00:00+05:30,12.273043,175.79472,20.539726,182.5113
858,2025-08-04 18:00:00+05:30,7.2359104,185.7105,15.062033,194.5345
859,2025-08-04 19:00:00+05:30,7.342588,191.30989,14.33234,205.27768
860,2025-08-04 20:00:00+05:30,6.5520988,195.94547,13.799087,210.57915
861,2025-08-04 21:00:00+05:30,6.391901,212.34741,13.5012,222.83891
862,2025-08-04 22:00:00+05:30,6.989936,214.50858,14.637663,225.49815
863,2025-08-04 23:00:00+05:30,5.509882,231.63248,12.570394,240.8658
864,2025-08-05 00:00:00+05:30,4.293669,213.02386,10.383987,236.3099
865,2025-08-05 01:00:00+05:30,5.1481256,216.46933,10.934166,237.09476
866,2025-08-05 02:00:00+05:30,4.3274937,224.9999,10.6261,243.86905
867,2025-08-05 03:00:00+05:30,3.319036,220.60121,8.373386,244.5367
868,2025-08-05 04:00:00+05:30,3.536439,255.2564,8.688613,256.82745
869,2025-08-05 05:00:00+05:30,4.6938252,274.39862,10.98,270.0
870,2025-08-05 06:00:00+05:30,6.725354,195.52417,14.64209,200.88588
871,2025-08-05 07:00:00+05:30,6.3639607,188.13002,11.966954,195.7087
872,2025-08-05 08:00:00+05:30,6.6624317,181.54813,9.3669195,182.20255
873,2025-08-05 09:00:00+05:30,8.37532,188.65247,11.098865,188.39284
874,2025-08-05 10:00:00+05:30,7.754637,201.80147,10.028439,201.03758
875,2025-08-05 11:00:00+05:30,6.361415,205.1148,8.049845,206.56499
876,2025-08-05 12:00:00+05:30,6.698806,210.69965,8.0899935,212.27562
877,2025-08-05 13:00:00+05:30,5.6233797,230.19447,6.7757506,230.38934
878,2025-08-05 14:00:00+05:30,7.1661706,258.40784,8.825508,258.23172
879,2025-08-05 15:00:00+05:30,9.743304,205.14474,12.440851,211.39021
880,2025-08-05 16:00:00+05:30,6.5520988,195.94547,9.059205,200.95586
881,2025-08-05 17:00:00+05:30,7.2805495,171.46931,12.662843,185.7105
882,2025-08-05 18:00:00+05:30,3.671294,191.30989,8.435069,219.80553
883,2025-08-05 19:00:00+05:30,3.604497,182.86235,8.067936,218.65984
884,2025-08-05 20:00:00+05:30,8.707238,187.12492,15.256526,199.29015
885,2025-08-05 21:00:00+05:30,11.39842,195.5726,21.559462,202.06795
886,2025-08-05 22:00:00+05:30,10.062305,206.56499,20.188908,211.13892
887,2025-08-05 23:00:00+05:30,6.689125,203.80595,15.12964,214.82455
888,2025-08-06 00:00:00+05:30,6.015878,218.92755,14.128566,225.5161
889,2025-08-06 01:00:00+05:30,4.3274937,224.9999,11.681987,236.3099
890,2025-08-06 02:00:00+05:30,5.257109,218.04709,11.885453,234.86572
891,2025-08-06 03:00:00+05:30,5.6521144,217.23491,12.181624,235.84026
892,2025-08-06 04:00:00+05:30,6.8777895,227.12111,13.684735,243.43501
893,2025-08-06 05:00:00+05:30,6.050785,239.62096,12.108261,258.85715
894,2025-08-06 06:00:00+05:30,10.908951,217.6263,19.567083,219.40063
895,2025-08-06 07:00:00+05:30,12.632101,237.21573,21.67487,237.89377
896,2025-08-06 08:00:00+05:30,12.88981,234.09018,19.220427,236.45872
897,2025-08-06 09:00:00+05:30,11.351422,242.62238,16.260885,243.71866
898,2025-08-06 10:00:00+05:30,7.5105524,224.02907,11.362834,229.49724
899,2025-08-06 11:00:00+05:30,10.195057,227.86247,14.174356,229.63554
900,2025-08-06 12:00:00+05:30,10.261579,248.38516,14.178928,249.95467
901,2025-08-06 13:00:00+05:30,14.224556,271.4502,18.543495,271.11237
902,2025-08-06 14:00:00+05:30,9.6480665,255.96373,12.74954,256.94473
903,2025-08-06 15:00:00+05:30,9.227524,249.44388,12.011544,250.75038
904,2025-08-06 16:00:00+05:30,10.495713,247.8336,14.517644,250.44165
905,2025-08-06 17:00:00+05:30,9.835975,214.56259,16.363178,219.64413
906,2025-08-06 18:00:00+05:30,8.936778,214.33028,17.84816,228.27058
907,2025-08-06 19:00:00+05:30,8.452336,206.56499,17.311846,224.15756
908,2025-08-06 20:00:00+05:30,8.777654,208.14151,18.626305,221.08165
909,2025-08-06 21:00:00+05:30,7.6388745,214.43904,16.800856,224.9999
910,2025-08-06 22:00:00+05:30,6.698806,210.69965,15.03835,222.08908
911,2025-08-06 23:00:00+05:30,7.7734165,222.18437,15.94804,233.25935
912,2025-08-07 00:00:00+05:30,7.386582,226.97493,15.315873,240.42226
913,2025-08-07 01:00:00+05:30,7.8149853,231.54626,16.18199,244.2901
914,2025-08-07 02:00:00+05:30,7.7900705,229.68597,16.521803,240.64233
915,2025-08-07 03:00:00+05:30,6.9247384,242.10283,15.3686695,251.56496
916,2025-08-07 04:00:00+05:30,7.329338,245.32315,15.934829,256.27768
917,2025-08-07 05:00:00+05:30,8.163749,255.96373,17.176563,264.58823
918,2025-08-07 06:00:00+05:30,9.007196,267.70944,19.023027,276.5197
919,2025-08-07 07:00:00+05:30,6.7205353,262.30405,10.261578,268.99493
920,2025-08-07 08:00:00+05:30,6.489992,273.17978,8.507737,276.07236
921,2025-08-07 09:00:00+05:30,6.361415,295.1148,8.049845,296.56497
922,2025-08-07 10:00:00+05:30,4.3536186,299.74478,5.2478566,300.96368
923,2025-08-07 11:00:00+05:30,3.2599385,263.6599,3.7842832,267.27374
924,2025-08-07 12:00:00+05:30,2.8116899,230.19447,3.319036,229.39879
925,2025-08-07 13:00:00+05:30,4.1556225,175.03035,5.04,180.0
926,2025-08-07 14:00:00+05:30,6.9527545,201.25058,8.936777,198.79999
927,2025-08-07 15:00:00+05:30,8.538149,341.56494,11.103243,343.03375
928,2025-08-07 16:00:00+05:30,1.26,270.0,1.6299692,263.6599
929,2025-08-07 17:00:00+05:30,3.6402748,188.53069,6.519877,186.3401
930,2025-08-07 18:00:00+05:30,7.579261,175.91446,14.490838,186.41869
931,2025-08-07 19:00:00+05:30,7.9932976,187.76508,15.978486,194.34937
932,2025-08-07 20:00:00+05:30,8.528657,187.27492,17.069656,194.03627
933,2025-08-07 21:00:00+05:30,9.080639,193.7608,17.703253,198.98772
934,2025-08-07 22:00:00+05:30,8.322932,201.57137,16.42346,207.40749
935,2025-08-07 23:00:00+05:30,7.02,180.0,14.618837,189.92618
936,2025-08-08 00:00:00+05:30,7.9383874,176.09958,15.856356,182.60251
937,2025-08-08 01:00:00+05:30,7.79215,173.36758,15.661035,179.34148
938,2025-08-08 02:00:00+05:30,9.266067,172.1848,16.966848,175.74124
939,2025-08-08 03:00:00+05:30,9.6480665,165.96373,17.035456,173.32562
940,2025-08-08 04:00:00+05:30,10.132897,167.692,17.791796,168.91747
941,2025-08-08 05:00:00+05:30,10.062305,169.6952,17.015474,173.92764
942,2025-08-08 06:00:00+05:30,14.05845,166.67546,22.046877,171.0761
943,2025-08-08 07:00:00+05:30,10.435344,165.00487,14.05845,166.67546
944,2025-08-08 08:00:00+05:30,9.292254,171.08516,12.346741,172.46065
945,2025-08-08 09:00:00+05:30,9.568824,196.38962,12.413476,196.85847
946,2025-08-08 10:00:00+05:30,11.525623,194.47034,14.689589,197.10281
947,2025-08-08 11:00:00+05:30,15.130711,212.36661,19.634031,211.50421
948,2025-08-08 12:00:00+05:30,8.790563,227.4896,11.709688,224.9999
949,2025-08-08 13:00:00+05:30,11.892265,219.47243,15.210799,219.71872
950,2025-08-08 14:00:00+05:30,11.39842,201.29742,14.941083,201.92964
951,2025-08-08 15:00:00+05:30,14.707222,201.54105,20.590143,202.08049
952,2025-08-08 16:00:00+05:30,9.565437,199.79897,13.779114,199.8553
953,2025-08-08 17:00:00+05:30,9.016185,176.56644,15.484185,178.66782
954,2025-08-08 18:00:00+05:30,7.2359104,185.7105,16.108742,198.23259
955,2025-08-08 19:00:00+05:30,8.281956,178.75467,17.438646,191.30989
956,2025-08-08 20:00:00+05:30,8.461914,178.78116,17.82727,191.65027
957,2025-08-08 21:00:00+05:30,9.444426,172.33328,19.290257,183.20943
958,2025-08-08 22:00:00+05:30,8.825508,168.23174,18.741621,177.24757
959,2025-08-08 23:00:00+05:30,9.430695,156.3706,19.070658,162.42006
960,2025-08-09 00:00:00+05:30,10.829959,164.57777,20.05203,168.08487
961,2025-08-09 01:00:00+05:30,12.466867,175.03035,22.32653,178.61412
962,2025-08-09 02:00:00+05:30,10.813492,182.86235,20.161608,187.69595
963,2025-08-09 03:00:00+05:30,9.721666,181.06088,17.893484,185.19434
964,2025-08-09 04:00:00+05:30,8.467655,182.4366,16.499237,186.89233
965,2025-08-09 05:00:00+05:30,9.208192,184.48453,17.106628,188.47105
966,2025-08-09 06:00:00+05:30,6.302571,178.36346,12.673074,191.4695
967,2025-08-09 07:00:00+05:30,9.107359,198.43504,12.641076,199.9832
968,2025-08-09 08:00:00+05:30,9.278297,198.08354,12.472065,200.26578
969,2025-08-09 09:00:00+05:30,13.510796,182.29056,17.49337,183.53949
970,2025-08-09 10:00:00+05:30,11.892265,182.60251,15.517629,183.99083
971,2025-08-09 11:00:00+05:30,11.701385,180.88138,15.137133,182.72626
972,2025-08-09 12:00:00+05:30,12.992458,190.3758,16.309628,190.81383
973,2025-08-09 13:00:00+05:30,13.277364,195.73207,16.813387,195.52417
974,2025-08-09 14:00:00+05:30,12.661564,194.82652,17.950432,195.7087
975,2025-08-09 15:00:00+05:30,14.545515,192.14426,19.523985,192.24231
976,2025-08-09 16:00:00+05:30,16.019999,180.0,23.406229,178.67805
977,2025-08-09 17:00:00+05:30,9.139322,212.12497,15.435983,211.65123
978,2025-08-09 18:00:00+05:30,9.9977,193.53587,19.758228,196.94931
979,2025-08-09 19:00:00+05:30,7.458606,188.32556,17.208603,195.78082
980,2025-08-09 20:00:00+05:30,7.8149853,194.67644,17.418196,198.06056
981,2025-08-09 21:00:00+05:30,8.641874,181.19347,18.73557,188.2857
982,2025-08-09 22:00:00+05:30,9.178235,168.69011,19.290257,176.79057
983,2025-08-09 23:00:00+05:30,11.341428,179.09064,22.355536,183.23094
984,2025-08-10 00:00:00+05:30,12.108261,185.11722,22.637817,189.61205
985,2025-08-10 01:00:00+05:30,12.710091,192.26476,23.270874,194.78873
986,2025-08-10 02:00:00+05:30,10.597094,200.89784,20.634155,203.658
987,2025-08-10 03:00:00+05:30,9.693296,201.80147,19.239801,206.08554
988,2025-08-10 04:00:00+05:30,9.668195,204.17911,19.201874,210.411
989,2025-08-10 05:00:00+05:30,8.863972,209.16751,18.123774,214.47928
990,2025-08-10 06:00:00+05:30,9.430694,193.24052,17.48596,200.48709
991,2025-08-10 07:00:00+05:30,10.564942,203.07043,14.658676,204.67685
992,2025-08-10 08:00:00+05:30,11.113451,204.90474,14.81259,205.94225
993,2025-08-10 09:00:00+05:30,9.984729,213.9766,12.785069,215.25644
994,2025-08-10 10:00:00+05:30,9.167638,223.4089,11.203464,223.69812
995,2025-08-10 11:00:00+05:30,9.7565975,217.50421,11.919479,218.25447
996,2025-08-10 12:00:00+05:30,10.534229,213.147,12.830604,214.13599
997,2025-08-10 13:00:00+05:30,10.662626,201.80147,13.070776,202.6806
998,2025-08-10 14:00:00+05:30,5.0142193,201.03758,6.725354,195.52417
999,2025-08-10 15:00:00+05:30,9.266067,204.0755,12.409561,203.9625
1000,2025-08-10 16:00:00+05:30,9.178235,228.17992,12.496718,228.50363
1001,2025-08-10 17:00:00+05:30,6.76618,208.61037,9.826088,208.44283
1002,2025-08-10 18:00:00+05:30,10.441552,180.98773,20.532627,182.0095
1003,2025-08-10 19:00:00+05:30,10.304114,207.01259,19.995398,203.33406
1004,2025-08-10 20:00:00+05:30,9.6228485,262.47626,17.726116,260.05948
1005,2025-08-10 21:00:00+05:30,4.9785542,192.5288,14.372974,202.06795
1006,2025-08-10 22:00:00+05:30,8.131936,185.07951,18.204933,194.31108
1007,2025-08-10 23:00:00+05:30,9.224011,197.02061,19.219584,202.00075
1008,2025-08-11 00:00:00+05:30,9.266067,187.8152,18.914566,196.02036
1009,2025-08-11 01:00:00+05:30,8.641874,181.19347,17.90344,189.84106
1010,2025-08-11 02:00:00+05:30,7.562142,181.36389,16.343367,187.59456
1011,2025-08-11 03:00:00+05:30,7.0774574,187.30566,15.206538,196.50444
1012,2025-08-11 04:00:00+05:30,8.604301,195.78082,17.515581,202.34816
1013,2025-08-11 05:00:00+05:30,7.0911775,203.9625,14.88242,212.15227
1014,2025-08-11 06:00:00+05:30,7.040739,184.39862,14.174356,197.74477
1015,2025-08-11 07:00:00+05:30,8.155807,202.03629,11.113451,204.90474
1016,2025-08-11 08:00:00+05:30,8.338489,212.6609,11.13384,214.46088
1017,2025-08-11 09:00:00+05:30,8.891343,211.75943,11.583109,212.94922
1018,2025-08-11 10:00:00+05:30,7.7900705,220.31403,9.567131,221.18582
1019,2025-08-11 11:00:00+05:30,6.444905,215.90982,7.9567327,217.64769
1020,2025-08-11 12:00:00+05:30,5.983477,226.2188,7.256032,226.00499
1021,2025-08-11 13:00:00+05:30,3.3043609,240.64233,4.198285,239.0363
1022,2025-08-11 14:00:00+05:30,9.72,180.0,11.885453,181.73567
1023,2025-08-11 15:00:00+05:30,14.401124,179.28386,19.263363,181.0708
1024,2025-08-11 16:00:00+05:30,8.049845,190.3048,11.157096,190.2221
1025,2025-08-11 17:00:00+05:30,8.863972,203.9625,12.886039,204.77512
1026,2025-08-11 18:00:00+05:30,8.65873,159.30447,16.071491,164.40714
1027,2025-08-11 19:00:00+05:30,5.9399996,180.0,13.822546,188.23553
1028,2025-08-11 20:00:00+05:30,3.964089,182.60251,11.620809,196.18927
1029,2025-08-11 21:00:00+05:30,4.9785542,167.4712,12.6462,184.899
1030,2025-08-11 22:00:00+05:30,5.297018,170.21767,13.519186,183.05283
1031,2025-08-11 23:00:00+05:30,7.2022495,181.43207,16.141893,187.04567
1032,2025-08-12 00:00:00+05:30,7.69592,190.78426,17.035456,195.94547
1033,2025-08-12 01:00:00+05:30,6.6794305,194.03627,15.379206,200.55612
1034,2025-08-12 02:00:00+05:30,6.5520988,200.92458,15.215058,205.95871
1035,2025-08-12 03:00:00+05:30,6.198903,205.82094,14.292725,211.08743
1036,2025-08-12 04:00:00+05:30,6.5520988,200.92458,14.423605,209.12396
1037,2025-08-12 05:00:00+05:30,4.73506,188.74608,11.440979,204.14554
1038,2025-08-12 06:00:00+05:30,5.950899,176.53185,12.74954,193.05525
1039,2025-08-12 07:00:00+05:30,6.391901,189.72751,8.688613,193.17256
1040,2025-08-12 08:00:00+05:30,5.5829024,181.84756,7.040739,184.39862
1041,2025-08-12 09:00:00+05:30,5.7628117,178.21013,7.2,180.0
1042,2025-08-12 10:00:00+05:30,6.698806,186.17007,8.171683,187.59456
1043,2025-08-12 11:00:00+05:30,7.42159,194.03627,9.12513,194.85866
1044,2025-08-12 12:00:00+05:30,6.8612823,184.5139,8.477216,183.65215
1045,2025-08-12 13:00:00+05:30,5.0688457,186.1154,6.341009,186.5197
1046,2025-08-12 14:00:00+05:30,11.16145,179.07597,14.401124,180.71614
1047,2025-08-12 15:00:00+05:30,5.7599998,90.0,7.579261,94.08554
1048,2025-08-12 16:00:00+05:30,6.391901,147.65259,8.6193495,151.29414
1049,2025-08-12 17:00:00+05:30,5.257109,141.95291,8.133928,155.13632
1050,2025-08-12 18:00:00+05:30,6.7469993,136.08084,13.243156,148.90276
1051,2025-08-12 19:00:00+05:30,7.587806,157.69374,16.78156,157.28555
1052,2025-08-12 20:00:00+05:30,7.256032,156.61476,16.344357,163.36111
1053,2025-08-12 21:00:00+05:30,9.3962755,159.82927,18.64543,167.17122
1054,2025-08-12 22:00:00+05:30,10.661107,168.31065,21.053844,172.63205
1055,2025-08-12 23:00:00+05:30,11.050591,167.77489,21.365477,170.29968
1056,2025-08-13 00:00:00+05:30,11.173057,177.22984,21.420753,179.51854
1057,2025-08-13 01:00:00+05:30,8.669949,184.76355,17.95043,186.91113
1058,2025-08-13 02:00:00+05:30,10.261578,178.99493,19.493261,184.23631
1059,2025-08-13 03:00:00+05:30,9.565437,160.20103,18.709612,168.90631
1060,2025-08-13 04:00:00+05:30,8.482947,162.71841,17.227419,169.15974
1061,2025-08-13 05:00:00+05:30,9.847496,161.89615,18.745079,168.3664
1062,2025-08-13 06:00:00+05:30,8.027678,132.27364,14.88242,147.84773
1063,2025-08-13 07:00:00+05:30,5.994297,138.65233,13.53236,151.38963
1064,2025-08-13 08:00:00+05:30,8.748075,143.3658,12.283599,145.14548
1065,2025-08-13 09:00:00+05:30,10.703569,137.72638,13.920647,139.72021
1066,2025-08-13 10:00:00+05:30,11.792404,121.26367,15.676542,124.23752
1067,2025-08-13 11:00:00+05:30,12.5807,123.91747,17.725203,124.65842
1068,2025-08-13 12:00:00+05:30,11.7,126.86999,15.552041,127.00261
1069,2025-08-13 13:00:00+05:30,11.844492,106.78272,16.053335,107.62239
1070,2025-08-13 14:00:00+05:30,13.78029,113.886505,18.86139,113.62939
1071,2025-08-13 15:00:00+05:30,12.108261,95.117226,17.355772,95.355736
1072,2025-08-13 16:00:00+05:30,10.51576,96.88163,14.512064,97.12492
1073,2025-08-13 17:00:00+05:30,9.5416975,88.919106,14.941085,89.309746
1074,2025-08-13 18:00:00+05:30,12.367716,68.66307,22.427162,71.27412
1075,2025-08-13 19:00:00+05:30,12.791403,76.15928,23.334137,78.43006
1076,2025-08-13 20:00:00+05:30,11.165805,88.15243,20.523155,88.99494
1077,2025-08-13 21:00:00+05:30,10.464798,93.945114,19.580328,96.863594
1078,2025-08-13 22:00:00+05:30,9.243311,83.29026,17.643673,91.16911
1079,2025-08-13 23:00:00+05:30,12.882267,82.77578,22.065973,84.382515
1080,2025-08-14 00:00:00+05:30,9.346143,74.3577,18.057508,85.42616
1081,2025-08-14 01:00:00+05:30,8.452336,63.435013,16.766108,75.068535
1082,2025-08-14 02:00:00+05:30,8.863972,77.09259,17.373497,84.05324
1083,2025-08-14 03:00:00+05:30,9.178235,78.6901,17.519281,85.28533
1084,2025-08-14 04:00:00+05:30,7.596341,76.29302,15.451717,81.96438
1085,2025-08-14 05:00:00+05:30,8.305396,60.1012,13.776763,72.51192
1086,2025-08-14 06:00:00+05:30,12.682018,83.48029,18.431332,84.95764
1087,2025-08-14 07:00:00+05:30,10.483357,74.054535,14.494192,75.61857
1088,2025-08-14 08:00:00+05:30,12.351988,71.30093,16.224981,72.57005
1089,2025-08-14 09:00:00+05:30,14.512064,82.875084,18.98552,84.55976
1090,2025-08-14 10:00:00+05:30,13.324863,91.54813,17.283749,91.19346
1091,2025-08-14 11:00:00+05:30,17.244337,126.51115,23.47741,125.6399
1092,2025-08-14 12:00:00+05:30,9.595874,113.198616,12.483749,114.71742
1093,2025-08-14 13:00:00+05:30,12.810386,107.162,16.73516,108.8248
1094,2025-08-14 14:00:00+05:30,13.026081,101.154625,17.902534,105.15412
1095,2025-08-14 15:00:00+05:30,12.145665,96.80896,16.16496,97.67888
1096,2025-08-14 16:00:00+05:30,11.555102,108.1528,15.655861,109.47667
1097,2025-08-14 17:00:00+05:30,8.490582,94.864426,13.346729,100.09744
1098,2025-08-14 18:00:00+05:30,4.8733153,94.23632,12.241323,107.10281
1099,2025-08-14 19:00:00+05:30,5.1544156,102.09474,13.403656,112.08723
1100,2025-08-14 20:00:00+05:30,7.293888,105.75124,16.284779,113.44808
1101,2025-08-14 21:00:00+05:30,6.4323244,107.92801,14.941083,111.92964
1102,2025-08-14 22:00:00+05:30,5.937272,104.03627,14.707222,111.541046
1103,2025-08-14 23:00:00+05:30,5.5799994,90.0,13.883356,103.49575
1104,2025-08-15 00:00:00+05:30,6.1569467,105.25517,14.118243,109.359085
1105,2025-08-15 01:00:00+05:30,5.4744864,117.40749,13.229693,123.90632
1106,2025-08-15 02:00:00+05:30,5.950899,93.46816,12.979984,109.440125
1107,2025-08-15 03:00:00+05:30,6.638072,102.5288,14.677451,113.10636
1108,2025-08-15 04:00:00+05:30,5.7628117,91.78987,12.98248,106.9276
1109,2025-08-15 05:00:00+05:30,5.8048253,97.12492,12.758432,106.38962
1110,2025-08-15 06:00:00+05:30,11.028581,116.14678,15.717823,119.50063
1111,2025-08-15 07:00:00+05:30,12.47726,116.56499,17.22836,117.368126
1112,2025-08-15 08:00:00+05:30,11.7,126.86999,15.518672,127.933334
1113,2025-08-15 09:00:00+05:30,12.996201,126.55257,17.1,126.86999
1114,2025-08-15 10:00:00+05:30,13.324863,128.41809,17.429354,128.2902
1115,2025-08-15 11:00:00+05:30,12.362475,132.04915,15.668273,132.67215
1116,2025-08-15 12:00:00+05:30,10.495713,120.96369,14.028457,123.4862
1117,2025-08-15 13:00:00+05:30,8.936778,117.597206,11.453715,120.191536
1118,2025-08-15 14:00:00+05:30,10.766949,128.21107,14.083778,128.77419
1119,2025-08-15 15:00:00+05:30,9.039514,125.27251,11.782784,124.41843
1120,2025-08-15 16:00:00+05:30,9.9408245,132.06425,14.51876,132.99045
1121,2025-08-15 17:00:00+05:30,9.187056,124.62422,15.742541,128.96675
1122,2025-08-15 18:00:00+05:30,2.0523157,195.25517,7.9383874,176.09958
1123,2025-08-15 19:00:00+05:30,1.659518,192.5288,7.6409945,164.98158
1124,2025-08-15 20:00:00+05:30,4.2175345,140.19447,10.9859,145.0079
1125,2025-08-15 21:00:00+05:30,5.315336,151.69934,13.203954,152.38705
1126,2025-08-15 22:00:00+05:30,4.6800003,157.3801,12.936227,158.79071
1127,2025-08-15 23:00:00+05:30,4.080882,138.57643,11.207801,150.14108
1128,2025-08-16 00:00:00+05:30,3.9640884,140.52757,10.7894945,152.15251
1129,2025-08-16 01:00:00+05:30,3.4576871,141.34016,9.565437,160.20103
1130,2025-08-16 02:00:00+05:30,2.0523157,74.74483,4.6452556,144.46223
1131,2025-08-16 03:00:00+05:30,3.2846913,80.53775,5.95906,115.01687
1132,2025-08-16 04:00:00+05:30,3.2846913,80.53775,6.9480934,106.55715
1133,2025-08-16 05:00:00+05:30,4.724786,72.25524,8.647496,92.385895
1134,2025-08-16 06:00:00+05:30,6.898956,97.495766,13.845967,105.843155
1135,2025-08-16 07:00:00+05:30,6.889557,109.85531,9.292255,111.595375
1136,2025-08-16 08:00:00+05:30,7.823272,113.02553,10.163227,112.93214
1137,2025-08-16 09:00:00+05:30,10.931203,107.241554,13.948548,107.26589
1138,2025-08-16 10:00:00+05:30,12.882267,105.39561,16.418526,105.25517
1139,2025-08-16 11:00:00+05:30,11.923557,118.88649,14.897651,118.11311
1140,2025-08-16 12:00:00+05:30,10.036512,122.549995,12.383424,122.53506
1141,2025-08-16 13:00:00+05:30,8.536252,132.43619,10.32924,131.4676
1142,2025-08-16 14:00:00+05:30,9.801326,135.74397,12.730467,136.14568
1143,2025-08-16 15:00:00+05:30,8.099999,126.86999,10.739832,129.55963
1144,2025-08-16 16:00:00+05:30,9.621163,72.58194,13.979871,78.11137
1145,2025-08-16 17:00:00+05:30,10.546525,62.560368,17.682194,67.87362
1146,2025-08-16 18:00:00+05:30,3.0758414,110.55613,8.043805,130.46214
1147,2025-08-16 19:00:00+05:30,3.671294,101.3099,8.6193495,118.70586
1148,2025-08-16 20:00:00+05:30,4.1046314,105.25517,9.835975,124.56259
1149,2025-08-16 21:00:00+05:30,4.613762,110.55612,11.091564,131.71066
1150,2025-08-16 22:00:00+05:30,4.2021427,136.73567,11.032987,146.3099
1151,2025-08-16 23:00:00+05:30,3.710795,157.1663,9.346143,164.3577
1152,2025-08-17 00:00:00+05:30,2.1897945,189.46225,6.6794305,194.03627
1153,2025-08-17 01:00:00+05:30,0.9693296,201.80147,4.542994,213.6901
1154,2025-08-17 02:00:00+05:30,2.5264204,175.91446,5.5829024,200.77234
1155,2025-08-17 03:00:00+05:30,6.0077944,171.38443,11.701385,179.11862
1156,2025-08-17 04:00:00+05:30,4.942631,169.50858,11.375658,175.46231
1157,2025-08-17 05:00:00+05:30,3.362677,195.52417,8.101999,178.727
1158,2025-08-17 06:00:00+05:30,1.2074767,63.435013,1.9386592,158.19853
1159,2025-08-17 07:00:00+05:30,2.36753,81.25392,3.2599385,83.659904
1160,2025-08-17 08:00:00+05:30,4.175069,82.56869,5.4477882,82.40546
1161,2025-08-17 09:00:00+05:30,11.9317045,101.3099,15.287288,102.2361
1162,2025-08-17 10:00:00+05:30,10.801499,90.95482,14.410121,92.147545
1163,2025-08-17 11:00:00+05:30,11.103243,106.96623,14.628807,108.65798
1164,2025-08-17 12:00:00+05:30,11.953409,108.43504,15.312701,107.79608
1165,2025-08-17 13:00:00+05:30,13.6242285,74.67844,18.903427,76.22838
1166,2025-08-17 14:00:00+05:30,8.6867485,95.94677,11.9466305,96.0541
1167,2025-08-17 15:00:00+05:30,9.741642,106.09089,12.758432,106.38962
1168,2025-08-17 16:00:00+05:30,7.2022495,91.43207,9.3669195,92.20255
1169,2025-08-17 17:00:00+05:30,7.0934615,125.70678,13.433838,125.18078
1170,2025-08-17 18:00:00+05:30,9.983106,115.64096,17.311846,115.232796
1171,2025-08-17 19:00:00+05:30,9.36,90.0,17.750774,96.40426
1172,2025-08-17 20:00:00+05:30,7.841888,80.75397,16.056362,93.85673
1173,2025-08-17 21:00:00+05:30,7.570707,71.99575,15.84409,91.301926
1174,2025-08-17 22:00:00+05:30,6.9899354,78.11137,15.876775,93.90042
1175,2025-08-17 23:00:00+05:30,6.59154,55.0079,14.205182,81.25392
1176,2025-08-18 00:00:00+05:30,7.1684303,61.504463,15.215058,79.08892
1177,2025-08-18 01:00:00+05:30,8.197414,70.76923,17.194475,83.99109
1178,2025-08-18 02:00:00+05:30,9.734987,70.559875,19.222954,83.00817
1179,2025-08-18 03:00:00+05:30,10.739833,76.42955,20.973671,84.58308
1180,2025-08-18 04:00:00+05:30,10.337079,82.99883,20.340796,89.49298
1181,2025-08-18 05:00:00+05:30,10.094454,93.06642,19.580328,96.863594
1182,2025-08-18 06:00:00+05:30,14.607751,93.53223,23.42076,97.507256
1183,2025-08-18 07:00:00+05:30,15.893093,103.0919,22.832346,104.14583
1184,2025-08-18 08:00:00+05:30,18.568813,101.745605,25.634678,102.57244
1185,2025-08-18 09:00:00+05:30,20.256996,104.40672,27.723505,104.66787
1186,2025-08-18 10:00:00+05:30,21.402597,108.13028,29.200527,108.32336
1187,2025-08-18 11:00:00+05:30,18.899143,107.74477,24.933735,107.650215
1188,2025-08-18 12:00:00+05:30,18.051228,99.180466,23.377836,99.75236
1189,2025-08-18 13:00:00+05:30,18.268892,95.65433,24.270647,96.387024
1190,2025-08-18 14:00:00+05:30,17.910677,95.7678,24.054089,95.58251
1191,2025-08-18 15:00:00+05:30,15.861463,117.72817,22.224714,118.01781
1192,2025-08-18 16:00:00+05:30,13.4903965,121.35703,19.672773,122.672226
1193,2025-08-18 17:00:00+05:30,14.1102085,113.294586,23.588243,115.78285
1194,2025-08-18 18:00:00+05:30,10.304114,117.01259,19.080849,117.53189
1195,2025-08-18 19:00:00+05:30,11.874544,104.03627,22.33161,110.77233
1196,2025-08-18 20:00:00+05:30,11.442394,109.290146,21.768095,113.38525
1197,2025-08-18 21:00:00+05:30,9.582359,95.38922,19.340576,104.55361
1198,2025-08-18 22:00:00+05:30,9.721666,88.93912,19.626604,97.907074
1199,2025-08-18 23:00:00+05:30,9.906544,92.08252,19.804907,97.83544
1200,2025-08-19 00:00:00+05:30,10.873252,96.654335,20.511312,100.619606
1201,2025-08-19 01:00:00+05:30,10.873252,96.654335,20.404411,101.70641
1202,2025-08-19 02:00:00+05:30,11.276968,98.25935,21.129883,103.799515
1203,2025-08-19 03:00:00+05:30,11.481968,99.01925,21.129883,103.799515
1204,2025-08-19 04:00:00+05:30,12.399113,99.18877,22.43944,103.9248
1205,2025-08-19 05:00:00+05:30,12.346741,97.53935,21.872036,103.80754
1206,2025-08-19 06:00:00+05:30,14.761098,89.30132,23.2451,92.66295
1207,2025-08-19 07:00:00+05:30,21.887583,101.864365,30.713087,101.836754
1208,2025-08-19 08:00:00+05:30,21.576738,109.49316,30.003899,109.63079
1209,2025-08-19 09:00:00+05:30,21.091513,111.529076,29.181105,111.34207
1210,2025-08-19 10:00:00+05:30,22.763416,112.30626,30.586231,112.49022
1211,2025-08-19 11:00:00+05:30,22.553934,114.51963,31.17951,114.19758
1212,2025-08-19 12:00:00+05:30,18.899143,107.74477,25.842384,108.68745
1213,2025-08-19 13:00:00+05:30,23.018898,124.80857,32.002052,124.22642
1214,2025-08-19 14:00:00+05:30,18.022486,124.00754,24.363249,124.159744
1215,2025-08-19 15:00:00+05:30,22.146584,135.0001,31.569351,134.07605
1216,2025-08-19 16:00:00+05:30,17.826363,136.63654,27.521757,137.65074
1217,2025-08-19 17:00:00+05:30,14.336861,141.1155,22.575472,142.12495
1218,2025-08-19 18:00:00+05:30,11.7,120.51016,20.778112,125.480064
1219,2025-08-19 19:00:00+05:30,12.5807,123.91747,22.404757,128.8036
1220,2025-08-19 20:00:00+05:30,11.391313,121.42951,21.599998,126.86998
1221,2025-08-19 21:00:00+05:30,11.7662735,119.30991,22.075516,125.37483
1222,2025-08-19 22:00:00+05:30,11.481968,103.60056,21.426807,111.17581
1223,2025-08-19 23:00:00+05:30,11.966953,111.16133,21.988014,114.67685
1224,2025-08-20 00:00:00+05:30,12.320471,115.06744,21.993908,118.87233
1225,2025-08-20 01:00:00+05:30,12.882267,105.39561,21.659916,111.44781
1226,2025-08-20 02:00:00+05:30,15.426537,109.06929,23.913593,109.79897
1227,2025-08-20 03:00:00+05:30,13.54911,109.39791,21.976223,109.62235
1228,2025-08-20 04:00:00+05:30,14.572221,115.61544,24.014996,113.87529
1229,2025-08-20 05:00:00+05:30,13.210087,109.9165,23.164816,112.38019
1230,2025-08-20 06:00:00+05:30,16.451052,107.8403,24.533543,108.833855
1231,2025-08-20 07:00:00+05:30,14.81259,115.94224,20.04476,116.1048
1232,2025-08-20 08:00:00+05:30,13.552696,120.31113,18.244045,120.86674
1233,2025-08-20 09:00:00+05:30,13.766176,117.23507,18.445389,118.56574
1234,2025-08-20 10:00:00+05:30,15.951087,130.88171,21.183481,130.86523
1235,2025-08-20 11:00:00+05:30,12.606426,136.73567,15.914484,136.37477
1236,2025-08-20 12:00:00+05:30,16.848999,139.3324,21.319935,139.45126
1237,2025-08-20 13:00:00+05:30,7.4672885,105.376305,9.904906,109.09359
1238,2025-08-20 14:00:00+05:30,12.431733,145.6196,16.974487,145.80435
1239,2025-08-20 15:00:00+05:30,13.306615,149.96681,17.816362,150.32701
1240,2025-08-20 16:00:00+05:30,13.491598,135.0001,20.241,136.08084
1241,2025-08-20 17:00:00+05:30,11.457958,133.72705,19.87024,137.20262
1242,2025-08-20 18:00:00+05:30,11.964246,135.0001,21.893505,135.66612
1243,2025-08-20 19:00:00+05:30,9.422101,133.45189,18.96503,135.38449
1244,2025-08-20 20:00:00+05:30,8.967541,128.48022,18.212051,132.99747
1245,2025-08-20 21:00:00+05:30,9.096681,117.072,18.472595,123.07069
1246,2025-08-20 22:00:00+05:30,8.297589,114.34108,16.774803,123.17852
1247,2025-08-20 23:00:00+05:30,4.3498964,114.44395,11.272657,128.51695
1248,2025-08-21 00:00:00+05:30,5.4744864,117.40749,11.778658,141.20343
1249,2025-08-21 01:00:00+05:30,2.34,90.0,6.3639607,135.0001
1250,2025-08-21 02:00:00+05:30,3.7971036,174.55975,9.3962755,163.30067
1251,2025-08-21 03:00:00+05:30,2.34,90.0,7.289444,159.77505
1252,2025-08-21 04:00:00+05:30,1.9881649,174.80566,6.122647,178.31535
1253,2025-08-21 05:00:00+05:30,3.2599385,96.340096,4.863332,141.009
1254,2025-08-21 06:00:00+05:30,4.1085763,118.8107,8.400428,135.0001
1255,2025-08-21 07:00:00+05:30,4.2136917,70.01681,5.2416787,74.054535
1256,2025-08-21 08:00:00+05:30,5.771239,86.423744,7.0223074,91.46877
1257,2025-08-21 09:00:00+05:30,5.6920996,108.43504,7.458606,109.74693
1258,2025-08-21 10:00:00+05:30,5.9427266,125.13428,7.2403865,124.875404
1259,2025-08-21 11:00:00+05:30,8.149847,149.47037,10.158444,150.25522
1260,2025-08-21 12:00:00+05:30,10.538843,172.14677,13.262714,172.1999
1261,2025-08-21 13:00:00+05:30,10.137692,196.50444,12.585848,196.62083
1262,2025-08-21 14:00:00+05:30,9.178235,168.69011,11.5115595,170.09589
1263,2025-08-21 15:00:00+05:30,12.549757,188.24623,17.081041,187.87384
1264,2025-08-21 16:00:00+05:30,10.560341,209.62366,15.496736,210.73541
1265,2025-08-21 17:00:00+05:30,8.281956,181.24533,12.261158,183.3664
1266,2025-08-21 18:00:00+05:30,7.072878,194.7436,14.572219,197.98743
1267,2025-08-21 19:00:00+05:30,8.6867485,174.05324,17.47484,182.36133
1268,2025-08-21 20:00:00+05:30,9.224011,185.59924,18.533009,191.20076
1269,2025-08-21 21:00:00+05:30,8.049845,169.6952,16.208996,181.9091
1270,2025-08-21 22:00:00+05:30,6.5049515,165.5792,13.870515,182.23112
1271,2025-08-21 23:00:00+05:30,5.1165614,140.71062,11.013882,168.69011
1272,2025-08-22 00:00:00+05:30,10.571074,132.92996,16.992609,143.61555
1273,2025-08-22 01:00:00+05:30,5.318383,113.962494,7.329338,155.32315
1274,2025-08-22 02:00:00+05:30,7.3094187,80.07382,9.12513,104.85866
1275,2025-08-22 03:00:00+05:30,8.641874,125.6765,14.584443,125.45556
1276,2025-08-22 04:00:00+05:30,6.7469993,99.21095,11.966953,111.16133
1277,2025-08-22 05:00:00+05:30,3.0652895,93.366394,6.8541956,103.671326
1278,2025-08-22 06:00:00+05:30,7.7400002,90.0,13.75558,96.00892
1279,2025-08-22 07:00:00+05:30,6.778141,100.71308,9.531505,100.88548
1280,2025-08-22 08:00:00+05:30,4.471107,130.10085,6.048107,126.528946
1281,2025-08-22 09:00:00+05:30,5.637765,106.699326,7.247096,104.38144
1282,2025-08-22 10:00:00+05:30,6.3639607,81.86999,8.019601,80.960594
1283,2025-08-22 11:00:00+05:30,5.3939967,64.2901,6.6818557,62.744755
1284,2025-08-22 12:00:00+05:30,5.4119864,86.186005,6.341009,83.48029
1285,2025-08-22 13:00:00+05:30,4.829907,63.435013,5.634891,63.435013
1286,2025-08-22 14:00:00+05:30,7.748368,2.6629453,9.779817,6.3401003
1287,2025-08-22 15:00:00+05:30,9.826088,278.42688,12.534257,282.43954
1288,2025-08-22 16:00:00+05:30,5.068846,196.50444,7.2805495,188.53069
1289,2025-08-22 17:00:00+05:30,3.693291,223.02507,5.7176566,208.1785
1290,2025-08-22 18:00:00+05:30,4.846648,201.80147,10.094454,211.13892
1291,2025-08-22 19:00:00+05:30,3.572898,229.08571,9.796366,249.56708
1292,2025-08-22 20:00:00+05:30,3.362677,195.52417,8.217153,241.1893
1293,2025-08-22 21:00:00+05:30,2.4482648,143.97253,4.412754,191.76826
1294,2025-08-22 22:00:00+05:30,3.8647635,117.75845,6.3690495,132.70937
1295,2025-08-22 23:00:00+05:30,5.3939967,115.70991,10.587918,125.311295
1296,2025-08-23 00:00:00+05:30,5.95906,115.01687,10.261579,127.875046
1297,2025-08-23 01:00:00+05:30,6.6794305,104.03627,11.1090765,116.980156
1298,2025-08-23 02:00:00+05:30,7.458606,109.74693,12.47726,116.56499
1299,2025-08-23 03:00:00+05:30,6.7853074,111.801476,11.1090765,116.980156
1300,2025-08-23 04:00:00+05:30,9.102021,114.53771,15.861463,117.72817
1301,2025-08-23 05:00:00+05:30,9.292255,111.595375,14.677451,113.10636
1302,2025-08-23 06:00:00+05:30,12.157663,115.426834,18.514643,116.56499
1303,2025-08-23 07:00:00+05:30,12.535549,122.09256,18.272436,124.159744
1304,2025-08-23 08:00:00+05:30,14.081477,122.471176,18.671474,123.996506
1305,2025-08-23 09:00:00+05:30,15.056652,117.79035,19.483284,117.51192
1306,2025-08-23 10:00:00+05:30,14.730336,122.52488,19.72869,121.949936
1307,2025-08-23 11:00:00+05:30,13.644427,126.41647,17.975681,124.804085
1308,2025-08-23 12:00:00+05:30,14.508715,127.438644,18.723461,127.971664
1309,2025-08-23 13:00:00+05:30,14.941083,126.17972,19.296135,126.656204
1310,2025-08-23 14:00:00+05:30,13.874019,134.47443,17.692268,134.58786
1311,2025-08-23 15:00:00+05:30,15.133923,153.13026,20.527102,153.43501
1312,2025-08-23 16:00:00+05:30,18.1041,162.64589,26.137215,163.18729
1313,2025-08-23 17:00:00+05:30,11.545284,149.03632,17.15297,151.8215
1314,2025-08-23 18:00:00+05:30,4.072935,135.0001,10.086427,145.17545
1315,2025-08-23 19:00:00+05:30,6.297428,149.03632,13.926464,153.10384
1316,2025-08-23 20:00:00+05:30,6.76618,151.38963,14.145756,165.2564
1317,2025-08-23 21:00:00+05:30,5.983477,136.2188,13.288341,155.17068
1318,2025-08-23 22:00:00+05:30,7.172949,162.47433,15.833861,171.50153
1319,2025-08-23 23:00:00+05:30,7.486788,170.31128,15.351793,184.70776
1320,2025-08-24 00:00:00+05:30,9.114471,189.0902,17.64551,198.43504
1321,2025-08-24 01:00:00+05:30,9.6228485,187.52373,18.123774,195.55463
1322,2025-08-24 02:00:00+05:30,9.3669195,177.79745,17.355772,185.35573
1323,2025-08-24 03:00:00+05:30,11.431063,172.76317,20.138292,172.81155
1324,2025-08-24 04:00:00+05:30,10.920824,171.46931,20.29535,173.37932
1325,2025-08-24 05:00:00+05:30,9.659814,153.43501,18.054815,159.57759
1326,2025-08-24 06:00:00+05:30,17.160524,164.79753,26.807312,165.21722
1327,2025-08-24 07:00:00+05:30,13.971757,165.06853,20.302532,165.10126
1328,2025-08-24 08:00:00+05:30,15.206537,173.8846,21.136784,175.11488
1329,2025-08-24 09:00:00+05:30,9.0018,178.85426,11.712455,177.35751
1330,2025-08-24 10:00:00+05:30,8.187527,146.65927,10.589448,148.20113
1331,2025-08-24 11:00:00+05:30,10.210936,139.28925,13.022349,139.4847
1332,2025-08-24 12:00:00+05:30,12.325728,151.1893,15.385525,151.33614
1333,2025-08-24 13:00:00+05:30,13.379461,162.78384,17.534994,162.68097
1334,2025-08-24 14:00:00+05:30,7.7420926,144.46223,10.404249,149.88635
1335,2025-08-24 15:00:00+05:30,9.585739,145.71307,12.181624,145.84026
1336,2025-08-24 16:00:00+05:30,12.304682,185.8773,17.146357,184.2141
1337,2025-08-24 17:00:00+05:30,9.555271,176.76036,14.967083,176.55269
1338,2025-08-24 18:00:00+05:30,10.609316,194.7436,19.581154,198.76816
1339,2025-08-24 19:00:00+05:30,9.567131,175.68405,18.382044,182.8063
1340,2025-08-24 20:00:00+05:30,6.3639607,151.2603,14.587776,164.24876
1341,2025-08-24 21:00:00+05:30,5.315336,151.69934,13.379461,162.78384
1342,2025-08-24 22:00:00+05:30,9.096681,152.92801,18.58451,158.40463
1343,2025-08-24 23:00:00+05:30,9.292255,148.46526,19.008547,155.37645
1344,2025-08-25 00:00:00+05:30,7.973005,151.69934,17.214249,158.53229
1345,2025-08-25 01:00:00+05:30,6.989936,145.49142,15.315873,156.44772
1346,2025-08-25 02:00:00+05:30,6.638072,130.60121,14.041154,143.86453
1347,2025-08-25 03:00:00+05:30,8.209263,127.875046,16.419514,135.44409
1348,2025-08-25 04:00:00+05:30,7.674842,129.2894,15.782622,135.0001
1349,2025-08-25 05:00:00+05:30,7.689603,122.57404,15.742541,128.96675
1350,2025-08-25 06:00:00+05:30,6.28713,103.24053,11.556504,127.40543
1351,2025-08-25 07:00:00+05:30,7.8583965,110.09532,10.261579,111.61484
1352,2025-08-25 08:00:00+05:30,8.049845,116.56499,10.387107,117.89718
1353,2025-08-25 09:00:00+05:30,8.880405,107.700516,11.384199,108.43504
1354,2025-08-25 10:00:00+05:30,8.107996,92.544754,10.2742,93.012726
1355,2025-08-25 11:00:00+05:30,8.669949,94.76356,10.674773,95.80663
1356,2025-08-25 12:00:00+05:30,8.790563,100.619606,10.8029995,100.56097
1357,2025-08-25 13:00:00+05:30,10.478722,94.92702,13.004921,94.76356
1358,2025-08-25 14:00:00+05:30,9.743304,115.14475,12.081473,114.65588
1359,2025-08-25 15:00:00+05:30,7.1389914,123.6901,9.187056,124.62422
1360,2025-08-25 16:00:00+05:30,7.1684303,118.495544,9.984729,117.950874
1361,2025-08-25 17:00:00+05:30,7.689603,106.31393,13.896187,106.55715
1362,2025-08-25 18:00:00+05:30,4.3274937,135.0001,11.032987,123.6901
1363,2025-08-25 19:00:00+05:30,2.9024127,150.2552,8.669949,131.63345
1364,2025-08-25 20:00:00+05:30,3.219938,116.56499,8.490582,122.00535
1365,2025-08-25 21:00:00+05:30,3.8141315,109.290146,9.292255,121.534744
1366,2025-08-25 22:00:00+05:30,5.3939967,115.70991,12.096214,126.528946
1367,2025-08-25 23:00:00+05:30,4.0249224,116.56499,10.993271,129.68541
1368,2025-08-26 00:00:00+05:30,3.2048087,128.15727,9.1958685,139.76372
1369,2025-08-26 01:00:00+05:30,3.0652895,93.366394,7.8480825,126.60716
1370,2025-08-26 02:00:00+05:30,3.84796,100.784256,9.236298,123.07069
1371,2025-08-26 03:00:00+05:30,3.0811036,83.29026,7.587806,112.30626
1372,2025-08-26 04:00:00+05:30,3.5864744,72.47434,7.9932976,97.76508
1373,2025-08-26 05:00:00+05:30,3.84796,100.784256,9.627896,110.80687
1374,2025-08-26 06:00:00+05:30,5.315336,118.30067,10.548061,126.674446
1375,2025-08-26 07:00:00+05:30,7.4867883,117.18103,10.248941,120.61853
1376,2025-08-26 08:00:00+05:30,10.158444,119.74478,13.799087,120.579155
1377,2025-08-26 09:00:00+05:30,11.364259,119.4071,14.913952,119.65902
1378,2025-08-26 10:00:00+05:30,11.672275,116.56499,15.133923,116.86974
1379,2025-08-26 11:00:00+05:30,11.855429,120.0685,15.651722,120.39865
1380,2025-08-26 12:00:00+05:30,10.883676,124.21575,14.128566,124.095024
1381,2025-08-26 13:00:00+05:30,10.210936,130.71075,13.276144,130.60121
1382,2025-08-26 14:00:00+05:30,10.04458,143.74608,12.88981,144.09018
1383,2025-08-26 15:00:00+05:30,8.067936,141.34016,10.626099,141.18861
1384,2025-08-26 16:00:00+05:30,6.248359,131.49637,8.669949,131.63345
1385,2025-08-26 17:00:00+05:30,5.509882,128.36752,12.86087,133.29869
1386,2025-08-26 18:00:00+05:30,6.638072,139.39879,14.224556,141.67984
1387,2025-08-26 19:00:00+05:30,6.552099,142.81522,15.631007,144.84575
1388,2025-08-26 20:00:00+05:30,5.3999996,143.13002,14.266632,150.5242
1389,2025-08-26 21:00:00+05:30,5.5829024,159.22766,13.433838,162.0505
1390,2025-08-26 22:00:00+05:30,5.4656014,162.75845,13.262714,161.81087
1391,2025-08-26 23:00:00+05:30,4.278551,157.75093,10.873251,160.6651
1392,2025-08-27 00:00:00+05:30,3.572898,130.91429,9.7880945,147.77127
1393,2025-08-27 01:00:00+05:30,4.0249224,100.30479,9.726664,128.991
1394,2025-08-27 02:00:00+05:30,3.2846913,80.53775,8.699793,114.44395
1395,2025-08-27 03:00:00+05:30,5.8631387,72.12121,11.362834,93.63288
1396,2025-08-27 04:00:00+05:30,6.424764,78.6901,13.14493,91.56932
1397,2025-08-27 05:00:00+05:30,7.208994,92.86235,14.650938,100.619606
1398,2025-08-27 06:00:00+05:30,9.087772,97.96952,18.33616,103.627014
1399,2025-08-27 07:00:00+05:30,9.321845,100.00792,13.276144,102.5288
1400,2025-08-27 08:00:00+05:30,13.776763,107.48808,18.613253,108.61026
1401,2025-08-27 09:00:00+05:30,15.10821,111.67471,20.355923,111.80147
1402,2025-08-27 10:00:00+05:30,13.577776,104.58897,18.297245,105.40349
1403,2025-08-27 11:00:00+05:30,14.539945,105.06854,19.260841,105.72481
1404,2025-08-27 12:00:00+05:30,15.676544,111.557144,20.924177,111.709946
1405,2025-08-27 13:00:00+05:30,14.84318,112.833694,19.92479,112.8588
1406,2025-08-27 14:00:00+05:30,14.941083,111.92964,20.188908,111.99118
1407,2025-08-27 15:00:00+05:30,14.544401,126.444534,20.523157,127.875046
1408,2025-08-27 16:00:00+05:30,12.181624,124.159744,18.434847,125.862946
1409,2025-08-27 17:00:00+05:30,10.094454,129.93633,17.326813,132.47385
1410,2025-08-27 18:00:00+05:30,8.274128,135.88132,16.732256,139.79991
1411,2025-08-27 19:00:00+05:30,8.536252,137.56381,18.022486,140.26775
1412,2025-08-27 20:00:00+05:30,9.1958685,130.23628,18.720863,133.05193
1413,2025-08-27 21:00:00+05:30,9.82114,138.7154,19.42833,140.26244
1414,2025-08-27 22:00:00+05:30,10.195057,137.86247,19.944292,143.44028
1415,2025-08-27 23:00:00+05:30,10.075177,138.62158,19.878391,144.58286
1416,2025-08-28 00:00:00+05:30,8.415842,131.53168,17.515581,140.42064
1417,2025-08-28 01:00:00+05:30,7.8954163,136.8476,16.427402,145.26508
1418,2025-08-28 02:00:00+05:30,8.297589,139.39879,16.580532,147.86278
1419,2025-08-28 03:00:00+05:30,7.282774,140.01317,15.589497,148.69594
1420,2025-08-28 04:00:00+05:30,6.76618,118.61037,14.021525,131.87779
1421,2025-08-28 05:00:00+05:30,9.504273,114.62355,17.9973,120.66885
1422,2025-08-28 06:00:00+05:30,15.095336,120.84652,22.50576,120.256355
1423,2025-08-28 07:00:00+05:30,14.98331,118.72023,21.591747,118.91533
1424,2025-08-28 08:00:00+05:30,18.414625,129.447,25.216064,128.91531
1425,2025-08-28 09:00:00+05:30,14.565548,129.98683,19.406637,130.48593
1426,2025-08-28 10:00:00+05:30,15.292585,132.13753,20.247398,133.19887
1427,2025-08-28 11:00:00+05:30,13.647988,131.25691,17.46,132.07495
1428,2025-08-28 12:00:00+05:30,13.15971,139.9938,16.641972,141.14662
1429,2025-08-28 13:00:00+05:30,16.516901,159.59003,21.576738,160.50685
1430,2025-08-28 14:00:00+05:30,13.466357,142.05779,18.076338,141.87477
1431,2025-08-28 15:00:00+05:30,13.3649235,135.5456,18.073648,135.0001
1432,2025-08-28 16:00:00+05:30,12.348051,143.29706,17.748037,143.24623
1433,2025-08-28 17:00:00+05:30,12.181624,145.84026,20.025352,144.88133
1434,2025-08-28 18:00:00+05:30,9.5535755,132.70937,18.899143,139.63554
1435,2025-08-28 19:00:00+05:30,10.571074,132.92996,20.898613,137.79277
1436,2025-08-28 20:00:00+05:30,10.766949,128.21107,21.134485,133.61972
1437,2025-08-28 21:00:00+05:30,10.348043,130.06073,20.269789,138.23979
1438,2025-08-28 22:00:00+05:30,10.855358,139.70793,20.883102,144.11777
1439,2025-08-28 23:00:00+05:30,10.8792095,141.04408,20.767975,146.3099
1440,2025-08-29 00:00:00+05:30,10.296251,143.53067,19.82453,147.60863
1441,2025-08-29 01:00:00+05:30,9.688281,144.83348,18.679283,147.99466
1442,2025-08-29 02:00:00+05:30,10.548061,143.32556,18.971008,146.61147
1443,2025-08-29 03:00:00+05:30,10.908951,142.3737,18.820976,146.3099
1444,2025-08-29 04:00:00+05:30,9.449572,139.63554,17.786331,144.0578
1445,2025-08-29 05:00:00+05:30,9.422101,136.54811,17.570988,142.07347
1446,2025-08-29 06:00:00+05:30,11.989946,144.16226,18.022486,145.99246
1447,2025-08-29 07:00:00+05:30,8.913181,136.63654,11.870451,139.30457
1448,2025-08-29 08:00:00+05:30,9.5416975,125.78906,12.096214,126.528946
1449,2025-08-29 09:00:00+05:30,10.957846,137.66306,13.920647,139.72021
1450,2025-08-29 10:00:00+05:30,11.666721,141.89238,14.904173,142.85323
1451,2025-08-29 11:00:00+05:30,9.931042,136.46873,12.229406,137.38599
1452,2025-08-29 12:00:00+05:30,9.693296,158.19853,12.57426,156.3706
1453,2025-08-29 13:00:00+05:30,16.237955,148.6006,24.696104,149.3228
1454,2025-08-29 14:00:00+05:30,11.609651,150.2552,16.434305,151.1893
1455,2025-08-29 15:00:00+05:30,13.672893,159.17903,18.855375,159.31584
1456,2025-08-29 16:00:00+05:30,11.843124,155.77226,16.68669,156.47678
1457,2025-08-29 17:00:00+05:30,9.885262,146.88864,16.733225,148.19066
1458,2025-08-29 18:00:00+05:30,11.282711,146.05637,20.899387,149.45947
1459,2025-08-29 19:00:00+05:30,10.706596,153.00424,20.457537,158.85384
1460,2025-08-29 20:00:00+05:30,7.2649574,138.01286,16.075521,145.95403
1461,2025-08-29 21:00:00+05:30,7.001514,133.95847,15.444377,143.53067
1462,2025-08-29 22:00:00+05:30,8.149847,133.21011,16.641972,141.14662
1463,2025-08-29 23:00:00+05:30,9.984729,146.0234,18.955633,149.7828
1464,2025-08-30 00:00:00+05:30,8.641874,144.3235,17.081041,151.00414
1465,2025-08-30 01:00:00+05:30,6.7469993,136.08084,14.438198,144.13008
1466,2025-08-30 02:00:00+05:30,6.7565966,131.76021,13.287122,144.37201
1467,2025-08-30 03:00:00+05:30,7.7879906,123.6901,14.766584,135.98767
1468,2025-08-30 04:00:00+05:30,8.131936,117.69938,14.477417,128.43733
1469,2025-08-30 05:00:00+05:30,7.4932766,114.102234,13.729647,124.31515
1470,2025-08-30 06:00:00+05:30,7.6409945,133.09087,10.185519,133.56796
1471,2025-08-30 07:00:00+05:30,8.641874,125.6765,11.952054,127.042564
1472,2025-08-30 08:00:00+05:30,9.422101,133.45189,12.601285,135.57864
1473,2025-08-30 09:00:00+05:30,7.7650757,135.9391,9.9408245,137.93575
1474,2025-08-30 10:00:00+05:30,8.909545,135.0001,11.45513,135.0001
1475,2025-08-30 11:00:00+05:30,8.669949,138.36655,10.957846,137.66306
1476,2025-08-30 12:00:00+05:30,9.801326,134.25603,12.346741,134.40942
1477,2025-08-30 13:00:00+05:30,11.119281,150.9455,14.092978,151.79846
1478,2025-08-30 14:00:00+05:30,17.414476,172.87508,24.491909,172.82285
1479,2025-08-30 15:00:00+05:30,10.429132,158.74942,15.486278,160.30128
1480,2025-08-30 16:00:00+05:30,12.072083,159.94382,16.116785,159.74345
1481,2025-08-30 17:00:00+05:30,6.889557,160.1447,11.953409,161.56496
1482,2025-08-30 18:00:00+05:30,9.178235,154.44008,17.563608,155.79903
1483,2025-08-30 19:00:00+05:30,9.686609,131.98714,19.091883,135.0001
1484,2025-08-30 20:00:00+05:30,6.489992,123.6901,14.896563,133.53127
1485,2025-08-30 21:00:00+05:30,6.0077944,98.61557,14.087229,116.56499
1486,2025-08-30 22:00:00+05:30,5.771239,93.57626,13.32,108.92474
1487,2025-08-30 23:00:00+05:30,6.6624317,128.41809,15.072783,130.15593
1488,2025-08-31 00:00:00+05:30,5.09435,122.00535,13.125196,132.22076
1489,2025-08-31 01:00:00+05:30,3.9477081,133.1524,11.226575,138.90059
1490,2025-08-31 02:00:00+05:30,3.9966483,125.837746,10.837435,138.36655
1491,2025-08-31 03:00:00+05:30,2.6208394,74.054535,7.327127,117.824005
1492,2025-08-31 04:00:00+05:30,2.3400002,22.61991,4.353619,82.875084
1493,2025-08-31 05:00:00+05:30,3.4763772,68.74943,7.2359104,95.7105
1494,2025-08-31 06:00:00+05:30,2.8460495,145.30478,5.5596404,150.9455
1495,2025-08-31 07:00:00+05:30,4.1556225,94.96966,5.0911684,98.13002
1496,2025-08-31 08:00:00+05:30,5.1919937,123.690094,6.489992,123.6901
1497,2025-08-31 09:00:00+05:30,7.145796,130.91429,9.178235,131.82008
1498,2025-08-31 10:00:00+05:30,6.5520988,110.924576,7.9220443,111.317986
1499,2025-08-31 11:00:00+05:30,7.79215,96.63242,9.403169,95.49223
1500,2025-08-31 12:00:00+05:30,8.967541,100.40766,11.126562,99.30987
1501,2025-08-31 13:00:00+05:30,7.256032,113.38525,9.102021,114.53771
1502,2025-08-31 14:00:00+05:30,7.6579366,119.57774,9.847496,120.78408
1503,2025-08-31 15:00:00+05:30,10.316686,137.12111,13.493999,136.08084
1504,2025-08-31 16:00:00+05:30,7.8149853,151.07367,10.404249,149.88635
1505,2025-08-31 17:00:00+05:30,5.1919937,146.3099,9.835975,145.43741
1506,2025-08-31 18:00:00+05:30,3.381893,64.79892,7.9077177,78.178535
1507,2025-08-31 19:00:00+05:30,3.2846913,80.53775,7.579261,94.08554
1508,2025-08-31 20:00:00+05:30,5.5216303,70.974304,12.049249,76.171326
1509,2025-08-31 21:00:00+05:30,3.7971041,121.42952,10.484902,101.88863
1510,2025-08-31 22:00:00+05:30,5.072041,152.52565,11.616626,139.39879
1511,2025-08-31 23:00:00+05:30,3.319036,139.39879,10.296251,143.53067
1512,2025-09-01 00:00:00+05:30,1.4399999,360.0,3.0758414,110.55613
1513,2025-09-01 01:00:00+05:30,5.7515564,339.8636,6.698806,353.82993
1514,2025-09-01 02:00:00+05:30,8.037761,325.954,14.30632,338.6001
1515,2025-09-01 03:00:00+05:30,5.4744864,260.53775,9.743304,295.14474
1516,2025-09-01 04:00:00+05:30,2.2553935,61.389645,6.130579,3.3664
1517,2025-09-01 05:00:00+05:30,1.5379207,110.55613,3.2048087,38.157276
1518,2025-09-01 06:00:00+05:30,3.4388947,317.1211,7.570707,341.99573
1519,2025-09-01 07:00:00+05:30,2.3051248,321.34018,3.644722,339.77505
1520,2025-09-01 08:00:00+05:30,3.462369,8.97255,4.412754,11.76827
1521,2025-09-01 09:00:00+05:30,6.522361,39.400646,8.435069,39.805527
1522,2025-09-01 10:00:00+05:30,7.5019197,30.256361,9.54,31.890757
1523,2025-09-01 11:00:00+05:30,6.5223618,27.979382,8.217153,28.810698
1524,2025-09-01 12:00:00+05:30,6.77575,16.990906,8.311245,17.650223
1525,2025-09-01 13:00:00+05:30,8.322932,21.571367,10.597094,20.897842
1526,2025-09-01 14:00:00+05:30,7.3997297,41.054726,9.567131,41.185837
1527,2025-09-01 15:00:00+05:30,7.7734165,47.815628,10.075177,48.621593
1528,2025-09-01 16:00:00+05:30,7.145796,49.085716,9.840914,50.194473
1529,2025-09-01 17:00:00+05:30,2.8001428,44.999897,7.5363917,49.844074
1530,2025-09-01 18:00:00+05:30,2.5959969,56.309914,6.9270773,65.432846
1531,2025-09-01 19:00:00+05:30,2.995797,327.26477,6.5024605,4.763556
1532,2025-09-01 20:00:00+05:30,3.8773184,338.19852,8.885877,6.980963
1533,2025-09-01 21:00:00+05:30,5.0528407,355.91446,12.616703,14.036275
1534,2025-09-01 22:00:00+05:30,5.7628117,321.34018,13.060857,352.87506
1535,2025-09-01 23:00:00+05:30,13.849476,81.02746,26.300335,82.92372
1536,2025-09-02 00:00:00+05:30,1.5484185,54.46224,6.0721655,78.02389
1537,2025-09-02 01:00:00+05:30,4.863332,218.991,7.596341,233.67308
1538,2025-09-02 02:00:00+05:30,2.226477,165.96373,3.381893,154.7989
1539,2025-09-02 03:00:00+05:30,1.4512063,299.74478,0.71999997,360.0
1540,2025-09-02 04:00:00+05:30,8.427383,340.0168,14.2336645,346.84244
1541,2025-09-02 05:00:00+05:30,6.482499,1.5911111,13.159711,356.8637
1542,2025-09-02 06:00:00+05:30,15.539537,64.62229,23.358425,65.409904
1543,2025-09-02 07:00:00+05:30,18.903427,88.90881,28.442278,90.72521
1544,2025-09-02 08:00:00+05:30,15.815435,101.821465,24.150877,102.48248
1545,2025-09-02 09:00:00+05:30,17.950432,105.7087,24.602781,106.57887
1546,2025-09-02 10:00:00+05:30,19.293615,120.87201,26.239285,120.96369
1547,2025-09-02 11:00:00+05:30,18.152353,120.37905,23.646545,120.66449
1548,2025-09-02 12:00:00+05:30,15.060956,114.727295,19.24738,114.88739
1549,2025-09-02 13:00:00+05:30,18.64543,102.82878,23.313995,103.39252
1550,2025-09-02 14:00:00+05:30,16.50218,116.56499,23.4256,116.95875
1551,2025-09-02 15:00:00+05:30,12.932471,124.7961,18.47698,125.08356
1552,2025-09-02 16:00:00+05:30,13.397612,120.699646,20.321672,122.70473
1553,2025-09-02 17:00:00+05:30,9.906544,114.70241,17.396793,118.42111
1554,2025-09-02 18:00:00+05:30,7.5685663,92.72626,15.760025,103.877556
1555,2025-09-02 19:00:00+05:30,7.3799996,102.680374,16.62444,109.61218
1556,2025-09-02 20:00:00+05:30,6.8399997,90.0,15.281989,105.01841
1557,2025-09-02 21:00:00+05:30,9.181765,91.12328,18.11215,100.30479
1558,2025-09-02 22:00:00+05:30,11.173057,92.77016,20.478907,100.12462
1559,2025-09-02 23:00:00+05:30,9.227524,69.44388,17.311846,81.02746
1560,2025-09-03 00:00:00+05:30,10.449306,79.07724,20.11656,83.32021
1561,2025-09-03 01:00:00+05:30,12.193588,81.51115,22.228361,84.88968
1562,2025-09-03 02:00:00+05:30,12.358542,77.38069,22.104116,83.453804
1563,2025-09-03 03:00:00+05:30,11.720751,79.380394,21.481173,85.675026
1564,2025-09-03 04:00:00+05:30,11.276968,81.740654,21.072304,88.04198
1565,2025-09-03 05:00:00+05:30,11.16145,89.07598,20.527102,91.50741
1566,2025-09-03 06:00:00+05:30,12.466867,107.650215,20.082708,104.5345
1567,2025-09-03 07:00:00+05:30,14.428097,86.423744,21.798588,87.633804
1568,2025-09-03 08:00:00+05:30,16.203999,88.727,23.042812,89.10485
1569,2025-09-03 09:00:00+05:30,19.13426,101.94416,26.025412,102.786705
1570,2025-09-03 10:00:00+05:30,22.530937,102.926,30.086391,102.78907
1571,2025-09-03 11:00:00+05:30,22.2218,103.58601,30.21052,103.78788
1572,2025-09-03 12:00:00+05:30,23.566256,112.45159,32.388996,111.860596
1573,2025-09-03 13:00:00+05:30,18.681883,115.083565,25.697166,114.41073
1574,2025-09-03 14:00:00+05:30,21.869074,124.60574,32.76791,125.61094
1575,2025-09-03 15:00:00+05:30,10.814989,108.43504,16.963984,109.20407
1576,2025-09-03 16:00:00+05:30,16.774803,123.17852,25.211567,123.349724
1577,2025-09-03 17:00:00+05:30,15.716793,110.09532,26.117373,113.56156
1578,2025-09-03 18:00:00+05:30,12.442153,104.23732,21.806759,109.78117
1579,2025-09-03 19:00:00+05:30,12.358542,102.619316,22.485594,107.709816
1580,2025-09-03 20:00:00+05:30,12.303366,110.55613,22.571884,113.49858
1581,2025-09-03 21:00:00+05:30,13.040997,110.1859,23.103193,116.36535
1582,2025-09-03 22:00:00+05:30,12.413477,119.53869,21.966637,123.29944
1583,2025-09-03 23:00:00+05:30,11.832176,103.19062,20.948164,109.0578
1584,2025-09-04 00:00:00+05:30,10.765445,110.55613,19.486609,115.14475
1585,2025-09-04 01:00:00+05:30,11.052058,120.32352,20.219378,124.11452
1586,2025-09-04 02:00:00+05:30,9.195868,93.366394,16.507088,108.43504
1587,2025-09-04 03:00:00+05:30,11.659777,98.88058,19.9954,103.53587
1588,2025-09-04 04:00:00+05:30,10.948973,99.46225,19.56046,104.93147
1589,2025-09-04 05:00:00+05:30,11.276968,98.25935,19.64558,103.781624
1590,2025-09-04 06:00:00+05:30,14.275713,113.0089,22.06377,115.10158
1591,2025-09-04 07:00:00+05:30,13.874019,112.90581,19.976757,114.486664
1592,2025-09-04 08:00:00+05:30,15.552041,127.00261,21.134483,125.99159
1593,2025-09-04 09:00:00+05:30,16.595179,130.60121,22.589102,130.79929
1594,2025-09-04 10:00:00+05:30,13.841286,110.55613,18.054815,110.42242
1595,2025-09-04 11:00:00+05:30,14.913952,119.65902,19.652176,118.442825
1596,2025-09-04 12:00:00+05:30,18.466455,136.97493,23.555254,136.54811
1597,2025-09-04 13:00:00+05:30,6.444905,125.90981,9.361731,127.971664
1598,2025-09-04 14:00:00+05:30,12.108261,131.98714,15.914484,133.62524
1599,2025-09-04 15:00:00+05:30,9.028754,113.49858,12.47726,116.56499
1600,2025-09-04 16:00:00+05:30,11.599879,138.14505,16.831684,138.46832
1601,2025-09-04 17:00:00+05:30,11.052058,149.67648,17.9973,149.33115
1602,2025-09-04 18:00:00+05:30,8.482947,107.281586,15.472672,119.24873
1603,2025-09-04 19:00:00+05:30,6.2379804,133.83095,14.410121,138.54486
1604,2025-09-04 20:00:00+05:30,4.7110505,133.45189,12.830604,145.86401
1605,2025-09-04 21:00:00+05:30,4.4456716,121.75944,11.870451,139.30457
1606,2025-09-04 22:00:00+05:30,4.2021422,99.865746,10.703569,132.27362
1607,2025-09-04 23:00:00+05:30,3.671294,78.6901,9.109138,119.604355
1608,2025-09-05 00:00:00+05:30,4.514377,85.42616,11.103243,109.90384
1609,2025-09-05 01:00:00+05:30,6.1120534,103.627014,14.4415655,112.729774
1610,2025-09-05 02:00:00+05:30,6.037383,116.56499,14.57889,122.90524
1611,2025-09-05 03:00:00+05:30,5.072041,117.47435,12.931218,128.78438
1612,2025-09-05 04:00:00+05:30,5.3699164,103.57046,12.886039,118.354866
1613,2025-09-05 05:00:00+05:30,5.2323985,116.56499,12.932471,124.7961
1614,2025-09-05 06:00:00+05:30,12.261157,139.76372,17.401447,140.8774
1615,2025-09-05 07:00:00+05:30,12.5807,146.08253,17.273436,146.4755
1616,2025-09-05 08:00:00+05:30,12.007498,156.12471,16.1198,156.29735
1617,2025-09-05 09:00:00+05:30,11.190442,154.25934,14.734735,154.68715
1618,2025-09-05 10:00:00+05:30,11.53265,145.81383,14.77755,145.92276
1619,2025-09-05 11:00:00+05:30,9.504272,142.69597,11.808878,142.43134
1620,2025-09-05 12:00:00+05:30,9.983106,154.35904,12.397806,154.17906
1621,2025-09-05 13:00:00+05:30,9.885262,146.88864,12.081473,146.54666
1622,2025-09-05 14:00:00+05:30,10.571074,137.07004,12.86087,136.70131
1623,2025-09-05 15:00:00+05:30,13.491597,166.8908,18.861387,166.75948
1624,2025-09-05 16:00:00+05:30,11.013882,168.69011,15.463244,167.90526
1625,2025-09-05 17:00:00+05:30,10.706595,163.39294,19.781174,164.6991
1626,2025-09-05 18:00:00+05:30,3.4152596,161.56496,10.587917,162.18102
1627,2025-09-05 19:00:00+05:30,5.3305535,168.31065,14.297258,169.11452
1628,2025-09-05 20:00:00+05:30,4.278551,165.37909,13.004921,175.23645
1629,2025-09-05 21:00:00+05:30,4.3832865,160.82089,12.452566,175.85545
1630,2025-09-05 22:00:00+05:30,6.2613096,161.56496,14.588885,170.77019
1631,2025-09-05 23:00:00+05:30,6.8423676,178.4926,16.024044,181.28731
1632,2025-09-06 00:00:00+05:30,6.482499,178.40889,15.905319,185.19434
1633,2025-09-06 01:00:00+05:30,6.130579,176.6336,14.813682,184.87918
1634,2025-09-06 02:00:00+05:30,5.04,180.0,13.262714,187.8001
1635,2025-09-06 03:00:00+05:30,3.9966488,172.23492,11.362834,183.63287
1636,2025-09-06 04:00:00+05:30,1.08,180.0,6.7469993,189.21095
1637,2025-09-06 05:00:00+05:30,2.995797,122.73522,7.5170207,163.30067
1638,2025-09-06 06:00:00+05:30,7.0843205,152.78398,13.499999,163.73972
1639,2025-09-06 07:00:00+05:30,8.2584505,163.5399,11.132385,165.96373
1640,2025-09-06 08:00:00+05:30,8.967541,169.59235,11.481968,170.98076
1641,2025-09-06 09:00:00+05:30,8.790563,169.3804,10.98,169.61119
1642,2025-09-06 10:00:00+05:30,8.863972,167.09259,11.265469,167.074
1643,2025-09-06 11:00:00+05:30,9.278297,161.91646,11.844492,163.21727
1644,2025-09-06 12:00:00+05:30,10.449306,169.07724,13.556282,169.28693
1645,2025-09-06 13:00:00+05:30,11.212135,174.47255,14.455019,174.99945
1646,2025-09-06 14:00:00+05:30,9.734988,183.17976,12.632101,184.08554
1647,2025-09-06 15:00:00+05:30,8.821836,181.16911,11.722133,183.52138
1648,2025-09-06 16:00:00+05:30,8.477216,176.34785,13.510796,177.70944
1649,2025-09-06 17:00:00+05:30,7.0568266,174.14407,15.68584,176.71083
1650,2025-09-06 18:00:00+05:30,8.225035,156.80139,17.47484,161.37833
1651,2025-09-06 19:00:00+05:30,13.321216,180.7742,24.122683,180.85507
1652,2025-09-06 20:00:00+05:30,9.403169,185.49223,20.39091,188.63072
1653,2025-09-06 21:00:00+05:30,7.0223074,181.46877,17.134071,183.61382
1654,2025-09-06 22:00:00+05:30,8.11798,176.186,18.360882,180.56169
1655,2025-09-06 23:00:00+05:30,8.149847,173.6599,18.539999,180.0
1656,2025-09-07 00:00:00+05:30,9.473541,194.30031,19.92235,198.43504
1657,2025-09-07 01:00:00+05:30,9.582358,208.00908,19.881649,211.67543
1658,2025-09-07 02:00:00+05:30,8.089993,200.85454,17.396793,208.42111
1659,2025-09-07 03:00:00+05:30,5.1544156,192.09474,13.288341,204.82932
1660,2025-09-07 04:00:00+05:30,6.601363,191.0035,14.539945,201.80147
1661,2025-09-07 05:00:00+05:30,6.037383,190.3048,14.474059,201.1399
1662,2025-09-07 06:00:00+05:30,7.02,180.0,14.561099,188.53069
1663,2025-09-07 07:00:00+05:30,8.477216,176.34785,11.712455,177.35751
1664,2025-09-07 08:00:00+05:30,8.885877,186.98096,11.837651,188.74608
1665,2025-09-07 09:00:00+05:30,8.297589,183.73132,10.853866,185.7105
1666,2025-09-07 10:00:00+05:30,8.197414,171.15826,10.538843,172.14677
1667,2025-09-07 11:00:00+05:30,7.748368,177.33705,9.906544,177.91748
1668,2025-09-07 12:00:00+05:30,8.707238,187.12492,11.074022,187.47147
1669,2025-09-07 13:00:00+05:30,9.243311,186.70975,11.788281,187.0164
1670,2025-09-07 14:00:00+05:30,8.101999,178.727,10.621525,180.971
1671,2025-09-07 15:00:00+05:30,7.5170207,163.30067,9.6932955,164.93146
1672,2025-09-07 16:00:00+05:30,7.9932976,172.23492,12.503199,173.38664
1673,2025-09-07 17:00:00+05:30,6.9480934,163.44286,15.03835,168.9591
1674,2025-09-07 18:00:00+05:30,6.489992,146.3099,14.986553,155.89777
1675,2025-09-07 19:00:00+05:30,8.161764,131.42357,18.52951,140.12321
1676,2025-09-07 20:00:00+05:30,8.338489,147.3391,19.249905,151.51791
1677,2025-09-07 21:00:00+05:30,9.243311,173.29025,20.163212,178.97699
1678,2025-09-07 22:00:00+05:30,9.6480665,188.58354,20.05203,191.91513
1679,2025-09-07 23:00:00+05:30,9.178235,205.55992,19.64228,206.09537
1680,2025-09-08 00:00:00+05:30,8.2584505,200.40997,18.35647,205.55992
1681,2025-09-08 01:00:00+05:30,7.0591216,199.35909,16.260885,206.28134
1682,2025-09-08 02:00:00+05:30,6.8541956,193.67133,15.882896,203.36913
1683,2025-09-08 03:00:00+05:30,6.924738,188.97255,15.710607,198.01987
1684,2025-09-08 04:00:00+05:30,5.896202,192.33908,13.737904,201.52266
1685,2025-09-08 05:00:00+05:30,4.6834598,177.79745,11.745604,195.10115
1686,2025-09-08 06:00:00+05:30,5.020677,194.5345,12.267762,194.44408
1687,2025-09-08 07:00:00+05:30,6.424764,191.30989,8.905908,194.03627
1688,2025-09-08 08:00:00+05:30,6.77575,196.9909,8.880405,197.70052
1689,2025-09-08 09:00:00+05:30,7.208994,182.86235,9.208192,184.48453
1690,2025-09-08 10:00:00+05:30,5.4744864,170.53775,6.924738,171.02745
1691,2025-09-08 11:00:00+05:30,6.391901,147.65259,7.995323,148.81508
1692,2025-09-08 12:00:00+05:30,7.5942082,148.57048,9.446141,149.03632
1693,2025-09-08 13:00:00+05:30,9.179999,151.92761,11.753877,152.6502
1694,2025-09-08 14:00:00+05:30,8.936777,161.20001,11.555102,161.8472
1695,2025-09-08 15:00:00+05:30,9.708326,169.31514,12.992458,169.6242
1696,2025-09-08 16:00:00+05:30,7.172949,162.47433,11.745604,164.89885
1697,2025-09-08 17:00:00+05:30,5.4656014,162.75845,13.1412325,166.53477
1698,2025-09-08 18:00:00+05:30,6.206738,163.14153,14.944336,170.99158
1699,2025-09-08 19:00:00+05:30,6.2145634,169.99208,15.564537,174.02577
1700,2025-09-08 20:00:00+05:30,6.6624317,181.54813,16.383955,181.25902
1701,2025-09-08 21:00:00+05:30,7.928178,182.60251,18.431332,185.04236
1702,2025-09-08 22:00:00+05:30,9.144637,190.20392,20.256996,194.40672
1703,2025-09-08 23:00:00+05:30,9.278297,198.08354,20.355923,201.80147
1704,2025-09-09 00:00:00+05:30,10.597094,200.89784,21.824583,204.87413
1705,2025-09-09 01:00:00+05:30,9.600937,210.411,20.41949,213.12975
1706,2025-09-09 02:00:00+05:30,8.534353,207.64589,18.472595,213.07068
1707,2025-09-09 03:00:00+05:30,6.945761,211.21834,16.237955,215.98077
1708,2025-09-09 04:00:00+05:30,5.414979,201.4478,13.432632,212.4123
1709,2025-09-09 05:00:00+05:30,5.5450516,215.75398,13.633737,222.32451
1710,2025-09-09 06:00:00+05:30,5.7964473,205.76927,13.33094,214.54843
1711,2025-09-09 07:00:00+05:30,6.9270773,204.56715,9.741642,207.51192
1712,2025-09-09 08:00:00+05:30,6.763786,205.2011,8.694204,207.09547
1713,2025-09-09 09:00:00+05:30,6.2483597,191.6336,7.9465466,193.0919
1714,2025-09-09 10:00:00+05:30,6.898956,187.49576,8.731392,188.29706
1715,2025-09-09 11:00:00+05:30,6.849467,183.01273,8.656858,183.57626
1716,2025-09-09 12:00:00+05:30,6.87779,173.99109,8.849339,175.33322
1717,2025-09-09 13:00:00+05:30,8.281956,181.24533,10.446206,181.97488
1718,2025-09-09 14:00:00+05:30,8.473393,192.26476,10.699028,192.63336
1719,2025-09-09 15:00:00+05:30,8.654986,196.9276,11.328566,197.57135
1720,2025-09-09 16:00:00+05:30,7.1661706,191.59215,11.874544,194.03627
1721,2025-09-09 17:00:00+05:30,4.5891175,191.30989,11.7827835,198.71184
1722,2025-09-09 18:00:00+05:30,5.22,226.39711,13.004922,228.36655
1723,2025-09-09 19:00:00+05:30,3.96,270.0,10.172787,256.70142
1724,2025-09-09 20:00:00+05:30,4.278551,165.37909,9.313152,221.08165
1725,2025-09-09 21:00:00+05:30,8.0599,150.57263,14.935662,167.4712
1726,2025-09-09 22:00:00+05:30,7.2359104,185.7105,16.165964,198.83853
1727,2025-09-09 23:00:00+05:30,9.847496,198.10385,21.109173,204.16092
1728,2025-09-10 00:00:00+05:30,10.028439,201.03758,21.09305,207.43964
1729,2025-09-10 01:00:00+05:30,9.102021,204.5377,19.634031,211.50421
1730,2025-09-10 02:00:00+05:30,7.329338,204.67685,16.62444,213.51804
1731,2025-09-10 03:00:00+05:30,8.373386,205.4633,17.725203,214.65842
1732,2025-09-10 04:00:00+05:30,7.16617,205.27768,16.176983,214.57425
1733,2025-09-10 05:00:00+05:30,8.699793,204.44394,17.823637,213.04813
1734,2025-09-10 06:00:00+05:30,7.731623,204.77512,16.79314,210.96368
1735,2025-09-10 07:00:00+05:30,6.552099,232.81522,9.504272,232.69597
1736,2025-09-10 08:00:00+05:30,6.696387,216.25392,8.967541,218.48022
1737,2025-09-10 09:00:00+05:30,3.8856654,256.60748,4.9785542,257.4712
1738,2025-09-10 10:00:00+05:30,6.193674,215.53777,7.386582,223.02507
1739,2025-09-10 11:00:00+05:30,3.7971041,211.42952,4.542994,213.6901
1740,2025-09-10 12:00:00+05:30,7.0774574,187.30566,8.581677,189.65982
1741,2025-09-10 13:00:00+05:30,6.28713,193.24052,8.12197,192.80426
1742,2025-09-10 14:00:00+05:30,5.3939967,205.7099,6.601363,205.8663
1743,2025-09-10 15:00:00+05:30,8.827344,219.20718,12.172312,218.3952
1744,2025-09-10 16:00:00+05:30,7.5942082,238.57048,10.735306,235.24402
1745,2025-09-10 17:00:00+05:30,5.4029994,268.09088,10.5234585,257.15228
1746,2025-09-10 18:00:00+05:30,4.91634,246.25049,10.957847,255.73544
1747,2025-09-10 19:00:00+05:30,3.8939953,236.3099,9.56713,258.05585
1748,2025-09-10 20:00:00+05:30,4.514377,246.50142,11.190442,258.87085
1749,2025-09-10 21:00:00+05:30,2.9301877,222.5104,7.970972,244.59233
1750,2025-09-10 22:00:00+05:30,4.471107,220.10085,10.692969,233.90163
1751,2025-09-10 23:00:00+05:30,3.8521678,217.40543,10.296251,233.53067
1752,2025-09-11 00:00:00+05:30,4.5,233.13002,11.440979,245.85446
1753,2025-09-11 01:00:00+05:30,3.6,233.13002,10.495713,247.8336
1754,2025-09-11 02:00:00+05:30,1.609969,206.56499,6.452441,247.01126
1755,2025-09-11 03:00:00+05:30,2.2768397,198.43504,6.452441,239.85869
1756,2025-09-11 04:00:00+05:30,3.8939953,146.3099,6.3231,175.101
1757,2025-09-11 05:00:00+05:30,3.319036,167.4712,8.669949,175.23645
1758,2025-09-11 06:00:00+05:30,5.0688457,186.1154,8.792405,202.89058
1759,2025-09-11 07:00:00+05:30,3.8939953,236.3099,5.1481256,233.53067
1760,2025-09-11 08:00:00+05:30,5.0975285,222.13753,6.7469993,223.91916
1761,2025-09-11 09:00:00+05:30,2.5582807,230.71062,2.9522195,232.43134
1762,2025-09-11 10:00:00+05:30,1.3104197,164.05453,1.484318,165.96373
1763,2025-09-11 11:00:00+05:30,2.3469129,147.52882,2.5959969,146.3099
1764,2025-09-11 12:00:00+05:30,3.964089,182.60251,4.6834598,182.20255
1765,2025-09-11 13:00:00+05:30,0.56920993,198.43504,0.8049845,206.56499
1766,2025-09-11 14:00:00+05:30,6.8612823,184.5139,8.131936,185.07951
1767,2025-09-11 15:00:00+05:30,3.9518096,239.9315,4.846648,238.67136
1768,2025-09-11 16:00:00+05:30,10.373061,231.34018,14.481893,237.69269
1769,2025-09-11 17:00:00+05:30,8.775807,154.48618,12.936227,158.79071
1770,2025-09-11 18:00:00+05:30,4.3349743,228.36655,7.2,233.13002
1771,2025-09-11 19:00:00+05:30,7.9526596,185.19434,14.512064,187.12492
1772,2025-09-11 20:00:00+05:30,1.9386592,248.19853,6.489992,213.6901
1773,2025-09-11 21:00:00+05:30,1.7727944,293.9625,5.154415,245.22488
1774,2025-09-11 22:00:00+05:30,6.8919086,229.23648,11.666721,231.89238
1775,2025-09-11 23:00:00+05:30,3.219938,206.56499,10.152064,232.92683
1776,2025-09-12 00:00:00+05:30,2.0124612,280.30478,7.0038276,244.09354
1777,2025-09-12 01:00:00+05:30,0.8049845,206.56499,5.728979,223.72705
1778,2025-09-12 02:00:00+05:30,4.6277857,256.50424,9.0,233.13002
1779,2025-09-12 03:00:00+05:30,0.8049845,296.56497,6.2405767,213.23172
1780,2025-09-12 04:00:00+05:30,2.0124612,79.69521,3.4576871,128.65984
1781,2025-09-12 05:00:00+05:30,2.5264204,94.08554,4.0249224,100.30479
1782,2025-09-12 06:00:00+05:30,3.4623692,332.1028,5.3426957,327.38077
1783,2025-09-12 07:00:00+05:30,1.5273507,315.0001,1.8,323.13
1784,2025-09-12 08:00:00+05:30,0.9693296,111.801476,1.1384199,108.43504
1785,2025-09-12 09:00:00+05:30,4.724786,130.36446,5.6233797,129.80553
1786,2025-09-12 10:00:00+05:30,3.8141315,160.70985,4.613762,159.44388
1787,2025-09-12 11:00:00+05:30,2.1068459,160.0168,2.5772076,155.22488
1788,2025-09-12 12:00:00+05:30,3.8141315,160.70985,4.6730714,164.3577
1789,2025-09-12 13:00:00+05:30,4.752136,127.30403,5.369916,129.55963
1790,2025-09-12 14:00:00+05:30,6.330782,75.17348,7.519175,78.95911
1791,2025-09-12 15:00:00+05:30,9.3962755,159.82927,12.601285,158.19853
1792,2025-09-12 16:00:00+05:30,8.019601,189.0394,12.193588,188.48886
1793,2025-09-12 17:00:00+05:30,10.799999,143.13002,17.935986,148.54323
1794,2025-09-12 18:00:00+05:30,4.0249224,153.43501,10.656547,164.32042
1795,2025-09-12 19:00:00+05:30,6.2145634,169.99208,14.205182,171.25392
1796,2025-09-12 20:00:00+05:30,3.6402748,171.46931,9.72,180.0
1797,2025-09-12 21:00:00+05:30,4.991553,154.35904,11.755254,168.51804
1798,2025-09-12 22:00:00+05:30,5.6835546,169.04597,13.151091,177.64676
1799,2025-09-12 23:00:00+05:30,5.9427266,178.26433,14.428097,183.57626
1800,2025-09-13 00:00:00+05:30,4.5891175,191.30989,12.661564,194.82652
1801,2025-09-13 01:00:00+05:30,4.323748,182.3859,11.792404,192.33908
1802,2025-09-13 02:00:00+05:30,5.720489,167.27565,12.0653715,181.70978
1803,2025-09-13 03:00:00+05:30,5.232399,176.05489,11.749741,185.2738
1804,2025-09-13 04:00:00+05:30,4.514377,175.42616,10.853866,185.7105
1805,2025-09-13 05:00:00+05:30,4.1556225,162.3498,9.54,180.0
1806,2025-09-13 06:00:00+05:30,4.379589,170.53775,10.261578,181.00507
1807,2025-09-13 07:00:00+05:30,4.471107,229.89915,6.4096174,218.15727
1808,2025-09-13 08:00:00+05:30,5.8631387,197.87878,8.209263,195.25517
1809,2025-09-13 09:00:00+05:30,4.0449963,200.85454,5.12289,198.43504
1810,2025-09-13 10:00:00+05:30,5.297018,189.78233,6.5693827,189.46225
1811,2025-09-13 11:00:00+05:30,6.489992,160.55988,7.7420926,162.40749
1812,2025-09-13 12:00:00+05:30,9.102021,155.4623,11.755254,154.61214
1813,2025-09-13 13:00:00+05:30,5.5829024,159.22766,7.0591216,160.64091
1814,2025-09-13 14:00:00+05:30,9.102021,155.4623,11.755254,154.61214
1815,2025-09-13 15:00:00+05:30,9.208192,184.48453,12.979984,183.17976
1816,2025-09-13 16:00:00+05:30,7.247096,194.38142,10.215693,194.28113
1817,2025-09-13 17:00:00+05:30,6.898956,172.50424,13.510796,177.70944
1818,2025-09-13 18:00:00+05:30,9.109138,150.39565,17.31746,159.30447
1819,2025-09-13 19:00:00+05:30,7.256032,156.61476,14.897651,168.14702
1820,2025-09-13 20:00:00+05:30,7.689603,147.42595,15.275627,158.57465
1821,2025-09-13 21:00:00+05:30,5.4744864,152.59251,12.98248,163.0724
1822,2025-09-13 22:00:00+05:30,7.4672885,164.62369,15.745627,169.46088
1823,2025-09-13 23:00:00+05:30,8.197414,160.76924,17.244337,166.10878
1824,2025-09-14 00:00:00+05:30,8.557102,165.37909,17.935081,169.59235
1825,2025-09-14 01:00:00+05:30,8.473393,167.73524,17.794527,172.44376
1826,2025-09-14 02:00:00+05:30,5.9427266,178.26433,14.404499,181.43207
1827,2025-09-14 03:00:00+05:30,5.2694216,187.85323,12.992458,190.3758
1828,2025-09-14 04:00:00+05:30,4.452954,165.96373,11.705537,181.76236
1829,2025-09-14 05:00:00+05:30,4.6452556,144.46223,10.914888,166.65126
1830,2025-09-14 06:00:00+05:30,6.778141,169.28693,13.934604,185.93143
1831,2025-09-14 07:00:00+05:30,7.6367526,171.86998,10.658068,175.15608
1832,2025-09-14 08:00:00+05:30,7.579261,175.91446,9.734988,176.82024
1833,2025-09-14 09:00:00+05:30,6.037383,153.43501,7.6579366,156.44772
1834,2025-09-14 10:00:00+05:30,7.5170207,163.30067,9.346143,164.3577
1835,2025-09-14 11:00:00+05:30,6.28713,156.3706,7.989242,157.47939
1836,2025-09-14 12:00:00+05:30,9.028754,156.50142,10.829958,158.5522
1837,2025-09-14 13:00:00+05:30,11.631956,158.19853,14.810401,159.36237
1838,2025-09-14 14:00:00+05:30,8.131936,174.92049,12.108261,174.88278
1839,2025-09-14 15:00:00+05:30,7.7420926,181.33218,10.6261,181.94144
1840,2025-09-14 16:00:00+05:30,7.029225,177.06439,9.54679,177.83897
1841,2025-09-14 17:00:00+05:30,8.6867485,185.94676,14.713831,187.7335
1842,2025-09-14 18:00:00+05:30,5.2478566,157.8336,12.093535,165.3432
1843,2025-09-14 19:00:00+05:30,5.0432134,145.17545,11.328566,162.42865
1844,2025-09-14 20:00:00+05:30,6.2379804,133.83095,12.638512,144.2725
1845,2025-09-14 21:00:00+05:30,7.2,143.13002,14.602204,149.64197
1846,2025-09-14 22:00:00+05:30,7.5685663,154.65387,15.379206,159.44388
1847,2025-09-14 23:00:00+05:30,7.0199995,157.3801,14.414617,164.05453
1848,2025-09-15 00:00:00+05:30,5.1165614,129.28938,11.35285,154.65387
1849,2025-09-15 01:00:00+05:30,5.991594,147.26479,11.203464,156.3179
1850,2025-09-15 02:00:00+05:30,6.623413,137.20262,11.594292,152.24155
1851,2025-09-15 03:00:00+05:30,7.001514,133.95847,10.742848,148.70702
1852,2025-09-15 04:00:00+05:30,9.178235,138.17992,14.730336,147.47513
1853,2025-09-15 05:00:00+05:30,5.904439,127.568665,8.404285,136.73567
1854,2025-09-15 06:00:00+05:30,9.54,148.10925,15.385525,151.33614
1855,2025-09-15 07:00:00+05:30,9.499157,170.18077,13.363711,175.36462
1856,2025-09-15 08:00:00+05:30,10.674773,185.80663,14.000713,188.13002
1857,2025-09-15 09:00:00+05:30,7.731623,155.22488,9.83268,156.2505
1858,2025-09-15 10:00:00+05:30,5.720489,167.27565,7.1661706,168.40785
1859,2025-09-15 11:00:00+05:30,5.09435,212.00534,6.489992,213.6901
1860,2025-09-15 12:00:00+05:30,5.9427266,178.26433,7.7420926,181.33218
1861,2025-09-15 13:00:00+05:30,7.0199995,157.3801,8.490582,158.87521
1862,2025-09-15 14:00:00+05:30,6.889557,160.1447,8.65873,159.30447
1863,2025-09-15 15:00:00+05:30,5.4744864,152.59251,6.6818557,152.74475
1864,2025-09-15 16:00:00+05:30,8.43699,168.92984,11.481968,166.39944
1865,2025-09-15 17:00:00+05:30,13.151091,149.5743,21.120682,150.37634
1866,2025-09-15 18:00:00+05:30,7.5105524,135.97093,12.730468,146.53459
1867,2025-09-15 19:00:00+05:30,9.05205,197.35411,16.635155,193.13403
1868,2025-09-15 20:00:00+05:30,3.964089,182.60251,11.090103,193.13403
1869,2025-09-15 21:00:00+05:30,4.39436,124.992096,9.4238205,151.47697
1870,2025-09-15 22:00:00+05:30,4.8466477,164.93146,9.761578,157.21756
1871,2025-09-15 23:00:00+05:30,5.2478566,239.0363,9.914717,195.80258
1872,2025-09-16 00:00:00+05:30,3.244996,326.3099,0.71999997,270.0
1873,2025-09-16 01:00:00+05:30,6.6624317,321.5819,7.1684303,308.8845
1874,2025-09-16 02:00:00+05:30,6.4096174,308.15726,12.157663,295.42682
1875,2025-09-16 03:00:00+05:30,2.907989,338.19852,5.6521144,307.23492
1876,2025-09-16 04:00:00+05:30,3.745557,305.21768,6.037383,296.56497
1877,2025-09-16 05:00:00+05:30,3.536439,345.25638,4.3536186,330.25522
1878,2025-09-16 06:00:00+05:30,5.6492476,157.52052,9.087772,172.03047
1879,2025-09-16 07:00:00+05:30,10.787993,154.2901,14.584443,155.96571
1880,2025-09-16 08:00:00+05:30,9.965239,159.92839,13.896187,163.44286
1881,2025-09-16 09:00:00+05:30,11.276968,151.38963,16.18199,154.2901
1882,2025-09-16 10:00:00+05:30,10.4166975,170.04944,13.493999,170.78905
1883,2025-09-16 11:00:00+05:30,9.102021,155.4623,12.337553,156.80139
1884,2025-09-16 12:00:00+05:30,9.0,180.0,11.521406,179.10484
1885,2025-09-16 13:00:00+05:30,8.507737,186.07236,11.052058,186.54619
1886,2025-09-16 14:00:00+05:30,7.029225,166.67546,8.825508,168.23174
1887,2025-09-16 15:00:00+05:30,7.754637,158.19853,9.761578,157.21756
1888,2025-09-16 16:00:00+05:30,10.538843,172.14677,14.739132,171.57312
1889,2025-09-16 17:00:00+05:30,10.285232,184.0141,18.431332,185.04236
1890,2025-09-16 18:00:00+05:30,12.397806,154.17906,21.129885,156.92957
1891,2025-09-16 19:00:00+05:30,10.399576,156.54095,18.919704,158.80588
1892,2025-09-16 20:00:00+05:30,8.187527,146.65927,16.986889,154.24957
1893,2025-09-16 21:00:00+05:30,8.797931,149.23735,17.873556,152.4028
1894,2025-09-16 22:00:00+05:30,8.936778,145.66972,17.873556,152.4028
1895,2025-09-16 23:00:00+05:30,9.194106,156.94867,17.76081,162.29948
1896,2025-09-17 00:00:00+05:30,8.139901,161.96562,16.327497,165.96373
1897,2025-09-17 01:00:00+05:30,7.731622,167.90526,15.5843,173.36758
1898,2025-09-17 02:00:00+05:30,7.8728137,169.46088,16.084589,174.86371
1899,2025-09-17 03:00:00+05:30,9.926147,184.15956,18.151463,187.40681
1900,2025-09-17 04:00:00+05:30,9.178235,205.55992,17.065859,206.29472
1901,2025-09-17 05:00:00+05:30,6.8423676,206.56499,13.799087,210.57915
1902,2025-09-17 06:00:00+05:30,7.555712,167.61925,10.8955765,172.40544
1903,2025-09-17 07:00:00+05:30,11.928989,174.80566,15.188415,174.55975
1904,2025-09-17 08:00:00+05:30,9.54679,177.83897,12.425216,178.33975
1905,2025-09-17 09:00:00+05:30,7.7588143,176.00917,9.734988,176.82024
1906,2025-09-17 10:00:00+05:30,7.172949,162.47433,9.0,163.73972
1907,2025-09-17 11:00:00+05:30,10.9859,178.12216,13.864674,178.51216
1908,2025-09-17 12:00:00+05:30,4.846648,211.32863,5.9617786,208.88649
1909,2025-09-17 13:00:00+05:30,6.384293,201.5015,8.027677,199.65392
1910,2025-09-17 14:00:00+05:30,10.661107,168.31065,14.512064,172.87508
1911,2025-09-17 15:00:00+05:30,12.496719,191.6336,18.0036,191.53459
1912,2025-09-17 16:00:00+05:30,9.854075,189.46225,14.897651,191.85298
1913,2025-09-17 17:00:00+05:30,9.6480665,194.03627,16.913296,196.69933
1914,2025-09-17 18:00:00+05:30,4.9785542,167.4712,13.321216,180.7742
1915,2025-09-17 19:00:00+05:30,5.414979,158.5522,13.722565,175.4861
1916,2025-09-17 20:00:00+05:30,4.5572357,170.9098,12.781267,179.19308
1917,2025-09-17 21:00:00+05:30,4.9785542,167.4712,13.14493,178.43068
1918,2025-09-17 22:00:00+05:30,5.3305535,168.31065,13.870515,177.76888
1919,2025-09-17 23:00:00+05:30,5.9644947,174.80566,14.417988,182.86235
1920,2025-09-18 00:00:00+05:30,6.482499,178.40889,15.146761,183.40637
1921,2025-09-18 01:00:00+05:30,7.0015144,197.96924,16.22498,199.44012
1922,2025-09-18 02:00:00+05:30,6.638072,192.5288,15.027575,198.8691
1923,2025-09-18 03:00:00+05:30,6.638072,192.5288,14.810401,200.63763
1924,2025-09-18 04:00:00+05:30,6.542201,187.90707,14.572219,197.98743
1925,2025-09-18 05:00:00+05:30,6.0077944,188.61557,14.009968,200.29765
1926,2025-09-18 06:00:00+05:30,9.044888,211.15924,19.656296,217.18478
1927,2025-09-18 07:00:00+05:30,6.603817,197.44728,10.6261,206.13094
1928,2025-09-18 08:00:00+05:30,4.5820518,224.9999,6.3639607,224.9999
1929,2025-09-18 09:00:00+05:30,5.6262593,277.3523,7.3821945,271.39716
1930,2025-09-18 10:00:00+05:30,3.550155,300.46545,4.514377,293.49857
1931,2025-09-18 11:00:00+05:30,7.7588143,266.00916,9.914717,266.87793
1932,2025-09-18 12:00:00+05:30,5.5567255,294.90472,6.763786,295.20108
1933,2025-09-18 13:00:00+05:30,4.379589,260.53775,5.297018,260.21765
1934,2025-09-18 14:00:00+05:30,3.710795,230.90614,4.471107,229.89915
1935,2025-09-18 15:00:00+05:30,8.0899935,212.27562,9.885262,213.11136
1936,2025-09-18 16:00:00+05:30,6.5693827,189.46225,9.391102,192.17145
1937,2025-09-18 17:00:00+05:30,6.302571,181.63654,12.81165,184.02818
1938,2025-09-18 18:00:00+05:30,0.25455844,44.999897,1.5484185,215.53777
1939,2025-09-18 19:00:00+05:30,11.328566,197.57135,16.923828,209.29126
1940,2025-09-18 20:00:00+05:30,4.503598,182.29056,9.430695,203.6294
1941,2025-09-18 21:00:00+05:30,3.693291,136.97493,7.415038,174.4279
1942,2025-09-18 22:00:00+05:30,7.771331,166.60748,14.2336645,166.84245
1943,2025-09-18 23:00:00+05:30,3.494968,124.50858,9.339208,152.44728
1944,2025-09-19 00:00:00+05:30,4.0449967,147.72438,10.630672,151.69934
1945,2025-09-19 01:00:00+05:30,3.6402748,171.46931,10.914888,166.65126
1946,2025-09-19 02:00:00+05:30,3.6,180.0,10.453957,177.03912
1947,2025-09-19 03:00:00+05:30,3.438895,186.00891,10.03167,189.29323
1948,2025-09-19 04:00:00+05:30,1.0948973,279.46225,5.904439,232.43134
1949,2025-09-19 05:00:00+05:30,0.17999999,360.0,3.143565,246.3706
1950,2025-09-19 06:00:00+05:30,2.5071096,248.96242,6.050785,239.62096
1951,2025-09-19 07:00:00+05:30,2.0523157,52.124958,2.0523157,52.124958
1952,2025-09-19 08:00:00+05:30,1.2979984,123.690094,1.5484185,125.537766
1953,2025-09-19 09:00:00+05:30,8.099999,126.86999,9.97986,129.14398
1954,2025-09-19 10:00:00+05:30,3.644722,20.224945,4.1125174,23.198618
1955,2025-09-19 11:00:00+05:30,4.5891175,11.3098955,5.5887027,14.931467
1956,2025-09-19 12:00:00+05:30,4.6938257,57.528828,5.5916004,56.82148
1957,2025-09-19 13:00:00+05:30,1.4058449,219.80553,1.659518,220.60121
1958,2025-09-19 14:00:00+05:30,4.3349743,228.36655,5.0975285,227.86247
1959,2025-09-19 15:00:00+05:30,5.876938,220.0302,7.0107627,221.87778
1960,2025-09-19 16:00:00+05:30,6.87779,186.00891,9.178235,191.30989
1961,2025-09-19 17:00:00+05:30,3.7971036,185.44025,8.738811,212.38066
1962,2025-09-19 18:00:00+05:30,3.2599385,263.6599,9.693296,301.32864
1963,2025-09-19 19:00:00+05:30,1.0948973,9.462248,7.4867883,332.81897
1964,2025-09-19 20:00:00+05:30,2.8460495,124.69522,4.6730714,74.3577
1965,2025-09-19 21:00:00+05:30,2.7416782,156.80138,5.318383,113.962494
1966,2025-09-19 22:00:00+05:30,1.3708391,246.80138,0.25455844,224.9999
1967,2025-09-19 23:00:00+05:30,2.8799999,270.0,4.412754,281.76825
1968,2025-09-20 00:00:00+05:30,3.7971041,301.4295,7.7734165,312.18436
1969,2025-09-20 01:00:00+05:30,2.9301877,312.5104,7.1389914,326.3099
1970,2025-09-20 02:00:00+05:30,1.3104197,344.05453,5.8104043,343.8107
1971,2025-09-20 03:00:00+05:30,0.9178235,11.3098955,5.0432134,2.0453732
1972,2025-09-20 04:00:00+05:30,1.6299692,353.6599,5.9644947,5.19435
1973,2025-09-20 05:00:00+05:30,2.8460498,341.56494,7.3997297,4.184834
1974,2025-09-20 06:00:00+05:30,6.320538,340.0168,8.4042845,350.13425
1975,2025-09-20 07:00:00+05:30,4.6834598,357.79745,5.7599998,360.0
1976,2025-09-20 08:00:00+05:30,4.2136917,19.983198,5.1826253,20.323217
1977,2025-09-20 09:00:00+05:30,5.1165614,39.289394,6.269067,39.173653
1978,2025-09-20 10:00:00+05:30,1.5379207,69.44387,2.0523157,74.74483
1979,2025-09-20 11:00:00+05:30,1.9134263,48.814175,2.3051248,51.34017
1980,2025-09-20 12:00:00+05:30,2.9024127,29.744795,3.4623692,27.897186
1981,2025-09-20 13:00:00+05:30,2.6208394,344.05453,3.01735,342.64587
1982,2025-09-20 14:00:00+05:30,5.09435,302.00534,6.048107,306.52896
1983,2025-09-20 15:00:00+05:30,7.570707,251.99574,9.708326,259.31512
1984,2025-09-20 16:00:00+05:30,6.114703,227.38597,8.39078,234.60512
1985,2025-09-20 17:00:00+05:30,3.536439,194.7436,7.8954163,226.8476
1986,2025-09-20 18:00:00+05:30,7.3821945,181.39716,14.713831,187.7335
1987,2025-09-20 19:00:00+05:30,6.945761,211.21834,14.330079,212.69197
1988,2025-09-20 20:00:00+05:30,6.7853074,248.19853,14.578888,249.77505
1989,2025-09-20 21:00:00+05:30,5.1544156,257.90524,12.466867,265.03033
1990,2025-09-20 22:00:00+05:30,4.6730714,254.3577,11.196231,265.38943
1991,2025-09-20 23:00:00+05:30,5.4029994,268.09088,12.425216,271.66025
1992,2025-09-21 00:00:00+05:30,5.0432134,267.95465,12.304682,275.8773
1993,2025-09-21 01:00:00+05:30,3.644722,249.77505,9.721666,268.93912
1994,2025-09-21 02:00:00+05:30,4.379589,260.53775,10.621525,269.029
1995,2025-09-21 03:00:00+05:30,7.3799996,282.68036,14.761098,285.56155
1996,2025-09-21 04:00:00+05:30,4.752136,322.69595,12.37819,319.1277
1997,2025-09-21 05:00:00+05:30,4.1556225,355.03033,11.9466305,353.9459
1998,2025-09-21 06:00:00+05:30,4.2481523,36.38445,12.267763,22.425905
1999,2025-09-21 07:00:00+05:30,4.4456716,58.240574,7.0107627,48.122223
2000,2025-09-21 08:00:00+05:30,3.494968,55.491425,4.863332,51.009003
2001,2025-09-21 09:00:00+05:30,4.3832865,70.8209,5.5829024,69.22767
2002,2025-09-21 10:00:00+05:30,4.73506,98.74608,5.9834766,96.91113
2003,2025-09-21 11:00:00+05:30,5.297018,99.78234,6.391901,99.72751
2004,2025-09-21 12:00:00+05:30,1.609969,116.56499,2.0124612,116.56499
2005,2025-09-21 13:00:00+05:30,1.6981165,32.005356,2.19718,34.9921
2006,2025-09-21 14:00:00+05:30,1.0495713,59.03632,1.2727921,44.999897
2007,2025-09-21 15:00:00+05:30,0.56920993,18.435053,0.9178235,11.3098955
2008,2025-09-21 16:00:00+05:30,1.9134263,318.81415,2.5582807,320.7106
2009,2025-09-21 17:00:00+05:30,0.5091169,315.0001,2.3469126,4.398633
2010,2025-09-21 18:00:00+05:30,2.8460495,214.69522,5.22,223.60289
2011,2025-09-21 19:00:00+05:30,3.1072817,259.9921,5.8603754,280.6196
2012,2025-09-21 20:00:00+05:30,2.5772076,245.22488,5.3999996,270.0
2013,2025-09-21 21:00:00+05:30,7.3997297,251.56496,12.224107,256.373
2014,2025-09-21 22:00:00+05:30,3.0547013,224.9999,9.039514,234.7275
2015,2025-09-21 23:00:00+05:30,2.9522195,232.43134,8.92408,228.27058
2016,2025-09-22 00:00:00+05:30,3.671294,191.30989,9.085988,213.6901
2017,2025-09-22 01:00:00+05:30,7.519175,47.91091,8.536252,47.563812
2018,2025-09-22 02:00:00+05:30,6.489992,56.3099,8.415842,48.468323
2019,2025-09-22 03:00:00+05:30,2.8116899,50.194473,4.8965297,36.027473
2020,2025-09-22 04:00:00+05:30,1.9386592,21.801476,5.920878,19.536749
2021,2025-09-22 05:00:00+05:30,3.06,360.0,8.863972,12.907409
2022,2025-09-22 06:00:00+05:30,3.84796,349.21573,7.458606,8.325568
2023,2025-09-22 07:00:00+05:30,3.143565,346.75946,4.514377,355.42615
2024,2025-09-22 08:00:00+05:30,3.9763298,354.80566,5.232399,356.0549
2025,2025-09-22 09:00:00+05:30,7.0107627,29.197395,9.109138,29.604366
2026,2025-09-22 10:00:00+05:30,7.519175,42.08909,9.422101,43.451904
2027,2025-09-22 11:00:00+05:30,5.414979,21.44781,6.689125,23.805958
2028,2025-09-22 12:00:00+05:30,4.6102495,38.65983,5.6521144,37.234917
2029,2025-09-22 13:00:00+05:30,9.3962755,69.82927,11.841756,70.46326
2030,2025-09-22 14:00:00+05:30,13.60519,64.11304,17.870834,63.6931
2031,2025-09-22 15:00:00+05:30,6.519877,96.340096,9.761578,95.28999
2032,2025-09-22 16:00:00+05:30,3.6402748,261.46933,4.6277857,256.50424
2033,2025-09-22 17:00:00+05:30,1.659518,229.39879,2.5071096,248.96242
2034,2025-09-22 18:00:00+05:30,3.2399998,270.0,8.459999,270.0
2035,2025-09-22 19:00:00+05:30,4.4565907,223.36346,9.580668,244.39786
2036,2025-09-22 20:00:00+05:30,3.0811036,186.70975,7.0934615,215.70677
2037,2025-09-22 21:00:00+05:30,2.5455842,188.13002,6.297428,210.96368
2038,2025-09-22 22:00:00+05:30,3.7842832,115.34614,6.015878,128.92755
2039,2025-09-22 23:00:00+05:30,5.2694216,82.14678,6.8612823,85.4861
2040,2025-09-23 00:00:00+05:30,7.040739,85.60138,12.043869,80.53775
2041,2025-09-23 01:00:00+05:30,8.2584505,110.409966,15.85329,102.45824
2042,2025-09-23 02:00:00+05:30,9.037721,44.19317,19.016214,49.22232
2043,2025-09-23 03:00:00+05:30,6.5049515,14.4208145,13.282243,26.564985
2044,2025-09-23 04:00:00+05:30,10.041354,14.534496,18.78393,18.435053
2045,2025-09-23 05:00:00+05:30,7.3997297,18.435053,15.539537,25.377708
2046,2025-09-23 06:00:00+05:30,10.8672905,26.564985,19.008545,37.30404
2047,2025-09-23 07:00:00+05:30,13.413321,49.899166,19.016214,49.22232
2048,2025-09-23 08:00:00+05:30,11.9466305,59.18437,15.717823,60.49937
2049,2025-09-23 09:00:00+05:30,13.327294,73.52305,17.555305,74.53873
2050,2025-09-23 10:00:00+05:30,12.750811,71.053406,16.73516,71.1752
2051,2025-09-23 11:00:00+05:30,10.272623,78.88701,13.169555,79.76526
2052,2025-09-23 12:00:00+05:30,10.6261,88.058556,13.504799,88.47251
2053,2025-09-23 13:00:00+05:30,9.449572,107.74477,11.844492,106.78272
2054,2025-09-23 14:00:00+05:30,7.145796,130.91429,8.805294,130.85529
2055,2025-09-23 15:00:00+05:30,5.9427266,125.13428,7.491114,125.21768
2056,2025-09-23 16:00:00+05:30,4.5,126.86999,6.4096174,128.15727
2057,2025-09-23 17:00:00+05:30,2.4216523,318.01288,3.148714,329.03632
2058,2025-09-23 18:00:00+05:30,3.06,298.0724,3.9312592,285.94547
2059,2025-09-23 19:00:00+05:30,4.5891175,311.82007,6.391901,302.3474
2060,2025-09-23 20:00:00+05:30,3.6402748,351.4693,5.6920996,341.56494
2061,2025-09-23 21:00:00+05:30,4.1125174,23.198618,9.165871,19.502544
2062,2025-09-23 22:00:00+05:30,3.550155,59.53454,8.654987,44.999897
2063,2025-09-23 23:00:00+05:30,3.319036,77.4712,8.626865,66.64442
2064,2025-09-24 00:00:00+05:30,2.5071096,68.96242,7.989243,75.650635
2065,2025-09-24 01:00:00+05:30,2.995797,32.73523,7.6473517,63.435013
2066,2025-09-24 02:00:00+05:30,3.710795,39.09386,8.953078,59.826572
2067,2025-09-24 03:00:00+05:30,3.4576871,38.65983,8.694204,62.904526
2068,2025-09-24 04:00:00+05:30,3.4388947,42.878906,8.699793,65.55606
2069,2025-09-24 05:00:00+05:30,3.644722,69.775055,10.1376915,83.88459
2070,2025-09-24 06:00:00+05:30,3.244996,123.6901,6.76618,118.61037
2071,2025-09-24 07:00:00+05:30,5.3939967,115.70991,7.731623,114.775116
2072,2025-09-24 08:00:00+05:30,5.6920996,108.43504,7.172949,107.52566
2073,2025-09-24 09:00:00+05:30,6.9480934,106.55715,8.654986,106.9276
2074,2025-09-24 10:00:00+05:30,6.638072,102.5288,8.12197,102.80426
2075,2025-09-24 11:00:00+05:30,7.79215,96.63242,9.600937,96.458725
2076,2025-09-24 12:00:00+05:30,15.25865,107.15251,19.189215,106.90524
2077,2025-09-24 13:00:00+05:30,4.143911,145.6196,5.2323985,139.18501
2078,2025-09-24 14:00:00+05:30,1.2074767,153.43501,1.8,126.86999
2079,2025-09-24 15:00:00+05:30,1.9134263,138.81418,2.5959969,123.690094
2080,2025-09-24 16:00:00+05:30,3.536439,104.743614,4.9785542,102.5288
2081,2025-09-24 17:00:00+05:30,2.2553935,118.61037,6.689125,113.80595
2082,2025-09-24 18:00:00+05:30,3.9844694,341.56494,9.721666,1.0608971
2083,2025-09-24 19:00:00+05:30,4.1556225,17.650223,9.292255,31.534754
2084,2025-09-24 20:00:00+05:30,7.44121,57.84773,16.09969,63.435013
2085,2025-09-24 21:00:00+05:30,4.4274144,63.435013,11.555102,71.847206
2086,2025-09-24 22:00:00+05:30,4.278551,67.75093,11.157097,72.1496
2087,2025-09-24 23:00:00+05:30,4.412754,78.231735,11.837651,81.25392
2088,2025-09-25 00:00:00+05:30,5.0688457,96.11541,13.091829,108.43504
2089,2025-09-25 01:00:00+05:30,3.438895,96.00892,9.511088,119.4758
2090,2025-09-25 02:00:00+05:30,1.8792552,73.300674,7.120815,110.72565
2091,2025-09-25 03:00:00+05:30,2.97953,64.98315,8.149847,96.340096
2092,2025-09-25 04:00:00+05:30,3.4949677,78.11137,10.158444,97.12492
2093,2025-09-25 05:00:00+05:30,1.8532133,60.94549,7.9932976,97.76508
2094,2025-09-25 06:00:00+05:30,5.6521144,52.765083,11.931705,56.07016
2095,2025-09-25 07:00:00+05:30,3.8521678,37.405437,6.7469993,46.080845
2096,2025-09-25 08:00:00+05:30,4.4565907,43.36347,5.728979,46.27295
2097,2025-09-25 09:00:00+05:30,5.6233797,50.194473,6.9153743,51.34017
2098,2025-09-25 10:00:00+05:30,5.5829024,69.22767,6.889557,70.1447
2099,2025-09-25 11:00:00+05:30,6.3639607,81.86999,7.841888,80.75397
2100,2025-09-25 12:00:00+05:30,3.9966488,82.234924,4.73506,81.25392
2101,2025-09-25 13:00:00+05:30,3.7842832,64.65388,4.514377,66.50142
2102,2025-09-25 14:00:00+05:30,9.708326,10.684865,12.2519045,10.154214
2103,2025-09-25 15:00:00+05:30,4.6834598,87.79745,6.130579,86.63361
2104,2025-09-25 16:00:00+05:30,1.4058449,50.194473,2.1674871,41.63345
2105,2025-09-25 17:00:00+05:30,0.56920993,198.43504,1.0495713,239.0363
2106,2025-09-25 18:00:00+05:30,4.6834598,2.2025495,12.78,360.0
2107,2025-09-25 19:00:00+05:30,4.1046314,15.255177,12.346741,7.5393586
2108,2025-09-25 20:00:00+05:30,6.206738,163.14153,7.7043357,142.59457
2109,2025-09-25 21:00:00+05:30,2.16,360.0,3.710795,50.906155
2110,2025-09-25 22:00:00+05:30,6.015878,231.07245,10.962281,209.5114
2111,2025-09-25 23:00:00+05:30,6.28713,246.3706,10.360559,262.01077
2112,2025-09-26 00:00:00+05:30,4.0449967,302.27563,8.714677,308.2902
2113,2025-09-26 01:00:00+05:30,3.572898,319.0857,9.860649,338.58694
2114,2025-09-26 02:00:00+05:30,2.0124612,333.43503,8.297589,3.7313232
2115,2025-09-26 03:00:00+05:30,3.01735,17.354122,9.82114,26.09537
2116,2025-09-26 04:00:00+05:30,3.8268526,41.185837,11.616626,40.601215
2117,2025-09-26 05:00:00+05:30,4.3274937,44.999897,12.750811,48.433735
2118,2025-09-26 06:00:00+05:30,8.688613,39.957497,16.704155,52.883057
2119,2025-09-26 07:00:00+05:30,7.79215,83.367584,19.267569,88.394035
2120,2025-09-26 08:00:00+05:30,7.9383874,86.09958,11.901798,86.531845
2121,2025-09-26 09:00:00+05:30,13.184308,85.30141,18.057508,85.42616
2122,2025-09-26 10:00:00+05:30,13.671707,99.0902,18.201374,98.530685
2123,2025-09-26 11:00:00+05:30,11.656998,103.39252,15.073858,101.71245
2124,2025-09-26 12:00:00+05:30,11.525623,91.78987,15.484185,91.33219
2125,2025-09-26 13:00:00+05:30,5.6835546,100.95402,7.519175,101.0409
2126,2025-09-26 14:00:00+05:30,4.327493,73.07241,5.6920996,71.564964
2127,2025-09-26 15:00:00+05:30,10.934166,110.22495,14.743526,107.77141
2128,2025-09-26 16:00:00+05:30,8.865799,95.82625,13.701299,99.8335
2129,2025-09-26 17:00:00+05:30,3.7842832,92.72626,10.4166975,108.121956
2130,2025-09-26 18:00:00+05:30,4.5536795,71.564964,13.14,90.0
2131,2025-09-26 19:00:00+05:30,7.102591,81.25392,16.201,89.36342
2132,2025-09-26 20:00:00+05:30,9.1958685,49.76372,17.986494,76.1028
2133,2025-09-26 21:00:00+05:30,12.483749,95.79271,23.799513,102.669815
2134,2025-09-26 22:00:00+05:30,12.7546215,98.93051,23.706076,103.614204
2135,2025-09-26 23:00:00+05:30,12.7546215,98.93051,23.489136,103.29081
2136,2025-09-27 00:00:00+05:30,14.2336645,103.15755,24.897974,105.945465
2137,2025-09-27 01:00:00+05:30,12.074766,100.30479,22.134876,104.60131
2138,2025-09-27 02:00:00+05:30,13.31635,99.33492,23.881054,103.51255
2139,2025-09-27 03:00:00+05:30,12.32047,101.802414,22.154629,106.52097
2140,2025-09-27 04:00:00+05:30,13.529966,93.814,23.853226,98.680336
2141,2025-09-27 05:00:00+05:30,12.358542,102.619316,22.672855,106.13291
2142,2025-09-27 06:00:00+05:30,15.042659,111.03758,23.92443,114.44395
2143,2025-09-27 07:00:00+05:30,19.64228,116.09537,27.77488,117.39528
2144,2025-09-27 08:00:00+05:30,18.463821,119.81407,25.965584,119.94186
2145,2025-09-27 09:00:00+05:30,17.534992,121.568924,24.26998,122.27561
2146,2025-09-27 10:00:00+05:30,14.634343,121.93065,18.832163,121.71509
2147,2025-09-27 11:00:00+05:30,13.437455,129.0194,17.035456,128.56529
2148,2025-09-27 12:00:00+05:30,22.134146,148.63675,30.720997,150.1303
2149,2025-09-27 13:00:00+05:30,11.435313,118.1785,15.496736,120.73541
2150,2025-09-27 14:00:00+05:30,9.9408245,121.67542,14.33347,125.28683
2151,2025-09-27 15:00:00+05:30,13.5,126.86999,18.434847,125.862946
2152,2025-09-27 16:00:00+05:30,12.172312,128.3952,18.047638,128.92755
2153,2025-09-27 17:00:00+05:30,8.461914,119.29127,16.62444,123.518036
2154,2025-09-27 18:00:00+05:30,7.282774,129.98683,17.085785,131.58331
2155,2025-09-27 19:00:00+05:30,7.7900705,130.31403,17.46,132.07495
2156,2025-09-27 20:00:00+05:30,8.714677,128.2902,18.864824,131.90585
2157,2025-09-27 21:00:00+05:30,6.444905,125.90981,15.856354,129.47243
2158,2025-09-27 22:00:00+05:30,6.198903,115.820946,15.130711,122.36662
2159,2025-09-27 23:00:00+05:30,6.0721655,101.97612,14.913952,113.47101
2160,2025-09-28 00:00:00+05:30,6.2483597,101.63361,14.941083,111.92964
2161,2025-09-28 01:00:00+05:30,5.8298883,98.88058,14.24163,110.72565
2162,2025-09-28 02:00:00+05:30,6.0077944,98.61557,14.118243,109.359085
2163,2025-09-28 03:00:00+05:30,5.9644947,95.19434,13.948548,107.26589
2164,2025-09-28 04:00:00+05:30,5.2694216,97.853226,13.4903965,108.676796
2165,2025-09-28 05:00:00+05:30,3.5864744,107.52566,10.387107,117.89718
2166,2025-09-28 06:00:00+05:30,5.5799994,90.0,12.124307,108.16605
2167,2025-09-28 07:00:00+05:30,7.1321807,100.17545,9.885262,100.491425
2168,2025-09-28 08:00:00+05:30,9.387651,122.471176,12.330985,123.6901
2169,2025-09-28 09:00:00+05:30,10.7894945,117.84749,14.008811,117.55273
2170,2025-09-28 10:00:00+05:30,10.99769,111.10492,14.410121,110.47237
2171,2025-09-28 11:00:00+05:30,10.546525,117.439644,13.684735,116.56499
2172,2025-09-28 12:00:00+05:30,9.734988,123.6901,12.181624,124.159744
2173,2025-09-28 13:00:00+05:30,8.211235,116.00329,10.223619,116.11385
2174,2025-09-28 14:00:00+05:30,5.5829024,110.77233,7.186487,112.067955
2175,2025-09-28 15:00:00+05:30,10.717182,150.85202,14.602204,149.64197
2176,2025-09-28 16:00:00+05:30,7.9138603,162.80138,11.384199,161.56496
2177,2025-09-28 17:00:00+05:30,7.579261,175.91446,14.512064,172.87508
2178,2025-09-28 18:00:00+05:30,3.671294,168.69011,9.278297,161.91646
2179,2025-09-28 19:00:00+05:30,6.379216,163.61038,14.193772,167.55002
2180,2025-09-28 20:00:00+05:30,8.865799,174.17375,18.913708,177.8184
2181,2025-09-28 21:00:00+05:30,8.131936,174.92049,17.100946,179.39693
2182,2025-09-28 22:00:00+05:30,7.8728137,190.53912,16.546297,194.4898
2183,2025-09-28 23:00:00+05:30,7.771331,193.39252,16.451052,197.8403
2184,2025-09-29 00:00:00+05:30,6.1437774,211.82741,14.481893,212.30731
2185,2025-09-29 01:00:00+05:30,5.441838,235.78424,13.15971,229.9938
2186,2025-09-29 02:00:00+05:30,4.0449963,249.14546,11.165805,249.22766
2187,2025-09-29 03:00:00+05:30,4.14,270.0,10.993271,267.1845
2188,2025-09-29 04:00:00+05:30,3.4949677,281.88864,9.885262,280.49142
2189,2025-09-29 05:00:00+05:30,2.8799999,270.0,8.553314,278.47107
2190,2025-09-29 06:00:00+05:30,2.7943513,194.93147,5.004518,232.3057
2191,2025-09-29 07:00:00+05:30,1.4512063,240.2552,2.4014995,257.00537
2192,2025-09-29 08:00:00+05:30,2.5959969,326.3099,3.3481934,323.74606
2193,2025-09-29 09:00:00+05:30,1.6981165,327.99466,2.3400002,337.3801
2194,2025-09-29 10:00:00+05:30,0.35999998,90.0,0.6489992,56.309914
2195,2025-09-29 11:00:00+05:30,2.0523157,142.12495,2.5455842,135.0001
2196,2025-09-29 12:00:00+05:30,2.7238941,172.40544,3.01735,162.64589
2197,2025-09-29 13:00:00+05:30,3.9966488,187.76508,4.8899083,186.3401
2198,2025-09-29 14:00:00+05:30,2.7238941,97.59455,3.189608,106.38962
2199,2025-09-29 15:00:00+05:30,0.25455844,44.999897,0.17999999,90.0
2200,2025-09-29 16:00:00+05:30,0.9178235,258.6901,1.2074767,243.43501
2201,2025-09-29 17:00:00+05:30,1.2727921,188.13002,4.7110505,186.58185
2202,2025-09-29 18:00:00+05:30,0.8049845,333.43503,1.6981165,237.99466
2203,2025-09-29 19:00:00+05:30,0.9,233.13002,3.7842832,205.34613
2204,2025-09-29 20:00:00+05:30,3.7064266,209.0545,7.172949,197.52567
2205,2025-09-29 21:00:00+05:30,3.143565,256.75946,5.7402787,228.81418
2206,2025-09-29 22:00:00+05:30,2.0124612,280.30478,4.510787,241.38963
2207,2025-09-29 23:00:00+05:30,2.16,270.0,5.2478566,239.0363
2208,2025-09-30 00:00:00+05:30,2.8174455,296.56497,5.771239,266.42374
2209,2025-09-30 01:00:00+05:30,2.7238941,277.59454,6.3639607,261.87
2210,2025-09-30 02:00:00+05:30,3.143565,283.24054,7.02,270.0
2211,2025-09-30 03:00:00+05:30,3.244996,303.6901,7.229191,288.88617
2212,2025-09-30 04:00:00+05:30,3.6447225,302.90524,8.707237,299.74478
2213,2025-09-30 05:00:00+05:30,3.5455887,293.9625,8.891343,301.75943
2214,2025-09-30 06:00:00+05:30,5.09435,302.00534,10.373061,308.65982
2215,2025-09-30 07:00:00+05:30,3.319036,310.60123,7.7650757,314.06088
2216,2025-09-30 08:00:00+05:30,4.896529,342.8972,6.4323244,342.072
2217,2025-09-30 09:00:00+05:30,5.2323985,333.43503,6.689125,336.19403
2218,2025-09-30 10:00:00+05:30,3.7971041,328.5705,4.829907,333.43503
2219,2025-09-30 11:00:00+05:30,3.244996,303.6901,3.9477081,313.1524
2220,2025-09-30 12:00:00+05:30,2.9301877,259.3804,3.4199998,270.0
2221,2025-09-30 13:00:00+05:30,3.9640884,230.52757,4.6938257,237.52882
2222,2025-09-30 14:00:00+05:30,7.989243,255.65063,10.137692,253.49556
2223,2025-09-30 15:00:00+05:30,6.12,270.0,7.9383874,266.09958
2224,2025-09-30 16:00:00+05:30,6.1569467,285.25516,10.484902,281.88864
2225,2025-09-30 17:00:00+05:30,3.9844694,288.43503,9.741642,286.09088
2226,2025-09-30 18:00:00+05:30,3.01735,252.64589,8.101999,271.273
2227,2025-09-30 19:00:00+05:30,3.381893,244.7989,7.9383874,266.09958
2228,2025-09-30 20:00:00+05:30,4.0449963,249.14546,8.849339,265.33322
2229,2025-09-30 21:00:00+05:30,5.2939587,252.18102,11.53265,267.31628
2230,2025-09-30 22:00:00+05:30,5.2478566,247.8336,12.108261,264.88278
2231,2025-09-30 23:00:00+05:30,6.542201,262.09293,14.581113,270.7073
2232,2025-10-01 00:00:00+05:30,7.5942073,264.55975,16.395817,272.5168
2233,2025-10-01 01:00:00+05:30,5.8852015,246.57129,14.618837,260.07382
2234,2025-10-01 02:00:00+05:30,4.755544,209.4758,12.413477,240.4613
2235,2025-10-01 03:00:00+05:30,3.3481934,126.25393,3.7971041,148.57048
2236,2025-10-01 04:00:00+05:30,2.34,360.0,4.978554,310.60123
2237,2025-10-01 05:00:00+05:30,5.315336,241.69934,14.021525,240.80261
2238,2025-10-01 06:00:00+05:30,6.384293,248.4985,14.156058,258.26144
2239,2025-10-01 07:00:00+05:30,4.2366967,257.73523,6.601363,258.9965
2240,2025-10-01 08:00:00+05:30,4.965521,313.53125,6.502461,311.63345
2241,2025-10-01 09:00:00+05:30,2.5772078,347.90527,3.362677,344.47583
2242,2025-10-01 10:00:00+05:30,6.361415,115.11481,7.6579366,113.55228
2243,2025-10-01 11:00:00+05:30,9.459852,111.19412,12.641076,109.98319
2244,2025-10-01 12:00:00+05:30,7.7879906,123.6901,10.1887,122.00535
2245,2025-10-01 13:00:00+05:30,8.913181,136.63654,11.583108,134.37048
2246,2025-10-01 14:00:00+05:30,10.070353,118.85556,13.217443,119.357666
2247,2025-10-01 15:00:00+05:30,11.843124,114.22774,16.615667,112.95412
2248,2025-10-01 16:00:00+05:30,8.694204,62.904526,12.976239,66.279594
2249,2025-10-01 17:00:00+05:30,7.3469996,59.03632,13.184308,57.828808
2250,2025-10-01 18:00:00+05:30,7.0407386,122.471176,12.936228,121.920845
2251,2025-10-01 19:00:00+05:30,1.8532133,150.9455,6.5520988,110.924576
2252,2025-10-01 20:00:00+05:30,4.755544,150.5242,11.666721,141.89238
2253,2025-10-01 21:00:00+05:30,4.4456716,58.240574,10.981475,89.06083
2254,2025-10-01 22:00:00+05:30,6.384293,40.425995,12.972494,60.94549
2255,2025-10-01 23:00:00+05:30,11.431063,82.763176,20.035059,81.21479
2256,2025-10-02 00:00:00+05:30,9.726664,51.009003,19.576189,57.77127
2257,2025-10-02 01:00:00+05:30,12.313894,52.124958,20.423456,55.04928
2258,2025-10-02 02:00:00+05:30,11.594292,62.24156,20.54288,65.6807
2259,2025-10-02 03:00:00+05:30,14.264361,79.824554,24.77012,81.22227
2260,2025-10-02 04:00:00+05:30,16.818203,84.47256,27.072502,85.8059
2261,2025-10-02 05:00:00+05:30,12.093535,75.34321,22.26477,75.96373
2262,2025-10-02 06:00:00+05:30,12.991212,93.97242,21.066921,91.46877
2263,2025-10-02 07:00:00+05:30,12.251905,87.47394,17.640919,90.58462
2264,2025-10-02 08:00:00+05:30,12.525207,97.43131,18.151463,97.40682
2265,2025-10-02 09:00:00+05:30,12.906138,98.017006,18.73557,98.28571
2266,2025-10-02 10:00:00+05:30,12.703715,97.32632,18.023384,98.61557
2267,2025-10-02 11:00:00+05:30,11.755254,115.38787,15.137133,115.34614
2268,2025-10-02 12:00:00+05:30,11.570515,95.355736,16.208996,91.90912
2269,2025-10-02 13:00:00+05:30,14.848635,96.2634,20.674158,97.001175
2270,2025-10-02 14:00:00+05:30,15.244842,112.93214,22.19554,112.40546
2271,2025-10-02 15:00:00+05:30,11.177405,104.93147,20.082708,104.5345
2272,2025-10-02 16:00:00+05:30,14.087228,100.30479,23.097584,103.061554
2273,2025-10-02 17:00:00+05:30,13.797912,97.495766,24.717085,102.619316
2274,2025-10-02 18:00:00+05:30,13.14493,91.56932,22.840149,96.78888
2275,2025-10-02 19:00:00+05:30,15.713702,99.89386,25.459026,102.66062
2276,2025-10-02 20:00:00+05:30,15.825675,109.259384,25.900616,107.80544
2277,2025-10-02 21:00:00+05:30,15.808263,97.853226,26.79341,101.234406
2278,2025-10-02 22:00:00+05:30,16.09969,100.30479,26.457552,103.37446
2279,2025-10-02 23:00:00+05:30,14.260953,94.34316,24.74329,98.3658
2280,2025-10-03 00:00:00+05:30,14.428097,93.57626,24.336637,97.65056
2281,2025-10-03 01:00:00+05:30,15.215058,100.91109,26.228785,101.07855
2282,2025-10-03 02:00:00+05:30,13.558673,95.33207,23.408998,100.18658
2283,2025-10-03 03:00:00+05:30,14.830076,84.4279,25.20257,89.18157
2284,2025-10-03 04:00:00+05:30,14.275713,103.86105,24.929186,104.63832
2285,2025-10-03 05:00:00+05:30,15.215058,115.95872,26.652765,115.1805
2286,2025-10-03 06:00:00+05:30,14.36621,105.25517,25.171696,106.620834
2287,2025-10-03 07:00:00+05:30,17.864489,102.215706,29.427658,104.886314
2288,2025-10-03 08:00:00+05:30,15.459054,117.75845,25.900616,120.48566
2289,2025-10-03 09:00:00+05:30,17.389341,126.15828,27.108381,127.17434
2290,2025-10-03 10:00:00+05:30,17.703253,137.06012,26.224463,136.1123
2291,2025-10-03 11:00:00+05:30,10.662626,111.801476,14.607751,112.456985
2292,2025-10-03 12:00:00+05:30,13.091829,108.43504,17.703253,108.987724
2293,2025-10-03 13:00:00+05:30,16.388897,141.2419,23.950823,141.40741
2294,2025-10-03 14:00:00+05:30,15.30741,131.18582,21.67487,131.63345
2295,2025-10-03 15:00:00+05:30,14.037692,139.15973,20.675724,139.23648
2296,2025-10-03 16:00:00+05:30,9.059205,130.97165,16.039202,134.09071
2297,2025-10-03 17:00:00+05:30,9.403169,95.49223,18.25026,104.85866
2298,2025-10-03 18:00:00+05:30,10.538843,97.853226,20.038294,104.03627
2299,2025-10-03 19:00:00+05:30,10.308831,102.09474,20.056877,111.03758
2300,2025-10-03 20:00:00+05:30,11.196231,94.610565,20.671806,106.699326
2301,2025-10-03 21:00:00+05:30,3.1072817,79.99209,11.213581,108.72588
2302,2025-10-03 22:00:00+05:30,8.777654,118.14151,17.273436,123.524506
2303,2025-10-03 23:00:00+05:30,14.14232,132.4208,25.460934,133.85432
2304,2025-10-04 00:00:00+05:30,12.86087,133.29869,22.66857,136.93057
2305,2025-10-04 01:00:00+05:30,14.508715,127.438644,25.443748,129.54605
2306,2025-10-04 02:00:00+05:30,10.495713,157.8336,19.240644,152.71588
2307,2025-10-04 03:00:00+05:30,13.979872,145.49142,23.763409,146.43027
2308,2025-10-04 04:00:00+05:30,13.748513,133.93918,23.950148,137.43669
2309,2025-10-04 05:00:00+05:30,11.995349,115.79598,23.31747,122.70865
2310,2025-10-04 06:00:00+05:30,18.999168,138.45673,28.211803,139.39879
2311,2025-10-04 07:00:00+05:30,14.224556,128.32016,25.212852,133.26433
2312,2025-10-04 08:00:00+05:30,15.159589,137.406,23.588242,138.40286
2313,2025-10-04 09:00:00+05:30,14.039999,157.3801,21.627733,157.49014
2314,2025-10-04 10:00:00+05:30,19.00599,151.7361,25.11758,152.70052
2315,2025-10-04 11:00:00+05:30,13.552696,149.68887,17.885334,151.11351
2316,2025-10-04 12:00:00+05:30,17.114204,165.37909,25.277666,165.5679
2317,2025-10-04 13:00:00+05:30,15.3264475,139.76372,21.252197,141.18861
2318,2025-10-04 14:00:00+05:30,14.835537,125.61858,22.392464,126.50153
2319,2025-10-04 15:00:00+05:30,11.734564,131.26851,17.055414,135.0001
2320,2025-10-04 16:00:00+05:30,16.144905,149.14587,23.832163,148.591
2321,2025-10-04 17:00:00+05:30,4.3349743,221.63345,12.399113,189.18877
2322,2025-10-04 18:00:00+05:30,14.028457,146.51381,25.408068,149.80208
2323,2025-10-04 19:00:00+05:30,14.887859,165.29166,26.161995,167.685
2324,2025-10-04 20:00:00+05:30,15.956163,168.94363,28.23247,171.19838
2325,2025-10-04 21:00:00+05:30,16.985933,167.1419,29.384691,170.48006
2326,2025-10-04 22:00:00+05:30,16.521805,172.48795,27.869207,174.06857
2327,2025-10-04 23:00:00+05:30,19.083395,181.0809,31.525188,182.29056
2328,2025-10-05 00:00:00+05:30,17.337091,192.59332,29.384687,193.09985
2329,2025-10-05 01:00:00+05:30,10.62,180.0,20.615303,185.51138
2330,2025-10-05 02:00:00+05:30,11.230904,201.63095,19.787722,201.89825
2331,2025-10-05 03:00:00+05:30,13.277364,195.73207,23.533234,201.06905
2332,2025-10-05 04:00:00+05:30,10.601679,220.17917,20.466246,219.28938
2333,2025-10-05 05:00:00+05:30,12.906138,188.017,23.723152,191.82146
2334,2025-10-05 06:00:00+05:30,13.776763,197.48808,20.499462,200.02618
2335,2025-10-05 07:00:00+05:30,13.282243,206.56499,18.359999,208.07239
2336,2025-10-05 08:00:00+05:30,8.891343,211.75943,12.181624,214.15974
2337,2025-10-05 09:00:00+05:30,7.7420926,197.59251,9.621163,197.41806
2338,2025-10-05 10:00:00+05:30,8.53815,214.69522,10.587918,215.3113
2339,2025-10-05 11:00:00+05:30,7.596341,193.70699,9.299225,194.57425
2340,2025-10-05 12:00:00+05:30,5.22,223.60289,6.4924874,223.87679
2341,2025-10-05 13:00:00+05:30,4.39436,235.0079,5.3426957,237.38077
2342,2025-10-05 14:00:00+05:30,11.995349,244.20403,16.10472,242.00294
2343,2025-10-05 15:00:00+05:30,5.6262593,262.6477,10.272623,258.887
2344,2025-10-05 16:00:00+05:30,4.952453,289.0936,11.9140415,274.3322
2345,2025-10-05 17:00:00+05:30,3.4152596,341.56494,5.6521144,322.76508
2346,2025-10-05 18:00:00+05:30,1.8792552,286.6993,6.297428,329.03632
2347,2025-10-05 19:00:00+05:30,3.6179552,174.2895,2.3051248,218.65984
2348,2025-10-05 20:00:00+05:30,6.28713,156.3706,8.36758,161.1752
2349,2025-10-05 21:00:00+05:30,5.5829024,159.22766,10.8792095,163.66388
2350,2025-10-05 22:00:00+05:30,3.0652895,183.3664,8.707238,187.12492
2351,2025-10-05 23:00:00+05:30,4.5322843,173.15732,10.081606,178.97699
2352,2025-10-06 00:00:00+05:30,4.613762,159.44388,11.351422,165.30264
2353,2025-10-06 01:00:00+05:30,3.0652895,183.3664,9.181765,181.12328
2354,2025-10-06 02:00:00+05:30,4.186693,154.5367,10.931203,162.75845
2355,2025-10-06 03:00:00+05:30,5.2694216,187.85323,12.287555,185.04236
2356,2025-10-06 04:00:00+05:30,7.1684303,208.49554,14.572221,205.61543
2357,2025-10-06 05:00:00+05:30,5.896202,211.26367,11.51578,204.96275
2358,2025-10-06 06:00:00+05:30,5.22,223.60289,9.080639,219.3693
2359,2025-10-06 07:00:00+05:30,5.796447,216.15828,7.7043357,217.40543
2360,2025-10-06 08:00:00+05:30,5.04,180.0,6.482499,181.59111
2361,2025-10-06 09:00:00+05:30,5.0432134,177.95464,6.310277,176.72958
2362,2025-10-06 10:00:00+05:30,3.5864744,197.52567,4.3832865,199.17911
2363,2025-10-06 11:00:00+05:30,4.724786,252.25523,5.8631387,252.1212
2364,2025-10-06 12:00:00+05:30,4.1556225,265.03033,5.2478566,264.09396
2365,2025-10-06 13:00:00+05:30,3.4247334,273.01273,4.3349743,274.76355
2366,2025-10-06 14:00:00+05:30,4.452954,284.03625,5.8104043,286.18927
2367,2025-10-06 15:00:00+05:30,3.671294,281.3099,5.068846,286.50443
2368,2025-10-06 16:00:00+05:30,3.143565,193.24052,6.76618,208.61037
2369,2025-10-06 17:00:00+05:30,6.9899354,168.11136,10.837435,168.50346
2370,2025-10-06 18:00:00+05:30,8.350138,187.43132,16.380001,180.0
2371,2025-10-06 19:00:00+05:30,6.889557,213.2749,15.463246,204.77512
2372,2025-10-06 20:00:00+05:30,6.1226463,204.30453,15.275627,201.42535
2373,2025-10-06 21:00:00+05:30,8.217153,208.8107,18.514643,206.56499
2374,2025-10-06 22:00:00+05:30,6.638072,229.39879,15.833861,220.38927
2375,2025-10-06 23:00:00+05:30,7.102591,188.74608,16.572712,188.74608
2376,2025-10-07 00:00:00+05:30,4.755544,209.4758,12.638513,206.20006
2377,2025-10-07 01:00:00+05:30,4.0449963,249.14546,10.63372,236.0409
2378,2025-10-07 02:00:00+05:30,3.5864744,252.47433,10.304115,250.61539
2379,2025-10-07 03:00:00+05:30,2.1897945,260.53775,7.689603,253.68607
2380,2025-10-07 04:00:00+05:30,1.0182338,44.999897,2.4482646,287.1028
2381,2025-10-07 05:00:00+05:30,1.9881649,84.805664,1.0948973,80.53775
2382,2025-10-07 06:00:00+05:30,1.484318,104.03627,1.0495713,210.96368
2383,2025-10-07 07:00:00+05:30,0.8049845,116.56499,0.6489992,146.3099
2384,2025-10-07 08:00:00+05:30,1.2074767,153.43501,1.4512063,172.87508
2385,2025-10-07 09:00:00+05:30,2.5772076,155.22488,3.3092597,157.61983
2386,2025-10-07 10:00:00+05:30,4.5,163.73972,5.2939587,162.18102
2387,2025-10-07 11:00:00+05:30,4.1125174,156.80139,4.91634,156.2505
2388,2025-10-07 12:00:00+05:30,4.1046314,164.74483,4.8466477,164.93146
2389,2025-10-07 13:00:00+05:30,6.830519,198.43504,8.197414,199.23076
2390,2025-10-07 14:00:00+05:30,3.6179552,174.2895,4.8899083,186.3401
2391,2025-10-07 15:00:00+05:30,5.8048253,119.74479,7.388775,124.07724
2392,2025-10-07 16:00:00+05:30,3.563818,135.0001,5.441838,145.78424
2393,2025-10-07 17:00:00+05:30,3.0652895,183.3664,7.748368,182.66295
2394,2025-10-07 18:00:00+05:30,3.3043609,209.35765,9.499158,207.05052
2395,2025-10-07 19:00:00+05:30,4.5,180.0,10.783487,194.5002
2396,2025-10-07 20:00:00+05:30,4.060985,167.19574,9.36173,178.89832
2397,2025-10-07 21:00:00+05:30,5.4656014,162.75845,11.672275,160.16779
2398,2025-10-07 22:00:00+05:30,5.3305535,191.68935,12.611567,182.45398
2399,2025-10-07 23:00:00+05:30,3.4763772,158.74942,10.8792095,163.66388
2400,2025-10-08 00:00:00+05:30,6.5223618,297.97937,8.12197,257.19574
2401,2025-10-08 01:00:00+05:30,6.725354,285.52417,11.165805,268.15244
2402,2025-10-08 02:00:00+05:30,10.564941,315.6902,18.183563,305.73557
2403,2025-10-08 03:00:00+05:30,2.7534704,348.6901,8.067936,321.34018
2404,2025-10-08 04:00:00+05:30,2.1897945,350.53775,6.522361,320.59937
2405,2025-10-08 05:00:00+05:30,2.6758924,47.72637,3.362677,15.524177
2406,2025-10-08 06:00:00+05:30,3.362677,105.52418,3.4763772,111.25058
2407,2025-10-08 07:00:00+05:30,4.1085763,118.8107,5.2478566,120.96369
2408,2025-10-08 08:00:00+05:30,5.154415,155.22488,6.689125,156.19405
2409,2025-10-08 09:00:00+05:30,5.2478566,185.90605,6.519877,186.3401
2410,2025-10-08 10:00:00+05:30,2.9024127,172.87508,3.4247334,176.98727
2411,2025-10-08 11:00:00+05:30,1.9386592,158.19853,2.1068459,160.0168
2412,2025-10-08 12:00:00+05:30,1.781909,224.9999,2.0523157,217.87505
2413,2025-10-08 13:00:00+05:30,4.327493,163.0724,5.1544156,167.90526
2414,2025-10-08 14:00:00+05:30,9.648067,126.656204,12.241323,126.027466
2415,2025-10-08 15:00:00+05:30,4.5,143.13002,6.090812,145.84026
2416,2025-10-08 16:00:00+05:30,5.5596404,209.0545,7.0843205,207.21602
2417,2025-10-08 17:00:00+05:30,6.7853074,158.19853,13.288341,155.17068
2418,2025-10-08 18:00:00+05:30,5.495161,148.39255,12.647482,155.62355
2419,2025-10-08 19:00:00+05:30,4.1046314,164.74483,11.27553,163.30067
2420,2025-10-08 20:00:00+05:30,3.0652893,229.76372,8.155807,202.03629
2421,2025-10-08 21:00:00+05:30,3.5864744,197.52567,9.224011,197.02061
2422,2025-10-08 22:00:00+05:30,3.6402748,171.46931,9.044888,185.7105
2423,2025-10-08 23:00:00+05:30,3.745557,144.78232,8.482947,162.71841
2424,2025-10-09 00:00:00+05:30,2.16,360.0,2.1674871,318.36655
2425,2025-10-09 01:00:00+05:30,2.3400002,292.6199,3.4763772,291.25058
2426,2025-10-09 02:00:00+05:30,2.2553935,241.38963,7.0911775,246.0375
2427,2025-10-09 03:00:00+05:30,1.835647,258.6901,6.638072,257.4712
2428,2025-10-09 04:00:00+05:30,0.17999999,90.0,1.5379207,290.55612
2429,2025-10-09 05:00:00+05:30,5.7964473,295.76926,12.879752,296.56497
2430,2025-10-09 06:00:00+05:30,7.056826,322.25314,12.688404,328.3393
2431,2025-10-09 07:00:00+05:30,6.8541956,346.32867,10.874741,347.57407
2432,2025-10-09 08:00:00+05:30,6.924738,351.02744,9.6480665,351.41644
2433,2025-10-09 09:00:00+05:30,10.837435,4.763556,13.870515,2.231127
2434,2025-10-09 10:00:00+05:30,9.939196,35.417145,12.785069,35.256443
2435,2025-10-09 11:00:00+05:30,8.209263,15.255177,10.564941,13.799514
2436,2025-10-09 12:00:00+05:30,8.171683,7.59456,10.1376915,6.1154146
2437,2025-10-09 13:00:00+05:30,7.9077177,48.69148,10.348043,40.06073
2438,2025-10-09 14:00:00+05:30,9.4238205,331.477,12.47726,333.43503
2439,2025-10-09 15:00:00+05:30,2.1749482,65.55606,3.143565,66.37061
2440,2025-10-09 16:00:00+05:30,2.4014995,12.99463,3.143565,23.629398
2441,2025-10-09 17:00:00+05:30,4.3573384,38.290207,11.681987,33.6901
2442,2025-10-09 18:00:00+05:30,3.2399998,360.0,9.847496,30.784075
2443,2025-10-09 19:00:00+05:30,0.9,270.0,3.62243,26.564985
2444,2025-10-09 20:00:00+05:30,2.0991426,239.0363,1.8,323.13
2445,2025-10-09 21:00:00+05:30,3.0811036,263.29025,5.22,313.6029
2446,2025-10-09 22:00:00+05:30,3.06,270.0,5.983477,313.7812
2447,2025-10-09 23:00:00+05:30,5.2939587,342.18103,13.262714,352.1999
2448,2025-10-10 00:00:00+05:30,3.3092597,337.6198,10.837435,348.50345
2449,2025-10-10 01:00:00+05:30,4.3349743,4.763556,12.841963,5.630594
2450,2025-10-10 02:00:00+05:30,2.8856194,3.5762644,9.801326,7.3859525
2451,2025-10-10 03:00:00+05:30,1.0948973,350.53775,6.424764,11.3098955
2452,2025-10-10 04:00:00+05:30,1.5273507,315.0001,6.2483597,348.3664
2453,2025-10-10 05:00:00+05:30,4.452954,14.036275,13.615902,24.193203
2454,2025-10-10 06:00:00+05:30,5.5916004,356.3087,12.810386,17.162003
2455,2025-10-10 07:00:00+05:30,5.5596404,330.9455,9.743305,348.2749
2456,2025-10-10 08:00:00+05:30,6.6794305,345.9637,9.391102,347.82855
2457,2025-10-10 09:00:00+05:30,11.722133,3.5213907,15.496736,2.6629453
2458,2025-10-10 10:00:00+05:30,11.391313,5.4402504,14.813682,4.8791914
2459,2025-10-10 11:00:00+05:30,11.588701,6.2418275,15.009236,5.5053964
2460,2025-10-10 12:00:00+05:30,11.712455,2.6424956,15.316933,2.6942275
2461,2025-10-10 13:00:00+05:30,12.324414,353.29025,16.478603,353.729
2462,2025-10-10 14:00:00+05:30,11.165805,358.15244,15.68584,356.71082
2463,2025-10-10 15:00:00+05:30,8.083983,11.5601,12.906138,8.017007
2464,2025-10-10 16:00:00+05:30,4.7110505,43.451904,11.521406,28.96756
2465,2025-10-10 17:00:00+05:30,5.5829024,20.772345,14.539945,15.068535
2466,2025-10-10 18:00:00+05:30,3.9966483,54.16227,10.484903,34.50859
2467,2025-10-10 19:00:00+05:30,1.8,53.13002,7.056826,52.253136
2468,2025-10-10 20:00:00+05:30,3.219938,333.43503,8.107996,2.5447557
2469,2025-10-10 21:00:00+05:30,4.613762,339.44388,13.684735,1.5074003
2470,2025-10-10 22:00:00+05:30,5.8104043,343.8107,16.404707,356.8551
2471,2025-10-10 23:00:00+05:30,6.9247384,332.1028,18.772715,345.564
2472,2025-10-11 00:00:00+05:30,8.043805,319.53784,19.293615,329.128
2473,2025-10-11 01:00:00+05:30,8.209263,322.12494,19.849846,329.48184
2474,2025-10-11 02:00:00+05:30,7.538541,326.68936,19.080849,332.4681
2475,2025-10-11 03:00:00+05:30,8.338489,327.3391,20.366266,333.20856
2476,2025-10-11 04:00:00+05:30,7.44121,327.84772,18.999168,334.1633
2477,2025-10-11 05:00:00+05:30,7.3469996,329.03632,19.026434,336.58786
2478,2025-10-11 06:00:00+05:30,8.775807,334.48618,17.816362,341.74802
2479,2025-10-11 07:00:00+05:30,7.0038276,334.09354,16.116785,339.74344
2480,2025-10-11 08:00:00+05:30,8.035746,344.40714,11.177405,345.06854
2481,2025-10-11 09:00:00+05:30,9.9587345,353.77426,13.200273,354.5227
2482,2025-10-11 10:00:00+05:30,9.567131,4.3159466,12.440851,3.3177145
2483,2025-10-11 11:00:00+05:30,8.32877,6.20336,10.51576,6.8816385
2484,2025-10-11 12:00:00+05:30,8.287822,2.4894993,10.813492,2.8623457
2485,2025-10-11 13:00:00+05:30,8.297589,356.26868,10.813492,357.13766
2486,2025-10-11 14:00:00+05:30,8.350138,352.5687,11.074022,352.52853
2487,2025-10-11 15:00:00+05:30,5.426933,5.7105074,7.7420926,1.3321922
2488,2025-10-11 16:00:00+05:30,4.2366967,102.26476,5.5450516,76.865974
2489,2025-10-11 17:00:00+05:30,4.2175345,140.19447,7.6473517,116.56499
2490,2025-10-11 18:00:00+05:30,3.244996,176.82024,6.623413,137.20262
2491,2025-10-11 19:00:00+05:30,1.6981165,212.00534,3.096837,144.46223
2492,2025-10-11 20:00:00+05:30,2.5772076,245.22488,1.659518,220.60121
2493,2025-10-11 21:00:00+05:30,5.2478566,292.16638,9.781473,282.75754
2494,2025-10-11 22:00:00+05:30,6.945761,328.78165,17.325874,330.77203
2495,2025-10-11 23:00:00+05:30,9.292255,328.46524,20.9644,330.13318
2496,2025-10-12 00:00:00+05:30,7.889259,332.8504,18.845062,335.14844
2497,2025-10-12 01:00:00+05:30,6.361415,334.8852,16.813387,338.65414
2498,2025-10-12 02:00:00+05:30,5.2323985,333.43503,14.572219,342.01257
2499,2025-10-12 03:00:00+05:30,4.7928696,325.71307,13.210087,340.0835
2500,2025-10-12 04:00:00+05:30,5.0975285,317.86246,13.527572,334.79892
2501,2025-10-12 05:00:00+05:30,5.8852015,293.4287,13.5012,317.1611
2502,2025-10-12 06:00:00+05:30,7.689603,302.57404,13.413321,319.89914
2503,2025-10-12 07:00:00+05:30,6.1094027,315.0001,11.272657,321.48303
2504,2025-10-12 08:00:00+05:30,7.1389914,326.3099,9.7880945,327.77127
2505,2025-10-12 09:00:00+05:30,6.8541956,336.8014,9.028754,336.5014
2506,2025-10-12 10:00:00+05:30,5.815978,338.19852,7.5213294,338.9624
2507,2025-10-12 11:00:00+05:30,5.7402787,318.81418,7.145796,319.0857
2508,2025-10-12 12:00:00+05:30,5.4744864,313.66785,7.256032,313.995
2509,2025-10-12 13:00:00+05:30,5.1481256,306.46933,6.9480934,306.57312
2510,2025-10-12 14:00:00+05:30,4.829907,296.56497,6.3639607,298.7397
2511,2025-10-12 15:00:00+05:30,4.514377,274.57382,6.8138976,282.20044
2512,2025-10-12 16:00:00+05:30,4.39436,235.0079,7.771331,256.60748
2513,2025-10-12 17:00:00+05:30,2.1749482,155.55606,4.060985,192.80426
2514,2025-10-12 18:00:00+05:30,5.1575575,150.75127,8.891344,158.62932
2515,2025-10-12 19:00:00+05:30,4.278551,157.75093,9.107359,161.56496
2516,2025-10-12 20:00:00+05:30,2.5772078,192.09474,6.341009,173.4803
2517,2025-10-12 21:00:00+05:30,3.9640884,230.52757,6.330782,194.82652
2518,2025-10-12 22:00:00+05:30,3.462369,278.97253,5.7964473,244.23071
2519,2025-10-12 23:00:00+05:30,3.6,306.86996,4.8433046,311.98712
2520,2025-10-13 00:00:00+05:30,4.965521,316.46872,10.24578,341.56494
2521,2025-10-13 01:00:00+05:30,6.804381,322.52374,15.315873,336.44772
2522,2025-10-13 02:00:00+05:30,6.792466,327.99466,16.431347,335.40024
2523,2025-10-13 03:00:00+05:30,6.6185193,337.6198,17.258425,343.6441
2524,2025-10-13 04:00:00+05:30,5.7515564,339.8636,16.284779,346.57816
2525,2025-10-13 05:00:00+05:30,6.050785,337.249,16.770939,347.60458
2526,2025-10-13 06:00:00+05:30,7.8625183,344.05453,16.039202,350.9606
2527,2025-10-13 07:00:00+05:30,6.341009,353.4803,13.004921,355.23645
2528,2025-10-13 08:00:00+05:30,7.92,360.0,11.16145,0.9240338
2529,2025-10-13 09:00:00+05:30,10.03167,9.2932415,13.346729,10.097442
2530,2025-10-13 10:00:00+05:30,8.849339,4.6667724,11.570515,5.3557334
2531,2025-10-13 11:00:00+05:30,8.297589,347.4712,10.699028,347.36664
2532,2025-10-13 12:00:00+05:30,9.215226,347.5926,12.007498,347.00537
2533,2025-10-13 13:00:00+05:30,9.6480665,345.9637,12.835653,345.3791
2534,2025-10-13 14:00:00+05:30,9.0018,348.4654,12.144331,348.0239
2535,2025-10-13 15:00:00+05:30,7.579261,355.91446,11.9140415,355.66776
2536,2025-10-13 16:00:00+05:30,3.143565,23.629398,8.383054,14.931467
2537,2025-10-13 17:00:00+05:30,0.9,360.0,5.223103,358.0251
2538,2025-10-13 18:00:00+05:30,0.40249225,153.43501,2.5959969,33.6901
2539,2025-10-13 19:00:00+05:30,0.40249225,206.56499,2.9301877,79.380394
2540,2025-10-13 20:00:00+05:30,4.0449967,302.27563,5.369916,320.44037
2541,2025-10-13 21:00:00+05:30,5.7402787,318.81418,10.228373,331.63104
2542,2025-10-13 22:00:00+05:30,5.9427266,324.86572,15.275627,338.57465
2543,2025-10-13 23:00:00+05:30,5.991594,327.26477,16.56489,340.9743
2544,2025-10-14 00:00:00+05:30,7.388775,325.92276,19.400795,332.95956
2545,2025-10-14 01:00:00+05:30,7.1684303,331.50446,18.770126,335.647
2546,2025-10-14 02:00:00+05:30,6.279395,332.7005,17.515581,337.65182
2547,2025-10-14 03:00:00+05:30,6.2067385,330.4613,16.947742,337.5205
2548,2025-10-14 04:00:00+05:30,6.090812,325.84024,16.507088,334.83215
2549,2025-10-14 05:00:00+05:30,5.7204895,335.85446,15.713702,350.10614
2550,2025-10-14 06:00:00+05:30,7.628263,340.70987,15.299999,351.20267
2551,2025-10-14 07:00:00+05:30,5.506941,348.6901,13.060857,352.87506
2552,2025-10-14 08:00:00+05:30,7.2022495,1.4320632,10.086427,2.0453732
2553,2025-10-14 09:00:00+05:30,9.721666,1.0608971,12.979984,3.179772
2554,2025-10-14 10:00:00+05:30,11.173057,357.22983,14.764389,358.60284
2555,2025-10-14 11:00:00+05:30,12.483749,354.2073,16.62249,355.03033
2556,2025-10-14 12:00:00+05:30,11.928989,354.80566,16.084589,354.8637
2557,2025-10-14 13:00:00+05:30,11.307095,346.18494,15.151039,346.95435
2558,2025-10-14 14:00:00+05:30,10.8029995,349.43903,15.151039,350.42584
2559,2025-10-14 15:00:00+05:30,8.467655,357.5634,14.238215,357.10147
2560,2025-10-14 16:00:00+05:30,5.5916004,3.691312,14.581113,0.7073119
2561,2025-10-14 17:00:00+05:30,6.601363,334.1337,16.516901,339.59003
2562,2025-10-14 18:00:00+05:30,7.0934615,324.2932,19.567083,332.02063
2563,2025-10-14 19:00:00+05:30,9.2660675,330.9455,23.612953,336.17053
2564,2025-10-14 20:00:00+05:30,8.643749,328.62704,22.303299,334.67584
2565,2025-10-14 21:00:00+05:30,8.149847,329.47037,21.531641,336.8643
2566,2025-10-14 22:00:00+05:30,7.256032,330.25522,19.721298,338.58694
2567,2025-10-14 23:00:00+05:30,7.2,323.13,19.008547,335.37646
2568,2025-10-15 00:00:00+05:30,8.43699,326.3099,20.291357,334.79892
2569,2025-10-15 01:00:00+05:30,8.6867485,325.9806,20.61766,335.22488
2570,2025-10-15 02:00:00+05:30,8.461915,321.91116,20.298542,331.38962
2571,2025-10-15 03:00:00+05:30,8.099999,323.13,20.406792,329.8164
2572,2025-10-15 04:00:00+05:30,7.7043357,322.59457,19.540573,328.9458
2573,2025-10-15 05:00:00+05:30,7.2403865,325.1246,19.191748,336.8014
2574,2025-10-15 06:00:00+05:30,8.435069,320.1945,17.22742,333.97046
2575,2025-10-15 07:00:00+05:30,6.4924874,316.1232,15.543706,331.6544
2576,2025-10-15 08:00:00+05:30,6.090812,325.84024,8.707237,330.25522
2577,2025-10-15 09:00:00+05:30,7.970972,334.59232,10.636766,336.0375
2578,2025-10-15 10:00:00+05:30,8.604301,322.65057,11.090103,324.24603
2579,2025-10-15 11:00:00+05:30,8.281956,317.64258,10.32924,318.53238
2580,2025-10-15 12:00:00+05:30,7.674842,309.28937,9.957108,310.60123
2581,2025-10-15 13:00:00+05:30,7.5942082,301.4295,10.134495,303.40784
2582,2025-10-15 14:00:00+05:30,7.729527,297.75842,10.560341,299.62366
2583,2025-10-15 15:00:00+05:30,5.5450516,283.13403,9.734987,289.44012
2584,2025-10-15 16:00:00+05:30,3.536439,255.2564,8.6867485,275.94678
2585,2025-10-15 17:00:00+05:30,4.6730714,254.3577,11.788281,277.01642
2586,2025-10-15 18:00:00+05:30,7.056826,232.25313,15.426537,250.93071
2587,2025-10-15 19:00:00+05:30,7.0107627,240.80261,18.98552,248.29941
2588,2025-10-15 20:00:00+05:30,6.21717,292.1095,16.740967,286.87634
2589,2025-10-15 21:00:00+05:30,7.102591,278.74606,17.04021,301.17126
2590,2025-10-15 22:00:00+05:30,7.1684303,308.8845,17.873556,332.4028
2591,2025-10-15 23:00:00+05:30,7.056826,322.25314,17.508179,345.10648
2592,2025-10-16 00:00:00+05:30,7.3997297,311.05472,17.174677,326.97614
2593,2025-10-16 01:00:00+05:30,5.8603754,312.5104,16.179987,327.72437
2594,2025-10-16 02:00:00+05:30,6.2379804,316.16904,15.941944,334.59232
2595,2025-10-16 03:00:00+05:30,7.5105524,314.02905,17.951334,333.1781
2596,2025-10-16 04:00:00+05:30,7.6367526,315.0001,18.532135,330.9455
2597,2025-10-16 05:00:00+05:30,7.256032,313.995,18.431332,328.17258
2598,2025-10-16 06:00:00+05:30,8.805294,319.1447,17.727943,330.8325
2599,2025-10-16 07:00:00+05:30,7.562142,321.7661,16.348322,331.74207
2600,2025-10-16 08:00:00+05:30,7.729527,332.24155,11.038858,335.94266
2601,2025-10-16 09:00:00+05:30,8.11798,356.186,10.440001,360.0
2602,2025-10-16 10:00:00+05:30,5.4119864,356.186,6.8399997,360.0
2603,2025-10-16 11:00:00+05:30,5.441838,325.78424,6.452441,329.8587
2604,2025-10-16 12:00:00+05:30,6.248359,311.49637,7.382195,315.0001
2605,2025-10-16 13:00:00+05:30,7.3094187,307.99878,8.967541,308.48022
2606,2025-10-16 14:00:00+05:30,5.991594,302.7352,7.748368,300.7354
2607,2025-10-16 15:00:00+05:30,2.8001428,315.0001,3.8939953,303.6901
2608,2025-10-16 16:00:00+05:30,3.0547013,44.999897,3.396233,32.005356
2609,2025-10-16 17:00:00+05:30,0.6489992,236.3099,3.5455887,293.9625
2610,2025-10-16 18:00:00+05:30,0.17999999,180.0,0.76367533,44.999897
2611,2025-10-16 19:00:00+05:30,1.835647,191.30989,3.244996,183.17976
2612,2025-10-16 20:00:00+05:30,5.509882,231.63248,10.310402,224.29277
2613,2025-10-16 21:00:00+05:30,4.599695,239.42085,9.83268,246.25049
2614,2025-10-16 22:00:00+05:30,4.613762,249.44388,9.9571085,257.4712
2615,2025-10-16 23:00:00+05:30,4.2021422,260.13425,10.070353,245.72557
2616,2025-10-17 00:00:00+05:30,5.1197267,280.1246,10.837435,274.76355
2617,2025-10-17 01:00:00+05:30,4.991553,295.64096,11.583108,315.62952
2618,2025-10-17 02:00:00+05:30,6.156947,322.12497,15.710607,341.98013
2619,2025-10-17 03:00:00+05:30,6.320538,340.0168,17.726116,350.05948
2620,2025-10-17 04:00:00+05:30,6.1226463,335.69547,16.895088,345.81567
2621,2025-10-17 05:00:00+05:30,6.6405115,327.17145,16.6896,343.715
2622,2025-10-17 06:00:00+05:30,6.889557,326.7251,14.494192,345.61856
2623,2025-10-17 07:00:00+05:30,4.510787,331.38962,12.093534,355.73218
2624,2025-10-17 08:00:00+05:30,5.2478566,354.09393,7.7400002,360.0
2625,2025-10-17 09:00:00+05:30,5.4149795,15.42223,7.120815,20.72564
2626,2025-10-17 10:00:00+05:30,1.2727921,8.130019,1.8532133,29.054508
2627,2025-10-17 11:00:00+05:30,2.8856194,273.57626,3.0811036,276.70975
2628,2025-10-17 12:00:00+05:30,5.2694216,262.1468,5.9644947,264.80566
2629,2025-10-17 13:00:00+05:30,6.924738,261.02747,8.350138,262.5687
2630,2025-10-17 14:00:00+05:30,6.7205353,262.30405,8.311245,265.03033
2631,2025-10-17 15:00:00+05:30,5.020677,255.4655,7.6642804,260.53775
2632,2025-10-17 16:00:00+05:30,3.3043609,240.64233,7.5170207,253.30067
2633,2025-10-17 17:00:00+05:30,5.195113,255.96373,11.345713,268.18173
2634,2025-10-17 18:00:00+05:30,3.644722,249.77505,9.044888,264.2895
2635,2025-10-17 19:00:00+05:30,3.096837,215.53777,7.42159,230.90614
2636,2025-10-17 20:00:00+05:30,4.4456716,211.75943,9.761578,202.78244
2637,2025-10-17 21:00:00+05:30,5.257109,231.95291,11.638917,211.72356
2638,2025-10-17 22:00:00+05:30,6.0908127,251.0295,14.917212,250.25307
2639,2025-10-17 23:00:00+05:30,5.7852573,264.64426,13.917154,264.80566
2640,2025-10-18 00:00:00+05:30,5.637765,286.6993,13.100489,282.6996
2641,2025-10-18 01:00:00+05:30,5.12289,288.43503,12.43434,292.1095
2642,2025-10-18 02:00:00+05:30,6.050785,292.751,14.480773,304.8754
2643,2025-10-18 03:00:00+05:30,5.5596404,299.0545,15.30741,318.81415
2644,2025-10-18 04:00:00+05:30,5.7628117,321.34018,15.865546,335.17947
2645,2025-10-18 05:00:00+05:30,5.5596404,330.9455,13.775586,353.24652
2646,2025-10-18 06:00:00+05:30,7.1661706,348.40787,13.954354,6.6665697
2647,2025-10-18 07:00:00+05:30,5.4119864,356.186,15.717823,13.240531
2648,2025-10-18 08:00:00+05:30,5.720489,12.7243595,8.538149,18.435053
2649,2025-10-18 09:00:00+05:30,5.7402787,41.185825,7.6367526,44.999897
2650,2025-10-18 10:00:00+05:30,3.2599385,83.659904,4.353619,82.875084
2651,2025-10-18 11:00:00+05:30,2.9301877,169.3804,3.381893,154.7989
2652,2025-10-18 12:00:00+05:30,4.724786,197.74477,5.506941,191.30989
2653,2025-10-18 13:00:00+05:30,6.945761,211.21834,8.37532,208.21725
2654,2025-10-18 14:00:00+05:30,1.7076298,251.56496,2.5959969,236.3099
2655,2025-10-18 15:00:00+05:30,1.8,216.86998,2.5582807,219.28938
2656,2025-10-18 16:00:00+05:30,2.0523157,195.25517,4.7928696,214.28693
2657,2025-10-18 17:00:00+05:30,0.56920993,108.43504,2.226477,194.03627
2658,2025-10-18 18:00:00+05:30,0.9,90.0,2.1674871,175.23645
2659,2025-10-18 19:00:00+05:30,0.8049845,63.435013,2.3469129,122.471176
2660,2025-10-18 20:00:00+05:30,0.35999998,270.0,2.0124612,190.3048
2661,2025-10-18 21:00:00+05:30,1.4399999,270.0,2.6758924,227.72638
2662,2025-10-18 22:00:00+05:30,1.8,216.86998,4.0249224,190.3048
2663,2025-10-18 23:00:00+05:30,2.36753,171.25392,4.73506,188.74608
2664,2025-10-19 00:00:00+05:30,2.907989,158.19853,5.6262593,172.64772
2665,2025-10-19 01:00:00+05:30,0.56920993,288.43503,3.7799997,180.0
2666,2025-10-19 02:00:00+05:30,3.01735,342.64587,2.226477,14.036275
2667,2025-10-19 03:00:00+05:30,3.9518096,329.9315,4.896529,342.8972
2668,2025-10-19 04:00:00+05:30,4.942631,349.50858,9.3876505,355.60138
2669,2025-10-19 05:00:00+05:30,3.143565,336.3706,8.28,360.0
2670,2025-10-19 06:00:00+05:30,5.04,360.0,10.096059,11.3098955
2671,2025-10-19 07:00:00+05:30,4.514377,4.5738406,12.049249,13.828678
2672,2025-10-19 08:00:00+05:30,5.5216303,19.025702,7.8583965,20.095322
2673,2025-10-19 09:00:00+05:30,6.015878,38.92756,7.9077177,41.30852
2674,2025-10-19 10:00:00+05:30,4.846648,21.801476,6.279395,27.29949
2675,2025-10-19 11:00:00+05:30,4.5891175,348.6901,5.4119864,356.186
2676,2025-10-19 12:00:00+05:30,4.942631,326.88864,5.7176566,331.8215
2677,2025-10-19 13:00:00+05:30,6.12,331.9276,7.327127,332.176
2678,2025-10-19 14:00:00+05:30,3.9763298,275.19434,5.020677,284.5345
2679,2025-10-19 15:00:00+05:30,1.2727921,81.86999,1.4512063,60.255207
2680,2025-10-19 16:00:00+05:30,0.9178235,78.6901,2.9522195,52.431335
2681,2025-10-19 17:00:00+05:30,0.25455844,224.9999,1.659518,319.39877
2682,2025-10-19 18:00:00+05:30,0.40249225,243.43501,3.3481934,306.25394
2683,2025-10-19 19:00:00+05:30,1.7727944,293.9625,5.854844,315.0001
2684,2025-10-19 20:00:00+05:30,1.5273507,315.0001,6.361415,334.8852
2685,2025-10-19 21:00:00+05:30,1.5273507,44.999897,5.8852015,23.428713
2686,2025-10-19 22:00:00+05:30,2.7238941,7.59456,7.3469996,30.963696
2687,2025-10-19 23:00:00+05:30,4.8733153,4.23632,10.742848,31.29298
2688,2025-10-20 00:00:00+05:30,4.73506,8.746089,11.525623,38.65983
2689,2025-10-20 01:00:00+05:30,4.7110505,6.581848,12.204212,37.208004
2690,2025-10-20 02:00:00+05:30,5.4119864,3.8140097,13.281023,32.82854
2691,2025-10-20 03:00:00+05:30,6.725354,15.524177,16.546299,30.749897
2692,2025-10-20 04:00:00+05:30,5.5829024,20.772345,16.03213,28.867073
2693,2025-10-20 05:00:00+05:30,5.8298883,8.8805895,16.104721,25.132927
2694,2025-10-20 06:00:00+05:30,7.771331,13.392516,15.779543,25.688099
2695,2025-10-20 07:00:00+05:30,6.0347,17.354122,15.455911,26.266575
2696,2025-10-20 08:00:00+05:30,8.155807,22.036283,11.276967,24.51963
2697,2025-10-20 09:00:00+05:30,10.495713,22.166399,14.092977,24.92846
2698,2025-10-20 10:00:00+05:30,10.209348,9.13011,13.31635,13.284886
2699,2025-10-20 11:00:00+05:30,10.1376915,353.88458,12.791403,357.58054
2700,2025-10-20 12:00:00+05:30,10.137692,343.49554,12.886039,347.90527
2701,2025-10-20 13:00:00+05:30,10.662626,338.19852,13.88919,341.09534
2702,2025-10-20 14:00:00+05:30,9.179999,331.9276,12.904882,337.01126
2703,2025-10-20 15:00:00+05:30,7.9932966,324.16226,13.926464,333.10382
2704,2025-10-20 16:00:00+05:30,8.0599,330.57263,18.297245,344.59653
2705,2025-10-20 17:00:00+05:30,7.040739,355.60138,17.468348,358.22855
2706,2025-10-20 18:00:00+05:30,4.68,360.0,12.287555,5.0423646
2707,2025-10-20 19:00:00+05:30,0.8049845,26.564985,5.692099,34.69522
2708,2025-10-20 20:00:00+05:30,0.40249225,243.43501,2.0523157,52.124958
2709,2025-10-20 21:00:00+05:30,2.7943513,255.06853,2.5455842,261.87
2710,2025-10-20 22:00:00+05:30,2.97953,295.01685,5.2323985,310.81497
2711,2025-10-20 23:00:00+05:30,3.3092597,337.6198,5.0911684,351.87
2712,2025-10-21 00:00:00+05:30,6.2999997,360.0,12.015589,8.615564
2713,2025-10-21 01:00:00+05:30,5.2200003,360.0,13.6242285,15.321567
2714,2025-10-21 02:00:00+05:30,4.942631,349.50858,13.4903965,18.676802
2715,2025-10-21 03:00:00+05:30,5.2416787,344.05453,13.4903965,18.676802
2716,2025-10-21 04:00:00+05:30,5.8298883,351.11942,15.639297,11.956565
2717,2025-10-21 05:00:00+05:30,5.9427266,1.7356651,16.63126,9.971998
2718,2025-10-21 06:00:00+05:30,7.7420926,17.592522,16.917128,20.556128
2719,2025-10-21 07:00:00+05:30,5.7628117,14.470333,14.512064,23.385246
2720,2025-10-21 08:00:00+05:30,7.8149853,14.676441,10.759423,17.525654
2721,2025-10-21 09:00:00+05:30,10.948973,9.462261,14.545515,12.144272
2722,2025-10-21 10:00:00+05:30,11.881363,359.13196,15.496736,2.6629453
2723,2025-10-21 11:00:00+05:30,13.701299,350.1665,17.794527,352.44376
2724,2025-10-21 12:00:00+05:30,13.169555,349.76526,17.489666,351.11942
2725,2025-10-21 13:00:00+05:30,11.866355,350.39487,16.245934,350.43338
2726,2025-10-21 14:00:00+05:30,10.495713,354.09393,14.669724,353.6599
2727,2025-10-21 15:00:00+05:30,7.2022495,1.4320632,12.781267,0.80690974
2728,2025-10-21 16:00:00+05:30,4.514377,23.498587,11.298495,22.47948
2729,2025-10-21 17:00:00+05:30,4.293669,56.976128,11.1090765,49.60018
2730,2025-10-21 18:00:00+05:30,5.0911684,81.86999,12.093535,75.34321
2731,2025-10-21 19:00:00+05:30,6.1858225,98.3658,14.260953,85.656845
2732,2025-10-21 20:00:00+05:30,0.742159,345.9637,6.603817,72.55273
2733,2025-10-21 21:00:00+05:30,3.62243,296.56497,4.5,343.73972
2734,2025-10-21 22:00:00+05:30,3.6447225,302.90524,5.937272,345.9637
2735,2025-10-21 23:00:00+05:30,3.494968,304.50858,6.778141,349.28693
2736,2025-10-22 00:00:00+05:30,3.381893,295.20108,7.3447943,342.8972
2737,2025-10-22 01:00:00+05:30,4.5,270.0,6.945761,301.21835
2738,2025-10-22 02:00:00+05:30,5.5450516,324.24603,11.466438,317.54483
2739,2025-10-22 03:00:00+05:30,6.452441,329.8587,15.617529,334.02567
2740,2025-10-22 04:00:00+05:30,5.315336,331.69934,14.230248,341.56494
2741,2025-10-22 05:00:00+05:30,4.4274144,333.43503,11.881363,0.8680399
2742,2025-10-22 06:00:00+05:30,6.130579,356.6336,11.832176,13.190616
2743,2025-10-22 07:00:00+05:30,4.143911,357.5105,11.132385,14.036275
2744,2025-10-22 08:00:00+05:30,4.5,360.0,6.87779,6.0089183
2745,2025-10-22 09:00:00+05:30,7.029225,2.93562,9.243311,6.70975
2746,2025-10-22 10:00:00+05:30,9.422101,353.41815,12.0720825,357.43628
2747,2025-10-22 11:00:00+05:30,11.448055,343.55954,14.759999,347.3196
2748,2025-10-22 12:00:00+05:30,12.303366,339.44388,16.053335,342.3776
2749,2025-10-22 13:00:00+05:30,11.7,337.3801,15.486278,340.30127
2750,2025-10-22 14:00:00+05:30,10.950452,334.69864,15.410776,337.3286
2751,2025-10-22 15:00:00+05:30,10.597094,339.10217,17.76081,342.29947
2752,2025-10-22 16:00:00+05:30,8.596766,340.4268,20.301735,349.78607
2753,2025-10-22 17:00:00+05:30,8.821836,1.1691146,21.60075,0.47744873
2754,2025-10-22 18:00:00+05:30,5.9617786,28.886486,15.299999,28.072395
2755,2025-10-22 19:00:00+05:30,2.226477,75.96373,9.860649,68.58697
2756,2025-10-22 20:00:00+05:30,0.9,180.0,6.384293,111.501495
2757,2025-10-22 21:00:00+05:30,0.25455844,315.0001,2.9301877,132.5104
2758,2025-10-22 22:00:00+05:30,2.8116899,309.8055,1.6981165,327.99466
2759,2025-10-22 23:00:00+05:30,3.6447225,302.90524,3.1845248,317.29062
2760,2025-10-23 00:00:00+05:30,4.7521367,294.62354,6.1094027,315.0001
2761,2025-10-23 01:00:00+05:30,3.9966483,305.83774,6.7565966,318.23978
2762,2025-10-23 02:00:00+05:30,5.1481256,323.53067,10.094454,328.86108
2763,2025-10-23 03:00:00+05:30,4.724786,319.63553,10.897063,337.6713
2764,2025-10-23 04:00:00+05:30,4.39436,325.0079,9.605998,347.00537
2765,2025-10-23 05:00:00+05:30,4.452954,345.9637,10.070353,24.27444
2766,2025-10-23 06:00:00+05:30,6.279395,332.7005,9.904906,19.093594
2767,2025-10-23 07:00:00+05:30,3.7842832,334.65387,8.43699,11.07017
2768,2025-10-23 08:00:00+05:30,2.7059932,356.186,4.353619,7.12493
2769,2025-10-23 09:00:00+05:30,2.0991426,30.963696,2.9522195,37.568665
2770,2025-10-23 10:00:00+05:30,1.8,306.86996,1.9469976,326.3099
2771,2025-10-23 11:00:00+05:30,7.8149853,298.92633,9.139322,302.12497
2772,2025-10-23 12:00:00+05:30,12.659004,299.84583,15.990646,301.1849
2773,2025-10-23 13:00:00+05:30,13.577776,308.5412,18.834743,308.4033
2774,2025-10-23 14:00:00+05:30,8.049845,333.43503,11.886816,327.99466
2775,2025-10-23 15:00:00+05:30,4.669604,27.552727,8.209263,15.255177
2776,2025-10-23 16:00:00+05:30,3.671294,78.6901,7.1684303,61.504463
2777,2025-10-23 17:00:00+05:30,2.657668,241.69934,6.5024605,265.23645
2778,2025-10-23 18:00:00+05:30,2.6999998,216.86998,4.669604,242.44727
2779,2025-10-23 19:00:00+05:30,3.8856654,193.39252,7.0038276,205.90645
2780,2025-10-23 20:00:00+05:30,1.08,180.0,6.452441,202.98874
2781,2025-10-23 21:00:00+05:30,0.742159,14.036275,2.1749482,204.44394
2782,2025-10-23 22:00:00+05:30,2.1749482,335.55606,2.1674871,318.36655
2783,2025-10-23 23:00:00+05:30,3.219938,333.43503,4.5322843,6.842679
2784,2025-10-24 00:00:00+05:30,3.7842832,2.7262611,6.2613096,18.435053
2785,2025-10-24 01:00:00+05:30,4.896529,17.102825,8.149847,30.529623
2786,2025-10-24 02:00:00+05:30,5.5829024,20.772345,11.592894,36.158287
2787,2025-10-24 03:00:00+05:30,3.5864744,17.52567,11.709688,44.999897
2788,2025-10-24 04:00:00+05:30,2.1674871,311.63345,7.289445,32.905247
2789,2025-10-24 05:00:00+05:30,2.9522195,322.43134,8.797931,30.762655
2790,2025-10-24 06:00:00+05:30,3.9477081,316.8476,7.2403865,34.8754
2791,2025-10-24 07:00:00+05:30,2.4216523,318.01288,5.318383,23.962492
2792,2025-10-24 08:00:00+05:30,1.8792552,343.3007,2.52,360.0
2793,2025-10-24 09:00:00+05:30,1.8792552,343.3007,2.34,360.0
2794,2025-10-24 10:00:00+05:30,3.9966483,305.83774,4.5891175,311.82007
2795,2025-10-24 11:00:00+05:30,5.9834766,291.16132,6.8541956,293.1986
2796,2025-10-24 12:00:00+05:30,8.649369,282.01144,10.3480425,283.0693
2797,2025-10-24 13:00:00+05:30,9.5196,285.3502,12.313893,285.25516
2798,2025-10-24 14:00:00+05:30,6.198903,295.82092,8.297589,294.34106
2799,2025-10-24 15:00:00+05:30,2.19718,325.0079,3.3481934,306.25394
2800,2025-10-24 16:00:00+05:30,1.0182338,135.0001,0.9,143.13002
2801,2025-10-24 17:00:00+05:30,5.0688457,186.1154,9.997699,203.33406
2802,2025-10-24 18:00:00+05:30,5.0816135,202.93213,11.052058,210.32352
2803,2025-10-24 19:00:00+05:30,5.692099,214.69522,13.281023,212.82854
2804,2025-10-24 20:00:00+05:30,5.6492476,210.65059,12.801531,207.64589
2805,2025-10-24 21:00:00+05:30,4.0449963,200.85454,9.984729,207.95087
2806,2025-10-24 22:00:00+05:30,2.5071096,248.96242,8.297589,220.60121
2807,2025-10-24 23:00:00+05:30,2.1674871,311.63345,5.9617786,241.11351
2808,2025-10-25 00:00:00+05:30,1.5484185,305.53775,4.186693,244.5367
2809,2025-10-25 01:00:00+05:30,4.175069,277.4313,7.69592,259.21576
2810,2025-10-25 02:00:00+05:30,4.278551,284.6209,8.82,270.0
2811,2025-10-25 03:00:00+05:30,2.8856194,266.42374,7.0568266,264.14407
2812,2025-10-25 04:00:00+05:30,3.644722,249.77505,7.1208143,253.85559
2813,2025-10-25 05:00:00+05:30,3.189608,253.61038,7.256032,246.61476
2814,2025-10-25 06:00:00+05:30,4.846648,328.67136,4.8466477,285.06854
2815,2025-10-25 07:00:00+05:30,2.5455842,351.87,4.5820518,315.0001
2816,2025-10-25 08:00:00+05:30,2.2553935,331.38962,3.06,331.9276
2817,2025-10-25 09:00:00+05:30,2.9301877,317.4896,3.6,323.13
2818,2025-10-25 10:00:00+05:30,3.9477081,316.8476,4.7928696,325.71307
2819,2025-10-25 11:00:00+05:30,6.6818557,332.74475,7.9220443,338.682
2820,2025-10-25 12:00:00+05:30,7.42159,320.90613,8.836514,326.6336
2821,2025-10-25 13:00:00+05:30,8.790563,312.5104,10.694485,316.36386
2822,2025-10-25 14:00:00+05:30,9.292255,301.53473,11.738705,305.6399
2823,2025-10-25 15:00:00+05:30,8.905908,284.03625,13.272482,290.64706
2824,2025-10-25 16:00:00+05:30,8.049845,259.69522,14.713831,277.73352
2825,2025-10-25 17:00:00+05:30,5.00128,300.25635,12.136325,324.65982
2826,2025-10-25 18:00:00+05:30,5.315336,331.69934,13.910169,349.5626
2827,2025-10-25 19:00:00+05:30,3.7842832,2.7262611,11.368535,23.317738
2828,2025-10-25 20:00:00+05:30,2.2910259,44.999897,7.823272,66.97448
2829,2025-10-25 21:00:00+05:30,1.659518,49.398785,5.720489,102.72436
2830,2025-10-25 22:00:00+05:30,0.6489992,56.309914,4.510787,151.38963
2831,2025-10-25 23:00:00+05:30,1.6299692,276.3401,5.402999,209.98155
2832,2025-10-26 00:00:00+05:30,2.8460495,304.69522,5.7628117,255.52966
2833,2025-10-26 01:00:00+05:30,1.9386592,338.19852,3.4199998,270.0
2834,2025-10-26 02:00:00+05:30,2.7416782,336.8014,3.4576871,308.65982
2835,2025-10-26 03:00:00+05:30,0.9,306.86996,1.8532133,330.9455
2836,2025-10-26 04:00:00+05:30,0.5091169,315.0001,2.7534704,348.6901
2837,2025-10-26 05:00:00+05:30,0.17999999,90.0,2.7534704,11.3098955
2838,2025-10-26 06:00:00+05:30,1.1384199,288.43503,3.0758414,20.556128
2839,2025-10-26 07:00:00+05:30,2.7475805,301.60745,3.319036,347.4712
2840,2025-10-26 08:00:00+05:30,3.01735,342.64587,3.8183763,351.87
2841,2025-10-26 09:00:00+05:30,5.232399,356.0549,6.6624317,358.45187
2842,2025-10-26 10:00:00+05:30,7.613382,6.7888846,9.499157,9.819235
2843,2025-10-26 11:00:00+05:30,7.3799996,347.3196,9.087772,352.0305
2844,2025-10-26 12:00:00+05:30,7.0911775,336.0375,8.596766,340.4268
2845,2025-10-26 13:00:00+05:30,5.3517847,317.72638,6.2405767,326.76828
2846,2025-10-26 14:00:00+05:30,7.10031,300.46545,8.39078,305.39487
2847,2025-10-26 15:00:00+05:30,7.3094187,307.99878,11.334285,313.06943
2848,2025-10-26 16:00:00+05:30,4.5,343.73972,11.090103,346.86597
2849,2025-10-26 17:00:00+05:30,4.1125174,113.198616,8.656858,93.57626
2850,2025-10-26 18:00:00+05:30,3.244996,109.440125,7.689603,122.57404
2851,2025-10-26 19:00:00+05:30,3.8773184,111.801476,9.109138,119.604355
2852,2025-10-26 20:00:00+05:30,4.952453,160.90642,10.383987,123.690094
2853,2025-10-26 21:00:00+05:30,9.54679,177.83897,18.709612,168.90631
2854,2025-10-26 22:00:00+05:30,7.415038,185.5721,17.5931,187.05222
2855,2025-10-26 23:00:00+05:30,6.698806,210.69965,15.941944,205.40767
2856,2025-10-27 00:00:00+05:30,4.5,233.13002,12.346741,224.40942
2857,2025-10-27 01:00:00+05:30,3.84796,259.21576,10.315115,240.75127
2858,2025-10-27 02:00:00+05:30,3.9640884,309.47244,8.790563,280.6196
2859,2025-10-27 03:00:00+05:30,3.62243,333.43503,7.9383874,302.96942
2860,2025-10-27 04:00:00+05:30,5.7852573,354.64426,11.995349,334.204
2861,2025-10-27 05:00:00+05:30,4.3349743,355.23645,10.914888,346.65125
2862,2025-10-27 06:00:00+05:30,4.86,360.0,8.581677,9.659832
2863,2025-10-27 07:00:00+05:30,2.36753,8.746089,7.327127,27.824009
2864,2025-10-27 08:00:00+05:30,3.06,360.0,4.379589,9.462248
2865,2025-10-27 09:00:00+05:30,3.2846913,9.462261,4.1556225,17.650223
2866,2025-10-27 10:00:00+05:30,3.8773184,68.19853,5.2478566,67.83361
2867,2025-10-27 11:00:00+05:30,5.950899,86.531845,7.613382,83.21112
2868,2025-10-27 12:00:00+05:30,4.7657523,79.11452,6.4624763,77.125
2869,2025-10-27 13:00:00+05:30,6.037383,79.69521,7.9077177,78.178535
2870,2025-10-27 14:00:00+05:30,5.04,90.0,6.8612823,85.4861
2871,2025-10-27 15:00:00+05:30,3.396233,57.99466,5.2478566,59.03632
2872,2025-10-27 16:00:00+05:30,4.514377,336.5014,10.564942,351.1797
2873,2025-10-27 17:00:00+05:30,8.669949,355.23645,18.610641,4.993665
2874,2025-10-27 18:00:00+05:30,5.154415,24.775122,14.654254,27.824009
2875,2025-10-27 19:00:00+05:30,5.5216303,19.025702,13.83192,34.93101
2876,2025-10-27 20:00:00+05:30,5.4149795,15.42223,13.397612,30.699654
2877,2025-10-27 21:00:00+05:30,4.8466477,15.068549,12.5807,33.91748
2878,2025-10-27 22:00:00+05:30,5.5829024,1.8475709,13.447095,27.937061
2879,2025-10-27 23:00:00+05:30,6.9550843,10.437421,16.74387,26.840433
2880,2025-10-28 00:00:00+05:30,6.361415,25.114815,16.825909,34.54016
2881,2025-10-28 01:00:00+05:30,7.256032,29.744795,17.682194,38.38658
2882,2025-10-28 02:00:00+05:30,7.6579366,29.577742,18.553974,39.09386
2883,2025-10-28 03:00:00+05:30,6.696387,36.253937,17.183167,44.57565
2884,2025-10-28 04:00:00+05:30,6.1305785,40.236294,16.204998,49.053658
2885,2025-10-28 05:00:00+05:30,6.299999,53.13002,16.12583,56.842064
2886,2025-10-28 06:00:00+05:30,8.0599,60.572647,16.42247,63.996716
2887,2025-10-28 07:00:00+05:30,5.7515564,69.86362,8.936777,71.20003
2888,2025-10-28 08:00:00+05:30,5.7515564,69.86362,7.7983837,71.14675
2889,2025-10-28 09:00:00+05:30,6.5024605,85.23644,8.669949,85.23644
2890,2025-10-28 10:00:00+05:30,5.4744864,80.53775,7.1321807,79.824554
2891,2025-10-28 11:00:00+05:30,2.3051248,128.65984,2.9024127,119.74479
2892,2025-10-28 12:00:00+05:30,2.36753,98.74608,3.0811036,96.70974
2893,2025-10-28 13:00:00+05:30,4.5322843,353.15732,5.2200003,360.0
2894,2025-10-28 14:00:00+05:30,9.54679,2.1610355,12.0720825,2.5637162
2895,2025-10-28 15:00:00+05:30,12.429127,10.007925,17.47484,11.888645
2896,2025-10-28 16:00:00+05:30,7.458606,8.325568,15.881875,17.818983
2897,2025-10-28 17:00:00+05:30,3.0652893,130.23628,8.067936,128.65984
2898,2025-10-28 18:00:00+05:30,3.964089,182.60251,10.24578,161.56496
2899,2025-10-28 19:00:00+05:30,4.669604,207.55272,10.132897,192.308
2900,2025-10-28 20:00:00+05:30,7.388775,235.92276,14.275713,228.06656
2901,2025-10-28 21:00:00+05:30,5.3305535,258.31067,11.119281,240.94548
2902,2025-10-28 22:00:00+05:30,3.8647635,297.75842,7.2,270.0
2903,2025-10-28 23:00:00+05:30,3.84796,349.21573,3.7842832,334.65387
2904,2025-10-29 00:00:00+05:30,4.278551,14.620926,7.0843205,27.216026
2905,2025-10-29 01:00:00+05:30,4.5536795,18.435053,9.688281,35.166515
2906,2025-10-29 02:00:00+05:30,4.327493,16.927603,10.897063,30.801384
2907,2025-10-29 03:00:00+05:30,4.942631,33.111355,11.753876,40.030197
2908,2025-10-29 04:00:00+05:30,4.080882,48.57643,11.183201,56.82148
2909,2025-10-29 05:00:00+05:30,8.209263,52.124958,16.22498,56.3099
2910,2025-10-29 06:00:00+05:30,9.1958685,49.76372,15.779543,57.57896
2911,2025-10-29 07:00:00+05:30,7.344794,53.972538,13.281023,57.17146
2912,2025-10-29 08:00:00+05:30,7.9465466,103.0919,10.742848,98.673096
2913,2025-10-29 09:00:00+05:30,10.883676,124.21575,13.985663,121.849014
2914,2025-10-29 10:00:00+05:30,10.957846,137.66306,14.133152,136.54811
2915,2025-10-29 11:00:00+05:30,8.92408,131.72942,11.132385,129.09386
2916,2025-10-29 12:00:00+05:30,14.082628,144.88791,17.460928,142.53937
2917,2025-10-29 13:00:00+05:30,6.489992,93.17977,8.936778,99.27253
2918,2025-10-29 14:00:00+05:30,4.198285,149.03632,5.5596404,150.9455
2919,2025-10-29 15:00:00+05:30,7.9036193,149.9315,10.404249,149.88635
2920,2025-10-29 16:00:00+05:30,8.29173,152.87878,12.081473,151.5259
2921,2025-10-29 17:00:00+05:30,4.5322843,96.84268,11.592895,115.76928
2922,2025-10-29 18:00:00+05:30,10.086427,92.045364,18.11215,100.30479
2923,2025-10-29 19:00:00+05:30,7.689603,69.44387,16.663374,79.41842
2924,2025-10-29 20:00:00+05:30,7.8954163,65.77226,16.986889,74.63833
2925,2025-10-29 21:00:00+05:30,13.358861,75.96373,24.07563,78.35406
2926,2025-10-29 22:00:00+05:30,9.796366,110.432915,17.555305,105.46127
2927,2025-10-29 23:00:00+05:30,9.178235,78.6901,17.512806,77.53508
2928,2025-10-30 00:00:00+05:30,10.209348,80.8699,19.091883,81.86999
2929,2025-10-30 01:00:00+05:30,9.867218,75.2032,18.820976,80.08732
2930,2025-10-30 02:00:00+05:30,9.208192,85.51548,19.083395,88.919106
2931,2025-10-30 03:00:00+05:30,4.752136,52.695976,12.320471,64.93257
2932,2025-10-30 04:00:00+05:30,8.461915,66.161255,15.086748,72.64589
2933,2025-10-30 05:00:00+05:30,9.007196,87.70944,18.03237,86.56644
2934,2025-10-30 06:00:00+05:30,11.578912,78.340744,19.915842,80.11208
2935,2025-10-30 07:00:00+05:30,15.359179,79.87539,23.525661,80.75396
2936,2025-10-30 08:00:00+05:30,16.93531,87.56341,23.950825,88.27738
2937,2025-10-30 09:00:00+05:30,13.672893,110.82097,19.023878,110.492676
2938,2025-10-30 10:00:00+05:30,11.594292,117.75845,15.216123,117.47435
2939,2025-10-30 11:00:00+05:30,10.094454,93.06642,13.151091,92.35325
2940,2025-10-30 12:00:00+05:30,7.247096,104.38144,9.391102,102.17145
2941,2025-10-30 13:00:00+05:30,8.089993,110.854546,10.304115,109.38461
2942,2025-10-30 14:00:00+05:30,8.654986,106.9276,11.351422,104.697365
2943,2025-10-30 15:00:00+05:30,12.431734,177.5105,19.164719,174.61078
2944,2025-10-30 16:00:00+05:30,2.6999998,90.0,7.7043357,127.40543
2945,2025-10-30 17:00:00+05:30,5.5916004,93.691315,9.734988,86.82024
2946,2025-10-30 18:00:00+05:30,8.338489,57.3391,17.515581,67.65185
2947,2025-10-30 19:00:00+05:30,9.354806,59.981724,18.222721,66.72707
2948,2025-10-30 20:00:00+05:30,9.568824,73.61038,18.958197,77.94326
2949,2025-10-30 21:00:00+05:30,9.181765,88.876724,18.0036,88.85426
2950,2025-10-30 22:00:00+05:30,7.4672885,105.376305,16.198,104.808426
2951,2025-10-30 23:00:00+05:30,7.3094187,99.926186,15.141414,108.00426
