,date,wind_speed_10m,wind_direction_10m,wind_speed_100m,wind_direction_100m
0,2025-06-30 00:00:00+05:30,6.9270773,24.567156,12.642357,28.02442
1,2025-06-30 01:00:00+05:30,7.5942082,31.429514,13.624228,43.39405
2,2025-06-30 02:00:00+05:30,7.628263,19.290138,13.538345,35.803432
3,2025-06-30 03:00:00+05:30,7.6367526,44.999897,14.110209,60.164555
4,2025-06-30 04:00:00+05:30,9.585739,55.713078,17.161469,65.85446
5,2025-06-30 05:00:00+05:30,11.616627,77.4712,18.080818,80.25643
6,2025-06-30 06:00:00+05:30,12.072083,69.943825,17.247156,71.75405
7,2025-06-30 07:00:00+05:30,15.206537,83.88459,21.136784,85.11489
8,2025-06-30 08:00:00+05:30,14.589996,92.12105,19.649702,93.15065
9,2025-06-30 09:00:00+05:30,14.292725,84.217705,18.954777,85.643105
10,2025-06-30 10:00:00+05:30,14.019216,74.3577,18.3794,75.82764
11,2025-06-30 11:00:00+05:30,13.615902,65.8068,17.682194,67.87362
12,2025-06-30 12:00:00+05:30,14.4,90.0,20.699999,90.0
13,2025-06-30 13:00:00+05:30,12.410866,70.51378,16.56489,70.9743
14,2025-06-30 14:00:00+05:30,13.870515,92.23113,18.194254,92.26791
15,2025-06-30 15:00:00+05:30,12.273043,85.79472,17.123669,86.98728
16,2025-06-30 16:00:00+05:30,12.267763,112.42591,17.161469,114.14554
17,2025-06-30 17:00:00+05:30,11.282711,123.94363,16.67795,124.89078
18,2025-06-30 18:00:00+05:30,8.536252,114.94388,16.22498,123.6901
19,2025-06-30 19:00:00+05:30,7.519175,101.0409,15.7908325,114.22774
20,2025-06-30 20:00:00+05:30,11.793777,105.945465,21.697279,112.94897
21,2025-06-30 21:00:00+05:30,9.56713,101.94416,17.423777,109.932625
22,2025-06-30 22:00:00+05:30,8.383054,104.93147,16.38,112.61991
23,2025-06-30 23:00:00+05:30,7.6409945,105.01841,15.299999,115.05759
24,2025-07-01 00:00:00+05:30,8.936777,71.20003,16.036171,92.57331
25,2025-07-01 01:00:00+05:30,9.605998,77.00539,18.014393,92.29056
26,2025-07-01 02:00:00+05:30,11.090103,103.13403,19.18246,108.605064
27,2025-07-01 03:00:00+05:30,12.580699,109.21277,21.201067,113.517975
28,2025-07-01 04:00:00+05:30,16.59225,118.51115,25.11758,117.29949
29,2025-07-01 05:00:00+05:30,15.865546,114.82052,26.250393,115.15927
30,2025-07-01 06:00:00+05:30,15.14783,110.1577,22.430773,112.65527
31,2025-07-01 07:00:00+05:30,16.584438,115.73065,23.265303,117.15971
32,2025-07-01 08:00:00+05:30,16.357237,114.02651,23.67325,115.20109
33,2025-07-01 09:00:00+05:30,19.139341,121.14852,26.120474,122.0472
34,2025-07-01 10:00:00+05:30,18.921415,124.14364,25.466661,124.92574
35,2025-07-01 11:00:00+05:30,17.414474,119.74479,23.153625,120.35255
36,2025-07-01 12:00:00+05:30,19.82453,110.73879,27.643335,111.385796
37,2025-07-01 13:00:00+05:30,18.442753,108.78872,25.620771,109.70808
38,2025-07-01 14:00:00+05:30,15.536408,116.86185,21.347271,118.726036
39,2025-07-01 15:00:00+05:30,13.538345,125.80344,18.183563,125.735565
40,2025-07-01 16:00:00+05:30,10.83893,144.46223,15.779543,147.57895
41,2025-07-01 17:00:00+05:30,12.758432,106.38962,19.656296,110.924576
42,2025-07-01 18:00:00+05:30,10.158444,119.74478,18.686218,125.98689
43,2025-07-01 19:00:00+05:30,10.9859,124.992096,20.665535,127.568665
44,2025-07-01 20:00:00+05:30,9.82114,116.09537,18.971008,123.388535
45,2025-07-01 21:00:00+05:30,9.885262,100.491425,18.818396,111.90324
46,2025-07-01 22:00:00+05:30,10.8029995,100.56097,20.499462,110.02618
47,2025-07-01 23:00:00+05:30,9.044888,95.7105,18.47084,105.25517
48,2025-07-02 00:00:00+05:30,8.905908,104.03627,18.720001,112.61991
49,2025-07-02 01:00:00+05:30,8.085988,106.821495,17.15297,118.1785
50,2025-07-02 02:00:00+05:30,9.178235,101.3099,18.162169,109.692116
51,2025-07-02 03:00:00+05:30,10.636766,113.962494,19.48079,116.32823
52,2025-07-02 04:00:00+05:30,10.144082,117.47435,18.709612,120.01828
53,2025-07-02 05:00:00+05:30,11.391313,121.42951,18.337044,121.349525
54,2025-07-02 06:00:00+05:30,14.206323,112.3407,20.46941,113.86018
55,2025-07-02 07:00:00+05:30,12.904882,112.98875,18.040455,114.775116
56,2025-07-02 08:00:00+05:30,13.661038,108.43504,18.392618,110.031105
57,2025-07-02 09:00:00+05:30,14.759999,102.680374,19.64558,103.781624
58,2025-07-02 10:00:00+05:30,14.2336645,103.15755,18.553974,104.03627
59,2025-07-02 11:00:00+05:30,13.896187,106.55715,18.275984,107.1858
60,2025-07-02 12:00:00+05:30,14.36621,105.25517,18.914566,106.02037
61,2025-07-02 13:00:00+05:30,14.145756,104.743614,19.137648,106.38962
62,2025-07-02 14:00:00+05:30,10.4166975,108.121956,13.210087,109.9165
63,2025-07-02 15:00:00+05:30,10.446206,91.97489,13.681183,90.75384
64,2025-07-02 16:00:00+05:30,8.39078,144.60512,12.37819,139.12769
65,2025-07-02 17:00:00+05:30,7.928177,140.52757,11.500296,140.07967
66,2025-07-02 18:00:00+05:30,7.587806,112.30626,15.509274,111.801476
67,2025-07-02 19:00:00+05:30,6.5049515,104.420815,14.887859,104.70835
68,2025-07-02 20:00:00+05:30,7.989242,112.52061,15.62686,114.49856
69,2025-07-02 21:00:00+05:30,5.4149795,74.57778,11.749741,95.27381
70,2025-07-02 22:00:00+05:30,5.634891,63.435013,10.813492,92.86235
71,2025-07-02 23:00:00+05:30,6.2613096,71.564964,14.113653,95.85592
72,2025-07-03 00:00:00+05:30,6.361415,64.8852,11.098865,81.60716
73,2025-07-03 01:00:00+05:30,10.299397,84.98698,16.923828,91.21885
74,2025-07-03 02:00:00+05:30,10.004178,81.7242,17.83454,92.313675
75,2025-07-03 03:00:00+05:30,11.098865,98.392845,18.947083,104.300316
76,2025-07-03 04:00:00+05:30,10.449306,100.92277,17.604147,106.02594
77,2025-07-03 05:00:00+05:30,10.018743,107.78398,16.521803,113.77236
78,2025-07-03 06:00:00+05:30,10.086427,124.82456,14.082628,125.11209
79,2025-07-03 07:00:00+05:30,11.391313,148.5705,15.496736,149.26459
80,2025-07-03 08:00:00+05:30,10.316686,137.12111,13.633737,137.67549
81,2025-07-03 09:00:00+05:30,10.310402,134.29277,13.3649235,135.5456
82,2025-07-03 10:00:00+05:30,12.081473,146.54666,15.575981,146.3099
83,2025-07-03 11:00:00+05:30,12.362475,137.95085,15.801087,137.77028
84,2025-07-03 12:00:00+05:30,11.45513,135.0001,14.637663,135.49815
85,2025-07-03 13:00:00+05:30,10.158444,119.74478,12.815443,119.445335
86,2025-07-03 14:00:00+05:30,11.634741,145.08052,17.123669,146.14285
87,2025-07-03 15:00:00+05:30,9.299225,137.35333,12.768586,139.574
88,2025-07-03 16:00:00+05:30,11.226575,138.90059,15.053425,138.87863
89,2025-07-03 17:00:00+05:30,11.638917,140.64827,17.00881,140.58263
90,2025-07-03 18:00:00+05:30,6.302571,91.63654,13.499999,106.26028
91,2025-07-03 19:00:00+05:30,5.2323985,116.56499,12.979984,123.6901
92,2025-07-03 20:00:00+05:30,5.4029994,88.09089,12.661564,104.82652
93,2025-07-03 21:00:00+05:30,5.720489,102.72436,13.615902,114.19321
94,2025-07-03 22:00:00+05:30,4.9785542,102.5288,12.71901,116.9276
95,2025-07-03 23:00:00+05:30,5.634891,116.56499,13.433838,125.18078
96,2025-07-04 00:00:00+05:30,2.9024127,119.74479,7.44121,147.84773
97,2025-07-04 01:00:00+05:30,7.8149853,118.92633,12.85205,127.03048
98,2025-07-04 02:00:00+05:30,6.341009,96.519714,9.224011,107.020615
99,2025-07-04 03:00:00+05:30,5.9427266,125.13428,8.536252,137.56381
100,2025-07-04 04:00:00+05:30,3.3481934,126.25393,3.9640884,140.52757
101,2025-07-04 05:00:00+05:30,6.6405115,122.828545,9.252069,127.09292
102,2025-07-04 06:00:00+05:30,6.623413,137.20262,8.53815,145.30478
103,2025-07-04 07:00:00+05:30,1.6299692,96.340096,2.1749482,114.44395
104,2025-07-04 08:00:00+05:30,2.9522195,52.431335,3.6,53.13002
105,2025-07-04 09:00:00+05:30,4.379589,99.46225,5.4744864,99.46225
106,2025-07-04 10:00:00+05:30,5.815978,111.801476,7.186487,112.067955
107,2025-07-04 11:00:00+05:30,3.3092594,135.0001,3.9477081,133.1524
108,2025-07-04 12:00:00+05:30,1.609969,206.56499,1.9386592,201.80147
109,2025-07-04 13:00:00+05:30,1.4512063,187.12492,1.835647,191.30989
110,2025-07-04 14:00:00+05:30,1.0948973,170.53775,1.3708391,203.19862
111,2025-07-04 15:00:00+05:30,9.449572,162.25523,13.1041975,164.05453
112,2025-07-04 16:00:00+05:30,7.731622,192.09474,10.564941,193.79951
113,2025-07-04 17:00:00+05:30,6.206738,196.85847,9.12513,194.85866
114,2025-07-04 18:00:00+05:30,12.304682,185.8773,20.12461,190.3048
115,2025-07-04 19:00:00+05:30,5.6835546,169.04597,13.288341,188.56906
116,2025-07-04 20:00:00+05:30,3.9640884,140.52757,10.272623,168.887
117,2025-07-04 21:00:00+05:30,6.502461,138.36655,14.248452,153.75871
118,2025-07-04 22:00:00+05:30,6.193674,125.537766,13.902015,138.6746
119,2025-07-04 23:00:00+05:30,7.9932966,144.16226,15.561414,150.173
120,2025-07-05 00:00:00+05:30,8.827344,140.79282,16.144905,149.14587
121,2025-07-05 01:00:00+05:30,9.102021,155.4623,16.73516,161.1752
122,2025-07-05 02:00:00+05:30,7.2,143.13002,13.472372,157.20345
123,2025-07-05 03:00:00+05:30,8.3520775,142.88306,15.376045,152.8351
124,2025-07-05 04:00:00+05:30,9.165871,160.49747,16.676977,166.26372
125,2025-07-05 05:00:00+05:30,10.209348,170.8699,17.46,180.0
126,2025-07-05 06:00:00+05:30,10.404249,142.73352,15.156384,142.72174
127,2025-07-05 07:00:00+05:30,11.808878,142.43134,15.444377,143.53067
128,2025-07-05 08:00:00+05:30,10.404249,142.73352,13.684735,144.63745
129,2025-07-05 09:00:00+05:30,11.052058,142.94339,14.186923,144.29323
130,2025-07-05 10:00:00+05:30,9.801326,134.25603,12.7279215,135.0001
131,2025-07-05 11:00:00+05:30,9.422101,133.45189,12.097553,133.19128
132,2025-07-05 12:00:00+05:30,8.281956,132.3574,10.310402,134.29277
133,2025-07-05 13:00:00+05:30,8.61371,116.02953,10.464797,116.56499
134,2025-07-05 14:00:00+05:30,6.384293,130.426,8.43699,123.690094
135,2025-07-05 15:00:00+05:30,4.143911,177.5105,5.6060677,174.47255
136,2025-07-05 16:00:00+05:30,15.236338,141.23447,22.608458,142.76509
137,2025-07-05 17:00:00+05:30,5.154415,114.775116,8.242743,121.60746
138,2025-07-05 18:00:00+05:30,4.2021422,189.86574,7.928178,177.39749
139,2025-07-05 19:00:00+05:30,1.6299692,353.6599,2.1674871,48.366554
140,2025-07-05 20:00:00+05:30,4.978554,130.60121,10.601679,139.82083
141,2025-07-05 21:00:00+05:30,5.2478566,59.03632,10.272623,78.88701
142,2025-07-05 22:00:00+05:30,5.2416787,74.054535,12.2519045,79.845795
143,2025-07-05 23:00:00+05:30,5.7431,57.804302,12.487641,74.962135
144,2025-07-06 00:00:00+05:30,6.601363,101.003494,13.499999,106.26028
145,2025-07-06 01:00:00+05:30,5.637765,73.300674,10.98,90.0
146,2025-07-06 02:00:00+05:30,5.154415,65.22488,11.052058,83.453804
147,2025-07-06 03:00:00+05:30,7.3821945,88.60285,15.027575,96.18852
148,2025-07-06 04:00:00+05:30,8.827344,92.33726,17.284687,98.38316
149,2025-07-06 05:00:00+05:30,10.484902,101.88863,18.947083,104.300316
150,2025-07-06 06:00:00+05:30,12.284916,79.019394,16.189995,81.68981
151,2025-07-06 07:00:00+05:30,13.690654,87.73955,19.627428,88.423485
152,2025-07-06 08:00:00+05:30,13.797913,105.12406,19.137648,106.38962
153,2025-07-06 09:00:00+05:30,13.207634,107.44727,17.589418,107.87879
154,2025-07-06 10:00:00+05:30,12.662843,95.7105,16.499237,96.892334
155,2025-07-06 11:00:00+05:30,13.14493,88.43069,17.280937,89.403206
156,2025-07-06 12:00:00+05:30,11.362834,86.36713,14.597767,87.17294
157,2025-07-06 13:00:00+05:30,13.775586,96.75348,17.355772,95.355736
158,2025-07-06 14:00:00+05:30,13.039754,96.340096,18.448023,95.59925
159,2025-07-06 15:00:00+05:30,12.421304,89.1697,17.11515,92.41098
160,2025-07-06 16:00:00+05:30,9.473541,104.300316,13.896187,106.55715
161,2025-07-06 17:00:00+05:30,9.422101,83.41815,13.363711,85.364624
162,2025-07-06 18:00:00+05:30,8.958504,67.557205,17.085785,73.47413
163,2025-07-06 19:00:00+05:30,10.3480425,76.93068,19.652176,81.57312
164,2025-07-06 20:00:00+05:30,7.889259,62.850407,15.94804,73.61038
165,2025-07-06 21:00:00+05:30,9.54,58.10924,18.13003,65.97975
166,2025-07-06 22:00:00+05:30,9.595874,66.80139,18.158602,72.10378
167,2025-07-06 23:00:00+05:30,11.334285,57.319454,20.291357,64.79892
168,2025-07-07 00:00:00+05:30,14.145756,75.25639,23.19487,77.90526
169,2025-07-07 01:00:00+05:30,12.810386,70.29193,21.786694,75.16002
170,2025-07-07 02:00:00+05:30,12.093535,75.34321,20.334425,79.28693
171,2025-07-07 03:00:00+05:30,11.745604,74.89885,19.146112,80.80342
172,2025-07-07 04:00:00+05:30,13.31635,76.715126,22.253124,80.69013
173,2025-07-07 05:00:00+05:30,13.627795,77.79955,22.491358,79.85927
174,2025-07-07 06:00:00+05:30,13.346729,79.90256,20.568888,81.44453
175,2025-07-07 07:00:00+05:30,11.588701,83.75819,16.65754,83.796646
176,2025-07-07 08:00:00+05:30,14.050382,92.20255,19.649702,93.15065
177,2025-07-07 09:00:00+05:30,15.206537,96.11541,20.495512,97.06251
178,2025-07-07 10:00:00+05:30,14.383114,98.63705,18.762356,98.829666
179,2025-07-07 11:00:00+05:30,14.000713,98.13002,20.212965,98.70729
180,2025-07-07 12:00:00+05:30,11.212135,84.47256,15.517629,86.00917
181,2025-07-07 13:00:00+05:30,14.535487,82.17101,19.091883,81.86999
182,2025-07-07 14:00:00+05:30,10.674773,95.80663,14.512064,97.12492
183,2025-07-07 15:00:00+05:30,11.712455,92.642494,16.23596,93.814
184,2025-07-07 16:00:00+05:30,11.16145,89.07598,15.3042345,91.347855
185,2025-07-07 17:00:00+05:30,10.661107,101.68935,17.202011,103.30919
186,2025-07-07 18:00:00+05:30,7.3799996,90.0,14.769874,92.09521
187,2025-07-07 19:00:00+05:30,6.7205353,82.30404,14.22,90.0
188,2025-07-07 20:00:00+05:30,7.0038276,64.09355,14.494192,75.61857
189,2025-07-07 21:00:00+05:30,7.193247,58.29862,14.941083,68.070366
190,2025-07-07 22:00:00+05:30,6.623413,47.20262,14.20062,59.53454
191,2025-07-07 23:00:00+05:30,8.936778,27.597204,16.848999,40.667606
192,2025-07-08 00:00:00+05:30,10.534229,33.147007,19.290257,40.07932
193,2025-07-08 01:00:00+05:30,10.387107,27.897186,18.872551,32.93224
194,2025-07-08 02:00:00+05:30,11.435313,28.178495,20.01969,33.26145
195,2025-07-08 03:00:00+05:30,12.242646,41.42357,20.750027,43.945686
196,2025-07-08 04:00:00+05:30,12.88981,54.090195,20.767975,56.309914
197,2025-07-08 05:00:00+05:30,13.243156,58.90276,20.228188,60.697884
198,2025-07-08 06:00:00+05:30,12.181625,71.0295,19.706507,73.551315
199,2025-07-08 07:00:00+05:30,10.134496,70.27763,13.605189,72.28412
200,2025-07-08 08:00:00+05:30,9.847496,71.89614,12.535548,74.16755
201,2025-07-08 09:00:00+05:30,11.592895,64.23073,14.986553,65.897766
202,2025-07-08 10:00:00+05:30,12.496719,78.366394,16.068466,80.32671
203,2025-07-08 11:00:00+05:30,12.399113,62.31903,16.18199,64.2901
204,2025-07-08 12:00:00+05:30,10.041354,75.46551,12.9249525,77.125
205,2025-07-08 13:00:00+05:30,11.272657,70.40763,13.83192,71.80074
206,2025-07-08 14:00:00+05:30,11.230904,68.36906,15.94804,69.51956
207,2025-07-08 15:00:00+05:30,6.361415,64.8852,8.155807,67.963715
208,2025-07-08 16:00:00+05:30,7.208994,87.13766,9.181765,91.12328
209,2025-07-08 17:00:00+05:30,9.255571,76.50425,12.638512,79.33027
210,2025-07-08 18:00:00+05:30,6.2999997,90.0,12.108261,95.117226
211,2025-07-08 19:00:00+05:30,6.698806,96.17008,13.737904,111.522675
212,2025-07-08 20:00:00+05:30,7.3094187,99.926186,15.244842,112.93214
213,2025-07-08 21:00:00+05:30,9.761578,84.710014,17.731598,95.82625
214,2025-07-08 22:00:00+05:30,10.316686,83.99109,18.403185,93.925835
215,2025-07-08 23:00:00+05:30,8.707238,82.875084,16.443174,95.02399
216,2025-07-09 00:00:00+05:30,8.12197,77.19574,14.597767,87.17294
217,2025-07-09 01:00:00+05:30,6.1094027,44.999897,10.228373,61.631054
218,2025-07-09 02:00:00+05:30,5.6835546,79.04598,9.0,90.0
219,2025-07-09 03:00:00+05:30,8.163749,75.96373,13.510796,92.29056
220,2025-07-09 04:00:00+05:30,11.351422,104.697365,19.787722,111.89825
221,2025-07-09 05:00:00+05:30,14.420235,114.32556,24.358597,120.164925
222,2025-07-09 06:00:00+05:30,18.183563,111.48551,28.177906,112.1413
223,2025-07-09 07:00:00+05:30,14.4415655,112.729774,23.83624,115.01687
224,2025-07-09 08:00:00+05:30,13.379461,109.653915,23.164816,112.38019
225,2025-07-09 09:00:00+05:30,13.499999,106.26028,19.809813,109.09359
226,2025-07-09 10:00:00+05:30,12.882267,97.22423,18.498886,100.653854
227,2025-07-09 11:00:00+05:30,10.742848,81.32691,14.993038,85.17932
228,2025-07-09 12:00:00+05:30,11.276968,81.740654,14.428097,86.423744
229,2025-07-09 13:00:00+05:30,15.971386,129.97087,21.437386,130.91429
230,2025-07-09 14:00:00+05:30,10.548061,126.674446,15.697197,130.81499
231,2025-07-09 15:00:00+05:30,13.874019,135.52557,19.99297,136.82407
232,2025-07-09 16:00:00+05:30,12.906138,129.90784,20.875343,134.30139
233,2025-07-09 17:00:00+05:30,12.257194,119.953514,21.392754,128.50926
234,2025-07-09 18:00:00+05:30,12.514855,130.33307,20.75627,133.24304
235,2025-07-09 19:00:00+05:30,12.74954,120.54749,21.923082,122.254684
236,2025-07-09 20:00:00+05:30,10.630672,118.30067,19.424158,119.415504
237,2025-07-09 21:00:00+05:30,12.145665,96.80896,21.535404,102.06129
238,2025-07-09 22:00:00+05:30,12.601285,89.18157,22.461807,96.441505
239,2025-07-09 23:00:00+05:30,14.799459,94.18484,24.503809,100.15421
240,2025-07-10 00:00:00+05:30,16.740967,106.87635,27.436865,107.959564
241,2025-07-10 01:00:00+05:30,13.262714,108.18914,23.853226,109.39216
242,2025-07-10 02:00:00+05:30,14.056144,99.58287,22.842983,102.28394
243,2025-07-10 03:00:00+05:30,14.589996,92.12105,24.491909,97.177155
244,2025-07-10 04:00:00+05:30,14.417988,87.13766,23.946089,91.29214
245,2025-07-10 05:00:00+05:30,13.170786,93.918175,22.046877,98.92391
246,2025-07-10 06:00:00+05:30,13.666967,102.93806,22.314194,107.85041
247,2025-07-10 07:00:00+05:30,14.7742605,112.19034,21.511318,114.20589
248,2025-07-10 08:00:00+05:30,12.0694,107.35411,16.394829,109.23077
249,2025-07-10 09:00:00+05:30,11.453715,120.191536,16.028088,122.61923
250,2025-07-10 10:00:00+05:30,15.236338,128.76553,19.681828,129.80553
251,2025-07-10 11:00:00+05:30,14.892213,116.56499,20.140705,118.85556
252,2025-07-10 12:00:00+05:30,17.504478,149.74364,23.555254,149.71213
253,2025-07-10 13:00:00+05:30,9.904906,109.09359,13.708391,113.198616
254,2025-07-10 14:00:00+05:30,9.526405,112.20353,12.483749,114.71742
255,2025-07-10 15:00:00+05:30,11.226575,102.03058,15.281989,105.01841
256,2025-07-10 16:00:00+05:30,18.183563,144.26443,25.82106,144.64796
257,2025-07-10 17:00:00+05:30,10.1456785,115.20109,17.081041,118.995865
258,2025-07-10 18:00:00+05:30,10.920824,98.530685,19.434166,105.580986
259,2025-07-10 19:00:00+05:30,9.854075,99.46225,18.78393,108.43504
260,2025-07-10 20:00:00+05:30,9.195868,93.366394,18.297245,105.40349
261,2025-07-10 21:00:00+05:30,8.821836,91.16911,17.811815,104.03627
262,2025-07-10 22:00:00+05:30,9.087772,82.03049,17.95043,96.91113
263,2025-07-10 23:00:00+05:30,12.145665,83.19105,21.786694,91.420235
264,2025-07-11 00:00:00+05:30,10.717182,82.27827,19.660416,93.67442
265,2025-07-11 01:00:00+05:30,10.337079,82.99883,19.48079,93.70836
266,2025-07-11 02:00:00+05:30,9.36173,88.89832,18.498886,100.653854
267,2025-07-11 03:00:00+05:30,9.926147,85.84044,19.361507,95.869514
268,2025-07-11 04:00:00+05:30,10.805999,88.09089,20.29535,96.62068
269,2025-07-11 05:00:00+05:30,10.801499,89.04518,19.380743,96.398865
270,2025-07-11 06:00:00+05:30,12.461669,100.82296,18.161278,103.76081
271,2025-07-11 07:00:00+05:30,13.379461,100.85637,18.511143,103.49575
272,2025-07-11 08:00:00+05:30,12.241323,109.76726,15.94804,110.48044
273,2025-07-11 09:00:00+05:30,11.755254,115.38787,15.3771,115.665146
274,2025-07-11 10:00:00+05:30,11.782784,124.41843,15.277749,124.43905
275,2025-07-11 11:00:00+05:30,12.007498,130.13542,15.580141,130.31403
276,2025-07-11 12:00:00+05:30,11.13384,124.46088,14.082628,125.11209
277,2025-07-11 13:00:00+05:30,10.1902895,125.65542,12.534257,125.0595
278,2025-07-11 14:00:00+05:30,13.14,131.112,19.494091,132.3804
279,2025-07-11 15:00:00+05:30,5.6920996,161.56496,7.7420926,162.40749
280,2025-07-11 16:00:00+05:30,8.55142,149.65683,11.7662735,150.6901
281,2025-07-11 17:00:00+05:30,7.7983837,161.14674,10.759423,162.47435
282,2025-07-11 18:00:00+05:30,6.114703,137.38599,13.369771,136.63654
283,2025-07-11 19:00:00+05:30,3.7842832,115.34614,10.32924,131.4676
284,2025-07-11 20:00:00+05:30,5.3426957,122.61923,13.246826,132.79738
285,2025-07-11 21:00:00+05:30,6.898956,97.495766,15.844089,111.317986
286,2025-07-11 22:00:00+05:30,6.162207,96.70974,14.810401,110.63763
287,2025-07-11 23:00:00+05:30,6.4624763,77.125,13.954354,96.666565
288,2025-07-12 00:00:00+05:30,5.9834766,83.08887,13.202726,101.003494
289,2025-07-12 01:00:00+05:30,7.2805495,81.46932,14.957339,92.75905
290,2025-07-12 02:00:00+05:30,6.778141,79.28693,13.870515,92.23113
291,2025-07-12 03:00:00+05:30,4.445672,111.3707,11.276967,114.51963
292,2025-07-12 04:00:00+05:30,5.0816135,112.93214,12.413477,119.53869
293,2025-07-12 05:00:00+05:30,8.477216,93.65215,14.584443,102.83562
294,2025-07-12 06:00:00+05:30,7.9567327,127.64769,12.906138,129.90784
295,2025-07-12 07:00:00+05:30,5.876938,130.0302,8.14587,135.0001
296,2025-07-12 08:00:00+05:30,9.82114,116.09537,12.801531,117.64589
297,2025-07-12 09:00:00+05:30,11.43248,123.43989,14.926983,123.690094
298,2025-07-12 10:00:00+05:30,11.074023,135.65846,14.255272,135.0001
299,2025-07-12 11:00:00+05:30,9.54679,134.23619,12.0921955,134.39699
300,2025-07-12 12:00:00+05:30,8.669949,131.63345,10.837435,131.63345
301,2025-07-12 13:00:00+05:30,7.2,126.86999,8.856658,127.568665
302,2025-07-12 14:00:00+05:30,9.236298,146.92932,11.43248,146.56012
303,2025-07-12 15:00:00+05:30,5.2478566,174.09395,6.519877,173.6599
304,2025-07-12 16:00:00+05:30,10.299397,174.98697,14.260953,175.65685
305,2025-07-12 17:00:00+05:30,6.269067,140.82635,8.55142,139.26799
306,2025-07-12 18:00:00+05:30,4.514377,203.49858,9.734988,183.17976
307,2025-07-12 19:00:00+05:30,4.7521367,204.62355,11.555102,198.1528
308,2025-07-12 20:00:00+05:30,1.2979984,146.3099,7.587806,157.69374
309,2025-07-12 21:00:00+05:30,2.6208394,74.054535,7.44121,122.15227
310,2025-07-12 22:00:00+05:30,3.550155,59.53454,8.350138,97.43131
311,2025-07-12 23:00:00+05:30,2.7416782,66.801384,7.1208143,106.14441
312,2025-07-13 00:00:00+05:30,2.97953,64.98315,6.8541956,113.198616
313,2025-07-13 01:00:00+05:30,2.2910259,44.999897,4.445672,111.3707
314,2025-07-13 02:00:00+05:30,2.5772076,24.775122,3.01735,72.64589
315,2025-07-13 03:00:00+05:30,3.9518096,30.068504,6.618519,44.999897
316,2025-07-13 04:00:00+05:30,4.4565907,46.636536,9.485504,56.611465
317,2025-07-13 05:00:00+05:30,3.189608,73.61038,8.049845,79.69521
318,2025-07-13 06:00:00+05:30,5.257109,51.952908,12.325728,61.189304
319,2025-07-13 07:00:00+05:30,6.8423676,88.4926,9.600937,83.54128
320,2025-07-13 08:00:00+05:30,5.8048253,97.12492,7.613382,96.78888
321,2025-07-13 09:00:00+05:30,7.1321807,79.824554,9.114471,80.909805
322,2025-07-13 10:00:00+05:30,6.8541956,66.80139,8.65873,69.30447
323,2025-07-13 11:00:00+05:30,5.4656014,72.75845,6.77575,73.009094
324,2025-07-13 12:00:00+05:30,3.5455887,66.037506,4.1125174,66.80139
325,2025-07-13 13:00:00+05:30,4.613762,110.55612,5.5567255,114.90474
326,2025-07-13 14:00:00+05:30,9.83268,113.749504,12.739371,113.30492
327,2025-07-13 15:00:00+05:30,7.42159,112.833694,9.83268,113.749504
328,2025-07-13 16:00:00+05:30,6.1569467,74.74483,8.4042845,80.13426
329,2025-07-13 17:00:00+05:30,4.6452556,125.537766,6.7469993,133.91916
330,2025-07-13 18:00:00+05:30,5.00128,149.74365,9.82114,153.90463
331,2025-07-13 19:00:00+05:30,3.143565,166.75948,8.958504,157.5572
332,2025-07-13 20:00:00+05:30,2.6208394,195.94547,7.748368,177.33705
333,2025-07-13 21:00:00+05:30,1.5379207,159.44388,6.384293,158.4985
334,2025-07-13 22:00:00+05:30,1.9881649,5.19435,1.1384199,71.564964
335,2025-07-13 23:00:00+05:30,7.2403865,34.8754,10.120099,51.49933
336,2025-07-14 00:00:00+05:30,4.0249224,100.30479,9.5416975,91.0809
337,2025-07-14 01:00:00+05:30,2.5455842,351.87,5.983477,43.7812
338,2025-07-14 02:00:00+05:30,5.297018,350.21765,8.227004,10.0805435
339,2025-07-14 03:00:00+05:30,6.6794305,14.036275,12.24,28.072395
340,2025-07-14 04:00:00+05:30,9.044888,31.159245,17.630814,40.030197
341,2025-07-14 05:00:00+05:30,10.094454,50.063675,19.171478,55.713078
342,2025-07-14 06:00:00+05:30,10.233123,39.289394,18.204933,43.79825
343,2025-07-14 07:00:00+05:30,13.644427,53.583534,20.282574,58.425865
344,2025-07-14 08:00:00+05:30,12.785069,54.743572,18.431332,58.1726
345,2025-07-14 09:00:00+05:30,15.561413,48.75183,21.319935,49.451267
346,2025-07-14 10:00:00+05:30,17.220835,48.814175,23.60472,49.019684
347,2025-07-14 11:00:00+05:30,15.292585,42.13753,22.022615,44.006626
348,2025-07-14 12:00:00+05:30,14.224556,38.320164,19.270092,40.8334
349,2025-07-14 13:00:00+05:30,16.580532,57.86278,21.619492,57.236126
350,2025-07-14 14:00:00+05:30,14.133152,43.451904,21.915691,47.66307
351,2025-07-14 15:00:00+05:30,13.644427,8.343804,20.562586,13.671325
352,2025-07-14 16:00:00+05:30,11.755254,11.481962,17.769016,13.473181
353,2025-07-14 17:00:00+05:30,12.971244,357.6141,21.96295,359.06082
354,2025-07-14 18:00:00+05:30,8.6867485,325.9806,15.710607,341.98013
355,2025-07-14 19:00:00+05:30,7.889259,297.1496,13.5012,317.1611
356,2025-07-14 20:00:00+05:30,8.311245,274.96964,15.042659,291.03757
357,2025-07-14 21:00:00+05:30,6.9480934,233.42688,12.98248,253.0724
358,2025-07-14 22:00:00+05:30,8.490582,212.00534,14.905261,227.44708
359,2025-07-14 23:00:00+05:30,8.43699,191.07016,15.779543,200.70912
360,2025-07-15 00:00:00+05:30,9.36,180.0,17.081041,187.87384
361,2025-07-15 01:00:00+05:30,10.209348,170.8699,19.08,180.0
362,2025-07-15 02:00:00+05:30,10.609316,165.2564,19.14865,175.14699
363,2025-07-15 03:00:00+05:30,9.906544,155.29759,17.085785,168.45334
364,2025-07-15 04:00:00+05:30,10.134495,146.59216,17.965767,155.7461
365,2025-07-15 05:00:00+05:30,9.266067,155.9245,16.459913,166.72359
366,2025-07-15 06:00:00+05:30,13.558673,174.66794,23.23116,181.776
367,2025-07-15 07:00:00+05:30,14.081478,184.39862,21.434364,187.72174
368,2025-07-15 08:00:00+05:30,15.158522,184.08554,20.47416,186.5626
369,2025-07-15 09:00:00+05:30,17.303421,182.9814,23.018896,186.73592
370,2025-07-15 10:00:00+05:30,14.973576,189.68872,20.803045,189.46225
371,2025-07-15 11:00:00+05:30,11.881363,180.86803,15.664136,181.31688
372,2025-07-15 12:00:00+05:30,12.522619,198.43504,16.336426,198.63467
373,2025-07-15 13:00:00+05:30,10.399576,203.45905,13.672893,200.82097
374,2025-07-15 14:00:00+05:30,10.661107,191.68935,14.545515,192.14426
375,2025-07-15 15:00:00+05:30,13.433838,144.81921,19.869423,146.45387
376,2025-07-15 16:00:00+05:30,12.224107,166.37299,19.875946,167.97774
377,2025-07-15 17:00:00+05:30,9.82114,153.90463,17.533146,160.82089
378,2025-07-15 18:00:00+05:30,11.385622,129.22566,19.87024,137.20262
379,2025-07-15 19:00:00+05:30,6.320538,160.0168,14.182355,156.0375
380,2025-07-15 20:00:00+05:30,10.766949,141.78893,20.316889,150.25522
381,2025-07-15 21:00:00+05:30,9.585739,145.71307,18.603678,151.69934
382,2025-07-15 22:00:00+05:30,6.623413,132.79738,14.330079,147.30803
383,2025-07-15 23:00:00+05:30,8.953078,149.82657,16.42346,152.59251
384,2025-07-16 00:00:00+05:30,9.059205,110.95586,16.928614,125.04201
385,2025-07-16 01:00:00+05:30,6.193674,125.537766,14.082628,144.88791
386,2025-07-16 02:00:00+05:30,10.9859,161.86183,19.662888,168.3815
387,2025-07-16 03:00:00+05:30,10.759423,162.47435,19.59356,169.41273
388,2025-07-16 04:00:00+05:30,6.638072,167.4712,14.690691,172.96216
389,2025-07-16 05:00:00+05:30,7.9932966,144.16226,15.978484,157.47939
390,2025-07-16 06:00:00+05:30,13.767352,154.44008,21.201067,156.48203
391,2025-07-16 07:00:00+05:30,13.184308,147.82881,19.046858,149.31491
392,2025-07-16 08:00:00+05:30,12.241323,143.97253,16.62444,146.48196
393,2025-07-16 09:00:00+05:30,10.495713,149.03632,13.374618,151.02039
394,2025-07-16 10:00:00+05:30,19.540573,148.9458,25.654263,149.65683
395,2025-07-16 11:00:00+05:30,16.309628,169.18617,21.782972,169.52582
396,2025-07-16 12:00:00+05:30,12.224107,166.37299,17.202011,166.69081
397,2025-07-16 13:00:00+05:30,16.388899,178.11185,21.9718,178.12216
398,2025-07-16 14:00:00+05:30,17.085785,168.45334,22.845821,170.01823
399,2025-07-16 15:00:00+05:30,17.594023,166.39024,24.36591,167.19574
400,2025-07-16 16:00:00+05:30,14.417988,177.13765,20.892412,178.02512
401,2025-07-16 17:00:00+05:30,10.644379,161.25856,18.076338,164.99503
402,2025-07-16 18:00:00+05:30,4.952453,109.09359,10.548061,143.32556
403,2025-07-16 19:00:00+05:30,4.965521,133.53127,12.399113,152.31903
404,2025-07-16 20:00:00+05:30,5.6492476,120.65059,13.379461,146.5237
405,2025-07-16 21:00:00+05:30,7.9383874,122.969406,16.870138,140.19447
406,2025-07-16 22:00:00+05:30,8.783189,134.16977,18.522516,145.69215
407,2025-07-16 23:00:00+05:30,8.528657,135.85501,18.272436,145.84026
408,2025-07-17 00:00:00+05:30,8.536252,137.56381,17.935986,148.54323
409,2025-07-17 01:00:00+05:30,7.6367526,135.0001,16.62444,146.48196
410,2025-07-17 02:00:00+05:30,7.2649574,131.98714,15.676542,145.76248
411,2025-07-17 03:00:00+05:30,7.7650757,134.0609,16.179987,147.72438
412,2025-07-17 04:00:00+05:30,7.891311,135.0001,16.179987,147.72438
413,2025-07-17 05:00:00+05:30,8.297589,130.60121,15.3802595,145.0079
414,2025-07-17 06:00:00+05:30,9.984729,152.04913,13.690653,151.75037
415,2025-07-17 07:00:00+05:30,9.227524,159.44388,12.69351,161.82188
416,2025-07-17 08:00:00+05:30,10.32924,157.4569,13.570615,158.19853
417,2025-07-17 09:00:00+05:30,11.003581,176.24835,14.417988,177.13765
418,2025-07-17 10:00:00+05:30,10.158444,172.87508,13.239487,172.9717
419,2025-07-17 11:00:00+05:30,10.062305,169.6952,12.992458,169.6242
420,2025-07-17 12:00:00+05:30,10.51576,173.11838,13.218668,173.74606
421,2025-07-17 13:00:00+05:30,10.658068,175.15608,13.184308,175.3014
422,2025-07-17 14:00:00+05:30,10.132897,167.692,13.062098,168.0707
423,2025-07-17 15:00:00+05:30,10.446206,178.02512,13.330941,177.67851
424,2025-07-17 16:00:00+05:30,14.178928,171.97285,20.763294,175.52519
425,2025-07-17 17:00:00+05:30,6.5520988,159.07542,12.429127,169.99208
426,2025-07-17 18:00:00+05:30,6.696387,126.25393,13.1412325,143.91484
427,2025-07-17 19:00:00+05:30,5.6060677,132.39738,13.287122,144.37201
428,2025-07-17 20:00:00+05:30,6.193674,125.537766,14.410121,138.54486
429,2025-07-17 21:00:00+05:30,7.386582,133.02507,16.92383,141.91118
430,2025-07-17 22:00:00+05:30,6.4924874,136.12321,15.898188,149.37007
431,2025-07-17 23:00:00+05:30,7.4867883,152.81897,17.069656,165.96373
432,2025-07-18 00:00:00+05:30,9.087772,172.03047,19.620825,179.47438
433,2025-07-18 01:00:00+05:30,8.467655,182.4366,18.665401,186.64519
434,2025-07-18 02:00:00+05:30,9.266067,187.8152,19.175703,189.72751
435,2025-07-18 03:00:00+05:30,7.748368,182.66295,17.057314,187.27492
436,2025-07-18 04:00:00+05:30,7.2359104,185.7105,16.011908,188.40329
437,2025-07-18 05:00:00+05:30,5.020677,165.4655,12.241323,180.8425
438,2025-07-18 06:00:00+05:30,4.1085763,151.1893,6.151683,159.44388
439,2025-07-18 07:00:00+05:30,5.297018,189.78233,7.69592,190.78426
440,2025-07-18 08:00:00+05:30,9.266067,204.0755,12.245293,204.30453
441,2025-07-18 09:00:00+05:30,9.504272,217.30403,12.313894,217.87505
442,2025-07-18 10:00:00+05:30,3.8773184,201.80147,4.7521367,204.62355
443,2025-07-18 11:00:00+05:30,5.937272,194.03627,7.2044983,192.99461
444,2025-07-18 12:00:00+05:30,9.437563,214.90257,11.583109,212.94922
445,2025-07-18 13:00:00+05:30,9.621163,342.58194,11.566313,339.02643
446,2025-07-18 14:00:00+05:30,4.7928696,55.713078,5.6521144,52.765083
447,2025-07-18 15:00:00+05:30,4.1556225,94.96966,5.0688457,96.11541
448,2025-07-18 16:00:00+05:30,10.134496,160.27763,13.210087,160.08351
449,2025-07-18 17:00:00+05:30,10.874741,167.57407,15.536408,169.99208
450,2025-07-18 18:00:00+05:30,4.6277857,256.50424,10.390226,255.96373
451,2025-07-18 19:00:00+05:30,3.6,216.86998,9.292254,224.21526
452,2025-07-18 20:00:00+05:30,5.5216303,250.9743,13.130133,241.32695
453,2025-07-18 21:00:00+05:30,6.151683,249.44386,15.376045,242.8351
454,2025-07-18 22:00:00+05:30,3.7064266,240.94548,10.837435,237.89377
455,2025-07-18 23:00:00+05:30,3.710795,194.03627,10.158444,209.74478
456,2025-07-19 00:00:00+05:30,4.327493,196.9276,12.3165245,206.93945
457,2025-07-19 01:00:00+05:30,5.5216303,199.0257,13.849477,207.89717
458,2025-07-19 02:00:00+05:30,5.8048253,209.7448,14.438198,215.86992
459,2025-07-19 03:00:00+05:30,5.5567255,204.90474,13.878689,213.89621
460,2025-07-19 04:00:00+05:30,5.983477,195.7087,14.007655,205.90645
461,2025-07-19 05:00:00+05:30,6.66,198.92474,13.929953,205.2405
462,2025-07-19 06:00:00+05:30,5.6492476,210.65059,10.63372,213.95909
463,2025-07-19 07:00:00+05:30,6.489992,236.3099,8.43699,236.3099
464,2025-07-19 08:00:00+05:30,6.7565966,228.23979,8.92408,228.27058
465,2025-07-19 09:00:00+05:30,6.341009,214.59235,7.9932966,215.83774
466,2025-07-19 10:00:00+05:30,5.9617786,208.88649,7.256032,209.7448
467,2025-07-19 11:00:00+05:30,5.95906,205.01686,7.406295,205.94225
468,2025-07-19 12:00:00+05:30,4.7657523,190.88548,5.8603754,190.6196
469,2025-07-19 13:00:00+05:30,5.8631387,162.12122,7.172949,162.47433
470,2025-07-19 14:00:00+05:30,9.0,216.86998,11.43248,213.43988
471,2025-07-19 15:00:00+05:30,7.4128532,209.0545,9.668195,208.9509
472,2025-07-19 16:00:00+05:30,9.781473,192.75752,13.31635,193.28488
473,2025-07-19 17:00:00+05:30,13.619472,224.46461,21.661413,222.30566
474,2025-07-19 18:00:00+05:30,7.001514,226.04153,13.755579,222.87889
475,2025-07-19 19:00:00+05:30,8.694204,152.90453,15.978486,165.65063
476,2025-07-19 20:00:00+05:30,7.1321807,190.17545,14.120539,197.04912
477,2025-07-19 21:00:00+05:30,4.1125174,203.19861,11.08572,212.39983
478,2025-07-19 22:00:00+05:30,6.489992,199.44012,14.008811,207.55272
479,2025-07-19 23:00:00+05:30,6.0347,197.35411,14.539945,201.80147
480,2025-07-20 00:00:00+05:30,4.991553,205.64096,13.217443,209.35765
481,2025-07-20 01:00:00+05:30,5.414979,201.4478,13.53236,208.61037
482,2025-07-20 02:00:00+05:30,7.628263,199.29015,15.938896,206.85434
483,2025-07-20 03:00:00+05:30,4.32,180.0,11.384199,198.43504
484,2025-07-20 04:00:00+05:30,3.096837,234.46223,8.654987,224.9999
485,2025-07-20 05:00:00+05:30,6.7205353,277.69595,11.722133,273.52136
486,2025-07-20 06:00:00+05:30,4.198285,329.03632,5.876938,319.9698
487,2025-07-20 07:00:00+05:30,3.7064266,299.0545,4.510787,298.61035
488,2025-07-20 08:00:00+05:30,2.2768397,251.56496,2.97953,244.98314
489,2025-07-20 09:00:00+05:30,0.9,306.86996,1.0495713,300.96368
490,2025-07-20 10:00:00+05:30,3.0547013,44.999897,3.8268526,48.814175
491,2025-07-20 11:00:00+05:30,1.2074767,333.43503,1.2074767,333.43503
492,2025-07-20 12:00:00+05:30,8.187527,123.34073,10.134495,123.407845
493,2025-07-20 13:00:00+05:30,5.634891,116.56499,8.534353,117.64589
494,2025-07-20 14:00:00+05:30,2.9024127,82.875084,3.964089,87.3975
495,2025-07-20 15:00:00+05:30,3.143565,76.75947,3.9966488,82.234924
496,2025-07-20 16:00:00+05:30,4.1046314,74.74483,5.1197267,79.87539
497,2025-07-20 17:00:00+05:30,3.2599385,83.659904,4.14,90.0
498,2025-07-20 18:00:00+05:30,0.40249225,63.435013,1.8,53.13002
499,2025-07-20 19:00:00+05:30,5.5829024,91.84757,8.3520775,127.11694
500,2025-07-20 20:00:00+05:30,5.896202,148.73633,10.742848,148.70702
501,2025-07-20 21:00:00+05:30,3.4576871,218.65984,8.322932,201.57137
502,2025-07-20 22:00:00+05:30,4.5891175,221.82008,10.548061,216.67444
503,2025-07-20 23:00:00+05:30,3.189608,253.61038,7.9567327,232.35231
504,2025-07-21 00:00:00+05:30,3.62243,243.43501,9.473541,231.17017
505,2025-07-21 01:00:00+05:30,3.8856654,256.60748,10.874742,241.31395
506,2025-07-21 02:00:00+05:30,1.835647,258.6901,7.42159,247.1663
507,2025-07-21 03:00:00+05:30,0.6489992,33.6901,3.0652895,273.3664
508,2025-07-21 04:00:00+05:30,2.6999998,36.86998,3.964089,2.6025116
509,2025-07-21 05:00:00+05:30,2.3400002,22.61991,3.964089,2.6025116
510,2025-07-21 06:00:00+05:30,2.968636,104.03627,6.6697226,86.906006
511,2025-07-21 07:00:00+05:30,5.6492476,59.349415,7.570707,61.60708
512,2025-07-21 08:00:00+05:30,3.4763772,68.74943,4.445672,68.62931
513,2025-07-21 09:00:00+05:30,2.8116899,140.19447,3.4576871,141.34016
514,2025-07-21 10:00:00+05:30,1.4058449,219.80553,1.8,216.86998
515,2025-07-21 11:00:00+05:30,1.484318,284.03625,1.7076298,288.43503
516,2025-07-21 12:00:00+05:30,0.9,180.0,1.08,180.0
517,2025-07-21 13:00:00+05:30,3.06,151.92761,3.550155,149.53453
518,2025-07-21 14:00:00+05:30,4.802999,167.00539,5.720489,167.27565
519,2025-07-21 15:00:00+05:30,7.3821945,181.39716,9.54679,182.16103
520,2025-07-21 16:00:00+05:30,6.130579,183.3664,8.82,180.0
521,2025-07-21 17:00:00+05:30,5.5216303,199.0257,10.304115,199.38461
522,2025-07-21 18:00:00+05:30,4.1085763,151.1893,10.7714615,170.38034
523,2025-07-21 19:00:00+05:30,11.391313,174.55975,20.917984,176.54675
524,2025-07-21 20:00:00+05:30,10.028439,201.03758,18.919704,201.19412
525,2025-07-21 21:00:00+05:30,9.252069,217.09291,18.32202,213.37785
526,2025-07-21 22:00:00+05:30,8.305396,240.10118,16.560978,232.50728
527,2025-07-21 23:00:00+05:30,4.5891175,244.44008,12.287555,238.17259
528,2025-07-22 00:00:00+05:30,4.2175345,230.19447,11.525623,231.34016
529,2025-07-22 01:00:00+05:30,4.39436,214.9921,12.145665,219.5881
530,2025-07-22 02:00:00+05:30,5.8048253,209.7448,14.028457,213.48619
531,2025-07-22 03:00:00+05:30,4.8433046,221.98714,12.86087,223.29869
532,2025-07-22 04:00:00+05:30,4.4565907,226.63654,11.892265,230.52757
533,2025-07-22 05:00:00+05:30,5.7402787,221.18582,11.952054,232.95744
534,2025-07-22 06:00:00+05:30,5.6492476,202.47948,12.325728,208.8107
535,2025-07-22 07:00:00+05:30,5.8409934,213.6901,7.9932966,215.83774
536,2025-07-22 08:00:00+05:30,4.8965297,216.02747,6.269067,219.17365
537,2025-07-22 09:00:00+05:30,3.2599385,186.3401,4.0249224,190.3048
538,2025-07-22 10:00:00+05:30,6.162207,173.29025,7.415038,174.4279
539,2025-07-22 11:00:00+05:30,7.579261,184.08554,9.208192,184.48453
540,2025-07-22 12:00:00+05:30,6.3231,184.899,7.7734165,185.31445
541,2025-07-22 13:00:00+05:30,3.462369,171.02745,4.175069,172.56868
542,2025-07-22 14:00:00+05:30,5.771239,176.42374,7.208994,177.13765
543,2025-07-22 15:00:00+05:30,6.8399997,180.0,8.82,180.0
544,2025-07-22 16:00:00+05:30,6.341009,235.40765,8.161764,228.57643
545,2025-07-22 17:00:00+05:30,4.5,253.73972,7.6473517,243.43501
546,2025-07-22 18:00:00+05:30,0.56920993,108.43504,2.0124612,190.3048
547,2025-07-22 19:00:00+05:30,3.7585104,163.30067,7.7420926,181.33218
548,2025-07-22 20:00:00+05:30,7.555712,192.38075,16.676977,193.73628
549,2025-07-22 21:00:00+05:30,8.211235,206.0033,18.845062,204.85156
550,2025-07-22 22:00:00+05:30,7.0934615,215.70677,16.886454,215.89276
551,2025-07-22 23:00:00+05:30,5.983477,223.7812,14.773164,226.97493
552,2025-07-23 00:00:00+05:30,4.7110505,223.45189,12.931218,231.21562
553,2025-07-23 01:00:00+05:30,4.072935,224.9999,11.448055,233.31018
554,2025-07-23 02:00:00+05:30,4.5,216.86998,11.599879,228.14505
555,2025-07-23 03:00:00+05:30,3.8647635,207.75845,10.062305,222.82524
556,2025-07-23 04:00:00+05:30,3.148714,239.03632,8.2584505,249.59003
557,2025-07-23 05:00:00+05:30,1.9881649,264.80566,5.7628117,268.2101
558,2025-07-23 06:00:00+05:30,4.1556225,175.03035,9.178235,191.30989
559,2025-07-23 07:00:00+05:30,3.9640884,230.52757,5.4744864,226.33215
560,2025-07-23 08:00:00+05:30,2.9522195,232.43134,3.8521678,232.59457
561,2025-07-23 09:00:00+05:30,1.6981165,302.00534,1.9386592,291.80148
562,2025-07-23 10:00:00+05:30,0.9,36.86999,1.0182338,44.999897
563,2025-07-23 11:00:00+05:30,0.54,180.0,0.742159,165.96373
564,2025-07-23 12:00:00+05:30,2.6208394,195.94547,3.143565,193.24052
565,2025-07-23 13:00:00+05:30,1.2727921,171.86998,1.6299692,173.6599
566,2025-07-23 14:00:00+05:30,2.16,180.0,2.6999998,180.0
567,2025-07-23 15:00:00+05:30,4.9785542,192.5288,5.896202,192.33908
568,2025-07-23 16:00:00+05:30,5.1197267,190.1246,6.8612823,184.5139
569,2025-07-23 17:00:00+05:30,11.534054,202.9638,15.978484,202.52061
570,2025-07-23 18:00:00+05:30,0.9,180.0,3.8773184,158.19853
571,2025-07-23 19:00:00+05:30,2.1068459,250.0168,4.752136,232.69597
572,2025-07-23 20:00:00+05:30,11.837652,298.12363,18.603678,298.30066
573,2025-07-23 21:00:00+05:30,5.4119864,266.186,12.093534,265.73218
574,2025-07-23 22:00:00+05:30,4.379589,260.53775,11.881363,270.86804
575,2025-07-23 23:00:00+05:30,4.0249224,296.56497,10.365251,290.3232
576,2025-07-24 00:00:00+05:30,1.7076298,71.564964,3.6179552,354.2895
577,2025-07-24 01:00:00+05:30,1.98,90.0,3.572898,40.9143
578,2025-07-24 02:00:00+05:30,2.2910259,315.0001,5.4656014,342.75845
579,2025-07-24 03:00:00+05:30,1.4058449,320.1945,5.5916004,326.82147
580,2025-07-24 04:00:00+05:30,3.6402748,351.4693,8.865799,354.17374
581,2025-07-24 05:00:00+05:30,3.143565,66.37061,7.1684303,38.884502
582,2025-07-24 06:00:00+05:30,3.8183763,224.9999,6.391901,260.2725
583,2025-07-24 07:00:00+05:30,2.4482648,233.97253,3.3043609,240.64233
584,2025-07-24 08:00:00+05:30,5.020677,284.5345,6.725354,285.52417
585,2025-07-24 09:00:00+05:30,3.244996,340.55988,3.9312592,344.05453
586,2025-07-24 10:00:00+05:30,10.373061,38.65983,12.931218,38.784386
587,2025-07-24 11:00:00+05:30,8.32877,96.203354,10.694485,96.76608
588,2025-07-24 12:00:00+05:30,1.8792552,73.300674,2.52,90.0
589,2025-07-24 13:00:00+05:30,6.341009,6.5197067,8.083983,11.5601
590,2025-07-24 14:00:00+05:30,5.2478566,22.166399,6.698806,30.699654
591,2025-07-24 15:00:00+05:30,2.5772076,24.775122,3.3481934,36.253937
592,2025-07-24 16:00:00+05:30,2.8174455,26.564985,3.319036,40.601215
593,2025-07-24 17:00:00+05:30,3.01735,342.64587,3.2846913,350.53775
594,2025-07-24 18:00:00+05:30,0.9178235,168.69011,2.9522195,127.568665
595,2025-07-24 19:00:00+05:30,0.40249225,63.435013,2.1897945,80.53775
596,2025-07-24 20:00:00+05:30,2.3469126,355.60138,4.452954,14.036275
597,2025-07-24 21:00:00+05:30,2.8460498,341.56494,6.130579,3.3664
598,2025-07-24 22:00:00+05:30,4.143911,2.4894993,10.310403,16.220268
599,2025-07-24 23:00:00+05:30,7.841888,9.246045,16.179985,20.854538
600,2025-07-25 00:00:00+05:30,4.2671766,27.645891,10.742848,31.29298
601,2025-07-25 01:00:00+05:30,10.062305,26.564985,19.239801,26.085548
602,2025-07-25 02:00:00+05:30,9.292255,21.59538,17.629896,26.041767
603,2025-07-25 03:00:00+05:30,11.448055,53.31019,19.54389,49.85668
604,2025-07-25 04:00:00+05:30,9.743304,25.144758,17.10284,30.343174
605,2025-07-25 05:00:00+05:30,12.011544,29.638298,20.26899,33.407852
606,2025-07-25 06:00:00+05:30,15.484185,35.537766,25.146587,40.645695
607,2025-07-25 07:00:00+05:30,21.573734,54.851242,30.902388,56.402462
608,2025-07-25 08:00:00+05:30,20.561798,69.50258,28.296663,70.29706
609,2025-07-25 09:00:00+05:30,18.102308,70.84429,26.529093,70.58144
610,2025-07-25 10:00:00+05:30,19.05281,67.79647,26.313265,69.5815
611,2025-07-25 11:00:00+05:30,24.251951,78.4399,33.183525,79.055824
612,2025-07-25 12:00:00+05:30,23.77772,66.34578,32.427986,67.13546
613,2025-07-25 13:00:00+05:30,28.40124,59.53454,41.035656,60.28638
614,2025-07-25 14:00:00+05:30,24.999271,73.26116,35.72762,74.21315
615,2025-07-25 15:00:00+05:30,26.307724,80.151054,39.10021,81.79538
616,2025-07-25 16:00:00+05:30,24.798225,80.81124,36.131607,80.53775
617,2025-07-25 17:00:00+05:30,24.342628,86.608734,35.515236,86.80413
618,2025-07-25 18:00:00+05:30,22.142927,72.00682,36.94168,74.74483
619,2025-07-25 19:00:00+05:30,21.960737,75.2803,35.58359,78.91747
620,2025-07-25 20:00:00+05:30,21.347271,109.198944,33.906,114.79637
621,2025-07-25 21:00:00+05:30,24.310665,116.37527,37.939457,118.63206
622,2025-07-25 22:00:00+05:30,24.369234,112.58736,38.88083,116.6836
623,2025-07-25 23:00:00+05:30,24.438934,112.976974,39.12754,115.621956
624,2025-07-26 00:00:00+05:30,24.482647,109.76726,38.7853,113.23353
625,2025-07-26 01:00:00+05:30,23.999475,114.835144,38.161697,117.53189
626,2025-07-26 02:00:00+05:30,23.042812,118.96757,37.247387,122.76849
627,2025-07-26 03:00:00+05:30,24.091774,119.05451,37.911266,120.217186
628,2025-07-26 04:00:00+05:30,23.363974,123.690094,37.60277,125.0595
629,2025-07-26 05:00:00+05:30,24.555325,117.50416,38.64764,117.75845
630,2025-07-26 06:00:00+05:30,19.62,123.398506,30.822075,125.73226
631,2025-07-26 07:00:00+05:30,21.996117,126.68244,32.33193,127.763145
632,2025-07-26 08:00:00+05:30,22.06377,138.63828,31.122826,138.75183
633,2025-07-26 09:00:00+05:30,19.25327,131.58896,26.493652,132.79738
634,2025-07-26 10:00:00+05:30,19.8376,126.142136,26.856216,127.100395
635,2025-07-26 11:00:00+05:30,19.474136,135.37444,26.475302,135.55084
636,2025-07-26 12:00:00+05:30,21.396542,137.04541,28.660725,137.29063
637,2025-07-26 13:00:00+05:30,15.926694,145.59148,22.019672,147.34921
638,2025-07-26 14:00:00+05:30,19.692526,143.54898,26.93091,143.97253
639,2025-07-26 15:00:00+05:30,17.220835,138.81416,23.507751,139.9698
640,2025-07-26 16:00:00+05:30,16.263872,152.30061,22.543158,152.412
641,2025-07-26 17:00:00+05:30,14.49531,151.8439,22.460365,152.81897
642,2025-07-26 18:00:00+05:30,11.755254,154.61214,19.963776,153.204
643,2025-07-26 19:00:00+05:30,10.182337,135.0001,18.52951,140.12321
644,2025-07-26 20:00:00+05:30,8.6193495,118.70586,16.344357,126.49139
645,2025-07-26 21:00:00+05:30,9.668195,118.9509,18.0,126.86999
646,2025-07-26 22:00:00+05:30,9.044888,121.15924,17.23964,130.34167
647,2025-07-26 23:00:00+05:30,8.942214,130.10085,17.49337,139.59062
648,2025-07-27 00:00:00+05:30,8.654987,135.0001,17.623463,145.82297
649,2025-07-27 01:00:00+05:30,7.029225,129.80553,15.086748,144.22383
650,2025-07-27 02:00:00+05:30,6.1437774,121.82741,14.156058,138.60857
651,2025-07-27 03:00:00+05:30,6.945761,121.218346,14.512064,136.00499
652,2025-07-27 04:00:00+05:30,7.6409945,136.90913,15.575981,146.3099
653,2025-07-27 05:00:00+05:30,8.688613,140.04251,16.276817,150.88396
654,2025-07-27 06:00:00+05:30,4.278551,157.75093,11.132385,194.03627
655,2025-07-27 07:00:00+05:30,4.293669,213.02386,6.7397914,214.11452
656,2025-07-27 08:00:00+05:30,8.9873905,212.73521,12.033103,214.641
657,2025-07-27 09:00:00+05:30,10.934166,212.90524,14.277983,213.6901
658,2025-07-27 10:00:00+05:30,11.384198,214.69522,14.438198,215.86992
659,2025-07-27 11:00:00+05:30,10.04458,216.25392,12.534257,215.05951
660,2025-07-27 12:00:00+05:30,10.6261,206.13094,13.3649235,205.52965
661,2025-07-27 13:00:00+05:30,12.535549,212.09256,15.975444,213.51105
662,2025-07-27 14:00:00+05:30,12.466867,184.96965,16.368128,188.21912
663,2025-07-27 15:00:00+05:30,7.628263,160.70985,10.435344,165.00487
664,2025-07-27 16:00:00+05:30,11.521406,179.10484,16.563911,181.24533
665,2025-07-27 17:00:00+05:30,16.928614,188.5608,27.25559,192.20045
666,2025-07-27 18:00:00+05:30,10.304115,199.38461,19.098671,203.90767
667,2025-07-27 19:00:00+05:30,11.177405,194.93147,20.435352,197.95625
668,2025-07-27 20:00:00+05:30,10.3480425,193.06932,20.05203,196.15741
669,2025-07-27 21:00:00+05:30,8.281956,181.24533,17.161469,192.72435
670,2025-07-27 22:00:00+05:30,8.477216,183.65215,17.244337,193.89122
671,2025-07-27 23:00:00+05:30,11.196231,184.61057,20.304924,192.80426
672,2025-07-28 00:00:00+05:30,11.35285,205.34613,20.63023,209.24873
673,2025-07-28 01:00:00+05:30,9.931042,223.53127,18.582766,224.9999
674,2025-07-28 02:00:00+05:30,10.182337,224.9999,18.921415,230.40382
675,2025-07-28 03:00:00+05:30,9.504272,217.30403,17.692268,224.58784
676,2025-07-28 04:00:00+05:30,8.461915,218.08882,16.431347,227.21968
677,2025-07-28 05:00:00+05:30,8.827344,219.20718,16.29174,224.9999
678,2025-07-28 06:00:00+05:30,9.266067,204.0755,16.733225,211.80934
679,2025-07-28 07:00:00+05:30,9.335737,213.9965,13.5,216.86998
680,2025-07-28 08:00:00+05:30,9.418662,224.9999,13.493999,226.08084
681,2025-07-28 09:00:00+05:30,10.075177,228.62158,14.366211,232.12495
682,2025-07-28 10:00:00+05:30,11.503113,249.86362,15.426537,250.93071
683,2025-07-28 11:00:00+05:30,9.459852,248.80588,12.295462,252.09546
684,2025-07-28 12:00:00+05:30,7.6473517,243.43501,9.360001,247.3801
685,2025-07-28 13:00:00+05:30,7.7734165,227.81563,9.313152,228.91835
686,2025-07-28 14:00:00+05:30,9.801326,277.38596,12.825552,274.83032
687,2025-07-28 15:00:00+05:30,6.4096174,308.15726,8.53815,304.69522
688,2025-07-28 16:00:00+05:30,2.4216523,228.01286,3.745557,234.78232
689,2025-07-28 17:00:00+05:30,5.297018,189.78233,8.863972,209.16751
690,2025-07-28 18:00:00+05:30,6.854195,240.06857,13.766176,242.76494
691,2025-07-28 19:00:00+05:30,5.7402787,221.18582,12.514855,229.66693
692,2025-07-28 20:00:00+05:30,7.0934615,215.70677,14.512064,226.00499
693,2025-07-28 21:00:00+05:30,6.9270773,204.56715,14.731435,215.04945
694,2025-07-28 22:00:00+05:30,7.072878,194.7436,14.892213,206.56499
695,2025-07-28 23:00:00+05:30,8.766573,199.17911,16.824945,206.01672
696,2025-07-29 00:00:00+05:30,5.994297,221.34767,13.15971,220.0062
697,2025-07-29 01:00:00+05:30,7.0407386,212.47118,13.971757,218.19873
698,2025-07-29 02:00:00+05:30,5.692099,214.69522,12.229406,222.61401
699,2025-07-29 03:00:00+05:30,7.0038276,205.90645,13.392774,216.25392
700,2025-07-29 04:00:00+05:30,6.0347,197.35411,11.886816,212.00534
701,2025-07-29 05:00:00+05:30,6.2613096,198.43504,11.545284,210.96368
702,2025-07-29 06:00:00+05:30,7.519175,191.0409,11.500296,197.30061
703,2025-07-29 07:00:00+05:30,7.689603,196.31393,10.873251,199.3349
704,2025-07-29 08:00:00+05:30,9.779817,186.3401,14.178928,188.02715
705,2025-07-29 09:00:00+05:30,8.613709,190.84026,11.578912,191.65926
706,2025-07-29 10:00:00+05:30,7.0015144,197.96924,9.12513,202.01134
707,2025-07-29 11:00:00+05:30,8.083983,191.5601,9.9977,193.53587
708,2025-07-29 12:00:00+05:30,8.64,180.0,11.521406,179.10484
709,2025-07-29 13:00:00+05:30,7.9383874,176.09958,10.453957,177.03912
710,2025-07-29 14:00:00+05:30,9.028754,184.57384,11.749741,185.2738
711,2025-07-29 15:00:00+05:30,12.992458,190.3758,16.985935,189.7617
712,2025-07-29 16:00:00+05:30,9.721666,181.06088,13.5,180.0
713,2025-07-29 17:00:00+05:30,7.841888,189.24603,14.193772,192.44998
714,2025-07-29 18:00:00+05:30,5.5829024,200.77234,14.120538,191.0234
715,2025-07-29 19:00:00+05:30,6.482499,181.59111,15.489416,181.99783
716,2025-07-29 20:00:00+05:30,4.0449963,159.14546,11.402683,168.15794
717,2025-07-29 21:00:00+05:30,4.846648,121.328636,11.919479,141.74553
718,2025-07-29 22:00:00+05:30,7.538541,123.310646,15.784676,135.92395
719,2025-07-29 23:00:00+05:30,6.5223618,117.979385,14.773164,133.02507
720,2025-07-30 00:00:00+05:30,5.692099,124.69522,13.767352,138.17992
721,2025-07-30 01:00:00+05:30,4.4565907,133.36346,12.431733,145.6196
722,2025-07-30 02:00:00+05:30,9.387651,122.471176,16.548256,134.1187
723,2025-07-30 03:00:00+05:30,7.754637,111.801476,14.178927,123.08486
724,2025-07-30 04:00:00+05:30,8.0599,119.42737,15.696165,126.60716
725,2025-07-30 05:00:00+05:30,8.305396,119.89881,15.192682,126.32692
726,2025-07-30 06:00:00+05:30,9.473541,128.82983,12.652604,129.80553
727,2025-07-30 07:00:00+05:30,11.063778,111.97456,14.7742605,112.19034
728,2025-07-30 08:00:00+05:30,11.9140415,116.9521,15.778518,117.1496
729,2025-07-30 09:00:00+05:30,9.19939,120.57915,11.886816,122.00535
730,2025-07-30 10:00:00+05:30,9.826088,118.442825,12.570394,119.1342
731,2025-07-30 11:00:00+05:30,9.1641035,135.0001,11.964246,135.0001
732,2025-07-30 12:00:00+05:30,10.373061,128.65982,13.004922,131.63345
733,2025-07-30 13:00:00+05:30,16.419514,134.55591,22.66142,133.71275
734,2025-07-30 14:00:00+05:30,9.165871,160.49747,12.535549,158.96242
735,2025-07-30 15:00:00+05:30,9.179999,151.92761,12.081473,151.5259
736,2025-07-30 16:00:00+05:30,7.970972,154.59233,10.234705,156.13982
737,2025-07-30 17:00:00+05:30,9.021574,151.38963,13.845967,153.76813
738,2025-07-30 18:00:00+05:30,4.8899083,173.6599,12.074766,169.6952
739,2025-07-30 19:00:00+05:30,5.6920996,198.43504,13.100489,192.69958
740,2025-07-30 20:00:00+05:30,1.8792552,196.69933,7.2805495,188.53069
741,2025-07-30 21:00:00+05:30,2.50064,120.256355,6.6818557,152.74475
742,2025-07-30 22:00:00+05:30,3.9312592,164.05453,7.24486,153.43501
743,2025-07-30 23:00:00+05:30,3.148714,300.96368,4.072935,224.9999
744,2025-07-31 00:00:00+05:30,1.0182338,44.999897,1.9469976,213.6901
745,2025-07-31 01:00:00+05:30,1.6199999,270.0,4.542994,236.3099
746,2025-07-31 02:00:00+05:30,1.484318,345.9637,2.6999998,270.0
747,2025-07-31 03:00:00+05:30,4.5,233.13002,9.3340025,230.4774
748,2025-07-31 04:00:00+05:30,6.452441,239.85869,9.9408245,238.32457
749,2025-07-31 05:00:00+05:30,6.8423676,243.43501,11.119281,240.94548
750,2025-07-31 06:00:00+05:30,9.187056,214.62422,14.428097,213.29358
751,2025-07-31 07:00:00+05:30,12.362475,227.95085,17.205778,227.9683
752,2025-07-31 08:00:00+05:30,12.172312,246.46764,16.595179,245.65892
753,2025-07-31 09:00:00+05:30,9.5196,254.64981,12.313893,254.74483
754,2025-07-31 10:00:00+05:30,5.5887027,255.06853,7.247096,255.61856
755,2025-07-31 11:00:00+05:30,4.4274144,243.43501,5.4744864,242.5925
756,2025-07-31 12:00:00+05:30,4.2021422,260.13425,5.1544156,257.90524
757,2025-07-31 13:00:00+05:30,5.5216303,250.9743,6.77575,253.0091
758,2025-07-31 14:00:00+05:30,8.311245,184.96965,10.694485,186.76608
759,2025-07-31 15:00:00+05:30,10.483357,195.94547,13.719023,199.14822
760,2025-07-31 16:00:00+05:30,10.874742,208.68605,14.731437,206.87807
761,2025-07-31 17:00:00+05:30,10.070353,241.14444,15.405519,239.84003
762,2025-07-31 18:00:00+05:30,4.952453,250.9064,10.829959,254.57777
763,2025-07-31 19:00:00+05:30,4.942631,236.88864,12.303366,249.44386
764,2025-07-31 20:00:00+05:30,7.729527,207.75845,15.426535,221.68896
765,2025-07-31 21:00:00+05:30,8.131936,207.69939,16.092644,216.3573
766,2025-07-31 22:00:00+05:30,8.863972,209.16751,17.208603,217.34943
767,2025-07-31 23:00:00+05:30,10.055864,225.72514,19.174856,230.3322
768,2025-08-01 00:00:00+05:30,9.292254,225.78473,17.534992,234.18875
769,2025-08-01 01:00:00+05:30,9.432412,228.09415,17.356705,229.20544
770,2025-08-01 02:00:00+05:30,9.726664,231.009,17.47484,235.49141
771,2025-08-01 03:00:00+05:30,10.070353,245.72557,18.392618,249.9689
772,2025-08-01 04:00:00+05:30,10.383987,213.6901,17.95765,227.03091
773,2025-08-01 05:00:00+05:30,11.334285,237.31944,20.542881,241.1893
774,2025-08-01 06:00:00+05:30,12.371645,261.6342,19.380743,263.60114
775,2025-08-01 07:00:00+05:30,16.109747,256.42953,24.428326,258.5245
776,2025-08-01 08:00:00+05:30,9.511088,240.5242,14.007655,244.09354
777,2025-08-01 09:00:00+05:30,11.39842,248.70258,16.285772,249.9627
778,2025-08-01 10:00:00+05:30,12.429127,259.9921,16.546299,261.87
779,2025-08-01 11:00:00+05:30,11.9317045,258.6901,15.477906,261.30457
780,2025-08-01 12:00:00+05:30,9.927779,292.3802,13.433838,287.9495
781,2025-08-01 13:00:00+05:30,16.176983,304.57425,22.86496,303.43988
782,2025-08-01 14:00:00+05:30,10.548061,244.74687,16.357237,245.9735
783,2025-08-01 15:00:00+05:30,9.360001,247.3801,12.750811,251.0534
784,2025-08-01 16:00:00+05:30,9.178235,228.17992,12.566526,231.981
785,2025-08-01 17:00:00+05:30,9.734987,199.44012,15.244842,202.93213
786,2025-08-01 18:00:00+05:30,5.4744864,207.40749,13.298089,219.50764
787,2025-08-01 19:00:00+05:30,7.342588,191.30989,15.716793,200.09532
788,2025-08-01 20:00:00+05:30,11.609651,187.12492,23.023119,189.90411
789,2025-08-01 21:00:00+05:30,9.430694,193.24052,18.900856,199.4704
790,2025-08-01 22:00:00+05:30,8.596766,199.57321,18.083506,202.22508
791,2025-08-01 23:00:00+05:30,6.873078,224.9999,15.561413,221.24817
792,2025-08-02 00:00:00+05:30,7.4932766,245.89777,16.1198,240.57263
793,2025-08-02 01:00:00+05:30,10.4493065,227.79277,20.737532,233.82628
794,2025-08-02 02:00:00+05:30,9.292255,211.53474,17.728857,221.29527
795,2025-08-02 03:00:00+05:30,7.247096,194.38142,14.248452,206.24129
796,2025-08-02 04:00:00+05:30,9.114471,189.0902,16.813387,201.34586
797,2025-08-02 05:00:00+05:30,10.446206,181.97488,18.406704,189.00168
798,2025-08-02 06:00:00+05:30,10.018743,197.78398,20.160805,203.13145
799,2025-08-02 07:00:00+05:30,12.409561,203.9625,17.95404,205.53738
800,2025-08-02 08:00:00+05:30,14.037692,220.84027,19.388264,221.23587
801,2025-08-02 09:00:00+05:30,13.248049,233.2857,16.596157,233.37859
802,2025-08-02 10:00:00+05:30,10.495713,210.96368,14.677452,213.49521
803,2025-08-02 11:00:00+05:30,5.3939967,205.7099,10.00256,210.25635
804,2025-08-02 12:00:00+05:30,8.461914,209.29126,11.052058,210.32352
805,2025-08-02 13:00:00+05:30,9.659814,206.56499,12.320471,205.06743
806,2025-08-02 14:00:00+05:30,10.1887,147.99466,13.184308,147.82881
807,2025-08-02 15:00:00+05:30,6.037383,190.3048,9.266067,187.8152
808,2025-08-02 16:00:00+05:30,6.9480934,196.55714,9.56713,191.94415
809,2025-08-02 17:00:00+05:30,12.42,180.0,19.281015,182.67537
810,2025-08-02 18:00:00+05:30,3.7971036,174.55975,7.2044983,192.99461
811,2025-08-02 19:00:00+05:30,4.7827187,160.20103,10.2742,176.98727
812,2025-08-02 20:00:00+05:30,5.6835546,169.04597,12.785069,178.38649
813,2025-08-02 21:00:00+05:30,4.8633323,177.87895,12.781267,180.80692
814,2025-08-02 22:00:00+05:30,6.725354,164.47583,15.506141,176.67267
815,2025-08-02 23:00:00+05:30,5.720489,167.27565,13.976394,172.6005
816,2025-08-03 00:00:00+05:30,8.596766,160.42679,16.724508,171.9572
817,2025-08-03 01:00:00+05:30,11.362834,183.63287,20.35274,182.02728
818,2025-08-03 02:00:00+05:30,11.53265,177.31628,21.122215,184.39862
819,2025-08-03 03:00:00+05:30,10.105681,175.91446,18.900856,180.54564
820,2025-08-03 04:00:00+05:30,10.6261,169.26115,19.32801,175.19214
821,2025-08-03 05:00:00+05:30,8.731392,171.70294,16.743872,178.76805
822,2025-08-03 06:00:00+05:30,11.543881,169.21574,20.454369,173.93831
823,2025-08-03 07:00:00+05:30,9.9571085,167.4712,21.136784,175.11488
824,2025-08-03 08:00:00+05:30,11.052058,186.54619,16.120806,186.41075
825,2025-08-03 09:00:00+05:30,12.57426,193.24052,17.377226,193.17256
826,2025-08-03 10:00:00+05:30,14.372974,202.06795,18.417263,201.80147
827,2025-08-03 11:00:00+05:30,13.00243,201.94876,16.546299,202.38019
828,2025-08-03 12:00:00+05:30,9.565437,160.20103,13.493999,170.78905
829,2025-08-03 13:00:00+05:30,11.500296,162.69939,15.767219,161.35811
830,2025-08-03 14:00:00+05:30,18.216497,191.9761,24.464773,191.88863
831,2025-08-03 15:00:00+05:30,15.03835,191.0409,20.757051,191.50478
832,2025-08-03 16:00:00+05:30,18.59671,205.82094,26.087584,205.32733
833,2025-08-03 17:00:00+05:30,9.82114,221.2846,16.299694,223.21011
834,2025-08-03 18:00:00+05:30,9.781473,167.24248,18.151463,172.59319
835,2025-08-03 19:00:00+05:30,10.51576,186.88162,19.530622,189.54906
836,2025-08-03 20:00:00+05:30,9.734987,199.44012,17.727943,203.9625
837,2025-08-03 21:00:00+05:30,9.904906,199.09358,18.789965,203.12654
838,2025-08-03 22:00:00+05:30,8.766573,199.17911,17.311846,205.23279
839,2025-08-03 23:00:00+05:30,8.891343,211.75943,17.179394,215.18883
840,2025-08-04 00:00:00+05:30,6.9153743,231.34016,14.618837,232.0012
841,2025-08-04 01:00:00+05:30,5.5596404,209.0545,11.854062,228.07755
842,2025-08-04 02:00:00+05:30,5.983477,164.2913,11.555103,184.46707
843,2025-08-04 03:00:00+05:30,7.7420926,178.66782,13.8037815,192.04256
844,2025-08-04 04:00:00+05:30,8.849339,175.33322,16.280798,185.7105
845,2025-08-04 05:00:00+05:30,7.9077177,191.82146,14.677451,203.10635
846,2025-08-04 06:00:00+05:30,7.0223074,178.53123,16.068466,189.6733
847,2025-08-04 07:00:00+05:30,11.298495,202.47948,14.822429,204.38637
848,2025-08-04 08:00:00+05:30,10.546525,207.43964,14.49531,208.1561
849,2025-08-04 09:00:00+05:30,9.266067,204.0755,11.755254,205.38786
850,2025-08-04 10:00:00+05:30,9.102021,204.5377,11.440979,204.14554
851,2025-08-04 11:00:00+05:30,8.836514,213.36638,11.183201,213.17853
852,2025-08-04 12:00:00+05:30,7.891311,224.9999,9.92778,224.9999
853,2025-08-04 13:00:00+05:30,7.3469996,239.03632,9.387651,237.52882
854,2025-08-04 14:00:00+05:30,10.783487,284.5002,14.36621,285.25516
855,2025-08-04 15:00:00+05:30,7.329338,245.32315,12.483748,241.58743
856,2025-08-04 16:00:00+05:30,7.6473517,153.43501,11.003581,164.82703
857,2025-08-04 17:00:00+05:30,7.3799996,180.0,14.98331,196.04001
858,2025-08-04 18:00:00+05:30,6.302571,178.36346,13.556282,190.71307
859,2025-08-04 19:00:00+05:30,3.9966483,215.83774,11.53265,214.18617
860,2025-08-04 20:00:00+05:30,3.745557,215.21768,10.571074,222.92996
861,2025-08-04 21:00:00+05:30,6.21717,202.1095,13.929953,212.86867
862,2025-08-04 22:00:00+05:30,6.2379804,226.16905,14.529915,228.01286
863,2025-08-04 23:00:00+05:30,6.6087217,209.35765,14.796175,216.59119
864,2025-08-05 00:00:00+05:30,3.9477081,245.77226,11.7,239.48984
865,2025-08-05 01:00:00+05:30,4.8733153,265.76367,12.849528,258.6901
866,2025-08-05 02:00:00+05:30,3.96,270.0,11.252519,262.6477
867,2025-08-05 03:00:00+05:30,3.1072817,280.0079,8.707238,277.1249
868,2025-08-05 04:00:00+05:30,2.0523157,217.87505,5.7852573,264.64426
869,2025-08-05 05:00:00+05:30,5.5887027,194.93147,8.65873,223.31535
870,2025-08-05 06:00:00+05:30,5.09435,212.00534,10.711135,204.84236
871,2025-08-05 07:00:00+05:30,8.613709,190.84026,11.543881,190.78426
872,2025-08-05 08:00:00+05:30,7.3997297,184.18483,9.926147,184.15956
873,2025-08-05 09:00:00+05:30,6.424764,191.30989,8.825508,191.76826
874,2025-08-05 10:00:00+05:30,5.95906,205.01686,7.8954163,204.22774
875,2025-08-05 11:00:00+05:30,5.8852015,203.42871,7.406295,205.94225
876,2025-08-05 12:00:00+05:30,6.050785,210.37904,7.44121,212.15227
877,2025-08-05 13:00:00+05:30,6.8919086,220.76352,8.297589,220.60121
878,2025-08-05 14:00:00+05:30,7.5685663,244.65387,9.418661,243.9247
879,2025-08-05 15:00:00+05:30,5.9399996,270.0,7.5685663,267.27374
880,2025-08-05 16:00:00+05:30,7.596341,216.32692,10.464797,220.81499
881,2025-08-05 17:00:00+05:30,12.638512,169.33026,19.759048,173.19878
882,2025-08-05 18:00:00+05:30,7.040739,184.39862,15.410774,194.19858
883,2025-08-05 19:00:00+05:30,9.0018,181.14574,19.245697,187.52373
884,2025-08-05 20:00:00+05:30,9.621163,197.41806,19.240644,199.11307
885,2025-08-05 21:00:00+05:30,9.257321,206.56499,18.872551,212.93224
886,2025-08-05 22:00:00+05:30,10.228373,208.36896,20.172853,214.82455
887,2025-08-05 23:00:00+05:30,9.580668,205.60214,18.98552,211.4295
888,2025-08-06 00:00:00+05:30,8.836514,213.36638,18.396141,216.64574
889,2025-08-06 01:00:00+05:30,5.6233797,219.80553,14.156058,221.39143
890,2025-08-06 02:00:00+05:30,5.6233797,230.19447,13.719023,231.92717
891,2025-08-06 03:00:00+05:30,5.293959,234.6887,12.7279215,241.2603
892,2025-08-06 04:00:00+05:30,6.3639607,241.2603,14.174356,252.25523
893,2025-08-06 05:00:00+05:30,5.1575575,240.75127,11.9317045,258.6901
894,2025-08-06 06:00:00+05:30,11.414043,217.95428,20.556284,217.171
895,2025-08-06 07:00:00+05:30,12.642357,241.97559,21.591747,241.08467
896,2025-08-06 08:00:00+05:30,11.341428,234.03938,17.974781,237.26477
897,2025-08-06 09:00:00+05:30,11.631956,248.19853,16.78156,247.28555
898,2025-08-06 10:00:00+05:30,11.269782,243.43501,15.053425,243.7414
899,2025-08-06 11:00:00+05:30,10.962281,240.4886,14.571108,242.80196
900,2025-08-06 12:00:00+05:30,11.1090765,243.01984,14.572221,244.38455
901,2025-08-06 13:00:00+05:30,11.901798,273.46817,14.967083,273.44733
902,2025-08-06 14:00:00+05:30,11.043261,289.0257,14.345898,287.52567
903,2025-08-06 15:00:00+05:30,9.340941,244.91644,12.267763,247.5741
904,2025-08-06 16:00:00+05:30,7.3094187,232.0012,9.585739,235.71307
905,2025-08-06 17:00:00+05:30,9.83268,203.7495,14.48972,206.56499
906,2025-08-06 18:00:00+05:30,7.42159,194.03627,15.589497,216.0761
907,2025-08-06 19:00:00+05:30,8.311245,197.6502,17.081041,208.99586
908,2025-08-06 20:00:00+05:30,10.474082,199.0578,19.885723,207.49275
909,2025-08-06 21:00:00+05:30,10.805998,209.98155,20.634155,218.26956
910,2025-08-06 22:00:00+05:30,9.5535755,222.70937,19.388264,228.76413
911,2025-08-06 23:00:00+05:30,8.65873,226.68465,17.423777,236.80243
912,2025-08-07 00:00:00+05:30,8.3520775,217.11694,16.616642,230.27394
913,2025-08-07 01:00:00+05:30,7.3997297,221.05472,15.444377,233.53067
914,2025-08-07 02:00:00+05:30,8.604301,232.65057,17.922432,236.4695
915,2025-08-07 03:00:00+05:30,7.3094187,232.0012,16.180988,242.86494
916,2025-08-07 04:00:00+05:30,8.538149,251.56496,17.873556,260.72748
917,2025-08-07 05:00:00+05:30,8.790563,259.3804,18.553974,267.7761
918,2025-08-07 06:00:00+05:30,8.936777,251.20001,18.194254,267.7321
919,2025-08-07 07:00:00+05:30,8.0599,246.29735,11.726277,252.1212
920,2025-08-07 08:00:00+05:30,7.3997297,274.18484,9.779817,276.3401
921,2025-08-07 09:00:00+05:30,7.24486,296.56497,9.339208,297.55273
922,2025-08-07 10:00:00+05:30,4.471107,310.10083,5.6233797,309.8055
923,2025-08-07 11:00:00+05:30,3.4152596,288.43503,4.1046314,285.25516
924,2025-08-07 12:00:00+05:30,2.7059932,273.814,3.2846913,279.46225
925,2025-08-07 13:00:00+05:30,4.5322843,263.15732,5.426933,264.2895
926,2025-08-07 14:00:00+05:30,8.534353,207.64589,10.34178,211.47679
927,2025-08-07 15:00:00+05:30,11.592895,154.23073,17.48596,159.51291
928,2025-08-07 16:00:00+05:30,5.6060677,132.39738,7.928177,140.52757
929,2025-08-07 17:00:00+05:30,1.9469976,146.3099,3.6,180.0
930,2025-08-07 18:00:00+05:30,6.5520988,195.94547,13.905509,201.25058
931,2025-08-07 19:00:00+05:30,6.4799995,180.0,13.926464,194.21588
932,2025-08-07 20:00:00+05:30,7.989243,194.34937,16.516901,196.4601
933,2025-08-07 21:00:00+05:30,8.699793,204.44394,17.307167,206.56499
934,2025-08-07 22:00:00+05:30,7.0591216,199.35909,14.84318,202.8337
935,2025-08-07 23:00:00+05:30,6.9550843,169.56258,14.238215,182.89851
936,2025-08-08 00:00:00+05:30,7.3447943,162.89719,14.455019,174.99945
937,2025-08-08 01:00:00+05:30,8.338489,166.26372,16.120806,173.58925
938,2025-08-08 02:00:00+05:30,8.260411,168.69011,16.443174,174.97601
939,2025-08-08 03:00:00+05:30,10.948973,170.53775,19.626604,172.09293
940,2025-08-08 04:00:00+05:30,10.209348,170.8699,18.22361,176.03543
941,2025-08-08 05:00:00+05:30,9.430695,156.3706,17.462782,165.67725
942,2025-08-08 06:00:00+05:30,11.534054,157.0362,17.769016,166.52682
943,2025-08-08 07:00:00+05:30,11.793777,164.05453,15.111424,167.61925
944,2025-08-08 08:00:00+05:30,10.920824,188.53069,14.2336645,189.46225
945,2025-08-08 09:00:00+05:30,12.886039,192.09474,16.985933,192.8581
946,2025-08-08 10:00:00+05:30,14.251863,207.85956,18.847641,208.52303
947,2025-08-08 11:00:00+05:30,14.128566,225.5161,18.837324,224.9999
948,2025-08-08 12:00:00+05:30,15.159589,227.406,19.748388,227.58585
949,2025-08-08 13:00:00+05:30,13.369771,223.36346,17.69593,223.76367
950,2025-08-08 14:00:00+05:30,13.776762,208.90909,17.972979,209.38892
951,2025-08-08 15:00:00+05:30,14.766584,225.98767,20.746902,225.35147
952,2025-08-08 16:00:00+05:30,8.669949,184.76355,12.466867,184.96965
953,2025-08-08 17:00:00+05:30,10.478722,184.92702,18.201374,188.53069
954,2025-08-08 18:00:00+05:30,7.8583965,200.09532,17.483181,208.93991
955,2025-08-08 19:00:00+05:30,7.256032,187.12492,17.046865,201.68913
956,2025-08-08 20:00:00+05:30,5.9399996,180.0,14.84318,194.03627
957,2025-08-08 21:00:00+05:30,7.69592,169.21574,16.928614,181.82793
958,2025-08-08 22:00:00+05:30,8.211235,153.9967,17.76081,162.29948
959,2025-08-08 23:00:00+05:30,11.500296,162.69939,21.304731,166.31596
960,2025-08-09 00:00:00+05:30,12.32047,168.19759,22.019674,171.5388
961,2025-08-09 01:00:00+05:30,12.421304,180.83029,22.033648,184.6858
962,2025-08-09 02:00:00+05:30,10.813492,182.86235,19.738539,186.2824
963,2025-08-09 03:00:00+05:30,10.120098,185.10208,18.888851,187.66672
964,2025-08-09 04:00:00+05:30,8.827344,177.66275,16.93531,182.4366
965,2025-08-09 05:00:00+05:30,9.243311,186.70975,17.581125,190.6196
966,2025-08-09 06:00:00+05:30,7.0015144,162.03076,15.129638,177.95464
967,2025-08-09 07:00:00+05:30,6.9247384,207.89717,10.650465,210.46547
968,2025-08-09 08:00:00+05:30,11.431063,172.76317,15.351793,175.29224
969,2025-08-09 09:00:00+05:30,9.499157,189.81923,12.673074,191.4695
970,2025-08-09 10:00:00+05:30,11.016824,184.6858,14.113653,185.85593
971,2025-08-09 11:00:00+05:30,12.245294,181.68465,15.865546,183.25188
972,2025-08-09 12:00:00+05:30,14.2336645,193.15755,18.161278,193.7608
973,2025-08-09 13:00:00+05:30,14.887859,194.70834,19.260841,195.72481
974,2025-08-09 14:00:00+05:30,13.878688,189.70659,17.90344,189.84106
975,2025-08-09 15:00:00+05:30,14.512064,187.12492,19.424158,187.45421
976,2025-08-09 16:00:00+05:30,18.64369,190.00792,27.343414,189.0902
977,2025-08-09 17:00:00+05:30,9.885262,213.11136,16.63905,211.2826
978,2025-08-09 18:00:00+05:30,8.967541,190.40765,18.297245,195.40349
979,2025-08-09 19:00:00+05:30,8.197414,188.84174,18.25026,194.85866
980,2025-08-09 20:00:00+05:30,7.388775,182.79265,17.462784,188.29706
981,2025-08-09 21:00:00+05:30,9.181765,178.87672,19.507383,184.76355
982,2025-08-09 22:00:00+05:30,10.63372,177.08922,21.426804,181.44409
983,2025-08-09 23:00:00+05:30,13.14493,181.56932,24.44954,186.3401
984,2025-08-10 00:00:00+05:30,13.060857,187.12492,24.087738,189.46225
985,2025-08-10 01:00:00+05:30,13.491597,193.1092,24.407097,194.95868
986,2025-08-10 02:00:00+05:30,11.734564,200.659,22.16998,203.44293
987,2025-08-10 03:00:00+05:30,10.765445,200.55612,20.871464,203.91232
988,2025-08-10 04:00:00+05:30,8.738811,212.38066,18.472595,213.07068
989,2025-08-10 05:00:00+05:30,8.6867485,214.0194,18.076338,218.12523
990,2025-08-10 06:00:00+05:30,9.178235,191.30989,16.848999,198.04791
991,2025-08-10 07:00:00+05:30,10.32924,202.5431,14.182355,203.9625
992,2025-08-10 08:00:00+05:30,11.230904,201.63095,14.913952,203.47101
993,2025-08-10 09:00:00+05:30,11.453715,210.19153,14.787414,211.56177
994,2025-08-10 10:00:00+05:30,10.703569,222.27362,13.379461,222.27362
995,2025-08-10 11:00:00+05:30,7.9077177,221.30852,9.82114,221.2846
996,2025-08-10 12:00:00+05:30,9.096681,207.07199,11.1090765,206.98015
997,2025-08-10 13:00:00+05:30,11.132385,202.8337,13.8049555,202.21765
998,2025-08-10 14:00:00+05:30,19.83025,203.54005,28.220417,203.29459
999,2025-08-10 15:00:00+05:30,9.847496,198.10385,13.54911,199.3979
1000,2025-08-10 16:00:00+05:30,7.689603,200.55612,10.765445,200.55612
1001,2025-08-10 17:00:00+05:30,9.473541,194.30031,16.244938,195.42223
1002,2025-08-10 18:00:00+05:30,12.800265,176.77554,24.136784,182.13687
1003,2025-08-10 19:00:00+05:30,12.221456,189.32352,23.298702,191.13626
1004,2025-08-10 20:00:00+05:30,6.638072,220.60121,15.3771,218.34561
1005,2025-08-10 21:00:00+05:30,9.107359,198.43504,19.574533,204.44394
1006,2025-08-10 22:00:00+05:30,8.019601,189.0394,18.25026,194.85866
1007,2025-08-10 23:00:00+05:30,7.458606,199.74693,17.14919,200.90805
1008,2025-08-11 00:00:00+05:30,8.490582,184.86443,17.986494,193.8972
1009,2025-08-11 01:00:00+05:30,9.726665,182.12105,19.530622,189.54906
1010,2025-08-11 02:00:00+05:30,8.909545,188.13002,18.511143,193.49574
1011,2025-08-11 03:00:00+05:30,7.120815,200.72563,16.019999,205.98918
1012,2025-08-11 04:00:00+05:30,8.0599,203.70265,17.04021,211.17128
1013,2025-08-11 05:00:00+05:30,7.6579366,203.55228,16.12583,213.15793
1014,2025-08-11 06:00:00+05:30,6.898956,187.49576,13.54911,199.3979
1015,2025-08-11 07:00:00+05:30,8.089993,200.85454,11.203464,203.6821
1016,2025-08-11 08:00:00+05:30,8.287822,214.3804,10.83893,215.53777
1017,2025-08-11 09:00:00+05:30,9.885262,213.11136,12.830604,214.13599
1018,2025-08-11 10:00:00+05:30,9.9,216.86998,12.348051,216.70294
1019,2025-08-11 11:00:00+05:30,8.14587,224.9999,9.801326,224.25603
1020,2025-08-11 12:00:00+05:30,6.9480934,233.42688,8.39078,234.60512
1021,2025-08-11 13:00:00+05:30,8.65873,226.68465,10.514218,231.95291
1022,2025-08-11 14:00:00+05:30,9.0,180.0,11.712455,182.64249
1023,2025-08-11 15:00:00+05:30,6.2999997,180.0,8.107996,182.54475
1024,2025-08-11 16:00:00+05:30,8.383054,194.93147,11.132385,194.03627
1025,2025-08-11 17:00:00+05:30,11.265469,192.926,17.508179,194.89352
1026,2025-08-11 18:00:00+05:30,4.1556225,162.3498,9.726665,177.87895
1027,2025-08-11 19:00:00+05:30,3.4949677,191.88864,9.904906,199.09358
1028,2025-08-11 20:00:00+05:30,5.7628117,194.47034,14.628807,198.65799
1029,2025-08-11 21:00:00+05:30,5.6521144,170.83772,14.440443,184.28908
1030,2025-08-11 22:00:00+05:30,6.3231,175.101,15.489416,181.99783
1031,2025-08-11 23:00:00+05:30,6.482499,181.59111,15.683776,189.24603
1032,2025-08-12 00:00:00+05:30,7.486788,189.68872,17.069656,194.03627
1033,2025-08-12 01:00:00+05:30,6.9480934,196.55714,16.394829,199.23076
1034,2025-08-12 02:00:00+05:30,6.7853074,201.80147,15.7908325,204.22774
1035,2025-08-12 03:00:00+05:30,5.95906,205.01686,14.654254,207.824
1036,2025-08-12 04:00:00+05:30,5.637765,196.69933,13.845967,206.23187
1037,2025-08-12 05:00:00+05:30,5.426933,185.7105,12.921192,198.68744
1038,2025-08-12 06:00:00+05:30,7.040739,175.60138,13.397612,186.17007
1039,2025-08-12 07:00:00+05:30,6.341009,186.5197,8.759178,189.46225
1040,2025-08-12 08:00:00+05:30,5.7599998,180.0,7.562142,181.36389
1041,2025-08-12 09:00:00+05:30,6.2999997,180.0,7.928178,182.60251
1042,2025-08-12 10:00:00+05:30,7.7400002,180.0,9.5416975,181.0809
1043,2025-08-12 11:00:00+05:30,6.9550843,190.43742,8.4042845,189.86574
1044,2025-08-12 12:00:00+05:30,8.28,180.0,10.259999,180.0
1045,2025-08-12 13:00:00+05:30,7.5685663,182.72626,9.007196,182.29056
1046,2025-08-12 14:00:00+05:30,3.494968,55.491425,3.550155,59.53454
1047,2025-08-12 15:00:00+05:30,5.4119864,176.186,6.898956,172.50424
1048,2025-08-12 16:00:00+05:30,7.555712,167.61925,9.743305,168.27492
1049,2025-08-12 17:00:00+05:30,4.942631,146.88864,6.945761,148.78166
1050,2025-08-12 18:00:00+05:30,6.502461,131.63345,13.779114,146.7251
1051,2025-08-12 19:00:00+05:30,8.049845,153.43501,16.478603,158.19853
1052,2025-08-12 20:00:00+05:30,7.7983837,161.14674,16.454008,169.91946
1053,2025-08-12 21:00:00+05:30,7.587806,157.69374,16.520823,168.69011
1054,2025-08-12 22:00:00+05:30,10.137692,163.49556,20.625517,170.45555
1055,2025-08-12 23:00:00+05:30,11.612441,161.00325,22.396803,166.52216
1056,2025-08-13 00:00:00+05:30,12.0720825,177.43628,23.040703,179.5524
1057,2025-08-13 01:00:00+05:30,8.467655,182.4366,18.044046,184.00409
1058,2025-08-13 02:00:00+05:30,8.656858,176.42374,17.468348,181.77142
1059,2025-08-13 03:00:00+05:30,8.731391,165.67725,17.95043,173.08887
1060,2025-08-13 04:00:00+05:30,7.731623,155.22488,16.344357,163.36111
1061,2025-08-13 05:00:00+05:30,9.621163,162.58194,18.606289,167.71169
1062,2025-08-13 06:00:00+05:30,8.149847,133.21011,15.405519,149.84003
1063,2025-08-13 07:00:00+05:30,5.402999,119.98155,10.583326,138.44748
1064,2025-08-13 08:00:00+05:30,9.7880945,147.77127,13.306615,149.96681
1065,2025-08-13 09:00:00+05:30,11.886816,147.99466,15.283048,147.99466
1066,2025-08-13 10:00:00+05:30,12.996201,143.44743,16.886454,144.10724
1067,2025-08-13 11:00:00+05:30,13.878688,136.5765,19.35314,136.50739
1068,2025-08-13 12:00:00+05:30,11.431062,116.16151,15.459054,117.75845
1069,2025-08-13 13:00:00+05:30,12.081472,93.41653,15.531195,94.65327
1070,2025-08-13 14:00:00+05:30,12.69351,108.178116,17.193533,109.57322
1071,2025-08-13 15:00:00+05:30,10.464798,93.945114,14.813682,94.87919
1072,2025-08-13 16:00:00+05:30,11.431063,97.236824,15.655862,98.59583
1073,2025-08-13 17:00:00+05:30,10.266314,87.99049,15.299999,90.0
1074,2025-08-13 18:00:00+05:30,13.277364,74.26794,23.157824,78.340744
1075,2025-08-13 19:00:00+05:30,10.464798,86.05489,19.263363,91.07081
1076,2025-08-13 20:00:00+05:30,11.866355,99.60514,21.007626,102.36905
1077,2025-08-13 21:00:00+05:30,9.779817,83.659904,18.183563,91.1344
1078,2025-08-13 22:00:00+05:30,10.644379,86.12155,19.267569,88.394035
1079,2025-08-13 23:00:00+05:30,10.787993,64.2901,18.161278,76.2392
1080,2025-08-14 00:00:00+05:30,9.109138,60.39565,16.546297,75.5102
1081,2025-08-14 01:00:00+05:30,8.452336,63.435013,16.557064,78.079285
1082,2025-08-14 02:00:00+05:30,8.39078,67.28555,16.245934,80.43339
1083,2025-08-14 03:00:00+05:30,8.338489,76.26372,16.415567,86.22779
1084,2025-08-14 04:00:00+05:30,9.9571085,77.4712,17.47484,92.36133
1085,2025-08-14 05:00:00+05:30,9.686609,48.01287,15.702356,64.90378
1086,2025-08-14 06:00:00+05:30,12.682018,83.48029,18.921415,87.27374
1087,2025-08-14 07:00:00+05:30,10.8792095,73.66389,14.450537,76.30994
1088,2025-08-14 08:00:00+05:30,13.1412325,76.53478,17.438646,78.6901
1089,2025-08-14 09:00:00+05:30,14.759999,90.0,19.443333,91.06089
1090,2025-08-14 10:00:00+05:30,12.245294,88.31535,15.664136,88.68312
1091,2025-08-14 11:00:00+05:30,13.543131,113.49858,19.649702,114.921745
1092,2025-08-14 12:00:00+05:30,7.989242,67.47939,10.783487,75.4998
1093,2025-08-14 13:00:00+05:30,14.009968,110.29765,19.023878,110.492676
1094,2025-08-14 14:00:00+05:30,13.529966,123.055824,17.772663,123.85105
1095,2025-08-14 15:00:00+05:30,11.612441,108.99674,15.316933,109.925674
1096,2025-08-14 16:00:00+05:30,11.1090765,116.980156,15.299999,118.072395
1097,2025-08-14 17:00:00+05:30,7.570707,118.39293,13.032298,122.59257
1098,2025-08-14 18:00:00+05:30,8.958504,112.4428,16.909464,117.928894
1099,2025-08-14 19:00:00+05:30,8.905908,104.03627,16.68669,113.523224
1100,2025-08-14 20:00:00+05:30,9.243311,96.70974,17.288435,104.47034
1101,2025-08-14 21:00:00+05:30,9.0,106.26028,17.515581,112.34815
1102,2025-08-14 22:00:00+05:30,8.035746,105.59287,16.78156,112.714455
1103,2025-08-14 23:00:00+05:30,7.922045,91.301926,16.284779,103.42185
1104,2025-08-15 00:00:00+05:30,7.555712,102.38075,15.844089,111.317986
1105,2025-08-15 01:00:00+05:30,6.542201,97.907074,14.1102085,113.294586
1106,2025-08-15 02:00:00+05:30,7.2202215,94.28908,14.687382,109.32328
1107,2025-08-15 03:00:00+05:30,7.486788,99.68872,15.410776,112.67139
1108,2025-08-15 04:00:00+05:30,6.2999997,90.0,13.055896,105.1859
1109,2025-08-15 05:00:00+05:30,7.42159,104.03627,14.347028,113.67055
1110,2025-08-15 06:00:00+05:30,13.684735,116.56499,18.675814,116.31802
1111,2025-08-15 07:00:00+05:30,13.523978,116.90602,18.514643,116.56499
1112,2025-08-15 08:00:00+05:30,13.237038,135.0001,17.692268,135.41216
1113,2025-08-15 09:00:00+05:30,13.878689,123.89621,18.123774,124.47927
1114,2025-08-15 10:00:00+05:30,12.652604,140.19447,16.502182,140.75458
1115,2025-08-15 11:00:00+05:30,12.475961,133.83095,15.530151,134.0609
1116,2025-08-15 12:00:00+05:30,9.335737,123.996506,11.282711,123.94363
1117,2025-08-15 13:00:00+05:30,9.984729,123.976585,12.330985,123.6901
1118,2025-08-15 14:00:00+05:30,9.511088,119.4758,12.348052,120.67721
1119,2025-08-15 15:00:00+05:30,10.158444,119.74478,13.203954,117.61294
1120,2025-08-15 16:00:00+05:30,10.5234585,167.1523,14.494192,165.61858
1121,2025-08-15 17:00:00+05:30,8.197414,160.76924,12.535548,164.16754
1122,2025-08-15 18:00:00+05:30,1.8,143.13002,6.341009,145.40765
1123,2025-08-15 19:00:00+05:30,3.8521678,142.59457,9.585739,145.71307
1124,2025-08-15 20:00:00+05:30,4.4456716,121.75944,11.334285,133.06943
1125,2025-08-15 21:00:00+05:30,6.037383,153.43501,14.49531,151.8439
1126,2025-08-15 22:00:00+05:30,4.913044,151.55717,13.615902,155.8068
1127,2025-08-15 23:00:00+05:30,4.4565907,136.63654,12.156331,152.6762
1128,2025-08-16 00:00:00+05:30,4.293669,146.97614,11.966954,164.2913
1129,2025-08-16 01:00:00+05:30,3.3092594,135.0001,9.080639,166.2392
1130,2025-08-16 02:00:00+05:30,1.9881649,84.805664,5.0432134,145.17545
1131,2025-08-16 03:00:00+05:30,3.1072817,79.99209,5.95906,115.01687
1132,2025-08-16 04:00:00+05:30,3.362677,74.47583,7.247096,104.38144
1133,2025-08-16 05:00:00+05:30,5.634891,63.435013,10.004178,81.7242
1134,2025-08-16 06:00:00+05:30,7.3821945,88.60285,14.897651,101.85298
1135,2025-08-16 07:00:00+05:30,7.8149853,104.67644,10.706595,106.60706
1136,2025-08-16 08:00:00+05:30,8.538149,108.43504,11.043261,109.025696
1137,2025-08-16 09:00:00+05:30,11.897714,107.61267,15.5395355,108.225174
1138,2025-08-16 10:00:00+05:30,13.154786,106.699326,17.247156,108.24595
1139,2025-08-16 11:00:00+05:30,12.835653,104.62092,16.640022,105.690056
1140,2025-08-16 12:00:00+05:30,13.125196,115.15927,17.072504,114.94388
1141,2025-08-16 13:00:00+05:30,11.605464,113.782036,15.224637,114.44395
1142,2025-08-16 14:00:00+05:30,12.011544,119.63829,15.898188,120.62992
1143,2025-08-16 15:00:00+05:30,11.931705,123.92984,16.474672,123.86373
1144,2025-08-16 16:00:00+05:30,9.059205,130.97165,13.767352,131.82008
1145,2025-08-16 17:00:00+05:30,11.334285,136.93057,19.797543,139.7943
1146,2025-08-16 18:00:00+05:30,4.0449967,122.27562,10.296251,126.46933
1147,2025-08-16 19:00:00+05:30,5.876938,130.0302,14.637663,134.50185
1148,2025-08-16 20:00:00+05:30,6.28713,156.3706,15.938896,153.14566
1149,2025-08-16 21:00:00+05:30,7.6473517,153.43501,17.95404,154.46262
1150,2025-08-16 22:00:00+05:30,5.720489,167.27565,14.535487,172.17102
1151,2025-08-16 23:00:00+05:30,3.2846913,170.53775,9.375563,183.3018
1152,2025-08-17 00:00:00+05:30,1.9469976,236.3099,6.76618,208.61037
1153,2025-08-17 01:00:00+05:30,2.1897945,279.46225,5.441838,235.78424
1154,2025-08-17 02:00:00+05:30,2.8116899,140.19447,6.5520988,159.07542
1155,2025-08-17 03:00:00+05:30,3.4763772,158.74942,9.215226,167.59259
1156,2025-08-17 04:00:00+05:30,1.7076298,108.43504,5.7431,147.80429
1157,2025-08-17 05:00:00+05:30,0.0,270.0,1.6199999,180.0
1158,2025-08-17 06:00:00+05:30,2.0523157,37.875053,1.1384199,71.564964
1159,2025-08-17 07:00:00+05:30,3.096837,54.46224,4.0449967,57.724377
1160,2025-08-17 08:00:00+05:30,4.353619,82.875084,5.6262593,82.64771
1161,2025-08-17 09:00:00+05:30,11.543881,100.78425,14.759999,102.680374
1162,2025-08-17 10:00:00+05:30,12.483749,84.2073,16.801823,85.08353
1163,2025-08-17 11:00:00+05:30,13.229694,104.98169,17.654686,106.58742
1164,2025-08-17 12:00:00+05:30,12.2519045,100.15421,15.85329,102.45824
1165,2025-08-17 13:00:00+05:30,13.330941,87.67852,17.823635,88.8427
1166,2025-08-17 14:00:00+05:30,10.316686,96.00892,13.976394,97.3995
1167,2025-08-17 15:00:00+05:30,9.422101,96.581856,12.346741,97.53935
1168,2025-08-17 16:00:00+05:30,10.662626,111.801476,13.905509,111.25058
1169,2025-08-17 17:00:00+05:30,6.696387,126.25393,10.908951,127.6263
1170,2025-08-17 18:00:00+05:30,9.6228485,82.47627,18.014393,92.29056
1171,2025-08-17 19:00:00+05:30,10.484902,78.11137,19.803272,88.9584
1172,2025-08-17 20:00:00+05:30,8.163749,75.96373,16.93531,87.56341
1173,2025-08-17 21:00:00+05:30,8.383054,75.068535,17.83454,87.68633
1174,2025-08-17 22:00:00+05:30,7.968939,71.564964,17.313717,86.423744
1175,2025-08-17 23:00:00+05:30,7.570707,61.60708,16.245934,80.43339
1176,2025-08-18 00:00:00+05:30,7.689603,69.44387,16.902758,82.042564
1177,2025-08-18 01:00:00+05:30,9.12513,75.14134,18.733839,87.79745
1178,2025-08-18 02:00:00+05:30,10.703569,70.346085,20.774214,81.02746
1179,2025-08-18 03:00:00+05:30,10.484902,78.11137,20.240196,84.89793
1180,2025-08-18 04:00:00+05:30,10.694485,83.233925,20.34,90.0
1181,2025-08-18 05:00:00+05:30,10.299397,84.98698,19.64063,92.62635
1182,2025-08-18 06:00:00+05:30,15.531195,94.65327,24.515049,97.59455
1183,2025-08-18 07:00:00+05:30,16.928614,98.56081,24.295332,99.811195
1184,2025-08-18 08:00:00+05:30,18.913708,98.20713,26.24854,99.07468
1185,2025-08-18 09:00:00+05:30,18.820976,99.91269,25.453934,100.59472
1186,2025-08-18 10:00:00+05:30,18.556595,108.08354,25.10274,108.8248
1187,2025-08-18 11:00:00+05:30,17.811815,104.03627,23.665035,104.98762
1188,2025-08-18 12:00:00+05:30,18.852798,100.45158,24.569832,100.98061
1189,2025-08-18 13:00:00+05:30,18.965033,106.54306,24.654745,106.9798
1190,2025-08-18 14:00:00+05:30,19.070658,109.290146,25.900618,109.064644
1191,2025-08-18 15:00:00+05:30,18.892282,120.96369,27.844782,120.7096
1192,2025-08-18 16:00:00+05:30,11.966953,111.16133,17.490591,113.663155
1193,2025-08-18 17:00:00+05:30,14.24163,110.72565,22.792578,114.743515
1194,2025-08-18 18:00:00+05:30,10.805999,88.09089,20.696085,103.06932
1195,2025-08-18 19:00:00+05:30,11.966954,105.7087,22.644257,113.91625
1196,2025-08-18 20:00:00+05:30,11.132385,104.03627,21.362444,110.72565
1197,2025-08-18 21:00:00+05:30,9.9587345,96.22574,19.781174,105.3009
1198,2025-08-18 22:00:00+05:30,9.726665,92.12105,19.348116,102.35535
1199,2025-08-18 23:00:00+05:30,10.261578,88.99494,19.85719,98.86454
1200,2025-08-19 00:00:00+05:30,11.212135,95.52745,20.91256,103.4382
1201,2025-08-19 01:00:00+05:30,11.16145,89.07598,20.98062,99.38144
1202,2025-08-19 02:00:00+05:30,12.251905,92.52606,22.19773,98.392845
1203,2025-08-19 03:00:00+05:30,12.287555,95.04236,22.282953,99.76661
1204,2025-08-19 04:00:00+05:30,14.408997,102.99462,24.552027,106.17627
1205,2025-08-19 05:00:00+05:30,13.084402,97.907074,22.530937,102.926
1206,2025-08-19 06:00:00+05:30,15.517629,86.00917,24.496538,87.89454
1207,2025-08-19 07:00:00+05:30,20.833395,99.95056,30.0767,101.0409
1208,2025-08-19 08:00:00+05:30,22.60631,110.02218,31.32724,110.51759
1209,2025-08-19 09:00:00+05:30,22.060833,111.541046,30.450338,111.864365
1210,2025-08-19 10:00:00+05:30,21.068459,106.88687,28.746511,107.867775
1211,2025-08-19 11:00:00+05:30,22.390293,114.71078,30.839415,115.21889
1212,2025-08-19 12:00:00+05:30,20.778112,109.219864,28.527018,109.921425
1213,2025-08-19 13:00:00+05:30,19.091883,118.73969,27.014996,119.98155
1214,2025-08-19 14:00:00+05:30,20.035059,121.405106,27.81859,122.04465
1215,2025-08-19 15:00:00+05:30,22.91026,135.0001,32.58348,135.0001
1216,2025-08-19 16:00:00+05:30,16.188995,138.15494,24.248611,139.21428
1217,2025-08-19 17:00:00+05:30,13.248049,143.2857,22.119503,145.2753
1218,2025-08-19 18:00:00+05:30,14.266632,119.4758,24.56258,123.34073
1219,2025-08-19 19:00:00+05:30,13.33094,124.54843,23.899363,129.80553
1220,2025-08-19 20:00:00+05:30,12.24,118.072395,22.431496,125.85845
1221,2025-08-19 21:00:00+05:30,12.47726,116.56499,22.917328,122.81634
1222,2025-08-19 22:00:00+05:30,12.124307,108.16605,22.390293,114.71078
1223,2025-08-19 23:00:00+05:30,12.181625,108.970505,22.098986,113.01478
1224,2025-08-20 00:00:00+05:30,13.3649235,115.529655,22.151705,118.64752
1225,2025-08-20 01:00:00+05:30,13.945064,113.58704,22.140732,115.523384
1226,2025-08-20 02:00:00+05:30,15.459054,117.75845,23.426292,115.97434
1227,2025-08-20 03:00:00+05:30,12.750811,108.946594,20.83806,109.68721
1228,2025-08-20 04:00:00+05:30,15.938896,116.85435,25.759504,116.56499
1229,2025-08-20 05:00:00+05:30,13.055896,105.1859,21.868332,110.22495
1230,2025-08-20 06:00:00+05:30,15.577022,112.4162,24.675106,113.198616
1231,2025-08-20 07:00:00+05:30,14.607751,112.456985,21.824583,114.87413
1232,2025-08-20 08:00:00+05:30,15.077082,123.310646,20.821728,124.78921
1233,2025-08-20 09:00:00+05:30,16.375053,123.34073,21.916433,123.95113
1234,2025-08-20 10:00:00+05:30,15.275627,134.04526,20.366266,134.28392
1235,2025-08-20 11:00:00+05:30,13.276144,139.39879,17.00881,140.58263
1236,2025-08-20 12:00:00+05:30,14.935662,139.39879,20.859041,140.9541
1237,2025-08-20 13:00:00+05:30,13.878688,136.5765,18.589739,136.5693
1238,2025-08-20 14:00:00+05:30,13.729647,145.68486,18.522516,145.69215
1239,2025-08-20 15:00:00+05:30,13.789691,144.02753,18.123774,145.52072
1240,2025-08-20 16:00:00+05:30,14.98331,141.34018,22.934288,143.93947
1241,2025-08-20 17:00:00+05:30,14.110209,150.16455,23.265303,152.84029
1242,2025-08-20 18:00:00+05:30,12.538134,129.17365,23.066002,132.15332
1243,2025-08-20 19:00:00+05:30,9.1958685,130.23628,18.839045,134.22588
1244,2025-08-20 20:00:00+05:30,8.139901,125.095894,17.205778,132.0317
1245,2025-08-20 21:00:00+05:30,10.1456785,115.20109,19.320465,123.98621
1246,2025-08-20 22:00:00+05:30,7.8480825,126.60716,16.08761,130.46214
1247,2025-08-20 23:00:00+05:30,8.181589,140.35587,15.9134655,142.35231
1248,2025-08-21 00:00:00+05:30,3.6447225,147.09476,8.596766,160.42679
1249,2025-08-21 01:00:00+05:30,1.6299692,96.340096,6.618519,135.0001
1250,2025-08-21 02:00:00+05:30,7.293888,195.75124,12.971244,182.3859
1251,2025-08-21 03:00:00+05:30,3.0811036,186.70975,6.8138976,167.79955
1252,2025-08-21 04:00:00+05:30,3.9518096,149.9315,8.37532,151.78275
1253,2025-08-21 05:00:00+05:30,5.983477,105.7087,9.096681,117.072
1254,2025-08-21 06:00:00+05:30,6.2145634,169.99208,9.721666,181.06088
1255,2025-08-21 07:00:00+05:30,3.1845248,227.29063,3.693291,226.97493
1256,2025-08-21 08:00:00+05:30,4.5,143.13002,5.257109,141.95291
1257,2025-08-21 09:00:00+05:30,4.7521367,155.37645,5.95906,154.98314
1258,2025-08-21 10:00:00+05:30,5.8769383,152.6502,7.0843205,152.78398
1259,2025-08-21 11:00:00+05:30,10.137692,163.49556,12.585848,163.37917
1260,2025-08-21 12:00:00+05:30,7.587806,202.30626,9.459852,201.19412
1261,2025-08-21 13:00:00+05:30,10.041354,194.5345,12.57426,193.24052
1262,2025-08-21 14:00:00+05:30,7.689603,196.31393,10.435344,194.99513
1263,2025-08-21 15:00:00+05:30,12.033103,201.96062,16.077536,201.68236
1264,2025-08-21 16:00:00+05:30,8.133928,204.86368,11.594292,207.75845
1265,2025-08-21 17:00:00+05:30,10.441552,180.98773,16.22498,183.17976
1266,2025-08-21 18:00:00+05:30,9.0018,181.14574,17.081041,187.87384
1267,2025-08-21 19:00:00+05:30,10.538843,172.14677,20.163212,178.97699
1268,2025-08-21 20:00:00+05:30,10.8029995,190.56096,20.82484,194.51674
1269,2025-08-21 21:00:00+05:30,8.836514,183.50346,17.512806,192.46492
1270,2025-08-21 22:00:00+05:30,6.9550843,169.56258,15.137133,182.72626
1271,2025-08-21 23:00:00+05:30,6.444905,125.90981,11.003581,164.82703
1272,2025-08-22 00:00:00+05:30,5.020677,104.5345,8.085988,163.17851
1273,2025-08-22 01:00:00+05:30,3.2599385,96.340096,6.162207,173.29025
1274,2025-08-22 02:00:00+05:30,7.3799996,90.0,11.003581,105.17297
1275,2025-08-22 03:00:00+05:30,6.5223618,62.02062,10.2742,86.98728
1276,2025-08-22 04:00:00+05:30,6.9899354,101.88863,13.570615,111.801476
1277,2025-08-22 05:00:00+05:30,4.8899083,96.340096,10.308831,102.09474
1278,2025-08-22 06:00:00+05:30,3.604497,177.13765,3.319036,192.5288
1279,2025-08-22 07:00:00+05:30,8.083983,191.5601,11.734564,200.659
1280,2025-08-22 08:00:00+05:30,8.099999,216.86998,10.182337,224.9999
1281,2025-08-22 09:00:00+05:30,7.2044983,257.00537,10.004178,261.72418
1282,2025-08-22 10:00:00+05:30,2.6758924,70.346085,3.644722,69.775055
1283,2025-08-22 11:00:00+05:30,0.742159,194.03627,0.71999997,180.0
1284,2025-08-22 12:00:00+05:30,3.550155,210.46547,3.9477081,204.22774
1285,2025-08-22 13:00:00+05:30,5.2478566,202.1664,5.920878,199.53674
1286,2025-08-22 14:00:00+05:30,7.388775,214.07724,8.936778,214.33028
1287,2025-08-22 15:00:00+05:30,3.4576871,308.65982,4.080882,311.42358
1288,2025-08-22 16:00:00+05:30,0.17999999,90.0,0.25455844,44.999897
1289,2025-08-22 17:00:00+05:30,7.9932966,215.83774,12.979984,213.6901
1290,2025-08-22 18:00:00+05:30,7.587806,247.69374,15.009236,247.43295
1291,2025-08-22 19:00:00+05:30,4.503598,267.70944,11.9140415,274.3322
1292,2025-08-22 20:00:00+05:30,3.0652893,220.23628,8.538149,251.56496
1293,2025-08-22 21:00:00+05:30,0.5091169,135.0001,3.6402748,261.46933
1294,2025-08-22 22:00:00+05:30,2.6999998,143.13002,3.6402748,188.53069
1295,2025-08-22 23:00:00+05:30,4.7657523,169.11452,8.967541,190.40765
1296,2025-08-23 00:00:00+05:30,3.671294,168.69011,8.688613,193.17256
1297,2025-08-23 01:00:00+05:30,6.090812,145.84026,10.041354,165.4655
1298,2025-08-23 02:00:00+05:30,6.269067,140.82635,9.676569,161.56496
1299,2025-08-23 03:00:00+05:30,6.6624317,128.41809,10.152064,142.92683
1300,2025-08-23 04:00:00+05:30,6.5223618,117.979385,10.587918,125.311295
1301,2025-08-23 05:00:00+05:30,8.049845,116.56499,12.881008,123.02388
1302,2025-08-23 06:00:00+05:30,6.3690495,132.70937,10.436895,147.6804
1303,2025-08-23 07:00:00+05:30,8.797931,120.76265,11.832176,123.20658
1304,2025-08-23 08:00:00+05:30,11.592894,126.15828,15.086748,125.77617
1305,2025-08-23 09:00:00+05:30,11.019764,141.63248,15.048042,143.26709
1306,2025-08-23 10:00:00+05:30,11.161451,127.79401,14.81915,130.07283
1307,2025-08-23 11:00:00+05:30,14.378608,124.286934,18.772715,124.451996
1308,2025-08-23 12:00:00+05:30,13.072015,128.2902,17.00881,129.41737
1309,2025-08-23 13:00:00+05:30,14.935662,139.39879,19.54389,139.85667
1310,2025-08-23 14:00:00+05:30,14.48972,153.43501,18.921415,154.65387
1311,2025-08-23 15:00:00+05:30,14.539945,158.19853,19.888983,158.77628
1312,2025-08-23 16:00:00+05:30,14.2336645,170.53775,20.161608,172.30405
1313,2025-08-23 17:00:00+05:30,13.605189,162.28412,20.69687,164.87595
1314,2025-08-23 18:00:00+05:30,5.257109,141.95291,11.190442,154.25934
1315,2025-08-23 19:00:00+05:30,7.6642804,170.53775,16.02101,179.35626
1316,2025-08-23 20:00:00+05:30,5.7628117,165.52966,14.22,180.0
1317,2025-08-23 21:00:00+05:30,9.449572,162.25523,17.893484,174.80566
1318,2025-08-23 22:00:00+05:30,11.052058,186.54619,20.102865,196.65019
1319,2025-08-23 23:00:00+05:30,11.165805,200.77234,20.371832,207.9235
1320,2025-08-24 00:00:00+05:30,10.429132,201.25058,19.83025,203.54005
1321,2025-08-24 01:00:00+05:30,10.464798,183.94511,18.88628,190.9886
1322,2025-08-24 02:00:00+05:30,10.453957,177.03912,19.18246,185.92448
1323,2025-08-24 03:00:00+05:30,12.549757,171.75377,21.434364,172.27826
1324,2025-08-24 04:00:00+05:30,9.885262,169.50858,18.595839,175.55884
1325,2025-08-24 05:00:00+05:30,9.096681,152.92801,17.035456,164.05453
1326,2025-08-24 06:00:00+05:30,12.976239,156.2796,19.829433,164.19742
1327,2025-08-24 07:00:00+05:30,15.275627,158.57465,22.427162,161.27412
1328,2025-08-24 08:00:00+05:30,12.24,180.0,16.38099,180.62958
1329,2025-08-24 09:00:00+05:30,8.967541,141.51978,11.989946,144.16226
1330,2025-08-24 10:00:00+05:30,9.335737,146.0035,11.738705,144.3601
1331,2025-08-24 11:00:00+05:30,9.5196,164.64981,12.267762,165.55592
1332,2025-08-24 12:00:00+05:30,12.42,180.0,15.481048,179.33382
1333,2025-08-24 13:00:00+05:30,9.867218,165.20319,13.41453,168.38855
1334,2025-08-24 14:00:00+05:30,7.519175,168.9591,9.801326,172.61404
1335,2025-08-24 15:00:00+05:30,15.517629,183.99083,21.087675,182.93561
1336,2025-08-24 16:00:00+05:30,10.621525,180.971,14.944336,181.38033
1337,2025-08-24 17:00:00+05:30,8.477216,176.34785,12.241323,179.1575
1338,2025-08-24 18:00:00+05:30,10.534229,199.9832,19.192593,200.30457
1339,2025-08-24 19:00:00+05:30,9.224011,174.40076,18.183563,181.1344
1340,2025-08-24 20:00:00+05:30,7.16617,154.72232,16.198,165.19157
1341,2025-08-24 21:00:00+05:30,6.3639607,151.2603,15.086748,162.64589
1342,2025-08-24 22:00:00+05:30,8.777654,151.85849,17.992796,160.11475
1343,2025-08-24 23:00:00+05:30,9.2660675,150.9455,18.65151,157.8905
1344,2025-08-25 00:00:00+05:30,8.297589,155.65892,17.703253,161.01228
1345,2025-08-25 01:00:00+05:30,6.6087217,150.64235,14.978986,159.60504
1346,2025-08-25 02:00:00+05:30,6.2379804,133.83095,13.779114,146.7251
1347,2025-08-25 03:00:00+05:30,6.854195,119.93143,14.396625,132.4664
1348,2025-08-25 04:00:00+05:30,6.792466,122.00535,14.156058,131.39143
1349,2025-08-25 05:00:00+05:30,6.9527545,111.25058,14.481893,122.307304
1350,2025-08-25 06:00:00+05:30,8.083983,101.560104,12.236029,116.18805
1351,2025-08-25 07:00:00+05:30,7.968939,108.43504,10.829958,111.44781
1352,2025-08-25 08:00:00+05:30,8.557102,112.24908,10.897063,112.328705
1353,2025-08-25 09:00:00+05:30,8.967541,100.40766,11.367109,100.95402
1354,2025-08-25 10:00:00+05:30,7.928178,87.3975,10.086427,87.95464
1355,2025-08-25 11:00:00+05:30,6.8541956,103.671326,8.297589,102.5288
1356,2025-08-25 12:00:00+05:30,5.9427266,91.73567,7.388775,92.79265
1357,2025-08-25 13:00:00+05:30,8.37532,98.65246,10.538843,97.853226
1358,2025-08-25 14:00:00+05:30,8.953078,120.17343,11.207801,119.858925
1359,2025-08-25 15:00:00+05:30,7.928177,129.47243,9.840914,129.80553
1360,2025-08-25 16:00:00+05:30,6.489992,109.440125,8.958504,112.4428
1361,2025-08-25 17:00:00+05:30,8.227004,100.08054,14.450537,103.69007
1362,2025-08-25 18:00:00+05:30,4.452954,104.03627,11.103243,106.96623
1363,2025-08-25 19:00:00+05:30,4.080882,138.57643,10.233123,129.28938
1364,2025-08-25 20:00:00+05:30,3.4247334,183.01273,9.224011,162.97939
1365,2025-08-25 21:00:00+05:30,0.9693296,111.801476,5.5916004,146.82147
1366,2025-08-25 22:00:00+05:30,4.379589,99.46225,9.600937,120.411
1367,2025-08-25 23:00:00+05:30,4.755544,119.4758,11.753876,130.0302
1368,2025-08-26 00:00:00+05:30,3.4388947,132.87889,10.094454,140.06367
1369,2025-08-26 01:00:00+05:30,3.319036,130.60121,9.361731,142.02834
1370,2025-08-26 02:00:00+05:30,3.319036,102.5288,8.856658,127.568665
1371,2025-08-26 03:00:00+05:30,3.06,90.0,8.049845,116.56499
1372,2025-08-26 04:00:00+05:30,3.7799997,90.0,9.3962755,110.17074
1373,2025-08-26 05:00:00+05:30,4.327493,106.9276,11.1090765,116.980156
1374,2025-08-26 06:00:00+05:30,5.506941,101.3099,8.699793,114.44395
1375,2025-08-26 07:00:00+05:30,8.39657,120.96369,11.4862,122.1957
1376,2025-08-26 08:00:00+05:30,11.7,120.51016,15.589497,121.30406
1377,2025-08-26 09:00:00+05:30,11.238113,121.908066,14.88242,122.15227
1378,2025-08-26 10:00:00+05:30,11.923557,118.88649,15.629971,118.92633
1379,2025-08-26 11:00:00+05:30,11.792404,121.26367,15.342294,121.07898
1380,2025-08-26 12:00:00+05:30,11.844492,126.34755,15.338071,125.9286
1381,2025-08-26 13:00:00+05:30,10.571074,132.92996,13.755579,132.87889
1382,2025-08-26 14:00:00+05:30,9.059205,130.97165,11.854062,131.92245
1383,2025-08-26 15:00:00+05:30,7.519175,132.0891,9.9408245,132.06425
1384,2025-08-26 16:00:00+05:30,7.8149853,141.54626,12.399113,140.30096
1385,2025-08-26 17:00:00+05:30,9.292255,148.46526,18.089775,148.84076
1386,2025-08-26 18:00:00+05:30,6.269067,129.17365,14.918297,131.57603
1387,2025-08-26 19:00:00+05:30,7.0199995,157.3801,16.759342,155.91255
1388,2025-08-26 20:00:00+05:30,4.514377,156.50142,12.641076,160.0168
1389,2025-08-26 21:00:00+05:30,3.745557,144.78232,9.82114,153.90463
1390,2025-08-26 22:00:00+05:30,4.278551,157.75093,10.934166,159.77505
1391,2025-08-26 23:00:00+05:30,3.572898,139.08571,9.021574,151.38963
1392,2025-08-27 00:00:00+05:30,4.3573384,128.2902,10.703569,137.72638
1393,2025-08-27 01:00:00+05:30,4.6730714,105.64231,11.734564,122.471176
1394,2025-08-27 02:00:00+05:30,5.4744864,99.46225,13.121493,116.91648
1395,2025-08-27 03:00:00+05:30,5.5799994,90.0,13.1041975,110.924576
1396,2025-08-27 04:00:00+05:30,5.937272,75.96373,12.284916,100.98061
1397,2025-08-27 05:00:00+05:30,7.342588,78.6901,14.589996,92.12105
1398,2025-08-27 06:00:00+05:30,9.354806,78.90632,17.648262,88.246635
1399,2025-08-27 07:00:00+05:30,11.252519,97.35229,15.833861,98.49848
1400,2025-08-27 08:00:00+05:30,14.934577,105.376305,20.44803,106.36115
1401,2025-08-27 09:00:00+05:30,14.761098,105.56157,20.155178,107.140434
1402,2025-08-27 10:00:00+05:30,15.034041,106.699326,20.208958,107.62811
1403,2025-08-27 11:00:00+05:30,15.198012,108.649635,20.438522,109.552086
1404,2025-08-27 12:00:00+05:30,16.165964,108.83853,21.576738,109.49316
1405,2025-08-27 13:00:00+05:30,16.055353,109.653915,21.53089,110.55613
1406,2025-08-27 14:00:00+05:30,16.42346,117.407486,22.218153,116.980156
1407,2025-08-27 15:00:00+05:30,15.4642935,129.80553,21.82755,130.65245
1408,2025-08-27 16:00:00+05:30,14.51876,132.99045,21.256008,134.65695
1409,2025-08-27 17:00:00+05:30,10.819482,134.32605,18.455925,135.3951
1410,2025-08-27 18:00:00+05:30,7.16617,115.277695,15.277749,124.43905
1411,2025-08-27 19:00:00+05:30,8.287822,124.3804,17.262178,129.49956
1412,2025-08-27 20:00:00+05:30,8.242743,121.60746,17.570988,127.92652
1413,2025-08-27 21:00:00+05:30,7.3469996,120.963684,16.08761,130.46214
1414,2025-08-27 22:00:00+05:30,8.669949,131.63345,17.823637,141.97272
1415,2025-08-27 23:00:00+05:30,9.1958685,130.23628,18.414625,140.553
1416,2025-08-28 00:00:00+05:30,9.5535755,132.70937,19.370708,142.17165
1417,2025-08-28 01:00:00+05:30,8.604301,142.65057,17.906157,149.82657
1418,2025-08-28 02:00:00+05:30,7.386582,133.02507,16.325514,145.78424
1419,2025-08-28 03:00:00+05:30,6.384293,130.426,14.904173,142.85323
1420,2025-08-28 04:00:00+05:30,6.638072,102.5288,14.277983,123.6901
1421,2025-08-28 05:00:00+05:30,8.707238,97.12492,17.14919,110.90806
1422,2025-08-28 06:00:00+05:30,14.913952,113.47101,22.862123,116.16151
1423,2025-08-28 07:00:00+05:30,16.759342,114.08745,24.401787,114.86367
1424,2025-08-28 08:00:00+05:30,15.095336,120.84652,20.778112,121.900116
1425,2025-08-28 09:00:00+05:30,15.3771,128.34561,20.558647,130.38358
1426,2025-08-28 10:00:00+05:30,15.401311,134.52655,20.110117,135.0001
1427,2025-08-28 11:00:00+05:30,14.037692,139.15973,18.11841,139.02835
1428,2025-08-28 12:00:00+05:30,11.892265,140.52757,14.545515,139.01427
1429,2025-08-28 13:00:00+05:30,8.55142,149.65683,11.91812,154.98314
1430,2025-08-28 14:00:00+05:30,8.260411,101.3099,11.384199,108.43504
1431,2025-08-28 15:00:00+05:30,13.891522,148.78166,18.865683,150.25522
1432,2025-08-28 16:00:00+05:30,15.602999,140.6176,22.151703,141.26747
1433,2025-08-28 17:00:00+05:30,13.935767,144.46223,22.215967,146.56743
1434,2025-08-28 18:00:00+05:30,9.039514,125.27251,18.455925,134.6049
1435,2025-08-28 19:00:00+05:30,10.404249,127.26648,21.004541,136.04153
1436,2025-08-28 20:00:00+05:30,11.843124,136.8476,22.433662,141.84273
1437,2025-08-28 21:00:00+05:30,11.074023,134.34154,21.252197,141.18861
1438,2025-08-28 22:00:00+05:30,11.385622,140.77434,21.767351,145.78424
1439,2025-08-28 23:00:00+05:30,11.885453,144.86572,22.134146,148.63675
1440,2025-08-29 00:00:00+05:30,11.304229,142.76509,21.0846,148.61687
1441,2025-08-29 01:00:00+05:30,10.134495,146.59216,19.424158,150.58449
1442,2025-08-29 02:00:00+05:30,11.4862,147.80429,19.581154,150.84317
1443,2025-08-29 03:00:00+05:30,10.296251,143.53067,18.775303,147.52882
1444,2025-08-29 04:00:00+05:30,8.528657,135.85501,17.179394,144.81117
1445,2025-08-29 05:00:00+05:30,8.320986,128.85338,16.732256,139.79991
1446,2025-08-29 06:00:00+05:30,13.229693,146.09369,20.899387,149.45947
1447,2025-08-29 07:00:00+05:30,11.161451,142.206,15.484185,144.46223
1448,2025-08-29 08:00:00+05:30,10.261579,142.12495,13.104198,142.81522
1449,2025-08-29 09:00:00+05:30,10.4493065,137.79277,13.259049,138.30196
1450,2025-08-29 10:00:00+05:30,11.090103,144.24602,13.935767,144.46223
1451,2025-08-29 11:00:00+05:30,10.182337,135.0001,12.601285,135.57864
1452,2025-08-29 12:00:00+05:30,14.230248,161.56496,17.589418,162.12122
1453,2025-08-29 13:00:00+05:30,10.908951,142.3737,15.926694,145.59148
1454,2025-08-29 14:00:00+05:30,13.472372,157.20345,20.924177,158.29005
1455,2025-08-29 15:00:00+05:30,11.799271,158.52315,15.844089,158.68202
1456,2025-08-29 16:00:00+05:30,11.113451,155.09526,15.463246,155.22488
1457,2025-08-29 17:00:00+05:30,11.435313,151.8215,19.239801,153.91446
1458,2025-08-29 18:00:00+05:30,12.71901,153.0724,23.046326,156.0375
1459,2025-08-29 19:00:00+05:30,11.1090765,153.01985,21.194187,159.10216
1460,2025-08-29 20:00:00+05:30,7.7734165,137.81563,16.724508,145.96783
1461,2025-08-29 21:00:00+05:30,8.65873,136.68465,17.174677,146.97614
1462,2025-08-29 22:00:00+05:30,8.913181,133.36346,17.352036,143.01115
1463,2025-08-29 23:00:00+05:30,9.220499,141.34016,18.030575,148.05528
1464,2025-08-30 00:00:00+05:30,9.080639,140.6307,18.183563,148.3554
1465,2025-08-30 01:00:00+05:30,7.001514,133.95847,15.12964,145.17545
1466,2025-08-30 02:00:00+05:30,6.544677,121.50421,13.044722,140.59937
1467,2025-08-30 03:00:00+05:30,7.995323,121.18491,14.2575445,133.97707
1468,2025-08-30 04:00:00+05:30,7.889259,117.1496,14.681866,130.52502
1469,2025-08-30 05:00:00+05:30,6.6185193,112.38018,12.932471,124.7961
1470,2025-08-30 06:00:00+05:30,7.891311,135.0001,12.750811,138.43373
1471,2025-08-30 07:00:00+05:30,7.1389914,123.6901,10.009036,127.694305
1472,2025-08-30 08:00:00+05:30,8.6193495,118.70586,11.052058,120.32352
1473,2025-08-30 09:00:00+05:30,7.596341,126.32692,9.614426,128.15727
1474,2025-08-30 10:00:00+05:30,8.320986,128.85338,10.486448,129.42778
1475,2025-08-30 11:00:00+05:30,8.65873,136.68465,10.948973,136.33215
1476,2025-08-30 12:00:00+05:30,9.252069,142.90709,11.556504,142.59457
1477,2025-08-30 13:00:00+05:30,15.22783,147.06131,18.72173,146.76828
1478,2025-08-30 14:00:00+05:30,11.252519,172.64772,15.188415,174.55975
1479,2025-08-30 15:00:00+05:30,7.754637,158.19853,11.799271,158.52315
1480,2025-08-30 16:00:00+05:30,9.165871,160.49747,14.174356,162.25523
1481,2025-08-30 17:00:00+05:30,4.1046314,142.12495,9.021574,151.38963
1482,2025-08-30 18:00:00+05:30,7.9567327,142.35231,16.79314,149.03632
1483,2025-08-30 19:00:00+05:30,8.942214,130.10085,18.844202,136.54811
1484,2025-08-30 20:00:00+05:30,7.0015144,107.96923,15.676542,124.23752
1485,2025-08-30 21:00:00+05:30,6.489992,93.17977,14.917212,109.74693
1486,2025-08-30 22:00:00+05:30,6.1569467,105.25517,14.49531,114.973885
1487,2025-08-30 23:00:00+05:30,5.068846,106.50443,12.783802,122.34742
1488,2025-08-31 00:00:00+05:30,4.829907,116.56499,12.108261,131.98714
1489,2025-08-31 01:00:00+05:30,4.3274937,135.0001,11.885453,144.86572
1490,2025-08-31 02:00:00+05:30,3.84796,100.784256,10.373061,128.65982
1491,2025-08-31 03:00:00+05:30,3.06,90.0,8.287822,124.3804
1492,2025-08-31 04:00:00+05:30,2.2910259,44.999897,4.896529,107.10281
1493,2025-08-31 05:00:00+05:30,4.2671766,62.354122,7.928178,92.60251
1494,2025-08-31 06:00:00+05:30,2.6999998,90.0,6.114703,132.61403
1495,2025-08-31 07:00:00+05:30,3.536439,104.743614,4.91634,113.749504
1496,2025-08-31 08:00:00+05:30,4.991553,115.64096,6.037383,116.56499
1497,2025-08-31 09:00:00+05:30,7.5363917,130.15593,9.313152,131.08165
1498,2025-08-31 10:00:00+05:30,7.120815,110.72565,8.891344,111.3707
1499,2025-08-31 11:00:00+05:30,8.101999,91.273,10.086427,92.045364
1500,2025-08-31 12:00:00+05:30,8.4042845,99.865746,10.6261,100.738846
1501,2025-08-31 13:00:00+05:30,7.256032,113.38525,9.194106,113.05133
1502,2025-08-31 14:00:00+05:30,10.656547,127.45065,13.356437,127.333275
1503,2025-08-31 15:00:00+05:30,9.567131,131.18582,12.616702,132.10866
1504,2025-08-31 16:00:00+05:30,7.7420926,125.537766,10.514218,128.04709
1505,2025-08-31 17:00:00+05:30,4.5891175,138.17992,9.614426,141.84273
1506,2025-08-31 18:00:00+05:30,4.2671766,62.354122,9.422101,83.41815
1507,2025-08-31 19:00:00+05:30,4.5536795,71.564964,10.261578,91.005066
1508,2025-08-31 20:00:00+05:30,5.04,90.0,12.442153,104.23732
1509,2025-08-31 21:00:00+05:30,5.4149795,105.42222,13.447095,117.93705
1510,2025-08-31 22:00:00+05:30,5.983477,105.7087,13.288341,118.30067
1511,2025-08-31 23:00:00+05:30,4.3573384,128.2902,10.583326,131.55252
1512,2025-09-01 00:00:00+05:30,2.0991426,149.03632,5.154415,155.22488
1513,2025-09-01 01:00:00+05:30,0.17999999,360.0,0.8049845,243.43501
1514,2025-09-01 02:00:00+05:30,4.3498964,335.55606,7.689603,339.44388
1515,2025-09-01 03:00:00+05:30,9.292255,338.40463,15.937878,341.56494
1516,2025-09-01 04:00:00+05:30,5.994297,41.347687,10.3621235,17.17599
1517,2025-09-01 05:00:00+05:30,5.5887027,14.931467,10.30883,24.775122
1518,2025-09-01 06:00:00+05:30,4.503598,357.70944,10.2742,3.0127327
1519,2025-09-01 07:00:00+05:30,3.62243,26.564985,5.3939967,25.709915
1520,2025-09-01 08:00:00+05:30,4.4565907,46.636536,5.728979,43.72705
1521,2025-09-01 09:00:00+05:30,5.48631,41.00899,6.8919086,40.763515
1522,2025-09-01 10:00:00+05:30,6.544677,31.504223,8.0899935,32.275623
1523,2025-09-01 11:00:00+05:30,7.329338,24.67685,8.93859,25.016869
1524,2025-09-01 12:00:00+05:30,8.849339,4.6667724,11.032987,5.6174936
1525,2025-09-01 13:00:00+05:30,7.327127,27.824009,9.418661,26.075302
1526,2025-09-01 14:00:00+05:30,6.873078,44.999897,8.528657,44.145004
1527,2025-09-01 15:00:00+05:30,5.48631,41.00899,7.1321807,42.954597
1528,2025-09-01 16:00:00+05:30,5.8603754,47.489597,8.149847,46.789886
1529,2025-09-01 17:00:00+05:30,2.0124612,63.435013,6.048107,53.471054
1530,2025-09-01 18:00:00+05:30,4.5891175,25.559923,10.837435,41.63345
1531,2025-09-01 19:00:00+05:30,2.50064,329.74365,6.320538,19.983198
1532,2025-09-01 20:00:00+05:30,2.4482648,306.02747,4.5,360.0
1533,2025-09-01 21:00:00+05:30,4.510787,331.38962,8.821836,1.1691146
1534,2025-09-01 22:00:00+05:30,5.0911684,351.87,10.6261,1.9414451
1535,2025-09-01 23:00:00+05:30,10.055864,134.27486,18.116621,117.83799
1536,2025-09-02 00:00:00+05:30,3.9312592,254.05453,1.659518,167.4712
1537,2025-09-02 01:00:00+05:30,0.9178235,168.69011,4.452954,165.96373
1538,2025-09-02 02:00:00+05:30,1.6981165,32.005356,4.8466477,105.06854
1539,2025-09-02 03:00:00+05:30,4.613762,339.44388,5.2694216,352.14676
1540,2025-09-02 04:00:00+05:30,6.9480934,343.44284,13.110376,351.31372
1541,2025-09-02 05:00:00+05:30,6.162207,6.70975,13.737904,5.26231
1542,2025-09-02 06:00:00+05:30,15.042659,68.96242,22.563988,68.96242
1543,2025-09-02 07:00:00+05:30,17.47484,87.63868,27.180595,89.620575
1544,2025-09-02 08:00:00+05:30,15.934829,103.72231,22.450264,105.81926
1545,2025-09-02 09:00:00+05:30,17.58481,112.89059,23.612953,113.82946
1546,2025-09-02 10:00:00+05:30,18.623693,122.76849,24.615288,122.7604
1547,2025-09-02 11:00:00+05:30,17.22742,116.02953,22.459644,116.154274
1548,2025-09-02 12:00:00+05:30,14.517644,107.31174,18.556595,108.08354
1549,2025-09-02 13:00:00+05:30,18.508516,97.26315,23.470507,98.378586
1550,2025-09-02 14:00:00+05:30,15.053425,116.2586,23.023117,116.96564
1551,2025-09-02 15:00:00+05:30,18.514643,116.56499,26.16509,117.44637
1552,2025-09-02 16:00:00+05:30,9.375563,93.301796,14.027302,98.85788
1553,2025-09-02 17:00:00+05:30,10.837435,101.49654,19.300331,109.61797
1554,2025-09-02 18:00:00+05:30,8.171683,82.40546,16.42839,94.39862
1555,2025-09-02 19:00:00+05:30,8.11798,93.814,17.594023,103.60976
1556,2025-09-02 20:00:00+05:30,8.821836,91.16911,17.651016,101.768265
1557,2025-09-02 21:00:00+05:30,9.721666,88.93912,18.94024,98.74608
1558,2025-09-02 22:00:00+05:30,12.273043,85.79472,21.660664,94.28908
1559,2025-09-02 23:00:00+05:30,8.865799,84.17376,18.044046,94.0041
1560,2025-09-03 00:00:00+05:30,9.444426,82.33328,18.9,90.0
1561,2025-09-03 01:00:00+05:30,12.061341,89.14493,22.199188,94.18484
1562,2025-09-03 02:00:00+05:30,12.849528,78.6901,23.197664,83.31623
1563,2025-09-03 03:00:00+05:30,12.425216,91.66025,21.840164,94.25375
1564,2025-09-03 04:00:00+05:30,11.788281,82.9836,21.791899,88.10666
1565,2025-09-03 05:00:00+05:30,14.769874,87.90479,25.582806,92.41946
1566,2025-09-03 06:00:00+05:30,12.57426,76.75947,19.959719,82.7469
1567,2025-09-03 07:00:00+05:30,14.970331,71.782814,22.277134,74.054535
1568,2025-09-03 08:00:00+05:30,19.263363,91.07081,26.105585,91.18524
1569,2025-09-03 09:00:00+05:30,17.1,90.0,23.226276,91.33219
1570,2025-09-03 10:00:00+05:30,22.08432,96.082245,29.538649,96.64856
1571,2025-09-03 11:00:00+05:30,20.81239,95.95704,27.372433,96.79779
1572,2025-09-03 12:00:00+05:30,20.721119,97.98924,29.207184,99.578354
1573,2025-09-03 13:00:00+05:30,20.933466,117.66667,28.255413,116.89145
1574,2025-09-03 14:00:00+05:30,21.091515,105.34095,30.399223,107.576744
1575,2025-09-03 15:00:00+05:30,16.862455,106.11349,25.161398,109.21277
1576,2025-09-03 16:00:00+05:30,13.948548,107.26589,21.347271,109.198944
1577,2025-09-03 17:00:00+05:30,14.7742605,112.19034,24.875193,117.12123
1578,2025-09-03 18:00:00+05:30,13.202726,101.003494,23.120018,106.74205
1579,2025-09-03 19:00:00+05:30,13.671707,99.0902,24.491245,104.03627
1580,2025-09-03 20:00:00+05:30,13.5515,106.99091,23.70129,110.91263
1581,2025-09-03 21:00:00+05:30,15.990646,121.18491,26.962173,122.73522
1582,2025-09-03 22:00:00+05:30,10.766949,128.21107,19.54389,130.14333
1583,2025-09-03 23:00:00+05:30,12.632101,122.78428,22.644258,126.59672
1584,2025-09-04 00:00:00+05:30,11.892265,129.47243,21.79487,131.98714
1585,2025-09-04 01:00:00+05:30,12.594856,120.963684,22.577625,125.590866
1586,2025-09-04 02:00:00+05:30,11.734564,110.659,20.94507,118.767555
1587,2025-09-04 03:00:00+05:30,10.51576,96.88163,19.361507,106.75035
1588,2025-09-04 04:00:00+05:30,11.265469,102.926,19.639805,107.60473
1589,2025-09-04 05:00:00+05:30,11.409785,96.340096,20.170443,103.4162
1590,2025-09-04 06:00:00+05:30,13.472372,112.796555,20.447239,116.11385
1591,2025-09-04 07:00:00+05:30,13.036026,107.68449,18.331741,109.50254
1592,2025-09-04 08:00:00+05:30,14.879153,124.65138,20.172853,124.82456
1593,2025-09-04 09:00:00+05:30,14.98331,128.65982,20.327251,129.61066
1594,2025-09-04 10:00:00+05:30,14.138882,111.66602,18.720001,112.61991
1595,2025-09-04 11:00:00+05:30,14.986553,114.102234,19.966211,115.64096
1596,2025-09-04 12:00:00+05:30,18.102308,131.77539,25.585972,134.14499
1597,2025-09-04 13:00:00+05:30,9.220499,128.65984,12.362475,132.04915
1598,2025-09-04 14:00:00+05:30,12.483748,137.33734,16.697365,138.05878
1599,2025-09-04 15:00:00+05:30,12.081473,118.47411,16.67892,119.05451
1600,2025-09-04 16:00:00+05:30,11.988594,138.65233,17.220835,138.81416
1601,2025-09-04 17:00:00+05:30,9.688281,144.83348,15.676542,145.76248
1602,2025-09-04 18:00:00+05:30,4.8733153,85.76369,10.644379,108.74143
1603,2025-09-04 19:00:00+05:30,4.3536186,119.74479,11.019764,128.36752
1604,2025-09-04 20:00:00+05:30,5.3517847,132.27362,13.044722,140.59937
1605,2025-09-04 21:00:00+05:30,4.0449967,122.27562,11.666721,141.89238
1606,2025-09-04 22:00:00+05:30,3.7799997,90.0,9.840914,129.80553
1607,2025-09-04 23:00:00+05:30,4.1556225,72.34979,9.266067,114.07549
1608,2025-09-05 00:00:00+05:30,5.426933,84.2895,11.726277,107.87879
1609,2025-09-05 01:00:00+05:30,7.2044983,102.99462,15.553083,113.895164
1610,2025-09-05 02:00:00+05:30,6.28713,113.62939,14.730336,122.52488
1611,2025-09-05 03:00:00+05:30,5.506941,101.3099,13.282243,116.56499
1612,2025-09-05 04:00:00+05:30,6.8989563,105.12406,14.897651,115.01687
1613,2025-09-05 05:00:00+05:30,6.8541956,113.198616,15.159591,119.91356
1614,2025-09-05 06:00:00+05:30,11.712454,133.75471,16.800856,135.0001
1615,2025-09-05 07:00:00+05:30,12.399113,140.30096,17.123669,140.11737
1616,2025-09-05 08:00:00+05:30,11.996699,152.28159,16.021011,152.57135
1617,2025-09-05 09:00:00+05:30,11.843124,155.77226,15.481046,156.71391
1618,2025-09-05 10:00:00+05:30,11.844492,143.65245,15.338071,144.07141
1619,2025-09-05 11:00:00+05:30,8.209263,142.12495,10.152064,142.92683
1620,2025-09-05 12:00:00+05:30,7.7734165,137.81563,9.567131,138.81418
1621,2025-09-05 13:00:00+05:30,7.6367526,135.0001,9.422101,136.54811
1622,2025-09-05 14:00:00+05:30,14.565548,140.01317,19.406637,139.51407
1623,2025-09-05 15:00:00+05:30,11.27553,163.30067,15.725037,164.05453
1624,2025-09-05 16:00:00+05:30,12.750811,161.0534,18.954777,161.73701
1625,2025-09-05 17:00:00+05:30,11.442394,160.70985,19.468311,162.23506
1626,2025-09-05 18:00:00+05:30,4.724786,139.63554,12.659004,150.15416
1627,2025-09-05 19:00:00+05:30,8.089993,159.14546,18.079027,167.34744
1628,2025-09-05 20:00:00+05:30,6.1858225,171.6342,15.743569,174.09395
1629,2025-09-05 21:00:00+05:30,4.952453,160.90642,13.523978,170.03625
1630,2025-09-05 22:00:00+05:30,5.8104043,163.81073,14.917212,171.67444
1631,2025-09-05 23:00:00+05:30,6.6624317,181.54813,16.23596,183.814
1632,2025-09-06 00:00:00+05:30,6.489992,183.17976,15.784676,187.20596
1633,2025-09-06 01:00:00+05:30,4.8899083,173.6599,13.864674,181.48784
1634,2025-09-06 02:00:00+05:30,4.5322843,173.15732,12.781267,179.19308
1635,2025-09-06 03:00:00+05:30,4.802999,167.00539,12.991212,176.02759
1636,2025-09-06 04:00:00+05:30,2.226477,165.96373,9.0,180.0
1637,2025-09-06 05:00:00+05:30,2.4482648,126.027466,7.2044983,167.00539
1638,2025-09-06 06:00:00+05:30,5.293959,144.6887,10.564941,166.20049
1639,2025-09-06 07:00:00+05:30,7.8149853,165.32356,10.3480425,166.93068
1640,2025-09-06 08:00:00+05:30,8.43699,168.92984,10.6261,169.26115
1641,2025-09-06 09:00:00+05:30,7.289444,159.77505,8.996398,160.11475
1642,2025-09-06 10:00:00+05:30,9.12513,165.14134,11.656998,166.60748
1643,2025-09-06 11:00:00+05:30,8.654986,163.0724,11.103243,163.03377
1644,2025-09-06 12:00:00+05:30,9.919618,168.4862,12.849528,168.69011
1645,2025-09-06 13:00:00+05:30,9.67657,170.36253,12.7546215,171.06949
1646,2025-09-06 14:00:00+05:30,9.5416975,181.0809,12.431734,182.4895
1647,2025-09-06 15:00:00+05:30,9.403169,185.49223,12.483749,185.79271
1648,2025-09-06 16:00:00+05:30,9.195868,176.6336,14.404499,178.56793
1649,2025-09-06 17:00:00+05:30,7.9932976,172.23492,17.325876,175.82965
1650,2025-09-06 18:00:00+05:30,16.720633,165.66454,28.452528,168.69011
1651,2025-09-06 19:00:00+05:30,10.948973,189.46225,22.460365,189.68872
1652,2025-09-06 20:00:00+05:30,8.281956,178.75467,18.72346,178.89832
1653,2025-09-06 21:00:00+05:30,6.391901,170.27249,16.755476,177.53723
1654,2025-09-06 22:00:00+05:30,9.144637,169.79608,20.359901,177.46649
1655,2025-09-06 23:00:00+05:30,9.181765,181.12328,19.85719,188.86455
1656,2025-09-07 00:00:00+05:30,8.827344,200.28264,19.121557,202.70288
1657,2025-09-07 01:00:00+05:30,8.39657,210.96368,18.526888,212.3004
1658,2025-09-07 02:00:00+05:30,7.289444,200.22495,16.825909,207.38733
1659,2025-09-07 03:00:00+05:30,4.913044,188.42688,13.661038,198.43504
1660,2025-09-07 04:00:00+05:30,5.3699164,193.57045,13.54911,199.3979
1661,2025-09-07 05:00:00+05:30,5.937272,194.03627,14.458382,198.88618
1662,2025-09-07 06:00:00+05:30,7.3997297,175.81517,15.027575,186.18852
1663,2025-09-07 07:00:00+05:30,8.197414,171.15826,11.230904,173.5585
1664,2025-09-07 08:00:00+05:30,9.144637,190.20392,11.897714,190.45985
1665,2025-09-07 09:00:00+05:30,8.707238,187.12492,11.098865,188.39284
1666,2025-09-07 10:00:00+05:30,8.171683,172.40544,10.337079,172.99883
1667,2025-09-07 11:00:00+05:30,6.849467,176.98727,8.647496,177.6141
1668,2025-09-07 12:00:00+05:30,8.827344,182.33725,11.173057,182.77016
1669,2025-09-07 13:00:00+05:30,9.195868,176.6336,11.701385,179.11862
1670,2025-09-07 14:00:00+05:30,8.287822,177.5105,10.441552,179.01227
1671,2025-09-07 15:00:00+05:30,7.2044983,167.00539,9.391102,167.82855
1672,2025-09-07 16:00:00+05:30,6.424764,168.69011,9.708326,169.31514
1673,2025-09-07 17:00:00+05:30,4.5536795,161.56496,11.177405,165.06853
1674,2025-09-07 18:00:00+05:30,7.491114,144.78232,16.994516,151.53494
1675,2025-09-07 19:00:00+05:30,7.7734165,137.81563,18.727787,144.78232
1676,2025-09-07 20:00:00+05:30,8.297589,167.4712,18.98552,174.55975
1677,2025-09-07 21:00:00+05:30,7.5685663,182.72626,17.616106,187.63324
1678,2025-09-07 22:00:00+05:30,8.513448,193.44862,18.914566,196.02036
1679,2025-09-07 23:00:00+05:30,9.459852,201.19412,20.397263,203.39778
1680,2025-09-08 00:00:00+05:30,8.482947,197.28159,18.65151,202.1095
1681,2025-09-08 01:00:00+05:30,7.186487,202.06795,16.986889,205.75043
1682,2025-09-08 02:00:00+05:30,7.247096,194.38142,16.645864,201.57137
1683,2025-09-08 03:00:00+05:30,6.638072,192.5288,15.94804,200.48044
1684,2025-09-08 04:00:00+05:30,4.8899083,186.3401,13.091829,198.43504
1685,2025-09-08 05:00:00+05:30,5.5916004,176.30869,12.576836,189.05782
1686,2025-09-08 06:00:00+05:30,5.1544156,192.09474,12.496719,191.6336
1687,2025-09-08 07:00:00+05:30,5.4477882,187.59456,7.731622,192.09474
1688,2025-09-08 08:00:00+05:30,6.3639607,188.13002,8.4042845,189.86574
1689,2025-09-08 09:00:00+05:30,6.310277,176.72958,7.922045,178.69807
1690,2025-09-08 10:00:00+05:30,5.6492476,157.52052,7.120815,159.27437
1691,2025-09-08 11:00:00+05:30,6.696387,143.74608,8.287822,145.6196
1692,2025-09-08 12:00:00+05:30,7.344794,143.97253,9.187056,145.37578
1693,2025-09-08 13:00:00+05:30,8.139901,144.90411,10.134495,146.59216
1694,2025-09-08 14:00:00+05:30,7.5170207,163.30067,9.793058,162.89719
1695,2025-09-08 15:00:00+05:30,8.936777,161.20001,11.726277,162.12122
1696,2025-09-08 16:00:00+05:30,8.155807,157.96371,13.719023,160.85178
1697,2025-09-08 17:00:00+05:30,5.3699164,166.42955,13.084402,172.09293
1698,2025-09-08 18:00:00+05:30,7.0015144,162.03076,16.778666,170.73985
1699,2025-09-08 19:00:00+05:30,6.1569467,164.74483,15.891054,170.21767
1700,2025-09-08 20:00:00+05:30,5.7852573,174.64427,15.3264475,176.6336
1701,2025-09-08 21:00:00+05:30,8.4042845,189.86574,19.470808,193.9078
1702,2025-09-08 22:00:00+05:30,9.430694,193.24052,20.793701,196.08173
1703,2025-09-08 23:00:00+05:30,10.261579,201.61484,21.893505,201.71399
1704,2025-09-09 00:00:00+05:30,9.983106,205.64096,20.850496,207.22859
1705,2025-09-09 01:00:00+05:30,9.659814,206.56499,19.941854,210.96368
1706,2025-09-09 02:00:00+05:30,7.889259,207.1496,17.504478,210.25636
1707,2025-09-09 03:00:00+05:30,6.76618,208.61037,15.926694,214.40852
1708,2025-09-09 04:00:00+05:30,5.2478566,202.1664,13.584932,212.00534
1709,2025-09-09 05:00:00+05:30,5.293959,215.3113,13.184308,218.90414
1710,2025-09-09 06:00:00+05:30,5.815978,201.80147,13.060857,209.74478
1711,2025-09-09 07:00:00+05:30,7.120815,200.72563,9.927779,202.38017
1712,2025-09-09 08:00:00+05:30,6.9527545,201.25058,9.194106,203.05133
1713,2025-09-09 09:00:00+05:30,6.0721655,191.9761,7.6409945,195.01842
1714,2025-09-09 10:00:00+05:30,6.8423676,178.4926,8.821836,181.16911
1715,2025-09-09 11:00:00+05:30,5.9644947,174.80566,7.579261,175.91446
1716,2025-09-09 12:00:00+05:30,6.8989563,164.87595,8.863972,167.09259
1717,2025-09-09 13:00:00+05:30,6.7469993,170.78905,8.731392,171.70294
1718,2025-09-09 14:00:00+05:30,8.461914,181.21884,10.805999,181.9091
1719,2025-09-09 15:00:00+05:30,8.171683,187.59456,11.074022,187.47147
1720,2025-09-09 16:00:00+05:30,7.4672885,195.37631,12.98248,196.9276
1721,2025-09-09 17:00:00+05:30,5.4744864,189.46225,13.666967,192.93806
1722,2025-09-09 18:00:00+05:30,4.73506,188.74608,11.720751,190.6196
1723,2025-09-09 19:00:00+05:30,6.0721655,191.9761,15.299999,188.79733
1724,2025-09-09 20:00:00+05:30,10.233123,309.28937,15.312701,287.79608
1725,2025-09-09 21:00:00+05:30,7.256032,46.005,3.9640884,50.52757
1726,2025-09-09 22:00:00+05:30,4.913044,171.57312,12.979984,199.44012
1727,2025-09-09 23:00:00+05:30,7.289444,200.22495,17.629896,206.04176
1728,2025-09-10 00:00:00+05:30,7.889259,207.1496,18.089775,211.15924
1729,2025-09-10 01:00:00+05:30,8.534353,207.64589,18.72173,213.23172
1730,2025-09-10 02:00:00+05:30,7.0843205,207.21602,16.575644,214.3804
1731,2025-09-10 03:00:00+05:30,7.4128532,209.0545,16.530626,215.24765
1732,2025-09-10 04:00:00+05:30,7.8954163,204.22774,17.10284,210.34317
1733,2025-09-10 05:00:00+05:30,7.823272,203.02553,16.701244,210.43416
1734,2025-09-10 06:00:00+05:30,7.9036193,210.0685,16.325514,214.21576
1735,2025-09-10 07:00:00+05:30,6.804381,232.52374,9.648067,233.3438
1736,2025-09-10 08:00:00+05:30,6.391901,212.34741,8.641874,215.6765
1737,2025-09-10 09:00:00+05:30,3.4623692,207.89717,4.4456716,211.75943
1738,2025-09-10 10:00:00+05:30,7.8480825,323.39282,9.614426,321.8427
1739,2025-09-10 11:00:00+05:30,5.3999996,180.0,6.6818557,184.63538
1740,2025-09-10 12:00:00+05:30,4.2021422,189.86574,5.3305535,191.68935
1741,2025-09-10 13:00:00+05:30,7.4346757,186.95287,9.114471,189.0902
1742,2025-09-10 14:00:00+05:30,6.5520988,200.92458,8.322932,201.57137
1743,2025-09-10 15:00:00+05:30,6.502461,221.63345,8.415842,221.53168
1744,2025-09-10 16:00:00+05:30,7.186487,202.06795,10.30883,204.77512
1745,2025-09-10 17:00:00+05:30,6.037383,206.56499,13.690653,208.24963
1746,2025-09-10 18:00:00+05:30,5.068846,286.50443,10.446206,271.97488
1747,2025-09-10 19:00:00+05:30,5.6492476,292.47946,11.9466305,276.0541
1748,2025-09-10 20:00:00+05:30,5.6521144,260.83774,13.403656,255.21722
1749,2025-09-10 21:00:00+05:30,3.396233,237.99466,9.668195,241.0491
1750,2025-09-10 22:00:00+05:30,5.004518,232.3057,12.881008,236.97612
1751,2025-09-10 23:00:00+05:30,3.7971041,238.57048,10.874741,245.55606
1752,2025-09-11 00:00:00+05:30,4.3832865,250.82089,11.177405,255.06853
1753,2025-09-11 01:00:00+05:30,3.319036,229.39879,9.565437,250.20103
1754,2025-09-11 02:00:00+05:30,2.8856194,183.57626,7.0107627,221.87778
1755,2025-09-11 03:00:00+05:30,2.52,180.0,5.692099,214.69522
1756,2025-09-11 04:00:00+05:30,3.8647635,152.24155,6.6624317,178.45187
1757,2025-09-11 05:00:00+05:30,5.7515564,159.86362,11.052058,173.45381
1758,2025-09-11 06:00:00+05:30,4.6834598,177.79745,8.557102,194.62091
1759,2025-09-11 07:00:00+05:30,3.9966483,215.83774,5.441838,214.21576
1760,2025-09-11 08:00:00+05:30,5.22,223.60289,6.7469993,223.91916
1761,2025-09-11 09:00:00+05:30,2.5959969,236.3099,3.244996,236.3099
1762,2025-09-11 10:00:00+05:30,3.362677,195.52417,3.9312592,195.94547
1763,2025-09-11 11:00:00+05:30,1.9386592,201.80147,2.3400002,202.6199
1764,2025-09-11 12:00:00+05:30,2.0991426,210.96368,2.5772076,204.77512
1765,2025-09-11 13:00:00+05:30,1.3708391,156.80138,1.609969,153.43501
1766,2025-09-11 14:00:00+05:30,2.2553935,208.61037,2.9024127,209.7448
1767,2025-09-11 15:00:00+05:30,3.4388947,227.12111,4.2021427,223.26433
1768,2025-09-11 16:00:00+05:30,8.049845,206.56499,11.51578,204.96275
1769,2025-09-11 17:00:00+05:30,13.110376,135.55618,18.807201,140.82635
1770,2025-09-11 18:00:00+05:30,6.379216,163.61038,13.6242285,164.67844
1771,2025-09-11 19:00:00+05:30,2.7943513,165.06853,9.914717,176.87793
1772,2025-09-11 20:00:00+05:30,1.26,180.0,6.8138976,192.20045
1773,2025-09-11 21:00:00+05:30,0.40249225,333.43503,4.1046314,217.87505
1774,2025-09-11 22:00:00+05:30,6.698806,329.30035,8.65873,313.31537
1775,2025-09-11 23:00:00+05:30,1.659518,229.39879,5.8631387,252.1212
1776,2025-09-12 00:00:00+05:30,0.5091169,135.0001,3.5864744,197.52567
1777,2025-09-12 01:00:00+05:30,1.2727921,188.13002,5.7515564,200.13638
1778,2025-09-12 02:00:00+05:30,7.1389914,236.3099,13.324863,218.41809
1779,2025-09-12 03:00:00+05:30,2.3469126,175.60138,7.587806,202.30626
1780,2025-09-12 04:00:00+05:30,2.1749482,65.55606,2.4149535,116.56499
1781,2025-09-12 05:00:00+05:30,2.19718,55.0079,3.9966488,97.76508
1782,2025-09-12 06:00:00+05:30,1.609969,243.43501,3.143565,193.24052
1783,2025-09-12 07:00:00+05:30,5.7599998,180.0,7.748368,177.33705
1784,2025-09-12 08:00:00+05:30,4.542994,146.3099,5.7431,147.80429
1785,2025-09-12 09:00:00+05:30,3.3481934,126.25393,3.9966483,125.837746
1786,2025-09-12 10:00:00+05:30,3.4576871,141.34016,4.2175345,140.19447
1787,2025-09-12 11:00:00+05:30,2.8460495,124.69522,3.6,126.86999
1788,2025-09-12 12:00:00+05:30,2.1674871,85.23644,2.7059932,86.186005
1789,2025-09-12 13:00:00+05:30,3.9518096,59.93151,5.00128,59.743652
1790,2025-09-12 14:00:00+05:30,9.085988,123.6901,11.782784,124.41843
1791,2025-09-12 15:00:00+05:30,2.7475805,301.60745,1.7076298,251.56496
1792,2025-09-12 16:00:00+05:30,5.5450516,166.86597,11.481968,166.39944
1793,2025-09-12 17:00:00+05:30,6.2405767,146.76828,12.5032,157.1263
1794,2025-09-12 18:00:00+05:30,6.037383,153.43501,13.403656,157.91278
1795,2025-09-12 19:00:00+05:30,6.6794305,165.96373,14.917212,171.67444
1796,2025-09-12 20:00:00+05:30,3.84796,169.21574,11.521406,179.10484
1797,2025-09-12 21:00:00+05:30,4.7521367,155.37645,13.026081,168.84538
1798,2025-09-12 22:00:00+05:30,3.8856654,166.60748,10.981475,179.06084
1799,2025-09-12 23:00:00+05:30,4.68,180.0,12.682018,186.5197
1800,2025-09-13 00:00:00+05:30,4.8633323,182.12105,12.576836,189.05782
1801,2025-09-13 01:00:00+05:30,5.232399,176.05489,12.825552,184.83034
1802,2025-09-13 02:00:00+05:30,4.2366967,167.73524,10.981475,179.06084
1803,2025-09-13 03:00:00+05:30,3.604497,177.13765,10.478722,184.92702
1804,2025-09-13 04:00:00+05:30,4.942631,169.50858,10.799999,180.0
1805,2025-09-13 05:00:00+05:30,4.1125174,156.80139,10.182337,171.86998
1806,2025-09-13 06:00:00+05:30,2.9024127,187.12492,9.0645685,173.15732
1807,2025-09-13 07:00:00+05:30,3.9640884,140.52757,6.297428,149.03632
1808,2025-09-13 08:00:00+05:30,1.1525624,141.34016,1.8532133,150.9455
1809,2025-09-13 09:00:00+05:30,2.0991426,210.96368,2.97953,205.01686
1810,2025-09-13 10:00:00+05:30,3.143565,166.75948,3.9312592,164.05453
1811,2025-09-13 11:00:00+05:30,10.441551,125.88223,13.18308,124.992096
1812,2025-09-13 12:00:00+05:30,3.0652895,93.366394,4.1556225,107.650215
1813,2025-09-13 13:00:00+05:30,7.3094187,142.00122,9.252069,142.90709
1814,2025-09-13 14:00:00+05:30,11.793777,164.05453,15.602999,163.23737
1815,2025-09-13 15:00:00+05:30,10.51576,186.88162,14.455019,185.00055
1816,2025-09-13 16:00:00+05:30,9.499157,189.81923,14.264361,190.17545
1817,2025-09-13 17:00:00+05:30,6.122647,181.68465,12.6462,184.899
1818,2025-09-13 18:00:00+05:30,5.815978,158.19853,12.606426,170.13426
1819,2025-09-13 19:00:00+05:30,5.495161,148.39255,13.055896,164.81412
1820,2025-09-13 20:00:00+05:30,6.696387,143.74608,14.810401,159.36237
1821,2025-09-13 21:00:00+05:30,6.391901,147.65259,14.24163,159.27437
1822,2025-09-13 22:00:00+05:30,7.406295,154.05775,15.881875,162.18102
1823,2025-09-13 23:00:00+05:30,7.989242,157.47939,17.035456,164.05453
1824,2025-09-14 00:00:00+05:30,8.431228,163.8865,17.90344,170.15894
1825,2025-09-14 01:00:00+05:30,8.513448,166.55138,17.972979,172.51921
1826,2025-09-14 02:00:00+05:30,5.9644947,174.80566,14.94,180.0
1827,2025-09-14 03:00:00+05:30,4.6834598,182.20255,12.7279215,188.13002
1828,2025-09-14 04:00:00+05:30,4.379589,170.53775,12.0720825,182.56372
1829,2025-09-14 05:00:00+05:30,4.143911,145.6196,11.190442,168.87085
1830,2025-09-14 06:00:00+05:30,7.5685663,182.72626,11.252519,187.35228
1831,2025-09-14 07:00:00+05:30,7.748368,182.66295,10.644379,183.87845
1832,2025-09-14 08:00:00+05:30,8.101999,178.727,10.981475,179.06084
1833,2025-09-14 09:00:00+05:30,7.2022495,178.56793,9.007196,177.70944
1834,2025-09-14 10:00:00+05:30,6.12,180.0,7.562142,181.36389
1835,2025-09-14 11:00:00+05:30,6.379216,163.61038,7.989243,165.65063
1836,2025-09-14 12:00:00+05:30,13.125196,154.84073,16.833609,155.35324
1837,2025-09-14 13:00:00+05:30,9.3962755,163.30067,12.98248,163.0724
1838,2025-09-14 14:00:00+05:30,8.827344,177.66275,12.0720825,177.43628
1839,2025-09-14 15:00:00+05:30,8.836514,183.50346,11.892265,182.60251
1840,2025-09-14 16:00:00+05:30,7.922045,181.30193,10.621525,180.971
1841,2025-09-14 17:00:00+05:30,9.67657,189.63747,17.90344,189.84106
1842,2025-09-14 18:00:00+05:30,6.1569467,164.74483,13.493999,170.78905
1843,2025-09-14 19:00:00+05:30,4.4456716,148.24057,10.656547,164.32042
1844,2025-09-14 20:00:00+05:30,6.248359,131.49637,12.10157,149.62096
1845,2025-09-14 21:00:00+05:30,7.596341,143.67308,15.056652,152.20966
1846,2025-09-14 22:00:00+05:30,8.93859,154.98314,17.280935,157.9769
1847,2025-09-14 23:00:00+05:30,7.256032,156.61476,15.034041,163.30067
1848,2025-09-15 00:00:00+05:30,7.4932766,155.89777,14.934577,164.62369
1849,2025-09-15 01:00:00+05:30,3.536439,104.743614,7.4932766,155.89777
1850,2025-09-15 02:00:00+05:30,6.114703,132.61403,9.636307,147.20047
1851,2025-09-15 03:00:00+05:30,5.369916,129.55963,7.0038276,154.09355
1852,2025-09-15 04:00:00+05:30,5.369916,129.55963,7.1321807,137.04541
1853,2025-09-15 05:00:00+05:30,6.8612823,94.5139,9.82279,103.781624
1854,2025-09-15 06:00:00+05:30,9.56713,191.94415,14.957339,182.75905
1855,2025-09-15 07:00:00+05:30,8.891343,121.75944,11.592894,126.15828
1856,2025-09-15 08:00:00+05:30,5.6262593,172.64772,8.11798,176.186
1857,2025-09-15 09:00:00+05:30,11.003581,164.82703,15.281989,164.98158
1858,2025-09-15 10:00:00+05:30,4.5891175,191.30989,5.896202,192.33908
1859,2025-09-15 11:00:00+05:30,3.1072817,190.00792,3.9312592,195.94547
1860,2025-09-15 12:00:00+05:30,5.771239,183.57626,7.040739,184.39862
1861,2025-09-15 13:00:00+05:30,7.4672885,164.62369,9.346143,164.3577
1862,2025-09-15 14:00:00+05:30,7.628263,160.70985,9.505977,161.22188
1863,2025-09-15 15:00:00+05:30,7.628263,160.70985,9.505977,161.22188
1864,2025-09-15 16:00:00+05:30,7.4346757,173.04713,9.9587345,173.77426
1865,2025-09-15 17:00:00+05:30,12.399113,129.69904,19.881649,137.93575
1866,2025-09-15 18:00:00+05:30,7.968939,161.56496,14.561099,171.46931
1867,2025-09-15 19:00:00+05:30,6.384293,229.574,11.679212,208.53989
1868,2025-09-15 20:00:00+05:30,2.9024127,209.7448,7.353611,201.54105
1869,2025-09-15 21:00:00+05:30,2.7416782,113.19862,7.388775,145.92276
1870,2025-09-15 22:00:00+05:30,2.1897945,99.46225,8.099999,143.13002
1871,2025-09-15 23:00:00+05:30,5.0911684,171.86998,11.755254,168.51804
1872,2025-09-16 00:00:00+05:30,5.315336,118.30067,11.13384,145.53912
1873,2025-09-16 01:00:00+05:30,2.9024127,240.2552,6.320538,199.9832
1874,2025-09-16 02:00:00+05:30,6.037383,280.30478,8.647496,267.6141
1875,2025-09-16 03:00:00+05:30,3.8183763,188.13002,5.5216303,199.0257
1876,2025-09-16 04:00:00+05:30,5.315336,208.30066,9.449572,197.74477
1877,2025-09-16 05:00:00+05:30,4.5,180.0,7.2202215,184.28908
1878,2025-09-16 06:00:00+05:30,5.5567255,155.09526,11.481968,170.98076
1879,2025-09-16 07:00:00+05:30,9.9408245,148.32457,14.087229,153.43501
1880,2025-09-16 08:00:00+05:30,11.345713,178.18173,18.367939,181.68465
1881,2025-09-16 09:00:00+05:30,5.876938,130.0302,9.290511,144.46223
1882,2025-09-16 10:00:00+05:30,12.108261,174.88278,16.069473,175.50293
1883,2025-09-16 11:00:00+05:30,9.181765,178.87672,12.421304,180.83029
1884,2025-09-16 12:00:00+05:30,7.2022495,181.43207,9.007196,182.29056
1885,2025-09-16 13:00:00+05:30,8.281956,181.24533,10.441552,180.98773
1886,2025-09-16 14:00:00+05:30,7.7588143,176.00917,9.555271,176.76036
1887,2025-09-16 15:00:00+05:30,9.266067,172.1848,11.966953,173.08887
1888,2025-09-16 16:00:00+05:30,15.215058,169.08891,23.231855,169.73492
1889,2025-09-16 17:00:00+05:30,9.979859,172.7469,16.928614,178.17207
1890,2025-09-16 18:00:00+05:30,9.437563,145.09743,17.068707,152.35411
1891,2025-09-16 19:00:00+05:30,9.913082,150.64235,18.88628,157.59012
1892,2025-09-16 20:00:00+05:30,8.783189,135.83023,17.932373,144.39539
1893,2025-09-16 21:00:00+05:30,9.044888,148.84076,17.951334,153.1781
1894,2025-09-16 22:00:00+05:30,9.741642,152.48808,18.855375,159.31584
1895,2025-09-16 23:00:00+05:30,9.109138,150.39565,17.54977,158.96242
1896,2025-09-17 00:00:00+05:30,8.557102,157.75093,16.940096,165.2254
1897,2025-09-17 01:00:00+05:30,7.172949,162.47433,14.357185,172.07317
1898,2025-09-17 02:00:00+05:30,7.6367526,171.86998,15.12107,180.68204
1899,2025-09-17 03:00:00+05:30,9.292254,188.91484,16.810495,192.99461
1900,2025-09-17 04:00:00+05:30,9.102021,204.5377,16.666288,207.67198
1901,2025-09-17 05:00:00+05:30,6.8541956,203.19861,14.581111,208.77971
1902,2025-09-17 06:00:00+05:30,8.297589,176.26868,12.245294,181.68465
1903,2025-09-17 07:00:00+05:30,8.101999,181.273,10.813492,182.86235
1904,2025-09-17 08:00:00+05:30,8.131936,174.92049,10.823973,176.186
1905,2025-09-17 09:00:00+05:30,6.6624317,178.45187,8.281956,178.75467
1906,2025-09-17 10:00:00+05:30,7.5685663,177.27374,9.3669195,177.79745
1907,2025-09-17 11:00:00+05:30,7.9077177,191.82146,9.919618,191.5138
1908,2025-09-17 12:00:00+05:30,8.0899935,212.27562,10.1887,212.00534
1909,2025-09-17 13:00:00+05:30,8.131936,185.07951,10.1376915,186.1154
1910,2025-09-17 14:00:00+05:30,10.6261,178.05856,13.510796,177.70944
1911,2025-09-17 15:00:00+05:30,12.632101,184.08554,17.750774,186.40425
1912,2025-09-17 16:00:00+05:30,12.605142,181.63654,18.202265,182.83405
1913,2025-09-17 17:00:00+05:30,7.3821945,181.39716,13.169555,190.23474
1914,2025-09-17 18:00:00+05:30,5.1197267,169.8754,13.698934,183.01273
1915,2025-09-17 19:00:00+05:30,5.3939967,154.2901,13.543131,175.42616
1916,2025-09-17 20:00:00+05:30,5.6835546,169.04597,14.041154,180.7345
1917,2025-09-17 21:00:00+05:30,6.3639607,171.86998,14.957339,182.75905
1918,2025-09-17 22:00:00+05:30,5.426933,174.2895,13.902014,184.45552
1919,2025-09-17 23:00:00+05:30,5.5450516,166.86597,13.684735,181.5074
1920,2025-09-18 00:00:00+05:30,6.482499,178.40889,14.869351,186.95287
1921,2025-09-18 01:00:00+05:30,7.342588,191.30989,16.336426,198.63467
1922,2025-09-18 02:00:00+05:30,7.8728137,190.53912,16.56489,199.0257
1923,2025-09-18 03:00:00+05:30,7.2044983,192.99461,15.743571,202.1664
1924,2025-09-18 04:00:00+05:30,7.1321807,190.17545,15.443328,201.18143
1925,2025-09-18 05:00:00+05:30,6.1569467,195.25517,14.410121,205.92485
1926,2025-09-18 06:00:00+05:30,8.536252,204.94388,18.978693,215.34825
1927,2025-09-18 07:00:00+05:30,8.452336,206.56499,13.089354,211.50421
1928,2025-09-18 08:00:00+05:30,6.279395,207.29948,8.738811,212.38066
1929,2025-09-18 09:00:00+05:30,7.256032,246.61476,9.504273,245.37645
1930,2025-09-18 10:00:00+05:30,5.315336,241.69934,7.0107627,240.80261
1931,2025-09-18 11:00:00+05:30,6.489992,266.82022,8.311245,265.03033
1932,2025-09-18 12:00:00+05:30,3.0811036,263.29025,3.710795,255.96373
1933,2025-09-18 13:00:00+05:30,5.2416787,285.94547,6.330782,284.8265
1934,2025-09-18 14:00:00+05:30,2.907989,248.19853,3.644722,249.77505
1935,2025-09-18 15:00:00+05:30,6.5248446,204.44394,8.626865,203.35558
1936,2025-09-18 16:00:00+05:30,9.72,180.0,14.224556,181.45018
1937,2025-09-18 17:00:00+05:30,9.016185,183.43356,15.122143,188.90164
1938,2025-09-18 18:00:00+05:30,1.3708391,246.80138,5.5829024,249.22766
1939,2025-09-18 19:00:00+05:30,1.4058449,320.1945,8.2584505,290.40997
1940,2025-09-18 20:00:00+05:30,8.452336,206.56499,14.003028,226.04153
1941,2025-09-18 21:00:00+05:30,8.131936,174.92049,15.301059,180.67403
1942,2025-09-18 22:00:00+05:30,3.0652895,86.63361,7.029225,140.19447
1943,2025-09-18 23:00:00+05:30,7.3094187,127.99879,13.125196,132.22076
1944,2025-09-19 00:00:00+05:30,5.2478566,149.03632,12.483749,155.28258
1945,2025-09-19 01:00:00+05:30,4.3498964,155.55606,11.672275,160.16779
1946,2025-09-19 02:00:00+05:30,4.32,180.0,11.276968,188.25935
1947,2025-09-19 03:00:00+05:30,1.659518,192.5288,7.4128532,209.0545
1948,2025-09-19 04:00:00+05:30,1.6981165,237.99466,7.2,233.13002
1949,2025-09-19 05:00:00+05:30,0.54,360.0,3.84796,259.21576
1950,2025-09-19 06:00:00+05:30,2.7416782,203.19862,7.8480825,216.60716
1951,2025-09-19 07:00:00+05:30,1.2074767,116.56499,3.536439,194.7436
1952,2025-09-19 08:00:00+05:30,6.2067385,150.46132,7.973005,151.69934
1953,2025-09-19 09:00:00+05:30,5.8409934,123.690094,7.2403865,124.875404
1954,2025-09-19 10:00:00+05:30,2.3051248,141.34016,3.0652893,139.76372
1955,2025-09-19 11:00:00+05:30,1.9134263,138.81418,2.4216523,131.98714
1956,2025-09-19 12:00:00+05:30,1.1384199,341.56494,1.3104197,344.05453
1957,2025-09-19 13:00:00+05:30,0.56920993,198.43504,0.56920993,198.43504
1958,2025-09-19 14:00:00+05:30,4.5,216.86998,5.3999996,216.86998
1959,2025-09-19 15:00:00+05:30,6.76618,208.61037,8.534353,207.64589
1960,2025-09-19 16:00:00+05:30,2.995797,237.26477,3.9966483,234.16226
1961,2025-09-19 17:00:00+05:30,4.5820518,224.9999,10.825469,227.02136
1962,2025-09-19 18:00:00+05:30,6.28713,346.75946,11.734564,339.341
1963,2025-09-19 19:00:00+05:30,2.0523157,37.875053,5.6835546,349.04596
1964,2025-09-19 20:00:00+05:30,2.4216523,131.98714,2.6758924,132.27362
1965,2025-09-19 21:00:00+05:30,2.7238941,82.40546,4.86,90.0
1966,2025-09-19 22:00:00+05:30,0.0,270.0,1.3708391,113.19862
1967,2025-09-19 23:00:00+05:30,2.8116899,309.8055,3.7842832,295.34613
1968,2025-09-20 00:00:00+05:30,3.1845248,312.70938,6.444905,305.9098
1969,2025-09-20 01:00:00+05:30,2.3469129,302.47116,6.2379804,316.16904
1970,2025-09-20 02:00:00+05:30,0.9,323.13,4.445672,338.6293
1971,2025-09-20 03:00:00+05:30,2.0124612,349.69522,5.3999996,360.0
1972,2025-09-20 04:00:00+05:30,2.8460498,341.56494,6.6697226,356.906
1973,2025-09-20 05:00:00+05:30,3.319036,347.4712,7.748368,2.6629453
1974,2025-09-20 06:00:00+05:30,5.5829024,339.22766,10.564941,346.2005
1975,2025-09-20 07:00:00+05:30,3.3043609,29.357658,4.4274144,26.564985
1976,2025-09-20 08:00:00+05:30,4.39436,34.9921,5.5916004,33.178535
1977,2025-09-20 09:00:00+05:30,4.327493,73.07241,5.2416787,74.054535
1978,2025-09-20 10:00:00+05:30,4.68,360.0,5.6262593,7.3522935
1979,2025-09-20 11:00:00+05:30,3.396233,327.99466,3.9518096,329.9315
1980,2025-09-20 12:00:00+05:30,4.186693,334.53668,4.7827187,340.20102
1981,2025-09-20 13:00:00+05:30,1.9386592,21.801476,2.3400002,22.61991
1982,2025-09-20 14:00:00+05:30,2.0523157,285.25516,2.5772078,282.09473
1983,2025-09-20 15:00:00+05:30,5.720489,282.72437,7.613382,276.78888
1984,2025-09-20 16:00:00+05:30,4.6452556,324.46225,7.029225,309.8055
1985,2025-09-20 17:00:00+05:30,0.35999998,180.0,2.3400002,247.3801
1986,2025-09-20 18:00:00+05:30,7.587806,202.30626,15.2947035,206.56499
1987,2025-09-20 19:00:00+05:30,9.835975,235.43741,18.937675,233.89246
1988,2025-09-20 20:00:00+05:30,7.0199995,247.3801,15.042659,248.96242
1989,2025-09-20 21:00:00+05:30,3.7971036,264.55975,10.259999,270.0
1990,2025-09-20 22:00:00+05:30,5.1197267,259.8754,11.5199995,270.0
1991,2025-09-20 23:00:00+05:30,4.175069,262.5687,10.658068,274.8439
1992,2025-09-21 00:00:00+05:30,4.6277857,256.50424,10.644379,273.87845
1993,2025-09-21 01:00:00+05:30,4.1046314,254.74483,10.086427,272.04535
1994,2025-09-21 02:00:00+05:30,4.353619,262.8751,10.360559,277.98923
1995,2025-09-21 03:00:00+05:30,6.341009,304.59235,13.529966,303.05582
1996,2025-09-21 04:00:00+05:30,7.0107627,330.8026,14.926983,326.3099
1997,2025-09-21 05:00:00+05:30,5.6262593,7.3522935,12.440851,356.68228
1998,2025-09-21 06:00:00+05:30,3.4388947,47.12111,7.282774,39.98684
1999,2025-09-21 07:00:00+05:30,5.6233797,50.194473,7.7900705,49.68598
2000,2025-09-21 08:00:00+05:30,5.796447,36.158287,7.7043357,37.405437
2001,2025-09-21 09:00:00+05:30,4.942631,56.88865,6.391901,57.652576
2002,2025-09-21 10:00:00+05:30,4.278551,104.62092,5.3699164,103.57046
2003,2025-09-21 11:00:00+05:30,5.04,90.0,6.12,90.0
2004,2025-09-21 12:00:00+05:30,1.7076298,71.564964,2.0523157,74.74483
2005,2025-09-21 13:00:00+05:30,2.1749482,65.55606,2.5772076,65.22488
2006,2025-09-21 14:00:00+05:30,0.9178235,348.6901,0.9,360.0
2007,2025-09-21 15:00:00+05:30,2.8460495,325.30478,3.396233,327.99466
2008,2025-09-21 16:00:00+05:30,3.148714,329.03632,4.143911,325.6196
2009,2025-09-21 17:00:00+05:30,1.4058449,230.19447,3.189608,253.61038
2010,2025-09-21 18:00:00+05:30,3.438895,353.9911,8.936778,350.72748
2011,2025-09-21 19:00:00+05:30,1.8792552,343.3007,6.090812,325.84024
2012,2025-09-21 20:00:00+05:30,4.2021422,170.13426,6.1120534,166.37299
2013,2025-09-21 21:00:00+05:30,6.452441,210.1413,13.845967,206.23187
2014,2025-09-21 22:00:00+05:30,9.167638,223.4089,17.581125,222.5104
2015,2025-09-21 23:00:00+05:30,7.001514,226.04153,14.730336,231.44951
2016,2025-09-22 00:00:00+05:30,3.1845248,222.70937,9.340941,244.91644
2017,2025-09-22 01:00:00+05:30,2.226477,345.9637,6.7397914,304.1145
2018,2025-09-22 02:00:00+05:30,5.2939587,72.18102,8.748075,53.3658
2019,2025-09-22 03:00:00+05:30,1.8532133,60.94549,5.3517847,47.72637
2020,2025-09-22 04:00:00+05:30,3.219938,26.564985,6.8541956,23.198618
2021,2025-09-22 05:00:00+05:30,4.198285,30.963696,9.582358,28.009092
2022,2025-09-22 06:00:00+05:30,4.846648,338.19852,8.311245,355.03033
2023,2025-09-22 07:00:00+05:30,4.3832865,340.8209,6.0721655,348.0239
2024,2025-09-22 08:00:00+05:30,3.9966488,7.7650824,5.297018,9.782338
2025,2025-09-22 09:00:00+05:30,6.9247384,27.897186,8.863972,29.16752
2026,2025-09-22 10:00:00+05:30,7.4520864,37.146767,9.473541,38.829834
2027,2025-09-22 11:00:00+05:30,6.1226463,24.304548,7.8087645,25.974339
2028,2025-09-22 12:00:00+05:30,5.48631,48.99101,6.8777895,47.12111
2029,2025-09-22 13:00:00+05:30,8.596766,70.42679,10.703569,70.346085
2030,2025-09-22 14:00:00+05:30,11.252519,97.35229,14.669724,96.340096
2031,2025-09-22 15:00:00+05:30,5.154415,114.775116,7.42159,112.833694
2032,2025-09-22 16:00:00+05:30,4.542994,303.6901,5.495161,301.60745
2033,2025-09-22 17:00:00+05:30,2.9024127,277.1249,4.060985,282.80426
2034,2025-09-22 18:00:00+05:30,3.01735,287.3541,6.638072,282.5288
2035,2025-09-22 19:00:00+05:30,0.56920993,108.43504,1.2727921,188.13002
2036,2025-09-22 20:00:00+05:30,2.9024127,187.12492,6.0347,197.35411
2037,2025-09-22 21:00:00+05:30,1.3104197,164.05453,4.445672,201.37068
2038,2025-09-22 22:00:00+05:30,3.189608,73.61038,4.278551,75.37909
2039,2025-09-22 23:00:00+05:30,5.2200003,90.0,8.099999,90.0
2040,2025-09-23 00:00:00+05:30,8.709098,108.06056,15.760025,103.877556
2041,2025-09-23 01:00:00+05:30,7.0911775,66.037506,16.029099,65.44956
2042,2025-09-23 02:00:00+05:30,6.8919086,40.763515,12.7279215,44.999897
2043,2025-09-23 03:00:00+05:30,4.0449967,32.275623,7.9932966,35.837746
2044,2025-09-23 04:00:00+05:30,7.7588143,3.9908433,13.451914,12.362483
2045,2025-09-23 05:00:00+05:30,8.083983,11.5601,15.577022,22.416193
2046,2025-09-23 06:00:00+05:30,11.594292,27.758451,19.72869,31.949934
2047,2025-09-23 07:00:00+05:30,15.027575,46.941475,20.88,46.39711
2048,2025-09-23 08:00:00+05:30,12.783802,57.652576,17.194475,59.13918
2049,2025-09-23 09:00:00+05:30,15.717823,66.37061,20.65848,67.4569
2050,2025-09-23 10:00:00+05:30,13.499999,73.73973,18.076338,74.99503
2051,2025-09-23 11:00:00+05:30,12.421304,90.8303,15.849201,91.95247
2052,2025-09-23 12:00:00+05:30,13.493999,99.21095,17.163355,99.65983
2053,2025-09-23 13:00:00+05:30,9.83268,113.749504,13.049689,114.44395
2054,2025-09-23 14:00:00+05:30,8.049845,116.56499,10.228373,118.36895
2055,2025-09-23 15:00:00+05:30,6.889557,123.2749,9.335737,123.996506
2056,2025-09-23 16:00:00+05:30,4.942631,123.11135,7.8480825,126.60716
2057,2025-09-23 17:00:00+05:30,2.1749482,155.55606,6.090812,145.84026
2058,2025-09-23 18:00:00+05:30,1.4512063,60.255207,4.1556225,94.96966
2059,2025-09-23 19:00:00+05:30,0.5091169,315.0001,0.8049845,153.43501
2060,2025-09-23 20:00:00+05:30,0.71999997,270.0,0.56920993,288.43503
2061,2025-09-23 21:00:00+05:30,0.76367533,224.9999,1.5379207,200.55612
2062,2025-09-23 22:00:00+05:30,0.5091169,135.0001,2.5071096,111.03758
2063,2025-09-23 23:00:00+05:30,2.5959969,33.6901,5.0432134,55.175446
2064,2025-09-24 00:00:00+05:30,3.396233,32.005356,6.889557,56.725105
2065,2025-09-24 01:00:00+05:30,3.3481934,36.253937,7.329338,65.32315
2066,2025-09-24 02:00:00+05:30,4.072935,44.999897,9.565437,70.20104
2067,2025-09-24 03:00:00+05:30,4.599695,59.420856,10.948973,80.53775
2068,2025-09-24 04:00:00+05:30,3.9312592,74.054535,10.98,90.0
2069,2025-09-24 05:00:00+05:30,3.462369,98.97255,10.8029995,100.56097
2070,2025-09-24 06:00:00+05:30,4.143911,87.5105,6.4799995,90.0
2071,2025-09-24 07:00:00+05:30,6.6185193,112.38018,8.626865,113.35559
2072,2025-09-24 08:00:00+05:30,5.6920996,108.43504,7.3997297,108.43504
2073,2025-09-24 09:00:00+05:30,7.928178,92.60251,9.914717,93.12207
2074,2025-09-24 10:00:00+05:30,9.36,90.0,11.879999,90.0
2075,2025-09-24 11:00:00+05:30,10.9859,91.87784,13.878688,92.97367
2076,2025-09-24 12:00:00+05:30,16.13286,100.93378,21.109941,101.3099
2077,2025-09-24 13:00:00+05:30,5.8298883,81.11942,7.5942073,84.55976
2078,2025-09-24 14:00:00+05:30,4.0249224,63.435013,5.12289,71.564964
2079,2025-09-24 15:00:00+05:30,4.599695,120.57915,6.1437774,121.82741
2080,2025-09-24 16:00:00+05:30,4.503598,92.29056,6.341009,96.519714
2081,2025-09-24 17:00:00+05:30,3.381893,115.20109,8.461915,113.838745
2082,2025-09-24 18:00:00+05:30,3.143565,13.240531,4.293669,33.023872
2083,2025-09-24 19:00:00+05:30,4.175069,7.4313188,7.7420926,17.592522
2084,2025-09-24 20:00:00+05:30,4.0449967,57.724377,10.348043,49.939285
2085,2025-09-24 21:00:00+05:30,3.710795,75.96373,9.914717,74.197426
2086,2025-09-24 22:00:00+05:30,3.4763772,111.25058,8.936777,108.79998
2087,2025-09-24 23:00:00+05:30,3.62243,116.56499,8.893166,125.94221
2088,2025-09-25 00:00:00+05:30,2.9024127,119.74479,6.7469993,133.91916
2089,2025-09-25 01:00:00+05:30,3.06,151.92761,6.8777895,137.12111
2090,2025-09-25 02:00:00+05:30,0.742159,104.03627,6.1120534,103.627014
2091,2025-09-25 03:00:00+05:30,3.1072817,79.99209,9.028754,94.57384
2092,2025-09-25 04:00:00+05:30,3.710795,67.16631,10.2742,86.98728
2093,2025-09-25 05:00:00+05:30,3.0547013,44.999897,7.9077177,78.178535
2094,2025-09-25 06:00:00+05:30,7.1389914,33.6901,13.608762,52.523746
2095,2025-09-25 07:00:00+05:30,5.5567255,24.904745,9.614426,38.157276
2096,2025-09-25 08:00:00+05:30,4.965521,43.53127,6.623413,47.20262
2097,2025-09-25 09:00:00+05:30,5.7431,57.804302,7.289445,57.094753
2098,2025-09-25 10:00:00+05:30,5.8631387,72.12121,7.172949,72.47434
2099,2025-09-25 11:00:00+05:30,6.2613096,71.564964,7.3447943,72.89719
2100,2025-09-25 12:00:00+05:30,5.1919937,56.309914,6.2405767,56.768288
2101,2025-09-25 13:00:00+05:30,5.257109,38.047092,6.269067,39.173653
2102,2025-09-25 14:00:00+05:30,4.186693,25.463305,5.2478566,30.963696
2103,2025-09-25 15:00:00+05:30,14.081477,57.528828,19.719656,56.164852
2104,2025-09-25 16:00:00+05:30,2.0364676,135.0001,2.5582807,129.28938
2105,2025-09-25 17:00:00+05:30,2.1068459,160.0168,3.84796,169.21574
2106,2025-09-25 18:00:00+05:30,3.536439,345.25638,9.600937,6.458727
2107,2025-09-25 19:00:00+05:30,0.56920993,251.56496,4.8633323,357.87894
2108,2025-09-25 20:00:00+05:30,5.771239,86.423744,10.484902,101.88863
2109,2025-09-25 21:00:00+05:30,10.453957,177.03912,16.42839,175.60138
2110,2025-09-25 22:00:00+05:30,1.7076298,198.43504,2.4014995,192.99461
2111,2025-09-25 23:00:00+05:30,7.4128532,299.0545,10.30883,294.77512
2112,2025-09-26 00:00:00+05:30,4.3573384,321.70978,9.614426,321.8427
2113,2025-09-26 01:00:00+05:30,2.968636,345.9637,8.338489,346.2637
2114,2025-09-26 02:00:00+05:30,5.020677,345.4655,10.853866,354.2895
2115,2025-09-26 03:00:00+05:30,5.0528407,4.085537,12.241323,17.102825
2116,2025-09-26 04:00:00+05:30,5.2323985,26.564985,13.104198,37.184795
2117,2025-09-26 05:00:00+05:30,5.7628117,38.65983,14.396625,47.53361
2118,2025-09-26 06:00:00+05:30,7.8149853,61.07368,15.589497,58.695942
2119,2025-09-26 07:00:00+05:30,6.452441,67.01126,13.070776,67.319405
2120,2025-09-26 08:00:00+05:30,5.983477,74.2913,8.777653,74.53873
2121,2025-09-26 09:00:00+05:30,11.345713,88.18174,15.3095255,87.97868
2122,2025-09-26 10:00:00+05:30,11.928989,95.19434,15.763107,96.556854
2123,2025-09-26 11:00:00+05:30,15.009236,95.50539,18.486622,96.70974
2124,2025-09-26 12:00:00+05:30,12.287555,84.95764,16.415567,86.22779
2125,2025-09-26 13:00:00+05:30,4.965521,46.468742,6.156947,52.124958
2126,2025-09-26 14:00:00+05:30,5.5916004,56.82148,7.4128532,60.94549
2127,2025-09-26 15:00:00+05:30,18.692286,105.64231,25.913124,106.54684
2128,2025-09-26 16:00:00+05:30,7.3469996,120.963684,12.841963,121.23916
2129,2025-09-26 17:00:00+05:30,3.8647635,117.75845,10.765445,110.55613
2130,2025-09-26 18:00:00+05:30,6.379216,73.61038,16.04526,93.21542
2131,2025-09-26 19:00:00+05:30,9.565437,70.20104,19.633205,87.89839
2132,2025-09-26 20:00:00+05:30,10.182337,81.86999,20.728153,92.98658
2133,2025-09-26 21:00:00+05:30,14.275713,103.86105,25.502893,107.66773
2134,2025-09-26 22:00:00+05:30,13.418153,96.93426,23.936617,102.15492
2135,2025-09-26 23:00:00+05:30,13.979871,101.88863,24.80149,105.14576
2136,2025-09-27 00:00:00+05:30,14.120539,107.04912,24.817818,108.17222
2137,2025-09-27 01:00:00+05:30,13.767352,101.3099,24.884306,104.23732
2138,2025-09-27 02:00:00+05:30,14.934577,105.376305,26.33296,105.46127
2139,2025-09-27 03:00:00+05:30,12.906138,98.017006,22.629229,101.93558
2140,2025-09-27 04:00:00+05:30,13.151091,92.35325,23.755226,96.96337
2141,2025-09-27 05:00:00+05:30,12.576836,99.05781,22.963936,103.60056
2142,2025-09-27 06:00:00+05:30,15.503006,105.48856,24.36325,108.970505
2143,2025-09-27 07:00:00+05:30,20.215368,114.73949,28.349285,114.775116
2144,2025-09-27 08:00:00+05:30,19.513195,119.87591,27.288855,120.96369
2145,2025-09-27 09:00:00+05:30,17.727943,119.16752,23.866804,119.85199
2146,2025-09-27 10:00:00+05:30,14.138882,121.464096,18.183563,121.644615
2147,2025-09-27 11:00:00+05:30,15.210799,129.71872,20.031822,130.99211
2148,2025-09-27 12:00:00+05:30,13.746156,135.0001,19.99297,136.82407
2149,2025-09-27 13:00:00+05:30,11.841756,109.53674,17.682194,112.12639
2150,2025-09-27 14:00:00+05:30,16.341381,130.53276,22.199188,131.05472
2151,2025-09-27 15:00:00+05:30,13.719023,128.07283,19.228851,128.15727
2152,2025-09-27 16:00:00+05:30,10.662626,111.801476,15.779543,115.688095
2153,2025-09-27 17:00:00+05:30,8.322932,111.57137,16.341383,116.84721
2154,2025-09-27 18:00:00+05:30,7.388775,124.07724,16.529644,128.36752
2155,2025-09-27 19:00:00+05:30,7.519175,132.0891,17.183167,135.42436
2156,2025-09-27 20:00:00+05:30,7.6579366,119.57774,17.318394,127.822815
2157,2025-09-27 21:00:00+05:30,5.896202,121.26367,15.072783,130.15593
2158,2025-09-27 22:00:00+05:30,6.603817,107.44727,15.405519,120.15998
2159,2025-09-27 23:00:00+05:30,6.2145634,100.00792,14.913952,113.47101
2160,2025-09-28 00:00:00+05:30,6.5024605,94.76356,14.978986,110.39496
2161,2025-09-28 01:00:00+05:30,5.9427266,91.73567,14.230248,108.43504
2162,2025-09-28 02:00:00+05:30,6.66,90.0,15.017871,103.86971
2163,2025-09-28 03:00:00+05:30,6.482499,88.4089,14.897651,101.85298
2164,2025-09-28 04:00:00+05:30,5.5596404,119.05451,13.70839,119.93143
2165,2025-09-28 05:00:00+05:30,3.4388947,132.87889,10.062305,132.82524
2166,2025-09-28 06:00:00+05:30,7.8583965,110.09532,16.276817,119.11605
2167,2025-09-28 07:00:00+05:30,9.703319,130.48593,13.633737,132.32452
2168,2025-09-28 08:00:00+05:30,8.827344,129.2072,11.616626,130.60121
2169,2025-09-28 09:00:00+05:30,10.897063,120.80138,14.292725,121.08744
2170,2025-09-28 10:00:00+05:30,11.063778,111.97456,14.4415655,112.729774
2171,2025-09-28 11:00:00+05:30,10.248941,120.61853,13.151091,120.4257
2172,2025-09-28 12:00:00+05:30,9.587428,129.6678,11.892265,129.47243
2173,2025-09-28 13:00:00+05:30,7.353611,111.541046,8.891344,111.3707
2174,2025-09-28 14:00:00+05:30,6.59154,124.992096,7.889258,124.77791
2175,2025-09-28 15:00:00+05:30,9.252069,142.90709,12.744457,143.61555
2176,2025-09-28 16:00:00+05:30,6.015878,141.07245,8.3520775,142.88306
2177,2025-09-28 17:00:00+05:30,3.9312592,164.05453,10.1902895,162.52513
2178,2025-09-28 18:00:00+05:30,4.445672,158.62932,10.3621235,162.824
2179,2025-09-28 19:00:00+05:30,6.7205353,172.30405,15.226764,173.21112
2180,2025-09-28 20:00:00+05:30,7.6642804,170.53775,16.5688,178.13235
2181,2025-09-28 21:00:00+05:30,6.924738,188.97255,15.808263,187.85323
2182,2025-09-28 22:00:00+05:30,7.293888,195.75124,16.720633,194.33546
2183,2025-09-28 23:00:00+05:30,6.5520988,200.92458,15.316933,199.92567
2184,2025-09-29 00:00:00+05:30,6.193674,215.53777,14.634343,211.93065
2185,2025-09-29 01:00:00+05:30,5.495161,238.39255,13.276144,229.39879
2186,2025-09-29 02:00:00+05:30,3.84796,259.21576,10.897063,247.6713
2187,2025-09-29 03:00:00+05:30,4.379589,279.46225,10.6261,268.05856
2188,2025-09-29 04:00:00+05:30,4.186693,295.46332,10.829959,285.4222
2189,2025-09-29 05:00:00+05:30,2.907989,291.80148,8.723967,291.80145
2190,2025-09-29 06:00:00+05:30,3.244996,199.44012,6.114703,227.38597
2191,2025-09-29 07:00:00+05:30,2.0523157,307.87503,3.6447225,302.90524
2192,2025-09-29 08:00:00+05:30,2.226477,345.9637,2.8460498,341.56494
2193,2025-09-29 09:00:00+05:30,2.1897945,350.53775,2.7238941,352.40543
2194,2025-09-29 10:00:00+05:30,2.4014995,12.99463,2.7534704,11.3098955
2195,2025-09-29 11:00:00+05:30,3.2048087,51.842735,3.9640884,50.52757
2196,2025-09-29 12:00:00+05:30,3.01735,72.64589,3.644722,69.775055
2197,2025-09-29 13:00:00+05:30,1.8792552,106.699326,2.226477,104.03627
2198,2025-09-29 14:00:00+05:30,2.0523157,164.74483,2.2768397,161.56496
2199,2025-09-29 15:00:00+05:30,2.5071096,158.96242,2.907989,158.19853
2200,2025-09-29 16:00:00+05:30,2.2553935,151.38963,3.06,151.92761
2201,2025-09-29 17:00:00+05:30,3.7971036,174.55975,7.928178,182.60251
2202,2025-09-29 18:00:00+05:30,0.17999999,360.0,1.2727921,224.9999
2203,2025-09-29 19:00:00+05:30,0.54,180.0,2.5264204,175.91446
2204,2025-09-29 20:00:00+05:30,0.17999999,360.0,1.5484185,144.46223
2205,2025-09-29 21:00:00+05:30,0.9178235,281.3099,2.0991426,239.0363
2206,2025-09-29 22:00:00+05:30,1.8089776,264.2895,2.97953,244.98314
2207,2025-09-29 23:00:00+05:30,2.5071096,248.96242,4.186693,244.5367
2208,2025-09-30 00:00:00+05:30,3.3092597,247.61981,5.815978,248.19853
2209,2025-09-30 01:00:00+05:30,3.1072817,280.0079,6.6697226,273.094
2210,2025-09-30 02:00:00+05:30,3.244996,289.44012,7.072878,284.74362
2211,2025-09-30 03:00:00+05:30,3.62243,296.56497,8.242743,301.60745
2212,2025-09-30 04:00:00+05:30,3.2846913,279.46225,8.287822,304.3804
2213,2025-09-30 05:00:00+05:30,3.2599385,263.6599,7.4867883,297.18103
2214,2025-09-30 06:00:00+05:30,3.096837,305.53775,6.4924874,316.1232
2215,2025-09-30 07:00:00+05:30,4.1556225,17.650223,7.7588143,3.9908433
2216,2025-09-30 08:00:00+05:30,3.9844694,18.435053,5.4149795,15.42223
2217,2025-09-30 09:00:00+05:30,5.5916004,356.3087,7.2202215,355.71094
2218,2025-09-30 10:00:00+05:30,5.04,360.0,6.302571,358.36346
2219,2025-09-30 11:00:00+05:30,4.1556225,342.34976,5.068846,343.49554
2220,2025-09-30 12:00:00+05:30,2.4482646,287.1028,2.7416782,293.1986
2221,2025-09-30 13:00:00+05:30,5.8048253,262.8751,7.029225,267.0644
2222,2025-09-30 14:00:00+05:30,4.3349743,265.23645,5.5916004,266.3087
2223,2025-09-30 15:00:00+05:30,3.9966488,262.23492,5.2478566,264.09396
2224,2025-09-30 16:00:00+05:30,4.278551,255.37909,8.350138,262.5687
2225,2025-09-30 17:00:00+05:30,3.7585104,253.30067,8.528657,262.7251
2226,2025-09-30 18:00:00+05:30,3.550155,239.53453,7.6409945,254.98158
2227,2025-09-30 19:00:00+05:30,4.39436,214.9921,8.967541,231.51978
2228,2025-09-30 20:00:00+05:30,5.6060677,222.39738,12.425216,231.46979
2229,2025-09-30 21:00:00+05:30,5.3939967,244.2901,13.237039,247.61981
2230,2025-09-30 22:00:00+05:30,6.1858225,261.6342,13.709573,266.23602
2231,2025-09-30 23:00:00+05:30,6.9899354,258.11136,14.978984,265.86542
2232,2025-10-01 00:00:00+05:30,6.1120534,256.373,14.650939,264.35953
2233,2025-10-01 01:00:00+05:30,4.8965297,233.97253,11.966954,254.29129
2234,2025-10-01 02:00:00+05:30,4.613762,159.44388,8.260411,191.30989
2235,2025-10-01 03:00:00+05:30,6.989936,34.50859,8.043805,40.462154
2236,2025-10-01 04:00:00+05:30,2.34,180.0,3.7842832,205.34613
2237,2025-10-01 05:00:00+05:30,5.991594,237.26477,15.060956,245.2727
2238,2025-10-01 06:00:00+05:30,6.320538,250.0168,13.627795,257.79956
2239,2025-10-01 07:00:00+05:30,2.7238941,277.59454,5.771239,273.57626
2240,2025-10-01 08:00:00+05:30,3.604497,272.86234,4.8733153,274.23633
2241,2025-10-01 09:00:00+05:30,0.9178235,11.3098955,1.0948973,9.462248
2242,2025-10-01 10:00:00+05:30,9.194106,66.94868,11.39842,68.702576
2243,2025-10-01 11:00:00+05:30,7.69592,79.21575,10.360559,82.010765
2244,2025-10-01 12:00:00+05:30,6.778141,100.71308,9.178235,101.3099
2245,2025-10-01 13:00:00+05:30,8.149847,96.340096,10.920824,98.530685
2246,2025-10-01 14:00:00+05:30,9.997699,113.33407,12.976239,113.720406
2247,2025-10-01 15:00:00+05:30,11.534054,67.036194,15.486278,70.30129
2248,2025-10-01 16:00:00+05:30,0.9,36.86999,3.362677,105.52418
2249,2025-10-01 17:00:00+05:30,7.613382,83.21112,13.88919,93.71522
2250,2025-10-01 18:00:00+05:30,10.8672905,26.564985,16.940096,42.847023
2251,2025-10-01 19:00:00+05:30,0.742159,255.96373,3.8856654,103.39252
2252,2025-10-01 20:00:00+05:30,4.514377,85.42616,8.936778,99.27253
2253,2025-10-01 21:00:00+05:30,6.384293,49.574005,12.245293,65.695465
2254,2025-10-01 22:00:00+05:30,7.841887,31.865936,15.172409,48.366554
2255,2025-10-01 23:00:00+05:30,12.399113,80.81124,20.568888,81.44453
2256,2025-10-02 00:00:00+05:30,8.967541,51.51978,12.241323,53.972538
2257,2025-10-02 01:00:00+05:30,11.272657,51.483044,20.212965,61.83757
2258,2025-10-02 02:00:00+05:30,11.063778,68.025444,19.011953,71.22187
2259,2025-10-02 03:00:00+05:30,14.241629,73.85559,24.11261,77.935135
2260,2025-10-02 04:00:00+05:30,14.935662,77.4712,24.058802,80.960594
2261,2025-10-02 05:00:00+05:30,10.483357,74.054535,19.514856,75.57919
2262,2025-10-02 06:00:00+05:30,7.731622,77.90526,14.561099,81.46932
2263,2025-10-02 07:00:00+05:30,14.133153,83.41815,21.072304,88.04198
2264,2025-10-02 08:00:00+05:30,13.004921,85.23644,16.764177,86.922615
2265,2025-10-02 09:00:00+05:30,12.241323,90.84251,17.134071,93.61381
2266,2025-10-02 10:00:00+05:30,14.345898,107.52566,23.63764,110.505066
2267,2025-10-02 11:00:00+05:30,8.849339,85.33323,11.196231,85.38944
2268,2025-10-02 12:00:00+05:30,10.163227,67.06787,13.1041975,69.075424
2269,2025-10-02 13:00:00+05:30,16.813387,105.52418,24.58104,104.85039
2270,2025-10-02 14:00:00+05:30,12.261158,93.366394,18.865683,97.12492
2271,2025-10-02 15:00:00+05:30,12.0653715,88.29023,20.750027,93.9793
2272,2025-10-02 16:00:00+05:30,13.239487,97.0283,21.075378,100.83004
2273,2025-10-02 17:00:00+05:30,14.081478,94.39862,24.858253,100.00792
2274,2025-10-02 18:00:00+05:30,15.192682,103.706985,25.502893,107.66773
2275,2025-10-02 19:00:00+05:30,16.851885,113.27898,28.43829,114.293884
2276,2025-10-02 20:00:00+05:30,16.152931,104.19113,27.328007,107.241554
2277,2025-10-02 21:00:00+05:30,15.922626,95.83939,27.112564,100.71308
2278,2025-10-02 22:00:00+05:30,16.415567,93.77222,26.604097,98.95239
2279,2025-10-02 23:00:00+05:30,16.697365,101.18876,27.39432,101.75291
2280,2025-10-03 00:00:00+05:30,14.414617,105.945465,24.826952,106.85848
2281,2025-10-03 01:00:00+05:30,14.892213,97.64032,25.420181,102.26476
2282,2025-10-03 02:00:00+05:30,13.358861,104.03627,23.34455,109.83222
2283,2025-10-03 03:00:00+05:30,13.239487,97.0283,22.571884,103.371346
2284,2025-10-03 04:00:00+05:30,12.466867,94.96966,21.663654,98.60131
2285,2025-10-03 05:00:00+05:30,12.284918,129.05313,22.011578,129.02568
2286,2025-10-03 06:00:00+05:30,15.655861,107.39341,26.406067,112.01904
2287,2025-10-03 07:00:00+05:30,16.56489,109.0257,26.740149,111.72985
2288,2025-10-03 08:00:00+05:30,18.709612,120.01828,28.986708,121.024704
2289,2025-10-03 09:00:00+05:30,17.922432,123.530495,26.85863,123.7966
2290,2025-10-03 10:00:00+05:30,15.717823,129.88953,22.691423,131.78442
2291,2025-10-03 11:00:00+05:30,12.601285,111.80147,16.947742,112.47948
2292,2025-10-03 12:00:00+05:30,16.813387,127.60606,23.080746,128.0318
2293,2025-10-03 13:00:00+05:30,15.668273,137.32785,22.437273,138.25204
2294,2025-10-03 14:00:00+05:30,15.4642935,129.80553,22.06377,131.36172
2295,2025-10-03 15:00:00+05:30,12.37819,130.87231,20.110117,135.0001
2296,2025-10-03 16:00:00+05:30,10.587918,125.311295,18.275984,129.80553
2297,2025-10-03 17:00:00+05:30,11.402683,101.84206,21.194187,110.89784
2298,2025-10-03 18:00:00+05:30,10.7714615,99.61966,19.93048,106.798454
2299,2025-10-03 19:00:00+05:30,11.165805,110.77233,21.413948,115.91883
2300,2025-10-03 20:00:00+05:30,11.7662735,119.30991,21.531641,125.81618
2301,2025-10-03 21:00:00+05:30,8.688613,103.17256,18.13003,114.020256
2302,2025-10-03 22:00:00+05:30,7.42159,104.03627,14.913952,119.65902
2303,2025-10-03 23:00:00+05:30,13.690654,129.1304,24.979176,132.07921
2304,2025-10-04 00:00:00+05:30,11.885453,125.13428,21.420755,131.59346
2305,2025-10-04 01:00:00+05:30,12.9625,115.497505,22.535252,121.27764
2306,2025-10-04 02:00:00+05:30,12.74954,166.94475,21.262869,166.78725
2307,2025-10-04 03:00:00+05:30,11.457958,136.27295,19.706507,140.93153
2308,2025-10-04 04:00:00+05:30,16.685719,137.18582,27.54941,141.63248
2309,2025-10-04 05:00:00+05:30,13.584932,122.00535,25.165262,127.443726
2310,2025-10-04 06:00:00+05:30,10.8672905,116.56499,20.35274,128.89722
2311,2025-10-04 07:00:00+05:30,15.531193,122.21652,27.1466,132.04361
2312,2025-10-04 08:00:00+05:30,13.369771,136.63654,19.406637,139.51407
2313,2025-10-04 09:00:00+05:30,16.394829,160.76924,23.166916,161.42418
2314,2025-10-04 10:00:00+05:30,17.349236,149.44412,24.651457,151.1893
2315,2025-10-04 11:00:00+05:30,16.34832,159.37004,21.868332,159.77505
2316,2025-10-04 12:00:00+05:30,13.070776,157.3194,17.727943,156.0375
2317,2025-10-04 13:00:00+05:30,11.688918,170.24765,17.34083,170.43997
2318,2025-10-04 14:00:00+05:30,15.910412,135.4583,24.072266,137.12111
2319,2025-10-04 15:00:00+05:30,11.1090765,139.60017,16.641972,141.14662
2320,2025-10-04 16:00:00+05:30,16.73516,161.1752,26.984396,162.53189
2321,2025-10-04 17:00:00+05:30,13.681183,179.24617,25.364037,173.4803
2322,2025-10-04 18:00:00+05:30,16.851885,156.72102,28.820242,159.52763
2323,2025-10-04 19:00:00+05:30,14.935662,167.4712,26.758923,169.14363
2324,2025-10-04 20:00:00+05:30,16.770939,167.6046,29.122198,171.46931
2325,2025-10-04 21:00:00+05:30,16.663374,169.41841,28.845528,172.83073
2326,2025-10-04 22:00:00+05:30,15.606114,172.71114,27.072502,175.8059
2327,2025-10-04 23:00:00+05:30,16.74,180.0,28.08923,181.46877
2328,2025-10-05 00:00:00+05:30,18.644558,195.10963,29.904928,194.2872
2329,2025-10-05 01:00:00+05:30,13.701299,189.8335,24.288662,191.9761
2330,2025-10-05 02:00:00+05:30,11.236671,215.21768,20.385345,209.0545
2331,2025-10-05 03:00:00+05:30,11.5115595,189.90411,21.518847,197.52565
2332,2025-10-05 04:00:00+05:30,17.786331,215.9422,29.088802,216.44453
2333,2025-10-05 05:00:00+05:30,12.015589,188.61557,22.702845,194.69736
2334,2025-10-05 06:00:00+05:30,11.688918,170.24765,19.523155,174.71
2335,2025-10-05 07:00:00+05:30,12.860871,186.42865,18.33616,193.62701
2336,2025-10-05 08:00:00+05:30,10.088033,195.52417,13.605189,197.71588
2337,2025-10-05 09:00:00+05:30,8.777653,195.46127,11.225132,195.81926
2338,2025-10-05 10:00:00+05:30,8.225035,203.19861,10.234705,203.86018
2339,2025-10-05 11:00:00+05:30,6.4323244,197.92801,7.968939,198.43504
2340,2025-10-05 12:00:00+05:30,4.080882,228.57643,4.863332,231.009
2341,2025-10-05 13:00:00+05:30,8.714677,218.2902,10.404249,217.26648
2342,2025-10-05 14:00:00+05:30,6.889557,236.7251,9.3340025,230.4774
2343,2025-10-05 15:00:00+05:30,9.885262,280.49142,14.154915,277.30566
2344,2025-10-05 16:00:00+05:30,9.906544,335.2976,15.726067,326.67368
2345,2025-10-05 17:00:00+05:30,2.5772078,347.90527,9.437563,325.09744
2346,2025-10-05 18:00:00+05:30,1.98,90.0,6.1569467,344.7448
2347,2025-10-05 19:00:00+05:30,4.7521367,155.37645,4.5,180.0
2348,2025-10-05 20:00:00+05:30,5.1165614,140.71062,7.0107627,150.80261
2349,2025-10-05 21:00:00+05:30,3.8856654,166.60748,7.754637,158.19853
2350,2025-10-05 22:00:00+05:30,2.0523157,217.87505,4.8899083,186.3401
2351,2025-10-05 23:00:00+05:30,3.5864744,162.47433,8.461914,181.21884
2352,2025-10-06 00:00:00+05:30,4.2481523,143.61555,11.038858,155.94266
2353,2025-10-06 01:00:00+05:30,4.452954,165.96373,11.402683,168.15794
2354,2025-10-06 02:00:00+05:30,5.315336,151.69934,12.703715,159.25385
2355,2025-10-06 03:00:00+05:30,5.2200003,180.0,12.431734,177.5105
2356,2025-10-06 04:00:00+05:30,7.4520864,217.14677,14.913952,209.65901
2357,2025-10-06 05:00:00+05:30,5.4744864,242.5925,9.614426,218.15727
2358,2025-10-06 06:00:00+05:30,3.3043609,240.64233,6.4096174,231.84273
2359,2025-10-06 07:00:00+05:30,2.5582807,230.71062,5.004518,232.3057
2360,2025-10-06 08:00:00+05:30,3.1072817,169.99208,3.9763298,174.80566
2361,2025-10-06 09:00:00+05:30,4.5,163.73972,5.5450516,166.86597
2362,2025-10-06 10:00:00+05:30,3.4247334,183.01273,4.323748,182.3859
2363,2025-10-06 11:00:00+05:30,3.319036,257.4712,4.060985,257.19574
2364,2025-10-06 12:00:00+05:30,3.5455887,293.9625,4.514377,293.49857
2365,2025-10-06 13:00:00+05:30,3.9477081,316.8476,4.965521,313.53125
2366,2025-10-06 14:00:00+05:30,5.257109,308.0471,6.7397914,304.1145
2367,2025-10-06 15:00:00+05:30,5.7176566,298.1785,7.1684303,298.49554
2368,2025-10-06 16:00:00+05:30,5.0142193,291.03757,8.557102,284.6209
2369,2025-10-06 17:00:00+05:30,2.52,180.0,3.710795,194.03627
2370,2025-10-06 18:00:00+05:30,4.32,180.0,8.197414,171.15826
2371,2025-10-06 19:00:00+05:30,6.698806,210.69965,14.474059,201.1399
2372,2025-10-06 20:00:00+05:30,7.344794,216.02747,16.03213,208.86707
2373,2025-10-06 21:00:00+05:30,8.587338,213.02386,18.917133,206.56499
2374,2025-10-06 22:00:00+05:30,6.4924874,223.87679,15.986593,215.83774
2375,2025-10-06 23:00:00+05:30,7.0911775,203.9625,15.3686695,198.43504
2376,2025-10-07 00:00:00+05:30,5.3999996,180.0,13.619471,187.59456
2377,2025-10-07 01:00:00+05:30,5.257109,218.04709,12.936228,211.92084
2378,2025-10-07 02:00:00+05:30,3.6402748,261.46933,9.627896,249.19313
2379,2025-10-07 03:00:00+05:30,1.2074767,243.43501,5.4833565,246.80138
2380,2025-10-07 04:00:00+05:30,2.7475805,238.39255,7.24486,243.43501
2381,2025-10-07 05:00:00+05:30,2.5455842,8.130019,4.198285,329.03632
2382,2025-10-07 06:00:00+05:30,3.319036,49.398785,2.2553935,28.610369
2383,2025-10-07 07:00:00+05:30,1.4512063,60.255207,1.7727944,66.037506
2384,2025-10-07 08:00:00+05:30,1.6981165,122.00535,1.9469976,123.6901
2385,2025-10-07 09:00:00+05:30,2.9301877,132.5104,3.563818,135.0001
2386,2025-10-07 10:00:00+05:30,4.3274937,135.0001,5.0911684,135.0001
2387,2025-10-07 11:00:00+05:30,2.8174455,153.43501,3.148714,149.03632
2388,2025-10-07 12:00:00+05:30,6.193674,144.46223,7.388775,145.92276
2389,2025-10-07 13:00:00+05:30,1.5379207,200.55612,2.1897945,189.46225
2390,2025-10-07 14:00:00+05:30,0.54,270.0,0.6489992,213.6901
2391,2025-10-07 15:00:00+05:30,0.56920993,198.43504,0.9,180.0
2392,2025-10-07 16:00:00+05:30,1.835647,101.3099,2.5772076,114.775116
2393,2025-10-07 17:00:00+05:30,1.26,90.0,3.62243,116.56499
2394,2025-10-07 18:00:00+05:30,0.9178235,168.69011,3.9844694,161.56496
2395,2025-10-07 19:00:00+05:30,2.4482646,162.89719,6.379216,163.61038
2396,2025-10-07 20:00:00+05:30,3.7585104,163.30067,8.482947,162.71841
2397,2025-10-07 21:00:00+05:30,5.950899,183.46815,13.321216,179.2258
2398,2025-10-07 22:00:00+05:30,8.311245,175.03035,18.553974,177.7761
2399,2025-10-07 23:00:00+05:30,7.970972,173.51703,16.997375,174.53099
2400,2025-10-08 00:00:00+05:30,7.9383874,183.90042,16.299694,186.3401
2401,2025-10-08 01:00:00+05:30,2.9301877,317.4896,4.8633323,267.87894
2402,2025-10-08 02:00:00+05:30,8.536252,317.5638,14.4,306.86996
2403,2025-10-08 03:00:00+05:30,7.353611,338.45895,12.841963,328.76083
2404,2025-10-08 04:00:00+05:30,5.2478566,354.09393,11.368535,336.68225
2405,2025-10-08 05:00:00+05:30,1.9386592,68.19853,2.7943513,14.931467
2406,2025-10-08 06:00:00+05:30,2.7534704,78.6901,2.6758924,47.72637
2407,2025-10-08 07:00:00+05:30,2.9301877,132.5104,3.9640884,129.47243
2408,2025-10-08 08:00:00+05:30,3.4576871,128.65984,4.3349743,131.63345
2409,2025-10-08 09:00:00+05:30,3.8521678,142.59457,4.7928696,145.71307
2410,2025-10-08 10:00:00+05:30,2.6758924,160.34608,3.189608,163.61038
2411,2025-10-08 11:00:00+05:30,2.1674871,138.36655,2.8116899,140.19447
2412,2025-10-08 12:00:00+05:30,7.689603,147.42595,8.9873905,147.26479
2413,2025-10-08 13:00:00+05:30,9.0,126.86999,11.500296,129.92033
2414,2025-10-08 14:00:00+05:30,6.050785,120.37905,8.139901,125.095894
2415,2025-10-08 15:00:00+05:30,4.613762,159.44388,5.920878,160.46326
2416,2025-10-08 16:00:00+05:30,0.6489992,326.3099,0.35999998,270.0
2417,2025-10-08 17:00:00+05:30,3.0652895,183.3664,8.4042845,170.13426
2418,2025-10-08 18:00:00+05:30,4.846648,158.19853,11.367109,169.04597
2419,2025-10-08 19:00:00+05:30,4.991553,154.35904,12.69351,161.82188
2420,2025-10-08 20:00:00+05:30,3.7585104,196.69933,10.158444,187.12492
2421,2025-10-08 21:00:00+05:30,3.6,180.0,9.444426,187.66672
2422,2025-10-08 22:00:00+05:30,3.0652895,176.6336,8.863972,192.90741
2423,2025-10-08 23:00:00+05:30,2.9301877,169.3804,9.0645685,186.84268
2424,2025-10-09 00:00:00+05:30,3.148714,329.03632,4.1556225,287.6502
2425,2025-10-09 01:00:00+05:30,1.835647,281.3099,5.402999,240.01845
2426,2025-10-09 02:00:00+05:30,3.8939953,303.6901,11.043261,289.0257
2427,2025-10-09 03:00:00+05:30,3.381893,295.20108,9.3962755,290.17075
2428,2025-10-09 04:00:00+05:30,0.54,90.0,2.226477,345.9637
2429,2025-10-09 05:00:00+05:30,4.942631,280.49142,12.295462,287.90454
2430,2025-10-09 06:00:00+05:30,5.994297,311.3477,10.436895,315.0001
2431,2025-10-09 07:00:00+05:30,6.28713,346.75946,8.688613,346.82742
2432,2025-10-09 08:00:00+05:30,7.4346757,353.04715,9.779817,353.6599
2433,2025-10-09 09:00:00+05:30,8.11798,356.186,10.464798,356.0549
2434,2025-10-09 10:00:00+05:30,11.897714,17.61267,15.206538,16.504446
2435,2025-10-09 11:00:00+05:30,8.656858,3.5762644,11.196231,4.610574
2436,2025-10-09 12:00:00+05:30,7.1208143,16.144413,9.224011,17.020617
2437,2025-10-09 13:00:00+05:30,9.860649,21.413042,12.267763,22.425905
2438,2025-10-09 14:00:00+05:30,3.8141315,289.29013,4.4274144,296.56497
2439,2025-10-09 15:00:00+05:30,3.964089,267.3975,4.802999,282.99463
2440,2025-10-09 16:00:00+05:30,2.3051248,231.34016,0.40249225,116.56499
2441,2025-10-09 17:00:00+05:30,2.7238941,97.59455,7.562142,51.766144
2442,2025-10-09 18:00:00+05:30,1.484318,165.96373,4.942631,100.491425
2443,2025-10-09 19:00:00+05:30,2.3469126,274.39862,1.5484185,234.46223
2444,2025-10-09 20:00:00+05:30,3.9477081,294.22772,4.6277857,283.49576
2445,2025-10-09 21:00:00+05:30,3.7064266,299.0545,5.0142193,291.03757
2446,2025-10-09 22:00:00+05:30,3.9477081,316.8476,7.2649574,318.01285
2447,2025-10-09 23:00:00+05:30,6.452441,22.988754,14.535487,7.8289857
2448,2025-10-10 00:00:00+05:30,0.35999998,180.0,3.9844694,18.435053
2449,2025-10-10 01:00:00+05:30,1.2727921,351.87,8.461914,358.78116
2450,2025-10-10 02:00:00+05:30,1.6981165,32.005356,8.139901,18.03438
2451,2025-10-10 03:00:00+05:30,1.0495713,30.963696,6.198903,25.820946
2452,2025-10-10 04:00:00+05:30,1.659518,310.60123,5.7628117,1.7898695
2453,2025-10-10 05:00:00+05:30,6.1226463,335.69547,14.935662,347.4712
2454,2025-10-10 06:00:00+05:30,6.725354,344.47583,13.842457,12.771242
2455,2025-10-10 07:00:00+05:30,6.1120534,346.373,11.701385,359.11862
2456,2025-10-10 08:00:00+05:30,7.3821945,1.397161,10.094454,3.0664318
2457,2025-10-10 09:00:00+05:30,11.016824,4.685815,14.650939,5.6404567
2458,2025-10-10 10:00:00+05:30,12.399113,9.188767,16.423458,9.462261
2459,2025-10-10 11:00:00+05:30,12.399113,9.188767,16.423458,9.462261
2460,2025-10-10 12:00:00+05:30,11.212135,354.47253,14.650939,354.35956
2461,2025-10-10 13:00:00+05:30,9.255571,13.495748,12.049249,13.828678
2462,2025-10-10 14:00:00+05:30,10.609316,345.25638,14.450537,346.30994
2463,2025-10-10 15:00:00+05:30,7.731622,12.094739,12.043869,9.462261
2464,2025-10-10 16:00:00+05:30,5.1481256,53.530666,11.132385,39.09386
2465,2025-10-10 17:00:00+05:30,3.2599385,83.659904,8.604301,37.34943
2466,2025-10-10 18:00:00+05:30,4.829907,116.56499,9.080639,76.2392
2467,2025-10-10 19:00:00+05:30,4.2481523,143.61555,9.335737,109.133736
2468,2025-10-10 20:00:00+05:30,0.6489992,303.6901,2.995797,57.264786
2469,2025-10-10 21:00:00+05:30,4.5820518,315.0001,7.4932766,335.89777
2470,2025-10-10 22:00:00+05:30,2.995797,327.26477,9.555271,3.2396317
2471,2025-10-10 23:00:00+05:30,4.863332,321.009,12.886039,347.90527
2472,2025-10-11 00:00:00+05:30,5.369916,309.55963,13.169556,338.34393
2473,2025-10-11 01:00:00+05:30,7.1321807,317.0454,18.089775,328.84076
2474,2025-10-11 02:00:00+05:30,8.587338,326.97614,20.54288,335.6807
2475,2025-10-11 03:00:00+05:30,8.049845,333.43503,20.161606,339.62347
2476,2025-10-11 04:00:00+05:30,9.102021,335.46228,21.175835,342.18103
2477,2025-10-11 05:00:00+05:30,6.28713,346.75946,17.594023,346.39023
2478,2025-10-11 06:00:00+05:30,8.688613,346.82742,18.0036,348.4654
2479,2025-10-11 07:00:00+05:30,7.5213294,338.9624,16.813387,344.47583
2480,2025-10-11 08:00:00+05:30,8.688613,346.82742,12.144331,348.0239
2481,2025-10-11 09:00:00+05:30,10.004178,351.72418,13.418153,353.06573
2482,2025-10-11 10:00:00+05:30,9.906544,2.0825295,12.964998,1.5911111
2483,2025-10-11 11:00:00+05:30,9.243311,6.70975,11.966953,6.9111314
2484,2025-10-11 12:00:00+05:30,8.297589,3.7313232,10.644379,3.8784592
2485,2025-10-11 13:00:00+05:30,8.171683,352.40543,10.694485,353.23392
2486,2025-10-11 14:00:00+05:30,8.528657,352.72507,11.431063,352.76315
2487,2025-10-11 15:00:00+05:30,7.029225,357.0644,10.464798,356.0549
2488,2025-10-11 16:00:00+05:30,3.604497,357.13766,8.641874,358.80652
2489,2025-10-11 17:00:00+05:30,0.9178235,78.6901,5.506941,11.3098955
2490,2025-10-11 18:00:00+05:30,0.40249225,206.56499,1.9469976,326.3099
2491,2025-10-11 19:00:00+05:30,3.219938,206.56499,3.319036,229.39879
2492,2025-10-11 20:00:00+05:30,4.5891175,221.82008,7.001514,223.95847
2493,2025-10-11 21:00:00+05:30,3.644722,249.77505,7.7420926,234.46223
2494,2025-10-11 22:00:00+05:30,5.2478566,300.96368,9.96524,286.79846
2495,2025-10-11 23:00:00+05:30,7.491114,324.78232,19.813087,335.2976
2496,2025-10-12 00:00:00+05:30,7.69592,349.21573,19.03665,346.88354
2497,2025-10-12 01:00:00+05:30,7.4672885,344.6237,18.204933,345.68893
2498,2025-10-12 02:00:00+05:30,7.247096,345.61856,18.079027,347.34744
2499,2025-10-12 03:00:00+05:30,6.725354,344.47583,17.085785,348.45334
2500,2025-10-12 04:00:00+05:30,5.95906,334.98312,15.898188,344.23276
2501,2025-10-12 05:00:00+05:30,5.728979,316.27295,14.602204,329.64197
2502,2025-10-12 06:00:00+05:30,8.149847,316.7899,15.077082,326.68936
2503,2025-10-12 07:00:00+05:30,6.6624317,321.5819,13.644427,329.03632
2504,2025-10-12 08:00:00+05:30,7.889259,332.8504,10.787993,334.2901
2505,2025-10-12 09:00:00+05:30,8.36758,341.1752,10.9859,341.86182
2506,2025-10-12 10:00:00+05:30,7.3799996,347.3196,9.391102,347.82855
2507,2025-10-12 11:00:00+05:30,6.5248446,335.55606,8.373386,334.53668
2508,2025-10-12 12:00:00+05:30,6.439876,333.43503,8.131936,332.30063
2509,2025-10-12 13:00:00+05:30,5.3939967,334.2901,7.0107627,330.8026
2510,2025-10-12 14:00:00+05:30,4.0449967,327.72437,5.5450516,324.24603
2511,2025-10-12 15:00:00+05:30,3.4388947,312.8789,4.965521,313.53125
2512,2025-10-12 16:00:00+05:30,3.381893,244.7989,4.6834598,272.20255
2513,2025-10-12 17:00:00+05:30,3.84796,169.21574,5.9834766,186.91113
2514,2025-10-12 18:00:00+05:30,5.4744864,170.53775,9.926147,184.15956
2515,2025-10-12 19:00:00+05:30,5.2939587,162.18102,10.062305,169.6952
2516,2025-10-12 20:00:00+05:30,4.5322843,173.15732,10.24578,161.56496
2517,2025-10-12 21:00:00+05:30,2.6758924,227.72638,7.3799996,180.0
2518,2025-10-12 22:00:00+05:30,4.68,270.0,7.8480825,233.39284
2519,2025-10-12 23:00:00+05:30,4.452954,255.96373,8.490582,248.87521
2520,2025-10-13 00:00:00+05:30,4.353619,277.1249,7.7588143,266.00916
2521,2025-10-13 01:00:00+05:30,6.623413,317.2026,13.306615,329.9668
2522,2025-10-13 02:00:00+05:30,7.968939,341.56494,19.239801,349.21573
2523,2025-10-13 03:00:00+05:30,8.227004,349.91946,19.67936,351.0547
2524,2025-10-13 04:00:00+05:30,6.6818557,355.36462,17.483181,357.0493
2525,2025-10-13 05:00:00+05:30,6.1437774,354.95764,16.595179,356.26868
2526,2025-10-13 06:00:00+05:30,8.936778,350.72748,17.146357,355.7859
2527,2025-10-13 07:00:00+05:30,8.131936,354.92047,17.823635,358.84268
2528,2025-10-13 08:00:00+05:30,9.187056,2.2457027,12.800265,3.224455
2529,2025-10-13 09:00:00+05:30,9.919618,11.513804,13.062098,11.929298
2530,2025-10-13 10:00:00+05:30,8.260411,11.3098955,10.661107,11.689341
2531,2025-10-13 11:00:00+05:30,9.292254,351.08514,11.688918,350.24762
2532,2025-10-13 12:00:00+05:30,10.041354,345.4655,12.966248,346.34955
2533,2025-10-13 13:00:00+05:30,9.627896,339.1931,12.641076,340.0168
2534,2025-10-13 14:00:00+05:30,9.224011,342.97937,12.413476,343.1415
2535,2025-10-13 15:00:00+05:30,6.28713,346.75946,10.783487,345.4998
2536,2025-10-13 16:00:00+05:30,3.9763298,354.80566,10.674773,354.19336
2537,2025-10-13 17:00:00+05:30,2.9301877,312.5104,8.777654,331.8585
2538,2025-10-13 18:00:00+05:30,2.0124612,280.30478,5.1481256,323.53067
2539,2025-10-13 19:00:00+05:30,0.71999997,270.0,2.7238941,352.40543
2540,2025-10-13 20:00:00+05:30,2.1897945,279.46225,3.9518096,329.9315
2541,2025-10-13 21:00:00+05:30,3.9966483,305.83774,6.3690495,312.70938
2542,2025-10-13 22:00:00+05:30,5.7176566,331.8215,10.483357,344.05453
2543,2025-10-13 23:00:00+05:30,6.8541956,346.32867,16.299694,353.6599
2544,2025-10-14 00:00:00+05:30,8.085988,343.1785,19.296133,345.9637
2545,2025-10-14 01:00:00+05:30,8.027677,340.3461,20.155178,342.85956
2546,2025-10-14 02:00:00+05:30,7.4672885,344.6237,19.166409,345.31116
2547,2025-10-14 03:00:00+05:30,6.77575,343.0091,18.030573,345.54755
2548,2025-10-14 04:00:00+05:30,5.8852015,336.5713,16.62249,342.34976
2549,2025-10-14 05:00:00+05:30,5.9644947,354.80566,16.478603,353.729
2550,2025-10-14 06:00:00+05:30,7.731622,347.90527,15.531195,355.3467
2551,2025-10-14 07:00:00+05:30,5.2478566,354.09393,12.964998,358.40887
2552,2025-10-14 08:00:00+05:30,7.0568266,5.8559217,9.779817,6.3401003
2553,2025-10-14 09:00:00+05:30,8.865799,5.8262515,11.749741,5.2738123
2554,2025-10-14 10:00:00+05:30,10.081606,1.0230169,13.324863,1.5481218
2555,2025-10-14 11:00:00+05:30,11.837651,351.2539,15.629972,352.0566
2556,2025-10-14 12:00:00+05:30,11.874544,345.9637,15.85329,347.54175
2557,2025-10-14 13:00:00+05:30,11.448055,343.55954,15.503006,344.51144
2558,2025-10-14 14:00:00+05:30,10.483357,344.05453,14.810401,343.76758
2559,2025-10-14 15:00:00+05:30,9.743305,348.2749,16.595179,347.4712
2560,2025-10-14 16:00:00+05:30,6.130579,3.3664,15.3042345,1.3478607
2561,2025-10-14 17:00:00+05:30,4.379589,350.53775,12.273043,355.7947
2562,2025-10-14 18:00:00+05:30,5.315336,331.69934,12.882267,344.6044
2563,2025-10-14 19:00:00+05:30,6.804381,322.52374,17.325876,336.09793
2564,2025-10-14 20:00:00+05:30,9.473541,345.69968,23.051247,345.52966
2565,2025-10-14 21:00:00+05:30,9.6932955,344.93146,23.181597,346.07162
2566,2025-10-14 22:00:00+05:30,8.482947,342.7184,21.522614,345.9637
2567,2025-10-14 23:00:00+05:30,8.36758,341.1752,20.696085,346.93066
2568,2025-10-15 00:00:00+05:30,8.936777,341.2,21.585745,343.52948
2569,2025-10-15 01:00:00+05:30,8.996398,340.11475,22.034382,342.8972
2570,2025-10-15 02:00:00+05:30,8.709098,341.93942,21.518847,342.47433
2571,2025-10-15 03:00:00+05:30,8.089993,339.14545,20.719553,341.25015
2572,2025-10-15 04:00:00+05:30,7.406295,334.05774,19.523155,337.21756
2573,2025-10-15 05:00:00+05:30,7.587806,337.69376,19.751667,341.39984
2574,2025-10-15 06:00:00+05:30,8.694204,332.90454,18.044046,341.38422
2575,2025-10-15 07:00:00+05:30,6.3639607,331.26028,15.486278,340.30127
2576,2025-10-15 08:00:00+05:30,6.050785,337.249,9.059205,339.04413
2577,2025-10-15 09:00:00+05:30,8.209263,344.7448,10.957847,345.73544
2578,2025-10-15 10:00:00+05:30,9.12513,337.98865,11.866355,337.71436
2579,2025-10-15 11:00:00+05:30,8.797931,329.23734,11.545284,329.03632
2580,2025-10-15 12:00:00+05:30,8.320986,321.1466,10.8792095,321.04407
2581,2025-10-15 13:00:00+05:30,8.435069,320.1945,11.226575,318.9006
2582,2025-10-15 14:00:00+05:30,7.2649574,318.01285,9.807935,317.2312
2583,2025-10-15 15:00:00+05:30,4.5,323.13,8.181589,320.35587
2584,2025-10-15 16:00:00+05:30,3.0758414,339.44388,7.9036193,329.9315
2585,2025-10-15 17:00:00+05:30,2.8460495,325.30478,7.9077177,318.69147
2586,2025-10-15 18:00:00+05:30,6.8138976,282.20044,17.512806,282.46494
2587,2025-10-15 19:00:00+05:30,8.297589,282.5288,22.450264,285.81924
2588,2025-10-15 20:00:00+05:30,9.567131,274.31595,23.370903,282.00226
2589,2025-10-15 21:00:00+05:30,8.792405,292.8906,22.224714,298.0178
2590,2025-10-15 22:00:00+05:30,8.049845,296.56497,19.602652,314.256
2591,2025-10-15 23:00:00+05:30,8.181589,309.64413,20.219378,325.8855
2592,2025-10-16 00:00:00+05:30,7.519175,317.91092,19.139341,328.85147
2593,2025-10-16 01:00:00+05:30,7.2403865,325.1246,19.1588,333.19427
2594,2025-10-16 02:00:00+05:30,6.989936,325.4914,18.351173,338.72034
2595,2025-10-16 03:00:00+05:30,7.7900705,319.68597,19.084246,334.8852
2596,2025-10-16 04:00:00+05:30,7.653705,318.81415,19.00599,331.73608
2597,2025-10-16 05:00:00+05:30,7.256032,316.00497,18.971008,326.61145
2598,2025-10-16 06:00:00+05:30,8.913181,316.63654,18.06199,330.11356
2599,2025-10-16 07:00:00+05:30,8.067936,321.34018,18.11215,333.43503
2600,2025-10-16 08:00:00+05:30,7.970972,334.59232,11.534054,337.0362
2601,2025-10-16 09:00:00+05:30,8.507737,353.92764,11.391313,354.55975
2602,2025-10-16 10:00:00+05:30,6.5693827,9.462261,8.43699,11.07017
2603,2025-10-16 11:00:00+05:30,5.5829024,358.15244,7.02,360.0
2604,2025-10-16 12:00:00+05:30,4.175069,352.5687,5.232399,356.0549
2605,2025-10-16 13:00:00+05:30,4.1046314,322.12494,5.1919937,326.3099
2606,2025-10-16 14:00:00+05:30,3.8521678,307.40543,4.8965297,306.02747
2607,2025-10-16 15:00:00+05:30,2.36753,278.74606,3.2599385,276.3401
2608,2025-10-16 16:00:00+05:30,1.8089776,174.2895,4.846648,211.32863
2609,2025-10-16 17:00:00+05:30,2.7416782,156.80138,3.7971036,185.44025
2610,2025-10-16 18:00:00+05:30,4.942631,169.50858,8.209263,195.25517
2611,2025-10-16 19:00:00+05:30,6.130579,176.6336,10.98,190.38881
2612,2025-10-16 20:00:00+05:30,5.4744864,226.33215,10.742848,211.29298
2613,2025-10-16 21:00:00+05:30,5.815978,248.19853,12.979984,236.3099
2614,2025-10-16 22:00:00+05:30,5.2416787,254.05453,12.641076,250.0168
2615,2025-10-16 23:00:00+05:30,3.9640884,230.52757,8.936778,242.40279
2616,2025-10-17 00:00:00+05:30,6.122647,268.31534,13.878688,267.02634
2617,2025-10-17 01:00:00+05:30,5.7628117,284.47034,14.087229,296.56497
2618,2025-10-17 02:00:00+05:30,5.983477,313.7812,15.22783,331.01126
2619,2025-10-17 03:00:00+05:30,7.519175,348.95908,19.18246,354.0755
2620,2025-10-17 04:00:00+05:30,7.388775,357.20734,19.633205,2.101613
2621,2025-10-17 05:00:00+05:30,7.029225,357.0644,18.202265,2.8340552
2622,2025-10-17 06:00:00+05:30,8.149847,353.6599,16.928614,358.17206
2623,2025-10-17 07:00:00+05:30,5.6920996,341.56494,14.848635,353.7366
2624,2025-10-17 08:00:00+05:30,5.5916004,356.3087,8.82,360.0
2625,2025-10-17 09:00:00+05:30,6.7205353,20.37652,8.65873,20.695532
2626,2025-10-17 10:00:00+05:30,4.3573384,38.290207,5.509882,38.367523
2627,2025-10-17 11:00:00+05:30,3.8856654,13.392516,4.452954,14.036275
2628,2025-10-17 12:00:00+05:30,3.462369,8.97255,4.175069,7.4313188
2629,2025-10-17 13:00:00+05:30,2.5264204,4.085537,3.0652895,356.6336
2630,2025-10-17 14:00:00+05:30,1.26,360.0,1.609969,333.43503
2631,2025-10-17 15:00:00+05:30,1.1384199,288.43503,1.8,270.0
2632,2025-10-17 16:00:00+05:30,0.8049845,26.564985,1.9386592,291.80148
2633,2025-10-17 17:00:00+05:30,0.5091169,135.0001,0.40249225,206.56499
2634,2025-10-17 18:00:00+05:30,1.3104197,164.05453,2.7943513,165.06853
2635,2025-10-17 19:00:00+05:30,4.514377,203.49858,7.69592,190.78426
2636,2025-10-17 20:00:00+05:30,5.6060677,222.39738,10.248941,210.61853
2637,2025-10-17 21:00:00+05:30,5.8409934,236.3099,12.456468,232.63326
2638,2025-10-17 22:00:00+05:30,5.232399,266.0549,12.409561,246.0375
2639,2025-10-17 23:00:00+05:30,5.5216303,289.0257,12.800265,273.22446
2640,2025-10-18 00:00:00+05:30,4.913044,278.42688,11.793777,285.94547
2641,2025-10-18 01:00:00+05:30,5.4656014,287.24155,13.70839,299.93143
2642,2025-10-18 02:00:00+05:30,6.193674,305.53775,15.30741,311.18582
2643,2025-10-18 03:00:00+05:30,5.994297,311.3477,15.096411,320.80673
2644,2025-10-18 04:00:00+05:30,5.8603754,317.4896,15.385525,331.33615
2645,2025-10-18 05:00:00+05:30,6.452441,337.01126,15.111424,347.61926
2646,2025-10-18 06:00:00+05:30,7.9138603,342.80136,13.684735,358.4926
2647,2025-10-18 07:00:00+05:30,6.2483597,348.3664,13.917154,5.19435
2648,2025-10-18 08:00:00+05:30,5.6521144,9.16228,9.867218,14.796817
2649,2025-10-18 09:00:00+05:30,6.1437774,31.827414,8.187527,33.340725
2650,2025-10-18 10:00:00+05:30,6.391901,57.652576,8.39657,59.03632
2651,2025-10-18 11:00:00+05:30,4.510787,61.389645,5.4744864,62.59251
2652,2025-10-18 12:00:00+05:30,1.9386592,68.19853,2.5071096,68.96242
2653,2025-10-18 13:00:00+05:30,0.56920993,198.43504,0.71999997,180.0
2654,2025-10-18 14:00:00+05:30,3.7064266,240.94548,4.3536186,240.2552
2655,2025-10-18 15:00:00+05:30,3.7842832,272.72626,4.6834598,267.79745
2656,2025-10-18 16:00:00+05:30,3.219938,296.56497,4.379589,279.46225
2657,2025-10-18 17:00:00+05:30,0.9,53.13002,2.0124612,63.435013
2658,2025-10-18 18:00:00+05:30,0.56920993,71.564964,1.5379207,110.55613
2659,2025-10-18 19:00:00+05:30,1.835647,101.3099,4.6277857,103.49575
2660,2025-10-18 20:00:00+05:30,1.5379207,159.44388,3.319036,130.60121
2661,2025-10-18 21:00:00+05:30,2.1674871,184.76355,4.514377,156.50142
2662,2025-10-18 22:00:00+05:30,0.40249225,296.56497,2.907989,158.19853
2663,2025-10-18 23:00:00+05:30,0.17999999,360.0,2.5772078,167.90526
2664,2025-10-19 00:00:00+05:30,0.8049845,63.435013,3.4388947,132.87889
2665,2025-10-19 01:00:00+05:30,0.71999997,90.0,3.3481934,126.25393
2666,2025-10-19 02:00:00+05:30,0.25455844,315.0001,2.5959969,123.690094
2667,2025-10-19 03:00:00+05:30,2.5071096,338.9624,3.319036,40.601215
2668,2025-10-19 04:00:00+05:30,5.2939587,342.18103,6.87779,6.0089183
2669,2025-10-19 05:00:00+05:30,4.143911,2.4894993,9.473541,14.300317
2670,2025-10-19 06:00:00+05:30,6.341009,6.5197067,12.810386,19.708078
2671,2025-10-19 07:00:00+05:30,5.0911684,8.130019,12.966248,13.650437
2672,2025-10-19 08:00:00+05:30,5.8852015,23.428713,8.958504,22.442802
2673,2025-10-19 09:00:00+05:30,7.8480825,36.607166,10.261579,37.875053
2674,2025-10-19 10:00:00+05:30,6.3639607,44.999897,8.14587,44.999897
2675,2025-10-19 11:00:00+05:30,4.965521,43.53127,6.2379804,43.83095
2676,2025-10-19 12:00:00+05:30,4.4456716,31.75944,5.5916004,33.178535
2677,2025-10-19 13:00:00+05:30,4.5,16.26028,5.5829024,20.772345
2678,2025-10-19 14:00:00+05:30,9.3876505,355.60138,11.885453,358.26434
2679,2025-10-19 15:00:00+05:30,8.688613,346.82742,12.673074,348.5305
2680,2025-10-19 16:00:00+05:30,4.896529,342.8972,9.9977,346.4641
2681,2025-10-19 17:00:00+05:30,3.462369,8.97255,8.227004,10.0805435
2682,2025-10-19 18:00:00+05:30,5.5450516,346.86597,11.555103,355.53293
2683,2025-10-19 19:00:00+05:30,3.6402748,351.4693,8.461914,358.78116
2684,2025-10-19 20:00:00+05:30,3.244996,340.55988,6.330782,345.17346
2685,2025-10-19 21:00:00+05:30,1.8089776,354.2895,5.9399996,360.0
2686,2025-10-19 22:00:00+05:30,2.4014995,12.99463,7.42159,22.833694
2687,2025-10-19 23:00:00+05:30,5.2416787,15.945477,11.799271,21.476864
2688,2025-10-20 00:00:00+05:30,6.0347,17.354122,15.056652,27.790363
2689,2025-10-20 01:00:00+05:30,5.3517847,19.653913,14.677452,33.49521
2690,2025-10-20 02:00:00+05:30,5.5567255,24.904745,14.957339,39.628963
2691,2025-10-20 03:00:00+05:30,5.5916004,33.178535,15.275627,45.954758
2692,2025-10-20 04:00:00+05:30,6.5248446,24.443953,16.388897,38.758102
2693,2025-10-20 05:00:00+05:30,7.120815,20.72564,17.325874,29.227953
2694,2025-10-20 06:00:00+05:30,9.449572,17.744766,18.275984,27.574474
2695,2025-10-20 07:00:00+05:30,7.329338,24.67685,18.39878,30.579157
2696,2025-10-20 08:00:00+05:30,8.587338,33.023872,12.232057,32.988533
2697,2025-10-20 09:00:00+05:30,10.548061,36.674442,14.004185,37.164566
2698,2025-10-20 10:00:00+05:30,8.587338,33.023872,11.43248,33.439884
2699,2025-10-20 11:00:00+05:30,6.0347,17.354122,7.8583965,20.095322
2700,2025-10-20 12:00:00+05:30,5.0432134,2.0453732,6.5693827,9.462261
2701,2025-10-20 13:00:00+05:30,4.514377,336.5014,5.3699164,346.42953
2702,2025-10-20 14:00:00+05:30,7.0015144,342.03076,8.905908,345.9637
2703,2025-10-20 15:00:00+05:30,7.519175,317.91092,11.7,323.13
2704,2025-10-20 16:00:00+05:30,5.796447,306.15826,14.383114,315.50696
2705,2025-10-20 17:00:00+05:30,7.596341,346.293,19.811451,342.5527
2706,2025-10-20 18:00:00+05:30,6.638072,347.4712,16.87878,352.6477
2707,2025-10-20 19:00:00+05:30,3.964089,357.3975,11.521406,0.8951557
2708,2025-10-20 20:00:00+05:30,1.1525624,128.65984,5.3999996,53.13002
2709,2025-10-20 21:00:00+05:30,0.17999999,270.0,3.4623692,62.10283
2710,2025-10-20 22:00:00+05:30,3.62243,296.56497,3.9966483,324.16226
2711,2025-10-20 23:00:00+05:30,4.755544,330.5242,7.5685663,334.65387
2712,2025-10-21 00:00:00+05:30,5.9399996,360.0,11.722133,3.5213907
2713,2025-10-21 01:00:00+05:30,8.6867485,5.946777,17.552536,13.0386715
2714,2025-10-21 02:00:00+05:30,8.707238,7.12493,19.189215,16.905241
2715,2025-10-21 03:00:00+05:30,7.9932976,7.7650824,18.553974,22.833694
2716,2025-10-21 04:00:00+05:30,7.5942073,5.4402504,17.655605,23.428713
2717,2025-10-21 05:00:00+05:30,7.9465466,13.091906,19.211996,12.99463
2718,2025-10-21 06:00:00+05:30,8.766573,19.179106,17.280935,22.023115
2719,2025-10-21 07:00:00+05:30,5.318383,23.962492,14.251863,27.859566
2720,2025-10-21 08:00:00+05:30,6.037383,26.564985,8.534353,27.645891
2721,2025-10-21 09:00:00+05:30,8.827344,20.282646,11.631956,21.801476
2722,2025-10-21 10:00:00+05:30,9.422101,6.581848,12.525207,7.4313188
2723,2025-10-21 11:00:00+05:30,12.011544,340.75037,15.725037,344.05453
2724,2025-10-21 12:00:00+05:30,13.767352,334.44006,18.318481,337.4667
2725,2025-10-21 13:00:00+05:30,13.926464,333.10382,19.172323,335.60056
2726,2025-10-21 14:00:00+05:30,11.753877,332.6502,17.951334,333.1781
2727,2025-10-21 15:00:00+05:30,8.538149,341.56494,17.076298,341.56494
2728,2025-10-21 16:00:00+05:30,10.239453,349.8754,22.700705,349.49203
2729,2025-10-21 17:00:00+05:30,10.062305,10.304792,21.316135,4.84392
2730,2025-10-21 18:00:00+05:30,6.9247384,27.897186,17.25373,23.355589
2731,2025-10-21 19:00:00+05:30,6.2145634,79.99209,14.474059,68.86011
2732,2025-10-21 20:00:00+05:30,5.0432134,124.82456,12.043869,99.46225
2733,2025-10-21 21:00:00+05:30,1.1525624,128.65984,7.9383874,93.90042
2734,2025-10-21 22:00:00+05:30,1.609969,333.43503,4.942631,56.88865
2735,2025-10-21 23:00:00+05:30,3.9966483,305.83774,4.913044,331.55716
2736,2025-10-22 00:00:00+05:30,4.5891175,311.82007,7.3469996,329.03632
2737,2025-10-22 01:00:00+05:30,4.6800003,337.3801,8.027677,340.3461
2738,2025-10-22 02:00:00+05:30,5.2323985,333.43503,9.059205,339.04413
2739,2025-10-22 03:00:00+05:30,6.6818557,332.74475,14.539945,338.19852
2740,2025-10-22 04:00:00+05:30,5.896202,347.66092,14.861722,348.8262
2741,2025-10-22 05:00:00+05:30,5.4744864,350.53775,14.04,360.0
2742,2025-10-22 06:00:00+05:30,7.731622,12.094739,13.896187,16.557161
2743,2025-10-22 07:00:00+05:30,6.162207,6.70975,14.465102,16.631037
2744,2025-10-22 08:00:00+05:30,5.6262593,7.3522935,9.215226,12.407412
2745,2025-10-22 09:00:00+05:30,6.3639607,8.130019,8.43699,11.07017
2746,2025-10-22 10:00:00+05:30,7.2022495,358.56793,9.36173,1.101687
2747,2025-10-22 11:00:00+05:30,9.627896,339.1931,12.124307,341.83395
2748,2025-10-22 12:00:00+05:30,11.052058,329.67648,14.328949,333.11313
2749,2025-10-22 13:00:00+05:30,12.181624,325.84024,15.990646,328.8151
2750,2025-10-22 14:00:00+05:30,12.061343,322.27493,17.224598,325.6456
2751,2025-10-22 15:00:00+05:30,9.361731,322.02835,17.873556,325.66974
2752,2025-10-22 16:00:00+05:30,7.293888,344.24875,19.260841,344.2752
2753,2025-10-22 17:00:00+05:30,7.5599995,360.0,19.84005,356.3589
2754,2025-10-22 18:00:00+05:30,7.102591,8.746089,18.852798,10.451587
2755,2025-10-22 19:00:00+05:30,4.175069,352.5687,12.5032,22.873707
2756,2025-10-22 20:00:00+05:30,0.9,306.86996,4.8366103,44.999897
2757,2025-10-22 21:00:00+05:30,0.9,270.0,0.9,90.0
2758,2025-10-22 22:00:00+05:30,4.6834598,272.20255,6.162207,276.70975
2759,2025-10-22 23:00:00+05:30,5.195113,284.03625,8.085988,286.8215
2760,2025-10-23 00:00:00+05:30,4.542994,303.6901,9.354806,300.01828
2761,2025-10-23 01:00:00+05:30,5.4744864,316.33215,10.094454,309.9363
2762,2025-10-23 02:00:00+05:30,4.942631,303.11136,10.692969,306.09836
2763,2025-10-23 03:00:00+05:30,5.318383,336.0375,11.183201,326.82147
2764,2025-10-23 04:00:00+05:30,5.2939587,342.18103,11.700001,345.74994
2765,2025-10-23 05:00:00+05:30,4.7827187,19.798973,11.841756,19.536749
2766,2025-10-23 06:00:00+05:30,6.6624317,358.45187,11.203464,23.6821
2767,2025-10-23 07:00:00+05:30,3.6179552,354.2895,9.580668,25.602148
2768,2025-10-23 08:00:00+05:30,2.97953,25.016869,5.3426957,32.61924
2769,2025-10-23 09:00:00+05:30,4.542994,56.3099,6.1437774,58.1726
2770,2025-10-23 10:00:00+05:30,4.2671766,62.354122,5.315336,61.69934
2771,2025-10-23 11:00:00+05:30,3.362677,15.524177,4.327493,16.927603
2772,2025-10-23 12:00:00+05:30,3.0652893,310.2363,3.8183763,315.0001
2773,2025-10-23 13:00:00+05:30,5.896202,282.33908,7.247096,284.38144
2774,2025-10-23 14:00:00+05:30,5.1575575,299.24872,6.6087217,299.35767
2775,2025-10-23 15:00:00+05:30,2.2768397,18.435053,3.2599385,353.6599
2776,2025-10-23 16:00:00+05:30,3.0758414,110.55613,5.6060677,95.52745
2777,2025-10-23 17:00:00+05:30,1.0182338,135.0001,0.742159,104.03627
2778,2025-10-23 18:00:00+05:30,2.9024127,187.12492,4.913044,171.57312
2779,2025-10-23 19:00:00+05:30,6.050785,202.751,11.788281,187.0164
2780,2025-10-23 20:00:00+05:30,4.7928696,214.28693,11.230904,201.63095
2781,2025-10-23 21:00:00+05:30,3.8521678,232.59457,9.446141,210.96368
2782,2025-10-23 22:00:00+05:30,0.71999997,270.0,6.489992,199.44012
2783,2025-10-23 23:00:00+05:30,0.25455844,44.999897,4.327493,196.9276
2784,2025-10-24 00:00:00+05:30,3.2399998,360.0,2.0124612,349.69522
2785,2025-10-24 01:00:00+05:30,3.381893,334.79892,4.412754,348.23172
2786,2025-10-24 02:00:00+05:30,3.189608,343.61038,4.8899083,6.3401003
2787,2025-10-24 03:00:00+05:30,3.7971041,328.5705,7.0774574,7.3056703
2788,2025-10-24 04:00:00+05:30,5.22,313.6029,8.083983,348.4399
2789,2025-10-24 05:00:00+05:30,4.5572357,350.9098,10.234705,23.86019
2790,2025-10-24 06:00:00+05:30,4.8899083,353.6599,8.461915,38.088825
2791,2025-10-24 07:00:00+05:30,2.0124612,333.43503,5.5450516,35.75398
2792,2025-10-24 08:00:00+05:30,1.0495713,30.963696,1.659518,49.398785
2793,2025-10-24 09:00:00+05:30,2.2553935,61.389645,2.907989,68.19853
2794,2025-10-24 10:00:00+05:30,2.5772076,24.775122,3.06,28.072395
2795,2025-10-24 11:00:00+05:30,2.7943513,14.931467,3.189608,16.389616
2796,2025-10-24 12:00:00+05:30,2.226477,345.9637,2.6208394,344.05453
2797,2025-10-24 13:00:00+05:30,2.6758924,312.27362,3.244996,303.6901
2798,2025-10-24 14:00:00+05:30,2.9301877,317.4896,3.494968,304.50858
2799,2025-10-24 15:00:00+05:30,1.9386592,21.801476,1.9881649,5.19435
2800,2025-10-24 16:00:00+05:30,1.8,53.13002,2.19718,55.0079
2801,2025-10-24 17:00:00+05:30,4.7110505,226.54811,9.504272,232.69597
2802,2025-10-24 18:00:00+05:30,6.193674,234.46223,12.475961,226.16905
2803,2025-10-24 19:00:00+05:30,6.1305785,220.23628,12.362475,222.04915
2804,2025-10-24 20:00:00+05:30,5.0142193,201.03758,9.901636,207.03078
2805,2025-10-24 21:00:00+05:30,3.1845248,222.70937,8.854829,206.56499
2806,2025-10-24 22:00:00+05:30,2.2553935,208.61037,7.458606,199.74693
2807,2025-10-24 23:00:00+05:30,4.3832865,199.17911,8.936778,189.27252
2808,2025-10-25 00:00:00+05:30,4.752136,232.69597,10.546525,207.43964
2809,2025-10-25 01:00:00+05:30,4.6938252,265.60138,10.152064,232.92683
2810,2025-10-25 02:00:00+05:30,4.278551,284.6209,9.335737,250.86626
2811,2025-10-25 03:00:00+05:30,4.2175345,309.8055,8.827344,272.33725
2812,2025-10-25 04:00:00+05:30,3.1845248,312.70938,7.4346757,276.95285
2813,2025-10-25 05:00:00+05:30,2.4216523,318.01288,6.151683,290.55612
2814,2025-10-25 06:00:00+05:30,1.609969,243.43501,3.0758414,290.55612
2815,2025-10-25 07:00:00+05:30,1.6981165,57.99466,2.8856194,3.5762644
2816,2025-10-25 08:00:00+05:30,2.8460498,18.435053,3.710795,14.036275
2817,2025-10-25 09:00:00+05:30,3.2399998,360.0,3.96,360.0
2818,2025-10-25 10:00:00+05:30,3.62243,26.564985,4.510787,28.610369
2819,2025-10-25 11:00:00+05:30,4.1046314,37.875053,5.369916,39.55964
2820,2025-10-25 12:00:00+05:30,2.9301877,42.510403,3.9477081,46.8476
2821,2025-10-25 13:00:00+05:30,3.4623692,62.10283,4.669604,62.447273
2822,2025-10-25 14:00:00+05:30,3.362677,74.47583,4.412754,78.231735
2823,2025-10-25 15:00:00+05:30,3.8521678,52.594578,5.5596404,60.94549
2824,2025-10-25 16:00:00+05:30,4.896529,17.102825,8.958504,22.442802
2825,2025-10-25 17:00:00+05:30,1.2979984,56.309914,5.0688457,83.88459
2826,2025-10-25 18:00:00+05:30,3.550155,329.53452,5.8048253,352.87506
2827,2025-10-25 19:00:00+05:30,3.9640884,320.52756,7.5170207,343.3007
2828,2025-10-25 20:00:00+05:30,0.8049845,296.56497,1.1525624,308.65982
2829,2025-10-25 21:00:00+05:30,0.17999999,270.0,2.8174455,206.56499
2830,2025-10-25 22:00:00+05:30,0.17999999,270.0,2.0523157,232.12495
2831,2025-10-25 23:00:00+05:30,0.9178235,258.6901,4.846648,238.67136
2832,2025-10-26 00:00:00+05:30,0.5091169,315.0001,3.710795,230.90614
2833,2025-10-26 01:00:00+05:30,0.17999999,180.0,2.1674871,184.76355
2834,2025-10-26 02:00:00+05:30,3.06,208.07239,6.2145634,190.00792
2835,2025-10-26 03:00:00+05:30,2.4216523,228.01286,6.361415,205.1148
2836,2025-10-26 04:00:00+05:30,2.9024127,262.8751,6.269067,230.82635
2837,2025-10-26 05:00:00+05:30,2.7534704,281.3099,5.5887027,255.06853
2838,2025-10-26 06:00:00+05:30,2.50064,300.25635,3.9763298,275.19434
2839,2025-10-26 07:00:00+05:30,3.148714,300.96368,5.4744864,313.66785
2840,2025-10-26 08:00:00+05:30,1.0495713,329.03632,1.609969,333.43503
2841,2025-10-26 09:00:00+05:30,3.2599385,353.6599,3.9763298,354.80566
2842,2025-10-26 10:00:00+05:30,6.5693827,9.462261,8.260411,11.3098955
2843,2025-10-26 11:00:00+05:30,7.0223074,358.53122,8.827344,2.3372545
2844,2025-10-26 12:00:00+05:30,5.0688457,353.88458,6.302571,1.6365454
2845,2025-10-26 13:00:00+05:30,3.438895,6.0089183,4.452954,14.036275
2846,2025-10-26 14:00:00+05:30,2.0364676,44.999897,2.6758924,47.72637
2847,2025-10-26 15:00:00+05:30,2.0124612,63.435013,2.5772076,65.22488
2848,2025-10-26 16:00:00+05:30,1.7076298,18.435053,3.710795,22.833694
2849,2025-10-26 17:00:00+05:30,7.1321807,47.045418,14.64209,46.49429
2850,2025-10-26 18:00:00+05:30,4.4274144,63.435013,11.183201,56.82148
2851,2025-10-26 19:00:00+05:30,2.7238941,172.40544,6.76618,118.61037
2852,2025-10-26 20:00:00+05:30,6.2145634,190.00792,13.159711,183.13629
2853,2025-10-26 21:00:00+05:30,5.950899,176.53185,13.934604,185.93143
2854,2025-10-26 22:00:00+05:30,5.4744864,189.46225,13.797912,187.49576
2855,2025-10-26 23:00:00+05:30,5.983477,223.7812,13.934605,208.5513
2856,2025-10-27 00:00:00+05:30,5.8409934,236.3099,14.174356,220.36446
2857,2025-10-27 01:00:00+05:30,3.9763298,275.19434,9.7565975,240.12408
2858,2025-10-27 02:00:00+05:30,4.1046314,307.87503,8.149847,276.3401
2859,2025-10-27 03:00:00+05:30,4.846648,328.67136,9.449572,310.36444
2860,2025-10-27 04:00:00+05:30,5.896202,347.66092,11.935778,336.91483
2861,2025-10-27 05:00:00+05:30,4.8899083,6.3401003,12.452566,355.85544
2862,2025-10-27 06:00:00+05:30,5.8298883,8.8805895,10.464798,3.9451082
2863,2025-10-27 07:00:00+05:30,3.4152596,18.435053,9.449572,17.744766
2864,2025-10-27 08:00:00+05:30,3.644722,20.224945,5.318383,23.962492
2865,2025-10-27 09:00:00+05:30,4.4565907,43.36347,5.728979,46.27295
2866,2025-10-27 10:00:00+05:30,6.792466,57.99466,8.461914,60.708733
2867,2025-10-27 11:00:00+05:30,9.028754,66.50142,11.132385,67.16631
2868,2025-10-27 12:00:00+05:30,8.225035,66.80139,10.32924,67.4569
2869,2025-10-27 13:00:00+05:30,9.360001,67.3801,11.7,67.3801
2870,2025-10-27 14:00:00+05:30,8.227004,79.919464,10.948973,80.53775
2871,2025-10-27 15:00:00+05:30,5.5216303,70.974304,8.604301,74.219185
2872,2025-10-27 16:00:00+05:30,4.143911,87.5105,10.8955765,97.59455
2873,2025-10-27 17:00:00+05:30,5.4029994,1.9091109,12.835653,14.620926
2874,2025-10-27 18:00:00+05:30,5.6060677,354.47253,11.672275,17.037857
2875,2025-10-27 19:00:00+05:30,5.0688457,353.88458,11.755254,25.38787
2876,2025-10-27 20:00:00+05:30,5.8298883,8.8805895,14.292725,36.292717
2877,2025-10-27 21:00:00+05:30,5.223103,1.9748993,13.072015,38.290207
2878,2025-10-27 22:00:00+05:30,5.4477882,352.40543,13.213764,24.120981
2879,2025-10-27 23:00:00+05:30,8.085988,16.82149,19.00599,28.263914
2880,2025-10-28 00:00:00+05:30,6.8423676,26.564985,17.47484,34.50859
2881,2025-10-28 01:00:00+05:30,6.8423676,35.362556,17.581125,42.510403
2882,2025-10-28 02:00:00+05:30,6.8919086,40.763515,17.571909,46.660248
2883,2025-10-28 03:00:00+05:30,6.7565966,41.760216,16.985933,49.72807
2884,2025-10-28 04:00:00+05:30,5.994297,48.65233,16.029099,55.06063
2885,2025-10-28 05:00:00+05:30,7.256032,60.255207,17.146358,63.166042
2886,2025-10-28 06:00:00+05:30,7.7983837,71.14675,15.8502245,74.85897
2887,2025-10-28 07:00:00+05:30,6.76618,61.389645,10.99769,68.89509
2888,2025-10-28 08:00:00+05:30,7.538541,56.689358,10.315115,60.75127
2889,2025-10-28 09:00:00+05:30,9.499158,62.949482,12.409561,66.03751
2890,2025-10-28 10:00:00+05:30,8.958504,67.557205,11.39842,68.702576
2891,2025-10-28 11:00:00+05:30,6.945761,58.781662,8.305396,60.1012
2892,2025-10-28 12:00:00+05:30,5.896202,77.660934,7.342588,78.6901
2893,2025-10-28 13:00:00+05:30,5.495161,58.392544,7.0107627,60.802605
2894,2025-10-28 14:00:00+05:30,6.444905,54.090195,8.490582,57.99466
2895,2025-10-28 15:00:00+05:30,6.391901,57.652576,10.387107,62.10283
2896,2025-10-28 16:00:00+05:30,4.2481523,53.61555,10.486448,50.572224
2897,2025-10-28 17:00:00+05:30,10.805998,119.98155,22.798264,118.79088
2898,2025-10-28 18:00:00+05:30,5.9399996,180.0,14.743526,162.22859
2899,2025-10-28 19:00:00+05:30,7.0843205,207.21602,14.810401,196.23242
2900,2025-10-28 20:00:00+05:30,6.5223618,242.02061,13.259049,221.69804
2901,2025-10-28 21:00:00+05:30,3.462369,278.97253,7.145796,229.08571
2902,2025-10-28 22:00:00+05:30,3.4388947,317.1211,4.323748,267.6141
2903,2025-10-28 23:00:00+05:30,5.950899,3.46817,6.5520988,15.945477
2904,2025-10-29 00:00:00+05:30,5.8603754,10.61961,9.906544,24.702408
2905,2025-10-29 01:00:00+05:30,6.12,28.072395,11.599879,41.85495
2906,2025-10-29 02:00:00+05:30,5.2323985,26.564985,11.966954,43.7812
2907,2025-10-29 03:00:00+05:30,5.5450516,35.75398,12.768586,49.574005
2908,2025-10-29 04:00:00+05:30,4.4456716,58.240574,12.72283,64.8852
2909,2025-10-29 05:00:00+05:30,9.236298,56.929314,18.278645,57.875034
2910,2025-10-29 06:00:00+05:30,6.763786,115.20109,12.371645,98.3658
2911,2025-10-29 07:00:00+05:30,8.311245,85.03035,11.391313,84.55976
2912,2025-10-29 08:00:00+05:30,7.970972,96.48298,10.495713,95.906044
2913,2025-10-29 09:00:00+05:30,6.6087217,119.357666,8.29173,117.12123
2914,2025-10-29 10:00:00+05:30,8.067936,128.65984,10.152064,127.07316
2915,2025-10-29 11:00:00+05:30,12.492829,126.20955,16.029099,124.939384
2916,2025-10-29 12:00:00+05:30,9.676569,108.43504,12.669238,112.55729
2917,2025-10-29 13:00:00+05:30,12.097553,136.80872,16.293728,134.10492
2918,2025-10-29 14:00:00+05:30,7.570707,161.99574,9.796366,159.5671
2919,2025-10-29 15:00:00+05:30,10.957846,137.66306,15.172409,138.36656
2920,2025-10-29 16:00:00+05:30,8.242743,121.60746,12.387348,125.537766
2921,2025-10-29 17:00:00+05:30,7.0223074,88.531235,14.027302,98.85788
2922,2025-10-29 18:00:00+05:30,8.55142,59.656826,15.455911,75.1545
2923,2025-10-29 19:00:00+05:30,7.4932766,65.897766,15.898188,74.23275
2924,2025-10-29 20:00:00+05:30,8.019601,80.960594,17.035456,83.32563
2925,2025-10-29 21:00:00+05:30,9.178235,101.3099,17.146357,94.214096
2926,2025-10-29 22:00:00+05:30,9.906544,65.29759,16.720633,75.664536
2927,2025-10-29 23:00:00+05:30,10.096059,78.6901,18.824419,83.96242
2928,2025-10-30 00:00:00+05:30,9.9571085,77.4712,19.501568,80.972466
2929,2025-10-30 01:00:00+05:30,9.430694,76.75947,18.687086,82.806625
2930,2025-10-30 02:00:00+05:30,9.5196,74.64981,18.865683,82.875084
2931,2025-10-30 03:00:00+05:30,10.261578,91.005066,19.781172,97.318924
2932,2025-10-30 04:00:00+05:30,10.644379,71.258575,18.921415,78.47631
2933,2025-10-30 05:00:00+05:30,8.131936,62.30063,16.418526,74.74483
2934,2025-10-30 06:00:00+05:30,11.753877,62.65021,19.59356,66.73228
2935,2025-10-30 07:00:00+05:30,14.417988,87.13766,21.426804,88.55591
2936,2025-10-30 08:00:00+05:30,13.184308,104.226,17.682194,104.743614
2937,2025-10-30 09:00:00+05:30,13.948548,109.60418,18.272438,108.970505
2938,2025-10-30 10:00:00+05:30,11.928989,95.19434,15.763107,96.556854
2939,2025-10-30 11:00:00+05:30,9.582359,84.61079,11.9140415,85.66777
2940,2025-10-30 12:00:00+05:30,9.54,90.0,12.42,90.0
2941,2025-10-30 13:00:00+05:30,11.190442,78.87085,14.474059,79.249084
2942,2025-10-30 14:00:00+05:30,14.689589,162.89719,21.068459,163.11313
2943,2025-10-30 15:00:00+05:30,3.745557,125.21768,11.545284,149.03632
2944,2025-10-30 16:00:00+05:30,4.5572357,99.090195,11.196232,126.50153
2945,2025-10-30 17:00:00+05:30,6.391901,57.652576,12.358542,77.38069
2946,2025-10-30 18:00:00+05:30,10.464797,49.185013,20.129442,54.46224
2947,2025-10-30 19:00:00+05:30,8.6867485,55.980614,17.799076,61.62086
2948,2025-10-30 20:00:00+05:30,9.172938,74.054535,18.35647,78.6901
2949,2025-10-30 21:00:00+05:30,9.444426,97.66672,18.557467,98.3658
2950,2025-10-30 22:00:00+05:30,8.731392,98.297066,17.856325,104.59661
2951,2025-10-30 23:00:00+05:30,9.227524,110.55612,18.919704,111.19412
