,date,wind_speed_10m,wind_direction_10m,wind_speed_100m,wind_direction_100m
0,2025-06-30 00:00:00+05:30,9.3669195,92.20255,18.582766,86.11217
1,2025-06-30 01:00:00+05:30,10.105681,94.08554,18.751125,93.301796
2,2025-06-30 02:00:00+05:30,9.403169,84.507774,17.852697,86.531845
3,2025-06-30 03:00:00+05:30,11.588701,83.75819,20.70704,88.5057
4,2025-06-30 04:00:00+05:30,10.801499,89.04518,19.313757,94.275764
5,2025-06-30 05:00:00+05:30,11.755254,78.51804,19.507383,85.23644
6,2025-06-30 06:00:00+05:30,14.041154,90.734505,20.892412,91.97489
7,2025-06-30 07:00:00+05:30,16.5688,91.867645,23.2451,92.66295
8,2025-06-30 08:00:00+05:30,18.22361,86.03542,24.713152,86.24152
9,2025-06-30 09:00:00+05:30,17.648262,91.753365,23.777039,92.16921
10,2025-06-30 10:00:00+05:30,16.920958,89.39051,22.14,90.0
11,2025-06-30 11:00:00+05:30,14.458382,71.11382,19.586117,72.89719
12,2025-06-30 12:00:00+05:30,16.572712,81.25392,22.104116,83.453804
13,2025-06-30 13:00:00+05:30,15.710607,85.399994,22.199188,85.81516
14,2025-06-30 14:00:00+05:30,18.102308,109.15571,24.87975,107.255196
15,2025-06-30 15:00:00+05:30,14.74902,113.749504,20.46941,113.86018
16,2025-06-30 16:00:00+05:30,16.011908,111.08383,22.695707,111.88585
17,2025-06-30 17:00:00+05:30,15.858398,116.27415,23.908173,116.37207
18,2025-06-30 18:00:00+05:30,10.825469,137.02136,20.633371,132.8789
19,2025-06-30 19:00:00+05:30,9.485504,123.388535,18.686218,125.98689
20,2025-06-30 20:00:00+05:30,11.672275,109.83222,21.768095,113.38525
21,2025-06-30 21:00:00+05:30,11.328566,107.57135,21.461555,112.69383
22,2025-06-30 22:00:00+05:30,10.3621235,107.175995,20.122196,111.51595
23,2025-06-30 23:00:00+05:30,12.011544,109.24962,21.531641,113.13573
24,2025-07-01 00:00:00+05:30,11.545284,120.963684,21.426807,121.95432
25,2025-07-01 01:00:00+05:30,11.996699,117.718414,21.30093,120.46546
26,2025-07-01 02:00:00+05:30,11.866355,112.28564,22.057894,117.192276
27,2025-07-01 03:00:00+05:30,11.832176,103.19062,21.85796,108.73345
28,2025-07-01 04:00:00+05:30,12.661564,104.82652,22.768398,108.43504
29,2025-07-01 05:00:00+05:30,14.572219,107.98743,23.284098,109.41556
30,2025-07-01 06:00:00+05:30,16.011908,111.08383,23.598541,111.47685
31,2025-07-01 07:00:00+05:30,17.63816,114.73428,24.880402,115.26727
32,2025-07-01 08:00:00+05:30,16.85669,120.12423,22.998478,120.57915
33,2025-07-01 09:00:00+05:30,16.299694,120.529625,21.886845,121.20613
34,2025-07-01 10:00:00+05:30,17.414474,119.74479,23.219301,119.74479
35,2025-07-01 11:00:00+05:30,16.904673,116.56499,22.543158,117.588
36,2025-07-01 12:00:00+05:30,18.36794,114.30454,24.32665,114.47903
37,2025-07-01 13:00:00+05:30,15.3264475,123.50346,20.969807,124.50858
38,2025-07-01 14:00:00+05:30,14.251863,117.85956,19.249905,118.482086
39,2025-07-01 15:00:00+05:30,13.6289835,123.690094,18.123774,124.47927
40,2025-07-01 16:00:00+05:30,14.628807,124.472275,19.692526,126.45102
41,2025-07-01 17:00:00+05:30,15.275627,135.95474,23.940676,136.82794
42,2025-07-01 18:00:00+05:30,9.446141,120.96369,17.772663,123.85105
43,2025-07-01 19:00:00+05:30,9.9408245,121.67542,19.083395,125.78906
44,2025-07-01 20:00:00+05:30,10.144082,117.47435,18.775303,122.471176
45,2025-07-01 21:00:00+05:30,9.257321,116.56499,17.595861,120.76265
46,2025-07-01 22:00:00+05:30,10.365251,110.32322,19.48079,116.32823
47,2025-07-01 23:00:00+05:30,9.12513,112.01134,18.193361,117.072
48,2025-07-02 00:00:00+05:30,8.431228,106.11349,17.25373,113.35559
49,2025-07-02 01:00:00+05:30,8.604301,105.78082,17.381886,111.25058
50,2025-07-02 02:00:00+05:30,9.9977,103.53587,19.18246,108.605064
51,2025-07-02 03:00:00+05:30,11.132385,104.03627,20.54919,108.91118
52,2025-07-02 04:00:00+05:30,11.103243,109.90384,20.160805,113.13145
53,2025-07-02 05:00:00+05:30,12.750811,108.946594,19.855558,112.38018
54,2025-07-02 06:00:00+05:30,14.587776,105.75124,20.44803,106.36115
55,2025-07-02 07:00:00+05:30,12.72283,115.11481,17.95404,115.53739
56,2025-07-02 08:00:00+05:30,14.423605,119.12396,19.513195,119.87591
57,2025-07-02 09:00:00+05:30,14.372974,112.067955,19.121557,112.70288
58,2025-07-02 10:00:00+05:30,14.241629,106.14441,18.792551,106.699326
59,2025-07-02 11:00:00+05:30,14.572219,107.98743,19.353138,108.43504
60,2025-07-02 12:00:00+05:30,13.450708,105.52418,17.777222,105.865776
61,2025-07-02 13:00:00+05:30,14.935662,102.5288,19.689238,104.29036
62,2025-07-02 14:00:00+05:30,13.719023,109.14823,19.017065,107.06294
63,2025-07-02 15:00:00+05:30,10.285232,85.98591,13.339445,86.906006
64,2025-07-02 16:00:00+05:30,14.156058,138.60857,20.619234,135.0001
65,2025-07-02 17:00:00+05:30,8.643749,121.372955,12.283599,124.85453
66,2025-07-02 18:00:00+05:30,8.139901,71.96563,16.215992,92.544754
67,2025-07-02 19:00:00+05:30,9.181765,88.876724,18.431332,95.04236
68,2025-07-02 20:00:00+05:30,11.481968,99.01925,21.145977,101.78816
69,2025-07-02 21:00:00+05:30,9.087772,97.96952,17.298738,102.01146
70,2025-07-02 22:00:00+05:30,11.032987,95.61749,19.384087,100.162025
71,2025-07-02 23:00:00+05:30,13.644427,98.34381,23.313995,103.39252
72,2025-07-03 00:00:00+05:30,8.827344,92.33726,16.557064,101.920715
73,2025-07-03 01:00:00+05:30,10.478722,94.92702,19.06301,100.88548
74,2025-07-03 02:00:00+05:30,9.375563,86.698204,17.325876,94.17036
75,2025-07-03 03:00:00+05:30,9.567131,94.31595,17.726116,99.940506
76,2025-07-03 04:00:00+05:30,10.9859,108.138176,18.671474,109.133736
77,2025-07-03 05:00:00+05:30,12.55879,117.29949,21.03229,119.197395
78,2025-07-03 06:00:00+05:30,11.996699,117.718414,20.096418,120.699646
79,2025-07-03 07:00:00+05:30,15.717823,129.88953,22.218153,130.39983
80,2025-07-03 08:00:00+05:30,13.529966,130.68388,18.222721,132.19748
81,2025-07-03 09:00:00+05:30,15.655861,134.53424,20.746902,135.35147
82,2025-07-03 10:00:00+05:30,15.405519,136.4202,20.378988,137.1476
83,2025-07-03 11:00:00+05:30,14.681866,130.52502,19.62743,132.02618
84,2025-07-03 12:00:00+05:30,15.580141,130.31403,20.675724,130.76352
85,2025-07-03 13:00:00+05:30,12.440851,121.39022,16.580532,122.13722
86,2025-07-03 14:00:00+05:30,20.219378,124.11452,28.056913,123.4862
87,2025-07-03 15:00:00+05:30,13.943901,140.76265,18.807201,140.82635
88,2025-07-03 16:00:00+05:30,10.075177,138.62158,13.004922,138.36655
89,2025-07-03 17:00:00+05:30,13.246826,132.79738,18.96503,134.61551
90,2025-07-03 18:00:00+05:30,4.1046314,127.875046,10.182337,135.0001
91,2025-07-03 19:00:00+05:30,5.04,90.0,11.874544,104.03627
92,2025-07-03 20:00:00+05:30,6.130579,86.63361,13.493999,99.21095
93,2025-07-03 21:00:00+05:30,8.227004,100.08054,17.258425,106.355896
94,2025-07-03 22:00:00+05:30,7.771331,103.39252,16.87974,111.91493
95,2025-07-03 23:00:00+05:30,7.9138603,107.19863,16.50218,116.56499
96,2025-07-04 00:00:00+05:30,7.69592,100.784256,15.342294,112.05112
97,2025-07-04 01:00:00+05:30,7.6473517,116.56499,14.88242,122.15227
98,2025-07-04 02:00:00+05:30,7.7983837,108.85326,13.845967,116.23188
99,2025-07-04 03:00:00+05:30,7.9138603,107.19863,13.288341,114.82932
100,2025-07-04 04:00:00+05:30,7.731622,102.09474,13.737904,111.522675
101,2025-07-04 05:00:00+05:30,12.284916,100.98061,20.256996,104.40672
102,2025-07-04 06:00:00+05:30,9.36173,91.101685,12.785069,91.6135
103,2025-07-04 07:00:00+05:30,10.360559,97.98924,13.619471,97.59455
104,2025-07-04 08:00:00+05:30,9.9408245,121.67542,13.432632,122.412285
105,2025-07-04 09:00:00+05:30,9.165871,109.50254,11.841756,109.53674
106,2025-07-04 10:00:00+05:30,8.967541,100.40766,11.616627,102.5288
107,2025-07-04 11:00:00+05:30,9.255571,103.49575,11.793777,105.945465
108,2025-07-04 12:00:00+05:30,8.738811,122.38066,11.13384,124.46088
109,2025-07-04 13:00:00+05:30,8.61371,116.02953,10.874742,118.68605
110,2025-07-04 14:00:00+05:30,8.748075,143.3658,11.052058,142.94339
111,2025-07-04 15:00:00+05:30,9.178235,115.55992,12.841963,121.23916
112,2025-07-04 16:00:00+05:30,7.0015144,107.96923,9.743304,115.14475
113,2025-07-04 17:00:00+05:30,6.544677,121.50421,9.187056,124.62422
114,2025-07-04 18:00:00+05:30,11.566313,159.02643,19.274294,168.69011
115,2025-07-04 19:00:00+05:30,12.483749,185.79271,21.359411,192.16219
116,2025-07-04 20:00:00+05:30,4.471107,139.89915,8.131936,174.92049
117,2025-07-04 21:00:00+05:30,4.5536795,108.43504,8.827344,129.2072
118,2025-07-04 22:00:00+05:30,4.846648,121.328636,10.075177,131.37842
119,2025-07-04 23:00:00+05:30,4.942631,123.11135,10.571074,137.07004
120,2025-07-05 00:00:00+05:30,7.001514,136.04153,13.433838,144.81921
121,2025-07-05 01:00:00+05:30,8.39657,120.96369,15.159589,132.594
122,2025-07-05 02:00:00+05:30,7.289445,122.90524,14.009968,137.08257
123,2025-07-05 03:00:00+05:30,9.567131,131.18582,16.188995,138.15494
124,2025-07-05 04:00:00+05:30,11.362834,139.49724,19.681828,140.19447
125,2025-07-05 05:00:00+05:30,10.948973,136.33215,18.921415,140.40382
126,2025-07-05 06:00:00+05:30,9.360001,112.61991,13.403656,112.08723
127,2025-07-05 07:00:00+05:30,9.997699,113.33407,13.451914,114.50739
128,2025-07-05 08:00:00+05:30,10.63372,123.9591,14.378608,124.286934
129,2025-07-05 09:00:00+05:30,12.039833,121.551346,16.028088,122.61923
130,2025-07-05 10:00:00+05:30,11.679212,118.539894,15.651722,120.39865
131,2025-07-05 11:00:00+05:30,10.248941,120.61853,13.584932,122.00535
132,2025-07-05 12:00:00+05:30,6.76618,118.61037,8.643749,121.372955
133,2025-07-05 13:00:00+05:30,7.1208143,106.14441,8.880405,107.700516
134,2025-07-05 14:00:00+05:30,10.3480425,103.06932,13.1412325,103.46522
135,2025-07-05 15:00:00+05:30,10.24578,108.43504,13.32,108.92474
136,2025-07-05 16:00:00+05:30,12.886039,102.09474,17.377226,103.17256
137,2025-07-05 17:00:00+05:30,12.24,151.92761,17.22836,152.63187
138,2025-07-05 18:00:00+05:30,8.643749,148.62704,15.717823,140.11047
139,2025-07-05 19:00:00+05:30,5.3457265,135.0001,10.739832,140.44037
140,2025-07-05 20:00:00+05:30,5.5450516,103.13403,11.837652,118.12364
141,2025-07-05 21:00:00+05:30,8.139901,71.96563,16.344355,78.56635
142,2025-07-05 22:00:00+05:30,10.829959,74.57778,19.914217,77.4712
143,2025-07-05 23:00:00+05:30,9.422101,83.41815,18.367939,88.31535
144,2025-07-06 00:00:00+05:30,9.473541,75.69969,17.176563,84.58823
145,2025-07-06 01:00:00+05:30,10.51576,83.11838,18.561832,92.77911
146,2025-07-06 02:00:00+05:30,12.815443,79.47927,21.618742,87.614105
147,2025-07-06 03:00:00+05:30,10.6261,91.94145,19.023027,96.519714
148,2025-07-06 04:00:00+05:30,10.261578,88.99494,18.391735,93.366394
149,2025-07-06 05:00:00+05:30,12.882267,97.22423,21.96,100.38881
150,2025-07-06 06:00:00+05:30,14.440443,94.28908,21.9253,96.59982
151,2025-07-06 07:00:00+05:30,15.3264475,102.893745,21.829777,103.34874
152,2025-07-06 08:00:00+05:30,16.029099,114.55044,22.06377,115.10158
153,2025-07-06 09:00:00+05:30,14.934577,105.376305,19.879206,106.30179
154,2025-07-06 10:00:00+05:30,15.188415,95.44024,19.917469,96.22574
155,2025-07-06 11:00:00+05:30,15.905319,84.805664,21.109173,86.08851
156,2025-07-06 12:00:00+05:30,15.359179,79.87539,20.44803,80.37192
157,2025-07-06 13:00:00+05:30,16.575644,92.4895,21.780743,90.473495
158,2025-07-06 14:00:00+05:30,10.813492,87.13766,14.428097,86.423744
159,2025-07-06 15:00:00+05:30,11.362834,86.36713,15.158522,85.91447
160,2025-07-06 16:00:00+05:30,14.734735,115.31284,22.50072,113.07825
161,2025-07-06 17:00:00+05:30,11.897714,100.459854,18.532133,97.81521
162,2025-07-06 18:00:00+05:30,6.310277,86.729576,14.044615,91.46877
163,2025-07-06 19:00:00+05:30,7.7734165,84.68555,16.201,89.36342
164,2025-07-06 20:00:00+05:30,9.278297,71.916466,18.023384,81.38444
165,2025-07-06 21:00:00+05:30,9.504273,65.37646,18.3794,75.82764
166,2025-07-06 22:00:00+05:30,11.734564,69.34101,21.697279,76.07902
167,2025-07-06 23:00:00+05:30,13.084402,82.09293,23.289661,85.56741
168,2025-07-07 00:00:00+05:30,13.239487,82.9717,23.237434,87.780396
169,2025-07-07 01:00:00+05:30,12.2519045,79.845795,21.660664,85.71093
170,2025-07-07 02:00:00+05:30,12.241323,70.23275,21.129883,76.20049
171,2025-07-07 03:00:00+05:30,13.207634,72.55273,22.530937,77.074
172,2025-07-07 04:00:00+05:30,12.931218,73.835434,21.925297,77.675285
173,2025-07-07 05:00:00+05:30,12.072083,69.943825,21.04461,75.13167
174,2025-07-07 06:00:00+05:30,18.11215,79.69521,27.579971,80.23037
175,2025-07-07 07:00:00+05:30,18.466455,83.84493,26.079508,83.659904
176,2025-07-07 08:00:00+05:30,18.806337,95.49223,26.815166,96.55246
177,2025-07-07 09:00:00+05:30,17.373497,95.94677,23.599228,97.45016
178,2025-07-07 10:00:00+05:30,19.067259,97.59455,25.634048,98.07311
179,2025-07-07 11:00:00+05:30,13.910169,100.43742,18.968447,99.28348
180,2025-07-07 12:00:00+05:30,17.750774,112.6646,23.566256,112.45159
181,2025-07-07 13:00:00+05:30,10.656547,105.67959,14.98331,106.04001
182,2025-07-07 14:00:00+05:30,7.1661706,78.40785,10.316686,83.99109
183,2025-07-07 15:00:00+05:30,13.138765,80.53775,17.518356,80.53775
184,2025-07-07 16:00:00+05:30,10.435344,75.004875,15.85329,77.54176
185,2025-07-07 17:00:00+05:30,9.473541,75.69969,15.39184,79.21575
186,2025-07-07 18:00:00+05:30,11.165805,88.15243,19.633205,92.10161
187,2025-07-07 19:00:00+05:30,9.726665,92.12105,18.610641,94.99365
188,2025-07-07 20:00:00+05:30,7.3997297,71.564964,15.808263,82.14678
189,2025-07-07 21:00:00+05:30,8.133928,65.13633,17.035456,74.054535
190,2025-07-07 22:00:00+05:30,11.351422,62.622387,20.65848,67.4569
191,2025-07-07 23:00:00+05:30,11.556504,52.594578,20.473368,57.567474
192,2025-07-08 00:00:00+05:30,11.5887,46.888172,20.240198,51.49933
193,2025-07-08 01:00:00+05:30,12.346741,45.590588,20.859041,50.954113
194,2025-07-08 02:00:00+05:30,12.961249,52.33432,21.618742,55.515984
195,2025-07-08 03:00:00+05:30,12.744457,53.61555,21.122215,57.528828
196,2025-07-08 04:00:00+05:30,14.787414,58.43824,23.710857,59.93151
197,2025-07-08 05:00:00+05:30,16.909464,64.79892,26.243607,63.96225
198,2025-07-08 06:00:00+05:30,14.973576,80.31129,22.707127,82.25538
199,2025-07-08 07:00:00+05:30,18.022486,87.13766,25.925623,88.80654
200,2025-07-08 08:00:00+05:30,15.5395355,71.77483,21.41319,73.39294
201,2025-07-08 09:00:00+05:30,11.897714,72.38734,16.244938,74.57778
202,2025-07-08 10:00:00+05:30,12.886039,61.645138,20.054457,61.594852
203,2025-07-08 11:00:00+05:30,11.51578,65.03724,15.702356,64.90378
204,2025-07-08 12:00:00+05:30,11.923557,61.113514,15.459054,62.24156
205,2025-07-08 13:00:00+05:30,13.797912,97.495766,18.775301,94.39862
206,2025-07-08 14:00:00+05:30,13.169555,100.23475,17.726116,99.940506
207,2025-07-08 15:00:00+05:30,14.205182,98.74608,18.228943,99.090195
208,2025-07-08 16:00:00+05:30,10.9859,91.87784,16.280798,95.7105
209,2025-07-08 17:00:00+05:30,11.712455,92.642494,16.966848,94.258766
210,2025-07-08 18:00:00+05:30,12.81165,94.02819,21.513577,99.147
211,2025-07-08 19:00:00+05:30,13.708391,103.671326,23.34455,107.03786
212,2025-07-08 20:00:00+05:30,15.287288,102.2361,26.33296,105.46127
213,2025-07-08 21:00:00+05:30,14.36621,105.25517,25.443748,108.563225
214,2025-07-08 22:00:00+05:30,14.292725,95.7823,24.539486,98.01115
215,2025-07-08 23:00:00+05:30,14.428097,86.423744,24.850431,91.66025
216,2025-07-09 00:00:00+05:30,15.111424,77.619255,26.079508,83.659904
217,2025-07-09 01:00:00+05:30,16.309628,79.18617,27.153164,83.911575
218,2025-07-09 02:00:00+05:30,16.50218,76.11531,27.78829,79.92758
219,2025-07-09 03:00:00+05:30,16.954432,86.347855,28.440567,90.362625
220,2025-07-09 04:00:00+05:30,16.546299,81.86999,27.56881,87.38051
221,2025-07-09 05:00:00+05:30,15.664136,88.68312,25.846146,95.19434
222,2025-07-09 06:00:00+05:30,14.508715,78.5507,21.869074,81.00294
223,2025-07-09 07:00:00+05:30,18.228943,80.909805,25.721743,83.57135
224,2025-07-09 08:00:00+05:30,17.49337,86.46052,24.302666,89.15125
225,2025-07-09 09:00:00+05:30,16.840345,100.469124,23.05476,100.3448
226,2025-07-09 10:00:00+05:30,14.494192,104.38144,22.74918,105.135895
227,2025-07-09 11:00:00+05:30,13.32,108.92474,18.331741,109.50254
228,2025-07-09 12:00:00+05:30,13.379461,107.21616,19.639807,109.26536
229,2025-07-09 13:00:00+05:30,12.3165245,116.939445,17.972979,119.388916
230,2025-07-09 14:00:00+05:30,15.086748,125.77617,21.20412,127.06454
231,2025-07-09 15:00:00+05:30,17.460928,142.53937,24.408424,142.792
232,2025-07-09 16:00:00+05:30,13.878689,123.89621,19.023027,124.592354
233,2025-07-09 17:00:00+05:30,15.035119,121.78722,22.59699,120.65059
234,2025-07-09 18:00:00+05:30,14.092977,114.92845,23.98867,116.75725
235,2025-07-09 19:00:00+05:30,14.934577,105.376305,25.502893,107.66773
236,2025-07-09 20:00:00+05:30,15.367616,95.37662,25.984917,100.37579
237,2025-07-09 21:00:00+05:30,14.607751,93.53223,25.027767,97.0227
238,2025-07-09 22:00:00+05:30,13.681183,90.75384,23.893261,96.0541
239,2025-07-09 23:00:00+05:30,11.542478,93.57626,20.898611,100.92277
240,2025-07-10 00:00:00+05:30,12.431734,87.5105,22.049082,95.15199
241,2025-07-10 01:00:00+05:30,12.6462,85.101,22.158285,92.32777
242,2025-07-10 02:00:00+05:30,12.425216,91.66025,22.304028,96.95286
243,2025-07-10 03:00:00+05:30,14.33347,97.21417,24.387177,98.48886
244,2025-07-10 04:00:00+05:30,14.869351,96.952866,25.567604,99.72751
245,2025-07-10 05:00:00+05:30,16.248924,94.4473,27.709478,96.340096
246,2025-07-10 06:00:00+05:30,16.909464,101.66875,27.118538,102.65255
247,2025-07-10 07:00:00+05:30,19.586117,107.10281,27.897097,107.26589
248,2025-07-10 08:00:00+05:30,19.400795,117.04044,27.692518,117.06463
249,2025-07-10 09:00:00+05:30,17.238699,118.70586,23.358423,118.539894
250,2025-07-10 10:00:00+05:30,16.276817,119.11605,22.081385,119.281334
251,2025-07-10 11:00:00+05:30,16.985933,117.10805,22.728518,119.4071
252,2025-07-10 12:00:00+05:30,15.858398,116.27415,21.09305,117.439644
253,2025-07-10 13:00:00+05:30,11.177405,104.93147,15.710607,108.01987
254,2025-07-10 14:00:00+05:30,15.779543,110.70912,21.362444,110.72565
255,2025-07-10 15:00:00+05:30,9.913082,119.357666,13.954354,120.203156
256,2025-07-10 16:00:00+05:30,13.766176,117.23507,19.64228,116.09537
257,2025-07-10 17:00:00+05:30,12.86087,133.29869,19.99297,133.17593
258,2025-07-10 18:00:00+05:30,9.9408245,132.06425,19.219584,134.6206
259,2025-07-10 19:00:00+05:30,7.748368,120.73541,16.886454,125.89275
260,2025-07-10 20:00:00+05:30,6.2483597,101.63361,14.941083,111.92964
261,2025-07-10 21:00:00+05:30,6.849467,86.98728,15.426535,101.44101
262,2025-07-10 22:00:00+05:30,9.243311,83.29026,18.416384,94.48453
263,2025-07-10 23:00:00+05:30,10.6261,88.058556,20.778112,94.96966
264,2025-07-11 00:00:00+05:30,9.801326,97.38595,18.903427,103.77162
265,2025-07-11 01:00:00+05:30,8.6867485,95.94677,17.208603,105.78082
266,2025-07-11 02:00:00+05:30,9.47012,81.25392,18.044046,94.0041
267,2025-07-11 03:00:00+05:30,10.658068,85.15609,19.829433,93.12207
268,2025-07-11 04:00:00+05:30,10.441552,90.98774,19.937794,96.73997
269,2025-07-11 05:00:00+05:30,10.004178,98.27581,18.119305,103.20794
270,2025-07-11 06:00:00+05:30,16.396805,107.241554,23.337608,108.43504
271,2025-07-11 07:00:00+05:30,14.974658,115.64096,21.011482,115.906456
272,2025-07-11 08:00:00+05:30,13.874019,112.90581,18.624563,113.34403
273,2025-07-11 09:00:00+05:30,15.086748,107.35411,19.811451,107.44727
274,2025-07-11 10:00:00+05:30,14.003029,107.96923,18.38557,108.25767
275,2025-07-11 11:00:00+05:30,13.708391,113.198616,17.965767,114.253914
276,2025-07-11 12:00:00+05:30,14.021525,119.197395,18.307865,120.094154
277,2025-07-11 13:00:00+05:30,9.292255,121.534744,12.972494,119.05451
278,2025-07-11 14:00:00+05:30,11.236671,144.78232,14.33347,144.71317
279,2025-07-11 15:00:00+05:30,9.7565975,150.1241,12.257194,150.04648
280,2025-07-11 16:00:00+05:30,11.213581,161.27412,14.687382,160.67673
281,2025-07-11 17:00:00+05:30,9.05205,162.64589,13.499999,163.73972
282,2025-07-11 18:00:00+05:30,5.1165614,140.71062,11.738705,144.3601
283,2025-07-11 19:00:00+05:30,5.369916,129.55963,12.456468,142.63326
284,2025-07-11 20:00:00+05:30,5.5829024,110.77233,12.961249,127.66569
285,2025-07-11 21:00:00+05:30,7.5213294,111.03758,15.531193,122.21652
286,2025-07-11 22:00:00+05:30,6.279395,117.29949,14.731435,125.04945
287,2025-07-11 23:00:00+05:30,4.7110505,96.581856,11.1090765,116.980156
288,2025-07-12 00:00:00+05:30,6.162207,83.29026,12.7546215,98.93051
289,2025-07-12 01:00:00+05:30,6.542201,97.907074,14.275713,103.86105
290,2025-07-12 02:00:00+05:30,6.9550843,100.43742,14.747921,109.98319
291,2025-07-12 03:00:00+05:30,6.391901,99.72751,14.003029,107.96923
292,2025-07-12 04:00:00+05:30,8.089993,110.854546,16.904673,116.56499
293,2025-07-12 05:00:00+05:30,8.777653,105.46127,16.284779,113.44808
294,2025-07-12 06:00:00+05:30,11.753876,130.0302,16.595179,130.60121
295,2025-07-12 07:00:00+05:30,9.449572,130.36446,12.496718,131.49637
296,2025-07-12 08:00:00+05:30,9.396275,143.56905,12.241323,143.97253
297,2025-07-12 09:00:00+05:30,10.897063,120.80138,14.081477,122.471176
298,2025-07-12 10:00:00+05:30,12.864649,107.92801,16.56489,109.0257
299,2025-07-12 11:00:00+05:30,11.35285,115.34614,14.734735,115.31284
300,2025-07-12 12:00:00+05:30,10.036512,122.549995,12.783802,122.34742
301,2025-07-12 13:00:00+05:30,9.867218,128.33337,12.425216,128.53021
302,2025-07-12 14:00:00+05:30,9.957108,130.60121,12.37819,130.87231
303,2025-07-12 15:00:00+05:30,11.634741,145.08052,14.879153,145.34862
304,2025-07-12 16:00:00+05:30,7.731623,155.22488,10.234705,156.13982
305,2025-07-12 17:00:00+05:30,5.983477,133.7812,8.281956,137.64261
306,2025-07-12 18:00:00+05:30,3.9477081,136.8476,11.246759,140.19447
307,2025-07-12 19:00:00+05:30,5.441838,145.78424,14.082628,144.88791
308,2025-07-12 20:00:00+05:30,7.029225,129.80553,16.344357,143.5086
309,2025-07-12 21:00:00+05:30,7.127636,135.0001,16.1198,150.57263
310,2025-07-12 22:00:00+05:30,4.2175345,140.19447,11.203464,156.3179
311,2025-07-12 23:00:00+05:30,3.7064266,150.9455,9.3962755,159.82927
312,2025-07-13 00:00:00+05:30,4.327493,163.0724,10.914888,166.65126
313,2025-07-13 01:00:00+05:30,2.3400002,157.3801,7.79215,173.36758
314,2025-07-13 02:00:00+05:30,0.6489992,56.309914,2.0523157,164.74483
315,2025-07-13 03:00:00+05:30,0.6489992,56.309914,1.2727921,171.86998
316,2025-07-13 04:00:00+05:30,3.4949677,78.11137,6.12,90.0
317,2025-07-13 05:00:00+05:30,6.6818557,62.744755,10.8015,66.425285
318,2025-07-13 06:00:00+05:30,4.6452556,35.537766,12.931218,51.21563
319,2025-07-13 07:00:00+05:30,6.21717,67.8905,8.792405,67.10942
320,2025-07-13 08:00:00+05:30,6.4323244,72.07199,8.482947,72.718414
321,2025-07-13 09:00:00+05:30,6.2613096,71.564964,7.7420926,72.40749
322,2025-07-13 10:00:00+05:30,4.86,90.0,6.122647,88.31535
323,2025-07-13 11:00:00+05:30,3.9312592,105.945465,4.8466477,105.06854
324,2025-07-13 12:00:00+05:30,3.2599385,83.659904,3.7971036,84.55976
325,2025-07-13 13:00:00+05:30,3.4247334,93.012726,3.9763298,95.19434
326,2025-07-13 14:00:00+05:30,13.874019,112.90581,18.434847,116.06461
327,2025-07-13 15:00:00+05:30,7.771331,103.39252,10.310403,106.22027
328,2025-07-13 16:00:00+05:30,7.0774574,97.30567,9.321845,100.00792
329,2025-07-13 17:00:00+05:30,6.849467,86.98728,9.54679,87.838974
330,2025-07-13 18:00:00+05:30,3.2846913,170.53775,9.181765,181.12328
331,2025-07-13 19:00:00+05:30,3.8856654,166.60748,10.478722,175.07298
332,2025-07-13 20:00:00+05:30,3.0811036,186.70975,8.260411,191.30989
333,2025-07-13 21:00:00+05:30,3.362677,164.47583,9.007196,182.29056
334,2025-07-13 22:00:00+05:30,2.657668,118.30067,6.725354,164.47583
335,2025-07-13 23:00:00+05:30,4.278551,165.37909,9.007196,177.70944
336,2025-07-14 00:00:00+05:30,2.36753,98.74608,5.2323985,139.18501
337,2025-07-14 01:00:00+05:30,4.613762,69.44388,7.3799996,90.0
338,2025-07-14 02:00:00+05:30,2.5455842,44.999897,6.151683,69.44387
339,2025-07-14 03:00:00+05:30,5.7402787,48.814175,11.435313,61.821507
340,2025-07-14 04:00:00+05:30,8.574123,50.964497,16.733225,58.19066
341,2025-07-14 05:00:00+05:30,11.144021,58.877598,19.92479,67.141205
342,2025-07-14 06:00:00+05:30,16.108742,71.76742,24.826952,73.14152
343,2025-07-14 07:00:00+05:30,13.1041975,69.075424,19.751667,71.39984
344,2025-07-14 08:00:00+05:30,16.144905,67.72406,22.832344,67.27586
345,2025-07-14 09:00:00+05:30,17.441433,58.934902,24.44954,59.470375
346,2025-07-14 10:00:00+05:30,18.353823,63.18373,26.652765,64.8195
347,2025-07-14 11:00:00+05:30,18.731247,70.346085,25.900616,72.19456
348,2025-07-14 12:00:00+05:30,17.419127,76.25094,23.489136,76.70919
349,2025-07-14 13:00:00+05:30,16.13286,79.06623,23.200455,80.17235
350,2025-07-14 14:00:00+05:30,11.364259,60.592903,17.396793,61.578896
351,2025-07-14 15:00:00+05:30,15.589497,36.076107,23.138927,39.634335
352,2025-07-14 16:00:00+05:30,16.886456,58.51258,27.852928,63.103848
353,2025-07-14 17:00:00+05:30,15.94601,61.69934,24.95452,63.435013
354,2025-07-14 18:00:00+05:30,21.978434,64.274445,35.405594,66.95438
355,2025-07-14 19:00:00+05:30,22.60631,69.97783,36.235477,75.61857
356,2025-07-14 20:00:00+05:30,16.260885,116.28135,26.260265,123.25438
357,2025-07-14 21:00:00+05:30,17.950432,164.2913,28.445126,173.45972
358,2025-07-14 22:00:00+05:30,19.811451,162.55272,32.142982,164.40714
359,2025-07-14 23:00:00+05:30,19.992968,159.44388,31.88084,160.54193
360,2025-07-15 00:00:00+05:30,19.240644,152.71588,30.515707,152.22581
361,2025-07-15 01:00:00+05:30,18.470842,142.12495,28.98503,142.06255
362,2025-07-15 02:00:00+05:30,18.372349,138.9726,29.247091,139.74301
363,2025-07-15 03:00:00+05:30,17.630814,130.0302,29.678175,132.78793
364,2025-07-15 04:00:00+05:30,18.138071,130.16951,29.917385,133.7812
365,2025-07-15 05:00:00+05:30,16.848038,126.74756,28.602446,130.40567
366,2025-07-15 06:00:00+05:30,18.0,143.13002,27.865139,142.61186
367,2025-07-15 07:00:00+05:30,17.423777,146.80243,27.558228,146.7251
368,2025-07-15 08:00:00+05:30,15.283048,147.99466,24.11261,149.98996
369,2025-07-15 09:00:00+05:30,14.572221,154.38457,19.386593,158.19853
370,2025-07-15 10:00:00+05:30,16.833609,155.35324,23.510508,154.61214
371,2025-07-15 11:00:00+05:30,16.474672,146.13628,24.31333,146.78052
372,2025-07-15 12:00:00+05:30,15.646544,156.97447,21.026125,158.9272
373,2025-07-15 13:00:00+05:30,12.440851,148.60979,16.341383,153.15279
374,2025-07-15 14:00:00+05:30,12.599998,143.13002,17.176563,141.809
375,2025-07-15 15:00:00+05:30,14.401124,161.79143,22.541,161.85432
376,2025-07-15 16:00:00+05:30,10.32924,138.5324,16.575644,145.6196
377,2025-07-15 17:00:00+05:30,11.605464,156.21796,19.011953,161.22188
378,2025-07-15 18:00:00+05:30,11.334285,136.93057,21.226265,140.50551
379,2025-07-15 19:00:00+05:30,11.583108,135.62952,21.758419,141.04408
380,2025-07-15 20:00:00+05:30,14.275713,138.06657,25.41763,142.48082
381,2025-07-15 21:00:00+05:30,12.98248,135.0001,23.761364,139.91663
382,2025-07-15 22:00:00+05:30,11.272657,109.59237,20.320877,124.53472
383,2025-07-15 23:00:00+05:30,13.690654,129.1304,23.828764,132.2445
384,2025-07-16 00:00:00+05:30,11.457958,136.27295,20.212965,140.78241
385,2025-07-16 01:00:00+05:30,9.511088,150.5242,16.434305,151.1893
386,2025-07-16 02:00:00+05:30,8.626865,113.35559,15.589497,121.30406
387,2025-07-16 03:00:00+05:30,7.889258,124.77791,16.554129,136.76236
388,2025-07-16 04:00:00+05:30,10.182337,98.13002,16.917128,110.55613
389,2025-07-16 05:00:00+05:30,11.402683,101.84206,19.240644,109.11307
390,2025-07-16 06:00:00+05:30,9.215226,102.40741,22.300394,117.39228
391,2025-07-16 07:00:00+05:30,8.61371,63.970474,13.31635,76.715126
392,2025-07-16 08:00:00+05:30,11.448055,106.44046,16.412603,111.21805
393,2025-07-16 09:00:00+05:30,11.855429,120.0685,15.315873,119.57774
394,2025-07-16 10:00:00+05:30,13.115319,136.6683,18.212051,137.00253
395,2025-07-16 11:00:00+05:30,18.214718,161.56496,24.482647,162.89719
396,2025-07-16 12:00:00+05:30,12.7279215,151.2603,16.904673,153.43501
397,2025-07-16 13:00:00+05:30,11.091564,138.28934,14.477417,141.56267
398,2025-07-16 14:00:00+05:30,11.726277,162.12122,15.725037,164.05453
399,2025-07-16 15:00:00+05:30,16.854767,160.0168,24.821732,160.51378
400,2025-07-16 16:00:00+05:30,10.436895,147.6804,16.909464,154.7989
401,2025-07-16 17:00:00+05:30,7.3094187,142.00122,12.47726,153.43501
402,2025-07-16 18:00:00+05:30,7.6579366,150.42226,15.151039,156.17574
403,2025-07-16 19:00:00+05:30,5.5916004,146.82147,13.472372,157.20345
404,2025-07-16 20:00:00+05:30,5.1919937,146.3099,13.169556,158.34395
405,2025-07-16 21:00:00+05:30,6.151683,110.55613,14.021525,131.87779
406,2025-07-16 22:00:00+05:30,8.035746,105.59287,16.365158,119.66662
407,2025-07-16 23:00:00+05:30,9.292255,121.534744,18.834743,128.4033
408,2025-07-17 00:00:00+05:30,9.044888,132.58046,18.52951,140.12321
409,2025-07-17 01:00:00+05:30,9.220499,141.34016,18.820976,146.3099
410,2025-07-17 02:00:00+05:30,8.043805,139.53786,17.229301,147.80429
411,2025-07-17 03:00:00+05:30,7.001514,136.04153,15.426535,145.93904
412,2025-07-17 04:00:00+05:30,6.792466,122.00535,14.156058,138.60857
413,2025-07-17 05:00:00+05:30,8.641874,125.6765,15.934829,138.2053
414,2025-07-17 06:00:00+05:30,8.242743,148.39255,13.767352,154.44008
415,2025-07-17 07:00:00+05:30,8.694204,152.90453,12.320471,154.93257
416,2025-07-17 08:00:00+05:30,11.5199995,180.0,15.299999,180.0
417,2025-07-17 09:00:00+05:30,9.3669195,177.79745,12.061341,179.14493
418,2025-07-17 10:00:00+05:30,7.970972,154.59233,9.997699,156.66594
419,2025-07-17 11:00:00+05:30,8.6193495,151.29414,10.948973,152.59251
420,2025-07-17 12:00:00+05:30,8.936777,161.20001,11.103243,163.03377
421,2025-07-17 13:00:00+05:30,9.600937,173.54128,11.749741,174.7262
422,2025-07-17 14:00:00+05:30,12.783802,147.65259,16.701244,149.56584
423,2025-07-17 15:00:00+05:30,6.698806,149.30035,8.863972,150.83249
424,2025-07-17 16:00:00+05:30,8.027677,160.34608,10.644379,161.25856
425,2025-07-17 17:00:00+05:30,12.320471,154.93257,18.59671,154.17906
426,2025-07-17 18:00:00+05:30,7.9465466,166.9081,15.299999,171.20267
427,2025-07-17 19:00:00+05:30,4.802999,167.00539,11.832176,166.80939
428,2025-07-17 20:00:00+05:30,6.8541956,156.80139,14.970331,161.7828
429,2025-07-17 21:00:00+05:30,6.77575,163.0091,15.501959,167.25471
430,2025-07-17 22:00:00+05:30,6.8423676,153.43501,16.055353,160.34608
431,2025-07-17 23:00:00+05:30,7.406295,154.05775,16.794104,162.53598
432,2025-07-18 00:00:00+05:30,8.513448,166.55138,18.498886,169.34615
433,2025-07-18 01:00:00+05:30,9.0,180.0,19.469976,183.17976
434,2025-07-18 02:00:00+05:30,8.131936,185.07951,18.258247,189.64798
435,2025-07-18 03:00:00+05:30,7.613382,186.78888,17.337091,192.59332
436,2025-07-18 04:00:00+05:30,6.2145634,169.99208,14.967083,183.44731
437,2025-07-18 05:00:00+05:30,6.603817,162.55272,13.504799,178.4725
438,2025-07-18 06:00:00+05:30,8.574123,219.0355,12.061343,217.72505
439,2025-07-18 07:00:00+05:30,7.0407386,212.47118,9.335737,213.9965
440,2025-07-18 08:00:00+05:30,5.720489,192.72435,7.42159,194.03627
441,2025-07-18 09:00:00+05:30,8.089993,200.85454,10.261579,201.61484
442,2025-07-18 10:00:00+05:30,7.5019197,210.25635,9.693296,211.32863
443,2025-07-18 11:00:00+05:30,2.7943513,194.93147,3.4763772,201.25058
444,2025-07-18 12:00:00+05:30,5.8048253,172.87508,7.0568266,174.14407
445,2025-07-18 13:00:00+05:30,7.729527,207.75845,9.668195,208.9509
446,2025-07-18 14:00:00+05:30,10.404249,232.73352,14.113652,232.25313
447,2025-07-18 15:00:00+05:30,9.292255,201.59537,12.007498,203.87529
448,2025-07-18 16:00:00+05:30,5.293959,144.6887,6.7397914,145.88548
449,2025-07-18 17:00:00+05:30,11.928989,174.80566,16.943918,176.95529
450,2025-07-18 18:00:00+05:30,5.5596404,209.0545,11.808878,217.56866
451,2025-07-18 19:00:00+05:30,8.748075,233.3658,17.681278,234.53004
452,2025-07-18 20:00:00+05:30,6.015878,231.07245,14.477417,231.56267
453,2025-07-18 21:00:00+05:30,6.9480934,233.42688,16.248924,230.84457
454,2025-07-18 22:00:00+05:30,5.1481256,233.53067,14.378608,235.71307
455,2025-07-18 23:00:00+05:30,4.6800003,202.6199,12.632101,220.95541
456,2025-07-19 00:00:00+05:30,5.072041,207.47435,13.072015,218.2902
457,2025-07-19 01:00:00+05:30,5.5567255,204.90474,13.861168,217.61403
458,2025-07-19 02:00:00+05:30,4.599695,210.57915,12.284918,219.05313
459,2025-07-19 03:00:00+05:30,4.2671766,207.64589,11.525623,218.65984
460,2025-07-19 04:00:00+05:30,5.232399,183.94511,12.011544,199.24962
461,2025-07-19 05:00:00+05:30,6.6624317,181.54813,12.140329,195.4787
462,2025-07-19 06:00:00+05:30,6.9480934,233.42688,9.703319,229.51407
463,2025-07-19 07:00:00+05:30,7.8149853,218.45374,9.97986,219.14398
464,2025-07-19 08:00:00+05:30,7.1684303,218.8845,9.3340025,219.5226
465,2025-07-19 09:00:00+05:30,7.353611,201.54105,9.194106,203.05133
466,2025-07-19 10:00:00+05:30,6.8541956,203.19861,8.626865,203.35558
467,2025-07-19 11:00:00+05:30,6.279395,207.29948,7.6473517,206.56499
468,2025-07-19 12:00:00+05:30,6.379216,196.38962,7.7420926,197.59251
469,2025-07-19 13:00:00+05:30,7.0774574,187.30566,8.707238,187.12492
470,2025-07-19 14:00:00+05:30,7.5599995,180.0,9.54679,182.16103
471,2025-07-19 15:00:00+05:30,9.499157,189.81923,12.284916,190.9806
472,2025-07-19 16:00:00+05:30,9.292255,211.53474,12.483748,208.41257
473,2025-07-19 17:00:00+05:30,7.120815,159.27437,11.688918,170.24765
474,2025-07-19 18:00:00+05:30,1.1525624,231.34016,5.0142193,248.96242
475,2025-07-19 19:00:00+05:30,17.160524,195.20247,27.329784,194.49391
476,2025-07-19 20:00:00+05:30,8.951267,195.15411,16.568802,197.05705
477,2025-07-19 21:00:00+05:30,7.754637,201.80147,16.78156,202.71445
478,2025-07-19 22:00:00+05:30,7.729527,207.75845,16.79314,210.96368
479,2025-07-19 23:00:00+05:30,7.7420926,197.59251,16.284779,203.44807
480,2025-07-20 00:00:00+05:30,8.12197,192.80426,16.580532,200.99292
481,2025-07-20 01:00:00+05:30,7.3094187,189.92618,15.5395355,198.22517
482,2025-07-20 02:00:00+05:30,7.415038,185.5721,15.629971,194.67644
483,2025-07-20 03:00:00+05:30,8.36758,288.8248,14.490838,276.4187
484,2025-07-20 04:00:00+05:30,2.2553935,118.61037,3.7585104,196.69933
485,2025-07-20 05:00:00+05:30,2.0523157,164.74483,4.8433046,221.98714
486,2025-07-20 06:00:00+05:30,1.3708391,66.801384,2.36753,278.74606
487,2025-07-20 07:00:00+05:30,1.3104197,285.94547,1.8089776,275.7105
488,2025-07-20 08:00:00+05:30,2.4482646,342.8972,3.143565,336.3706
489,2025-07-20 09:00:00+05:30,1.9134263,48.814175,2.1674871,48.366554
490,2025-07-20 10:00:00+05:30,1.9881649,354.80566,2.36753,351.2539
491,2025-07-20 11:00:00+05:30,5.7204895,24.145542,6.8541956,23.198618
492,2025-07-20 12:00:00+05:30,7.0911775,66.037506,8.863972,66.03751
493,2025-07-20 13:00:00+05:30,4.913044,118.442825,6.12,118.072395
494,2025-07-20 14:00:00+05:30,7.24486,153.43501,8.936778,152.4028
495,2025-07-20 15:00:00+05:30,6.889557,146.7251,8.338489,147.3391
496,2025-07-20 16:00:00+05:30,6.59154,145.0079,8.39078,144.60512
497,2025-07-20 17:00:00+05:30,4.2671766,152.35411,5.5596404,150.9455
498,2025-07-20 18:00:00+05:30,2.5455842,81.86999,5.297018,99.78234
499,2025-07-20 19:00:00+05:30,0.9178235,11.3098955,3.3043609,60.64234
500,2025-07-20 20:00:00+05:30,4.724786,310.36444,7.001514,316.04153
501,2025-07-20 21:00:00+05:30,3.01735,252.64589,6.4323244,287.928
502,2025-07-20 22:00:00+05:30,2.1068459,250.0168,3.671294,281.3099
503,2025-07-20 23:00:00+05:30,4.8366103,224.9999,9.044888,227.41954
504,2025-07-21 00:00:00+05:30,3.8268526,221.18582,10.436895,224.9999
505,2025-07-21 01:00:00+05:30,2.6208394,285.94547,7.2044983,257.00537
506,2025-07-21 02:00:00+05:30,2.7059932,356.186,5.8603754,317.4896
507,2025-07-21 03:00:00+05:30,2.3469129,57.528828,4.599695,30.579157
508,2025-07-21 04:00:00+05:30,1.3104197,15.945477,4.669604,27.552727
509,2025-07-21 05:00:00+05:30,3.06,360.0,6.279395,27.29949
510,2025-07-21 06:00:00+05:30,6.1437774,58.1726,8.836514,56.63362
511,2025-07-21 07:00:00+05:30,4.2136917,109.98319,5.2939587,107.818985
512,2025-07-21 08:00:00+05:30,3.096837,125.537766,3.8521678,127.40543
513,2025-07-21 09:00:00+05:30,1.08,90.0,1.2727921,98.13002
514,2025-07-21 10:00:00+05:30,0.54,180.0,0.742159,194.03627
515,2025-07-21 11:00:00+05:30,0.56920993,71.564964,0.56920993,71.564964
516,2025-07-21 12:00:00+05:30,2.0124612,10.304792,2.36753,8.746089
517,2025-07-21 13:00:00+05:30,1.4512063,82.875084,1.835647,78.6901
518,2025-07-21 14:00:00+05:30,1.9134263,131.18582,2.3051248,128.65984
519,2025-07-21 15:00:00+05:30,2.1749482,335.55606,2.1068459,340.0168
520,2025-07-21 16:00:00+05:30,2.5772076,245.22488,4.8466477,195.06854
521,2025-07-21 17:00:00+05:30,5.2694216,172.14677,11.098865,188.39284
522,2025-07-21 18:00:00+05:30,7.928178,177.39749,15.3042345,181.34785
523,2025-07-21 19:00:00+05:30,6.1226463,204.30453,16.267857,204.86368
524,2025-07-21 20:00:00+05:30,7.293888,195.75124,15.885956,199.87227
525,2025-07-21 21:00:00+05:30,8.217153,208.8107,18.204042,204.5377
526,2025-07-21 22:00:00+05:30,6.384293,229.574,15.401311,225.47345
527,2025-07-21 23:00:00+05:30,6.804381,232.52374,15.881875,234.6887
528,2025-07-22 00:00:00+05:30,6.151683,249.44386,14.578888,249.77505
529,2025-07-22 01:00:00+05:30,6.384293,220.426,14.477417,231.56267
530,2025-07-22 02:00:00+05:30,4.5891175,228.17992,12.638512,234.2725
531,2025-07-22 03:00:00+05:30,6.015878,218.92755,13.666967,229.80801
532,2025-07-22 04:00:00+05:30,6.618519,224.9999,14.87153,231.88167
533,2025-07-22 05:00:00+05:30,6.193674,234.46223,12.972494,240.94548
534,2025-07-22 06:00:00+05:30,5.9427266,215.13428,14.186923,215.70677
535,2025-07-22 07:00:00+05:30,5.8048253,240.2552,8.149847,239.47037
536,2025-07-22 08:00:00+05:30,5.2939587,252.18102,6.830519,251.56496
537,2025-07-22 09:00:00+05:30,3.3092597,247.61981,4.278551,247.75093
538,2025-07-22 10:00:00+05:30,3.143565,203.6294,4.1125174,203.19861
539,2025-07-22 11:00:00+05:30,3.4763772,201.25058,4.0449963,200.85454
540,2025-07-22 12:00:00+05:30,3.244996,33.6901,3.6,36.86999
541,2025-07-22 13:00:00+05:30,4.7110505,353.41815,5.4477882,352.40543
542,2025-07-22 14:00:00+05:30,1.6981165,57.99466,1.7727944,66.037506
543,2025-07-22 15:00:00+05:30,2.5772078,167.90526,3.438895,173.99109
544,2025-07-22 16:00:00+05:30,3.4199998,180.0,4.5322843,186.84268
545,2025-07-22 17:00:00+05:30,5.2323985,206.56499,8.0599,209.42737
546,2025-07-22 18:00:00+05:30,1.1384199,161.56496,3.4949677,168.11136
547,2025-07-22 19:00:00+05:30,1.609969,116.56499,3.550155,149.53453
548,2025-07-22 20:00:00+05:30,1.9134263,138.81418,5.0528407,175.91446
549,2025-07-22 21:00:00+05:30,1.5484185,125.537766,4.9785542,167.4712
550,2025-07-22 22:00:00+05:30,1.8,180.0,6.341009,173.4803
551,2025-07-22 23:00:00+05:30,3.6,143.13002,8.513448,166.55138
552,2025-07-23 00:00:00+05:30,5.506941,168.69011,12.906138,188.017
553,2025-07-23 01:00:00+05:30,4.0449963,200.85454,11.48761,215.4334
554,2025-07-23 02:00:00+05:30,4.846648,201.80147,11.385622,219.22566
555,2025-07-23 03:00:00+05:30,3.563818,224.9999,9.648067,233.3438
556,2025-07-23 04:00:00+05:30,9.039514,305.2725,17.515581,309.57938
557,2025-07-23 05:00:00+05:30,5.95906,334.98312,10.24578,341.56494
558,2025-07-23 06:00:00+05:30,3.0652895,266.6336,7.5685663,267.27374
559,2025-07-23 07:00:00+05:30,3.9966483,324.16226,5.1481256,323.53067
560,2025-07-23 08:00:00+05:30,0.40249225,333.43503,0.5091169,315.0001
561,2025-07-23 09:00:00+05:30,3.745557,144.78232,4.39436,145.0079
562,2025-07-23 10:00:00+05:30,3.244996,183.17976,3.7799997,180.0
563,2025-07-23 11:00:00+05:30,3.0758414,200.55612,3.644722,200.22495
564,2025-07-23 12:00:00+05:30,3.396233,212.00534,4.1085763,208.8107
565,2025-07-23 13:00:00+05:30,1.6981165,212.00534,1.9469976,213.6901
566,2025-07-23 14:00:00+05:30,3.319036,167.4712,3.9966488,172.23492
567,2025-07-23 15:00:00+05:30,3.6179552,185.7105,4.5572357,189.0902
568,2025-07-23 16:00:00+05:30,5.5887027,165.06853,6.725354,164.47583
569,2025-07-23 17:00:00+05:30,5.4833565,203.19862,8.427383,199.9832
570,2025-07-23 18:00:00+05:30,2.0523157,15.255177,4.5536795,18.435053
571,2025-07-23 19:00:00+05:30,3.4247334,266.98727,6.151683,290.55612
572,2025-07-23 20:00:00+05:30,2.0364676,315.0001,2.968636,284.03625
573,2025-07-23 21:00:00+05:30,5.0975285,317.86246,6.7757506,309.61066
574,2025-07-23 22:00:00+05:30,13.779114,160.1447,20.558647,176.48633
575,2025-07-23 23:00:00+05:30,2.995797,57.264786,2.8116899,129.80553
576,2025-07-24 00:00:00+05:30,6.050785,59.620956,7.5170207,73.300674
577,2025-07-24 01:00:00+05:30,2.5071096,68.96242,6.330782,75.17348
578,2025-07-24 02:00:00+05:30,1.8089776,95.7105,5.3305535,78.31066
579,2025-07-24 03:00:00+05:30,1.26,360.0,3.8183763,44.999897
580,2025-07-24 04:00:00+05:30,3.710795,320.90613,7.8954163,335.77228
581,2025-07-24 05:00:00+05:30,1.1525624,38.65983,4.327493,343.0724
582,2025-07-24 06:00:00+05:30,3.4388947,132.87889,2.5455842,171.86998
583,2025-07-24 07:00:00+05:30,0.742159,255.96373,1.2727921,261.87
584,2025-07-24 08:00:00+05:30,2.8460495,34.69522,3.494968,34.50859
585,2025-07-24 09:00:00+05:30,4.991553,25.640957,6.601363,25.866312
586,2025-07-24 10:00:00+05:30,6.037383,63.435013,7.4867883,62.818974
587,2025-07-24 11:00:00+05:30,11.384199,108.43504,15.503006,105.48856
588,2025-07-24 12:00:00+05:30,5.634891,153.43501,8.037761,145.95403
589,2025-07-24 13:00:00+05:30,2.7238941,262.40546,3.1072817,259.9921
590,2025-07-24 14:00:00+05:30,2.4482648,233.97253,2.8116899,230.19447
591,2025-07-24 15:00:00+05:30,0.9178235,78.6901,1.2727921,81.86999
592,2025-07-24 16:00:00+05:30,1.9881649,174.80566,2.6208394,164.05453
593,2025-07-24 17:00:00+05:30,1.9386592,158.19853,2.9024127,150.2552
594,2025-07-24 18:00:00+05:30,0.40249225,206.56499,1.781909,135.0001
595,2025-07-24 19:00:00+05:30,0.25455844,315.0001,1.26,360.0
596,2025-07-24 20:00:00+05:30,1.9386592,338.19852,4.1556225,342.34976
597,2025-07-24 21:00:00+05:30,5.3517847,199.65392,6.050785,202.751
598,2025-07-24 22:00:00+05:30,7.8625183,285.94547,15.410774,284.19858
599,2025-07-24 23:00:00+05:30,10.081606,358.977,18.533009,348.79922
600,2025-07-25 00:00:00+05:30,7.814986,352.0566,14.597767,357.1729
601,2025-07-25 01:00:00+05:30,5.8631387,17.87879,13.797913,15.124064
602,2025-07-25 02:00:00+05:30,9.339208,27.552727,18.359999,28.072395
603,2025-07-25 03:00:00+05:30,11.091564,48.289345,20.448032,53.23089
604,2025-07-25 04:00:00+05:30,15.013554,52.3057,24.444239,53.383163
605,2025-07-25 05:00:00+05:30,16.848038,53.252445,27.22288,54.418194
606,2025-07-25 06:00:00+05:30,17.22836,62.63188,27.81859,66.75271
607,2025-07-25 07:00:00+05:30,20.368652,78.789406,28.03034,79.26739
608,2025-07-25 08:00:00+05:30,21.286474,78.785126,30.541178,79.816025
609,2025-07-25 09:00:00+05:30,23.039999,90.0,32.94049,90.31309
610,2025-07-25 10:00:00+05:30,26.28,90.0,36.543987,89.15334
611,2025-07-25 11:00:00+05:30,25.455843,81.86999,35.56583,82.73122
612,2025-07-25 12:00:00+05:30,25.862436,73.835434,36.12309,74.09376
613,2025-07-25 13:00:00+05:30,27.643335,79.494995,40.070118,81.21479
614,2025-07-25 14:00:00+05:30,29.149443,81.11942,41.39922,80.74253
615,2025-07-25 15:00:00+05:30,26.46551,91.16911,37.981705,90.54306
616,2025-07-25 16:00:00+05:30,21.332088,84.674355,32.85678,85.60138
617,2025-07-25 17:00:00+05:30,20.969805,78.11137,32.908016,79.919464
618,2025-07-25 18:00:00+05:30,24.23324,84.458885,38.913734,87.614105
619,2025-07-25 19:00:00+05:30,26.099998,90.0,41.627117,92.72626
620,2025-07-25 20:00:00+05:30,25.471748,111.124794,39.953514,114.486664
621,2025-07-25 21:00:00+05:30,23.45394,109.269394,37.235645,111.8529
622,2025-07-25 22:00:00+05:30,26.282463,113.40471,41.176353,113.98792
623,2025-07-25 23:00:00+05:30,22.702845,104.697365,36.605556,107.454956
624,2025-07-26 00:00:00+05:30,21.829777,103.34874,35.258408,106.30708
625,2025-07-26 01:00:00+05:30,20.844278,106.55715,33.188892,109.31947
626,2025-07-26 02:00:00+05:30,22.046875,103.6959,34.964508,106.75583
627,2025-07-26 03:00:00+05:30,23.34802,99.31702,36.785233,101.85976
628,2025-07-26 04:00:00+05:30,24.406433,103.21634,38.42568,105.20809
629,2025-07-26 05:00:00+05:30,22.35481,104.93147,35.693142,107.61267
630,2025-07-26 06:00:00+05:30,19.73854,114.22774,30.509335,116.26264
631,2025-07-26 07:00:00+05:30,22.134146,121.36325,32.382492,121.127556
632,2025-07-26 08:00:00+05:30,21.274294,122.21091,30.10362,123.785126
633,2025-07-26 09:00:00+05:30,20.188908,129.93633,27.923216,131.60277
634,2025-07-26 10:00:00+05:30,19.08,121.890755,25.864943,124.7961
635,2025-07-26 11:00:00+05:30,18.720863,133.05193,26.250393,132.22076
636,2025-07-26 12:00:00+05:30,21.265156,136.71489,29.169441,137.25066
637,2025-07-26 13:00:00+05:30,20.051224,139.73352,27.333935,139.80803
638,2025-07-26 14:00:00+05:30,18.440998,141.34016,25.103384,141.40433
639,2025-07-26 15:00:00+05:30,17.22742,153.97047,24.152887,154.38983
640,2025-07-26 16:00:00+05:30,14.796175,143.40881,20.737532,143.82628
641,2025-07-26 17:00:00+05:30,13.493999,136.08084,20.898613,137.79277
642,2025-07-26 18:00:00+05:30,9.9408245,132.06425,17.566378,135.83023
643,2025-07-26 19:00:00+05:30,10.534229,123.14701,18.880276,131.13445
644,2025-07-26 20:00:00+05:30,9.7565975,127.50422,18.102308,131.77539
645,2025-07-26 21:00:00+05:30,9.290511,125.537766,17.311846,134.15756
646,2025-07-26 22:00:00+05:30,10.152064,127.07316,18.466455,133.02507
647,2025-07-26 23:00:00+05:30,10.075177,131.37842,18.34411,137.38597
648,2025-07-27 00:00:00+05:30,9.726664,141.009,18.226276,145.05426
649,2025-07-27 01:00:00+05:30,8.404285,136.73567,16.530626,144.75235
650,2025-07-27 02:00:00+05:30,7.7650757,134.0609,15.717823,140.11047
651,2025-07-27 03:00:00+05:30,8.139901,125.095894,15.7908325,133.1524
652,2025-07-27 04:00:00+05:30,8.242743,121.60746,15.882896,128.55843
653,2025-07-27 05:00:00+05:30,10.316686,137.12111,17.339897,138.36655
654,2025-07-27 06:00:00+05:30,6.193674,144.46223,10.63372,146.04091
655,2025-07-27 07:00:00+05:30,8.649369,167.98854,12.074766,169.6952
656,2025-07-27 08:00:00+05:30,7.6367526,188.13002,10.239453,190.1246
657,2025-07-27 09:00:00+05:30,6.2067385,209.53868,7.9383874,212.9694
658,2025-07-27 10:00:00+05:30,7.8625183,195.94547,9.847496,198.10385
659,2025-07-27 11:00:00+05:30,8.688613,193.17256,11.052058,196.07364
660,2025-07-27 12:00:00+05:30,9.255571,193.49574,11.481968,193.60056
661,2025-07-27 13:00:00+05:30,9.444426,187.66672,11.767651,186.14653
662,2025-07-27 14:00:00+05:30,10.571074,222.92996,14.133152,223.45189
663,2025-07-27 15:00:00+05:30,9.847496,149.21593,12.96125,152.72333
664,2025-07-27 16:00:00+05:30,11.672275,162.96214,15.717823,166.75948
665,2025-07-27 17:00:00+05:30,10.094454,158.00882,14.458382,161.11382
666,2025-07-27 18:00:00+05:30,9.3876505,184.39862,17.758074,190.51257
667,2025-07-27 19:00:00+05:30,10.435344,194.99513,19.809813,199.09358
668,2025-07-27 20:00:00+05:30,9.854075,189.46225,19.340576,194.55362
669,2025-07-27 21:00:00+05:30,7.5942073,174.55975,15.922626,185.8394
670,2025-07-27 22:00:00+05:30,8.227004,169.91946,16.575644,177.5105
671,2025-07-27 23:00:00+05:30,7.9138603,162.80138,16.141893,172.95433
672,2025-07-28 00:00:00+05:30,8.083983,168.4399,16.029097,178.06946
673,2025-07-28 01:00:00+05:30,8.656858,176.42374,16.774803,183.69131
674,2025-07-28 02:00:00+05:30,8.083983,191.5601,16.116785,200.25655
675,2025-07-28 03:00:00+05:30,7.0568266,185.85593,14.345898,197.52567
676,2025-07-28 04:00:00+05:30,7.0774574,172.69434,13.596852,186.84268
677,2025-07-28 05:00:00+05:30,10.387107,207.89719,18.522516,214.30785
678,2025-07-28 06:00:00+05:30,7.7420926,181.33218,14.369594,192.29526
679,2025-07-28 07:00:00+05:30,8.827343,196.58742,12.580699,199.21277
680,2025-07-28 08:00:00+05:30,8.089993,200.85454,11.038858,204.05734
681,2025-07-28 09:00:00+05:30,7.44121,212.15227,9.437563,214.90257
682,2025-07-28 10:00:00+05:30,5.6492476,210.65059,6.889557,213.2749
683,2025-07-28 11:00:00+05:30,5.0688457,173.8846,5.950899,176.53185
684,2025-07-28 12:00:00+05:30,7.342588,168.69011,8.967541,169.59235
685,2025-07-28 13:00:00+05:30,4.8733153,184.23631,6.310277,183.27042
686,2025-07-28 14:00:00+05:30,7.823272,156.97447,10.196647,159.3255
687,2025-07-28 15:00:00+05:30,5.0528407,175.91446,6.5024605,175.23645
688,2025-07-28 16:00:00+05:30,7.344794,216.02747,9.361731,217.97166
689,2025-07-28 17:00:00+05:30,5.318383,203.9625,6.9247384,207.89717
690,2025-07-28 18:00:00+05:30,0.5091169,44.999897,0.742159,255.96373
691,2025-07-28 19:00:00+05:30,2.8001428,135.0001,5.1544156,167.90526
692,2025-07-28 20:00:00+05:30,5.7402787,131.18582,9.459852,158.80588
693,2025-07-28 21:00:00+05:30,7.42159,157.1663,13.878688,177.02634
694,2025-07-28 22:00:00+05:30,6.8541956,166.32867,13.170786,183.91817
695,2025-07-28 23:00:00+05:30,7.029225,182.93561,13.666967,192.93806
696,2025-07-29 00:00:00+05:30,4.5,143.13002,9.007196,177.70944
697,2025-07-29 01:00:00+05:30,4.5,163.73972,9.444426,187.66672
698,2025-07-29 02:00:00+05:30,5.9427266,178.26433,12.145665,186.80896
699,2025-07-29 03:00:00+05:30,6.1858225,188.3658,11.571914,195.33334
700,2025-07-29 04:00:00+05:30,6.1569467,195.25517,10.759423,197.52565
701,2025-07-29 05:00:00+05:30,5.9399996,180.0,10.299397,185.01303
702,2025-07-29 06:00:00+05:30,10.897063,157.6713,15.743571,157.8336
703,2025-07-29 07:00:00+05:30,8.39078,144.60512,11.886816,147.99466
704,2025-07-29 08:00:00+05:30,10.316686,137.12111,14.021525,138.12222
705,2025-07-29 09:00:00+05:30,10.819482,134.32605,14.128566,134.4839
706,2025-07-29 10:00:00+05:30,13.491598,135.0001,17.566378,134.16977
707,2025-07-29 11:00:00+05:30,11.837651,135.61598,16.802786,135.86795
708,2025-07-29 12:00:00+05:30,11.272657,141.48305,15.013554,142.3057
709,2025-07-29 13:00:00+05:30,12.204212,142.792,16.092644,143.6427
710,2025-07-29 14:00:00+05:30,10.234705,145.75092,13.130133,146.74562
711,2025-07-29 15:00:00+05:30,11.4862,147.80429,15.496736,149.26459
712,2025-07-29 16:00:00+05:30,10.718693,139.08571,15.856354,140.52757
713,2025-07-29 17:00:00+05:30,8.536252,132.43619,13.044722,140.59937
714,2025-07-29 18:00:00+05:30,7.519175,168.9591,15.506141,176.67267
715,2025-07-29 19:00:00+05:30,7.8149853,128.45374,14.926983,146.3099
716,2025-07-29 20:00:00+05:30,6.391901,122.34742,14.05845,140.19447
717,2025-07-29 21:00:00+05:30,7.8480825,126.60716,16.458931,138.99101
718,2025-07-29 22:00:00+05:30,9.044888,132.58046,17.794525,141.15916
719,2025-07-29 23:00:00+05:30,7.8954163,136.8476,16.383955,144.38907
720,2025-07-30 00:00:00+05:30,8.320986,128.85338,16.563911,137.64261
721,2025-07-30 01:00:00+05:30,6.945761,121.218346,14.773164,133.02507
722,2025-07-30 02:00:00+05:30,8.604301,127.34943,17.072504,132.43619
723,2025-07-30 03:00:00+05:30,11.328566,135.64366,19.761507,138.32321
724,2025-07-30 04:00:00+05:30,11.592894,126.15828,20.327251,129.61066
725,2025-07-30 05:00:00+05:30,11.638917,129.35173,19.35314,133.49263
726,2025-07-30 06:00:00+05:30,12.85205,127.03048,18.0,126.86999
727,2025-07-30 07:00:00+05:30,15.22783,122.93869,20.767975,123.690094
728,2025-07-30 08:00:00+05:30,15.7908325,114.22774,21.42227,114.84236
729,2025-07-30 09:00:00+05:30,17.441433,121.0651,23.525661,121.865944
730,2025-07-30 10:00:00+05:30,16.427402,124.734924,21.9718,124.992096
731,2025-07-30 11:00:00+05:30,15.807239,120.0685,20.590143,121.0496
732,2025-07-30 12:00:00+05:30,15.874734,119.18071,20.542881,118.8107
733,2025-07-30 13:00:00+05:30,17.86449,139.08571,24.485952,141.8664
734,2025-07-30 14:00:00+05:30,12.870944,137.83418,16.831684,138.46832
735,2025-07-30 15:00:00+05:30,13.248049,143.2857,16.886454,144.10724
736,2025-07-30 16:00:00+05:30,13.0806875,145.65384,17.57744,145.0079
737,2025-07-30 17:00:00+05:30,11.7662735,150.6901,18.359999,151.92761
738,2025-07-30 18:00:00+05:30,9.3340025,140.4774,17.682194,141.61343
739,2025-07-30 19:00:00+05:30,8.043805,139.53786,16.596157,143.37859
740,2025-07-30 20:00:00+05:30,7.674842,129.2894,15.914484,136.37477
741,2025-07-30 21:00:00+05:30,6.151683,110.55613,13.729647,124.31515
742,2025-07-30 22:00:00+05:30,7.256032,97.12492,14.810401,106.23242
743,2025-07-30 23:00:00+05:30,6.122647,91.68465,13.767352,101.3099
744,2025-07-31 00:00:00+05:30,3.671294,101.3099,10.564942,113.07044
745,2025-07-31 01:00:00+05:30,6.5520988,74.054535,12.78,90.0
746,2025-07-31 02:00:00+05:30,5.0432134,87.95464,12.421304,90.8303
747,2025-07-31 03:00:00+05:30,6.0077944,81.38444,11.712455,87.35751
748,2025-07-31 04:00:00+05:30,7.172949,72.47434,13.491597,76.890785
749,2025-07-31 05:00:00+05:30,7.0911775,66.037506,13.32,71.075264
750,2025-07-31 06:00:00+05:30,8.467655,87.56341,11.7,90.0
751,2025-07-31 07:00:00+05:30,5.4744864,99.46225,7.3094187,99.926186
752,2025-07-31 08:00:00+05:30,2.4149535,153.43501,3.06,151.92761
753,2025-07-31 09:00:00+05:30,2.0523157,105.25517,2.4014995,102.99462
754,2025-07-31 10:00:00+05:30,1.5484185,125.537766,1.659518,130.60121
755,2025-07-31 11:00:00+05:30,1.6981165,212.00534,2.0991426,210.96368
756,2025-07-31 12:00:00+05:30,4.327493,343.0724,5.0816135,337.06787
757,2025-07-31 13:00:00+05:30,4.7657523,349.11453,6.1858225,351.63422
758,2025-07-31 14:00:00+05:30,9.278297,198.08354,11.844492,196.78273
759,2025-07-31 15:00:00+05:30,4.9785542,167.4712,6.28713,166.75948
760,2025-07-31 16:00:00+05:30,6.3231,184.899,8.131936,185.07951
761,2025-07-31 17:00:00+05:30,8.654986,196.9276,11.7827835,198.71184
762,2025-07-31 18:00:00+05:30,9.3340025,230.4774,17.065859,232.28395
763,2025-07-31 19:00:00+05:30,8.92408,221.72942,16.940096,227.15297
764,2025-07-31 20:00:00+05:30,8.43699,213.6901,15.530151,224.0609
765,2025-07-31 21:00:00+05:30,8.536252,222.43619,17.00881,230.58263
766,2025-07-31 22:00:00+05:30,7.6579366,209.57774,15.881875,215.3113
767,2025-07-31 23:00:00+05:30,6.8541956,203.19861,14.174356,220.36446
768,2025-08-01 00:00:00+05:30,6.8777895,222.87889,14.292725,233.70728
769,2025-08-01 01:00:00+05:30,6.638072,220.60121,12.819235,231.84273
770,2025-08-01 02:00:00+05:30,7.570707,198.00426,13.584932,212.00534
771,2025-08-01 03:00:00+05:30,9.028754,203.49858,17.081041,208.99586
772,2025-08-01 04:00:00+05:30,8.36758,198.8248,15.589497,211.30406
773,2025-08-01 05:00:00+05:30,9.734987,199.44012,17.311846,207.89719
774,2025-08-01 06:00:00+05:30,11.453715,210.19153,17.681278,215.46996
775,2025-08-01 07:00:00+05:30,14.4,233.13002,19.944292,233.44028
776,2025-08-01 08:00:00+05:30,10.436895,224.9999,13.888023,227.62646
777,2025-08-01 09:00:00+05:30,12.496718,228.50363,15.971386,230.02913
778,2025-08-01 10:00:00+05:30,13.878688,223.4235,19.119015,221.94704
779,2025-08-01 11:00:00+05:30,8.139901,234.90411,11.53265,235.81383
780,2025-08-01 12:00:00+05:30,10.086427,235.17543,13.479583,235.88548
781,2025-08-01 13:00:00+05:30,12.632101,220.95541,15.801087,222.22972
782,2025-08-01 14:00:00+05:30,15.536408,226.87785,21.774048,226.67479
783,2025-08-01 15:00:00+05:30,11.666721,231.89238,15.742541,231.03325
784,2025-08-01 16:00:00+05:30,11.079873,226.97493,15.15104,226.44406
785,2025-08-01 17:00:00+05:30,9.686609,221.98714,16.037182,224.9999
786,2025-08-01 18:00:00+05:30,7.388775,214.07724,15.159589,222.594
787,2025-08-01 19:00:00+05:30,10.163227,202.93213,19.179081,209.2112
788,2025-08-01 20:00:00+05:30,7.42159,194.03627,15.938896,206.85434
789,2025-08-01 21:00:00+05:30,7.388775,177.20735,15.536408,190.00792
790,2025-08-01 22:00:00+05:30,6.482499,181.59111,15.861461,189.14157
791,2025-08-01 23:00:00+05:30,9.039514,192.65256,18.845062,197.22353
792,2025-08-02 00:00:00+05:30,9.0,216.86998,18.745079,221.49637
793,2025-08-02 01:00:00+05:30,6.7205353,200.37651,15.156384,217.27826
794,2025-08-02 02:00:00+05:30,7.415038,185.5721,14.7742605,202.19034
795,2025-08-02 03:00:00+05:30,8.467655,182.4366,16.152931,194.19113
796,2025-08-02 04:00:00+05:30,9.726665,177.87895,18.379402,188.44745
797,2025-08-02 05:00:00+05:30,10.446206,178.02512,19.273453,182.14085
798,2025-08-02 06:00:00+05:30,14.450537,193.69006,20.724247,197.176
799,2025-08-02 07:00:00+05:30,11.953409,198.43504,16.685717,200.19443
800,2025-08-02 08:00:00+05:30,11.7827835,198.71184,15.716793,200.09532
801,2025-08-02 09:00:00+05:30,12.413477,209.53868,16.144905,210.85413
802,2025-08-02 10:00:00+05:30,12.081473,204.65588,15.060956,204.7273
803,2025-08-02 11:00:00+05:30,11.966953,201.16133,14.747921,199.9832
804,2025-08-02 12:00:00+05:30,6.8423676,206.56499,9.511088,209.4758
805,2025-08-02 13:00:00+05:30,8.825508,191.76826,11.874544,194.03627
806,2025-08-02 14:00:00+05:30,10.018743,197.78398,13.433838,197.9495
807,2025-08-02 15:00:00+05:30,15.124284,178.63611,20.532627,177.9905
808,2025-08-02 16:00:00+05:30,13.451914,167.63751,18.782204,167.82855
809,2025-08-02 17:00:00+05:30,10.316686,173.99109,16.818203,174.47255
810,2025-08-02 18:00:00+05:30,11.91948,165.12427,21.75097,169.99208
811,2025-08-02 19:00:00+05:30,9.979859,172.7469,19.313757,175.72424
812,2025-08-02 20:00:00+05:30,9.039514,167.34744,18.403185,176.07417
813,2025-08-02 21:00:00+05:30,7.0107627,150.80261,15.484185,162.40749
814,2025-08-02 22:00:00+05:30,6.830519,161.56496,14.897651,168.14702
815,2025-08-02 23:00:00+05:30,8.647496,177.6141,16.74,180.0
816,2025-08-03 00:00:00+05:30,7.1321807,137.04541,12.472065,159.73422
817,2025-08-03 01:00:00+05:30,8.604301,127.34943,15.971386,140.02913
818,2025-08-03 02:00:00+05:30,12.10157,149.62096,21.924562,150.4886
819,2025-08-03 03:00:00+05:30,12.964998,181.59111,22.558245,184.1181
820,2025-08-03 04:00:00+05:30,10.765445,159.44388,18.965033,163.45694
821,2025-08-03 05:00:00+05:30,9.05205,162.64589,16.724508,171.9572
822,2025-08-03 06:00:00+05:30,12.124307,161.83395,22.101183,167.77489
823,2025-08-03 07:00:00+05:30,8.777653,164.53873,19.201874,173.54128
824,2025-08-03 08:00:00+05:30,10.096059,168.69011,14.027302,171.14212
825,2025-08-03 09:00:00+05:30,9.430694,166.75948,12.358542,167.38068
826,2025-08-03 10:00:00+05:30,9.555271,176.76036,12.251905,177.47394
827,2025-08-03 11:00:00+05:30,7.9383874,183.90042,9.9587345,186.22574
828,2025-08-03 12:00:00+05:30,16.224981,162.57005,23.397923,162.54071
829,2025-08-03 13:00:00+05:30,10.440001,180.0,15.119999,180.0
830,2025-08-03 14:00:00+05:30,11.866355,189.60513,16.21699,188.93948
831,2025-08-03 15:00:00+05:30,15.463244,192.09474,20.871464,192.95758
832,2025-08-03 16:00:00+05:30,13.672893,196.04907,19.879206,196.30177
833,2025-08-03 17:00:00+05:30,12.287555,211.82741,19.849846,210.51816
834,2025-08-03 18:00:00+05:30,8.035746,164.40714,15.808263,172.14677
835,2025-08-03 19:00:00+05:30,10.650465,149.53453,19.66536,156.2505
836,2025-08-03 20:00:00+05:30,11.165805,181.84756,20.47416,186.5626
837,2025-08-03 21:00:00+05:30,9.9587345,186.22574,18.59845,194.57425
838,2025-08-03 22:00:00+05:30,8.287822,177.5105,16.16496,187.67888
839,2025-08-03 23:00:00+05:30,7.814986,187.94337,15.827721,197.19862
840,2025-08-04 00:00:00+05:30,10.944532,216.30458,19.878391,215.41714
841,2025-08-04 01:00:00+05:30,10.00256,210.25635,19.334715,215.90982
842,2025-08-04 02:00:00+05:30,10.711135,204.84236,20.071411,209.55359
843,2025-08-04 03:00:00+05:30,10.948973,226.33215,20.64436,227.8272
844,2025-08-04 04:00:00+05:30,10.086427,214.82455,18.723461,217.97166
845,2025-08-04 05:00:00+05:30,7.4932766,204.10223,14.330079,212.69197
846,2025-08-04 06:00:00+05:30,8.049845,206.56499,18.39878,210.57915
847,2025-08-04 07:00:00+05:30,8.305396,209.8988,14.677452,213.49521
848,2025-08-04 08:00:00+05:30,10.897063,210.80138,15.1884165,211.42952
849,2025-08-04 09:00:00+05:30,9.9408245,211.67543,12.936228,211.92084
850,2025-08-04 10:00:00+05:30,8.669949,221.63345,10.825469,222.97864
851,2025-08-04 11:00:00+05:30,12.181624,235.84026,15.3802595,235.0079
852,2025-08-04 12:00:00+05:30,11.854062,228.07755,15.053425,228.87862
853,2025-08-04 13:00:00+05:30,6.1094027,224.9999,9.361731,232.02834
854,2025-08-04 14:00:00+05:30,7.748368,239.26459,11.028581,243.85321
855,2025-08-04 15:00:00+05:30,8.790563,222.5104,11.720751,227.4896
856,2025-08-04 16:00:00+05:30,8.967541,190.40765,11.755254,191.48196
857,2025-08-04 17:00:00+05:30,7.92,180.0,13.159711,183.13629
858,2025-08-04 18:00:00+05:30,6.489992,199.44012,12.678185,218.65984
859,2025-08-04 19:00:00+05:30,6.206738,196.85847,12.904882,210.1413
860,2025-08-04 20:00:00+05:30,5.720489,192.72435,12.72283,205.1148
861,2025-08-04 21:00:00+05:30,5.495161,211.60745,12.538134,219.17365
862,2025-08-04 22:00:00+05:30,6.0908127,198.9705,13.032298,212.59258
863,2025-08-04 23:00:00+05:30,6.391901,212.34741,13.647988,221.25691
864,2025-08-05 00:00:00+05:30,6.7397914,214.11452,14.51876,227.00955
865,2025-08-05 01:00:00+05:30,6.6405115,212.82854,14.64209,226.49428
866,2025-08-05 02:00:00+05:30,3.9518096,210.0685,11.246759,230.19447
867,2025-08-05 03:00:00+05:30,3.3092597,202.38017,8.9873905,237.26477
868,2025-08-05 04:00:00+05:30,3.8268526,228.81418,10.597094,249.10216
869,2025-08-05 05:00:00+05:30,2.8460498,251.56496,8.669949,265.23645
870,2025-08-05 06:00:00+05:30,9.6480665,194.03627,17.31746,200.69553
871,2025-08-05 07:00:00+05:30,7.968939,198.43504,12.134992,200.85454
872,2025-08-05 08:00:00+05:30,7.7983837,198.85326,10.765445,200.55612
873,2025-08-05 09:00:00+05:30,7.689603,196.31393,9.96524,196.79845
874,2025-08-05 10:00:00+05:30,7.8583965,200.09532,9.965239,200.07161
875,2025-08-05 11:00:00+05:30,7.0911775,203.9625,9.178235,205.55992
876,2025-08-05 12:00:00+05:30,6.945761,211.21834,8.738811,212.38066
877,2025-08-05 13:00:00+05:30,7.3997297,221.05472,9.059205,220.97165
878,2025-08-05 14:00:00+05:30,7.995323,238.81508,9.7565975,240.12408
879,2025-08-05 15:00:00+05:30,9.313152,228.91835,12.007498,229.86458
880,2025-08-05 16:00:00+05:30,11.966953,248.83867,16.516901,249.59003
881,2025-08-05 17:00:00+05:30,7.1684303,231.1155,12.172312,231.6048
882,2025-08-05 18:00:00+05:30,5.8631387,162.12122,12.081472,183.41652
883,2025-08-05 19:00:00+05:30,7.8583965,159.90468,16.039202,170.9606
884,2025-08-05 20:00:00+05:30,6.9899354,168.11136,16.755476,182.46277
885,2025-08-05 21:00:00+05:30,7.555712,167.61925,17.640919,180.58461
886,2025-08-05 22:00:00+05:30,7.256032,187.12492,16.053335,197.62239
887,2025-08-05 23:00:00+05:30,7.889259,207.1496,16.525724,212.99771
888,2025-08-06 00:00:00+05:30,7.5019197,210.25635,15.742541,218.96675
889,2025-08-06 01:00:00+05:30,8.587338,213.02386,17.682194,218.38657
890,2025-08-06 02:00:00+05:30,7.6367526,224.9999,16.956343,232.76509
891,2025-08-06 03:00:00+05:30,7.1321807,227.04541,15.726067,236.67369
892,2025-08-06 04:00:00+05:30,5.509882,218.36752,13.0806875,235.65384
893,2025-08-06 05:00:00+05:30,6.8777895,222.87889,13.70839,240.06857
894,2025-08-06 06:00:00+05:30,10.993271,219.68541,19.134262,221.18582
895,2025-08-06 07:00:00+05:30,9.7565975,232.49579,16.427402,235.26508
896,2025-08-06 08:00:00+05:30,9.7565975,232.49579,13.935767,234.46223
897,2025-08-06 09:00:00+05:30,12.503199,239.74365,16.836496,241.24297
898,2025-08-06 10:00:00+05:30,13.849476,261.02747,18.466457,259.89502
899,2025-08-06 11:00:00+05:30,11.866355,260.39487,15.713702,260.10614
900,2025-08-06 12:00:00+05:30,12.835653,255.37909,17.026896,256.55136
901,2025-08-06 13:00:00+05:30,13.737904,291.52267,17.654688,290.28265
902,2025-08-06 14:00:00+05:30,8.297589,273.73132,11.767651,276.1465
903,2025-08-06 15:00:00+05:30,7.4867883,242.81897,10.30883,245.22488
904,2025-08-06 16:00:00+05:30,9.109138,232.22426,12.431733,235.6196
905,2025-08-06 17:00:00+05:30,6.1305785,229.76372,11.196232,233.49846
906,2025-08-06 18:00:00+05:30,6.050785,210.37904,15.172409,228.36656
907,2025-08-06 19:00:00+05:30,10.685391,212.61923,21.03229,221.87779
908,2025-08-06 20:00:00+05:30,10.484903,214.50858,21.010712,223.26433
909,2025-08-06 21:00:00+05:30,9.847496,210.78407,19.734436,218.33337
910,2025-08-06 22:00:00+05:30,10.1456785,205.2011,19.92235,214.69522
911,2025-08-06 23:00:00+05:30,8.643749,211.37296,17.47484,221.24135
912,2025-08-07 00:00:00+05:30,8.149847,223.21011,17.1,233.13002
913,2025-08-07 01:00:00+05:30,7.653705,221.18582,15.629971,231.54626
914,2025-08-07 02:00:00+05:30,7.001514,226.04153,15.627897,237.22513
915,2025-08-07 03:00:00+05:30,6.2405767,236.76828,14.986553,245.89777
916,2025-08-07 04:00:00+05:30,7.973005,241.69934,16.396805,252.75845
917,2025-08-07 05:00:00+05:30,7.8149853,241.07367,15.937878,251.56496
918,2025-08-07 06:00:00+05:30,8.688613,219.95749,13.130133,236.74562
919,2025-08-07 07:00:00+05:30,7.406295,244.05775,14.490838,263.5813
920,2025-08-07 08:00:00+05:30,5.2694216,262.1468,7.2022495,268.56793
921,2025-08-07 09:00:00+05:30,5.4656014,287.24155,7.0591216,289.35907
922,2025-08-07 10:00:00+05:30,5.414979,291.4478,7.0911775,293.9625
923,2025-08-07 11:00:00+05:30,2.9301877,280.6196,3.6402748,278.53067
924,2025-08-07 12:00:00+05:30,1.7727944,246.0375,2.226477,255.96373
925,2025-08-07 13:00:00+05:30,2.995797,147.26479,3.550155,149.53453
926,2025-08-07 14:00:00+05:30,9.721666,181.06088,12.0653715,178.29022
927,2025-08-07 15:00:00+05:30,7.3447943,287.1028,10.440001,270.0
928,2025-08-07 16:00:00+05:30,5.2478566,275.90604,7.3997297,274.18484
929,2025-08-07 17:00:00+05:30,6.489992,199.44012,9.693296,201.80147
930,2025-08-07 18:00:00+05:30,8.731392,188.29706,16.810495,192.99461
931,2025-08-07 19:00:00+05:30,7.2044983,192.99461,14.658676,204.67685
932,2025-08-07 20:00:00+05:30,8.905908,194.03627,17.5931,199.73277
933,2025-08-07 21:00:00+05:30,8.107996,182.54475,16.284779,193.42184
934,2025-08-07 22:00:00+05:30,7.5599995,180.0,15.655862,188.59583
935,2025-08-07 23:00:00+05:30,8.260411,168.69011,16.248924,175.5527
936,2025-08-08 00:00:00+05:30,9.114471,170.9098,16.954432,176.34785
937,2025-08-08 01:00:00+05:30,8.581677,170.34018,16.966848,175.74124
938,2025-08-08 02:00:00+05:30,10.661107,168.31065,19.424158,172.54579
939,2025-08-08 03:00:00+05:30,7.353611,158.45895,15.3264475,167.10626
940,2025-08-08 04:00:00+05:30,10.028439,158.96242,18.1041,162.64589
941,2025-08-08 05:00:00+05:30,10.564942,156.92957,18.900856,160.5296
942,2025-08-08 06:00:00+05:30,9.636307,147.20047,14.009968,159.70235
943,2025-08-08 07:00:00+05:30,8.55142,149.65683,11.995349,154.20403
944,2025-08-08 08:00:00+05:30,9.676569,161.56496,12.580699,160.78723
945,2025-08-08 09:00:00+05:30,8.36758,161.1752,10.587917,162.18102
946,2025-08-08 10:00:00+05:30,8.131936,185.07951,10.337079,187.00117
947,2025-08-08 11:00:00+05:30,7.172949,197.52567,9.059205,200.95586
948,2025-08-08 12:00:00+05:30,8.322932,201.57137,10.163227,202.93213
949,2025-08-08 13:00:00+05:30,11.212135,227.60262,15.530151,225.9391
950,2025-08-08 14:00:00+05:30,3.362677,164.47583,4.6277857,166.50426
951,2025-08-08 15:00:00+05:30,6.8138976,167.79955,9.0645685,173.15732
952,2025-08-08 16:00:00+05:30,7.0774574,187.30566,10.239453,190.1246
953,2025-08-08 17:00:00+05:30,8.641874,178.80653,15.743569,185.90605
954,2025-08-08 18:00:00+05:30,8.528657,187.27492,16.720633,194.33546
955,2025-08-08 19:00:00+05:30,7.5599995,180.0,16.63126,189.972
956,2025-08-08 20:00:00+05:30,8.581677,170.34018,18.194254,182.2679
957,2025-08-08 21:00:00+05:30,10.449306,169.07724,20.929596,176.05489
958,2025-08-08 22:00:00+05:30,11.555102,161.8472,21.749481,167.57407
959,2025-08-08 23:00:00+05:30,12.10157,157.249,21.976223,160.37766
960,2025-08-09 00:00:00+05:30,9.292255,158.40463,17.878994,163.02441
961,2025-08-09 01:00:00+05:30,9.82279,166.21838,18.258247,170.35202
962,2025-08-09 02:00:00+05:30,12.440851,176.68228,21.960737,180.46962
963,2025-08-09 03:00:00+05:30,11.230904,186.4415,19.501568,189.02754
964,2025-08-09 04:00:00+05:30,9.914717,176.87793,17.460928,180.59064
965,2025-08-09 05:00:00+05:30,9.016185,176.56644,15.856356,182.60251
966,2025-08-09 06:00:00+05:30,9.0,163.73972,14.690691,172.96216
967,2025-08-09 07:00:00+05:30,7.3799996,167.31963,10.4166975,170.04944
968,2025-08-09 08:00:00+05:30,8.297589,183.73132,11.016824,184.6858
969,2025-08-09 09:00:00+05:30,13.529966,183.814,17.393066,186.53654
970,2025-08-09 10:00:00+05:30,14.669724,173.6599,19.343927,174.66086
971,2025-08-09 11:00:00+05:30,12.261158,183.3664,16.056362,183.85672
972,2025-08-09 12:00:00+05:30,12.487641,195.03787,16.120808,196.20909
973,2025-08-09 13:00:00+05:30,15.141414,198.00426,19.98,198.92474
974,2025-08-09 14:00:00+05:30,14.311981,186.49925,18.353823,187.89162
975,2025-08-09 15:00:00+05:30,15.481046,203.28609,21.068459,199.9832
976,2025-08-09 16:00:00+05:30,8.217153,208.8107,11.91812,205.01686
977,2025-08-09 17:00:00+05:30,14.24163,200.72563,24.037247,202.91693
978,2025-08-09 18:00:00+05:30,11.213581,198.72588,22.004953,203.6294
979,2025-08-09 19:00:00+05:30,9.746631,175.76369,19.649702,183.15065
980,2025-08-09 20:00:00+05:30,8.171683,172.40544,18.367939,181.68465
981,2025-08-09 21:00:00+05:30,10.538843,172.14677,20.883104,180.98773
982,2025-08-09 22:00:00+05:30,11.016824,175.3142,21.780743,179.5265
983,2025-08-09 23:00:00+05:30,12.261158,176.6336,23.400692,180.44072
984,2025-08-10 00:00:00+05:30,12.525207,187.43132,23.555254,189.67819
985,2025-08-10 01:00:00+05:30,11.9317045,191.30989,22.789024,193.70699
986,2025-08-10 02:00:00+05:30,10.814989,198.43504,20.625517,200.96579
987,2025-08-10 03:00:00+05:30,10.3621235,197.176,19.721298,201.41304
988,2025-08-10 04:00:00+05:30,10.075177,198.75874,19.59356,203.26773
989,2025-08-10 05:00:00+05:30,8.311245,197.6502,17.065859,206.29472
990,2025-08-10 06:00:00+05:30,9.867218,194.79681,17.193533,199.57321
991,2025-08-10 07:00:00+05:30,11.799271,201.47685,16.284779,203.44807
992,2025-08-10 08:00:00+05:30,12.410866,199.48622,16.685717,200.19443
993,2025-08-10 09:00:00+05:30,11.391313,211.4295,14.481893,212.30731
994,2025-08-10 10:00:00+05:30,9.7880945,212.22873,12.232057,212.98853
995,2025-08-10 11:00:00+05:30,9.668195,208.9509,11.923557,208.88649
996,2025-08-10 12:00:00+05:30,10.436895,212.3196,12.841963,211.23915
997,2025-08-10 13:00:00+05:30,8.604301,217.34943,11.196232,216.50153
998,2025-08-10 14:00:00+05:30,9.600937,186.45872,12.145665,186.80896
999,2025-08-10 15:00:00+05:30,11.885453,234.86572,15.426535,235.93904
1000,2025-08-10 16:00:00+05:30,9.340941,205.08356,13.282243,206.56499
1001,2025-08-10 17:00:00+05:30,3.143565,203.6294,4.198285,210.96368
1002,2025-08-10 18:00:00+05:30,8.669949,175.23645,18.431332,185.04236
1003,2025-08-10 19:00:00+05:30,11.159999,180.0,22.355536,183.23094
1004,2025-08-10 20:00:00+05:30,12.750811,198.9466,24.037918,200.60634
1005,2025-08-10 21:00:00+05:30,7.127636,224.9999,15.668273,227.32785
1006,2025-08-10 22:00:00+05:30,7.8625183,195.94547,17.311846,205.23279
1007,2025-08-10 23:00:00+05:30,8.197414,199.23076,18.222721,203.27292
1008,2025-08-11 00:00:00+05:30,9.12513,194.85866,19.320465,201.30585
1009,2025-08-11 01:00:00+05:30,8.581677,189.65982,18.345877,195.94547
1010,2025-08-11 02:00:00+05:30,7.579261,184.08554,16.810495,192.99461
1011,2025-08-11 03:00:00+05:30,8.287822,182.4895,17.227419,190.84026
1012,2025-08-11 04:00:00+05:30,9.195868,183.3664,18.289274,190.20392
1013,2025-08-11 05:00:00+05:30,8.163749,194.03627,16.62444,199.61218
1014,2025-08-11 06:00:00+05:30,8.281956,181.24533,14.33347,187.21417
1015,2025-08-11 07:00:00+05:30,9.568824,196.38962,13.091829,198.43504
1016,2025-08-11 08:00:00+05:30,9.016185,206.05344,11.9140415,206.9521
1017,2025-08-11 09:00:00+05:30,8.797931,210.76265,11.238113,211.90807
1018,2025-08-11 10:00:00+05:30,7.5363917,220.15593,9.1958685,220.23628
1019,2025-08-11 11:00:00+05:30,6.1305785,229.76372,7.42159,230.90614
1020,2025-08-11 12:00:00+05:30,5.1165614,219.28938,6.1305785,220.23628
1021,2025-08-11 13:00:00+05:30,5.994297,228.65231,7.2649574,228.01286
1022,2025-08-11 14:00:00+05:30,6.156947,217.87505,7.3094187,217.99878
1023,2025-08-11 15:00:00+05:30,10.453957,177.03912,13.151091,177.64676
1024,2025-08-11 16:00:00+05:30,11.712455,182.64249,16.42839,184.39862
1025,2025-08-11 17:00:00+05:30,9.796366,200.4329,14.0734215,200.98497
1026,2025-08-11 18:00:00+05:30,14.827893,169.50858,24.251284,174.03561
1027,2025-08-11 19:00:00+05:30,9.0018,178.85426,16.770939,192.3954
1028,2025-08-11 20:00:00+05:30,7.4672885,195.37631,16.311613,202.03629
1029,2025-08-11 21:00:00+05:30,6.302571,181.63654,15.281989,195.01842
1030,2025-08-11 22:00:00+05:30,7.2805495,188.53069,16.418526,195.25517
1031,2025-08-11 23:00:00+05:30,7.970972,186.48297,17.552536,193.03867
1032,2025-08-12 00:00:00+05:30,7.42159,194.03627,16.740967,196.87634
1033,2025-08-12 01:00:00+05:30,7.570707,198.00426,16.813387,201.34586
1034,2025-08-12 02:00:00+05:30,7.1208143,196.14441,16.048288,203.11423
1035,2025-08-12 03:00:00+05:30,7.689603,200.55612,16.58346,207.12122
1036,2025-08-12 04:00:00+05:30,7.120815,200.72563,15.561414,209.827
1037,2025-08-12 05:00:00+05:30,6.162207,186.70975,13.210087,199.91649
1038,2025-08-12 06:00:00+05:30,6.5024605,184.76355,12.189602,196.29411
1039,2025-08-12 07:00:00+05:30,8.12197,192.80426,11.003581,195.17297
1040,2025-08-12 08:00:00+05:30,7.0015144,197.96924,8.996398,199.88525
1041,2025-08-12 09:00:00+05:30,5.8631387,197.87878,7.3447943,197.10281
1042,2025-08-12 10:00:00+05:30,6.21717,202.1095,7.5213294,201.03758
1043,2025-08-12 11:00:00+05:30,4.278551,202.24907,5.414979,201.4478
1044,2025-08-12 12:00:00+05:30,5.9399996,180.0,7.2022495,178.56793
1045,2025-08-12 13:00:00+05:30,3.4623692,242.10283,4.293669,236.97612
1046,2025-08-12 14:00:00+05:30,7.9932966,125.837746,9.688281,125.16652
1047,2025-08-12 15:00:00+05:30,6.522361,219.40063,8.53815,214.69522
1048,2025-08-12 16:00:00+05:30,9.016185,183.43356,11.9140415,184.33223
1049,2025-08-12 17:00:00+05:30,5.5567255,155.09526,8.297589,155.65892
1050,2025-08-12 18:00:00+05:30,7.458606,160.25307,16.50218,166.11531
1051,2025-08-12 19:00:00+05:30,7.8954163,155.77226,17.183167,157.19542
1052,2025-08-12 20:00:00+05:30,6.384293,158.4985,15.596767,161.14674
1053,2025-08-12 21:00:00+05:30,8.12197,167.19574,17.750774,173.59575
1054,2025-08-12 22:00:00+05:30,10.957847,165.73546,21.307774,171.25392
1055,2025-08-12 23:00:00+05:30,10.609316,165.2564,20.833395,170.04944
1056,2025-08-13 00:00:00+05:30,10.594036,170.21767,20.79448,174.53625
1057,2025-08-13 01:00:00+05:30,7.562142,181.36389,16.63905,185.58716
1058,2025-08-13 02:00:00+05:30,10.801499,179.04518,20.188908,183.06642
1059,2025-08-13 03:00:00+05:30,9.473541,165.69969,18.627172,174.45477
1060,2025-08-13 04:00:00+05:30,9.039514,167.34744,18.151463,172.59319
1061,2025-08-13 05:00:00+05:30,10.874742,151.31395,20.160805,156.86855
1062,2025-08-13 06:00:00+05:30,8.783189,135.83023,15.83693,148.47787
1063,2025-08-13 07:00:00+05:30,7.491114,125.21768,15.053425,138.87863
1064,2025-08-13 08:00:00+05:30,9.044888,137.41954,12.791403,140.71062
1065,2025-08-13 09:00:00+05:30,11.988594,138.65233,16.478603,139.87396
1066,2025-08-13 10:00:00+05:30,12.261157,139.76372,17.123669,140.11737
1067,2025-08-13 11:00:00+05:30,12.346741,135.59058,18.713942,136.16905
1068,2025-08-13 12:00:00+05:30,12.5807,123.91747,17.534992,125.81126
1069,2025-08-13 13:00:00+05:30,11.734564,110.659,15.91041,111.92184
1070,2025-08-13 14:00:00+05:30,13.533558,103.85144,19.087639,105.871254
1071,2025-08-13 15:00:00+05:30,9.906544,87.91749,14.041154,90.734505
1072,2025-08-13 16:00:00+05:30,9.224011,84.40076,14.978984,85.86541
1073,2025-08-13 17:00:00+05:30,9.867218,75.2032,17.163355,80.34018
1074,2025-08-13 18:00:00+05:30,11.032987,61.762657,20.690605,68.56877
1075,2025-08-13 19:00:00+05:30,12.535549,68.96242,23.018898,74.11607
1076,2025-08-13 20:00:00+05:30,11.9317045,78.6901,21.946718,82.933365
1077,2025-08-13 21:00:00+05:30,11.016824,85.314186,20.34,90.0
1078,2025-08-13 22:00:00+05:30,10.239453,79.87539,18.941954,86.186005
1079,2025-08-13 23:00:00+05:30,9.6228485,97.52373,18.379402,98.44744
1080,2025-08-14 00:00:00+05:30,10.6261,91.94145,19.222954,96.99184
1081,2025-08-14 01:00:00+05:30,8.656858,86.423744,16.923828,91.21885
1082,2025-08-14 02:00:00+05:30,8.790563,79.380394,16.943918,86.95529
1083,2025-08-14 03:00:00+05:30,9.016185,63.946568,16.635155,76.865974
1084,2025-08-14 04:00:00+05:30,6.8612823,85.4861,14.440443,94.28908
1085,2025-08-14 05:00:00+05:30,9.54679,45.763813,16.028088,57.380764
1086,2025-08-14 06:00:00+05:30,11.103243,73.033775,16.380987,77.949234
1087,2025-08-14 07:00:00+05:30,12.496719,78.366394,16.840345,79.53088
1088,2025-08-14 08:00:00+05:30,12.039833,58.44866,16.909464,62.071106
1089,2025-08-14 09:00:00+05:30,12.886039,77.90526,16.985935,80.2383
1090,2025-08-14 10:00:00+05:30,12.964998,88.4089,16.748707,88.15243
1091,2025-08-14 11:00:00+05:30,12.061341,90.85508,16.02101,90.64374
1092,2025-08-14 12:00:00+05:30,5.6521144,99.16227,7.596341,103.706985
1093,2025-08-14 13:00:00+05:30,13.854155,114.56716,18.595839,117.06103
1094,2025-08-14 14:00:00+05:30,12.172312,128.3952,16.248924,129.15543
1095,2025-08-14 15:00:00+05:30,9.906544,114.70241,12.886039,114.775116
1096,2025-08-14 16:00:00+05:30,9.5416975,125.78906,13.1412325,126.08517
1097,2025-08-14 17:00:00+05:30,4.8965297,126.027466,9.085988,123.6901
1098,2025-08-14 18:00:00+05:30,5.7628117,75.52967,12.991212,86.02759
1099,2025-08-14 19:00:00+05:30,5.771239,93.57626,14.4415655,100.049286
1100,2025-08-14 20:00:00+05:30,6.638072,102.5288,15.509274,111.801476
1101,2025-08-14 21:00:00+05:30,7.579261,94.08554,16.396805,107.241554
1102,2025-08-14 22:00:00+05:30,7.689603,106.31393,16.851885,113.27898
1103,2025-08-14 23:00:00+05:30,6.6185193,112.38018,15.133923,116.86974
1104,2025-08-15 00:00:00+05:30,7.16617,115.277695,15.496736,120.73541
1105,2025-08-15 01:00:00+05:30,6.698806,120.699646,14.796175,126.59118
1106,2025-08-15 02:00:00+05:30,5.2416787,105.945465,12.503199,120.256355
1107,2025-08-15 03:00:00+05:30,5.9834766,96.91113,13.504799,111.09241
1108,2025-08-15 04:00:00+05:30,5.637765,106.699326,13.0447235,117.979385
1109,2025-08-15 05:00:00+05:30,6.638072,102.5288,14.01806,114.26129
1110,2025-08-15 06:00:00+05:30,10.383987,123.690094,15.3264475,123.50346
1111,2025-08-15 07:00:00+05:30,12.242646,131.42357,16.732256,130.2001
1112,2025-08-15 08:00:00+05:30,10.534229,123.14701,13.878689,123.89621
1113,2025-08-15 09:00:00+05:30,11.304229,127.23492,14.761098,127.568665
1114,2025-08-15 10:00:00+05:30,10.730778,112.69383,13.874019,112.90581
1115,2025-08-15 11:00:00+05:30,11.063778,111.97456,14.039999,112.61991
1116,2025-08-15 12:00:00+05:30,10.1887,122.00535,12.783802,122.34742
1117,2025-08-15 13:00:00+05:30,8.217153,118.8107,10.070353,118.85556
1118,2025-08-15 14:00:00+05:30,6.9270773,114.56716,8.536252,114.94388
1119,2025-08-15 15:00:00+05:30,5.00128,120.256355,6.2067385,119.53869
1120,2025-08-15 16:00:00+05:30,9.085988,123.6901,11.832176,123.20658
1121,2025-08-15 17:00:00+05:30,9.703319,139.51407,15.6806755,138.25731
1122,2025-08-15 18:00:00+05:30,3.0811036,83.29026,6.792466,122.00535
1123,2025-08-15 19:00:00+05:30,3.096837,125.537766,7.889258,145.22209
1124,2025-08-15 20:00:00+05:30,3.9518096,149.9315,9.793058,162.89719
1125,2025-08-15 21:00:00+05:30,5.991594,147.26479,13.441071,159.62349
1126,2025-08-15 22:00:00+05:30,5.5829024,159.22766,13.797913,164.87595
1127,2025-08-15 23:00:00+05:30,4.445672,158.62932,11.968308,167.84508
1128,2025-08-16 00:00:00+05:30,3.4388947,137.12111,9.3962755,163.30067
1129,2025-08-16 01:00:00+05:30,2.8460498,108.43504,7.1684303,151.50446
1130,2025-08-16 02:00:00+05:30,2.968636,104.03627,6.452441,149.8587
1131,2025-08-16 03:00:00+05:30,3.319036,102.5288,6.522361,140.59937
1132,2025-08-16 04:00:00+05:30,3.7799997,90.0,7.0843205,117.216034
1133,2025-08-16 05:00:00+05:30,4.8733153,94.23632,9.059205,110.95586
1134,2025-08-16 06:00:00+05:30,6.0077944,98.61557,11.276967,114.51963
1135,2025-08-16 07:00:00+05:30,6.7205353,110.37652,8.958504,112.4428
1136,2025-08-16 08:00:00+05:30,7.24486,116.56499,9.257321,116.56499
1137,2025-08-16 09:00:00+05:30,9.9977,103.53587,13.009903,104.420815
1138,2025-08-16 10:00:00+05:30,10.739833,103.57046,13.577776,104.58897
1139,2025-08-16 11:00:00+05:30,10.597094,110.89784,13.1041975,110.924576
1140,2025-08-16 12:00:00+05:30,9.734988,123.6901,12.232057,122.98853
1141,2025-08-16 13:00:00+05:30,7.9077177,131.30852,9.807935,132.76881
1142,2025-08-16 14:00:00+05:30,8.019601,135.90929,9.931042,136.46873
1143,2025-08-16 15:00:00+05:30,14.292725,126.29272,19.334715,125.90981
1144,2025-08-16 16:00:00+05:30,5.7515564,110.13639,7.8583965,110.09532
1145,2025-08-16 17:00:00+05:30,6.6185193,112.38018,10.6261,116.13094
1146,2025-08-16 18:00:00+05:30,2.0523157,74.74483,4.8466477,105.06854
1147,2025-08-16 19:00:00+05:30,3.9640884,50.52757,6.8423676,63.435013
1148,2025-08-16 20:00:00+05:30,4.6800003,67.3801,9.227524,69.44388
1149,2025-08-16 21:00:00+05:30,5.896202,102.33907,12.906138,98.017006
1150,2025-08-16 22:00:00+05:30,5.0432134,124.82456,12.081473,123.45334
1151,2025-08-16 23:00:00+05:30,4.39436,145.0079,10.7894945,152.15251
1152,2025-08-17 00:00:00+05:30,4.060985,167.19574,9.5416975,178.9191
1153,2025-08-17 01:00:00+05:30,3.9477081,155.77226,9.028754,175.42616
1154,2025-08-17 02:00:00+05:30,3.244996,160.55988,7.5599995,180.0
1155,2025-08-17 03:00:00+05:30,5.426933,185.7105,11.226575,192.03058
1156,2025-08-17 04:00:00+05:30,4.32,180.0,10.239453,190.1246
1157,2025-08-17 05:00:00+05:30,5.8769383,207.3498,13.060857,209.74478
1158,2025-08-17 06:00:00+05:30,1.9881649,185.19434,5.2478566,202.1664
1159,2025-08-17 07:00:00+05:30,2.0124612,100.30479,2.9301877,100.619606
1160,2025-08-17 08:00:00+05:30,5.771239,93.57626,7.3997297,94.18484
1161,2025-08-17 09:00:00+05:30,8.836514,86.49654,11.705537,88.23765
1162,2025-08-17 10:00:00+05:30,7.6579366,113.55228,9.761578,112.78245
1163,2025-08-17 11:00:00+05:30,14.668619,104.2068,18.297245,105.40349
1164,2025-08-17 12:00:00+05:30,8.538149,71.564964,11.103243,70.09616
1165,2025-08-17 13:00:00+05:30,9.3962755,106.699326,13.036026,107.68449
1166,2025-08-17 14:00:00+05:30,6.830519,108.43504,9.107359,108.43504
1167,2025-08-17 15:00:00+05:30,5.7204895,114.14554,7.6473517,116.56499
1168,2025-08-17 16:00:00+05:30,5.4744864,99.46225,7.1321807,100.17545
1169,2025-08-17 17:00:00+05:30,8.836514,123.36639,14.25641,127.30403
1170,2025-08-17 18:00:00+05:30,7.0107627,119.197395,13.552696,120.31113
1171,2025-08-17 19:00:00+05:30,4.6102495,128.65984,11.246759,129.80553
1172,2025-08-17 20:00:00+05:30,5.2694216,97.853226,12.466867,107.650215
1173,2025-08-17 21:00:00+05:30,5.7852573,84.644264,13.523978,99.96374
1174,2025-08-17 22:00:00+05:30,4.7657523,79.11452,12.503199,96.613365
1175,2025-08-17 23:00:00+05:30,4.755544,60.524208,11.521406,89.10485
1176,2025-08-18 00:00:00+05:30,6.361415,64.8852,13.954354,83.333435
1177,2025-08-18 01:00:00+05:30,6.698806,83.829926,15.68584,93.28918
1178,2025-08-18 02:00:00+05:30,7.7420926,91.33219,17.34083,99.56003
1179,2025-08-18 03:00:00+05:30,9.9,90.0,19.983242,97.76508
1180,2025-08-18 04:00:00+05:30,9.721666,91.06089,19.804907,97.83544
1181,2025-08-18 05:00:00+05:30,9.555271,93.23964,19.239801,100.78425
1182,2025-08-18 06:00:00+05:30,10.2742,86.98728,19.881649,95.19434
1183,2025-08-18 07:00:00+05:30,16.676977,103.73629,23.356344,103.822075
1184,2025-08-18 08:00:00+05:30,18.961613,109.98319,26.313265,110.41851
1185,2025-08-18 09:00:00+05:30,19.242327,107.41806,26.415268,107.44727
1186,2025-08-18 10:00:00+05:30,18.792551,106.699326,25.620771,107.162
1187,2025-08-18 11:00:00+05:30,17.816362,108.25199,23.906818,108.43504
1188,2025-08-18 12:00:00+05:30,17.161469,102.72435,22.14,102.68038
1189,2025-08-18 13:00:00+05:30,16.394829,98.841736,22.700705,100.507965
1190,2025-08-18 14:00:00+05:30,18.22361,110.22495,24.94413,110.26578
1191,2025-08-18 15:00:00+05:30,17.87718,115.01686,25.772078,114.775116
1192,2025-08-18 16:00:00+05:30,10.990322,148.39255,16.276815,147.18864
1193,2025-08-18 17:00:00+05:30,14.730336,128.55049,24.823036,129.11401
1194,2025-08-18 18:00:00+05:30,8.891343,121.75944,18.022486,124.00754
1195,2025-08-18 19:00:00+05:30,11.304229,127.23492,21.252197,128.8114
1196,2025-08-18 20:00:00+05:30,9.236298,123.07069,18.937675,126.107544
1197,2025-08-18 21:00:00+05:30,7.6409945,105.01841,16.947742,112.47948
1198,2025-08-18 22:00:00+05:30,8.467655,92.4366,17.769016,103.473175
1199,2025-08-18 23:00:00+05:30,9.979859,97.253105,20.176065,105.52418
1200,2025-08-19 00:00:00+05:30,11.265469,102.926,21.85796,108.73345
1201,2025-08-19 01:00:00+05:30,10.4166975,108.121956,20.326454,112.93214
1202,2025-08-19 02:00:00+05:30,11.555102,108.1528,21.492483,111.62326
1203,2025-08-19 03:00:00+05:30,11.307095,103.81505,21.118382,108.898346
1204,2025-08-19 04:00:00+05:30,11.726277,107.87879,21.559462,112.067955
1205,2025-08-19 05:00:00+05:30,12.016938,106.53492,21.392754,112.24908
1206,2025-08-19 06:00:00+05:30,13.218668,96.253944,20.833395,99.95056
1207,2025-08-19 07:00:00+05:30,20.520788,103.18297,28.551426,103.86105
1208,2025-08-19 08:00:00+05:30,20.948164,109.0578,29.204966,109.440125
1209,2025-08-19 09:00:00+05:30,20.256998,112.46326,27.678474,112.562584
1210,2025-08-19 10:00:00+05:30,21.495497,117.42326,29.467821,117.660645
1211,2025-08-19 11:00:00+05:30,21.738306,115.5041,30.03466,115.182816
1212,2025-08-19 12:00:00+05:30,21.611996,119.98155,28.80281,120.411
1213,2025-08-19 13:00:00+05:30,20.035059,121.405106,28.03034,121.34231
1214,2025-08-19 14:00:00+05:30,20.241,133.91916,28.638107,134.74536
1215,2025-08-19 15:00:00+05:30,21.166653,131.55252,29.04756,132.48859
1216,2025-08-19 16:00:00+05:30,20.111729,134.27486,29.910889,135.2438
1217,2025-08-19 17:00:00+05:30,14.565548,129.98683,23.563505,132.83307
1218,2025-08-19 18:00:00+05:30,13.577776,128.54121,23.588242,131.59714
1219,2025-08-19 19:00:00+05:30,11.843124,133.1524,21.774048,136.6748
1220,2025-08-19 20:00:00+05:30,11.207801,119.858925,21.20412,127.06454
1221,2025-08-19 21:00:00+05:30,9.67657,99.637474,19.192593,110.304565
1222,2025-08-19 22:00:00+05:30,11.534054,112.963806,21.413193,116.99576
1223,2025-08-19 23:00:00+05:30,11.592895,115.76928,21.392754,120.88101
1224,2025-08-20 00:00:00+05:30,11.27553,106.699326,20.70704,114.1142
1225,2025-08-20 01:00:00+05:30,11.631956,111.801476,21.259058,115.04617
1226,2025-08-20 02:00:00+05:30,12.638512,107.402794,21.492483,111.62326
1227,2025-08-20 03:00:00+05:30,12.324414,96.70974,21.046917,102.8477
1228,2025-08-20 04:00:00+05:30,15.937878,108.43504,23.85051,108.02482
1229,2025-08-20 05:00:00+05:30,13.954354,120.203156,24.634367,121.25089
1230,2025-08-20 06:00:00+05:30,16.568802,107.05705,25.051706,109.73699
1231,2025-08-20 07:00:00+05:30,17.52298,123.690094,25.560635,123.80201
1232,2025-08-20 08:00:00+05:30,14.330079,122.691986,19.570396,124.1286
1233,2025-08-20 09:00:00+05:30,13.896187,126.57312,18.360882,127.43168
1234,2025-08-20 10:00:00+05:30,14.7039175,129.53613,19.290257,130.07933
1235,2025-08-20 11:00:00+05:30,14.410121,131.45514,18.372349,131.0274
1236,2025-08-20 12:00:00+05:30,16.309628,137.68384,22.0285,136.65544
1237,2025-08-20 13:00:00+05:30,10.144082,152.52565,13.849477,152.10283
1238,2025-08-20 14:00:00+05:30,14.584443,144.54445,19.229694,144.52458
1239,2025-08-20 15:00:00+05:30,12.594856,149.03632,16.767075,150.4078
1240,2025-08-20 16:00:00+05:30,14.757804,149.99516,22.013786,150.08089
1241,2025-08-20 17:00:00+05:30,11.844492,143.65245,19.521496,147.04257
1242,2025-08-20 18:00:00+05:30,12.108261,131.98714,22.52878,135.32367
1243,2025-08-20 19:00:00+05:30,9.901636,117.030785,19.48079,121.78087
1244,2025-08-20 20:00:00+05:30,10.304114,117.01259,19.869423,123.546135
1245,2025-08-20 21:00:00+05:30,9.499158,117.05052,18.32202,123.37785
1246,2025-08-20 22:00:00+05:30,7.0774574,97.30567,14.978986,110.39496
1247,2025-08-20 23:00:00+05:30,8.39078,112.714455,17.081041,118.995865
1248,2025-08-21 00:00:00+05:30,9.236298,146.92932,17.595861,149.23735
1249,2025-08-21 01:00:00+05:30,7.24486,116.56499,14.178927,123.08486
1250,2025-08-21 02:00:00+05:30,7.5019197,149.74365,14.045767,149.16223
1251,2025-08-21 03:00:00+05:30,6.873078,135.0001,13.287122,144.37201
1252,2025-08-21 04:00:00+05:30,4.452954,165.96373,11.592895,154.23073
1253,2025-08-21 05:00:00+05:30,5.297018,99.78234,8.909545,135.0001
1254,2025-08-21 06:00:00+05:30,6.12,180.0,8.656858,176.42374
1255,2025-08-21 07:00:00+05:30,1.4058449,230.19447,1.781909,224.9999
1256,2025-08-21 08:00:00+05:30,3.6447225,147.09476,4.4456716,148.24057
1257,2025-08-21 09:00:00+05:30,7.120815,110.72565,8.958504,112.4428
1258,2025-08-21 10:00:00+05:30,6.804381,127.47626,8.3520775,127.11694
1259,2025-08-21 11:00:00+05:30,9.0,143.13002,11.304229,142.76509
1260,2025-08-21 12:00:00+05:30,11.213581,161.27412,14.458382,161.11382
1261,2025-08-21 13:00:00+05:30,9.6228485,172.47627,11.659777,171.11942
1262,2025-08-21 14:00:00+05:30,8.101999,181.273,10.2742,183.01273
1263,2025-08-21 15:00:00+05:30,10.385547,205.67677,14.33234,205.27768
1264,2025-08-21 16:00:00+05:30,11.996699,207.71841,16.348322,208.25793
1265,2025-08-21 17:00:00+05:30,3.7064266,150.9455,8.338489,193.73628
1266,2025-08-21 18:00:00+05:30,7.040739,184.39862,14.369594,192.29526
1267,2025-08-21 19:00:00+05:30,7.970972,186.48297,16.454008,190.08054
1268,2025-08-21 20:00:00+05:30,6.2483597,168.3664,14.230248,182.1747
1269,2025-08-21 21:00:00+05:30,7.9220443,158.68202,16.039202,170.9606
1270,2025-08-21 22:00:00+05:30,5.7964473,154.23073,13.110376,171.31372
1271,2025-08-21 23:00:00+05:30,9.449572,139.63554,15.7908325,155.77226
1272,2025-08-22 00:00:00+05:30,10.062305,132.82524,16.419514,135.44409
1273,2025-08-22 01:00:00+05:30,9.807935,137.2312,16.985933,139.72806
1274,2025-08-22 02:00:00+05:30,9.396275,126.430954,17.311846,134.15756
1275,2025-08-22 03:00:00+05:30,9.102021,114.53771,15.629971,118.92633
1276,2025-08-22 04:00:00+05:30,6.424764,101.3099,12.081473,118.47411
1277,2025-08-22 05:00:00+05:30,8.217153,118.8107,14.57889,122.90524
1278,2025-08-22 06:00:00+05:30,7.486788,99.68872,13.8037815,102.042564
1279,2025-08-22 07:00:00+05:30,11.892265,92.60251,15.876775,93.90042
1280,2025-08-22 08:00:00+05:30,12.800265,93.22446,16.954432,93.65215
1281,2025-08-22 09:00:00+05:30,11.712455,87.35751,15.3264475,86.63361
1282,2025-08-22 10:00:00+05:30,11.734564,85.60138,15.351793,85.29224
1283,2025-08-22 11:00:00+05:30,10.464797,63.435013,13.282243,63.435013
1284,2025-08-22 12:00:00+05:30,10.32924,48.53239,13.943901,50.76265
1285,2025-08-22 13:00:00+05:30,6.698806,59.300358,8.643749,58.627052
1286,2025-08-22 14:00:00+05:30,2.1674871,41.63345,2.5582807,39.289394
1287,2025-08-22 15:00:00+05:30,6.198903,25.820946,7.9036193,30.068504
1288,2025-08-22 16:00:00+05:30,0.9,36.86999,1.0182338,44.999897
1289,2025-08-22 17:00:00+05:30,6.4624763,167.125,8.967541,169.59235
1290,2025-08-22 18:00:00+05:30,8.596766,109.57322,16.189997,118.55953
1291,2025-08-22 19:00:00+05:30,8.227004,100.08054,16.279802,108.03438
1292,2025-08-22 20:00:00+05:30,7.486788,99.68872,15.329618,105.66822
1293,2025-08-22 21:00:00+05:30,8.731391,104.32276,16.78156,112.714455
1294,2025-08-22 22:00:00+05:30,8.513448,103.44863,16.917128,110.55613
1295,2025-08-22 23:00:00+05:30,8.766573,109.17911,17.088627,113.59483
1296,2025-08-23 00:00:00+05:30,9.867218,104.79681,17.816362,108.25199
1297,2025-08-23 01:00:00+05:30,11.050591,102.22511,18.161278,103.76081
1298,2025-08-23 02:00:00+05:30,10.360559,97.98924,18.553974,104.03627
1299,2025-08-23 03:00:00+05:30,11.013882,101.3099,19.483284,106.09089
1300,2025-08-23 04:00:00+05:30,11.503113,110.13639,19.574533,114.44395
1301,2025-08-23 05:00:00+05:30,12.367716,111.33693,20.945072,114.36244
1302,2025-08-23 06:00:00+05:30,17.183167,112.80457,25.608755,114.94388
1303,2025-08-23 07:00:00+05:30,16.886456,121.48742,25.319286,122.221245
1304,2025-08-23 08:00:00+05:30,19.48079,121.78087,27.265694,122.32612
1305,2025-08-23 09:00:00+05:30,19.070658,123.840096,26.060246,124.019394
1306,2025-08-23 10:00:00+05:30,16.75064,118.21727,22.32653,119.45831
1307,2025-08-23 11:00:00+05:30,16.507088,108.43504,21.687572,108.886185
1308,2025-08-23 12:00:00+05:30,15.561414,119.826996,19.826164,119.357666
1309,2025-08-23 13:00:00+05:30,13.18308,124.992096,17.57744,124.992096
1310,2025-08-23 14:00:00+05:30,12.181624,124.159744,15.484185,125.537766
1311,2025-08-23 15:00:00+05:30,12.750811,131.56627,17.703253,132.9399
1312,2025-08-23 16:00:00+05:30,14.879153,124.65138,22.910965,128.94102
1313,2025-08-23 17:00:00+05:30,9.901636,117.030785,19.820442,129.47244
1314,2025-08-23 18:00:00+05:30,7.5942082,148.57048,14.897651,151.88689
1315,2025-08-23 19:00:00+05:30,5.983477,133.7812,13.392774,143.74608
1316,2025-08-23 20:00:00+05:30,6.9247384,117.89718,14.589996,128.991
1317,2025-08-23 21:00:00+05:30,9.1641035,135.0001,17.654688,140.79282
1318,2025-08-23 22:00:00+05:30,7.001514,133.95847,14.668619,150.60405
1319,2025-08-23 23:00:00+05:30,8.55142,149.65683,17.447933,158.19853
1320,2025-08-24 00:00:00+05:30,10.195057,137.86247,18.709612,149.98172
1321,2025-08-24 01:00:00+05:30,12.492829,143.79045,21.505291,151.50446
1322,2025-08-24 02:00:00+05:30,10.819482,134.32605,19.229694,144.52458
1323,2025-08-24 03:00:00+05:30,14.544401,143.55547,23.834202,143.9089
1324,2025-08-24 04:00:00+05:30,11.983188,147.26479,20.74456,149.20683
1325,2025-08-24 05:00:00+05:30,12.313894,142.12495,21.67786,144.46223
1326,2025-08-24 06:00:00+05:30,12.425216,128.53021,23.187185,137.51692
1327,2025-08-24 07:00:00+05:30,15.743569,149.03632,22.728518,150.59291
1328,2025-08-24 08:00:00+05:30,14.372974,157.93205,19.488274,158.88643
1329,2025-08-24 09:00:00+05:30,14.2336645,166.84245,18.921415,168.47632
1330,2025-08-24 10:00:00+05:30,12.410866,160.51378,15.825675,160.74062
1331,2025-08-24 11:00:00+05:30,11.7,157.3801,15.175612,157.69374
1332,2025-08-24 12:00:00+05:30,8.65873,136.68465,11.079873,136.97493
1333,2025-08-24 13:00:00+05:30,13.644427,143.58353,18.218275,142.22426
1334,2025-08-24 14:00:00+05:30,10.8015,156.42528,14.33234,154.72232
1335,2025-08-24 15:00:00+05:30,12.886039,155.22488,17.183167,157.19542
1336,2025-08-24 16:00:00+05:30,12.007498,156.12471,16.78156,157.28555
1337,2025-08-24 17:00:00+05:30,10.209348,170.8699,17.616106,172.36676
1338,2025-08-24 18:00:00+05:30,9.9571085,167.4712,18.998314,170.18077
1339,2025-08-24 19:00:00+05:30,9.044888,148.84076,17.849066,158.09123
1340,2025-08-24 20:00:00+05:30,8.604301,142.65057,17.065859,153.70528
1341,2025-08-24 21:00:00+05:30,9.096681,152.92801,18.158602,162.10378
1342,2025-08-24 22:00:00+05:30,9.485504,146.61147,18.917133,153.43501
1343,2025-08-24 23:00:00+05:30,8.404285,136.73567,17.326813,145.15419
1344,2025-08-25 00:00:00+05:30,8.669949,138.36655,17.574675,147.12373
1345,2025-08-25 01:00:00+05:30,8.528657,134.14499,17.137852,143.97253
1346,2025-08-25 02:00:00+05:30,7.928177,129.47243,16.204998,139.05365
1347,2025-08-25 03:00:00+05:30,8.836514,123.36639,17.46,132.07495
1348,2025-08-25 04:00:00+05:30,8.78872,124.992096,17.86449,130.91429
1349,2025-08-25 05:00:00+05:30,9.044888,121.15924,17.892578,126.40887
1350,2025-08-25 06:00:00+05:30,10.144082,117.47435,14.8257065,119.05451
1351,2025-08-25 07:00:00+05:30,8.748075,126.63421,11.952054,127.042564
1352,2025-08-25 08:00:00+05:30,8.043805,130.46214,10.4493065,132.20723
1353,2025-08-25 09:00:00+05:30,9.102021,114.53771,11.755254,115.38787
1354,2025-08-25 10:00:00+05:30,9.278297,108.08354,11.726277,107.87879
1355,2025-08-25 11:00:00+05:30,9.255571,103.49575,11.307095,103.81505
1356,2025-08-25 12:00:00+05:30,8.139901,108.03438,10.1902895,107.47486
1357,2025-08-25 13:00:00+05:30,7.458606,109.74693,9.165871,109.50254
1358,2025-08-25 14:00:00+05:30,8.534353,117.64589,10.706596,116.99576
1359,2025-08-25 15:00:00+05:30,6.623413,132.79738,8.027678,132.27364
1360,2025-08-25 16:00:00+05:30,10.703569,137.72638,14.766584,135.98767
1361,2025-08-25 17:00:00+05:30,7.7420926,125.537766,12.819235,128.15727
1362,2025-08-25 18:00:00+05:30,5.8603754,137.4896,13.874019,134.47443
1363,2025-08-25 19:00:00+05:30,4.4565907,133.36346,11.334285,133.06943
1364,2025-08-25 20:00:00+05:30,2.657668,61.69934,6.830519,108.43504
1365,2025-08-25 21:00:00+05:30,6.3690495,42.709366,9.904906,70.90642
1366,2025-08-25 22:00:00+05:30,5.720489,77.27565,11.837651,98.74608
1367,2025-08-25 23:00:00+05:30,4.5322843,83.15732,10.814989,108.43504
1368,2025-08-26 00:00:00+05:30,3.9966488,82.234924,9.360001,112.61991
1369,2025-08-26 01:00:00+05:30,3.4623692,62.10283,7.519175,101.0409
1370,2025-08-26 02:00:00+05:30,4.175069,82.56869,9.172938,105.945465
1371,2025-08-26 03:00:00+05:30,5.0688457,83.88459,10.914888,103.34874
1372,2025-08-26 04:00:00+05:30,4.514377,85.42616,10.272623,101.113
1373,2025-08-26 05:00:00+05:30,5.414979,111.44781,12.011544,119.63829
1374,2025-08-26 06:00:00+05:30,6.9153743,128.65984,14.009968,137.08257
1375,2025-08-26 07:00:00+05:30,7.382195,135.0001,10.4493065,137.79277
1376,2025-08-26 08:00:00+05:30,9.885262,123.11135,13.130133,123.25438
1377,2025-08-26 09:00:00+05:30,11.269782,116.56499,14.731437,116.87807
1378,2025-08-26 10:00:00+05:30,11.364259,119.4071,14.913952,119.65902
1379,2025-08-26 11:00:00+05:30,12.136325,125.340195,15.881875,125.311295
1380,2025-08-26 12:00:00+05:30,10.310402,135.70723,13.3649235,135.5456
1381,2025-08-26 13:00:00+05:30,9.178235,138.17992,11.854062,138.07755
1382,2025-08-26 14:00:00+05:30,8.490582,147.99466,11.052058,149.67648
1383,2025-08-26 15:00:00+05:30,6.698806,149.30035,8.707237,150.2552
1384,2025-08-26 16:00:00+05:30,6.090812,145.84026,8.836514,146.63362
1385,2025-08-26 17:00:00+05:30,4.965521,136.46873,11.870451,139.30457
1386,2025-08-26 18:00:00+05:30,5.5450516,144.24602,12.979984,146.3099
1387,2025-08-26 19:00:00+05:30,5.3999996,143.13002,14.021525,150.80261
1388,2025-08-26 20:00:00+05:30,5.1481256,126.46933,12.708815,142.48082
1389,2025-08-26 21:00:00+05:30,4.7521367,114.62355,11.837651,134.38402
1390,2025-08-26 22:00:00+05:30,4.510787,151.38963,13.32,161.07526
1391,2025-08-26 23:00:00+05:30,2.4482646,72.89719,6.6624317,141.58191
1392,2025-08-27 00:00:00+05:30,4.186693,64.5367,7.415038,95.572105
1393,2025-08-27 01:00:00+05:30,5.5829024,88.15243,10.739833,103.57046
1394,2025-08-27 02:00:00+05:30,4.514377,85.42616,10.390226,104.03627
1395,2025-08-27 03:00:00+05:30,5.3305535,101.68935,12.669238,112.55729
1396,2025-08-27 04:00:00+05:30,6.9550843,100.43742,14.628807,108.65798
1397,2025-08-27 05:00:00+05:30,8.0599,113.70266,16.50709,117.96214
1398,2025-08-27 06:00:00+05:30,8.958504,112.4428,19.164717,118.00909
1399,2025-08-27 07:00:00+05:30,9.346143,105.64231,13.262714,108.18914
1400,2025-08-27 08:00:00+05:30,14.420235,114.32556,19.574533,114.44395
1401,2025-08-27 09:00:00+05:30,16.348322,118.257935,21.663656,118.26842
1402,2025-08-27 10:00:00+05:30,13.723745,106.77131,18.38557,108.25767
1403,2025-08-27 11:00:00+05:30,14.174356,107.74477,19.011953,108.77813
1404,2025-08-27 12:00:00+05:30,14.677451,113.10636,19.66536,113.749504
1405,2025-08-27 13:00:00+05:30,13.141232,113.40471,17.87718,115.01686
1406,2025-08-27 14:00:00+05:30,13.543131,113.49858,18.36794,114.30454
1407,2025-08-27 15:00:00+05:30,14.784126,132.03899,20.404411,131.42357
1408,2025-08-27 16:00:00+05:30,11.269782,153.43501,16.909464,152.07112
1409,2025-08-27 17:00:00+05:30,7.928177,140.52757,14.477417,141.56267
1410,2025-08-27 18:00:00+05:30,9.600937,149.589,18.865683,150.25522
1411,2025-08-27 19:00:00+05:30,7.1321807,137.04541,16.344357,143.5086
1412,2025-08-27 20:00:00+05:30,8.149847,136.78989,17.713316,142.43134
1413,2025-08-27 21:00:00+05:30,9.567131,138.81418,19.229694,144.52458
1414,2025-08-27 22:00:00+05:30,9.939196,144.58286,19.48079,148.21913
1415,2025-08-27 23:00:00+05:30,9.54,148.10925,19.319628,153.43501
1416,2025-08-28 00:00:00+05:30,7.7900705,139.68597,16.676977,147.3391
1417,2025-08-28 01:00:00+05:30,9.361731,142.02834,18.431332,148.17259
1418,2025-08-28 02:00:00+05:30,9.187056,145.37578,18.218275,150.39565
1419,2025-08-28 03:00:00+05:30,6.623413,132.79738,14.584443,144.54445
1420,2025-08-28 04:00:00+05:30,7.388775,124.07724,14.892213,134.51036
1421,2025-08-28 05:00:00+05:30,9.5416975,125.78906,18.23694,131.39862
1422,2025-08-28 06:00:00+05:30,10.385547,115.67677,20.035059,121.405106
1423,2025-08-28 07:00:00+05:30,15.518672,127.933334,21.898684,128.65984
1424,2025-08-28 08:00:00+05:30,16.165964,127.763145,22.070377,127.71111
1425,2025-08-28 09:00:00+05:30,15.405519,133.5798,20.625517,133.58565
1426,2025-08-28 10:00:00+05:30,14.383114,135.50697,18.710478,135.38972
1427,2025-08-28 11:00:00+05:30,11.966954,133.7812,15.021105,134.02907
1428,2025-08-28 12:00:00+05:30,10.837435,138.36655,14.81915,139.92717
1429,2025-08-28 13:00:00+05:30,13.619472,134.46461,17.441433,133.74562
1430,2025-08-28 14:00:00+05:30,13.752047,142.98003,19.044306,143.45494
1431,2025-08-28 15:00:00+05:30,14.378608,145.71307,19.570396,145.8714
1432,2025-08-28 16:00:00+05:30,16.267857,155.13632,23.270874,154.8225
1433,2025-08-28 17:00:00+05:30,11.681987,146.3099,20.282574,148.42586
1434,2025-08-28 18:00:00+05:30,9.449572,130.36446,18.508516,139.33836
1435,2025-08-28 19:00:00+05:30,10.486448,129.42778,20.620804,134.29277
1436,2025-08-28 20:00:00+05:30,10.948973,133.66785,21.183481,139.13477
1437,2025-08-28 21:00:00+05:30,11.599879,138.14505,21.986542,140.31459
1438,2025-08-28 22:00:00+05:30,10.993271,140.31459,21.20412,142.93547
1439,2025-08-28 23:00:00+05:30,10.486448,140.57222,20.423456,145.04927
1440,2025-08-29 00:00:00+05:30,10.436895,147.6804,20.054457,151.59485
1441,2025-08-29 01:00:00+05:30,9.7880945,147.77127,19.00599,151.7361
1442,2025-08-29 02:00:00+05:30,10.234705,145.75092,19.357325,149.8587
1443,2025-08-29 03:00:00+05:30,10.486448,140.57222,19.92235,145.30478
1444,2025-08-29 04:00:00+05:30,10.348043,139.93929,19.152035,143.02232
1445,2025-08-29 05:00:00+05:30,11.753876,139.9698,19.706507,140.93153
1446,2025-08-29 06:00:00+05:30,10.739832,140.44037,15.804164,142.86899
1447,2025-08-29 07:00:00+05:30,10.337078,144.92616,13.479583,145.88548
1448,2025-08-29 08:00:00+05:30,9.7565975,142.49579,12.456468,142.63326
1449,2025-08-29 09:00:00+05:30,11.738705,144.3601,14.982228,144.78232
1450,2025-08-29 10:00:00+05:30,11.13384,145.53912,14.128566,145.90497
1451,2025-08-29 11:00:00+05:30,9.7565975,142.49579,12.204212,142.792
1452,2025-08-29 12:00:00+05:30,11.246759,140.19447,13.943901,140.76265
1453,2025-08-29 13:00:00+05:30,20.97058,147.26479,29.00682,146.9016
1454,2025-08-29 14:00:00+05:30,10.787993,154.2901,14.410121,154.07515
1455,2025-08-29 15:00:00+05:30,9.796366,159.5671,13.433838,162.0505
1456,2025-08-29 16:00:00+05:30,11.672275,162.96214,16.171976,163.17851
1457,2025-08-29 17:00:00+05:30,8.604301,164.21918,15.629971,165.32356
1458,2025-08-29 18:00:00+05:30,10.436895,147.6804,19.89631,151.34827
1459,2025-08-29 19:00:00+05:30,8.435069,140.19447,17.477621,147.61934
1460,2025-08-29 20:00:00+05:30,6.7757506,140.38934,15.83693,148.47787
1461,2025-08-29 21:00:00+05:30,6.502461,138.36655,15.095336,149.15349
1462,2025-08-29 22:00:00+05:30,9.867218,141.66663,19.32801,147.9381
1463,2025-08-29 23:00:00+05:30,8.43699,146.3099,17.396793,151.57889
1464,2025-08-30 00:00:00+05:30,7.029225,140.19447,14.848635,149.39368
1465,2025-08-30 01:00:00+05:30,7.029225,140.19447,14.602204,149.64197
1466,2025-08-30 02:00:00+05:30,5.6060677,137.60262,12.383424,147.46495
1467,2025-08-30 03:00:00+05:30,6.8777895,132.87889,13.971757,141.80127
1468,2025-08-30 04:00:00+05:30,6.854195,119.93143,13.647988,131.25691
1469,2025-08-30 05:00:00+05:30,7.7879906,123.6901,14.410121,131.45514
1470,2025-08-30 06:00:00+05:30,9.252069,127.09292,11.738705,125.6399
1471,2025-08-30 07:00:00+05:30,7.5105524,135.97093,9.931042,136.46873
1472,2025-08-30 08:00:00+05:30,9.2660675,150.9455,12.081473,151.5259
1473,2025-08-30 09:00:00+05:30,8.53815,145.30478,10.63372,146.04091
1474,2025-08-30 10:00:00+05:30,7.8149853,141.54626,9.726664,141.009
1475,2025-08-30 11:00:00+05:30,6.489992,123.6901,8.037761,124.04598
1476,2025-08-30 12:00:00+05:30,7.7650757,135.9391,9.292254,135.78474
1477,2025-08-30 13:00:00+05:30,8.287822,145.6196,10.383987,146.3099
1478,2025-08-30 14:00:00+05:30,17.068707,152.35411,21.815674,153.01219
1479,2025-08-30 15:00:00+05:30,14.319901,165.43968,19.820442,166.34235
1480,2025-08-30 16:00:00+05:30,9.36173,178.89832,12.961249,179.2043
1481,2025-08-30 17:00:00+05:30,7.6579366,156.44772,11.534054,157.0362
1482,2025-08-30 18:00:00+05:30,6.6405115,122.828545,14.935662,130.60121
1483,2025-08-30 19:00:00+05:30,9.648067,143.3438,18.872551,147.06776
1484,2025-08-30 20:00:00+05:30,5.994297,138.65233,13.985663,148.15099
1485,2025-08-30 21:00:00+05:30,4.7521367,114.62355,12.284918,129.05313
1486,2025-08-30 22:00:00+05:30,6.206738,106.85848,13.53236,118.61037
1487,2025-08-30 23:00:00+05:30,4.7521367,114.62355,12.682018,124.592354
1488,2025-08-31 00:00:00+05:30,4.278551,112.24908,11.161451,127.79401
1489,2025-08-31 01:00:00+05:30,3.9477081,136.8476,10.8792095,141.04408
1490,2025-08-31 02:00:00+05:30,3.572898,130.91429,10.441551,144.11777
1491,2025-08-31 03:00:00+05:30,3.494968,55.491425,7.3997297,94.18484
1492,2025-08-31 04:00:00+05:30,3.0652893,49.76371,6.601363,78.996506
1493,2025-08-31 05:00:00+05:30,3.319036,77.4712,8.107996,92.544754
1494,2025-08-31 06:00:00+05:30,5.1544156,102.09474,6.6794305,104.03627
1495,2025-08-31 07:00:00+05:30,5.369916,129.55963,6.804381,127.47626
1496,2025-08-31 08:00:00+05:30,7.8149853,141.54626,9.726664,141.009
1497,2025-08-31 09:00:00+05:30,6.6818557,117.25525,8.534353,117.64589
1498,2025-08-31 10:00:00+05:30,6.638072,102.5288,8.12197,102.80426
1499,2025-08-31 11:00:00+05:30,6.122647,88.31535,7.3821945,88.60285
1500,2025-08-31 12:00:00+05:30,7.2022495,88.56794,8.821836,88.830894
1501,2025-08-31 13:00:00+05:30,7.1208143,106.14441,8.827343,106.58742
1502,2025-08-31 14:00:00+05:30,6.76618,118.61037,8.55142,120.34317
1503,2025-08-31 15:00:00+05:30,7.120815,110.72565,9.165871,109.50254
1504,2025-08-31 16:00:00+05:30,9.178235,168.69011,12.442153,165.76268
1505,2025-08-31 17:00:00+05:30,6.489992,183.17976,11.705537,181.76236
1506,2025-08-31 18:00:00+05:30,2.5455842,315.0001,2.907989,338.19852
1507,2025-08-31 19:00:00+05:30,4.327493,343.0724,6.310277,3.2704222
1508,2025-08-31 20:00:00+05:30,3.7585104,16.699326,7.8480825,36.607166
1509,2025-08-31 21:00:00+05:30,4.2481523,53.61555,9.927779,67.61982
1510,2025-08-31 22:00:00+05:30,5.5829024,69.22767,12.6462,85.101
1511,2025-08-31 23:00:00+05:30,5.8048253,82.875084,13.954354,96.666565
1512,2025-09-01 00:00:00+05:30,5.020677,75.46551,11.633348,98.00464
1513,2025-09-01 01:00:00+05:30,5.072041,62.525658,11.052058,83.453804
1514,2025-09-01 02:00:00+05:30,5.3517847,42.27363,11.1090765,63.019848
1515,2025-09-01 03:00:00+05:30,5.8048253,29.744795,12.097553,46.808723
1516,2025-09-01 04:00:00+05:30,0.56920993,198.43504,3.4949677,78.11137
1517,2025-09-01 05:00:00+05:30,7.8583965,200.09532,11.788281,187.0164
1518,2025-09-01 06:00:00+05:30,1.835647,258.6901,1.2727921,188.13002
1519,2025-09-01 07:00:00+05:30,3.494968,235.49141,3.8939953,236.3099
1520,2025-09-01 08:00:00+05:30,1.0182338,224.9999,0.9,233.13002
1521,2025-09-01 09:00:00+05:30,3.219938,26.564985,4.0249224,26.564985
1522,2025-09-01 10:00:00+05:30,6.330782,14.826528,7.8625183,15.945477
1523,2025-09-01 11:00:00+05:30,6.151683,20.556128,7.754637,21.801476
1524,2025-09-01 12:00:00+05:30,7.0774574,7.3056703,8.909545,8.130019
1525,2025-09-01 13:00:00+05:30,8.12197,12.804273,10.390226,14.036275
1526,2025-09-01 14:00:00+05:30,7.4128532,29.054508,9.7565975,29.875906
1527,2025-09-01 15:00:00+05:30,7.056826,37.746864,9.220499,38.65983
1528,2025-09-01 16:00:00+05:30,6.193674,35.537766,8.604301,37.34943
1529,2025-09-01 17:00:00+05:30,3.7064266,29.054508,9.585739,34.286938
1530,2025-09-01 18:00:00+05:30,7.1389914,33.6901,16.5776,41.47846
1531,2025-09-01 19:00:00+05:30,5.7628117,14.470333,13.447095,27.937061
1532,2025-09-01 20:00:00+05:30,5.1197267,349.8754,11.726277,17.87879
1533,2025-09-01 21:00:00+05:30,5.315336,331.69934,11.16145,0.9240338
1534,2025-09-01 22:00:00+05:30,2.9024127,97.12492,8.777654,28.141502
1535,2025-09-01 23:00:00+05:30,5.6920996,18.435053,10.548061,36.674442
1536,2025-09-02 00:00:00+05:30,4.6800003,337.3801,7.8625183,15.945477
1537,2025-09-02 01:00:00+05:30,3.9763298,84.805664,11.465024,67.86446
1538,2025-09-02 02:00:00+05:30,0.8049845,116.56499,6.424764,101.3099
1539,2025-09-02 03:00:00+05:30,3.5455887,23.962492,6.248359,48.503635
1540,2025-09-02 04:00:00+05:30,3.604497,2.8623457,7.6473517,26.564985
1541,2025-09-02 05:00:00+05:30,7.7734165,42.184383,15.292585,47.862484
1542,2025-09-02 06:00:00+05:30,18.329975,82.66572,28.445126,83.45972
1543,2025-09-02 07:00:00+05:30,16.724508,98.04281,26.130396,99.916466
1544,2025-09-02 08:00:00+05:30,19.05281,112.20353,27.81859,113.24729
1545,2025-09-02 09:00:00+05:30,19.070658,123.840096,26.66188,124.54843
1546,2025-09-02 10:00:00+05:30,21.120682,119.62366,28.778616,119.61144
1547,2025-09-02 11:00:00+05:30,19.581154,119.15683,26.278149,119.55007
1548,2025-09-02 12:00:00+05:30,15.702356,115.09622,20.052032,114.95472
1549,2025-09-02 13:00:00+05:30,21.603,113.57472,31.644184,115.25313
1550,2025-09-02 14:00:00+05:30,10.99769,111.10492,15.825675,109.259384
1551,2025-09-02 15:00:00+05:30,16.34832,110.62997,22.695707,111.88585
1552,2025-09-02 16:00:00+05:30,13.413321,130.10085,20.466246,129.28938
1553,2025-09-02 17:00:00+05:30,8.996398,109.885254,16.10472,117.997055
1554,2025-09-02 18:00:00+05:30,8.161764,131.42357,17.429354,128.2902
1555,2025-09-02 19:00:00+05:30,7.596341,126.32692,17.389341,126.15828
1556,2025-09-02 20:00:00+05:30,9.600937,120.411,19.969458,123.976585
1557,2025-09-02 21:00:00+05:30,9.12513,112.01134,18.532135,119.05451
1558,2025-09-02 22:00:00+05:30,8.656858,93.57626,18.161278,103.76081
1559,2025-09-02 23:00:00+05:30,8.197414,81.15827,17.83454,92.313675
1560,2025-09-03 00:00:00+05:30,9.087772,82.03049,19.101213,92.70058
1561,2025-09-03 01:00:00+05:30,10.674773,84.193375,21.25906,92.426285
1562,2025-09-03 02:00:00+05:30,10.837435,85.23644,21.2522,91.94145
1563,2025-09-03 03:00:00+05:30,10.694485,83.233925,21.24305,90.971
1564,2025-09-03 04:00:00+05:30,12.616703,75.96373,23.755226,83.03663
1565,2025-09-03 05:00:00+05:30,10.981475,90.93917,21.481173,94.32498
1566,2025-09-03 06:00:00+05:30,12.921192,108.68745,23.284098,109.41556
1567,2025-09-03 07:00:00+05:30,12.768586,111.501495,19.488274,111.11357
1568,2025-09-03 08:00:00+05:30,15.893093,103.0919,22.355536,103.029205
1569,2025-09-03 09:00:00+05:30,17.816362,108.25199,24.533543,108.833855
1570,2025-09-03 10:00:00+05:30,19.561287,116.80076,26.48509,117.08741
1571,2025-09-03 11:00:00+05:30,19.721298,111.41304,27.14123,111.801476
1572,2025-09-03 12:00:00+05:30,20.393293,110.67451,27.851183,110.42611
1573,2025-09-03 13:00:00+05:30,22.832344,112.724144,31.555494,112.46906
1574,2025-09-03 14:00:00+05:30,25.216064,124.82456,36.600243,124.78433
1575,2025-09-03 15:00:00+05:30,20.423456,124.95073,29.713633,125.13428
1576,2025-09-03 16:00:00+05:30,20.05203,126.97285,30.927017,127.67032
1577,2025-09-03 17:00:00+05:30,16.434305,118.8107,27.41678,119.93143
1578,2025-09-03 18:00:00+05:30,13.130133,123.25438,23.613638,123.81124
1579,2025-09-03 19:00:00+05:30,13.282243,116.56499,23.710857,120.0685
1580,2025-09-03 20:00:00+05:30,11.157097,107.85041,20.85671,115.01687
1581,2025-09-03 21:00:00+05:30,10.360559,97.98924,19.758228,106.94931
1582,2025-09-03 22:00:00+05:30,11.341428,89.090645,20.625517,99.544464
1583,2025-09-03 23:00:00+05:30,11.431063,97.236824,20.870687,104.99513
1584,2025-09-04 00:00:00+05:30,10.182337,98.13002,19.470808,103.90781
1585,2025-09-04 01:00:00+05:30,12.641076,109.98319,21.82755,111.27504
1586,2025-09-04 02:00:00+05:30,12.093535,104.65679,20.896288,107.03024
1587,2025-09-04 03:00:00+05:30,11.566313,110.97357,19.726225,115.395874
1588,2025-09-04 04:00:00+05:30,11.968308,102.15492,21.535404,106.011246
1589,2025-09-04 05:00:00+05:30,11.074022,97.47147,21.046917,102.8477
1590,2025-09-04 06:00:00+05:30,13.049689,114.44395,20.456745,118.36895
1591,2025-09-04 07:00:00+05:30,16.767075,119.5922,23.866804,119.85199
1592,2025-09-04 08:00:00+05:30,15.676542,124.23752,21.721159,124.875404
1593,2025-09-04 09:00:00+05:30,14.731435,125.04945,19.376562,125.16652
1594,2025-09-04 10:00:00+05:30,13.979872,124.50858,18.226276,124.94574
1595,2025-09-04 11:00:00+05:30,13.121493,116.91648,17.146358,116.83397
1596,2025-09-04 12:00:00+05:30,14.450535,129.44003,18.329092,128.22047
1597,2025-09-04 13:00:00+05:30,10.962281,150.4886,16.019999,154.01082
1598,2025-09-04 14:00:00+05:30,8.909545,135.0001,12.7279215,135.0001
1599,2025-09-04 15:00:00+05:30,13.513193,138.23979,18.47698,137.76392
1600,2025-09-04 16:00:00+05:30,15.784676,134.07605,22.152435,133.68317
1601,2025-09-04 17:00:00+05:30,9.396275,143.56905,16.724508,145.96783
1602,2025-09-04 18:00:00+05:30,8.953078,149.82657,17.504478,149.74364
1603,2025-09-04 19:00:00+05:30,5.6521144,142.76509,14.292725,148.91257
1604,2025-09-04 20:00:00+05:30,5.6521144,142.76509,14.447172,149.28117
1605,2025-09-04 21:00:00+05:30,4.5820518,135.0001,13.130133,146.74562
1606,2025-09-04 22:00:00+05:30,3.2048087,128.15727,10.285232,147.14429
1607,2025-09-04 23:00:00+05:30,3.06,90.0,8.161764,131.42357
1608,2025-09-05 00:00:00+05:30,5.223103,91.97489,12.033103,111.960625
1609,2025-09-05 01:00:00+05:30,7.42159,104.03627,16.311613,112.036285
1610,2025-09-05 02:00:00+05:30,7.8149853,118.92633,16.774803,123.17852
1611,2025-09-05 03:00:00+05:30,7.0107627,119.197395,15.696165,126.60716
1612,2025-09-05 04:00:00+05:30,6.7397914,124.11452,14.957339,129.62897
1613,2025-09-05 05:00:00+05:30,6.8919086,130.76352,15.15104,136.44406
1614,2025-09-05 06:00:00+05:30,11.4862,147.80429,16.084589,148.26653
1615,2025-09-05 07:00:00+05:30,12.47726,153.43501,17.149193,154.51085
1616,2025-09-05 08:00:00+05:30,11.132385,157.1663,14.607751,157.54301
1617,2025-09-05 09:00:00+05:30,10.966713,156.80138,14.4415655,157.27023
1618,2025-09-05 10:00:00+05:30,9.734988,146.3099,12.4811535,146.76828
1619,2025-09-05 11:00:00+05:30,9.021574,151.38963,11.276968,151.38963
1620,2025-09-05 12:00:00+05:30,9.387651,147.52882,11.638917,148.27644
1621,2025-09-05 13:00:00+05:30,9.582358,151.99092,11.679212,151.46011
1622,2025-09-05 14:00:00+05:30,9.526405,157.79648,11.770403,156.57129
1623,2025-09-05 15:00:00+05:30,12.303366,159.44388,16.748707,159.22766
1624,2025-09-05 16:00:00+05:30,11.063778,158.02544,15.844089,158.68202
1625,2025-09-05 17:00:00+05:30,12.466867,162.3498,20.896288,162.96976
1626,2025-09-05 18:00:00+05:30,8.863972,203.9625,18.158602,197.89622
1627,2025-09-05 19:00:00+05:30,4.514377,175.42616,12.6462,184.899
1628,2025-09-05 20:00:00+05:30,4.3349743,175.23645,12.611567,182.45398
1629,2025-09-05 21:00:00+05:30,4.2366967,167.73524,11.53265,182.68372
1630,2025-09-05 22:00:00+05:30,6.341009,173.4803,14.944336,181.38033
1631,2025-09-05 23:00:00+05:30,6.130579,183.3664,15.273505,188.13002
1632,2025-09-06 00:00:00+05:30,5.4029994,178.0909,14.238215,182.89851
1633,2025-09-06 01:00:00+05:30,4.8733153,184.23631,13.039754,186.3401
1634,2025-09-06 02:00:00+05:30,4.6938252,175.60138,12.620554,183.27042
1635,2025-09-06 03:00:00+05:30,4.379589,170.53775,11.879999,180.0
1636,2025-09-06 04:00:00+05:30,2.1674871,184.76355,8.019601,189.0394
1637,2025-09-06 05:00:00+05:30,3.9518096,149.9315,9.144637,169.79608
1638,2025-09-06 06:00:00+05:30,8.297589,155.65892,14.628807,161.34201
1639,2025-09-06 07:00:00+05:30,9.6480665,165.96373,12.886039,167.90526
1640,2025-09-06 08:00:00+05:30,8.311245,184.96965,10.674773,185.80663
1641,2025-09-06 09:00:00+05:30,9.375563,176.6982,11.892265,177.39749
1642,2025-09-06 10:00:00+05:30,9.499157,170.18077,12.221456,170.67648
1643,2025-09-06 11:00:00+05:30,9.9977,166.46413,12.74954,166.94475
1644,2025-09-06 12:00:00+05:30,10.062305,169.6952,12.992458,169.6242
1645,2025-09-06 13:00:00+05:30,10.63372,182.91078,13.698934,183.01273
1646,2025-09-06 14:00:00+05:30,9.12513,194.85866,12.093535,194.6568
1647,2025-09-06 15:00:00+05:30,8.649369,192.01146,11.440978,192.72435
1648,2025-09-06 16:00:00+05:30,7.388775,182.79265,11.555103,184.46707
1649,2025-09-06 17:00:00+05:30,6.898956,187.49576,15.299999,188.79733
1650,2025-09-06 18:00:00+05:30,5.0528407,175.91446,11.705537,178.23764
1651,2025-09-06 19:00:00+05:30,6.302571,178.36346,15.661035,180.65852
1652,2025-09-06 20:00:00+05:30,8.936777,198.79999,20.393293,200.6745
1653,2025-09-06 21:00:00+05:30,8.723967,201.80147,19.45416,202.29367
1654,2025-09-06 22:00:00+05:30,6.603817,197.44728,16.56489,199.0257
1655,2025-09-06 23:00:00+05:30,8.338489,193.73628,18.568811,196.32693
1656,2025-09-07 00:00:00+05:30,9.796366,200.4329,20.991426,202.1664
1657,2025-09-07 01:00:00+05:30,7.3469996,210.96368,17.477621,212.38066
1658,2025-09-07 02:00:00+05:30,8.0599,203.70265,17.595861,210.76265
1659,2025-09-07 03:00:00+05:30,5.95906,205.01686,14.481893,212.30731
1660,2025-09-07 04:00:00+05:30,6.0908127,198.9705,14.251863,207.85956
1661,2025-09-07 05:00:00+05:30,6.162207,186.70975,13.570615,201.80147
1662,2025-09-07 06:00:00+05:30,8.936778,170.72748,16.801823,184.91647
1663,2025-09-07 07:00:00+05:30,9.430694,166.75948,13.169555,169.76526
1664,2025-09-07 08:00:00+05:30,10.464798,176.05489,13.698934,176.98727
1665,2025-09-07 09:00:00+05:30,8.049845,190.3048,10.449306,190.92276
1666,2025-09-07 10:00:00+05:30,7.92,180.0,10.081606,181.02301
1667,2025-09-07 11:00:00+05:30,7.1661706,191.59215,9.215226,192.40741
1668,2025-09-07 12:00:00+05:30,7.1208143,196.14441,9.05205,197.35411
1669,2025-09-07 13:00:00+05:30,7.1661706,191.59215,9.255571,193.49574
1670,2025-09-07 14:00:00+05:30,6.889557,199.8553,8.827344,200.28264
1671,2025-09-07 15:00:00+05:30,3.7585104,163.30067,5.0688457,173.8846
1672,2025-09-07 16:00:00+05:30,6.037383,116.56499,8.187527,123.34073
1673,2025-09-07 17:00:00+05:30,4.86,90.0,10.137692,106.50443
1674,2025-09-07 18:00:00+05:30,5.3426957,147.38077,12.703715,159.25385
1675,2025-09-07 19:00:00+05:30,6.248359,138.50363,15.0038395,149.74365
1676,2025-09-07 20:00:00+05:30,5.5567255,155.09526,14.84318,165.96373
1677,2025-09-07 21:00:00+05:30,5.9617786,151.11351,14.414617,164.05453
1678,2025-09-07 22:00:00+05:30,8.825508,168.23174,19.738539,173.7176
1679,2025-09-07 23:00:00+05:30,8.338489,193.73628,18.841623,198.95433
1680,2025-09-08 00:00:00+05:30,8.731391,194.32275,18.818396,201.90323
1681,2025-09-08 01:00:00+05:30,8.854829,206.56499,18.865683,209.74478
1682,2025-09-08 02:00:00+05:30,6.9527545,201.25058,15.702356,208.03375
1683,2025-09-08 03:00:00+05:30,6.725354,195.52417,14.897651,205.01686
1684,2025-09-08 04:00:00+05:30,5.6920996,198.43504,13.443481,206.22191
1685,2025-09-08 05:00:00+05:30,3.9763298,174.80566,10.137692,196.50444
1686,2025-09-08 06:00:00+05:30,5.5829024,181.84756,11.811622,187.88304
1687,2025-09-08 07:00:00+05:30,6.5693827,189.46225,8.863972,192.90741
1688,2025-09-08 08:00:00+05:30,6.7205353,200.37651,8.723967,201.80147
1689,2025-09-08 09:00:00+05:30,6.037383,190.3048,7.69592,190.78426
1690,2025-09-08 10:00:00+05:30,5.232399,176.05489,6.489992,176.82024
1691,2025-09-08 11:00:00+05:30,6.0908127,161.0295,7.628263,160.70985
1692,2025-09-08 12:00:00+05:30,6.8989563,164.87595,8.604301,164.21918
1693,2025-09-08 13:00:00+05:30,8.227004,169.91946,10.449306,169.07724
1694,2025-09-08 14:00:00+05:30,9.195868,176.6336,12.0720825,177.43628
1695,2025-09-08 15:00:00+05:30,9.422101,173.41815,12.841963,174.36942
1696,2025-09-08 16:00:00+05:30,6.849467,176.98727,11.892265,177.39749
1697,2025-09-08 17:00:00+05:30,5.12289,198.43504,12.616703,194.03627
1698,2025-09-08 18:00:00+05:30,6.122647,181.68465,16.141893,187.04567
1699,2025-09-08 19:00:00+05:30,6.037383,190.3048,15.991659,191.68935
1700,2025-09-08 20:00:00+05:30,6.725354,195.52417,16.965895,197.28159
1701,2025-09-08 21:00:00+05:30,7.16617,205.27768,17.951334,206.8219
1702,2025-09-08 22:00:00+05:30,7.42159,194.03627,18.331741,199.50253
1703,2025-09-08 23:00:00+05:30,9.165871,199.50253,20.590143,202.08049
1704,2025-09-09 00:00:00+05:30,9.693296,201.80147,21.011482,205.90645
1705,2025-09-09 01:00:00+05:30,8.587338,213.02386,19.296135,216.6562
1706,2025-09-09 02:00:00+05:30,8.775807,205.51382,18.927406,212.17863
1707,2025-09-09 03:00:00+05:30,7.44121,212.15227,17.065859,217.71605
1708,2025-09-09 04:00:00+05:30,6.452441,202.98874,15.277749,214.43904
1709,2025-09-09 05:00:00+05:30,6.489992,213.6901,15.072783,220.15593
1710,2025-09-09 06:00:00+05:30,7.0911775,203.9625,15.3802595,214.9921
1711,2025-09-09 07:00:00+05:30,7.193247,211.70139,10.134495,213.40784
1712,2025-09-09 08:00:00+05:30,6.59154,214.9921,8.604301,217.34943
1713,2025-09-09 09:00:00+05:30,7.42159,202.8337,9.430695,203.6294
1714,2025-09-09 10:00:00+05:30,6.7853074,201.80147,8.557102,202.24907
1715,2025-09-09 11:00:00+05:30,6.77575,196.9909,8.538149,198.43504
1716,2025-09-09 12:00:00+05:30,6.601363,191.0035,8.297589,192.5288
1717,2025-09-09 13:00:00+05:30,7.4346757,186.95287,9.321845,190.00792
1718,2025-09-09 14:00:00+05:30,8.656858,183.57626,11.212135,185.52745
1719,2025-09-09 15:00:00+05:30,9.080639,193.7608,12.313893,195.25517
1720,2025-09-09 16:00:00+05:30,9.194106,203.05133,15.463246,204.77512
1721,2025-09-09 17:00:00+05:30,5.1544156,192.09474,12.921192,198.68744
1722,2025-09-09 18:00:00+05:30,5.2478566,185.90605,12.661564,194.82652
1723,2025-09-09 19:00:00+05:30,5.5916004,176.30869,14.455019,185.00055
1724,2025-09-09 20:00:00+05:30,6.1305785,229.76372,14.396625,222.46638
1725,2025-09-09 21:00:00+05:30,12.096214,216.52895,22.691423,221.78442
1726,2025-09-09 22:00:00+05:30,8.209263,217.87505,17.654688,219.20718
1727,2025-09-09 23:00:00+05:30,6.502461,221.63345,16.363178,219.64413
1728,2025-09-10 00:00:00+05:30,8.53815,214.69522,19.334715,215.90982
1729,2025-09-10 01:00:00+05:30,7.0843205,207.21602,17.373497,214.0194
1730,2025-09-10 02:00:00+05:30,8.2584505,200.40997,17.816362,209.67299
1731,2025-09-10 03:00:00+05:30,8.211235,206.0033,17.823637,213.04813
1732,2025-09-10 04:00:00+05:30,9.743304,205.14474,19.576189,212.22873
1733,2025-09-10 05:00:00+05:30,9.340941,205.08356,18.775303,212.47118
1734,2025-09-10 06:00:00+05:30,8.217153,208.8107,17.123669,213.85715
1735,2025-09-10 07:00:00+05:30,9.109138,217.77574,12.768586,220.426
1736,2025-09-10 08:00:00+05:30,7.6367526,224.9999,10.185519,226.43204
1737,2025-09-10 09:00:00+05:30,5.8631387,252.1212,7.570707,251.99574
1738,2025-09-10 10:00:00+05:30,4.5891175,311.82007,5.5450516,305.75397
1739,2025-09-10 11:00:00+05:30,1.0948973,279.46225,1.659518,257.4712
1740,2025-09-10 12:00:00+05:30,7.4672885,195.37631,9.107359,198.43504
1741,2025-09-10 13:00:00+05:30,0.56920993,71.564964,0.6489992,123.690094
1742,2025-09-10 14:00:00+05:30,3.8939953,213.6901,5.441838,214.21576
1743,2025-09-10 15:00:00+05:30,7.1321807,222.95459,9.299225,222.64667
1744,2025-09-10 16:00:00+05:30,8.099999,216.86998,12.456468,217.36674
1745,2025-09-10 17:00:00+05:30,5.2323985,206.56499,12.3165245,206.93945
1746,2025-09-10 18:00:00+05:30,4.2671766,242.35411,10.662626,248.19853
1747,2025-09-10 19:00:00+05:30,6.2067385,240.4613,13.779114,250.1447
1748,2025-09-10 20:00:00+05:30,5.068846,253.49556,13.100489,257.3004
1749,2025-09-10 21:00:00+05:30,3.9477081,226.8476,11.276968,241.38963
1750,2025-09-10 22:00:00+05:30,3.693291,226.97493,10.34178,238.52321
1751,2025-09-10 23:00:00+05:30,3.8647635,207.75845,10.348043,229.93927
1752,2025-09-11 00:00:00+05:30,4.2366967,192.26476,10.799999,216.86998
1753,2025-09-11 01:00:00+05:30,1.4058449,140.19447,4.913044,208.44283
1754,2025-09-11 02:00:00+05:30,3.710795,157.1663,7.5599995,180.0
1755,2025-09-11 03:00:00+05:30,3.1072817,169.99208,7.9526596,185.19434
1756,2025-09-11 04:00:00+05:30,5.2478566,157.8336,10.4166975,170.04944
1757,2025-09-11 05:00:00+05:30,6.206738,163.14153,13.138765,170.53775
1758,2025-09-11 06:00:00+05:30,4.8633323,177.87895,9.793058,197.10281
1759,2025-09-11 07:00:00+05:30,6.502461,221.63345,8.669949,221.63345
1760,2025-09-11 08:00:00+05:30,5.9427266,234.86572,7.7420926,234.46223
1761,2025-09-11 09:00:00+05:30,4.198285,300.96368,5.072041,297.47433
1762,2025-09-11 10:00:00+05:30,2.1674871,4.763556,2.3469126,4.398633
1763,2025-09-11 11:00:00+05:30,0.17999999,90.0,0.17999999,90.0
1764,2025-09-11 12:00:00+05:30,1.8532133,119.05451,2.19718,124.992096
1765,2025-09-11 13:00:00+05:30,2.4149535,153.43501,2.7416782,156.80138
1766,2025-09-11 14:00:00+05:30,6.6697226,183.094,8.099999,180.0
1767,2025-09-11 15:00:00+05:30,6.66,251.07526,9.194106,246.94867
1768,2025-09-11 16:00:00+05:30,4.6834598,182.20255,6.302571,178.36346
1769,2025-09-11 17:00:00+05:30,5.9834766,158.83867,10.310403,163.77974
1770,2025-09-11 18:00:00+05:30,4.752136,232.69597,8.089993,200.85454
1771,2025-09-11 19:00:00+05:30,4.913044,208.44283,11.633348,188.00464
1772,2025-09-11 20:00:00+05:30,5.0816135,202.93213,12.750811,198.9466
1773,2025-09-11 21:00:00+05:30,3.8939953,213.6901,10.441551,215.88223
1774,2025-09-11 22:00:00+05:30,0.40249225,63.435013,4.353619,262.8751
1775,2025-09-11 23:00:00+05:30,1.659518,139.39879,4.846648,238.67136
1776,2025-09-12 00:00:00+05:30,3.244996,146.3099,6.341009,186.5197
1777,2025-09-12 01:00:00+05:30,4.6452556,305.53775,9.12513,292.01132
1778,2025-09-12 02:00:00+05:30,1.98,360.0,4.846648,328.67136
1779,2025-09-12 03:00:00+05:30,3.7064266,60.94549,4.6102495,38.65983
1780,2025-09-12 04:00:00+05:30,2.2553935,28.610369,3.01735,72.64589
1781,2025-09-12 05:00:00+05:30,2.9301877,47.489597,3.6402748,81.46932
1782,2025-09-12 06:00:00+05:30,0.9,360.0,0.742159,194.03627
1783,2025-09-12 07:00:00+05:30,3.01735,72.64589,3.644722,69.775055
1784,2025-09-12 08:00:00+05:30,3.9477081,133.1524,5.0975285,132.13753
1785,2025-09-12 09:00:00+05:30,3.01735,162.64589,3.644722,159.77505
1786,2025-09-12 10:00:00+05:30,2.0523157,164.74483,2.6208394,164.05453
1787,2025-09-12 11:00:00+05:30,1.1525624,128.65984,1.5273507,135.0001
1788,2025-09-12 12:00:00+05:30,2.226477,14.036275,2.5772078,12.094739
1789,2025-09-12 13:00:00+05:30,4.5536795,341.56494,5.720489,347.27563
1790,2025-09-12 14:00:00+05:30,16.336426,161.36533,22.723528,163.43109
1791,2025-09-12 15:00:00+05:30,5.1919937,236.3099,8.92408,221.72942
1792,2025-09-12 16:00:00+05:30,2.226477,165.96373,8.827343,163.41258
1793,2025-09-12 17:00:00+05:30,6.4624763,167.125,15.182015,169.75597
1794,2025-09-12 18:00:00+05:30,3.710795,140.90616,7.823272,156.97447
1795,2025-09-12 19:00:00+05:30,5.7628117,141.34016,12.397806,154.17906
1796,2025-09-12 20:00:00+05:30,4.1125174,156.80139,11.032987,174.3825
1797,2025-09-12 21:00:00+05:30,4.613762,159.44388,12.346741,172.46065
1798,2025-09-12 22:00:00+05:30,5.297018,170.21767,12.601285,179.18156
1799,2025-09-12 23:00:00+05:30,6.122647,178.31535,14.799459,184.18483
1800,2025-09-13 00:00:00+05:30,5.426933,185.7105,12.886039,192.09474
1801,2025-09-13 01:00:00+05:30,6.2999997,180.0,13.775586,186.75348
1802,2025-09-13 02:00:00+05:30,6.310277,183.27042,13.797912,187.49576
1803,2025-09-13 03:00:00+05:30,5.0432134,182.04536,12.429127,190.00792
1804,2025-09-13 04:00:00+05:30,4.143911,177.5105,10.948973,189.46225
1805,2025-09-13 05:00:00+05:30,4.060985,167.19574,10.086427,182.04536
1806,2025-09-13 06:00:00+05:30,5.5596404,150.9455,11.052058,173.45381
1807,2025-09-13 07:00:00+05:30,8.759178,189.46225,12.043869,189.46225
1808,2025-09-13 08:00:00+05:30,6.502461,221.63345,8.893166,215.9422
1809,2025-09-13 09:00:00+05:30,5.0688457,186.1154,6.5024605,184.76355
1810,2025-09-13 10:00:00+05:30,6.391901,189.72751,8.083983,191.5601
1811,2025-09-13 11:00:00+05:30,6.601363,168.9965,8.083983,168.4399
1812,2025-09-13 12:00:00+05:30,8.507737,173.92764,10.674773,174.19337
1813,2025-09-13 13:00:00+05:30,6.391901,189.72751,8.885877,186.98096
1814,2025-09-13 14:00:00+05:30,6.424764,168.69011,8.43699,168.92984
1815,2025-09-13 15:00:00+05:30,9.321845,169.99208,12.108261,168.85715
1816,2025-09-13 16:00:00+05:30,7.9138603,197.19862,11.571914,195.33334
1817,2025-09-13 17:00:00+05:30,9.0645685,186.84268,17.176563,185.41177
1818,2025-09-13 18:00:00+05:30,6.037383,169.6952,14.650938,169.3804
1819,2025-09-13 19:00:00+05:30,7.8583965,159.90468,16.810495,167.00539
1820,2025-09-13 20:00:00+05:30,7.8480825,143.39284,16.019999,154.01082
1821,2025-09-13 21:00:00+05:30,7.353611,158.45895,15.629971,165.32356
1822,2025-09-13 22:00:00+05:30,7.5170207,163.30067,16.13286,169.06622
1823,2025-09-13 23:00:00+05:30,8.311245,162.3498,17.026896,166.55138
1824,2025-09-14 00:00:00+05:30,8.891344,158.62932,18.051228,163.19122
1825,2025-09-14 01:00:00+05:30,8.4042845,170.13426,17.845436,171.29785
1826,2025-09-14 02:00:00+05:30,5.7599998,180.0,14.22,180.0
1827,2025-09-14 03:00:00+05:30,5.4029994,178.0909,12.979984,183.17976
1828,2025-09-14 04:00:00+05:30,4.913044,171.57312,12.241323,180.8425
1829,2025-09-14 05:00:00+05:30,5.9644947,174.80566,13.324863,181.54813
1830,2025-09-14 06:00:00+05:30,6.391901,147.65259,13.577776,165.41104
1831,2025-09-14 07:00:00+05:30,8.507737,173.92764,12.108261,174.88278
1832,2025-09-14 08:00:00+05:30,4.73506,188.74608,6.778141,190.71307
1833,2025-09-14 09:00:00+05:30,7.570707,161.99574,9.621163,162.58194
1834,2025-09-14 10:00:00+05:30,6.502461,138.36655,8.53815,145.30478
1835,2025-09-14 11:00:00+05:30,6.76618,151.38963,8.775807,154.48618
1836,2025-09-14 12:00:00+05:30,7.6409945,136.90913,9.587428,140.3322
1837,2025-09-14 13:00:00+05:30,10.98,180.0,14.224556,178.54982
1838,2025-09-14 14:00:00+05:30,11.003581,176.24835,14.978984,175.8654
1839,2025-09-14 15:00:00+05:30,11.989945,187.76508,16.700275,187.43132
1840,2025-09-14 16:00:00+05:30,8.297589,183.73132,11.885453,181.73567
1841,2025-09-14 17:00:00+05:30,6.130579,183.3664,12.440851,183.31772
1842,2025-09-14 18:00:00+05:30,7.44121,147.84773,14.677451,156.89365
1843,2025-09-14 19:00:00+05:30,6.12,151.92761,13.32,161.07526
1844,2025-09-14 20:00:00+05:30,6.015878,141.07245,13.237039,157.61983
1845,2025-09-14 21:00:00+05:30,7.928177,140.52757,16.208998,150.01845
1846,2025-09-14 22:00:00+05:30,7.1684303,141.1155,14.757804,149.99516
1847,2025-09-14 23:00:00+05:30,7.10031,149.53453,14.4415655,157.27023
1848,2025-09-15 00:00:00+05:30,7.6579366,150.42226,13.78029,156.1135
1849,2025-09-15 01:00:00+05:30,5.414979,158.5522,11.734564,159.341
1850,2025-09-15 02:00:00+05:30,7.1661706,168.40785,13.138765,170.53775
1851,2025-09-15 03:00:00+05:30,7.771331,166.60748,12.324414,173.29025
1852,2025-09-15 04:00:00+05:30,6.269067,129.17365,8.320986,141.14662
1853,2025-09-15 05:00:00+05:30,4.143911,145.6196,6.5248446,155.55606
1854,2025-09-15 06:00:00+05:30,10.990322,148.39255,15.627897,147.22513
1855,2025-09-15 07:00:00+05:30,11.013882,168.69011,15.004919,169.63373
1856,2025-09-15 08:00:00+05:30,10.594036,189.78233,14.027302,188.85788
1857,2025-09-15 09:00:00+05:30,13.141232,156.59529,17.823637,159.91794
1858,2025-09-15 10:00:00+05:30,4.379589,189.46225,8.4042845,189.86574
1859,2025-09-15 11:00:00+05:30,5.4477882,187.59456,7.2044983,192.99461
1860,2025-09-15 12:00:00+05:30,7.2022495,178.56793,9.181765,181.12328
1861,2025-09-15 13:00:00+05:30,6.87779,186.00891,8.865799,185.82625
1862,2025-09-15 14:00:00+05:30,7.771331,166.60748,9.9571085,167.4712
1863,2025-09-15 15:00:00+05:30,7.970972,154.59233,10.564942,156.92957
1864,2025-09-15 16:00:00+05:30,7.256032,133.99501,10.957846,137.66306
1865,2025-09-15 17:00:00+05:30,12.0694,162.64589,21.347271,162.32886
1866,2025-09-15 18:00:00+05:30,7.555712,167.61925,15.743569,174.09395
1867,2025-09-15 19:00:00+05:30,8.827344,177.66275,16.388899,181.88815
1868,2025-09-15 20:00:00+05:30,3.4576871,128.65984,8.297589,155.65892
1869,2025-09-15 21:00:00+05:30,5.3517847,109.653915,10.692969,126.09837
1870,2025-09-15 22:00:00+05:30,7.1321807,132.95459,14.037692,139.15973
1871,2025-09-15 23:00:00+05:30,7.127636,135.0001,14.584443,144.54445
1872,2025-09-16 00:00:00+05:30,7.555712,167.61925,14.6254835,166.47682
1873,2025-09-16 01:00:00+05:30,5.6492476,202.47948,11.391313,185.44025
1874,2025-09-16 02:00:00+05:30,5.1826253,159.67677,8.996398,160.11475
1875,2025-09-16 03:00:00+05:30,7.6388745,145.56096,12.594856,149.03632
1876,2025-09-16 04:00:00+05:30,11.39842,158.70258,18.392618,159.9689
1877,2025-09-16 05:00:00+05:30,8.893166,144.0578,15.481046,156.71391
1878,2025-09-16 06:00:00+05:30,5.6521144,142.76509,7.973005,151.69934
1879,2025-09-16 07:00:00+05:30,13.202726,154.1337,18.845062,155.14844
1880,2025-09-16 08:00:00+05:30,8.431228,163.8865,11.543881,169.21574
1881,2025-09-16 09:00:00+05:30,10.766949,141.78893,14.230248,145.30478
1882,2025-09-16 10:00:00+05:30,10.34178,121.47678,14.481893,122.307304
1883,2025-09-16 11:00:00+05:30,8.951267,164.84589,12.710091,167.73524
1884,2025-09-16 12:00:00+05:30,9.807935,137.2312,13.184308,141.09586
1885,2025-09-16 13:00:00+05:30,7.995323,121.18491,10.692969,126.09837
1886,2025-09-16 14:00:00+05:30,7.289444,110.22495,9.580668,115.60214
1887,2025-09-16 15:00:00+05:30,7.1389914,123.6901,9.726664,128.991
1888,2025-09-16 16:00:00+05:30,6.6818557,117.25525,10.009036,127.694305
1889,2025-09-16 17:00:00+05:30,7.6579366,150.42226,15.509274,158.19853
1890,2025-09-16 18:00:00+05:30,11.307095,166.18495,21.222448,167.26036
1891,2025-09-16 19:00:00+05:30,9.178235,154.44008,18.318481,157.4667
1892,2025-09-16 20:00:00+05:30,8.643749,148.62704,17.468348,153.69905
1893,2025-09-16 21:00:00+05:30,8.65873,136.68465,17.352036,143.01115
1894,2025-09-16 22:00:00+05:30,9.19939,149.42085,18.273325,153.68742
1895,2025-09-16 23:00:00+05:30,9.580668,154.39786,18.623693,159.63832
1896,2025-09-17 00:00:00+05:30,7.7983837,161.14674,16.327497,165.96373
1897,2025-09-17 01:00:00+05:30,7.5213294,158.96242,15.455911,165.1545
1898,2025-09-17 02:00:00+05:30,7.3799996,167.31963,15.5843,173.36758
1899,2025-09-17 03:00:00+05:30,9.567131,175.68405,18.000898,180.57292
1900,2025-09-17 04:00:00+05:30,7.5942073,185.44025,14.796175,189.80603
1901,2025-09-17 05:00:00+05:30,6.4624763,167.125,12.061341,180.85507
1902,2025-09-17 06:00:00+05:30,7.823272,203.02553,13.306615,203.09685
1903,2025-09-17 07:00:00+05:30,7.486788,170.31128,10.360559,172.01076
1904,2025-09-17 08:00:00+05:30,10.132897,167.692,13.8037815,167.95744
1905,2025-09-17 09:00:00+05:30,8.163749,165.96373,10.390226,165.96373
1906,2025-09-17 10:00:00+05:30,8.557102,157.75093,10.662626,158.19853
1907,2025-09-17 11:00:00+05:30,11.720751,169.3804,15.182015,169.75597
1908,2025-09-17 12:00:00+05:30,8.155807,202.03629,10.365251,200.32323
1909,2025-09-17 13:00:00+05:30,7.2649574,221.98714,9.0,216.86998
1910,2025-09-17 14:00:00+05:30,10.717182,187.72174,13.701299,189.8335
1911,2025-09-17 15:00:00+05:30,9.340941,205.08356,12.886039,204.77512
1912,2025-09-17 16:00:00+05:30,11.440978,192.72435,18.254698,192.5288
1913,2025-09-17 17:00:00+05:30,8.477216,183.65215,15.763107,186.55685
1914,2025-09-17 18:00:00+05:30,7.42159,194.03627,16.029097,192.31943
1915,2025-09-17 19:00:00+05:30,7.040739,175.60138,15.517629,183.99083
1916,2025-09-17 20:00:00+05:30,5.815978,158.19853,13.917154,174.80566
1917,2025-09-17 21:00:00+05:30,5.5567255,155.09526,13.849476,171.02745
1918,2025-09-17 22:00:00+05:30,6.638072,167.4712,15.664136,178.68312
1919,2025-09-17 23:00:00+05:30,7.1661706,168.40785,16.563911,178.75467
1920,2025-09-18 00:00:00+05:30,6.898956,172.50424,16.02101,180.64374
1921,2025-09-18 01:00:00+05:30,6.849467,183.01273,15.683776,189.24603
1922,2025-09-18 02:00:00+05:30,7.9383874,183.90042,17.01738,190.359
1923,2025-09-18 03:00:00+05:30,7.02,180.0,15.655862,188.59583
1924,2025-09-18 04:00:00+05:30,7.562142,181.36389,16.068466,189.6733
1925,2025-09-18 05:00:00+05:30,5.950899,176.53185,13.701299,189.8335
1926,2025-09-18 06:00:00+05:30,6.603817,197.44728,12.810386,199.70807
1927,2025-09-18 07:00:00+05:30,2.8460498,161.56496,5.920878,199.53674
1928,2025-09-18 08:00:00+05:30,2.9024127,330.25522,2.52,360.0
1929,2025-09-18 09:00:00+05:30,9.9,360.0,12.964998,1.5911111
1930,2025-09-18 10:00:00+05:30,3.1072817,10.007925,3.6402748,8.530692
1931,2025-09-18 11:00:00+05:30,4.5536795,288.43503,5.8631387,287.87878
1932,2025-09-18 12:00:00+05:30,4.14,270.0,5.0432134,267.95465
1933,2025-09-18 13:00:00+05:30,4.412754,258.23172,5.3305535,258.31067
1934,2025-09-18 14:00:00+05:30,4.072935,224.9999,4.965521,223.53127
1935,2025-09-18 15:00:00+05:30,5.7204895,204.14554,7.0843205,207.21602
1936,2025-09-18 16:00:00+05:30,12.081473,204.65588,16.38,202.6199
1937,2025-09-18 17:00:00+05:30,2.995797,237.26477,7.056826,217.74687
1938,2025-09-18 18:00:00+05:30,2.968636,345.9637,5.728979,316.27295
1939,2025-09-18 19:00:00+05:30,3.2048087,38.157276,5.4744864,9.462261
1940,2025-09-18 20:00:00+05:30,2.9301877,79.380394,7.995323,58.81509
1941,2025-09-18 21:00:00+05:30,7.9567327,142.35231,13.874019,157.0942
1942,2025-09-18 22:00:00+05:30,11.032987,151.76265,19.33639,151.0491
1943,2025-09-18 23:00:00+05:30,5.48631,131.00899,12.616702,137.89134
1944,2025-09-19 00:00:00+05:30,4.072935,135.0001,11.282711,146.05637
1945,2025-09-19 01:00:00+05:30,4.73506,171.25392,12.0720825,177.43628
1946,2025-09-19 02:00:00+05:30,4.5891175,168.69011,11.375658,175.46231
1947,2025-09-19 03:00:00+05:30,4.060985,192.80426,10.837435,191.49654
1948,2025-09-19 04:00:00+05:30,3.148714,210.96368,8.777654,208.14151
1949,2025-09-19 05:00:00+05:30,1.0948973,189.46225,5.495161,211.60745
1950,2025-09-19 06:00:00+05:30,3.3092597,22.380184,3.3043609,330.64233
1951,2025-09-19 07:00:00+05:30,6.66,90.0,8.281956,88.75467
1952,2025-09-19 08:00:00+05:30,7.0015144,107.96923,8.936777,108.79998
1953,2025-09-19 09:00:00+05:30,8.513448,103.44863,10.699028,102.63336
1954,2025-09-19 10:00:00+05:30,1.609969,243.43501,1.609969,243.43501
1955,2025-09-19 11:00:00+05:30,6.8777895,227.12111,8.274128,225.8813
1956,2025-09-19 12:00:00+05:30,2.6999998,180.0,3.2599385,173.6599
1957,2025-09-19 13:00:00+05:30,2.5455842,188.13002,3.0811036,186.70975
1958,2025-09-19 14:00:00+05:30,5.7964473,205.76927,7.0038276,205.90645
1959,2025-09-19 15:00:00+05:30,5.8769383,207.3498,7.570707,208.39293
1960,2025-09-19 16:00:00+05:30,7.3997297,228.94528,10.486448,230.57222
1961,2025-09-19 17:00:00+05:30,4.7110505,223.45189,10.97262,228.99101
1962,2025-09-19 18:00:00+05:30,2.0523157,285.25516,6.21717,292.1095
1963,2025-09-19 19:00:00+05:30,2.19718,325.0079,7.120815,339.27435
1964,2025-09-19 20:00:00+05:30,0.25455844,224.9999,4.1556225,17.650223
1965,2025-09-19 21:00:00+05:30,1.835647,168.69011,4.8733153,94.23632
1966,2025-09-19 22:00:00+05:30,1.6981165,302.00534,3.2599385,6.3401003
1967,2025-09-19 23:00:00+05:30,2.7534704,281.3099,3.8268526,318.81415
1968,2025-09-20 00:00:00+05:30,3.381893,295.20108,5.728979,313.72705
1969,2025-09-20 01:00:00+05:30,2.9522195,307.56866,5.315336,331.69934
1970,2025-09-20 02:00:00+05:30,1.3104197,15.945477,4.829907,26.564985
1971,2025-09-20 03:00:00+05:30,2.2768397,18.435053,6.489992,33.6901
1972,2025-09-20 04:00:00+05:30,1.9881649,354.80566,6.12,28.072395
1973,2025-09-20 05:00:00+05:30,2.0124612,333.43503,5.6920996,18.435053
1974,2025-09-20 06:00:00+05:30,5.815978,21.801476,7.42159,14.036275
1975,2025-09-20 07:00:00+05:30,6.0721655,11.976112,8.43699,11.07017
1976,2025-09-20 08:00:00+05:30,7.406295,25.942251,9.659814,26.564985
1977,2025-09-20 09:00:00+05:30,3.0547013,44.999897,3.9477081,46.8476
1978,2025-09-20 10:00:00+05:30,4.1125174,66.80139,4.91634,66.2505
1979,2025-09-20 11:00:00+05:30,1.8532133,60.94549,2.3469129,57.528828
1980,2025-09-20 12:00:00+05:30,0.40249225,116.56499,0.56920993,108.43504
1981,2025-09-20 13:00:00+05:30,1.8,306.86996,2.1674871,311.63345
1982,2025-09-20 14:00:00+05:30,3.4763772,291.25058,4.186693,295.46332
1983,2025-09-20 15:00:00+05:30,6.1226463,245.69547,7.4932766,245.89777
1984,2025-09-20 16:00:00+05:30,6.21717,247.8905,9.059205,249.04414
1985,2025-09-20 17:00:00+05:30,2.5455842,224.9999,6.391901,237.65257
1986,2025-09-20 18:00:00+05:30,3.9763298,185.19434,10.316686,186.00891
1987,2025-09-20 19:00:00+05:30,3.9640884,230.52757,11.448055,216.68982
1988,2025-09-20 20:00:00+05:30,5.0432134,214.82455,12.931218,218.78438
1989,2025-09-20 21:00:00+05:30,6.114703,227.38597,14.480773,235.1246
1990,2025-09-20 22:00:00+05:30,5.3457265,224.9999,12.642357,241.97559
1991,2025-09-20 23:00:00+05:30,4.8466477,254.93146,11.966953,263.08887
1992,2025-09-21 00:00:00+05:30,5.020677,255.4655,12.245294,271.68463
1993,2025-09-21 01:00:00+05:30,3.62243,243.43501,9.208192,274.48453
1994,2025-09-21 02:00:00+05:30,5.195113,284.03625,10.474082,289.0578
1995,2025-09-21 03:00:00+05:30,5.8298883,278.88058,12.835653,292.24908
1996,2025-09-21 04:00:00+05:30,5.4744864,297.4075,12.599998,306.86996
1997,2025-09-21 05:00:00+05:30,4.965521,313.53125,12.007498,319.86456
1998,2025-09-21 06:00:00+05:30,7.841888,350.75397,12.638512,349.33026
1999,2025-09-21 07:00:00+05:30,5.7852573,5.3557334,8.827344,2.3372545
2000,2025-09-21 08:00:00+05:30,4.278551,22.249071,5.9834766,21.161337
2001,2025-09-21 09:00:00+05:30,4.0449967,57.724377,5.3426957,57.380775
2002,2025-09-21 10:00:00+05:30,3.4949677,78.11137,4.412754,78.231735
2003,2025-09-21 11:00:00+05:30,1.9469976,123.6901,2.3469129,122.471176
2004,2025-09-21 12:00:00+05:30,0.0,270.0,0.17999999,90.0
2005,2025-09-21 13:00:00+05:30,1.08,360.0,1.26,360.0
2006,2025-09-21 14:00:00+05:30,2.1674871,311.63345,2.6758924,312.27362
2007,2025-09-21 15:00:00+05:30,3.219938,333.43503,3.8647635,332.24155
2008,2025-09-21 16:00:00+05:30,6.7205353,290.37653,9.499158,297.0505
2009,2025-09-21 17:00:00+05:30,3.710795,230.90614,5.896202,257.66092
2010,2025-09-21 18:00:00+05:30,0.35999998,180.0,1.7076298,288.43503
2011,2025-09-21 19:00:00+05:30,4.1046314,254.74483,8.4042845,260.13425
2012,2025-09-21 20:00:00+05:30,6.090812,124.159744,6.7757506,140.38934
2013,2025-09-21 21:00:00+05:30,2.7475805,238.39255,5.983477,254.29129
2014,2025-09-21 22:00:00+05:30,3.4576871,231.34016,7.6409945,254.98158
2015,2025-09-21 23:00:00+05:30,5.634891,243.43501,10.597094,249.10216
2016,2025-09-22 00:00:00+05:30,11.385622,129.22566,16.069473,131.36696
2017,2025-09-22 01:00:00+05:30,4.0449967,147.72438,4.91634,156.2505
2018,2025-09-22 02:00:00+05:30,1.0182338,135.0001,1.2979984,146.3099
2019,2025-09-22 03:00:00+05:30,1.6981165,302.00534,3.4576871,321.34018
2020,2025-09-22 04:00:00+05:30,2.4482648,306.02747,5.6060677,317.6026
2021,2025-09-22 05:00:00+05:30,2.1897945,350.53775,6.7469993,350.78906
2022,2025-09-22 06:00:00+05:30,2.4482648,323.97253,4.0249224,333.43503
2023,2025-09-22 07:00:00+05:30,2.657668,331.69934,5.154415,335.22488
2024,2025-09-22 08:00:00+05:30,4.1556225,4.969664,5.5916004,3.691312
2025,2025-09-22 09:00:00+05:30,7.056826,37.746864,8.967541,38.480236
2026,2025-09-22 10:00:00+05:30,7.193247,31.701384,9.387651,32.471172
2027,2025-09-22 11:00:00+05:30,6.8138976,12.200457,8.905908,14.036275
2028,2025-09-22 12:00:00+05:30,7.7879906,33.6901,9.835975,34.56259
2029,2025-09-22 13:00:00+05:30,20.844278,53.426876,29.507923,55.43741
2030,2025-09-22 14:00:00+05:30,8.863972,66.03751,12.20023,68.35551
2031,2025-09-22 15:00:00+05:30,5.0432134,87.95464,6.482499,88.4089
2032,2025-09-22 16:00:00+05:30,0.71999997,180.0,0.9,180.0
2033,2025-09-22 17:00:00+05:30,1.9469976,56.3099,3.244996,56.3099
2034,2025-09-22 18:00:00+05:30,1.2074767,206.56499,4.3536186,209.7448
2035,2025-09-22 19:00:00+05:30,5.3457265,224.9999,10.97262,228.99101
2036,2025-09-22 20:00:00+05:30,4.6452556,215.53777,10.837435,228.36655
2037,2025-09-22 21:00:00+05:30,2.52,180.0,6.544677,211.50421
2038,2025-09-22 22:00:00+05:30,1.1384199,71.564964,0.17999999,270.0
2039,2025-09-22 23:00:00+05:30,3.4576871,51.34017,6.7565966,48.2398
2040,2025-09-23 00:00:00+05:30,5.2478566,84.093956,9.255571,76.50425
2041,2025-09-23 01:00:00+05:30,3.148714,30.963696,10.120099,38.500687
2042,2025-09-23 02:00:00+05:30,2.0991426,300.96368,6.206738,16.858482
2043,2025-09-23 03:00:00+05:30,7.256032,7.12493,14.206323,22.340693
2044,2025-09-23 04:00:00+05:30,7.072878,14.743609,15.858398,26.274157
2045,2025-09-23 05:00:00+05:30,8.790563,47.489597,17.630814,49.969803
2046,2025-09-23 06:00:00+05:30,8.435069,50.194473,13.281023,57.17146
2047,2025-09-23 07:00:00+05:30,10.703569,70.346085,15.486278,70.30129
2048,2025-09-23 08:00:00+05:30,9.72,90.0,12.78,90.0
2049,2025-09-23 09:00:00+05:30,10.538843,97.853226,13.976394,97.3995
2050,2025-09-23 10:00:00+05:30,10.8029995,100.56097,14.056144,99.58287
2051,2025-09-23 11:00:00+05:30,10.041354,104.5345,12.74954,103.05525
2052,2025-09-23 12:00:00+05:30,9.901636,117.030785,12.638513,116.20005
2053,2025-09-23 13:00:00+05:30,9.446141,120.96369,12.440851,121.39022
2054,2025-09-23 14:00:00+05:30,8.297589,130.60121,11.019764,128.36752
2055,2025-09-23 15:00:00+05:30,7.7734165,132.18437,10.583326,131.55252
2056,2025-09-23 16:00:00+05:30,4.4565907,133.36346,7.7650757,135.9391
2057,2025-09-23 17:00:00+05:30,1.9134263,131.18582,6.3690495,137.29063
2058,2025-09-23 18:00:00+05:30,3.0652895,3.3664,5.04,360.0
2059,2025-09-23 19:00:00+05:30,7.0591216,340.6409,11.659777,8.8805895
2060,2025-09-23 20:00:00+05:30,2.4216523,311.98712,2.7534704,11.3098955
2061,2025-09-23 21:00:00+05:30,1.2074767,333.43503,1.7076298,71.564964
2062,2025-09-23 22:00:00+05:30,2.8116899,39.805527,5.4744864,80.53775
2063,2025-09-23 23:00:00+05:30,3.62243,63.435013,7.6367526,81.86999
2064,2025-09-24 00:00:00+05:30,2.2768397,71.564964,6.122647,91.68465
2065,2025-09-24 01:00:00+05:30,1.8089776,95.7105,5.4833565,113.19862
2066,2025-09-24 02:00:00+05:30,1.4512063,60.255207,4.060985,102.80426
2067,2025-09-24 03:00:00+05:30,1.2727921,44.999897,3.2846913,99.46225
2068,2025-09-24 04:00:00+05:30,3.189608,73.61038,6.1858225,98.3658
2069,2025-09-24 05:00:00+05:30,3.8183763,81.86999,9.801326,97.38595
2070,2025-09-24 06:00:00+05:30,6.0721655,101.97612,9.781473,102.75753
2071,2025-09-24 07:00:00+05:30,6.638072,102.5288,9.215226,102.40741
2072,2025-09-24 08:00:00+05:30,8.297589,102.5288,10.837435,101.49654
2073,2025-09-24 09:00:00+05:30,10.137692,106.50443,13.327294,106.47696
2074,2025-09-24 10:00:00+05:30,12.016938,106.53492,15.827721,107.19863
2075,2025-09-24 11:00:00+05:30,10.950452,115.301346,14.420235,114.32556
2076,2025-09-24 12:00:00+05:30,12.906138,129.90784,17.00881,129.41737
2077,2025-09-24 13:00:00+05:30,5.8603754,137.4896,7.8954163,136.8476
2078,2025-09-24 14:00:00+05:30,4.3349743,94.76356,5.4477882,97.59455
2079,2025-09-24 15:00:00+05:30,3.536439,104.743614,4.5536795,108.43504
2080,2025-09-24 16:00:00+05:30,9.3876505,85.60138,12.841963,84.369415
2081,2025-09-24 17:00:00+05:30,3.7971036,95.44024,8.557102,104.62092
2082,2025-09-24 18:00:00+05:30,3.84796,10.784258,6.4624763,12.875007
2083,2025-09-24 19:00:00+05:30,2.2768397,18.435053,5.9617786,28.886486
2084,2025-09-24 20:00:00+05:30,2.0991426,59.03632,6.341009,55.407658
2085,2025-09-24 21:00:00+05:30,2.0991426,120.96369,4.8733153,94.23632
2086,2025-09-24 22:00:00+05:30,3.2846913,99.46225,6.66,90.0
2087,2025-09-24 23:00:00+05:30,4.599695,59.420856,10.730778,67.306175
2088,2025-09-25 00:00:00+05:30,5.506941,78.6901,13.379461,84.596306
2089,2025-09-25 01:00:00+05:30,5.5829024,88.15243,13.722565,94.5139
2090,2025-09-25 02:00:00+05:30,4.0249224,79.69521,11.165805,91.84757
2091,2025-09-25 03:00:00+05:30,5.7852573,95.355736,13.822546,98.235535
2092,2025-09-25 04:00:00+05:30,4.412754,101.768265,11.966954,105.7087
2093,2025-09-25 05:00:00+05:30,2.5772076,114.775116,8.373386,115.46331
2094,2025-09-25 06:00:00+05:30,3.244996,56.3099,6.482499,91.59111
2095,2025-09-25 07:00:00+05:30,3.219938,26.564985,3.9966483,35.837746
2096,2025-09-25 08:00:00+05:30,3.9477081,24.227736,4.913044,28.442837
2097,2025-09-25 09:00:00+05:30,5.257109,38.047092,6.7757506,39.61066
2098,2025-09-25 10:00:00+05:30,7.193247,58.29862,8.891343,58.240574
2099,2025-09-25 11:00:00+05:30,6.21717,67.8905,7.823272,66.97448
2100,2025-09-25 12:00:00+05:30,7.6388745,34.43906,9.437563,34.90257
2101,2025-09-25 13:00:00+05:30,4.080882,48.57643,5.8603754,42.510403
2102,2025-09-25 14:00:00+05:30,1.1384199,161.56496,1.2074767,153.43501
2103,2025-09-25 15:00:00+05:30,0.5091169,135.0001,0.742159,75.96373
2104,2025-09-25 16:00:00+05:30,0.9,233.13002,1.2727921,278.13
2105,2025-09-25 17:00:00+05:30,2.52,180.0,3.710795,202.8337
2106,2025-09-25 18:00:00+05:30,4.6730714,285.6423,11.144021,301.1224
2107,2025-09-25 19:00:00+05:30,5.318383,293.9625,11.203464,316.30188
2108,2025-09-25 20:00:00+05:30,5.1481256,323.53067,13.605189,342.28412
2109,2025-09-25 21:00:00+05:30,10.299397,185.01303,14.205182,188.74608
2110,2025-09-25 22:00:00+05:30,4.91634,246.25049,4.6102495,231.34016
2111,2025-09-25 23:00:00+05:30,8.415842,221.53168,15.292585,222.13753
2112,2025-09-26 00:00:00+05:30,5.1544156,282.09473,10.272623,281.113
2113,2025-09-26 01:00:00+05:30,2.5772076,294.77512,7.001514,313.95847
2114,2025-09-26 02:00:00+05:30,0.9,323.13,5.2478566,5.9060555
2115,2025-09-26 03:00:00+05:30,2.1897945,9.462248,7.8087645,25.974339
2116,2025-09-26 04:00:00+05:30,1.9134263,48.814175,8.320986,51.146618
2117,2025-09-26 05:00:00+05:30,3.4388947,47.12111,9.257321,63.435013
2118,2025-09-26 06:00:00+05:30,7.486788,99.68872,15.410774,104.198586
2119,2025-09-26 07:00:00+05:30,5.1197267,79.87539,9.208192,85.51548
2120,2025-09-26 08:00:00+05:30,6.9527545,68.74943,9.734987,70.559875
2121,2025-09-26 09:00:00+05:30,12.496719,101.63361,16.63126,99.97199
2122,2025-09-26 10:00:00+05:30,12.585848,106.620834,16.766108,104.93147
2123,2025-09-26 11:00:00+05:30,14.689589,107.10281,19.166409,104.688835
2124,2025-09-26 12:00:00+05:30,7.256032,133.99501,9.703319,130.48593
2125,2025-09-26 13:00:00+05:30,6.4924874,133.87679,8.574123,129.0355
2126,2025-09-26 14:00:00+05:30,9.187056,124.62422,11.681987,123.690094
2127,2025-09-26 15:00:00+05:30,13.306615,120.033195,18.553972,120.296364
2128,2025-09-26 16:00:00+05:30,7.1684303,141.1155,10.948973,136.33215
2129,2025-09-26 17:00:00+05:30,2.6999998,143.13002,8.688613,129.95749
2130,2025-09-26 18:00:00+05:30,7.3799996,102.680374,18.33616,103.627014
2131,2025-09-26 19:00:00+05:30,9.375563,93.301796,21.434364,97.72173
2132,2025-09-26 20:00:00+05:30,11.620809,106.18928,23.263912,111.801476
2133,2025-09-26 21:00:00+05:30,12.267763,112.42591,23.83624,115.01687
2134,2025-09-26 22:00:00+05:30,11.7827835,108.71183,22.59699,112.47948
2135,2025-09-26 23:00:00+05:30,12.049249,103.828674,22.883373,107.86495
2136,2025-09-27 00:00:00+05:30,12.181625,108.970505,22.862833,111.717705
2137,2025-09-27 01:00:00+05:30,11.063778,111.97456,21.109173,114.16091
2138,2025-09-27 02:00:00+05:30,13.672893,106.04907,24.76227,109.09359
2139,2025-09-27 03:00:00+05:30,11.203464,113.682106,21.42227,114.84236
2140,2025-09-27 04:00:00+05:30,12.189602,106.29412,22.437273,110.17955
2141,2025-09-27 05:00:00+05:30,13.4903965,108.676796,24.334642,111.25058
2142,2025-09-27 06:00:00+05:30,15.2501545,120.499756,23.678722,121.63599
2143,2025-09-27 07:00:00+05:30,17.0763,124.69522,24.774696,125.537766
2144,2025-09-27 08:00:00+05:30,18.072752,123.21526,25.36212,123.12616
2145,2025-09-27 09:00:00+05:30,18.360882,127.43168,25.308409,127.195984
2146,2025-09-27 10:00:00+05:30,16.596157,126.62142,21.782974,125.923035
2147,2025-09-27 11:00:00+05:30,13.684735,125.36255,17.623463,124.17704
2148,2025-09-27 12:00:00+05:30,13.369771,133.36346,17.571909,133.33977
2149,2025-09-27 13:00:00+05:30,13.8037815,192.04256,18.606289,192.28831
2150,2025-09-27 14:00:00+05:30,11.782784,145.58157,16.427402,145.26508
2151,2025-09-27 15:00:00+05:30,10.310402,135.70723,14.000713,135.0001
2152,2025-09-27 16:00:00+05:30,9.044888,137.41954,12.984975,136.12321
2153,2025-09-27 17:00:00+05:30,7.42159,129.09386,14.664202,131.51663
2154,2025-09-27 18:00:00+05:30,7.256032,119.74479,17.179394,125.18883
2155,2025-09-27 19:00:00+05:30,9.430695,113.62939,19.581154,119.15683
2156,2025-09-27 20:00:00+05:30,7.973005,118.30067,17.57744,124.992096
2157,2025-09-27 21:00:00+05:30,6.7853074,111.801476,16.375053,123.34073
2158,2025-09-27 22:00:00+05:30,7.587806,112.30626,17.287498,121.372955
2159,2025-09-27 23:00:00+05:30,7.120815,110.72565,16.67892,119.05451
2160,2025-09-28 00:00:00+05:30,6.8541956,113.198616,16.053335,120.3026
2161,2025-09-28 01:00:00+05:30,5.815978,111.801476,14.539945,121.328636
2162,2025-09-28 02:00:00+05:30,5.506941,101.3099,13.451914,114.50739
2163,2025-09-28 03:00:00+05:30,5.5829024,110.77233,13.619471,119.275154
2164,2025-09-28 04:00:00+05:30,5.068846,106.50443,12.886039,118.354866
2165,2025-09-28 05:00:00+05:30,3.7585104,106.699326,10.717182,119.14798
2166,2025-09-28 06:00:00+05:30,4.5322843,96.84268,10.484903,124.50858
2167,2025-09-28 07:00:00+05:30,5.0911684,81.86999,6.6624317,91.54813
2168,2025-09-28 08:00:00+05:30,6.889557,109.85531,8.958504,112.4428
2169,2025-09-28 09:00:00+05:30,7.8625183,105.945465,10.1902895,107.47486
2170,2025-09-28 10:00:00+05:30,8.613709,100.84026,11.050591,102.22511
2171,2025-09-28 11:00:00+05:30,9.360001,112.61991,11.966953,111.16133
2172,2025-09-28 12:00:00+05:30,9.361731,127.971664,11.7,126.86999
2173,2025-09-28 13:00:00+05:30,7.9567327,142.35231,9.957108,139.39879
2174,2025-09-28 14:00:00+05:30,5.7402787,138.81418,7.127636,135.0001
2175,2025-09-28 15:00:00+05:30,7.353611,158.45895,9.761578,157.21756
2176,2025-09-28 16:00:00+05:30,6.151683,159.44388,11.726277,162.12122
2177,2025-09-28 17:00:00+05:30,6.391901,170.27249,14.205182,171.25392
2178,2025-09-28 18:00:00+05:30,5.297018,99.78234,10.874741,114.44395
2179,2025-09-28 19:00:00+05:30,4.32,90.0,9.854075,99.46225
2180,2025-09-28 20:00:00+05:30,4.293669,123.02387,9.83268,113.749504
2181,2025-09-28 21:00:00+05:30,5.2694216,172.14677,12.20023,158.3555
2182,2025-09-28 22:00:00+05:30,6.5049515,194.4208,15.367616,193.54796
2183,2025-09-28 23:00:00+05:30,5.8104043,196.18927,14.410121,200.47237
2184,2025-09-29 00:00:00+05:30,5.00128,210.25635,13.184308,212.17119
2185,2025-09-29 01:00:00+05:30,4.724786,229.63554,12.85205,232.96953
2186,2025-09-29 02:00:00+05:30,5.068846,253.49556,12.466867,252.3498
2187,2025-09-29 03:00:00+05:30,4.8633323,267.87894,12.791403,267.58054
2188,2025-09-29 04:00:00+05:30,4.6938252,265.60138,12.601285,269.18155
2189,2025-09-29 05:00:00+05:30,3.6179552,264.2895,10.266314,272.00952
2190,2025-09-29 06:00:00+05:30,4.3573384,321.70978,8.936778,304.33026
2191,2025-09-29 07:00:00+05:30,4.755544,330.5242,7.1389914,326.3099
2192,2025-09-29 08:00:00+05:30,4.327493,343.0724,5.414979,338.5522
2193,2025-09-29 09:00:00+05:30,3.536439,14.743609,4.2366967,12.26477
2194,2025-09-29 10:00:00+05:30,3.8521678,37.405437,4.542994,33.6901
2195,2025-09-29 11:00:00+05:30,4.613762,69.44388,5.414979,68.5522
2196,2025-09-29 12:00:00+05:30,4.412754,78.231735,5.195113,75.96373
2197,2025-09-29 13:00:00+05:30,4.503598,92.29056,5.0432134,92.045364
2198,2025-09-29 14:00:00+05:30,3.6447225,122.90524,4.2671766,117.64589
2199,2025-09-29 15:00:00+05:30,4.143911,235.6196,4.942631,236.88864
2200,2025-09-29 16:00:00+05:30,4.6277857,256.50424,8.863972,257.0926
2201,2025-09-29 17:00:00+05:30,4.5536795,251.56496,10.018743,252.21602
2202,2025-09-29 18:00:00+05:30,1.3708391,336.8014,3.148714,329.03632
2203,2025-09-29 19:00:00+05:30,2.36753,171.25392,5.4477882,187.59456
2204,2025-09-29 20:00:00+05:30,1.8089776,174.2895,5.896202,192.33908
2205,2025-09-29 21:00:00+05:30,1.484318,255.96373,5.3699164,256.42953
2206,2025-09-29 22:00:00+05:30,1.2727921,261.87,4.73506,278.74606
2207,2025-09-29 23:00:00+05:30,1.6299692,263.6599,5.3699164,283.57043
2208,2025-09-30 00:00:00+05:30,2.7059932,273.814,6.8138976,282.20044
2209,2025-09-30 01:00:00+05:30,2.9024127,277.1249,7.1661706,281.59213
2210,2025-09-30 02:00:00+05:30,4.0249224,280.30478,9.12513,284.85864
2211,2025-09-30 03:00:00+05:30,3.9844694,288.43503,9.82114,296.09537
2212,2025-09-30 04:00:00+05:30,3.7971036,275.44025,9.194106,293.05133
2213,2025-09-30 05:00:00+05:30,3.536439,255.2564,8.338489,283.7363
2214,2025-09-30 06:00:00+05:30,4.445672,248.6293,7.0774574,262.69434
2215,2025-09-30 07:00:00+05:30,1.4399999,180.0,1.781909,224.9999
2216,2025-09-30 08:00:00+05:30,0.9,360.0,1.5379207,339.44388
2217,2025-09-30 09:00:00+05:30,4.2136917,340.0168,5.414979,338.5522
2218,2025-09-30 10:00:00+05:30,5.2416787,15.945477,6.601363,11.003508
2219,2025-09-30 11:00:00+05:30,5.7176566,28.178495,6.8541956,23.198618
2220,2025-09-30 12:00:00+05:30,4.599695,30.579157,5.4744864,27.40749
2221,2025-09-30 13:00:00+05:30,4.3832865,19.179106,5.068846,16.504446
2222,2025-09-30 14:00:00+05:30,0.8049845,333.43503,1.2727921,315.0001
2223,2025-09-30 15:00:00+05:30,4.198285,239.0363,5.2323985,243.43501
2224,2025-09-30 16:00:00+05:30,3.244996,273.17978,4.913044,278.42688
2225,2025-09-30 17:00:00+05:30,0.25455844,44.999897,1.9134263,318.81415
2226,2025-09-30 18:00:00+05:30,0.9,126.86999,0.56920993,108.43504
2227,2025-09-30 19:00:00+05:30,0.6489992,146.3099,0.9178235,191.30989
2228,2025-09-30 20:00:00+05:30,1.1525624,218.65984,3.4152596,251.56496
2229,2025-09-30 21:00:00+05:30,3.8141315,250.70985,8.287822,267.5105
2230,2025-09-30 22:00:00+05:30,4.952453,250.9064,12.125642,264.0356
2231,2025-09-30 23:00:00+05:30,4.5536795,251.56496,11.375658,265.4623
2232,2025-10-01 00:00:00+05:30,4.8466477,254.93146,12.825552,265.16968
2233,2025-10-01 01:00:00+05:30,5.0432134,235.17543,12.0694,252.64589
2234,2025-10-01 02:00:00+05:30,20.051224,139.73352,31.574484,142.41142
2235,2025-10-01 03:00:00+05:30,7.889259,242.8504,14.986553,245.89777
2236,2025-10-01 04:00:00+05:30,8.709098,288.06055,16.940096,284.7746
2237,2025-10-01 05:00:00+05:30,4.846648,238.67136,13.6063795,242.41806
2238,2025-10-01 06:00:00+05:30,3.244996,356.82022,4.965521,313.53125
2239,2025-10-01 07:00:00+05:30,3.2846913,99.46225,3.8183763,98.13002
2240,2025-10-01 08:00:00+05:30,5.1544156,102.09474,5.937272,104.03627
2241,2025-10-01 09:00:00+05:30,11.448055,143.31018,14.589996,141.009
2242,2025-10-01 10:00:00+05:30,8.4963045,143.61555,10.766949,141.78893
2243,2025-10-01 11:00:00+05:30,10.546525,117.439644,14.008811,117.55273
2244,2025-10-01 12:00:00+05:30,8.854829,116.56499,11.511559,116.96564
2245,2025-10-01 13:00:00+05:30,10.706596,116.99576,13.849477,117.89718
2246,2025-10-01 14:00:00+05:30,11.755254,101.48196,15.073858,101.71245
2247,2025-10-01 15:00:00+05:30,6.5248446,155.55606,9.437563,145.09743
2248,2025-10-01 16:00:00+05:30,4.3832865,109.17911,7.6579366,113.55228
2249,2025-10-01 17:00:00+05:30,5.2939587,107.818985,11.631956,111.801476
2250,2025-10-01 18:00:00+05:30,5.195113,75.96373,12.193588,98.48886
2251,2025-10-01 19:00:00+05:30,3.244996,86.82024,9.473541,104.300316
2252,2025-10-01 20:00:00+05:30,8.863972,113.962494,17.47484,114.98122
2253,2025-10-01 21:00:00+05:30,1.835647,101.3099,7.0407386,122.471176
2254,2025-10-01 22:00:00+05:30,4.080882,48.57643,10.8955765,82.40546
2255,2025-10-01 23:00:00+05:30,7.386582,43.02507,14.508715,52.561356
2256,2025-10-02 00:00:00+05:30,6.522361,50.59937,13.125196,64.84074
2257,2025-10-02 01:00:00+05:30,9.3962755,73.300674,16.459913,76.723595
2258,2025-10-02 02:00:00+05:30,10.32924,67.4569,18.331741,70.49747
2259,2025-10-02 03:00:00+05:30,14.650938,79.380394,24.472717,80.26063
2260,2025-10-02 04:00:00+05:30,14.830076,84.4279,24.559942,85.37594
2261,2025-10-02 05:00:00+05:30,11.874544,75.96373,21.697279,76.07902
2262,2025-10-02 06:00:00+05:30,13.878688,87.02634,23.040703,90.44761
2263,2025-10-02 07:00:00+05:30,12.620554,86.729576,19.44,90.0
2264,2025-10-02 08:00:00+05:30,16.840345,100.469124,24.149532,100.30479
2265,2025-10-02 09:00:00+05:30,15.192682,103.706985,21.34803,104.15344
2266,2025-10-02 10:00:00+05:30,14.897651,101.85298,19.875946,102.02226
2267,2025-10-02 11:00:00+05:30,11.659777,98.88058,15.713702,99.89386
2268,2025-10-02 12:00:00+05:30,10.717182,119.14798,14.98331,118.72023
2269,2025-10-02 13:00:00+05:30,12.043869,99.46225,16.486465,100.696465
2270,2025-10-02 14:00:00+05:30,15.745627,100.53913,21.188072,99.78234
2271,2025-10-02 15:00:00+05:30,12.303366,110.55613,18.919704,111.19412
2272,2025-10-02 16:00:00+05:30,14.761098,105.56157,24.948027,106.34296
2273,2025-10-02 17:00:00+05:30,13.905509,111.25058,24.967499,114.71742
2274,2025-10-02 18:00:00+05:30,12.193588,98.48886,22.789024,103.706985
2275,2025-10-02 19:00:00+05:30,12.93247,98.80671,23.356344,103.822075
2276,2025-10-02 20:00:00+05:30,13.41453,101.61146,23.464987,106.48884
2277,2025-10-02 21:00:00+05:30,15.815435,101.821465,26.807312,104.78277
2278,2025-10-02 22:00:00+05:30,14.332341,101.59215,24.975283,105.03787
2279,2025-10-02 23:00:00+05:30,11.341428,90.90936,20.852827,96.94089
2280,2025-10-03 00:00:00+05:30,14.887859,104.70835,25.729298,107.92801
2281,2025-10-03 01:00:00+05:30,14.857362,109.09359,25.639734,110.97983
2282,2025-10-03 02:00:00+05:30,14.2336645,99.46225,24.11261,102.064865
2283,2025-10-03 03:00:00+05:30,13.767352,101.3099,24.361258,104.549675
2284,2025-10-03 04:00:00+05:30,14.759999,102.680374,24.932436,102.93261
2285,2025-10-03 05:00:00+05:30,12.472065,110.26578,23.05476,109.142365
2286,2025-10-03 06:00:00+05:30,14.465102,106.631035,23.933908,105.7087
2287,2025-10-03 07:00:00+05:30,15.991659,101.68935,26.459389,104.98169
2288,2025-10-03 08:00:00+05:30,16.75064,98.65246,26.767399,102.82134
2289,2025-10-03 09:00:00+05:30,17.441433,121.0651,25.530193,121.44866
2290,2025-10-03 10:00:00+05:30,17.69593,133.76367,25.476198,132.70937
2291,2025-10-03 11:00:00+05:30,12.984975,133.87679,17.946821,135.4063
2292,2025-10-03 12:00:00+05:30,14.896563,136.46873,19.881649,137.93575
2293,2025-10-03 13:00:00+05:30,12.638512,107.402794,17.247156,108.24595
2294,2025-10-03 14:00:00+05:30,10.594036,99.78234,14.668619,104.2068
2295,2025-10-03 15:00:00+05:30,16.431347,132.78032,24.946726,135.0001
2296,2025-10-03 16:00:00+05:30,6.279395,117.29949,12.204212,127.208
2297,2025-10-03 17:00:00+05:30,5.5916004,86.308685,13.577776,104.58897
2298,2025-10-03 18:00:00+05:30,10.365251,110.32322,19.513195,119.87591
2299,2025-10-03 19:00:00+05:30,10.1376915,96.11541,19.734436,104.79681
2300,2025-10-03 20:00:00+05:30,10.172787,103.298584,20.20896,109.241974
2301,2025-10-03 21:00:00+05:30,10.234705,113.86018,20.298542,118.61037
2302,2025-10-03 22:00:00+05:30,8.211235,116.00329,18.06199,119.886444
2303,2025-10-03 23:00:00+05:30,14.081477,122.471176,25.452026,126.95103
2304,2025-10-04 00:00:00+05:30,12.351987,133.22856,22.402588,135.65099
2305,2025-10-04 01:00:00+05:30,12.221457,136.1934,22.355536,139.89915
2306,2025-10-04 02:00:00+05:30,10.601679,139.82083,21.226265,140.50551
2307,2025-10-04 03:00:00+05:30,12.996201,126.55257,23.17041,136.25897
2308,2025-10-04 04:00:00+05:30,11.556504,142.59457,21.426805,144.57414
2309,2025-10-04 05:00:00+05:30,14.572221,115.61544,26.97899,118.27477
2310,2025-10-04 06:00:00+05:30,15.4642935,129.80553,25.976189,133.31535
2311,2025-10-04 07:00:00+05:30,16.34832,159.37004,23.853226,160.60783
2312,2025-10-04 08:00:00+05:30,14.974658,154.35904,21.824583,155.12587
2313,2025-10-04 09:00:00+05:30,12.136325,144.6598,17.0763,145.30478
2314,2025-10-04 10:00:00+05:30,12.606426,133.26433,16.800856,135.0001
2315,2025-10-04 11:00:00+05:30,15.891054,170.21767,20.545246,168.887
2316,2025-10-04 12:00:00+05:30,8.854829,153.43501,13.202726,154.1337
2317,2025-10-04 13:00:00+05:30,14.003028,136.04153,22.939232,141.69122
2318,2025-10-04 14:00:00+05:30,13.032298,147.40742,19.179081,150.7888
2319,2025-10-04 15:00:00+05:30,12.791403,140.71062,18.9,143.13002
2320,2025-10-04 16:00:00+05:30,13.110376,134.44382,22.037323,137.3171
2321,2025-10-04 17:00:00+05:30,12.932471,145.2039,24.327318,148.30922
2322,2025-10-04 18:00:00+05:30,16.332458,148.06158,28.66468,154.72232
2323,2025-10-04 19:00:00+05:30,11.213581,161.27412,22.104116,163.92636
2324,2025-10-04 20:00:00+05:30,14.658676,155.32315,26.354483,161.6887
2325,2025-10-04 21:00:00+05:30,14.687382,160.67673,26.285547,164.91689
2326,2025-10-04 22:00:00+05:30,15.542662,166.60748,27.323263,168.9862
2327,2025-10-04 23:00:00+05:30,18.435726,170.44579,30.653952,172.91681
2328,2025-10-05 00:00:00+05:30,17.11515,182.41098,28.269169,181.45941
2329,2025-10-05 01:00:00+05:30,13.576582,186.08844,23.734076,186.53204
2330,2025-10-05 02:00:00+05:30,13.170786,183.91817,23.242315,187.56523
2331,2025-10-05 03:00:00+05:30,15.287288,192.2361,26.936325,194.31487
2332,2025-10-05 04:00:00+05:30,10.120099,218.50067,17.786331,215.9422
2333,2025-10-05 05:00:00+05:30,14.068817,183.66771,25.153671,189.05782
2334,2025-10-05 06:00:00+05:30,15.215058,190.91109,25.14852,193.24052
2335,2025-10-05 07:00:00+05:30,15.206538,196.50444,23.006226,200.13638
2336,2025-10-05 08:00:00+05:30,12.57426,193.24052,17.902534,195.15411
2337,2025-10-05 09:00:00+05:30,12.442153,194.23732,16.59225,195.09163
2338,2025-10-05 10:00:00+05:30,9.913082,209.35765,12.74954,210.5475
2339,2025-10-05 11:00:00+05:30,10.429132,201.25058,13.169556,201.65605
2340,2025-10-05 12:00:00+05:30,6.623413,227.20262,8.181589,230.35587
2341,2025-10-05 13:00:00+05:30,5.020677,255.4655,6.28713,256.75946
2342,2025-10-05 14:00:00+05:30,5.509882,308.36752,6.854195,299.93143
2343,2025-10-05 15:00:00+05:30,14.796175,216.59119,21.786694,218.2902
2344,2025-10-05 16:00:00+05:30,4.7110505,223.45189,9.354806,239.98172
2345,2025-10-05 17:00:00+05:30,7.814986,187.94337,13.733186,190.57347
2346,2025-10-05 18:00:00+05:30,0.76367533,44.999897,4.514377,274.57382
2347,2025-10-05 19:00:00+05:30,4.6277857,103.49575,4.6800003,112.61991
2348,2025-10-05 20:00:00+05:30,7.256032,133.99501,12.229406,137.38599
2349,2025-10-05 21:00:00+05:30,6.544677,148.49579,12.659004,150.15416
2350,2025-10-05 22:00:00+05:30,3.438895,173.99109,9.354806,168.90631
2351,2025-10-05 23:00:00+05:30,2.5772078,192.09474,7.256032,187.12492
2352,2025-10-06 00:00:00+05:30,2.8856194,176.42374,7.7420926,178.66782
2353,2025-10-06 01:00:00+05:30,3.7585104,163.30067,9.9587345,173.77426
2354,2025-10-06 02:00:00+05:30,5.2694216,172.14677,11.542478,176.42374
2355,2025-10-06 03:00:00+05:30,5.9834766,186.91113,12.193588,188.48886
2356,2025-10-06 04:00:00+05:30,5.8631387,197.87878,12.410866,199.48622
2357,2025-10-06 05:00:00+05:30,3.9844694,198.43504,9.335737,213.9965
2358,2025-10-06 06:00:00+05:30,5.257109,218.04709,7.145796,220.91429
2359,2025-10-06 07:00:00+05:30,4.942631,213.11136,6.544677,211.50421
2360,2025-10-06 08:00:00+05:30,4.514377,203.49858,5.815978,201.80147
2361,2025-10-06 09:00:00+05:30,4.4274144,206.56499,5.4744864,207.40749
2362,2025-10-06 10:00:00+05:30,4.669604,207.55272,5.8048253,209.7448
2363,2025-10-06 11:00:00+05:30,6.601363,244.1337,8.373386,244.5367
2364,2025-10-06 12:00:00+05:30,5.9834766,248.83867,7.458606,250.25307
2365,2025-10-06 13:00:00+05:30,5.5916004,266.3087,7.040739,265.60138
2366,2025-10-06 14:00:00+05:30,7.7983837,288.85324,10.24578,288.43503
2367,2025-10-06 15:00:00+05:30,5.1575575,299.24872,7.0843205,297.21603
2368,2025-10-06 16:00:00+05:30,1.3104197,15.945477,2.3051248,321.34018
2369,2025-10-06 17:00:00+05:30,4.8633323,87.87895,8.32877,83.796646
2370,2025-10-06 18:00:00+05:30,4.471107,130.10085,9.840914,129.80553
2371,2025-10-06 19:00:00+05:30,4.755544,150.5242,11.9140415,153.0479
2372,2025-10-06 20:00:00+05:30,4.7657523,190.88548,12.125642,185.96439
2373,2025-10-06 21:00:00+05:30,6.4799995,180.0,14.799459,184.18483
2374,2025-10-06 22:00:00+05:30,6.8541956,166.32867,16.056362,176.14328
2375,2025-10-06 23:00:00+05:30,4.8633323,182.12105,13.159711,176.86371
2376,2025-10-07 00:00:00+05:30,6.6624317,181.54813,15.564537,185.97423
2377,2025-10-07 01:00:00+05:30,2.7475805,301.60745,6.28713,246.3706
2378,2025-10-07 02:00:00+05:30,6.320538,70.01681,6.341009,83.48029
2379,2025-10-07 03:00:00+05:30,2.4014995,102.99462,6.3690495,132.70937
2380,2025-10-07 04:00:00+05:30,1.8089776,174.2895,5.7628117,178.21013
2381,2025-10-07 05:00:00+05:30,2.2553935,241.38963,7.1321807,222.95459
2382,2025-10-07 06:00:00+05:30,2.5264204,175.91446,5.6521144,217.23491
2383,2025-10-07 07:00:00+05:30,1.9134263,138.81418,2.8856194,183.57626
2384,2025-10-07 08:00:00+05:30,2.2768397,161.56496,2.9301877,169.3804
2385,2025-10-07 09:00:00+05:30,1.4058449,129.80553,1.5484185,144.46223
2386,2025-10-07 10:00:00+05:30,3.01735,107.35411,3.644722,110.22495
2387,2025-10-07 11:00:00+05:30,1.5379207,110.55613,1.609969,116.56499
2388,2025-10-07 12:00:00+05:30,2.4482646,162.89719,3.01735,162.64589
2389,2025-10-07 13:00:00+05:30,3.671294,191.30989,4.5891175,191.30989
2390,2025-10-07 14:00:00+05:30,2.6758924,199.65392,3.5864744,197.52567
2391,2025-10-07 15:00:00+05:30,2.9522195,232.43134,3.693291,226.97493
2392,2025-10-07 16:00:00+05:30,4.5891175,228.17992,8.528657,225.85501
2393,2025-10-07 17:00:00+05:30,4.5891175,228.17992,10.055864,225.72514
2394,2025-10-07 18:00:00+05:30,4.0449967,237.72438,8.92408,228.27058
2395,2025-10-07 19:00:00+05:30,3.4763772,201.25058,8.085988,196.82149
2396,2025-10-07 20:00:00+05:30,3.9844694,198.43504,9.278297,198.08354
2397,2025-10-07 21:00:00+05:30,3.964089,182.60251,9.885262,190.49142
2398,2025-10-07 22:00:00+05:30,4.669604,152.44728,10.837435,168.50346
2399,2025-10-07 23:00:00+05:30,2.0124612,206.56499,7.79215,186.63242
2400,2025-10-08 00:00:00+05:30,5.3699164,13.5704565,2.5264204,355.91446
2401,2025-10-08 01:00:00+05:30,4.1046314,74.74483,7.0843205,152.78398
2402,2025-10-08 02:00:00+05:30,7.2649574,318.01285,11.594292,297.75842
2403,2025-10-08 03:00:00+05:30,4.6938257,327.52884,9.039514,305.2725
2404,2025-10-08 04:00:00+05:30,2.9024127,7.12493,6.9247384,332.1028
2405,2025-10-08 05:00:00+05:30,3.7064266,60.94549,4.7521367,24.623547
2406,2025-10-08 06:00:00+05:30,5.0432134,87.95464,5.04,90.0
2407,2025-10-08 07:00:00+05:30,4.7521367,114.62355,6.361415,115.11481
2408,2025-10-08 08:00:00+05:30,4.5891175,154.44008,5.8852015,156.57129
2409,2025-10-08 09:00:00+05:30,4.060985,167.19574,4.942631,169.50858
2410,2025-10-08 10:00:00+05:30,3.0811036,173.29025,3.6179552,174.2895
2411,2025-10-08 11:00:00+05:30,2.1068459,160.0168,2.4014995,167.00539
2412,2025-10-08 12:00:00+05:30,1.6981165,147.99466,1.9469976,146.3099
2413,2025-10-08 13:00:00+05:30,10.495713,239.0363,12.936228,238.07916
2414,2025-10-08 14:00:00+05:30,4.412754,78.231735,5.0528407,85.91447
2415,2025-10-08 15:00:00+05:30,3.6402748,171.46931,5.983477,164.2913
2416,2025-10-08 16:00:00+05:30,2.8174455,116.56499,5.1165614,129.28938
2417,2025-10-08 17:00:00+05:30,9.208192,175.51547,17.648262,178.24663
2418,2025-10-08 18:00:00+05:30,5.402999,150.01845,12.549757,171.75377
2419,2025-10-08 19:00:00+05:30,5.1575575,150.75127,13.379461,162.78384
2420,2025-10-08 20:00:00+05:30,0.9,180.0,6.302571,181.63654
2421,2025-10-08 21:00:00+05:30,2.5455842,188.13002,7.3094187,189.92618
2422,2025-10-08 22:00:00+05:30,3.8141315,199.29015,9.568824,196.38962
2423,2025-10-08 23:00:00+05:30,8.467655,177.5634,17.82,180.0
2424,2025-10-09 00:00:00+05:30,3.84796,190.78426,11.525623,181.78987
2425,2025-10-09 01:00:00+05:30,4.080882,228.57643,10.44,223.60289
2426,2025-10-09 02:00:00+05:30,5.0432134,2.0453732,6.28713,336.3706
2427,2025-10-09 03:00:00+05:30,0.6489992,326.3099,3.536439,284.74362
2428,2025-10-09 04:00:00+05:30,0.40249225,26.564985,2.5772076,294.77512
2429,2025-10-09 05:00:00+05:30,3.644722,249.77505,9.444426,262.33328
2430,2025-10-09 06:00:00+05:30,5.3939967,295.7099,10.950452,295.30136
2431,2025-10-09 07:00:00+05:30,3.8647635,332.24155,5.634891,333.43503
2432,2025-10-09 08:00:00+05:30,5.1197267,349.8754,6.9550843,349.5626
2433,2025-10-09 09:00:00+05:30,9.346143,344.3577,11.91948,345.12427
2434,2025-10-09 10:00:00+05:30,9.826088,331.55716,12.638513,333.79996
2435,2025-10-09 11:00:00+05:30,7.8728137,10.539137,9.885262,10.491434
2436,2025-10-09 12:00:00+05:30,6.6818557,4.6353807,8.827344,2.3372545
2437,2025-10-09 13:00:00+05:30,8.43699,11.07017,10.8029995,10.560966
2438,2025-10-09 14:00:00+05:30,8.557102,22.249071,11.063778,21.974566
2439,2025-10-09 15:00:00+05:30,7.4346757,6.9528637,10.337079,7.0011806
2440,2025-10-09 16:00:00+05:30,4.7657523,10.885482,9.255571,13.495748
2441,2025-10-09 17:00:00+05:30,3.143565,246.3706,5.4119864,273.814
2442,2025-10-09 18:00:00+05:30,3.9966488,277.76508,7.256032,293.38525
2443,2025-10-09 19:00:00+05:30,2.6758924,289.6539,5.876938,319.9698
2444,2025-10-09 20:00:00+05:30,1.2727921,261.87,3.62243,333.43503
2445,2025-10-09 21:00:00+05:30,0.9693296,248.19853,1.5484185,324.46225
2446,2025-10-09 22:00:00+05:30,1.7727944,293.9625,3.396233,327.99466
2447,2025-10-09 23:00:00+05:30,4.613762,339.44388,12.835653,337.75092
2448,2025-10-10 00:00:00+05:30,3.9966488,352.23492,11.767651,353.85345
2449,2025-10-10 01:00:00+05:30,2.0364676,44.999897,8.139901,18.03438
2450,2025-10-10 02:00:00+05:30,1.6981165,32.005356,7.0843205,27.216026
2451,2025-10-10 03:00:00+05:30,1.8792552,343.3007,6.9480934,16.557161
2452,2025-10-10 04:00:00+05:30,2.5071096,338.9624,7.247096,14.381432
2453,2025-10-10 05:00:00+05:30,5.950899,3.46817,16.56,360.0
2454,2025-10-10 06:00:00+05:30,7.579261,4.085537,15.451717,8.035626
2455,2025-10-10 07:00:00+05:30,6.122647,358.31534,12.825552,4.830342
2456,2025-10-10 08:00:00+05:30,7.9383874,356.09958,10.813492,357.13766
2457,2025-10-10 09:00:00+05:30,11.183201,3.691312,14.787414,3.4892614
2458,2025-10-10 10:00:00+05:30,10.63372,2.9107854,13.902014,4.4555283
2459,2025-10-10 11:00:00+05:30,10.98,349.6112,14.000713,351.87
2460,2025-10-10 12:00:00+05:30,11.328566,342.42865,14.689589,342.8972
2461,2025-10-10 13:00:00+05:30,10.137692,343.49554,13.450708,344.47583
2462,2025-10-10 14:00:00+05:30,12.601285,338.19852,17.31746,339.30447
2463,2025-10-10 15:00:00+05:30,8.163749,345.9637,12.791403,346.15927
2464,2025-10-10 16:00:00+05:30,2.8856194,3.5762644,7.928178,357.3975
2465,2025-10-10 17:00:00+05:30,2.5582807,320.7106,9.021574,331.38962
2466,2025-10-10 18:00:00+05:30,1.1384199,108.43504,4.6938257,32.471172
2467,2025-10-10 19:00:00+05:30,2.50064,149.74365,3.0652895,93.366394
2468,2025-10-10 20:00:00+05:30,1.7076298,288.43503,5.0911684,315.0001
2469,2025-10-10 21:00:00+05:30,5.2478566,329.03632,12.3165245,333.06055
2470,2025-10-10 22:00:00+05:30,5.720489,347.27563,15.677576,347.39984
2471,2025-10-10 23:00:00+05:30,6.5248446,335.55606,18.35647,334.44006
2472,2025-10-11 00:00:00+05:30,5.6920996,341.56494,15.486278,340.30127
2473,2025-10-11 01:00:00+05:30,6.391901,327.6526,16.833609,335.35324
2474,2025-10-11 02:00:00+05:30,6.889557,326.7251,17.381886,338.74942
2475,2025-10-11 03:00:00+05:30,7.2649574,318.01285,17.873556,332.4028
2476,2025-10-11 04:00:00+05:30,6.623413,312.7974,17.423777,326.80243
2477,2025-10-11 05:00:00+05:30,6.037383,333.43503,16.87974,338.08508
2478,2025-10-11 06:00:00+05:30,8.133928,335.13632,17.214249,338.5323
2479,2025-10-11 07:00:00+05:30,7.327127,332.176,15.315873,336.44772
2480,2025-10-11 08:00:00+05:30,9.05205,342.64587,12.413476,343.1415
2481,2025-10-11 09:00:00+05:30,10.272623,348.887,13.556282,349.28693
2482,2025-10-11 10:00:00+05:30,9.044888,354.2895,11.570515,354.64426
2483,2025-10-11 11:00:00+05:30,7.3821945,358.60284,9.179999,360.0
2484,2025-10-11 12:00:00+05:30,7.596341,346.293,9.605998,347.00537
2485,2025-10-11 13:00:00+05:30,7.968939,341.56494,10.1902895,342.52515
2486,2025-10-11 14:00:00+05:30,8.596766,340.4268,11.103243,340.09616
2487,2025-10-11 15:00:00+05:30,6.5520988,339.07544,9.12513,337.98865
2488,2025-10-11 16:00:00+05:30,1.5379207,290.55612,4.1046314,307.87503
2489,2025-10-11 17:00:00+05:30,0.71999997,180.0,3.189608,253.61038
2490,2025-10-11 18:00:00+05:30,1.2074767,153.43501,1.4512063,172.87508
2491,2025-10-11 19:00:00+05:30,1.08,180.0,2.2768397,251.56496
2492,2025-10-11 20:00:00+05:30,3.6402748,278.53067,8.085988,286.8215
2493,2025-10-11 21:00:00+05:30,6.601363,295.8663,14.266632,299.4758
2494,2025-10-11 22:00:00+05:30,7.0934615,305.7068,16.732256,310.2001
2495,2025-10-11 23:00:00+05:30,6.9153743,308.65982,17.935081,308.48022
2496,2025-10-12 00:00:00+05:30,5.441838,325.78424,15.233148,324.61966
2497,2025-10-12 01:00:00+05:30,5.5567255,335.09525,15.388685,335.83337
2498,2025-10-12 02:00:00+05:30,5.6492476,337.5205,16.077536,338.31766
2499,2025-10-12 03:00:00+05:30,5.3426957,327.38077,14.822429,335.61365
2500,2025-10-12 04:00:00+05:30,5.22,316.3971,14.178927,331.15744
2501,2025-10-12 05:00:00+05:30,4.514377,293.49857,12.145665,320.4119
2502,2025-10-12 06:00:00+05:30,5.920878,289.53674,11.212135,312.39737
2503,2025-10-12 07:00:00+05:30,4.6938257,302.47116,8.827344,309.20718
2504,2025-10-12 08:00:00+05:30,6.7397914,325.8855,8.936778,325.66974
2505,2025-10-12 09:00:00+05:30,7.8954163,335.77228,10.1456785,334.79892
2506,2025-10-12 10:00:00+05:30,7.8954163,335.77228,9.983106,334.35904
2507,2025-10-12 11:00:00+05:30,8.936778,332.4028,11.052058,329.67648
2508,2025-10-12 12:00:00+05:30,9.257321,333.43503,11.855429,329.9315
2509,2025-10-12 13:00:00+05:30,9.257321,333.43503,12.10157,329.62094
2510,2025-10-12 14:00:00+05:30,8.373386,334.53668,11.052058,329.67648
2511,2025-10-12 15:00:00+05:30,6.689125,336.19403,10.717182,330.85202
2512,2025-10-12 16:00:00+05:30,3.8141315,340.70987,9.693296,328.67136
2513,2025-10-12 17:00:00+05:30,3.2846913,9.462261,7.7420926,342.40747
2514,2025-10-12 18:00:00+05:30,0.35999998,90.0,2.6999998,323.13004
2515,2025-10-12 19:00:00+05:30,0.9,180.0,3.438895,263.9911
2516,2025-10-12 20:00:00+05:30,2.8116899,230.19447,5.5887027,255.06853
2517,2025-10-12 21:00:00+05:30,4.68,270.0,8.32877,276.20334
2518,2025-10-12 22:00:00+05:30,4.7110505,276.58185,9.102021,294.53772
2519,2025-10-12 23:00:00+05:30,5.2478566,300.96368,10.564941,314.3098
2520,2025-10-13 00:00:00+05:30,5.48631,311.009,12.241323,323.97253
2521,2025-10-13 01:00:00+05:30,5.3457265,315.0001,13.681184,327.35538
2522,2025-10-13 02:00:00+05:30,5.7402787,318.81418,15.717823,336.3706
2523,2025-10-13 03:00:00+05:30,6.6818557,332.74475,17.987394,341.92758
2524,2025-10-13 04:00:00+05:30,6.7205353,339.62347,18.692286,344.3577
2525,2025-10-13 05:00:00+05:30,6.725354,344.47583,18.33616,346.373
2526,2025-10-13 06:00:00+05:30,8.383054,345.06854,17.262177,348.57294
2527,2025-10-13 07:00:00+05:30,8.019601,350.9606,14.205182,351.2539
2528,2025-10-13 08:00:00+05:30,9.914717,356.87793,13.709573,356.23602
2529,2025-10-13 09:00:00+05:30,10.805999,1.9091109,14.238215,2.8985183
2530,2025-10-13 10:00:00+05:30,9.555271,356.76038,12.431734,357.5105
2531,2025-10-13 11:00:00+05:30,10.783487,345.4998,13.797913,344.87595
2532,2025-10-13 12:00:00+05:30,11.307095,346.18494,14.668619,345.7932
2533,2025-10-13 13:00:00+05:30,12.134992,339.14545,15.94804,339.51956
2534,2025-10-13 14:00:00+05:30,11.755254,334.61212,16.104721,334.86707
2535,2025-10-13 15:00:00+05:30,8.707237,330.25522,13.934605,331.4487
2536,2025-10-13 16:00:00+05:30,4.724786,319.63553,11.525623,321.34018
2537,2025-10-13 17:00:00+05:30,4.724786,310.36444,11.583108,314.37048
2538,2025-10-13 18:00:00+05:30,2.5071096,291.03757,8.714677,308.2902
2539,2025-10-13 19:00:00+05:30,2.36753,278.74606,8.338489,302.6609
2540,2025-10-13 20:00:00+05:30,6.248359,311.49637,15.629971,321.54626
2541,2025-10-13 21:00:00+05:30,7.0107627,330.8026,19.88328,333.667
2542,2025-10-13 22:00:00+05:30,7.0199995,337.3801,19.92479,337.1412
2543,2025-10-13 23:00:00+05:30,6.77575,343.0091,18.900856,340.5296
2544,2025-10-14 00:00:00+05:30,6.21717,337.8905,18.102308,340.8443
2545,2025-10-14 01:00:00+05:30,6.59154,325.0079,18.27953,334.94904
2546,2025-10-14 02:00:00+05:30,6.6405115,327.17145,18.03237,333.94656
2547,2025-10-14 03:00:00+05:30,6.6087217,330.64233,18.388212,336.94867
2548,2025-10-14 04:00:00+05:30,6.28713,336.3706,17.816362,341.74802
2549,2025-10-14 05:00:00+05:30,6.7205353,352.30405,18.665401,353.3548
2550,2025-10-14 06:00:00+05:30,8.707238,352.87506,18.287504,353.78445
2551,2025-10-14 07:00:00+05:30,7.79215,353.36758,15.226764,353.21112
2552,2025-10-14 08:00:00+05:30,9.926147,355.84042,13.737904,354.7377
2553,2025-10-14 09:00:00+05:30,12.273043,355.7947,16.415567,356.22778
2554,2025-10-14 10:00:00+05:30,13.004921,355.23645,17.146357,355.7859
2555,2025-10-14 11:00:00+05:30,14.2336645,350.53775,18.790829,350.628
2556,2025-10-14 12:00:00+05:30,13.346729,349.90256,17.726116,350.05948
2557,2025-10-14 13:00:00+05:30,12.2519045,349.8458,16.454008,349.91946
2558,2025-10-14 14:00:00+05:30,11.442394,340.70987,16.394829,340.76923
2559,2025-10-14 15:00:00+05:30,8.427383,340.0168,14.874796,338.71353
2560,2025-10-14 16:00:00+05:30,5.4744864,332.5925,13.527572,334.79892
2561,2025-10-14 17:00:00+05:30,5.509882,321.63248,12.841963,328.76083
2562,2025-10-14 18:00:00+05:30,6.156947,322.12497,14.731437,333.12192
2563,2025-10-14 19:00:00+05:30,7.891311,315.0001,19.404133,322.91742
2564,2025-10-14 20:00:00+05:30,7.3094187,322.00122,19.62,326.6015
2565,2025-10-14 21:00:00+05:30,6.8423676,333.43503,19.15288,338.4985
2566,2025-10-14 22:00:00+05:30,6.5520988,339.07544,18.519016,344.20752
2567,2025-10-14 23:00:00+05:30,6.489992,340.55988,17.82727,343.57773
2568,2025-10-15 00:00:00+05:30,6.1226463,335.69547,17.076298,341.56494
2569,2025-10-15 01:00:00+05:30,5.8409934,326.3099,16.759342,335.91254
2570,2025-10-15 02:00:00+05:30,6.193674,324.46225,16.997377,335.60626
2571,2025-10-15 03:00:00+05:30,6.7757506,320.38934,18.519018,332.18967
2572,2025-10-15 04:00:00+05:30,6.4924874,313.87677,18.022486,325.99246
2573,2025-10-15 05:00:00+05:30,6.522361,320.59937,18.152353,329.62094
2574,2025-10-15 06:00:00+05:30,7.841887,328.13406,15.938896,333.14566
2575,2025-10-15 07:00:00+05:30,6.391901,327.6526,13.282243,333.43503
2576,2025-10-15 08:00:00+05:30,7.973005,331.69934,10.874742,331.31393
2577,2025-10-15 09:00:00+05:30,10.070353,335.72556,13.3649235,334.47034
2578,2025-10-15 10:00:00+05:30,9.796366,339.56708,12.669238,337.44272
2579,2025-10-15 11:00:00+05:30,8.311245,342.34976,10.365251,339.6768
2580,2025-10-15 12:00:00+05:30,8.035746,344.40714,10.24578,341.56494
2581,2025-10-15 13:00:00+05:30,8.581677,350.34018,10.914888,346.65125
2582,2025-10-15 14:00:00+05:30,8.507737,353.92764,10.98,349.6112
2583,2025-10-15 15:00:00+05:30,6.638072,347.4712,11.351422,345.30264
2584,2025-10-15 16:00:00+05:30,5.5596404,330.9455,13.432632,327.5877
2585,2025-10-15 17:00:00+05:30,6.544677,328.4958,14.378608,325.71307
2586,2025-10-15 18:00:00+05:30,2.97953,334.98312,8.435069,320.1945
2587,2025-10-15 19:00:00+05:30,1.484318,345.9637,5.22,316.3971
2588,2025-10-15 20:00:00+05:30,0.8049845,333.43503,4.8366103,315.0001
2589,2025-10-15 21:00:00+05:30,0.6489992,213.6901,1.4512063,299.74478
2590,2025-10-15 22:00:00+05:30,4.8733153,265.76367,7.9932976,277.76508
2591,2025-10-15 23:00:00+05:30,5.5916004,273.6913,11.144021,301.1224
2592,2025-10-16 00:00:00+05:30,5.369916,320.44037,12.47726,333.43503
2593,2025-10-16 01:00:00+05:30,5.2416787,344.05453,13.060857,352.87506
2594,2025-10-16 02:00:00+05:30,3.494968,325.4914,10.440001,360.0
2595,2025-10-16 03:00:00+05:30,3.62243,296.56497,8.885877,353.01904
2596,2025-10-16 04:00:00+05:30,4.755544,299.4758,9.360001,337.3801
2597,2025-10-16 05:00:00+05:30,5.5450516,324.24603,14.256409,335.37646
2598,2025-10-16 06:00:00+05:30,7.44121,327.84772,15.618566,332.54907
2599,2025-10-16 07:00:00+05:30,6.489992,326.3099,16.276817,330.88394
2600,2025-10-16 08:00:00+05:30,8.777653,344.53873,12.362475,343.93994
2601,2025-10-16 09:00:00+05:30,9.3669195,2.2025495,12.251905,2.5260682
2602,2025-10-16 10:00:00+05:30,6.21717,22.109503,7.823272,23.025528
2603,2025-10-16 11:00:00+05:30,4.7657523,10.885482,5.896202,12.339083
2604,2025-10-16 12:00:00+05:30,4.802999,12.99463,5.8603754,10.61961
2605,2025-10-16 13:00:00+05:30,6.6185193,22.380184,8.027677,19.653913
2606,2025-10-16 14:00:00+05:30,8.863972,29.16752,11.119281,29.054508
2607,2025-10-16 15:00:00+05:30,8.854829,26.564985,13.690654,24.880348
2608,2025-10-16 16:00:00+05:30,5.223103,358.0251,12.287555,354.95764
2609,2025-10-16 17:00:00+05:30,5.6060677,5.527458,12.261158,356.6336
2610,2025-10-16 18:00:00+05:30,0.9178235,348.6901,4.6277857,346.50424
2611,2025-10-16 19:00:00+05:30,3.604497,177.13765,4.379589,189.46225
2612,2025-10-16 20:00:00+05:30,4.669604,207.55272,6.248359,221.49637
2613,2025-10-16 21:00:00+05:30,3.710795,230.90614,6.8423676,243.43501
2614,2025-10-16 22:00:00+05:30,4.6938252,274.39862,9.016185,266.56644
2615,2025-10-16 23:00:00+05:30,4.952453,289.0936,11.7,270.0
2616,2025-10-17 00:00:00+05:30,3.9966483,305.83774,10.196647,290.6745
2617,2025-10-17 01:00:00+05:30,3.8183763,261.87,9.621163,287.41806
2618,2025-10-17 02:00:00+05:30,4.9785542,282.5288,11.681987,303.6901
2619,2025-10-17 03:00:00+05:30,5.3517847,312.27362,14.378608,325.71307
2620,2025-10-17 04:00:00+05:30,5.5916004,326.82147,15.210799,339.2058
2621,2025-10-17 05:00:00+05:30,5.3426957,327.38077,13.905509,338.74942
2622,2025-10-17 06:00:00+05:30,7.458606,340.25308,14.584443,347.1644
2623,2025-10-17 07:00:00+05:30,5.95906,334.98312,13.708391,346.32867
2624,2025-10-17 08:00:00+05:30,7.1321807,349.82455,9.854075,350.53775
2625,2025-10-17 09:00:00+05:30,6.28713,13.240531,7.989243,14.349371
2626,2025-10-17 10:00:00+05:30,3.8268526,48.814175,4.6102495,51.34017
2627,2025-10-17 11:00:00+05:30,3.693291,46.97493,4.2175345,50.194473
2628,2025-10-17 12:00:00+05:30,4.0449967,57.724377,4.599695,59.420856
2629,2025-10-17 13:00:00+05:30,4.1046314,74.74483,4.802999,77.00539
2630,2025-10-17 14:00:00+05:30,5.020677,75.46551,5.937272,75.96373
2631,2025-10-17 15:00:00+05:30,4.278551,75.37909,6.1120534,76.37299
2632,2025-10-17 16:00:00+05:30,2.7534704,78.6901,5.2694216,82.14678
2633,2025-10-17 17:00:00+05:30,4.3498964,335.55606,10.472535,331.23245
2634,2025-10-17 18:00:00+05:30,3.4576871,308.65982,9.7880945,327.77127
2635,2025-10-17 19:00:00+05:30,1.26,270.0,5.991594,327.26477
2636,2025-10-17 20:00:00+05:30,0.9693296,201.80147,2.97953,295.01685
2637,2025-10-17 21:00:00+05:30,3.84796,190.78426,5.5916004,213.17853
2638,2025-10-17 22:00:00+05:30,4.6730714,195.6423,7.973005,208.30066
2639,2025-10-17 23:00:00+05:30,4.3536186,209.7448,7.6409945,223.09087
2640,2025-10-18 00:00:00+05:30,5.414979,248.5522,10.429132,248.74942
2641,2025-10-18 01:00:00+05:30,5.0911684,261.87,12.245294,268.31534
2642,2025-10-18 02:00:00+05:30,4.8899083,276.3401,10.699028,282.63336
2643,2025-10-18 03:00:00+05:30,4.0249224,280.30478,7.889259,297.1496
2644,2025-10-18 04:00:00+05:30,4.7827187,289.79895,7.491114,305.21768
2645,2025-10-18 05:00:00+05:30,4.3536186,330.25522,7.562142,358.6361
2646,2025-10-18 06:00:00+05:30,5.950899,356.53183,9.473541,14.300317
2647,2025-10-18 07:00:00+05:30,4.8899083,6.3401003,11.132385,22.833694
2648,2025-10-18 08:00:00+05:30,5.09435,32.005356,7.289445,32.905247
2649,2025-10-18 09:00:00+05:30,6.048107,53.471054,7.6388745,55.560955
2650,2025-10-18 10:00:00+05:30,4.514377,66.50142,5.6492476,67.52052
2651,2025-10-18 11:00:00+05:30,3.2846913,80.53775,3.9966488,82.234924
2652,2025-10-18 12:00:00+05:30,2.6208394,74.054535,3.189608,73.61038
2653,2025-10-18 13:00:00+05:30,2.7059932,86.186005,3.2599385,83.659904
2654,2025-10-18 14:00:00+05:30,3.8647635,62.24156,4.3536186,60.255207
2655,2025-10-18 15:00:00+05:30,3.06,208.07239,3.745557,215.21768
2656,2025-10-18 16:00:00+05:30,4.6102495,231.34016,9.236298,236.92932
2657,2025-10-18 17:00:00+05:30,3.6447225,327.09476,8.297589,310.60123
2658,2025-10-18 18:00:00+05:30,5.223103,358.0251,10.759423,342.47433
2659,2025-10-18 19:00:00+05:30,1.781909,44.999897,6.1569467,344.7448
2660,2025-10-18 20:00:00+05:30,0.17999999,180.0,3.01735,287.3541
2661,2025-10-18 21:00:00+05:30,1.0948973,189.46225,3.9518096,239.9315
2662,2025-10-18 22:00:00+05:30,1.0495713,239.0363,4.1125174,246.80139
2663,2025-10-18 23:00:00+05:30,2.1674871,221.63345,6.361415,244.8852
2664,2025-10-19 00:00:00+05:30,0.742159,255.96373,4.91634,246.25049
2665,2025-10-19 01:00:00+05:30,3.189608,343.61038,4.3349743,311.63345
2666,2025-10-19 02:00:00+05:30,4.3498964,335.55606,7.4520864,322.85324
2667,2025-10-19 03:00:00+05:30,4.6938257,32.471172,10.730778,22.69384
2668,2025-10-19 04:00:00+05:30,11.897714,10.459866,22.963936,9.019242
2669,2025-10-19 05:00:00+05:30,3.2399998,360.0,9.83268,23.749514
2670,2025-10-19 06:00:00+05:30,6.0721655,348.0239,10.914888,13.348748
2671,2025-10-19 07:00:00+05:30,5.5916004,356.3087,10.717182,7.7217383
2672,2025-10-19 08:00:00+05:30,6.725354,15.524177,9.05205,17.354122
2673,2025-10-19 09:00:00+05:30,6.9153743,38.65983,8.942214,40.10085
2674,2025-10-19 10:00:00+05:30,6.6087217,29.357658,8.461914,29.29127
2675,2025-10-19 11:00:00+05:30,6.7205353,20.37652,8.322932,21.571367
2676,2025-10-19 12:00:00+05:30,6.1569467,15.255177,7.5170207,16.699326
2677,2025-10-19 13:00:00+05:30,6.2483597,11.633606,7.9465466,13.091906
2678,2025-10-19 14:00:00+05:30,6.542201,7.907082,8.37532,8.652461
2679,2025-10-19 15:00:00+05:30,6.302571,1.6365454,10.261578,1.0050671
2680,2025-10-19 16:00:00+05:30,7.562142,358.6361,15.865546,356.7481
2681,2025-10-19 17:00:00+05:30,7.208994,2.8623457,16.388899,358.11185
2682,2025-10-19 18:00:00+05:30,4.5572357,350.9098,11.656998,346.60748
2683,2025-10-19 19:00:00+05:30,3.84796,349.21573,10.018743,342.216
2684,2025-10-19 20:00:00+05:30,3.244996,356.82022,9.299225,345.42575
2685,2025-10-19 21:00:00+05:30,2.9522195,37.568665,8.089993,20.854538
2686,2025-10-19 22:00:00+05:30,3.5455887,23.962492,9.292255,31.534754
2687,2025-10-19 23:00:00+05:30,4.5536795,18.435053,11.269782,26.564985
2688,2025-10-20 00:00:00+05:30,5.09435,32.005356,12.936228,31.920837
2689,2025-10-20 01:00:00+05:30,5.441838,34.215755,13.529966,33.055836
2690,2025-10-20 02:00:00+05:30,6.12,28.072395,15.683774,31.865936
2691,2025-10-20 03:00:00+05:30,5.5829024,20.772345,15.807239,30.068504
2692,2025-10-20 04:00:00+05:30,5.3517847,19.653913,14.848635,30.60634
2693,2025-10-20 05:00:00+05:30,5.6060677,5.527458,15.042659,21.037588
2694,2025-10-20 06:00:00+05:30,7.689603,16.313938,15.215058,25.958725
2695,2025-10-20 07:00:00+05:30,6.5049515,14.4208145,13.690654,24.880348
2696,2025-10-20 08:00:00+05:30,9.860649,21.413042,13.472372,22.796566
2697,2025-10-20 09:00:00+05:30,11.679213,24.590105,15.539537,25.377708
2698,2025-10-20 10:00:00+05:30,10.9859,18.138186,14.288191,19.119822
2699,2025-10-20 11:00:00+05:30,10.316686,6.0089183,13.060857,7.12493
2700,2025-10-20 12:00:00+05:30,10.337079,7.0011806,13.239487,7.0283103
2701,2025-10-20 13:00:00+05:30,9.181765,1.1232841,11.712455,2.6424956
2702,2025-10-20 14:00:00+05:30,7.92,360.0,10.441552,0.9877458
2703,2025-10-20 15:00:00+05:30,5.6835546,349.04596,10.158444,352.87506
2704,2025-10-20 16:00:00+05:30,4.4565907,316.63654,9.984729,326.0234
2705,2025-10-20 17:00:00+05:30,4.3573384,308.2902,9.957108,310.60123
2706,2025-10-20 18:00:00+05:30,4.5572357,279.09018,7.8625183,285.94547
2707,2025-10-20 19:00:00+05:30,3.438895,276.0089,5.8048253,299.74478
2708,2025-10-20 20:00:00+05:30,2.5772078,347.90527,8.863972,347.0926
2709,2025-10-20 21:00:00+05:30,6.489992,19.440128,15.891054,9.7823515
2710,2025-10-20 22:00:00+05:30,5.9644947,354.80566,14.973576,9.688724
2711,2025-10-20 23:00:00+05:30,7.0568266,354.14407,16.394829,8.841739
2712,2025-10-21 00:00:00+05:30,5.950899,356.53183,15.763107,6.5568495
2713,2025-10-21 01:00:00+05:30,5.7628117,14.470333,15.503006,15.4885645
2714,2025-10-21 02:00:00+05:30,5.5216303,19.025702,14.857362,19.093594
2715,2025-10-21 03:00:00+05:30,5.8852015,23.428713,15.676544,21.557146
2716,2025-10-21 04:00:00+05:30,5.7431,32.195713,15.778518,27.149609
2717,2025-10-21 05:00:00+05:30,5.7852573,5.3557334,15.85329,12.458241
2718,2025-10-21 06:00:00+05:30,7.9077177,11.821464,15.639297,11.956565
2719,2025-10-21 07:00:00+05:30,6.5693827,9.462261,14.264361,10.175456
2720,2025-10-21 08:00:00+05:30,9.144637,10.203924,12.461669,10.822971
2721,2025-10-21 09:00:00+05:30,11.616627,12.528798,15.367616,13.547957
2722,2025-10-21 10:00:00+05:30,11.989945,7.7650824,15.808263,7.853233
2723,2025-10-21 11:00:00+05:30,12.081472,356.58347,15.68584,356.71082
2724,2025-10-21 12:00:00+05:30,12.324414,353.29025,15.941944,353.517
2725,2025-10-21 13:00:00+05:30,12.144331,348.0239,15.956163,348.94363
2726,2025-10-21 14:00:00+05:30,11.043261,340.9743,15.086748,342.64587
2727,2025-10-21 15:00:00+05:30,8.133928,335.13632,13.971756,338.06146
2728,2025-10-21 16:00:00+05:30,5.1165614,320.7106,12.632101,327.21573
2729,2025-10-21 17:00:00+05:30,3.8521678,322.59457,11.190442,334.25934
2730,2025-10-21 18:00:00+05:30,1.1525624,308.65982,7.9526596,354.80566
2731,2025-10-21 19:00:00+05:30,0.76367533,44.999897,6.0077944,8.615564
2732,2025-10-21 20:00:00+05:30,2.4482648,36.027473,7.596341,13.706991
2733,2025-10-21 21:00:00+05:30,4.0249224,349.69522,7.5599995,360.0
2734,2025-10-21 22:00:00+05:30,4.978554,310.60123,7.1684303,331.50446
2735,2025-10-21 23:00:00+05:30,4.978554,319.39877,7.289444,339.77505
2736,2025-10-22 00:00:00+05:30,2.9522195,322.43134,4.503598,2.2905633
2737,2025-10-22 01:00:00+05:30,1.2074767,333.43503,2.6999998,36.86998
2738,2025-10-22 02:00:00+05:30,4.2671766,332.3541,5.950899,356.53183
2739,2025-10-22 03:00:00+05:30,5.7852573,5.3557334,13.159711,3.1363046
2740,2025-10-22 04:00:00+05:30,4.5891175,25.559923,12.810386,19.708078
2741,2025-10-22 05:00:00+05:30,3.9477081,335.77228,12.346741,7.5393586
2742,2025-10-22 06:00:00+05:30,5.95906,334.98312,11.901798,3.46817
2743,2025-10-22 07:00:00+05:30,5.12289,341.56494,11.928989,354.80566
2744,2025-10-22 08:00:00+05:30,7.0223074,358.53122,9.5416975,358.9191
2745,2025-10-22 09:00:00+05:30,8.297589,12.528798,10.914888,13.348748
2746,2025-10-22 10:00:00+05:30,9.178235,11.3098955,11.755254,11.481962
2747,2025-10-22 11:00:00+05:30,8.149847,6.3401003,10.182337,8.130019
2748,2025-10-22 12:00:00+05:30,7.3821945,358.60284,9.179999,360.0
2749,2025-10-22 13:00:00+05:30,7.0568266,354.14407,8.865799,354.17374
2750,2025-10-22 14:00:00+05:30,7.342588,348.6901,9.321845,349.99207
2751,2025-10-22 15:00:00+05:30,6.725354,344.47583,10.390226,345.9637
2752,2025-10-22 16:00:00+05:30,6.156947,322.12497,13.833091,327.75757
2753,2025-10-22 17:00:00+05:30,7.5363917,310.1559,16.800856,315.0001
2754,2025-10-22 18:00:00+05:30,5.994297,318.6523,11.583108,315.62952
2755,2025-10-22 19:00:00+05:30,3.604497,2.8623457,8.163749,345.9637
2756,2025-10-22 20:00:00+05:30,3.219938,26.564985,7.841888,9.246045
2757,2025-10-22 21:00:00+05:30,1.2074767,63.435013,5.0816135,22.93213
2758,2025-10-22 22:00:00+05:30,2.0523157,217.87505,1.7076298,251.56496
2759,2025-10-22 23:00:00+05:30,4.846648,248.19853,5.9617786,241.11351
2760,2025-10-23 00:00:00+05:30,4.198285,300.96368,7.579261,265.91446
2761,2025-10-23 01:00:00+05:30,4.3498964,335.55606,6.444905,305.9098
2762,2025-10-23 02:00:00+05:30,5.896202,347.66092,11.203464,336.3179
2763,2025-10-23 03:00:00+05:30,5.0528407,355.91446,11.578912,348.34073
2764,2025-10-23 04:00:00+05:30,2.7059932,356.186,8.865799,354.17374
2765,2025-10-23 05:00:00+05:30,2.0124612,333.43503,7.3821945,1.397161
2766,2025-10-23 06:00:00+05:30,4.5536795,341.56494,7.293888,15.75124
2767,2025-10-23 07:00:00+05:30,2.97953,334.98312,7.0568266,5.8559217
2768,2025-10-23 08:00:00+05:30,3.143565,23.629398,4.445672,21.370695
2769,2025-10-23 09:00:00+05:30,4.965521,46.468742,6.2379804,46.169064
2770,2025-10-23 10:00:00+05:30,4.7110505,46.54811,5.728979,43.72705
2771,2025-10-23 11:00:00+05:30,4.7521367,24.623547,5.7964473,25.769283
2772,2025-10-23 12:00:00+05:30,5.297018,9.782338,6.5693827,9.462261
2773,2025-10-23 13:00:00+05:30,7.6642804,9.462261,9.499157,9.819235
2774,2025-10-23 14:00:00+05:30,10.094454,3.0664318,12.991212,3.972429
2775,2025-10-23 15:00:00+05:30,9.826088,351.57312,15.151039,350.42584
2776,2025-10-23 16:00:00+05:30,5.8603754,349.3804,13.910169,349.5626
2777,2025-10-23 17:00:00+05:30,4.278551,22.249071,10.4166975,9.950565
2778,2025-10-23 18:00:00+05:30,2.6758924,42.27363,7.823272,23.025528
2779,2025-10-23 19:00:00+05:30,1.659518,77.4712,7.1684303,38.884502
2780,2025-10-23 20:00:00+05:30,0.76367533,135.0001,4.669604,62.447273
2781,2025-10-23 21:00:00+05:30,0.742159,14.036275,4.2481523,53.61555
2782,2025-10-23 22:00:00+05:30,1.8,360.0,4.6102495,51.34017
2783,2025-10-23 23:00:00+05:30,3.7585104,343.3007,5.8603754,10.61961
2784,2025-10-24 00:00:00+05:30,3.3092597,337.6198,8.513448,13.448633
2785,2025-10-24 01:00:00+05:30,2.3469126,4.398633,8.37532,28.217264
2786,2025-10-24 02:00:00+05:30,2.5455842,8.130019,8.37532,28.217264
2787,2025-10-24 03:00:00+05:30,2.1068459,19.983198,7.7420926,35.537766
2788,2025-10-24 04:00:00+05:30,1.4512063,352.87506,6.9153743,38.65983
2789,2025-10-24 05:00:00+05:30,3.62243,333.43503,8.297589,24.34109
2790,2025-10-24 06:00:00+05:30,5.020677,345.4655,7.6579366,29.577742
2791,2025-10-24 07:00:00+05:30,3.0811036,6.70975,7.353611,21.54104
2792,2025-10-24 08:00:00+05:30,3.9640884,39.47243,5.257109,38.047092
2793,2025-10-24 09:00:00+05:30,4.755544,29.475794,5.8048253,29.744795
2794,2025-10-24 10:00:00+05:30,5.12289,18.435053,6.1569467,15.255177
2795,2025-10-24 11:00:00+05:30,5.991594,32.73523,7.0107627,29.197395
2796,2025-10-24 12:00:00+05:30,7.388775,34.07725,8.738811,32.38066
2797,2025-10-24 13:00:00+05:30,9.2660675,29.054508,11.269782,26.564985
2798,2025-10-24 14:00:00+05:30,9.67657,9.637469,12.168319,7.6505675
2799,2025-10-24 15:00:00+05:30,10.08,360.0,13.86,360.0
2800,2025-10-24 16:00:00+05:30,6.4799995,360.0,13.902014,355.54446
2801,2025-10-24 17:00:00+05:30,3.7971041,31.429514,9.391102,12.171442
2802,2025-10-24 18:00:00+05:30,0.742159,104.03627,3.319036,40.601215
2803,2025-10-24 19:00:00+05:30,1.6299692,173.6599,2.9301877,169.3804
2804,2025-10-24 20:00:00+05:30,3.710795,165.96373,5.5887027,165.06853
2805,2025-10-24 21:00:00+05:30,4.452954,194.03627,6.2145634,190.00792
2806,2025-10-24 22:00:00+05:30,4.6102495,231.34016,7.653705,228.81418
2807,2025-10-24 23:00:00+05:30,4.6730714,254.3577,7.9138603,252.80138
2808,2025-10-25 00:00:00+05:30,3.6179552,275.7105,7.562142,268.6361
2809,2025-10-25 01:00:00+05:30,3.0811036,353.29025,6.6624317,308.4181
2810,2025-10-25 02:00:00+05:30,4.942631,33.111355,7.841888,9.246045
2811,2025-10-25 03:00:00+05:30,1.781909,44.999897,5.796447,36.158287
2812,2025-10-25 04:00:00+05:30,0.56920993,198.43504,2.8856194,86.423744
2813,2025-10-25 05:00:00+05:30,3.148714,210.96368,2.7534704,168.69011
2814,2025-10-25 06:00:00+05:30,4.5,216.86998,3.96,180.0
2815,2025-10-25 07:00:00+05:30,1.9134263,221.18582,3.5864744,197.52567
2816,2025-10-25 08:00:00+05:30,0.35999998,270.0,0.56920993,251.56496
2817,2025-10-25 09:00:00+05:30,3.0652893,40.236294,3.8521678,37.405437
2818,2025-10-25 10:00:00+05:30,5.6233797,50.194473,6.8919086,49.236485
2819,2025-10-25 11:00:00+05:30,7.2,36.86999,8.967541,38.480236
2820,2025-10-25 12:00:00+05:30,7.24486,26.564985,9.2660675,29.054508
2821,2025-10-25 13:00:00+05:30,7.4932766,24.102238,9.418661,26.075302
2822,2025-10-25 14:00:00+05:30,6.9527545,21.25058,8.863972,23.962492
2823,2025-10-25 15:00:00+05:30,6.0721655,11.976112,8.209263,15.255177
2824,2025-10-25 16:00:00+05:30,3.8856654,346.60748,9.531505,349.11453
2825,2025-10-25 17:00:00+05:30,4.5891175,334.44006,10.272623,348.887
2826,2025-10-25 18:00:00+05:30,5.1544156,347.90527,12.605142,358.36346
2827,2025-10-25 19:00:00+05:30,3.244996,3.179772,10.239453,10.124612
2828,2025-10-25 20:00:00+05:30,3.4199998,90.0,8.0599,60.572647
2829,2025-10-25 21:00:00+05:30,2.0523157,105.25517,7.029225,87.064384
2830,2025-10-25 22:00:00+05:30,0.17999999,270.0,3.2399998,90.0
2831,2025-10-25 23:00:00+05:30,1.659518,282.5288,3.9640884,230.52757
2832,2025-10-26 00:00:00+05:30,0.9693296,338.19852,2.52,270.0
2833,2025-10-26 01:00:00+05:30,2.16,360.0,4.293669,303.02386
2834,2025-10-26 02:00:00+05:30,0.8049845,26.564985,2.6999998,306.86996
2835,2025-10-26 03:00:00+05:30,1.1525624,51.34017,2.2768397,341.56494
2836,2025-10-26 04:00:00+05:30,1.0182338,44.999897,2.7534704,348.6901
2837,2025-10-26 05:00:00+05:30,1.08,360.0,2.657668,331.69934
2838,2025-10-26 06:00:00+05:30,2.7059932,3.8140097,3.244996,19.440128
2839,2025-10-26 07:00:00+05:30,2.4149535,333.43503,3.7842832,2.7262611
2840,2025-10-26 08:00:00+05:30,4.5572357,9.090207,6.0721655,11.976112
2841,2025-10-26 09:00:00+05:30,6.638072,12.528798,8.604301,15.780828
2842,2025-10-26 10:00:00+05:30,6.384293,21.501507,7.989242,22.520613
2843,2025-10-26 11:00:00+05:30,5.7204895,24.145542,7.0843205,27.216026
2844,2025-10-26 12:00:00+05:30,5.7964473,25.769283,7.24486,26.564985
2845,2025-10-26 13:00:00+05:30,5.7964473,25.769283,7.0843205,27.216026
2846,2025-10-26 14:00:00+05:30,6.8138976,12.200457,8.383054,14.931467
2847,2025-10-26 15:00:00+05:30,7.458606,8.325568,9.67657,9.637469
2848,2025-10-26 16:00:00+05:30,6.12,360.0,12.785069,358.38647
2849,2025-10-26 17:00:00+05:30,4.724786,17.744766,9.885262,10.491434
2850,2025-10-26 18:00:00+05:30,4.952453,19.093594,7.731622,12.094739
2851,2025-10-26 19:00:00+05:30,1.0495713,120.96369,1.0948973,80.53775
2852,2025-10-26 20:00:00+05:30,8.139901,161.96562,12.739371,156.69508
2853,2025-10-26 21:00:00+05:30,5.983477,164.2913,16.62249,162.3498
2854,2025-10-26 22:00:00+05:30,3.4949677,168.11136,11.334284,169.93938
2855,2025-10-26 23:00:00+05:30,2.16,180.0,8.707238,187.12492
2856,2025-10-27 00:00:00+05:30,2.0124612,243.43501,7.3094187,232.0012
2857,2025-10-27 01:00:00+05:30,2.3400002,337.3801,5.8852015,293.4287
2858,2025-10-27 02:00:00+05:30,3.4247334,3.0127327,5.937272,345.9637
2859,2025-10-27 03:00:00+05:30,1.4399999,360.0,3.9966488,352.23492
2860,2025-10-27 04:00:00+05:30,2.1749482,335.55606,5.020677,345.4655
2861,2025-10-27 05:00:00+05:30,3.5864744,342.47433,7.208994,357.13766
2862,2025-10-27 06:00:00+05:30,4.7657523,10.885482,7.16617,25.277687
2863,2025-10-27 07:00:00+05:30,3.563818,44.999897,8.297589,49.398785
2864,2025-10-27 08:00:00+05:30,4.293669,56.976128,6.12,61.92762
2865,2025-10-27 09:00:00+05:30,5.4744864,62.59251,6.9270773,65.432846
2866,2025-10-27 10:00:00+05:30,6.162207,83.29026,7.5942073,84.55976
2867,2025-10-27 11:00:00+05:30,6.725354,74.47583,8.482947,72.718414
2868,2025-10-27 12:00:00+05:30,7.327127,62.17599,9.339208,62.447273
2869,2025-10-27 13:00:00+05:30,7.386582,46.97493,9.567131,48.814175
2870,2025-10-27 14:00:00+05:30,8.777654,28.141502,11.334285,32.680546
2871,2025-10-27 15:00:00+05:30,10.661107,11.689341,15.108211,15.195304
2872,2025-10-27 16:00:00+05:30,8.707238,7.12493,16.733225,11.793405
2873,2025-10-27 17:00:00+05:30,6.1226463,24.304548,15.216123,27.474344
2874,2025-10-27 18:00:00+05:30,6.452441,22.988754,16.701244,30.434166
2875,2025-10-27 19:00:00+05:30,5.991594,32.73523,15.971386,39.97087
2876,2025-10-27 20:00:00+05:30,5.4833565,23.198618,14.796175,36.591183
2877,2025-10-27 21:00:00+05:30,5.3517847,19.653913,14.848635,30.60634
2878,2025-10-27 22:00:00+05:30,5.020677,14.534496,13.619471,29.275164
2879,2025-10-27 23:00:00+05:30,6.8989563,15.124064,17.95404,25.537397
2880,2025-10-28 00:00:00+05:30,6.198903,25.820946,17.077248,32.517494
2881,2025-10-28 01:00:00+05:30,5.7204895,24.145542,16.075521,34.045982
2882,2025-10-28 02:00:00+05:30,6.59154,34.9921,17.288435,38.65983
2883,2025-10-28 03:00:00+05:30,5.2323985,49.185013,15.443328,49.25393
2884,2025-10-28 04:00:00+05:30,5.4744864,43.667847,15.096411,50.806747
2885,2025-10-28 05:00:00+05:30,5.904439,52.431335,15.931779,57.92603
2886,2025-10-28 06:00:00+05:30,6.6087217,60.64234,14.707222,68.45896
2887,2025-10-28 07:00:00+05:30,6.050785,59.620956,9.906544,65.29759
2888,2025-10-28 08:00:00+05:30,7.16617,64.72231,9.595874,66.80139
2889,2025-10-28 09:00:00+05:30,6.1569467,74.74483,7.6409945,74.98159
2890,2025-10-28 10:00:00+05:30,4.991553,64.35905,6.28713,66.37061
2891,2025-10-28 11:00:00+05:30,3.4763772,68.74943,4.2136917,70.01681
2892,2025-10-28 12:00:00+05:30,5.4744864,46.332153,6.7469993,46.080845
2893,2025-10-28 13:00:00+05:30,4.755544,29.475794,5.8409934,33.6901
2894,2025-10-28 14:00:00+05:30,6.4323244,342.072,7.989243,345.65063
2895,2025-10-28 15:00:00+05:30,9.826088,8.426887,13.644427,8.343804
2896,2025-10-28 16:00:00+05:30,4.8433046,48.01287,10.703569,42.27363
2897,2025-10-28 17:00:00+05:30,3.219938,26.564985,9.139322,32.124966
2898,2025-10-28 18:00:00+05:30,2.657668,151.69934,7.001514,136.04153
2899,2025-10-28 19:00:00+05:30,3.9477081,155.77226,10.088033,164.47583
2900,2025-10-28 20:00:00+05:30,4.73506,188.74608,12.346741,187.53935
2901,2025-10-28 21:00:00+05:30,7.6579366,203.55228,15.299999,205.05759
2902,2025-10-28 22:00:00+05:30,3.3043609,240.64233,9.396275,233.56905
2903,2025-10-28 23:00:00+05:30,2.3469126,265.60138,6.725354,254.47583
2904,2025-10-29 00:00:00+05:30,2.1674871,318.36655,4.8466477,285.06854
2905,2025-10-29 01:00:00+05:30,3.7971036,5.4402504,5.950899,356.53183
2906,2025-10-29 02:00:00+05:30,4.514377,4.5738406,9.266067,7.8152027
2907,2025-10-29 03:00:00+05:30,4.327493,16.927603,9.360001,22.61991
2908,2025-10-29 04:00:00+05:30,3.8939953,33.6901,10.373061,38.65983
2909,2025-10-29 05:00:00+05:30,6.3639607,28.739704,13.392774,36.253937
2910,2025-10-29 06:00:00+05:30,6.522361,50.59937,13.896187,53.426876
2911,2025-10-29 07:00:00+05:30,5.896202,58.736336,13.767352,64.440094
2912,2025-10-29 08:00:00+05:30,8.383054,75.068535,11.656998,76.60749
2913,2025-10-29 09:00:00+05:30,8.536252,114.94388,11.269782,116.56499
2914,2025-10-29 10:00:00+05:30,9.1958685,139.76372,11.854062,138.07755
2915,2025-10-29 11:00:00+05:30,5.509882,128.36752,6.9153743,128.65984
2916,2025-10-29 12:00:00+05:30,5.5887027,104.93147,6.9899354,101.88863
2917,2025-10-29 13:00:00+05:30,18.391735,176.6336,23.842358,175.23645
2918,2025-10-29 14:00:00+05:30,3.319036,319.39877,2.19718,325.0079
2919,2025-10-29 15:00:00+05:30,2.0124612,26.564985,2.3469129,57.528828
2920,2025-10-29 16:00:00+05:30,1.4512063,352.87506,1.26,360.0
2921,2025-10-29 17:00:00+05:30,5.8603754,169.3804,12.966248,166.34956
2922,2025-10-29 18:00:00+05:30,2.1674871,138.36655,7.193247,148.29861
2923,2025-10-29 19:00:00+05:30,4.7521367,65.37646,7.353611,68.45896
2924,2025-10-29 20:00:00+05:30,9.67657,80.36253,16.840345,79.53088
2925,2025-10-29 21:00:00+05:30,9.172938,105.945465,15.606114,97.28886
2926,2025-10-29 22:00:00+05:30,9.919618,78.486206,18.161278,76.2392
2927,2025-10-29 23:00:00+05:30,7.6409945,74.98159,15.367616,76.45205
2928,2025-10-30 00:00:00+05:30,8.656858,93.57626,17.176563,95.41178
2929,2025-10-30 01:00:00+05:30,8.29173,62.878777,16.740967,73.12365
2930,2025-10-30 02:00:00+05:30,9.396275,53.569054,18.463821,60.185936
2931,2025-10-30 03:00:00+05:30,9.109138,52.22426,18.030575,58.055286
2932,2025-10-30 04:00:00+05:30,5.318383,66.03751,12.337553,66.80139
2933,2025-10-30 05:00:00+05:30,11.792404,58.736336,21.836456,60.89962
2934,2025-10-30 06:00:00+05:30,13.040997,69.81411,20.719553,71.25015
2935,2025-10-30 07:00:00+05:30,12.284916,79.019394,18.73557,81.714294
2936,2025-10-30 08:00:00+05:30,16.203999,88.727,21.9718,88.12216
2937,2025-10-30 09:00:00+05:30,15.287288,102.2361,20.170443,103.4162
2938,2025-10-30 10:00:00+05:30,13.049689,114.44395,17.563608,114.200966
2939,2025-10-30 11:00:00+05:30,10.4166975,99.95056,13.767352,101.3099
2940,2025-10-30 12:00:00+05:30,8.528657,97.27491,10.837435,94.76356
2941,2025-10-30 13:00:00+05:30,8.880405,107.700516,11.555102,108.1528
2942,2025-10-30 14:00:00+05:30,7.689603,110.55613,9.997699,113.33407
2943,2025-10-30 15:00:00+05:30,7.6367526,98.13002,9.444426,97.66672
2944,2025-10-30 16:00:00+05:30,5.09435,147.99466,10.703569,137.72638
2945,2025-10-30 17:00:00+05:30,11.13384,145.53912,19.469976,146.3099
2946,2025-10-30 18:00:00+05:30,7.5170207,106.699326,13.948548,107.26589
2947,2025-10-30 19:00:00+05:30,5.6920996,71.564964,12.57426,76.75947
2948,2025-10-30 20:00:00+05:30,5.8104043,73.81073,14.2336645,80.53775
2949,2025-10-30 21:00:00+05:30,8.36758,71.1752,17.160524,74.79754
2950,2025-10-30 22:00:00+05:30,8.311245,85.03035,17.146357,85.785904
2951,2025-10-30 23:00:00+05:30,8.656858,93.57626,17.134071,93.61381
