,date,wind_speed_10m,wind_direction_10m,wind_speed_100m,wind_direction_100m
0,2025-06-30 00:00:00+05:30,5.506941,78.6901,14.248452,86.378586
1,2025-06-30 01:00:00+05:30,7.579261,85.91447,17.643673,91.16911
2,2025-06-30 02:00:00+05:30,10.041354,75.46551,19.781172,82.681076
3,2025-06-30 03:00:00+05:30,11.098865,98.392845,21.075378,100.83004
4,2025-06-30 04:00:00+05:30,11.375658,85.46231,19.719654,84.23746
5,2025-06-30 05:00:00+05:30,12.236029,63.81196,20.893959,67.19026
6,2025-06-30 06:00:00+05:30,8.139901,71.96563,11.177405,75.068535
7,2025-06-30 07:00:00+05:30,8.209263,105.25517,11.225132,105.81926
8,2025-06-30 08:00:00+05:30,9.734988,86.82024,12.991212,86.02759
9,2025-06-30 09:00:00+05:30,17.852697,93.46816,24.02174,94.727905
10,2025-06-30 10:00:00+05:30,12.81165,85.97182,17.123669,86.98728
11,2025-06-30 11:00:00+05:30,12.534257,102.43955,15.893093,103.0919
12,2025-06-30 12:00:00+05:30,12.351988,108.69908,15.767219,108.64189
13,2025-06-30 13:00:00+05:30,11.090103,103.13403,14.018059,102.608604
14,2025-06-30 14:00:00+05:30,7.9383874,93.90042,10.094454,93.06642
15,2025-06-30 15:00:00+05:30,7.79215,96.63242,9.979859,97.253105
16,2025-06-30 16:00:00+05:30,8.885877,96.980965,11.734564,94.39862
17,2025-06-30 17:00:00+05:30,7.5105524,135.97093,10.571074,132.92996
18,2025-06-30 18:00:00+05:30,3.6,90.0,9.430694,103.24053
19,2025-06-30 19:00:00+05:30,3.8183763,98.13002,9.796366,110.432915
20,2025-06-30 20:00:00+05:30,4.2021427,46.73567,10.028439,68.96242
21,2025-06-30 21:00:00+05:30,4.060985,102.80426,11.157096,100.222115
22,2025-06-30 22:00:00+05:30,13.53236,151.38963,23.95691,149.77464
23,2025-06-30 23:00:00+05:30,6.0077944,188.61557,12.606426,170.13426
24,2025-07-01 00:00:00+05:30,10.086427,2.0453732,13.450708,15.524177
25,2025-07-01 01:00:00+05:30,9.178235,25.559923,15.435983,31.651222
26,2025-07-01 02:00:00+05:30,10.8792095,38.955917,18.96503,44.61552
27,2025-07-01 03:00:00+05:30,7.0107627,41.877792,13.934605,61.448715
28,2025-07-01 04:00:00+05:30,11.276967,65.48038,20.49156,71.564964
29,2025-07-01 05:00:00+05:30,10.196647,69.3255,17.682194,75.25639
30,2025-07-01 06:00:00+05:30,8.149847,83.659904,11.588701,83.75819
31,2025-07-01 07:00:00+05:30,7.562142,91.3639,10.285232,94.0141
32,2025-07-01 08:00:00+05:30,12.284916,100.98061,16.380987,102.05077
33,2025-07-01 09:00:00+05:30,12.241323,107.10281,15.94804,106.38962
34,2025-07-01 10:00:00+05:30,12.936228,121.920845,16.79314,120.96369
35,2025-07-01 11:00:00+05:30,11.525623,141.34016,14.477417,141.56267
36,2025-07-01 12:00:00+05:30,8.55142,120.34317,10.436895,122.319595
37,2025-07-01 13:00:00+05:30,8.32877,83.796646,10.285232,85.98591
38,2025-07-01 14:00:00+05:30,10.004178,81.7242,12.503199,83.386635
39,2025-07-01 15:00:00+05:30,12.93247,81.19329,18.080818,80.25643
40,2025-07-01 16:00:00+05:30,10.853866,95.7105,14.799459,94.18484
41,2025-07-01 17:00:00+05:30,8.613709,100.84026,12.783802,99.72751
42,2025-07-01 18:00:00+05:30,4.39436,55.0079,12.039833,58.44866
43,2025-07-01 19:00:00+05:30,8.37532,171.34753,13.288341,151.69934
44,2025-07-01 20:00:00+05:30,6.1226463,204.30453,11.555103,184.46707
45,2025-07-01 21:00:00+05:30,3.4152596,198.43504,8.723967,158.19853
46,2025-07-01 22:00:00+05:30,0.71999997,90.0,6.1094027,135.0001
47,2025-07-01 23:00:00+05:30,0.5091169,135.0001,3.710795,129.09386
48,2025-07-02 00:00:00+05:30,8.759178,189.46225,16.203999,178.727
49,2025-07-02 01:00:00+05:30,5.8603754,47.489597,10.3480425,76.93068
50,2025-07-02 02:00:00+05:30,9.67657,46.507374,16.981165,57.99466
51,2025-07-02 03:00:00+05:30,12.204212,52.791996,22.268406,57.209133
52,2025-07-02 04:00:00+05:30,9.919618,78.486206,18.73557,81.714294
53,2025-07-02 05:00:00+05:30,10.6261,79.261154,19.296133,81.416466
54,2025-07-02 06:00:00+05:30,10.6261,79.261154,14.827893,79.50858
55,2025-07-02 07:00:00+05:30,11.431063,97.236824,15.367616,95.37662
56,2025-07-02 08:00:00+05:30,9.565437,109.798965,12.303366,110.55613
57,2025-07-02 09:00:00+05:30,9.984729,123.976585,12.830604,124.135994
58,2025-07-02 10:00:00+05:30,9.913082,119.357666,12.16832,119.21915
59,2025-07-02 11:00:00+05:30,8.133928,114.86367,10.070353,114.27443
60,2025-07-02 12:00:00+05:30,12.059999,90.0,15.172407,94.76356
61,2025-07-02 13:00:00+05:30,7.570707,61.60708,10.597094,69.10216
62,2025-07-02 14:00:00+05:30,4.724786,49.635548,6.452441,59.8587
63,2025-07-02 15:00:00+05:30,8.037761,55.954018,10.484903,55.491425
64,2025-07-02 16:00:00+05:30,9.449572,72.25524,12.641076,70.01681
65,2025-07-02 17:00:00+05:30,8.996398,109.885254,12.750811,108.946594
66,2025-07-02 18:00:00+05:30,5.8603754,79.380394,14.619946,85.76369
67,2025-07-02 19:00:00+05:30,6.5520988,74.054535,16.069473,85.50294
68,2025-07-02 20:00:00+05:30,7.7400002,90.0,18.044046,94.0041
69,2025-07-02 21:00:00+05:30,6.050785,120.37905,14.822429,114.38637
70,2025-07-02 22:00:00+05:30,7.0015144,72.03077,15.506141,86.67267
71,2025-07-02 23:00:00+05:30,7.120815,69.27436,14.830076,95.572105
72,2025-07-03 00:00:00+05:30,9.906544,65.29759,17.505404,85.87249
73,2025-07-03 01:00:00+05:30,9.0018,88.85426,17.845436,98.70214
74,2025-07-03 02:00:00+05:30,13.874019,67.0942,24.257963,73.17851
75,2025-07-03 03:00:00+05:30,15.224637,65.55606,26.208395,69.075424
76,2025-07-03 04:00:00+05:30,12.362475,73.93995,23.448412,77.137245
77,2025-07-03 05:00:00+05:30,14.05845,92.935616,25.402967,92.4366
78,2025-07-03 06:00:00+05:30,8.905908,75.96373,17.731598,84.17376
79,2025-07-03 07:00:00+05:30,14.2336645,103.15755,19.80409,101.003494
80,2025-07-03 08:00:00+05:30,17.917007,112.4428,24.273317,113.14283
81,2025-07-03 09:00:00+05:30,13.237039,112.38018,18.27953,115.05095
82,2025-07-03 10:00:00+05:30,16.507088,115.16783,22.137074,116.56499
83,2025-07-03 11:00:00+05:30,15.410776,112.67139,20.232191,113.600204
84,2025-07-03 12:00:00+05:30,13.055896,105.1859,16.344357,106.638885
85,2025-07-03 13:00:00+05:30,13.737904,68.47733,17.932371,70.65558
86,2025-07-03 14:00:00+05:30,9.080639,103.76081,12.992458,100.37579
87,2025-07-03 15:00:00+05:30,7.6367526,98.13002,10.564942,98.820305
88,2025-07-03 16:00:00+05:30,8.0599,119.42737,10.706596,116.99576
89,2025-07-03 17:00:00+05:30,9.007196,92.29056,13.218668,96.253944
90,2025-07-03 18:00:00+05:30,5.876938,40.030197,14.4,90.0
91,2025-07-03 19:00:00+05:30,7.001514,43.958473,13.277364,74.26794
92,2025-07-03 20:00:00+05:30,14.2575445,46.02295,24.628447,54.218838
93,2025-07-03 21:00:00+05:30,9.354806,30.018288,17.123669,33.857155
94,2025-07-03 22:00:00+05:30,4.471107,49.899166,11.638917,50.648273
95,2025-07-03 23:00:00+05:30,6.482499,358.40887,10.8792095,16.336123
96,2025-07-04 00:00:00+05:30,4.6834598,2.2025495,10.215693,14.281137
97,2025-07-04 01:00:00+05:30,5.904439,37.568665,12.351987,46.771442
98,2025-07-04 02:00:00+05:30,7.2,90.0,16.02101,90.64374
99,2025-07-04 03:00:00+05:30,8.777653,105.46127,17.035456,105.945465
100,2025-07-04 04:00:00+05:30,5.5567255,65.09527,12.93247,81.19329
101,2025-07-04 05:00:00+05:30,9.05205,72.64589,15.922624,79.57934
102,2025-07-04 06:00:00+05:30,9.403169,95.49223,12.906138,98.017006
103,2025-07-04 07:00:00+05:30,11.570515,95.355736,15.206537,96.11541
104,2025-07-04 08:00:00+05:30,12.440851,93.31772,18.057508,94.57384
105,2025-07-04 09:00:00+05:30,11.897714,100.459854,16.87398,101.07016
106,2025-07-04 10:00:00+05:30,15.611304,110.942726,20.393293,110.67451
107,2025-07-04 11:00:00+05:30,14.186923,144.29323,20.448032,143.23088
108,2025-07-04 12:00:00+05:30,5.720489,102.72436,8.085988,106.821495
109,2025-07-04 13:00:00+05:30,9.375563,93.301796,11.901798,93.46816
110,2025-07-04 14:00:00+05:30,10.799999,90.0,13.324863,91.54813
111,2025-07-04 15:00:00+05:30,9.178235,78.6901,13.110376,81.31373
112,2025-07-04 16:00:00+05:30,7.0223074,88.531235,9.54679,87.838974
113,2025-07-04 17:00:00+05:30,10.464797,116.56499,15.702356,115.09622
114,2025-07-04 18:00:00+05:30,4.445672,111.3707,11.39842,105.57261
115,2025-07-04 19:00:00+05:30,13.237038,135.0001,23.419376,135.0001
116,2025-07-04 20:00:00+05:30,12.492829,143.79045,22.303299,137.94412
117,2025-07-04 21:00:00+05:30,7.0843205,62.783974,14.561099,81.46932
118,2025-07-04 22:00:00+05:30,2.7475805,31.607454,9.278297,71.916466
119,2025-07-04 23:00:00+05:30,1.9386592,68.19853,7.388775,87.20736
120,2025-07-05 00:00:00+05:30,8.490582,94.864426,17.431213,106.18928
121,2025-07-05 01:00:00+05:30,10.163227,112.93214,18.442755,114.81417
122,2025-07-05 02:00:00+05:30,8.427383,109.98319,16.78156,112.714455
123,2025-07-05 03:00:00+05:30,7.970972,96.48298,15.815435,101.821465
124,2025-07-05 04:00:00+05:30,10.742848,81.32691,19.738539,83.7176
125,2025-07-05 05:00:00+05:30,11.525623,91.78987,19.493261,94.23632
126,2025-07-05 06:00:00+05:30,9.9587345,96.22574,15.359179,100.12462
127,2025-07-05 07:00:00+05:30,11.442394,109.290146,16.108742,108.23258
128,2025-07-05 08:00:00+05:30,18.469963,102.95277,25.365313,103.5432
129,2025-07-05 09:00:00+05:30,17.932371,109.34443,23.45394,109.269394
130,2025-07-05 10:00:00+05:30,12.074766,100.30479,15.956163,101.05637
131,2025-07-05 11:00:00+05:30,16.208998,119.98155,22.786179,117.77953
132,2025-07-05 12:00:00+05:30,10.546525,117.439644,14.248452,116.24129
133,2025-07-05 13:00:00+05:30,10.304115,109.38461,13.4903965,108.676796
134,2025-07-05 14:00:00+05:30,8.101999,88.727,10.6261,91.94145
135,2025-07-05 15:00:00+05:30,8.854829,63.435013,11.592895,64.23073
136,2025-07-05 16:00:00+05:30,9.734987,70.559875,13.661038,71.564964
137,2025-07-05 17:00:00+05:30,9.354806,78.90632,15.861461,80.85844
138,2025-07-05 18:00:00+05:30,6.0347,72.64589,13.849476,81.02746
139,2025-07-05 19:00:00+05:30,8.089993,69.14546,17.640919,81.78731
140,2025-07-05 20:00:00+05:30,9.826088,81.57312,20.719555,87.5105
141,2025-07-05 21:00:00+05:30,8.61371,63.970474,19.121557,75.83292
142,2025-07-05 22:00:00+05:30,9.56713,78.05585,20.558647,86.48632
143,2025-07-05 23:00:00+05:30,9.826088,98.42689,20.518421,97.56133
144,2025-07-06 00:00:00+05:30,12.98248,106.9276,23.569693,107.32801
145,2025-07-06 01:00:00+05:30,11.885453,91.73567,21.447208,92.88636
146,2025-07-06 02:00:00+05:30,14.224556,91.45019,24.933735,94.96966
147,2025-07-06 03:00:00+05:30,12.979984,93.17977,22.571884,94.57384
148,2025-07-06 04:00:00+05:30,11.966953,83.08887,21.27734,86.60515
149,2025-07-06 05:00:00+05:30,14.205182,81.25392,23.376448,83.367584
150,2025-07-06 06:00:00+05:30,17.47484,71.37833,25.10274,71.1752
151,2025-07-06 07:00:00+05:30,20.712517,88.00795,29.524935,88.95205
152,2025-07-06 08:00:00+05:30,18.94024,98.74608,26.604097,98.95239
153,2025-07-06 09:00:00+05:30,18.820976,102.70711,25.849905,102.87501
154,2025-07-06 10:00:00+05:30,21.872036,103.80754,29.993101,103.53587
155,2025-07-06 11:00:00+05:30,17.82727,106.422264,23.587555,105.945465
156,2025-07-06 12:00:00+05:30,16.895088,104.18433,22.26477,104.03627
157,2025-07-06 13:00:00+05:30,14.120539,107.04912,17.878994,106.975586
158,2025-07-06 14:00:00+05:30,14.588885,80.77019,19.507383,85.23644
159,2025-07-06 15:00:00+05:30,9.021574,61.389645,12.245293,65.695465
160,2025-07-06 16:00:00+05:30,10.621525,89.029,14.764389,91.39715
161,2025-07-06 17:00:00+05:30,9.422101,83.41815,16.928614,88.17207
162,2025-07-06 18:00:00+05:30,4.080882,41.42357,11.457958,46.27295
163,2025-07-06 19:00:00+05:30,5.991594,32.73523,14.545515,40.98574
164,2025-07-06 20:00:00+05:30,5.815978,68.19853,15.451717,81.96438
165,2025-07-06 21:00:00+05:30,12.870944,132.16582,24.406431,129.91373
166,2025-07-06 22:00:00+05:30,11.028581,116.14678,22.956175,118.57451
167,2025-07-06 23:00:00+05:30,9.919618,101.5138,20.949713,107.50095
168,2025-07-07 00:00:00+05:30,8.647496,92.385895,18.790829,99.37202
169,2025-07-07 01:00:00+05:30,7.628263,70.70986,17.571909,83.53027
170,2025-07-07 02:00:00+05:30,9.107359,71.564964,19.501568,80.972466
171,2025-07-07 03:00:00+05:30,10.081606,91.02301,20.558647,93.51369
172,2025-07-07 04:00:00+05:30,9.321845,100.00792,19.80409,101.003494
173,2025-07-07 05:00:00+05:30,10.209348,80.8699,19.807362,88.43781
174,2025-07-07 06:00:00+05:30,10.259999,90.0,18.367939,91.68465
175,2025-07-07 07:00:00+05:30,12.287555,95.04236,17.552536,95.885895
176,2025-07-07 08:00:00+05:30,17.552536,103.038666,24.150877,102.48248
177,2025-07-07 09:00:00+05:30,16.546299,112.38018,22.22836,111.3707
178,2025-07-07 10:00:00+05:30,17.046865,111.68913,22.66857,110.44964
179,2025-07-07 11:00:00+05:30,17.388409,117.095474,23.103193,116.36535
180,2025-07-07 12:00:00+05:30,15.22783,122.93869,19.672773,122.672226
181,2025-07-07 13:00:00+05:30,7.4932766,114.102234,9.194106,113.05133
182,2025-07-07 14:00:00+05:30,8.163749,104.03627,9.867218,104.79681
183,2025-07-07 15:00:00+05:30,6.090812,55.840256,7.889258,55.222095
184,2025-07-07 16:00:00+05:30,5.728979,133.72705,9.252069,127.09292
185,2025-07-07 17:00:00+05:30,7.814986,352.0566,10.674773,5.8066354
186,2025-07-07 18:00:00+05:30,4.14,90.0,9.36173,91.101685
187,2025-07-07 19:00:00+05:30,7.458606,109.74693,15.463246,114.775116
188,2025-07-07 20:00:00+05:30,7.5685663,92.72626,15.484185,107.592514
189,2025-07-07 21:00:00+05:30,5.297018,80.21766,12.189602,106.29412
190,2025-07-07 22:00:00+05:30,5.6492476,30.6506,10.062305,63.435013
191,2025-07-07 23:00:00+05:30,9.693296,31.328646,18.899143,40.364468
192,2025-07-08 00:00:00+05:30,10.316686,47.12111,19.77462,55.0079
193,2025-07-08 01:00:00+05:30,11.334285,69.55037,19.830248,81.64934
194,2025-07-08 02:00:00+05:30,11.196231,94.610565,19.863714,104.1622
195,2025-07-08 03:00:00+05:30,12.033103,68.03938,20.933464,78.59348
196,2025-07-08 04:00:00+05:30,12.71901,63.072414,23.533234,68.930954
197,2025-07-08 05:00:00+05:30,12.124307,71.833954,21.566975,75.4998
198,2025-07-08 06:00:00+05:30,9.867218,75.2032,18.030573,75.54753
199,2025-07-08 07:00:00+05:30,11.616627,77.4712,17.34083,80.43998
200,2025-07-08 08:00:00+05:30,18.089775,95.7105,25.006397,96.613365
201,2025-07-08 09:00:00+05:30,21.281145,98.26709,29.30022,98.47847
202,2025-07-08 10:00:00+05:30,18.751125,93.301796,25.611286,93.626495
203,2025-07-08 11:00:00+05:30,18.072754,95.14268,24.430317,95.920525
204,2025-07-08 12:00:00+05:30,18.25026,104.85866,24.798223,103.431046
205,2025-07-08 13:00:00+05:30,22.571884,113.49858,30.419998,112.61991
206,2025-07-08 14:00:00+05:30,18.58451,111.595375,26.040346,111.06602
207,2025-07-08 15:00:00+05:30,19.72869,121.949936,27.417963,122.12497
208,2025-07-08 16:00:00+05:30,18.800308,120.49328,26.769213,119.84037
209,2025-07-08 17:00:00+05:30,15.677576,102.60016,24.19042,102.89875
210,2025-07-08 18:00:00+05:30,10.158444,82.875084,18.0,90.0
211,2025-07-08 19:00:00+05:30,15.256526,109.290146,25.331442,107.7913
212,2025-07-08 20:00:00+05:30,13.466357,127.94221,22.871334,125.06599
213,2025-07-08 21:00:00+05:30,11.442394,109.290146,20.924177,111.709946
214,2025-07-08 22:00:00+05:30,10.172787,103.298584,19.639805,107.60473
215,2025-07-08 23:00:00+05:30,10.799999,90.0,20.518421,97.56133
216,2025-07-09 00:00:00+05:30,9.901636,88.9584,19.313757,94.275764
217,2025-07-09 01:00:00+05:30,8.32877,96.203354,18.040453,102.09474
218,2025-07-09 02:00:00+05:30,6.361415,64.8852,14.957339,92.75905
219,2025-07-09 03:00:00+05:30,7.1321807,79.824554,17.34083,99.56003
220,2025-07-09 04:00:00+05:30,6.698806,83.829926,16.63126,99.97199
221,2025-07-09 05:00:00+05:30,8.209263,74.74483,15.890034,85.45205
222,2025-07-09 06:00:00+05:30,10.564942,81.1797,21.426804,91.44409
223,2025-07-09 07:00:00+05:30,15.062033,104.53449,22.571884,103.371346
224,2025-07-09 08:00:00+05:30,24.541468,102.711136,34.889366,102.81737
225,2025-07-09 09:00:00+05:30,24.50249,105.77202,34.792187,106.841286
226,2025-07-09 10:00:00+05:30,24.86868,112.109505,34.532337,112.68883
227,2025-07-09 11:00:00+05:30,17.892578,113.7284,25.056879,114.17144
228,2025-07-09 12:00:00+05:30,22.545315,109.59237,31.433586,110.09532
229,2025-07-09 13:00:00+05:30,19.296133,104.03627,26.76195,104.41015
230,2025-07-09 14:00:00+05:30,18.789963,94.94588,26.300335,97.07629
231,2025-07-09 15:00:00+05:30,22.942055,116.56499,33.16692,117.12123
232,2025-07-09 16:00:00+05:30,13.009903,104.420815,20.793701,106.081726
233,2025-07-09 17:00:00+05:30,17.114204,112.24908,26.339111,111.65605
234,2025-07-09 18:00:00+05:30,17.823637,110.08207,29.04923,112.59259
235,2025-07-09 19:00:00+05:30,14.766584,99.11778,25.453934,100.59472
236,2025-07-09 20:00:00+05:30,12.108261,101.14285,21.786694,104.83999
237,2025-07-09 21:00:00+05:30,9.854075,99.46225,19.639805,107.60473
238,2025-07-09 22:00:00+05:30,9.36,90.0,18.968447,99.28348
239,2025-07-09 23:00:00+05:30,6.5049515,75.57919,15.68584,86.71083
240,2025-07-10 00:00:00+05:30,8.641874,54.323517,17.25373,66.64442
241,2025-07-10 01:00:00+05:30,10.534229,56.852993,19.813087,65.29759
242,2025-07-10 02:00:00+05:30,11.521406,61.03244,21.25906,68.64896
243,2025-07-10 03:00:00+05:30,10.662626,68.19853,20.212965,76.08748
244,2025-07-10 04:00:00+05:30,9.3669195,87.79745,18.98552,95.44024
245,2025-07-10 05:00:00+05:30,8.865799,84.17376,16.764177,93.07739
246,2025-07-10 06:00:00+05:30,12.800265,86.77554,22.714973,93.17977
247,2025-07-10 07:00:00+05:30,15.606114,97.28886,25.481922,98.530685
248,2025-07-10 08:00:00+05:30,12.221456,99.32352,19.561287,100.06901
249,2025-07-10 09:00:00+05:30,11.53265,87.316284,17.648262,91.753365
250,2025-07-10 10:00:00+05:30,12.632101,85.91447,17.828178,88.264336
251,2025-07-10 11:00:00+05:30,17.309973,106.9276,23.397923,107.4593
252,2025-07-10 12:00:00+05:30,17.14919,110.90806,23.030151,111.552
253,2025-07-10 13:00:00+05:30,15.388685,114.166626,20.634155,113.658005
254,2025-07-10 14:00:00+05:30,14.423605,119.12396,19.179081,119.2112
255,2025-07-10 15:00:00+05:30,15.15104,136.44406,20.366266,135.71608
256,2025-07-10 16:00:00+05:30,9.867218,141.66663,13.943901,140.76265
257,2025-07-10 17:00:00+05:30,7.382195,135.0001,11.975074,132.56331
258,2025-07-10 18:00:00+05:30,4.913044,118.442825,12.330985,123.6901
259,2025-07-10 19:00:00+05:30,3.9763298,84.805664,10.472535,118.767555
260,2025-07-10 20:00:00+05:30,4.471107,130.10085,12.136325,144.6598
261,2025-07-10 21:00:00+05:30,4.2671766,152.35411,11.545284,149.03632
262,2025-07-10 22:00:00+05:30,4.8433046,138.01286,13.619471,150.72484
263,2025-07-10 23:00:00+05:30,2.6758924,70.346085,7.519175,132.0891
264,2025-07-11 00:00:00+05:30,5.441838,34.215755,7.7983837,71.14675
265,2025-07-11 01:00:00+05:30,4.510787,61.389645,9.726665,92.12105
266,2025-07-11 02:00:00+05:30,4.599695,59.420856,8.967541,100.40766
267,2025-07-11 03:00:00+05:30,5.3426957,57.380775,9.779817,96.340096
268,2025-07-11 04:00:00+05:30,5.6492476,67.52052,11.788281,97.01641
269,2025-07-11 05:00:00+05:30,5.8104043,73.81073,10.873251,109.3349
270,2025-07-11 06:00:00+05:30,5.8603754,100.619606,8.36758,108.8248
271,2025-07-11 07:00:00+05:30,7.145796,130.91429,9.567131,131.18582
272,2025-07-11 08:00:00+05:30,5.0432134,145.17545,6.489992,146.3099
273,2025-07-11 09:00:00+05:30,3.06,118.072395,3.8939953,123.6901
274,2025-07-11 10:00:00+05:30,3.244996,93.17977,3.9763298,95.19434
275,2025-07-11 11:00:00+05:30,4.514377,113.49858,5.318383,113.962494
276,2025-07-11 12:00:00+05:30,4.2671766,117.64589,5.1575575,119.24873
277,2025-07-11 13:00:00+05:30,3.7585104,106.699326,4.5,106.26028
278,2025-07-11 14:00:00+05:30,3.143565,113.62939,3.7842832,115.34614
279,2025-07-11 15:00:00+05:30,2.1068459,109.98319,2.5772078,102.09474
280,2025-07-11 16:00:00+05:30,4.3536186,150.2552,5.3999996,143.13002
281,2025-07-11 17:00:00+05:30,4.5891175,138.17992,6.156947,142.12495
282,2025-07-11 18:00:00+05:30,2.3400002,112.61991,6.502461,131.63345
283,2025-07-11 19:00:00+05:30,2.0991426,59.03632,5.12289,108.43504
284,2025-07-11 20:00:00+05:30,1.9386592,111.801476,6.618519,135.0001
285,2025-07-11 21:00:00+05:30,2.8460495,124.69522,8.161764,138.57643
286,2025-07-11 22:00:00+05:30,2.657668,118.30067,8.4963045,143.61555
287,2025-07-11 23:00:00+05:30,2.0124612,79.69521,7.386582,136.97493
288,2025-07-12 00:00:00+05:30,2.8116899,50.194473,5.5450516,103.13403
289,2025-07-12 01:00:00+05:30,3.4576871,38.65983,6.1858225,81.6342
290,2025-07-12 02:00:00+05:30,3.3043609,60.64234,7.2202215,85.71093
291,2025-07-12 03:00:00+05:30,3.3043609,119.357666,7.8149853,118.92633
292,2025-07-12 04:00:00+05:30,5.4656014,162.75845,10.630672,151.69934
293,2025-07-12 05:00:00+05:30,6.7205353,159.62349,11.555102,161.8472
294,2025-07-12 06:00:00+05:30,4.613762,159.44388,8.759178,170.53775
295,2025-07-12 07:00:00+05:30,3.4152596,161.56496,4.5536795,161.56496
296,2025-07-12 08:00:00+05:30,5.00128,120.256355,6.297428,120.963684
297,2025-07-12 09:00:00+05:30,7.282774,129.98683,8.942214,130.10085
298,2025-07-12 10:00:00+05:30,8.149847,136.78989,10.185519,136.43204
299,2025-07-12 11:00:00+05:30,7.0107627,138.12222,8.827344,140.79282
300,2025-07-12 12:00:00+05:30,4.91634,113.749504,5.7964473,115.76928
301,2025-07-12 13:00:00+05:30,4.599695,59.420856,5.402999,60.018444
302,2025-07-12 14:00:00+05:30,5.1481256,53.530666,6.299999,53.13002
303,2025-07-12 15:00:00+05:30,1.3708391,293.1986,1.659518,319.39877
304,2025-07-12 16:00:00+05:30,5.771239,176.42374,6.924738,171.02745
305,2025-07-12 17:00:00+05:30,9.403169,185.49223,15.546833,185.31445
306,2025-07-12 18:00:00+05:30,2.36753,98.74608,5.506941,101.3099
307,2025-07-12 19:00:00+05:30,3.06,118.072395,6.6818557,117.25525
308,2025-07-12 20:00:00+05:30,3.244996,93.17977,7.689603,106.31393
309,2025-07-12 21:00:00+05:30,3.9763298,84.805664,9.567131,94.31595
310,2025-07-12 22:00:00+05:30,1.7076298,108.43504,6.792466,122.00535
311,2025-07-12 23:00:00+05:30,17.95404,115.53739,30.43757,120.963684
312,2025-07-13 00:00:00+05:30,3.9844694,108.43504,10.636766,113.962494
313,2025-07-13 01:00:00+05:30,7.555712,12.380747,14.372974,22.067963
314,2025-07-13 02:00:00+05:30,5.7628117,358.21014,11.304229,9.16228
315,2025-07-13 03:00:00+05:30,4.323748,2.385899,10.934166,20.224945
316,2025-07-13 04:00:00+05:30,2.9024127,352.87506,8.65873,20.695532
317,2025-07-13 05:00:00+05:30,2.5772076,294.77512,3.189608,16.389616
318,2025-07-13 06:00:00+05:30,3.3092597,67.61982,9.867218,75.2032
319,2025-07-13 07:00:00+05:30,3.671294,78.6901,6.162207,83.29026
320,2025-07-13 08:00:00+05:30,8.37532,61.782738,11.028581,63.853214
321,2025-07-13 09:00:00+05:30,8.427383,70.01681,10.765445,69.44387
322,2025-07-13 10:00:00+05:30,6.8612823,85.4861,8.6867485,84.05324
323,2025-07-13 11:00:00+05:30,7.613382,83.21112,9.6228485,82.47627
324,2025-07-13 12:00:00+05:30,3.84796,79.21575,5.2416787,74.054535
325,2025-07-13 13:00:00+05:30,2.5582807,309.28937,2.8001428,315.0001
326,2025-07-13 14:00:00+05:30,3.2846913,350.53775,4.353619,352.87506
327,2025-07-13 15:00:00+05:30,1.609969,153.43501,1.835647,168.69011
328,2025-07-13 16:00:00+05:30,8.596766,160.42679,10.957847,165.73546
329,2025-07-13 17:00:00+05:30,3.6,126.86999,4.4565907,133.36346
330,2025-07-13 18:00:00+05:30,9.299225,312.64667,11.328566,315.64368
331,2025-07-13 19:00:00+05:30,7.2044983,12.99463,11.177405,14.931467
332,2025-07-13 20:00:00+05:30,8.3520775,37.116943,14.275713,48.06657
333,2025-07-13 21:00:00+05:30,10.571074,42.92997,18.584509,44.215275
334,2025-07-13 22:00:00+05:30,4.3498964,65.55606,11.672275,63.435013
335,2025-07-13 23:00:00+05:30,4.0249224,116.56499,11.177405,104.93147
336,2025-07-14 00:00:00+05:30,9.9977,103.53587,20.224983,94.59417
337,2025-07-14 01:00:00+05:30,11.51578,114.96276,21.226265,112.43304
338,2025-07-14 02:00:00+05:30,15.7908325,136.8476,26.475302,134.44917
339,2025-07-14 03:00:00+05:30,11.276967,114.51963,19.33639,118.9509
340,2025-07-14 04:00:00+05:30,9.741642,117.51192,17.414474,119.74479
341,2025-07-14 05:00:00+05:30,12.535549,111.03758,20.849718,116.12257
342,2025-07-14 06:00:00+05:30,15.668273,137.32785,22.961115,138.81418
343,2025-07-14 07:00:00+05:30,11.778658,128.79657,17.968472,132.15779
344,2025-07-14 08:00:00+05:30,12.229406,137.38599,17.581125,137.4896
345,2025-07-14 09:00:00+05:30,7.1684303,128.8845,10.464797,130.81499
346,2025-07-14 10:00:00+05:30,3.4949677,101.88863,4.952453,109.09359
347,2025-07-14 11:00:00+05:30,3.9312592,15.945477,4.6800003,22.61991
348,2025-07-14 12:00:00+05:30,6.2483597,11.633606,7.42159,14.036275
349,2025-07-14 13:00:00+05:30,6.689125,23.805958,8.133928,24.863682
350,2025-07-14 14:00:00+05:30,5.854844,44.999897,7.386582,46.97493
351,2025-07-14 15:00:00+05:30,4.9785542,102.5288,5.9834766,96.91113
352,2025-07-14 16:00:00+05:30,7.2403865,145.1246,9.585739,145.71307
353,2025-07-14 17:00:00+05:30,5.7176566,151.8215,9.335737,146.0035
354,2025-07-14 18:00:00+05:30,8.55142,120.34317,17.318394,127.822815
355,2025-07-14 19:00:00+05:30,12.245293,114.30454,21.559462,112.067955
356,2025-07-14 20:00:00+05:30,13.110376,98.68627,24.11261,96.85967
357,2025-07-14 21:00:00+05:30,15.206538,106.50443,26.189846,107.189674
358,2025-07-14 22:00:00+05:30,16.954432,86.347855,28.98,90.0
359,2025-07-14 23:00:00+05:30,14.561099,81.46932,25.57584,87.98342
360,2025-07-15 00:00:00+05:30,11.481968,80.98076,21.246862,88.54368
361,2025-07-15 01:00:00+05:30,11.620809,73.81073,21.429073,79.35084
362,2025-07-15 02:00:00+05:30,12.815443,79.47927,23.356342,83.8062
363,2025-07-15 03:00:00+05:30,12.800265,86.77554,23.766134,88.69808
364,2025-07-15 04:00:00+05:30,11.230904,83.5585,21.25906,87.57372
365,2025-07-15 05:00:00+05:30,12.015589,81.38444,21.468348,86.154045
366,2025-07-15 06:00:00+05:30,14.892213,97.64032,23.546999,101.911194
367,2025-07-15 07:00:00+05:30,16.67795,83.181885,25.146585,84.248695
368,2025-07-15 08:00:00+05:30,19.443333,88.93912,27.720583,89.62797
369,2025-07-15 09:00:00+05:30,20.00026,87.420906,28.460497,87.8253
370,2025-07-15 10:00:00+05:30,24.84587,91.24534,34.920464,90.295334
371,2025-07-15 11:00:00+05:30,24.23324,95.541115,33.424305,94.942924
372,2025-07-15 12:00:00+05:30,22.007162,93.751656,30.813665,92.6785
373,2025-07-15 13:00:00+05:30,18.728653,103.90272,25.671307,104.62092
374,2025-07-15 14:00:00+05:30,17.325876,113.902054,23.77772,113.65422
375,2025-07-15 15:00:00+05:30,15.481046,113.28609,21.273533,113.962494
376,2025-07-15 16:00:00+05:30,14.178928,110.045334,19.809813,109.09359
377,2025-07-15 17:00:00+05:30,9.676569,108.43504,15.881875,107.818985
378,2025-07-15 18:00:00+05:30,8.037761,124.04598,16.724508,124.03217
379,2025-07-15 19:00:00+05:30,4.6938252,94.39862,13.1041975,110.924576
380,2025-07-15 20:00:00+05:30,4.445672,111.3707,12.413477,119.53869
381,2025-07-15 21:00:00+05:30,4.3349743,85.23644,11.832176,103.19062
382,2025-07-15 22:00:00+05:30,4.3498964,65.55606,11.16145,89.07598
383,2025-07-15 23:00:00+05:30,4.7827187,70.20104,11.701385,89.11862
384,2025-07-16 00:00:00+05:30,5.232399,93.945114,13.110376,98.68627
385,2025-07-16 01:00:00+05:30,3.01735,107.35411,9.826088,118.442825
386,2025-07-16 02:00:00+05:30,6.5248446,114.44395,14.508715,127.438644
387,2025-07-16 03:00:00+05:30,4.514377,85.42616,10.228373,118.36895
388,2025-07-16 04:00:00+05:30,10.158444,60.25522,16.67795,71.760506
389,2025-07-16 05:00:00+05:30,10.390226,75.96373,18.403185,86.07417
390,2025-07-16 06:00:00+05:30,10.075177,18.758749,18.645428,49.698753
391,2025-07-16 07:00:00+05:30,8.490582,32.005356,17.134071,58.313683
392,2025-07-16 08:00:00+05:30,8.604301,74.219185,14.230248,87.8253
393,2025-07-16 09:00:00+05:30,5.2694216,97.853226,7.968939,108.43504
394,2025-07-16 10:00:00+05:30,7.4867883,62.818974,9.499158,62.949482
395,2025-07-16 11:00:00+05:30,7.3094187,37.99879,9.867218,38.33339
396,2025-07-16 12:00:00+05:30,6.037383,10.304792,7.342588,11.3098955
397,2025-07-16 13:00:00+05:30,7.922045,358.69806,10.261578,358.99493
398,2025-07-16 14:00:00+05:30,6.8612823,4.5139127,9.195868,3.3664
399,2025-07-16 15:00:00+05:30,5.8603754,349.3804,7.458606,351.67444
400,2025-07-16 16:00:00+05:30,5.5450516,346.86597,7.2044983,347.00537
401,2025-07-16 17:00:00+05:30,5.637765,16.699326,8.139901,18.03438
402,2025-07-16 18:00:00+05:30,0.40249225,206.56499,3.7971041,121.42952
403,2025-07-16 19:00:00+05:30,2.1749482,204.44394,5.6492476,157.52052
404,2025-07-16 20:00:00+05:30,1.4058449,230.19447,5.2478566,174.09395
405,2025-07-16 21:00:00+05:30,0.9693296,158.19853,4.846648,148.67137
406,2025-07-16 22:00:00+05:30,2.3400002,157.3801,6.623413,137.20262
407,2025-07-16 23:00:00+05:30,1.5273507,135.0001,6.889557,123.2749
408,2025-07-17 00:00:00+05:30,2.226477,165.96373,7.10031,149.53453
409,2025-07-17 01:00:00+05:30,3.4949677,101.88863,8.805294,130.85529
410,2025-07-17 02:00:00+05:30,1.484318,14.036275,3.550155,120.46546
411,2025-07-17 03:00:00+05:30,2.4216523,41.98713,3.8183763,98.13002
412,2025-07-17 04:00:00+05:30,1.8,143.13002,5.0816135,157.06787
413,2025-07-17 05:00:00+05:30,4.353619,172.87508,6.6818557,175.36462
414,2025-07-17 06:00:00+05:30,5.9427266,125.13428,9.931042,133.53127
415,2025-07-17 07:00:00+05:30,6.0077944,171.38443,8.338489,166.26372
416,2025-07-17 08:00:00+05:30,5.1544156,192.09474,6.4624763,192.875
417,2025-07-17 09:00:00+05:30,4.2175345,230.19447,5.2323985,229.18501
418,2025-07-17 10:00:00+05:30,5.495161,238.39255,6.698806,239.30035
419,2025-07-17 11:00:00+05:30,6.090812,235.84026,7.388775,235.92276
420,2025-07-17 12:00:00+05:30,7.1389914,236.3099,8.78872,235.0079
421,2025-07-17 13:00:00+05:30,8.723967,248.19853,10.829958,248.5522
422,2025-07-17 14:00:00+05:30,10.062305,243.43501,13.121493,243.08353
423,2025-07-17 15:00:00+05:30,8.936777,251.20001,11.7827835,251.28816
424,2025-07-17 16:00:00+05:30,9.734987,250.55988,13.210087,250.0835
425,2025-07-17 17:00:00+05:30,6.050785,210.37904,11.246759,219.80553
426,2025-07-17 18:00:00+05:30,1.3104197,254.05453,4.5,253.73972
427,2025-07-17 19:00:00+05:30,2.0124612,243.43501,5.9834766,263.08887
428,2025-07-17 20:00:00+05:30,1.484318,255.96373,4.8899083,263.6599
429,2025-07-17 21:00:00+05:30,0.742159,194.03627,3.494968,235.49141
430,2025-07-17 22:00:00+05:30,2.6999998,323.13004,5.2478566,300.96368
431,2025-07-17 23:00:00+05:30,1.8089776,354.2895,3.8183763,315.0001
432,2025-07-18 00:00:00+05:30,0.9,323.13,3.319036,310.60123
433,2025-07-18 01:00:00+05:30,2.3469126,274.39862,4.8466477,285.06854
434,2025-07-18 02:00:00+05:30,1.8089776,185.7105,4.2175345,219.80553
435,2025-07-18 03:00:00+05:30,7.1389914,146.3099,9.743305,168.27492
436,2025-07-18 04:00:00+05:30,5.1575575,150.75127,9.444426,172.33328
437,2025-07-18 05:00:00+05:30,3.244996,70.559875,2.2768397,71.564964
438,2025-07-18 06:00:00+05:30,1.6981165,57.99466,2.0124612,63.435013
439,2025-07-18 07:00:00+05:30,5.7628117,178.21013,7.02,180.0
440,2025-07-18 08:00:00+05:30,4.327493,196.9276,5.6920996,198.43504
441,2025-07-18 09:00:00+05:30,4.5820518,224.9999,5.728979,226.27295
442,2025-07-18 10:00:00+05:30,5.6233797,230.19447,6.7757506,230.38934
443,2025-07-18 11:00:00+05:30,7.5019197,239.74365,9.292255,238.46526
444,2025-07-18 12:00:00+05:30,8.139901,251.96562,10.134496,250.27763
445,2025-07-18 13:00:00+05:30,9.82279,256.21838,12.049249,256.17133
446,2025-07-18 14:00:00+05:30,9.224011,252.97939,11.612441,251.00325
447,2025-07-18 15:00:00+05:30,10.144082,297.47433,13.125196,295.15927
448,2025-07-18 16:00:00+05:30,8.996398,289.88525,11.734564,290.659
449,2025-07-18 17:00:00+05:30,3.9966488,262.23492,6.037383,259.69522
450,2025-07-18 18:00:00+05:30,6.77575,163.0091,12.273043,175.79472
451,2025-07-18 19:00:00+05:30,4.2021422,170.13426,10.272623,191.113
452,2025-07-18 20:00:00+05:30,3.604497,177.13765,10.597094,200.89784
453,2025-07-18 21:00:00+05:30,1.2727921,98.13002,4.68,180.0
454,2025-07-18 22:00:00+05:30,7.0223074,1.4687687,8.32877,353.79663
455,2025-07-18 23:00:00+05:30,5.3939967,115.70991,6.638072,130.60121
456,2025-07-19 00:00:00+05:30,5.0432134,124.82456,9.037721,135.80684
457,2025-07-19 01:00:00+05:30,5.5916004,146.82147,10.4166975,170.04944
458,2025-07-19 02:00:00+05:30,2.1674871,94.76356,4.2175345,140.19447
459,2025-07-19 03:00:00+05:30,2.3051248,218.65984,6.1094027,224.9999
460,2025-07-19 04:00:00+05:30,5.2478566,5.9060555,7.0015144,342.03076
461,2025-07-19 05:00:00+05:30,5.6060677,42.397392,7.145796,40.9143
462,2025-07-19 06:00:00+05:30,3.143565,23.629398,3.4152596,18.435053
463,2025-07-19 07:00:00+05:30,1.2727921,224.9999,1.6981165,212.00534
464,2025-07-19 08:00:00+05:30,3.693291,133.02507,4.3274937,135.0001
465,2025-07-19 09:00:00+05:30,4.3832865,160.82089,5.5829024,159.22766
466,2025-07-19 10:00:00+05:30,4.6834598,182.20255,5.5916004,183.69131
467,2025-07-19 11:00:00+05:30,6.601363,205.8663,7.8954163,204.22774
468,2025-07-19 12:00:00+05:30,7.538541,213.31064,9.387651,212.47118
469,2025-07-19 13:00:00+05:30,5.0911684,224.9999,6.7469993,223.91916
470,2025-07-19 14:00:00+05:30,6.7853074,201.80147,8.39078,202.71445
471,2025-07-19 15:00:00+05:30,5.6060677,222.39738,6.638072,220.60121
472,2025-07-19 16:00:00+05:30,5.4477882,262.40546,7.0774574,262.69434
473,2025-07-19 17:00:00+05:30,6.28713,193.24052,8.513448,193.44862
474,2025-07-19 18:00:00+05:30,3.148714,149.03632,7.891311,135.0001
475,2025-07-19 19:00:00+05:30,5.509882,141.63248,11.975074,137.43669
476,2025-07-19 20:00:00+05:30,11.4862,32.195713,17.441433,31.065111
477,2025-07-19 21:00:00+05:30,8.694204,27.095472,13.6289835,33.6901
478,2025-07-19 22:00:00+05:30,7.771331,76.60749,16.109747,76.42955
479,2025-07-19 23:00:00+05:30,7.5105524,45.970932,14.178928,69.954666
480,2025-07-20 00:00:00+05:30,6.7205353,82.30404,12.6462,85.101
481,2025-07-20 01:00:00+05:30,8.865799,84.17376,15.84,90.0
482,2025-07-20 02:00:00+05:30,9.6932955,105.06854,16.640022,105.690056
483,2025-07-20 03:00:00+05:30,10.086427,87.95464,17.134071,93.61381
484,2025-07-20 04:00:00+05:30,10.484902,78.11137,17.640919,89.41538
485,2025-07-20 05:00:00+05:30,10.385547,64.32324,17.14919,69.09195
486,2025-07-20 06:00:00+05:30,6.4323244,107.92801,9.582358,118.00909
487,2025-07-20 07:00:00+05:30,5.7599998,90.0,8.553314,98.47106
488,2025-07-20 08:00:00+05:30,7.102591,81.25392,10.446206,88.025116
489,2025-07-20 09:00:00+05:30,10.348043,130.06073,13.861168,127.61403
490,2025-07-20 10:00:00+05:30,8.936778,152.4028,12.800266,154.15567
491,2025-07-20 11:00:00+05:30,6.6794305,104.03627,8.777653,105.46127
492,2025-07-20 12:00:00+05:30,6.1858225,98.3658,8.049845,100.30479
493,2025-07-20 13:00:00+05:30,7.486788,80.31129,9.67657,80.36253
494,2025-07-20 14:00:00+05:30,5.495161,121.60746,6.889557,123.2749
495,2025-07-20 15:00:00+05:30,3.710795,112.833694,4.6800003,112.61991
496,2025-07-20 16:00:00+05:30,2.8116899,140.19447,3.563818,135.0001
497,2025-07-20 17:00:00+05:30,2.6999998,143.13002,3.9640884,140.52757
498,2025-07-20 18:00:00+05:30,3.0758414,159.44388,6.299999,143.13002
499,2025-07-20 19:00:00+05:30,1.4058449,140.19447,4.5891175,138.17992
500,2025-07-20 20:00:00+05:30,0.56920993,341.56494,0.6489992,146.3099
501,2025-07-20 21:00:00+05:30,5.3939967,334.2901,7.5170207,343.3007
502,2025-07-20 22:00:00+05:30,3.5864744,342.47433,7.2359104,354.2895
503,2025-07-20 23:00:00+05:30,0.17999999,90.0,2.5959969,33.6901
504,2025-07-21 00:00:00+05:30,1.3104197,164.05453,2.0364676,135.0001
505,2025-07-21 01:00:00+05:30,6.122647,181.68465,10.440001,180.0
506,2025-07-21 02:00:00+05:30,5.2416787,195.94547,11.448055,196.44046
507,2025-07-21 03:00:00+05:30,3.84796,190.78426,9.391102,192.17145
508,2025-07-21 04:00:00+05:30,6.7853074,201.80147,14.74902,203.7495
509,2025-07-21 05:00:00+05:30,5.7628117,231.34016,11.843124,223.1524
510,2025-07-21 06:00:00+05:30,3.710795,230.90614,6.3690495,227.29063
511,2025-07-21 07:00:00+05:30,2.1897945,260.53775,2.7534704,258.6901
512,2025-07-21 08:00:00+05:30,1.609969,333.43503,2.0991426,329.03632
513,2025-07-21 09:00:00+05:30,1.659518,347.4712,2.0523157,344.7448
514,2025-07-21 10:00:00+05:30,0.742159,104.03627,0.9178235,101.3099
515,2025-07-21 11:00:00+05:30,0.742159,165.96373,0.8049845,153.43501
516,2025-07-21 12:00:00+05:30,2.2768397,161.56496,2.7943513,165.06853
517,2025-07-21 13:00:00+05:30,1.8089776,185.7105,1.9881649,185.19434
518,2025-07-21 14:00:00+05:30,8.643749,211.37296,10.650465,210.46547
519,2025-07-21 15:00:00+05:30,5.426933,275.7105,6.8612823,274.5139
520,2025-07-21 16:00:00+05:30,3.9763298,264.80566,4.8733153,265.76367
521,2025-07-21 17:00:00+05:30,4.3349743,265.23645,5.7852573,264.64426
522,2025-07-21 18:00:00+05:30,1.8,270.0,4.846648,291.80148
523,2025-07-21 19:00:00+05:30,2.5959969,236.3099,4.6938252,274.39862
524,2025-07-21 20:00:00+05:30,4.8433046,228.01286,9.449572,252.25523
525,2025-07-21 21:00:00+05:30,2.2910259,224.9999,5.0528407,265.91446
526,2025-07-21 22:00:00+05:30,2.8460495,235.30478,4.503598,272.29056
527,2025-07-21 23:00:00+05:30,1.4512063,97.12492,3.01735,72.64589
528,2025-07-22 00:00:00+05:30,2.1068459,19.983198,4.613762,20.556128
529,2025-07-22 01:00:00+05:30,0.25455844,224.9999,2.2553935,61.389645
530,2025-07-22 02:00:00+05:30,6.297428,239.03632,7.4128532,240.94548
531,2025-07-22 03:00:00+05:30,2.5071096,201.03758,7.0107627,221.87778
532,2025-07-22 04:00:00+05:30,2.2768397,251.56496,7.0038276,244.09354
533,2025-07-22 05:00:00+05:30,2.7534704,101.3099,3.6,143.13002
534,2025-07-22 06:00:00+05:30,7.2202215,85.71093,9.9408245,84.805664
535,2025-07-22 07:00:00+05:30,8.197414,109.23077,10.814989,108.43504
536,2025-07-22 08:00:00+05:30,6.544677,121.50421,8.707237,119.74479
537,2025-07-22 09:00:00+05:30,8.187527,123.34073,10.34178,121.47678
538,2025-07-22 10:00:00+05:30,7.5363917,139.84407,9.313152,138.91835
539,2025-07-22 11:00:00+05:30,6.048107,143.47105,7.344794,143.97253
540,2025-07-22 12:00:00+05:30,4.6938252,184.39862,5.6262593,187.35228
541,2025-07-22 13:00:00+05:30,3.5455887,203.9625,4.2671766,207.64589
542,2025-07-22 14:00:00+05:30,3.7971041,238.57048,4.6938257,237.52882
543,2025-07-22 15:00:00+05:30,4.1125174,246.80139,5.0142193,248.96242
544,2025-07-22 16:00:00+05:30,5.0911684,261.87,6.519877,263.6599
545,2025-07-22 17:00:00+05:30,3.96,270.0,6.6697226,273.094
546,2025-07-22 18:00:00+05:30,3.4949677,348.11136,9.181765,1.1232841
547,2025-07-22 19:00:00+05:30,2.995797,302.7352,6.12,331.9276
548,2025-07-22 20:00:00+05:30,2.5264204,265.91446,4.1085763,298.8107
549,2025-07-22 21:00:00+05:30,2.0523157,232.12495,2.34,270.0
550,2025-07-22 22:00:00+05:30,2.16,270.0,3.2399998,270.0
551,2025-07-22 23:00:00+05:30,1.8532133,299.0545,3.3092597,292.3802
552,2025-07-23 00:00:00+05:30,2.5772076,335.22488,4.198285,329.03632
553,2025-07-23 01:00:00+05:30,4.278551,284.6209,7.596341,283.70697
554,2025-07-23 02:00:00+05:30,4.3832865,289.1791,8.297589,273.73132
555,2025-07-23 03:00:00+05:30,5.2416787,285.94547,11.609651,277.1249
556,2025-07-23 04:00:00+05:30,1.835647,281.3099,7.69592,280.78424
557,2025-07-23 05:00:00+05:30,3.381893,205.2011,5.4833565,246.80138
558,2025-07-23 06:00:00+05:30,4.0249224,243.43501,8.688613,256.82745
559,2025-07-23 07:00:00+05:30,4.278551,255.37909,5.896202,257.66092
560,2025-07-23 08:00:00+05:30,2.5264204,265.91446,3.2599385,263.6599
561,2025-07-23 09:00:00+05:30,0.9,53.13002,0.9,53.13002
562,2025-07-23 10:00:00+05:30,2.7534704,168.69011,3.4949677,168.11136
563,2025-07-23 11:00:00+05:30,4.5,180.0,5.5799994,180.0
564,2025-07-23 12:00:00+05:30,2.1897945,189.46225,2.7534704,191.30989
565,2025-07-23 13:00:00+05:30,2.34,270.0,2.8856194,266.42374
566,2025-07-23 14:00:00+05:30,4.32,270.0,5.2200003,270.0
567,2025-07-23 15:00:00+05:30,4.5572357,260.9098,5.8298883,261.11942
568,2025-07-23 16:00:00+05:30,5.7628117,231.34016,7.344794,233.97253
569,2025-07-23 17:00:00+05:30,4.952453,199.09358,9.901636,207.03078
570,2025-07-23 18:00:00+05:30,3.572898,319.0857,8.043805,319.53784
571,2025-07-23 19:00:00+05:30,2.0523157,254.74483,3.4388947,222.87889
572,2025-07-23 20:00:00+05:30,2.5772076,294.77512,4.0249224,243.43501
573,2025-07-23 21:00:00+05:30,4.542994,326.3099,5.8409934,303.6901
574,2025-07-23 22:00:00+05:30,4.060985,347.19574,8.4042845,350.13425
575,2025-07-23 23:00:00+05:30,3.7971036,354.55975,9.321845,10.007925
576,2025-07-24 00:00:00+05:30,3.1845248,312.70938,7.3997297,355.81516
577,2025-07-24 01:00:00+05:30,1.4399999,270.0,2.9301877,349.3804
578,2025-07-24 02:00:00+05:30,2.7943513,284.93146,4.6452556,324.46225
579,2025-07-24 03:00:00+05:30,2.6999998,180.0,4.2366967,167.73524
580,2025-07-24 04:00:00+05:30,0.742159,255.96373,6.924738,171.02745
581,2025-07-24 05:00:00+05:30,2.1674871,85.23644,2.7059932,86.186005
582,2025-07-24 06:00:00+05:30,1.4399999,360.0,7.0911775,336.0375
583,2025-07-24 07:00:00+05:30,4.2021427,136.73567,4.863332,128.991
584,2025-07-24 08:00:00+05:30,15.561414,150.173,20.473368,150.50514
585,2025-07-24 09:00:00+05:30,9.703319,139.51407,12.496718,138.50363
586,2025-07-24 10:00:00+05:30,5.3517847,109.653915,6.5520988,110.924576
587,2025-07-24 11:00:00+05:30,5.5450516,54.246033,6.889557,56.725105
588,2025-07-24 12:00:00+05:30,3.550155,59.53454,4.186693,64.5367
589,2025-07-24 13:00:00+05:30,5.297018,99.78234,6.391901,99.72751
590,2025-07-24 14:00:00+05:30,3.4199998,90.0,4.3349743,94.76356
591,2025-07-24 15:00:00+05:30,3.62243,116.56499,4.5891175,115.55992
592,2025-07-24 16:00:00+05:30,4.6834598,87.79745,5.9399996,90.0
593,2025-07-24 17:00:00+05:30,3.6,36.86999,7.5105524,45.970932
594,2025-07-24 18:00:00+05:30,3.06,61.92762,9.085988,33.6901
595,2025-07-24 19:00:00+05:30,11.079873,136.97493,19.731974,125.72005
596,2025-07-24 20:00:00+05:30,7.9465466,166.9081,14.654254,152.176
597,2025-07-24 21:00:00+05:30,2.3469129,212.47118,6.778141,190.71307
598,2025-07-24 22:00:00+05:30,3.2399998,360.0,4.452954,345.9637
599,2025-07-24 23:00:00+05:30,5.4833565,336.8014,10.6261,333.86905
600,2025-07-25 00:00:00+05:30,7.922045,268.6981,13.510796,272.29056
601,2025-07-25 01:00:00+05:30,2.4482648,323.97253,6.792466,327.99466
602,2025-07-25 02:00:00+05:30,1.0495713,120.96369,2.9301877,47.489597
603,2025-07-25 03:00:00+05:30,4.7827187,160.20103,9.236298,146.92932
604,2025-07-25 04:00:00+05:30,4.6834598,92.20255,7.596341,103.706985
605,2025-07-25 05:00:00+05:30,11.91948,75.124275,20.212965,76.08748
606,2025-07-25 06:00:00+05:30,12.976239,66.279594,19.45416,67.70633
607,2025-07-25 07:00:00+05:30,16.451052,107.8403,23.623928,109.12532
608,2025-07-25 08:00:00+05:30,19.706507,106.448685,28.413216,106.942696
609,2025-07-25 09:00:00+05:30,18.435726,99.55422,26.194792,100.69216
610,2025-07-25 10:00:00+05:30,15.922626,95.83939,21.768095,97.12492
611,2025-07-25 11:00:00+05:30,14.957339,92.75905,20.224983,94.59417
612,2025-07-25 12:00:00+05:30,15.338071,94.037636,20.41949,95.05716
613,2025-07-25 13:00:00+05:30,14.967083,93.44732,19.672771,94.19759
614,2025-07-25 14:00:00+05:30,16.740969,90.61605,22.866377,91.353165
615,2025-07-25 15:00:00+05:30,17.643673,88.830894,24.840652,89.58483
616,2025-07-25 16:00:00+05:30,15.073858,101.71245,22.557526,101.0409
617,2025-07-25 17:00:00+05:30,13.948548,109.60418,23.913593,109.79897
618,2025-07-25 18:00:00+05:30,17.04021,121.17128,28.832045,118.32488
619,2025-07-25 19:00:00+05:30,22.9724,147.80429,36.79492,145.7657
620,2025-07-25 20:00:00+05:30,16.68669,113.523224,29.168886,114.03429
621,2025-07-25 21:00:00+05:30,18.403185,93.925835,32.6411,96.96816
622,2025-07-25 22:00:00+05:30,14.869351,83.047134,27.10121,85.04683
623,2025-07-25 23:00:00+05:30,16.563911,91.24534,28.260572,89.63507
624,2025-07-26 00:00:00+05:30,14.769874,92.09521,26.060244,95.94677
625,2025-07-26 01:00:00+05:30,12.534257,77.560455,22.862125,82.763176
626,2025-07-26 02:00:00+05:30,14.690691,82.96216,26.400545,84.52272
627,2025-07-26 03:00:00+05:30,14.957339,87.24095,26.295406,88.03863
628,2025-07-26 04:00:00+05:30,14.440443,94.28908,25.6233,94.02819
629,2025-07-26 05:00:00+05:30,14.297258,100.88548,25.244318,100.26825
630,2025-07-26 06:00:00+05:30,16.87974,111.91493,26.441011,111.1496
631,2025-07-26 07:00:00+05:30,16.311613,112.036285,23.431133,111.63801
632,2025-07-26 08:00:00+05:30,15.299999,115.05759,20.849718,116.12257
633,2025-07-26 09:00:00+05:30,12.835653,112.24908,16.851885,113.27898
634,2025-07-26 10:00:00+05:30,13.272482,110.64707,17.046865,111.68913
635,2025-07-26 11:00:00+05:30,13.036026,107.68449,16.451052,107.8403
636,2025-07-26 12:00:00+05:30,9.847496,120.78408,12.10157,120.37905
637,2025-07-26 13:00:00+05:30,11.609651,82.875084,14.978984,85.86541
638,2025-07-26 14:00:00+05:30,6.8541956,23.198618,8.338489,32.660904
639,2025-07-26 15:00:00+05:30,14.186923,125.70678,19.586119,126.027466
640,2025-07-26 16:00:00+05:30,3.143565,66.37061,3.8856654,76.60749
641,2025-07-26 17:00:00+05:30,5.48631,48.99101,7.289445,57.094753
642,2025-07-26 18:00:00+05:30,9.178235,41.82009,16.38,67.3801
643,2025-07-26 19:00:00+05:30,7.5685663,64.65388,15.922624,79.57934
644,2025-07-26 20:00:00+05:30,9.621163,17.418066,16.075521,34.045982
645,2025-07-26 21:00:00+05:30,5.5216303,19.025702,11.709688,44.999897
646,2025-07-26 22:00:00+05:30,8.400428,44.999897,16.13286,54.536564
647,2025-07-26 23:00:00+05:30,8.217153,61.189304,14.578888,69.775055
648,2025-07-27 00:00:00+05:30,10.018743,72.21602,18.745079,78.366394
649,2025-07-27 01:00:00+05:30,9.595874,66.80139,16.372087,75.352585
650,2025-07-27 02:00:00+05:30,9.693296,68.19853,17.76081,72.299484
651,2025-07-27 03:00:00+05:30,7.4520864,52.853233,14.251863,62.14045
652,2025-07-27 04:00:00+05:30,5.771239,93.57626,12.992458,100.37579
653,2025-07-27 05:00:00+05:30,8.297589,102.5288,14.33234,115.277695
654,2025-07-27 06:00:00+05:30,7.8954163,114.22774,11.35285,115.34614
655,2025-07-27 07:00:00+05:30,9.12513,112.01134,12.267763,112.42591
656,2025-07-27 08:00:00+05:30,9.449572,107.74477,12.124307,108.16605
657,2025-07-27 09:00:00+05:30,7.6579366,119.57774,9.7565975,119.87591
658,2025-07-27 10:00:00+05:30,9.290511,125.537766,11.53265,124.18617
659,2025-07-27 11:00:00+05:30,14.730336,128.55049,20.81239,130.43997
660,2025-07-27 12:00:00+05:30,6.156947,127.875046,8.435069,129.80553
661,2025-07-27 13:00:00+05:30,7.8149853,128.45374,9.957108,130.60121
662,2025-07-27 14:00:00+05:30,6.1226463,114.30454,7.731623,114.775116
663,2025-07-27 15:00:00+05:30,7.293888,105.75124,8.731391,104.32276
664,2025-07-27 16:00:00+05:30,9.5416975,91.0809,13.864674,88.51217
665,2025-07-27 17:00:00+05:30,7.7420926,91.33219,10.478722,94.92702
666,2025-07-27 18:00:00+05:30,5.7628117,91.78987,12.638512,100.66973
667,2025-07-27 19:00:00+05:30,12.134992,110.85454,21.426807,111.17581
668,2025-07-27 20:00:00+05:30,10.6261,91.94145,19.044306,97.057755
669,2025-07-27 21:00:00+05:30,12.882267,82.77578,21.438896,87.594086
670,2025-07-27 22:00:00+05:30,13.519186,93.052826,21.854254,94.724365
671,2025-07-27 23:00:00+05:30,12.346741,82.46065,20.39091,85.9505
672,2025-07-28 00:00:00+05:30,11.362834,86.36713,19.09358,87.838974
673,2025-07-28 01:00:00+05:30,10.9859,88.12216,18.903427,91.091194
674,2025-07-28 02:00:00+05:30,11.074022,97.47147,19.770523,100.491425
675,2025-07-28 03:00:00+05:30,11.53265,87.316284,20.172853,92.045364
676,2025-07-28 04:00:00+05:30,9.555271,86.76037,16.920958,90.6095
677,2025-07-28 05:00:00+05:30,8.656858,93.57626,14.830076,95.572105
678,2025-07-28 06:00:00+05:30,14.019216,105.64231,22.180935,105.05127
679,2025-07-28 07:00:00+05:30,16.171976,106.821495,25.6896,106.27634
680,2025-07-28 08:00:00+05:30,17.288435,104.47034,25.975565,104.03627
681,2025-07-28 09:00:00+05:30,16.42839,94.39862,22.40765,95.069336
682,2025-07-28 10:00:00+05:30,14.6254835,103.523186,19.514856,104.420815
683,2025-07-28 11:00:00+05:30,14.561099,98.530685,19.11817,98.664055
684,2025-07-28 12:00:00+05:30,13.902014,94.45552,18.23694,94.52874
685,2025-07-28 13:00:00+05:30,15.683776,99.24603,20.98062,99.38144
686,2025-07-28 14:00:00+05:30,14.64209,110.88588,19.192593,110.304565
687,2025-07-28 15:00:00+05:30,12.081473,114.65588,16.1198,113.70266
688,2025-07-28 16:00:00+05:30,13.306615,113.096855,18.29459,113.79078
689,2025-07-28 17:00:00+05:30,9.741642,106.09089,16.62249,107.650215
690,2025-07-28 18:00:00+05:30,10.661107,101.68935,19.0392,105.3502
691,2025-07-28 19:00:00+05:30,8.553314,98.47106,16.635155,103.13403
692,2025-07-28 20:00:00+05:30,7.519175,101.0409,16.109747,103.57046
693,2025-07-28 21:00:00+05:30,7.519175,101.0409,16.071491,105.59287
694,2025-07-28 22:00:00+05:30,7.5170207,106.699326,15.844089,111.317986
695,2025-07-28 23:00:00+05:30,6.924738,98.97255,14.372974,112.067955
696,2025-07-29 00:00:00+05:30,7.5170207,73.300674,13.88919,93.71522
697,2025-07-29 01:00:00+05:30,4.8633323,92.12105,11.225132,105.81926
698,2025-07-29 02:00:00+05:30,2.7416782,66.801384,7.555712,102.38075
699,2025-07-29 03:00:00+05:30,2.50064,59.743652,6.3639607,98.13002
700,2025-07-29 04:00:00+05:30,2.907989,68.19853,6.424764,101.3099
701,2025-07-29 05:00:00+05:30,3.8647635,62.24156,6.1437774,95.04236
702,2025-07-29 06:00:00+05:30,7.8583965,69.904686,11.749741,84.7262
703,2025-07-29 07:00:00+05:30,4.293669,56.976128,5.315336,61.69934
704,2025-07-29 08:00:00+05:30,8.244708,53.880566,10.783486,56.57517
705,2025-07-29 09:00:00+05:30,9.743305,78.27492,12.638512,79.33027
706,2025-07-29 10:00:00+05:30,9.178235,101.3099,11.745604,105.10115
707,2025-07-29 11:00:00+05:30,9.12513,112.01134,11.368535,113.317726
708,2025-07-29 12:00:00+05:30,9.449572,130.36446,11.666721,128.10762
709,2025-07-29 13:00:00+05:30,6.5248446,155.55606,7.8087645,154.02567
710,2025-07-29 14:00:00+05:30,4.445672,158.62932,4.846648,158.19853
711,2025-07-29 15:00:00+05:30,12.599998,143.13002,17.02404,146.64597
712,2025-07-29 16:00:00+05:30,5.0975285,47.862484,8.155807,67.963715
713,2025-07-29 17:00:00+05:30,7.247096,14.381432,11.556504,37.405437
714,2025-07-29 18:00:00+05:30,4.913044,61.55718,12.413477,60.461315
715,2025-07-29 19:00:00+05:30,10.261579,52.124958,18.204042,65.46229
716,2025-07-29 20:00:00+05:30,3.6,53.13002,10.086427,87.95464
717,2025-07-29 21:00:00+05:30,2.995797,57.264786,9.12513,104.85866
718,2025-07-29 22:00:00+05:30,10.385547,25.676775,14.784126,47.961018
719,2025-07-29 23:00:00+05:30,9.957108,49.398785,17.31746,69.30447
720,2025-07-30 00:00:00+05:30,8.490582,32.005356,14.664202,48.483376
721,2025-07-30 01:00:00+05:30,10.8792095,51.044094,20.073025,57.45001
722,2025-07-30 02:00:00+05:30,8.863972,60.832493,16.45007,66.80139
723,2025-07-30 03:00:00+05:30,7.5170207,73.300674,14.799459,85.81516
724,2025-07-30 04:00:00+05:30,9.224011,95.59925,16.6896,106.284996
725,2025-07-30 05:00:00+05:30,14.404499,91.43207,22.608458,99.16227
726,2025-07-30 06:00:00+05:30,10.464797,116.56499,14.913952,119.65902
727,2025-07-30 07:00:00+05:30,9.354806,120.01828,12.287555,121.82741
728,2025-07-30 08:00:00+05:30,10.799999,126.86998,14.366211,127.875046
729,2025-07-30 09:00:00+05:30,10.070353,118.85556,12.904882,120.141304
730,2025-07-30 10:00:00+05:30,9.734987,109.440125,12.241323,109.76726
731,2025-07-30 11:00:00+05:30,9.499157,99.81924,11.897714,100.459854
732,2025-07-30 12:00:00+05:30,9.926147,85.84044,12.273043,85.79472
733,2025-07-30 13:00:00+05:30,9.346143,74.3577,12.616703,75.96373
734,2025-07-30 14:00:00+05:30,6.5520988,105.945465,8.731391,104.32276
735,2025-07-30 15:00:00+05:30,6.552099,142.81522,8.415842,138.46832
736,2025-07-30 16:00:00+05:30,5.7176566,118.1785,7.570707,118.39293
737,2025-07-30 17:00:00+05:30,13.149859,160.82089,19.98,161.07526
738,2025-07-30 18:00:00+05:30,3.06,180.0,7.6409945,136.90913
739,2025-07-30 19:00:00+05:30,4.2136917,70.01681,12.015589,81.38444
740,2025-07-30 20:00:00+05:30,5.426933,95.7105,14.224556,91.45019
741,2025-07-30 21:00:00+05:30,7.1321807,79.824554,16.201,90.63658
742,2025-07-30 22:00:00+05:30,11.098865,81.60716,19.820442,87.3975
743,2025-07-30 23:00:00+05:30,4.613762,20.556128,8.4963045,53.61555
744,2025-07-31 00:00:00+05:30,4.0249224,63.435013,6.9270773,65.432846
745,2025-07-31 01:00:00+05:30,5.4744864,62.59251,10.8029995,79.43904
746,2025-07-31 02:00:00+05:30,2.6208394,15.945477,6.206738,73.14152
747,2025-07-31 03:00:00+05:30,5.6492476,59.349415,12.043869,80.53775
748,2025-07-31 04:00:00+05:30,4.514377,66.50142,10.98,90.0
749,2025-07-31 05:00:00+05:30,4.9785542,77.4712,9.904906,109.09359
750,2025-07-31 06:00:00+05:30,7.44121,122.15227,10.233123,129.28938
751,2025-07-31 07:00:00+05:30,6.889557,123.2749,8.641874,125.6765
752,2025-07-31 08:00:00+05:30,6.924738,98.97255,8.825508,101.768265
753,2025-07-31 09:00:00+05:30,8.101999,88.727,10.259999,90.0
754,2025-07-31 10:00:00+05:30,10.134496,70.27763,12.641076,70.01681
755,2025-07-31 11:00:00+05:30,9.208192,85.51548,11.391313,84.55976
756,2025-07-31 12:00:00+05:30,9.215226,77.5926,11.265469,77.074
757,2025-07-31 13:00:00+05:30,16.478603,158.19853,22.96464,158.86569
758,2025-07-31 14:00:00+05:30,4.1046314,127.875046,5.2323985,130.81499
759,2025-07-31 15:00:00+05:30,5.7599998,90.0,7.3997297,94.18484
760,2025-07-31 16:00:00+05:30,12.284918,129.05313,16.388897,128.7581
761,2025-07-31 17:00:00+05:30,12.703715,97.32632,20.523157,105.25517
762,2025-07-31 18:00:00+05:30,7.1661706,78.40785,15.506141,86.67267
763,2025-07-31 19:00:00+05:30,12.362475,73.93995,20.170443,76.5838
764,2025-07-31 20:00:00+05:30,11.190442,64.25934,19.137648,73.61038
765,2025-07-31 21:00:00+05:30,12.241323,89.1575,22.725668,93.63288
766,2025-07-31 22:00:00+05:30,11.542478,93.57626,21.459291,98.19798
767,2025-07-31 23:00:00+05:30,11.052058,83.453804,20.01969,93.6084
768,2025-08-01 00:00:00+05:30,10.51576,83.11838,19.263363,91.07081
769,2025-08-01 01:00:00+05:30,9.403169,84.507774,17.654688,92.33726
770,2025-08-01 02:00:00+05:30,8.338489,76.26372,15.676542,87.36762
771,2025-08-01 03:00:00+05:30,8.035746,74.407135,14.428097,86.423744
772,2025-08-01 04:00:00+05:30,6.9480934,73.442856,13.324863,88.45188
773,2025-08-01 05:00:00+05:30,7.0911775,66.037506,12.287555,84.95764
774,2025-08-01 06:00:00+05:30,9.72,90.0,14.260953,94.34316
775,2025-08-01 07:00:00+05:30,14.087228,100.30479,20.015642,101.41095
776,2025-08-01 08:00:00+05:30,14.332341,101.59215,19.820442,103.65766
777,2025-08-01 09:00:00+05:30,14.707222,111.541046,19.500736,113.962494
778,2025-08-01 10:00:00+05:30,16.666288,117.67199,22.468296,118.2074
779,2025-08-01 11:00:00+05:30,15.216123,117.47435,19.64228,116.09537
780,2025-08-01 12:00:00+05:30,13.766176,117.23507,17.870834,116.30691
781,2025-08-01 13:00:00+05:30,11.605464,113.782036,15.151039,113.824265
782,2025-08-01 14:00:00+05:30,12.570394,119.1342,16.767075,119.5922
783,2025-08-01 15:00:00+05:30,11.792404,121.26367,15.743569,120.96369
784,2025-08-01 16:00:00+05:30,10.560341,119.62366,14.178927,118.84257
785,2025-08-01 17:00:00+05:30,11.157097,107.85041,17.193533,109.57322
786,2025-08-01 18:00:00+05:30,10.587917,107.818985,18.392618,110.031105
787,2025-08-01 19:00:00+05:30,9.3876505,94.39862,17.194475,100.25114
788,2025-08-01 20:00:00+05:30,9.321845,79.99209,18.553974,87.776085
789,2025-08-01 21:00:00+05:30,10.120098,84.89793,19.633205,87.89839
790,2025-08-01 22:00:00+05:30,10.742848,98.673096,18.861387,103.24053
791,2025-08-01 23:00:00+05:30,10.837435,85.23644,19.101213,92.70058
792,2025-08-02 00:00:00+05:30,12.0720825,87.43629,21.626984,92.86235
793,2025-08-02 01:00:00+05:30,11.341428,90.90936,20.138292,97.18844
794,2025-08-02 02:00:00+05:30,10.621525,90.971,18.645428,96.09577
795,2025-08-02 03:00:00+05:30,10.837435,94.76356,18.32202,100.75792
796,2025-08-02 04:00:00+05:30,11.103243,109.90384,18.606289,114.58156
797,2025-08-02 05:00:00+05:30,10.564942,113.07044,17.258425,120.04128
798,2025-08-02 06:00:00+05:30,12.538134,129.17365,18.23694,131.39862
799,2025-08-02 07:00:00+05:30,9.7880945,122.22874,12.730468,123.4654
800,2025-08-02 08:00:00+05:30,8.891344,111.3707,11.298495,112.47948
801,2025-08-02 09:00:00+05:30,10.028439,111.03758,12.669238,112.55729
802,2025-08-02 10:00:00+05:30,9.997699,113.33407,12.409561,113.962494
803,2025-08-02 11:00:00+05:30,9.430695,113.62939,12.409561,113.962494
804,2025-08-02 12:00:00+05:30,12.882267,105.39561,17.431213,106.18928
805,2025-08-02 13:00:00+05:30,6.638072,77.4712,9.087772,82.03049
806,2025-08-02 14:00:00+05:30,7.42159,140.90616,9.1641035,135.0001
807,2025-08-02 15:00:00+05:30,13.1412325,143.91484,19.67195,145.43741
808,2025-08-02 16:00:00+05:30,8.473393,77.735245,12.261158,86.63361
809,2025-08-02 17:00:00+05:30,9.354806,59.981724,14.650938,63.749832
810,2025-08-02 18:00:00+05:30,7.5942082,58.570484,12.496719,78.366394
811,2025-08-02 19:00:00+05:30,8.783189,45.83023,16.237955,58.600605
812,2025-08-02 20:00:00+05:30,8.373386,64.5367,13.878688,80.29342
813,2025-08-02 21:00:00+05:30,8.161764,48.57643,13.306615,66.90315
814,2025-08-02 22:00:00+05:30,10.233123,50.710617,15.874734,60.819298
815,2025-08-02 23:00:00+05:30,10.483357,74.054535,17.82727,78.34973
816,2025-08-03 00:00:00+05:30,8.049845,79.69521,14.332341,78.40785
817,2025-08-03 01:00:00+05:30,8.171683,82.40546,14.224556,88.54982
818,2025-08-03 02:00:00+05:30,9.044888,95.7105,15.827721,107.19863
819,2025-08-03 03:00:00+05:30,9.504273,114.62355,16.434305,118.8107
820,2025-08-03 04:00:00+05:30,7.7588143,86.00917,13.14493,91.56932
821,2025-08-03 05:00:00+05:30,9.796366,69.56709,17.208603,74.219185
822,2025-08-03 06:00:00+05:30,11.013882,78.6901,20.161608,82.30404
823,2025-08-03 07:00:00+05:30,11.5199995,90.0,25.721743,96.42866
824,2025-08-03 08:00:00+05:30,10.814989,108.43504,19.42833,113.47742
825,2025-08-03 09:00:00+05:30,11.431062,116.16151,16.75064,118.21727
826,2025-08-03 10:00:00+05:30,12.483748,132.66266,17.448862,132.90984
827,2025-08-03 11:00:00+05:30,13.184308,141.09586,18.218275,142.22426
828,2025-08-03 12:00:00+05:30,8.766573,160.82089,11.298495,157.52052
829,2025-08-03 13:00:00+05:30,10.484902,191.88864,12.992458,190.3758
830,2025-08-03 14:00:00+05:30,10.449306,190.92276,13.556282,190.71307
831,2025-08-03 15:00:00+05:30,4.3349743,228.36655,5.876938,220.0302
832,2025-08-03 16:00:00+05:30,6.439876,333.43503,8.225035,336.8014
833,2025-08-03 17:00:00+05:30,4.412754,78.231735,6.21717,67.8905
834,2025-08-03 18:00:00+05:30,7.327127,207.824,12.879752,206.56499
835,2025-08-03 19:00:00+05:30,6.384293,49.574005,7.754637,68.19853
836,2025-08-03 20:00:00+05:30,5.1826253,20.323217,8.181589,39.644142
837,2025-08-03 21:00:00+05:30,6.3690495,47.290634,10.897063,59.19863
838,2025-08-03 22:00:00+05:30,7.029225,39.805527,12.785069,54.743572
839,2025-08-03 23:00:00+05:30,5.983477,74.2913,11.032987,84.382515
840,2025-08-04 00:00:00+05:30,7.0223074,88.531235,12.662843,95.7105
841,2025-08-04 01:00:00+05:30,7.989243,75.650635,13.878688,87.02634
842,2025-08-04 02:00:00+05:30,8.281956,88.75467,15.206537,96.11541
843,2025-08-04 03:00:00+05:30,8.297589,65.65892,14.05845,87.064384
844,2025-08-04 04:00:00+05:30,6.889557,70.1447,11.734564,94.39862
845,2025-08-04 05:00:00+05:30,9.096681,117.072,16.546299,135.0001
846,2025-08-04 06:00:00+05:30,8.244708,143.88057,12.659004,150.15416
847,2025-08-04 07:00:00+05:30,6.77575,163.0091,8.383054,165.06853
848,2025-08-04 08:00:00+05:30,9.580668,154.39786,12.081473,155.34412
849,2025-08-04 09:00:00+05:30,6.489992,183.17976,7.9383874,183.90042
850,2025-08-04 10:00:00+05:30,4.0449963,200.85454,4.829907,206.56499
851,2025-08-04 11:00:00+05:30,4.913044,188.42688,5.8298883,188.88058
852,2025-08-04 12:00:00+05:30,5.3939967,205.7099,6.279395,207.29948
853,2025-08-04 13:00:00+05:30,7.0199995,202.6199,9.178235,205.55992
854,2025-08-04 14:00:00+05:30,7.3997297,221.05472,9.82114,221.2846
855,2025-08-04 15:00:00+05:30,15.991659,258.31067,22.491356,257.52094
856,2025-08-04 16:00:00+05:30,8.482947,287.2816,13.210087,289.9165
857,2025-08-04 17:00:00+05:30,5.983477,226.2188,8.783189,224.16977
858,2025-08-04 18:00:00+05:30,4.143911,235.6196,10.234705,235.75092
859,2025-08-04 19:00:00+05:30,8.936778,304.33026,15.14783,290.15768
860,2025-08-04 20:00:00+05:30,4.91634,293.7495,9.96524,286.79846
861,2025-08-04 21:00:00+05:30,2.0124612,296.56497,6.9270773,294.56717
862,2025-08-04 22:00:00+05:30,1.7076298,71.564964,3.319036,12.528798
863,2025-08-04 23:00:00+05:30,4.293669,146.97614,5.0975285,137.86247
864,2025-08-05 00:00:00+05:30,4.5,143.13002,8.338489,147.3391
865,2025-08-05 01:00:00+05:30,5.5916004,146.82147,9.194106,156.94867
866,2025-08-05 02:00:00+05:30,3.62243,116.56499,6.12,151.92761
867,2025-08-05 03:00:00+05:30,0.54,360.0,3.1845248,227.29063
868,2025-08-05 04:00:00+05:30,3.4623692,332.1028,4.724786,287.74475
869,2025-08-05 05:00:00+05:30,4.1046314,37.875053,5.09435,32.005356
870,2025-08-05 06:00:00+05:30,2.5264204,175.91446,4.0249224,206.56499
871,2025-08-05 07:00:00+05:30,5.509882,218.36752,7.0107627,221.87778
872,2025-08-05 08:00:00+05:30,7.562142,218.23386,9.703319,220.48593
873,2025-08-05 09:00:00+05:30,8.287822,235.6196,10.285232,237.14427
874,2025-08-05 10:00:00+05:30,9.257321,243.43501,11.511559,243.03436
875,2025-08-05 11:00:00+05:30,9.335737,250.86626,11.612441,251.00325
876,2025-08-05 12:00:00+05:30,9.983106,244.35904,13.451914,245.49261
877,2025-08-05 13:00:00+05:30,11.545284,239.03632,14.787414,238.43823
878,2025-08-05 14:00:00+05:30,11.165805,249.22766,14.64209,249.11412
879,2025-08-05 15:00:00+05:30,10.766949,231.78893,14.904173,232.85323
880,2025-08-05 16:00:00+05:30,9.906544,267.91748,13.902014,265.5445
881,2025-08-05 17:00:00+05:30,4.952453,289.0936,8.759178,279.46225
882,2025-08-05 18:00:00+05:30,0.742159,165.96373,2.0991426,210.96368
883,2025-08-05 19:00:00+05:30,5.2323985,206.56499,10.990322,211.60745
884,2025-08-05 20:00:00+05:30,3.319036,130.60121,6.542201,172.09293
885,2025-08-05 21:00:00+05:30,4.8965297,143.97253,10.134496,160.27763
886,2025-08-05 22:00:00+05:30,5.5887027,104.93147,11.052058,127.05662
887,2025-08-05 23:00:00+05:30,5.6262593,97.35229,10.304114,117.01259
888,2025-08-06 00:00:00+05:30,4.3349743,85.23644,6.889557,123.2749
889,2025-08-06 01:00:00+05:30,5.48631,131.00899,7.970972,154.59233
890,2025-08-06 02:00:00+05:30,5.293959,125.311295,9.194106,156.94867
891,2025-08-06 03:00:00+05:30,6.037383,153.43501,10.464798,176.05489
892,2025-08-06 04:00:00+05:30,4.060985,167.19574,8.338489,193.73628
893,2025-08-06 05:00:00+05:30,5.5916004,146.82147,8.4042845,170.13426
894,2025-08-06 06:00:00+05:30,4.327493,163.0724,6.8423676,181.5074
895,2025-08-06 07:00:00+05:30,4.542994,146.3099,5.7204895,155.85446
896,2025-08-06 08:00:00+05:30,3.9477081,155.77226,4.6800003,157.3801
897,2025-08-06 09:00:00+05:30,3.9966488,172.23492,4.6834598,177.79745
898,2025-08-06 10:00:00+05:30,4.8466477,195.06854,5.8104043,196.18927
899,2025-08-06 11:00:00+05:30,7.0911775,203.9625,8.626865,203.35558
900,2025-08-06 12:00:00+05:30,10.583326,221.55252,13.379461,222.27362
901,2025-08-06 13:00:00+05:30,11.745604,254.89885,16.917128,249.44386
902,2025-08-06 14:00:00+05:30,7.102591,278.74606,9.444426,277.66672
903,2025-08-06 15:00:00+05:30,8.641874,268.80655,11.391313,264.55975
904,2025-08-06 16:00:00+05:30,7.0199995,292.6199,9.965239,290.07162
905,2025-08-06 17:00:00+05:30,2.7943513,255.06853,5.6521144,260.83774
906,2025-08-06 18:00:00+05:30,0.9178235,191.30989,2.226477,194.03627
907,2025-08-06 19:00:00+05:30,5.5799994,180.0,11.874544,194.03627
908,2025-08-06 20:00:00+05:30,4.724786,197.74477,12.996199,210.82759
909,2025-08-06 21:00:00+05:30,6.198903,205.82094,13.902015,221.3254
910,2025-08-06 22:00:00+05:30,10.658068,184.84392,16.180988,207.13506
911,2025-08-06 23:00:00+05:30,8.538149,198.43504,16.663372,206.2882
912,2025-08-07 00:00:00+05:30,3.1072817,190.00792,9.446141,210.96368
913,2025-08-07 01:00:00+05:30,4.445672,111.3707,7.072878,165.2564
914,2025-08-07 02:00:00+05:30,4.2671766,152.35411,8.28,180.0
915,2025-08-07 03:00:00+05:30,2.7943513,165.06853,6.5693827,189.46225
916,2025-08-07 04:00:00+05:30,1.4512063,172.87508,5.3939967,205.7099
917,2025-08-07 05:00:00+05:30,3.964089,177.39749,6.889557,199.8553
918,2025-08-07 06:00:00+05:30,1.659518,167.4712,2.19718,214.9921
919,2025-08-07 07:00:00+05:30,3.9844694,161.56496,5.020677,165.4655
920,2025-08-07 08:00:00+05:30,4.2021422,170.13426,5.1197267,169.8754
921,2025-08-07 09:00:00+05:30,2.8799999,180.0,3.604497,182.86235
922,2025-08-07 10:00:00+05:30,6.28713,203.6294,7.587806,202.30626
923,2025-08-07 11:00:00+05:30,6.792466,212.00534,8.0899935,212.27562
924,2025-08-07 12:00:00+05:30,4.0249224,190.3048,5.3699164,193.57045
925,2025-08-07 13:00:00+05:30,1.609969,116.56499,1.9134263,131.18582
926,2025-08-07 14:00:00+05:30,8.731392,81.70294,10.7714615,80.38034
927,2025-08-07 15:00:00+05:30,7.922045,91.301926,10.805999,91.90912
928,2025-08-07 16:00:00+05:30,4.39436,145.0079,5.796447,143.84172
929,2025-08-07 17:00:00+05:30,7.5363917,130.15593,11.778658,128.79657
930,2025-08-07 18:00:00+05:30,2.9024127,60.255207,5.1197267,100.12462
931,2025-08-07 19:00:00+05:30,1.8532133,29.054508,5.634891,116.56499
932,2025-08-07 20:00:00+05:30,4.863332,51.009003,8.107996,92.544754
933,2025-08-07 21:00:00+05:30,7.6409945,74.98159,10.8955765,82.40546
934,2025-08-07 22:00:00+05:30,10.018743,72.21602,15.85329,77.54176
935,2025-08-07 23:00:00+05:30,10.914888,76.65127,17.828178,88.264336
936,2025-08-08 00:00:00+05:30,8.905908,75.96373,15.3095255,92.021324
937,2025-08-08 01:00:00+05:30,8.431228,73.88651,14.297258,79.11452
938,2025-08-08 02:00:00+05:30,8.338489,57.3391,13.929953,64.759514
939,2025-08-08 03:00:00+05:30,10.234705,66.139824,16.766108,75.068535
940,2025-08-08 04:00:00+05:30,7.2202215,85.71093,11.897714,100.459854
941,2025-08-08 05:00:00+05:30,7.344794,126.027466,12.031756,141.07245
942,2025-08-08 06:00:00+05:30,6.7469993,80.78905,9.901636,91.0416
943,2025-08-08 07:00:00+05:30,7.1661706,78.40785,9.422101,83.41815
944,2025-08-08 08:00:00+05:30,9.901636,117.030785,12.7279215,118.7397
945,2025-08-08 09:00:00+05:30,10.185519,133.56796,12.984975,133.87679
946,2025-08-08 10:00:00+05:30,7.9077177,138.69148,9.957108,139.39879
947,2025-08-08 11:00:00+05:30,9.54679,135.76381,11.837651,135.61598
948,2025-08-08 12:00:00+05:30,8.0599,119.42737,9.984729,117.950874
949,2025-08-08 13:00:00+05:30,10.094454,129.93633,13.276144,130.60121
950,2025-08-08 14:00:00+05:30,5.1826253,69.67678,6.8541956,76.328674
951,2025-08-08 15:00:00+05:30,5.297018,80.21766,6.8612823,85.4861
952,2025-08-08 16:00:00+05:30,4.73506,98.74608,6.391901,99.72751
953,2025-08-08 17:00:00+05:30,6.830519,161.56496,10.464797,153.43501
954,2025-08-08 18:00:00+05:30,6.696387,53.74608,12.351988,71.30093
955,2025-08-08 19:00:00+05:30,7.2044983,77.00539,15.3264475,86.63361
956,2025-08-08 20:00:00+05:30,9.044888,95.7105,17.518356,99.46225
957,2025-08-08 21:00:00+05:30,8.281956,91.24534,16.87398,101.07016
958,2025-08-08 22:00:00+05:30,7.3821945,91.39715,14.800554,103.36024
959,2025-08-08 23:00:00+05:30,9.926147,94.15957,17.377226,103.17256
960,2025-08-09 00:00:00+05:30,7.2,90.0,13.125196,115.15927
961,2025-08-09 01:00:00+05:30,5.0142193,111.03758,12.242646,131.42357
962,2025-08-09 02:00:00+05:30,8.0899935,147.72438,15.536408,153.13815
963,2025-08-09 03:00:00+05:30,8.827344,159.71736,16.59225,164.90837
964,2025-08-09 04:00:00+05:30,8.825508,168.23174,16.997375,174.53099
965,2025-08-09 05:00:00+05:30,10.360559,172.01076,18.775301,175.60138
966,2025-08-09 06:00:00+05:30,6.2999997,180.0,12.049249,193.82867
967,2025-08-09 07:00:00+05:30,7.172949,197.52567,9.734987,199.44012
968,2025-08-09 08:00:00+05:30,6.162207,173.29025,8.11798,176.186
969,2025-08-09 09:00:00+05:30,6.8138976,167.79955,8.790563,169.3804
970,2025-08-09 10:00:00+05:30,6.2613096,161.56496,7.8625183,164.05453
971,2025-08-09 11:00:00+05:30,4.7928696,145.71307,5.9427266,144.86572
972,2025-08-09 12:00:00+05:30,3.396233,122.00535,4.143911,124.3804
973,2025-08-09 13:00:00+05:30,2.1674871,85.23644,2.52,90.0
974,2025-08-09 14:00:00+05:30,4.8433046,48.01287,5.6060677,47.602623
975,2025-08-09 15:00:00+05:30,7.674842,140.7106,9.167638,133.4089
976,2025-08-09 16:00:00+05:30,6.77575,196.9909,9.56713,191.94415
977,2025-08-09 17:00:00+05:30,0.54,270.0,0.9178235,258.6901
978,2025-08-09 18:00:00+05:30,3.3481934,143.74608,9.361731,127.971664
979,2025-08-09 19:00:00+05:30,5.8631387,107.87879,10.32924,112.5431
980,2025-08-09 20:00:00+05:30,5.6521144,99.16227,9.565437,109.798965
981,2025-08-09 21:00:00+05:30,2.6758924,160.34608,8.049845,153.43501
982,2025-08-09 22:00:00+05:30,3.9640884,50.52757,5.426933,95.7105
983,2025-08-09 23:00:00+05:30,6.130579,93.366394,10.483357,105.945465
984,2025-08-10 00:00:00+05:30,6.3639607,135.0001,11.989946,144.16226
985,2025-08-10 01:00:00+05:30,6.130579,86.63361,7.0934615,125.70678
986,2025-08-10 02:00:00+05:30,6.6818557,85.364624,8.311245,107.650215
987,2025-08-10 03:00:00+05:30,4.278551,67.75093,5.09435,147.99466
988,2025-08-10 04:00:00+05:30,2.7943513,104.93147,6.7469993,189.21095
989,2025-08-10 05:00:00+05:30,2.6999998,90.0,3.189608,163.61038
990,2025-08-10 06:00:00+05:30,0.9693296,248.19853,3.6447225,212.90524
991,2025-08-10 07:00:00+05:30,4.8899083,173.6599,7.2022495,181.43207
992,2025-08-10 08:00:00+05:30,8.32877,186.20335,11.126562,189.30986
993,2025-08-10 09:00:00+05:30,6.5248446,204.44394,8.297589,204.34108
994,2025-08-10 10:00:00+05:30,3.9966488,187.76508,4.913044,188.42688
995,2025-08-10 11:00:00+05:30,4.7827187,199.79897,5.6920996,198.43504
996,2025-08-10 12:00:00+05:30,4.846648,201.80147,6.21717,202.1095
997,2025-08-10 13:00:00+05:30,8.473393,257.73523,10.931203,252.75845
998,2025-08-10 14:00:00+05:30,5.1919937,213.6901,6.297428,210.96368
999,2025-08-10 15:00:00+05:30,3.8183763,188.13002,5.1197267,190.1246
1000,2025-08-10 16:00:00+05:30,2.19718,124.992096,2.6999998,126.86998
1001,2025-08-10 17:00:00+05:30,5.072041,152.52565,6.6185193,157.61983
1002,2025-08-10 18:00:00+05:30,8.78872,55.0079,13.684735,54.63746
1003,2025-08-10 19:00:00+05:30,4.6834598,87.79745,8.477216,86.347855
1004,2025-08-10 20:00:00+05:30,7.570707,71.99575,11.183201,86.308685
1005,2025-08-10 21:00:00+05:30,3.381893,115.20109,7.406295,154.05775
1006,2025-08-10 22:00:00+05:30,5.7176566,61.821507,9.215226,77.5926
1007,2025-08-10 23:00:00+05:30,8.37532,81.34755,15.009236,84.49462
1008,2025-08-11 00:00:00+05:30,7.186487,112.067955,12.768586,111.501495
1009,2025-08-11 01:00:00+05:30,9.096681,117.072,14.941083,126.17972
1010,2025-08-11 02:00:00+05:30,7.6579366,119.57774,14.77755,124.07724
1011,2025-08-11 03:00:00+05:30,6.1437774,121.82741,10.718693,139.08571
1012,2025-08-11 04:00:00+05:30,5.5567255,114.90474,9.9,143.13002
1013,2025-08-11 05:00:00+05:30,4.186693,115.46331,6.4096174,141.84273
1014,2025-08-11 06:00:00+05:30,8.297589,183.73132,15.299999,188.79733
1015,2025-08-11 07:00:00+05:30,9.0,180.0,14.260953,184.34315
1016,2025-08-11 08:00:00+05:30,8.553314,188.47105,12.815443,190.52074
1017,2025-08-11 09:00:00+05:30,10.829959,195.42223,14.98331,196.04001
1018,2025-08-11 10:00:00+05:30,7.42159,202.8337,9.526405,202.20352
1019,2025-08-11 11:00:00+05:30,8.019601,224.09071,9.807935,222.7688
1020,2025-08-11 12:00:00+05:30,9.144637,259.79608,11.367109,259.046
1021,2025-08-11 13:00:00+05:30,9.54679,272.16104,12.24,270.0
1022,2025-08-11 14:00:00+05:30,6.384293,310.426,7.9567327,307.64767
1023,2025-08-11 15:00:00+05:30,5.315336,331.69934,6.452441,329.8587
1024,2025-08-11 16:00:00+05:30,3.2399998,270.0,3.8183763,278.13
1025,2025-08-11 17:00:00+05:30,6.3639607,208.7397,9.396275,216.43095
1026,2025-08-11 18:00:00+05:30,3.01735,107.35411,5.12289,108.43504
1027,2025-08-11 19:00:00+05:30,4.1556225,94.96966,7.613382,96.78888
1028,2025-08-11 20:00:00+05:30,8.305396,150.1012,12.496718,138.50363
1029,2025-08-11 21:00:00+05:30,0.71999997,270.0,2.36753,171.25392
1030,2025-08-11 22:00:00+05:30,0.742159,165.96373,3.319036,167.4712
1031,2025-08-11 23:00:00+05:30,2.0124612,79.69521,3.6447225,147.09476
1032,2025-08-12 00:00:00+05:30,2.1674871,131.63345,2.9024127,172.87508
1033,2025-08-12 01:00:00+05:30,6.6624317,88.45188,10.132897,102.30801
1034,2025-08-12 02:00:00+05:30,7.0843205,62.783974,11.770403,66.5713
1035,2025-08-12 03:00:00+05:30,6.330782,104.82652,10.310403,106.22027
1036,2025-08-12 04:00:00+05:30,4.8733153,85.76369,7.4346757,96.952866
1037,2025-08-12 05:00:00+05:30,1.4512063,82.875084,5.0432134,145.17545
1038,2025-08-12 06:00:00+05:30,2.7943513,104.93147,3.4388947,132.87889
1039,2025-08-12 07:00:00+05:30,5.0816135,157.06787,6.361415,154.8852
1040,2025-08-12 08:00:00+05:30,3.0652895,176.6336,3.7842832,177.27374
1041,2025-08-12 09:00:00+05:30,1.8792552,163.30067,2.2768397,161.56496
1042,2025-08-12 10:00:00+05:30,2.4149535,206.56499,2.97953,205.01686
1043,2025-08-12 11:00:00+05:30,5.7402787,228.81418,7.0107627,228.12221
1044,2025-08-12 12:00:00+05:30,5.6492476,202.47948,6.8541956,203.19861
1045,2025-08-12 13:00:00+05:30,9.028754,156.50142,10.934166,159.77505
1046,2025-08-12 14:00:00+05:30,8.019601,170.9606,10.004178,171.7242
1047,2025-08-12 15:00:00+05:30,3.381893,154.7989,4.514377,156.50142
1048,2025-08-12 16:00:00+05:30,4.2366967,347.73523,5.0688457,353.88458
1049,2025-08-12 17:00:00+05:30,4.510787,61.389645,6.6405115,57.17146
1050,2025-08-12 18:00:00+05:30,12.033103,55.358997,16.580532,57.86278
1051,2025-08-12 19:00:00+05:30,7.8087645,64.025665,11.656998,76.60749
1052,2025-08-12 20:00:00+05:30,8.322932,68.428635,14.935662,77.4712
1053,2025-08-12 21:00:00+05:30,6.439876,26.564985,13.130133,56.745625
1054,2025-08-12 22:00:00+05:30,11.525623,38.65983,24.09648,48.33101
1055,2025-08-12 23:00:00+05:30,10.495713,67.83361,21.93121,69.3338
1056,2025-08-13 00:00:00+05:30,8.669949,48.366554,15.531193,57.783485
1057,2025-08-13 01:00:00+05:30,9.56713,78.05585,17.146357,85.785904
1058,2025-08-13 02:00:00+05:30,7.3821945,88.60285,14.668619,104.2068
1059,2025-08-13 03:00:00+05:30,6.6818557,85.364624,12.849528,101.3099
1060,2025-08-13 04:00:00+05:30,6.6794305,104.03627,15.077082,123.310646
1061,2025-08-13 05:00:00+05:30,8.55142,139.26799,18.022486,145.99246
1062,2025-08-13 06:00:00+05:30,11.196232,126.50153,19.89631,131.3321
1063,2025-08-13 07:00:00+05:30,11.583108,134.37048,20.81239,139.56003
1064,2025-08-13 08:00:00+05:30,12.081473,123.45334,20.778112,125.480064
1065,2025-08-13 09:00:00+05:30,12.815443,119.445335,21.026125,122.05734
1066,2025-08-13 10:00:00+05:30,12.43434,112.109505,20.326454,112.93214
1067,2025-08-13 11:00:00+05:30,12.157663,115.426834,19.008547,114.62355
1068,2025-08-13 12:00:00+05:30,9.446141,120.96369,14.233664,122.08216
1069,2025-08-13 13:00:00+05:30,6.889557,109.85531,8.996398,109.885254
1070,2025-08-13 14:00:00+05:30,9.375563,93.301796,12.0720825,92.56372
1071,2025-08-13 15:00:00+05:30,11.701385,89.11862,16.02101,90.64374
1072,2025-08-13 16:00:00+05:30,12.015589,81.38444,19.898752,84.2895
1073,2025-08-13 17:00:00+05:30,12.673074,78.5305,21.485697,81.32691
1074,2025-08-13 18:00:00+05:30,9.505977,71.22187,18.568811,73.67307
1075,2025-08-13 19:00:00+05:30,9.430694,76.75947,18.844202,83.41815
1076,2025-08-13 20:00:00+05:30,7.120815,69.27436,16.13286,79.06623
1077,2025-08-13 21:00:00+05:30,5.2323985,63.435013,13.943901,78.83517
1078,2025-08-13 22:00:00+05:30,8.513448,76.55138,19.044306,82.94225
1079,2025-08-13 23:00:00+05:30,6.924738,81.02746,16.943918,86.95529
1080,2025-08-14 00:00:00+05:30,7.3799996,77.319626,17.146357,85.785904
1081,2025-08-14 01:00:00+05:30,7.120815,69.27436,16.985935,80.2383
1082,2025-08-14 02:00:00+05:30,7.0015144,72.03077,16.778666,80.73986
1083,2025-08-14 03:00:00+05:30,6.889557,56.725105,15.430736,73.0446
1084,2025-08-14 04:00:00+05:30,7.386582,46.97493,15.137133,64.65388
1085,2025-08-14 05:00:00+05:30,6.638072,49.398785,14.248452,63.75871
1086,2025-08-14 06:00:00+05:30,7.5019197,59.743652,15.861461,80.85844
1087,2025-08-14 07:00:00+05:30,8.139901,54.90411,11.855429,59.93151
1088,2025-08-14 08:00:00+05:30,8.967541,51.51978,12.330985,56.3099
1089,2025-08-14 09:00:00+05:30,6.7757506,39.61066,9.292254,45.78474
1090,2025-08-14 10:00:00+05:30,6.3639607,61.26031,8.626865,66.64442
1091,2025-08-14 11:00:00+05:30,5.3517847,109.653915,7.0015144,107.96923
1092,2025-08-14 12:00:00+05:30,4.7110505,133.45189,6.048107,126.528946
1093,2025-08-14 13:00:00+05:30,6.898956,172.50424,8.260411,168.69011
1094,2025-08-14 14:00:00+05:30,7.2202215,184.28908,9.007196,182.29056
1095,2025-08-14 15:00:00+05:30,6.5248446,204.44394,8.155807,202.03629
1096,2025-08-14 16:00:00+05:30,5.0816135,202.93213,6.601363,205.8663
1097,2025-08-14 17:00:00+05:30,3.8647635,62.24156,6.050785,59.620956
1098,2025-08-14 18:00:00+05:30,4.724786,162.25523,11.276968,171.74065
1099,2025-08-14 19:00:00+05:30,5.223103,181.97488,11.588701,186.24182
1100,2025-08-14 20:00:00+05:30,2.7238941,172.40544,7.02,180.0
1101,2025-08-14 21:00:00+05:30,5.4477882,187.59456,10.299397,174.98697
1102,2025-08-14 22:00:00+05:30,6.830519,198.43504,14.113653,185.85593
1103,2025-08-14 23:00:00+05:30,4.978554,220.60121,12.750811,198.9466
1104,2025-08-15 00:00:00+05:30,3.2846913,260.53775,8.161764,221.42357
1105,2025-08-15 01:00:00+05:30,2.8174455,243.43501,7.2649574,221.98714
1106,2025-08-15 02:00:00+05:30,0.56920993,341.56494,3.563818,224.9999
1107,2025-08-15 03:00:00+05:30,3.3481934,36.253937,5.0975285,42.13753
1108,2025-08-15 04:00:00+05:30,3.06,360.0,6.2613096,18.435053
1109,2025-08-15 05:00:00+05:30,5.8104043,16.189287,7.0774574,7.3056703
1110,2025-08-15 06:00:00+05:30,3.4247334,93.012726,5.8769383,62.65021
1111,2025-08-15 07:00:00+05:30,6.320538,109.98319,8.596766,109.57322
1112,2025-08-15 08:00:00+05:30,6.3639607,118.7397,7.973005,118.30067
1113,2025-08-15 09:00:00+05:30,5.4744864,133.66785,6.8777895,132.87889
1114,2025-08-15 10:00:00+05:30,6.090812,145.84026,7.388775,145.92276
1115,2025-08-15 11:00:00+05:30,4.6102495,141.34016,5.6521144,142.76509
1116,2025-08-15 12:00:00+05:30,4.0449967,147.72438,4.7928696,145.71307
1117,2025-08-15 13:00:00+05:30,3.4388947,132.87889,4.2021427,133.26433
1118,2025-08-15 14:00:00+05:30,1.9469976,56.3099,2.3469129,57.528828
1119,2025-08-15 15:00:00+05:30,0.742159,165.96373,0.9,143.13002
1120,2025-08-15 16:00:00+05:30,0.5091169,135.0001,0.76367533,135.0001
1121,2025-08-15 17:00:00+05:30,1.6299692,173.6599,1.9881649,174.80566
1122,2025-08-15 18:00:00+05:30,3.6,180.0,6.12,180.0
1123,2025-08-15 19:00:00+05:30,3.4763772,158.74942,6.0077944,171.38443
1124,2025-08-15 20:00:00+05:30,2.1674871,175.23645,4.8633323,182.12105
1125,2025-08-15 21:00:00+05:30,1.659518,12.528798,2.2553935,28.610369
1126,2025-08-15 22:00:00+05:30,3.550155,30.465475,5.4744864,43.667847
1127,2025-08-15 23:00:00+05:30,1.7076298,71.564964,5.020677,75.46551
1128,2025-08-16 00:00:00+05:30,1.0948973,260.53775,0.54,180.0
1129,2025-08-16 01:00:00+05:30,3.0652893,319.7637,3.8773184,338.19852
1130,2025-08-16 02:00:00+05:30,2.907989,338.19852,4.5572357,350.9098
1131,2025-08-16 03:00:00+05:30,3.01735,342.64587,5.426933,354.2895
1132,2025-08-16 04:00:00+05:30,3.438895,276.0089,5.692099,304.69522
1133,2025-08-16 05:00:00+05:30,2.4216523,318.01288,4.5891175,334.44006
1134,2025-08-16 06:00:00+05:30,7.4672885,344.6237,10.365251,339.6768
1135,2025-08-16 07:00:00+05:30,5.950899,356.53183,7.9383874,356.09958
1136,2025-08-16 08:00:00+05:30,4.2366967,12.26477,5.3305535,11.689341
1137,2025-08-16 09:00:00+05:30,1.0948973,99.46225,1.4512063,97.12492
1138,2025-08-16 10:00:00+05:30,1.9134263,138.81418,2.4216523,131.98714
1139,2025-08-16 11:00:00+05:30,3.4388947,137.12111,4.4565907,136.63654
1140,2025-08-16 12:00:00+05:30,3.745557,144.78232,4.542994,146.3099
1141,2025-08-16 13:00:00+05:30,2.1674871,138.36655,2.6758924,137.72638
1142,2025-08-16 14:00:00+05:30,1.1525624,128.65984,1.2979984,123.690094
1143,2025-08-16 15:00:00+05:30,1.9881649,174.80566,2.3469126,175.60138
1144,2025-08-16 16:00:00+05:30,2.226477,194.03627,2.7534704,191.30989
1145,2025-08-16 17:00:00+05:30,3.9477081,155.77226,4.91634,156.2505
1146,2025-08-16 18:00:00+05:30,4.323748,182.3859,7.922045,178.69807
1147,2025-08-16 19:00:00+05:30,3.4949677,191.88864,7.040739,184.39862
1148,2025-08-16 20:00:00+05:30,2.4482648,233.97253,3.9518096,210.0685
1149,2025-08-16 21:00:00+05:30,2.0124612,259.69522,3.494968,214.50858
1150,2025-08-16 22:00:00+05:30,2.6758924,312.27362,3.0811036,276.70975
1151,2025-08-16 23:00:00+05:30,5.0432134,325.17545,7.42159,320.90613
1152,2025-08-17 00:00:00+05:30,5.994297,318.6523,10.742848,328.70703
1153,2025-08-17 01:00:00+05:30,3.1845248,312.70938,7.458606,340.25308
1154,2025-08-17 02:00:00+05:30,0.35999998,180.0,3.319036,40.601215
1155,2025-08-17 03:00:00+05:30,0.742159,14.036275,4.4565907,43.36347
1156,2025-08-17 04:00:00+05:30,3.3481934,36.253937,7.5363917,49.844074
1157,2025-08-17 05:00:00+05:30,4.2021427,46.73567,8.53815,55.304783
1158,2025-08-17 06:00:00+05:30,4.186693,115.46331,8.415842,138.46832
1159,2025-08-17 07:00:00+05:30,8.281956,88.75467,10.9859,88.12216
1160,2025-08-17 08:00:00+05:30,11.157096,100.222115,14.796175,99.80603
1161,2025-08-17 09:00:00+05:30,12.245293,114.30454,16.431347,114.59978
1162,2025-08-17 10:00:00+05:30,11.897714,107.61267,15.312701,107.79608
1163,2025-08-17 11:00:00+05:30,9.195868,93.366394,11.53265,92.68372
1164,2025-08-17 12:00:00+05:30,10.086427,92.045364,12.791403,92.41946
1165,2025-08-17 13:00:00+05:30,11.173057,87.22985,13.709573,86.236046
1166,2025-08-17 14:00:00+05:30,2.5264204,85.91447,3.964089,92.60251
1167,2025-08-17 15:00:00+05:30,4.293669,303.02386,4.978554,310.60123
1168,2025-08-17 16:00:00+05:30,6.2379804,226.16905,8.528657,225.85501
1169,2025-08-17 17:00:00+05:30,6.2379804,316.16904,8.836514,326.6336
1170,2025-08-17 18:00:00+05:30,2.3469126,184.39862,3.06,151.92761
1171,2025-08-17 19:00:00+05:30,4.471107,220.10085,7.2202215,184.28908
1172,2025-08-17 20:00:00+05:30,1.2979984,213.6901,3.8268526,138.81418
1173,2025-08-17 21:00:00+05:30,1.0948973,350.53775,3.4763772,68.74943
1174,2025-08-17 22:00:00+05:30,2.6208394,15.945477,6.8777895,42.878906
1175,2025-08-17 23:00:00+05:30,0.5091169,315.0001,1.659518,40.601215
1176,2025-08-18 00:00:00+05:30,1.6981165,327.99466,1.8,323.13
1177,2025-08-18 01:00:00+05:30,1.3104197,164.05453,4.1125174,156.80139
1178,2025-08-18 02:00:00+05:30,0.9178235,348.6901,2.5772076,24.775122
1179,2025-08-18 03:00:00+05:30,8.723967,338.19852,15.501959,347.2547
1180,2025-08-18 04:00:00+05:30,6.489992,356.82022,12.979984,19.440128
1181,2025-08-18 05:00:00+05:30,5.293959,35.311302,10.837435,48.366554
1182,2025-08-18 06:00:00+05:30,1.8532133,29.054508,4.5322843,83.15732
1183,2025-08-18 07:00:00+05:30,11.13384,34.460888,15.013554,37.694313
1184,2025-08-18 08:00:00+05:30,8.557102,104.62092,11.132385,104.03627
1185,2025-08-18 09:00:00+05:30,7.7734165,132.18437,9.82114,131.2846
1186,2025-08-18 10:00:00+05:30,6.3690495,132.70937,8.027678,132.27364
1187,2025-08-18 11:00:00+05:30,3.8521678,127.40543,4.752136,127.30403
1188,2025-08-18 12:00:00+05:30,3.0547013,135.0001,3.693291,133.02507
1189,2025-08-18 13:00:00+05:30,2.9301877,79.380394,3.4949677,78.11137
1190,2025-08-18 14:00:00+05:30,2.6999998,90.0,3.2399998,90.0
1191,2025-08-18 15:00:00+05:30,7.42159,104.03627,8.777653,105.46127
1192,2025-08-18 16:00:00+05:30,4.198285,149.03632,5.509882,141.63248
1193,2025-08-18 17:00:00+05:30,4.412754,168.23174,6.8541956,166.32867
1194,2025-08-18 18:00:00+05:30,3.4623692,62.10283,8.534353,62.354122
1195,2025-08-18 19:00:00+05:30,3.0758414,69.44387,7.9932966,54.16227
1196,2025-08-18 20:00:00+05:30,2.3400002,67.3801,7.748368,59.264584
1197,2025-08-18 21:00:00+05:30,0.71999997,90.0,5.2478566,67.83361
1198,2025-08-18 22:00:00+05:30,6.320538,199.9832,12.125642,185.96439
1199,2025-08-18 23:00:00+05:30,7.8149853,194.67644,16.985933,192.8581
1200,2025-08-19 00:00:00+05:30,3.536439,194.7436,10.813492,182.86235
1201,2025-08-19 01:00:00+05:30,3.0758414,110.55613,8.6867485,145.9806
1202,2025-08-19 02:00:00+05:30,11.592894,36.158287,19.348114,45.75376
1203,2025-08-19 03:00:00+05:30,9.165871,70.49747,15.956163,78.94363
1204,2025-08-19 04:00:00+05:30,7.491114,54.782326,13.169556,68.343956
1205,2025-08-19 05:00:00+05:30,9.292254,45.78474,15.841022,53.781075
1206,2025-08-19 06:00:00+05:30,4.7521367,65.37646,8.4042845,80.13426
1207,2025-08-19 07:00:00+05:30,7.3997297,108.43504,9.627896,110.80687
1208,2025-08-19 08:00:00+05:30,9.4238205,118.52302,12.257194,119.953514
1209,2025-08-19 09:00:00+05:30,9.485504,123.388535,12.081473,123.45334
1210,2025-08-19 10:00:00+05:30,12.221457,136.1934,15.914484,136.37477
1211,2025-08-19 11:00:00+05:30,12.819235,141.84273,16.813387,142.39394
1212,2025-08-19 12:00:00+05:30,13.33094,145.45157,17.52298,146.3099
1213,2025-08-19 13:00:00+05:30,10.383987,146.3099,13.878689,146.10379
1214,2025-08-19 14:00:00+05:30,13.466357,127.94221,17.86449,130.91429
1215,2025-08-19 15:00:00+05:30,7.973005,61.69934,9.927779,67.61982
1216,2025-08-19 16:00:00+05:30,8.0899935,57.724377,10.962281,60.48861
1217,2025-08-19 17:00:00+05:30,9.568824,106.38962,16.171976,106.821495
1218,2025-08-19 18:00:00+05:30,6.9899354,168.11136,10.1887,122.00535
1219,2025-08-19 19:00:00+05:30,2.3469129,302.47116,4.143911,87.5105
1220,2025-08-19 20:00:00+05:30,4.6834598,357.79745,7.731623,65.22488
1221,2025-08-19 21:00:00+05:30,12.534257,35.059513,20.834173,39.742153
1222,2025-08-19 22:00:00+05:30,7.4128532,29.054508,12.652604,39.805527
1223,2025-08-19 23:00:00+05:30,7.9036193,30.068504,14.4,36.86999
1224,2025-08-20 00:00:00+05:30,3.710795,50.906155,8.027678,47.72637
1225,2025-08-20 01:00:00+05:30,7.689603,110.55613,13.1412325,103.46522
1226,2025-08-20 02:00:00+05:30,4.445672,111.3707,8.29173,117.12123
1227,2025-08-20 03:00:00+05:30,5.771239,86.423744,10.272623,101.113
1228,2025-08-20 04:00:00+05:30,5.876938,49.969803,9.107359,71.564964
1229,2025-08-20 05:00:00+05:30,8.287822,55.6196,13.929953,64.759514
1230,2025-08-20 06:00:00+05:30,8.958504,67.557205,14.6254835,76.47682
1231,2025-08-20 07:00:00+05:30,7.3094187,80.07382,9.761578,84.710014
1232,2025-08-20 08:00:00+05:30,9.044888,121.15924,11.832176,123.20658
1233,2025-08-20 09:00:00+05:30,10.4493065,132.20723,13.393983,131.18584
1234,2025-08-20 10:00:00+05:30,9.096681,117.072,11.511559,116.96564
1235,2025-08-20 11:00:00+05:30,7.7400002,90.0,9.54,90.0
1236,2025-08-20 12:00:00+05:30,6.7469993,99.21095,8.197414,98.841736
1237,2025-08-20 13:00:00+05:30,5.5916004,93.691315,7.040739,94.39862
1238,2025-08-20 14:00:00+05:30,9.636307,122.79953,12.5807,123.91747
1239,2025-08-20 15:00:00+05:30,10.120099,128.50069,13.213765,127.806595
1240,2025-08-20 16:00:00+05:30,7.8149853,118.92633,11.238113,121.908066
1241,2025-08-20 17:00:00+05:30,8.350138,82.56869,12.605142,88.363464
1242,2025-08-20 18:00:00+05:30,7.689603,106.31393,15.655861,109.47667
1243,2025-08-20 19:00:00+05:30,9.580668,115.60214,19.249905,118.482086
1244,2025-08-20 20:00:00+05:30,6.7205353,110.37652,15.342294,121.07898
1245,2025-08-20 21:00:00+05:30,8.688613,129.95749,16.886454,144.10724
1246,2025-08-20 22:00:00+05:30,2.5071096,21.037588,4.5891175,101.3099
1247,2025-08-20 23:00:00+05:30,4.514377,4.5738406,6.6185193,22.380184
1248,2025-08-21 00:00:00+05:30,5.8409934,33.6901,9.703319,40.485935
1249,2025-08-21 01:00:00+05:30,6.384293,49.574005,11.183201,56.82148
1250,2025-08-21 02:00:00+05:30,8.3520775,52.883057,15.215058,64.04129
1251,2025-08-21 03:00:00+05:30,6.889557,70.1447,13.379461,79.14364
1252,2025-08-21 04:00:00+05:30,9.0018,78.46541,16.499237,83.10767
1253,2025-08-21 05:00:00+05:30,10.495713,84.093956,18.72,90.0
1254,2025-08-21 06:00:00+05:30,8.244708,53.880566,15.702356,64.90378
1255,2025-08-21 07:00:00+05:30,4.6938257,122.471176,7.0038276,115.906456
1256,2025-08-21 08:00:00+05:30,4.952453,109.09359,6.7205353,110.37652
1257,2025-08-21 09:00:00+05:30,9.292254,98.914856,11.837651,98.74608
1258,2025-08-21 10:00:00+05:30,10.706596,116.99576,13.523978,116.90602
1259,2025-08-21 11:00:00+05:30,16.724508,145.96783,22.465412,146.43723
1260,2025-08-21 12:00:00+05:30,7.172949,107.52566,9.565437,109.798965
1261,2025-08-21 13:00:00+05:30,7.8149853,118.92633,10.1887,122.00535
1262,2025-08-21 14:00:00+05:30,9.82279,103.781624,11.968308,102.15492
1263,2025-08-21 15:00:00+05:30,6.6818557,117.25525,8.694204,117.095474
1264,2025-08-21 16:00:00+05:30,10.6261,88.058556,14.813682,85.12082
1265,2025-08-21 17:00:00+05:30,10.957847,104.26455,17.94411,103.339264
1266,2025-08-21 18:00:00+05:30,8.694204,117.095474,15.882896,113.36913
1267,2025-08-21 19:00:00+05:30,10.805999,88.09089,18.329975,97.33429
1268,2025-08-21 20:00:00+05:30,11.521406,90.89516,20.240196,95.10208
1269,2025-08-21 21:00:00+05:30,10.993271,87.1845,19.443333,91.06089
1270,2025-08-21 22:00:00+05:30,8.936778,80.72748,15.986595,82.234924
1271,2025-08-21 23:00:00+05:30,11.013882,78.6901,19.474136,81.49551
1272,2025-08-22 00:00:00+05:30,11.276968,81.740654,20.188908,86.933586
1273,2025-08-22 01:00:00+05:30,9.781473,77.24247,17.81909,81.86999
1274,2025-08-22 02:00:00+05:30,10.8955765,82.40546,19.469976,86.82024
1275,2025-08-22 03:00:00+05:30,12.964998,88.4089,22.32653,91.38589
1276,2025-08-22 04:00:00+05:30,11.212135,95.52745,19.770523,100.491425
1277,2025-08-22 05:00:00+05:30,10.272623,101.113,17.856325,104.59661
1278,2025-08-22 06:00:00+05:30,10.814989,108.43504,16.116785,110.256546
1279,2025-08-22 07:00:00+05:30,15.503006,105.48856,21.46533,107.06749
1280,2025-08-22 08:00:00+05:30,14.64209,110.88588,20.33044,110.1999
1281,2025-08-22 09:00:00+05:30,14.658676,114.67685,20.771093,115.67677
1282,2025-08-22 10:00:00+05:30,14.827893,123.11135,19.869423,123.546135
1283,2025-08-22 11:00:00+05:30,14.458382,108.886185,19.011953,108.77813
1284,2025-08-22 12:00:00+05:30,10.9859,88.12216,13.690654,87.73955
1285,2025-08-22 13:00:00+05:30,11.252519,82.64771,13.934604,84.06857
1286,2025-08-22 14:00:00+05:30,13.971757,75.068535,18.992344,75.17347
1287,2025-08-22 15:00:00+05:30,13.6242285,105.32157,19.93048,106.798454
1288,2025-08-22 16:00:00+05:30,8.821836,88.830894,15.710607,94.60001
1289,2025-08-22 17:00:00+05:30,9.3669195,92.20255,16.368128,98.219124
1290,2025-08-22 18:00:00+05:30,6.7469993,80.78905,15.3095255,92.021324
1291,2025-08-22 19:00:00+05:30,7.731623,65.22488,15.934829,76.27769
1292,2025-08-22 20:00:00+05:30,8.604301,105.78082,16.90563,108.62795
1293,2025-08-22 21:00:00+05:30,4.353619,82.875084,12.0694,107.35411
1294,2025-08-22 22:00:00+05:30,8.131936,95.07952,16.75064,98.65246
1295,2025-08-22 23:00:00+05:30,9.2660675,60.94549,19.137648,73.61038
1296,2025-08-23 00:00:00+05:30,12.931218,73.835434,24.295332,80.18881
1297,2025-08-23 01:00:00+05:30,12.606426,80.13426,23.678726,84.766235
1298,2025-08-23 02:00:00+05:30,12.9249525,77.125,23.933907,83.08887
1299,2025-08-23 03:00:00+05:30,14.205182,81.25392,26.099998,83.26718
1300,2025-08-23 04:00:00+05:30,14.94,90.0,27.381308,92.26045
1301,2025-08-23 05:00:00+05:30,14.978984,94.1346,27.44513,94.5139
1302,2025-08-23 06:00:00+05:30,16.276815,100.191444,25.522577,101.389145
1303,2025-08-23 07:00:00+05:30,18.790829,99.37202,28.001427,98.13002
1304,2025-08-23 08:00:00+05:30,23.967052,107.48247,35.06352,108.249016
1305,2025-08-23 09:00:00+05:30,18.888851,97.66672,27.238941,97.59455
1306,2025-08-23 10:00:00+05:30,18.258247,99.64798,24.650143,99.66861
1307,2025-08-23 11:00:00+05:30,19.380743,96.398865,25.585974,97.27491
1308,2025-08-23 12:00:00+05:30,18.913708,92.1816,25.60053,93.22446
1309,2025-08-23 13:00:00+05:30,19.18246,95.924484,26.221373,95.51482
1310,2025-08-23 14:00:00+05:30,15.481048,90.66618,21.602999,90.95482
1311,2025-08-23 15:00:00+05:30,16.203999,88.727,21.782974,89.05307
1312,2025-08-23 16:00:00+05:30,12.2519045,100.15421,19.384087,100.162025
1313,2025-08-23 17:00:00+05:30,12.638512,100.66973,22.075516,99.385445
1314,2025-08-23 18:00:00+05:30,11.276967,114.51963,21.53089,110.55613
1315,2025-08-23 19:00:00+05:30,16.204998,130.94635,27.9,126.86999
1316,2025-08-23 20:00:00+05:30,13.767352,115.55992,25.880594,113.35559
1317,2025-08-23 21:00:00+05:30,13.86,90.0,26.130396,92.7638
1318,2025-08-23 22:00:00+05:30,12.882267,82.77578,24.323988,87.45525
1319,2025-08-23 23:00:00+05:30,13.055896,74.81411,23.97246,79.618256
1320,2025-08-24 00:00:00+05:30,14.764389,88.60285,26.829662,88.462265
1321,2025-08-24 01:00:00+05:30,13.864674,91.48784,25.925623,91.19346
1322,2025-08-24 02:00:00+05:30,14.2336645,99.46225,26.795223,96.17008
1323,2025-08-24 03:00:00+05:30,16.071491,105.59287,29.384687,103.09985
1324,2025-08-24 04:00:00+05:30,14.474059,111.1399,26.698921,109.290146
1325,2025-08-24 05:00:00+05:30,11.874544,104.03627,22.775513,107.00294
1326,2025-08-24 06:00:00+05:30,16.1198,113.70266,24.795612,115.820946
1327,2025-08-24 07:00:00+05:30,18.116623,115.291985,26.081993,116.21132
1328,2025-08-24 08:00:00+05:30,17.25373,113.35559,24.89277,114.34108
1329,2025-08-24 09:00:00+05:30,14.913952,113.47101,19.59356,113.26773
1330,2025-08-24 10:00:00+05:30,10.759423,107.52566,13.433838,107.9495
1331,2025-08-24 11:00:00+05:30,11.304229,99.16227,15.151039,99.57416
1332,2025-08-24 12:00:00+05:30,11.609651,97.12492,17.214249,96.604744
1333,2025-08-24 13:00:00+05:30,10.096059,78.6901,13.878688,80.29342
1334,2025-08-24 14:00:00+05:30,16.568802,107.05705,24.206486,106.413666
1335,2025-08-24 15:00:00+05:30,6.6818557,94.635376,10.920824,98.530685
1336,2025-08-24 16:00:00+05:30,7.102591,98.74608,10.239453,100.12462
1337,2025-08-24 17:00:00+05:30,6.162207,83.29026,11.521406,89.10485
1338,2025-08-24 18:00:00+05:30,7.289445,57.094753,16.62249,72.34979
1339,2025-08-24 19:00:00+05:30,4.0249224,63.435013,12.399113,80.81124
1340,2025-08-24 20:00:00+05:30,5.0432134,124.82456,14.082628,125.11209
1341,2025-08-24 21:00:00+05:30,4.278551,112.24908,13.379461,123.4763
1342,2025-08-24 22:00:00+05:30,4.175069,82.56869,11.726277,107.87879
1343,2025-08-24 23:00:00+05:30,4.724786,49.635548,11.177405,75.068535
1344,2025-08-25 00:00:00+05:30,4.0449963,69.14546,10.6261,79.261154
1345,2025-08-25 01:00:00+05:30,3.9763298,95.19434,10.484902,101.88863
1346,2025-08-25 02:00:00+05:30,8.099999,36.86999,12.841963,58.76084
1347,2025-08-25 03:00:00+05:30,7.7650757,45.939102,14.428097,56.706417
1348,2025-08-25 04:00:00+05:30,7.2,53.13002,13.202726,64.133705
1349,2025-08-25 05:00:00+05:30,5.22,46.39711,10.30883,65.22488
1350,2025-08-25 06:00:00+05:30,5.692099,55.304783,7.5019197,59.743652
1351,2025-08-25 07:00:00+05:30,6.090812,55.840256,7.841887,58.134064
1352,2025-08-25 08:00:00+05:30,5.8298883,81.11942,7.2805495,81.46932
1353,2025-08-25 09:00:00+05:30,5.6835546,79.04598,6.9550843,79.56258
1354,2025-08-25 10:00:00+05:30,4.412754,101.768265,5.297018,99.78234
1355,2025-08-25 11:00:00+05:30,4.965521,136.46873,5.983477,136.2188
1356,2025-08-25 12:00:00+05:30,3.7971041,148.57048,4.6938257,147.52882
1357,2025-08-25 13:00:00+05:30,0.71999997,360.0,0.8049845,26.564985
1358,2025-08-25 14:00:00+05:30,4.445672,21.370695,5.414979,21.44781
1359,2025-08-25 15:00:00+05:30,4.6730714,74.3577,6.050785,67.24899
1360,2025-08-25 16:00:00+05:30,2.8460498,161.56496,2.8460495,145.30478
1361,2025-08-25 17:00:00+05:30,6.5693827,170.53775,9.346143,164.3577
1362,2025-08-25 18:00:00+05:30,2.7943513,194.93147,5.2694216,172.14677
1363,2025-08-25 19:00:00+05:30,1.781909,135.0001,5.5596404,150.9455
1364,2025-08-25 20:00:00+05:30,3.7064266,119.05451,9.801326,134.25603
1365,2025-08-25 21:00:00+05:30,4.2175345,39.805527,9.039514,77.34745
1366,2025-08-25 22:00:00+05:30,4.0449967,57.724377,10.706595,73.39294
1367,2025-08-25 23:00:00+05:30,3.9844694,71.564964,10.873252,83.34567
1368,2025-08-26 00:00:00+05:30,3.5455887,66.037506,9.979859,82.7469
1369,2025-08-26 01:00:00+05:30,3.189608,73.61038,9.187056,87.75431
1370,2025-08-26 02:00:00+05:30,1.659518,49.398785,6.6818557,85.364624
1371,2025-08-26 03:00:00+05:30,2.0523157,52.124958,6.3231,85.101
1372,2025-08-26 04:00:00+05:30,2.0124612,63.435013,6.482499,88.4089
1373,2025-08-26 05:00:00+05:30,3.219938,63.435013,7.613382,83.21112
1374,2025-08-26 06:00:00+05:30,6.8423676,54.63746,13.288341,61.69934
1375,2025-08-26 07:00:00+05:30,6.5248446,65.55606,9.430695,66.37061
1376,2025-08-26 08:00:00+05:30,7.172949,72.47434,9.3962755,73.300674
1377,2025-08-26 09:00:00+05:30,9.243311,96.70974,11.767651,96.14653
1378,2025-08-26 10:00:00+05:30,7.145796,130.91429,9.648067,126.656204
1379,2025-08-26 11:00:00+05:30,5.369916,140.44037,7.0107627,138.12222
1380,2025-08-26 12:00:00+05:30,3.148714,120.963684,4.0449967,122.27562
1381,2025-08-26 13:00:00+05:30,2.2553935,61.389645,2.7416782,66.801384
1382,2025-08-26 14:00:00+05:30,1.609969,333.43503,1.9386592,338.19852
1383,2025-08-26 15:00:00+05:30,6.5520988,15.945477,7.989243,14.349371
1384,2025-08-26 16:00:00+05:30,4.0249224,10.304792,4.7657523,10.885482
1385,2025-08-26 17:00:00+05:30,2.4482648,143.97253,5.402999,150.01845
1386,2025-08-26 18:00:00+05:30,0.35999998,360.0,2.3400002,157.3801
1387,2025-08-26 19:00:00+05:30,4.060985,192.80426,6.9527545,201.25058
1388,2025-08-26 20:00:00+05:30,0.17999999,360.0,1.8089776,174.2895
1389,2025-08-26 21:00:00+05:30,1.4512063,352.87506,2.0124612,333.43503
1390,2025-08-26 22:00:00+05:30,3.4199998,360.0,7.9383874,356.09958
1391,2025-08-26 23:00:00+05:30,1.1525624,141.34016,2.9301877,47.489597
1392,2025-08-27 00:00:00+05:30,3.604497,177.13765,4.143911,177.5105
1393,2025-08-27 01:00:00+05:30,2.8856194,93.57626,5.5916004,123.17853
1394,2025-08-27 02:00:00+05:30,6.7397914,124.11452,11.919479,128.25447
1395,2025-08-27 03:00:00+05:30,2.3469126,85.60138,6.830519,161.56496
1396,2025-08-27 04:00:00+05:30,2.9522195,127.568665,6.542201,172.09293
1397,2025-08-27 05:00:00+05:30,3.494968,55.491425,2.226477,104.03627
1398,2025-08-27 06:00:00+05:30,8.654986,16.927603,12.397806,25.820946
1399,2025-08-27 07:00:00+05:30,5.004518,37.694313,7.42159,50.906155
1400,2025-08-27 08:00:00+05:30,3.7842832,64.65388,4.724786,72.25524
1401,2025-08-27 09:00:00+05:30,3.319036,49.398785,3.9966483,54.16227
1402,2025-08-27 10:00:00+05:30,2.4482648,143.97253,2.9522195,142.43134
1403,2025-08-27 11:00:00+05:30,1.659518,139.39879,2.0523157,142.12495
1404,2025-08-27 12:00:00+05:30,2.9024127,119.74479,3.494968,124.50858
1405,2025-08-27 13:00:00+05:30,2.5959969,56.309914,2.9024127,60.255207
1406,2025-08-27 14:00:00+05:30,1.659518,49.398785,1.6981165,57.99466
1407,2025-08-27 15:00:00+05:30,2.6999998,323.13004,3.2048087,321.8427
1408,2025-08-27 16:00:00+05:30,0.9693296,201.80147,0.742159,255.96373
1409,2025-08-27 17:00:00+05:30,2.3051248,128.65984,2.8001428,135.0001
1410,2025-08-27 18:00:00+05:30,7.172949,342.47433,14.935662,347.4712
1411,2025-08-27 19:00:00+05:30,6.8541956,346.32867,14.84318,345.9637
1412,2025-08-27 20:00:00+05:30,8.55142,120.34317,11.448055,106.44046
1413,2025-08-27 21:00:00+05:30,2.4482646,72.89719,5.232399,86.05489
1414,2025-08-27 22:00:00+05:30,7.754637,158.19853,10.9859,145.0079
1415,2025-08-27 23:00:00+05:30,7.1661706,168.40785,13.169555,169.76526
1416,2025-08-28 00:00:00+05:30,6.341009,276.5197,9.449572,252.25523
1417,2025-08-28 01:00:00+05:30,5.506941,101.3099,7.995323,121.18491
1418,2025-08-28 02:00:00+05:30,3.693291,46.97493,5.2478566,84.093956
1419,2025-08-28 03:00:00+05:30,6.7205353,69.62349,11.050591,77.774895
1420,2025-08-28 04:00:00+05:30,7.2805495,98.530685,11.334285,110.44964
1421,2025-08-28 05:00:00+05:30,7.102591,81.25392,10.266314,87.99049
1422,2025-08-28 06:00:00+05:30,5.95906,115.01687,10.094454,121.13891
1423,2025-08-28 07:00:00+05:30,5.2416787,105.945465,9.340941,115.083565
1424,2025-08-28 08:00:00+05:30,4.5891175,48.179924,7.029225,87.064384
1425,2025-08-28 09:00:00+05:30,6.778141,100.71308,8.649369,102.01146
1426,2025-08-28 10:00:00+05:30,4.73506,81.25392,5.5829024,88.15243
1427,2025-08-28 11:00:00+05:30,3.6402748,98.530685,4.452954,104.03627
1428,2025-08-28 12:00:00+05:30,5.4656014,107.241554,6.5520988,110.924576
1429,2025-08-28 13:00:00+05:30,10.934166,32.905247,14.25641,37.304024
1430,2025-08-28 14:00:00+05:30,8.61371,26.029541,11.753877,27.349789
1431,2025-08-28 15:00:00+05:30,7.8149853,128.45374,10.152064,127.07316
1432,2025-08-28 16:00:00+05:30,6.5520988,110.924576,8.891344,111.3707
1433,2025-08-28 17:00:00+05:30,8.6193495,151.29414,12.744457,143.61555
1434,2025-08-28 18:00:00+05:30,4.1556225,175.03035,9.292255,158.40463
1435,2025-08-28 19:00:00+05:30,5.7628117,51.34017,12.351988,71.30093
1436,2025-08-28 20:00:00+05:30,6.618519,44.999897,13.684735,54.63746
1437,2025-08-28 21:00:00+05:30,7.519175,11.04091,12.936228,31.920837
1438,2025-08-28 22:00:00+05:30,8.049845,63.435013,14.84318,67.16631
1439,2025-08-28 23:00:00+05:30,9.906544,65.29759,16.580532,69.00707
1440,2025-08-29 00:00:00+05:30,5.223103,88.025116,12.2519045,100.15421
1441,2025-08-29 01:00:00+05:30,5.48631,48.99101,9.299225,75.42574
1442,2025-08-29 02:00:00+05:30,6.763786,64.79892,11.090103,76.865974
1443,2025-08-29 03:00:00+05:30,3.319036,49.398785,7.1208143,73.85559
1444,2025-08-29 04:00:00+05:30,5.8852015,66.5713,12.145665,83.19105
1445,2025-08-29 05:00:00+05:30,7.771331,76.60749,14.357185,82.073166
1446,2025-08-29 06:00:00+05:30,4.143911,34.3804,5.2478566,67.83361
1447,2025-08-29 07:00:00+05:30,4.7110505,83.41815,5.8048253,97.12492
1448,2025-08-29 08:00:00+05:30,6.379216,73.61038,7.731622,77.90526
1449,2025-08-29 09:00:00+05:30,6.28713,66.37061,7.628263,70.70986
1450,2025-08-29 10:00:00+05:30,5.5887027,75.068535,6.7469993,80.78905
1451,2025-08-29 11:00:00+05:30,6.989936,55.491425,8.587338,56.976128
1452,2025-08-29 12:00:00+05:30,9.418661,63.924713,11.833546,63.82477
1453,2025-08-29 13:00:00+05:30,2.226477,14.036275,3.494968,34.50859
1454,2025-08-29 14:00:00+05:30,6.279395,242.7005,7.406295,244.05775
1455,2025-08-29 15:00:00+05:30,6.8138976,167.79955,9.039514,167.34744
1456,2025-08-29 16:00:00+05:30,5.692099,124.69522,7.4520864,127.14677
1457,2025-08-29 17:00:00+05:30,5.0911684,98.13002,8.958504,112.4428
1458,2025-08-29 18:00:00+05:30,4.542994,146.3099,10.070353,151.14444
1459,2025-08-29 19:00:00+05:30,7.344794,143.97253,15.476859,146.86438
1460,2025-08-29 20:00:00+05:30,4.755544,150.5242,12.800266,154.15567
1461,2025-08-29 21:00:00+05:30,3.319036,139.39879,10.223619,153.88615
1462,2025-08-29 22:00:00+05:30,4.471107,49.899166,8.825508,78.231735
1463,2025-08-29 23:00:00+05:30,7.9383874,3.9004252,13.54911,19.397905
1464,2025-08-30 00:00:00+05:30,3.572898,40.9143,5.95906,64.98315
1465,2025-08-30 01:00:00+05:30,2.8460498,108.43504,7.102591,98.74608
1466,2025-08-30 02:00:00+05:30,5.771239,86.423744,12.964998,91.59111
1467,2025-08-30 03:00:00+05:30,4.143911,87.5105,11.016824,94.68582
1468,2025-08-30 04:00:00+05:30,2.3051248,38.65983,7.208994,87.13766
1469,2025-08-30 05:00:00+05:30,6.552099,37.184795,10.601679,49.820835
1470,2025-08-30 06:00:00+05:30,7.891311,44.999897,9.7565975,52.495785
1471,2025-08-30 07:00:00+05:30,6.7469993,46.080845,10.04458,53.74608
1472,2025-08-30 08:00:00+05:30,7.5105524,45.970932,9.807935,47.231197
1473,2025-08-30 09:00:00+05:30,7.9567327,37.64769,10.486448,39.427776
1474,2025-08-30 10:00:00+05:30,8.39078,35.39489,10.587918,35.311302
1475,2025-08-30 11:00:00+05:30,4.599695,59.420856,5.495161,58.392544
1476,2025-08-30 12:00:00+05:30,1.9134263,41.185837,2.4216523,41.98713
1477,2025-08-30 13:00:00+05:30,2.97953,64.98315,3.7064266,60.94549
1478,2025-08-30 14:00:00+05:30,0.6489992,123.690094,0.8049845,116.56499
1479,2025-08-30 15:00:00+05:30,2.6758924,132.27362,3.3481934,126.25393
1480,2025-08-30 16:00:00+05:30,5.9617786,151.11351,7.6579366,150.42226
1481,2025-08-30 17:00:00+05:30,6.9899354,168.11136,14.408997,167.00539
1482,2025-08-30 18:00:00+05:30,2.7534704,78.6901,6.310277,93.270424
1483,2025-08-30 19:00:00+05:30,4.3832865,70.8209,8.827343,73.41259
1484,2025-08-30 20:00:00+05:30,5.5916004,93.691315,12.961249,89.2043
1485,2025-08-30 21:00:00+05:30,5.2478566,84.093956,13.510796,92.29056
1486,2025-08-30 22:00:00+05:30,8.613709,79.159744,18.03237,86.56644
1487,2025-08-30 23:00:00+05:30,8.936778,80.72748,17.648262,88.246635
1488,2025-08-31 00:00:00+05:30,8.604301,74.219185,17.081041,82.12615
1489,2025-08-31 01:00:00+05:30,9.028754,113.49858,17.02404,109.77617
1490,2025-08-31 02:00:00+05:30,5.2416787,74.054535,12.346741,82.46065
1491,2025-08-31 03:00:00+05:30,3.710795,50.906155,10.3621235,72.82401
1492,2025-08-31 04:00:00+05:30,6.439876,26.564985,12.750811,48.433735
1493,2025-08-31 05:00:00+05:30,3.7842832,25.346138,9.726664,51.009003
1494,2025-08-31 06:00:00+05:30,6.122647,88.31535,11.183201,93.691315
1495,2025-08-31 07:00:00+05:30,5.4029994,91.90912,7.388775,92.79265
1496,2025-08-31 08:00:00+05:30,7.928178,92.60251,10.2742,93.012726
1497,2025-08-31 09:00:00+05:30,7.8728137,100.53913,10.209348,99.1301
1498,2025-08-31 10:00:00+05:30,7.3997297,108.43504,9.05205,107.35411
1499,2025-08-31 11:00:00+05:30,6.452441,112.98875,7.823272,113.02553
1500,2025-08-31 12:00:00+05:30,4.471107,139.89915,5.3517847,137.72638
1501,2025-08-31 13:00:00+05:30,2.5959969,123.690094,2.995797,122.73522
1502,2025-08-31 14:00:00+05:30,2.3400002,67.3801,2.968636,75.96373
1503,2025-08-31 15:00:00+05:30,11.375658,4.5376954,14.634343,4.939133
1504,2025-08-31 16:00:00+05:30,7.596341,13.706991,10.656547,15.679591
1505,2025-08-31 17:00:00+05:30,1.6299692,353.6599,3.84796,10.784258
1506,2025-08-31 18:00:00+05:30,3.2399998,360.0,5.7431,32.195713
1507,2025-08-31 19:00:00+05:30,3.6447225,327.09476,5.0688457,6.1154146
1508,2025-08-31 20:00:00+05:30,3.8939953,326.3099,5.4744864,350.53775
1509,2025-08-31 21:00:00+05:30,4.5891175,334.44006,7.02,360.0
1510,2025-08-31 22:00:00+05:30,5.4149795,344.57776,10.6261,1.9414451
1511,2025-08-31 23:00:00+05:30,6.0721655,348.0239,12.703715,7.326311
1512,2025-09-01 00:00:00+05:30,5.2416787,344.05453,11.276968,8.2593565
1513,2025-09-01 01:00:00+05:30,4.0249224,333.43503,8.827344,2.3372545
1514,2025-09-01 02:00:00+05:30,5.00128,329.74365,9.403169,354.50775
1515,2025-09-01 03:00:00+05:30,4.1046314,344.7448,8.656858,3.5762644
1516,2025-09-01 04:00:00+05:30,4.68,360.0,9.914717,15.802589
1517,2025-09-01 05:00:00+05:30,5.0528407,4.085537,11.503113,20.136398
1518,2025-09-01 06:00:00+05:30,4.6277857,13.495748,9.693296,31.328646
1519,2025-09-01 07:00:00+05:30,4.445672,21.370695,9.220499,38.65983
1520,2025-09-01 08:00:00+05:30,9.743304,64.855255,12.904882,67.01126
1521,2025-09-01 09:00:00+05:30,11.043261,70.974304,14.689589,72.89719
1522,2025-09-01 10:00:00+05:30,11.570515,84.644264,15.146761,86.59363
1523,2025-09-01 11:00:00+05:30,10.742848,81.32691,14.154915,82.694336
1524,2025-09-01 12:00:00+05:30,9.165871,70.49747,12.0694,72.64589
1525,2025-09-01 13:00:00+05:30,9.565437,70.20104,12.522619,71.564964
1526,2025-09-01 14:00:00+05:30,9.422101,83.41815,12.7279215,81.86999
1527,2025-09-01 15:00:00+05:30,10.464798,86.05489,15.941944,83.51703
1528,2025-09-01 16:00:00+05:30,9.473541,75.69969,17.769016,76.52683
1529,2025-09-01 17:00:00+05:30,7.6579366,60.42226,18.388212,66.94868
1530,2025-09-01 18:00:00+05:30,6.439876,26.564985,15.782622,44.999897
1531,2025-09-01 19:00:00+05:30,6.1437774,31.827414,15.702356,64.90378
1532,2025-09-01 20:00:00+05:30,4.39436,34.9921,11.767651,83.85348
1533,2025-09-01 21:00:00+05:30,5.815978,21.801476,12.638513,63.79995
1534,2025-09-01 22:00:00+05:30,6.299999,36.86999,15.938896,63.14566
1535,2025-09-01 23:00:00+05:30,5.48631,48.99101,15.5395355,71.77483
1536,2025-09-02 00:00:00+05:30,7.5363917,49.844074,17.655605,66.5713
1537,2025-09-02 01:00:00+05:30,5.4744864,62.59251,16.767075,60.407806
1538,2025-09-02 02:00:00+05:30,4.514377,85.42616,15.367616,84.62339
1539,2025-09-02 03:00:00+05:30,6.037383,243.43501,5.8104043,196.18927
1540,2025-09-02 04:00:00+05:30,13.217443,150.64235,23.77772,150.5242
1541,2025-09-02 05:00:00+05:30,9.215226,77.5926,16.248924,94.4473
1542,2025-09-02 06:00:00+05:30,14.260953,85.656845,23.051247,91.78987
1543,2025-09-02 07:00:00+05:30,16.454008,79.919464,23.141727,81.05062
1544,2025-09-02 08:00:00+05:30,15.501959,77.254715,22.204296,78.7812
1545,2025-09-02 09:00:00+05:30,12.835653,104.62092,17.462782,104.32276
1546,2025-09-02 10:00:00+05:30,7.970972,115.40768,10.385547,115.67677
1547,2025-09-02 11:00:00+05:30,7.3821945,91.39715,9.3669195,92.20255
1548,2025-09-02 12:00:00+05:30,7.5170207,73.300674,9.6932955,74.931465
1549,2025-09-02 13:00:00+05:30,7.0774574,97.30567,9.224011,95.59925
1550,2025-09-02 14:00:00+05:30,8.161764,131.42357,10.486448,129.42778
1551,2025-09-02 15:00:00+05:30,6.9247384,152.10283,8.891343,148.24057
1552,2025-09-02 16:00:00+05:30,3.6447225,147.09476,5.0432134,145.17545
1553,2025-09-02 17:00:00+05:30,0.54,270.0,0.40249225,206.56499
1554,2025-09-02 18:00:00+05:30,1.835647,191.30989,6.8612823,175.4861
1555,2025-09-02 19:00:00+05:30,1.2727921,351.87,1.609969,26.564985
1556,2025-09-02 20:00:00+05:30,1.0495713,30.963696,3.06,61.92762
1557,2025-09-02 21:00:00+05:30,1.4399999,360.0,3.4388947,47.12111
1558,2025-09-02 22:00:00+05:30,2.1674871,355.23645,3.693291,43.02507
1559,2025-09-02 23:00:00+05:30,5.020677,345.4655,6.898956,352.50424
1560,2025-09-03 00:00:00+05:30,3.06,298.0724,7.8087645,334.02567
1561,2025-09-03 01:00:00+05:30,1.7727944,246.0375,4.802999,282.99463
1562,2025-09-03 02:00:00+05:30,7.922045,358.69806,14.941085,0.69026375
1563,2025-09-03 03:00:00+05:30,9.007196,2.2905633,16.1017,5.774233
1564,2025-09-03 04:00:00+05:30,6.5049515,14.4208145,13.447095,27.937061
1565,2025-09-03 05:00:00+05:30,1.659518,12.528798,6.873078,44.999897
1566,2025-09-03 06:00:00+05:30,1.2074767,153.43501,2.5455842,98.13002
1567,2025-09-03 07:00:00+05:30,2.6758924,132.27362,3.710795,129.09386
1568,2025-09-03 08:00:00+05:30,5.0688457,96.11541,6.7205353,97.69597
1569,2025-09-03 09:00:00+05:30,5.3305535,101.68935,6.4624763,102.87501
1570,2025-09-03 10:00:00+05:30,4.7110505,96.581856,5.9834766,96.91113
1571,2025-09-03 11:00:00+05:30,4.7827187,109.798965,6.21717,112.109505
1572,2025-09-03 12:00:00+05:30,3.462369,98.97255,4.2021422,99.865746
1573,2025-09-03 13:00:00+05:30,4.5,106.26028,5.3305535,101.68935
1574,2025-09-03 14:00:00+05:30,10.706595,73.39294,13.1041975,74.054535
1575,2025-09-03 15:00:00+05:30,4.3536186,119.74479,6.2067385,119.53869
1576,2025-09-03 16:00:00+05:30,3.8773184,111.801476,5.4833565,113.19862
1577,2025-09-03 17:00:00+05:30,2.9522195,127.568665,6.76618,118.61037
1578,2025-09-03 18:00:00+05:30,6.3639607,28.739704,11.480557,48.814175
1579,2025-09-03 19:00:00+05:30,4.5820518,44.999897,12.886039,48.964752
1580,2025-09-03 20:00:00+05:30,2.4149535,153.43501,6.9550843,100.43742
1581,2025-09-03 21:00:00+05:30,1.6981165,122.00535,7.3799996,102.680374
1582,2025-09-03 22:00:00+05:30,2.4149535,206.56499,5.2323985,153.43501
1583,2025-09-03 23:00:00+05:30,2.6999998,323.13004,2.8460498,341.56494
1584,2025-09-04 00:00:00+05:30,4.991553,334.35904,12.399112,346.56894
1585,2025-09-04 01:00:00+05:30,4.1085763,331.1893,9.087772,352.0305
1586,2025-09-04 02:00:00+05:30,3.563818,315.0001,6.320538,340.0168
1587,2025-09-04 03:00:00+05:30,1.8792552,286.6993,2.5455842,278.13
1588,2025-09-04 04:00:00+05:30,0.17999999,360.0,1.98,180.0
1589,2025-09-04 05:00:00+05:30,2.5582807,50.710617,3.6179552,84.2895
1590,2025-09-04 06:00:00+05:30,6.193674,144.46223,14.474059,158.8601
1591,2025-09-04 07:00:00+05:30,3.143565,113.62939,4.6452556,125.537766
1592,2025-09-04 08:00:00+05:30,9.059205,159.04414,11.566313,159.02643
1593,2025-09-04 09:00:00+05:30,6.6624317,178.45187,8.849339,175.33322
1594,2025-09-04 10:00:00+05:30,8.338489,166.26372,10.564941,166.20049
1595,2025-09-04 11:00:00+05:30,11.196231,175.38943,14.260953,175.65685
1596,2025-09-04 12:00:00+05:30,10.62,180.0,13.861168,180.74405
1597,2025-09-04 13:00:00+05:30,9.224011,185.59924,11.928989,185.19434
1598,2025-09-04 14:00:00+05:30,8.311245,184.96965,10.674773,185.80663
1599,2025-09-04 15:00:00+05:30,7.613382,173.21112,10.1376915,173.8846
1600,2025-09-04 16:00:00+05:30,2.9024127,172.87508,3.6402748,171.46931
1601,2025-09-04 17:00:00+05:30,7.172949,162.47433,12.703715,172.67369
1602,2025-09-04 18:00:00+05:30,2.6758924,19.653913,3.5455887,23.962492
1603,2025-09-04 19:00:00+05:30,2.7475805,31.607454,5.692099,34.69522
1604,2025-09-04 20:00:00+05:30,7.731622,192.09474,9.67657,189.63747
1605,2025-09-04 21:00:00+05:30,7.6473517,206.56499,14.068816,196.34825
1606,2025-09-04 22:00:00+05:30,4.2671766,207.64589,10.829959,195.42223
1607,2025-09-04 23:00:00+05:30,3.362677,195.52417,8.825508,191.76826
1608,2025-09-05 00:00:00+05:30,0.9693296,201.80147,6.830519,198.43504
1609,2025-09-05 01:00:00+05:30,0.17999999,360.0,4.278551,202.24907
1610,2025-09-05 02:00:00+05:30,0.76367533,135.0001,5.223103,178.02512
1611,2025-09-05 03:00:00+05:30,3.396233,147.99466,9.087772,172.03047
1612,2025-09-05 04:00:00+05:30,5.495161,31.607454,5.2478566,59.03632
1613,2025-09-05 05:00:00+05:30,7.8149853,38.453735,11.45513,44.999897
1614,2025-09-05 06:00:00+05:30,6.12,118.072395,11.521406,151.03244
1615,2025-09-05 07:00:00+05:30,1.9134263,138.81418,3.4623692,152.10283
1616,2025-09-05 08:00:00+05:30,3.9312592,15.945477,4.6730714,15.642312
1617,2025-09-05 09:00:00+05:30,3.8856654,13.392516,4.452954,14.036275
1618,2025-09-05 10:00:00+05:30,2.5582807,39.289394,2.9301877,42.510403
1619,2025-09-05 11:00:00+05:30,3.244996,19.440128,3.710795,22.833694
1620,2025-09-05 12:00:00+05:30,5.5916004,33.178535,6.59154,34.9921
1621,2025-09-05 13:00:00+05:30,0.40249225,243.43501,0.40249225,153.43501
1622,2025-09-05 14:00:00+05:30,10.086427,325.17545,12.886039,318.96475
1623,2025-09-05 15:00:00+05:30,4.9785542,347.4712,7.928178,357.3975
1624,2025-09-05 16:00:00+05:30,2.657668,61.69934,4.175069,7.4313188
1625,2025-09-05 17:00:00+05:30,6.5248446,155.55606,10.094454,148.86108
1626,2025-09-05 18:00:00+05:30,1.3104197,285.94547,0.35999998,270.0
1627,2025-09-05 19:00:00+05:30,0.40249225,206.56499,1.5379207,159.44388
1628,2025-09-05 20:00:00+05:30,2.657668,208.30066,6.4799995,180.0
1629,2025-09-05 21:00:00+05:30,2.1897945,350.53775,2.0523157,15.255177
1630,2025-09-05 22:00:00+05:30,3.143565,13.240531,4.991553,25.640957
1631,2025-09-05 23:00:00+05:30,2.226477,345.9637,4.5891175,11.3098955
1632,2025-09-06 00:00:00+05:30,5.8298883,188.88058,8.287822,177.5105
1633,2025-09-06 01:00:00+05:30,2.2910259,135.0001,6.603817,162.55272
1634,2025-09-06 02:00:00+05:30,3.143565,156.3706,8.43699,168.92984
1635,2025-09-06 03:00:00+05:30,5.6233797,39.805527,6.8541956,66.80139
1636,2025-09-06 04:00:00+05:30,4.2175345,39.805527,6.7757506,50.389355
1637,2025-09-06 05:00:00+05:30,2.4482648,306.02747,1.609969,333.43503
1638,2025-09-06 06:00:00+05:30,2.19718,124.992096,4.5,106.26028
1639,2025-09-06 07:00:00+05:30,3.9477081,155.77226,5.634891,153.43501
1640,2025-09-06 08:00:00+05:30,3.9844694,161.56496,5.12289,161.56496
1641,2025-09-06 09:00:00+05:30,4.143911,177.5105,5.2200003,180.0
1642,2025-09-06 10:00:00+05:30,2.9301877,190.6196,3.671294,191.30989
1643,2025-09-06 11:00:00+05:30,3.572898,220.91429,4.3349743,221.63345
1644,2025-09-06 12:00:00+05:30,3.572898,220.91429,4.2021427,223.26433
1645,2025-09-06 13:00:00+05:30,9.037721,225.80684,10.957846,227.66306
1646,2025-09-06 14:00:00+05:30,7.327127,332.176,8.797931,329.23734
1647,2025-09-06 15:00:00+05:30,9.179999,360.0,12.061341,0.8550762
1648,2025-09-06 16:00:00+05:30,2.4149535,26.564985,3.0758414,20.556128
1649,2025-09-06 17:00:00+05:30,2.0523157,195.25517,4.1046314,195.25517
1650,2025-09-06 18:00:00+05:30,2.5455842,315.0001,4.4565907,313.36346
1651,2025-09-06 19:00:00+05:30,1.2074767,243.43501,2.3469129,237.52882
1652,2025-09-06 20:00:00+05:30,4.8433046,228.01286,10.348043,220.06071
1653,2025-09-06 21:00:00+05:30,3.3481934,233.74606,9.801326,224.25603
1654,2025-09-06 22:00:00+05:30,5.509882,308.36752,8.12197,282.80426
1655,2025-09-06 23:00:00+05:30,4.6938257,237.52882,9.19939,239.42085
1656,2025-09-07 00:00:00+05:30,4.952453,199.09358,9.741642,207.51192
1657,2025-09-07 01:00:00+05:30,3.9477081,245.77226,9.741642,242.48808
1658,2025-09-07 02:00:00+05:30,3.7585104,343.3007,6.248359,318.50363
1659,2025-09-07 03:00:00+05:30,7.406295,334.05774,11.43248,326.56012
1660,2025-09-07 04:00:00+05:30,6.0908127,18.970512,10.086427,2.0453732
1661,2025-09-07 05:00:00+05:30,1.5484185,324.46225,4.3349743,355.23645
1662,2025-09-07 06:00:00+05:30,5.2478566,22.166399,6.21717,22.109503
1663,2025-09-07 07:00:00+05:30,2.16,90.0,2.5455842,81.86999
1664,2025-09-07 08:00:00+05:30,4.1046314,127.875046,4.3536186,119.74479
1665,2025-09-07 09:00:00+05:30,11.7,157.3801,16.45007,156.80139
1666,2025-09-07 10:00:00+05:30,5.6835546,169.04597,8.613709,169.15974
1667,2025-09-07 11:00:00+05:30,2.97953,154.98314,3.7842832,154.65387
1668,2025-09-07 12:00:00+05:30,5.5216303,340.9743,6.5520988,344.05453
1669,2025-09-07 13:00:00+05:30,8.936777,341.2,10.759423,342.47433
1670,2025-09-07 14:00:00+05:30,5.0911684,315.0001,6.114703,312.614
1671,2025-09-07 15:00:00+05:30,6.87779,263.9911,8.6867485,264.05322
1672,2025-09-07 16:00:00+05:30,4.9785542,282.5288,6.725354,285.52417
1673,2025-09-07 17:00:00+05:30,3.4623692,207.89717,7.001514,223.95847
1674,2025-09-07 18:00:00+05:30,4.6938252,175.60138,9.080639,193.7608
1675,2025-09-07 19:00:00+05:30,3.143565,166.75948,6.489992,183.17976
1676,2025-09-07 20:00:00+05:30,3.6179552,174.2895,7.5685663,177.27374
1677,2025-09-07 21:00:00+05:30,1.2074767,153.43501,5.3699164,166.42955
1678,2025-09-07 22:00:00+05:30,2.9301877,100.619606,6.2379804,136.16905
1679,2025-09-07 23:00:00+05:30,10.03167,279.2932,15.484185,271.33218
1680,2025-09-08 00:00:00+05:30,8.383054,284.93146,13.084402,277.90707
1681,2025-09-08 01:00:00+05:30,1.484318,75.96373,1.8792552,343.3007
1682,2025-09-08 02:00:00+05:30,4.323748,267.6141,5.8631387,252.1212
1683,2025-09-08 03:00:00+05:30,3.4576871,321.34018,6.8989563,285.12405
1684,2025-09-08 04:00:00+05:30,2.3469129,212.47118,4.755544,240.5242
1685,2025-09-08 05:00:00+05:30,4.293669,33.023872,5.4119864,3.8140097
1686,2025-09-08 06:00:00+05:30,2.6758924,132.27362,3.9477081,133.1524
1687,2025-09-08 07:00:00+05:30,1.8,143.13002,2.19718,145.0079
1688,2025-09-08 08:00:00+05:30,2.7534704,168.69011,3.462369,171.02745
1689,2025-09-08 09:00:00+05:30,2.5455842,188.13002,3.143565,193.24052
1690,2025-09-08 10:00:00+05:30,4.0449963,200.85454,5.0142193,201.03758
1691,2025-09-08 11:00:00+05:30,3.494968,214.50858,4.1046314,217.87505
1692,2025-09-08 12:00:00+05:30,4.2175345,219.80553,5.1481256,216.46933
1693,2025-09-08 13:00:00+05:30,7.44121,237.84773,9.290511,234.46223
1694,2025-09-08 14:00:00+05:30,5.8852015,293.4287,7.689603,286.31393
1695,2025-09-08 15:00:00+05:30,8.490582,274.8644,11.212135,275.52744
1696,2025-09-08 16:00:00+05:30,6.0908127,251.0295,8.209263,254.74483
1697,2025-09-08 17:00:00+05:30,3.01735,287.3541,7.2044983,282.99463
1698,2025-09-08 18:00:00+05:30,0.9693296,201.80147,4.724786,229.63554
1699,2025-09-08 19:00:00+05:30,1.0948973,350.53775,4.4565907,316.63654
1700,2025-09-08 20:00:00+05:30,0.40249225,26.564985,1.9881649,354.80566
1701,2025-09-08 21:00:00+05:30,3.244996,326.3099,6.2067385,330.4613
1702,2025-09-08 22:00:00+05:30,3.438895,353.9911,7.5685663,2.7262611
1703,2025-09-08 23:00:00+05:30,5.3999996,233.13002,6.439876,243.43501
1704,2025-09-09 00:00:00+05:30,9.039514,12.652561,15.273505,8.130019
1705,2025-09-09 01:00:00+05:30,7.5685663,2.7262611,13.709573,3.7639716
1706,2025-09-09 02:00:00+05:30,9.028754,355.42615,16.388899,358.11185
1707,2025-09-09 03:00:00+05:30,6.0908127,18.970512,12.886039,12.094739
1708,2025-09-09 04:00:00+05:30,5.0816135,112.93214,5.04,90.0
1709,2025-09-09 05:00:00+05:30,5.8769383,62.65021,9.693296,68.19853
1710,2025-09-09 06:00:00+05:30,1.8,323.13,4.1085763,298.8107
1711,2025-09-09 07:00:00+05:30,1.3104197,15.945477,1.4512063,352.87506
1712,2025-09-09 08:00:00+05:30,2.9522195,37.568665,3.3481934,36.253937
1713,2025-09-09 09:00:00+05:30,1.1525624,38.65983,1.2979984,33.6901
1714,2025-09-09 10:00:00+05:30,1.98,180.0,2.5264204,184.08554
1715,2025-09-09 11:00:00+05:30,4.514377,184.57384,5.426933,185.7105
1716,2025-09-09 12:00:00+05:30,5.983477,195.7087,7.1208143,196.14441
1717,2025-09-09 13:00:00+05:30,8.37532,208.21725,10.387107,207.89719
1718,2025-09-09 14:00:00+05:30,7.3469996,239.03632,9.139322,237.87503
1719,2025-09-09 15:00:00+05:30,9.346143,254.3577,12.835653,255.37909
1720,2025-09-09 16:00:00+05:30,7.458606,289.74692,10.706595,286.60706
1721,2025-09-09 17:00:00+05:30,2.6758924,317.72638,6.3690495,317.29062
1722,2025-09-09 18:00:00+05:30,5.896202,282.33908,11.448055,286.44046
1723,2025-09-09 19:00:00+05:30,3.2846913,279.46225,9.47012,278.74606
1724,2025-09-09 20:00:00+05:30,2.6999998,233.13002,7.0568266,275.85593
1725,2025-09-09 21:00:00+05:30,1.7076298,198.43504,4.599695,239.42085
1726,2025-09-09 22:00:00+05:30,4.5891175,205.55992,9.021574,208.61037
1727,2025-09-09 23:00:00+05:30,7.5363917,130.15593,12.081473,151.5259
1728,2025-09-10 00:00:00+05:30,6.444905,125.90981,12.124306,139.21428
1729,2025-09-10 01:00:00+05:30,5.8048253,150.2552,10.223619,153.88615
1730,2025-09-10 02:00:00+05:30,4.5,143.13002,7.2044983,167.00539
1731,2025-09-10 03:00:00+05:30,3.189608,106.38962,4.91634,156.2505
1732,2025-09-10 04:00:00+05:30,2.5071096,111.03758,3.563818,135.0001
1733,2025-09-10 05:00:00+05:30,6.778141,169.28693,11.481968,170.98076
1734,2025-09-10 06:00:00+05:30,4.942631,236.88864,11.032987,241.76265
1735,2025-09-10 07:00:00+05:30,4.5,270.0,6.2999997,270.0
1736,2025-09-10 08:00:00+05:30,7.7420926,287.5925,9.621163,287.41806
1737,2025-09-10 09:00:00+05:30,5.7852573,275.35574,7.2202215,274.28906
1738,2025-09-10 10:00:00+05:30,4.846648,301.32864,5.8048253,299.74478
1739,2025-09-10 11:00:00+05:30,1.7076298,251.56496,2.1068459,250.0168
1740,2025-09-10 12:00:00+05:30,3.6447225,212.90524,4.4456716,211.75943
1741,2025-09-10 13:00:00+05:30,4.863332,231.009,5.876938,229.9698
1742,2025-09-10 14:00:00+05:30,4.0449967,237.72438,5.00128,239.74365
1743,2025-09-10 15:00:00+05:30,3.9844694,251.56496,4.6730714,254.3577
1744,2025-09-10 16:00:00+05:30,2.8116899,320.1945,3.9518096,300.06848
1745,2025-09-10 17:00:00+05:30,6.341009,145.40765,8.536252,155.05612
1746,2025-09-10 18:00:00+05:30,6.198903,295.82092,11.792404,301.26367
1747,2025-09-10 19:00:00+05:30,1.1384199,71.564964,2.7059932,3.8140097
1748,2025-09-10 20:00:00+05:30,1.1525624,308.65982,2.6999998,306.86996
1749,2025-09-10 21:00:00+05:30,5.2416787,195.94547,6.1569467,195.25517
1750,2025-09-10 22:00:00+05:30,3.4763772,248.74942,6.5520988,249.07542
1751,2025-09-10 23:00:00+05:30,6.3639607,241.2603,12.081473,236.54666
1752,2025-09-11 00:00:00+05:30,2.2768397,198.43504,4.8965297,233.97253
1753,2025-09-11 01:00:00+05:30,5.9427266,181.73567,10.6261,206.13094
1754,2025-09-11 02:00:00+05:30,1.5484185,144.46223,4.863332,231.009
1755,2025-09-11 03:00:00+05:30,1.4512063,60.255207,0.40249225,206.56499
1756,2025-09-11 04:00:00+05:30,3.8647635,152.24155,5.223103,178.02512
1757,2025-09-11 05:00:00+05:30,5.318383,113.962494,8.936778,124.33028
1758,2025-09-11 06:00:00+05:30,2.3469129,122.471176,3.2048087,128.15727
1759,2025-09-11 07:00:00+05:30,5.2478566,157.8336,6.384293,158.4985
1760,2025-09-11 08:00:00+05:30,3.536439,165.2564,4.327493,163.0724
1761,2025-09-11 09:00:00+05:30,2.0991426,120.96369,2.50064,120.256355
1762,2025-09-11 10:00:00+05:30,3.8521678,142.59457,4.6452556,144.46223
1763,2025-09-11 11:00:00+05:30,5.004518,142.3057,5.994297,138.65233
1764,2025-09-11 12:00:00+05:30,6.310277,176.72958,7.579261,175.91446
1765,2025-09-11 13:00:00+05:30,5.7628117,181.78987,7.0223074,181.46877
1766,2025-09-11 14:00:00+05:30,4.143911,182.4895,5.0528407,184.08554
1767,2025-09-11 15:00:00+05:30,4.278551,165.37909,5.5450516,166.86597
1768,2025-09-11 16:00:00+05:30,6.206738,196.85847,9.0645685,186.84268
1769,2025-09-11 17:00:00+05:30,5.1544156,282.09473,9.914717,266.87793
1770,2025-09-11 18:00:00+05:30,7.001514,46.041542,9.668195,61.049107
1771,2025-09-11 19:00:00+05:30,3.0758414,249.44386,1.9469976,236.3099
1772,2025-09-11 20:00:00+05:30,2.9522195,232.43134,4.599695,210.57915
1773,2025-09-11 21:00:00+05:30,1.8,306.86996,2.8116899,309.8055
1774,2025-09-11 22:00:00+05:30,0.9693296,201.80147,0.6489992,303.6901
1775,2025-09-11 23:00:00+05:30,4.1556225,175.03035,5.7852573,174.64427
1776,2025-09-12 00:00:00+05:30,5.4029994,181.9091,8.731392,188.29706
1777,2025-09-12 01:00:00+05:30,2.5772076,65.22488,3.9312592,74.054535
1778,2025-09-12 02:00:00+05:30,2.97953,154.98314,4.2175345,129.80553
1779,2025-09-12 03:00:00+05:30,1.1384199,108.43504,3.381893,115.20109
1780,2025-09-12 04:00:00+05:30,0.6489992,303.6901,1.0495713,59.03632
1781,2025-09-12 05:00:00+05:30,2.6999998,126.86998,4.829907,116.56499
1782,2025-09-12 06:00:00+05:30,1.2979984,146.3099,2.34,180.0
1783,2025-09-12 07:00:00+05:30,0.9693296,338.19852,0.9693296,338.19852
1784,2025-09-12 08:00:00+05:30,3.0652893,40.236294,3.572898,40.9143
1785,2025-09-12 09:00:00+05:30,1.835647,101.3099,2.1897945,99.46225
1786,2025-09-12 10:00:00+05:30,3.06,151.92761,3.62243,153.43501
1787,2025-09-12 11:00:00+05:30,2.5582807,140.71062,2.9522195,142.43134
1788,2025-09-12 12:00:00+05:30,3.4576871,218.65984,3.8521678,217.40543
1789,2025-09-12 13:00:00+05:30,3.644722,290.22495,4.5891175,281.3099
1790,2025-09-12 14:00:00+05:30,1.1384199,18.435053,0.9693296,21.801476
1791,2025-09-12 15:00:00+05:30,3.4152596,341.56494,4.3498964,335.55606
1792,2025-09-12 16:00:00+05:30,1.7727944,66.037506,1.9469976,56.3099
1793,2025-09-12 17:00:00+05:30,2.2768397,108.43504,3.8183763,98.13002
1794,2025-09-12 18:00:00+05:30,9.567131,175.68405,18.03237,176.56644
1795,2025-09-12 19:00:00+05:30,4.896529,162.89719,11.555103,175.53293
1796,2025-09-12 20:00:00+05:30,4.542994,146.3099,10.897063,157.6713
1797,2025-09-12 21:00:00+05:30,3.319036,139.39879,9.346143,164.3577
1798,2025-09-12 22:00:00+05:30,1.835647,11.3098955,0.35999998,90.0
1799,2025-09-12 23:00:00+05:30,5.297018,99.78234,7.120815,110.72565
1800,2025-09-13 00:00:00+05:30,5.020677,104.5345,6.297428,120.963684
1801,2025-09-13 01:00:00+05:30,3.671294,78.6901,2.8856194,93.57626
1802,2025-09-13 02:00:00+05:30,4.327493,106.9276,3.319036,130.60121
1803,2025-09-13 03:00:00+05:30,3.381893,64.79892,3.4388947,42.878906
1804,2025-09-13 04:00:00+05:30,4.846648,158.19853,4.6102495,141.34016
1805,2025-09-13 05:00:00+05:30,3.8773184,158.19853,4.7928696,145.71307
1806,2025-09-13 06:00:00+05:30,4.669604,207.55272,8.39657,239.0363
1807,2025-09-13 07:00:00+05:30,5.315336,208.30066,9.422101,226.54811
1808,2025-09-13 08:00:00+05:30,6.9899354,191.88864,9.299225,194.57425
1809,2025-09-13 09:00:00+05:30,4.724786,197.74477,5.8631387,197.87878
1810,2025-09-13 10:00:00+05:30,5.5916004,183.69131,6.6697226,183.094
1811,2025-09-13 11:00:00+05:30,6.4624763,192.875,7.771331,193.39252
1812,2025-09-13 12:00:00+05:30,5.8769383,207.3498,7.0843205,207.21602
1813,2025-09-13 13:00:00+05:30,6.8423676,234.63745,8.4963045,233.61555
1814,2025-09-13 14:00:00+05:30,14.81915,220.07283,19.388264,221.23587
1815,2025-09-13 15:00:00+05:30,4.3536186,240.2552,6.12,241.92761
1816,2025-09-13 16:00:00+05:30,0.6489992,213.6901,1.0495713,210.96368
1817,2025-09-13 17:00:00+05:30,2.5772078,347.90527,2.907989,338.19852
1818,2025-09-13 18:00:00+05:30,5.4029994,358.09088,4.755544,330.5242
1819,2025-09-13 19:00:00+05:30,3.396233,32.005356,3.438895,6.0089183
1820,2025-09-13 20:00:00+05:30,6.8399997,360.0,11.341428,0.90936255
1821,2025-09-13 21:00:00+05:30,3.9844694,18.435053,9.567131,4.3159466
1822,2025-09-13 22:00:00+05:30,6.050785,149.62096,7.056826,142.25313
1823,2025-09-13 23:00:00+05:30,3.9966483,144.16226,7.9220443,158.68202
1824,2025-09-14 00:00:00+05:30,4.0449963,110.854546,5.4744864,152.59251
1825,2025-09-14 01:00:00+05:30,4.323748,92.385895,5.3426957,147.38077
1826,2025-09-14 02:00:00+05:30,3.6,53.13002,1.659518,102.5288
1827,2025-09-14 03:00:00+05:30,3.8647635,62.24156,2.3400002,67.3801
1828,2025-09-14 04:00:00+05:30,3.4763772,68.74943,2.7059932,86.186005
1829,2025-09-14 05:00:00+05:30,3.2846913,99.46225,2.9024127,119.74479
1830,2025-09-14 06:00:00+05:30,6.384293,139.574,10.134495,146.59216
1831,2025-09-14 07:00:00+05:30,4.39436,124.992096,6.7469993,133.91916
1832,2025-09-14 08:00:00+05:30,3.1072817,100.00792,3.8856654,103.39252
1833,2025-09-14 09:00:00+05:30,4.3349743,94.76356,5.8104043,106.18928
1834,2025-09-14 10:00:00+05:30,4.1556225,94.96966,5.4744864,99.46225
1835,2025-09-14 11:00:00+05:30,4.8899083,83.659904,6.310277,86.729576
1836,2025-09-14 12:00:00+05:30,4.0249224,100.30479,5.195113,104.03627
1837,2025-09-14 13:00:00+05:30,1.609969,116.56499,2.1749482,114.44395
1838,2025-09-14 14:00:00+05:30,1.6299692,186.3401,1.835647,191.30989
1839,2025-09-14 15:00:00+05:30,4.514377,184.57384,5.4477882,187.59456
1840,2025-09-14 16:00:00+05:30,3.710795,194.03627,4.952453,199.09358
1841,2025-09-14 17:00:00+05:30,2.3469126,175.60138,4.913044,188.42688
1842,2025-09-14 18:00:00+05:30,4.353619,187.12492,10.478722,184.92702
1843,2025-09-14 19:00:00+05:30,2.2553935,151.38963,8.149847,173.6599
1844,2025-09-14 20:00:00+05:30,3.4623692,152.10283,8.909545,171.86998
1845,2025-09-14 21:00:00+05:30,3.8521678,142.59457,8.996398,160.11475
1846,2025-09-14 22:00:00+05:30,7.0591216,250.64091,12.881008,236.97612
1847,2025-09-14 23:00:00+05:30,2.6999998,306.86996,5.9644947,275.19434
1848,2025-09-15 00:00:00+05:30,2.19718,55.0079,2.1897945,350.53775
1849,2025-09-15 01:00:00+05:30,3.710795,67.16631,4.5,53.13002
1850,2025-09-15 02:00:00+05:30,4.8633323,87.87895,8.461914,91.21885
1851,2025-09-15 03:00:00+05:30,4.510787,118.61037,8.863972,119.16752
1852,2025-09-15 04:00:00+05:30,3.7585104,106.699326,7.989242,112.52061
1853,2025-09-15 05:00:00+05:30,4.6730714,105.64231,9.028754,113.49858
1854,2025-09-15 06:00:00+05:30,6.618519,135.0001,11.844492,143.65245
1855,2025-09-15 07:00:00+05:30,5.369916,129.55963,7.1684303,128.8845
1856,2025-09-15 08:00:00+05:30,5.2323985,139.18501,6.502461,138.36655
1857,2025-09-15 09:00:00+05:30,5.8603754,169.3804,7.1321807,169.82455
1858,2025-09-15 10:00:00+05:30,5.720489,167.27565,7.029225,166.67546
1859,2025-09-15 11:00:00+05:30,6.489992,160.55988,7.8625183,164.05453
1860,2025-09-15 12:00:00+05:30,3.1845248,132.70937,4.2021427,133.26433
1861,2025-09-15 13:00:00+05:30,8.553314,188.47105,11.402683,191.84206
1862,2025-09-15 14:00:00+05:30,5.95906,115.01687,8.654987,135.0001
1863,2025-09-15 15:00:00+05:30,5.6835546,79.04598,7.7420926,91.33219
1864,2025-09-15 16:00:00+05:30,7.7420926,88.667816,11.901798,93.46816
1865,2025-09-15 17:00:00+05:30,8.6867485,84.05324,15.4800005,90.0
1866,2025-09-15 18:00:00+05:30,10.075177,108.75875,17.870834,116.30691
1867,2025-09-15 19:00:00+05:30,10.597094,69.10216,18.498886,79.34615
1868,2025-09-15 20:00:00+05:30,8.473393,77.735245,16.607864,85.64901
1869,2025-09-15 21:00:00+05:30,7.9077177,78.178535,16.215992,87.45525
1870,2025-09-15 22:00:00+05:30,4.5891175,64.440094,11.052058,83.453804
1871,2025-09-15 23:00:00+05:30,6.601363,101.003494,12.466867,107.650215
1872,2025-09-16 00:00:00+05:30,6.601363,101.003494,12.351988,108.69908
1873,2025-09-16 01:00:00+05:30,7.928178,92.60251,15.048042,96.8699
1874,2025-09-16 02:00:00+05:30,7.754637,68.19853,13.767352,78.6901
1875,2025-09-16 03:00:00+05:30,9.668195,65.8209,15.7754345,73.42591
1876,2025-09-16 04:00:00+05:30,11.165805,88.15243,19.660416,93.67442
1877,2025-09-16 05:00:00+05:30,10.3621235,72.82401,17.90344,80.158936
1878,2025-09-16 06:00:00+05:30,12.015589,98.61557,20.157589,100.80818
1879,2025-09-16 07:00:00+05:30,11.334284,100.06063,16.204998,102.18365
1880,2025-09-16 08:00:00+05:30,10.6261,91.94145,14.597767,92.827065
1881,2025-09-16 09:00:00+05:30,9.582359,84.61079,12.273043,85.79472
1882,2025-09-16 10:00:00+05:30,9.531505,79.11452,12.399113,80.81124
1883,2025-09-16 11:00:00+05:30,10.041354,75.46551,12.931218,73.835434
1884,2025-09-16 12:00:00+05:30,14.05845,140.19447,18.581894,141.68687
1885,2025-09-16 13:00:00+05:30,10.564941,134.30981,15.922626,137.29063
1886,2025-09-16 14:00:00+05:30,8.373386,115.46331,12.7279215,118.7397
1887,2025-09-16 15:00:00+05:30,6.849467,93.012726,9.243311,96.70974
1888,2025-09-16 16:00:00+05:30,6.5248446,65.55606,8.891344,68.62931
1889,2025-09-16 17:00:00+05:30,6.0347,72.64589,11.874544,75.96373
1890,2025-09-16 18:00:00+05:30,6.0347,107.35411,12.835653,112.24908
1891,2025-09-16 19:00:00+05:30,7.2359104,84.2895,14.978984,94.1346
1892,2025-09-16 20:00:00+05:30,6.122647,91.68465,14.319901,104.56032
1893,2025-09-16 21:00:00+05:30,6.6818557,117.25525,14.827893,123.11135
1894,2025-09-16 22:00:00+05:30,6.5223618,117.979385,13.971757,128.19873
1895,2025-09-16 23:00:00+05:30,8.260411,101.3099,15.198012,108.649635
1896,2025-09-17 00:00:00+05:30,7.16617,115.277695,12.688404,121.660706
1897,2025-09-17 01:00:00+05:30,4.2021422,99.865746,8.461915,128.08882
1898,2025-09-17 02:00:00+05:30,5.5799994,90.0,8.996398,109.885254
1899,2025-09-17 03:00:00+05:30,4.0249224,100.30479,8.604301,127.34943
1900,2025-09-17 04:00:00+05:30,4.0449967,147.72438,7.0199995,157.3801
1901,2025-09-17 05:00:00+05:30,3.9844694,161.56496,7.79215,173.36758
1902,2025-09-17 06:00:00+05:30,1.98,180.0,7.491114,144.78232
1903,2025-09-17 07:00:00+05:30,4.278551,112.24908,5.7964473,115.76928
1904,2025-09-17 08:00:00+05:30,6.618519,135.0001,8.528657,134.14499
1905,2025-09-17 09:00:00+05:30,5.09435,122.00535,6.544677,121.50421
1906,2025-09-17 10:00:00+05:30,6.59154,145.0079,8.244708,143.88057
1907,2025-09-17 11:00:00+05:30,3.9518096,149.9315,4.6938257,147.52882
1908,2025-09-17 12:00:00+05:30,5.5916004,146.82147,6.7397914,145.88548
1909,2025-09-17 13:00:00+05:30,4.14,180.0,4.8633323,177.87895
1910,2025-09-17 14:00:00+05:30,1.0948973,189.46225,1.6299692,186.3401
1911,2025-09-17 15:00:00+05:30,2.5772076,155.22488,3.381893,154.7989
1912,2025-09-17 16:00:00+05:30,3.8521678,142.59457,5.004518,142.3057
1913,2025-09-17 17:00:00+05:30,4.0449963,159.14546,9.3962755,159.82927
1914,2025-09-17 18:00:00+05:30,5.6492476,149.34941,13.538345,144.19656
1915,2025-09-17 19:00:00+05:30,4.913044,151.55717,12.632101,147.21573
1916,2025-09-17 20:00:00+05:30,4.327493,163.0724,11.113451,155.09526
1917,2025-09-17 21:00:00+05:30,3.148714,149.03632,9.913082,150.64235
1918,2025-09-17 22:00:00+05:30,1.0495713,149.03632,7.771331,166.60748
1919,2025-09-17 23:00:00+05:30,5.2694216,7.853233,6.1226463,24.304548
1920,2025-09-18 00:00:00+05:30,3.563818,44.999897,7.7420926,54.46224
1921,2025-09-18 01:00:00+05:30,3.244996,86.82024,7.3821945,88.60285
1922,2025-09-18 02:00:00+05:30,4.4456716,121.75944,10.036512,122.549995
1923,2025-09-18 03:00:00+05:30,5.9834766,158.83867,10.9859,161.86183
1924,2025-09-18 04:00:00+05:30,4.6800003,157.3801,8.297589,176.26868
1925,2025-09-18 05:00:00+05:30,7.282774,140.01317,12.10157,157.249
1926,2025-09-18 06:00:00+05:30,6.898956,97.495766,9.847496,108.10386
1927,2025-09-18 07:00:00+05:30,6.384293,130.426,8.415842,131.53168
1928,2025-09-18 08:00:00+05:30,6.050785,149.62096,7.689603,147.42595
1929,2025-09-18 09:00:00+05:30,4.143911,145.6196,5.1919937,146.3099
1930,2025-09-18 10:00:00+05:30,3.438895,96.00892,4.2021422,99.865746
1931,2025-09-18 11:00:00+05:30,1.8089776,95.7105,2.1674871,94.76356
1932,2025-09-18 12:00:00+05:30,0.9,143.13002,1.2727921,135.0001
1933,2025-09-18 13:00:00+05:30,2.0523157,217.87505,2.50064,210.25635
1934,2025-09-18 14:00:00+05:30,3.8521678,232.59457,4.752136,232.69597
1935,2025-09-18 15:00:00+05:30,1.8532133,240.94548,2.2553935,241.38963
1936,2025-09-18 16:00:00+05:30,2.5959969,236.3099,3.396233,237.99466
1937,2025-09-18 17:00:00+05:30,0.0,270.0,1.835647,101.3099
1938,2025-09-18 18:00:00+05:30,4.724786,197.74477,9.984729,213.9766
1939,2025-09-18 19:00:00+05:30,1.7727944,156.0375,5.920878,199.53674
1940,2025-09-18 20:00:00+05:30,2.4014995,77.00539,3.3481934,126.25393
1941,2025-09-18 21:00:00+05:30,4.6834598,87.79745,10.158444,97.12492
1942,2025-09-18 22:00:00+05:30,5.293959,54.688713,10.094454,86.933586
1943,2025-09-18 23:00:00+05:30,7.7650757,44.06091,12.13499,57.72439
1944,2025-09-19 00:00:00+05:30,6.6185193,67.61982,14.747921,70.01681
1945,2025-09-19 01:00:00+05:30,3.4247334,86.98728,9.582359,84.61079
1946,2025-09-19 02:00:00+05:30,7.6579366,119.57774,14.49531,114.973885
1947,2025-09-19 03:00:00+05:30,6.3690495,137.29063,11.304229,142.76509
1948,2025-09-19 04:00:00+05:30,5.4477882,97.59455,10.609316,104.743614
1949,2025-09-19 05:00:00+05:30,7.458606,81.67444,14.428097,93.57626
1950,2025-09-19 06:00:00+05:30,5.297018,80.21766,8.107996,92.544754
1951,2025-09-19 07:00:00+05:30,7.5685663,87.27374,11.722133,93.521385
1952,2025-09-19 08:00:00+05:30,10.03167,99.293236,13.701299,99.8335
1953,2025-09-19 09:00:00+05:30,9.2660675,119.05451,12.10157,120.37905
1954,2025-09-19 10:00:00+05:30,6.6818557,117.25525,8.37532,118.21727
1955,2025-09-19 11:00:00+05:30,7.1321807,132.95459,8.790563,132.5104
1956,2025-09-19 12:00:00+05:30,6.341009,145.40765,7.6388745,145.56096
1957,2025-09-19 13:00:00+05:30,5.1826253,159.67677,6.320538,160.0168
1958,2025-09-19 14:00:00+05:30,4.4274144,153.43501,5.5567255,155.09526
1959,2025-09-19 15:00:00+05:30,2.8856194,86.423744,3.671294,101.3099
1960,2025-09-19 16:00:00+05:30,8.383054,345.06854,11.090103,346.86597
1961,2025-09-19 17:00:00+05:30,2.1749482,294.44394,3.604497,2.8623457
1962,2025-09-19 18:00:00+05:30,3.710795,345.9637,4.724786,17.744766
1963,2025-09-19 19:00:00+05:30,3.4247334,356.98727,6.2067385,29.5387
1964,2025-09-19 20:00:00+05:30,1.4058449,39.805527,5.7176566,61.821507
1965,2025-09-19 21:00:00+05:30,1.5484185,125.537766,6.6818557,117.25525
1966,2025-09-19 22:00:00+05:30,2.0523157,127.875046,8.404285,133.26433
1967,2025-09-19 23:00:00+05:30,0.71999997,360.0,2.6999998,126.86998
1968,2025-09-20 00:00:00+05:30,2.1674871,4.763556,2.4149535,63.435013
1969,2025-09-20 01:00:00+05:30,1.8089776,5.7105074,2.6999998,53.13002
1970,2025-09-20 02:00:00+05:30,4.0249224,349.69522,6.4624763,12.875007
1971,2025-09-20 03:00:00+05:30,2.52,360.0,6.050785,30.379045
1972,2025-09-20 04:00:00+05:30,1.609969,333.43503,5.004518,37.694313
1973,2025-09-20 05:00:00+05:30,1.1525624,321.34018,3.9640884,39.47243
1974,2025-09-20 06:00:00+05:30,3.4247334,3.0127327,6.502461,48.366554
1975,2025-09-20 07:00:00+05:30,3.2048087,38.157276,4.724786,49.635548
1976,2025-09-20 08:00:00+05:30,4.2021422,80.13426,5.2478566,84.093956
1977,2025-09-20 09:00:00+05:30,5.4477882,97.59455,6.898956,97.495766
1978,2025-09-20 10:00:00+05:30,6.3639607,98.13002,8.049845,100.30479
1979,2025-09-20 11:00:00+05:30,5.3699164,103.57046,6.725354,105.52418
1980,2025-09-20 12:00:00+05:30,5.0911684,135.0001,6.3639607,135.0001
1981,2025-09-20 13:00:00+05:30,2.6208394,164.05453,3.244996,160.55988
1982,2025-09-20 14:00:00+05:30,2.4149535,243.43501,2.97953,244.98314
1983,2025-09-20 15:00:00+05:30,1.835647,258.6901,2.2768397,251.56496
1984,2025-09-20 16:00:00+05:30,0.0,270.0,0.17999999,180.0
1985,2025-09-20 17:00:00+05:30,3.381893,244.7989,7.327127,242.176
1986,2025-09-20 18:00:00+05:30,4.613762,200.55612,10.075177,198.75874
1987,2025-09-20 19:00:00+05:30,1.4058449,219.80553,5.5596404,209.0545
1988,2025-09-20 20:00:00+05:30,1.2074767,296.56497,3.4949677,258.11136
1989,2025-09-20 21:00:00+05:30,2.9024127,262.8751,5.4119864,266.186
1990,2025-09-20 22:00:00+05:30,3.362677,254.47583,6.0347,252.64589
1991,2025-09-20 23:00:00+05:30,3.396233,302.00534,6.21717,292.1095
1992,2025-09-21 00:00:00+05:30,3.396233,327.99466,5.896202,328.73633
1993,2025-09-21 01:00:00+05:30,2.9024127,352.87506,5.4149795,15.42223
1994,2025-09-21 02:00:00+05:30,2.3051248,38.65983,6.6087217,60.64234
1995,2025-09-21 03:00:00+05:30,1.2727921,8.130019,5.5216303,70.974304
1996,2025-09-21 04:00:00+05:30,1.5484185,35.537766,6.341009,83.48029
1997,2025-09-21 05:00:00+05:30,2.6208394,15.945477,6.0908127,71.0295
1998,2025-09-21 06:00:00+05:30,3.9763298,5.19435,5.8409934,33.6901
1999,2025-09-21 07:00:00+05:30,3.9966483,35.837746,5.48631,41.00899
2000,2025-09-21 08:00:00+05:30,4.060985,77.19574,5.297018,80.21766
2001,2025-09-21 09:00:00+05:30,4.6730714,105.64231,5.8104043,106.18928
2002,2025-09-21 10:00:00+05:30,3.3481934,126.25393,4.143911,124.3804
2003,2025-09-21 11:00:00+05:30,3.2048087,141.84273,3.9640884,140.52757
2004,2025-09-21 12:00:00+05:30,1.484318,165.96373,1.7076298,161.56496
2005,2025-09-21 13:00:00+05:30,3.671294,191.30989,4.1046314,195.25517
2006,2025-09-21 14:00:00+05:30,3.1845248,227.29063,3.9640884,230.52757
2007,2025-09-21 15:00:00+05:30,0.76367533,315.0001,1.0495713,300.96368
2008,2025-09-21 16:00:00+05:30,2.657668,331.69934,2.9024127,330.25522
2009,2025-09-21 17:00:00+05:30,6.269067,39.173653,8.654987,44.999897
2010,2025-09-21 18:00:00+05:30,1.3708391,113.19862,4.4456716,121.75944
2011,2025-09-21 19:00:00+05:30,1.3104197,344.05453,2.0991426,30.963696
2012,2025-09-21 20:00:00+05:30,3.62243,333.43503,5.9399996,360.0
2013,2025-09-21 21:00:00+05:30,3.572898,310.91428,5.223103,1.9748993
2014,2025-09-21 22:00:00+05:30,5.5450516,305.75397,6.9247384,332.1028
2015,2025-09-21 23:00:00+05:30,5.369916,320.44037,9.299225,345.42575
2016,2025-09-22 00:00:00+05:30,5.9834766,338.83865,12.0720825,357.43628
2017,2025-09-22 01:00:00+05:30,6.341009,353.4803,13.379461,5.403709
2018,2025-09-22 02:00:00+05:30,1.8,36.86999,8.067936,38.65983
2019,2025-09-22 03:00:00+05:30,1.9469976,33.6901,7.329338,65.32315
2020,2025-09-22 04:00:00+05:30,2.968636,14.036275,7.729527,62.24156
2021,2025-09-22 05:00:00+05:30,2.6758924,42.27363,8.149847,83.659904
2022,2025-09-22 06:00:00+05:30,7.342588,11.3098955,13.1041975,20.924576
2023,2025-09-22 07:00:00+05:30,3.9477081,46.8476,10.094454,50.063675
2024,2025-09-22 08:00:00+05:30,5.1575575,60.75127,7.1684303,61.504463
2025,2025-09-22 09:00:00+05:30,7.172949,72.47434,9.172938,74.054535
2026,2025-09-22 10:00:00+05:30,8.6867485,84.05324,11.230904,83.5585
2027,2025-09-22 11:00:00+05:30,7.814986,82.056625,9.826088,81.57312
2028,2025-09-22 12:00:00+05:30,6.6405115,122.828545,8.217153,118.8107
2029,2025-09-22 13:00:00+05:30,10.966713,156.80138,13.472372,157.20345
2030,2025-09-22 14:00:00+05:30,1.8,90.0,2.3469126,94.39862
2031,2025-09-22 15:00:00+05:30,4.8366103,135.0001,6.248359,138.50363
2032,2025-09-22 16:00:00+05:30,6.8423676,88.4926,9.761578,95.28999
2033,2025-09-22 17:00:00+05:30,4.952453,70.90642,8.528657,82.72509
2034,2025-09-22 18:00:00+05:30,5.796447,36.158287,11.616626,49.3988
2035,2025-09-22 19:00:00+05:30,3.0811036,96.70974,8.82,90.0
2036,2025-09-22 20:00:00+05:30,12.330985,326.3099,18.519018,338.92242
2037,2025-09-22 21:00:00+05:30,8.383054,345.06854,14.584445,1.4144003
2038,2025-09-22 22:00:00+05:30,2.6999998,323.13004,6.698806,353.82993
2039,2025-09-22 23:00:00+05:30,6.28713,23.629398,13.70839,29.931421
2040,2025-09-23 00:00:00+05:30,4.060985,12.804273,9.418661,26.075302
2041,2025-09-23 01:00:00+05:30,6.1226463,24.304548,14.021525,29.197395
2042,2025-09-23 02:00:00+05:30,5.8631387,72.12121,12.472065,69.73422
2043,2025-09-23 03:00:00+05:30,4.323748,92.385895,11.9140415,85.66777
2044,2025-09-23 04:00:00+05:30,3.0811036,83.29026,9.826088,81.57312
2045,2025-09-23 05:00:00+05:30,3.5455887,113.962494,10.656547,105.67959
2046,2025-09-23 06:00:00+05:30,4.353619,97.12492,6.4323244,107.92801
2047,2025-09-23 07:00:00+05:30,8.574123,129.0355,11.385622,129.22566
2048,2025-09-23 08:00:00+05:30,8.55142,139.26799,10.97262,138.99101
2049,2025-09-23 09:00:00+05:30,8.320986,141.14662,10.626099,141.18861
2050,2025-09-23 10:00:00+05:30,7.1684303,151.50446,9.109138,150.39565
2051,2025-09-23 11:00:00+05:30,7.353611,158.45895,9.12513,157.98866
2052,2025-09-23 12:00:00+05:30,5.426933,174.2895,6.87779,173.99109
2053,2025-09-23 13:00:00+05:30,4.3832865,199.17911,5.5216303,199.0257
2054,2025-09-23 14:00:00+05:30,3.745557,215.21768,4.7928696,214.28693
2055,2025-09-23 15:00:00+05:30,4.471107,229.89915,5.8603754,227.4896
2056,2025-09-23 16:00:00+05:30,4.5,253.73972,7.458606,250.25307
2057,2025-09-23 17:00:00+05:30,4.1085763,241.1893,9.913082,240.64233
2058,2025-09-23 18:00:00+05:30,2.6208394,105.945465,5.1544156,102.09474
2059,2025-09-23 19:00:00+05:30,2.0124612,296.56497,2.2768397,288.43503
2060,2025-09-23 20:00:00+05:30,1.659518,319.39877,3.8521678,307.40543
2061,2025-09-23 21:00:00+05:30,2.9024127,299.74478,7.4520864,307.14676
2062,2025-09-23 22:00:00+05:30,1.4512063,277.1249,4.7521367,294.62354
2063,2025-09-23 23:00:00+05:30,0.6489992,326.3099,1.8532133,330.9455
2064,2025-09-24 00:00:00+05:30,1.1525624,321.34018,1.5379207,339.44388
2065,2025-09-24 01:00:00+05:30,1.484318,345.9637,1.659518,12.528798
2066,2025-09-24 02:00:00+05:30,2.5071096,21.037588,3.3481934,53.74608
2067,2025-09-24 03:00:00+05:30,3.9966488,7.7650824,7.0591216,19.359097
2068,2025-09-24 04:00:00+05:30,2.9522195,37.568665,7.2403865,34.8754
2069,2025-09-24 05:00:00+05:30,3.7842832,92.72626,8.209263,74.74483
2070,2025-09-24 06:00:00+05:30,4.3349743,4.763556,7.172949,17.52567
2071,2025-09-24 07:00:00+05:30,4.942631,56.88865,6.945761,58.781662
2072,2025-09-24 08:00:00+05:30,6.341009,96.519714,8.149847,96.340096
2073,2025-09-24 09:00:00+05:30,7.7983837,108.85326,9.904906,109.09359
2074,2025-09-24 10:00:00+05:30,8.461914,119.29127,10.874742,118.68605
2075,2025-09-24 11:00:00+05:30,7.289445,122.90524,8.836514,123.36639
2076,2025-09-24 12:00:00+05:30,3.6402748,98.530685,4.412754,101.768265
2077,2025-09-24 13:00:00+05:30,2.8460495,124.69522,3.381893,115.20109
2078,2025-09-24 14:00:00+05:30,7.2649574,228.01286,8.909545,224.9999
2079,2025-09-24 15:00:00+05:30,10.1902895,305.65543,13.644427,306.41647
2080,2025-09-24 16:00:00+05:30,7.327127,332.176,10.472536,335.63754
2081,2025-09-24 17:00:00+05:30,0.9,323.13,3.9844694,18.435053
2082,2025-09-24 18:00:00+05:30,1.2727921,261.87,1.8532133,330.9455
2083,2025-09-24 19:00:00+05:30,3.2048087,321.8427,6.28713,336.3706
2084,2025-09-24 20:00:00+05:30,1.8,36.86999,5.4833565,23.198618
2085,2025-09-24 21:00:00+05:30,1.8792552,16.699326,5.8048253,29.744795
2086,2025-09-24 22:00:00+05:30,2.5959969,33.6901,6.9153743,51.34017
2087,2025-09-24 23:00:00+05:30,3.3481934,53.74608,9.56713,78.05585
2088,2025-09-25 00:00:00+05:30,2.8460495,34.69522,8.777653,74.53873
2089,2025-09-25 01:00:00+05:30,3.9966483,35.837746,10.070353,61.144444
2090,2025-09-25 02:00:00+05:30,3.8939953,56.3099,10.873251,70.66511
2091,2025-09-25 03:00:00+05:30,4.1046314,52.124958,11.966954,74.2913
2092,2025-09-25 04:00:00+05:30,4.198285,59.03632,12.399113,80.81124
2093,2025-09-25 05:00:00+05:30,4.39436,55.0079,12.576836,80.94219
2094,2025-09-25 06:00:00+05:30,7.406295,64.05776,17.035456,83.32563
2095,2025-09-25 07:00:00+05:30,8.709098,71.93944,14.156058,78.26146
2096,2025-09-25 08:00:00+05:30,9.505977,71.22187,12.882267,74.60439
2097,2025-09-25 09:00:00+05:30,9.82279,76.21838,13.100489,77.30042
2098,2025-09-25 10:00:00+05:30,10.674773,95.80663,14.113653,95.85592
2099,2025-09-25 11:00:00+05:30,11.620809,106.18928,15.379206,106.31393
2100,2025-09-25 12:00:00+05:30,9.793058,107.10281,12.758432,106.38962
2101,2025-09-25 13:00:00+05:30,7.4346757,83.047134,9.801326,82.61405
2102,2025-09-25 14:00:00+05:30,6.050785,59.620956,7.973005,61.69934
2103,2025-09-25 15:00:00+05:30,6.7397914,55.885483,9.292255,58.46526
2104,2025-09-25 16:00:00+05:30,2.7475805,58.392544,6.698806,59.300358
2105,2025-09-25 17:00:00+05:30,0.40249225,243.43501,1.3708391,113.19862
2106,2025-09-25 18:00:00+05:30,3.9966488,7.7650824,9.627896,20.806877
2107,2025-09-25 19:00:00+05:30,3.0811036,6.70975,8.089993,20.854538
2108,2025-09-25 20:00:00+05:30,2.8460495,34.69522,8.037761,34.045982
2109,2025-09-25 21:00:00+05:30,2.5772076,24.775122,7.9567327,37.64769
2110,2025-09-25 22:00:00+05:30,4.724786,17.744766,11.282711,33.943626
2111,2025-09-25 23:00:00+05:30,6.2613096,18.435053,15.539537,25.377708
2112,2025-09-26 00:00:00+05:30,6.391901,32.347424,15.94804,36.740658
2113,2025-09-26 01:00:00+05:30,5.1165614,39.289394,14.336861,61.504463
2114,2025-09-26 02:00:00+05:30,4.6102495,51.34017,12.886039,77.90526
2115,2025-09-26 03:00:00+05:30,4.471107,49.899166,12.496719,78.366394
2116,2025-09-26 04:00:00+05:30,4.5,53.13002,12.638512,79.33027
2117,2025-09-26 05:00:00+05:30,5.154415,65.22488,14.474059,79.249084
2118,2025-09-26 06:00:00+05:30,9.847496,71.89614,19.734436,75.2032
2119,2025-09-26 07:00:00+05:30,8.694204,62.904526,21.026125,68.9272
2120,2025-09-26 08:00:00+05:30,10.706596,63.00425,15.151039,66.175735
2121,2025-09-26 09:00:00+05:30,10.272623,78.88701,14.000713,81.86999
2122,2025-09-26 10:00:00+05:30,10.981475,89.06083,14.58,90.0
2123,2025-09-26 11:00:00+05:30,10.799999,90.0,14.404499,91.43207
2124,2025-09-26 12:00:00+05:30,9.746631,94.23632,12.825552,94.83033
2125,2025-09-26 13:00:00+05:30,8.11798,86.186005,10.805999,88.09089
2126,2025-09-26 14:00:00+05:30,6.3639607,98.13002,8.4042845,99.865746
2127,2025-09-26 15:00:00+05:30,5.0816135,112.93214,6.7853074,111.801476
2128,2025-09-26 16:00:00+05:30,3.396233,122.00535,7.8149853,118.92633
2129,2025-09-26 17:00:00+05:30,1.7076298,161.56496,6.7757506,140.38934
2130,2025-09-26 18:00:00+05:30,10.223619,206.11385,20.208958,197.62811
2131,2025-09-26 19:00:00+05:30,1.0182338,315.0001,5.8048253,187.12492
2132,2025-09-26 20:00:00+05:30,14.747921,340.0168,20.170443,346.5838
2133,2025-09-26 21:00:00+05:30,1.0182338,135.0001,5.223103,91.97489
2134,2025-09-26 22:00:00+05:30,0.6489992,236.3099,5.0975285,132.13753
2135,2025-09-26 23:00:00+05:30,2.34,180.0,7.193247,148.29861
2136,2025-09-27 00:00:00+05:30,1.5379207,159.44388,7.9036193,149.9315
2137,2025-09-27 01:00:00+05:30,1.1384199,161.56496,7.172949,162.47433
2138,2025-09-27 02:00:00+05:30,3.3043609,119.357666,8.139901,144.90411
2139,2025-09-27 03:00:00+05:30,5.1481256,143.53067,11.19189,152.19864
2140,2025-09-27 04:00:00+05:30,4.669604,152.44728,12.011544,160.75038
2141,2025-09-27 05:00:00+05:30,4.2481523,143.61555,11.953409,161.56496
2142,2025-09-27 06:00:00+05:30,8.338489,13.736293,10.950452,25.301346
2143,2025-09-27 07:00:00+05:30,4.39436,34.9921,6.698806,59.300358
2144,2025-09-27 08:00:00+05:30,3.7585104,16.699326,4.514377,23.498587
2145,2025-09-27 09:00:00+05:30,3.362677,15.524177,3.8141315,19.290138
2146,2025-09-27 10:00:00+05:30,2.4014995,102.99462,2.9301877,100.619606
2147,2025-09-27 11:00:00+05:30,4.2481523,143.61555,5.1481256,143.53067
2148,2025-09-27 12:00:00+05:30,4.965521,133.53127,5.994297,131.34769
2149,2025-09-27 13:00:00+05:30,9.1641035,135.0001,11.203464,136.30188
2150,2025-09-27 14:00:00+05:30,10.185519,136.43204,13.115319,136.6683
2151,2025-09-27 15:00:00+05:30,7.3997297,161.56496,9.741642,163.90912
2152,2025-09-27 16:00:00+05:30,7.02,180.0,9.721666,178.93912
2153,2025-09-27 17:00:00+05:30,4.8965297,53.972538,8.383054,75.068535
2154,2025-09-27 18:00:00+05:30,3.4949677,78.11137,10.234705,66.139824
2155,2025-09-27 19:00:00+05:30,3.3092594,135.0001,8.083983,101.560104
2156,2025-09-27 20:00:00+05:30,3.3092597,112.38018,9.05205,107.35411
2157,2025-09-27 21:00:00+05:30,4.1556225,85.03035,10.538843,97.853226
2158,2025-09-27 22:00:00+05:30,5.3305535,78.31066,12.860871,96.42866
2159,2025-09-27 23:00:00+05:30,4.6277857,76.50425,12.421304,89.1697
2160,2025-09-28 00:00:00+05:30,3.7842832,92.72626,10.739833,103.57046
2161,2025-09-28 01:00:00+05:30,3.494968,55.491425,9.582359,84.61079
2162,2025-09-28 02:00:00+05:30,3.6,53.13002,10.158444,82.875084
2163,2025-09-28 03:00:00+05:30,3.745557,35.217674,9.847496,71.89614
2164,2025-09-28 04:00:00+05:30,3.693291,46.97493,10.215693,75.71888
2165,2025-09-28 05:00:00+05:30,3.6,36.86999,10.3621235,72.82401
2166,2025-09-28 06:00:00+05:30,4.175069,277.4313,4.1085763,241.1893
2167,2025-09-28 07:00:00+05:30,3.189608,343.61038,2.97953,25.016869
2168,2025-09-28 08:00:00+05:30,3.4388947,47.12111,4.3349743,48.366554
2169,2025-09-28 09:00:00+05:30,5.1481256,53.530666,6.341009,55.407658
2170,2025-09-28 10:00:00+05:30,4.198285,59.03632,5.1575575,60.75127
2171,2025-09-28 11:00:00+05:30,4.353619,82.875084,5.4119864,86.186005
2172,2025-09-28 12:00:00+05:30,1.9469976,56.3099,2.5071096,68.96242
2173,2025-09-28 13:00:00+05:30,1.5484185,54.46224,2.0991426,59.03632
2174,2025-09-28 14:00:00+05:30,1.1384199,18.435053,1.2979984,33.6901
2175,2025-09-28 15:00:00+05:30,1.1525624,321.34018,1.2979984,326.3099
2176,2025-09-28 16:00:00+05:30,0.56920993,341.56494,0.742159,14.036275
2177,2025-09-28 17:00:00+05:30,0.6489992,303.6901,1.8,306.86996
2178,2025-09-28 18:00:00+05:30,2.2910259,224.9999,2.4482648,216.02747
2179,2025-09-28 19:00:00+05:30,2.19718,214.9921,1.8792552,253.30067
2180,2025-09-28 20:00:00+05:30,1.5484185,215.53777,0.35999998,270.0
2181,2025-09-28 21:00:00+05:30,1.4058449,320.1945,3.438895,353.9911
2182,2025-09-28 22:00:00+05:30,2.50064,329.74365,3.84796,349.21573
2183,2025-09-28 23:00:00+05:30,1.9386592,338.19852,4.143911,2.4894993
2184,2025-09-29 00:00:00+05:30,1.7727944,293.9625,3.0547013,315.0001
2185,2025-09-29 01:00:00+05:30,3.143565,293.6294,5.8409934,303.6901
2186,2025-09-29 02:00:00+05:30,3.572898,310.91428,8.027678,312.27362
2187,2025-09-29 03:00:00+05:30,4.3349743,318.36655,10.464797,319.18503
2188,2025-09-29 04:00:00+05:30,4.2021427,313.26434,10.8792095,321.04407
2189,2025-09-29 05:00:00+05:30,4.1046314,307.87503,10.316686,317.1211
2190,2025-09-29 06:00:00+05:30,5.3999996,306.86996,10.993271,309.6854
2191,2025-09-29 07:00:00+05:30,4.0449967,327.72437,6.889557,326.7251
2192,2025-09-29 08:00:00+05:30,2.907989,291.80148,3.710795,292.83368
2193,2025-09-29 09:00:00+05:30,2.9024127,277.1249,3.4949677,281.88864
2194,2025-09-29 10:00:00+05:30,1.8792552,286.6993,2.2553935,298.61035
2195,2025-09-29 11:00:00+05:30,0.742159,255.96373,0.71999997,270.0
2196,2025-09-29 12:00:00+05:30,4.32,180.0,5.0432134,177.95464
2197,2025-09-29 13:00:00+05:30,6.1120534,193.62701,7.342588,191.30989
2198,2025-09-29 14:00:00+05:30,2.6758924,227.72638,3.1845248,227.29063
2199,2025-09-29 15:00:00+05:30,3.4763772,201.25058,4.278551,202.24907
2200,2025-09-29 16:00:00+05:30,2.2553935,208.61037,3.06,208.07239
2201,2025-09-29 17:00:00+05:30,3.2048087,218.15727,6.502461,221.63345
2202,2025-09-29 18:00:00+05:30,5.3699164,256.42953,11.866355,260.39487
2203,2025-09-29 19:00:00+05:30,4.2366967,257.73523,10.1902895,252.52513
2204,2025-09-29 20:00:00+05:30,3.4623692,297.8972,8.227004,280.08054
2205,2025-09-29 21:00:00+05:30,2.0124612,280.30478,5.637765,286.6993
2206,2025-09-29 22:00:00+05:30,2.16,270.0,4.7928696,304.28693
2207,2025-09-29 23:00:00+05:30,3.381893,295.20108,7.001514,313.95847
2208,2025-09-30 00:00:00+05:30,3.563818,315.0001,8.338489,327.3391
2209,2025-09-30 01:00:00+05:30,2.9301877,259.3804,6.6818557,297.25525
2210,2025-09-30 02:00:00+05:30,3.8647635,242.24155,7.7734165,264.68555
2211,2025-09-30 03:00:00+05:30,2.5071096,291.03757,6.5049515,284.4208
2212,2025-09-30 04:00:00+05:30,3.06,331.9276,5.6002855,315.0001
2213,2025-09-30 05:00:00+05:30,2.6758924,312.27362,5.0911684,315.0001
2214,2025-09-30 06:00:00+05:30,1.3104197,254.05453,2.5582807,320.7106
2215,2025-09-30 07:00:00+05:30,2.4149535,333.43503,3.143565,346.75946
2216,2025-09-30 08:00:00+05:30,2.8460498,341.56494,3.710795,345.9637
2217,2025-09-30 09:00:00+05:30,0.9693296,338.19852,1.2727921,351.87
2218,2025-09-30 10:00:00+05:30,1.0495713,239.0363,1.2074767,243.43501
2219,2025-09-30 11:00:00+05:30,1.4512063,262.8751,1.835647,258.6901
2220,2025-09-30 12:00:00+05:30,3.9518096,300.06848,4.542994,303.6901
2221,2025-09-30 13:00:00+05:30,4.5572357,260.9098,5.5799994,270.0
2222,2025-09-30 14:00:00+05:30,6.206738,196.85847,7.587806,202.30626
2223,2025-09-30 15:00:00+05:30,5.7599998,180.0,7.040739,184.39862
2224,2025-09-30 16:00:00+05:30,4.913044,208.44283,7.056826,217.74687
2225,2025-09-30 17:00:00+05:30,3.2846913,170.53775,7.3469996,210.96368
2226,2025-09-30 18:00:00+05:30,5.318383,156.0375,8.669949,184.76355
2227,2025-09-30 19:00:00+05:30,5.5829024,159.22766,10.853866,174.2895
2228,2025-09-30 20:00:00+05:30,5.3305535,168.31065,12.145665,173.19104
2229,2025-09-30 21:00:00+05:30,3.536439,194.7436,9.9571085,192.5288
2230,2025-09-30 22:00:00+05:30,2.1068459,250.0168,7.256032,226.00499
2231,2025-09-30 23:00:00+05:30,1.1384199,288.43503,4.991553,244.35904
2232,2025-10-01 00:00:00+05:30,2.995797,302.7352,7.613382,276.78888
2233,2025-10-01 01:00:00+05:30,3.2846913,279.46225,8.885877,276.98096
2234,2025-10-01 02:00:00+05:30,4.1085763,241.1893,10.308831,257.90524
2235,2025-10-01 03:00:00+05:30,3.096837,234.46223,9.278297,251.91646
2236,2025-10-01 04:00:00+05:30,3.710795,165.96373,9.335737,199.13374
2237,2025-10-01 05:00:00+05:30,1.659518,167.4712,6.2067385,240.4613
2238,2025-10-01 06:00:00+05:30,10.304114,152.98741,16.260885,153.71866
2239,2025-10-01 07:00:00+05:30,11.431063,172.76317,15.564537,174.02577
2240,2025-10-01 08:00:00+05:30,11.39842,158.70258,15.316933,160.07433
2241,2025-10-01 09:00:00+05:30,6.618519,224.9999,8.149847,223.21011
2242,2025-10-01 10:00:00+05:30,5.4833565,246.80138,6.5248446,245.55606
2243,2025-10-01 11:00:00+05:30,11.521406,151.03244,17.471132,152.37901
2244,2025-10-01 12:00:00+05:30,13.845967,153.76813,19.161337,154.39786
2245,2025-10-01 13:00:00+05:30,12.599998,143.13002,17.326813,145.15419
2246,2025-10-01 14:00:00+05:30,10.4493065,132.20723,14.021525,131.87779
2247,2025-10-01 15:00:00+05:30,9.360001,112.61991,12.236029,116.18805
2248,2025-10-01 16:00:00+05:30,9.3876505,85.60138,13.690654,87.73955
2249,2025-10-01 17:00:00+05:30,4.278551,67.75093,10.993271,87.1845
2250,2025-10-01 18:00:00+05:30,5.48631,41.00899,11.609651,60.255207
2251,2025-10-01 19:00:00+05:30,6.7565966,48.2398,13.6063795,62.418053
2252,2025-10-01 20:00:00+05:30,8.707237,60.255207,16.73516,71.1752
2253,2025-10-01 21:00:00+05:30,9.7565975,52.495785,18.273325,63.687416
2254,2025-10-01 22:00:00+05:30,10.304114,62.98742,19.189215,73.09476
2255,2025-10-01 23:00:00+05:30,7.814986,97.94338,17.050665,100.95402
2256,2025-10-02 00:00:00+05:30,7.342588,78.6901,16.208996,88.09089
2257,2025-10-02 01:00:00+05:30,6.502461,48.366554,13.443481,63.778095
2258,2025-10-02 02:00:00+05:30,7.2649574,41.98714,14.787414,58.43824
2259,2025-10-02 03:00:00+05:30,7.9567327,52.35232,17.065859,63.705273
2260,2025-10-02 04:00:00+05:30,9.255571,76.50425,18.73557,81.714294
2261,2025-10-02 05:00:00+05:30,7.0568266,84.14409,16.02101,90.64374
2262,2025-10-02 06:00:00+05:30,11.063778,68.025444,17.94411,76.660736
2263,2025-10-02 07:00:00+05:30,15.922626,84.16061,22.42427,84.47256
2264,2025-10-02 08:00:00+05:30,14.993038,94.82068,21.122215,94.39862
2265,2025-10-02 09:00:00+05:30,15.934829,103.72231,21.34803,104.15344
2266,2025-10-02 10:00:00+05:30,15.273505,98.13002,20.39091,98.630714
2267,2025-10-02 11:00:00+05:30,11.720751,132.5104,15.910412,134.5417
2268,2025-10-02 12:00:00+05:30,6.015878,128.92755,8.099999,126.86999
2269,2025-10-02 13:00:00+05:30,7.256032,119.74479,9.485504,123.388535
2270,2025-10-02 14:00:00+05:30,12.204212,142.792,15.629971,141.54626
2271,2025-10-02 15:00:00+05:30,8.641874,91.19346,12.145665,96.80896
2272,2025-10-02 16:00:00+05:30,6.279395,62.70051,8.297589,65.65892
2273,2025-10-02 17:00:00+05:30,8.891344,111.3707,16.180988,117.135056
2274,2025-10-02 18:00:00+05:30,7.562142,88.6361,14.383114,98.63705
2275,2025-10-02 19:00:00+05:30,9.181765,91.12328,16.997375,95.469
2276,2025-10-02 20:00:00+05:30,7.3997297,41.054726,13.891522,58.781662
2277,2025-10-02 21:00:00+05:30,4.5536795,71.564964,11.183201,93.691315
2278,2025-10-02 22:00:00+05:30,4.8366103,44.999897,9.354806,78.90632
2279,2025-10-02 23:00:00+05:30,2.97953,64.98315,7.4932766,114.102234
2280,2025-10-03 00:00:00+05:30,5.6521144,9.16228,5.983477,43.7812
2281,2025-10-03 01:00:00+05:30,9.178235,25.559923,17.870834,26.3069
2282,2025-10-03 02:00:00+05:30,5.154415,24.775122,8.863972,29.16752
2283,2025-10-03 03:00:00+05:30,3.4949677,11.888645,6.341009,34.592358
2284,2025-10-03 04:00:00+05:30,5.4149795,15.42223,8.6867485,34.019398
2285,2025-10-03 05:00:00+05:30,4.278551,22.249071,9.299225,47.353336
2286,2025-10-03 06:00:00+05:30,5.3939967,25.709915,11.074023,44.34155
2287,2025-10-03 07:00:00+05:30,3.4152596,71.564964,9.595874,66.80139
2288,2025-10-03 08:00:00+05:30,4.2366967,102.26476,10.2742,93.012726
2289,2025-10-03 09:00:00+05:30,2.0124612,100.30479,2.97953,115.01687
2290,2025-10-03 10:00:00+05:30,6.638072,49.398785,8.3520775,52.883057
2291,2025-10-03 11:00:00+05:30,3.9518096,59.93151,4.952453,70.90642
2292,2025-10-03 12:00:00+05:30,6.050785,30.379045,6.989936,34.50859
2293,2025-10-03 13:00:00+05:30,14.345898,162.47433,18.158602,162.10378
2294,2025-10-03 14:00:00+05:30,2.0124612,153.43501,3.7064266,150.9455
2295,2025-10-03 15:00:00+05:30,2.9522195,127.568665,4.3573384,128.2902
2296,2025-10-03 16:00:00+05:30,4.8433046,41.98713,6.2067385,60.461315
2297,2025-10-03 17:00:00+05:30,1.484318,165.96373,6.830519,161.56496
2298,2025-10-03 18:00:00+05:30,2.9024127,172.87508,9.107359,161.56496
2299,2025-10-03 19:00:00+05:30,1.4512063,119.74479,7.0843205,152.78398
2300,2025-10-03 20:00:00+05:30,3.01735,72.64589,6.452441,112.98875
2301,2025-10-03 21:00:00+05:30,1.609969,63.435013,5.3999996,126.86998
2302,2025-10-03 22:00:00+05:30,1.2727921,44.999897,3.7585104,106.699326
2303,2025-10-03 23:00:00+05:30,1.5273507,135.0001,8.211235,153.9967
2304,2025-10-04 00:00:00+05:30,5.7599998,360.0,6.151683,20.556128
2305,2025-10-04 01:00:00+05:30,9.926147,4.1595626,13.861168,0.74404466
2306,2025-10-04 02:00:00+05:30,2.9522195,37.568665,5.22,46.39711
2307,2025-10-04 03:00:00+05:30,2.1674871,41.63345,3.462369,98.97255
2308,2025-10-04 04:00:00+05:30,1.7076298,341.56494,0.6489992,303.6901
2309,2025-10-04 05:00:00+05:30,5.896202,77.660934,11.157096,100.222115
2310,2025-10-04 06:00:00+05:30,5.5916004,33.178535,8.338489,57.3391
2311,2025-10-04 07:00:00+05:30,3.9966483,54.16227,5.0142193,68.96242
2312,2025-10-04 08:00:00+05:30,3.381893,115.20109,4.4456716,121.75944
2313,2025-10-04 09:00:00+05:30,7.3094187,127.99879,9.361731,127.971664
2314,2025-10-04 10:00:00+05:30,7.771331,166.60748,9.741642,163.90912
2315,2025-10-04 11:00:00+05:30,1.6199999,90.0,2.0124612,100.30479
2316,2025-10-04 12:00:00+05:30,1.2727921,81.86999,1.659518,77.4712
2317,2025-10-04 13:00:00+05:30,3.3043609,209.35765,3.8773184,201.80147
2318,2025-10-04 14:00:00+05:30,5.6835546,10.954029,7.247096,14.381432
2319,2025-10-04 15:00:00+05:30,3.3481934,53.74608,4.542994,56.3099
2320,2025-10-04 16:00:00+05:30,3.8856654,103.39252,5.6835546,100.95402
2321,2025-10-04 17:00:00+05:30,7.7983837,108.85326,16.116785,110.256546
2322,2025-10-04 18:00:00+05:30,4.5,90.0,12.466867,85.03035
2323,2025-10-04 19:00:00+05:30,8.459999,90.0,17.823635,88.8427
2324,2025-10-04 20:00:00+05:30,11.578912,78.340744,23.200455,80.17235
2325,2025-10-04 21:00:00+05:30,4.8899083,96.340096,15.905319,95.19434
2326,2025-10-04 22:00:00+05:30,0.9693296,21.801476,5.4119864,93.814
2327,2025-10-04 23:00:00+05:30,7.6388745,34.43906,12.996201,53.447433
2328,2025-10-05 00:00:00+05:30,8.242743,58.392544,16.1198,66.29735
2329,2025-10-05 01:00:00+05:30,9.139322,57.875034,19.90852,75.335495
2330,2025-10-05 02:00:00+05:30,13.31635,76.715126,23.755226,83.03663
2331,2025-10-05 03:00:00+05:30,14.739132,98.42689,24.709875,104.339966
2332,2025-10-05 04:00:00+05:30,15.151039,80.42585,26.239285,84.093956
2333,2025-10-05 05:00:00+05:30,15.137133,87.27374,26.475302,88.051956
2334,2025-10-05 06:00:00+05:30,17.64,90.0,28.98056,89.64414
2335,2025-10-05 07:00:00+05:30,27.343414,99.0902,43.204876,99.109055
2336,2025-10-05 08:00:00+05:30,32.84692,117.407486,51.285156,115.5757
2337,2025-10-05 09:00:00+05:30,35.39186,136.23633,54.48086,134.19693
2338,2025-10-05 10:00:00+05:30,21.145977,168.21184,34.57687,165.52966
2339,2025-10-05 11:00:00+05:30,12.362475,137.95085,20.327251,140.38936
2340,2025-10-05 12:00:00+05:30,14.410121,87.85246,19.800817,89.47916
2341,2025-10-05 13:00:00+05:30,14.897651,78.147026,22.877003,75.41702
2342,2025-10-05 14:00:00+05:30,13.576582,83.911575,20.615303,84.48862
2343,2025-10-05 15:00:00+05:30,12.601285,90.818436,18.188019,91.70132
2344,2025-10-05 16:00:00+05:30,7.5213294,68.96242,11.328566,72.42865
2345,2025-10-05 17:00:00+05:30,4.5,126.86999,12.638512,125.72749
2346,2025-10-05 18:00:00+05:30,7.1208143,73.85559,14.311981,83.50075
2347,2025-10-05 19:00:00+05:30,7.491114,54.782326,15.577022,67.58381
2348,2025-10-05 20:00:00+05:30,6.698806,83.829926,15.481048,89.33382
2349,2025-10-05 21:00:00+05:30,6.130579,93.366394,14.917212,98.32557
2350,2025-10-05 22:00:00+05:30,4.991553,115.64096,13.040997,116.21132
2351,2025-10-05 23:00:00+05:30,3.4247334,86.98728,10.32924,112.5431
2352,2025-10-06 00:00:00+05:30,2.8174455,63.435013,7.029225,92.935616
2353,2025-10-06 01:00:00+05:30,4.2136917,70.01681,9.734988,86.82024
2354,2025-10-06 02:00:00+05:30,4.829907,116.56499,9.9,126.86999
2355,2025-10-06 03:00:00+05:30,3.7842832,115.34614,8.209263,127.875046
2356,2025-10-06 04:00:00+05:30,5.5450516,103.13403,10.234705,113.86018
2357,2025-10-06 05:00:00+05:30,7.16617,64.72231,13.288341,81.43095
2358,2025-10-06 06:00:00+05:30,7.24486,63.435013,12.287555,84.95764
2359,2025-10-06 07:00:00+05:30,12.738099,47.290634,18.11841,49.02836
2360,2025-10-06 08:00:00+05:30,15.086748,54.223835,23.565569,55.58158
2361,2025-10-06 09:00:00+05:30,15.137133,87.27374,23.95691,87.847084
2362,2025-10-06 10:00:00+05:30,8.338489,76.26372,11.304229,80.83774
2363,2025-10-06 11:00:00+05:30,6.2405767,146.76828,7.7879906,146.3099
2364,2025-10-06 12:00:00+05:30,1.08,180.0,1.3104197,164.05453
2365,2025-10-06 13:00:00+05:30,1.0495713,329.03632,1.2074767,333.43503
2366,2025-10-06 14:00:00+05:30,2.1749482,294.44394,2.7416782,293.1986
2367,2025-10-06 15:00:00+05:30,2.52,270.0,3.244996,266.82022
2368,2025-10-06 16:00:00+05:30,2.3469126,184.39862,5.2416787,195.94547
2369,2025-10-06 17:00:00+05:30,2.36753,171.25392,7.2359104,185.7105
2370,2025-10-06 18:00:00+05:30,1.609969,153.43501,6.12,180.0
2371,2025-10-06 19:00:00+05:30,2.3469129,147.52882,5.637765,163.30067
2372,2025-10-06 20:00:00+05:30,2.0124612,169.6952,5.2416787,164.05453
2373,2025-10-06 21:00:00+05:30,0.40249225,243.43501,3.0758414,159.44388
2374,2025-10-06 22:00:00+05:30,0.8049845,206.56499,4.829907,153.43501
2375,2025-10-06 23:00:00+05:30,4.913044,98.42689,11.555102,108.1528
2376,2025-10-07 00:00:00+05:30,4.2136917,109.98319,10.837435,131.63345
2377,2025-10-07 01:00:00+05:30,2.9024127,60.255207,6.489992,123.6901
2378,2025-10-07 02:00:00+05:30,5.4149795,15.42223,6.59154,34.9921
2379,2025-10-07 03:00:00+05:30,11.935778,23.085169,16.833609,24.646755
2380,2025-10-07 04:00:00+05:30,7.5685663,25.346138,10.735306,34.75598
2381,2025-10-07 05:00:00+05:30,5.09435,32.005356,7.2,36.86999
2382,2025-10-07 06:00:00+05:30,4.5322843,83.15732,7.5685663,87.27374
2383,2025-10-07 07:00:00+05:30,4.278551,104.62092,6.21717,112.109505
2384,2025-10-07 08:00:00+05:30,2.7534704,101.3099,3.319036,102.5288
2385,2025-10-07 09:00:00+05:30,2.1749482,114.44395,2.5772076,114.775116
2386,2025-10-07 10:00:00+05:30,2.16,180.0,2.5264204,184.08554
2387,2025-10-07 11:00:00+05:30,6.778141,190.71307,8.297589,192.5288
2388,2025-10-07 12:00:00+05:30,6.248359,228.50363,7.6409945,226.90913
2389,2025-10-07 13:00:00+05:30,6.391901,260.2725,7.69592,259.21576
2390,2025-10-07 14:00:00+05:30,5.5216303,250.9743,7.120815,249.27435
2391,2025-10-07 15:00:00+05:30,10.464797,220.81499,14.14232,222.4208
2392,2025-10-07 16:00:00+05:30,1.659518,257.4712,3.143565,246.3706
2393,2025-10-07 17:00:00+05:30,0.5091169,315.0001,2.5455842,315.0001
2394,2025-10-07 18:00:00+05:30,1.2727921,224.9999,2.1674871,265.23645
2395,2025-10-07 19:00:00+05:30,2.6758924,227.72638,3.6,216.86998
2396,2025-10-07 20:00:00+05:30,3.0652893,229.76372,4.913044,208.44283
2397,2025-10-07 21:00:00+05:30,0.8049845,206.56499,2.9024127,187.12492
2398,2025-10-07 22:00:00+05:30,0.40249225,26.564985,2.0991426,120.96369
2399,2025-10-07 23:00:00+05:30,7.4672885,164.62369,17.163355,170.34018
2400,2025-10-08 00:00:00+05:30,4.060985,167.19574,12.886039,167.90526
2401,2025-10-08 01:00:00+05:30,1.0948973,279.46225,5.441838,214.21576
2402,2025-10-08 02:00:00+05:30,3.0758414,20.556128,4.503598,2.2905633
2403,2025-10-08 03:00:00+05:30,1.7076298,288.43503,3.7799997,270.0
2404,2025-10-08 04:00:00+05:30,2.5772076,24.775122,2.9301877,10.61961
2405,2025-10-08 05:00:00+05:30,3.6447225,327.09476,6.6405115,327.17145
2406,2025-10-08 06:00:00+05:30,3.01735,197.35411,3.9477081,226.8476
2407,2025-10-08 07:00:00+05:30,3.438895,186.00891,4.412754,191.76826
2408,2025-10-08 08:00:00+05:30,2.6999998,180.0,3.244996,183.17976
2409,2025-10-08 09:00:00+05:30,2.8460498,198.43504,3.4152596,198.43504
2410,2025-10-08 10:00:00+05:30,3.9763298,185.19434,4.7110505,186.58185
2411,2025-10-08 11:00:00+05:30,6.0077944,171.38443,7.2805495,171.46931
2412,2025-10-08 12:00:00+05:30,4.1556225,175.03035,4.8899083,173.6599
2413,2025-10-08 13:00:00+05:30,3.462369,188.97255,3.9966488,187.76508
2414,2025-10-08 14:00:00+05:30,6.552099,217.18478,8.139901,215.09589
2415,2025-10-08 15:00:00+05:30,4.0249224,243.43501,5.6492476,239.34941
2416,2025-10-08 16:00:00+05:30,5.8048253,209.7448,11.132385,219.09386
2417,2025-10-08 17:00:00+05:30,7.79215,186.63242,15.94804,196.38962
2418,2025-10-08 18:00:00+05:30,3.964089,177.39749,11.052058,196.07364
2419,2025-10-08 19:00:00+05:30,1.1525624,141.34016,5.5829024,159.22766
2420,2025-10-08 20:00:00+05:30,4.7827187,199.79897,9.600937,210.411
2421,2025-10-08 21:00:00+05:30,3.3092597,247.61981,9.82114,221.2846
2422,2025-10-08 22:00:00+05:30,0.40249225,26.564985,4.991553,205.64096
2423,2025-10-08 23:00:00+05:30,1.1525624,128.65984,2.8460498,161.56496
2424,2025-10-09 00:00:00+05:30,3.4623692,27.897186,5.6233797,50.194473
2425,2025-10-09 01:00:00+05:30,3.244996,236.3099,3.143565,256.75946
2426,2025-10-09 02:00:00+05:30,5.414979,158.5522,7.970972,173.51703
2427,2025-10-09 03:00:00+05:30,5.068846,163.49556,10.914888,166.65126
2428,2025-10-09 04:00:00+05:30,1.0495713,120.96369,4.0249224,153.43501
2429,2025-10-09 05:00:00+05:30,3.0811036,6.70975,4.2366967,12.26477
2430,2025-10-09 06:00:00+05:30,4.379589,9.462248,6.206738,16.858482
2431,2025-10-09 07:00:00+05:30,2.4014995,12.99463,3.644722,20.224945
2432,2025-10-09 08:00:00+05:30,2.4149535,63.435013,2.97953,64.98315
2433,2025-10-09 09:00:00+05:30,2.1068459,109.98319,2.6758924,109.653915
2434,2025-10-09 10:00:00+05:30,1.484318,165.96373,1.7076298,161.56496
2435,2025-10-09 11:00:00+05:30,3.7842832,182.72626,4.323748,182.3859
2436,2025-10-09 12:00:00+05:30,3.3043609,209.35765,4.1085763,208.8107
2437,2025-10-09 13:00:00+05:30,4.8366103,224.9999,5.854844,224.9999
2438,2025-10-09 14:00:00+05:30,4.91634,246.25049,6.28713,246.3706
2439,2025-10-09 15:00:00+05:30,5.896202,257.66092,7.9465466,256.9081
2440,2025-10-09 16:00:00+05:30,3.3043609,240.64233,7.823272,246.97447
2441,2025-10-09 17:00:00+05:30,2.2768397,108.43504,3.62243,116.56499
2442,2025-10-09 18:00:00+05:30,1.98,90.0,5.7599998,90.0
2443,2025-10-09 19:00:00+05:30,2.97953,334.98312,6.162207,6.70975
2444,2025-10-09 20:00:00+05:30,9.05205,342.64587,17.462784,351.70294
2445,2025-10-09 21:00:00+05:30,8.39078,157.28555,10.472535,151.23245
2446,2025-10-09 22:00:00+05:30,2.1674871,41.63345,4.6277857,76.50425
2447,2025-10-09 23:00:00+05:30,4.514377,175.42616,10.285232,175.9859
2448,2025-10-10 00:00:00+05:30,3.693291,136.97493,9.5416975,144.21094
2449,2025-10-10 01:00:00+05:30,0.40249225,296.56497,2.7238941,187.59456
2450,2025-10-10 02:00:00+05:30,3.7971036,354.55975,5.5916004,3.691312
2451,2025-10-10 03:00:00+05:30,3.06,331.9276,5.9644947,354.80566
2452,2025-10-10 04:00:00+05:30,1.9386592,338.19852,5.4656014,17.241547
2453,2025-10-10 05:00:00+05:30,6.8612823,4.5139127,12.959999,360.0
2454,2025-10-10 06:00:00+05:30,6.7397914,34.114517,12.16832,29.219156
2455,2025-10-10 07:00:00+05:30,4.6800003,67.3801,10.1456785,64.79892
2456,2025-10-10 08:00:00+05:30,4.6730714,105.64231,6.28713,103.24053
2457,2025-10-10 09:00:00+05:30,3.8183763,98.13002,4.913044,98.42689
2458,2025-10-10 10:00:00+05:30,4.0249224,100.30479,4.942631,100.491425
2459,2025-10-10 11:00:00+05:30,4.1046314,142.12495,5.1165614,140.71062
2460,2025-10-10 12:00:00+05:30,2.97953,154.98314,3.62243,153.43501
2461,2025-10-10 13:00:00+05:30,2.6999998,216.86998,3.396233,212.00534
2462,2025-10-10 14:00:00+05:30,4.6800003,247.3801,5.9834766,248.83867
2463,2025-10-10 15:00:00+05:30,6.1569467,254.74483,8.297589,257.4712
2464,2025-10-10 16:00:00+05:30,5.0142193,248.96242,11.307095,256.18494
2465,2025-10-10 17:00:00+05:30,3.550155,300.46545,8.61371,296.02954
2466,2025-10-10 18:00:00+05:30,0.9,360.0,3.693291,313.0251
2467,2025-10-10 19:00:00+05:30,0.9,53.13002,1.98,360.0
2468,2025-10-10 20:00:00+05:30,3.9312592,105.945465,6.7205353,97.69597
2469,2025-10-10 21:00:00+05:30,2.3469129,147.52882,4.6452556,125.537766
2470,2025-10-10 22:00:00+05:30,1.26,180.0,2.5582807,140.71062
2471,2025-10-10 23:00:00+05:30,2.8856194,183.57626,8.3520775,232.88306
2472,2025-10-11 00:00:00+05:30,8.211235,26.003298,15.141414,28.392921
2473,2025-10-11 01:00:00+05:30,3.6179552,84.2895,8.163749,75.96373
2474,2025-10-11 02:00:00+05:30,5.223103,88.025116,11.885453,91.73567
2475,2025-10-11 03:00:00+05:30,7.02,90.0,16.764177,93.07739
2476,2025-10-11 04:00:00+05:30,5.2416787,74.054535,13.330941,87.67852
2477,2025-10-11 05:00:00+05:30,3.745557,54.782326,7.2202215,85.71093
2478,2025-10-11 06:00:00+05:30,6.4624763,77.125,8.656858,86.423744
2479,2025-10-11 07:00:00+05:30,6.4624763,77.125,7.841888,80.75397
2480,2025-10-11 08:00:00+05:30,6.8423676,88.4926,8.459999,90.0
2481,2025-10-11 09:00:00+05:30,5.634891,116.56499,7.0843205,117.216034
2482,2025-10-11 10:00:00+05:30,4.2175345,140.19447,5.22,136.39711
2483,2025-10-11 11:00:00+05:30,7.353611,158.45895,9.059205,159.04414
2484,2025-10-11 12:00:00+05:30,7.596341,193.70699,9.605998,192.99461
2485,2025-10-11 13:00:00+05:30,7.9077177,228.69148,10.210936,229.28925
2486,2025-10-11 14:00:00+05:30,7.748368,239.26459,10.158444,240.25522
2487,2025-10-11 15:00:00+05:30,8.227004,259.91946,11.720751,259.3804
2488,2025-10-11 16:00:00+05:30,4.2136917,289.9832,10.215693,284.28113
2489,2025-10-11 17:00:00+05:30,4.942631,10.491434,7.1321807,10.175456
2490,2025-10-11 18:00:00+05:30,8.707237,29.744795,18.089775,31.159245
2491,2025-10-11 19:00:00+05:30,6.28713,346.75946,13.379461,354.59628
2492,2025-10-11 20:00:00+05:30,6.638072,49.398785,12.362475,47.950855
2493,2025-10-11 21:00:00+05:30,1.484318,14.036275,7.689603,32.57405
2494,2025-10-11 22:00:00+05:30,0.35999998,270.0,3.0758414,20.556128
2495,2025-10-11 23:00:00+05:30,1.4512063,60.255207,3.5455887,23.962492
2496,2025-10-12 00:00:00+05:30,3.2599385,83.659904,6.8541956,66.80139
2497,2025-10-12 01:00:00+05:30,3.96,90.0,9.0,90.0
2498,2025-10-12 02:00:00+05:30,3.6402748,81.46932,9.0,90.0
2499,2025-10-12 03:00:00+05:30,3.143565,76.75947,8.461914,88.78116
2500,2025-10-12 04:00:00+05:30,3.6,90.0,10.1376915,96.11541
2501,2025-10-12 05:00:00+05:30,5.8852015,66.5713,12.682018,83.48029
2502,2025-10-12 06:00:00+05:30,4.4274144,63.435013,7.841888,80.75397
2503,2025-10-12 07:00:00+05:30,7.7420926,91.33219,9.914717,93.12207
2504,2025-10-12 08:00:00+05:30,7.029225,87.064384,9.187056,87.75431
2505,2025-10-12 09:00:00+05:30,5.937272,75.96373,7.3799996,77.319626
2506,2025-10-12 10:00:00+05:30,4.5322843,83.15732,5.6262593,82.64771
2507,2025-10-12 11:00:00+05:30,7.6367526,135.0001,9.422101,133.45189
2508,2025-10-12 12:00:00+05:30,6.489992,160.55988,8.089993,159.14546
2509,2025-10-12 13:00:00+05:30,5.426933,185.7105,6.698806,186.17007
2510,2025-10-12 14:00:00+05:30,4.080882,221.42357,5.1165614,219.28938
2511,2025-10-12 15:00:00+05:30,5.12289,251.56496,6.7205353,249.62347
2512,2025-10-12 16:00:00+05:30,3.8521678,322.59457,7.24486,296.56497
2513,2025-10-12 17:00:00+05:30,3.438895,83.99109,5.95906,115.01687
2514,2025-10-12 18:00:00+05:30,3.148714,30.963696,4.1125174,66.80139
2515,2025-10-12 19:00:00+05:30,6.1437774,354.95764,8.863972,12.907409
2516,2025-10-12 20:00:00+05:30,4.5891175,334.44006,11.578912,348.34073
2517,2025-10-12 21:00:00+05:30,2.995797,327.26477,6.9550843,349.5626
2518,2025-10-12 22:00:00+05:30,3.462369,351.02744,7.5685663,2.7262611
2519,2025-10-12 23:00:00+05:30,2.4149535,333.43503,7.0038276,334.09354
2520,2025-10-13 00:00:00+05:30,2.3400002,292.6199,7.0107627,318.12222
2521,2025-10-13 01:00:00+05:30,5.9617786,331.11353,13.306615,336.90314
2522,2025-10-13 02:00:00+05:30,4.5322843,353.15732,10.823973,356.186
2523,2025-10-13 03:00:00+05:30,3.244996,3.179772,8.996398,19.885265
2524,2025-10-13 04:00:00+05:30,2.4216523,311.98712,5.6262593,7.3522935
2525,2025-10-13 05:00:00+05:30,1.9469976,56.3099,2.995797,32.73523
2526,2025-10-13 06:00:00+05:30,7.2403865,34.8754,11.212135,42.397392
2527,2025-10-13 07:00:00+05:30,2.2768397,71.564964,3.6179552,84.2895
2528,2025-10-13 08:00:00+05:30,1.2727921,188.13002,1.8,180.0
2529,2025-10-13 09:00:00+05:30,2.1674871,274.76355,2.52,270.0
2530,2025-10-13 10:00:00+05:30,3.189608,253.61038,3.8141315,250.70985
2531,2025-10-13 11:00:00+05:30,4.5,180.0,5.5829024,181.84756
2532,2025-10-13 12:00:00+05:30,3.5864744,197.52567,4.5,196.26028
2533,2025-10-13 13:00:00+05:30,3.9966483,234.16226,4.863332,231.009
2534,2025-10-13 14:00:00+05:30,5.5450516,256.86597,7.2044983,257.00537
2535,2025-10-13 15:00:00+05:30,6.2145634,280.0079,8.37532,278.65247
2536,2025-10-13 16:00:00+05:30,3.62243,296.56497,8.996398,289.88525
2537,2025-10-13 17:00:00+05:30,2.4216523,318.01288,5.983477,316.2188
2538,2025-10-13 18:00:00+05:30,3.0547013,315.0001,6.76618,298.61035
2539,2025-10-13 19:00:00+05:30,2.1749482,294.44394,7.0774574,277.30566
2540,2025-10-13 20:00:00+05:30,3.462369,278.97253,8.171683,277.59454
2541,2025-10-13 21:00:00+05:30,4.278551,292.24908,8.827343,286.5874
2542,2025-10-13 22:00:00+05:30,3.3043609,299.35767,7.4932766,294.10223
2543,2025-10-13 23:00:00+05:30,4.863332,308.991,13.4903965,288.6768
2544,2025-10-14 00:00:00+05:30,5.4656014,287.24155,13.661038,288.43503
2545,2025-10-14 01:00:00+05:30,5.2478566,275.90604,12.616703,284.03625
2546,2025-10-14 02:00:00+05:30,4.6277857,256.50424,9.826088,278.42688
2547,2025-10-14 03:00:00+05:30,6.1437774,264.95764,10.51576,276.88162
2548,2025-10-14 04:00:00+05:30,2.8799999,270.0,7.841888,279.24603
2549,2025-10-14 05:00:00+05:30,2.0523157,322.12494,5.7402787,311.18582
2550,2025-10-14 06:00:00+05:30,3.4247334,356.98727,4.143911,357.5105
2551,2025-10-14 07:00:00+05:30,3.62243,63.435013,3.536439,75.25639
2552,2025-10-14 08:00:00+05:30,5.195113,75.96373,6.4624763,77.125
2553,2025-10-14 09:00:00+05:30,4.73506,81.25392,6.1858225,81.6342
2554,2025-10-14 10:00:00+05:30,2.8856194,93.57626,3.6,90.0
2555,2025-10-14 11:00:00+05:30,2.3469129,122.471176,2.7475805,121.60746
2556,2025-10-14 12:00:00+05:30,0.54,180.0,0.56920993,161.56496
2557,2025-10-14 13:00:00+05:30,2.4216523,318.01288,2.9522195,322.43134
2558,2025-10-14 14:00:00+05:30,4.080882,318.57642,5.1481256,323.53067
2559,2025-10-14 15:00:00+05:30,6.7565966,311.7602,9.037721,314.19315
2560,2025-10-14 16:00:00+05:30,6.269067,309.17365,12.599998,306.86996
2561,2025-10-14 17:00:00+05:30,4.5536795,251.56496,9.187056,272.2457
2562,2025-10-14 18:00:00+05:30,5.7599998,270.0,12.466867,274.96964
2563,2025-10-14 19:00:00+05:30,6.6818557,274.63538,13.917154,275.19434
2564,2025-10-14 20:00:00+05:30,6.130579,273.3664,13.504799,271.5275
2565,2025-10-14 21:00:00+05:30,4.8965297,306.02747,11.431062,296.1615
2566,2025-10-14 22:00:00+05:30,4.2175345,320.1945,9.801326,314.256
2567,2025-10-14 23:00:00+05:30,1.9134263,318.81415,8.536252,317.5638
2568,2025-10-15 00:00:00+05:30,2.50064,300.25635,7.127636,315.0001
2569,2025-10-15 01:00:00+05:30,3.9477081,294.22772,8.55142,310.73203
2570,2025-10-15 02:00:00+05:30,3.745557,305.21768,8.209263,322.12494
2571,2025-10-15 03:00:00+05:30,4.293669,303.02386,7.9036193,329.9315
2572,2025-10-15 04:00:00+05:30,4.39436,304.9921,7.748368,329.2646
2573,2025-10-15 05:00:00+05:30,4.5536795,341.56494,10.1456785,334.79892
2574,2025-10-15 06:00:00+05:30,4.942631,326.88864,8.338489,346.2637
2575,2025-10-15 07:00:00+05:30,2.1674871,318.36655,4.278551,14.620926
2576,2025-10-15 08:00:00+05:30,2.1674871,4.763556,2.907989,21.801476
2577,2025-10-15 09:00:00+05:30,2.1749482,65.55606,3.0758414,69.44387
2578,2025-10-15 10:00:00+05:30,3.0652895,93.366394,3.96,90.0
2579,2025-10-15 11:00:00+05:30,6.8423676,116.56499,8.452336,116.56499
2580,2025-10-15 12:00:00+05:30,5.509882,128.36752,6.889557,123.2749
2581,2025-10-15 13:00:00+05:30,3.4763772,158.74942,4.3536186,150.2552
2582,2025-10-15 14:00:00+05:30,3.4763772,201.25058,3.9312592,195.94547
2583,2025-10-15 15:00:00+05:30,5.369916,230.44037,6.638072,229.39879
2584,2025-10-15 16:00:00+05:30,4.942631,236.88864,10.805998,240.01845
2585,2025-10-15 17:00:00+05:30,5.7431,237.80429,11.995349,244.20403
2586,2025-10-15 18:00:00+05:30,7.186487,247.93205,14.628807,251.34203
2587,2025-10-15 19:00:00+05:30,7.3094187,260.07382,16.909464,258.33127
2588,2025-10-15 20:00:00+05:30,6.9550843,259.56256,16.09969,259.69522
2589,2025-10-15 21:00:00+05:30,5.6835546,280.954,14.248452,273.6214
2590,2025-10-15 22:00:00+05:30,4.4565907,313.36346,11.334285,302.68054
2591,2025-10-15 23:00:00+05:30,4.3573384,321.70978,11.466438,312.45514
2592,2025-10-16 00:00:00+05:30,5.00128,300.25635,11.720751,312.5104
2593,2025-10-16 01:00:00+05:30,4.2481523,306.38446,10.296251,323.53067
2594,2025-10-16 02:00:00+05:30,4.39436,325.0079,9.83268,336.2505
2595,2025-10-16 03:00:00+05:30,4.2671766,332.3541,9.568824,343.61038
2596,2025-10-16 04:00:00+05:30,3.5455887,336.0375,8.281956,358.75467
2597,2025-10-16 05:00:00+05:30,3.550155,329.53452,6.9527545,338.74942
2598,2025-10-16 06:00:00+05:30,4.755544,330.5242,6.0077944,351.38443
2599,2025-10-16 07:00:00+05:30,4.3349743,355.23645,7.596341,13.706991
2600,2025-10-16 08:00:00+05:30,3.4763772,21.25058,4.669604,27.552727
2601,2025-10-16 09:00:00+05:30,3.7064266,60.94549,4.5891175,64.440094
2602,2025-10-16 10:00:00+05:30,4.14,90.0,5.2200003,90.0
2603,2025-10-16 11:00:00+05:30,4.863332,128.991,6.048107,126.528946
2604,2025-10-16 12:00:00+05:30,5.5916004,146.82147,7.0934615,144.29323
2605,2025-10-16 13:00:00+05:30,5.637765,163.30067,7.0015144,162.03076
2606,2025-10-16 14:00:00+05:30,4.1556225,184.96965,5.232399,183.94511
2607,2025-10-16 15:00:00+05:30,4.3274937,224.9999,5.6002855,224.9999
2608,2025-10-16 16:00:00+05:30,3.6447225,237.09476,8.777654,241.85849
2609,2025-10-16 17:00:00+05:30,3.8268526,228.81418,8.587338,236.97612
2610,2025-10-16 18:00:00+05:30,5.004518,232.3057,10.560341,240.37634
2611,2025-10-16 19:00:00+05:30,5.8769383,242.6502,12.800266,244.15567
2612,2025-10-16 20:00:00+05:30,6.1226463,245.69547,13.929953,244.7595
2613,2025-10-16 21:00:00+05:30,6.037383,259.69522,14.145756,255.2564
2614,2025-10-16 22:00:00+05:30,5.1165614,309.28937,12.483749,294.7174
2615,2025-10-16 23:00:00+05:30,4.8733153,4.23632,10.299397,354.98697
2616,2025-10-17 00:00:00+05:30,0.742159,14.036275,5.293959,35.311302
2617,2025-10-17 01:00:00+05:30,0.17999999,180.0,3.143565,66.37061
2618,2025-10-17 02:00:00+05:30,1.7076298,18.435053,5.072041,62.525658
2619,2025-10-17 03:00:00+05:30,2.8799999,360.0,5.495161,58.392544
2620,2025-10-17 04:00:00+05:30,4.68,360.0,8.297589,40.601215
2621,2025-10-17 05:00:00+05:30,5.0816135,22.93213,11.246759,39.805527
2622,2025-10-17 06:00:00+05:30,6.050785,30.379045,11.272657,51.483044
2623,2025-10-17 07:00:00+05:30,3.8939953,33.6901,10.630672,61.69934
2624,2025-10-17 08:00:00+05:30,4.4456716,31.75944,6.269067,39.173653
2625,2025-10-17 09:00:00+05:30,4.542994,33.6901,5.7628117,38.65983
2626,2025-10-17 10:00:00+05:30,2.5071096,68.96242,3.0758414,69.44387
2627,2025-10-17 11:00:00+05:30,1.5273507,135.0001,1.781909,135.0001
2628,2025-10-17 12:00:00+05:30,1.26,180.0,1.6199999,180.0
2629,2025-10-17 13:00:00+05:30,2.7416782,203.19862,3.219938,206.56499
2630,2025-10-17 14:00:00+05:30,3.0652893,229.76372,3.710795,230.90614
2631,2025-10-17 15:00:00+05:30,4.6834598,272.20255,6.302571,271.63654
2632,2025-10-17 16:00:00+05:30,3.8141315,289.29013,8.951267,285.1541
2633,2025-10-17 17:00:00+05:30,4.752136,307.30402,10.158444,299.74478
2634,2025-10-17 18:00:00+05:30,5.1197267,280.1246,11.34,270.0
2635,2025-10-17 19:00:00+05:30,5.232399,266.0549,12.783802,260.2725
2636,2025-10-17 20:00:00+05:30,5.6492476,247.52052,13.776763,252.51192
2637,2025-10-17 21:00:00+05:30,5.7852573,264.64426,14.260953,265.65683
2638,2025-10-17 22:00:00+05:30,4.510787,298.61035,11.521406,298.96756
2639,2025-10-17 23:00:00+05:30,4.91634,293.7495,12.936228,301.92084
2640,2025-10-18 00:00:00+05:30,2.7475805,301.60745,8.019601,314.0907
2641,2025-10-18 01:00:00+05:30,1.9134263,311.18582,5.8409934,326.3099
2642,2025-10-18 02:00:00+05:30,0.9,323.13,4.3349743,355.23645
2643,2025-10-18 03:00:00+05:30,1.659518,12.528798,4.510787,28.610369
2644,2025-10-18 04:00:00+05:30,2.9301877,42.510403,6.8541956,76.328674
2645,2025-10-18 05:00:00+05:30,1.8,53.13002,6.792466,57.99466
2646,2025-10-18 06:00:00+05:30,3.319036,347.4712,3.8521678,52.594578
2647,2025-10-18 07:00:00+05:30,3.6179552,354.2895,5.5829024,20.772345
2648,2025-10-18 08:00:00+05:30,2.8856194,3.5762644,3.536439,14.743609
2649,2025-10-18 09:00:00+05:30,1.4399999,360.0,1.6299692,6.3401003
2650,2025-10-18 10:00:00+05:30,0.25455844,315.0001,0.40249225,333.43503
2651,2025-10-18 11:00:00+05:30,0.9693296,111.801476,1.0495713,120.96369
2652,2025-10-18 12:00:00+05:30,2.1068459,160.0168,2.4482646,162.89719
2653,2025-10-18 13:00:00+05:30,3.4247334,183.01273,4.1556225,184.96965
2654,2025-10-18 14:00:00+05:30,4.829907,206.56499,5.9617786,208.88649
2655,2025-10-18 15:00:00+05:30,5.1481256,233.53067,6.8423676,234.63745
2656,2025-10-18 16:00:00+05:30,3.710795,255.96373,8.909545,261.87
2657,2025-10-18 17:00:00+05:30,3.9640884,230.52757,9.021574,241.38963
2658,2025-10-18 18:00:00+05:30,5.3699164,256.42953,11.543881,259.21576
2659,2025-10-18 19:00:00+05:30,5.8104043,253.81071,12.638512,259.33026
2660,2025-10-18 20:00:00+05:30,4.913044,241.55717,11.050591,257.7749
2661,2025-10-18 21:00:00+05:30,2.1674871,228.36655,7.3469996,239.03632
2662,2025-10-18 22:00:00+05:30,0.25455844,315.0001,2.0991426,210.96368
2663,2025-10-18 23:00:00+05:30,1.2074767,206.56499,4.5891175,258.6901
2664,2025-10-19 00:00:00+05:30,6.050785,337.249,13.443481,333.7781
2665,2025-10-19 01:00:00+05:30,6.037383,190.3048,9.3962755,196.69933
2666,2025-10-19 02:00:00+05:30,3.8268526,41.185837,5.983477,46.2188
2667,2025-10-19 03:00:00+05:30,3.244996,33.6901,7.9077177,41.30852
2668,2025-10-19 04:00:00+05:30,2.36753,351.2539,6.696387,36.253937
2669,2025-10-19 05:00:00+05:30,3.7064266,60.94549,7.44121,57.84773
2670,2025-10-19 06:00:00+05:30,5.904439,52.431335,12.96125,62.723324
2671,2025-10-19 07:00:00+05:30,2.657668,28.30066,9.983106,64.35905
2672,2025-10-19 08:00:00+05:30,3.319036,102.5288,4.8899083,96.340096
2673,2025-10-19 09:00:00+05:30,3.3092597,112.38018,4.2136917,109.98319
2674,2025-10-19 10:00:00+05:30,1.7727944,156.0375,2.1749482,155.55606
2675,2025-10-19 11:00:00+05:30,2.7238941,172.40544,3.2599385,173.6599
2676,2025-10-19 12:00:00+05:30,1.0495713,210.96368,1.2979984,213.6901
2677,2025-10-19 13:00:00+05:30,3.3043609,240.64233,4.1085763,241.1893
2678,2025-10-19 14:00:00+05:30,5.5887027,255.06853,6.9480934,253.44284
2679,2025-10-19 15:00:00+05:30,8.171683,277.59454,11.749741,275.2738
2680,2025-10-19 16:00:00+05:30,7.771331,283.39252,14.588885,279.2298
2681,2025-10-19 17:00:00+05:30,4.5,270.0,11.543881,259.21576
2682,2025-10-19 18:00:00+05:30,4.379589,279.46225,10.6261,271.94144
2683,2025-10-19 19:00:00+05:30,3.6179552,275.7105,8.688613,256.82745
2684,2025-10-19 20:00:00+05:30,7.4128532,299.0545,15.94601,298.30066
2685,2025-10-19 21:00:00+05:30,5.8852015,336.5713,12.193589,328.89127
2686,2025-10-19 22:00:00+05:30,7.1661706,348.40787,14.2336645,350.53775
2687,2025-10-19 23:00:00+05:30,6.0347,287.3541,10.8792095,321.04407
2688,2025-10-20 00:00:00+05:30,10.120098,5.102074,16.895088,14.184326
2689,2025-10-20 01:00:00+05:30,9.693296,148.67137,12.7279215,118.7397
2690,2025-10-20 02:00:00+05:30,2.1749482,294.44394,2.0124612,153.43501
2691,2025-10-20 03:00:00+05:30,2.7238941,7.59456,5.991594,32.73523
2692,2025-10-20 04:00:00+05:30,2.1897945,99.46225,6.3231,85.101
2693,2025-10-20 05:00:00+05:30,4.514377,355.42615,11.298495,30.6506
2694,2025-10-20 06:00:00+05:30,3.7585104,16.699326,8.037761,55.954018
2695,2025-10-20 07:00:00+05:30,3.4388947,47.12111,8.936778,62.402794
2696,2025-10-20 08:00:00+05:30,3.0652893,49.76371,4.542994,56.3099
2697,2025-10-20 09:00:00+05:30,2.7475805,58.392544,3.7971041,58.570484
2698,2025-10-20 10:00:00+05:30,1.1525624,51.34017,1.5484185,54.46224
2699,2025-10-20 11:00:00+05:30,2.5772076,114.775116,3.143565,113.62939
2700,2025-10-20 12:00:00+05:30,1.9134263,131.18582,2.50064,120.256355
2701,2025-10-20 13:00:00+05:30,2.0124612,153.43501,2.4482648,143.97253
2702,2025-10-20 14:00:00+05:30,2.2553935,208.61037,2.5071096,201.03758
2703,2025-10-20 15:00:00+05:30,4.6102495,231.34016,5.904439,232.43134
2704,2025-10-20 16:00:00+05:30,5.9617786,241.11351,12.325728,241.1893
2705,2025-10-20 17:00:00+05:30,2.657668,241.69934,7.24486,243.43501
2706,2025-10-20 18:00:00+05:30,3.01735,287.3541,6.7205353,290.37653
2707,2025-10-20 19:00:00+05:30,1.5484185,305.53775,4.4565907,316.63654
2708,2025-10-20 20:00:00+05:30,1.484318,284.03625,3.8268526,318.81415
2709,2025-10-20 21:00:00+05:30,2.8460495,325.30478,5.1544156,347.90527
2710,2025-10-20 22:00:00+05:30,4.846648,338.19852,7.342588,348.6901
2711,2025-10-20 23:00:00+05:30,4.5572357,350.9098,8.305396,330.1012
2712,2025-10-21 00:00:00+05:30,5.1481256,323.53067,9.885262,326.88864
2713,2025-10-21 01:00:00+05:30,6.2405767,326.76828,13.1041975,339.07544
2714,2025-10-21 02:00:00+05:30,5.1919937,326.3099,12.750811,341.0534
2715,2025-10-21 03:00:00+05:30,4.846648,328.67136,12.267763,337.5741
2716,2025-10-21 04:00:00+05:30,4.613762,339.44388,11.844492,343.2173
2717,2025-10-21 05:00:00+05:30,3.6402748,351.4693,10.24578,341.56494
2718,2025-10-21 06:00:00+05:30,5.0688457,353.88458,7.9526596,5.19435
2719,2025-10-21 07:00:00+05:30,4.198285,30.963696,10.185519,43.567978
2720,2025-10-21 08:00:00+05:30,5.414979,68.5522,7.458606,70.253075
2721,2025-10-21 09:00:00+05:30,5.232399,86.05489,6.8612823,85.4861
2722,2025-10-21 10:00:00+05:30,4.8899083,83.659904,6.1858225,81.6342
2723,2025-10-21 11:00:00+05:30,6.0347,107.35411,7.5170207,106.699326
2724,2025-10-21 12:00:00+05:30,5.4833565,113.19862,6.7205353,110.37652
2725,2025-10-21 13:00:00+05:30,4.5536795,108.43504,5.5887027,104.93147
2726,2025-10-21 14:00:00+05:30,3.362677,105.52418,4.2021422,99.865746
2727,2025-10-21 15:00:00+05:30,2.9301877,100.619606,3.7842832,92.72626
2728,2025-10-21 16:00:00+05:30,2.50064,149.74365,4.978554,139.39879
2729,2025-10-21 17:00:00+05:30,6.6185193,157.61983,11.966954,164.2913
2730,2025-10-21 18:00:00+05:30,5.4149795,164.57777,9.444426,172.33328
2731,2025-10-21 19:00:00+05:30,3.319036,192.5288,6.162207,186.70975
2732,2025-10-21 20:00:00+05:30,3.3092594,224.9999,6.9480934,196.55714
2733,2025-10-21 21:00:00+05:30,0.9178235,281.3099,4.39436,214.9921
2734,2025-10-21 22:00:00+05:30,1.4512063,352.87506,1.6299692,276.3401
2735,2025-10-21 23:00:00+05:30,1.26,360.0,4.514377,293.49857
2736,2025-10-22 00:00:00+05:30,4.0449963,339.14545,7.538541,326.68936
2737,2025-10-22 01:00:00+05:30,5.5216303,340.9743,11.276968,351.74063
2738,2025-10-22 02:00:00+05:30,4.6730714,344.3577,10.694485,353.23392
2739,2025-10-22 03:00:00+05:30,4.8633323,357.87894,10.981475,359.06082
2740,2025-10-22 04:00:00+05:30,4.8633323,2.1210518,11.45513,8.130019
2741,2025-10-22 05:00:00+05:30,4.514377,4.5738406,10.075177,18.758749
2742,2025-10-22 06:00:00+05:30,4.379589,350.53775,6.76618,28.610369
2743,2025-10-22 07:00:00+05:30,1.9881649,354.80566,5.9427266,54.865723
2744,2025-10-22 08:00:00+05:30,2.5455842,44.999897,3.494968,55.491425
2745,2025-10-22 09:00:00+05:30,3.7971036,84.55976,4.8733153,85.76369
2746,2025-10-22 10:00:00+05:30,5.4744864,99.46225,6.924738,98.97255
2747,2025-10-22 11:00:00+05:30,6.1569467,105.25517,7.4672885,105.376305
2748,2025-10-22 12:00:00+05:30,4.293669,123.02387,5.00128,120.256355
2749,2025-10-22 13:00:00+05:30,2.5455842,135.0001,3.0652893,130.23628
2750,2025-10-22 14:00:00+05:30,1.1384199,161.56496,0.9693296,158.19853
2751,2025-10-22 15:00:00+05:30,1.1525624,218.65984,1.3708391,246.80138
2752,2025-10-22 16:00:00+05:30,1.5484185,215.53777,2.8116899,230.19447
2753,2025-10-22 17:00:00+05:30,3.396233,147.99466,7.289444,159.77505
2754,2025-10-22 18:00:00+05:30,2.6999998,180.0,6.310277,176.72958
2755,2025-10-22 19:00:00+05:30,2.9024127,209.7448,6.7205353,187.69595
2756,2025-10-22 20:00:00+05:30,2.3469129,237.52882,5.6920996,198.43504
2757,2025-10-22 21:00:00+05:30,1.6981165,327.99466,1.8089776,275.7105
2758,2025-10-22 22:00:00+05:30,4.1556225,342.34976,5.7628117,345.52966
2759,2025-10-22 23:00:00+05:30,2.907989,338.19852,7.056826,322.25314
2760,2025-10-23 00:00:00+05:30,4.829907,333.43503,9.028754,336.5014
2761,2025-10-23 01:00:00+05:30,5.441838,325.78424,10.196647,339.3255
2762,2025-10-23 02:00:00+05:30,6.502461,318.36655,10.717182,330.85202
2763,2025-10-23 03:00:00+05:30,4.913044,331.55716,9.449572,342.25522
2764,2025-10-23 04:00:00+05:30,4.186693,334.53668,7.247096,345.61856
2765,2025-10-23 05:00:00+05:30,4.412754,348.23172,7.889259,332.8504
2766,2025-10-23 06:00:00+05:30,6.8138976,347.79953,8.65873,339.30447
2767,2025-10-23 07:00:00+05:30,5.9427266,1.7356651,11.173057,2.7701654
2768,2025-10-23 08:00:00+05:30,5.09435,32.005356,7.344794,36.027473
2769,2025-10-23 09:00:00+05:30,4.952453,70.90642,6.4323244,72.07199
2770,2025-10-23 10:00:00+05:30,6.130579,93.366394,7.5685663,92.72626
2771,2025-10-23 11:00:00+05:30,7.3094187,99.926186,9.114471,99.090195
2772,2025-10-23 12:00:00+05:30,5.0816135,112.93214,6.4323244,107.92801
2773,2025-10-23 13:00:00+05:30,4.542994,123.6901,5.634891,116.56499
2774,2025-10-23 14:00:00+05:30,3.01735,162.64589,3.3043609,150.64235
2775,2025-10-23 15:00:00+05:30,2.5959969,213.6901,2.9522195,217.56866
2776,2025-10-23 16:00:00+05:30,2.7416782,203.19862,5.2323985,206.56499
2777,2025-10-23 17:00:00+05:30,4.1556225,197.6502,9.580668,205.60214
2778,2025-10-23 18:00:00+05:30,2.9301877,132.5104,4.6834598,177.79745
2779,2025-10-23 19:00:00+05:30,0.25455844,135.0001,1.8532133,299.0545
2780,2025-10-23 20:00:00+05:30,1.7727944,246.0375,3.462369,278.97253
2781,2025-10-23 21:00:00+05:30,4.613762,290.55612,7.841887,301.86594
2782,2025-10-23 22:00:00+05:30,4.3349743,318.36655,8.936778,332.4028
2783,2025-10-23 23:00:00+05:30,6.552099,322.81522,15.338071,324.0714
2784,2025-10-24 00:00:00+05:30,7.9932966,324.16226,16.909464,334.79892
2785,2025-10-24 01:00:00+05:30,6.2067385,330.4613,15.111424,347.61926
2786,2025-10-24 02:00:00+05:30,4.6102495,321.34018,11.897714,349.54013
2787,2025-10-24 03:00:00+05:30,5.2478566,300.96368,11.435313,331.8215
2788,2025-10-24 04:00:00+05:30,5.22,316.3971,11.886816,327.99466
2789,2025-10-24 05:00:00+05:30,6.725354,344.47583,15.547875,339.6768
2790,2025-10-24 06:00:00+05:30,5.315336,331.69934,10.096059,348.6901
2791,2025-10-24 07:00:00+05:30,3.710795,320.90613,8.759178,350.53775
2792,2025-10-24 08:00:00+05:30,3.745557,324.78232,5.2478566,337.8336
2793,2025-10-24 09:00:00+05:30,2.5582807,309.28937,2.9301877,312.5104
2794,2025-10-24 10:00:00+05:30,2.3469129,212.47118,2.657668,208.30066
2795,2025-10-24 11:00:00+05:30,5.0432134,145.17545,6.1437774,148.17259
2796,2025-10-24 12:00:00+05:30,5.6920996,71.564964,6.9480934,73.442856
2797,2025-10-24 13:00:00+05:30,1.8089776,95.7105,2.1674871,94.76356
2798,2025-10-24 14:00:00+05:30,3.381893,154.7989,3.9477081,155.77226
2799,2025-10-24 15:00:00+05:30,3.710795,194.03627,4.5536795,198.43504
2800,2025-10-24 16:00:00+05:30,3.2048087,218.15727,7.2649574,221.98714
2801,2025-10-24 17:00:00+05:30,1.9881649,354.80566,5.9834766,338.83865
2802,2025-10-24 18:00:00+05:30,0.742159,75.96373,3.2846913,9.462261
2803,2025-10-24 19:00:00+05:30,0.17999999,180.0,0.5091169,315.0001
2804,2025-10-24 20:00:00+05:30,0.76367533,224.9999,0.9178235,258.6901
2805,2025-10-24 21:00:00+05:30,1.9881649,354.80566,2.8856194,356.42374
2806,2025-10-24 22:00:00+05:30,4.278551,22.249071,6.7565966,41.760216
2807,2025-10-24 23:00:00+05:30,2.968636,14.036275,7.001514,46.041542
2808,2025-10-25 00:00:00+05:30,4.0449967,57.724377,9.47012,81.25392
2809,2025-10-25 01:00:00+05:30,4.293669,56.976128,10.694485,83.233925
2810,2025-10-25 02:00:00+05:30,8.227004,79.919464,18.287504,83.78446
2811,2025-10-25 03:00:00+05:30,9.746631,94.23632,19.633205,92.10161
2812,2025-10-25 04:00:00+05:30,10.51576,96.88163,21.152872,95.37091
2813,2025-10-25 05:00:00+05:30,13.934604,84.06857,26.319422,86.86371
2814,2025-10-25 06:00:00+05:30,12.452566,85.85546,22.32653,82.58861
2815,2025-10-25 07:00:00+05:30,7.289444,110.22495,12.74954,103.05525
2816,2025-10-25 08:00:00+05:30,9.087772,82.03049,13.576582,83.911575
2817,2025-10-25 09:00:00+05:30,12.081472,86.58348,16.404707,86.85511
2818,2025-10-25 10:00:00+05:30,11.016824,94.68582,14.428097,93.57626
2819,2025-10-25 11:00:00+05:30,7.8087645,115.97434,9.504273,114.62355
2820,2025-10-25 12:00:00+05:30,5.728979,133.72705,6.8919086,130.76352
2821,2025-10-25 13:00:00+05:30,4.7827187,160.20103,5.815978,158.19853
2822,2025-10-25 14:00:00+05:30,3.710795,194.03627,4.5,196.26028
2823,2025-10-25 15:00:00+05:30,3.8773184,201.80147,4.669604,207.55272
2824,2025-10-25 16:00:00+05:30,2.6999998,216.86998,5.509882,231.63248
2825,2025-10-25 17:00:00+05:30,9.504272,322.69595,15.405519,316.4202
2826,2025-10-25 18:00:00+05:30,10.308831,77.90526,13.100489,77.30042
2827,2025-10-25 19:00:00+05:30,8.996398,19.885265,18.65151,22.109503
2828,2025-10-25 20:00:00+05:30,5.4477882,82.40546,13.60519,64.11304
2829,2025-10-25 21:00:00+05:30,5.402999,60.018444,14.092978,61.798473
2830,2025-10-25 22:00:00+05:30,4.755544,60.524208,13.60519,64.11304
2831,2025-10-25 23:00:00+05:30,3.7971041,31.429514,10.055864,44.27486
2832,2025-10-26 00:00:00+05:30,4.73506,81.25392,13.681183,89.24617
2833,2025-10-26 01:00:00+05:30,10.337079,97.001175,21.459291,98.19798
2834,2025-10-26 02:00:00+05:30,7.5685663,2.7262611,12.348052,30.67721
2835,2025-10-26 03:00:00+05:30,6.889557,70.1447,16.720633,75.664536
2836,2025-10-26 04:00:00+05:30,8.6193495,61.294147,19.260841,74.27519
2837,2025-10-26 05:00:00+05:30,5.896202,77.660934,15.784676,82.79404
2838,2025-10-26 06:00:00+05:30,9.144637,100.20392,16.120806,96.41075
2839,2025-10-26 07:00:00+05:30,6.489992,86.82024,10.801499,89.04518
2840,2025-10-26 08:00:00+05:30,8.6867485,95.94677,11.749741,95.27381
2841,2025-10-26 09:00:00+05:30,9.67657,99.637474,12.7279215,98.13002
2842,2025-10-26 10:00:00+05:30,8.863972,102.90741,11.402683,101.84206
2843,2025-10-26 11:00:00+05:30,3.148714,120.963684,3.7842832,115.34614
2844,2025-10-26 12:00:00+05:30,2.0523157,195.25517,2.226477,194.03627
2845,2025-10-26 13:00:00+05:30,3.9518096,239.9315,4.755544,240.5242
2846,2025-10-26 14:00:00+05:30,4.060985,257.19574,5.1544156,257.90524
2847,2025-10-26 15:00:00+05:30,4.3349743,274.76355,5.426933,275.7105
2848,2025-10-26 16:00:00+05:30,3.4576871,308.65982,7.1389914,303.6901
2849,2025-10-26 17:00:00+05:30,3.550155,300.46545,9.107359,288.43503
2850,2025-10-26 18:00:00+05:30,3.4949677,348.11136,6.7397914,325.8855
2851,2025-10-26 19:00:00+05:30,7.729527,27.758451,15.277749,34.43906
2852,2025-10-26 20:00:00+05:30,5.4744864,46.332153,14.628807,55.527733
2853,2025-10-26 21:00:00+05:30,4.829907,63.435013,12.98248,73.07241
2854,2025-10-26 22:00:00+05:30,5.7628117,51.34017,16.22498,70.559875
2855,2025-10-26 23:00:00+05:30,6.601363,78.996506,18.22361,86.03542
2856,2025-10-27 00:00:00+05:30,7.9932976,82.234924,20.00026,87.420906
2857,2025-10-27 01:00:00+05:30,10.158444,82.875084,21.82755,86.21743
2858,2025-10-27 02:00:00+05:30,9.600937,59.589005,19.869423,70.41592
2859,2025-10-27 03:00:00+05:30,9.278297,71.916466,20.212965,76.08748
2860,2025-10-27 04:00:00+05:30,10.261578,91.005066,21.2522,88.058556
2861,2025-10-27 05:00:00+05:30,10.981475,89.06083,23.23116,88.224
2862,2025-10-27 06:00:00+05:30,12.605142,91.63654,23.580687,90.437355
2863,2025-10-27 07:00:00+05:30,11.722133,86.47862,20.35274,87.972725
2864,2025-10-27 08:00:00+05:30,14.230248,87.8253,20.009167,86.906006
2865,2025-10-27 09:00:00+05:30,14.77755,92.79265,20.347166,91.52074
2866,2025-10-27 10:00:00+05:30,15.226764,96.78888,20.41949,95.05716
2867,2025-10-27 11:00:00+05:30,13.418153,96.93426,17.552536,95.885895
2868,2025-10-27 12:00:00+05:30,10.874741,102.425934,14.120538,101.023415
2869,2025-10-27 13:00:00+05:30,8.6867485,95.94677,11.212135,95.52745
2870,2025-10-27 14:00:00+05:30,6.4624763,102.87501,8.4042845,99.865746
2871,2025-10-27 15:00:00+05:30,4.072935,135.0001,5.5450516,125.753975
2872,2025-10-27 16:00:00+05:30,3.06,180.0,5.920878,160.46326
2873,2025-10-27 17:00:00+05:30,4.5,163.73972,10.7894945,152.15251
2874,2025-10-27 18:00:00+05:30,1.9134263,221.18582,5.0528407,175.91446
2875,2025-10-27 19:00:00+05:30,1.8,306.86996,2.4482646,287.1028
2876,2025-10-27 20:00:00+05:30,4.0449967,327.72437,6.12,331.9276
2877,2025-10-27 21:00:00+05:30,3.8141315,340.70987,6.28713,346.75946
2878,2025-10-27 22:00:00+05:30,5.223103,1.9748993,9.3962755,20.17074
2879,2025-10-27 23:00:00+05:30,4.0249224,349.69522,8.534353,27.645891
2880,2025-10-28 00:00:00+05:30,3.4949677,348.11136,7.4520864,37.146767
2881,2025-10-28 01:00:00+05:30,4.0249224,26.564985,10.248941,59.381474
2882,2025-10-28 02:00:00+05:30,4.471107,40.10085,11.755254,64.61213
2883,2025-10-28 03:00:00+05:30,4.7110505,43.451904,12.535549,68.96242
2884,2025-10-28 04:00:00+05:30,3.7842832,64.65388,12.483749,84.2073
2885,2025-10-28 05:00:00+05:30,4.278551,104.62092,11.5115595,99.90412
2886,2025-10-28 06:00:00+05:30,5.7628117,88.21013,11.701385,90.881386
2887,2025-10-28 07:00:00+05:30,4.6277857,76.50425,12.800265,86.77554
2888,2025-10-28 08:00:00+05:30,7.8728137,79.46087,11.098865,81.60716
2889,2025-10-28 09:00:00+05:30,12.251905,87.47394,16.395817,87.48318
2890,2025-10-28 10:00:00+05:30,12.78,90.0,16.920958,89.39051
2891,2025-10-28 11:00:00+05:30,10.813492,92.86235,13.684735,91.50741
2892,2025-10-28 12:00:00+05:30,9.0,90.0,11.341428,89.090645
2893,2025-10-28 13:00:00+05:30,7.029225,92.935616,9.0018,91.14574
2894,2025-10-28 14:00:00+05:30,5.6835546,100.95402,7.256032,97.12492
2895,2025-10-28 15:00:00+05:30,4.6277857,103.49575,5.950899,93.46816
2896,2025-10-28 16:00:00+05:30,3.7971041,148.57048,7.6409945,136.90913
2897,2025-10-28 17:00:00+05:30,6.5024605,175.23645,12.882267,164.6044
2898,2025-10-28 18:00:00+05:30,3.536439,194.7436,9.0645685,173.15732
2899,2025-10-28 19:00:00+05:30,0.40249225,243.43501,3.4247334,176.98727
2900,2025-10-28 20:00:00+05:30,0.40249225,296.56497,0.8049845,206.56499
2901,2025-10-28 21:00:00+05:30,4.072935,315.0001,6.2379804,316.16904
2902,2025-10-28 22:00:00+05:30,4.143911,325.6196,7.0038276,334.09354
2903,2025-10-28 23:00:00+05:30,2.1897945,350.53775,5.315336,331.69934
2904,2025-10-29 00:00:00+05:30,0.76367533,224.9999,2.7943513,255.06853
2905,2025-10-29 01:00:00+05:30,1.4512063,209.7448,3.4576871,231.34016
2906,2025-10-29 02:00:00+05:30,2.3400002,292.6199,3.964089,272.6025
2907,2025-10-29 03:00:00+05:30,4.8433046,318.01288,6.989936,325.4914
2908,2025-10-29 04:00:00+05:30,4.327493,343.0724,8.473393,347.73523
2909,2025-10-29 05:00:00+05:30,3.671294,11.3098955,10.404249,30.113651
2910,2025-10-29 06:00:00+05:30,3.62243,63.435013,10.711135,65.157646
2911,2025-10-29 07:00:00+05:30,4.8733153,175.76369,10.182337,135.0001
2912,2025-10-29 08:00:00+05:30,1.3708391,336.8014,0.6489992,56.309914
2913,2025-10-29 09:00:00+05:30,6.489992,33.6901,8.320986,38.853382
2914,2025-10-29 10:00:00+05:30,7.0015144,72.03077,9.224011,72.97939
2915,2025-10-29 11:00:00+05:30,6.1569467,105.25517,7.771331,103.39252
2916,2025-10-29 12:00:00+05:30,4.5322843,83.15732,5.7852573,84.644264
2917,2025-10-29 13:00:00+05:30,4.2021427,46.73567,5.3517847,47.72637
2918,2025-10-29 14:00:00+05:30,4.452954,14.036275,5.5216303,19.025702
2919,2025-10-29 15:00:00+05:30,5.5916004,3.691312,7.3094187,9.926182
2920,2025-10-29 16:00:00+05:30,7.029225,346.67545,11.722133,356.4786
2921,2025-10-29 17:00:00+05:30,2.5772076,245.22488,5.5216303,289.0257
2922,2025-10-29 18:00:00+05:30,0.17999999,90.0,2.5455842,44.999897
2923,2025-10-29 19:00:00+05:30,3.7971041,328.5705,7.7420926,1.3321922
2924,2025-10-29 20:00:00+05:30,4.0449967,327.72437,9.3669195,357.79745
2925,2025-10-29 21:00:00+05:30,5.154415,335.22488,10.8955765,352.40543
2926,2025-10-29 22:00:00+05:30,4.542994,326.3099,9.087772,352.0305
2927,2025-10-29 23:00:00+05:30,7.1321807,349.82455,14.949756,357.93002
2928,2025-10-30 00:00:00+05:30,5.232399,356.0549,10.873251,19.334904
2929,2025-10-30 01:00:00+05:30,6.341009,6.5197067,11.298495,30.6506
2930,2025-10-30 02:00:00+05:30,6.489992,3.179772,11.052058,30.32353
2931,2025-10-30 03:00:00+05:30,5.8631387,17.87879,12.261157,40.236294
2932,2025-10-30 04:00:00+05:30,5.3999996,36.86998,12.261157,49.76371
2933,2025-10-30 05:00:00+05:30,10.316686,47.12111,19.521496,57.042572
2934,2025-10-30 06:00:00+05:30,9.7565975,52.495785,18.374992,60.672913
2935,2025-10-30 07:00:00+05:30,8.65873,69.30447,15.215058,79.08892
2936,2025-10-30 08:00:00+05:30,10.51576,96.88163,16.16496,97.67888
2937,2025-10-30 09:00:00+05:30,10.534229,73.11313,16.810495,77.00539
2938,2025-10-30 10:00:00+05:30,10.158444,60.25522,16.813387,68.654144
2939,2025-10-30 11:00:00+05:30,9.914717,74.197426,15.2501545,78.42485
2940,2025-10-30 12:00:00+05:30,10.950452,64.698654,15.885956,70.12774
2941,2025-10-30 13:00:00+05:30,10.685391,57.380775,14.251863,62.14045
2942,2025-10-30 14:00:00+05:30,9.97986,39.143982,13.493999,43.91917
2943,2025-10-30 15:00:00+05:30,8.856658,52.431335,12.181624,55.840256
2944,2025-10-30 16:00:00+05:30,8.893166,54.057793,15.376045,62.835106
2945,2025-10-30 17:00:00+05:30,9.83268,66.2505,19.60761,74.5603
2946,2025-10-30 18:00:00+05:30,10.948973,62.59251,20.924177,68.29006
2947,2025-10-30 19:00:00+05:30,7.689603,73.68607,17.651016,78.231735
2948,2025-10-30 20:00:00+05:30,11.385622,50.774345,21.252962,62.783974
2949,2025-10-30 21:00:00+05:30,14.494192,75.61857,27.079681,77.71906
2950,2025-10-30 22:00:00+05:30,9.215226,102.40741,19.530622,99.549065
2951,2025-10-30 23:00:00+05:30,5.9644947,84.805664,14.634343,94.93913
