,date,wind_speed_10m,wind_direction_10m,wind_speed_100m,wind_direction_100m
0,2025-06-30 00:00:00+05:30,7.538541,213.31064,14.796175,216.59119
1,2025-06-30 01:00:00+05:30,3.7842832,205.34613,10.957846,222.33694
2,2025-06-30 02:00:00+05:30,4.7657523,190.88548,10.337078,215.07384
3,2025-06-30 03:00:00+05:30,5.2939587,197.81898,11.1090765,220.39983
4,2025-06-30 04:00:00+05:30,2.5959969,213.6901,8.707237,240.2552
5,2025-06-30 05:00:00+05:30,1.659518,347.4712,7.0015144,287.96924
6,2025-06-30 06:00:00+05:30,9.0018,78.46541,13.121493,63.083534
7,2025-06-30 07:00:00+05:30,4.3573384,128.2902,5.3939967,115.70991
8,2025-06-30 08:00:00+05:30,8.415842,221.53168,11.074023,225.65846
9,2025-06-30 09:00:00+05:30,10.32924,247.4569,13.609951,249.88733
10,2025-06-30 10:00:00+05:30,7.7879906,236.3099,9.826088,241.55717
11,2025-06-30 11:00:00+05:30,9.016185,273.43356,11.391313,275.44025
12,2025-06-30 12:00:00+05:30,6.5049515,284.4208,8.085988,286.8215
13,2025-06-30 13:00:00+05:30,7.24486,296.56497,9.109138,299.60434
14,2025-06-30 14:00:00+05:30,9.1958685,319.7637,11.466438,317.54483
15,2025-06-30 15:00:00+05:30,12.992459,42.754242,17.713316,37.568665
16,2025-06-30 16:00:00+05:30,5.8852015,23.428713,8.766573,19.179106
17,2025-06-30 17:00:00+05:30,4.1046314,15.255177,5.1544156,12.094739
18,2025-06-30 18:00:00+05:30,3.9312592,15.945477,5.4149795,15.42223
19,2025-06-30 19:00:00+05:30,0.0,270.0,0.9,360.0
20,2025-06-30 20:00:00+05:30,1.659518,167.4712,2.52,180.0
21,2025-06-30 21:00:00+05:30,2.5959969,123.690094,4.942631,146.88864
22,2025-06-30 22:00:00+05:30,2.8116899,129.80553,5.1826253,159.67677
23,2025-06-30 23:00:00+05:30,2.19718,124.992096,4.3498964,155.55606
24,2025-07-01 00:00:00+05:30,0.35999998,270.0,2.7475805,238.39255
25,2025-07-01 01:00:00+05:30,5.0975285,42.13753,6.037383,26.564985
26,2025-07-01 02:00:00+05:30,3.244996,3.179772,5.7431,32.195713
27,2025-07-01 03:00:00+05:30,3.9966483,324.16226,4.86,360.0
28,2025-07-01 04:00:00+05:30,4.1085763,298.8107,2.3051248,308.65982
29,2025-07-01 05:00:00+05:30,4.3274937,224.9999,5.5596404,209.0545
30,2025-07-01 06:00:00+05:30,4.3536186,29.744795,5.3426957,32.61924
31,2025-07-01 07:00:00+05:30,4.6102495,51.34017,5.7628117,51.34017
32,2025-07-01 08:00:00+05:30,5.9834766,96.91113,7.486788,99.68872
33,2025-07-01 09:00:00+05:30,3.9966488,82.234924,4.73506,81.25392
34,2025-07-01 10:00:00+05:30,3.0811036,83.29026,3.671294,78.6901
35,2025-07-01 11:00:00+05:30,4.514377,66.50142,5.5596404,60.94549
36,2025-07-01 12:00:00+05:30,7.0911775,66.037506,8.775807,64.48618
37,2025-07-01 13:00:00+05:30,8.297589,65.65892,10.385547,64.32324
38,2025-07-01 14:00:00+05:30,10.137692,73.49557,12.638512,72.597206
39,2025-07-01 15:00:00+05:30,7.628263,70.70986,9.676569,71.564964
40,2025-07-01 16:00:00+05:30,8.958504,67.557205,11.230904,68.36906
41,2025-07-01 17:00:00+05:30,9.595874,66.80139,12.337553,66.80139
42,2025-07-01 18:00:00+05:30,5.896202,102.33907,10.495713,95.906044
43,2025-07-01 19:00:00+05:30,3.7842832,115.34614,9.430694,103.24053
44,2025-07-01 20:00:00+05:30,1.659518,139.39879,5.8048253,119.74479
45,2025-07-01 21:00:00+05:30,0.9178235,78.6901,3.8183763,98.13002
46,2025-07-01 22:00:00+05:30,3.0811036,83.29026,6.87779,83.99109
47,2025-07-01 23:00:00+05:30,7.5942073,84.55976,14.589996,87.87895
48,2025-07-02 00:00:00+05:30,4.6938257,57.528828,11.384199,71.564964
49,2025-07-02 01:00:00+05:30,7.4128532,150.9455,11.592894,126.15828
50,2025-07-02 02:00:00+05:30,3.2846913,99.46225,9.734988,86.82024
51,2025-07-02 03:00:00+05:30,3.0652893,49.76371,9.12513,67.98867
52,2025-07-02 04:00:00+05:30,3.604497,92.86235,10.120098,95.10208
53,2025-07-02 05:00:00+05:30,8.467655,87.56341,15.172407,85.23644
54,2025-07-02 06:00:00+05:30,5.983477,74.2913,10.316686,83.99109
55,2025-07-02 07:00:00+05:30,12.043869,80.53775,15.713702,80.10615
56,2025-07-02 08:00:00+05:30,12.703715,82.67369,16.87878,82.64771
57,2025-07-02 09:00:00+05:30,12.0720825,87.43629,15.496736,87.33706
58,2025-07-02 10:00:00+05:30,11.734564,85.60138,14.993038,85.17932
59,2025-07-02 11:00:00+05:30,13.321216,90.77421,17.1,90.0
60,2025-07-02 12:00:00+05:30,13.519186,93.052826,17.49337,93.53949
61,2025-07-02 13:00:00+05:30,14.440443,94.28908,18.416384,94.48453
62,2025-07-02 14:00:00+05:30,11.003581,86.24835,17.46371,88.81884
63,2025-07-02 15:00:00+05:30,10.787993,115.70991,14.092977,114.92845
64,2025-07-02 16:00:00+05:30,9.860649,111.41304,12.904882,112.98875
65,2025-07-02 17:00:00+05:30,7.6409945,105.01841,10.310403,106.22027
66,2025-07-02 18:00:00+05:30,13.115319,133.33171,20.66867,123.27491
67,2025-07-02 19:00:00+05:30,7.001514,136.04153,15.3264475,123.50346
68,2025-07-02 20:00:00+05:30,3.0652895,86.63361,10.829959,105.42222
69,2025-07-02 21:00:00+05:30,8.827344,129.2072,17.012617,119.819984
70,2025-07-02 22:00:00+05:30,7.7043357,127.40543,15.376045,117.16491
71,2025-07-02 23:00:00+05:30,7.555712,102.38075,16.053335,107.62239
72,2025-07-03 00:00:00+05:30,7.928178,92.60251,15.96327,97.12492
73,2025-07-03 01:00:00+05:30,10.446206,88.025116,19.443333,88.93912
74,2025-07-03 02:00:00+05:30,12.32047,101.802414,21.479666,103.57046
75,2025-07-03 03:00:00+05:30,10.03167,99.293236,17.986494,103.8972
76,2025-07-03 04:00:00+05:30,7.9383874,86.09958,15.009236,95.50539
77,2025-07-03 05:00:00+05:30,8.825508,78.231735,15.546833,84.68555
78,2025-07-03 06:00:00+05:30,9.059205,69.04415,19.290257,86.79059
79,2025-07-03 07:00:00+05:30,12.662843,95.7105,17.5931,97.052216
80,2025-07-03 08:00:00+05:30,14.018059,102.608604,18.469963,102.95277
81,2025-07-03 09:00:00+05:30,12.287555,95.04236,15.922626,95.83939
82,2025-07-03 10:00:00+05:30,13.1412325,103.46522,17.026896,103.44863
83,2025-07-03 11:00:00+05:30,13.040997,110.1859,16.748707,110.77233
84,2025-07-03 12:00:00+05:30,11.272657,109.59237,14.810401,110.63763
85,2025-07-03 13:00:00+05:30,8.477216,93.65215,11.052058,96.546196
86,2025-07-03 14:00:00+05:30,8.953078,120.17343,11.032987,118.23736
87,2025-07-03 15:00:00+05:30,8.65873,136.68465,10.691453,135.0001
88,2025-07-03 16:00:00+05:30,6.59154,124.992096,8.53815,124.69522
89,2025-07-03 17:00:00+05:30,8.707237,119.74479,11.453715,120.191536
90,2025-07-03 18:00:00+05:30,6.8423676,144.63745,9.97986,140.85602
91,2025-07-03 19:00:00+05:30,3.572898,139.08571,8.3520775,142.88306
92,2025-07-03 20:00:00+05:30,3.319036,102.5288,7.7983837,108.85326
93,2025-07-03 21:00:00+05:30,3.244996,109.440125,8.863972,102.90741
94,2025-07-03 22:00:00+05:30,13.845967,74.15685,23.444956,82.056625
95,2025-07-03 23:00:00+05:30,11.328566,72.42865,19.242327,72.58194
96,2025-07-04 00:00:00+05:30,12.011544,109.24962,21.708477,105.88021
97,2025-07-04 01:00:00+05:30,7.415038,95.572105,14.897651,101.85298
98,2025-07-04 02:00:00+05:30,6.2999997,90.0,14.275713,95.06353
99,2025-07-04 03:00:00+05:30,4.353619,82.875084,11.032987,95.61749
100,2025-07-04 04:00:00+05:30,5.1544156,102.09474,11.27553,106.699326
101,2025-07-04 05:00:00+05:30,10.650465,30.465475,16.388897,38.758102
102,2025-07-04 06:00:00+05:30,10.5234585,77.1523,20.81239,84.04296
103,2025-07-04 07:00:00+05:30,10.658068,85.15609,14.619946,85.76369
104,2025-07-04 08:00:00+05:30,10.534229,106.88687,14.068816,106.34825
105,2025-07-04 09:00:00+05:30,8.211235,116.00329,10.546525,117.439644
106,2025-07-04 10:00:00+05:30,7.628263,109.290146,9.565437,109.798965
107,2025-07-04 11:00:00+05:30,6.698806,120.699646,8.305396,119.89881
108,2025-07-04 12:00:00+05:30,4.599695,120.57915,5.6492476,120.65059
109,2025-07-04 13:00:00+05:30,2.968636,104.03627,3.319036,102.5288
110,2025-07-04 14:00:00+05:30,2.97953,64.98315,3.4623692,62.10283
111,2025-07-04 15:00:00+05:30,4.755544,29.475794,5.8048253,29.744795
112,2025-07-04 16:00:00+05:30,8.536252,24.943882,10.711135,24.842371
113,2025-07-04 17:00:00+05:30,10.589448,31.798878,14.634343,31.930645
114,2025-07-04 18:00:00+05:30,1.4512063,97.12492,2.7238941,97.59455
115,2025-07-04 19:00:00+05:30,11.592895,115.76928,17.84271,120.963684
116,2025-07-04 20:00:00+05:30,14.387619,136.52072,20.633371,137.12111
117,2025-07-04 21:00:00+05:30,8.287822,87.5105,14.1102085,113.294586
118,2025-07-04 22:00:00+05:30,6.1437774,174.95764,14.637663,163.57062
119,2025-07-04 23:00:00+05:30,2.6999998,180.0,8.209263,195.25517
120,2025-07-05 00:00:00+05:30,3.2599385,96.340096,5.293959,144.6887
121,2025-07-05 01:00:00+05:30,1.9881649,174.80566,6.050785,202.751
122,2025-07-05 02:00:00+05:30,5.728979,223.72705,11.334285,226.93057
123,2025-07-05 03:00:00+05:30,10.3621235,17.17599,14.944336,9.008436
124,2025-07-05 04:00:00+05:30,2.1897945,80.53775,3.671294,78.6901
125,2025-07-05 05:00:00+05:30,4.503598,87.70944,7.928178,87.3975
126,2025-07-05 06:00:00+05:30,2.8460495,124.69522,5.5887027,104.93147
127,2025-07-05 07:00:00+05:30,5.7176566,241.8215,7.0107627,240.80261
128,2025-07-05 08:00:00+05:30,3.4199998,180.0,4.143911,177.5105
129,2025-07-05 09:00:00+05:30,2.19718,214.9921,2.5959969,213.6901
130,2025-07-05 10:00:00+05:30,1.0495713,300.96368,1.1525624,308.65982
131,2025-07-05 11:00:00+05:30,0.17999999,270.0,0.17999999,270.0
132,2025-07-05 12:00:00+05:30,1.8532133,240.94548,2.0991426,239.0363
133,2025-07-05 13:00:00+05:30,0.6489992,326.3099,0.76367533,315.0001
134,2025-07-05 14:00:00+05:30,2.9024127,7.12493,3.462369,8.97255
135,2025-07-05 15:00:00+05:30,2.4482646,17.102825,2.97953,25.016869
136,2025-07-05 16:00:00+05:30,1.3708391,66.801384,1.9386592,68.19853
137,2025-07-05 17:00:00+05:30,6.6185193,67.61982,8.322932,68.428635
138,2025-07-05 18:00:00+05:30,2.5582807,140.71062,4.752136,142.69597
139,2025-07-05 19:00:00+05:30,6.5693827,189.46225,14.401124,198.20857
140,2025-07-05 20:00:00+05:30,2.8460495,145.30478,5.5216303,199.0257
141,2025-07-05 21:00:00+05:30,7.6388745,235.56094,13.493999,223.91916
142,2025-07-05 22:00:00+05:30,4.3349743,265.23645,11.792404,257.66092
143,2025-07-05 23:00:00+05:30,3.244996,273.17978,9.36,270.0
144,2025-07-06 00:00:00+05:30,6.623413,222.79738,12.979984,236.3099
145,2025-07-06 01:00:00+05:30,7.928177,219.47243,14.128566,225.5161
146,2025-07-06 02:00:00+05:30,5.983477,254.29129,12.9249525,257.125
147,2025-07-06 03:00:00+05:30,4.5322843,173.15732,8.709098,198.06056
148,2025-07-06 04:00:00+05:30,5.1826253,200.32323,9.0,216.86998
149,2025-07-06 05:00:00+05:30,5.4119864,176.186,13.040997,200.18588
150,2025-07-06 06:00:00+05:30,8.805294,229.14471,15.627897,237.22513
151,2025-07-06 07:00:00+05:30,4.7110505,186.58185,6.3639607,208.7397
152,2025-07-06 08:00:00+05:30,6.341009,214.59235,8.043805,220.46214
153,2025-07-06 09:00:00+05:30,8.197414,261.15826,10.316686,263.9911
154,2025-07-06 10:00:00+05:30,4.6938257,302.47116,5.8409934,303.6901
155,2025-07-06 11:00:00+05:30,1.8089776,354.2895,2.1674871,355.23645
156,2025-07-06 12:00:00+05:30,3.4576871,141.34016,4.2175345,140.19447
157,2025-07-06 13:00:00+05:30,4.510787,151.38963,5.4744864,152.59251
158,2025-07-06 14:00:00+05:30,6.391901,32.347424,7.0407386,32.471172
159,2025-07-06 15:00:00+05:30,7.748368,30.735416,9.354806,30.018288
160,2025-07-06 16:00:00+05:30,4.8366103,315.0001,6.1094027,315.0001
161,2025-07-06 17:00:00+05:30,1.5484185,234.46223,2.0523157,232.12495
162,2025-07-06 18:00:00+05:30,10.534229,106.88687,14.637663,106.42938
163,2025-07-06 19:00:00+05:30,11.103243,70.09616,16.670176,65.09525
164,2025-07-06 20:00:00+05:30,1.8792552,163.30067,4.6938252,94.39862
165,2025-07-06 21:00:00+05:30,8.311245,162.3498,14.230248,161.56496
166,2025-07-06 22:00:00+05:30,9.567131,131.18582,15.629971,151.07367
167,2025-07-06 23:00:00+05:30,8.626865,203.35558,15.553083,203.89517
168,2025-07-07 00:00:00+05:30,3.5864744,342.47433,6.601363,295.8663
169,2025-07-07 01:00:00+05:30,1.2727921,278.13,5.950899,273.46817
170,2025-07-07 02:00:00+05:30,14.192631,285.44638,22.714972,289.44012
171,2025-07-07 03:00:00+05:30,13.089354,58.495792,19.523983,55.13773
172,2025-07-07 04:00:00+05:30,5.8769383,27.349789,9.5196,15.350199
173,2025-07-07 05:00:00+05:30,11.578912,78.340744,18.11215,79.69521
174,2025-07-07 06:00:00+05:30,14.383114,44.493042,22.282953,46.636536
175,2025-07-07 07:00:00+05:30,12.996201,53.447433,18.9,53.13002
176,2025-07-07 08:00:00+05:30,8.049845,63.435013,11.028581,63.853214
177,2025-07-07 09:00:00+05:30,6.8423676,116.56499,8.699793,114.44395
178,2025-07-07 10:00:00+05:30,7.9077177,131.30852,9.82114,131.2846
179,2025-07-07 11:00:00+05:30,7.5685663,154.65387,9.340941,154.91644
180,2025-07-07 12:00:00+05:30,5.506941,191.30989,6.7205353,187.69595
181,2025-07-07 13:00:00+05:30,5.692099,235.30478,6.696387,233.74606
182,2025-07-07 14:00:00+05:30,6.4323244,252.07199,7.7983837,251.14674
183,2025-07-07 15:00:00+05:30,6.519877,276.3401,8.171683,277.59454
184,2025-07-07 16:00:00+05:30,7.388775,267.20737,9.179999,270.0
185,2025-07-07 17:00:00+05:30,7.748368,267.33704,10.086427,267.95465
186,2025-07-07 18:00:00+05:30,5.7204895,294.14554,10.234705,304.24908
187,2025-07-07 19:00:00+05:30,5.6492476,247.52052,9.914717,266.87793
188,2025-07-07 20:00:00+05:30,7.889258,235.22209,14.974658,244.35904
189,2025-07-07 21:00:00+05:30,8.027677,250.34608,17.431213,253.81071
190,2025-07-07 22:00:00+05:30,5.8104043,286.18927,14.193772,282.44998
191,2025-07-07 23:00:00+05:30,4.278551,292.24908,11.51578,294.96277
192,2025-07-08 00:00:00+05:30,3.8183763,315.0001,9.957108,310.60123
193,2025-07-08 01:00:00+05:30,4.1046314,344.7448,9.659814,333.43503
194,2025-07-08 02:00:00+05:30,5.0688457,353.88458,11.226575,347.96942
195,2025-07-08 03:00:00+05:30,2.5772078,77.90526,6.945761,31.218353
196,2025-07-08 04:00:00+05:30,3.189608,163.61038,5.4744864,133.66785
197,2025-07-08 05:00:00+05:30,2.6999998,306.86996,3.693291,313.0251
198,2025-07-08 06:00:00+05:30,3.4763772,201.25058,2.9522195,232.43134
199,2025-07-08 07:00:00+05:30,5.020677,255.4655,7.5599995,270.0
200,2025-07-08 08:00:00+05:30,4.7110505,263.41815,5.771239,266.42374
201,2025-07-08 09:00:00+05:30,3.244996,289.44012,3.9477081,294.22772
202,2025-07-08 10:00:00+05:30,6.391901,302.3474,8.037761,304.046
203,2025-07-08 11:00:00+05:30,6.8989563,285.12405,8.654986,286.92758
204,2025-07-08 12:00:00+05:30,7.555712,282.38074,9.299225,284.57425
205,2025-07-08 13:00:00+05:30,7.0015144,287.96924,8.827344,290.28265
206,2025-07-08 14:00:00+05:30,9.693296,291.80148,12.43434,292.1095
207,2025-07-08 15:00:00+05:30,12.647482,294.37646,16.284779,293.4481
208,2025-07-08 16:00:00+05:30,7.6409945,316.90915,9.801326,314.256
209,2025-07-08 17:00:00+05:30,5.0911684,315.0001,6.3690495,312.70938
210,2025-07-08 18:00:00+05:30,6.162207,6.70975,10.853866,5.7105074
211,2025-07-08 19:00:00+05:30,1.2979984,326.3099,3.550155,329.53452
212,2025-07-08 20:00:00+05:30,3.9477081,245.77226,9.473541,255.69969
213,2025-07-08 21:00:00+05:30,8.55142,210.34317,13.619472,225.53539
214,2025-07-08 22:00:00+05:30,16.423458,223.66785,26.85863,225.81448
215,2025-07-08 23:00:00+05:30,12.074766,259.69522,22.482714,263.10266
216,2025-07-09 00:00:00+05:30,8.383054,255.06853,17.163355,260.34018
217,2025-07-09 01:00:00+05:30,4.5,286.26028,12.620554,273.27042
218,2025-07-09 02:00:00+05:30,4.278551,292.24908,12.496719,281.6336
219,2025-07-09 03:00:00+05:30,4.3349743,274.76355,12.605142,271.63654
220,2025-07-09 04:00:00+05:30,2.7238941,187.59456,8.587338,236.97612
221,2025-07-09 05:00:00+05:30,7.42159,140.90616,11.334284,169.93938
222,2025-07-09 06:00:00+05:30,10.070353,294.2744,18.417263,291.80148
223,2025-07-09 07:00:00+05:30,7.1389914,326.3099,10.134495,326.59216
224,2025-07-09 08:00:00+05:30,9.5196,254.64981,12.144331,258.0239
225,2025-07-09 09:00:00+05:30,10.464798,266.0549,13.1412325,269.21518
226,2025-07-09 10:00:00+05:30,11.734564,265.60138,14.949756,267.93002
227,2025-07-09 11:00:00+05:30,12.849528,281.3099,16.459913,283.2764
228,2025-07-09 12:00:00+05:30,12.367716,291.3369,16.048288,293.11423
229,2025-07-09 13:00:00+05:30,12.730468,303.4654,16.276815,302.81137
230,2025-07-09 14:00:00+05:30,16.309628,317.68384,21.010712,316.73566
231,2025-07-09 15:00:00+05:30,10.081606,1.0230169,13.1412325,0.7848072
232,2025-07-09 16:00:00+05:30,8.891343,31.75944,11.207801,29.858927
233,2025-07-09 17:00:00+05:30,2.7475805,58.392544,3.550155,59.53454
234,2025-07-09 18:00:00+05:30,5.4149795,195.42223,7.9383874,183.90042
235,2025-07-09 19:00:00+05:30,5.414979,201.4478,9.9571085,192.5288
236,2025-07-09 20:00:00+05:30,5.9834766,186.91113,11.543881,190.78426
237,2025-07-09 21:00:00+05:30,7.4932766,155.89777,13.100489,167.30042
238,2025-07-09 22:00:00+05:30,6.341009,145.40765,11.534054,157.0362
239,2025-07-09 23:00:00+05:30,5.3999996,143.13002,9.83268,156.2505
240,2025-07-10 00:00:00+05:30,4.542994,146.3099,8.155807,157.96371
241,2025-07-10 01:00:00+05:30,5.0688457,173.8846,9.0,180.0
242,2025-07-10 02:00:00+05:30,2.3469126,184.39862,7.458606,199.74693
243,2025-07-10 03:00:00+05:30,6.502461,228.36655,12.652604,230.19447
244,2025-07-10 04:00:00+05:30,7.406295,244.05775,15.215058,244.04129
245,2025-07-10 05:00:00+05:30,4.3832865,250.82089,11.793777,254.05453
246,2025-07-10 06:00:00+05:30,7.120815,290.72565,13.479583,304.1145
247,2025-07-10 07:00:00+05:30,3.7842832,272.72626,8.604301,307.34943
248,2025-07-10 08:00:00+05:30,1.2074767,26.564985,2.5455842,8.130019
249,2025-07-10 09:00:00+05:30,1.9469976,33.6901,2.4482648,36.027473
250,2025-07-10 10:00:00+05:30,4.3498964,155.55606,5.2323985,153.43501
251,2025-07-10 11:00:00+05:30,9.614426,141.84273,12.383424,147.46495
252,2025-07-10 12:00:00+05:30,4.669604,152.44728,5.7204895,155.85446
253,2025-07-10 13:00:00+05:30,6.5223618,207.97939,8.37532,208.21725
254,2025-07-10 14:00:00+05:30,8.604301,232.65057,10.799999,233.13002
255,2025-07-10 15:00:00+05:30,6.037383,243.43501,7.4932766,245.89777
256,2025-07-10 16:00:00+05:30,5.0975285,227.86247,6.4096174,231.84273
257,2025-07-10 17:00:00+05:30,4.0449967,212.27562,5.2323985,220.81499
258,2025-07-10 18:00:00+05:30,5.7176566,331.8215,8.037761,325.954
259,2025-07-10 19:00:00+05:30,1.2979984,326.3099,3.3481934,306.25394
260,2025-07-10 20:00:00+05:30,1.4512063,7.12493,3.9477081,316.8476
261,2025-07-10 21:00:00+05:30,4.060985,12.804273,7.5599995,360.0
262,2025-07-10 22:00:00+05:30,4.8466477,15.068549,9.56713,11.94416
263,2025-07-10 23:00:00+05:30,4.175069,7.4313188,9.114471,9.090207
264,2025-07-11 00:00:00+05:30,4.2021422,350.13425,9.5416975,1.0809096
265,2025-07-11 01:00:00+05:30,3.189608,16.389616,8.513448,13.448633
266,2025-07-11 02:00:00+05:30,3.9312592,164.05453,4.724786,130.36446
267,2025-07-11 03:00:00+05:30,1.9386592,201.80147,2.7416782,156.80138
268,2025-07-11 04:00:00+05:30,2.226477,194.03627,3.0811036,173.29025
269,2025-07-11 05:00:00+05:30,2.8116899,219.80553,6.6624317,218.41809
270,2025-07-11 06:00:00+05:30,7.458606,250.25307,10.783487,255.49979
271,2025-07-11 07:00:00+05:30,1.5273507,224.9999,1.9386592,248.19853
272,2025-07-11 08:00:00+05:30,3.4152596,288.43503,4.1125174,293.1986
273,2025-07-11 09:00:00+05:30,3.362677,254.47583,4.175069,262.5687
274,2025-07-11 10:00:00+05:30,2.6758924,250.34608,3.362677,254.47583
275,2025-07-11 11:00:00+05:30,3.4247334,273.01273,4.3349743,274.76355
276,2025-07-11 12:00:00+05:30,3.8773184,291.80148,4.6800003,292.6199
277,2025-07-11 13:00:00+05:30,4.0449963,290.85452,5.0816135,292.93213
278,2025-07-11 14:00:00+05:30,5.0432134,272.04535,6.162207,276.70975
279,2025-07-11 15:00:00+05:30,3.244996,273.17978,3.9763298,275.19434
280,2025-07-11 16:00:00+05:30,3.693291,316.9749,4.7110505,313.4519
281,2025-07-11 17:00:00+05:30,2.4216523,221.98714,3.1845248,227.29063
282,2025-07-11 18:00:00+05:30,0.5091169,315.0001,1.0948973,260.53775
283,2025-07-11 19:00:00+05:30,2.7059932,86.186005,4.175069,97.43131
284,2025-07-11 20:00:00+05:30,5.072041,117.47435,7.889258,124.77791
285,2025-07-11 21:00:00+05:30,3.6447225,147.09476,6.830519,161.56496
286,2025-07-11 22:00:00+05:30,4.863332,128.991,7.729527,152.24155
287,2025-07-11 23:00:00+05:30,3.1845248,137.29063,5.8104043,163.81073
288,2025-07-12 00:00:00+05:30,0.25455844,44.999897,2.3400002,202.6199
289,2025-07-12 01:00:00+05:30,0.9178235,11.3098955,2.0124612,296.56497
290,2025-07-12 02:00:00+05:30,1.3104197,74.054535,0.9,143.13002
291,2025-07-12 03:00:00+05:30,1.08,90.0,1.9386592,158.19853
292,2025-07-12 04:00:00+05:30,0.17999999,360.0,1.4512063,209.7448
293,2025-07-12 05:00:00+05:30,2.5455842,278.13,5.3999996,270.0
294,2025-07-12 06:00:00+05:30,6.9480934,343.44284,13.75558,353.9911
295,2025-07-12 07:00:00+05:30,2.8856194,356.42374,7.5170207,16.699326
296,2025-07-12 08:00:00+05:30,4.2481523,53.61555,5.904439,52.431335
297,2025-07-12 09:00:00+05:30,6.050785,67.24899,7.6579366,66.44773
298,2025-07-12 10:00:00+05:30,7.342588,78.6901,9.039514,77.34745
299,2025-07-12 11:00:00+05:30,6.2999997,90.0,7.7420926,88.667816
300,2025-07-12 12:00:00+05:30,10.299397,95.01302,12.825552,94.83033
301,2025-07-12 13:00:00+05:30,1.659518,192.5288,2.2553935,151.38963
302,2025-07-12 14:00:00+05:30,0.8049845,243.43501,0.9693296,201.80147
303,2025-07-12 15:00:00+05:30,4.7521367,294.62354,5.692099,304.69522
304,2025-07-12 16:00:00+05:30,6.1569467,285.25516,7.3997297,288.43503
305,2025-07-12 17:00:00+05:30,5.426933,5.7105074,7.2202215,4.289077
306,2025-07-12 18:00:00+05:30,5.3457265,315.0001,7.491114,324.78232
307,2025-07-12 19:00:00+05:30,3.0547013,315.0001,7.388775,325.92276
308,2025-07-12 20:00:00+05:30,2.9024127,352.87506,7.928178,2.6025116
309,2025-07-12 21:00:00+05:30,4.3832865,109.17911,7.040739,85.60138
310,2025-07-12 22:00:00+05:30,6.698806,83.829926,11.701385,89.11862
311,2025-07-12 23:00:00+05:30,3.4247334,93.012726,8.759178,80.53775
312,2025-07-13 00:00:00+05:30,4.379589,80.53775,11.351422,75.302635
313,2025-07-13 01:00:00+05:30,5.072041,62.525658,12.81165,65.95578
314,2025-07-13 02:00:00+05:30,7.7043357,52.594578,16.42839,57.528828
315,2025-07-13 03:00:00+05:30,7.327127,62.17599,14.813683,62.500946
316,2025-07-13 04:00:00+05:30,7.8625183,74.054535,15.745627,79.46087
317,2025-07-13 05:00:00+05:30,13.581354,55.256752,23.372984,57.901115
318,2025-07-13 06:00:00+05:30,14.773164,46.97493,23.842358,48.366554
319,2025-07-13 07:00:00+05:30,11.196232,53.49847,18.030575,58.055286
320,2025-07-13 08:00:00+05:30,11.609651,60.255207,16.09969,63.435013
321,2025-07-13 09:00:00+05:30,15.312701,72.203926,20.155178,72.859566
322,2025-07-13 10:00:00+05:30,15.328561,80.53775,20.093191,80.20022
323,2025-07-13 11:00:00+05:30,14.618837,80.07382,18.968447,80.71652
324,2025-07-13 12:00:00+05:30,14.474059,79.249084,18.921415,78.47631
325,2025-07-13 13:00:00+05:30,13.576582,83.911575,18.175545,82.03049
326,2025-07-13 14:00:00+05:30,17.615187,78.80493,23.023119,80.09588
327,2025-07-13 15:00:00+05:30,11.726277,72.12121,15.655861,72.60659
328,2025-07-13 16:00:00+05:30,10.874742,61.313953,14.251863,62.14045
329,2025-07-13 17:00:00+05:30,10.548061,53.325558,14.041154,53.86454
330,2025-07-13 18:00:00+05:30,8.320986,38.853382,15.2501545,59.50025
331,2025-07-13 19:00:00+05:30,9.0018,11.5345955,15.651722,30.398647
332,2025-07-13 20:00:00+05:30,9.5196,15.350199,18.152353,30.379045
333,2025-07-13 21:00:00+05:30,13.519186,93.052826,23.406229,88.678055
334,2025-07-13 22:00:00+05:30,14.372974,67.93205,23.861374,73.34208
335,2025-07-13 23:00:00+05:30,20.1865,81.79774,33.47516,84.13622
336,2025-07-14 00:00:00+05:30,16.65754,83.796646,28.835976,87.13766
337,2025-07-14 01:00:00+05:30,14.471821,84.2895,25.385744,88.78116
338,2025-07-14 02:00:00+05:30,12.0720825,92.56372,21.36851,96.286804
339,2025-07-14 03:00:00+05:30,14.04,90.0,24.35394,93.814
340,2025-07-14 04:00:00+05:30,13.88919,86.28479,24.300665,90.42439
341,2025-07-14 05:00:00+05:30,11.35285,92.72626,21.281145,98.26709
342,2025-07-14 06:00:00+05:30,18.486622,96.70974,29.124979,100.68486
343,2025-07-14 07:00:00+05:30,21.993172,100.85006,31.491255,100.53913
344,2025-07-14 08:00:00+05:30,25.812904,105.78082,36.172832,106.18044
345,2025-07-14 09:00:00+05:30,29.359869,120.1805,40.969284,120.05704
346,2025-07-14 10:00:00+05:30,28.259998,122.779076,39.594273,122.75087
347,2025-07-14 11:00:00+05:30,26.538252,128.11362,36.658184,128.22047
348,2025-07-14 12:00:00+05:30,25.113708,124.487434,34.567497,125.6765
349,2025-07-14 13:00:00+05:30,24.628447,125.781166,33.230354,126.187195
350,2025-07-14 14:00:00+05:30,24.15289,140.13982,32.611805,140.59937
351,2025-07-14 15:00:00+05:30,15.4642935,129.80553,21.928995,131.6725
352,2025-07-14 16:00:00+05:30,12.659004,119.84584,17.287498,121.372955
353,2025-07-14 17:00:00+05:30,14.133152,133.4519,20.111729,135.72514
354,2025-07-14 18:00:00+05:30,17.288435,128.65984,27.497026,133.93918
355,2025-07-14 19:00:00+05:30,15.021105,134.02907,25.344229,137.0146
356,2025-07-14 20:00:00+05:30,15.697197,139.18501,26.032879,142.02072
357,2025-07-14 21:00:00+05:30,14.77755,124.07724,25.654263,130.73203
358,2025-07-14 22:00:00+05:30,15.292585,132.13753,26.748024,137.18166
359,2025-07-14 23:00:00+05:30,14.664202,131.51663,25.730556,137.26797
360,2025-07-15 00:00:00+05:30,14.156058,131.39143,25.221848,137.31375
361,2025-07-15 01:00:00+05:30,12.606426,133.26433,23.199759,138.14505
362,2025-07-15 02:00:00+05:30,10.948973,136.33215,20.98911,143.71965
363,2025-07-15 03:00:00+05:30,10.656547,127.45065,20.051224,139.73352
364,2025-07-15 04:00:00+05:30,9.957108,130.60121,18.834743,141.59671
365,2025-07-15 05:00:00+05:30,8.92408,138.27058,17.414474,150.2552
366,2025-07-15 06:00:00+05:30,11.599879,138.14505,19.440832,143.6605
367,2025-07-15 07:00:00+05:30,12.55879,152.70052,17.870834,153.6931
368,2025-07-15 08:00:00+05:30,13.277364,164.26793,17.811815,165.96373
369,2025-07-15 09:00:00+05:30,12.98248,163.0724,16.913296,163.30067
370,2025-07-15 10:00:00+05:30,12.931218,163.83543,16.59225,164.90837
371,2025-07-15 11:00:00+05:30,13.32,161.07526,17.076298,161.56496
372,2025-07-15 12:00:00+05:30,13.450708,164.47583,17.160524,164.79753
373,2025-07-15 13:00:00+05:30,13.169556,158.34395,16.748707,159.22766
374,2025-07-15 14:00:00+05:30,12.638512,169.33026,16.309628,169.18617
375,2025-07-15 15:00:00+05:30,8.707238,172.87508,11.230904,173.5585
376,2025-07-15 16:00:00+05:30,12.78,180.0,17.280937,180.5968
377,2025-07-15 17:00:00+05:30,6.7205353,200.37651,8.827343,196.58742
378,2025-07-15 18:00:00+05:30,6.6818557,184.63538,9.422101,186.58185
379,2025-07-15 19:00:00+05:30,4.1556225,184.96965,9.779817,186.3401
380,2025-07-15 20:00:00+05:30,3.9477081,155.77226,10.03167,170.70677
381,2025-07-15 21:00:00+05:30,5.495161,148.39255,12.638512,162.59721
382,2025-07-15 22:00:00+05:30,5.8048253,150.2552,13.672893,163.95093
383,2025-07-15 23:00:00+05:30,5.983477,133.7812,13.552696,149.68887
384,2025-07-16 00:00:00+05:30,6.193674,125.537766,14.291592,139.08571
385,2025-07-16 01:00:00+05:30,5.369916,140.44037,13.529966,146.94417
386,2025-07-16 02:00:00+05:30,6.4924874,133.87679,14.926983,146.3099
387,2025-07-16 03:00:00+05:30,6.792466,122.00535,14.51876,137.00955
388,2025-07-16 04:00:00+05:30,9.346143,105.64231,17.183167,112.80457
389,2025-07-16 05:00:00+05:30,3.96,90.0,10.399576,113.459045
390,2025-07-16 06:00:00+05:30,9.82279,103.781624,19.523983,124.86227
391,2025-07-16 07:00:00+05:30,8.55142,130.73203,13.493999,133.91916
392,2025-07-16 08:00:00+05:30,9.3962755,159.82927,12.703715,159.25385
393,2025-07-16 09:00:00+05:30,7.9383874,176.09958,10.105681,175.91446
394,2025-07-16 10:00:00+05:30,9.144637,169.79608,11.334284,169.93938
395,2025-07-16 11:00:00+05:30,9.746631,175.76369,12.093534,175.7322
396,2025-07-16 12:00:00+05:30,10.172787,193.29858,12.710091,192.26476
397,2025-07-16 13:00:00+05:30,10.9859,198.13817,13.723745,196.7713
398,2025-07-16 14:00:00+05:30,7.16617,205.27768,9.418661,206.0753
399,2025-07-16 15:00:00+05:30,1.4512063,60.255207,1.2727921,81.86999
400,2025-07-16 16:00:00+05:30,3.964089,92.60251,4.6277857,103.49575
401,2025-07-16 17:00:00+05:30,9.028754,85.42616,11.885453,88.264336
402,2025-07-16 18:00:00+05:30,6.6405115,212.82854,9.939196,215.41714
403,2025-07-16 19:00:00+05:30,5.2478566,210.96368,10.783486,213.42484
404,2025-07-16 20:00:00+05:30,3.604497,177.13765,9.96524,196.79845
405,2025-07-16 21:00:00+05:30,2.9301877,137.4896,7.4346757,173.04713
406,2025-07-16 22:00:00+05:30,3.9640884,129.47243,8.643749,148.62704
407,2025-07-16 23:00:00+05:30,5.3517847,132.27362,12.37819,139.12769
408,2025-07-17 00:00:00+05:30,3.9477081,133.1524,10.957846,137.66306
409,2025-07-17 01:00:00+05:30,4.5891175,101.3099,11.605464,113.782036
410,2025-07-17 02:00:00+05:30,9.54,121.890755,19.48079,121.78087
411,2025-07-17 03:00:00+05:30,13.493999,133.91916,23.424908,133.75471
412,2025-07-17 04:00:00+05:30,9.801326,134.25603,18.102308,131.77539
413,2025-07-17 05:00:00+05:30,5.3699164,193.57045,11.5199995,180.0
414,2025-07-17 06:00:00+05:30,9.3669195,87.79745,15.664136,88.68312
415,2025-07-17 07:00:00+05:30,7.519175,78.95911,10.387107,81.02746
416,2025-07-17 08:00:00+05:30,8.36758,71.1752,11.620809,73.81073
417,2025-07-17 09:00:00+05:30,14.238215,87.10149,18.930832,86.729576
418,2025-07-17 10:00:00+05:30,13.5012,90.763885,17.82091,90.57872
419,2025-07-17 11:00:00+05:30,12.991212,93.97242,16.954432,93.65215
420,2025-07-17 12:00:00+05:30,10.699028,77.366646,13.523978,80.03627
421,2025-07-17 13:00:00+05:30,9.252069,52.907085,11.592894,53.84173
422,2025-07-17 14:00:00+05:30,8.856658,37.568665,11.246759,39.805527
423,2025-07-17 15:00:00+05:30,9.511088,29.475794,12.257194,29.953526
424,2025-07-17 16:00:00+05:30,13.363711,27.255245,17.790886,27.083479
425,2025-07-17 17:00:00+05:30,12.931218,38.784386,17.288435,38.65983
426,2025-07-17 18:00:00+05:30,9.676569,18.435053,14.734735,25.312849
427,2025-07-17 19:00:00+05:30,12.71901,26.9276,22.166325,34.07725
428,2025-07-17 20:00:00+05:30,13.281023,32.82854,23.080746,38.031796
429,2025-07-17 21:00:00+05:30,12.081473,28.474106,21.280384,35.706783
430,2025-07-17 22:00:00+05:30,11.631956,21.801476,21.392754,30.88101
431,2025-07-17 23:00:00+05:30,12.580699,19.212767,22.539564,26.564985
432,2025-07-18 00:00:00+05:30,15.192682,36.326923,25.928123,40.212933
433,2025-07-18 01:00:00+05:30,17.0763,34.69522,28.561071,38.60344
434,2025-07-18 02:00:00+05:30,18.033268,27.332275,29.728352,31.380173
435,2025-07-18 03:00:00+05:30,20.499462,20.026186,32.928684,25.5845
436,2025-07-18 04:00:00+05:30,23.046326,23.962492,36.074173,27.9715
437,2025-07-18 05:00:00+05:30,24.921389,35.297234,39.440132,38.70066
438,2025-07-18 06:00:00+05:30,28.917883,61.36118,45.241272,63.027237
439,2025-07-18 07:00:00+05:30,29.229916,64.855255,44.886456,66.1075
440,2025-07-18 08:00:00+05:30,29.39296,65.00433,43.410236,65.24148
441,2025-07-18 09:00:00+05:30,30.75262,84.2895,45.76179,84.35678
442,2025-07-18 10:00:00+05:30,32.94787,91.25214,46.621387,90.44242
443,2025-07-18 11:00:00+05:30,34.316326,97.53497,47.75736,97.580284
444,2025-07-18 12:00:00+05:30,32.79015,104.95173,44.851795,105.59803
445,2025-07-18 13:00:00+05:30,32.62422,114.44395,46.71685,114.5901
446,2025-07-18 14:00:00+05:30,30.962091,113.28609,44.2939,112.70946
447,2025-07-18 15:00:00+05:30,32.262207,120.141304,46.26105,119.357666
448,2025-07-18 16:00:00+05:30,26.239285,132.77602,37.688404,133.45189
449,2025-07-18 17:00:00+05:30,22.517992,140.8395,32.159607,141.59058
450,2025-07-18 18:00:00+05:30,26.255947,141.4015,40.08669,141.38036
451,2025-07-18 19:00:00+05:30,24.75638,139.12769,39.02016,140.80359
452,2025-07-18 20:00:00+05:30,20.031822,130.99211,32.587456,134.10492
453,2025-07-18 21:00:00+05:30,20.196127,126.665726,33.118534,129.48657
454,2025-07-18 22:00:00+05:30,20.237797,135.3603,33.140537,138.08226
455,2025-07-18 23:00:00+05:30,18.686218,144.0131,30.704643,146.96205
456,2025-07-19 00:00:00+05:30,17.430283,144.66858,28.986708,148.9753
457,2025-07-19 01:00:00+05:30,15.825675,146.12915,26.859232,149.82657
458,2025-07-19 02:00:00+05:30,12.566526,141.981,22.134146,148.63675
459,2025-07-19 03:00:00+05:30,11.226575,131.09941,20.421871,139.28925
460,2025-07-19 04:00:00+05:30,12.172312,128.3952,21.510565,135.339
461,2025-07-19 05:00:00+05:30,12.678185,128.65984,22.146584,135.0001
462,2025-07-19 06:00:00+05:30,10.9859,145.0079,18.519018,154.68036
463,2025-07-19 07:00:00+05:30,11.7,157.3801,16.285772,159.9627
464,2025-07-19 08:00:00+05:30,12.601285,179.18156,16.743872,181.23195
465,2025-07-19 09:00:00+05:30,13.379461,185.4037,17.194475,186.00891
466,2025-07-19 10:00:00+05:30,13.797912,187.49576,17.794527,187.55624
467,2025-07-19 11:00:00+05:30,14.292725,185.7823,18.665401,186.64519
468,2025-07-19 12:00:00+05:30,15.367616,193.54796,20.256996,194.40672
469,2025-07-19 13:00:00+05:30,14.941083,201.92964,19.620827,202.09428
470,2025-07-19 14:00:00+05:30,14.897651,205.01686,19.813087,204.70241
471,2025-07-19 15:00:00+05:30,13.032298,212.59258,17.477621,212.38066
472,2025-07-19 16:00:00+05:30,11.792404,211.26367,16.237955,211.3994
473,2025-07-19 17:00:00+05:30,8.936778,207.5972,13.70839,209.93143
474,2025-07-19 18:00:00+05:30,3.4623692,207.89717,9.220499,218.65984
475,2025-07-19 19:00:00+05:30,3.3043609,209.35765,9.5535755,222.70937
476,2025-07-19 20:00:00+05:30,5.22,223.60289,12.791403,230.71062
477,2025-07-19 21:00:00+05:30,4.752136,217.30403,12.124306,220.78572
478,2025-07-19 22:00:00+05:30,5.2478566,202.1664,13.3649235,205.52965
479,2025-07-19 23:00:00+05:30,6.0347,197.35411,16.180988,207.13506
480,2025-07-20 00:00:00+05:30,6.6405115,212.82854,17.429354,218.2902
481,2025-07-20 01:00:00+05:30,5.728979,223.72705,15.668273,227.32785
482,2025-07-20 02:00:00+05:30,4.978554,229.39879,14.041154,233.86453
483,2025-07-20 03:00:00+05:30,4.5,233.13002,12.503199,239.74365
484,2025-07-20 04:00:00+05:30,4.445672,248.6293,11.953409,251.56496
485,2025-07-20 05:00:00+05:30,4.5891175,258.6901,12.452566,265.85544
486,2025-07-20 06:00:00+05:30,7.1684303,241.50446,13.229694,255.01831
487,2025-07-20 07:00:00+05:30,7.1684303,241.50446,13.948548,250.39581
488,2025-07-20 08:00:00+05:30,10.094454,248.00882,13.504799,248.9076
489,2025-07-20 09:00:00+05:30,10.472536,245.63756,13.543131,246.50142
490,2025-07-20 10:00:00+05:30,10.158444,240.25522,12.815443,240.55466
491,2025-07-20 11:00:00+05:30,9.54,238.10924,12.039833,238.44865
492,2025-07-20 12:00:00+05:30,10.04458,233.74606,12.638512,234.2725
493,2025-07-20 13:00:00+05:30,10.404249,232.73352,13.248049,233.2857
494,2025-07-20 14:00:00+05:30,11.091564,228.28934,14.156058,228.60857
495,2025-07-20 15:00:00+05:30,9.418662,224.9999,12.0921955,225.60301
496,2025-07-20 16:00:00+05:30,6.6087217,209.35765,9.387651,212.47118
497,2025-07-20 17:00:00+05:30,4.1556225,162.3498,6.2999997,180.0
498,2025-07-20 18:00:00+05:30,4.327493,196.9276,10.966713,203.19862
499,2025-07-20 19:00:00+05:30,5.0688457,173.8846,11.633348,188.00464
500,2025-07-20 20:00:00+05:30,5.5450516,166.86597,13.698934,183.01273
501,2025-07-20 21:00:00+05:30,4.2021422,170.13426,11.132385,194.03627
502,2025-07-20 22:00:00+05:30,4.5572357,170.9098,10.837435,191.49654
503,2025-07-20 23:00:00+05:30,4.5891175,168.69011,10.387107,188.97255
504,2025-07-21 00:00:00+05:30,4.1046314,195.25517,10.365251,200.32323
505,2025-07-21 01:00:00+05:30,2.5772076,204.77512,8.863972,203.9625
506,2025-07-21 02:00:00+05:30,0.5091169,44.999897,2.4149535,206.56499
507,2025-07-21 03:00:00+05:30,3.244996,109.440125,7.16617,154.72232
508,2025-07-21 04:00:00+05:30,4.3349743,138.36655,10.783487,165.4998
509,2025-07-21 05:00:00+05:30,4.175069,172.56868,12.093534,184.2678
510,2025-07-21 06:00:00+05:30,8.65873,110.69553,12.431733,124.3804
511,2025-07-21 07:00:00+05:30,6.1569467,105.25517,13.049689,114.44395
512,2025-07-21 08:00:00+05:30,3.9966488,97.76508,5.983477,105.7087
513,2025-07-21 09:00:00+05:30,3.964089,92.60251,4.8733153,94.23632
514,2025-07-21 10:00:00+05:30,3.96,90.0,4.6834598,87.79745
515,2025-07-21 11:00:00+05:30,3.4152596,108.43504,3.9844694,108.43504
516,2025-07-21 12:00:00+05:30,2.97953,64.98315,3.4152596,71.564964
517,2025-07-21 13:00:00+05:30,1.0948973,350.53775,1.2727921,351.87
518,2025-07-21 14:00:00+05:30,2.4014995,347.00537,2.7943513,345.06854
519,2025-07-21 15:00:00+05:30,3.462369,8.97255,3.9763298,5.19435
520,2025-07-21 16:00:00+05:30,5.068846,16.504446,6.0721655,11.976112
521,2025-07-21 17:00:00+05:30,6.452441,30.1413,7.8954163,24.227736
522,2025-07-21 18:00:00+05:30,4.3274937,44.999897,7.127636,44.999897
523,2025-07-21 19:00:00+05:30,1.8,126.86999,4.323748,92.385895
524,2025-07-21 20:00:00+05:30,1.3708391,156.80138,3.7064266,119.05451
525,2025-07-21 21:00:00+05:30,2.9301877,169.3804,5.6521144,142.76509
526,2025-07-21 22:00:00+05:30,4.060985,167.19574,8.373386,154.5367
527,2025-07-21 23:00:00+05:30,3.5455887,156.0375,8.863972,150.83249
528,2025-07-22 00:00:00+05:30,1.609969,153.43501,6.76618,151.38963
529,2025-07-22 01:00:00+05:30,0.54,180.0,4.7521367,155.37645
530,2025-07-22 02:00:00+05:30,0.25455844,315.0001,3.362677,164.47583
531,2025-07-22 03:00:00+05:30,0.56920993,251.56496,4.3349743,184.76355
532,2025-07-22 04:00:00+05:30,1.2074767,206.56499,5.8298883,188.88058
533,2025-07-22 05:00:00+05:30,0.9178235,168.69011,5.5829024,178.15244
534,2025-07-22 06:00:00+05:30,7.1684303,61.504463,9.102021,65.46229
535,2025-07-22 07:00:00+05:30,5.5450516,103.13403,6.924738,98.97255
536,2025-07-22 08:00:00+05:30,0.9,53.13002,0.76367533,44.999897
537,2025-07-22 09:00:00+05:30,3.4388947,317.1211,4.2021427,316.73566
538,2025-07-22 10:00:00+05:30,4.613762,290.55612,5.6492476,292.47946
539,2025-07-22 11:00:00+05:30,5.0816135,292.93213,6.1226463,294.30453
540,2025-07-22 12:00:00+05:30,5.8769383,297.3498,7.327127,297.824
541,2025-07-22 13:00:00+05:30,5.9427266,305.13428,7.491114,305.21768
542,2025-07-22 14:00:00+05:30,6.696387,306.25394,8.39078,305.39487
543,2025-07-22 15:00:00+05:30,6.0347,287.3541,7.570707,288.00424
544,2025-07-22 16:00:00+05:30,7.689603,290.55612,9.627896,290.80685
545,2025-07-22 17:00:00+05:30,5.9834766,291.16132,7.8583965,290.0953
546,2025-07-22 18:00:00+05:30,3.7842832,295.34613,8.936778,304.33026
547,2025-07-22 19:00:00+05:30,1.835647,258.6901,6.689125,293.80594
548,2025-07-22 20:00:00+05:30,3.1845248,222.70937,6.698806,263.82993
549,2025-07-22 21:00:00+05:30,3.319036,220.60121,6.7205353,262.30405
550,2025-07-22 22:00:00+05:30,4.978554,220.60121,10.717182,240.85202
551,2025-07-22 23:00:00+05:30,4.846648,238.67136,12.325728,241.1893
552,2025-07-23 00:00:00+05:30,4.5322843,263.15732,11.616627,257.4712
553,2025-07-23 01:00:00+05:30,3.2599385,263.6599,9.028754,265.42615
554,2025-07-23 02:00:00+05:30,3.745557,234.78232,8.482947,252.71841
555,2025-07-23 03:00:00+05:30,3.9640884,230.52757,9.580668,244.39786
556,2025-07-23 04:00:00+05:30,3.4247334,266.98727,9.028754,265.42615
557,2025-07-23 05:00:00+05:30,2.5264204,265.91446,7.3821945,271.39716
558,2025-07-23 06:00:00+05:30,8.12197,257.19574,17.673029,266.49652
559,2025-07-23 07:00:00+05:30,6.8423676,268.49258,10.182337,278.13
560,2025-07-23 08:00:00+05:30,8.473393,282.26477,11.440978,282.72437
561,2025-07-23 09:00:00+05:30,10.8792095,321.04407,13.943901,320.76266
562,2025-07-23 10:00:00+05:30,7.653705,318.81415,10.120099,321.49933
563,2025-07-23 11:00:00+05:30,4.68,270.0,5.8298883,278.88058
564,2025-07-23 12:00:00+05:30,7.596341,306.3269,9.840914,309.8055
565,2025-07-23 13:00:00+05:30,13.202726,295.8663,16.59225,298.51114
566,2025-07-23 14:00:00+05:30,5.509882,321.63248,7.145796,319.0857
567,2025-07-23 15:00:00+05:30,6.601363,258.9965,8.613709,259.15973
568,2025-07-23 16:00:00+05:30,8.482947,252.71841,10.957847,255.73544
569,2025-07-23 17:00:00+05:30,8.936777,251.20001,11.897714,252.38733
570,2025-07-23 18:00:00+05:30,7.8087645,295.97433,13.690653,298.24963
571,2025-07-23 19:00:00+05:30,5.068846,286.50443,12.483748,298.41257
572,2025-07-23 20:00:00+05:30,5.5799994,270.0,12.9249525,282.875
573,2025-07-23 21:00:00+05:30,6.391901,279.7275,14.915039,287.56036
574,2025-07-23 22:00:00+05:30,4.952453,289.0936,11.995349,295.79596
575,2025-07-23 23:00:00+05:30,3.319036,282.5288,9.96524,286.79846
576,2025-07-24 00:00:00+05:30,4.0449963,249.14546,10.495713,264.09396
577,2025-07-24 01:00:00+05:30,4.952453,250.9064,12.461669,259.17703
578,2025-07-24 02:00:00+05:30,4.8899083,263.6599,12.6462,265.10098
579,2025-07-24 03:00:00+05:30,6.162207,263.29025,14.221139,269.27478
580,2025-07-24 04:00:00+05:30,8.854829,243.43501,17.816362,251.74802
581,2025-07-24 05:00:00+05:30,12.284916,259.01938,21.612743,262.34238
582,2025-07-24 06:00:00+05:30,7.1684303,231.1155,12.785069,271.6135
583,2025-07-24 07:00:00+05:30,10.478722,274.927,15.027575,276.1885
584,2025-07-24 08:00:00+05:30,8.61371,296.02954,12.011544,299.63828
585,2025-07-24 09:00:00+05:30,7.8149853,284.67642,10.3621235,287.176
586,2025-07-24 10:00:00+05:30,8.12197,282.80426,10.261579,285.25516
587,2025-07-24 11:00:00+05:30,9.676569,288.43503,12.410866,289.4862
588,2025-07-24 12:00:00+05:30,12.081473,294.65588,15.539537,295.37772
589,2025-07-24 13:00:00+05:30,13.130133,298.67307,16.923828,299.29126
590,2025-07-24 14:00:00+05:30,13.276144,310.60123,17.23964,310.34167
591,2025-07-24 15:00:00+05:30,13.783817,319.23648,18.11841,319.02835
592,2025-07-24 16:00:00+05:30,11.988594,311.3477,16.045261,313.1817
593,2025-07-24 17:00:00+05:30,9.437563,304.90256,14.87153,308.11832
594,2025-07-24 18:00:00+05:30,4.8965297,323.97253,12.348051,323.29706
595,2025-07-24 19:00:00+05:30,5.072041,297.47433,12.750811,311.56625
596,2025-07-24 20:00:00+05:30,5.2939587,287.81897,13.666967,310.192
597,2025-07-24 21:00:00+05:30,5.195113,284.03625,13.324863,308.4181
598,2025-07-24 22:00:00+05:30,4.5572357,260.9098,10.387107,297.8972
599,2025-07-24 23:00:00+05:30,6.601363,258.9965,14.357185,277.92685
600,2025-07-25 00:00:00+05:30,6.310277,273.27042,15.934829,283.72232
601,2025-07-25 01:00:00+05:30,8.049845,280.30478,18.22361,286.6451
602,2025-07-25 02:00:00+05:30,9.473541,284.30032,20.33044,290.1999
603,2025-07-25 03:00:00+05:30,8.604301,285.78082,18.818396,291.90323
604,2025-07-25 04:00:00+05:30,8.019601,279.0394,17.363237,289.37424
605,2025-07-25 05:00:00+05:30,9.5416975,271.0809,19.270092,278.05432
606,2025-07-25 06:00:00+05:30,10.8029995,280.56094,19.260841,285.7248
607,2025-07-25 07:00:00+05:30,9.734988,273.17978,20.093191,279.79977
608,2025-07-25 08:00:00+05:30,10.337079,277.00116,14.205182,278.74606
609,2025-07-25 09:00:00+05:30,11.39842,291.29742,15.009236,292.56705
610,2025-07-25 10:00:00+05:30,14.292725,306.29272,18.865683,307.6353
611,2025-07-25 11:00:00+05:30,14.637663,314.50186,19.219584,315.3794
612,2025-07-25 12:00:00+05:30,15.299999,323.13004,20.08916,323.74606
613,2025-07-25 13:00:00+05:30,15.683774,328.13406,20.778112,328.09988
614,2025-07-25 14:00:00+05:30,15.807239,329.9315,21.03229,330.8026
615,2025-07-25 15:00:00+05:30,15.2947035,333.43503,20.447239,333.88614
616,2025-07-25 16:00:00+05:30,13.451914,335.4926,18.29459,336.20923
617,2025-07-25 17:00:00+05:30,9.335737,340.86627,15.312701,342.20392
618,2025-07-25 18:00:00+05:30,5.994297,318.6523,14.527683,326.113
619,2025-07-25 19:00:00+05:30,4.2021422,350.13425,12.535549,338.9624
620,2025-07-25 20:00:00+05:30,18.927406,122.17863,29.55784,122.81908
621,2025-07-25 21:00:00+05:30,6.391901,80.2725,12.503199,83.386635
622,2025-07-25 22:00:00+05:30,5.426933,84.2895,12.69351,71.821884
623,2025-07-25 23:00:00+05:30,5.1481256,53.530666,14.266632,60.524208
624,2025-07-26 00:00:00+05:30,6.193674,54.46224,13.374618,61.020393
625,2025-07-26 01:00:00+05:30,6.3690495,47.290634,13.729647,55.684853
626,2025-07-26 02:00:00+05:30,7.6409945,46.90914,14.31198,50.102226
627,2025-07-26 03:00:00+05:30,5.5450516,54.246033,12.638513,63.79995
628,2025-07-26 04:00:00+05:30,4.6452556,35.537766,10.1902895,54.344578
629,2025-07-26 05:00:00+05:30,3.563818,44.999897,9.016185,63.946568
630,2025-07-26 06:00:00+05:30,8.461915,66.161255,10.934166,69.775055
631,2025-07-26 07:00:00+05:30,5.991594,57.264786,7.995323,58.81509
632,2025-07-26 08:00:00+05:30,3.6,36.86999,4.4565907,43.36347
633,2025-07-26 09:00:00+05:30,3.8268526,48.814175,4.752136,52.695976
634,2025-07-26 10:00:00+05:30,2.657668,28.30066,3.096837,35.537766
635,2025-07-26 11:00:00+05:30,4.1125174,66.80139,5.12289,71.564964
636,2025-07-26 12:00:00+05:30,3.4623692,62.10283,4.3498964,65.55606
637,2025-07-26 13:00:00+05:30,4.599695,59.420856,5.5916004,56.82148
638,2025-07-26 14:00:00+05:30,5.4149795,74.57778,6.5049515,75.57919
639,2025-07-26 15:00:00+05:30,14.944336,88.61968,21.066921,91.46877
640,2025-07-26 16:00:00+05:30,3.0758414,20.556128,4.471107,40.10085
641,2025-07-26 17:00:00+05:30,6.5693827,9.462261,8.777653,15.461285
642,2025-07-26 18:00:00+05:30,4.0449963,20.854538,9.0,16.26028
643,2025-07-26 19:00:00+05:30,3.3092597,22.380184,7.970972,25.407679
644,2025-07-26 20:00:00+05:30,4.86,360.0,10.837435,11.496537
645,2025-07-26 21:00:00+05:30,9.914717,356.87793,19.469976,3.179772
646,2025-07-26 22:00:00+05:30,9.215226,12.407412,18.820976,12.70712
647,2025-07-26 23:00:00+05:30,11.792404,31.263678,22.682856,35.960606
648,2025-07-27 00:00:00+05:30,15.784676,45.923954,28.227304,52.253136
649,2025-07-27 01:00:00+05:30,16.42839,57.528828,28.673721,61.504463
650,2025-07-27 02:00:00+05:30,16.104721,64.86709,28.412645,67.65931
651,2025-07-27 03:00:00+05:30,15.646544,66.97448,27.558228,70.1447
652,2025-07-27 04:00:00+05:30,15.676544,68.44286,27.60815,70.9743
653,2025-07-27 05:00:00+05:30,16.615667,67.04589,28.820242,69.52764
654,2025-07-27 06:00:00+05:30,14.292725,58.912556,23.586182,63.23948
655,2025-07-27 07:00:00+05:30,14.634343,58.069355,22.081385,60.718678
656,2025-07-27 08:00:00+05:30,15.787753,61.389645,22.378714,63.228935
657,2025-07-27 09:00:00+05:30,19.121557,75.83292,25.757616,76.255066
658,2025-07-27 10:00:00+05:30,20.01969,86.39161,26.700743,86.13462
659,2025-07-27 11:00:00+05:30,19.267569,91.60597,25.565702,91.21027
660,2025-07-27 12:00:00+05:30,17.134071,93.61381,22.535252,93.20515
661,2025-07-27 13:00:00+05:30,14.813682,94.87919,19.493261,94.23632
662,2025-07-27 14:00:00+05:30,13.878688,92.97367,18.022486,92.86235
663,2025-07-27 15:00:00+05:30,12.620554,86.729576,16.42839,85.60138
664,2025-07-27 16:00:00+05:30,12.825552,85.16967,16.966848,85.741234
665,2025-07-27 17:00:00+05:30,10.261579,105.25517,14.450537,103.69007
666,2025-07-27 18:00:00+05:30,8.149847,83.659904,15.763107,83.44315
667,2025-07-27 19:00:00+05:30,3.7971041,121.42952,10.483357,105.945465
668,2025-07-27 20:00:00+05:30,4.503598,87.70944,11.901798,93.46816
669,2025-07-27 21:00:00+05:30,8.490582,85.135574,17.654688,92.33726
670,2025-07-27 22:00:00+05:30,6.638072,77.4712,16.084589,84.863716
671,2025-07-27 23:00:00+05:30,6.603817,72.55273,15.986595,82.234924
672,2025-07-28 00:00:00+05:30,7.3997297,71.564964,16.733225,78.206604
673,2025-07-28 01:00:00+05:30,7.9465466,76.908104,17.259363,82.208015
674,2025-07-28 02:00:00+05:30,6.725354,74.47583,15.606114,82.71114
675,2025-07-28 03:00:00+05:30,4.599695,59.420856,12.144331,78.02389
676,2025-07-28 04:00:00+05:30,5.0432134,55.175446,12.295462,72.09546
677,2025-07-28 05:00:00+05:30,4.198285,59.03632,11.103243,73.033775
678,2025-07-28 06:00:00+05:30,5.854844,44.999897,11.837652,61.876366
679,2025-07-28 07:00:00+05:30,7.8480825,53.392834,10.883676,55.78425
680,2025-07-28 08:00:00+05:30,9.139322,57.875034,11.734564,57.528828
681,2025-07-28 09:00:00+05:30,9.504272,52.695976,11.952054,52.95745
682,2025-07-28 10:00:00+05:30,11.341428,54.039394,14.438198,54.130085
683,2025-07-28 11:00:00+05:30,11.782784,55.58158,15.12964,55.175446
684,2025-07-28 12:00:00+05:30,10.692969,53.901627,13.5,53.13002
685,2025-07-28 13:00:00+05:30,10.548061,53.325558,13.392774,53.74608
686,2025-07-28 14:00:00+05:30,9.144637,53.8067,11.341428,54.039394
687,2025-07-28 15:00:00+05:30,8.149847,46.789886,10.316686,47.12111
688,2025-07-28 16:00:00+05:30,8.714677,38.290207,11.019764,38.367523
689,2025-07-28 17:00:00+05:30,8.11798,86.186005,11.098865,81.60716
690,2025-07-28 18:00:00+05:30,8.32877,83.796646,12.979984,86.82024
691,2025-07-28 19:00:00+05:30,5.3426957,122.61923,10.934166,122.90524
692,2025-07-28 20:00:00+05:30,4.8466477,164.93146,9.299225,165.42575
693,2025-07-28 21:00:00+05:30,4.186693,205.4633,7.1389914,213.6901
694,2025-07-28 22:00:00+05:30,3.710795,104.03627,6.601363,101.003494
695,2025-07-28 23:00:00+05:30,0.17999999,360.0,3.9844694,108.43504
696,2025-07-29 00:00:00+05:30,1.8792552,73.300674,6.8138976,102.200455
697,2025-07-29 01:00:00+05:30,0.9693296,68.19853,6.0347,107.35411
698,2025-07-29 02:00:00+05:30,2.0124612,349.69522,3.9477081,46.8476
699,2025-07-29 03:00:00+05:30,2.8174455,26.564985,6.7757506,50.389355
700,2025-07-29 04:00:00+05:30,2.6208394,15.945477,7.0107627,48.122223
701,2025-07-29 05:00:00+05:30,0.17999999,270.0,1.5379207,69.44387
702,2025-07-29 06:00:00+05:30,2.6758924,222.27362,6.0908127,161.0295
703,2025-07-29 07:00:00+05:30,3.319036,102.5288,4.6730714,105.64231
704,2025-07-29 08:00:00+05:30,4.514377,156.50142,5.5567255,155.09526
705,2025-07-29 09:00:00+05:30,2.1749482,65.55606,2.5772076,65.22488
706,2025-07-29 10:00:00+05:30,4.913044,98.42689,6.0077944,98.61557
707,2025-07-29 11:00:00+05:30,5.0816135,112.93214,6.0908127,108.970505
708,2025-07-29 12:00:00+05:30,6.2067385,119.53869,7.10031,120.46546
709,2025-07-29 13:00:00+05:30,12.6462,94.89901,18.508516,97.26315
710,2025-07-29 14:00:00+05:30,6.162207,96.70974,7.814986,97.94338
711,2025-07-29 15:00:00+05:30,6.0077944,98.61557,7.555712,102.38075
712,2025-07-29 16:00:00+05:30,5.6492476,112.47948,7.16617,115.277695
713,2025-07-29 17:00:00+05:30,6.341009,124.592354,8.099999,126.86999
714,2025-07-29 18:00:00+05:30,1.4399999,90.0,2.1068459,109.98319
715,2025-07-29 19:00:00+05:30,3.5455887,113.962494,7.0107627,119.197395
716,2025-07-29 20:00:00+05:30,7.69592,100.784256,12.535549,111.03758
717,2025-07-29 21:00:00+05:30,5.991594,122.73522,11.207801,119.858925
718,2025-07-29 22:00:00+05:30,3.8856654,103.39252,10.534229,106.88687
719,2025-07-29 23:00:00+05:30,4.7110505,96.581856,11.525623,104.47034
720,2025-07-30 00:00:00+05:30,3.8141315,70.70986,9.726665,87.87895
721,2025-07-30 01:00:00+05:30,6.5520988,69.075424,11.832176,76.80939
722,2025-07-30 02:00:00+05:30,7.3469996,59.03632,13.37825,66.19405
723,2025-07-30 03:00:00+05:30,7.9932966,54.16227,14.668619,60.60404
724,2025-07-30 04:00:00+05:30,9.194106,66.94868,15.91041,68.07817
725,2025-07-30 05:00:00+05:30,9.860649,68.58697,17.615187,68.41597
726,2025-07-30 06:00:00+05:30,8.865799,84.17376,14.471821,84.2895
727,2025-07-30 07:00:00+05:30,10.094454,86.933586,13.870515,87.768875
728,2025-07-30 08:00:00+05:30,7.1321807,100.17545,9.605998,102.99462
729,2025-07-30 09:00:00+05:30,9.582359,95.38922,12.525207,97.43131
730,2025-07-30 10:00:00+05:30,10.914888,103.34874,13.926464,104.21589
731,2025-07-30 11:00:00+05:30,10.096059,101.3099,12.638512,100.66973
732,2025-07-30 12:00:00+05:30,9.335737,109.133736,11.672275,107.03786
733,2025-07-30 13:00:00+05:30,9.860649,111.41304,13.615902,114.19321
734,2025-07-30 14:00:00+05:30,6.898956,82.50424,8.6867485,84.05324
735,2025-07-30 15:00:00+05:30,8.049845,79.69521,10.096059,78.6901
736,2025-07-30 16:00:00+05:30,3.8141315,109.290146,4.802999,102.99462
737,2025-07-30 17:00:00+05:30,6.5049515,75.57919,8.863972,77.09259
738,2025-07-30 18:00:00+05:30,5.4029994,91.90912,10.261579,105.25517
739,2025-07-30 19:00:00+05:30,3.396233,57.99466,7.7734165,95.31445
740,2025-07-30 20:00:00+05:30,3.8521678,52.594578,7.229191,71.11382
741,2025-07-30 21:00:00+05:30,5.95906,64.98315,12.049249,76.171326
742,2025-07-30 22:00:00+05:30,5.2323985,63.435013,11.132385,75.96373
743,2025-07-30 23:00:00+05:30,4.514377,66.50142,9.901636,88.9584
744,2025-07-31 00:00:00+05:30,6.4924874,43.876797,12.739371,66.69509
745,2025-07-31 01:00:00+05:30,2.0124612,79.69521,5.195113,104.03627
746,2025-07-31 02:00:00+05:30,3.62243,153.43501,5.5916004,146.82147
747,2025-07-31 03:00:00+05:30,3.8773184,248.19853,4.1046314,232.12495
748,2025-07-31 04:00:00+05:30,3.219938,243.43501,2.5959969,213.6901
749,2025-07-31 05:00:00+05:30,3.4623692,297.8972,2.8001428,315.0001
750,2025-07-31 06:00:00+05:30,6.502461,48.366554,12.007498,77.00539
751,2025-07-31 07:00:00+05:30,1.659518,40.601215,3.9763298,84.805664
752,2025-07-31 08:00:00+05:30,7.0568266,84.14409,9.208192,85.51548
753,2025-07-31 09:00:00+05:30,4.514377,94.57384,5.6262593,97.35229
754,2025-07-31 10:00:00+05:30,4.8733153,94.23632,6.162207,96.70974
755,2025-07-31 11:00:00+05:30,4.353619,97.12492,5.426933,95.7105
756,2025-07-31 12:00:00+05:30,4.599695,120.57915,5.495161,121.60746
757,2025-07-31 13:00:00+05:30,2.7475805,121.60746,3.396233,122.00535
758,2025-07-31 14:00:00+05:30,1.781909,315.0001,2.1674871,318.36655
759,2025-07-31 15:00:00+05:30,1.3104197,105.945465,1.3104197,105.945465
760,2025-07-31 16:00:00+05:30,9.087772,187.96953,11.874544,194.03627
761,2025-07-31 17:00:00+05:30,7.1684303,151.50446,9.927779,157.61983
762,2025-07-31 18:00:00+05:30,4.6800003,337.3801,7.0038276,334.09354
763,2025-07-31 19:00:00+05:30,4.913044,261.57312,8.731391,284.32275
764,2025-07-31 20:00:00+05:30,4.4274144,243.43501,8.099999,270.0
765,2025-07-31 21:00:00+05:30,3.219938,206.56499,6.330782,255.17348
766,2025-07-31 22:00:00+05:30,1.08,90.0,2.4216523,318.01288
767,2025-07-31 23:00:00+05:30,3.494968,124.50858,0.9,90.0
768,2025-08-01 00:00:00+05:30,2.1674871,94.76356,2.3469126,355.60138
769,2025-08-01 01:00:00+05:30,1.7727944,336.0375,4.2175345,320.1945
770,2025-08-01 02:00:00+05:30,6.1226463,24.304548,9.208192,355.51547
771,2025-08-01 03:00:00+05:30,3.438895,353.9911,8.536252,312.4362
772,2025-08-01 04:00:00+05:30,2.0124612,333.43503,6.114703,312.614
773,2025-08-01 05:00:00+05:30,3.2846913,279.46225,7.353611,291.54105
774,2025-08-01 06:00:00+05:30,7.4932766,294.10223,15.216123,297.47433
775,2025-08-01 07:00:00+05:30,7.8625183,285.94547,11.672275,289.8322
776,2025-08-01 08:00:00+05:30,8.669949,274.76355,11.45513,278.13
777,2025-08-01 09:00:00+05:30,11.720751,280.6196,15.39184,280.78424
778,2025-08-01 10:00:00+05:30,11.734564,290.659,15.210799,290.7942
779,2025-08-01 11:00:00+05:30,8.61371,296.02954,10.950452,295.30136
780,2025-08-01 12:00:00+05:30,7.458606,289.74692,9.335737,289.13373
781,2025-08-01 13:00:00+05:30,7.2359104,275.7105,9.243311,276.70975
782,2025-08-01 14:00:00+05:30,7.928178,272.6025,10.2742,273.01273
783,2025-08-01 15:00:00+05:30,11.16145,269.076,14.764389,268.60284
784,2025-08-01 16:00:00+05:30,12.081472,266.58347,16.056362,266.14328
785,2025-08-01 17:00:00+05:30,13.737904,264.7377,20.41949,264.94284
786,2025-08-01 18:00:00+05:30,6.050785,337.249,11.238113,328.09195
787,2025-08-01 19:00:00+05:30,4.7928696,304.28693,12.5807,303.91745
788,2025-08-01 20:00:00+05:30,4.186693,295.46332,11.453715,300.19153
789,2025-08-01 21:00:00+05:30,6.59154,304.9921,15.338071,305.9286
790,2025-08-01 22:00:00+05:30,6.12,331.9276,14.84318,320.90613
791,2025-08-01 23:00:00+05:30,5.0688457,186.1154,5.3517847,227.72638
792,2025-08-02 00:00:00+05:30,7.889259,207.1496,12.886039,221.03525
793,2025-08-02 01:00:00+05:30,5.7402787,221.18582,12.682018,235.40765
794,2025-08-02 02:00:00+05:30,5.154415,204.77512,11.226575,228.90059
795,2025-08-02 03:00:00+05:30,6.945761,211.21834,15.292585,222.13753
796,2025-08-02 04:00:00+05:30,6.7469993,223.91916,16.363178,230.35587
797,2025-08-02 05:00:00+05:30,7.9220443,248.68202,17.873554,251.20001
798,2025-08-02 06:00:00+05:30,9.195868,266.6336,16.380001,270.0
799,2025-08-02 07:00:00+05:30,7.2359104,264.2895,13.864674,268.51218
800,2025-08-02 08:00:00+05:30,8.287822,267.5105,11.341428,269.09064
801,2025-08-02 09:00:00+05:30,9.0018,268.85425,11.701385,270.88138
802,2025-08-02 10:00:00+05:30,9.979859,277.2531,12.7546215,278.9305
803,2025-08-02 11:00:00+05:30,9.82279,283.78162,12.313893,285.25516
804,2025-08-02 12:00:00+05:30,9.9977,283.53586,12.442153,284.2373
805,2025-08-02 13:00:00+05:30,11.375658,274.5377,14.113653,275.85593
806,2025-08-02 14:00:00+05:30,11.165805,268.15244,13.684735,268.49258
807,2025-08-02 15:00:00+05:30,11.5199995,270.0,14.941085,270.69025
808,2025-08-02 16:00:00+05:30,11.126562,260.69012,14.618837,260.07382
809,2025-08-02 17:00:00+05:30,10.096059,258.6901,15.03835,258.9591
810,2025-08-02 18:00:00+05:30,10.495713,239.0363,18.998316,242.94948
811,2025-08-02 19:00:00+05:30,10.874742,241.31395,20.304924,245.93437
812,2025-08-02 20:00:00+05:30,10.587917,252.18102,19.95485,254.83548
813,2025-08-02 21:00:00+05:30,9.82114,243.90463,19.353138,251.56496
814,2025-08-02 22:00:00+05:30,8.805294,229.14471,17.072504,245.05612
815,2025-08-02 23:00:00+05:30,9.391102,192.17145,16.485485,211.60745
816,2025-08-03 00:00:00+05:30,8.909545,224.9999,17.423777,236.80243
817,2025-08-03 01:00:00+05:30,10.829958,248.5522,20.398058,254.12398
818,2025-08-03 02:00:00+05:30,10.742848,261.3269,20.746902,261.51846
819,2025-08-03 03:00:00+05:30,9.621163,252.58194,19.296133,255.96373
820,2025-08-03 04:00:00+05:30,9.867218,255.20319,19.561287,259.931
821,2025-08-03 05:00:00+05:30,10.075177,251.24126,18.64543,257.1712
822,2025-08-03 06:00:00+05:30,11.879999,270.0,19.091883,278.13
823,2025-08-03 07:00:00+05:30,10.285232,274.0141,14.685176,281.3099
824,2025-08-03 08:00:00+05:30,13.31635,260.66507,17.462784,261.70294
825,2025-08-03 09:00:00+05:30,11.345713,268.18173,15.4800005,270.0
826,2025-08-03 10:00:00+05:30,12.535548,285.83246,16.466803,285.85944
827,2025-08-03 11:00:00+05:30,11.753877,297.3498,15.779543,295.6881
828,2025-08-03 12:00:00+05:30,7.353611,291.54105,10.429132,291.25058
829,2025-08-03 13:00:00+05:30,3.9640884,230.52757,11.525623,271.78986
830,2025-08-03 14:00:00+05:30,2.1674871,265.23645,11.016824,274.68582
831,2025-08-03 15:00:00+05:30,3.745557,144.78232,9.080639,219.3693
832,2025-08-03 16:00:00+05:30,7.172949,197.52567,12.906138,219.90784
833,2025-08-03 17:00:00+05:30,7.120815,200.72563,10.944532,216.30458
834,2025-08-03 18:00:00+05:30,9.726664,231.009,19.046858,239.3149
835,2025-08-03 19:00:00+05:30,12.3165245,243.06055,22.39608,248.7971
836,2025-08-03 20:00:00+05:30,10.1887,237.99466,19.73854,245.77226
837,2025-08-03 21:00:00+05:30,11.525623,231.34016,22.381609,238.48311
838,2025-08-03 22:00:00+05:30,8.913181,226.63654,19.008545,232.69597
839,2025-08-03 23:00:00+05:30,8.936778,235.66972,17.782686,238.24055
840,2025-08-04 00:00:00+05:30,15.215058,169.08891,25.740627,179.59935
841,2025-08-04 01:00:00+05:30,13.577776,218.54121,25.146587,220.64569
842,2025-08-04 02:00:00+05:30,15.281989,226.90913,27.821503,229.19775
843,2025-08-04 03:00:00+05:30,16.685717,249.80557,29.713633,252.004
844,2025-08-04 04:00:00+05:30,14.30632,248.60013,26.64,251.07526
845,2025-08-04 05:00:00+05:30,10.6261,243.86905,21.893505,248.286
846,2025-08-04 06:00:00+05:30,10.158444,240.25522,21.177366,250.64091
847,2025-08-04 07:00:00+05:30,10.315115,209.24873,18.459436,223.81482
848,2025-08-04 08:00:00+05:30,7.5105524,224.02907,16.663372,243.7118
849,2025-08-04 09:00:00+05:30,6.552099,232.81522,13.379461,252.78384
850,2025-08-04 10:00:00+05:30,10.9859,268.12216,16.201,270.63657
851,2025-08-04 11:00:00+05:30,9.243311,276.70975,13.644427,278.3438
852,2025-08-04 12:00:00+05:30,7.2044983,282.99463,10.656547,285.6796
853,2025-08-04 13:00:00+05:30,9.194106,293.05133,12.157663,295.42682
854,2025-08-04 14:00:00+05:30,8.643749,301.37296,11.634741,304.91946
855,2025-08-04 15:00:00+05:30,5.6060677,264.47256,7.2,270.0
856,2025-08-04 16:00:00+05:30,9.840914,219.80553,12.738099,222.70937
857,2025-08-04 17:00:00+05:30,9.446141,210.96368,12.881008,213.02388
858,2025-08-04 18:00:00+05:30,7.989242,247.47939,15.14783,249.8423
859,2025-08-04 19:00:00+05:30,8.297589,220.60121,16.363178,230.35587
860,2025-08-04 20:00:00+05:30,10.897063,210.80138,20.7219,212.5857
861,2025-08-04 21:00:00+05:30,10.948973,207.40749,21.219397,212.88124
862,2025-08-04 22:00:00+05:30,10.383987,213.6901,20.08916,216.25392
863,2025-08-04 23:00:00+05:30,10.837435,228.36655,21.112242,230.88245
864,2025-08-05 00:00:00+05:30,9.167638,223.4089,19.174856,230.3322
865,2025-08-05 01:00:00+05:30,12.172312,231.6048,22.768396,235.30478
866,2025-08-05 02:00:00+05:30,11.48761,234.56659,22.32653,240.54169
867,2025-08-05 03:00:00+05:30,11.480557,228.81418,22.166325,235.92276
868,2025-08-05 04:00:00+05:30,12.145665,230.4119,23.015377,236.80705
869,2025-08-05 05:00:00+05:30,6.792466,212.00534,16.22498,229.95033
870,2025-08-05 06:00:00+05:30,10.094454,230.06367,20.096418,239.30035
871,2025-08-05 07:00:00+05:30,13.004922,228.36655,21.9718,235.0079
872,2025-08-05 08:00:00+05:30,12.652604,230.19447,21.167418,236.44504
873,2025-08-05 09:00:00+05:30,12.475961,226.16905,18.52951,230.12321
874,2025-08-05 10:00:00+05:30,12.475961,223.83095,18.222721,227.80252
875,2025-08-05 11:00:00+05:30,11.935778,246.91484,16.285772,249.9627
876,2025-08-05 12:00:00+05:30,9.741642,242.48808,13.451914,245.49261
877,2025-08-05 13:00:00+05:30,8.149847,239.47037,10.8672905,243.43501
878,2025-08-05 14:00:00+05:30,8.699793,245.55606,11.132385,247.1663
879,2025-08-05 15:00:00+05:30,8.536252,245.05612,11.028581,243.85321
880,2025-08-05 16:00:00+05:30,5.22,316.3971,6.7397914,304.1145
881,2025-08-05 17:00:00+05:30,7.841887,31.865936,10.094454,31.138918
882,2025-08-05 18:00:00+05:30,9.016185,206.05344,17.373497,214.0194
883,2025-08-05 19:00:00+05:30,6.320538,199.9832,14.33347,215.28683
884,2025-08-05 20:00:00+05:30,7.79215,186.63242,16.372087,194.64742
885,2025-08-05 21:00:00+05:30,6.2483597,168.3664,15.367616,185.37662
886,2025-08-05 22:00:00+05:30,7.120815,159.27437,15.710607,175.4
887,2025-08-05 23:00:00+05:30,7.5170207,163.30067,16.5688,181.86765
888,2025-08-06 00:00:00+05:30,3.189608,253.61038,10.514218,218.04709
889,2025-08-06 01:00:00+05:30,3.319036,257.4712,9.3962755,249.82925
890,2025-08-06 02:00:00+05:30,4.3832865,199.17911,10.589448,211.79887
891,2025-08-06 03:00:00+05:30,7.9932976,187.76508,15.646544,203.02553
892,2025-08-06 04:00:00+05:30,7.329338,204.67685,16.188995,221.84506
893,2025-08-06 05:00:00+05:30,8.452336,206.56499,17.49337,220.40938
894,2025-08-06 06:00:00+05:30,10.365251,249.67677,19.751667,251.39984
895,2025-08-06 07:00:00+05:30,9.595874,246.80139,20.650637,255.35808
896,2025-08-06 08:00:00+05:30,10.957847,255.73544,15.2501545,258.42484
897,2025-08-06 09:00:00+05:30,11.705537,268.23764,15.4800005,270.0
898,2025-08-06 10:00:00+05:30,12.061341,270.85507,15.676542,272.6324
899,2025-08-06 11:00:00+05:30,10.441552,270.98773,13.330941,272.32147
900,2025-08-06 12:00:00+05:30,9.600937,263.5413,12.093534,265.73218
901,2025-08-06 13:00:00+05:30,10.609316,255.2564,13.229694,255.01831
902,2025-08-06 14:00:00+05:30,11.016824,265.31418,14.081478,265.60138
903,2025-08-06 15:00:00+05:30,12.425216,268.33975,16.203999,268.727
904,2025-08-06 16:00:00+05:30,12.452566,265.85544,16.563911,268.75467
905,2025-08-06 17:00:00+05:30,9.215226,257.5926,13.822546,261.76447
906,2025-08-06 18:00:00+05:30,11.052058,239.67648,19.486609,244.85524
907,2025-08-06 19:00:00+05:30,6.1569467,254.74483,14.759999,257.3196
908,2025-08-06 20:00:00+05:30,8.775807,244.48618,19.592731,249.56708
909,2025-08-06 21:00:00+05:30,7.329338,245.32315,18.054815,249.57758
910,2025-08-06 22:00:00+05:30,6.384293,248.4985,16.59225,254.90837
911,2025-08-06 23:00:00+05:30,7.7420926,252.40749,17.968472,259.0278
912,2025-08-07 00:00:00+05:30,9.0645685,263.15732,20.00026,267.4209
913,2025-08-07 01:00:00+05:30,8.28,270.0,18.741621,272.75244
914,2025-08-07 02:00:00+05:30,6.310277,266.72958,15.84409,271.3019
915,2025-08-07 03:00:00+05:30,7.247096,255.61856,16.23596,266.186
916,2025-08-07 04:00:00+05:30,8.996398,250.11475,18.613253,260.53775
917,2025-08-07 05:00:00+05:30,9.299225,255.42574,19.380743,263.60114
918,2025-08-07 06:00:00+05:30,11.720751,259.3804,22.21305,265.3521
919,2025-08-07 07:00:00+05:30,10.7714615,260.38034,23.580687,270.43735
920,2025-08-07 08:00:00+05:30,12.785069,271.6135,18.582766,273.88782
921,2025-08-07 09:00:00+05:30,13.596852,276.84268,18.379402,278.44745
922,2025-08-07 10:00:00+05:30,14.018059,282.6086,18.68622,283.36694
923,2025-08-07 11:00:00+05:30,15.141414,288.00424,20.0391,289.4116
924,2025-08-07 12:00:00+05:30,15.315873,293.55228,20.160805,293.13144
925,2025-08-07 13:00:00+05:30,14.978986,290.39496,19.721298,291.41302
926,2025-08-07 14:00:00+05:30,14.650938,280.6196,19.274294,281.3099
927,2025-08-07 15:00:00+05:30,14.535487,277.82898,19.67936,278.9453
928,2025-08-07 16:00:00+05:30,14.410121,272.14755,20.199335,273.57626
929,2025-08-07 17:00:00+05:30,10.360559,262.01077,17.505404,265.8725
930,2025-08-07 18:00:00+05:30,6.542201,277.90707,16.985933,282.8581
931,2025-08-07 19:00:00+05:30,6.0347,252.64589,15.273505,261.87
932,2025-08-07 20:00:00+05:30,7.0934615,234.29321,17.58481,247.1094
933,2025-08-07 21:00:00+05:30,8.557102,247.75093,21.362442,253.85559
934,2025-08-07 22:00:00+05:30,9.224011,252.97939,21.612747,255.0378
935,2025-08-07 23:00:00+05:30,9.0,253.73972,21.042301,259.65137
936,2025-08-08 00:00:00+05:30,9.0018,258.4654,21.38897,263.23392
937,2025-08-08 01:00:00+05:30,9.266067,262.18478,22.175825,266.74286
938,2025-08-08 02:00:00+05:30,9.3876505,265.60138,21.611998,268.09088
939,2025-08-08 03:00:00+05:30,10.094454,266.93356,22.3229,270.924
940,2025-08-08 04:00:00+05:30,7.928178,272.6025,20.060919,275.1478
941,2025-08-08 05:00:00+05:30,7.8728137,280.53912,19.662888,281.6185
942,2025-08-08 06:00:00+05:30,11.712455,272.6425,22.304028,276.95285
943,2025-08-08 07:00:00+05:30,12.841963,275.63058,24.087738,279.46225
944,2025-08-08 08:00:00+05:30,11.35285,272.72626,17.972979,277.48077
945,2025-08-08 09:00:00+05:30,12.496719,281.6336,17.069656,284.03625
946,2025-08-08 10:00:00+05:30,13.708391,283.67133,18.297245,285.40347
947,2025-08-08 11:00:00+05:30,12.710091,282.26477,16.895088,284.18433
948,2025-08-08 12:00:00+05:30,11.074022,277.47147,14.618837,279.92618
949,2025-08-08 13:00:00+05:30,10.158444,277.1249,13.878688,279.70657
950,2025-08-08 14:00:00+05:30,11.103243,286.96622,15.027575,288.86908
951,2025-08-08 15:00:00+05:30,10.730778,292.69382,15.151039,293.82425
952,2025-08-08 16:00:00+05:30,8.536252,294.94388,12.3165245,296.93945
953,2025-08-08 17:00:00+05:30,7.415038,275.5721,13.026081,281.15463
954,2025-08-08 18:00:00+05:30,3.8183763,278.13,9.621163,287.41806
955,2025-08-08 19:00:00+05:30,4.175069,262.5687,10.446206,271.97488
956,2025-08-08 20:00:00+05:30,4.1556225,265.03033,10.172787,283.29858
957,2025-08-08 21:00:00+05:30,7.579261,274.08554,15.627897,302.77487
958,2025-08-08 22:00:00+05:30,7.344794,306.02747,16.5776,311.47845
959,2025-08-08 23:00:00+05:30,5.994297,318.6523,15.659999,313.60287
960,2025-08-09 00:00:00+05:30,3.7064266,60.94549,5.7402787,41.185825
961,2025-08-09 01:00:00+05:30,5.22,133.60289,5.994297,138.65233
962,2025-08-09 02:00:00+05:30,2.9301877,132.5104,7.6367526,171.86998
963,2025-08-09 03:00:00+05:30,4.060985,77.19574,3.604497,92.86235
964,2025-08-09 04:00:00+05:30,1.659518,310.60123,5.7628117,284.47034
965,2025-08-09 05:00:00+05:30,6.9899354,348.11136,13.184308,345.774
966,2025-08-09 06:00:00+05:30,12.348052,300.6772,20.859041,298.33414
967,2025-08-09 07:00:00+05:30,10.819482,314.32605,18.201374,314.59937
968,2025-08-09 08:00:00+05:30,10.718693,319.0857,19.706507,320.93152
969,2025-08-09 09:00:00+05:30,12.284918,320.94687,17.065859,322.28397
970,2025-08-09 10:00:00+05:30,16.069473,318.63306,21.594748,320.07217
971,2025-08-09 11:00:00+05:30,17.194475,312.8789,24.565218,315.29684
972,2025-08-09 12:00:00+05:30,16.560978,307.49274,22.517992,309.1605
973,2025-08-09 13:00:00+05:30,19.61587,312.7688,26.129776,311.92847
974,2025-08-09 14:00:00+05:30,20.413143,307.47626,27.504093,307.01996
975,2025-08-09 15:00:00+05:30,20.3774,302.00534,28.011261,302.66885
976,2025-08-09 16:00:00+05:30,20.129442,305.53775,28.188828,306.43094
977,2025-08-09 17:00:00+05:30,16.363178,309.64413,24.385183,310.50946
978,2025-08-09 18:00:00+05:30,12.616702,312.10864,20.88,313.6029
979,2025-08-09 19:00:00+05:30,12.819235,308.15726,22.317822,311.4032
980,2025-08-09 20:00:00+05:30,11.556504,307.40543,21.301687,311.23135
981,2025-08-09 21:00:00+05:30,11.246759,309.8055,20.241,313.91916
982,2025-08-09 22:00:00+05:30,10.404249,300.11365,18.694021,308.74597
983,2025-08-09 23:00:00+05:30,12.535549,302.09256,21.599998,306.86996
984,2025-08-10 00:00:00+05:30,10.739832,309.55963,19.091883,315.0001
985,2025-08-10 01:00:00+05:30,9.437563,304.90256,17.063011,313.29022
986,2025-08-10 02:00:00+05:30,9.044888,301.15924,15.856354,309.47244
987,2025-08-10 03:00:00+05:30,11.119281,299.0545,18.79255,306.43094
988,2025-08-10 04:00:00+05:30,11.103243,289.90384,18.35647,295.5599
989,2025-08-10 05:00:00+05:30,11.555103,274.46707,20.757051,281.5048
990,2025-08-10 06:00:00+05:30,10.609316,284.74362,16.997377,294.39374
991,2025-08-10 07:00:00+05:30,9.3340025,309.52258,13.666967,310.192
992,2025-08-10 08:00:00+05:30,8.404285,313.26434,11.212135,312.39737
993,2025-08-10 09:00:00+05:30,10.464797,319.18503,13.783817,319.23648
994,2025-08-10 10:00:00+05:30,11.843124,316.8476,15.281989,316.90915
995,2025-08-10 11:00:00+05:30,12.86087,313.29868,16.67795,313.6882
996,2025-08-10 12:00:00+05:30,14.773164,313.0251,19.239801,312.34573
997,2025-08-10 13:00:00+05:30,14.761098,307.56866,18.865683,307.6353
998,2025-08-10 14:00:00+05:30,14.336861,298.49554,18.116621,297.83798
999,2025-08-10 15:00:00+05:30,13.0447235,297.97937,16.50709,297.96213
1000,2025-08-10 16:00:00+05:30,11.844492,306.34756,15.841022,306.21893
1001,2025-08-10 17:00:00+05:30,9.1958685,319.7637,13.298089,320.49234
1002,2025-08-10 18:00:00+05:30,5.3517847,340.3461,13.543131,336.5014
1003,2025-08-10 19:00:00+05:30,5.8048253,352.87506,15.004919,349.63373
1004,2025-08-10 20:00:00+05:30,4.846648,338.19852,13.491597,346.89078
1005,2025-08-10 21:00:00+05:30,2.9024127,299.74478,8.93859,334.98312
1006,2025-08-10 22:00:00+05:30,1.3708391,246.80138,4.2021427,316.73566
1007,2025-08-10 23:00:00+05:30,1.2979984,213.6901,2.2553935,298.61035
1008,2025-08-11 00:00:00+05:30,4.965521,223.53127,8.574123,230.9645
1009,2025-08-11 01:00:00+05:30,5.2478566,239.0363,13.619471,240.72484
1010,2025-08-11 02:00:00+05:30,5.072041,242.52565,13.841286,249.44386
1011,2025-08-11 03:00:00+05:30,5.7628117,255.52966,14.917212,261.67444
1012,2025-08-11 04:00:00+05:30,6.341009,263.4803,16.02101,269.35626
1013,2025-08-11 05:00:00+05:30,6.3231,274.89902,15.96327,277.1249
1014,2025-08-11 06:00:00+05:30,6.452441,300.1413,14.607751,292.45697
1015,2025-08-11 07:00:00+05:30,7.293888,285.75125,12.882267,285.3956
1016,2025-08-11 08:00:00+05:30,9.039514,282.65256,12.616703,284.03625
1017,2025-08-11 09:00:00+05:30,10.196647,290.6745,13.672893,290.82095
1018,2025-08-11 10:00:00+05:30,12.284918,309.05313,16.388897,308.7581
1019,2025-08-11 11:00:00+05:30,14.784126,312.03897,19.761507,311.6768
1020,2025-08-11 12:00:00+05:30,11.638917,309.3517,15.951087,310.8817
1021,2025-08-11 13:00:00+05:30,15.30741,311.18582,20.765635,312.5409
1022,2025-08-11 14:00:00+05:30,12.204212,232.79199,15.975444,236.48895
1023,2025-08-11 15:00:00+05:30,10.04458,216.25392,13.943901,219.23735
1024,2025-08-11 16:00:00+05:30,5.004518,217.6943,7.6409945,226.90913
1025,2025-08-11 17:00:00+05:30,7.587806,202.30626,10.948973,207.40749
1026,2025-08-11 18:00:00+05:30,6.4624763,257.125,15.585337,255.96373
1027,2025-08-11 19:00:00+05:30,4.445672,291.3707,13.159711,266.8637
1028,2025-08-11 20:00:00+05:30,6.452441,59.8587,7.229191,18.886187
1029,2025-08-11 21:00:00+05:30,5.0975285,137.86247,3.5864744,162.47433
1030,2025-08-11 22:00:00+05:30,4.6938252,184.39862,7.8954163,223.1524
1031,2025-08-11 23:00:00+05:30,9.044888,211.15924,17.571909,223.33975
1032,2025-08-12 00:00:00+05:30,6.804381,232.52374,15.539537,244.6223
1033,2025-08-12 01:00:00+05:30,5.0432134,272.04535,13.5012,270.7639
1034,2025-08-12 02:00:00+05:30,5.195113,255.96373,13.218668,263.74606
1035,2025-08-12 03:00:00+05:30,4.6277857,256.50424,12.638512,259.33026
1036,2025-08-12 04:00:00+05:30,7.1321807,227.04541,15.975444,236.48895
1037,2025-08-12 05:00:00+05:30,6.9247384,242.10283,16.546299,247.61981
1038,2025-08-12 06:00:00+05:30,11.592895,295.76926,22.396078,298.83087
1039,2025-08-12 07:00:00+05:30,7.9036193,300.06848,17.786331,305.9422
1040,2025-08-12 08:00:00+05:30,14.148046,306.72418,24.300001,306.86996
1041,2025-08-12 09:00:00+05:30,9.044888,301.15924,20.276182,305.24213
1042,2025-08-12 10:00:00+05:30,7.353611,291.54105,10.070353,294.2744
1043,2025-08-12 11:00:00+05:30,8.805294,319.1447,11.616626,319.39877
1044,2025-08-12 12:00:00+05:30,8.65873,316.68463,10.819482,315.67395
1045,2025-08-12 13:00:00+05:30,8.909545,315.0001,10.819482,314.32605
1046,2025-08-12 14:00:00+05:30,9.396275,306.43094,11.592894,306.15826
1047,2025-08-12 15:00:00+05:30,10.315115,299.24872,13.374618,298.9796
1048,2025-08-12 16:00:00+05:30,11.609651,299.74478,15.472672,299.24872
1049,2025-08-12 17:00:00+05:30,9.659814,296.56497,13.845967,296.23187
1050,2025-08-12 18:00:00+05:30,3.572898,310.91428,9.167638,313.4089
1051,2025-08-12 19:00:00+05:30,5.1544156,257.90524,11.542478,273.57626
1052,2025-08-12 20:00:00+05:30,6.439876,243.43501,14.018059,257.3914
1053,2025-08-12 21:00:00+05:30,5.506941,258.6901,14.238215,267.10147
1054,2025-08-12 22:00:00+05:30,4.3498964,245.55606,11.481968,260.98074
1055,2025-08-12 23:00:00+05:30,3.9640884,219.47243,9.335737,250.86626
1056,2025-08-13 00:00:00+05:30,4.3349743,221.63345,10.070353,241.14444
1057,2025-08-13 01:00:00+05:30,5.692099,235.30478,14.20062,239.53453
1058,2025-08-13 02:00:00+05:30,5.634891,243.43501,14.897651,241.88689
1059,2025-08-13 03:00:00+05:30,5.6060677,227.60262,14.386494,238.29861
1060,2025-08-13 04:00:00+05:30,5.991594,237.26477,15.379206,249.44386
1061,2025-08-13 05:00:00+05:30,6.8541956,256.32867,16.997375,264.531
1062,2025-08-13 06:00:00+05:30,5.315336,241.69934,10.823973,273.814
1063,2025-08-13 07:00:00+05:30,4.846648,238.67136,10.564942,261.1797
1064,2025-08-13 08:00:00+05:30,5.8603754,259.3804,7.9526596,264.80566
1065,2025-08-13 09:00:00+05:30,5.318383,293.9625,7.16617,295.27768
1066,2025-08-13 10:00:00+05:30,6.889557,303.2749,9.039514,305.2725
1067,2025-08-13 11:00:00+05:30,7.1684303,308.8845,9.220499,308.65982
1068,2025-08-13 12:00:00+05:30,6.804381,307.47626,8.099999,306.86996
1069,2025-08-13 13:00:00+05:30,7.127636,315.0001,8.65873,316.68463
1070,2025-08-13 14:00:00+05:30,8.019601,314.0907,9.801326,315.74396
1071,2025-08-13 15:00:00+05:30,7.10031,300.46545,9.039514,305.2725
1072,2025-08-13 16:00:00+05:30,6.0721655,191.9761,6.889557,199.8553
1073,2025-08-13 17:00:00+05:30,14.068816,163.65175,21.96,169.61119
1074,2025-08-13 18:00:00+05:30,10.32924,157.4569,15.937878,161.56496
1075,2025-08-13 19:00:00+05:30,8.131936,185.07951,15.122143,188.90164
1076,2025-08-13 20:00:00+05:30,4.724786,162.25523,11.34,180.0
1077,2025-08-13 21:00:00+05:30,5.9644947,174.80566,13.88919,183.71521
1078,2025-08-13 22:00:00+05:30,8.766573,160.82089,15.743569,174.09395
1079,2025-08-13 23:00:00+05:30,10.587918,215.3113,17.47484,214.50858
1080,2025-08-14 00:00:00+05:30,10.158444,209.74478,17.801807,204.49188
1081,2025-08-14 01:00:00+05:30,4.8366103,224.9999,12.744457,216.38445
1082,2025-08-14 02:00:00+05:30,7.729527,152.24155,14.241629,163.85559
1083,2025-08-14 03:00:00+05:30,4.846648,158.19853,11.265469,167.074
1084,2025-08-14 04:00:00+05:30,8.856658,127.568665,15.536408,136.87787
1085,2025-08-14 05:00:00+05:30,7.7879906,146.3099,14.277983,146.3099
1086,2025-08-14 06:00:00+05:30,3.4576871,141.34016,6.638072,167.4712
1087,2025-08-14 07:00:00+05:30,5.1165614,129.28938,7.382195,135.0001
1088,2025-08-14 08:00:00+05:30,11.384198,145.30478,15.176678,146.12143
1089,2025-08-14 09:00:00+05:30,8.707237,150.2552,11.679212,151.46011
1090,2025-08-14 10:00:00+05:30,6.6087217,119.357666,8.242743,121.60746
1091,2025-08-14 11:00:00+05:30,7.7420926,107.592514,9.627896,110.80687
1092,2025-08-14 12:00:00+05:30,8.777653,105.46127,11.103243,109.90384
1093,2025-08-14 13:00:00+05:30,7.289444,110.22495,8.93859,115.01686
1094,2025-08-14 14:00:00+05:30,5.6262593,97.35229,6.778141,100.71308
1095,2025-08-14 15:00:00+05:30,7.329338,65.32315,8.699793,65.55606
1096,2025-08-14 16:00:00+05:30,11.885453,54.865723,15.631007,54.845753
1097,2025-08-14 17:00:00+05:30,10.765445,69.44387,14.874796,68.71353
1098,2025-08-14 18:00:00+05:30,6.1226463,114.30454,11.203464,113.682106
1099,2025-08-14 19:00:00+05:30,3.143565,76.75947,8.507737,83.92764
1100,2025-08-14 20:00:00+05:30,5.2323985,63.435013,13.433838,72.05051
1101,2025-08-14 21:00:00+05:30,6.830519,71.564964,15.542662,76.60749
1102,2025-08-14 22:00:00+05:30,6.1858225,81.6342,14.428097,86.423744
1103,2025-08-14 23:00:00+05:30,6.482499,91.59111,15.299999,98.79733
1104,2025-08-15 00:00:00+05:30,5.9834766,83.08887,15.009236,95.50539
1105,2025-08-15 01:00:00+05:30,4.952453,70.90642,13.14,90.0
1106,2025-08-15 02:00:00+05:30,5.414979,68.5522,13.529966,86.186005
1107,2025-08-15 03:00:00+05:30,6.452441,67.01126,14.713831,82.266495
1108,2025-08-15 04:00:00+05:30,6.1226463,65.695465,14.297258,79.11452
1109,2025-08-15 05:00:00+05:30,4.6730714,74.3577,12.620554,86.729576
1110,2025-08-15 06:00:00+05:30,7.2805495,81.46932,13.363711,94.635376
1111,2025-08-15 07:00:00+05:30,6.8612823,94.5139,10.4166975,99.95056
1112,2025-08-15 08:00:00+05:30,7.329338,114.67685,9.659814,116.56499
1113,2025-08-15 09:00:00+05:30,6.341009,124.592354,8.244708,126.11943
1114,2025-08-15 10:00:00+05:30,4.5891175,131.82008,5.6060677,132.39738
1115,2025-08-15 11:00:00+05:30,3.4576871,141.34016,4.2175345,140.19447
1116,2025-08-15 12:00:00+05:30,3.671294,168.69011,4.2366967,167.73524
1117,2025-08-15 13:00:00+05:30,4.379589,170.53775,5.297018,170.21767
1118,2025-08-15 14:00:00+05:30,3.4388947,137.12111,4.072935,135.0001
1119,2025-08-15 15:00:00+05:30,1.6981165,57.99466,2.0991426,59.03632
1120,2025-08-15 16:00:00+05:30,1.98,360.0,2.1674871,355.23645
1121,2025-08-15 17:00:00+05:30,5.896202,347.66092,7.3094187,350.07382
1122,2025-08-15 18:00:00+05:30,9.741642,16.09089,16.507088,18.435053
1123,2025-08-15 19:00:00+05:30,5.495161,31.607454,13.356437,37.333282
1124,2025-08-15 20:00:00+05:30,4.3536186,60.255207,11.886816,57.99466
1125,2025-08-15 21:00:00+05:30,4.3573384,51.709793,11.753877,62.65021
1126,2025-08-15 22:00:00+05:30,4.91634,66.2505,13.358861,75.96373
1127,2025-08-15 23:00:00+05:30,5.7628117,75.52967,14.634343,85.060875
1128,2025-08-16 00:00:00+05:30,6.6794305,75.96373,15.876775,86.09958
1129,2025-08-16 01:00:00+05:30,6.77575,73.009094,15.784676,82.79404
1130,2025-08-16 02:00:00+05:30,8.171683,82.40546,18.022486,87.13766
1131,2025-08-16 03:00:00+05:30,8.297589,65.65892,17.90344,77.221275
1132,2025-08-16 04:00:00+05:30,7.293888,74.248764,16.67795,83.181885
1133,2025-08-16 05:00:00+05:30,6.3231,85.101,15.68584,93.28918
1134,2025-08-16 06:00:00+05:30,8.731392,81.70294,16.774803,86.308685
1135,2025-08-16 07:00:00+05:30,8.507737,83.92764,14.941085,89.309746
1136,2025-08-16 08:00:00+05:30,8.227004,100.08054,10.914888,103.34874
1137,2025-08-16 09:00:00+05:30,6.924738,81.02746,8.865799,84.17376
1138,2025-08-16 10:00:00+05:30,6.482499,91.59111,7.928178,92.60251
1139,2025-08-16 11:00:00+05:30,7.0774574,82.694336,8.6867485,84.05324
1140,2025-08-16 12:00:00+05:30,6.3231,94.89901,7.5942073,95.44024
1141,2025-08-16 13:00:00+05:30,5.04,90.0,6.130579,93.366394
1142,2025-08-16 14:00:00+05:30,8.557102,75.37909,10.609316,75.25639
1143,2025-08-16 15:00:00+05:30,6.830519,71.564964,8.538149,71.564964
1144,2025-08-16 16:00:00+05:30,7.0843205,62.783974,9.016185,63.946568
1145,2025-08-16 17:00:00+05:30,8.305396,60.1012,11.594292,62.24156
1146,2025-08-16 18:00:00+05:30,3.745557,125.21768,8.688613,103.17256
1147,2025-08-16 19:00:00+05:30,3.745557,125.21768,9.299225,104.57426
1148,2025-08-16 20:00:00+05:30,5.3699164,76.42955,12.703715,82.67369
1149,2025-08-16 21:00:00+05:30,7.0015144,72.03077,16.09969,79.69521
1150,2025-08-16 22:00:00+05:30,6.8138976,77.79955,16.63905,84.41286
1151,2025-08-16 23:00:00+05:30,6.7469993,80.78905,16.383955,88.74099
1152,2025-08-17 00:00:00+05:30,7.029225,76.67546,16.5688,88.13236
1153,2025-08-17 01:00:00+05:30,8.777653,74.53873,18.806337,84.507774
1154,2025-08-17 02:00:00+05:30,8.338489,76.26372,17.878086,85.380165
1155,2025-08-17 03:00:00+05:30,6.77575,73.009094,15.876775,86.09958
1156,2025-08-17 04:00:00+05:30,6.2145634,79.99209,15.12107,90.682045
1157,2025-08-17 05:00:00+05:30,6.28713,76.75947,15.124284,88.6361
1158,2025-08-17 06:00:00+05:30,8.656858,93.57626,16.635155,103.13403
1159,2025-08-17 07:00:00+05:30,9.080639,76.2392,16.208996,88.09089
1160,2025-08-17 08:00:00+05:30,11.003581,93.751656,15.027575,96.18852
1161,2025-08-17 09:00:00+05:30,13.1412325,103.46522,17.33429,105.04644
1162,2025-08-17 10:00:00+05:30,13.883356,103.49575,18.161278,103.76081
1163,2025-08-17 11:00:00+05:30,14.84318,104.03627,19.514856,104.420815
1164,2025-08-17 12:00:00+05:30,13.845967,105.843155,18.172869,106.10137
1165,2025-08-17 13:00:00+05:30,13.262714,108.18914,17.19165,107.6762
1166,2025-08-17 14:00:00+05:30,12.140329,105.4787,15.8502245,105.14104
1167,2025-08-17 15:00:00+05:30,11.566313,110.97357,15.14783,110.1577
1168,2025-08-17 16:00:00+05:30,9.914717,105.80258,13.672893,106.04907
1169,2025-08-17 17:00:00+05:30,9.195868,86.633606,16.019999,90.0
1170,2025-08-17 18:00:00+05:30,7.5685663,64.65388,17.193533,70.42679
1171,2025-08-17 19:00:00+05:30,10.897063,59.19863,22.151705,61.35249
1172,2025-08-17 20:00:00+05:30,11.440979,65.85446,23.030151,68.448006
1173,2025-08-17 21:00:00+05:30,12.124307,71.833954,24.056108,76.58764
1174,2025-08-17 22:00:00+05:30,11.45513,81.86999,22.930756,85.497894
1175,2025-08-17 23:00:00+05:30,11.345713,88.18174,22.166327,92.79265
1176,2025-08-18 00:00:00+05:30,11.53265,87.316284,22.33161,91.84757
1177,2025-08-18 01:00:00+05:30,10.6261,88.058556,20.917984,93.45325
1178,2025-08-18 02:00:00+05:30,10.266314,87.99049,20.404411,94.55368
1179,2025-08-18 03:00:00+05:30,9.5416975,91.0809,19.270092,98.05432
1180,2025-08-18 04:00:00+05:30,8.836514,93.50346,18.32202,100.75792
1181,2025-08-18 05:00:00+05:30,9.36173,91.101685,18.913708,98.20713
1182,2025-08-18 06:00:00+05:30,10.158444,82.875084,18.403185,93.925835
1183,2025-08-18 07:00:00+05:30,10.98,79.6112,20.523155,88.99494
1184,2025-08-18 08:00:00+05:30,17.714231,95.24705,23.695824,95.6672
1185,2025-08-18 09:00:00+05:30,13.239487,82.9717,18.072754,84.85733
1186,2025-08-18 10:00:00+05:30,16.383955,88.74099,21.782974,89.05307
1187,2025-08-18 11:00:00+05:30,16.280798,84.2895,21.511318,84.71885
1188,2025-08-18 12:00:00+05:30,15.451717,81.96438,20.161608,82.30404
1189,2025-08-18 13:00:00+05:30,13.159711,93.1363,17.123669,93.012726
1190,2025-08-18 14:00:00+05:30,11.588701,96.24182,14.669724,96.340096
1191,2025-08-18 15:00:00+05:30,12.193588,81.51115,15.986595,82.234924
1192,2025-08-18 16:00:00+05:30,12.452566,85.85546,16.774803,86.308685
1193,2025-08-18 17:00:00+05:30,12.0720825,87.43629,19.443333,88.93912
1194,2025-08-18 18:00:00+05:30,7.771331,103.39252,15.85329,102.45824
1195,2025-08-18 19:00:00+05:30,6.725354,74.47583,16.011908,81.59672
1196,2025-08-18 20:00:00+05:30,8.775807,64.48618,19.137648,73.61038
1197,2025-08-18 21:00:00+05:30,10.429132,68.74943,21.34803,75.84656
1198,2025-08-18 22:00:00+05:30,9.531505,79.11452,20.583847,85.4861
1199,2025-08-18 23:00:00+05:30,8.849339,85.33323,19.627428,91.57652
1200,2025-08-19 00:00:00+05:30,8.350138,82.56869,18.900856,90.54565
1201,2025-08-19 01:00:00+05:30,8.4042845,80.13426,18.561832,87.220894
1202,2025-08-19 02:00:00+05:30,8.36758,71.1752,18.175545,82.03049
1203,2025-08-19 03:00:00+05:30,9.107359,71.564964,18.94024,81.25392
1204,2025-08-19 04:00:00+05:30,10.041354,75.46551,20.518421,82.43867
1205,2025-08-19 05:00:00+05:30,9.224011,72.97939,19.32382,80.888725
1206,2025-08-19 06:00:00+05:30,11.543881,79.21576,20.211363,85.91447
1207,2025-08-19 07:00:00+05:30,9.059205,69.04415,14.408997,77.00539
1208,2025-08-19 08:00:00+05:30,15.379206,73.68607,21.612747,75.037796
1209,2025-08-19 09:00:00+05:30,11.003581,105.17297,14.761098,105.56157
1210,2025-08-19 10:00:00+05:30,10.564941,103.799515,13.577776,104.58897
1211,2025-08-19 11:00:00+05:30,11.672275,107.03786,15.086748,107.35411
1212,2025-08-19 12:00:00+05:30,12.074766,100.30479,15.182015,100.244026
1213,2025-08-19 13:00:00+05:30,10.6261,88.058556,13.330941,87.67852
1214,2025-08-19 14:00:00+05:30,10.8955765,82.40546,13.619471,82.40546
1215,2025-08-19 15:00:00+05:30,11.35285,64.65388,14.658676,65.32315
1216,2025-08-19 16:00:00+05:30,13.288341,65.17068,17.801807,65.50811
1217,2025-08-19 17:00:00+05:30,11.903159,69.64669,18.392618,69.9689
1218,2025-08-19 18:00:00+05:30,10.429132,68.74943,19.530622,70.06192
1219,2025-08-19 19:00:00+05:30,9.761578,67.21756,20.0391,70.588425
1220,2025-08-19 20:00:00+05:30,10.3480425,76.93068,21.307774,81.25392
1221,2025-08-19 21:00:00+05:30,10.594036,80.21766,22.104116,83.453804
1222,2025-08-19 22:00:00+05:30,10.837435,85.23644,22.158285,87.67224
1223,2025-08-19 23:00:00+05:30,10.478722,85.07298,21.419998,90.0
1224,2025-08-20 00:00:00+05:30,9.926147,85.84044,20.519999,90.0
1225,2025-08-20 01:00:00+05:30,10.981475,89.06083,21.447208,92.88636
1226,2025-08-20 02:00:00+05:30,10.813492,87.13766,21.27734,93.39486
1227,2025-08-20 03:00:00+05:30,9.3876505,85.60138,19.267569,91.60597
1228,2025-08-20 04:00:00+05:30,9.321845,79.99209,19.110542,86.76037
1229,2025-08-20 05:00:00+05:30,10.215693,75.71888,20.34,82.37195
1230,2025-08-20 06:00:00+05:30,11.966953,96.91113,20.774214,98.97255
1231,2025-08-20 07:00:00+05:30,10.920824,98.530685,15.922624,100.42066
1232,2025-08-20 08:00:00+05:30,16.663374,100.58158,22.734219,100.95402
1233,2025-08-20 09:00:00+05:30,17.40424,100.72881,23.298702,101.13627
1234,2025-08-20 10:00:00+05:30,16.478603,96.27098,21.72638,96.18284
1235,2025-08-20 11:00:00+05:30,17.654688,92.33726,23.237434,92.21961
1236,2025-08-20 12:00:00+05:30,17.47484,92.36133,23.057571,92.23693
1237,2025-08-20 13:00:00+05:30,16.954432,86.347855,22.535252,86.79485
1238,2025-08-20 14:00:00+05:30,17.100946,89.39693,22.682856,89.090645
1239,2025-08-20 15:00:00+05:30,16.563911,88.75467,22.320724,89.537964
1240,2025-08-20 16:00:00+05:30,15.659999,90.0,21.599998,90.0
1241,2025-08-20 17:00:00+05:30,13.88919,86.28479,20.031824,85.877785
1242,2025-08-20 18:00:00+05:30,9.403169,84.507774,17.878086,85.380165
1243,2025-08-20 19:00:00+05:30,10.484902,78.11137,19.959719,82.7469
1244,2025-08-20 20:00:00+05:30,11.525623,75.52967,21.513577,80.853
1245,2025-08-20 21:00:00+05:30,12.425216,88.33975,23.400692,90.44072
1246,2025-08-20 22:00:00+05:30,12.442153,104.23732,23.365358,105.64231
1247,2025-08-20 23:00:00+05:30,10.837435,101.49654,21.139849,105.81144
1248,2025-08-21 00:00:00+05:30,10.62,90.0,20.436144,95.55986
1249,2025-08-21 01:00:00+05:30,13.004921,94.76356,22.224714,98.85193
1250,2025-08-21 02:00:00+05:30,10.99769,111.10492,17.878994,106.975586
1251,2025-08-21 03:00:00+05:30,8.766573,109.17911,14.401124,108.20858
1252,2025-08-21 04:00:00+05:30,6.9270773,65.432846,11.966954,74.2913
1253,2025-08-21 05:00:00+05:30,7.7983837,71.14675,15.717823,76.75947
1254,2025-08-21 06:00:00+05:30,10.285232,57.144287,17.47484,65.0188
1255,2025-08-21 07:00:00+05:30,11.272657,70.40763,15.7754345,73.42591
1256,2025-08-21 08:00:00+05:30,15.585337,75.96373,21.129883,76.20049
1257,2025-08-21 09:00:00+05:30,16.478603,96.27098,21.886845,95.66361
1258,2025-08-21 10:00:00+05:30,17.651016,101.768265,23.546999,101.911194
1259,2025-08-21 11:00:00+05:30,15.725037,105.945465,20.793701,106.081726
1260,2025-08-21 12:00:00+05:30,12.921192,108.68745,16.854767,109.98319
1261,2025-08-21 13:00:00+05:30,11.351422,117.37762,14.178927,118.84257
1262,2025-08-21 14:00:00+05:30,8.953078,120.17343,11.052058,120.32352
1263,2025-08-21 15:00:00+05:30,7.491114,144.78232,9.449572,139.63554
1264,2025-08-21 16:00:00+05:30,6.21717,157.8905,7.9220443,158.68202
1265,2025-08-21 17:00:00+05:30,5.904439,127.568665,8.149847,133.21011
1266,2025-08-21 18:00:00+05:30,3.5455887,156.0375,7.5942082,148.57048
1267,2025-08-21 19:00:00+05:30,3.4388947,132.87889,7.001514,133.95847
1268,2025-08-21 20:00:00+05:30,0.9,36.86999,3.9477081,65.77226
1269,2025-08-21 21:00:00+05:30,2.8116899,39.805527,6.8423676,63.435013
1270,2025-08-21 22:00:00+05:30,3.096837,54.46224,7.486788,80.31129
1271,2025-08-21 23:00:00+05:30,5.8603754,42.510403,10.874741,65.55606
1272,2025-08-22 00:00:00+05:30,7.4128532,60.94549,14.230248,71.564964
1273,2025-08-22 01:00:00+05:30,12.245294,91.68465,20.778112,94.96966
1274,2025-08-22 02:00:00+05:30,9.346143,74.3577,14.4415655,79.95072
1275,2025-08-22 03:00:00+05:30,9.840914,39.805527,15.561413,48.75183
1276,2025-08-22 04:00:00+05:30,6.7469993,46.080845,12.330985,56.3099
1277,2025-08-22 05:00:00+05:30,6.989936,55.491425,13.985663,58.15099
1278,2025-08-22 06:00:00+05:30,5.692099,34.69522,7.928177,39.47243
1279,2025-08-22 07:00:00+05:30,6.66,71.075264,9.165871,70.49747
1280,2025-08-22 08:00:00+05:30,5.068846,73.49557,6.379216,73.61038
1281,2025-08-22 09:00:00+05:30,5.1544156,77.90526,6.5049515,75.57919
1282,2025-08-22 10:00:00+05:30,5.7515564,69.86362,7.289444,69.775055
1283,2025-08-22 11:00:00+05:30,8.043805,49.53785,10.094454,50.063675
1284,2025-08-22 12:00:00+05:30,9.2660675,60.94549,11.594292,62.24156
1285,2025-08-22 13:00:00+05:30,9.9,53.13002,11.989946,54.16227
1286,2025-08-22 14:00:00+05:30,11.734564,41.268513,14.545515,40.98574
1287,2025-08-22 15:00:00+05:30,12.783802,57.652576,16.828796,57.66984
1288,2025-08-22 16:00:00+05:30,8.536252,65.05612,10.950452,64.698654
1289,2025-08-22 17:00:00+05:30,9.6480665,8.583544,14.941083,21.929651
1290,2025-08-22 18:00:00+05:30,8.225035,23.198618,15.651722,30.398647
1291,2025-08-22 19:00:00+05:30,9.984729,33.97659,19.016214,40.77768
1292,2025-08-22 20:00:00+05:30,9.167638,46.5911,18.289274,53.8067
1293,2025-08-22 21:00:00+05:30,8.281956,47.64261,17.325876,57.30055
1294,2025-08-22 22:00:00+05:30,9.252069,52.907085,18.845062,65.14844
1295,2025-08-22 23:00:00+05:30,8.322932,68.428635,18.25026,75.14134
1296,2025-08-23 00:00:00+05:30,10.304115,70.615395,20.212965,76.08748
1297,2025-08-23 01:00:00+05:30,8.909545,81.86999,18.403185,86.07417
1298,2025-08-23 02:00:00+05:30,8.581677,80.34018,17.283749,88.80654
1299,2025-08-23 03:00:00+05:30,7.42159,75.96373,15.188415,84.55976
1300,2025-08-23 04:00:00+05:30,5.815978,68.19853,12.849528,78.6901
1301,2025-08-23 05:00:00+05:30,6.601363,64.133705,14.120539,72.95089
1302,2025-08-23 06:00:00+05:30,7.0934615,35.706783,11.966954,46.2188
1303,2025-08-23 07:00:00+05:30,9.668195,61.049107,13.447095,62.062954
1304,2025-08-23 08:00:00+05:30,10.814989,71.564964,14.345898,72.47434
1305,2025-08-23 09:00:00+05:30,11.038858,65.94266,14.275713,66.991104
1306,2025-08-23 10:00:00+05:30,9.668195,61.049107,12.399113,62.31903
1307,2025-08-23 11:00:00+05:30,12.72283,64.8852,16.521803,66.227646
1308,2025-08-23 12:00:00+05:30,13.779114,70.1447,17.193533,70.42679
1309,2025-08-23 13:00:00+05:30,15.25865,72.847496,19.533937,73.40182
1310,2025-08-23 14:00:00+05:30,15.086748,72.64589,19.92235,71.564964
1311,2025-08-23 15:00:00+05:30,13.638489,67.49644,17.447933,68.19854
1312,2025-08-23 16:00:00+05:30,6.248359,41.49638,9.167638,46.5911
1313,2025-08-23 17:00:00+05:30,7.0568266,275.85593,9.67657,279.63748
1314,2025-08-23 18:00:00+05:30,0.76367533,224.9999,3.2048087,141.84273
1315,2025-08-23 19:00:00+05:30,13.040997,20.18589,21.933426,23.198618
1316,2025-08-23 20:00:00+05:30,12.061343,37.725063,20.778112,41.839558
1317,2025-08-23 21:00:00+05:30,12.992459,42.754242,23.453938,48.110928
1318,2025-08-23 22:00:00+05:30,12.0921955,45.60303,23.16412,50.992527
1319,2025-08-23 23:00:00+05:30,10.993271,50.31459,20.819393,56.99689
1320,2025-08-24 00:00:00+05:30,11.032987,61.762657,20.962078,69.38629
1321,2025-08-24 01:00:00+05:30,8.427383,70.01681,17.811815,75.96373
1322,2025-08-24 02:00:00+05:30,7.9526596,84.805664,16.084589,84.863716
1323,2025-08-24 03:00:00+05:30,8.467655,87.56341,14.33347,97.21417
1324,2025-08-24 04:00:00+05:30,7.8149853,75.32356,15.5843,83.367584
1325,2025-08-24 05:00:00+05:30,7.628263,70.70986,14.739132,81.57312
1326,2025-08-24 06:00:00+05:30,8.863972,60.832493,15.455911,75.1545
1327,2025-08-24 07:00:00+05:30,12.783802,80.2725,18.486622,83.29026
1328,2025-08-24 08:00:00+05:30,14.764389,88.60285,20.347166,88.47927
1329,2025-08-24 09:00:00+05:30,16.521805,97.512054,21.768095,97.12492
1330,2025-08-24 10:00:00+05:30,14.050382,92.20255,18.382044,92.80631
1331,2025-08-24 11:00:00+05:30,12.620554,86.729576,16.215992,87.45525
1332,2025-08-24 12:00:00+05:30,11.391313,95.44024,14.669724,96.340096
1333,2025-08-24 13:00:00+05:30,21.522614,75.96373,31.477364,76.44054
1334,2025-08-24 14:00:00+05:30,8.694204,117.095474,11.755254,115.38787
1335,2025-08-24 15:00:00+05:30,3.8183763,98.13002,5.2694216,97.853226
1336,2025-08-24 16:00:00+05:30,5.5829024,91.84757,7.029225,92.935616
1337,2025-08-24 17:00:00+05:30,2.6758924,19.653913,3.4152596,18.435053
1338,2025-08-24 18:00:00+05:30,7.342588,78.6901,12.971244,87.614105
1339,2025-08-24 19:00:00+05:30,1.6981165,122.00535,8.085988,106.821495
1340,2025-08-24 20:00:00+05:30,3.06,28.072395,5.9399996,90.0
1341,2025-08-24 21:00:00+05:30,5.8298883,81.11942,12.431734,92.4895
1342,2025-08-24 22:00:00+05:30,7.6367526,98.13002,16.068466,99.673294
1343,2025-08-24 23:00:00+05:30,7.0568266,84.14409,15.172407,94.76356
1344,2025-08-25 00:00:00+05:30,7.555712,77.619255,15.661035,89.34148
1345,2025-08-25 01:00:00+05:30,10.429132,111.25058,18.613253,108.61026
1346,2025-08-25 02:00:00+05:30,9.5196,105.3502,18.0,106.26028
1347,2025-08-25 03:00:00+05:30,11.749741,95.27381,19.915842,99.887924
1348,2025-08-25 04:00:00+05:30,11.050591,102.22511,18.553974,104.03627
1349,2025-08-25 05:00:00+05:30,8.863972,113.962494,14.974658,115.64096
1350,2025-08-25 06:00:00+05:30,1.2727921,81.86999,2.907989,111.801476
1351,2025-08-25 07:00:00+05:30,6.21717,292.1095,6.9550843,280.4374
1352,2025-08-25 08:00:00+05:30,3.143565,283.24054,4.3832865,289.1791
1353,2025-08-25 09:00:00+05:30,4.0449963,200.85454,5.4744864,207.40749
1354,2025-08-25 10:00:00+05:30,4.942631,169.50858,7.3094187,170.07382
1355,2025-08-25 11:00:00+05:30,3.8268526,138.81418,5.257109,141.95291
1356,2025-08-25 12:00:00+05:30,2.8460495,145.30478,3.9966483,144.16226
1357,2025-08-25 13:00:00+05:30,3.319036,319.39877,3.8268526,318.81415
1358,2025-08-25 14:00:00+05:30,3.143565,166.75948,4.1556225,162.3498
1359,2025-08-25 15:00:00+05:30,0.8049845,206.56499,1.0948973,189.46225
1360,2025-08-25 16:00:00+05:30,2.36753,188.74608,3.1072817,190.00792
1361,2025-08-25 17:00:00+05:30,2.8460498,108.43504,3.62243,116.56499
1362,2025-08-25 18:00:00+05:30,5.771239,93.57626,11.844492,106.78272
1363,2025-08-25 19:00:00+05:30,6.384293,111.501495,13.684735,125.36255
1364,2025-08-25 20:00:00+05:30,10.472536,114.36244,21.068459,123.14701
1365,2025-08-25 21:00:00+05:30,11.583109,122.94922,22.546032,132.73523
1366,2025-08-25 22:00:00+05:30,8.936778,152.4028,18.532133,155.9245
1367,2025-08-25 23:00:00+05:30,9.255571,103.49575,15.476859,123.13562
1368,2025-08-26 00:00:00+05:30,14.396625,132.4664,25.400417,139.31071
1369,2025-08-26 01:00:00+05:30,15.661035,127.52851,26.94294,130.39363
1370,2025-08-26 02:00:00+05:30,15.2501545,120.499756,25.864943,124.7961
1371,2025-08-26 03:00:00+05:30,12.881008,123.02388,22.433662,128.15727
1372,2025-08-26 04:00:00+05:30,10.934166,122.90524,19.875944,128.01157
1373,2025-08-26 05:00:00+05:30,11.837652,118.12364,21.22016,124.63374
1374,2025-08-26 06:00:00+05:30,12.961249,142.33432,21.017649,146.1738
1375,2025-08-26 07:00:00+05:30,12.984975,136.12321,17.835447,137.45407
1376,2025-08-26 08:00:00+05:30,11.079873,136.97493,14.650938,137.4896
1377,2025-08-26 09:00:00+05:30,10.837435,138.36655,13.767352,138.17992
1378,2025-08-26 10:00:00+05:30,12.86087,133.29869,16.67795,133.68819
1379,2025-08-26 11:00:00+05:30,13.752047,127.01997,17.748037,126.75377
1380,2025-08-26 12:00:00+05:30,13.619472,134.46461,17.564533,135.0001
1381,2025-08-26 13:00:00+05:30,13.644427,126.41647,17.884428,130.10085
1382,2025-08-26 14:00:00+05:30,11.91948,104.87573,15.206538,106.50443
1383,2025-08-26 15:00:00+05:30,12.750811,108.946594,16.90563,108.62795
1384,2025-08-26 16:00:00+05:30,9.580668,115.60214,12.72283,115.11481
1385,2025-08-26 17:00:00+05:30,6.66,108.92474,9.227524,110.55612
1386,2025-08-26 18:00:00+05:30,8.297589,93.73133,15.941944,96.48298
1387,2025-08-26 19:00:00+05:30,6.5248446,114.44395,16.09969,116.56499
1388,2025-08-26 20:00:00+05:30,7.256032,97.12492,16.56489,109.0257
1389,2025-08-26 21:00:00+05:30,8.085988,106.821495,18.116623,115.291985
1390,2025-08-26 22:00:00+05:30,7.7879906,123.6901,17.610588,130.85529
1391,2025-08-26 23:00:00+05:30,6.5520988,105.945465,15.807239,120.0685
1392,2025-08-27 00:00:00+05:30,6.6624317,91.54813,15.141414,108.00426
1393,2025-08-27 01:00:00+05:30,12.442153,75.76269,20.750027,86.0207
1394,2025-08-27 02:00:00+05:30,9.6480665,104.03627,17.654688,110.28265
1395,2025-08-27 03:00:00+05:30,5.223103,88.025116,11.832176,103.19062
1396,2025-08-27 04:00:00+05:30,6.5223618,117.979385,14.634343,121.93065
1397,2025-08-27 05:00:00+05:30,7.1661706,78.40785,12.992458,100.37579
1398,2025-08-27 06:00:00+05:30,5.9427266,125.13428,12.229406,132.61403
1399,2025-08-27 07:00:00+05:30,9.913082,119.357666,12.642357,118.024414
1400,2025-08-27 08:00:00+05:30,7.689603,122.57404,10.234705,124.24909
1401,2025-08-27 09:00:00+05:30,6.945761,121.218346,8.738811,122.38066
1402,2025-08-27 10:00:00+05:30,6.452441,120.141304,7.9036193,120.0685
1403,2025-08-27 11:00:00+05:30,6.297428,120.963684,7.5942082,121.42952
1404,2025-08-27 12:00:00+05:30,6.198903,115.820946,7.6473517,116.56499
1405,2025-08-27 13:00:00+05:30,5.983477,105.7087,7.5170207,106.699326
1406,2025-08-27 14:00:00+05:30,4.5572357,99.090195,5.6835546,100.95402
1407,2025-08-27 15:00:00+05:30,4.4274144,63.435013,5.4833565,66.801384
1408,2025-08-27 16:00:00+05:30,5.7431,57.804302,7.193247,58.29862
1409,2025-08-27 17:00:00+05:30,6.1569467,74.74483,8.163749,75.96373
1410,2025-08-27 18:00:00+05:30,6.114703,47.385983,9.139322,57.875034
1411,2025-08-27 19:00:00+05:30,6.050785,30.379045,11.466438,42.455162
1412,2025-08-27 20:00:00+05:30,4.3832865,70.8209,9.6480665,81.416466
1413,2025-08-27 21:00:00+05:30,2.0523157,195.25517,6.696387,143.74608
1414,2025-08-27 22:00:00+05:30,1.98,270.0,4.412754,191.76826
1415,2025-08-27 23:00:00+05:30,2.8460495,124.69522,8.707237,150.2552
1416,2025-08-28 00:00:00+05:30,5.00128,120.256355,11.226575,138.90059
1417,2025-08-28 01:00:00+05:30,4.5891175,101.3099,10.783486,123.424835
1418,2025-08-28 02:00:00+05:30,3.9312592,74.054535,10.239453,100.12462
1419,2025-08-28 03:00:00+05:30,5.720489,77.27565,12.961249,89.2043
1420,2025-08-28 04:00:00+05:30,4.186693,64.5367,10.993271,87.1845
1421,2025-08-28 05:00:00+05:30,5.991594,57.264786,13.091829,71.564964
1422,2025-08-28 06:00:00+05:30,7.7650757,44.06091,12.57426,66.37061
1423,2025-08-28 07:00:00+05:30,6.439876,63.435013,12.585848,73.379166
1424,2025-08-28 08:00:00+05:30,7.0223074,88.531235,9.721666,91.06089
1425,2025-08-28 09:00:00+05:30,8.647496,92.385895,11.173057,92.77016
1426,2025-08-28 10:00:00+05:30,7.3821945,88.60285,9.0018,88.85426
1427,2025-08-28 11:00:00+05:30,10.993271,87.1845,13.684735,88.4926
1428,2025-08-28 12:00:00+05:30,9.9408245,95.19434,12.466867,94.96966
1429,2025-08-28 13:00:00+05:30,9.361731,127.971664,11.556504,127.40543
1430,2025-08-28 14:00:00+05:30,7.386582,136.97493,9.292254,134.21527
1431,2025-08-28 15:00:00+05:30,5.293959,125.311295,6.7397914,124.11452
1432,2025-08-28 16:00:00+05:30,5.9834766,96.91113,7.4346757,96.952866
1433,2025-08-28 17:00:00+05:30,5.8048253,119.74479,8.707237,119.74479
1434,2025-08-28 18:00:00+05:30,1.8532133,60.94549,6.2483597,101.63361
1435,2025-08-28 19:00:00+05:30,5.318383,66.03751,11.34,90.0
1436,2025-08-28 20:00:00+05:30,8.43699,101.07016,17.873554,108.79998
1437,2025-08-28 21:00:00+05:30,5.4744864,99.46225,14.230248,108.43504
1438,2025-08-28 22:00:00+05:30,5.0528407,94.08554,13.577776,104.58897
1439,2025-08-28 23:00:00+05:30,7.0568266,95.85592,16.520823,101.3099
1440,2025-08-29 00:00:00+05:30,8.707238,97.12492,18.99661,102.58769
1441,2025-08-29 01:00:00+05:30,7.388775,92.79265,17.298738,102.01146
1442,2025-08-29 02:00:00+05:30,7.040739,94.39862,16.419512,102.66506
1443,2025-08-29 03:00:00+05:30,9.781473,102.75753,19.879206,106.30179
1444,2025-08-29 04:00:00+05:30,9.9587345,96.22574,20.404411,101.70641
1445,2025-08-29 05:00:00+05:30,9.0018,101.53459,18.914566,106.02037
1446,2025-08-29 06:00:00+05:30,9.473541,104.300316,17.76081,107.700516
1447,2025-08-29 07:00:00+05:30,9.292255,111.595375,14.7742605,112.19034
1448,2025-08-29 08:00:00+05:30,10.304114,117.01259,14.008811,117.55273
1449,2025-08-29 09:00:00+05:30,11.7,112.61991,15.553083,113.895164
1450,2025-08-29 10:00:00+05:30,9.82114,116.09537,12.638513,116.20005
1451,2025-08-29 11:00:00+05:30,9.531505,100.88548,11.897714,100.459854
1452,2025-08-29 12:00:00+05:30,11.745604,105.10115,15.108211,105.195305
1453,2025-08-29 13:00:00+05:30,12.835653,67.75093,16.56489,70.9743
1454,2025-08-29 14:00:00+05:30,11.631956,68.19853,15.611304,69.057274
1455,2025-08-29 15:00:00+05:30,12.466867,72.34979,16.516901,73.53991
1456,2025-08-29 16:00:00+05:30,10.03167,80.70677,13.954354,83.333435
1457,2025-08-29 17:00:00+05:30,9.340941,64.91644,14.84318,67.16631
1458,2025-08-29 18:00:00+05:30,10.228373,61.631054,19.008547,65.37646
1459,2025-08-29 19:00:00+05:30,11.571914,74.66666,21.816412,79.06096
1460,2025-08-29 20:00:00+05:30,12.351988,71.30093,23.22558,75.64063
1461,2025-08-29 21:00:00+05:30,13.379461,72.783844,24.58104,75.14961
1462,2025-08-29 22:00:00+05:30,12.074766,79.69521,22.707127,82.25538
1463,2025-08-29 23:00:00+05:30,12.549757,81.75377,23.469128,85.60138
1464,2025-08-30 00:00:00+05:30,12.525207,82.56869,23.264606,86.45139
1465,2025-08-30 01:00:00+05:30,12.971244,87.614105,23.940676,90.430786
1466,2025-08-30 02:00:00+05:30,9.181765,88.876724,18.775301,94.39862
1467,2025-08-30 03:00:00+05:30,10.03167,80.70677,19.660416,86.32558
1468,2025-08-30 04:00:00+05:30,9.746631,85.76369,19.263363,88.9292
1469,2025-08-30 05:00:00+05:30,9.47012,81.25392,18.391735,86.633606
1470,2025-08-30 06:00:00+05:30,11.304229,80.83774,18.954777,85.643105
1471,2025-08-30 07:00:00+05:30,14.619946,85.76369,20.211363,85.91447
1472,2025-08-30 08:00:00+05:30,15.941944,96.48298,21.567726,96.70974
1473,2025-08-30 09:00:00+05:30,14.796175,99.80603,19.32382,99.11128
1474,2025-08-30 10:00:00+05:30,14.120539,107.04912,18.275984,107.1858
1475,2025-08-30 11:00:00+05:30,12.189602,106.29412,15.602999,106.76264
1476,2025-08-30 12:00:00+05:30,11.500296,107.30062,14.743526,107.77141
1477,2025-08-30 13:00:00+05:30,10.163227,112.93214,12.904882,112.98875
1478,2025-08-30 14:00:00+05:30,10.703569,109.653915,13.609951,110.11268
1479,2025-08-30 15:00:00+05:30,8.209263,105.25517,10.483357,105.945465
1480,2025-08-30 16:00:00+05:30,7.562142,88.6361,9.721666,88.93912
1481,2025-08-30 17:00:00+05:30,7.613382,83.21112,11.252519,82.64771
1482,2025-08-30 18:00:00+05:30,7.42159,75.96373,15.367616,84.62339
1483,2025-08-30 19:00:00+05:30,8.613709,79.159744,17.684942,85.91447
1484,2025-08-30 20:00:00+05:30,8.43699,78.92985,18.089775,84.2895
1485,2025-08-30 21:00:00+05:30,9.449572,72.25524,19.954037,76.966644
1486,2025-08-30 22:00:00+05:30,6.6624317,128.41809,14.934577,105.376305
1487,2025-08-30 23:00:00+05:30,4.293669,146.97614,11.328566,134.35634
1488,2025-08-31 00:00:00+05:30,4.978554,130.60121,12.351987,136.77144
1489,2025-08-31 01:00:00+05:30,2.9301877,169.3804,8.39657,149.03632
1490,2025-08-31 02:00:00+05:30,6.7565966,131.76021,13.276144,139.39879
1491,2025-08-31 03:00:00+05:30,11.431062,116.16151,20.562586,119.93143
1492,2025-08-31 04:00:00+05:30,5.3517847,70.346085,10.873252,96.654335
1493,2025-08-31 05:00:00+05:30,9.039514,102.65255,16.940096,104.7746
1494,2025-08-31 06:00:00+05:30,10.261579,105.25517,17.762634,109.53674
1495,2025-08-31 07:00:00+05:30,10.210936,130.71075,14.681866,130.52502
1496,2025-08-31 08:00:00+05:30,13.577776,128.54121,18.188019,128.57127
1497,2025-08-31 09:00:00+05:30,10.009036,142.3057,13.104198,142.81522
1498,2025-08-31 10:00:00+05:30,7.9077177,131.30852,9.67657,133.49263
1499,2025-08-31 11:00:00+05:30,6.7757506,129.61066,8.297589,130.60121
1500,2025-08-31 12:00:00+05:30,5.994297,131.34769,7.145796,130.91429
1501,2025-08-31 13:00:00+05:30,8.490582,122.00535,10.383987,123.690094
1502,2025-08-31 14:00:00+05:30,14.602204,149.64197,19.921535,147.17146
1503,2025-08-31 15:00:00+05:30,7.9077177,138.69148,10.316686,137.12111
1504,2025-08-31 16:00:00+05:30,5.1481256,143.53067,6.489992,146.3099
1505,2025-08-31 17:00:00+05:30,7.0199995,112.61991,9.194106,113.05133
1506,2025-08-31 18:00:00+05:30,5.8631387,107.87879,10.765445,110.55613
1507,2025-08-31 19:00:00+05:30,4.752136,127.30403,10.583326,131.55252
1508,2025-08-31 20:00:00+05:30,4.952453,109.09359,10.385547,115.67677
1509,2025-08-31 21:00:00+05:30,5.950899,93.46816,11.481968,99.01925
1510,2025-08-31 22:00:00+05:30,7.841888,99.24603,15.359179,100.12462
1511,2025-08-31 23:00:00+05:30,7.8087645,115.97434,14.734735,115.31284
1512,2025-09-01 00:00:00+05:30,8.0599,119.42737,14.138882,121.464096
1513,2025-09-01 01:00:00+05:30,12.991212,93.97242,21.429073,100.64917
1514,2025-09-01 02:00:00+05:30,13.397612,120.699646,22.66857,122.68055
1515,2025-09-01 03:00:00+05:30,11.7662735,119.30991,19.90852,127.28441
1516,2025-09-01 04:00:00+05:30,9.54679,135.76381,15.882896,141.44157
1517,2025-09-01 05:00:00+05:30,9.313152,131.08165,15.881875,144.6887
1518,2025-09-01 06:00:00+05:30,9.5196,164.64981,16.245934,170.43338
1519,2025-09-01 07:00:00+05:30,10.009036,142.3057,15.861463,152.27184
1520,2025-09-01 08:00:00+05:30,11.052058,142.94339,16.144905,149.14587
1521,2025-09-01 09:00:00+05:30,12.313894,142.12495,15.778516,145.22209
1522,2025-09-01 10:00:00+05:30,11.038858,155.94266,14.118243,160.64091
1523,2025-09-01 11:00:00+05:30,11.672275,160.16779,15.108211,164.8047
1524,2025-09-01 12:00:00+05:30,10.304114,152.98741,13.00243,158.05124
1525,2025-09-01 13:00:00+05:30,16.391863,121.07159,21.82755,121.855095
1526,2025-09-01 14:00:00+05:30,10.993271,177.18451,15.146761,176.59363
1527,2025-09-01 15:00:00+05:30,8.65873,133.31535,11.457958,136.27295
1528,2025-09-01 16:00:00+05:30,11.203464,113.682106,15.060956,114.727295
1529,2025-09-01 17:00:00+05:30,8.297589,139.39879,11.753876,139.9698
1530,2025-09-01 18:00:00+05:30,11.246759,129.80553,19.62743,132.02618
1531,2025-09-01 19:00:00+05:30,9.432412,131.90585,17.826363,133.36346
1532,2025-09-01 20:00:00+05:30,13.493999,136.08084,23.066002,137.84668
1533,2025-09-01 21:00:00+05:30,12.906138,140.09216,22.517992,145.42065
1534,2025-09-01 22:00:00+05:30,11.364259,150.59291,20.78123,155.43285
1535,2025-09-01 23:00:00+05:30,12.072083,159.94382,21.362442,163.85559
1536,2025-09-02 00:00:00+05:30,11.975074,132.56331,21.392754,141.49074
1537,2025-09-02 01:00:00+05:30,10.944532,143.69542,19.941854,149.03632
1538,2025-09-02 02:00:00+05:30,10.055864,135.72514,18.472595,146.92932
1539,2025-09-02 03:00:00+05:30,9.432412,131.90585,17.1,143.13002
1540,2025-09-02 04:00:00+05:30,11.200571,135.0001,19.421656,145.57347
1541,2025-09-02 05:00:00+05:30,12.606426,133.26433,21.420755,138.40654
1542,2025-09-02 06:00:00+05:30,9.860649,111.41304,13.934605,118.5513
1543,2025-09-02 07:00:00+05:30,14.128566,124.095024,19.171478,124.286934
1544,2025-09-02 08:00:00+05:30,18.329973,134.20436,26.220753,134.44382
1545,2025-09-02 09:00:00+05:30,18.504139,142.90709,25.488914,143.61555
1546,2025-09-02 10:00:00+05:30,12.514855,139.66693,17.935081,141.51978
1547,2025-09-02 11:00:00+05:30,14.168641,152.78398,19.1588,153.19429
1548,2025-09-02 12:00:00+05:30,12.061341,180.85507,15.84409,181.30193
1549,2025-09-02 13:00:00+05:30,9.36,180.0,11.901798,176.53185
1550,2025-09-02 14:00:00+05:30,9.473541,165.69969,12.440851,176.68228
1551,2025-09-02 15:00:00+05:30,6.320538,109.98319,8.297589,114.34108
1552,2025-09-02 16:00:00+05:30,11.755254,64.61213,16.87974,68.085075
1553,2025-09-02 17:00:00+05:30,4.4456716,58.240574,7.968939,71.564964
1554,2025-09-02 18:00:00+05:30,8.836514,86.49654,16.02101,89.35627
1555,2025-09-02 19:00:00+05:30,7.0223074,91.46877,14.944336,88.61968
1556,2025-09-02 20:00:00+05:30,8.688613,76.827446,16.997375,84.531
1557,2025-09-02 21:00:00+05:30,10.453957,87.03913,19.121557,93.77813
1558,2025-09-02 22:00:00+05:30,9.801326,97.38595,18.64369,100.00792
1559,2025-09-02 23:00:00+05:30,6.77575,106.99091,15.315873,113.55228
1560,2025-09-03 00:00:00+05:30,5.771239,86.423744,12.638512,107.402794
1561,2025-09-03 01:00:00+05:30,7.7734165,84.68555,16.120806,96.41075
1562,2025-09-03 02:00:00+05:30,7.579261,85.91447,16.141893,97.04568
1563,2025-09-03 03:00:00+05:30,7.3821945,88.60285,15.956163,101.05637
1564,2025-09-03 04:00:00+05:30,7.7588143,86.00917,16.368128,98.219124
1565,2025-09-03 05:00:00+05:30,7.7588143,93.99084,16.284779,103.42185
1566,2025-09-03 06:00:00+05:30,5.937272,75.96373,12.108261,95.117226
1567,2025-09-03 07:00:00+05:30,7.029225,87.064384,7.7588143,86.00917
1568,2025-09-03 08:00:00+05:30,6.4624763,102.87501,8.338489,103.73629
1569,2025-09-03 09:00:00+05:30,5.2478566,112.1664,6.8541956,113.198616
1570,2025-09-03 10:00:00+05:30,12.682018,145.40765,15.589497,143.9239
1571,2025-09-03 11:00:00+05:30,3.362677,344.47583,3.604497,357.13766
1572,2025-09-03 12:00:00+05:30,4.143911,267.5105,4.6730714,254.3577
1573,2025-09-03 13:00:00+05:30,13.374618,28.979609,16.909464,25.201094
1574,2025-09-03 14:00:00+05:30,10.650465,30.465475,14.411245,27.525146
1575,2025-09-03 15:00:00+05:30,10.597094,20.897842,14.874796,21.28648
1576,2025-09-03 16:00:00+05:30,11.345712,48.215576,16.188995,48.154926
1577,2025-09-03 17:00:00+05:30,10.601679,40.179176,15.561413,41.24817
1578,2025-09-03 18:00:00+05:30,10.296251,36.469334,20.247398,43.19887
1579,2025-09-03 19:00:00+05:30,11.328566,44.35633,21.710716,49.70793
1580,2025-09-03 20:00:00+05:30,11.144021,58.877598,22.057161,63.853214
1581,2025-09-03 21:00:00+05:30,12.703715,69.253845,24.70791,72.62099
1582,2025-09-03 22:00:00+05:30,12.503199,83.386635,24.559942,85.37594
1583,2025-09-03 23:00:00+05:30,11.165805,88.15243,22.860708,90.451126
1584,2025-09-04 00:00:00+05:30,12.193588,81.51115,23.635584,86.06991
1585,2025-09-04 01:00:00+05:30,11.226575,77.96942,22.482714,83.10268
1586,2025-09-04 02:00:00+05:30,10.172787,76.70142,21.23237,82.694336
1587,2025-09-04 03:00:00+05:30,10.3621235,72.82401,21.307774,81.25392
1588,2025-09-04 04:00:00+05:30,9.292255,68.40463,19.699928,77.8687
1589,2025-09-04 05:00:00+05:30,7.0407386,57.528828,16.344357,73.361115
1590,2025-09-04 06:00:00+05:30,7.5019197,59.743652,15.713702,80.10615
1591,2025-09-04 07:00:00+05:30,9.54679,44.236202,16.521803,60.64234
1592,2025-09-04 08:00:00+05:30,9.526405,67.79647,12.750811,71.053406
1593,2025-09-04 09:00:00+05:30,12.32047,101.802414,16.204998,102.18365
1594,2025-09-04 10:00:00+05:30,12.2519045,100.15421,15.922624,100.42066
1595,2025-09-04 11:00:00+05:30,11.555103,94.46708,14.978984,94.1346
1596,2025-09-04 12:00:00+05:30,9.96524,73.201546,12.362475,73.93995
1597,2025-09-04 13:00:00+05:30,11.074023,44.34155,13.746156,44.999897
1598,2025-09-04 14:00:00+05:30,19.99297,43.175938,25.460934,43.854324
1599,2025-09-04 15:00:00+05:30,15.405519,46.420193,20.765635,47.459095
1600,2025-09-04 16:00:00+05:30,15.210799,39.718716,20.94971,40.120655
1601,2025-09-04 17:00:00+05:30,16.024044,38.157276,23.444956,38.453735
1602,2025-09-04 18:00:00+05:30,10.514218,51.952908,20.41949,56.870262
1603,2025-09-04 19:00:00+05:30,10.571074,47.070034,21.505293,51.115498
1604,2025-09-04 20:00:00+05:30,13.0806875,55.653847,24.788424,58.96496
1605,2025-09-04 21:00:00+05:30,13.374618,61.020393,25.211569,61.422295
1606,2025-09-04 22:00:00+05:30,15.137133,64.65388,27.416782,66.80139
1607,2025-09-04 23:00:00+05:30,16.336426,71.365326,28.810123,72.923515
1608,2025-09-05 00:00:00+05:30,16.309628,79.18617,28.616037,80.95251
1609,2025-09-05 01:00:00+05:30,15.287288,77.7639,26.810333,80.72748
1610,2025-09-05 02:00:00+05:30,14.174356,72.25524,25.022587,74.56409
1611,2025-09-05 03:00:00+05:30,16.284779,76.578156,27.39432,78.2471
1612,2025-09-05 04:00:00+05:30,15.430736,73.0446,26.413427,75.395515
1613,2025-09-05 05:00:00+05:30,15.312701,72.203926,25.764534,74.60439
1614,2025-09-05 06:00:00+05:30,19.602652,82.61405,30.573519,84.255936
1615,2025-09-05 07:00:00+05:30,21.423023,89.037155,32.048088,88.7127
1616,2025-09-05 08:00:00+05:30,19.983242,91.03222,29.348831,91.40572
1617,2025-09-05 09:00:00+05:30,22.734219,100.95402,31.844233,102.07212
1618,2025-09-05 10:00:00+05:30,23.408997,102.43323,32.352962,103.18577
1619,2025-09-05 11:00:00+05:30,19.60348,103.27065,28.2514,102.88518
1620,2025-09-05 12:00:00+05:30,25.331442,98.99371,33.092598,98.13002
1621,2025-09-05 13:00:00+05:30,5.6492476,202.47948,7.989242,157.47939
1622,2025-09-05 14:00:00+05:30,14.978984,122.73522,21.470612,124.75598
1623,2025-09-05 15:00:00+05:30,11.481968,99.01925,16.309628,100.81383
1624,2025-09-05 16:00:00+05:30,11.91948,75.124275,16.309628,79.18617
1625,2025-09-05 17:00:00+05:30,15.315873,66.44773,21.868332,69.775055
1626,2025-09-05 18:00:00+05:30,11.500296,72.69939,20.803045,80.53775
1627,2025-09-05 19:00:00+05:30,12.601285,89.18157,23.623928,93.494576
1628,2025-09-05 20:00:00+05:30,13.021106,84.44713,23.433899,86.917885
1629,2025-09-05 21:00:00+05:30,13.504799,88.47251,25.022587,89.17568
1630,2025-09-05 22:00:00+05:30,13.979871,101.88863,26.019806,104.420815
1631,2025-09-05 23:00:00+05:30,11.792404,102.33907,21.881662,105.75124
1632,2025-09-06 00:00:00+05:30,11.892265,92.60251,22.482714,96.89733
1633,2025-09-06 01:00:00+05:30,14.357185,82.073166,24.725605,85.82532
1634,2025-09-06 02:00:00+05:30,15.027575,96.18852,26.042833,98.74608
1635,2025-09-06 03:00:00+05:30,14.6254835,103.523186,25.568237,106.776596
1636,2025-09-06 04:00:00+05:30,12.362475,106.06006,22.66857,110.44964
1637,2025-09-06 05:00:00+05:30,11.252519,97.35229,21.788923,102.88818
1638,2025-09-06 06:00:00+05:30,10.873251,109.3349,20.447239,116.11385
1639,2025-09-06 07:00:00+05:30,13.845967,116.23188,20.768755,116.787056
1640,2025-09-06 08:00:00+05:30,16.474672,123.86373,22.565422,123.94363
1641,2025-09-06 09:00:00+05:30,16.165964,127.763145,21.6457,128.58542
1642,2025-09-06 10:00:00+05:30,16.802786,134.13205,22.402588,134.34901
1643,2025-09-06 11:00:00+05:30,17.82091,134.18164,23.549751,134.07106
1644,2025-09-06 12:00:00+05:30,15.156384,127.27825,19.90852,127.28441
1645,2025-09-06 13:00:00+05:30,14.731435,125.04945,19.376562,125.16652
1646,2025-09-06 14:00:00+05:30,13.633737,132.32452,17.714231,132.11696
1647,2025-09-06 15:00:00+05:30,13.779114,123.2749,18.171976,123.6901
1648,2025-09-06 16:00:00+05:30,15.743569,120.96369,21.794127,120.80138
1649,2025-09-06 17:00:00+05:30,10.228373,118.36895,16.189997,118.55953
1650,2025-09-06 18:00:00+05:30,9.531505,100.88548,20.150354,108.75875
1651,2025-09-06 19:00:00+05:30,7.841888,99.24603,18.88628,112.40989
1652,2025-09-06 20:00:00+05:30,8.32877,96.203354,19.468311,107.764946
1653,2025-09-06 21:00:00+05:30,9.82279,103.781624,22.256763,108.87465
1654,2025-09-06 22:00:00+05:30,12.330985,123.6901,23.652027,126.95719
1655,2025-09-06 23:00:00+05:30,13.169556,111.65605,23.750452,117.53598
1656,2025-09-07 00:00:00+05:30,6.2999997,180.0,14.068816,163.65175
1657,2025-09-07 01:00:00+05:30,2.7943513,104.93147,6.361415,154.8852
1658,2025-09-07 02:00:00+05:30,4.353619,97.12492,8.536252,114.94388
1659,2025-09-07 03:00:00+05:30,7.79215,96.63242,13.767352,115.55992
1660,2025-09-07 04:00:00+05:30,4.68,90.0,11.39842,111.297424
1661,2025-09-07 05:00:00+05:30,6.1569467,105.25517,13.690654,114.88035
1662,2025-09-07 06:00:00+05:30,8.322932,111.57137,14.787414,121.56177
1663,2025-09-07 07:00:00+05:30,7.2649574,131.98714,12.992459,132.75424
1664,2025-09-07 08:00:00+05:30,9.807935,137.2312,13.379461,137.72638
1665,2025-09-07 09:00:00+05:30,10.158444,150.25522,13.217443,150.64235
1666,2025-09-07 10:00:00+05:30,8.604301,164.21918,11.003581,164.82703
1667,2025-09-07 11:00:00+05:30,8.36758,161.1752,10.474082,160.9422
1668,2025-09-07 12:00:00+05:30,8.557102,157.75093,10.730778,157.30617
1669,2025-09-07 13:00:00+05:30,11.688918,170.24765,14.332341,168.40785
1670,2025-09-07 14:00:00+05:30,9.927779,157.61983,12.768586,158.4985
1671,2025-09-07 15:00:00+05:30,10.185519,136.43204,13.004922,138.36655
1672,2025-09-07 16:00:00+05:30,13.110376,98.68627,16.770939,102.39539
1673,2025-09-07 17:00:00+05:30,5.223103,91.97489,6.489992,109.440125
1674,2025-09-07 18:00:00+05:30,3.4247334,86.98728,7.92,90.0
1675,2025-09-07 19:00:00+05:30,2.657668,118.30067,6.792466,122.00535
1676,2025-09-07 20:00:00+05:30,4.1556225,85.03035,8.085988,106.821495
1677,2025-09-07 21:00:00+05:30,3.2846913,99.46225,6.452441,120.141304
1678,2025-09-07 22:00:00+05:30,2.6208394,105.945465,5.004518,142.3057
1679,2025-09-07 23:00:00+05:30,3.550155,149.53453,7.596341,166.29301
1680,2025-09-08 00:00:00+05:30,2.4482646,107.10281,5.00128,149.74365
1681,2025-09-08 01:00:00+05:30,2.7238941,97.59455,3.8521678,127.40543
1682,2025-09-08 02:00:00+05:30,2.5582807,140.71062,4.445672,158.62932
1683,2025-09-08 03:00:00+05:30,3.84796,190.78426,7.3799996,192.68037
1684,2025-09-08 04:00:00+05:30,5.3457265,224.9999,12.007498,229.86458
1685,2025-09-08 05:00:00+05:30,5.9617786,241.11351,14.571108,242.80196
1686,2025-09-08 06:00:00+05:30,2.19718,124.992096,1.26,180.0
1687,2025-09-08 07:00:00+05:30,2.7416782,156.80138,4.5536795,198.43504
1688,2025-09-08 08:00:00+05:30,4.3536186,209.7448,5.5450516,215.75398
1689,2025-09-08 09:00:00+05:30,6.050785,239.62096,7.570707,241.60707
1690,2025-09-08 10:00:00+05:30,6.59154,235.0079,8.037761,235.95401
1691,2025-09-08 11:00:00+05:30,6.156947,232.12495,7.4520864,232.85323
1692,2025-09-08 12:00:00+05:30,6.2379804,226.16905,7.6409945,226.90913
1693,2025-09-08 13:00:00+05:30,5.2478566,239.0363,6.698806,239.30035
1694,2025-09-08 14:00:00+05:30,4.5891175,258.6901,5.983477,254.29129
1695,2025-09-08 15:00:00+05:30,5.2323985,296.56497,6.77575,286.9909
1696,2025-09-08 16:00:00+05:30,4.4274144,296.56497,5.7515564,290.13638
1697,2025-09-08 17:00:00+05:30,3.6402748,278.53067,5.6060677,275.52744
1698,2025-09-08 18:00:00+05:30,4.0449963,249.14546,9.914717,254.19742
1699,2025-09-08 19:00:00+05:30,2.6758924,289.6539,7.102591,278.74606
1700,2025-09-08 20:00:00+05:30,3.710795,292.83368,8.383054,284.93146
1701,2025-09-08 21:00:00+05:30,4.8633323,272.12103,12.043869,279.46225
1702,2025-09-08 22:00:00+05:30,2.52,270.0,9.854075,279.46225
1703,2025-09-08 23:00:00+05:30,2.2553935,241.38963,8.641874,268.80655
1704,2025-09-09 00:00:00+05:30,4.293669,236.97612,10.088033,254.47583
1705,2025-09-09 01:00:00+05:30,4.2175345,230.19447,11.038858,245.94266
1706,2025-09-09 02:00:00+05:30,5.2478566,239.0363,13.971756,248.06146
1707,2025-09-09 03:00:00+05:30,6.320538,250.0168,16.372087,255.35258
1708,2025-09-09 04:00:00+05:30,6.7205353,249.62347,17.288435,255.52966
1709,2025-09-09 05:00:00+05:30,6.3639607,261.87,16.65754,263.79663
1710,2025-09-09 06:00:00+05:30,7.3799996,270.0,16.404707,273.1449
1711,2025-09-09 07:00:00+05:30,7.7588143,273.9908,17.050665,280.954
1712,2025-09-09 08:00:00+05:30,8.287822,272.4895,11.767651,276.1465
1713,2025-09-09 09:00:00+05:30,10.387107,278.97253,13.910169,280.4374
1714,2025-09-09 10:00:00+05:30,12.410866,289.4862,16.116785,290.25653
1715,2025-09-09 11:00:00+05:30,11.7827835,288.71182,15.14783,290.15768
1716,2025-09-09 12:00:00+05:30,11.525623,284.47034,14.713829,284.88632
1717,2025-09-09 13:00:00+05:30,12.535548,285.83246,16.293728,286.0324
1718,2025-09-09 14:00:00+05:30,13.207634,287.44727,17.363237,287.49585
1719,2025-09-09 15:00:00+05:30,13.379461,287.21616,17.878994,286.9756
1720,2025-09-09 16:00:00+05:30,12.864649,287.928,18.329973,287.72333
1721,2025-09-09 17:00:00+05:30,8.089993,290.85452,15.743571,292.16638
1722,2025-09-09 18:00:00+05:30,6.1569467,285.25516,15.844089,291.318
1723,2025-09-09 19:00:00+05:30,5.2694216,277.8532,12.864649,287.928
1724,2025-09-09 20:00:00+05:30,5.920878,250.46326,14.471821,264.2895
1725,2025-09-09 21:00:00+05:30,7.458606,250.25307,18.710478,262.25974
1726,2025-09-09 22:00:00+05:30,7.555712,257.61926,19.290257,266.7906
1727,2025-09-09 23:00:00+05:30,6.924738,261.02747,18.391735,266.6336
1728,2025-09-10 00:00:00+05:30,7.5685663,267.27374,19.267569,271.60596
1729,2025-09-10 01:00:00+05:30,8.099999,270.0,19.580328,276.8636
1730,2025-09-10 02:00:00+05:30,8.669949,274.76355,19.914217,282.5288
1731,2025-09-10 03:00:00+05:30,9.087772,277.9695,20.523157,285.25516
1732,2025-09-10 04:00:00+05:30,9.087772,277.9695,20.57125,285.73886
1733,2025-09-10 05:00:00+05:30,9.0645685,276.84268,20.69687,285.12405
1734,2025-09-10 06:00:00+05:30,9.6480665,284.03625,20.067375,293.80594
1735,2025-09-10 07:00:00+05:30,9.9571085,282.5288,22.151703,294.48248
1736,2025-09-10 08:00:00+05:30,11.500296,287.3006,16.179985,290.85452
1737,2025-09-10 09:00:00+05:30,13.3649235,295.52966,18.033268,297.33228
1738,2025-09-10 10:00:00+05:30,16.928614,305.042,22.828798,305.6953
1739,2025-09-10 11:00:00+05:30,17.224598,304.3544,23.018898,304.80856
1740,2025-09-10 12:00:00+05:30,17.441433,301.0651,23.277834,301.72354
1741,2025-09-10 13:00:00+05:30,16.923828,299.29126,22.571884,299.63144
1742,2025-09-10 14:00:00+05:30,16.824945,296.01672,22.783335,295.75522
1743,2025-09-10 15:00:00+05:30,17.87718,295.01685,24.717741,295.44534
1744,2025-09-10 16:00:00+05:30,16.595179,294.34106,25.282791,295.28793
1745,2025-09-10 17:00:00+05:30,12.157663,295.42682,22.459644,296.15427
1746,2025-09-10 18:00:00+05:30,9.885262,303.11136,21.889065,306.3046
1747,2025-09-10 19:00:00+05:30,8.139901,288.03436,19.885723,297.49274
1748,2025-09-10 20:00:00+05:30,7.6367526,261.87,18.73557,278.2857
1749,2025-09-10 21:00:00+05:30,8.4042845,260.13425,20.527102,271.5074
1750,2025-09-10 22:00:00+05:30,9.3669195,267.79745,22.461807,276.4415
1751,2025-09-10 23:00:00+05:30,8.909545,278.13,21.829777,283.34872
1752,2025-09-11 00:00:00+05:30,8.865799,275.82623,21.322214,281.68933
1753,2025-09-11 01:00:00+05:30,8.528657,277.2749,21.145977,281.78815
1754,2025-09-11 02:00:00+05:30,9.505977,288.77814,22.26841,290.3393
1755,2025-09-11 03:00:00+05:30,9.0,286.26028,21.194187,290.89783
1756,2025-09-11 04:00:00+05:30,9.299225,284.57425,21.362444,290.72565
1757,2025-09-11 05:00:00+05:30,8.967541,280.40765,20.833395,288.12195
1758,2025-09-11 06:00:00+05:30,10.316686,276.0089,21.438143,283.10278
1759,2025-09-11 07:00:00+05:30,10.6261,271.94144,23.489136,283.2908
1760,2025-09-11 08:00:00+05:30,12.503199,276.61337,17.90344,279.84106
1761,2025-09-11 09:00:00+05:30,14.156058,281.73856,19.078302,283.64294
1762,2025-09-11 10:00:00+05:30,15.881875,287.81897,21.118382,288.89835
1763,2025-09-11 11:00:00+05:30,16.767075,299.5922,22.013786,299.91913
1764,2025-09-11 12:00:00+05:30,15.275627,291.42535,20.022118,292.18405
1765,2025-09-11 13:00:00+05:30,14.637663,286.42938,19.533937,286.59818
1766,2025-09-11 14:00:00+05:30,14.584443,282.8356,19.42833,283.39252
1767,2025-09-11 15:00:00+05:30,15.760025,283.87756,21.438898,285.0864
1768,2025-09-11 16:00:00+05:30,13.499999,286.26028,19.758228,286.9493
1769,2025-09-11 17:00:00+05:30,8.688613,283.17255,17.085785,286.52588
1770,2025-09-11 18:00:00+05:30,5.4744864,279.46225,14.118243,289.35907
1771,2025-09-11 19:00:00+05:30,6.1437774,264.95764,15.506141,279.3529
1772,2025-09-11 20:00:00+05:30,8.0599,246.29735,18.998314,260.18076
1773,2025-09-11 21:00:00+05:30,8.766573,250.82089,21.359411,257.8378
1774,2025-09-11 22:00:00+05:30,7.8625183,254.05453,20.364674,261.87
1775,2025-09-11 23:00:00+05:30,8.427383,250.0168,20.38773,256.2091
1776,2025-09-12 00:00:00+05:30,7.731622,257.90524,19.083395,268.9191
1777,2025-09-12 01:00:00+05:30,6.5693827,279.46225,17.482254,286.75583
1778,2025-09-12 02:00:00+05:30,6.6087217,299.35767,17.123669,303.85715
1779,2025-09-12 03:00:00+05:30,7.5170207,286.6993,17.906157,300.17343
1780,2025-09-12 04:00:00+05:30,8.596766,289.5732,19.694992,300.7841
1781,2025-09-12 05:00:00+05:30,8.654986,286.92758,20.288164,297.47433
1782,2025-09-12 06:00:00+05:30,8.2584505,290.40997,18.273325,296.3126
1783,2025-09-12 07:00:00+05:30,8.699793,294.44394,19.576189,302.22873
1784,2025-09-12 08:00:00+05:30,9.387651,302.47116,13.479583,304.1145
1785,2025-09-12 09:00:00+05:30,10.534229,303.147,13.979872,304.50858
1786,2025-09-12 10:00:00+05:30,12.566526,308.01898,16.502182,309.24542
1787,2025-09-12 11:00:00+05:30,10.948973,313.66785,14.133152,313.4519
1788,2025-09-12 12:00:00+05:30,9.292254,315.78473,11.712454,316.24527
1789,2025-09-12 13:00:00+05:30,9.885262,303.11136,12.383424,302.53503
1790,2025-09-12 14:00:00+05:30,10.30883,294.77512,13.288341,294.8293
1791,2025-09-12 15:00:00+05:30,10.548061,295.2531,13.684735,296.56497
1792,2025-09-12 16:00:00+05:30,10.158444,299.74478,14.110209,299.83545
1793,2025-09-12 17:00:00+05:30,6.7757506,309.61066,14.275713,311.93344
1794,2025-09-12 18:00:00+05:30,6.048107,323.47104,15.048042,323.2671
1795,2025-09-12 19:00:00+05:30,4.1556225,342.34976,10.399576,336.54095
1796,2025-09-12 20:00:00+05:30,1.2727921,315.0001,5.441838,325.78424
1797,2025-09-12 21:00:00+05:30,1.6981165,302.00534,5.3999996,323.13004
1798,2025-09-12 22:00:00+05:30,1.9881649,275.19434,4.6452556,305.53775
1799,2025-09-12 23:00:00+05:30,1.9386592,248.19853,3.462369,278.97253
1800,2025-09-13 00:00:00+05:30,1.6299692,263.6599,4.6938252,274.39862
1801,2025-09-13 01:00:00+05:30,1.9469976,303.6901,5.5916004,303.17853
1802,2025-09-13 02:00:00+05:30,1.0182338,315.0001,4.4565907,316.63654
1803,2025-09-13 03:00:00+05:30,2.995797,32.73523,6.151683,20.556128
1804,2025-09-13 04:00:00+05:30,3.6179552,5.7105074,7.9220443,21.31798
1805,2025-09-13 05:00:00+05:30,0.8049845,333.43503,5.004518,37.694313
1806,2025-09-13 06:00:00+05:30,4.1125174,23.198618,11.700001,14.250073
1807,2025-09-13 07:00:00+05:30,2.7534704,78.6901,9.290511,35.537766
1808,2025-09-13 08:00:00+05:30,1.659518,130.60121,2.5264204,94.08554
1809,2025-09-13 09:00:00+05:30,1.9386592,248.19853,2.0523157,254.74483
1810,2025-09-13 10:00:00+05:30,3.644722,290.22495,4.3498964,294.44394
1811,2025-09-13 11:00:00+05:30,6.9480934,306.57312,8.574123,309.0355
1812,2025-09-13 12:00:00+05:30,7.029225,309.8055,8.669949,311.63345
1813,2025-09-13 13:00:00+05:30,7.282774,309.98682,9.059205,310.97165
1814,2025-09-13 14:00:00+05:30,7.674842,309.28937,9.840914,309.8055
1815,2025-09-13 15:00:00+05:30,8.643749,301.37296,11.334285,302.68054
1816,2025-09-13 16:00:00+05:30,9.354806,300.01828,12.688404,301.6607
1817,2025-09-13 17:00:00+05:30,6.552099,307.18478,12.906138,309.90784
1818,2025-09-13 18:00:00+05:30,5.1575575,330.75128,13.849477,332.1028
1819,2025-09-13 19:00:00+05:30,2.97953,295.01685,9.432412,318.09415
1820,2025-09-13 20:00:00+05:30,0.742159,255.96373,5.0975285,317.86246
1821,2025-09-13 21:00:00+05:30,0.40249225,116.56499,3.462369,8.97255
1822,2025-09-13 22:00:00+05:30,2.8116899,140.19447,4.7110505,96.581856
1823,2025-09-13 23:00:00+05:30,4.0449967,147.72438,7.0407386,122.471176
1824,2025-09-14 00:00:00+05:30,1.6299692,186.3401,4.471107,130.10085
1825,2025-09-14 01:00:00+05:30,3.01735,252.64589,3.244996,213.6901
1826,2025-09-14 02:00:00+05:30,3.9518096,239.9315,6.1094027,224.9999
1827,2025-09-14 03:00:00+05:30,3.9477081,223.1524,7.44121,212.15227
1828,2025-09-14 04:00:00+05:30,4.6800003,247.3801,10.944532,233.6954
1829,2025-09-14 05:00:00+05:30,3.9844694,251.56496,10.874742,241.31395
1830,2025-09-14 06:00:00+05:30,2.5071096,291.03757,5.509882,231.63248
1831,2025-09-14 07:00:00+05:30,3.9312592,344.05453,5.509882,308.36752
1832,2025-09-14 08:00:00+05:30,3.1072817,349.99207,3.8856654,346.60748
1833,2025-09-14 09:00:00+05:30,2.5772076,24.775122,3.143565,23.629398
1834,2025-09-14 10:00:00+05:30,2.907989,338.19852,3.710795,337.1663
1835,2025-09-14 11:00:00+05:30,3.8183763,315.0001,5.0975285,317.86246
1836,2025-09-14 12:00:00+05:30,3.7971041,301.4295,4.942631,303.11136
1837,2025-09-14 13:00:00+05:30,6.248359,311.49637,8.043805,310.46216
1838,2025-09-14 14:00:00+05:30,8.43699,303.6901,10.63372,303.9591
1839,2025-09-14 15:00:00+05:30,9.600937,300.411,12.440851,301.39023
1840,2025-09-14 16:00:00+05:30,10.564941,314.3098,14.512064,313.995
1841,2025-09-14 17:00:00+05:30,7.3469996,329.03632,14.634343,328.06937
1842,2025-09-14 18:00:00+05:30,4.5536795,341.56494,13.213764,335.87903
1843,2025-09-14 19:00:00+05:30,0.35999998,180.0,4.6102495,321.34018
1844,2025-09-14 20:00:00+05:30,2.4149535,153.43501,1.4399999,180.0
1845,2025-09-14 21:00:00+05:30,3.9844694,161.56496,6.489992,176.82024
1846,2025-09-14 22:00:00+05:30,1.9134263,131.18582,4.68,180.0
1847,2025-09-14 23:00:00+05:30,2.1749482,114.44395,3.396233,147.99466
1848,2025-09-15 00:00:00+05:30,1.8089776,174.2895,3.6179552,185.7105
1849,2025-09-15 01:00:00+05:30,1.8,216.86998,4.2021427,223.26433
1850,2025-09-15 02:00:00+05:30,1.9134263,221.18582,5.3426957,237.38077
1851,2025-09-15 03:00:00+05:30,3.550155,239.53453,8.049845,243.43501
1852,2025-09-15 04:00:00+05:30,4.278551,247.75093,10.564942,246.92957
1853,2025-09-15 05:00:00+05:30,3.8647635,242.24155,10.474082,250.9422
1854,2025-09-15 06:00:00+05:30,4.942631,349.50858,12.849528,348.6901
1855,2025-09-15 07:00:00+05:30,3.8521678,322.59457,11.712455,2.6424956
1856,2025-09-15 08:00:00+05:30,2.1674871,4.763556,3.9966488,7.7650824
1857,2025-09-15 09:00:00+05:30,4.3536186,60.255207,5.3999996,53.13002
1858,2025-09-15 10:00:00+05:30,3.3043609,330.64233,4.514377,336.5014
1859,2025-09-15 11:00:00+05:30,4.080882,311.42358,5.3457265,315.0001
1860,2025-09-15 12:00:00+05:30,4.802999,282.99463,6.0347,287.3541
1861,2025-09-15 13:00:00+05:30,6.7205353,277.69595,8.613709,280.84027
1862,2025-09-15 14:00:00+05:30,10.8015,293.5747,14.01806,294.2613
1863,2025-09-15 15:00:00+05:30,12.011544,299.63828,16.03213,298.86707
1864,2025-09-15 16:00:00+05:30,9.340941,295.08356,13.443481,296.2219
1865,2025-09-15 17:00:00+05:30,5.195113,284.03625,12.072083,290.05618
1866,2025-09-15 18:00:00+05:30,1.0948973,260.53775,6.297428,300.96368
1867,2025-09-15 19:00:00+05:30,0.35999998,180.0,2.9301877,280.6196
1868,2025-09-15 20:00:00+05:30,2.8116899,140.19447,3.8856654,166.60748
1869,2025-09-15 21:00:00+05:30,4.91634,156.2505,8.65873,159.30447
1870,2025-09-15 22:00:00+05:30,6.1437774,174.95764,13.441071,172.30405
1871,2025-09-15 23:00:00+05:30,6.4323244,162.07199,16.011908,171.59671
1872,2025-09-16 00:00:00+05:30,5.937272,165.96373,15.84409,178.69807
1873,2025-09-16 01:00:00+05:30,4.4456716,148.24057,12.007498,167.00539
1874,2025-09-16 02:00:00+05:30,3.8268526,131.18582,10.597094,159.10216
1875,2025-09-16 03:00:00+05:30,3.9640884,140.52757,11.196231,175.38943
1876,2025-09-16 04:00:00+05:30,5.004518,142.3057,11.659777,171.11942
1877,2025-09-16 05:00:00+05:30,5.2478566,120.96369,10.4166975,161.87805
1878,2025-09-16 06:00:00+05:30,5.293959,125.311295,5.072041,152.52565
1879,2025-09-16 07:00:00+05:30,3.0811036,186.70975,3.2599385,263.6599
1880,2025-09-16 08:00:00+05:30,5.4029994,271.90912,7.42159,284.03625
1881,2025-09-16 09:00:00+05:30,7.029225,283.32455,9.05205,287.3541
1882,2025-09-16 10:00:00+05:30,7.3997297,318.94528,9.449572,319.63553
1883,2025-09-16 11:00:00+05:30,7.4128532,330.9455,9.2660675,330.9455
1884,2025-09-16 12:00:00+05:30,7.0199995,337.3801,8.39078,337.28555
1885,2025-09-16 13:00:00+05:30,6.193674,324.46225,7.596341,323.67307
1886,2025-09-16 14:00:00+05:30,7.0934615,324.2932,8.53815,325.30478
1887,2025-09-16 15:00:00+05:30,15.865546,335.17947,21.2522,333.86905
1888,2025-09-16 16:00:00+05:30,6.12,118.072395,7.486788,99.68872
1889,2025-09-16 17:00:00+05:30,7.342588,78.6901,11.334285,69.55037
1890,2025-09-16 18:00:00+05:30,4.4565907,133.36346,11.9466305,120.815636
1891,2025-09-16 19:00:00+05:30,5.9617786,118.88649,13.926464,116.89616
1892,2025-09-16 20:00:00+05:30,6.193674,125.537766,14.677452,123.49521
1893,2025-09-16 21:00:00+05:30,6.2483597,101.63361,15.009236,112.56705
1894,2025-09-16 22:00:00+05:30,5.9834766,83.08887,14.311981,96.49925
1895,2025-09-16 23:00:00+05:30,3.8939953,123.6901,11.545284,120.963684
1896,2025-09-17 00:00:00+05:30,2.5582807,50.710617,7.1661706,101.59215
1897,2025-09-17 01:00:00+05:30,1.9386592,68.19853,6.696387,126.25393
1898,2025-09-17 02:00:00+05:30,4.5,73.73973,8.936778,99.27253
1899,2025-09-17 03:00:00+05:30,12.351987,46.771442,21.573734,49.398785
1900,2025-09-17 04:00:00+05:30,7.44121,57.84773,14.206323,67.65931
1901,2025-09-17 05:00:00+05:30,5.3426957,57.380775,11.808878,52.431335
1902,2025-09-17 06:00:00+05:30,0.17999999,90.0,3.710795,255.96373
1903,2025-09-17 07:00:00+05:30,0.35999998,90.0,3.5864744,252.47433
1904,2025-09-17 08:00:00+05:30,8.383054,14.931467,12.442153,14.237315
1905,2025-09-17 09:00:00+05:30,5.7628117,14.470333,7.3799996,12.680387
1906,2025-09-17 10:00:00+05:30,4.2366967,12.26477,5.4744864,9.462261
1907,2025-09-17 11:00:00+05:30,5.04,360.0,6.482499,358.40887
1908,2025-09-17 12:00:00+05:30,7.613382,353.21112,9.6228485,352.47626
1909,2025-09-17 13:00:00+05:30,9.403169,354.50775,11.749741,354.7262
1910,2025-09-17 14:00:00+05:30,9.9571085,347.4712,12.57426,346.75946
1911,2025-09-17 15:00:00+05:30,8.513448,346.55136,11.003581,344.82703
1912,2025-09-17 16:00:00+05:30,7.3799996,347.3196,9.741642,343.90912
1913,2025-09-17 17:00:00+05:30,6.151683,20.556128,9.6932955,15.068549
1914,2025-09-17 18:00:00+05:30,1.5379207,110.55613,3.0811036,83.29026
1915,2025-09-17 19:00:00+05:30,3.462369,171.02745,6.6818557,184.63538
1916,2025-09-17 20:00:00+05:30,3.8856654,166.60748,6.5693827,189.46225
1917,2025-09-17 21:00:00+05:30,3.0758414,159.44388,5.0911684,188.13002
1918,2025-09-17 22:00:00+05:30,1.659518,139.39879,2.52,180.0
1919,2025-09-17 23:00:00+05:30,1.1384199,71.564964,1.9881649,84.805664
1920,2025-09-18 00:00:00+05:30,2.0523157,74.74483,3.7971036,95.44024
1921,2025-09-18 01:00:00+05:30,8.281956,1.2453395,13.775586,353.24652
1922,2025-09-18 02:00:00+05:30,3.7971041,31.429514,6.361415,25.114815
1923,2025-09-18 03:00:00+05:30,2.5071096,68.96242,8.297589,49.398785
1924,2025-09-18 04:00:00+05:30,7.3821945,358.60284,12.32047,11.802421
1925,2025-09-18 05:00:00+05:30,4.2136917,340.0168,5.4656014,342.75845
1926,2025-09-18 06:00:00+05:30,2.4482646,197.10281,2.36753,171.25392
1927,2025-09-18 07:00:00+05:30,2.1897945,279.46225,2.6208394,285.94547
1928,2025-09-18 08:00:00+05:30,5.728979,316.27295,7.256032,316.00497
1929,2025-09-18 09:00:00+05:30,4.5572357,350.9098,5.4744864,350.53775
1930,2025-09-18 10:00:00+05:30,4.6938252,4.398633,5.771239,3.5762644
1931,2025-09-18 11:00:00+05:30,4.452954,14.036275,5.506941,11.3098955
1932,2025-09-18 12:00:00+05:30,7.029225,346.67545,8.863972,347.0926
1933,2025-09-18 13:00:00+05:30,8.227004,349.91946,10.215693,345.71887
1934,2025-09-18 14:00:00+05:30,4.942631,33.111355,6.037383,26.564985
1935,2025-09-18 15:00:00+05:30,3.572898,310.91428,4.7110505,313.4519
1936,2025-09-18 16:00:00+05:30,5.994297,311.3477,7.928177,309.47244
1937,2025-09-18 17:00:00+05:30,5.9617786,331.11353,11.298495,329.3494
1938,2025-09-18 18:00:00+05:30,3.4388947,42.878906,8.452336,26.564985
1939,2025-09-18 19:00:00+05:30,3.362677,74.47583,7.056826,52.253136
1940,2025-09-18 20:00:00+05:30,2.97953,64.98315,7.1321807,47.045418
1941,2025-09-18 21:00:00+05:30,2.5264204,85.91447,7.6473517,63.435013
1942,2025-09-18 22:00:00+05:30,1.6981165,57.99466,7.3094187,52.001225
1943,2025-09-18 23:00:00+05:30,3.96,90.0,9.114471,80.909805
1944,2025-09-19 00:00:00+05:30,3.462369,98.97255,7.587806,112.30626
1945,2025-09-19 01:00:00+05:30,3.7971036,95.44024,8.6193495,118.70586
1946,2025-09-19 02:00:00+05:30,2.5772076,114.775116,7.2649574,138.01286
1947,2025-09-19 03:00:00+05:30,0.25455844,315.0001,2.4014995,192.99461
1948,2025-09-19 04:00:00+05:30,2.5959969,303.6901,5.7628117,268.2101
1949,2025-09-19 05:00:00+05:30,3.1845248,317.29062,7.989243,284.34937
1950,2025-09-19 06:00:00+05:30,5.8631387,287.87878,13.403656,292.08722
1951,2025-09-19 07:00:00+05:30,6.21717,292.1095,11.996699,297.7184
1952,2025-09-19 08:00:00+05:30,4.3498964,294.44394,5.8048253,299.74478
1953,2025-09-19 09:00:00+05:30,5.1165614,309.28937,6.522361,309.40063
1954,2025-09-19 10:00:00+05:30,6.618519,315.0001,8.400428,315.0001
1955,2025-09-19 11:00:00+05:30,9.587428,320.33218,12.145665,320.4119
1956,2025-09-19 12:00:00+05:30,10.337078,324.92618,13.1412325,323.91483
1957,2025-09-19 13:00:00+05:30,11.032987,326.3099,13.83192,325.069
1958,2025-09-19 14:00:00+05:30,13.581354,325.25674,17.534992,324.18875
1959,2025-09-19 15:00:00+05:30,18.201374,351.4693,24.35926,349.35437
1960,2025-09-19 16:00:00+05:30,12.108261,348.85715,16.419512,347.33493
1961,2025-09-19 17:00:00+05:30,6.302571,358.36346,11.588701,353.75818
1962,2025-09-19 18:00:00+05:30,5.0432134,34.82457,12.472065,20.265789
1963,2025-09-19 19:00:00+05:30,1.8,53.13002,6.7205353,20.37652
1964,2025-09-19 20:00:00+05:30,0.0,270.0,4.5,360.0
1965,2025-09-19 21:00:00+05:30,0.56920993,71.564964,5.950899,3.46817
1966,2025-09-19 22:00:00+05:30,1.2074767,63.435013,7.0591216,19.359097
1967,2025-09-19 23:00:00+05:30,1.0495713,120.96369,4.4565907,46.636536
1968,2025-09-20 00:00:00+05:30,1.4058449,140.19447,4.1556225,72.34979
1969,2025-09-20 01:00:00+05:30,3.550155,239.53453,3.9477081,245.77226
1970,2025-09-20 02:00:00+05:30,4.412754,258.23172,8.209263,254.74483
1971,2025-09-20 03:00:00+05:30,2.968636,255.96373,7.289444,249.77505
1972,2025-09-20 04:00:00+05:30,3.62243,296.56497,8.82,270.0
1973,2025-09-20 05:00:00+05:30,4.863332,321.009,11.435313,298.1785
1974,2025-09-20 06:00:00+05:30,7.5363917,319.84406,17.581125,317.4896
1975,2025-09-20 07:00:00+05:30,8.320986,321.1466,18.875126,325.09744
1976,2025-09-20 08:00:00+05:30,7.1684303,321.1155,13.287122,324.372
1977,2025-09-20 09:00:00+05:30,10.484903,325.4914,13.878689,326.1038
1978,2025-09-20 10:00:00+05:30,11.500296,320.07965,14.81915,319.92715
1979,2025-09-20 11:00:00+05:30,13.022349,319.48468,16.848999,319.3324
1980,2025-09-20 12:00:00+05:30,13.072015,321.70978,16.92383,321.91116
1981,2025-09-20 13:00:00+05:30,14.25641,322.69598,18.504139,322.90707
1982,2025-09-20 14:00:00+05:30,13.830749,321.34018,18.188019,321.4287
1983,2025-09-20 15:00:00+05:30,14.76439,315.0001,20.237797,315.3603
1984,2025-09-20 16:00:00+05:30,14.14232,317.5792,21.661413,317.69434
1985,2025-09-20 17:00:00+05:30,9.037721,315.80682,18.98552,317.68982
1986,2025-09-20 18:00:00+05:30,8.149847,316.7899,20.35274,321.10275
1987,2025-09-20 19:00:00+05:30,6.299999,306.86996,16.755476,320.6673
1988,2025-09-20 20:00:00+05:30,3.1845248,317.29062,12.594856,329.03632
1989,2025-09-20 21:00:00+05:30,2.5455842,315.0001,9.595874,336.8014
1990,2025-09-20 22:00:00+05:30,4.293669,303.02386,8.669949,318.36655
1991,2025-09-20 23:00:00+05:30,5.4119864,273.814,9.6932955,285.06854
1992,2025-09-21 00:00:00+05:30,5.068846,253.49556,10.62,270.0
1993,2025-09-21 01:00:00+05:30,4.991553,244.35904,10.717182,262.27826
1994,2025-09-21 02:00:00+05:30,5.983477,254.29129,15.073858,258.28757
1995,2025-09-21 03:00:00+05:30,5.6835546,259.046,15.215058,259.08893
1996,2025-09-21 04:00:00+05:30,5.5450516,256.86597,14.588885,260.77017
1997,2025-09-21 05:00:00+05:30,5.720489,257.27563,15.226764,263.21112
1998,2025-09-21 06:00:00+05:30,5.5916004,273.6913,14.6254835,283.52316
1999,2025-09-21 07:00:00+05:30,7.029225,283.32455,15.885956,289.87225
2000,2025-09-21 08:00:00+05:30,7.989242,292.5206,12.397806,295.82092
2001,2025-09-21 09:00:00+05:30,7.5685663,295.34613,10.315115,299.24872
2002,2025-09-21 10:00:00+05:30,10.948973,313.66785,14.50983,315.0001
2003,2025-09-21 11:00:00+05:30,14.2575445,313.97705,18.584509,314.21527
2004,2025-09-21 12:00:00+05:30,15.275627,314.04523,20.241,313.91916
2005,2025-09-21 13:00:00+05:30,15.910412,314.5417,21.129883,314.3098
2006,2025-09-21 14:00:00+05:30,15.018949,315.0001,20.111729,314.27487
2007,2025-09-21 15:00:00+05:30,14.133152,313.4519,19.107151,312.70938
2008,2025-09-21 16:00:00+05:30,12.362475,312.04913,19.25327,311.58896
2009,2025-09-21 17:00:00+05:30,7.256032,313.995,16.928614,315.43073
2010,2025-09-21 18:00:00+05:30,7.1684303,321.1155,18.978693,324.65173
2011,2025-09-21 19:00:00+05:30,7.0407386,327.52884,19.293615,329.128
2012,2025-09-21 20:00:00+05:30,6.698806,329.30035,18.152353,329.62094
2013,2025-09-21 21:00:00+05:30,4.8965297,323.97253,13.799087,329.42084
2014,2025-09-21 22:00:00+05:30,5.0432134,267.95465,10.435344,284.99512
2015,2025-09-21 23:00:00+05:30,3.604497,267.13766,10.51576,276.88162
2016,2025-09-22 00:00:00+05:30,1.8089776,275.7105,7.570707,288.00424
2017,2025-09-22 01:00:00+05:30,2.1897945,260.53775,7.970972,276.48297
2018,2025-09-22 02:00:00+05:30,3.438895,263.9911,9.0018,271.14572
2019,2025-09-22 03:00:00+05:30,3.148714,300.96368,8.766573,289.1791
2020,2025-09-22 04:00:00+05:30,2.8460495,325.30478,7.7420926,305.53775
2021,2025-09-22 05:00:00+05:30,4.4456716,301.75943,9.096681,297.072
2022,2025-09-22 06:00:00+05:30,5.072041,297.47433,14.021525,311.87778
2023,2025-09-22 07:00:00+05:30,6.28713,283.24054,12.996201,306.55255
2024,2025-09-22 08:00:00+05:30,5.3699164,283.57043,10.948973,297.4075
2025,2025-09-22 09:00:00+05:30,7.995323,301.1849,10.436895,302.31958
2026,2025-09-22 10:00:00+05:30,12.221457,316.1934,16.039202,315.90927
2027,2025-09-22 11:00:00+05:30,13.493999,313.91916,17.95043,313.7812
2028,2025-09-22 12:00:00+05:30,15.053425,311.12137,19.777897,310.94055
2029,2025-09-22 13:00:00+05:30,15.580141,310.31403,20.696087,310.0607
2030,2025-09-22 14:00:00+05:30,16.204998,310.94635,21.82755,310.65247
2031,2025-09-22 15:00:00+05:30,16.966848,311.12863,23.858658,311.02316
2032,2025-09-22 16:00:00+05:30,14.84318,309.09384,23.950823,308.5926
2033,2025-09-22 17:00:00+05:30,10.120099,308.50067,21.6457,308.58542
2034,2025-09-22 18:00:00+05:30,8.027678,317.72638,21.437386,319.0857
2035,2025-09-22 19:00:00+05:30,7.928177,309.47244,22.049082,312.02188
2036,2025-09-22 20:00:00+05:30,8.297589,319.39877,22.404757,321.19638
2037,2025-09-22 21:00:00+05:30,6.8423676,324.63745,18.820976,326.3099
2038,2025-09-22 22:00:00+05:30,6.3639607,298.7397,16.940096,312.84702
2039,2025-09-22 23:00:00+05:30,6.9480934,286.55716,18.307865,300.09415
2040,2025-09-23 00:00:00+05:30,6.889557,303.2749,18.865683,307.6353
2041,2025-09-23 01:00:00+05:30,7.145796,310.91428,19.89631,311.33212
2042,2025-09-23 02:00:00+05:30,7.1389914,303.6901,19.376562,305.1665
2043,2025-09-23 03:00:00+05:30,6.989936,304.50858,19.26084,307.40543
2044,2025-09-23 04:00:00+05:30,6.7757506,309.61066,18.455925,314.60492
2045,2025-09-23 05:00:00+05:30,6.552099,307.18478,17.946821,314.5937
2046,2025-09-23 06:00:00+05:30,7.8149853,308.45374,19.388264,318.76413
2047,2025-09-23 07:00:00+05:30,8.936778,297.5972,19.35314,313.4926
2048,2025-09-23 08:00:00+05:30,7.4867883,297.18103,14.366211,307.87503
2049,2025-09-23 09:00:00+05:30,9.187056,304.62424,12.744457,306.38446
2050,2025-09-23 10:00:00+05:30,15.277749,304.43906,20.320877,304.53473
2051,2025-09-23 11:00:00+05:30,18.329973,314.20435,24.693481,314.40942
2052,2025-09-23 12:00:00+05:30,19.477463,316.1232,26.354485,316.3836
2053,2025-09-23 13:00:00+05:30,19.219584,315.3794,25.966208,315.5616
2054,2025-09-23 14:00:00+05:30,19.134262,318.81415,26.009844,318.36655
2055,2025-09-23 15:00:00+05:30,17.968472,317.84222,25.354454,317.58954
2056,2025-09-23 16:00:00+05:30,14.410121,318.54486,23.199759,318.14505
2057,2025-09-23 17:00:00+05:30,9.957108,310.60123,21.152872,312.2408
2058,2025-09-23 18:00:00+05:30,12.538134,309.17365,25.996138,312.19357
2059,2025-09-23 19:00:00+05:30,13.287122,324.372,27.579382,324.0275
2060,2025-09-23 20:00:00+05:30,10.644379,341.25854,24.840652,336.96494
2061,2025-09-23 21:00:00+05:30,8.035746,344.40714,21.518847,342.47433
2062,2025-09-23 22:00:00+05:30,6.522361,320.59937,17.660192,330.0379
2063,2025-09-23 23:00:00+05:30,6.552099,307.18478,17.035456,321.43472
2064,2025-09-24 00:00:00+05:30,6.8919086,310.76352,18.022486,320.26773
2065,2025-09-24 01:00:00+05:30,7.5019197,300.25635,19.567083,309.40063
2066,2025-09-24 02:00:00+05:30,8.133928,294.86368,21.392754,300.881
2067,2025-09-24 03:00:00+05:30,8.43699,303.6901,22.065973,303.6901
2068,2025-09-24 04:00:00+05:30,7.8480825,306.60718,21.517342,304.08893
2069,2025-09-24 05:00:00+05:30,7.674842,309.28937,20.999144,308.7365
2070,2025-09-24 06:00:00+05:30,10.4493065,312.2072,23.801556,315.30637
2071,2025-09-24 07:00:00+05:30,11.616626,310.6012,23.292444,315.31305
2072,2025-09-24 08:00:00+05:30,12.145665,309.5881,18.626305,311.08167
2073,2025-09-24 09:00:00+05:30,16.704155,307.11694,23.080746,308.0318
2074,2025-09-24 10:00:00+05:30,20.442486,309.9993,27.958004,310.5612
2075,2025-09-24 11:00:00+05:30,21.540668,318.04846,29.193869,318.2492
2076,2025-09-24 12:00:00+05:30,19.59356,321.34018,26.368616,321.09586
2077,2025-09-24 13:00:00+05:30,18.372349,318.9726,24.502487,319.17053
2078,2025-09-24 14:00:00+05:30,17.692268,315.41214,23.801556,315.30637
2079,2025-09-24 15:00:00+05:30,16.940096,312.84702,23.441502,312.5104
2080,2025-09-24 16:00:00+05:30,13.920647,310.2798,21.964426,310.34656
2081,2025-09-24 17:00:00+05:30,8.461915,308.08884,19.200188,308.91147
2082,2025-09-24 18:00:00+05:30,7.001514,316.04153,18.589739,316.5693
2083,2025-09-24 19:00:00+05:30,7.282774,320.01315,19.54389,319.85666
2084,2025-09-24 20:00:00+05:30,7.689603,327.42596,20.87379,327.6804
2085,2025-09-24 21:00:00+05:30,8.707238,352.87506,22.491356,347.52094
2086,2025-09-24 22:00:00+05:30,7.040739,355.60138,19.807362,1.562192
2087,2025-09-24 23:00:00+05:30,4.73506,351.2539,13.767352,11.3098955
2088,2025-09-25 00:00:00+05:30,4.445672,338.6293,12.324414,6.70975
2089,2025-09-25 01:00:00+05:30,4.7110505,6.581848,13.627795,12.200457
2090,2025-09-25 02:00:00+05:30,4.7521367,335.37646,12.860871,353.57135
2091,2025-09-25 03:00:00+05:30,6.2613096,288.43503,14.98331,308.65982
2092,2025-09-25 04:00:00+05:30,5.8409934,303.6901,16.176983,312.7454
2093,2025-09-25 05:00:00+05:30,6.1094027,315.0001,17.23964,319.65833
2094,2025-09-25 06:00:00+05:30,9.807935,312.7688,21.710716,319.70792
2095,2025-09-25 07:00:00+05:30,10.233123,309.28937,22.66857,316.93057
2096,2025-09-25 08:00:00+05:30,9.3340025,309.52258,14.387619,313.47928
2097,2025-09-25 09:00:00+05:30,12.218805,315.0001,16.548256,315.88132
2098,2025-09-25 10:00:00+05:30,15.299999,323.13004,20.340796,323.63705
2099,2025-09-25 11:00:00+05:30,15.472672,330.75128,20.140705,331.14444
2100,2025-09-25 12:00:00+05:30,15.455911,333.73343,20.04476,333.8952
2101,2025-09-25 13:00:00+05:30,13.6063795,332.41806,17.555307,331.8585
2102,2025-09-25 14:00:00+05:30,12.783802,327.6526,16.828796,327.66983
2103,2025-09-25 15:00:00+05:30,13.324863,321.5819,17.682194,321.61343
2104,2025-09-25 16:00:00+05:30,12.172312,321.6048,18.581894,321.68686
2105,2025-09-25 17:00:00+05:30,8.39078,324.6051,18.434847,324.13705
2106,2025-09-25 18:00:00+05:30,6.502461,318.36655,16.529644,321.63248
2107,2025-09-25 19:00:00+05:30,5.3999996,306.86996,14.450535,309.44003
2108,2025-09-25 20:00:00+05:30,5.728979,313.72705,15.027575,316.94147
2109,2025-09-25 21:00:00+05:30,8.0899935,327.72437,20.808498,329.88635
2110,2025-09-25 22:00:00+05:30,9.621163,342.58194,23.706076,346.3858
2111,2025-09-25 23:00:00+05:30,8.849339,4.6667724,23.23116,1.7760042
2112,2025-09-26 00:00:00+05:30,7.6367526,8.130019,20.454369,6.061702
2113,2025-09-26 01:00:00+05:30,6.0721655,348.0239,16.42839,355.60138
2114,2025-09-26 02:00:00+05:30,5.5829024,339.22766,15.328561,350.53775
2115,2025-09-26 03:00:00+05:30,5.402999,330.01843,14.618837,350.07382
2116,2025-09-26 04:00:00+05:30,5.9427266,324.86572,15.779543,339.29086
2117,2025-09-26 05:00:00+05:30,5.994297,318.6523,15.861463,332.27182
2118,2025-09-26 06:00:00+05:30,7.748368,329.2646,19.15288,338.4985
2119,2025-09-26 07:00:00+05:30,9.396275,323.56903,20.067375,336.19403
2120,2025-09-26 08:00:00+05:30,9.266067,335.9245,14.0734215,339.015
2121,2025-09-26 09:00:00+05:30,11.843124,335.77228,15.646544,336.9745
2122,2025-09-26 10:00:00+05:30,13.149859,340.8209,17.19165,342.3238
2123,2025-09-26 11:00:00+05:30,14.401124,341.7914,18.954777,341.737
2124,2025-09-26 12:00:00+05:30,15.443328,338.81857,20.056877,338.9624
2125,2025-09-26 13:00:00+05:30,14.275713,336.9911,18.720001,337.3801
2126,2025-09-26 14:00:00+05:30,14.087229,333.43503,18.514643,333.43503
2127,2025-09-26 15:00:00+05:30,15.159591,330.08646,20.473368,330.50513
2128,2025-09-26 16:00:00+05:30,14.539945,328.67136,21.547436,329.36465
2129,2025-09-26 17:00:00+05:30,9.688281,324.8335,20.01969,326.73856
2130,2025-09-26 18:00:00+05:30,6.7757506,320.38934,18.079027,324.72748
2131,2025-09-26 19:00:00+05:30,6.21717,337.8905,15.807239,329.9315
2132,2025-09-26 20:00:00+05:30,5.771239,3.5762644,14.761098,359.30133
2133,2025-09-26 21:00:00+05:30,4.724786,17.744766,13.6242285,15.321567
2134,2025-09-26 22:00:00+05:30,4.991553,25.640957,14.401124,18.208578
2135,2025-09-26 23:00:00+05:30,6.603817,17.447285,18.051228,16.808784
2136,2025-09-27 00:00:00+05:30,6.2613096,18.435053,17.71789,20.828638
2137,2025-09-27 01:00:00+05:30,7.0223074,358.53122,18.568813,11.745607
2138,2025-09-27 02:00:00+05:30,9.567131,355.68405,22.862833,0.9022045
2139,2025-09-27 03:00:00+05:30,9.080639,13.760814,22.277134,12.127073
2140,2025-09-27 04:00:00+05:30,8.035746,15.5928755,20.457537,21.146173
2141,2025-09-27 05:00:00+05:30,7.3447943,17.102825,19.172323,24.399433
2142,2025-09-27 06:00:00+05:30,6.9550843,10.437421,16.59225,28.511152
2143,2025-09-27 07:00:00+05:30,4.6938252,94.39862,9.904906,70.90642
2144,2025-09-27 08:00:00+05:30,3.6,36.86999,5.0911684,44.999897
2145,2025-09-27 09:00:00+05:30,4.7928696,34.286938,6.156947,37.875042
2146,2025-09-27 10:00:00+05:30,6.384293,68.498505,8.197414,70.76923
2147,2025-09-27 11:00:00+05:30,8.477216,93.65215,10.63372,92.910774
2148,2025-09-27 12:00:00+05:30,6.28713,76.75947,8.613709,79.159744
2149,2025-09-27 13:00:00+05:30,11.555103,94.46708,14.949756,92.069984
2150,2025-09-27 14:00:00+05:30,9.5416975,54.21094,12.283599,55.145473
2151,2025-09-27 15:00:00+05:30,11.837651,45.615982,15.275627,45.954758
2152,2025-09-27 16:00:00+05:30,12.972494,29.054508,17.816362,29.672995
2153,2025-09-27 17:00:00+05:30,10.934166,20.224945,19.191748,23.198618
2154,2025-09-27 18:00:00+05:30,6.889557,33.27491,16.431347,42.78033
2155,2025-09-27 19:00:00+05:30,5.1481256,36.469334,13.281023,57.17146
2156,2025-09-27 20:00:00+05:30,5.7402787,41.185825,14.266632,60.524208
2157,2025-09-27 21:00:00+05:30,6.3639607,44.999897,16.144905,59.145874
2158,2025-09-27 22:00:00+05:30,8.574123,50.964497,19.976755,57.8852
2159,2025-09-27 23:00:00+05:30,11.119281,60.94549,23.4,67.3801
2160,2025-09-28 00:00:00+05:30,13.229694,75.01832,24.948027,73.65705
2161,2025-09-28 01:00:00+05:30,9.565437,70.20104,20.082708,75.46551
2162,2025-09-28 02:00:00+05:30,9.676569,71.564964,20.38773,76.209114
2163,2025-09-28 03:00:00+05:30,10.310403,73.77974,21.042301,79.651375
2164,2025-09-28 04:00:00+05:30,11.983188,57.264786,22.644257,66.083755
2165,2025-09-28 05:00:00+05:30,11.465024,67.86446,23.05476,72.27228
2166,2025-09-28 06:00:00+05:30,13.943901,78.83517,25.22891,82.62156
2167,2025-09-28 07:00:00+05:30,11.770403,66.5713,23.281315,71.985214
2168,2025-09-28 08:00:00+05:30,15.542662,76.60749,21.479666,76.42955
2169,2025-09-28 09:00:00+05:30,17.648262,91.753365,23.59717,92.18576
2170,2025-09-28 10:00:00+05:30,18.044046,94.0041,23.815163,93.90042
2171,2025-09-28 11:00:00+05:30,17.46371,91.18117,23.051247,91.78987
2172,2025-09-28 12:00:00+05:30,18.014393,92.29056,23.59099,91.74891
2173,2025-09-28 13:00:00+05:30,18.008097,91.71832,23.770906,91.73567
2174,2025-09-28 14:00:00+05:30,17.92966,83.659904,23.893261,83.94591
2175,2025-09-28 15:00:00+05:30,16.521805,82.487946,22.148045,82.528534
2176,2025-09-28 16:00:00+05:30,14.490838,83.581314,20.275383,83.88459
2177,2025-09-28 17:00:00+05:30,8.64,90.0,16.560978,90.62274
2178,2025-09-28 18:00:00+05:30,10.144082,117.47435,20.53105,115.44171
2179,2025-09-28 19:00:00+05:30,9.354806,120.01828,20.850496,117.2286
2180,2025-09-28 20:00:00+05:30,8.854829,116.56499,20.690605,117.45666
2181,2025-09-28 21:00:00+05:30,7.596341,103.706985,19.240644,109.11307
2182,2025-09-28 22:00:00+05:30,8.459999,90.0,19.937794,96.73997
2183,2025-09-28 23:00:00+05:30,9.187056,87.75431,20.615303,95.51138
2184,2025-09-29 00:00:00+05:30,9.721666,88.93912,20.991426,95.906044
2185,2025-09-29 01:00:00+05:30,9.901636,88.9584,21.170479,95.85592
2186,2025-09-29 02:00:00+05:30,9.72,90.0,21.1896,96.340096
2187,2025-09-29 03:00:00+05:30,9.007196,92.29056,20.39091,98.630714
2188,2025-09-29 04:00:00+05:30,9.292254,98.914856,20.605873,104.15767
2189,2025-09-29 05:00:00+05:30,8.467655,92.4366,19.206936,100.25677
2190,2025-09-29 06:00:00+05:30,9.555271,86.76037,19.313757,94.275764
2191,2025-09-29 07:00:00+05:30,8.0599,119.42737,14.168641,117.216034
2192,2025-09-29 08:00:00+05:30,9.901636,117.030785,12.96125,117.27668
2193,2025-09-29 09:00:00+05:30,11.995349,115.79598,15.455911,116.26658
2194,2025-09-29 10:00:00+05:30,12.904882,120.141304,16.546299,120.74989
2195,2025-09-29 11:00:00+05:30,11.7662735,119.30991,15.070633,119.32038
2196,2025-09-29 12:00:00+05:30,10.144082,117.47435,12.801531,117.64589
2197,2025-09-29 13:00:00+05:30,9.236298,123.07069,11.638917,121.72356
2198,2025-09-29 14:00:00+05:30,7.282774,129.98683,9.109138,127.77575
2199,2025-09-29 15:00:00+05:30,6.037383,116.56499,7.406295,115.94224
2200,2025-09-29 16:00:00+05:30,8.049845,100.30479,10.132897,102.30801
2201,2025-09-29 17:00:00+05:30,5.950899,93.46816,10.209348,99.1301
2202,2025-09-29 18:00:00+05:30,1.4399999,270.0,2.9024127,172.87508
2203,2025-09-29 19:00:00+05:30,2.4216523,311.98712,1.5379207,110.55613
2204,2025-09-29 20:00:00+05:30,0.6489992,303.6901,2.6208394,105.945465
2205,2025-09-29 21:00:00+05:30,1.3708391,293.1986,0.742159,165.96373
2206,2025-09-29 22:00:00+05:30,0.40249225,206.56499,3.0758414,159.44388
2207,2025-09-29 23:00:00+05:30,1.2074767,153.43501,6.193674,144.46223
2208,2025-09-30 00:00:00+05:30,5.004518,127.694305,12.221457,133.8066
2209,2025-09-30 01:00:00+05:30,3.9640884,140.52757,9.313152,138.91835
2210,2025-09-30 02:00:00+05:30,2.7475805,121.60746,7.0199995,157.3801
2211,2025-09-30 03:00:00+05:30,11.616627,12.528798,16.244936,21.44781
2212,2025-09-30 04:00:00+05:30,2.9522195,217.56866,3.4152596,198.43504
2213,2025-09-30 05:00:00+05:30,5.7176566,61.821507,8.049845,63.435013
2214,2025-09-30 06:00:00+05:30,2.8460495,325.30478,4.991553,295.64096
2215,2025-09-30 07:00:00+05:30,1.484318,75.96373,0.8049845,26.564985
2216,2025-09-30 08:00:00+05:30,0.9178235,191.30989,1.3104197,195.94547
2217,2025-09-30 09:00:00+05:30,1.609969,63.435013,1.8532133,60.94549
2218,2025-09-30 10:00:00+05:30,3.4949677,78.11137,4.278551,75.37909
2219,2025-09-30 11:00:00+05:30,5.0911684,81.86999,6.391901,80.2725
2220,2025-09-30 12:00:00+05:30,5.9834766,96.91113,7.415038,95.572105
2221,2025-09-30 13:00:00+05:30,6.6624317,88.45188,7.92,90.0
2222,2025-09-30 14:00:00+05:30,4.514377,66.50142,5.920878,70.46326
2223,2025-09-30 15:00:00+05:30,2.1068459,109.98319,2.7238941,97.59455
2224,2025-09-30 16:00:00+05:30,2.3400002,157.3801,2.5772076,155.22488
2225,2025-09-30 17:00:00+05:30,3.8939953,213.6901,7.7043357,217.40543
2226,2025-09-30 18:00:00+05:30,6.048107,216.52895,11.480557,221.18582
2227,2025-09-30 19:00:00+05:30,5.8048253,240.2552,12.632101,237.21573
2228,2025-09-30 20:00:00+05:30,6.552099,217.18478,15.172409,228.36656
2229,2025-09-30 21:00:00+05:30,6.7469993,226.08084,15.077082,236.68936
2230,2025-09-30 22:00:00+05:30,6.502461,228.36655,13.83192,235.06898
2231,2025-09-30 23:00:00+05:30,6.6087217,240.64233,13.849477,242.10283
2232,2025-10-01 00:00:00+05:30,6.1120534,256.373,13.499999,253.73972
2233,2025-10-01 01:00:00+05:30,9.621163,252.58194,17.069656,255.96373
2234,2025-10-01 02:00:00+05:30,11.063778,291.97455,17.727943,282.9074
2235,2025-10-01 03:00:00+05:30,7.771331,346.60748,13.891522,328.78165
2236,2025-10-01 04:00:00+05:30,4.5,106.26028,5.2200003,90.0
2237,2025-10-01 05:00:00+05:30,6.6087217,240.64233,10.310403,253.77974
2238,2025-10-01 06:00:00+05:30,1.8792552,196.69933,4.5891175,244.44008
2239,2025-10-01 07:00:00+05:30,4.143911,182.4895,5.8603754,190.6196
2240,2025-10-01 08:00:00+05:30,6.489992,183.17976,8.467655,182.4366
2241,2025-10-01 09:00:00+05:30,5.1197267,190.1246,6.542201,187.90707
2242,2025-10-01 10:00:00+05:30,3.9518096,210.0685,4.913044,208.44283
2243,2025-10-01 11:00:00+05:30,8.181589,219.64413,10.094454,219.93633
2244,2025-10-01 12:00:00+05:30,7.9567327,217.64769,9.939196,215.41714
2245,2025-10-01 13:00:00+05:30,2.0991426,210.96368,3.1845248,222.70937
2246,2025-10-01 14:00:00+05:30,7.10031,239.53453,9.600937,239.589
2247,2025-10-01 15:00:00+05:30,3.06,270.0,4.5,270.0
2248,2025-10-01 16:00:00+05:30,3.8939953,303.6901,5.1919937,303.6901
2249,2025-10-01 17:00:00+05:30,5.637765,286.6993,10.1902895,287.47485
2250,2025-10-01 18:00:00+05:30,4.8899083,276.3401,10.137692,286.50443
2251,2025-10-01 19:00:00+05:30,3.189608,253.61038,6.489992,266.82022
2252,2025-10-01 20:00:00+05:30,3.06,241.92761,6.6794305,255.96373
2253,2025-10-01 21:00:00+05:30,2.9024127,240.2552,5.8631387,252.1212
2254,2025-10-01 22:00:00+05:30,2.6758924,250.34608,4.452954,255.96373
2255,2025-10-01 23:00:00+05:30,0.742159,194.03627,3.6179552,174.2895
2256,2025-10-02 00:00:00+05:30,1.4058449,219.80553,4.060985,192.80426
2257,2025-10-02 01:00:00+05:30,2.9024127,150.2552,7.3469996,149.03632
2258,2025-10-02 02:00:00+05:30,3.8268526,138.81418,8.967541,141.51978
2259,2025-10-02 03:00:00+05:30,16.584438,183.11078,28.265158,181.09467
2260,2025-10-02 04:00:00+05:30,3.5455887,203.9625,8.641874,178.80653
2261,2025-10-02 05:00:00+05:30,2.1674871,318.36655,5.6492476,247.52052
2262,2025-10-02 06:00:00+05:30,7.172949,252.47433,11.276968,241.38963
2263,2025-10-02 07:00:00+05:30,5.3305535,348.31067,7.5942082,301.4295
2264,2025-10-02 08:00:00+05:30,13.451914,12.362483,18.254698,12.528798
2265,2025-10-02 09:00:00+05:30,6.8989563,15.124064,8.604301,15.780828
2266,2025-10-02 10:00:00+05:30,4.724786,49.635548,5.904439,52.431335
2267,2025-10-02 11:00:00+05:30,8.967541,128.48022,11.019764,128.36752
2268,2025-10-02 12:00:00+05:30,10.742848,98.673096,13.590894,101.458725
2269,2025-10-02 13:00:00+05:30,13.943901,129.23735,18.11841,130.97165
2270,2025-10-02 14:00:00+05:30,7.4867883,117.18103,9.7565975,119.87591
2271,2025-10-02 15:00:00+05:30,8.825508,101.768265,11.190442,101.12915
2272,2025-10-02 16:00:00+05:30,8.139901,108.03438,10.310403,106.22027
2273,2025-10-02 17:00:00+05:30,9.3962755,106.699326,15.484185,107.592514
2274,2025-10-02 18:00:00+05:30,9.568824,106.38962,17.986494,103.8972
2275,2025-10-02 19:00:00+05:30,7.3094187,99.926186,15.426535,101.44101
2276,2025-10-02 20:00:00+05:30,6.424764,101.3099,15.287288,102.2361
2277,2025-10-02 21:00:00+05:30,5.8298883,98.88058,15.03835,101.0409
2278,2025-10-02 22:00:00+05:30,5.7515564,69.86362,14.848635,83.73661
2279,2025-10-02 23:00:00+05:30,5.8048253,60.255207,15.086748,70.48404
2280,2025-10-03 00:00:00+05:30,8.0599,66.29735,18.687086,69.12091
2281,2025-10-03 01:00:00+05:30,7.5019197,59.743652,17.280935,67.97689
2282,2025-10-03 02:00:00+05:30,7.3094187,80.07382,17.284687,81.616844
2283,2025-10-03 03:00:00+05:30,6.050785,67.24899,15.281989,74.98159
2284,2025-10-03 04:00:00+05:30,5.7204895,65.85446,14.145756,75.25639
2285,2025-10-03 05:00:00+05:30,5.8048253,60.255207,14.241629,73.85559
2286,2025-10-03 06:00:00+05:30,7.570707,61.60708,15.027575,71.13091
2287,2025-10-03 07:00:00+05:30,7.6473517,63.435013,12.872201,69.53765
2288,2025-10-03 08:00:00+05:30,9.0018,78.46541,11.866355,80.39487
2289,2025-10-03 09:00:00+05:30,8.107996,92.544754,10.2742,93.012726
2290,2025-10-03 10:00:00+05:30,7.0774574,97.30567,8.865799,95.82625
2291,2025-10-03 11:00:00+05:30,6.77575,106.99091,8.431228,106.11349
2292,2025-10-03 12:00:00+05:30,5.6060677,95.52745,7.029225,92.935616
2293,2025-10-03 13:00:00+05:30,5.426933,95.7105,6.6818557,94.635376
2294,2025-10-03 14:00:00+05:30,7.0015144,17.969234,8.39078,22.714453
2295,2025-10-03 15:00:00+05:30,15.914484,46.37476,21.129883,45.690197
2296,2025-10-03 16:00:00+05:30,11.212135,42.397392,14.896563,43.53127
2297,2025-10-03 17:00:00+05:30,5.6521144,37.234917,11.952054,37.042564
2298,2025-10-03 18:00:00+05:30,11.738705,54.36011,20.972897,50.572224
2299,2025-10-03 19:00:00+05:30,8.936778,55.66973,18.978693,54.65175
2300,2025-10-03 20:00:00+05:30,8.854829,63.435013,18.595839,62.93898
2301,2025-10-03 21:00:00+05:30,7.42159,67.16631,16.663372,63.7118
2302,2025-10-03 22:00:00+05:30,4.5,53.13002,12.399113,62.31903
2303,2025-10-03 23:00:00+05:30,5.0528407,355.91446,11.720751,10.61961
2304,2025-10-04 00:00:00+05:30,3.9966488,352.23492,7.570707,18.00426
2305,2025-10-04 01:00:00+05:30,5.0688457,6.1154146,9.021574,28.610369
2306,2025-10-04 02:00:00+05:30,5.4029994,1.9091109,11.440979,24.145542
2307,2025-10-04 03:00:00+05:30,3.9763298,354.80566,10.196647,20.67451
2308,2025-10-04 04:00:00+05:30,4.323748,2.385899,10.829958,21.44781
2309,2025-10-04 05:00:00+05:30,3.8856654,13.392516,9.387651,32.471172
2310,2025-10-04 06:00:00+05:30,3.8183763,351.87,8.513448,13.448633
2311,2025-10-04 07:00:00+05:30,3.8856654,13.392516,9.028754,23.498587
2312,2025-10-04 08:00:00+05:30,4.2366967,12.26477,5.5887027,14.931467
2313,2025-10-04 09:00:00+05:30,6.151683,339.44388,7.8583965,339.90466
2314,2025-10-04 10:00:00+05:30,6.945761,328.78165,8.797931,329.23734
2315,2025-10-04 11:00:00+05:30,6.5520988,339.07544,8.027677,340.3461
2316,2025-10-04 12:00:00+05:30,6.452441,337.01126,8.0599,336.29733
2317,2025-10-04 13:00:00+05:30,5.3999996,323.13004,6.696387,323.74606
2318,2025-10-04 14:00:00+05:30,7.289445,302.90524,9.335737,303.9965
2319,2025-10-04 15:00:00+05:30,9.54,301.89075,12.535549,302.09256
2320,2025-10-04 16:00:00+05:30,10.094454,309.9363,14.174356,310.36444
2321,2025-10-04 17:00:00+05:30,7.029225,309.8055,16.423458,313.66785
2322,2025-10-04 18:00:00+05:30,5.991594,302.7352,15.922626,312.70938
2323,2025-10-04 19:00:00+05:30,5.5596404,299.0545,14.336861,308.8845
2324,2025-10-04 20:00:00+05:30,5.414979,291.4478,12.785069,305.25644
2325,2025-10-04 21:00:00+05:30,5.920878,289.53674,13.619471,299.27515
2326,2025-10-04 22:00:00+05:30,6.502461,311.63345,16.08761,310.46216
2327,2025-10-04 23:00:00+05:30,6.4924874,313.87677,16.045261,313.1817
2328,2025-10-05 00:00:00+05:30,5.6060677,312.39737,14.009968,312.91742
2329,2025-10-05 01:00:00+05:30,5.2478566,275.90604,12.580699,289.21277
2330,2025-10-05 02:00:00+05:30,5.4833565,246.80138,14.512064,262.8751
2331,2025-10-05 03:00:00+05:30,6.090812,235.84026,16.34832,249.37004
2332,2025-10-05 04:00:00+05:30,6.269067,230.82635,16.42346,242.59251
2333,2025-10-05 05:00:00+05:30,7.145796,220.91429,17.823637,231.97272
2334,2025-10-05 06:00:00+05:30,6.4323244,252.07199,17.262177,258.57294
2335,2025-10-05 07:00:00+05:30,8.647496,272.3859,20.096418,276.17007
2336,2025-10-05 08:00:00+05:30,10.03167,279.2932,14.759999,282.68036
2337,2025-10-05 09:00:00+05:30,11.9466305,300.81564,16.12583,303.15793
2338,2025-10-05 10:00:00+05:30,12.961249,307.66568,17.176563,308.19098
2339,2025-10-05 11:00:00+05:30,16.165964,322.23685,21.423023,322.16718
2340,2025-10-05 12:00:00+05:30,13.5012,317.1611,17.728857,318.7047
2341,2025-10-05 13:00:00+05:30,12.0921955,314.39697,15.782622,315.0001
2342,2025-10-05 14:00:00+05:30,14.982228,324.78232,19.586119,323.97253
2343,2025-10-05 15:00:00+05:30,14.336861,331.50446,19.33639,331.0491
2344,2025-10-05 16:00:00+05:30,9.67657,316.5074,14.264361,317.0454
2345,2025-10-05 17:00:00+05:30,6.6624317,321.5819,16.818203,317.6026
2346,2025-10-05 18:00:00+05:30,7.562142,321.7661,19.087639,321.50894
2347,2025-10-05 19:00:00+05:30,3.9640884,320.52756,11.457958,316.27295
2348,2025-10-05 20:00:00+05:30,2.9024127,7.12493,7.674842,320.7106
2349,2025-10-05 21:00:00+05:30,3.6402748,188.53069,6.8423676,215.36255
2350,2025-10-05 22:00:00+05:30,8.4963045,216.38445,22.037323,222.6829
2351,2025-10-05 23:00:00+05:30,12.031756,218.92755,25.772078,221.03525
2352,2025-10-06 00:00:00+05:30,10.703569,227.72638,24.408424,232.79199
2353,2025-10-06 01:00:00+05:30,10.404249,232.73352,23.738853,238.96179
2354,2025-10-06 02:00:00+05:30,7.4672885,254.62369,19.361507,253.24965
2355,2025-10-06 03:00:00+05:30,5.950899,273.46817,16.595179,266.26868
2356,2025-10-06 04:00:00+05:30,12.815443,330.55466,24.337303,323.7233
2357,2025-10-06 05:00:00+05:30,8.477216,273.65216,19.424158,277.4542
2358,2025-10-06 06:00:00+05:30,5.983477,316.2188,13.15971,310.0062
2359,2025-10-06 07:00:00+05:30,4.7928696,325.71307,7.3094187,322.00122
2360,2025-10-06 08:00:00+05:30,1.8089776,84.2895,2.4014995,77.00539
2361,2025-10-06 09:00:00+05:30,4.4456716,148.24057,5.5450516,144.24602
2362,2025-10-06 10:00:00+05:30,5.920878,160.46326,7.42159,157.1663
2363,2025-10-06 11:00:00+05:30,10.538843,187.85323,13.441071,187.69595
2364,2025-10-06 12:00:00+05:30,16.782528,218.4679,22.039528,218.36752
2365,2025-10-06 13:00:00+05:30,11.782784,235.58157,15.881875,234.6887
2366,2025-10-06 14:00:00+05:30,15.697197,273.9451,20.719555,272.4895
2367,2025-10-06 15:00:00+05:30,14.386494,301.7014,19.48079,301.78088
2368,2025-10-06 16:00:00+05:30,13.036026,324.5542,17.534992,324.18875
2369,2025-10-06 17:00:00+05:30,12.841963,328.76083,18.800308,329.5067
2370,2025-10-06 18:00:00+05:30,8.12197,347.19574,14.935662,347.4712
2371,2025-10-06 19:00:00+05:30,6.7853074,21.801476,14.059602,18.667006
2372,2025-10-06 20:00:00+05:30,5.441838,55.78425,13.8049555,50.290127
2373,2025-10-06 21:00:00+05:30,5.950899,86.531845,12.886039,77.90526
2374,2025-10-06 22:00:00+05:30,6.8423676,91.50741,13.864674,88.51217
2375,2025-10-06 23:00:00+05:30,9.387651,57.528828,18.620214,60.461315
2376,2025-10-07 00:00:00+05:30,8.827344,87.66274,17.160524,85.18654
2377,2025-10-07 01:00:00+05:30,9.6228485,97.52373,18.532133,97.81521
2378,2025-10-07 02:00:00+05:30,7.6579366,113.55228,16.45007,113.198616
2379,2025-10-07 03:00:00+05:30,4.143911,124.3804,12.031756,128.92755
2380,2025-10-07 04:00:00+05:30,3.8939953,146.3099,10.783486,146.57516
2381,2025-10-07 05:00:00+05:30,1.4512063,172.87508,7.229191,161.11382
2382,2025-10-07 06:00:00+05:30,1.484318,75.96373,6.279395,152.70052
2383,2025-10-07 07:00:00+05:30,8.748075,216.6342,13.644427,216.41647
2384,2025-10-07 08:00:00+05:30,9.3340025,219.5226,12.172312,218.3952
2385,2025-10-07 09:00:00+05:30,10.8955765,262.40546,13.878688,260.29343
2386,2025-10-07 10:00:00+05:30,5.402999,209.98155,6.6087217,209.35765
2387,2025-10-07 11:00:00+05:30,7.186487,202.06795,8.891344,201.37068
2388,2025-10-07 12:00:00+05:30,6.3639607,188.13002,7.814986,187.94337
2389,2025-10-07 13:00:00+05:30,5.4744864,189.46225,6.778141,190.71307
2390,2025-10-07 14:00:00+05:30,4.8633323,182.12105,5.950899,183.46815
2391,2025-10-07 15:00:00+05:30,14.508715,258.5507,18.204933,255.68892
2392,2025-10-07 16:00:00+05:30,1.4512063,299.74478,1.8089776,275.7105
2393,2025-10-07 17:00:00+05:30,4.072935,44.999897,4.542994,56.3099
2394,2025-10-07 18:00:00+05:30,9.080639,76.2392,15.455911,75.1545
2395,2025-10-07 19:00:00+05:30,15.547875,290.3232,20.858265,291.25058
2396,2025-10-07 20:00:00+05:30,5.0688457,96.11541,5.771239,93.57626
2397,2025-10-07 21:00:00+05:30,6.1305785,49.76371,10.1887,57.99466
2398,2025-10-07 22:00:00+05:30,5.2478566,84.093956,9.761578,95.28999
2399,2025-10-07 23:00:00+05:30,3.710795,104.03627,11.113451,114.90474
2400,2025-10-08 00:00:00+05:30,7.229191,18.886187,13.6063795,27.581947
2401,2025-10-08 01:00:00+05:30,2.3469129,57.528828,6.9270773,65.432846
2402,2025-10-08 02:00:00+05:30,2.2553935,151.38963,6.3690495,137.29063
2403,2025-10-08 03:00:00+05:30,5.12289,198.43504,12.2519045,190.1542
2404,2025-10-08 04:00:00+05:30,6.59154,214.9921,15.1884165,211.42952
2405,2025-10-08 05:00:00+05:30,7.653705,221.18582,11.385622,219.22566
2406,2025-10-08 06:00:00+05:30,7.3447943,252.89719,8.951267,254.84587
2407,2025-10-08 07:00:00+05:30,8.78872,304.9921,12.193589,301.10873
2408,2025-10-08 08:00:00+05:30,8.649369,282.01144,10.484902,281.88864
2409,2025-10-08 09:00:00+05:30,7.5363917,319.84406,9.432412,318.09415
2410,2025-10-08 10:00:00+05:30,9.299225,345.42575,11.571914,344.66666
2411,2025-10-08 11:00:00+05:30,9.621163,342.58194,12.016938,343.4651
2412,2025-10-08 12:00:00+05:30,7.689603,327.42596,9.485504,326.61145
2413,2025-10-08 13:00:00+05:30,6.482499,271.5911,7.9526596,275.19434
2414,2025-10-08 14:00:00+05:30,6.9527545,291.25058,8.490582,291.1248
2415,2025-10-08 15:00:00+05:30,10.070353,298.85556,12.801531,297.64587
2416,2025-10-08 16:00:00+05:30,7.570707,288.00424,9.676569,288.43503
2417,2025-10-08 17:00:00+05:30,5.1197267,259.8754,12.059999,270.0
2418,2025-10-08 18:00:00+05:30,9.627896,290.80685,21.366234,299.80466
2419,2025-10-08 19:00:00+05:30,7.8954163,294.22772,18.532135,299.0545
2420,2025-10-08 20:00:00+05:30,8.311245,287.6502,20.693735,295.2276
2421,2025-10-08 21:00:00+05:30,7.587806,292.30624,20.298542,298.61035
2422,2025-10-08 22:00:00+05:30,5.904439,307.56866,16.388897,308.7581
2423,2025-10-08 23:00:00+05:30,5.7204895,294.14554,15.825675,303.87085
2424,2025-10-09 00:00:00+05:30,5.3517847,317.72638,14.31198,320.1022
2425,2025-10-09 01:00:00+05:30,5.2323985,333.43503,13.737904,338.47733
2426,2025-10-09 02:00:00+05:30,5.0432134,325.17545,13.60519,334.113
2427,2025-10-09 03:00:00+05:30,5.1165614,309.28937,14.082628,324.8879
2428,2025-10-09 04:00:00+05:30,5.402999,299.98157,14.512064,316.00497
2429,2025-10-09 05:00:00+05:30,6.522361,309.40063,17.437717,315.41815
2430,2025-10-09 06:00:00+05:30,5.0975285,317.86246,14.544401,323.55545
2431,2025-10-09 07:00:00+05:30,5.1481256,323.53067,12.71901,333.0724
2432,2025-10-09 08:00:00+05:30,6.804381,322.52374,9.485504,326.61145
2433,2025-10-09 09:00:00+05:30,8.320986,321.1466,10.735306,325.24402
2434,2025-10-09 10:00:00+05:30,9.703319,319.51407,12.172312,321.6048
2435,2025-10-09 11:00:00+05:30,11.1090765,310.3998,14.021525,311.87778
2436,2025-10-09 12:00:00+05:30,11.079873,313.0251,14.128566,314.48392
2437,2025-10-09 13:00:00+05:30,10.703569,312.27362,13.5012,312.8389
2438,2025-10-09 14:00:00+05:30,10.97262,311.009,14.021525,311.87778
2439,2025-10-09 15:00:00+05:30,11.837651,315.61597,15.530151,315.9391
2440,2025-10-09 16:00:00+05:30,11.212135,317.6026,16.069473,318.63306
2441,2025-10-09 17:00:00+05:30,7.344794,306.02747,17.46,312.07495
2442,2025-10-09 18:00:00+05:30,7.0107627,299.1974,17.570988,307.9265
2443,2025-10-09 19:00:00+05:30,6.341009,304.59235,16.109749,309.55963
2444,2025-10-09 20:00:00+05:30,5.728979,313.72705,14.31198,320.1022
2445,2025-10-09 21:00:00+05:30,5.3517847,317.72638,13.432632,327.5877
2446,2025-10-09 22:00:00+05:30,4.6452556,324.46225,13.060857,330.25522
2447,2025-10-09 23:00:00+05:30,5.7176566,298.1785,14.021525,311.87778
2448,2025-10-10 00:00:00+05:30,7.293888,285.75125,18.13003,294.02026
2449,2025-10-10 01:00:00+05:30,7.329338,294.67685,18.971008,303.38855
2450,2025-10-10 02:00:00+05:30,6.945761,301.21835,18.731247,312.27362
2451,2025-10-10 03:00:00+05:30,7.1684303,308.8845,19.361507,317.2605
2452,2025-10-10 04:00:00+05:30,7.145796,310.91428,19.820442,320.52756
2453,2025-10-10 05:00:00+05:30,6.444905,305.9098,18.089775,317.41956
2454,2025-10-10 06:00:00+05:30,5.1919937,303.6901,15.401311,314.52655
2455,2025-10-10 07:00:00+05:30,6.28713,293.6294,14.037692,310.84027
2456,2025-10-10 08:00:00+05:30,4.293669,303.02386,7.674842,309.28937
2457,2025-10-10 09:00:00+05:30,4.752136,307.30402,6.4096174,308.15726
2458,2025-10-10 10:00:00+05:30,7.1684303,308.8845,9.1958685,310.23627
2459,2025-10-10 11:00:00+05:30,9.194106,293.05133,11.440979,294.14554
2460,2025-10-10 12:00:00+05:30,9.278297,288.08353,11.612441,288.99673
2461,2025-10-10 13:00:00+05:30,9.430694,283.24054,11.700001,284.25006
2462,2025-10-10 14:00:00+05:30,9.47012,278.74606,11.897714,280.45984
2463,2025-10-10 15:00:00+05:30,9.499157,279.81924,12.284916,280.9806
2464,2025-10-10 16:00:00+05:30,8.049845,280.30478,12.442153,284.2373
2465,2025-10-10 17:00:00+05:30,5.12289,288.43503,13.060857,299.74478
2466,2025-10-10 18:00:00+05:30,6.21717,337.8905,15.553083,336.10483
2467,2025-10-10 19:00:00+05:30,6.130579,3.3664,16.056362,356.14328
2468,2025-10-10 20:00:00+05:30,3.6402748,351.4693,13.084402,352.09293
2469,2025-10-10 21:00:00+05:30,3.0811036,6.70975,12.959999,360.0
2470,2025-10-10 22:00:00+05:30,2.7238941,7.59456,11.811622,7.883054
2471,2025-10-10 23:00:00+05:30,0.9,323.13,7.2202215,4.289077
2472,2025-10-11 00:00:00+05:30,2.1068459,289.9832,6.7853074,338.19852
2473,2025-10-11 01:00:00+05:30,1.7727944,293.9625,6.198903,334.17905
2474,2025-10-11 02:00:00+05:30,1.609969,296.56497,4.669604,332.44727
2475,2025-10-11 03:00:00+05:30,2.0523157,285.25516,4.5820518,315.0001
2476,2025-10-11 04:00:00+05:30,1.5379207,290.55612,3.9640884,309.47244
2477,2025-10-11 05:00:00+05:30,2.3400002,292.6199,5.257109,321.9529
2478,2025-10-11 06:00:00+05:30,4.452954,284.03625,7.7879906,303.6901
2479,2025-10-11 07:00:00+05:30,4.91634,293.7495,7.2403865,304.8754
2480,2025-10-11 08:00:00+05:30,3.244996,303.6901,7.0107627,311.87778
2481,2025-10-11 09:00:00+05:30,3.4152596,288.43503,4.2136917,289.9832
2482,2025-10-11 10:00:00+05:30,4.8633323,267.87894,5.9399996,270.0
2483,2025-10-11 11:00:00+05:30,8.163749,284.03625,10.088033,285.52417
2484,2025-10-11 12:00:00+05:30,8.163749,284.03625,10.137692,286.50443
2485,2025-10-11 13:00:00+05:30,8.049845,280.30478,9.9977,283.53586
2486,2025-10-11 14:00:00+05:30,9.847496,288.10385,12.410866,289.4862
2487,2025-10-11 15:00:00+05:30,11.113451,294.90472,14.248452,296.2413
2488,2025-10-11 16:00:00+05:30,9.039514,305.2725,14.652045,307.01074
2489,2025-10-11 17:00:00+05:30,6.77575,286.9909,17.22836,297.36813
2490,2025-10-11 18:00:00+05:30,7.029225,309.8055,18.584509,315.78473
2491,2025-10-11 19:00:00+05:30,5.634891,333.43503,15.086748,324.22385
2492,2025-10-11 20:00:00+05:30,5.223103,1.9748993,14.84318,345.9637
2493,2025-10-11 21:00:00+05:30,2.8856194,3.5762644,11.341428,359.09064
2494,2025-10-11 22:00:00+05:30,0.742159,345.9637,7.388775,357.20734
2495,2025-10-11 23:00:00+05:30,1.08,180.0,3.6447225,302.90524
2496,2025-10-12 00:00:00+05:30,1.8,180.0,5.2200003,270.0
2497,2025-10-12 01:00:00+05:30,3.710795,255.96373,9.801326,277.38596
2498,2025-10-12 02:00:00+05:30,4.7110505,263.41815,11.659777,278.88058
2499,2025-10-12 03:00:00+05:30,4.5820518,224.9999,10.5234585,257.15228
2500,2025-10-12 04:00:00+05:30,4.14,270.0,11.633348,278.00464
2501,2025-10-12 05:00:00+05:30,3.8521678,232.59457,9.0018,271.14572
2502,2025-10-12 06:00:00+05:30,3.550155,239.53453,7.7588143,273.9908
2503,2025-10-12 07:00:00+05:30,4.942631,259.50858,8.311245,287.6502
2504,2025-10-12 08:00:00+05:30,4.0249224,280.30478,5.7515564,290.13638
2505,2025-10-12 09:00:00+05:30,3.4763772,291.25058,4.3536186,299.74478
2506,2025-10-12 10:00:00+05:30,3.148714,329.03632,4.2136917,340.0168
2507,2025-10-12 11:00:00+05:30,4.6834598,2.2025495,5.950899,3.46817
2508,2025-10-12 12:00:00+05:30,5.7204895,24.145542,7.256032,23.385246
2509,2025-10-12 13:00:00+05:30,5.896202,31.263678,7.327127,27.824009
2510,2025-10-12 14:00:00+05:30,7.689603,20.556128,9.449572,17.744766
2511,2025-10-12 15:00:00+05:30,7.989243,14.349371,10.449306,10.922761
2512,2025-10-12 16:00:00+05:30,7.10031,30.465475,10.495713,22.166399
2513,2025-10-12 17:00:00+05:30,3.9966483,54.16227,9.67657,46.507374
2514,2025-10-12 18:00:00+05:30,1.4058449,39.805527,5.8409934,33.6901
2515,2025-10-12 19:00:00+05:30,0.56920993,18.435053,3.9477081,24.227736
2516,2025-10-12 20:00:00+05:30,0.25455844,224.9999,1.4058449,39.805527
2517,2025-10-12 21:00:00+05:30,2.0991426,210.96368,2.6758924,199.65392
2518,2025-10-12 22:00:00+05:30,4.198285,239.0363,5.4744864,223.66785
2519,2025-10-12 23:00:00+05:30,2.4482646,252.89719,4.379589,260.53775
2520,2025-10-13 00:00:00+05:30,4.5,286.26028,8.863972,293.9625
2521,2025-10-13 01:00:00+05:30,4.542994,303.6901,10.703569,317.72638
2522,2025-10-13 02:00:00+05:30,5.297018,350.21765,12.860871,353.57135
2523,2025-10-13 03:00:00+05:30,4.7827187,340.20102,13.159711,356.8637
2524,2025-10-13 04:00:00+05:30,5.0142193,338.9624,13.499999,343.73972
2525,2025-10-13 05:00:00+05:30,5.8603754,280.6196,12.284918,309.05313
2526,2025-10-13 06:00:00+05:30,5.1826253,290.3232,11.362834,310.50278
2527,2025-10-13 07:00:00+05:30,5.6492476,292.47946,9.422101,313.4519
2528,2025-10-13 08:00:00+05:30,3.9477081,294.22772,5.6521144,307.23492
2529,2025-10-13 09:00:00+05:30,4.2671766,297.64587,5.09435,302.00534
2530,2025-10-13 10:00:00+05:30,5.369916,309.55963,6.618519,315.0001
2531,2025-10-13 11:00:00+05:30,9.167638,316.5911,11.480557,318.81418
2532,2025-10-13 12:00:00+05:30,8.604301,322.65057,10.735306,325.24402
2533,2025-10-13 13:00:00+05:30,7.689603,327.42596,9.693296,328.67136
2534,2025-10-13 14:00:00+05:30,7.0774574,352.69434,8.731392,351.70294
2535,2025-10-13 15:00:00+05:30,8.322932,21.571367,10.3621235,17.17599
2536,2025-10-13 16:00:00+05:30,11.345712,41.784435,16.596157,36.621414
2537,2025-10-13 17:00:00+05:30,6.7469993,43.91917,17.84816,41.729427
2538,2025-10-13 18:00:00+05:30,3.710795,22.833694,12.534257,35.059513
2539,2025-10-13 19:00:00+05:30,1.1384199,18.435053,7.193247,58.29862
2540,2025-10-13 20:00:00+05:30,1.4058449,309.8055,3.148714,30.963696
2541,2025-10-13 21:00:00+05:30,2.19718,325.0079,4.1556225,355.03033
2542,2025-10-13 22:00:00+05:30,3.319036,49.398785,7.5105524,44.029083
2543,2025-10-13 23:00:00+05:30,3.462369,81.02746,6.778141,79.28693
2544,2025-10-14 00:00:00+05:30,0.8049845,333.43503,0.9,36.86999
2545,2025-10-14 01:00:00+05:30,4.5891175,348.6901,6.28713,336.3706
2546,2025-10-14 02:00:00+05:30,3.4763772,338.74942,7.5213294,338.9624
2547,2025-10-14 03:00:00+05:30,2.907989,291.80148,7.562142,321.7661
2548,2025-10-14 04:00:00+05:30,0.56920993,251.56496,4.6938257,327.52884
2549,2025-10-14 05:00:00+05:30,1.9881649,264.80566,7.42159,320.90613
2550,2025-10-14 06:00:00+05:30,1.2727921,224.9999,4.293669,303.02386
2551,2025-10-14 07:00:00+05:30,3.7064266,209.0545,3.8856654,256.60748
2552,2025-10-14 08:00:00+05:30,3.396233,237.99466,5.5567255,245.09526
2553,2025-10-14 09:00:00+05:30,4.1556225,252.3498,5.12289,251.56496
2554,2025-10-14 10:00:00+05:30,2.97953,244.98314,3.381893,244.7989
2555,2025-10-14 11:00:00+05:30,3.06,241.92761,3.5455887,246.0375
2556,2025-10-14 12:00:00+05:30,3.06,241.92761,3.4623692,242.10283
2557,2025-10-14 13:00:00+05:30,4.1085763,241.1893,4.510787,241.38963
2558,2025-10-14 14:00:00+05:30,6.1305785,229.76372,6.9153743,231.34016
2559,2025-10-14 15:00:00+05:30,7.3997297,221.05472,8.435069,219.80553
2560,2025-10-14 16:00:00+05:30,6.1305785,220.23628,7.9932966,215.83774
2561,2025-10-14 17:00:00+05:30,1.1525624,38.65983,4.7928696,34.286938
2562,2025-10-14 18:00:00+05:30,7.10031,59.53454,15.683774,58.134064
2563,2025-10-14 19:00:00+05:30,5.7628117,128.65984,12.710091,102.26476
2564,2025-10-14 20:00:00+05:30,6.698806,186.17007,13.671707,170.9098
2565,2025-10-14 21:00:00+05:30,2.9301877,222.5104,11.431062,206.1615
2566,2025-10-14 22:00:00+05:30,2.4014995,347.00537,4.1556225,287.6502
2567,2025-10-14 23:00:00+05:30,4.198285,329.03632,6.198903,295.82092
2568,2025-10-15 00:00:00+05:30,3.964089,357.3975,7.0038276,334.09354
2569,2025-10-15 01:00:00+05:30,3.9844694,18.435053,8.297589,356.26868
2570,2025-10-15 02:00:00+05:30,5.4744864,27.40749,11.003581,15.172969
2571,2025-10-15 03:00:00+05:30,5.1826253,20.323217,10.787993,25.709915
2572,2025-10-15 04:00:00+05:30,4.445672,21.370695,9.582358,28.009092
2573,2025-10-15 05:00:00+05:30,1.3708391,293.1986,6.130579,356.6336
2574,2025-10-15 06:00:00+05:30,3.438895,263.9911,4.942631,326.88864
2575,2025-10-15 07:00:00+05:30,2.8856194,273.57626,5.0432134,357.95462
2576,2025-10-15 08:00:00+05:30,1.835647,281.3099,3.96,360.0
2577,2025-10-15 09:00:00+05:30,1.0182338,315.0001,1.6299692,353.6599
2578,2025-10-15 10:00:00+05:30,1.1525624,308.65982,1.4058449,309.8055
2579,2025-10-15 11:00:00+05:30,2.5455842,224.9999,2.9301877,227.4896
2580,2025-10-15 12:00:00+05:30,4.755544,209.4758,5.495161,211.60745
2581,2025-10-15 13:00:00+05:30,8.155807,202.03629,9.595874,203.19861
2582,2025-10-15 14:00:00+05:30,10.8792095,196.33612,12.98248,196.9276
2583,2025-10-15 15:00:00+05:30,11.897714,197.61267,14.743526,197.77141
2584,2025-10-15 16:00:00+05:30,10.730778,202.69383,16.759342,204.08745
2585,2025-10-15 17:00:00+05:30,2.5959969,236.3099,5.994297,221.34767
2586,2025-10-15 18:00:00+05:30,0.6489992,303.6901,2.8460498,251.56496
2587,2025-10-15 19:00:00+05:30,4.1556225,17.650223,6.2145634,10.007925
2588,2025-10-15 20:00:00+05:30,6.8541956,13.671325,16.108742,18.232594
2589,2025-10-15 21:00:00+05:30,7.289444,20.224945,18.102308,19.155706
2590,2025-10-15 22:00:00+05:30,6.552099,37.184795,17.174677,33.023872
2591,2025-10-15 23:00:00+05:30,5.8048253,60.255207,14.14232,47.579197
2592,2025-10-16 00:00:00+05:30,4.278551,14.620926,11.144021,31.122416
2593,2025-10-16 01:00:00+05:30,4.7521367,335.37646,10.299397,5.013036
2594,2025-10-16 02:00:00+05:30,2.2768397,341.56494,8.473393,12.26477
2595,2025-10-16 03:00:00+05:30,0.9693296,21.801476,5.7515564,20.136398
2596,2025-10-16 04:00:00+05:30,5.154415,24.775122,9.83268,23.749514
2597,2025-10-16 05:00:00+05:30,3.9966488,7.7650824,9.208192,4.484529
2598,2025-10-16 06:00:00+05:30,4.143911,2.4894993,8.82,360.0
2599,2025-10-16 07:00:00+05:30,2.9024127,277.1249,5.1826253,339.6768
2600,2025-10-16 08:00:00+05:30,4.8965297,233.97253,6.452441,247.01126
2601,2025-10-16 09:00:00+05:30,4.3573384,231.7098,5.509882,231.63248
2602,2025-10-16 10:00:00+05:30,3.693291,223.02507,4.3349743,221.63345
2603,2025-10-16 11:00:00+05:30,4.323748,267.6141,5.0528407,274.08554
2604,2025-10-16 12:00:00+05:30,4.7110505,276.58185,5.6835546,280.954
2605,2025-10-16 13:00:00+05:30,5.223103,268.02512,6.310277,273.27042
2606,2025-10-16 14:00:00+05:30,5.7628117,255.52966,6.7205353,262.30405
2607,2025-10-16 15:00:00+05:30,6.4323244,252.07199,7.555712,257.61926
2608,2025-10-16 16:00:00+05:30,6.198903,244.17906,9.449572,252.25523
2609,2025-10-16 17:00:00+05:30,6.248359,221.49637,13.551501,230.38934
2610,2025-10-16 18:00:00+05:30,3.2846913,260.53775,9.793058,252.89719
2611,2025-10-16 19:00:00+05:30,3.5455887,336.0375,7.001514,313.95847
2612,2025-10-16 20:00:00+05:30,4.6834598,357.79745,8.6867485,5.946777
2613,2025-10-16 21:00:00+05:30,3.9966483,35.837746,9.313152,48.91835
2614,2025-10-16 22:00:00+05:30,5.0975285,47.862484,9.826088,61.55718
2615,2025-10-16 23:00:00+05:30,3.362677,74.47583,7.353611,68.45896
2616,2025-10-17 00:00:00+05:30,2.657668,61.69934,6.698806,59.300358
2617,2025-10-17 01:00:00+05:30,3.2599385,353.6599,6.830519,18.435053
2618,2025-10-17 02:00:00+05:30,2.6208394,344.05453,6.3231,4.8990126
2619,2025-10-17 03:00:00+05:30,1.1384199,341.56494,4.5,360.0
2620,2025-10-17 04:00:00+05:30,0.9693296,338.19852,3.1072817,349.99207
2621,2025-10-17 05:00:00+05:30,3.6179552,275.7105,6.297428,300.96368
2622,2025-10-17 06:00:00+05:30,1.6981165,302.00534,4.510787,298.61035
2623,2025-10-17 07:00:00+05:30,3.7971041,238.57048,3.9966488,262.23492
2624,2025-10-17 08:00:00+05:30,6.015878,231.07245,11.391313,238.57048
2625,2025-10-17 09:00:00+05:30,4.8965297,233.97253,6.59154,235.0079
2626,2025-10-17 10:00:00+05:30,4.278551,247.75093,5.0142193,248.96242
2627,2025-10-17 11:00:00+05:30,5.6920996,288.43503,7.0199995,292.6199
2628,2025-10-17 12:00:00+05:30,5.4744864,297.4075,6.6087217,299.35767
2629,2025-10-17 13:00:00+05:30,4.91634,293.7495,5.8769383,297.3498
2630,2025-10-17 14:00:00+05:30,4.278551,292.24908,5.2323985,296.56497
2631,2025-10-17 15:00:00+05:30,4.445672,291.3707,5.634891,296.56497
2632,2025-10-17 16:00:00+05:30,3.710795,284.03625,6.2067385,299.5387
2633,2025-10-17 17:00:00+05:30,2.7475805,301.60745,8.099999,323.13
2634,2025-10-17 18:00:00+05:30,2.7475805,328.39255,7.7420926,342.40747
2635,2025-10-17 19:00:00+05:30,1.484318,345.9637,6.603817,17.447285
2636,2025-10-17 20:00:00+05:30,1.3104197,285.94547,2.5455842,351.87
2637,2025-10-17 21:00:00+05:30,2.19718,304.9921,2.97953,295.01685
2638,2025-10-17 22:00:00+05:30,1.26,360.0,0.17999999,360.0
2639,2025-10-17 23:00:00+05:30,0.6489992,33.6901,3.244996,146.3099
2640,2025-10-18 00:00:00+05:30,0.76367533,44.999897,4.5,143.13002
2641,2025-10-18 01:00:00+05:30,1.5379207,69.44387,4.863332,128.991
2642,2025-10-18 02:00:00+05:30,0.56920993,108.43504,2.3400002,112.61991
2643,2025-10-18 03:00:00+05:30,1.4512063,209.7448,1.659518,167.4712
2644,2025-10-18 04:00:00+05:30,3.8856654,283.39252,4.2021422,260.13425
2645,2025-10-18 05:00:00+05:30,1.7727944,293.9625,3.710795,345.9637
2646,2025-10-18 06:00:00+05:30,0.17999999,180.0,1.5379207,69.44387
2647,2025-10-18 07:00:00+05:30,1.0948973,170.53775,0.9,126.86999
2648,2025-10-18 08:00:00+05:30,1.3104197,105.945465,1.6981165,122.00535
2649,2025-10-18 09:00:00+05:30,1.1525624,141.34016,1.659518,139.39879
2650,2025-10-18 10:00:00+05:30,1.1525624,141.34016,1.1525624,128.65984
2651,2025-10-18 11:00:00+05:30,0.9,53.13002,1.4058449,50.194473
2652,2025-10-18 12:00:00+05:30,2.0523157,127.875046,2.50064,120.256355
2653,2025-10-18 13:00:00+05:30,4.0249224,153.43501,4.6938257,147.52882
2654,2025-10-18 14:00:00+05:30,5.95906,154.98314,6.9247384,152.10283
2655,2025-10-18 15:00:00+05:30,7.6579366,150.42226,9.139322,147.87503
2656,2025-10-18 16:00:00+05:30,8.297589,155.65892,12.074766,153.43501
2657,2025-10-18 17:00:00+05:30,8.089993,159.14546,18.11841,159.04414
2658,2025-10-18 18:00:00+05:30,6.452441,157.01126,14.857362,160.90642
2659,2025-10-18 19:00:00+05:30,1.2074767,116.56499,8.538149,161.56496
2660,2025-10-18 20:00:00+05:30,0.6489992,303.6901,5.771239,183.57626
2661,2025-10-18 21:00:00+05:30,1.9386592,201.80147,7.7734165,185.31445
2662,2025-10-18 22:00:00+05:30,1.9386592,338.19852,2.1897945,279.46225
2663,2025-10-18 23:00:00+05:30,2.5071096,338.9624,5.6060677,5.527458
2664,2025-10-19 00:00:00+05:30,0.25455844,44.999897,1.1525624,51.34017
2665,2025-10-19 01:00:00+05:30,0.40249225,26.564985,1.2979984,56.309914
2666,2025-10-19 02:00:00+05:30,0.17999999,360.0,0.742159,75.96373
2667,2025-10-19 03:00:00+05:30,0.9,36.86999,2.9301877,79.380394
2668,2025-10-19 04:00:00+05:30,2.6758924,42.27363,4.724786,72.25524
2669,2025-10-19 05:00:00+05:30,0.25455844,44.999897,0.6489992,213.6901
2670,2025-10-19 06:00:00+05:30,3.143565,23.629398,2.4014995,12.99463
2671,2025-10-19 07:00:00+05:30,5.293959,35.311302,4.91634,23.749514
2672,2025-10-19 08:00:00+05:30,1.6199999,90.0,5.3517847,47.72637
2673,2025-10-19 09:00:00+05:30,1.6981165,122.00535,2.226477,104.03627
2674,2025-10-19 10:00:00+05:30,2.5582807,129.28938,3.3043609,119.357666
2675,2025-10-19 11:00:00+05:30,4.198285,120.96369,5.0816135,112.93214
2676,2025-10-19 12:00:00+05:30,6.279395,117.29949,7.823272,113.02553
2677,2025-10-19 13:00:00+05:30,7.5019197,120.256355,9.499158,117.05052
2678,2025-10-19 14:00:00+05:30,7.9567327,127.64769,9.734988,123.6901
2679,2025-10-19 15:00:00+05:30,7.127636,135.0001,8.942214,130.10085
2680,2025-10-19 16:00:00+05:30,5.1481256,143.53067,8.043805,139.53786
2681,2025-10-19 17:00:00+05:30,6.618519,135.0001,15.401311,134.52655
2682,2025-10-19 18:00:00+05:30,7.145796,139.08571,16.489416,143.88057
2683,2025-10-19 19:00:00+05:30,3.8183763,135.0001,11.855429,149.9315
2684,2025-10-19 20:00:00+05:30,1.0495713,30.963696,5.3517847,137.72638
2685,2025-10-19 21:00:00+05:30,2.2553935,28.610369,3.5864744,72.47434
2686,2025-10-19 22:00:00+05:30,1.2727921,81.86999,3.0652895,86.63361
2687,2025-10-19 23:00:00+05:30,1.7076298,108.43504,2.7943513,104.93147
2688,2025-10-20 00:00:00+05:30,1.9881649,84.805664,3.362677,105.52418
2689,2025-10-20 01:00:00+05:30,0.56920993,288.43503,1.2979984,213.6901
2690,2025-10-20 02:00:00+05:30,3.4763772,248.74942,4.4565907,226.63654
2691,2025-10-20 03:00:00+05:30,1.4512063,299.74478,3.6,233.13002
2692,2025-10-20 04:00:00+05:30,2.5264204,355.91446,2.5455842,315.0001
2693,2025-10-20 05:00:00+05:30,3.2048087,38.157276,4.175069,7.4313188
2694,2025-10-20 06:00:00+05:30,2.3469129,57.528828,3.2048087,38.157276
2695,2025-10-20 07:00:00+05:30,4.1125174,66.80139,4.514377,66.50142
2696,2025-10-20 08:00:00+05:30,2.8856194,93.57626,6.6624317,91.54813
2697,2025-10-20 09:00:00+05:30,4.514377,113.49858,5.8852015,113.42871
2698,2025-10-20 10:00:00+05:30,6.28713,113.62939,7.731623,114.775116
2699,2025-10-20 11:00:00+05:30,8.792405,112.89059,10.873251,109.3349
2700,2025-10-20 12:00:00+05:30,10.32924,112.5431,12.810386,109.70808
2701,2025-10-20 13:00:00+05:30,10.472535,118.767555,13.121493,116.91648
2702,2025-10-20 14:00:00+05:30,9.906544,114.70241,12.337553,113.198616
2703,2025-10-20 15:00:00+05:30,10.304114,117.01259,13.125196,115.15927
2704,2025-10-20 16:00:00+05:30,6.889557,123.2749,9.7565975,119.87591
2705,2025-10-20 17:00:00+05:30,8.714677,128.2902,18.374111,124.62422
2706,2025-10-20 18:00:00+05:30,7.2403865,124.875404,17.229301,122.1957
2707,2025-10-20 19:00:00+05:30,6.050785,120.37905,14.081477,122.471176
2708,2025-10-20 20:00:00+05:30,5.896202,121.26367,13.920647,130.27979
2709,2025-10-20 21:00:00+05:30,5.402999,119.98155,13.184308,128.90414
2710,2025-10-20 22:00:00+05:30,4.293669,123.02387,11.48761,125.4334
2711,2025-10-20 23:00:00+05:30,4.752136,127.30403,12.431733,124.3804
2712,2025-10-21 00:00:00+05:30,5.495161,121.60746,13.229693,123.90632
2713,2025-10-21 01:00:00+05:30,5.257109,128.04709,13.437455,129.0194
2714,2025-10-21 02:00:00+05:30,4.8965297,126.027466,13.18308,124.992096
2715,2025-10-21 03:00:00+05:30,5.072041,152.52565,13.115319,136.6683
2716,2025-10-21 04:00:00+05:30,4.913044,171.57312,12.74954,149.4525
2717,2025-10-21 05:00:00+05:30,3.710795,129.09386,11.43248,146.56012
2718,2025-10-21 06:00:00+05:30,5.1826253,159.67677,14.021525,150.80261
2719,2025-10-21 07:00:00+05:30,4.1085763,241.1893,9.3876505,184.39862
2720,2025-10-21 08:00:00+05:30,6.28713,346.75946,7.8583965,339.90466
2721,2025-10-21 09:00:00+05:30,2.5772078,12.094739,3.143565,23.629398
2722,2025-10-21 10:00:00+05:30,0.71999997,180.0,1.1384199,161.56496
2723,2025-10-21 11:00:00+05:30,2.968636,104.03627,3.5864744,107.52566
2724,2025-10-21 12:00:00+05:30,4.278551,165.37909,5.2416787,164.05453
2725,2025-10-21 13:00:00+05:30,4.68,180.0,5.771239,176.42374
2726,2025-10-21 14:00:00+05:30,3.9640884,230.52757,4.8433046,221.98714
2727,2025-10-21 15:00:00+05:30,6.28713,283.24054,7.3094187,279.92618
2728,2025-10-21 16:00:00+05:30,7.0107627,299.1974,8.707237,299.74478
2729,2025-10-21 17:00:00+05:30,4.3349743,4.763556,9.028754,4.5738406
2730,2025-10-21 18:00:00+05:30,9.172938,15.945463,19.18246,18.60507
2731,2025-10-21 19:00:00+05:30,5.6002855,44.999897,12.503199,30.256361
2732,2025-10-21 20:00:00+05:30,4.724786,49.635548,8.856658,37.568665
2733,2025-10-21 21:00:00+05:30,3.62243,26.564985,7.538541,33.310646
2734,2025-10-21 22:00:00+05:30,2.1068459,19.983198,5.6002855,44.999897
2735,2025-10-21 23:00:00+05:30,1.3708391,336.8014,1.7076298,341.56494
2736,2025-10-22 00:00:00+05:30,1.4512063,352.87506,2.1674871,318.36655
2737,2025-10-22 01:00:00+05:30,3.9844694,341.56494,6.114703,317.38596
2738,2025-10-22 02:00:00+05:30,3.0758414,339.44388,7.689603,327.42596
2739,2025-10-22 03:00:00+05:30,3.62243,333.43503,7.8149853,331.07367
2740,2025-10-22 04:00:00+05:30,5.2478566,354.09393,10.435344,345.00485
2741,2025-10-22 05:00:00+05:30,1.2074767,116.56499,3.4949677,101.88863
2742,2025-10-22 06:00:00+05:30,3.2048087,38.157276,5.1919937,56.309914
2743,2025-10-22 07:00:00+05:30,6.542201,7.907082,11.052058,30.32353
2744,2025-10-22 08:00:00+05:30,3.3481934,36.253937,6.7565966,48.2398
2745,2025-10-22 09:00:00+05:30,3.9312592,74.054535,4.952453,70.90642
2746,2025-10-22 10:00:00+05:30,3.0811036,83.29026,3.9966488,82.234924
2747,2025-10-22 11:00:00+05:30,4.5572357,350.9098,5.6262593,352.6477
2748,2025-10-22 12:00:00+05:30,5.4656014,342.75845,6.725354,344.47583
2749,2025-10-22 13:00:00+05:30,5.6521144,350.8377,6.924738,351.02744
2750,2025-10-22 14:00:00+05:30,5.5799994,360.0,6.8399997,360.0
2751,2025-10-22 15:00:00+05:30,6.489992,356.82022,7.9383874,356.09958
2752,2025-10-22 16:00:00+05:30,5.8603754,349.3804,9.255571,346.50424
2753,2025-10-22 17:00:00+05:30,0.9693296,248.19853,3.9844694,288.43503
2754,2025-10-22 18:00:00+05:30,0.35999998,90.0,1.3708391,23.198618
2755,2025-10-22 19:00:00+05:30,3.01735,107.35411,5.692099,124.69522
2756,2025-10-22 20:00:00+05:30,2.4014995,102.99462,5.318383,113.962494
2757,2025-10-22 21:00:00+05:30,0.9,216.86998,1.4512063,119.74479
2758,2025-10-22 22:00:00+05:30,4.278551,284.6209,5.8603754,280.6196
2759,2025-10-22 23:00:00+05:30,5.983477,313.7812,7.7650757,315.9391
2760,2025-10-23 00:00:00+05:30,5.8104043,343.8107,13.330941,357.6785
2761,2025-10-23 01:00:00+05:30,6.361415,334.8852,14.650939,354.35956
2762,2025-10-23 02:00:00+05:30,6.0347,342.64587,16.459915,354.35184
2763,2025-10-23 03:00:00+05:30,5.9834766,353.08887,16.380001,360.0
2764,2025-10-23 04:00:00+05:30,6.5024605,355.23645,17.460928,0.5906523
2765,2025-10-23 05:00:00+05:30,5.2478566,329.03632,12.703715,352.67368
2766,2025-10-23 06:00:00+05:30,6.7397914,325.8855,14.241629,343.8556
2767,2025-10-23 07:00:00+05:30,6.8919086,319.23648,13.207634,342.5527
2768,2025-10-23 08:00:00+05:30,4.7110505,313.4519,10.644379,341.25854
2769,2025-10-23 09:00:00+05:30,4.4565907,313.36346,5.904439,322.43134
2770,2025-10-23 10:00:00+05:30,3.8268526,311.18582,4.5820518,315.0001
2771,2025-10-23 11:00:00+05:30,4.514377,293.49857,5.3939967,295.7099
2772,2025-10-23 12:00:00+05:30,5.634891,296.56497,6.9247384,297.8972
2773,2025-10-23 13:00:00+05:30,7.16617,295.27768,8.854829,296.56497
2774,2025-10-23 14:00:00+05:30,7.327127,297.824,9.19939,300.57913
2775,2025-10-23 15:00:00+05:30,8.65873,316.68463,11.345712,318.21558
2776,2025-10-23 16:00:00+05:30,7.0107627,330.8026,14.336861,331.50446
2777,2025-10-23 17:00:00+05:30,6.544677,328.4958,16.78156,337.28555
2778,2025-10-23 18:00:00+05:30,6.854195,330.06857,17.965767,335.7461
2779,2025-10-23 19:00:00+05:30,7.329338,335.32315,19.300331,340.38202
2780,2025-10-23 20:00:00+05:30,8.260411,348.6901,22.019674,351.5388
2781,2025-10-23 21:00:00+05:30,7.7734165,5.3144655,21.24305,0.97099817
2782,2025-10-23 22:00:00+05:30,7.3447943,17.102825,19.652176,8.426887
2783,2025-10-23 23:00:00+05:30,6.6818557,4.6353807,18.03237,3.433568
2784,2025-10-24 00:00:00+05:30,6.12,360.0,16.74,360.0
2785,2025-10-24 01:00:00+05:30,5.297018,350.21765,14.944336,1.3803314
2786,2025-10-24 02:00:00+05:30,5.6262593,7.3522935,15.122143,8.90164
2787,2025-10-24 03:00:00+05:30,5.815978,21.801476,13.708391,13.671325
2788,2025-10-24 04:00:00+05:30,4.724786,40.364468,10.304115,19.384613
2789,2025-10-24 05:00:00+05:30,4.278551,67.75093,8.797931,30.762655
2790,2025-10-24 06:00:00+05:30,4.724786,40.364468,9.12513,22.01134
2791,2025-10-24 07:00:00+05:30,6.444905,54.090195,7.6579366,29.577742
2792,2025-10-24 08:00:00+05:30,3.8141315,340.70987,8.035746,15.5928755
2793,2025-10-24 09:00:00+05:30,3.9477081,335.77228,5.297018,350.21765
2794,2025-10-24 10:00:00+05:30,4.6277857,346.50424,5.8298883,351.11942
2795,2025-10-24 11:00:00+05:30,6.489992,326.3099,7.7879906,326.3099
2796,2025-10-24 12:00:00+05:30,6.1094027,315.0001,7.5105524,314.02905
2797,2025-10-24 13:00:00+05:30,6.1226463,294.30453,7.6579366,293.55228
2798,2025-10-24 14:00:00+05:30,6.698806,276.17007,8.32877,276.20334
2799,2025-10-24 15:00:00+05:30,8.297589,273.73132,10.478722,274.927
2800,2025-10-24 16:00:00+05:30,8.089993,290.85452,15.702356,295.09622
2801,2025-10-24 17:00:00+05:30,7.748368,300.7354,19.8,306.86996
2802,2025-10-24 18:00:00+05:30,7.729527,332.24155,21.822353,331.9554
2803,2025-10-24 19:00:00+05:30,7.2022495,1.4320632,18.782204,347.82855
2804,2025-10-24 20:00:00+05:30,7.0568266,5.8559217,18.194254,357.7321
2805,2025-10-24 21:00:00+05:30,6.1437774,5.0423646,15.496736,2.6629453
2806,2025-10-24 22:00:00+05:30,5.950899,3.46817,14.428097,3.5762644
2807,2025-10-24 23:00:00+05:30,6.6624317,1.5481218,16.02101,0.6437365
2808,2025-10-25 00:00:00+05:30,6.5049515,14.4208145,14.650939,5.6404567
2809,2025-10-25 01:00:00+05:30,5.441838,34.215755,11.966954,15.708701
2810,2025-10-25 02:00:00+05:30,3.8647635,62.24156,8.461915,38.088825
2811,2025-10-25 03:00:00+05:30,3.6402748,81.46932,7.748368,59.264584
2812,2025-10-25 04:00:00+05:30,2.1674871,94.76356,5.920878,70.46326
2813,2025-10-25 05:00:00+05:30,5.2323985,40.814987,9.686609,48.01287
2814,2025-10-25 06:00:00+05:30,5.3517847,19.653913,11.952054,37.042564
2815,2025-10-25 07:00:00+05:30,4.323748,2.385899,8.953078,30.173443
2816,2025-10-25 08:00:00+05:30,0.9178235,191.30989,3.84796,79.21575
2817,2025-10-25 09:00:00+05:30,1.659518,40.601215,3.219938,63.435013
2818,2025-10-25 10:00:00+05:30,4.1046314,74.74483,5.297018,80.21766
2819,2025-10-25 11:00:00+05:30,5.8298883,81.11942,7.0774574,82.694336
2820,2025-10-25 12:00:00+05:30,4.445672,68.62931,5.3517847,70.346085
2821,2025-10-25 13:00:00+05:30,2.5582807,39.289394,2.8116899,39.805527
2822,2025-10-25 14:00:00+05:30,2.5455842,8.130019,2.9024127,7.12493
2823,2025-10-25 15:00:00+05:30,4.175069,352.5687,4.913044,351.57312
2824,2025-10-25 16:00:00+05:30,4.5,360.0,9.195868,3.3664
2825,2025-10-25 17:00:00+05:30,0.9,36.86999,3.3092597,22.380184
2826,2025-10-25 18:00:00+05:30,3.572898,40.9143,8.783189,44.169785
2827,2025-10-25 19:00:00+05:30,4.198285,59.03632,12.287555,58.1726
2828,2025-10-25 20:00:00+05:30,2.7475805,148.39255,8.461915,113.838745
2829,2025-10-25 21:00:00+05:30,2.6758924,132.27362,10.706596,153.00424
2830,2025-10-25 22:00:00+05:30,3.7064266,29.054508,3.244996,93.17977
2831,2025-10-25 23:00:00+05:30,3.6,53.13002,2.6758924,109.653915
2832,2025-10-26 00:00:00+05:30,5.8603754,47.489597,8.435069,39.805527
2833,2025-10-26 01:00:00+05:30,4.3536186,29.744795,9.139322,32.124966
2834,2025-10-26 02:00:00+05:30,6.552099,37.184795,13.874019,44.474438
2835,2025-10-26 03:00:00+05:30,7.5019197,59.743652,18.201372,61.66097
2836,2025-10-26 04:00:00+05:30,8.211235,63.996716,20.82484,67.64675
2837,2025-10-26 05:00:00+05:30,8.305396,60.1012,21.697279,67.05104
2838,2025-10-26 06:00:00+05:30,7.754637,68.19853,21.518847,72.47434
2839,2025-10-26 07:00:00+05:30,10.261579,74.74483,20.302532,75.10126
2840,2025-10-26 08:00:00+05:30,7.7734165,84.68555,20.495512,82.9375
2841,2025-10-26 09:00:00+05:30,8.37532,81.34755,13.262714,82.199905
2842,2025-10-26 10:00:00+05:30,11.016824,85.314186,14.634343,85.060875
2843,2025-10-26 11:00:00+05:30,11.159999,90.0,14.22,90.0
2844,2025-10-26 12:00:00+05:30,9.734988,93.17977,12.261158,93.366394
2845,2025-10-26 13:00:00+05:30,8.507737,96.072365,10.694485,96.76608
2846,2025-10-26 14:00:00+05:30,8.107996,92.544754,9.914717,93.12207
2847,2025-10-26 15:00:00+05:30,7.970972,96.48298,9.9587345,96.22574
2848,2025-10-26 16:00:00+05:30,5.1197267,100.12462,9.444426,97.66672
2849,2025-10-26 17:00:00+05:30,7.3997297,41.054726,18.372349,41.027405
2850,2025-10-26 18:00:00+05:30,7.928177,39.47243,19.228851,38.157276
2851,2025-10-26 19:00:00+05:30,7.928177,39.47243,17.95765,42.96909
2852,2025-10-26 20:00:00+05:30,6.638072,49.398785,16.299694,46.789886
2853,2025-10-26 21:00:00+05:30,6.21717,67.8905,15.990646,58.81509
2854,2025-10-26 22:00:00+05:30,6.6818557,62.744755,18.043148,61.389645
2855,2025-10-26 23:00:00+05:30,7.3469996,59.03632,19.513195,60.124096
2856,2025-10-27 00:00:00+05:30,8.217153,61.189304,20.774214,62.10283
2857,2025-10-27 01:00:00+05:30,8.297589,49.398785,20.837282,58.781662
2858,2025-10-27 02:00:00+05:30,8.281956,42.357407,20.523157,52.124958
2859,2025-10-27 03:00:00+05:30,7.562142,51.766144,19.869423,56.453865
2860,2025-10-27 04:00:00+05:30,7.689603,57.42595,20.054457,61.594852
2861,2025-10-27 05:00:00+05:30,8.209263,52.124958,20.652988,59.63582
2862,2025-10-27 06:00:00+05:30,7.729527,62.24156,19.486609,64.855255
2863,2025-10-27 07:00:00+05:30,8.863972,77.09259,17.381887,74.38055
2864,2025-10-27 08:00:00+05:30,5.8298883,81.11942,16.724508,81.9572
2865,2025-10-27 09:00:00+05:30,5.7599998,90.0,8.821836,88.830894
2866,2025-10-27 10:00:00+05:30,5.6233797,129.80553,7.7043357,127.40543
2867,2025-10-27 11:00:00+05:30,6.6185193,67.61982,8.891344,68.62931
2868,2025-10-27 12:00:00+05:30,8.513448,103.44863,11.050591,102.22511
2869,2025-10-27 13:00:00+05:30,9.2660675,119.05451,12.245293,114.30454
2870,2025-10-27 14:00:00+05:30,6.76618,118.61037,8.891344,111.3707
2871,2025-10-27 15:00:00+05:30,5.1165614,140.71062,7.6388745,124.43905
2872,2025-10-27 16:00:00+05:30,5.7515564,110.13639,12.043869,99.46225
2873,2025-10-27 17:00:00+05:30,7.0223074,88.531235,16.743872,91.23195
2874,2025-10-27 18:00:00+05:30,6.9899354,101.88863,15.96327,97.12492
2875,2025-10-27 19:00:00+05:30,8.604301,105.78082,17.726116,99.940506
2876,2025-10-27 20:00:00+05:30,11.5115595,99.90412,22.346838,100.67631
2877,2025-10-27 21:00:00+05:30,12.093535,104.65679,22.805367,101.84206
2878,2025-10-27 22:00:00+05:30,10.435344,104.99513,21.129883,103.799515
2879,2025-10-27 23:00:00+05:30,9.059205,110.95586,19.219584,112.000755
2880,2025-10-28 00:00:00+05:30,10.03167,99.293236,20.625517,99.544464
2881,2025-10-28 01:00:00+05:30,6.361415,64.8852,14.618837,80.07382
2882,2025-10-28 02:00:00+05:30,7.9220443,21.31798,14.628807,34.472282
2883,2025-10-28 03:00:00+05:30,10.855358,49.70793,20.413143,52.523746
2884,2025-10-28 04:00:00+05:30,8.297589,40.601215,17.10284,49.267986
2885,2025-10-28 05:00:00+05:30,7.596341,53.67309,15.990646,58.81509
2886,2025-10-28 06:00:00+05:30,11.48761,54.5666,22.065973,56.3099
2887,2025-10-28 07:00:00+05:30,13.239486,46.10162,22.798264,51.410824
2888,2025-10-28 08:00:00+05:30,12.413477,60.461315,20.615305,61.868755
2889,2025-10-28 09:00:00+05:30,11.019764,51.632477,16.78156,54.605125
2890,2025-10-28 10:00:00+05:30,12.431733,55.6196,17.726116,57.439583
2891,2025-10-28 11:00:00+05:30,12.483748,47.337337,19.734436,51.666626
2892,2025-10-28 12:00:00+05:30,12.738099,47.290634,18.899143,49.635548
2893,2025-10-28 13:00:00+05:30,12.261157,49.76371,19.944292,53.440277
2894,2025-10-28 14:00:00+05:30,11.885453,54.865723,19.976755,57.8852
2895,2025-10-28 15:00:00+05:30,11.269782,63.435013,20.140705,65.72557
2896,2025-10-28 16:00:00+05:30,11.545284,59.03632,21.252962,62.783974
2897,2025-10-28 17:00:00+05:30,10.805998,60.018444,20.850496,62.771408
2898,2025-10-28 18:00:00+05:30,11.521406,61.03244,21.09305,62.560368
2899,2025-10-28 19:00:00+05:30,10.086427,55.175446,18.955633,59.782818
2900,2025-10-28 20:00:00+05:30,9.565437,70.20104,19.82453,69.261215
2901,2025-10-28 21:00:00+05:30,9.178235,78.6901,19.80409,78.996506
2902,2025-10-28 22:00:00+05:30,9.555271,86.76037,20.275383,83.88459
2903,2025-10-28 23:00:00+05:30,7.9465466,76.908104,17.972979,82.51921
2904,2025-10-29 00:00:00+05:30,6.391901,80.2725,15.172407,85.23644
2905,2025-10-29 01:00:00+05:30,4.4565907,46.636536,11.334285,69.55037
2906,2025-10-29 02:00:00+05:30,7.4867883,27.181028,15.072783,40.15594
2907,2025-10-29 03:00:00+05:30,7.9036193,30.068504,16.740969,36.253937
2908,2025-10-29 04:00:00+05:30,8.037761,34.045982,17.326813,42.473846
2909,2025-10-29 05:00:00+05:30,6.361415,25.114815,15.778516,34.777905
2910,2025-10-29 06:00:00+05:30,8.12197,12.804273,16.431347,24.599777
2911,2025-10-29 07:00:00+05:30,7.973005,28.30066,15.035119,31.787212
2912,2025-10-29 08:00:00+05:30,7.823272,23.025528,12.320471,25.06744
2913,2025-10-29 09:00:00+05:30,7.7043357,37.405437,10.261579,37.875053
2914,2025-10-29 10:00:00+05:30,8.967541,38.480236,11.500296,39.92034
2915,2025-10-29 11:00:00+05:30,8.604301,52.650585,10.944532,53.69541
2916,2025-10-29 12:00:00+05:30,6.198903,64.17907,7.6579366,66.44773
2917,2025-10-29 13:00:00+05:30,6.1569467,74.74483,7.6409945,74.98159
2918,2025-10-29 14:00:00+05:30,7.7420926,72.40749,9.621163,72.58194
2919,2025-10-29 15:00:00+05:30,6.59154,55.0079,8.187527,56.659275
2920,2025-10-29 16:00:00+05:30,6.8423676,26.564985,9.600937,30.41101
2921,2025-10-29 17:00:00+05:30,5.0432134,55.175446,12.348051,53.297062
2922,2025-10-29 18:00:00+05:30,6.452441,59.8587,15.22783,61.01128
2923,2025-10-29 19:00:00+05:30,4.1046314,105.25517,11.074022,97.47147
2924,2025-10-29 20:00:00+05:30,4.080882,138.57643,9.418661,116.0753
2925,2025-10-29 21:00:00+05:30,2.226477,194.03627,5.4744864,117.40749
2926,2025-10-29 22:00:00+05:30,2.4482648,306.02747,5.3517847,19.653913
2927,2025-10-29 23:00:00+05:30,7.0199995,337.3801,12.440851,356.68228
2928,2025-10-30 00:00:00+05:30,7.579261,4.085537,15.547875,20.323217
2929,2025-10-30 01:00:00+05:30,8.6867485,34.019398,18.720863,43.05193
2930,2025-10-30 02:00:00+05:30,6.5693827,80.53775,15.410776,67.32862
2931,2025-10-30 03:00:00+05:30,10.195057,47.862484,19.881649,58.324585
2932,2025-10-30 04:00:00+05:30,11.7,59.48984,22.459644,63.845726
2933,2025-10-30 05:00:00+05:30,9.044888,354.2895,15.956163,11.056373
2934,2025-10-30 06:00:00+05:30,11.521406,359.10486,20.778112,4.969664
2935,2025-10-30 07:00:00+05:30,9.703319,40.485935,17.326813,47.526165
2936,2025-10-30 08:00:00+05:30,9.567131,85.68405,21.332088,84.674355
2937,2025-10-30 09:00:00+05:30,10.390226,75.96373,14.685176,78.6901
2938,2025-10-30 10:00:00+05:30,10.134496,70.27763,13.32,71.075264
2939,2025-10-30 11:00:00+05:30,13.277364,105.73207,17.431213,106.18928
2940,2025-10-30 12:00:00+05:30,13.379461,107.21616,17.482254,106.75583
2941,2025-10-30 13:00:00+05:30,11.844492,106.78272,15.898188,105.76726
2942,2025-10-30 14:00:00+05:30,8.936777,108.79998,12.295462,107.90454
2943,2025-10-30 15:00:00+05:30,9.0018,91.14574,12.632101,94.08554
2944,2025-10-30 16:00:00+05:30,10.120098,84.89793,15.726067,84.74629
2945,2025-10-30 17:00:00+05:30,11.885453,88.264336,20.224983,85.40583
2946,2025-10-30 18:00:00+05:30,12.273043,94.205284,20.404411,94.55368
2947,2025-10-30 19:00:00+05:30,10.814989,108.43504,18.845062,107.223526
2948,2025-10-30 20:00:00+05:30,7.4932766,114.102234,15.882896,113.36913
2949,2025-10-30 21:00:00+05:30,4.755544,119.4758,12.257194,119.953514
2950,2025-10-30 22:00:00+05:30,4.7827187,109.798965,12.601285,111.80147
2951,2025-10-30 23:00:00+05:30,4.175069,97.43131,11.265469,102.926
