,date,wind_speed_10m,wind_direction_10m,wind_speed_100m,wind_direction_100m
0,2025-06-30 00:00:00+05:30,10.062305,222.82524,17.460928,232.53937
1,2025-06-30 01:00:00+05:30,10.548061,233.32556,19.293615,239.12799
2,2025-06-30 02:00:00+05:30,9.761578,247.21756,17.703253,251.01228
3,2025-06-30 03:00:00+05:30,10.957847,255.73544,18.533009,258.79922
4,2025-06-30 04:00:00+05:30,9.6480665,261.41647,17.28,270.0
5,2025-06-30 05:00:00+05:30,5.983477,226.2188,11.165805,249.22766
6,2025-06-30 06:00:00+05:30,10.874742,241.31395,19.699928,257.86868
7,2025-06-30 07:00:00+05:30,11.190442,258.87085,16.32055,263.03183
8,2025-06-30 08:00:00+05:30,4.514377,265.42615,6.302571,271.63654
9,2025-06-30 09:00:00+05:30,11.272657,289.59238,14.517644,289.55835
10,2025-06-30 10:00:00+05:30,15.696165,306.60718,20.98911,306.28033
11,2025-06-30 11:00:00+05:30,11.5199995,270.0,16.5688,271.86765
12,2025-06-30 12:00:00+05:30,13.845967,285.84314,18.0,286.26028
13,2025-06-30 13:00:00+05:30,11.605464,293.78204,15.060956,294.7273
14,2025-06-30 14:00:00+05:30,9.485504,303.38855,12.13499,302.2756
15,2025-06-30 15:00:00+05:30,9.396275,306.43094,11.885453,305.13428
16,2025-06-30 16:00:00+05:30,8.027678,312.27362,10.195057,312.1375
17,2025-06-30 17:00:00+05:30,8.281956,317.64258,10.185519,316.43204
18,2025-06-30 18:00:00+05:30,9.867218,321.66663,14.25641,322.69598
19,2025-06-30 19:00:00+05:30,5.7402787,311.18582,9.432412,318.09415
20,2025-06-30 20:00:00+05:30,5.991594,302.7352,11.457958,313.72705
21,2025-06-30 21:00:00+05:30,5.020677,284.5345,10.158444,299.74478
22,2025-06-30 22:00:00+05:30,4.829907,296.56497,10.234705,304.24908
23,2025-06-30 23:00:00+05:30,6.854195,299.93143,14.045767,300.83777
24,2025-07-01 00:00:00+05:30,4.752136,307.30402,9.54679,315.7638
25,2025-07-01 01:00:00+05:30,7.458606,278.32556,11.966953,291.16132
26,2025-07-01 02:00:00+05:30,10.63372,303.9591,16.443172,311.8939
27,2025-07-01 03:00:00+05:30,8.723967,291.80145,15.617529,295.97433
28,2025-07-01 04:00:00+05:30,7.689603,290.55612,12.647482,294.37646
29,2025-07-01 05:00:00+05:30,10.931203,287.24155,17.363237,287.49585
30,2025-07-01 06:00:00+05:30,4.471107,310.10083,7.8149853,321.54626
31,2025-07-01 07:00:00+05:30,4.3349743,274.76355,6.0721655,281.9761
32,2025-07-01 08:00:00+05:30,5.7402787,318.81418,8.65873,316.68463
33,2025-07-01 09:00:00+05:30,9.144637,323.8067,13.287122,324.372
34,2025-07-01 10:00:00+05:30,9.340941,334.9164,13.845967,333.76813
35,2025-07-01 11:00:00+05:30,10.546525,332.56036,13.60519,334.113
36,2025-07-01 12:00:00+05:30,11.599879,318.14505,14.565548,320.01315
37,2025-07-01 13:00:00+05:30,10.00256,329.74365,12.74954,329.4525
38,2025-07-01 14:00:00+05:30,6.151683,339.44388,8.139901,341.9656
39,2025-07-01 15:00:00+05:30,4.73506,351.2539,6.162207,353.29025
40,2025-07-01 16:00:00+05:30,6.439876,333.43503,8.225035,336.8014
41,2025-07-01 17:00:00+05:30,6.849467,3.0127327,8.477216,3.6521478
42,2025-07-01 18:00:00+05:30,4.599695,329.42084,6.5223618,332.02063
43,2025-07-01 19:00:00+05:30,3.8856654,346.60748,8.827344,357.66275
44,2025-07-01 20:00:00+05:30,4.752136,322.69595,9.430694,346.75946
45,2025-07-01 21:00:00+05:30,6.552099,307.18478,10.134495,326.59216
46,2025-07-01 22:00:00+05:30,5.796447,306.15826,11.334285,316.93057
47,2025-07-01 23:00:00+05:30,4.3573384,321.70978,11.753876,319.9698
48,2025-07-02 00:00:00+05:30,11.968308,77.84508,19.3104,73.761086
49,2025-07-02 01:00:00+05:30,2.4216523,48.01287,5.3457265,44.999897
50,2025-07-02 02:00:00+05:30,2.8856194,86.423744,4.6800003,67.3801
51,2025-07-02 03:00:00+05:30,2.6999998,233.13002,3.0811036,263.29025
52,2025-07-02 04:00:00+05:30,3.06,298.0724,5.257109,321.9529
53,2025-07-02 05:00:00+05:30,6.8423676,305.36255,11.345712,311.78442
54,2025-07-02 06:00:00+05:30,9.526405,22.203527,15.299999,28.072395
55,2025-07-02 07:00:00+05:30,10.825469,47.021362,14.905261,47.4471
56,2025-07-02 08:00:00+05:30,11.886816,57.99466,15.627897,57.22513
57,2025-07-02 09:00:00+05:30,8.836514,56.63362,11.43248,56.560116
58,2025-07-02 10:00:00+05:30,8.827343,73.41259,11.052058,73.92636
59,2025-07-02 11:00:00+05:30,9.354806,78.90632,11.720751,79.380394
60,2025-07-02 12:00:00+05:30,9.511088,60.524208,12.24,61.92762
61,2025-07-02 13:00:00+05:30,9.585739,124.286934,12.348052,120.67721
62,2025-07-02 14:00:00+05:30,5.0911684,98.13002,6.5693827,99.46225
63,2025-07-02 15:00:00+05:30,7.256032,60.255207,9.016185,63.946568
64,2025-07-02 16:00:00+05:30,5.920878,70.46326,7.7420926,72.40749
65,2025-07-02 17:00:00+05:30,3.143565,103.24053,4.2021422,99.865746
66,2025-07-02 18:00:00+05:30,5.5216303,70.974304,7.9138603,72.80138
67,2025-07-02 19:00:00+05:30,2.3469126,85.60138,5.950899,93.46816
68,2025-07-02 20:00:00+05:30,6.015878,38.92756,8.854829,63.435013
69,2025-07-02 21:00:00+05:30,2.5455842,81.86999,7.731622,102.09474
70,2025-07-02 22:00:00+05:30,8.951267,74.84589,14.404499,88.56794
71,2025-07-02 23:00:00+05:30,7.2359104,95.7105,13.276144,102.5288
72,2025-07-03 00:00:00+05:30,8.281956,91.24534,12.429127,100.00792
73,2025-07-03 01:00:00+05:30,8.311245,85.03035,13.864674,91.48784
74,2025-07-03 02:00:00+05:30,8.790563,79.380394,14.993038,85.17932
75,2025-07-03 03:00:00+05:30,5.896202,77.660934,11.881363,89.131966
76,2025-07-03 04:00:00+05:30,6.452441,67.01126,11.013882,78.6901
77,2025-07-03 05:00:00+05:30,7.247096,75.61857,12.841963,84.369415
78,2025-07-03 06:00:00+05:30,8.865799,84.17376,12.6462,85.101
79,2025-07-03 07:00:00+05:30,9.243311,83.29026,12.483749,84.2073
80,2025-07-03 08:00:00+05:30,9.114471,99.090195,12.043869,99.46225
81,2025-07-03 09:00:00+05:30,7.9465466,103.0919,10.172787,103.298584
82,2025-07-03 10:00:00+05:30,9.224011,107.020615,11.726277,107.87879
83,2025-07-03 11:00:00+05:30,9.292255,111.595375,11.631956,111.801476
84,2025-07-03 12:00:00+05:30,7.841887,121.865944,9.9408245,121.67542
85,2025-07-03 13:00:00+05:30,4.2481523,143.61555,5.369916,140.44037
86,2025-07-03 14:00:00+05:30,5.896202,148.73633,7.2403865,145.1246
87,2025-07-03 15:00:00+05:30,6.618519,135.0001,8.281956,132.3574
88,2025-07-03 16:00:00+05:30,5.9427266,125.13428,7.388775,124.07724
89,2025-07-03 17:00:00+05:30,5.1919937,123.690094,6.489992,123.6901
90,2025-07-03 18:00:00+05:30,7.2,216.86998,9.614426,218.15727
91,2025-07-03 19:00:00+05:30,5.154415,245.22488,8.461915,246.16125
92,2025-07-03 20:00:00+05:30,2.6999998,270.0,7.79215,263.36758
93,2025-07-03 21:00:00+05:30,0.35999998,270.0,2.7943513,255.06853
94,2025-07-03 22:00:00+05:30,0.25455844,44.999897,0.9693296,291.80148
95,2025-07-03 23:00:00+05:30,7.9077177,41.30852,13.393983,48.814175
96,2025-07-04 00:00:00+05:30,3.4576871,321.34018,5.232399,356.0549
97,2025-07-04 01:00:00+05:30,5.223103,358.0251,8.821836,1.1691146
98,2025-07-04 02:00:00+05:30,7.5685663,115.34614,11.571914,105.33334
99,2025-07-04 03:00:00+05:30,6.0347,162.64589,9.028754,156.50142
100,2025-07-04 04:00:00+05:30,8.473393,192.26476,13.450708,195.52417
101,2025-07-04 05:00:00+05:30,3.244996,183.17976,4.3536186,209.7448
102,2025-07-04 06:00:00+05:30,4.5572357,9.090207,9.340941,25.083572
103,2025-07-04 07:00:00+05:30,7.928177,50.52757,11.132385,50.906155
104,2025-07-04 08:00:00+05:30,10.086427,55.175446,13.036026,54.55421
105,2025-07-04 09:00:00+05:30,5.1575575,119.24873,6.279395,117.29949
106,2025-07-04 10:00:00+05:30,3.6447225,147.09476,4.542994,146.3099
107,2025-07-04 11:00:00+05:30,1.3708391,246.80138,1.609969,243.43501
108,2025-07-04 12:00:00+05:30,2.1749482,335.55606,2.5772076,335.22488
109,2025-07-04 13:00:00+05:30,3.0811036,353.29025,3.7971036,354.55975
110,2025-07-04 14:00:00+05:30,2.3469126,355.60138,2.8799999,360.0
111,2025-07-04 15:00:00+05:30,5.426933,354.2895,6.8612823,355.48608
112,2025-07-04 16:00:00+05:30,8.936778,332.4028,11.440979,335.85446
113,2025-07-04 17:00:00+05:30,10.299397,264.98697,14.224556,271.4502
114,2025-07-04 18:00:00+05:30,10.97262,221.00899,15.530151,224.0609
115,2025-07-04 19:00:00+05:30,5.12289,288.43503,9.676569,288.43503
116,2025-07-04 20:00:00+05:30,7.1661706,258.40784,14.096425,264.8719
117,2025-07-04 21:00:00+05:30,2.2768397,341.56494,6.361415,295.1148
118,2025-07-04 22:00:00+05:30,3.3481934,233.74606,6.698806,263.82993
119,2025-07-04 23:00:00+05:30,5.728979,226.27295,9.605998,257.00537
120,2025-07-05 00:00:00+05:30,5.072041,242.52565,8.825508,258.23172
121,2025-07-05 01:00:00+05:30,2.9522195,322.43134,4.965521,316.46872
122,2025-07-05 02:00:00+05:30,3.8183763,351.87,9.257321,333.43503
123,2025-07-05 03:00:00+05:30,5.7964473,244.23071,10.182337,261.87
124,2025-07-05 04:00:00+05:30,3.8939953,326.3099,8.536252,317.5638
125,2025-07-05 05:00:00+05:30,4.3573384,321.70978,8.790563,317.4896
126,2025-07-05 06:00:00+05:30,7.596341,323.67307,12.881008,326.97614
127,2025-07-05 07:00:00+05:30,6.299999,323.13,8.39078,324.6051
128,2025-07-05 08:00:00+05:30,10.897063,329.1986,14.512064,330.25522
129,2025-07-05 09:00:00+05:30,7.5363917,319.84406,9.587428,320.33218
130,2025-07-05 10:00:00+05:30,8.244708,323.88055,10.735306,325.24402
131,2025-07-05 11:00:00+05:30,7.16617,334.72232,9.102021,335.46228
132,2025-07-05 12:00:00+05:30,6.489992,340.55988,8.2584505,343.53992
133,2025-07-05 13:00:00+05:30,6.2613096,341.56494,8.035746,344.40714
134,2025-07-05 14:00:00+05:30,5.4744864,350.53775,7.0774574,352.69434
135,2025-07-05 15:00:00+05:30,5.6521144,9.16228,7.0774574,7.3056703
136,2025-07-05 16:00:00+05:30,5.4744864,43.667847,7.0107627,41.877792
137,2025-07-05 17:00:00+05:30,6.302571,88.363464,8.281956,88.75467
138,2025-07-05 18:00:00+05:30,8.163749,255.96373,10.783487,255.49979
139,2025-07-05 19:00:00+05:30,6.9527545,248.74942,12.466867,252.3498
140,2025-07-05 20:00:00+05:30,7.5019197,239.74365,14.584443,245.96571
141,2025-07-05 21:00:00+05:30,8.604301,232.65057,16.63905,238.71739
142,2025-07-05 22:00:00+05:30,9.743304,244.85524,19.121557,247.29712
143,2025-07-05 23:00:00+05:30,4.8433046,318.01288,11.799271,291.47684
144,2025-07-06 00:00:00+05:30,7.2649574,131.98714,7.4520864,127.14677
145,2025-07-06 01:00:00+05:30,6.1305785,130.23628,7.729527,152.24155
146,2025-07-06 02:00:00+05:30,5.004518,142.3057,5.2416787,164.05453
147,2025-07-06 03:00:00+05:30,2.19718,145.0079,1.4512063,187.12492
148,2025-07-06 04:00:00+05:30,5.6233797,230.19447,10.685391,237.38077
149,2025-07-06 05:00:00+05:30,5.068846,253.49556,9.36,270.0
150,2025-07-06 06:00:00+05:30,8.587338,236.97612,18.057508,246.50142
151,2025-07-06 07:00:00+05:30,9.906544,245.29759,13.874019,247.0942
152,2025-07-06 08:00:00+05:30,10.717182,277.72174,14.205182,278.74606
153,2025-07-06 09:00:00+05:30,9.83268,293.7495,12.81165,294.04422
154,2025-07-06 10:00:00+05:30,5.1481256,306.46933,6.341009,304.59235
155,2025-07-06 11:00:00+05:30,4.613762,339.44388,5.5829024,339.22766
156,2025-07-06 12:00:00+05:30,6.87779,6.0089183,8.32877,6.20336
157,2025-07-06 13:00:00+05:30,6.5049515,14.4208145,7.8149853,14.676441
158,2025-07-06 14:00:00+05:30,7.6642804,80.53775,9.3962755,73.300674
159,2025-07-06 15:00:00+05:30,3.096837,125.537766,3.381893,115.20109
160,2025-07-06 16:00:00+05:30,5.9617786,151.11351,7.193247,148.29861
161,2025-07-06 17:00:00+05:30,8.287822,177.5105,10.813492,177.13765
162,2025-07-06 18:00:00+05:30,3.8939953,236.3099,6.6405115,237.17146
163,2025-07-06 19:00:00+05:30,13.3649235,225.5456,21.010712,223.26433
164,2025-07-06 20:00:00+05:30,10.718693,220.91429,18.59845,222.64667
165,2025-07-06 21:00:00+05:30,9.278297,251.91646,17.14919,249.09195
166,2025-07-06 22:00:00+05:30,7.628263,250.70985,14.810401,249.36237
167,2025-07-06 23:00:00+05:30,7.92,270.0,15.841023,269.34894
168,2025-07-07 00:00:00+05:30,7.0843205,297.21603,14.578888,290.22495
169,2025-07-07 01:00:00+05:30,6.8612823,274.5139,13.979871,281.88864
170,2025-07-07 02:00:00+05:30,1.6299692,6.3401003,6.2379804,316.16904
171,2025-07-07 03:00:00+05:30,5.1165614,129.28938,2.3469129,122.471176
172,2025-07-07 04:00:00+05:30,7.9932966,54.16227,12.172312,38.395203
173,2025-07-07 05:00:00+05:30,5.22,46.39711,10.650465,59.53454
174,2025-07-07 06:00:00+05:30,14.869351,276.95285,26.781918,278.89246
175,2025-07-07 07:00:00+05:30,10.04458,306.25394,22.800394,312.7605
176,2025-07-07 08:00:00+05:30,8.557102,67.75093,11.844492,53.65245
177,2025-07-07 09:00:00+05:30,9.0018,88.85426,11.788281,82.9836
178,2025-07-07 10:00:00+05:30,6.4323244,107.92801,8.163749,104.03627
179,2025-07-07 11:00:00+05:30,4.143911,182.4895,5.0528407,175.91446
180,2025-07-07 12:00:00+05:30,2.7059932,266.186,2.8856194,266.42374
181,2025-07-07 13:00:00+05:30,4.3274937,315.0001,5.1165614,320.7106
182,2025-07-07 14:00:00+05:30,4.278551,337.75092,5.3517847,340.3461
183,2025-07-07 15:00:00+05:30,3.6,306.86996,4.3349743,311.63345
184,2025-07-07 16:00:00+05:30,5.318383,293.9625,6.601363,295.8663
185,2025-07-07 17:00:00+05:30,5.2323985,310.81497,6.7757506,309.61066
186,2025-07-07 18:00:00+05:30,7.5942082,301.4295,12.181624,304.15976
187,2025-07-07 19:00:00+05:30,6.8919086,310.76352,13.755579,312.8789
188,2025-07-07 20:00:00+05:30,5.0432134,304.82455,12.097553,313.19128
189,2025-07-07 21:00:00+05:30,4.293669,303.02386,10.075177,311.37842
190,2025-07-07 22:00:00+05:30,5.7628117,268.2101,11.837651,278.74606
191,2025-07-07 23:00:00+05:30,6.3231,274.89902,14.713831,277.73352
192,2025-07-08 00:00:00+05:30,6.4323244,287.928,14.941083,291.92963
193,2025-07-08 01:00:00+05:30,7.689603,290.55612,15.955151,293.9625
194,2025-07-08 02:00:00+05:30,10.626099,308.8114,20.634155,308.26956
195,2025-07-08 03:00:00+05:30,6.9480934,286.55716,15.455911,296.26657
196,2025-07-08 04:00:00+05:30,0.6489992,213.6901,5.815978,291.80148
197,2025-07-08 05:00:00+05:30,9.793058,162.89719,15.922626,174.1606
198,2025-07-08 06:00:00+05:30,10.495713,337.8336,20.326454,337.06787
199,2025-07-08 07:00:00+05:30,7.2805495,351.4693,10.004178,351.72418
200,2025-07-08 08:00:00+05:30,1.2074767,63.435013,1.659518,49.398785
201,2025-07-08 09:00:00+05:30,1.2727921,278.13,1.484318,284.03625
202,2025-07-08 10:00:00+05:30,4.278551,345.3791,5.1544156,347.90527
203,2025-07-08 11:00:00+05:30,5.6060677,354.47253,6.87779,353.9911
204,2025-07-08 12:00:00+05:30,5.950899,3.46817,7.2202215,4.289077
205,2025-07-08 13:00:00+05:30,5.9834766,353.08887,7.4346757,353.04715
206,2025-07-08 14:00:00+05:30,6.361415,334.8852,8.0599,336.29733
207,2025-07-08 15:00:00+05:30,5.994297,311.3477,7.6409945,313.09085
208,2025-07-08 16:00:00+05:30,6.048107,306.52896,7.562142,308.23386
209,2025-07-08 17:00:00+05:30,8.209263,307.87503,11.132385,309.09384
210,2025-07-08 18:00:00+05:30,3.9763298,264.80566,8.827343,286.5874
211,2025-07-08 19:00:00+05:30,6.489992,213.6901,10.837435,228.36655
212,2025-07-08 20:00:00+05:30,16.267857,204.86368,27.35171,210.44635
213,2025-07-08 21:00:00+05:30,12.750811,221.56627,22.169981,227.63249
214,2025-07-08 22:00:00+05:30,9.028754,246.50142,17.418196,251.93944
215,2025-07-08 23:00:00+05:30,7.2403865,235.1246,14.458382,251.11382
216,2025-07-09 00:00:00+05:30,7.7420926,234.46223,14.974658,244.35904
217,2025-07-09 01:00:00+05:30,7.570707,251.99574,15.922624,259.57935
218,2025-07-09 02:00:00+05:30,8.287822,267.5105,16.563911,268.75467
219,2025-07-09 03:00:00+05:30,7.5363917,229.84407,15.955151,246.0375
220,2025-07-09 04:00:00+05:30,8.225035,66.80139,7.841887,58.134064
221,2025-07-09 05:00:00+05:30,8.905908,104.03627,9.47012,98.74608
222,2025-07-09 06:00:00+05:30,11.770403,293.4287,21.09305,297.43964
223,2025-07-09 07:00:00+05:30,8.936778,279.27252,15.430736,286.95538
224,2025-07-09 08:00:00+05:30,11.074022,277.47147,15.151039,279.57416
225,2025-07-09 09:00:00+05:30,16.454992,300.21124,22.134146,301.36325
226,2025-07-09 10:00:00+05:30,17.123669,309.88263,22.747044,309.86356
227,2025-07-09 11:00:00+05:30,14.87153,308.11832,19.987295,308.4181
228,2025-07-09 12:00:00+05:30,13.491598,315.0001,17.437717,314.58185
229,2025-07-09 13:00:00+05:30,10.855358,310.29205,14.021525,311.87778
230,2025-07-09 14:00:00+05:30,10.373061,308.65982,13.551501,309.61066
231,2025-07-09 15:00:00+05:30,11.734564,318.73148,15.668273,317.32785
232,2025-07-09 16:00:00+05:30,5.1826253,20.323217,7.0774574,7.3056703
233,2025-07-09 17:00:00+05:30,3.8141315,19.290138,5.12289,18.435053
234,2025-07-09 18:00:00+05:30,0.9,90.0,0.742159,75.96373
235,2025-07-09 19:00:00+05:30,5.9834766,21.161337,11.511559,26.965645
236,2025-07-09 20:00:00+05:30,7.458606,19.746927,12.785069,35.256443
237,2025-07-09 21:00:00+05:30,7.056826,37.746864,11.7662735,60.690098
238,2025-07-09 22:00:00+05:30,2.4482648,36.027473,5.896202,102.33907
239,2025-07-09 23:00:00+05:30,2.5772076,24.775122,3.7842832,92.72626
240,2025-07-10 00:00:00+05:30,1.6981165,147.99466,3.396233,147.99466
241,2025-07-10 01:00:00+05:30,3.8939953,236.3099,6.552099,232.81522
242,2025-07-10 02:00:00+05:30,5.5450516,256.86597,10.837435,258.50348
243,2025-07-10 03:00:00+05:30,7.172949,252.47433,13.450708,254.47583
244,2025-07-10 04:00:00+05:30,8.43699,258.92984,15.808263,262.1468
245,2025-07-10 05:00:00+05:30,1.8532133,209.0545,7.102591,261.2539
246,2025-07-10 06:00:00+05:30,3.438895,353.9911,6.7565966,318.23978
247,2025-07-10 07:00:00+05:30,5.9617786,331.11353,10.028439,338.9624
248,2025-07-10 08:00:00+05:30,1.4399999,90.0,2.34,90.0
249,2025-07-10 09:00:00+05:30,6.391901,212.34741,7.8149853,208.92633
250,2025-07-10 10:00:00+05:30,5.876938,220.0302,7.344794,216.02747
251,2025-07-10 11:00:00+05:30,5.257109,218.04709,6.6624317,218.41809
252,2025-07-10 12:00:00+05:30,4.471107,220.10085,5.509882,218.36752
253,2025-07-10 13:00:00+05:30,4.802999,257.00537,6.1120534,256.373
254,2025-07-10 14:00:00+05:30,6.4624763,282.875,8.083983,281.5601
255,2025-07-10 15:00:00+05:30,6.8423676,305.36255,8.6867485,304.01938
256,2025-07-10 16:00:00+05:30,5.2323985,319.18503,6.248359,318.50363
257,2025-07-10 17:00:00+05:30,3.9477081,316.8476,4.8433046,318.01288
258,2025-07-10 18:00:00+05:30,6.050785,300.37906,9.688281,305.1665
259,2025-07-10 19:00:00+05:30,5.004518,307.6943,9.567131,318.81415
260,2025-07-10 20:00:00+05:30,3.244996,266.82022,5.9617786,298.88647
261,2025-07-10 21:00:00+05:30,4.514377,246.50142,6.1858225,261.6342
262,2025-07-10 22:00:00+05:30,4.3832865,250.82089,6.3639607,261.87
263,2025-07-10 23:00:00+05:30,5.297018,260.21765,8.101999,268.727
264,2025-07-11 00:00:00+05:30,5.7599998,270.0,10.209348,279.1301
265,2025-07-11 01:00:00+05:30,6.122647,268.31534,11.304229,279.16226
266,2025-07-11 02:00:00+05:30,9.255571,283.49576,16.963984,289.20407
267,2025-07-11 03:00:00+05:30,0.40249225,63.435013,5.3517847,317.72638
268,2025-07-11 04:00:00+05:30,3.4763772,291.25058,5.6492476,300.65057
269,2025-07-11 05:00:00+05:30,5.8852015,23.428713,10.134496,19.722366
270,2025-07-11 06:00:00+05:30,6.2405767,303.23172,9.432412,311.90585
271,2025-07-11 07:00:00+05:30,4.965521,313.53125,6.618519,315.0001
272,2025-07-11 08:00:00+05:30,4.327493,343.0724,5.5887027,345.06854
273,2025-07-11 09:00:00+05:30,3.710795,337.1663,4.445672,338.6293
274,2025-07-11 10:00:00+05:30,5.876938,319.9698,7.3094187,322.00122
275,2025-07-11 11:00:00+05:30,5.896202,328.73633,7.1684303,331.50446
276,2025-07-11 12:00:00+05:30,8.099999,323.13,10.1902895,324.34457
277,2025-07-11 13:00:00+05:30,7.748368,329.2646,9.511088,330.5242
278,2025-07-11 14:00:00+05:30,7.7420926,324.46225,9.734988,326.3099
279,2025-07-11 15:00:00+05:30,7.8149853,331.07367,9.582358,331.9909
280,2025-07-11 16:00:00+05:30,3.8183763,315.0001,5.004518,322.3057
281,2025-07-11 17:00:00+05:30,5.8048253,262.8751,7.029225,267.0644
282,2025-07-11 18:00:00+05:30,2.5772076,294.77512,4.8965297,306.02747
283,2025-07-11 19:00:00+05:30,1.9469976,213.6901,2.4149535,243.43501
284,2025-07-11 20:00:00+05:30,3.9477081,223.1524,7.10031,239.53453
285,2025-07-11 21:00:00+05:30,2.97953,244.98314,7.2805495,261.46933
286,2025-07-11 22:00:00+05:30,3.06,270.0,7.5170207,286.6993
287,2025-07-11 23:00:00+05:30,3.2846913,279.46225,8.0599,299.42737
288,2025-07-12 00:00:00+05:30,5.1826253,290.3232,11.090103,305.75397
289,2025-07-12 01:00:00+05:30,2.3051248,308.65982,8.654987,315.0001
290,2025-07-12 02:00:00+05:30,3.396233,237.99466,8.626865,293.3556
291,2025-07-12 03:00:00+05:30,1.1525624,218.65984,5.2323985,296.56497
292,2025-07-12 04:00:00+05:30,4.7827187,289.79895,11.808878,307.56866
293,2025-07-12 05:00:00+05:30,3.9763298,275.19434,10.337078,305.07382
294,2025-07-12 06:00:00+05:30,11.616626,319.39877,20.999144,321.26346
295,2025-07-12 07:00:00+05:30,9.109138,322.22424,18.329973,324.59305
296,2025-07-12 08:00:00+05:30,6.77575,343.0091,9.3962755,339.82925
297,2025-07-12 09:00:00+05:30,6.1120534,13.627024,8.43699,11.07017
298,2025-07-12 10:00:00+05:30,5.920878,19.536749,8.427383,19.983198
299,2025-07-12 11:00:00+05:30,7.0934615,35.706783,10.04458,36.253937
300,2025-07-12 12:00:00+05:30,6.048107,36.528946,8.39078,35.39489
301,2025-07-12 13:00:00+05:30,6.924738,8.97255,9.708326,10.684865
302,2025-07-12 14:00:00+05:30,5.9399996,360.0,7.9383874,3.9004252
303,2025-07-12 15:00:00+05:30,6.384293,338.4985,8.311245,342.34976
304,2025-07-12 16:00:00+05:30,6.830519,341.56494,8.654986,343.0724
305,2025-07-12 17:00:00+05:30,8.534353,332.3541,11.190442,334.25934
306,2025-07-12 18:00:00+05:30,13.1412325,0.7848072,22.355536,3.2309437
307,2025-07-12 19:00:00+05:30,10.873251,340.6651,19.992968,339.44388
308,2025-07-12 20:00:00+05:30,9.761578,22.78244,18.329973,17.723333
309,2025-07-12 21:00:00+05:30,9.224011,354.40076,17.280937,0.59679943
310,2025-07-12 22:00:00+05:30,9.3962755,339.82925,17.34083,350.43997
311,2025-07-12 23:00:00+05:30,6.424764,348.6901,13.519186,3.0528262
312,2025-07-13 00:00:00+05:30,8.287822,357.5105,15.784676,7.205963
313,2025-07-13 01:00:00+05:30,9.605998,347.00537,16.595179,356.26868
314,2025-07-13 02:00:00+05:30,13.1412325,13.46523,21.9718,18.138186
315,2025-07-13 03:00:00+05:30,11.672275,17.037857,20.122196,21.51596
316,2025-07-13 04:00:00+05:30,10.075177,18.758749,17.38934,25.769283
317,2025-07-13 05:00:00+05:30,10.248941,30.618525,17.892578,36.408875
318,2025-07-13 06:00:00+05:30,14.481893,32.307316,22.26768,34.460888
319,2025-07-13 07:00:00+05:30,13.513193,48.2398,19.567083,50.59937
320,2025-07-13 08:00:00+05:30,12.708815,52.480812,17.352036,53.01115
321,2025-07-13 09:00:00+05:30,13.130133,56.745625,17.629894,57.93264
322,2025-07-13 10:00:00+05:30,13.538345,54.196568,18.123774,55.520737
323,2025-07-13 11:00:00+05:30,14.637663,45.498146,20.898613,47.792774
324,2025-07-13 12:00:00+05:30,15.602999,50.617603,20.999144,51.26348
325,2025-07-13 13:00:00+05:30,18.222721,66.72707,24.179703,66.29735
326,2025-07-13 14:00:00+05:30,15.891054,80.21766,20.774214,81.02746
327,2025-07-13 15:00:00+05:30,11.570515,84.644264,14.993038,85.17932
328,2025-07-13 16:00:00+05:30,11.173057,92.77016,14.787414,93.48926
329,2025-07-13 17:00:00+05:30,8.581677,99.65983,11.367109,100.95402
330,2025-07-13 18:00:00+05:30,8.825508,191.76826,12.049249,193.82867
331,2025-07-13 19:00:00+05:30,5.2694216,187.85323,10.853866,185.7105
332,2025-07-13 20:00:00+05:30,3.9966483,144.16226,11.269782,153.43501
333,2025-07-13 21:00:00+05:30,6.037383,116.56499,13.633737,132.32452
334,2025-07-13 22:00:00+05:30,8.338489,122.660904,16.818203,132.39738
335,2025-07-13 23:00:00+05:30,9.600937,120.411,17.95765,132.96909
336,2025-07-14 00:00:00+05:30,11.755254,115.38787,21.22016,124.63374
337,2025-07-14 01:00:00+05:30,12.097553,133.19128,21.319935,139.45126
338,2025-07-14 02:00:00+05:30,10.587918,144.6887,19.400795,152.95956
339,2025-07-14 03:00:00+05:30,9.686609,138.01286,17.504478,149.74364
340,2025-07-14 04:00:00+05:30,10.094454,140.06367,17.885334,151.11351
341,2025-07-14 05:00:00+05:30,11.304229,142.76509,19.726225,152.2659
342,2025-07-14 06:00:00+05:30,19.09358,134.23619,29.414993,133.26433
343,2025-07-14 07:00:00+05:30,21.519598,136.69461,31.581665,136.8476
344,2025-07-14 08:00:00+05:30,23.85051,155.9497,33.46742,156.88231
345,2025-07-14 09:00:00+05:30,24.602781,163.42113,33.948017,163.67897
346,2025-07-14 10:00:00+05:30,23.444956,172.05661,32.584473,171.42236
347,2025-07-14 11:00:00+05:30,23.276442,183.99083,31.421213,184.6
348,2025-07-14 12:00:00+05:30,20.340796,180.50702,27.90058,180.36964
349,2025-07-14 13:00:00+05:30,21.69056,185.23738,29.122753,185.67526
350,2025-07-14 14:00:00+05:30,20.70704,181.4943,28.640368,182.16103
351,2025-07-14 15:00:00+05:30,18.079027,192.65256,24.5817,193.1204
352,2025-07-14 16:00:00+05:30,17.254667,200.13638,23.766136,201.31798
353,2025-07-14 17:00:00+05:30,17.483181,208.93991,24.5817,209.38051
354,2025-07-14 18:00:00+05:30,10.597094,200.89784,17.892578,203.7284
355,2025-07-14 19:00:00+05:30,11.028581,206.14677,19.267569,209.67839
356,2025-07-14 20:00:00+05:30,9.860649,201.41304,17.95404,205.53738
357,2025-07-14 21:00:00+05:30,7.0774574,187.30566,15.108211,195.1953
358,2025-07-14 22:00:00+05:30,6.12,151.92761,13.238261,168.23174
359,2025-07-14 23:00:00+05:30,7.329338,155.32315,15.379206,163.68607
360,2025-07-15 00:00:00+05:30,7.9077177,168.17854,16.584438,176.88922
361,2025-07-15 01:00:00+05:30,8.477216,183.65215,17.227419,190.84026
362,2025-07-15 02:00:00+05:30,7.9932976,187.76508,16.336426,198.63467
363,2025-07-15 03:00:00+05:30,8.473393,192.26476,17.02404,199.77617
364,2025-07-15 04:00:00+05:30,8.557102,194.62091,17.214249,201.46771
365,2025-07-15 05:00:00+05:30,7.8728137,190.53912,16.22498,199.44012
366,2025-07-15 06:00:00+05:30,7.247096,194.38142,15.577022,202.4162
367,2025-07-15 07:00:00+05:30,8.513448,193.44862,11.897714,197.61267
368,2025-07-15 08:00:00+05:30,7.7420926,215.53777,10.120099,218.50067
369,2025-07-15 09:00:00+05:30,7.9077177,221.30852,9.931042,223.53127
370,2025-07-15 10:00:00+05:30,6.156947,232.12495,7.6388745,235.56094
371,2025-07-15 11:00:00+05:30,3.1072817,190.00792,3.6402748,188.53069
372,2025-07-15 12:00:00+05:30,9.096681,242.928,11.435313,241.8215
373,2025-07-15 13:00:00+05:30,4.991553,205.64096,6.28713,203.6294
374,2025-07-15 14:00:00+05:30,7.689603,200.55612,9.627896,200.80687
375,2025-07-15 15:00:00+05:30,8.777654,208.14151,11.207801,209.85892
376,2025-07-15 16:00:00+05:30,13.3649235,225.5456,17.69593,226.23633
377,2025-07-15 17:00:00+05:30,7.256032,226.00499,9.82114,228.7154
378,2025-07-15 18:00:00+05:30,6.310277,176.72958,8.827344,182.33725
379,2025-07-15 19:00:00+05:30,5.0688457,173.8846,10.337079,187.00117
380,2025-07-15 20:00:00+05:30,5.8603754,169.3804,11.391313,185.44025
381,2025-07-15 21:00:00+05:30,4.060985,167.19574,9.178235,191.30989
382,2025-07-15 22:00:00+05:30,4.412754,168.23174,9.499157,189.81923
383,2025-07-15 23:00:00+05:30,5.634891,153.43501,11.375658,175.46231
384,2025-07-16 00:00:00+05:30,5.315336,151.69934,11.334284,169.93938
385,2025-07-16 01:00:00+05:30,4.6730714,164.3577,10.9859,178.12216
386,2025-07-16 02:00:00+05:30,3.644722,200.22495,10.196647,200.6745
387,2025-07-16 03:00:00+05:30,2.9301877,227.4896,9.059205,220.97165
388,2025-07-16 04:00:00+05:30,1.1384199,161.56496,5.9427266,215.13428
389,2025-07-16 05:00:00+05:30,4.8466477,105.06854,4.8433046,131.98714
390,2025-07-16 06:00:00+05:30,7.729527,207.75845,15.476859,236.86438
391,2025-07-16 07:00:00+05:30,6.5693827,99.46225,6.725354,105.52418
392,2025-07-16 08:00:00+05:30,2.9024127,119.74479,3.9844694,108.43504
393,2025-07-16 09:00:00+05:30,4.8433046,221.98714,5.854844,224.9999
394,2025-07-16 10:00:00+05:30,9.432412,228.09415,11.599879,228.14505
395,2025-07-16 11:00:00+05:30,8.197414,250.76923,9.847496,251.89613
396,2025-07-16 12:00:00+05:30,10.658068,265.1561,13.363711,265.36462
397,2025-07-16 13:00:00+05:30,9.743305,281.72507,12.32047,281.8024
398,2025-07-16 14:00:00+05:30,8.452336,296.56497,10.787993,295.7099
399,2025-07-16 15:00:00+05:30,8.225035,293.1986,10.495713,292.16638
400,2025-07-16 16:00:00+05:30,8.913181,313.36346,11.466438,312.45514
401,2025-07-16 17:00:00+05:30,7.16617,334.72232,9.418661,333.92468
402,2025-07-16 18:00:00+05:30,5.8769383,332.6502,11.119281,330.9455
403,2025-07-16 19:00:00+05:30,3.4247334,3.0127327,8.885877,353.01904
404,2025-07-16 20:00:00+05:30,2.7475805,328.39255,6.8138976,347.79953
405,2025-07-16 21:00:00+05:30,2.907989,291.80148,5.904439,322.43134
406,2025-07-16 22:00:00+05:30,1.9881649,275.19434,3.2048087,321.8427
407,2025-07-16 23:00:00+05:30,2.9024127,299.74478,4.278551,337.75092
408,2025-07-17 00:00:00+05:30,4.1125174,293.1986,5.369916,320.44037
409,2025-07-17 01:00:00+05:30,9.430695,66.37061,15.926694,55.591473
410,2025-07-17 02:00:00+05:30,4.952453,340.9064,8.225035,23.198618
411,2025-07-17 03:00:00+05:30,5.4744864,43.667847,9.178235,48.179924
412,2025-07-17 04:00:00+05:30,2.50064,59.743652,3.7585104,73.300674
413,2025-07-17 05:00:00+05:30,5.4477882,277.59454,6.9550843,280.4374
414,2025-07-17 06:00:00+05:30,8.707237,29.744795,14.041154,36.135475
415,2025-07-17 07:00:00+05:30,10.315115,29.248732,14.602204,30.358036
416,2025-07-17 08:00:00+05:30,9.418661,26.075302,12.642357,28.02442
417,2025-07-17 09:00:00+05:30,7.072878,14.743609,9.12513,14.858671
418,2025-07-17 10:00:00+05:30,7.579261,355.91446,9.726665,357.87894
419,2025-07-17 11:00:00+05:30,7.193247,328.2986,9.021574,331.38962
420,2025-07-17 12:00:00+05:30,7.538541,326.68936,9.54,328.10925
421,2025-07-17 13:00:00+05:30,9.7880945,327.77127,12.232057,327.01147
422,2025-07-17 14:00:00+05:30,14.561099,8.530692,19.32801,4.8078704
423,2025-07-17 15:00:00+05:30,12.283599,325.14548,16.67795,325.10922
424,2025-07-17 16:00:00+05:30,9.5535755,317.29062,15.3264475,319.7637
425,2025-07-17 17:00:00+05:30,7.729527,297.75842,11.43248,303.43988
426,2025-07-17 18:00:00+05:30,11.161451,322.206,18.434847,324.13705
427,2025-07-17 19:00:00+05:30,15.236338,345.63538,24.89277,347.4712
428,2025-07-17 20:00:00+05:30,12.3165245,333.06055,21.559462,337.93204
429,2025-07-17 21:00:00+05:30,14.113652,322.25314,24.387178,328.89127
430,2025-07-17 22:00:00+05:30,15.176678,326.12143,25.198072,334.16718
431,2025-07-17 23:00:00+05:30,14.634343,328.06937,24.565218,335.31284
432,2025-07-18 00:00:00+05:30,14.336861,321.1155,24.728226,328.39255
433,2025-07-18 01:00:00+05:30,17.388409,332.90454,28.622265,336.65945
434,2025-07-18 02:00:00+05:30,15.172409,311.63345,25.772078,318.96475
435,2025-07-18 03:00:00+05:30,16.507088,295.16782,27.407917,303.48135
436,2025-07-18 04:00:00+05:30,20.617662,282.09473,33.77531,286.40683
437,2025-07-18 05:00:00+05:30,21.010712,263.6057,34.38754,271.1997
438,2025-07-18 06:00:00+05:30,22.442324,275.98486,35.969833,277.76508
439,2025-07-18 07:00:00+05:30,22.50072,269.54166,35.831303,271.43927
440,2025-07-18 08:00:00+05:30,20.850496,242.77141,33.326744,243.7118
441,2025-07-18 09:00:00+05:30,24.430317,219.31909,38.117947,221.74579
442,2025-07-18 10:00:00+05:30,22.728518,209.40709,35.99505,213.37222
443,2025-07-18 11:00:00+05:30,22.789024,193.70699,36.433884,199.33022
444,2025-07-18 12:00:00+05:30,25.14852,193.24052,39.263527,195.6929
445,2025-07-18 13:00:00+05:30,23.522217,204.40765,37.43394,205.94893
446,2025-07-18 14:00:00+05:30,23.999475,204.83514,37.67336,206.68741
447,2025-07-18 15:00:00+05:30,20.161606,200.37653,29.01352,201.47144
448,2025-07-18 16:00:00+05:30,19.66536,203.7495,26.892385,205.36438
449,2025-07-18 17:00:00+05:30,17.637245,194.1781,26.77708,195.99837
450,2025-07-18 18:00:00+05:30,15.5843,186.63242,25.699057,191.30989
451,2025-07-18 19:00:00+05:30,14.761098,180.69868,25.742516,186.82677
452,2025-07-18 20:00:00+05:30,15.146761,176.59363,26.499153,183.115
453,2025-07-18 21:00:00+05:30,15.24909,172.53952,26.822414,179.23099
454,2025-07-18 22:00:00+05:30,13.596852,173.15732,24.3,180.0
455,2025-07-18 23:00:00+05:30,13.493999,170.78905,24.152887,177.00972
456,2025-07-19 00:00:00+05:30,14.230248,182.1747,25.385105,186.92336
457,2025-07-19 01:00:00+05:30,14.275713,193.86105,25.620771,197.162
458,2025-07-19 02:00:00+05:30,13.737904,201.52266,24.967499,204.71742
459,2025-07-19 03:00:00+05:30,12.661564,194.82652,23.431133,201.638
460,2025-07-19 04:00:00+05:30,11.362834,183.63287,21.697279,193.92099
461,2025-07-19 05:00:00+05:30,10.285232,175.9859,20.008356,188.2758
462,2025-07-19 06:00:00+05:30,9.54679,182.16103,17.777222,195.86577
463,2025-07-19 07:00:00+05:30,11.265469,192.926,15.725037,195.94547
464,2025-07-19 08:00:00+05:30,15.405519,210.15997,20.74456,210.79317
465,2025-07-19 09:00:00+05:30,17.220835,221.18584,22.825958,221.48335
466,2025-07-19 10:00:00+05:30,15.986593,215.83774,21.134483,215.9916
467,2025-07-19 11:00:00+05:30,15.22783,212.93869,20.170443,212.981
468,2025-07-19 12:00:00+05:30,15.3802595,214.9921,20.423456,214.95073
469,2025-07-19 13:00:00+05:30,15.589497,216.0761,20.844278,216.57312
470,2025-07-19 14:00:00+05:30,14.978984,212.73521,19.921535,212.82854
471,2025-07-19 15:00:00+05:30,15.096411,219.19325,19.95972,219.14398
472,2025-07-19 16:00:00+05:30,13.246826,222.79738,18.335276,223.4089
473,2025-07-19 17:00:00+05:30,8.748075,216.6342,14.508715,217.43864
474,2025-07-19 18:00:00+05:30,2.7475805,211.60745,7.42159,219.09384
475,2025-07-19 19:00:00+05:30,1.4512063,172.87508,6.5223618,207.97939
476,2025-07-19 20:00:00+05:30,3.2399998,180.0,8.39078,202.71445
477,2025-07-19 21:00:00+05:30,4.1556225,184.96965,10.028439,201.03758
478,2025-07-19 22:00:00+05:30,5.1481256,233.53067,12.979984,236.3099
479,2025-07-19 23:00:00+05:30,6.12,241.92761,15.547875,249.67677
480,2025-07-20 00:00:00+05:30,7.44121,237.84773,17.709658,243.43501
481,2025-07-20 01:00:00+05:30,8.217153,241.1893,18.758902,244.41852
482,2025-07-20 02:00:00+05:30,7.8087645,244.02565,18.351173,248.72032
483,2025-07-20 03:00:00+05:30,7.570707,251.99574,18.079027,257.34744
484,2025-07-20 04:00:00+05:30,7.8149853,255.32356,18.201374,261.46933
485,2025-07-20 05:00:00+05:30,7.968939,251.56496,18.289274,259.79608
486,2025-07-20 06:00:00+05:30,9.087772,262.0305,17.49337,266.4605
487,2025-07-20 07:00:00+05:30,8.338489,256.2637,14.713831,262.26648
488,2025-07-20 08:00:00+05:30,9.299225,255.42574,12.534257,257.56046
489,2025-07-20 09:00:00+05:30,10.310403,253.77974,13.358861,255.96373
490,2025-07-20 10:00:00+05:30,8.431228,253.8865,10.783487,255.49979
491,2025-07-20 11:00:00+05:30,7.256032,240.2552,9.179999,241.92761
492,2025-07-20 12:00:00+05:30,7.674842,230.7106,9.867218,231.66663
493,2025-07-20 13:00:00+05:30,8.688613,230.04251,11.1090765,229.60017
494,2025-07-20 14:00:00+05:30,9.037721,225.80684,11.328566,225.64366
495,2025-07-20 15:00:00+05:30,7.9567327,217.64769,10.373061,218.65982
496,2025-07-20 16:00:00+05:30,6.320538,199.9832,8.626865,203.35558
497,2025-07-20 17:00:00+05:30,6.489992,176.82024,10.805999,181.9091
498,2025-07-20 18:00:00+05:30,4.1556225,184.96965,9.6932955,195.06854
499,2025-07-20 19:00:00+05:30,4.669604,152.44728,10.132897,167.692
500,2025-07-20 20:00:00+05:30,6.279395,152.70052,13.874019,157.0942
501,2025-07-20 21:00:00+05:30,6.379216,163.61038,14.970331,161.7828
502,2025-07-20 22:00:00+05:30,5.6835546,169.04597,14.689589,162.89719
503,2025-07-20 23:00:00+05:30,7.6642804,189.46225,16.818203,174.47255
504,2025-07-21 00:00:00+05:30,7.674842,219.2894,15.481046,203.28609
505,2025-07-21 01:00:00+05:30,7.689603,249.44386,15.141414,241.60707
506,2025-07-21 02:00:00+05:30,5.3939967,244.2901,12.57426,246.3706
507,2025-07-21 03:00:00+05:30,3.1845248,222.70937,9.292255,248.40463
508,2025-07-21 04:00:00+05:30,0.54,180.0,4.278551,255.37909
509,2025-07-21 05:00:00+05:30,0.6489992,303.6901,3.745557,305.21768
510,2025-07-21 06:00:00+05:30,4.353619,172.87508,6.3639607,208.7397
511,2025-07-21 07:00:00+05:30,3.5455887,203.9625,6.6624317,218.41809
512,2025-07-21 08:00:00+05:30,4.6102495,231.34016,5.8409934,236.3099
513,2025-07-21 09:00:00+05:30,5.315336,241.69934,6.601363,244.1337
514,2025-07-21 10:00:00+05:30,4.542994,236.3099,5.7431,237.80429
515,2025-07-21 11:00:00+05:30,3.550155,239.53453,4.4274144,243.43501
516,2025-07-21 12:00:00+05:30,2.5264204,274.08554,3.244996,273.17978
517,2025-07-21 13:00:00+05:30,2.5455842,315.0001,2.9301877,312.5104
518,2025-07-21 14:00:00+05:30,3.4623692,332.1028,4.1085763,331.1893
519,2025-07-21 15:00:00+05:30,5.920878,340.46326,7.0015144,342.03076
520,2025-07-21 16:00:00+05:30,6.9247384,332.1028,8.61371,333.97046
521,2025-07-21 17:00:00+05:30,7.16617,334.72232,9.504273,335.37646
522,2025-07-21 18:00:00+05:30,6.552099,322.81522,13.681184,327.35538
523,2025-07-21 19:00:00+05:30,8.067936,321.34018,16.525724,327.0023
524,2025-07-21 20:00:00+05:30,5.2694216,352.14676,13.350371,356.1346
525,2025-07-21 21:00:00+05:30,5.5916004,33.178535,13.379461,47.72637
526,2025-07-21 22:00:00+05:30,4.452954,75.96373,12.241323,90.84251
527,2025-07-21 23:00:00+05:30,4.445672,111.3707,11.592895,115.76928
528,2025-07-22 00:00:00+05:30,5.7515564,110.13639,13.298089,129.50764
529,2025-07-22 01:00:00+05:30,3.8773184,111.801476,10.883676,145.78424
530,2025-07-22 02:00:00+05:30,2.968636,165.96373,9.016185,176.56644
531,2025-07-22 03:00:00+05:30,2.6758924,227.72638,7.889258,214.77791
532,2025-07-22 04:00:00+05:30,3.4247334,266.98727,8.880405,252.29948
533,2025-07-22 05:00:00+05:30,3.244996,273.17978,9.582359,264.61078
534,2025-07-22 06:00:00+05:30,4.5891175,48.179924,7.3997297,4.184834
535,2025-07-22 07:00:00+05:30,5.2478566,120.96369,6.5520988,110.924576
536,2025-07-22 08:00:00+05:30,1.2727921,81.86999,1.7076298,71.564964
537,2025-07-22 09:00:00+05:30,0.56920993,288.43503,1.0182338,315.0001
538,2025-07-22 10:00:00+05:30,2.7238941,262.40546,3.2399998,270.0
539,2025-07-22 11:00:00+05:30,5.297018,279.78235,6.601363,281.00348
540,2025-07-22 12:00:00+05:30,6.6818557,297.25525,8.211235,296.0033
541,2025-07-22 13:00:00+05:30,6.763786,295.20108,8.211235,296.0033
542,2025-07-22 14:00:00+05:30,6.015878,308.92755,7.3094187,307.99878
543,2025-07-22 15:00:00+05:30,5.3426957,302.61923,6.9480934,306.57312
544,2025-07-22 16:00:00+05:30,6.8423676,296.56497,8.863972,299.1675
545,2025-07-22 17:00:00+05:30,7.256032,299.74478,10.1887,302.00534
546,2025-07-22 18:00:00+05:30,5.297018,279.78235,10.365251,290.3232
547,2025-07-22 19:00:00+05:30,6.0721655,258.0239,13.026081,281.15463
548,2025-07-22 20:00:00+05:30,5.9427266,268.26434,12.708816,285.61105
549,2025-07-22 21:00:00+05:30,5.5829024,271.84756,11.700001,284.25006
550,2025-07-22 22:00:00+05:30,5.896202,257.66092,12.059999,270.0
551,2025-07-22 23:00:00+05:30,7.5942082,238.57048,14.578888,249.77505
552,2025-07-23 00:00:00+05:30,7.6473517,243.43501,15.91041,248.07817
553,2025-07-23 01:00:00+05:30,6.7205353,262.30405,14.471821,264.2895
554,2025-07-23 02:00:00+05:30,7.570707,251.99574,15.39184,259.21576
555,2025-07-23 03:00:00+05:30,7.5942073,275.44025,16.245934,279.56662
556,2025-07-23 04:00:00+05:30,8.12197,282.80426,17.589418,287.87878
557,2025-07-23 05:00:00+05:30,8.260411,281.3099,17.706913,287.14563
558,2025-07-23 06:00:00+05:30,9.595874,293.1986,17.15297,298.1785
559,2025-07-23 07:00:00+05:30,11.090103,283.13403,16.344357,286.6389
560,2025-07-23 08:00:00+05:30,13.708391,283.67133,18.59845,284.57425
561,2025-07-23 09:00:00+05:30,12.57426,293.6294,16.595179,294.34106
562,2025-07-23 10:00:00+05:30,12.830604,304.136,16.78156,305.39487
563,2025-07-23 11:00:00+05:30,11.666721,308.10764,14.98331,308.65982
564,2025-07-23 12:00:00+05:30,12.7279215,315.0001,16.29174,315.0001
565,2025-07-23 13:00:00+05:30,12.632101,302.78427,17.179394,305.1888
566,2025-07-23 14:00:00+05:30,14.292725,328.91257,18.800308,329.5067
567,2025-07-23 15:00:00+05:30,12.710091,282.26477,16.810495,282.99463
568,2025-07-23 16:00:00+05:30,10.03167,260.70676,13.262714,262.1999
569,2025-07-23 17:00:00+05:30,9.919618,258.4862,13.493999,260.78903
570,2025-07-23 18:00:00+05:30,6.21717,292.1095,10.546525,297.43964
571,2025-07-23 19:00:00+05:30,6.5520988,285.94547,13.737904,291.52267
572,2025-07-23 20:00:00+05:30,6.698806,276.17007,14.087228,280.30478
573,2025-07-23 21:00:00+05:30,7.9465466,283.0919,16.024044,284.97293
574,2025-07-23 22:00:00+05:30,8.227004,280.08054,16.913296,286.6993
575,2025-07-23 23:00:00+05:30,6.519877,263.6599,13.934604,275.93143
576,2025-07-24 00:00:00+05:30,7.5942073,264.55975,15.481048,270.66617
577,2025-07-24 01:00:00+05:30,9.195868,273.3664,17.95043,276.91113
578,2025-07-24 02:00:00+05:30,10.096059,281.3099,19.25327,283.51657
579,2025-07-24 03:00:00+05:30,10.310403,286.22028,19.581154,288.76816
580,2025-07-24 04:00:00+05:30,10.004178,278.27582,19.078302,283.64294
581,2025-07-24 05:00:00+05:30,10.158444,277.1249,18.99661,282.58768
582,2025-07-24 06:00:00+05:30,12.921192,288.68744,22.930048,292.13553
583,2025-07-24 07:00:00+05:30,4.1125174,66.80139,5.414979,21.44781
584,2025-07-24 08:00:00+05:30,3.148714,59.03632,4.2175345,39.805527
585,2025-07-24 09:00:00+05:30,10.1902895,324.34457,13.33094,325.45157
586,2025-07-24 10:00:00+05:30,10.1902895,305.65543,13.1412325,306.08517
587,2025-07-24 11:00:00+05:30,13.044722,309.40063,17.148247,309.0355
588,2025-07-24 12:00:00+05:30,12.514855,310.33307,15.951087,310.8817
589,2025-07-24 13:00:00+05:30,11.952054,307.04254,15.552041,307.0026
590,2025-07-24 14:00:00+05:30,11.362834,310.50278,14.681866,310.52502
591,2025-07-24 15:00:00+05:30,11.466438,312.45514,14.64209,313.5057
592,2025-07-24 16:00:00+05:30,11.712454,313.7547,15.801087,312.22974
593,2025-07-24 17:00:00+05:30,8.6193495,298.70584,12.348052,300.6772
594,2025-07-24 18:00:00+05:30,6.7397914,325.8855,12.744457,323.61554
595,2025-07-24 19:00:00+05:30,8.242743,301.60745,17.714231,312.11694
596,2025-07-24 20:00:00+05:30,9.595874,246.80139,16.245934,260.43338
597,2025-07-24 21:00:00+05:30,12.168319,277.65054,21.103033,278.33734
598,2025-07-24 22:00:00+05:30,10.446206,268.02512,19.686766,274.72006
599,2025-07-24 23:00:00+05:30,12.0653715,271.70978,22.840149,276.78888
600,2025-07-25 00:00:00+05:30,12.413476,253.14151,22.59269,258.51105
601,2025-07-25 01:00:00+05:30,12.931218,253.83543,23.61844,259.46088
602,2025-07-25 02:00:00+05:30,12.638512,259.33026,23.599228,262.54984
603,2025-07-25 03:00:00+05:30,12.0653715,271.70978,22.52878,277.8063
604,2025-07-25 04:00:00+05:30,12.57426,283.24054,23.565567,288.71182
605,2025-07-25 05:00:00+05:30,12.966248,283.65045,23.967052,287.48245
606,2025-07-25 06:00:00+05:30,16.180988,297.13507,27.88606,299.3778
607,2025-07-25 07:00:00+05:30,12.320471,295.0674,19.983242,299.10464
608,2025-07-25 08:00:00+05:30,11.935778,293.08514,16.584438,295.73065
609,2025-07-25 09:00:00+05:30,13.217443,299.35767,18.089775,301.15924
610,2025-07-25 10:00:00+05:30,15.995712,309.0626,21.6457,308.58542
611,2025-07-25 11:00:00+05:30,16.685719,317.18582,22.546032,317.26477
612,2025-07-25 12:00:00+05:30,15.3771,321.6544,20.699999,323.13
613,2025-07-25 13:00:00+05:30,15.934829,318.2053,20.793701,318.86084
614,2025-07-25 14:00:00+05:30,15.15104,316.44406,19.881649,317.93573
615,2025-07-25 15:00:00+05:30,16.87398,326.3099,22.66857,327.31946
616,2025-07-25 16:00:00+05:30,12.320471,334.93256,17.399586,335.55606
617,2025-07-25 17:00:00+05:30,10.5234585,347.15228,17.555305,344.53873
618,2025-07-25 18:00:00+05:30,7.1389914,56.3099,13.690654,50.869614
619,2025-07-25 19:00:00+05:30,16.59225,74.90838,27.343414,80.9098
620,2025-07-25 20:00:00+05:30,3.710795,14.036275,9.4238205,28.523024
621,2025-07-25 21:00:00+05:30,3.7971036,275.44025,8.738811,327.61935
622,2025-07-25 22:00:00+05:30,3.01735,342.64587,9.734988,356.82022
623,2025-07-25 23:00:00+05:30,2.2553935,331.38962,7.562142,1.3638979
624,2025-07-26 00:00:00+05:30,8.452336,153.43501,9.585739,145.71307
625,2025-07-26 01:00:00+05:30,5.3517847,289.6539,8.78872,325.0079
626,2025-07-26 02:00:00+05:30,4.863332,218.991,5.223103,271.97488
627,2025-07-26 03:00:00+05:30,7.519175,222.08908,12.0921955,225.60301
628,2025-07-26 04:00:00+05:30,4.1046314,344.7448,6.778141,349.28693
629,2025-07-26 05:00:00+05:30,6.9480934,253.44284,9.195868,266.6336
630,2025-07-26 06:00:00+05:30,9.847496,341.89615,14.584443,347.1644
631,2025-07-26 07:00:00+05:30,5.5829024,20.772345,7.970972,25.407679
632,2025-07-26 08:00:00+05:30,5.2478566,59.03632,7.0107627,60.802605
633,2025-07-26 09:00:00+05:30,6.037383,63.435013,7.8087645,64.025665
634,2025-07-26 10:00:00+05:30,5.4744864,62.59251,7.0038276,64.09355
635,2025-07-26 11:00:00+05:30,7.282774,50.013176,9.080639,50.630707
636,2025-07-26 12:00:00+05:30,7.0107627,41.877792,8.669949,41.63345
637,2025-07-26 13:00:00+05:30,6.542201,7.907082,8.43699,11.07017
638,2025-07-26 14:00:00+05:30,13.70839,29.931421,17.10284,30.343174
639,2025-07-26 15:00:00+05:30,11.252519,352.6477,15.856356,357.3975
640,2025-07-26 16:00:00+05:30,10.644379,356.12155,14.041154,359.2655
641,2025-07-26 17:00:00+05:30,11.811622,352.11694,16.63905,354.41284
642,2025-07-26 18:00:00+05:30,9.299225,14.574262,16.478603,21.801476
643,2025-07-26 19:00:00+05:30,12.0720825,2.5637162,20.917984,3.4532528
644,2025-07-26 20:00:00+05:30,9.255571,346.50424,18.307867,353.22443
645,2025-07-26 21:00:00+05:30,4.8733153,355.76367,12.189602,16.29413
646,2025-07-26 22:00:00+05:30,9.83268,23.749514,17.22836,27.368134
647,2025-07-26 23:00:00+05:30,16.42839,32.471172,28.056913,33.486195
648,2025-07-27 00:00:00+05:30,19.719656,33.835163,31.033691,36.271805
649,2025-07-27 01:00:00+05:30,18.775303,57.528828,30.877214,60.29664
650,2025-07-27 02:00:00+05:30,20.122196,68.484055,32.23357,69.74346
651,2025-07-27 03:00:00+05:30,20.05203,73.84259,32.142982,74.407135
652,2025-07-27 04:00:00+05:30,18.161278,76.2392,29.209402,76.82013
653,2025-07-27 05:00:00+05:30,16.840345,79.53088,27.52117,80.96901
654,2025-07-27 06:00:00+05:30,19.72212,63.435013,32.133404,65.157646
655,2025-07-27 07:00:00+05:30,18.406704,80.99833,28.1549,82.284424
656,2025-07-27 08:00:00+05:30,19.460823,92.650635,27.397867,93.012726
657,2025-07-27 09:00:00+05:30,17.83454,92.313675,24.332644,92.96818
658,2025-07-27 10:00:00+05:30,19.424158,97.4542,26.168804,97.907074
659,2025-07-27 11:00:00+05:30,18.204933,104.31108,24.407097,104.95868
660,2025-07-27 12:00:00+05:30,15.455911,104.8455,19.90852,104.664505
661,2025-07-27 13:00:00+05:30,14.193772,102.44999,18.728653,103.90272
662,2025-07-27 14:00:00+05:30,12.093534,94.267815,15.941944,96.48298
663,2025-07-27 15:00:00+05:30,11.165805,91.84757,14.799459,94.18484
664,2025-07-27 16:00:00+05:30,9.726665,87.87895,12.961249,90.79571
665,2025-07-27 17:00:00+05:30,8.297589,114.34108,11.770403,113.42871
666,2025-07-27 18:00:00+05:30,7.2022495,88.56794,10.285232,85.98591
667,2025-07-27 19:00:00+05:30,7.2359104,84.2895,14.260953,85.656845
668,2025-07-27 20:00:00+05:30,8.027677,70.346085,16.244938,74.57778
669,2025-07-27 21:00:00+05:30,9.0645685,83.15732,18.268892,84.34568
670,2025-07-27 22:00:00+05:30,8.101999,88.727,16.395817,92.51682
671,2025-07-27 23:00:00+05:30,8.049845,100.30479,15.827721,107.19863
672,2025-07-28 00:00:00+05:30,6.424764,101.3099,13.472372,112.796555
673,2025-07-28 01:00:00+05:30,5.297018,99.78234,11.269782,116.56499
674,2025-07-28 02:00:00+05:30,4.1046314,105.25517,9.432412,138.09415
675,2025-07-28 03:00:00+05:30,3.693291,136.97493,9.781473,167.24248
676,2025-07-28 04:00:00+05:30,4.7657523,169.11452,11.5199995,180.0
677,2025-07-28 05:00:00+05:30,4.2366967,192.26476,10.931203,197.24155
678,2025-07-28 06:00:00+05:30,4.2481523,53.61555,4.5572357,99.090195
679,2025-07-28 07:00:00+05:30,5.257109,38.047092,6.4924874,43.876797
680,2025-07-28 08:00:00+05:30,7.7420926,17.592522,9.847496,18.103857
681,2025-07-28 09:00:00+05:30,12.387348,35.537766,16.029099,34.939384
682,2025-07-28 10:00:00+05:30,14.021525,48.122223,18.35647,48.179924
683,2025-07-28 11:00:00+05:30,13.217443,60.64234,17.081041,61.004135
684,2025-07-28 12:00:00+05:30,12.172312,66.467636,15.882896,66.630875
685,2025-07-28 13:00:00+05:30,11.269782,63.435013,14.48972,63.435013
686,2025-07-28 14:00:00+05:30,11.052058,73.92636,14.120539,72.95089
687,2025-07-28 15:00:00+05:30,7.579261,85.91447,9.600937,83.54128
688,2025-07-28 16:00:00+05:30,9.826088,81.57312,13.060857,82.875084
689,2025-07-28 17:00:00+05:30,3.4623692,62.10283,4.613762,69.44388
690,2025-07-28 18:00:00+05:30,8.0599,299.42737,10.636766,293.9625
691,2025-07-28 19:00:00+05:30,7.2044983,347.00537,12.074766,349.69522
692,2025-07-28 20:00:00+05:30,7.674842,320.7106,11.052058,329.67648
693,2025-07-28 21:00:00+05:30,4.3274937,315.0001,8.461914,330.70874
694,2025-07-28 22:00:00+05:30,4.8633323,272.12103,8.766573,289.1791
695,2025-07-28 23:00:00+05:30,7.0038276,295.90643,13.70839,299.93143
696,2025-07-29 00:00:00+05:30,5.7515564,290.13638,11.7,300.51016
697,2025-07-29 01:00:00+05:30,3.0652895,273.3664,8.133928,294.86368
698,2025-07-29 02:00:00+05:30,3.4623692,297.8972,9.220499,308.65982
699,2025-07-29 03:00:00+05:30,5.7204895,294.14554,12.096214,306.52896
700,2025-07-29 04:00:00+05:30,7.0107627,299.1974,13.619471,299.27515
701,2025-07-29 05:00:00+05:30,10.819482,314.32605,19.748388,317.58585
702,2025-07-29 06:00:00+05:30,7.5105524,315.97092,12.791403,320.7106
703,2025-07-29 07:00:00+05:30,9.627896,339.1931,13.1041975,339.07544
704,2025-07-29 08:00:00+05:30,9.227524,339.44388,12.241323,340.23273
705,2025-07-29 09:00:00+05:30,8.350138,352.5687,10.873252,353.34567
706,2025-07-29 10:00:00+05:30,7.7588143,356.00916,11.003581,356.24832
707,2025-07-29 11:00:00+05:30,9.044888,5.7105074,12.452566,4.14455
708,2025-07-29 12:00:00+05:30,8.827344,20.282646,12.072083,20.056185
709,2025-07-29 13:00:00+05:30,7.5942082,31.429514,9.446141,30.963696
710,2025-07-29 14:00:00+05:30,6.623413,47.20262,8.281956,47.64261
711,2025-07-29 15:00:00+05:30,4.991553,64.35905,6.601363,64.133705
712,2025-07-29 16:00:00+05:30,3.2048087,51.842735,3.9966483,54.16227
713,2025-07-29 17:00:00+05:30,5.6262593,7.3522935,7.555712,12.380747
714,2025-07-29 18:00:00+05:30,5.3517847,250.34608,9.016185,266.56644
715,2025-07-29 19:00:00+05:30,3.8183763,261.87,8.513448,283.44864
716,2025-07-29 20:00:00+05:30,1.9134263,318.81415,4.752136,322.69595
717,2025-07-29 21:00:00+05:30,6.1437774,275.04236,10.814989,288.43503
718,2025-07-29 22:00:00+05:30,5.7964473,295.76926,11.183201,303.17853
719,2025-07-29 23:00:00+05:30,4.542994,326.3099,9.109138,330.39563
720,2025-07-30 00:00:00+05:30,3.1845248,317.29062,7.0107627,330.8026
721,2025-07-30 01:00:00+05:30,2.5772078,347.90527,4.5572357,9.090207
722,2025-07-30 02:00:00+05:30,4.0449967,57.724377,8.953078,59.826572
723,2025-07-30 03:00:00+05:30,5.6262593,82.64771,11.5115595,80.09588
724,2025-07-30 04:00:00+05:30,6.206738,73.14152,11.837651,81.25392
725,2025-07-30 05:00:00+05:30,7.731622,77.90526,13.596852,83.15732
726,2025-07-30 06:00:00+05:30,1.1384199,341.56494,3.7842832,2.7262611
727,2025-07-30 07:00:00+05:30,2.226477,165.96373,2.657668,151.69934
728,2025-07-30 08:00:00+05:30,3.244996,123.6901,3.9518096,120.0685
729,2025-07-30 09:00:00+05:30,5.6835546,100.95402,7.1321807,100.17545
730,2025-07-30 10:00:00+05:30,6.4924874,133.87679,7.9077177,131.30852
731,2025-07-30 11:00:00+05:30,5.7402787,138.81418,7.001514,133.95847
732,2025-07-30 12:00:00+05:30,6.638072,139.39879,8.404285,136.73567
733,2025-07-30 13:00:00+05:30,8.6867485,145.9806,10.692969,143.90163
734,2025-07-30 14:00:00+05:30,6.162207,96.70974,7.9077177,101.821465
735,2025-07-30 15:00:00+05:30,6.830519,108.43504,8.792405,112.89059
736,2025-07-30 16:00:00+05:30,5.1544156,102.09474,6.4323244,107.92801
737,2025-07-30 17:00:00+05:30,5.720489,102.72436,7.5170207,106.699326
738,2025-07-30 18:00:00+05:30,5.983477,15.708701,9.313152,41.081665
739,2025-07-30 19:00:00+05:30,5.7628117,358.21014,9.459852,21.194136
740,2025-07-30 20:00:00+05:30,4.175069,352.5687,8.936777,18.79999
741,2025-07-30 21:00:00+05:30,2.36753,8.746089,7.282774,39.98684
742,2025-07-30 22:00:00+05:30,1.781909,224.9999,1.2727921,135.0001
743,2025-07-30 23:00:00+05:30,4.8899083,276.3401,7.731622,282.09473
744,2025-07-31 00:00:00+05:30,9.56713,281.94415,15.062033,284.5345
745,2025-07-31 01:00:00+05:30,9.854075,279.46225,14.887859,284.70834
746,2025-07-31 02:00:00+05:30,8.777653,285.46127,14.414617,285.94547
747,2025-07-31 03:00:00+05:30,7.8625183,285.94547,18.731247,289.6539
748,2025-07-31 04:00:00+05:30,9.0,286.26028,17.932371,289.34442
749,2025-07-31 05:00:00+05:30,8.863972,282.9074,15.509274,291.80148
750,2025-07-31 06:00:00+05:30,11.583109,302.94922,20.219378,304.1145
751,2025-07-31 07:00:00+05:30,11.298495,300.65057,18.272436,304.15976
752,2025-07-31 08:00:00+05:30,12.3165245,296.93945,18.307865,300.09415
753,2025-07-31 09:00:00+05:30,14.584443,282.8356,20.780453,284.03625
754,2025-07-31 10:00:00+05:30,12.351988,288.69907,17.046865,291.68912
755,2025-07-31 11:00:00+05:30,11.631956,291.80148,15.299999,295.0576
756,2025-07-31 12:00:00+05:30,8.513448,283.44864,10.706595,286.60706
757,2025-07-31 13:00:00+05:30,9.72,270.0,12.061341,270.85507
758,2025-07-31 14:00:00+05:30,16.940096,284.7746,23.688984,286.7827
759,2025-07-31 15:00:00+05:30,10.823973,266.186,15.697197,266.0549
760,2025-07-31 16:00:00+05:30,14.813682,274.87918,25.60939,277.67438
761,2025-07-31 17:00:00+05:30,13.822546,261.76447,20.47416,263.4374
762,2025-07-31 18:00:00+05:30,15.351793,265.29224,23.59717,267.81424
763,2025-07-31 19:00:00+05:30,14.408997,257.00537,23.497412,261.18716
764,2025-07-31 20:00:00+05:30,12.781267,269.19308,22.166327,272.79263
765,2025-07-31 21:00:00+05:30,13.86,270.0,23.289661,274.4326
766,2025-07-31 22:00:00+05:30,14.410121,267.85245,24.144165,272.56372
767,2025-07-31 23:00:00+05:30,14.581113,270.7073,24.770773,275.4205
768,2025-08-01 00:00:00+05:30,13.690654,272.26044,23.734076,276.53204
769,2025-08-01 01:00:00+05:30,11.928989,275.19434,21.307774,278.74606
770,2025-08-01 02:00:00+05:30,10.674773,275.80664,18.921415,281.52368
771,2025-08-01 03:00:00+05:30,8.836514,273.50345,17.134071,279.06644
772,2025-08-01 04:00:00+05:30,8.28,270.0,17.731598,275.82623
773,2025-08-01 05:00:00+05:30,8.490582,274.8644,17.160524,274.81348
774,2025-08-01 06:00:00+05:30,11.705537,268.23764,20.5484,273.01273
775,2025-08-01 07:00:00+05:30,10.1376915,263.88458,15.669307,268.02512
776,2025-08-01 08:00:00+05:30,14.264361,280.17545,19.59356,280.58728
777,2025-08-01 09:00:00+05:30,15.430736,286.95538,20.724247,287.176
778,2025-08-01 10:00:00+05:30,14.637663,286.42938,19.361507,286.75034
779,2025-08-01 11:00:00+05:30,12.791403,283.84073,16.766108,284.93146
780,2025-08-01 12:00:00+05:30,13.32,270.0,17.46371,271.18115
781,2025-08-01 13:00:00+05:30,13.870515,272.23114,17.864489,274.0444
782,2025-08-01 14:00:00+05:30,13.14,270.0,16.919998,270.0
783,2025-08-01 15:00:00+05:30,13.466357,261.54504,17.284687,261.61682
784,2025-08-01 16:00:00+05:30,13.169555,259.76526,18.64369,259.9921
785,2025-08-01 17:00:00+05:30,10.597094,249.10216,16.394829,250.76923
786,2025-08-01 18:00:00+05:30,7.928178,267.3975,16.748707,271.84756
787,2025-08-01 19:00:00+05:30,8.827343,253.41258,19.274294,258.6901
788,2025-08-01 20:00:00+05:30,9.627896,249.19313,20.176065,254.47583
789,2025-08-01 21:00:00+05:30,10.4166975,251.87805,21.222448,257.26035
790,2025-08-01 22:00:00+05:30,10.99769,248.89508,21.612747,255.0378
791,2025-08-01 23:00:00+05:30,11.351422,255.30263,22.137074,259.69522
792,2025-08-02 00:00:00+05:30,11.16145,270.924,21.869816,275.19434
793,2025-08-02 01:00:00+05:30,6.489992,273.17978,16.024044,271.2873
794,2025-08-02 02:00:00+05:30,3.8183763,315.0001,10.717182,299.14798
795,2025-08-02 03:00:00+05:30,7.102591,261.2539,15.172407,274.76355
796,2025-08-02 04:00:00+05:30,10.801499,269.04517,20.94275,274.4364
797,2025-08-02 05:00:00+05:30,11.173057,272.77014,21.210234,276.82336
798,2025-08-02 06:00:00+05:30,13.062098,281.9293,22.970285,285.45206
799,2025-08-02 07:00:00+05:30,10.004178,278.27582,18.29459,283.07913
800,2025-08-02 08:00:00+05:30,11.866355,279.60513,16.557064,281.92072
801,2025-08-02 09:00:00+05:30,13.091829,288.43503,17.5931,289.7328
802,2025-08-02 10:00:00+05:30,13.779114,303.2749,18.171976,303.6901
803,2025-08-02 11:00:00+05:30,12.819235,308.15726,16.388897,308.7581
804,2025-08-02 12:00:00+05:30,12.4811535,303.23172,15.876775,302.96942
805,2025-08-02 13:00:00+05:30,11.48761,305.4334,14.25641,307.30402
806,2025-08-02 14:00:00+05:30,10.564941,283.7995,13.896187,286.55716
807,2025-08-02 15:00:00+05:30,12.662843,264.2895,16.67795,263.1819
808,2025-08-02 16:00:00+05:30,10.163227,247.06787,13.570615,248.19853
809,2025-08-02 17:00:00+05:30,9.901636,271.0416,14.044615,271.46878
810,2025-08-02 18:00:00+05:30,8.536252,222.43619,15.472672,240.75127
811,2025-08-02 19:00:00+05:30,8.019601,225.90929,16.740969,233.74606
812,2025-08-02 20:00:00+05:30,9.432412,228.09415,17.906157,239.82657
813,2025-08-02 21:00:00+05:30,10.009036,232.3057,18.777029,240.7321
814,2025-08-02 22:00:00+05:30,8.604301,232.65057,17.396793,241.57889
815,2025-08-02 23:00:00+05:30,9.600937,239.589,19.191748,246.80139
816,2025-08-03 00:00:00+05:30,10.018743,252.21602,19.689238,255.70964
817,2025-08-03 01:00:00+05:30,9.195868,266.6336,19.08085,270.5405
818,2025-08-03 02:00:00+05:30,8.171683,262.40546,17.108522,268.19128
819,2025-08-03 03:00:00+05:30,7.771331,256.60748,16.595179,266.26868
820,2025-08-03 04:00:00+05:30,8.155807,247.96371,16.909464,258.33127
821,2025-08-03 05:00:00+05:30,8.107996,272.54474,17.47484,272.36133
822,2025-08-03 06:00:00+05:30,12.440851,273.31772,22.304028,276.95285
823,2025-08-03 07:00:00+05:30,11.481968,256.39944,21.077686,262.1468
824,2025-08-03 08:00:00+05:30,13.767352,281.3099,19.59356,280.58728
825,2025-08-03 09:00:00+05:30,10.587917,287.81897,14.414617,285.94547
826,2025-08-03 10:00:00+05:30,11.9140415,296.9521,16.824945,296.01672
827,2025-08-03 11:00:00+05:30,11.989946,305.83774,16.029099,304.93936
828,2025-08-03 12:00:00+05:30,10.404249,300.11365,13.217443,299.35767
829,2025-08-03 13:00:00+05:30,10.534229,289.9832,13.210087,289.9165
830,2025-08-03 14:00:00+05:30,12.241323,287.1028,15.655861,287.3934
831,2025-08-03 15:00:00+05:30,10.4166975,279.95056,13.8037815,282.04254
832,2025-08-03 16:00:00+05:30,6.601363,244.1337,11.5115595,260.0959
833,2025-08-03 17:00:00+05:30,2.0991426,300.96368,3.4623692,297.8972
834,2025-08-03 18:00:00+05:30,7.0107627,209.19739,12.88981,215.90982
835,2025-08-03 19:00:00+05:30,9.82114,206.09537,17.174677,213.02386
836,2025-08-03 20:00:00+05:30,9.913082,209.35765,18.272436,214.15974
837,2025-08-03 21:00:00+05:30,8.699793,204.44394,17.727943,209.16751
838,2025-08-03 22:00:00+05:30,8.155807,202.03629,17.471132,207.62099
839,2025-08-03 23:00:00+05:30,9.446141,210.96368,19.54803,216.76447
840,2025-08-04 00:00:00+05:30,7.9567327,217.64769,17.826363,226.63654
841,2025-08-04 01:00:00+05:30,10.7894945,242.15251,21.01071,242.99599
842,2025-08-04 02:00:00+05:30,6.77575,253.0091,16.62444,250.38782
843,2025-08-04 03:00:00+05:30,9.016185,243.94656,18.501513,250.68355
844,2025-08-04 04:00:00+05:30,10.004178,261.72418,20.060919,264.8522
845,2025-08-04 05:00:00+05:30,10.304115,250.61539,20.12461,259.69522
846,2025-08-04 06:00:00+05:30,9.375563,273.3018,19.091883,278.13
847,2025-08-04 07:00:00+05:30,8.626865,246.64441,17.194475,259.74887
848,2025-08-04 08:00:00+05:30,11.132385,247.1663,21.04461,255.13167
849,2025-08-04 09:00:00+05:30,10.962281,240.4886,21.800816,251.71455
850,2025-08-04 10:00:00+05:30,12.136325,234.6598,17.660192,240.0379
851,2025-08-04 11:00:00+05:30,12.236029,243.81195,16.851885,246.72102
852,2025-08-04 12:00:00+05:30,11.08572,237.60017,15.159591,240.08644
853,2025-08-04 13:00:00+05:30,9.627896,249.19313,12.921192,251.31255
854,2025-08-04 14:00:00+05:30,7.596341,256.29303,10.656547,254.3204
855,2025-08-04 15:00:00+05:30,13.159711,356.8637,20.045568,355.36462
856,2025-08-04 16:00:00+05:30,3.9477081,223.1524,7.388775,235.92276
857,2025-08-04 17:00:00+05:30,3.4199998,180.0,6.050785,202.751
858,2025-08-04 18:00:00+05:30,5.0911684,224.9999,12.241323,216.02747
859,2025-08-04 19:00:00+05:30,5.8631387,252.1212,11.841756,250.46326
860,2025-08-04 20:00:00+05:30,7.344794,233.97253,14.787414,238.43823
861,2025-08-04 21:00:00+05:30,7.748368,210.73541,15.4642935,219.80553
862,2025-08-04 22:00:00+05:30,7.282774,219.98683,15.801087,227.77028
863,2025-08-04 23:00:00+05:30,9.292254,225.78473,18.396141,233.35426
864,2025-08-05 00:00:00+05:30,9.187056,214.62422,18.201374,225.40062
865,2025-08-05 01:00:00+05:30,9.54679,224.23619,18.899143,229.63554
866,2025-08-05 02:00:00+05:30,11.734564,228.73149,22.752028,233.03935
867,2025-08-05 03:00:00+05:30,12.13499,237.72438,23.183693,243.23607
868,2025-08-05 04:00:00+05:30,12.69351,251.82188,24.059475,254.82002
869,2025-08-05 05:00:00+05:30,13.184308,255.774,24.993439,258.3664
870,2025-08-05 06:00:00+05:30,14.668619,255.7932,25.807882,259.55225
871,2025-08-05 07:00:00+05:30,14.561099,261.46933,24.072266,263.9911
872,2025-08-05 08:00:00+05:30,11.885453,271.73566,19.09358,272.16104
873,2025-08-05 09:00:00+05:30,11.897714,259.54013,17.106628,261.52893
874,2025-08-05 10:00:00+05:30,13.337016,248.6293,18.501513,250.68355
875,2025-08-05 11:00:00+05:30,13.37825,246.19405,18.318481,247.4667
876,2025-08-05 12:00:00+05:30,12.703715,249.25385,17.193533,250.42677
877,2025-08-05 13:00:00+05:30,12.966248,256.34955,17.161469,257.27563
878,2025-08-05 14:00:00+05:30,12.810386,252.838,16.813387,254.47583
879,2025-08-05 15:00:00+05:30,10.30883,245.22488,13.874019,247.0942
880,2025-08-05 16:00:00+05:30,9.526405,247.79646,12.768586,248.4985
881,2025-08-05 17:00:00+05:30,8.6867485,235.9806,12.783802,237.65257
882,2025-08-05 18:00:00+05:30,6.698806,186.17007,12.409561,203.9625
883,2025-08-05 19:00:00+05:30,7.24486,206.56499,15.771329,218.04709
884,2025-08-05 20:00:00+05:30,7.5105524,135.97093,10.658068,175.15608
885,2025-08-05 21:00:00+05:30,6.299999,126.86999,10.399576,156.54095
886,2025-08-05 22:00:00+05:30,6.638072,167.4712,15.991659,168.31065
887,2025-08-05 23:00:00+05:30,7.2202215,184.28908,15.7754345,196.57408
888,2025-08-06 00:00:00+05:30,7.2649574,221.98714,17.220835,228.81416
889,2025-08-06 01:00:00+05:30,7.889259,242.8504,17.870834,243.6931
890,2025-08-06 02:00:00+05:30,8.133928,245.13632,17.534994,252.68097
891,2025-08-06 03:00:00+05:30,9.085988,236.3099,18.519018,248.92242
892,2025-08-06 04:00:00+05:30,8.53815,235.30478,18.27953,244.94905
893,2025-08-06 05:00:00+05:30,8.149847,239.47037,18.162169,250.30789
894,2025-08-06 06:00:00+05:30,10.656547,254.3204,20.368652,258.7894
895,2025-08-06 07:00:00+05:30,9.796366,249.56708,18.161278,256.2392
896,2025-08-06 08:00:00+05:30,11.448055,253.55954,15.760025,256.12244
897,2025-08-06 09:00:00+05:30,11.391313,264.55975,15.146761,266.59363
898,2025-08-06 10:00:00+05:30,11.712455,267.3575,14.759999,270.0
899,2025-08-06 11:00:00+05:30,12.059999,270.0,15.68584,266.71082
900,2025-08-06 12:00:00+05:30,5.7176566,298.1785,7.570707,298.3929
901,2025-08-06 13:00:00+05:30,4.8899083,6.3401003,5.5829024,358.15244
902,2025-08-06 14:00:00+05:30,2.50064,239.74365,3.4623692,242.10283
903,2025-08-06 15:00:00+05:30,10.304115,250.61539,12.810386,252.838
904,2025-08-06 16:00:00+05:30,11.837651,261.2539,16.368128,261.78088
905,2025-08-06 17:00:00+05:30,9.741642,242.48808,13.690654,245.11966
906,2025-08-06 18:00:00+05:30,2.5455842,261.87,7.415038,275.5721
907,2025-08-06 19:00:00+05:30,4.278551,255.37909,10.9859,271.87784
908,2025-08-06 20:00:00+05:30,5.7204895,245.85446,14.545515,257.85574
909,2025-08-06 21:00:00+05:30,5.3517847,250.34608,14.120539,252.95088
910,2025-08-06 22:00:00+05:30,8.2584505,253.5399,18.568811,253.67307
911,2025-08-06 23:00:00+05:30,9.605998,257.00537,20.656126,257.41705
912,2025-08-07 00:00:00+05:30,10.272623,258.887,21.547436,263.76562
913,2025-08-07 01:00:00+05:30,9.56713,258.05585,20.738312,266.51678
914,2025-08-07 02:00:00+05:30,9.82279,256.21838,20.778112,265.03033
915,2025-08-07 03:00:00+05:30,10.018743,252.21602,21.129885,261.1797
916,2025-08-07 04:00:00+05:30,9.793058,252.89719,20.95203,261.10422
917,2025-08-07 05:00:00+05:30,9.860649,248.58696,20.933464,258.59348
918,2025-08-07 06:00:00+05:30,12.710091,257.73523,24.072266,263.9911
919,2025-08-07 07:00:00+05:30,11.745604,254.89885,23.555254,263.41815
920,2025-08-07 08:00:00+05:30,13.350371,266.1346,19.263363,268.9292
921,2025-08-07 09:00:00+05:30,14.669724,276.3401,19.983242,277.76508
922,2025-08-07 10:00:00+05:30,14.970331,288.2172,19.98,288.92474
923,2025-08-07 11:00:00+05:30,15.455911,296.26657,20.447239,296.11386
924,2025-08-07 12:00:00+05:30,14.49531,294.97388,19.24738,294.8874
925,2025-08-07 13:00:00+05:30,14.192631,285.44638,18.692286,285.6423
926,2025-08-07 14:00:00+05:30,13.701299,279.8335,18.145212,280.864
927,2025-08-07 15:00:00+05:30,13.864674,271.48782,18.561832,272.7791
928,2025-08-07 16:00:00+05:30,14.221139,269.27478,19.807362,271.5622
929,2025-08-07 17:00:00+05:30,10.656547,254.3204,17.581125,259.3804
930,2025-08-07 18:00:00+05:30,8.654986,253.0724,18.151463,262.59317
931,2025-08-07 19:00:00+05:30,8.305396,240.10118,18.731247,250.34608
932,2025-08-07 20:00:00+05:30,10.694485,226.36386,20.999144,231.26347
933,2025-08-07 21:00:00+05:30,11.282711,236.05637,22.571884,240.36856
934,2025-08-07 22:00:00+05:30,11.1090765,243.01984,23.096882,248.0327
935,2025-08-07 23:00:00+05:30,11.298495,247.52052,22.828798,252.56503
936,2025-08-08 00:00:00+05:30,12.267763,247.5741,24.590923,252.09546
937,2025-08-08 01:00:00+05:30,11.897714,252.38733,24.19042,257.10126
938,2025-08-08 02:00:00+05:30,11.052058,253.92636,22.786179,260.9098
939,2025-08-08 03:00:00+05:30,11.616627,257.4712,23.499481,264.7262
940,2025-08-08 04:00:00+05:30,12.682018,263.4803,25.200642,269.59076
941,2025-08-08 05:00:00+05:30,11.734564,265.60138,23.78453,272.6025
942,2025-08-08 06:00:00+05:30,12.483749,275.7927,24.07563,281.64594
943,2025-08-08 07:00:00+05:30,13.151091,267.64676,23.469128,274.39862
944,2025-08-08 08:00:00+05:30,10.299397,264.98697,17.468348,271.77142
945,2025-08-08 09:00:00+05:30,12.452566,274.14453,17.355772,275.35574
946,2025-08-08 10:00:00+05:30,13.358861,284.03625,18.553974,284.03625
947,2025-08-08 11:00:00+05:30,13.049689,294.44394,18.442755,294.81415
948,2025-08-08 12:00:00+05:30,11.953409,288.43503,17.423777,289.93262
949,2025-08-08 13:00:00+05:30,12.55879,297.2995,17.068707,297.64587
950,2025-08-08 14:00:00+05:30,12.642357,298.0244,17.068707,297.64587
951,2025-08-08 15:00:00+05:30,10.948973,297.4075,15.536408,296.86185
952,2025-08-08 16:00:00+05:30,9.668195,298.9509,14.668619,299.39597
953,2025-08-08 17:00:00+05:30,6.725354,285.52417,14.30632,291.39987
954,2025-08-08 18:00:00+05:30,5.48631,318.991,15.146761,315.48138
955,2025-08-08 19:00:00+05:30,5.00128,300.25635,13.298089,309.50766
956,2025-08-08 20:00:00+05:30,3.536439,255.2564,10.070353,298.85556
957,2025-08-08 21:00:00+05:30,8.880405,197.70052,13.125196,205.15927
958,2025-08-08 22:00:00+05:30,8.836514,213.36638,20.035059,211.4051
959,2025-08-08 23:00:00+05:30,11.525623,231.34016,22.771244,230.77434
960,2025-08-09 00:00:00+05:30,9.139322,237.87503,20.170443,237.019
961,2025-08-09 01:00:00+05:30,9.793059,233.97253,19.357325,239.85869
962,2025-08-09 02:00:00+05:30,6.8989563,254.87593,16.394829,250.76923
963,2025-08-09 03:00:00+05:30,4.599695,300.57913,10.730778,292.69382
964,2025-08-09 04:00:00+05:30,6.037383,243.43501,12.632101,265.91446
965,2025-08-09 05:00:00+05:30,5.728979,226.27295,12.872201,249.53764
966,2025-08-09 06:00:00+05:30,11.183201,266.3087,21.468348,273.84595
967,2025-08-09 07:00:00+05:30,15.833861,278.49847,29.910889,282.8654
968,2025-08-09 08:00:00+05:30,17.968472,280.9722,28.312117,281.73856
969,2025-08-09 09:00:00+05:30,14.539945,248.19853,20.870687,255.00487
970,2025-08-09 10:00:00+05:30,13.466357,232.05779,20.590143,238.95041
971,2025-08-09 11:00:00+05:30,12.503199,239.74365,18.11215,243.43501
972,2025-08-09 12:00:00+05:30,11.832176,283.1906,16.344357,286.6389
973,2025-08-09 13:00:00+05:30,13.151091,300.4257,18.072752,303.21527
974,2025-08-09 14:00:00+05:30,12.16832,299.21915,16.084589,301.73346
975,2025-08-09 15:00:00+05:30,12.157663,295.42682,16.58346,297.12122
976,2025-08-09 16:00:00+05:30,9.418661,296.0753,14.336861,298.49554
977,2025-08-09 17:00:00+05:30,8.775807,295.51382,14.581111,298.7797
978,2025-08-09 18:00:00+05:30,4.8433046,221.98714,11.923557,298.88647
979,2025-08-09 19:00:00+05:30,5.4029994,268.09088,12.879752,296.56497
980,2025-08-09 20:00:00+05:30,5.2478566,247.8336,12.483749,275.7927
981,2025-08-09 21:00:00+05:30,6.1437774,264.95764,14.512064,277.1249
982,2025-08-09 22:00:00+05:30,6.050785,239.62096,13.499999,253.73972
983,2025-08-09 23:00:00+05:30,6.3639607,241.2603,14.813683,242.50095
984,2025-08-10 00:00:00+05:30,6.601363,244.1337,14.64209,249.11412
985,2025-08-10 01:00:00+05:30,9.19939,239.42085,18.29459,246.20921
986,2025-08-10 02:00:00+05:30,7.989242,247.47939,17.247156,251.75404
987,2025-08-10 03:00:00+05:30,8.880405,252.29948,18.861387,256.75946
988,2025-08-10 04:00:00+05:30,7.7420926,252.40749,17.40424,259.27118
989,2025-08-10 05:00:00+05:30,8.149847,239.47037,17.654688,249.71735
990,2025-08-10 06:00:00+05:30,11.212135,264.47256,19.800817,270.52084
991,2025-08-10 07:00:00+05:30,9.826088,241.55717,17.534994,252.68097
992,2025-08-10 08:00:00+05:30,9.582359,264.61078,13.339445,266.906
993,2025-08-10 09:00:00+05:30,14.668619,284.2068,19.56046,284.93146
994,2025-08-10 10:00:00+05:30,14.6254835,283.52316,19.386591,285.06854
995,2025-08-10 11:00:00+05:30,15.7908325,294.22772,20.291357,295.20108
996,2025-08-10 12:00:00+05:30,14.74902,293.7495,18.934254,294.1284
997,2025-08-10 13:00:00+05:30,14.288191,289.1198,18.556595,288.08353
998,2025-08-10 14:00:00+05:30,15.7908325,294.22772,21.183483,294.6051
999,2025-08-10 15:00:00+05:30,14.668619,299.39597,19.826164,299.35767
1000,2025-08-10 16:00:00+05:30,13.752048,284.40005,19.260841,285.7248
1001,2025-08-10 17:00:00+05:30,10.1376915,276.11542,15.713702,279.89386
1002,2025-08-10 18:00:00+05:30,9.215226,282.4074,18.275984,287.1858
1003,2025-08-10 19:00:00+05:30,7.0774574,262.69434,16.23596,273.814
1004,2025-08-10 20:00:00+05:30,6.5520988,249.07542,14.584445,268.5856
1005,2025-08-10 21:00:00+05:30,8.139901,234.90411,15.463244,257.90524
1006,2025-08-10 22:00:00+05:30,11.328566,225.64366,20.46941,235.75092
1007,2025-08-10 23:00:00+05:30,10.692969,233.90163,21.26744,236.0409
1008,2025-08-11 00:00:00+05:30,10.685391,237.38077,21.219397,237.11876
1009,2025-08-11 01:00:00+05:30,9.339208,242.44727,18.999168,244.1633
1010,2025-08-11 02:00:00+05:30,9.693296,248.19853,19.639807,250.73465
1011,2025-08-11 03:00:00+05:30,10.261579,248.38516,20.606659,252.19803
1012,2025-08-11 04:00:00+05:30,11.052058,253.92636,21.851286,258.59753
1013,2025-08-11 05:00:00+05:30,10.706595,253.39293,21.429073,259.35083
1014,2025-08-11 06:00:00+05:30,12.284916,259.01938,22.782625,264.55975
1015,2025-08-11 07:00:00+05:30,10.98,270.0,23.842358,274.76355
1016,2025-08-11 08:00:00+05:30,13.084402,277.90707,18.64369,280.0079
1017,2025-08-11 09:00:00+05:30,13.971757,284.93146,18.792551,286.6993
1018,2025-08-11 10:00:00+05:30,16.293728,286.0324,22.259676,287.4094
1019,2025-08-11 11:00:00+05:30,17.533146,289.1791,23.224882,288.99673
1020,2025-08-11 12:00:00+05:30,13.6242285,285.32156,18.519016,285.79248
1021,2025-08-11 13:00:00+05:30,12.55879,297.2995,17.951334,296.8219
1022,2025-08-11 14:00:00+05:30,13.864674,299.56024,20.316889,299.74478
1023,2025-08-11 15:00:00+05:30,13.036026,287.68448,18.442753,288.78873
1024,2025-08-11 16:00:00+05:30,11.525623,284.47034,16.640022,285.69006
1025,2025-08-11 17:00:00+05:30,10.018743,287.78397,15.426537,289.06927
1026,2025-08-11 18:00:00+05:30,10.03167,260.70676,18.403185,266.07416
1027,2025-08-11 19:00:00+05:30,6.87779,263.9911,15.009236,275.50537
1028,2025-08-11 20:00:00+05:30,5.637765,253.30067,13.529966,266.186
1029,2025-08-11 21:00:00+05:30,6.1120534,256.373,13.861168,269.25595
1030,2025-08-11 22:00:00+05:30,4.0249224,259.69522,11.521406,270.89514
1031,2025-08-11 23:00:00+05:30,4.2366967,257.73523,10.98,270.0
1032,2025-08-12 00:00:00+05:30,4.8433046,221.98714,10.399576,246.54095
1033,2025-08-12 01:00:00+05:30,5.441838,235.78424,12.134992,249.14546
1034,2025-08-12 02:00:00+05:30,6.8423676,234.63745,14.658676,245.32315
1035,2025-08-12 03:00:00+05:30,7.42159,247.1663,16.466803,254.14056
1036,2025-08-12 04:00:00+05:30,8.297589,257.4712,18.175545,262.0305
1037,2025-08-12 05:00:00+05:30,8.936778,260.72748,19.343927,264.66086
1038,2025-08-12 06:00:00+05:30,8.131936,264.92047,16.563911,268.75467
1039,2025-08-12 07:00:00+05:30,8.085988,286.8215,16.981165,291.1248
1040,2025-08-12 08:00:00+05:30,11.966954,316.2188,16.674063,315.43732
1041,2025-08-12 09:00:00+05:30,14.000713,315.0001,19.09358,315.7638
1042,2025-08-12 10:00:00+05:30,15.021105,315.97092,19.986485,316.0946
1043,2025-08-12 11:00:00+05:30,15.7908325,316.8476,20.501833,316.77878
1044,2025-08-12 12:00:00+05:30,15.292585,317.86246,19.761507,318.3232
1045,2025-08-12 13:00:00+05:30,11.843124,316.8476,15.801087,317.77026
1046,2025-08-12 14:00:00+05:30,14.255272,315.0001,19.477463,316.1232
1047,2025-08-12 15:00:00+05:30,10.094454,320.0637,13.213765,322.19342
1048,2025-08-12 16:00:00+05:30,6.5024605,265.23645,8.461914,271.21884
1049,2025-08-12 17:00:00+05:30,7.989243,255.65063,10.8029995,259.43903
1050,2025-08-12 18:00:00+05:30,5.728979,223.72705,10.783486,236.57516
1051,2025-08-12 19:00:00+05:30,4.7110505,223.45189,10.837435,237.89377
1052,2025-08-12 20:00:00+05:30,5.3426957,237.38077,12.841963,238.76085
1053,2025-08-12 21:00:00+05:30,7.596341,216.32692,15.655861,224.53424
1054,2025-08-12 22:00:00+05:30,8.783189,225.83023,18.391737,229.76372
1055,2025-08-12 23:00:00+05:30,8.856658,232.43134,18.921415,235.85637
1056,2025-08-13 00:00:00+05:30,8.723967,248.19853,18.687086,249.1209
1057,2025-08-13 01:00:00+05:30,9.059205,249.04414,19.189215,253.09476
1058,2025-08-13 02:00:00+05:30,9.3962755,249.82925,19.734436,255.20319
1059,2025-08-13 03:00:00+05:30,7.989243,255.65063,18.329975,262.6657
1060,2025-08-13 04:00:00+05:30,9.039514,257.34744,19.343927,264.66086
1061,2025-08-13 05:00:00+05:30,9.67657,260.36252,20.172853,267.95465
1062,2025-08-13 06:00:00+05:30,9.600937,263.5413,18.941954,273.814
1063,2025-08-13 07:00:00+05:30,6.7469993,260.78903,15.451717,278.0356
1064,2025-08-13 08:00:00+05:30,8.171683,277.59454,11.720751,280.6196
1065,2025-08-13 09:00:00+05:30,9.743304,295.14474,13.203954,297.6129
1066,2025-08-13 10:00:00+05:30,9.734988,303.6901,12.785069,305.25644
1067,2025-08-13 11:00:00+05:30,9.167638,316.5911,11.599879,318.14505
1068,2025-08-13 12:00:00+05:30,7.9036193,329.9315,9.7565975,330.12408
1069,2025-08-13 13:00:00+05:30,7.2403865,325.1246,8.6867485,325.9806
1070,2025-08-13 14:00:00+05:30,5.0975285,312.1375,6.4924874,316.1232
1071,2025-08-13 15:00:00+05:30,5.7402787,318.81418,7.2,306.86996
1072,2025-08-13 16:00:00+05:30,8.967541,100.40766,13.218668,96.253944
1073,2025-08-13 17:00:00+05:30,9.847496,120.78408,14.428097,123.29359
1074,2025-08-13 18:00:00+05:30,3.6402748,188.53069,4.802999,192.99461
1075,2025-08-13 19:00:00+05:30,3.244996,183.17976,5.2939587,197.81898
1076,2025-08-13 20:00:00+05:30,4.278551,157.75093,8.227004,169.91946
1077,2025-08-13 21:00:00+05:30,2.9024127,172.87508,6.66,180.0
1078,2025-08-13 22:00:00+05:30,1.8089776,185.7105,5.4029994,181.9091
1079,2025-08-13 23:00:00+05:30,0.8049845,153.43501,3.964089,177.39749
1080,2025-08-14 00:00:00+05:30,2.8460495,145.30478,6.452441,157.01126
1081,2025-08-14 01:00:00+05:30,3.7842832,154.65387,8.766573,160.82089
1082,2025-08-14 02:00:00+05:30,6.297428,30.963696,7.519175,47.91091
1083,2025-08-14 03:00:00+05:30,7.2403865,55.1246,13.1412325,53.914837
1084,2025-08-14 04:00:00+05:30,7.42159,104.03627,12.399112,103.431046
1085,2025-08-14 05:00:00+05:30,6.279395,62.70051,9.107359,71.564964
1086,2025-08-14 06:00:00+05:30,4.2136917,109.98319,6.8541956,103.671326
1087,2025-08-14 07:00:00+05:30,9.56713,101.94416,13.590894,101.458725
1088,2025-08-14 08:00:00+05:30,7.4128532,119.05451,9.4238205,118.52302
1089,2025-08-14 09:00:00+05:30,7.0911775,113.962494,8.699793,114.44395
1090,2025-08-14 10:00:00+05:30,7.458606,98.32557,9.444426,97.66672
1091,2025-08-14 11:00:00+05:30,5.4149795,105.42222,6.8989563,105.12406
1092,2025-08-14 12:00:00+05:30,4.5,90.0,5.7599998,90.0
1093,2025-08-14 13:00:00+05:30,5.6835546,79.04598,7.1321807,79.824554
1094,2025-08-14 14:00:00+05:30,6.1094027,44.999897,7.519175,47.91091
1095,2025-08-14 15:00:00+05:30,7.7734165,47.815628,9.82114,48.715385
1096,2025-08-14 16:00:00+05:30,11.837651,81.25392,15.477906,81.30459
1097,2025-08-14 17:00:00+05:30,7.538541,56.689358,10.630672,61.69934
1098,2025-08-14 18:00:00+05:30,4.7110505,43.451904,10.44,46.39711
1099,2025-08-14 19:00:00+05:30,3.2048087,38.157276,9.4238205,61.47699
1100,2025-08-14 20:00:00+05:30,3.693291,46.97493,9.504273,65.37646
1101,2025-08-14 21:00:00+05:30,3.4576871,51.34017,9.867218,75.2032
1102,2025-08-14 22:00:00+05:30,4.514377,23.498587,10.908951,52.373703
1103,2025-08-14 23:00:00+05:30,4.6730714,15.642312,10.97262,48.99101
1104,2025-08-15 00:00:00+05:30,5.7431,32.195713,13.479583,55.885483
1105,2025-08-15 01:00:00+05:30,6.8777895,42.878906,14.731437,63.121944
1106,2025-08-15 02:00:00+05:30,7.8149853,51.546265,16.507088,64.83217
1107,2025-08-15 03:00:00+05:30,7.0911775,66.037506,16.068466,77.05349
1108,2025-08-15 04:00:00+05:30,6.4624763,77.125,15.3264475,86.63361
1109,2025-08-15 05:00:00+05:30,7.102591,81.25392,15.659999,90.0
1110,2025-08-15 06:00:00+05:30,8.260411,78.6901,16.575644,87.5105
1111,2025-08-15 07:00:00+05:30,7.613382,96.78888,11.811622,97.88305
1112,2025-08-15 08:00:00+05:30,9.278297,108.08354,12.466867,107.650215
1113,2025-08-15 09:00:00+05:30,8.452336,116.56499,10.950452,115.301346
1114,2025-08-15 10:00:00+05:30,6.59154,124.992096,8.287822,124.3804
1115,2025-08-15 11:00:00+05:30,5.004518,127.694305,6.193674,125.537766
1116,2025-08-15 12:00:00+05:30,4.542994,123.6901,5.495161,121.60746
1117,2025-08-15 13:00:00+05:30,4.503598,92.29056,5.4029994,91.90912
1118,2025-08-15 14:00:00+05:30,5.6492476,59.349415,6.854195,60.068577
1119,2025-08-15 15:00:00+05:30,4.514377,66.50142,5.5567255,65.09527
1120,2025-08-15 16:00:00+05:30,6.873078,44.999897,8.528657,44.145004
1121,2025-08-15 17:00:00+05:30,6.2405767,56.768288,9.0,53.13002
1122,2025-08-15 18:00:00+05:30,5.720489,77.27565,12.267762,75.55593
1123,2025-08-15 19:00:00+05:30,3.9966488,82.234924,9.979859,82.7469
1124,2025-08-15 20:00:00+05:30,4.3573384,51.709793,11.51578,65.03724
1125,2025-08-15 21:00:00+05:30,5.3517847,42.27363,14.021525,60.802605
1126,2025-08-15 22:00:00+05:30,4.6102495,51.34017,12.181625,71.0295
1127,2025-08-15 23:00:00+05:30,5.8852015,66.5713,14.332341,78.40785
1128,2025-08-16 00:00:00+05:30,6.384293,68.498505,15.299999,81.202675
1129,2025-08-16 01:00:00+05:30,6.77575,73.009094,15.710607,85.399994
1130,2025-08-16 02:00:00+05:30,7.3094187,80.07382,17.103788,88.79398
1131,2025-08-16 03:00:00+05:30,7.970972,83.51703,18.18,90.0
1132,2025-08-16 04:00:00+05:30,6.3639607,81.86999,16.5688,88.13236
1133,2025-08-16 05:00:00+05:30,6.2483597,78.366394,15.876775,86.09958
1134,2025-08-16 06:00:00+05:30,6.6697226,86.906006,13.202726,101.003494
1135,2025-08-16 07:00:00+05:30,6.0908127,71.0295,10.239453,79.87539
1136,2025-08-16 08:00:00+05:30,9.144637,79.79609,12.399113,80.81124
1137,2025-08-16 09:00:00+05:30,10.621525,90.971,13.861168,90.74404
1138,2025-08-16 10:00:00+05:30,11.052058,96.546196,13.954354,96.666565
1139,2025-08-16 11:00:00+05:30,8.37532,98.65246,10.717182,97.72173
1140,2025-08-16 12:00:00+05:30,6.2999997,90.0,7.7420926,88.667816
1141,2025-08-16 13:00:00+05:30,5.720489,77.27565,6.8541956,76.328674
1142,2025-08-16 14:00:00+05:30,7.5942082,58.570484,9.292255,58.46526
1143,2025-08-16 15:00:00+05:30,9.693296,58.671368,12.257194,60.04649
1144,2025-08-16 16:00:00+05:30,10.234705,55.750916,13.581354,55.256752
1145,2025-08-16 17:00:00+05:30,10.062305,63.435013,14.813683,62.500946
1146,2025-08-16 18:00:00+05:30,7.731622,77.90526,16.808569,80.13426
1147,2025-08-16 19:00:00+05:30,6.0077944,81.38444,15.664136,88.68312
1148,2025-08-16 20:00:00+05:30,5.020677,75.46551,13.321216,89.2258
1149,2025-08-16 21:00:00+05:30,7.519175,78.95911,17.640919,90.58462
1150,2025-08-16 22:00:00+05:30,7.6642804,80.53775,18.382044,92.80631
1151,2025-08-16 23:00:00+05:30,7.6409945,74.98159,18.180891,89.43275
1152,2025-08-17 00:00:00+05:30,8.596766,70.42679,19.201874,83.54128
1153,2025-08-17 01:00:00+05:30,9.430695,66.37061,20.265795,77.692
1154,2025-08-17 02:00:00+05:30,10.028439,68.96242,21.183483,77.735245
1155,2025-08-17 03:00:00+05:30,9.292255,68.40463,19.914217,77.4712
1156,2025-08-17 04:00:00+05:30,8.827343,73.41259,19.146112,80.80342
1157,2025-08-17 05:00:00+05:30,8.383054,75.068535,18.287504,83.78446
1158,2025-08-17 06:00:00+05:30,11.633348,81.99536,21.423023,89.037155
1159,2025-08-17 07:00:00+05:30,10.272623,78.88701,17.373497,84.05324
1160,2025-08-17 08:00:00+05:30,12.961249,89.2043,18.0,90.0
1161,2025-08-17 09:00:00+05:30,14.275713,95.06353,18.98552,95.44024
1162,2025-08-17 10:00:00+05:30,15.629972,97.94338,20.364674,98.13002
1163,2025-08-17 11:00:00+05:30,15.745627,100.53913,20.301735,100.21391
1164,2025-08-17 12:00:00+05:30,14.408997,102.99462,18.254698,102.5288
1165,2025-08-17 13:00:00+05:30,13.878688,92.97367,17.673029,93.50346
1166,2025-08-17 14:00:00+05:30,13.184308,122.171196,16.79314,120.96369
1167,2025-08-17 15:00:00+05:30,5.5450516,125.753975,7.538541,123.310646
1168,2025-08-17 16:00:00+05:30,9.430694,76.75947,13.026081,78.84538
1169,2025-08-17 17:00:00+05:30,9.2660675,119.05451,14.266632,119.4758
1170,2025-08-17 18:00:00+05:30,11.788281,82.9836,21.854254,85.275635
1171,2025-08-17 19:00:00+05:30,9.0645685,96.84268,19.245697,97.52373
1172,2025-08-17 20:00:00+05:30,7.8728137,100.53913,18.466457,100.10498
1173,2025-08-17 21:00:00+05:30,7.562142,91.3639,18.108572,96.27721
1174,2025-08-17 22:00:00+05:30,8.647496,87.614105,19.313757,94.275764
1175,2025-08-17 23:00:00+05:30,9.9587345,83.77426,21.24,90.0
1176,2025-08-18 00:00:00+05:30,11.722133,86.47862,22.680714,90.45471
1177,2025-08-18 01:00:00+05:30,11.928989,84.805664,22.50072,89.54166
1178,2025-08-18 02:00:00+05:30,12.429127,79.99209,22.945587,85.04982
1179,2025-08-18 03:00:00+05:30,11.230904,83.5585,21.432096,88.07486
1180,2025-08-18 04:00:00+05:30,10.360559,82.010765,20.172853,87.95464
1181,2025-08-18 05:00:00+05:30,10.706595,73.39294,20.240997,80.78905
1182,2025-08-18 06:00:00+05:30,10.962281,60.48861,19.45416,67.70633
1183,2025-08-18 07:00:00+05:30,13.403656,75.21723,19.387428,77.125
1184,2025-08-18 08:00:00+05:30,17.852697,86.531845,24.522316,86.63361
1185,2025-08-18 09:00:00+05:30,17.146357,85.785904,23.074429,86.86982
1186,2025-08-18 10:00:00+05:30,16.248924,85.552704,21.468348,86.154045
1187,2025-08-18 11:00:00+05:30,14.787414,86.51074,19.281015,87.32463
1188,2025-08-18 12:00:00+05:30,15.517629,93.99084,20.199335,93.57626
1189,2025-08-18 13:00:00+05:30,13.543131,94.57384,17.698677,94.66678
1190,2025-08-18 14:00:00+05:30,5.9617786,28.886486,8.027678,42.27363
1191,2025-08-18 15:00:00+05:30,13.888023,47.62646,18.372349,48.972595
1192,2025-08-18 16:00:00+05:30,8.885877,83.019035,12.346741,82.46065
1193,2025-08-18 17:00:00+05:30,7.748368,59.264584,11.052058,59.676483
1194,2025-08-18 18:00:00+05:30,7.491114,54.782326,15.376045,62.835106
1195,2025-08-18 19:00:00+05:30,8.0899935,57.724377,18.434847,63.935394
1196,2025-08-18 20:00:00+05:30,10.094454,68.00882,21.612747,75.037796
1197,2025-08-18 21:00:00+05:30,10.018743,72.21602,21.322214,78.31066
1198,2025-08-18 22:00:00+05:30,11.39842,68.702576,22.845821,73.99252
1199,2025-08-18 23:00:00+05:30,11.481968,76.399445,22.786179,80.909805
1200,2025-08-19 00:00:00+05:30,10.534229,73.11313,21.335884,80.77615
1201,2025-08-19 01:00:00+05:30,9.7880945,57.77127,20.122196,68.484055
1202,2025-08-19 02:00:00+05:30,10.036512,57.45001,20.46941,66.139824
1203,2025-08-19 03:00:00+05:30,12.007498,66.12472,22.597706,71.42064
1204,2025-08-19 04:00:00+05:30,11.103243,73.033775,21.535404,77.93871
1205,2025-08-19 05:00:00+05:30,10.534229,73.11313,20.511312,79.380394
1206,2025-08-19 06:00:00+05:30,9.726665,87.87895,17.100946,90.60308
1207,2025-08-19 07:00:00+05:30,10.742848,81.32691,15.009236,84.49462
1208,2025-08-19 08:00:00+05:30,11.409785,96.340096,15.808263,97.853226
1209,2025-08-19 09:00:00+05:30,9.801326,82.61405,13.039754,83.659904
1210,2025-08-19 10:00:00+05:30,12.979984,93.17977,17.134071,93.61381
1211,2025-08-19 11:00:00+05:30,14.230248,108.43504,18.644558,105.10963
1212,2025-08-19 12:00:00+05:30,11.9466305,83.94591,15.784676,82.79404
1213,2025-08-19 13:00:00+05:30,13.905509,68.74943,18.183563,68.51449
1214,2025-08-19 14:00:00+05:30,14.447172,59.281166,19.139341,58.851494
1215,2025-08-19 15:00:00+05:30,13.433838,72.05051,17.418196,71.93944
1216,2025-08-19 16:00:00+05:30,12.124307,71.833954,16.055353,70.346085
1217,2025-08-19 17:00:00+05:30,12.189602,73.70589,18.051228,73.19123
1218,2025-08-19 18:00:00+05:30,12.638512,79.33027,23.0407,82.819565
1219,2025-08-19 19:00:00+05:30,12.662843,84.2895,23.444265,86.47862
1220,2025-08-19 20:00:00+05:30,11.265469,77.074,22.375818,81.67444
1221,2025-08-19 21:00:00+05:30,11.616627,77.4712,22.68357,82.7059
1222,2025-08-19 22:00:00+05:30,12.576836,80.94219,23.983269,86.55785
1223,2025-08-19 23:00:00+05:30,12.168319,82.34945,23.23116,88.224
1224,2025-08-20 00:00:00+05:30,11.989945,82.234924,22.691425,88.18174
1225,2025-08-20 01:00:00+05:30,12.284916,79.019394,23.110207,85.53293
1226,2025-08-20 02:00:00+05:30,11.132385,67.16631,21.392754,75.37909
1227,2025-08-20 03:00:00+05:30,10.7894945,62.152523,20.561798,69.50258
1228,2025-08-20 04:00:00+05:30,10.223619,63.886147,19.809813,70.90642
1229,2025-08-20 05:00:00+05:30,9.984729,62.04913,19.255793,69.19314
1230,2025-08-20 06:00:00+05:30,11.612441,71.00326,19.121557,75.83292
1231,2025-08-20 07:00:00+05:30,13.1041975,74.054535,19.25327,76.48342
1232,2025-08-20 08:00:00+05:30,18.98552,84.55976,26.042212,84.44713
1233,2025-08-20 09:00:00+05:30,18.108572,83.7228,24.44954,83.659904
1234,2025-08-20 10:00:00+05:30,17.146357,85.785904,22.737783,85.91447
1235,2025-08-20 11:00:00+05:30,17.303421,87.01861,22.894697,86.84523
1236,2025-08-20 12:00:00+05:30,16.74,90.0,21.96,90.0
1237,2025-08-20 13:00:00+05:30,14.581113,90.707306,18.900856,90.54565
1238,2025-08-20 14:00:00+05:30,14.973576,80.31129,19.474136,81.49551
1239,2025-08-20 15:00:00+05:30,11.391313,95.44024,14.830076,95.572105
1240,2025-08-20 16:00:00+05:30,13.681183,89.24617,18.913708,87.818405
1241,2025-08-20 17:00:00+05:30,6.8423676,125.36255,11.341428,125.96061
1242,2025-08-20 18:00:00+05:30,3.9477081,65.77226,11.367109,79.04598
1243,2025-08-20 19:00:00+05:30,8.656858,86.423744,18.057508,85.42616
1244,2025-08-20 20:00:00+05:30,7.5019197,120.256355,15.156386,105.852
1245,2025-08-20 21:00:00+05:30,7.208994,92.86235,16.56,90.0
1246,2025-08-20 22:00:00+05:30,6.9899354,101.88863,15.275627,111.42536
1247,2025-08-20 23:00:00+05:30,7.5363917,130.15593,15.408671,127.40543
1248,2025-08-21 00:00:00+05:30,11.334285,133.06943,18.921415,129.59618
1249,2025-08-21 01:00:00+05:30,6.5520988,110.924576,10.223619,116.11385
1250,2025-08-21 02:00:00+05:30,3.6,143.13002,5.48631,138.99101
1251,2025-08-21 03:00:00+05:30,5.232399,86.05489,7.7588143,93.99084
1252,2025-08-21 04:00:00+05:30,5.6492476,59.349415,8.242743,58.392544
1253,2025-08-21 05:00:00+05:30,7.5170207,106.699326,10.1902895,107.47486
1254,2025-08-21 06:00:00+05:30,6.482499,91.59111,10.98,100.38881
1255,2025-08-21 07:00:00+05:30,8.553314,98.47106,11.688918,99.75236
1256,2025-08-21 08:00:00+05:30,9.835975,124.56259,12.785069,125.25644
1257,2025-08-21 09:00:00+05:30,9.422101,133.45189,12.108261,131.98714
1258,2025-08-21 10:00:00+05:30,11.1090765,139.60017,14.31198,140.10222
1259,2025-08-21 11:00:00+05:30,9.096681,152.92801,11.753877,152.6502
1260,2025-08-21 12:00:00+05:30,11.351422,165.30264,14.068816,163.65175
1261,2025-08-21 13:00:00+05:30,5.8104043,163.81073,8.707238,172.87508
1262,2025-08-21 14:00:00+05:30,3.3481934,233.74606,4.471107,229.89915
1263,2025-08-21 15:00:00+05:30,7.2,216.86998,9.252069,217.09291
1264,2025-08-21 16:00:00+05:30,9.614426,231.84273,12.204212,232.79199
1265,2025-08-21 17:00:00+05:30,9.021574,241.38963,12.3165245,243.06055
1266,2025-08-21 18:00:00+05:30,7.538541,213.31064,14.33347,215.28683
1267,2025-08-21 19:00:00+05:30,9.984729,207.95087,18.32202,213.37785
1268,2025-08-21 20:00:00+05:30,11.808878,217.56866,20.404411,221.42357
1269,2025-08-21 21:00:00+05:30,10.1902895,215.65541,18.610641,221.86356
1270,2025-08-21 22:00:00+05:30,11.952054,217.04256,21.437386,220.91429
1271,2025-08-21 23:00:00+05:30,9.9,216.86998,18.610641,221.86356
1272,2025-08-22 00:00:00+05:30,9.734988,213.6901,18.161278,219.3693
1273,2025-08-22 01:00:00+05:30,10.564941,225.69019,18.047638,231.07245
1274,2025-08-22 02:00:00+05:30,11.052058,239.67648,17.311846,244.7672
1275,2025-08-22 03:00:00+05:30,11.638917,238.27644,17.873556,242.40279
1276,2025-08-22 04:00:00+05:30,10.814989,251.56496,16.862455,253.8865
1277,2025-08-22 05:00:00+05:30,8.827343,253.41258,13.767352,258.6901
1278,2025-08-22 06:00:00+05:30,6.552099,217.18478,13.130133,236.74562
1279,2025-08-22 07:00:00+05:30,7.10031,210.46547,9.734988,213.6901
1280,2025-08-22 08:00:00+05:30,8.827344,219.20718,11.385622,219.22566
1281,2025-08-22 09:00:00+05:30,8.596766,199.57321,10.703569,199.65392
1282,2025-08-22 10:00:00+05:30,7.841887,211.86594,9.885262,213.11136
1283,2025-08-22 11:00:00+05:30,4.14,180.0,5.0432134,182.04536
1284,2025-08-22 12:00:00+05:30,4.4565907,136.63654,5.4744864,136.33215
1285,2025-08-22 13:00:00+05:30,7.7983837,108.85326,9.449572,107.74477
1286,2025-08-22 14:00:00+05:30,8.083983,101.560104,10.272623,101.113
1287,2025-08-22 15:00:00+05:30,3.4949677,101.88863,4.6277857,103.49575
1288,2025-08-22 16:00:00+05:30,2.4482648,126.027466,3.096837,125.537766
1289,2025-08-22 17:00:00+05:30,2.9301877,280.6196,3.536439,284.74362
1290,2025-08-22 18:00:00+05:30,6.7853074,248.19853,8.197414,250.76923
1291,2025-08-22 19:00:00+05:30,7.040739,265.60138,13.441071,277.69595
1292,2025-08-22 20:00:00+05:30,8.39657,300.96368,16.616642,309.72607
1293,2025-08-22 21:00:00+05:30,10.158444,330.25522,18.278645,327.87503
1294,2025-08-22 22:00:00+05:30,11.545284,329.03632,20.160803,330.0014
1295,2025-08-22 23:00:00+05:30,7.8954163,313.1524,15.683774,328.13406
1296,2025-08-23 00:00:00+05:30,4.2481523,306.38446,11.132385,320.90613
1297,2025-08-23 01:00:00+05:30,6.5693827,260.53775,11.543881,280.78424
1298,2025-08-23 02:00:00+05:30,6.9270773,335.43283,11.923557,331.11353
1299,2025-08-23 03:00:00+05:30,5.896202,347.66092,9.734987,340.55988
1300,2025-08-23 04:00:00+05:30,9.0645685,353.15732,14.120538,348.97656
1301,2025-08-23 05:00:00+05:30,7.814986,352.0566,13.709573,3.7639716
1302,2025-08-23 06:00:00+05:30,8.260411,11.3098955,15.151039,23.824263
1303,2025-08-23 07:00:00+05:30,14.2336645,9.462248,21.222448,12.739646
1304,2025-08-23 08:00:00+05:30,14.420235,24.325571,19.80409,25.866312
1305,2025-08-23 09:00:00+05:30,12.346741,45.590588,16.299694,46.789886
1306,2025-08-23 10:00:00+05:30,10.685391,57.380775,13.833091,57.757572
1307,2025-08-23 11:00:00+05:30,11.43248,56.560116,14.57889,57.094753
1308,2025-08-23 12:00:00+05:30,10.062305,47.174767,13.259049,48.301968
1309,2025-08-23 13:00:00+05:30,15.0038395,59.743652,19.33639,61.049107
1310,2025-08-23 14:00:00+05:30,8.709098,71.93944,11.631956,68.19853
1311,2025-08-23 15:00:00+05:30,1.7727944,66.037506,2.5071096,68.96242
1312,2025-08-23 16:00:00+05:30,6.1437774,31.827414,7.748368,30.735416
1313,2025-08-23 17:00:00+05:30,3.396233,122.00535,4.1085763,118.8107
1314,2025-08-23 18:00:00+05:30,6.320538,289.9832,11.269782,296.56497
1315,2025-08-23 19:00:00+05:30,8.297589,282.5288,14.348156,289.79898
1316,2025-08-23 20:00:00+05:30,10.094454,301.13892,18.278645,302.12497
1317,2025-08-23 21:00:00+05:30,6.9153743,321.34018,13.060857,330.25522
1318,2025-08-23 22:00:00+05:30,5.297018,260.21765,7.7043357,307.40543
1319,2025-08-23 23:00:00+05:30,8.64,270.0,13.229694,284.9817
1320,2025-08-24 00:00:00+05:30,9.039514,282.65256,14.517644,289.55835
1321,2025-08-24 01:00:00+05:30,7.69592,259.21576,11.052058,263.4538
1322,2025-08-24 02:00:00+05:30,10.446206,268.02512,17.84271,272.8912
1323,2025-08-24 03:00:00+05:30,9.430695,293.6294,15.543706,298.34558
1324,2025-08-24 04:00:00+05:30,5.854844,315.0001,8.942214,319.89914
1325,2025-08-24 05:00:00+05:30,8.29173,297.12122,14.581111,298.7797
1326,2025-08-24 06:00:00+05:30,11.616626,49.3988,19.083395,54.21094
1327,2025-08-24 07:00:00+05:30,11.132385,50.906155,15.210799,50.28129
1328,2025-08-24 08:00:00+05:30,10.028439,68.96242,13.971756,68.06147
1329,2025-08-24 09:00:00+05:30,7.172949,72.47434,9.107359,71.564964
1330,2025-08-24 10:00:00+05:30,7.748368,92.66295,9.901636,91.0416
1331,2025-08-24 11:00:00+05:30,5.7628117,104.47034,7.029225,103.32455
1332,2025-08-24 12:00:00+05:30,4.5891175,115.55992,5.5216303,109.025696
1333,2025-08-24 13:00:00+05:30,6.7205353,159.62349,7.989242,157.47939
1334,2025-08-24 14:00:00+05:30,10.055864,225.72514,13.246826,222.79738
1335,2025-08-24 15:00:00+05:30,10.337079,277.00116,15.095336,278.22662
1336,2025-08-24 16:00:00+05:30,9.54,301.89075,14.186923,305.7068
1337,2025-08-24 17:00:00+05:30,10.172787,283.29858,14.917212,289.74692
1338,2025-08-24 18:00:00+05:30,5.4149795,285.4222,10.874741,294.44394
1339,2025-08-24 19:00:00+05:30,6.1094027,315.0001,12.738099,312.70938
1340,2025-08-24 20:00:00+05:30,5.297018,260.21765,10.453957,272.96088
1341,2025-08-24 21:00:00+05:30,5.020677,284.5345,12.961249,279.59305
1342,2025-08-24 22:00:00+05:30,3.2048087,51.842735,5.0142193,338.9624
1343,2025-08-24 23:00:00+05:30,1.4058449,230.19447,6.0721655,281.9761
1344,2025-08-25 00:00:00+05:30,3.3043609,240.64233,7.748368,267.33704
1345,2025-08-25 01:00:00+05:30,7.0223074,268.53122,13.510796,272.29056
1346,2025-08-25 02:00:00+05:30,9.914717,266.87793,17.103788,271.20602
1347,2025-08-25 03:00:00+05:30,9.0645685,263.15732,16.380001,270.0
1348,2025-08-25 04:00:00+05:30,8.373386,244.5367,15.086748,252.64589
1349,2025-08-25 05:00:00+05:30,9.504273,245.37645,17.654688,249.71735
1350,2025-08-25 06:00:00+05:30,10.99769,248.89508,20.349554,254.61147
1351,2025-08-25 07:00:00+05:30,13.277364,254.26793,20.404411,258.29358
1352,2025-08-25 08:00:00+05:30,14.288191,250.88017,19.983242,252.70746
1353,2025-08-25 09:00:00+05:30,15.410774,255.80142,20.999144,255.60637
1354,2025-08-25 10:00:00+05:30,14.799459,251.56496,19.866161,252.05746
1355,2025-08-25 11:00:00+05:30,13.282243,243.43501,17.38934,244.23071
1356,2025-08-25 12:00:00+05:30,12.688404,238.3393,16.546299,239.2501
1357,2025-08-25 13:00:00+05:30,12.136325,234.6598,15.676542,235.76248
1358,2025-08-25 14:00:00+05:30,10.120099,231.49931,13.104198,232.81522
1359,2025-08-25 15:00:00+05:30,8.783189,225.83023,11.583108,225.62952
1360,2025-08-25 16:00:00+05:30,9.361731,217.97166,12.791403,219.28938
1361,2025-08-25 17:00:00+05:30,7.538541,213.31064,13.608762,217.47626
1362,2025-08-25 18:00:00+05:30,8.777653,195.46127,17.48596,200.48709
1363,2025-08-25 19:00:00+05:30,7.2805495,171.46931,15.849201,181.95247
1364,2025-08-25 20:00:00+05:30,8.936778,170.72748,18.374111,177.7543
1365,2025-08-25 21:00:00+05:30,8.936778,170.72748,18.930832,176.72958
1366,2025-08-25 22:00:00+05:30,9.0,163.73972,18.212051,176.60036
1367,2025-08-25 23:00:00+05:30,8.596766,160.42679,16.818203,174.47255
1368,2025-08-26 00:00:00+05:30,6.28713,166.75948,14.238215,182.89851
1369,2025-08-26 01:00:00+05:30,6.2613096,161.56496,13.558673,185.33206
1370,2025-08-26 02:00:00+05:30,5.509882,141.63248,11.052058,173.45381
1371,2025-08-26 03:00:00+05:30,6.050785,149.62096,12.503199,173.38664
1372,2025-08-26 04:00:00+05:30,4.7827187,160.20103,10.823973,183.814
1373,2025-08-26 05:00:00+05:30,4.353619,172.87508,10.483357,195.94547
1374,2025-08-26 06:00:00+05:30,8.14587,135.0001,13.552696,149.68887
1375,2025-08-26 07:00:00+05:30,5.6492476,157.52052,9.741642,163.90912
1376,2025-08-26 08:00:00+05:30,7.1661706,191.59215,9.430694,193.24052
1377,2025-08-26 09:00:00+05:30,6.77575,196.9909,8.482947,197.28159
1378,2025-08-26 10:00:00+05:30,5.1826253,200.32323,6.4323244,197.92801
1379,2025-08-26 11:00:00+05:30,3.671294,168.69011,4.6277857,166.50426
1380,2025-08-26 12:00:00+05:30,4.669604,152.44728,5.6492476,149.34941
1381,2025-08-26 13:00:00+05:30,7.172949,162.47433,8.596766,160.42679
1382,2025-08-26 14:00:00+05:30,7.0843205,152.78398,9.016185,153.94656
1383,2025-08-26 15:00:00+05:30,6.9247384,117.89718,8.863972,119.16752
1384,2025-08-26 16:00:00+05:30,8.452336,116.56499,10.874742,118.68605
1385,2025-08-26 17:00:00+05:30,7.587806,157.69374,11.534054,157.0362
1386,2025-08-26 18:00:00+05:30,3.6,126.86999,9.085988,123.6901
1387,2025-08-26 19:00:00+05:30,5.0975285,137.86247,11.019764,141.63248
1388,2025-08-26 20:00:00+05:30,7.5105524,134.02907,15.156384,142.72174
1389,2025-08-26 21:00:00+05:30,4.143911,145.6196,11.465024,157.86446
1390,2025-08-26 22:00:00+05:30,3.244996,146.3099,9.346143,164.3577
1391,2025-08-26 23:00:00+05:30,1.9469976,123.6901,6.66,161.07526
1392,2025-08-27 00:00:00+05:30,2.6208394,105.945465,6.6405115,147.17146
1393,2025-08-27 01:00:00+05:30,3.148714,120.963684,7.44121,147.84773
1394,2025-08-27 02:00:00+05:30,2.5582807,140.71062,6.603817,162.55272
1395,2025-08-27 03:00:00+05:30,1.0495713,149.03632,3.9763298,185.19434
1396,2025-08-27 04:00:00+05:30,1.609969,116.56499,2.5772076,155.22488
1397,2025-08-27 05:00:00+05:30,1.9469976,123.6901,3.494968,145.49142
1398,2025-08-27 06:00:00+05:30,4.1046314,52.124958,5.315336,61.69934
1399,2025-08-27 07:00:00+05:30,5.4119864,93.814,7.040739,94.39862
1400,2025-08-27 08:00:00+05:30,5.5829024,91.84757,7.029225,92.935616
1401,2025-08-27 09:00:00+05:30,5.771239,86.423744,7.2202215,85.71093
1402,2025-08-27 10:00:00+05:30,5.9834766,96.91113,7.4346757,96.952866
1403,2025-08-27 11:00:00+05:30,6.638072,102.5288,8.083983,101.560104
1404,2025-08-27 12:00:00+05:30,8.197414,109.23077,10.4166975,108.121956
1405,2025-08-27 13:00:00+05:30,5.8409934,123.690094,7.3469996,120.963684
1406,2025-08-27 14:00:00+05:30,4.3832865,109.17911,5.4656014,107.241554
1407,2025-08-27 15:00:00+05:30,5.223103,88.025116,6.6818557,85.364624
1408,2025-08-27 16:00:00+05:30,4.8899083,83.659904,6.3639607,81.86999
1409,2025-08-27 17:00:00+05:30,4.379589,80.53775,6.0721655,78.02389
1410,2025-08-27 18:00:00+05:30,4.5891175,25.559923,10.685391,32.61924
1411,2025-08-27 19:00:00+05:30,2.9522195,127.568665,8.32877,96.203354
1412,2025-08-27 20:00:00+05:30,0.742159,345.9637,2.5959969,123.690094
1413,2025-08-27 21:00:00+05:30,5.257109,141.95291,10.1902895,125.65542
1414,2025-08-27 22:00:00+05:30,2.6758924,222.27362,5.6835546,190.95403
1415,2025-08-27 23:00:00+05:30,1.8792552,16.699326,3.536439,75.25639
1416,2025-08-28 00:00:00+05:30,1.9469976,213.6901,7.1321807,169.82455
1417,2025-08-28 01:00:00+05:30,1.659518,12.528798,1.1384199,71.564964
1418,2025-08-28 02:00:00+05:30,5.7964473,64.23073,10.685391,57.380775
1419,2025-08-28 03:00:00+05:30,6.5049515,75.57919,13.672893,73.95093
1420,2025-08-28 04:00:00+05:30,5.5887027,75.068535,12.284916,79.019394
1421,2025-08-28 05:00:00+05:30,3.0758414,69.44387,8.669949,85.23644
1422,2025-08-28 06:00:00+05:30,6.8541956,66.80139,14.154915,82.694336
1423,2025-08-28 07:00:00+05:30,7.16617,64.72231,15.192682,76.29302
1424,2025-08-28 08:00:00+05:30,8.37532,81.34755,11.276968,81.740654
1425,2025-08-28 09:00:00+05:30,8.227004,100.08054,10.742848,98.673096
1426,2025-08-28 10:00:00+05:30,12.0694,107.35411,15.602999,106.76264
1427,2025-08-28 11:00:00+05:30,7.458606,98.32557,9.422101,96.581856
1428,2025-08-28 12:00:00+05:30,7.9526596,84.805664,9.9408245,84.805664
1429,2025-08-28 13:00:00+05:30,8.287822,87.5105,10.453957,87.03913
1430,2025-08-28 14:00:00+05:30,7.208994,87.13766,9.187056,87.75431
1431,2025-08-28 15:00:00+05:30,8.936778,80.72748,11.334284,79.93938
1432,2025-08-28 16:00:00+05:30,9.403169,84.507774,12.287555,84.95764
1433,2025-08-28 17:00:00+05:30,5.9617786,118.88649,10.094454,111.99118
1434,2025-08-28 18:00:00+05:30,4.175069,82.56869,10.316686,96.00892
1435,2025-08-28 19:00:00+05:30,1.9469976,33.6901,6.482499,91.59111
1436,2025-08-28 20:00:00+05:30,1.9134263,41.185837,6.391901,99.72751
1437,2025-08-28 21:00:00+05:30,4.863332,51.009003,10.4166975,80.04944
1438,2025-08-28 22:00:00+05:30,4.978554,49.398785,13.091829,71.564964
1439,2025-08-28 23:00:00+05:30,4.4565907,43.36347,12.5032,67.126305
1440,2025-08-29 00:00:00+05:30,6.689125,66.19405,15.5687,79.33971
1441,2025-08-29 01:00:00+05:30,6.8138976,77.79955,15.841023,89.34895
1442,2025-08-29 02:00:00+05:30,8.759178,80.53775,18.543495,88.887634
1443,2025-08-29 03:00:00+05:30,9.54679,92.16103,19.759048,96.80122
1444,2025-08-29 04:00:00+05:30,9.826088,81.57312,19.619999,90.0
1445,2025-08-29 05:00:00+05:30,8.507737,83.92764,18.000898,90.57292
1446,2025-08-29 06:00:00+05:30,10.6261,88.058556,19.447498,91.59111
1447,2025-08-29 07:00:00+05:30,10.783487,75.4998,16.63126,80.02801
1448,2025-08-29 08:00:00+05:30,12.0720825,87.43629,16.563911,88.75467
1449,2025-08-29 09:00:00+05:30,13.151091,87.64676,17.288435,88.21013
1450,2025-08-29 10:00:00+05:30,13.504799,91.52749,17.648262,91.753365
1451,2025-08-29 11:00:00+05:30,11.788281,97.01641,15.226764,96.78888
1452,2025-08-29 12:00:00+05:30,9.67657,99.637474,12.221456,99.32352
1453,2025-08-29 13:00:00+05:30,10.478722,94.92702,13.200273,95.47728
1454,2025-08-29 14:00:00+05:30,12.097553,43.19129,16.16897,46.353123
1455,2025-08-29 15:00:00+05:30,3.7585104,16.699326,4.942631,33.111355
1456,2025-08-29 16:00:00+05:30,6.037383,79.69521,8.019601,80.960594
1457,2025-08-29 17:00:00+05:30,10.3480425,76.93068,15.158522,85.91447
1458,2025-08-29 18:00:00+05:30,7.596341,76.29302,16.189995,81.68981
1459,2025-08-29 19:00:00+05:30,7.415038,84.4279,16.215992,92.544754
1460,2025-08-29 20:00:00+05:30,7.1321807,100.17545,15.602999,106.76264
1461,2025-08-29 21:00:00+05:30,5.9427266,91.73567,14.935662,102.5288
1462,2025-08-29 22:00:00+05:30,6.7205353,69.62349,16.039202,80.960594
1463,2025-08-29 23:00:00+05:30,10.365251,69.67678,21.04461,75.13167
1464,2025-08-30 00:00:00+05:30,13.324863,88.45188,23.58,90.0
1465,2025-08-30 01:00:00+05:30,11.966953,83.08887,22.065973,84.382515
1466,2025-08-30 02:00:00+05:30,11.003581,86.24835,20.34,90.0
1467,2025-08-30 03:00:00+05:30,8.885877,83.019035,16.560978,89.37726
1468,2025-08-30 04:00:00+05:30,7.029225,87.064384,13.681183,89.24617
1469,2025-08-30 05:00:00+05:30,6.6697226,86.906006,13.14493,91.56932
1470,2025-08-30 06:00:00+05:30,6.391901,99.72751,14.572219,107.98743
1471,2025-08-30 07:00:00+05:30,8.287822,92.4895,13.797912,97.495766
1472,2025-08-30 08:00:00+05:30,11.881363,90.868034,15.841023,90.65105
1473,2025-08-30 09:00:00+05:30,11.53265,92.68372,14.957339,92.75905
1474,2025-08-30 10:00:00+05:30,11.341428,90.90936,14.761098,90.698685
1475,2025-08-30 11:00:00+05:30,10.805999,88.09089,13.870515,87.768875
1476,2025-08-30 12:00:00+05:30,10.03167,99.293236,12.7546215,98.93051
1477,2025-08-30 13:00:00+05:30,8.792405,112.89059,11.063778,111.97456
1478,2025-08-30 14:00:00+05:30,7.1684303,118.495544,9.179999,118.072395
1479,2025-08-30 15:00:00+05:30,5.00128,120.256355,6.3639607,118.7397
1480,2025-08-30 16:00:00+05:30,4.846648,111.801476,6.151683,110.55613
1481,2025-08-30 17:00:00+05:30,5.04,90.0,7.7420926,91.33219
1482,2025-08-30 18:00:00+05:30,3.9312592,105.945465,9.83268,113.749504
1483,2025-08-30 19:00:00+05:30,5.0142193,111.03758,12.440851,121.39022
1484,2025-08-30 20:00:00+05:30,8.909545,98.13002,16.372087,104.647415
1485,2025-08-30 21:00:00+05:30,10.215693,75.71888,19.759048,83.198784
1486,2025-08-30 22:00:00+05:30,2.5455842,224.9999,5.293959,144.6887
1487,2025-08-30 23:00:00+05:30,11.7827835,18.71184,18.448023,17.020617
1488,2025-08-31 00:00:00+05:30,9.957108,40.601215,15.405519,59.840027
1489,2025-08-31 01:00:00+05:30,9.19939,59.420856,17.214249,68.53228
1490,2025-08-31 02:00:00+05:30,14.764389,91.39715,25.395952,92.03087
1491,2025-08-31 03:00:00+05:30,7.3821945,88.60285,13.200273,95.47728
1492,2025-08-31 04:00:00+05:30,10.158444,119.74478,18.32202,123.37785
1493,2025-08-31 05:00:00+05:30,6.6405115,122.828545,13.0447235,117.979385
1494,2025-08-31 06:00:00+05:30,5.8298883,81.11942,14.650938,100.619606
1495,2025-08-31 07:00:00+05:30,12.168319,97.65056,15.808263,97.853226
1496,2025-08-31 08:00:00+05:30,12.157663,115.426834,16.029099,114.55044
1497,2025-08-31 09:00:00+05:30,10.464797,130.81499,13.902015,131.3254
1498,2025-08-31 10:00:00+05:30,9.449572,139.63554,11.870451,139.30457
1499,2025-08-31 11:00:00+05:30,6.8919086,139.23648,8.415842,138.46832
1500,2025-08-31 12:00:00+05:30,6.341009,145.40765,7.7420926,144.46223
1501,2025-08-31 13:00:00+05:30,10.626099,218.81139,13.479583,214.11452
1502,2025-08-31 14:00:00+05:30,5.0432134,325.17545,6.7565966,318.23978
1503,2025-08-31 15:00:00+05:30,4.514377,23.498587,5.4656014,17.241547
1504,2025-08-31 16:00:00+05:30,7.193247,121.701385,8.9873905,122.73522
1505,2025-08-31 17:00:00+05:30,3.189608,196.38962,4.278551,202.24907
1506,2025-08-31 18:00:00+05:30,4.379589,279.46225,10.062305,280.30478
1507,2025-08-31 19:00:00+05:30,2.6208394,254.05453,6.7205353,277.69595
1508,2025-08-31 20:00:00+05:30,2.6758924,227.72638,6.638072,257.4712
1509,2025-08-31 21:00:00+05:30,1.3708391,156.80138,1.9386592,201.80147
1510,2025-08-31 22:00:00+05:30,4.3274937,135.0001,6.050785,149.62096
1511,2025-08-31 23:00:00+05:30,5.5450516,125.753975,8.669949,131.63345
1512,2025-09-01 00:00:00+05:30,8.856658,142.43134,16.641972,141.14662
1513,2025-09-01 01:00:00+05:30,7.570707,198.00426,12.241323,197.10281
1514,2025-09-01 02:00:00+05:30,6.6818557,207.25525,11.351422,207.37762
1515,2025-09-01 03:00:00+05:30,2.3051248,218.65984,6.552099,232.81522
1516,2025-09-01 04:00:00+05:30,1.2979984,213.6901,4.4565907,226.63654
1517,2025-09-01 05:00:00+05:30,5.09435,212.00534,10.564941,224.3098
1518,2025-09-01 06:00:00+05:30,7.7650757,224.0609,16.563911,227.6426
1519,2025-09-01 07:00:00+05:30,4.143911,177.5105,12.616702,227.89134
1520,2025-09-01 08:00:00+05:30,9.039514,234.7275,12.081473,236.54666
1521,2025-09-01 09:00:00+05:30,9.741642,242.48808,12.800266,244.15567
1522,2025-09-01 10:00:00+05:30,7.388775,235.92276,9.292255,238.46526
1523,2025-09-01 11:00:00+05:30,8.209263,232.12495,10.337078,234.92616
1524,2025-09-01 12:00:00+05:30,15.312701,252.20392,19.92235,251.56496
1525,2025-09-01 13:00:00+05:30,2.2910259,315.0001,4.1125174,293.1986
1526,2025-09-01 14:00:00+05:30,6.1437774,275.04236,8.049845,280.30478
1527,2025-09-01 15:00:00+05:30,9.0,180.0,11.701385,180.88138
1528,2025-09-01 16:00:00+05:30,6.2483597,168.3664,7.9077177,168.17854
1529,2025-09-01 17:00:00+05:30,5.2416787,164.05453,7.42159,165.96373
1530,2025-09-01 18:00:00+05:30,7.42159,112.833694,11.837651,135.61598
1531,2025-09-01 19:00:00+05:30,9.97986,129.14398,16.732256,139.79991
1532,2025-09-01 20:00:00+05:30,8.035746,164.40714,15.351793,175.29224
1533,2025-09-01 21:00:00+05:30,8.101999,178.727,16.733225,191.7934
1534,2025-09-01 22:00:00+05:30,9.243311,173.29025,17.83454,182.31367
1535,2025-09-01 23:00:00+05:30,8.311245,162.3498,16.309628,169.18617
1536,2025-09-02 00:00:00+05:30,8.528657,172.72508,16.923828,178.78116
1537,2025-09-02 01:00:00+05:30,7.970972,186.48297,16.459913,193.27641
1538,2025-09-02 02:00:00+05:30,7.754637,201.80147,16.180988,207.13506
1539,2025-09-02 03:00:00+05:30,5.068846,196.50444,12.801531,207.64589
1540,2025-09-02 04:00:00+05:30,5.2200003,180.0,11.799271,201.47685
1541,2025-09-02 05:00:00+05:30,6.0347,162.64589,11.837651,188.74608
1542,2025-09-02 06:00:00+05:30,4.2481523,216.38445,8.856658,232.43134
1543,2025-09-02 07:00:00+05:30,6.1437774,121.82741,7.7420926,125.537766
1544,2025-09-02 08:00:00+05:30,8.099999,143.13002,10.883676,145.78424
1545,2025-09-02 09:00:00+05:30,6.830519,161.56496,8.654986,163.0724
1546,2025-09-02 10:00:00+05:30,6.279395,207.29948,8.149847,210.52963
1547,2025-09-02 11:00:00+05:30,6.050785,210.37904,7.5019197,210.25635
1548,2025-09-02 12:00:00+05:30,7.995323,238.81508,9.913082,240.64233
1549,2025-09-02 13:00:00+05:30,6.424764,258.6901,7.8728137,259.46088
1550,2025-09-02 14:00:00+05:30,7.102591,278.74606,8.553314,278.47107
1551,2025-09-02 15:00:00+05:30,7.7879906,326.3099,9.5416975,324.21094
1552,2025-09-02 16:00:00+05:30,7.928178,357.3975,10.209348,350.8699
1553,2025-09-02 17:00:00+05:30,10.560341,29.623667,14.48972,26.564985
1554,2025-09-02 18:00:00+05:30,7.282774,39.98684,13.18308,34.9921
1555,2025-09-02 19:00:00+05:30,8.225035,66.80139,14.411245,62.47487
1556,2025-09-02 20:00:00+05:30,6.330782,75.17348,12.172312,66.467636
1557,2025-09-02 21:00:00+05:30,5.5916004,86.308685,12.32047,78.19759
1558,2025-09-02 22:00:00+05:30,5.0142193,68.96242,12.708816,74.38895
1559,2025-09-02 23:00:00+05:30,1.0948973,350.53775,6.439876,63.435013
1560,2025-09-03 00:00:00+05:30,1.0182338,315.0001,3.8521678,52.594578
1561,2025-09-03 01:00:00+05:30,2.6999998,360.0,7.0934615,54.293217
1562,2025-09-03 02:00:00+05:30,3.2599385,6.3401003,7.562142,51.766144
1563,2025-09-03 03:00:00+05:30,4.724786,49.635548,11.103243,70.09616
1564,2025-09-03 04:00:00+05:30,5.0432134,87.95464,13.14493,91.56932
1565,2025-09-03 05:00:00+05:30,5.815978,68.19853,13.543131,85.42616
1566,2025-09-03 06:00:00+05:30,6.0721655,78.02389,12.682018,83.48029
1567,2025-09-03 07:00:00+05:30,9.721666,91.06089,13.5012,90.763885
1568,2025-09-03 08:00:00+05:30,8.083983,78.4399,10.484902,78.11137
1569,2025-09-03 09:00:00+05:30,10.1376915,83.88459,13.021106,84.44713
1570,2025-09-03 10:00:00+05:30,8.596766,70.42679,10.706595,73.39294
1571,2025-09-03 11:00:00+05:30,8.513448,76.55138,10.661107,78.31066
1572,2025-09-03 12:00:00+05:30,8.482947,72.718414,10.759423,72.47434
1573,2025-09-03 13:00:00+05:30,8.297589,40.601215,10.195057,42.13753
1574,2025-09-03 14:00:00+05:30,8.891344,68.62931,11.605464,66.21797
1575,2025-09-03 15:00:00+05:30,9.339208,62.447273,14.110209,60.164555
1576,2025-09-03 16:00:00+05:30,8.936778,27.597204,12.642357,28.02442
1577,2025-09-03 17:00:00+05:30,10.874741,24.443953,16.50218,26.564985
1578,2025-09-03 18:00:00+05:30,15.426535,48.311035,25.092413,53.458828
1579,2025-09-03 19:00:00+05:30,10.783487,14.500209,19.80409,25.866312
1580,2025-09-03 20:00:00+05:30,12.3165245,26.939459,22.871334,35.06599
1581,2025-09-03 21:00:00+05:30,12.007498,49.86458,23.166916,55.445564
1582,2025-09-03 22:00:00+05:30,6.424764,101.3099,15.3264475,93.366394
1583,2025-09-03 23:00:00+05:30,5.020677,104.5345,13.41453,101.61146
1584,2025-09-04 00:00:00+05:30,6.452441,67.01126,15.639297,78.04344
1585,2025-09-04 01:00:00+05:30,9.339208,62.447273,19.300331,70.382034
1586,2025-09-04 02:00:00+05:30,10.644379,71.258575,21.262869,76.78725
1587,2025-09-04 03:00:00+05:30,11.659777,81.11942,22.366402,86.308685
1588,2025-09-04 04:00:00+05:30,10.285232,85.98591,20.70704,91.4943
1589,2025-09-04 05:00:00+05:30,8.431228,73.88651,18.072754,84.85733
1590,2025-09-04 06:00:00+05:30,8.669949,85.23644,17.83454,92.313675
1591,2025-09-04 07:00:00+05:30,13.418153,96.93426,20.34,97.62806
1592,2025-09-04 08:00:00+05:30,15.192682,103.706985,21.087673,103.32455
1593,2025-09-04 09:00:00+05:30,17.864489,102.215706,24.541468,102.711136
1594,2025-09-04 10:00:00+05:30,16.67795,96.81812,22.304028,96.95286
1595,2025-09-04 11:00:00+05:30,13.822546,81.764465,18.175545,82.03049
1596,2025-09-04 12:00:00+05:30,13.945064,66.412964,17.986494,67.02725
1597,2025-09-04 13:00:00+05:30,19.92235,71.564964,28.066727,70.51911
1598,2025-09-04 14:00:00+05:30,9.430695,66.37061,12.739371,66.69509
1599,2025-09-04 15:00:00+05:30,12.870944,42.16582,16.951565,41.98714
1600,2025-09-04 16:00:00+05:30,18.126455,32.427544,26.120474,32.04721
1601,2025-09-04 17:00:00+05:30,19.016214,49.22232,29.434816,47.72637
1602,2025-09-04 18:00:00+05:30,13.1412325,36.085163,23.392384,39.692635
1603,2025-09-04 19:00:00+05:30,12.85205,37.030487,23.686249,43.152412
1604,2025-09-04 20:00:00+05:30,12.492829,36.209553,23.05476,42.78522
1605,2025-09-04 21:00:00+05:30,14.477417,38.43733,25.845516,43.589134
1606,2025-09-04 22:00:00+05:30,17.885334,61.113514,29.704908,62.969223
1607,2025-09-04 23:00:00+05:30,14.512064,60.255207,24.71512,62.688557
1608,2025-09-05 00:00:00+05:30,13.644427,53.583534,23.664352,56.793423
1609,2025-09-05 01:00:00+05:30,12.984975,46.12322,22.151703,51.26747
1610,2025-09-05 02:00:00+05:30,16.056362,52.744637,24.337303,53.723293
1611,2025-09-05 03:00:00+05:30,16.610792,60.1012,25.772078,61.645138
1612,2025-09-05 04:00:00+05:30,15.111424,77.619255,25.360205,80.60461
1613,2025-09-05 05:00:00+05:30,14.2336645,76.84245,23.910208,80.46684
1614,2025-09-05 06:00:00+05:30,14.77755,92.79265,23.197664,96.68377
1615,2025-09-05 07:00:00+05:30,17.085783,110.34419,25.906244,112.4668
1616,2025-09-05 08:00:00+05:30,18.033268,117.33228,25.369785,118.38326
1617,2025-09-05 09:00:00+05:30,17.640919,126.28536,26.352024,126.94826
1618,2025-09-05 10:00:00+05:30,13.891522,121.218346,19.570396,124.1286
1619,2025-09-05 11:00:00+05:30,18.610641,131.86356,24.958414,133.24663
1620,2025-09-05 12:00:00+05:30,18.455925,135.3951,24.693481,135.59058
1621,2025-09-05 13:00:00+05:30,16.176983,132.7454,21.407139,132.27362
1622,2025-09-05 14:00:00+05:30,13.551501,140.38934,18.275984,140.19447
1623,2025-09-05 15:00:00+05:30,15.206538,163.49556,21.982119,163.34561
1624,2025-09-05 16:00:00+05:30,11.843124,155.77226,16.521803,156.22765
1625,2025-09-05 17:00:00+05:30,9.840914,140.19447,14.197196,140.6595
1626,2025-09-05 18:00:00+05:30,6.3690495,132.70937,14.784126,132.03899
1627,2025-09-05 19:00:00+05:30,7.538541,123.310646,16.1198,119.42737
1628,2025-09-05 20:00:00+05:30,11.307095,103.81505,21.177366,109.359085
1629,2025-09-05 21:00:00+05:30,10.9859,91.87784,20.803045,99.46225
1630,2025-09-05 22:00:00+05:30,9.734988,86.82024,19.540573,95.81553
1631,2025-09-05 23:00:00+05:30,9.224011,95.59925,18.728653,103.90272
1632,2025-09-06 00:00:00+05:30,9.9977,103.53587,20.056877,111.03758
1633,2025-09-06 01:00:00+05:30,9.693296,111.801476,19.91503,119.80902
1634,2025-09-06 02:00:00+05:30,8.863972,113.962494,18.623693,122.76849
1635,2025-09-06 03:00:00+05:30,8.654986,106.9276,18.033268,117.33228
1636,2025-09-06 04:00:00+05:30,9.796366,110.432915,19.424158,119.415504
1637,2025-09-06 05:00:00+05:30,8.643749,121.372955,17.935081,128.48022
1638,2025-09-06 06:00:00+05:30,9.67657,136.50739,18.123774,145.52072
1639,2025-09-06 07:00:00+05:30,10.210936,130.71075,18.089775,137.41954
1640,2025-09-06 08:00:00+05:30,13.369771,136.63654,18.372349,138.9726
1641,2025-09-06 09:00:00+05:30,17.283749,144.3235,23.226278,144.46223
1642,2025-09-06 10:00:00+05:30,17.823637,146.95187,24.117985,147.49603
1643,2025-09-06 11:00:00+05:30,16.848038,143.25244,22.392464,143.49847
1644,2025-09-06 12:00:00+05:30,16.22498,139.95033,21.437386,139.08571
1645,2025-09-06 13:00:00+05:30,14.4,143.13002,18.9,143.13002
1646,2025-09-06 14:00:00+05:30,12.992459,137.24576,16.431347,137.21968
1647,2025-09-06 15:00:00+05:30,13.15971,130.0062,17.769016,129.6569
1648,2025-09-06 16:00:00+05:30,14.589996,141.009,20.212965,140.78241
1649,2025-09-06 17:00:00+05:30,11.304229,189.16228,16.966848,184.25876
1650,2025-09-06 18:00:00+05:30,5.937272,165.96373,14.027302,171.14212
1651,2025-09-06 19:00:00+05:30,7.0591216,160.64091,15.8502245,164.85896
1652,2025-09-06 20:00:00+05:30,6.6697226,176.906,16.056362,176.14328
1653,2025-09-06 21:00:00+05:30,8.707238,172.87508,19.087639,178.37889
1654,2025-09-06 22:00:00+05:30,7.9526596,185.19434,17.9973,188.04898
1655,2025-09-06 23:00:00+05:30,7.247096,194.38142,17.137852,197.10281
1656,2025-09-07 00:00:00+05:30,5.8631387,197.87878,14.687382,199.32327
1657,2025-09-07 01:00:00+05:30,6.5520988,195.94547,15.210799,200.79419
1658,2025-09-07 02:00:00+05:30,4.198285,210.96368,11.886816,212.00534
1659,2025-09-07 03:00:00+05:30,3.5455887,203.9625,9.54,211.89075
1660,2025-09-07 04:00:00+05:30,3.7842832,177.27374,8.951267,195.15411
1661,2025-09-07 05:00:00+05:30,5.0142193,158.96242,11.159999,180.0
1662,2025-09-07 06:00:00+05:30,5.9644947,174.80566,10.261579,195.25517
1663,2025-09-07 07:00:00+05:30,6.5520988,195.94547,10.662626,201.80147
1664,2025-09-07 08:00:00+05:30,6.544677,211.50421,8.338489,212.6609
1665,2025-09-07 09:00:00+05:30,7.256032,209.7448,9.044888,211.15924
1666,2025-09-07 10:00:00+05:30,6.603817,197.44728,8.139901,198.03438
1667,2025-09-07 11:00:00+05:30,6.8423676,181.5074,8.461914,181.21884
1668,2025-09-07 12:00:00+05:30,5.9834766,173.08887,7.2805495,171.46931
1669,2025-09-07 13:00:00+05:30,5.8104043,163.81073,7.1208143,163.85559
1670,2025-09-07 14:00:00+05:30,6.424764,168.69011,7.731622,167.90526
1671,2025-09-07 15:00:00+05:30,6.320538,199.9832,7.42159,194.03627
1672,2025-09-07 16:00:00+05:30,10.908951,217.6263,14.7039175,219.53612
1673,2025-09-07 17:00:00+05:30,8.149847,223.21011,11.203464,226.30188
1674,2025-09-07 18:00:00+05:30,3.7799997,180.0,9.659814,206.56499
1675,2025-09-07 19:00:00+05:30,4.5891175,221.82008,11.212135,222.39738
1676,2025-09-07 20:00:00+05:30,6.2067385,240.4613,14.128566,235.90497
1677,2025-09-07 21:00:00+05:30,6.6405115,237.17146,14.428097,236.70642
1678,2025-09-07 22:00:00+05:30,5.7431,237.80429,14.045767,239.16223
1679,2025-09-07 23:00:00+05:30,5.414979,248.5522,13.638489,247.49643
1680,2025-09-08 00:00:00+05:30,5.1197267,259.8754,12.9249525,257.125
1681,2025-09-08 01:00:00+05:30,6.0908127,251.0295,13.948548,252.7341
1682,2025-09-08 02:00:00+05:30,5.7431,237.80429,13.854155,245.43285
1683,2025-09-08 03:00:00+05:30,6.8423676,243.43501,14.84318,247.1663
1684,2025-09-08 04:00:00+05:30,8.626865,246.64441,17.823637,249.91794
1685,2025-09-08 05:00:00+05:30,7.289444,249.77505,16.120808,253.7909
1686,2025-09-08 06:00:00+05:30,8.36758,251.1752,15.629971,255.32356
1687,2025-09-08 07:00:00+05:30,8.2584505,253.5399,13.971757,255.06853
1688,2025-09-08 08:00:00+05:30,9.6932955,254.93146,12.791403,256.15927
1689,2025-09-08 09:00:00+05:30,9.028754,246.50142,11.566313,249.02643
1690,2025-09-08 10:00:00+05:30,8.211235,243.9967,10.472536,245.63756
1691,2025-09-08 11:00:00+05:30,6.384293,248.4985,7.9220443,248.68202
1692,2025-09-08 12:00:00+05:30,5.4744864,242.5925,6.6818557,242.74475
1693,2025-09-08 13:00:00+05:30,5.4833565,246.80138,6.7853074,248.19853
1694,2025-09-08 14:00:00+05:30,6.601363,258.9965,8.019601,260.9606
1695,2025-09-08 15:00:00+05:30,5.9834766,263.08887,7.579261,265.91446
1696,2025-09-08 16:00:00+05:30,5.6521144,260.83774,7.102591,261.2539
1697,2025-09-08 17:00:00+05:30,4.6277857,283.49576,7.9465466,283.0919
1698,2025-09-08 18:00:00+05:30,5.2416787,254.05453,11.620809,253.81071
1699,2025-09-08 19:00:00+05:30,5.6060677,264.47256,12.32047,258.1976
1700,2025-09-08 20:00:00+05:30,5.4744864,279.46225,12.605142,271.63654
1701,2025-09-08 21:00:00+05:30,6.1226463,294.30453,13.929953,295.24048
1702,2025-09-08 22:00:00+05:30,6.28713,293.6294,15.283048,302.00534
1703,2025-09-08 23:00:00+05:30,4.6730714,285.6423,12.642357,298.0244
1704,2025-09-09 00:00:00+05:30,4.6730714,285.6423,12.397806,295.82092
1705,2025-09-09 01:00:00+05:30,4.6730714,285.6423,12.337553,293.1986
1706,2025-09-09 02:00:00+05:30,4.514377,274.57382,11.555102,288.1528
1707,2025-09-09 03:00:00+05:30,6.519877,263.6599,14.311981,276.49924
1708,2025-09-09 04:00:00+05:30,6.778141,259.28693,14.94,270.0
1709,2025-09-09 05:00:00+05:30,7.1661706,258.40784,16.036171,267.4267
1710,2025-09-09 06:00:00+05:30,8.11798,273.814,17.298738,282.01144
1711,2025-09-09 07:00:00+05:30,7.922045,271.3019,18.3794,284.17236
1712,2025-09-09 08:00:00+05:30,9.444426,277.66672,13.523978,279.96375
1713,2025-09-09 09:00:00+05:30,11.307095,283.81503,14.761098,285.56155
1714,2025-09-09 10:00:00+05:30,9.473541,284.30032,11.966954,285.7087
1715,2025-09-09 11:00:00+05:30,9.96524,286.79846,12.466867,287.6502
1716,2025-09-09 12:00:00+05:30,9.965239,290.07162,12.535549,291.03757
1717,2025-09-09 13:00:00+05:30,10.134496,289.72235,12.936227,291.2093
1718,2025-09-09 14:00:00+05:30,13.282243,296.56497,17.307167,296.56497
1719,2025-09-09 15:00:00+05:30,14.49531,298.1561,19.73854,298.90225
1720,2025-09-09 16:00:00+05:30,11.996699,297.7184,17.349236,300.55588
1721,2025-09-09 17:00:00+05:30,9.179999,298.0724,16.85669,300.12424
1722,2025-09-09 18:00:00+05:30,7.029225,283.32455,16.38,292.6199
1723,2025-09-09 19:00:00+05:30,8.37532,261.34753,18.57143,273.33377
1724,2025-09-09 20:00:00+05:30,8.836514,266.49652,19.829433,273.12207
1725,2025-09-09 21:00:00+05:30,9.403169,264.50778,20.700783,270.4982
1726,2025-09-09 22:00:00+05:30,9.422101,263.41815,20.883104,269.01227
1727,2025-09-09 23:00:00+05:30,9.292254,261.08514,20.703129,269.00366
1728,2025-09-10 00:00:00+05:30,9.403169,264.50778,20.886982,271.4814
1729,2025-09-10 01:00:00+05:30,9.779817,263.6599,21.246862,271.45633
1730,2025-09-10 02:00:00+05:30,9.926147,265.84042,21.660664,274.28906
1731,2025-09-10 03:00:00+05:30,10.086427,267.95465,21.9253,276.59982
1732,2025-09-10 04:00:00+05:30,10.440001,270.0,22.402588,278.78107
1733,2025-09-10 05:00:00+05:30,11.16145,270.924,23.497412,278.8128
1734,2025-09-10 06:00:00+05:30,12.413476,286.8585,24.10186,291.00687
1735,2025-09-10 07:00:00+05:30,10.449306,280.92276,22.437273,290.17953
1736,2025-09-10 08:00:00+05:30,11.003581,285.17297,16.053335,287.62238
1737,2025-09-10 09:00:00+05:30,12.3165245,296.93945,16.59225,298.51114
1738,2025-09-10 10:00:00+05:30,13.5,306.86996,17.935081,308.48022
1739,2025-09-10 11:00:00+05:30,13.633737,312.32452,17.835447,312.54593
1740,2025-09-10 12:00:00+05:30,13.690654,309.1304,17.769016,309.6569
1741,2025-09-10 13:00:00+05:30,13.33094,304.54843,17.326813,304.8458
1742,2025-09-10 14:00:00+05:30,13.849477,297.8972,17.885334,298.88647
1743,2025-09-10 15:00:00+05:30,15.629971,298.92633,21.120682,299.62366
1744,2025-09-10 16:00:00+05:30,15.2947035,296.56497,22.140732,297.6066
1745,2025-09-10 17:00:00+05:30,11.503113,290.13638,20.46941,293.86017
1746,2025-09-10 18:00:00+05:30,8.227004,280.08054,18.214718,288.43503
1747,2025-09-10 19:00:00+05:30,8.297589,266.26868,18.687086,277.1934
1748,2025-09-10 20:00:00+05:30,8.849339,265.33322,19.898752,275.7105
1749,2025-09-10 21:00:00+05:30,10.4166975,260.04944,22.142927,269.06845
1750,2025-09-10 22:00:00+05:30,10.873252,263.34567,23.040703,270.4476
1751,2025-09-10 23:00:00+05:30,9.979859,262.7469,21.78,270.0
1752,2025-09-11 00:00:00+05:30,10.446206,268.02512,22.366402,273.6913
1753,2025-09-11 01:00:00+05:30,10.6261,271.94144,22.862125,277.23682
1754,2025-09-11 02:00:00+05:30,11.157096,280.2221,23.444958,284.67642
1755,2025-09-11 03:00:00+05:30,11.631956,291.80148,24.32665,294.47903
1756,2025-09-11 04:00:00+05:30,12.739371,293.3049,25.59863,296.74515
1757,2025-09-11 05:00:00+05:30,13.049689,294.44394,26.082613,297.09546
1758,2025-09-11 06:00:00+05:30,13.040997,296.2113,24.882353,298.048
1759,2025-09-11 07:00:00+05:30,11.566313,290.97357,25.12016,295.46332
1760,2025-09-11 08:00:00+05:30,12.864649,287.928,18.455048,290.55612
1761,2025-09-11 09:00:00+05:30,14.30632,291.39987,19.357323,292.98874
1762,2025-09-11 10:00:00+05:30,14.356058,300.10123,19.08,301.89075
1763,2025-09-11 11:00:00+05:30,12.88981,305.9098,16.956343,307.23492
1764,2025-09-11 12:00:00+05:30,12.413477,299.5387,16.299694,300.52963
1765,2025-09-11 13:00:00+05:30,12.647482,294.37646,16.746773,295.46332
1766,2025-09-11 14:00:00+05:30,13.125196,295.15927,17.38934,295.76926
1767,2025-09-11 15:00:00+05:30,13.141232,293.4047,19.008547,294.62354
1768,2025-09-11 16:00:00+05:30,10.028439,291.03757,17.088627,293.59482
1769,2025-09-11 17:00:00+05:30,7.555712,282.38074,15.710607,288.01987
1770,2025-09-11 18:00:00+05:30,6.320538,289.9832,16.260885,296.28134
1771,2025-09-11 19:00:00+05:30,10.004178,278.27582,22.315643,282.57892
1772,2025-09-11 20:00:00+05:30,9.224011,275.59924,21.513577,279.147
1773,2025-09-11 21:00:00+05:30,7.7420926,268.66782,18.367939,271.68463
1774,2025-09-11 22:00:00+05:30,8.149847,263.6599,18.540874,269.44376
1775,2025-09-11 23:00:00+05:30,6.5693827,260.53775,16.215992,267.45526
1776,2025-09-12 00:00:00+05:30,6.5049515,255.5792,15.697197,266.0549
1777,2025-09-12 01:00:00+05:30,7.5685663,267.27374,17.339897,274.76355
1778,2025-09-12 02:00:00+05:30,8.865799,275.82623,19.820442,283.65765
1779,2025-09-12 03:00:00+05:30,8.909545,278.13,20.208958,287.6281
1780,2025-09-12 04:00:00+05:30,9.6932955,285.06854,21.603,293.5747
1781,2025-09-12 05:00:00+05:30,10.399576,293.45905,22.66142,300.02704
1782,2025-09-12 06:00:00+05:30,11.7,300.51016,22.768396,304.69522
1783,2025-09-12 07:00:00+05:30,10.304114,297.01257,22.222528,305.10614
1784,2025-09-12 08:00:00+05:30,10.484903,304.50858,14.941083,306.17972
1785,2025-09-12 09:00:00+05:30,11.778658,321.20343,15.661035,322.4715
1786,2025-09-12 10:00:00+05:30,10.883676,325.78424,14.233664,327.91785
1787,2025-09-12 11:00:00+05:30,7.928177,320.52756,10.152064,322.92685
1788,2025-09-12 12:00:00+05:30,6.9153743,308.65982,8.688613,309.9575
1789,2025-09-12 13:00:00+05:30,6.792466,302.00534,8.490582,302.00534
1790,2025-09-12 14:00:00+05:30,8.827344,309.20718,11.272657,308.51697
1791,2025-09-12 15:00:00+05:30,9.688281,305.1665,12.708815,307.5192
1792,2025-09-12 16:00:00+05:30,10.30883,294.77512,14.092978,298.20154
1793,2025-09-12 17:00:00+05:30,7.5685663,272.72626,13.556282,280.71307
1794,2025-09-12 18:00:00+05:30,2.6208394,254.05453,7.0911775,293.9625
1795,2025-09-12 19:00:00+05:30,3.4763772,248.74942,7.989243,284.34937
1796,2025-09-12 20:00:00+05:30,5.4744864,260.53775,12.961249,279.59305
1797,2025-09-12 21:00:00+05:30,5.9644947,264.80566,14.739132,278.42688
1798,2025-09-12 22:00:00+05:30,5.7628117,271.78986,15.027575,276.1885
1799,2025-09-12 23:00:00+05:30,5.8048253,277.1249,15.048042,276.8699
1800,2025-09-13 00:00:00+05:30,6.037383,280.30478,15.934829,283.72232
1801,2025-09-13 01:00:00+05:30,5.1197267,280.1246,14.84318,292.83368
1802,2025-09-13 02:00:00+05:30,5.315336,298.30066,14.761098,307.56866
1803,2025-09-13 03:00:00+05:30,5.1919937,303.6901,14.14232,317.5792
1804,2025-09-13 04:00:00+05:30,3.693291,313.0251,10.934166,327.09476
1805,2025-09-13 05:00:00+05:30,3.244996,326.3099,9.12513,337.98865
1806,2025-09-13 06:00:00+05:30,5.3426957,302.61923,14.291592,310.91428
1807,2025-09-13 07:00:00+05:30,5.3699164,283.57043,13.5,306.86996
1808,2025-09-13 08:00:00+05:30,5.815978,291.80148,9.044888,301.15924
1809,2025-09-13 09:00:00+05:30,7.127636,315.0001,9.299225,317.35333
1810,2025-09-13 10:00:00+05:30,5.7964473,334.2307,7.329338,335.32315
1811,2025-09-13 11:00:00+05:30,6.5520988,339.07544,7.8583965,339.90466
1812,2025-09-13 12:00:00+05:30,6.6087217,330.64233,8.217153,331.1893
1813,2025-09-13 13:00:00+05:30,6.696387,323.74606,8.244708,323.88055
1814,2025-09-13 14:00:00+05:30,7.1321807,317.0454,8.92408,318.27057
1815,2025-09-13 15:00:00+05:30,7.6367526,315.0001,9.931042,316.46872
1816,2025-09-13 16:00:00+05:30,7.8149853,308.45374,11.091564,311.71066
1817,2025-09-13 17:00:00+05:30,6.037383,296.56497,12.387348,305.53775
1818,2025-09-13 18:00:00+05:30,5.854844,315.0001,14.544401,323.55545
1819,2025-09-13 19:00:00+05:30,7.2,323.13,16.74387,333.15958
1820,2025-09-13 20:00:00+05:30,7.029225,320.1945,16.836496,331.24298
1821,2025-09-13 21:00:00+05:30,5.495161,301.60745,12.031756,321.07245
1822,2025-09-13 22:00:00+05:30,6.299999,306.86996,12.886039,318.96475
1823,2025-09-13 23:00:00+05:30,5.0975285,312.1375,10.742848,328.70703
1824,2025-09-14 00:00:00+05:30,5.441838,304.21576,10.134495,326.59216
1825,2025-09-14 01:00:00+05:30,3.8773184,291.80148,7.538541,326.68936
1826,2025-09-14 02:00:00+05:30,3.219938,296.56497,5.7515564,339.8636
1827,2025-09-14 03:00:00+05:30,4.8965297,306.02747,7.6579366,330.42227
1828,2025-09-14 04:00:00+05:30,4.3536186,299.74478,7.8149853,321.54626
1829,2025-09-14 05:00:00+05:30,4.7928696,304.28693,8.942214,319.89914
1830,2025-09-14 06:00:00+05:30,4.39436,304.9921,7.2649574,311.98712
1831,2025-09-14 07:00:00+05:30,4.5536795,288.43503,6.804381,307.47626
1832,2025-09-14 08:00:00+05:30,3.319036,310.60123,4.965521,316.46872
1833,2025-09-14 09:00:00+05:30,2.5772078,347.90527,3.462369,351.02744
1834,2025-09-14 10:00:00+05:30,2.3400002,337.3801,3.189608,343.61038
1835,2025-09-14 11:00:00+05:30,1.8,323.13,2.50064,329.74365
1836,2025-09-14 12:00:00+05:30,2.2768397,288.43503,2.7416782,293.1986
1837,2025-09-14 13:00:00+05:30,3.536439,255.2564,4.353619,262.8751
1838,2025-09-14 14:00:00+05:30,4.6834598,272.20255,5.8298883,278.88058
1839,2025-09-14 15:00:00+05:30,5.5829024,271.84756,7.0774574,277.30566
1840,2025-09-14 16:00:00+05:30,5.7176566,298.1785,7.995323,301.1849
1841,2025-09-14 17:00:00+05:30,5.983477,313.7812,12.768586,319.574
1842,2025-09-14 18:00:00+05:30,1.9386592,248.19853,5.5450516,283.13403
1843,2025-09-14 19:00:00+05:30,4.471107,310.10083,11.453715,329.80847
1844,2025-09-14 20:00:00+05:30,5.004518,322.3057,12.810386,340.29193
1845,2025-09-14 21:00:00+05:30,4.072935,315.0001,11.334285,339.55035
1846,2025-09-14 22:00:00+05:30,3.4763772,291.25058,9.144637,323.8067
1847,2025-09-14 23:00:00+05:30,1.4512063,262.8751,5.0432134,325.17545
1848,2025-09-15 00:00:00+05:30,2.1897945,260.53775,2.8460495,304.69522
1849,2025-09-15 01:00:00+05:30,2.7059932,266.186,2.9024127,277.1249
1850,2025-09-15 02:00:00+05:30,4.514377,265.42615,5.6920996,251.56496
1851,2025-09-15 03:00:00+05:30,5.4029994,268.09088,8.035746,254.40712
1852,2025-09-15 04:00:00+05:30,5.771239,273.57626,9.979859,262.7469
1853,2025-09-15 05:00:00+05:30,6.66,288.92474,13.4903965,288.6768
1854,2025-09-15 06:00:00+05:30,6.0347,287.3541,14.423605,299.12396
1855,2025-09-15 07:00:00+05:30,3.671294,258.6901,8.694204,297.09546
1856,2025-09-15 08:00:00+05:30,3.4247334,273.01273,6.5520988,290.92456
1857,2025-09-15 09:00:00+05:30,5.720489,257.27563,7.102591,261.2539
1858,2025-09-15 10:00:00+05:30,4.6834598,267.79745,5.771239,273.57626
1859,2025-09-15 11:00:00+05:30,6.4323244,342.072,7.587806,337.69376
1860,2025-09-15 12:00:00+05:30,4.1125174,23.198618,5.4656014,17.241547
1861,2025-09-15 13:00:00+05:30,1.4058449,320.1945,2.19718,325.0079
1862,2025-09-15 14:00:00+05:30,5.318383,336.0375,6.7853074,338.19852
1863,2025-09-15 15:00:00+05:30,6.114703,312.614,8.019601,315.90927
1864,2025-09-15 16:00:00+05:30,5.22,316.3971,6.7757506,320.38934
1865,2025-09-15 17:00:00+05:30,6.151683,290.55612,10.365251,290.3232
1866,2025-09-15 18:00:00+05:30,4.4456716,328.24057,12.69351,341.8219
1867,2025-09-15 19:00:00+05:30,0.0,270.0,4.1046314,37.875053
1868,2025-09-15 20:00:00+05:30,0.35999998,270.0,4.1046314,74.74483
1869,2025-09-15 21:00:00+05:30,1.484318,284.03625,3.4763772,68.74943
1870,2025-09-15 22:00:00+05:30,0.54,90.0,3.8141315,109.290146
1871,2025-09-15 23:00:00+05:30,7.247096,104.38144,14.009968,110.29765
1872,2025-09-16 00:00:00+05:30,3.148714,149.03632,9.587428,140.3322
1873,2025-09-16 01:00:00+05:30,3.096837,215.53777,8.43699,168.92984
1874,2025-09-16 02:00:00+05:30,5.0432134,214.82455,9.56713,191.94415
1875,2025-09-16 03:00:00+05:30,5.004518,232.3057,11.48761,215.4334
1876,2025-09-16 04:00:00+05:30,4.0249224,259.69522,8.43699,236.3099
1877,2025-09-16 05:00:00+05:30,6.28713,256.75946,9.224011,252.97939
1878,2025-09-16 06:00:00+05:30,3.096837,234.46223,7.289444,290.22495
1879,2025-09-16 07:00:00+05:30,8.133928,114.86367,12.409561,113.962494
1880,2025-09-16 08:00:00+05:30,5.3699164,166.42955,5.6835546,169.04597
1881,2025-09-16 09:00:00+05:30,5.950899,176.53185,7.040739,175.60138
1882,2025-09-16 10:00:00+05:30,5.6233797,230.19447,6.7397914,235.88548
1883,2025-09-16 11:00:00+05:30,5.7628117,255.52966,6.924738,261.02747
1884,2025-09-16 12:00:00+05:30,5.5216303,289.0257,6.689125,293.80594
1885,2025-09-16 13:00:00+05:30,4.724786,287.74475,5.7204895,294.14554
1886,2025-09-16 14:00:00+05:30,6.1858225,351.63422,7.42159,345.9637
1887,2025-09-16 15:00:00+05:30,10.661107,101.68935,14.133153,96.581856
1888,2025-09-16 16:00:00+05:30,2.1674871,228.36655,3.0758414,249.44386
1889,2025-09-16 17:00:00+05:30,4.669604,207.55272,6.3639607,208.7397
1890,2025-09-16 18:00:00+05:30,2.2768397,251.56496,1.8792552,343.3007
1891,2025-09-16 19:00:00+05:30,0.40249225,243.43501,3.7842832,92.72626
1892,2025-09-16 20:00:00+05:30,1.08,360.0,5.2694216,82.14678
1893,2025-09-16 21:00:00+05:30,2.5582807,140.71062,8.139901,125.095894
1894,2025-09-16 22:00:00+05:30,3.143565,193.24052,8.766573,160.82089
1895,2025-09-16 23:00:00+05:30,2.50064,210.25635,8.049845,169.6952
1896,2025-09-17 00:00:00+05:30,2.8799999,270.0,5.3999996,216.86998
1897,2025-09-17 01:00:00+05:30,10.587918,234.6887,19.48079,238.21913
1898,2025-09-17 02:00:00+05:30,8.856658,232.43134,16.443172,228.10611
1899,2025-09-17 03:00:00+05:30,8.92408,228.27058,16.932442,226.29208
1900,2025-09-17 04:00:00+05:30,6.542201,277.90707,14.941085,269.30975
1901,2025-09-17 05:00:00+05:30,5.223103,271.97488,12.261158,273.3664
1902,2025-09-17 06:00:00+05:30,6.424764,258.6901,14.068817,266.33228
1903,2025-09-17 07:00:00+05:30,5.154415,294.77512,12.224107,283.627
1904,2025-09-17 08:00:00+05:30,4.613762,290.55612,7.0911775,293.9625
1905,2025-09-17 09:00:00+05:30,4.514377,274.57382,5.896202,282.33908
1906,2025-09-17 10:00:00+05:30,6.4924874,313.87677,8.404285,316.73566
1907,2025-09-17 11:00:00+05:30,7.1321807,312.9546,9.037721,315.80682
1908,2025-09-17 12:00:00+05:30,8.435069,320.1945,10.373061,321.34018
1909,2025-09-17 13:00:00+05:30,10.931203,342.75845,13.83192,341.80075
1910,2025-09-17 14:00:00+05:30,12.483748,331.58743,16.365158,330.33337
1911,2025-09-17 15:00:00+05:30,10.474082,340.9422,13.433838,342.0505
1912,2025-09-17 16:00:00+05:30,8.557102,337.75092,11.230904,338.36905
1913,2025-09-17 17:00:00+05:30,5.5216303,340.9743,9.172938,344.05453
1914,2025-09-17 18:00:00+05:30,6.87779,6.0089183,14.490838,6.418702
1915,2025-09-17 19:00:00+05:30,2.4482646,17.102825,7.229191,18.886187
1916,2025-09-17 20:00:00+05:30,1.1384199,108.43504,3.4763772,68.74943
1917,2025-09-17 21:00:00+05:30,1.4058449,140.19447,3.550155,120.46546
1918,2025-09-17 22:00:00+05:30,3.7585104,196.69933,7.2,180.0
1919,2025-09-17 23:00:00+05:30,3.710795,202.8337,9.854075,189.46225
1920,2025-09-18 00:00:00+05:30,2.9301877,227.4896,7.8954163,204.22774
1921,2025-09-18 01:00:00+05:30,3.319036,257.4712,8.067936,231.34016
1922,2025-09-18 02:00:00+05:30,3.4763772,291.25058,7.3997297,265.81516
1923,2025-09-18 03:00:00+05:30,3.319036,40.601215,4.452954,14.036275
1924,2025-09-18 04:00:00+05:30,6.698806,329.30035,13.8049555,337.78235
1925,2025-09-18 05:00:00+05:30,8.6867485,325.9806,14.88242,327.84772
1926,2025-09-18 06:00:00+05:30,6.2483597,281.6336,13.403656,284.78278
1927,2025-09-18 07:00:00+05:30,4.846648,328.67136,8.287822,325.6196
1928,2025-09-18 08:00:00+05:30,3.710795,14.036275,4.913044,8.426887
1929,2025-09-18 09:00:00+05:30,4.293669,303.02386,5.5916004,303.17853
1930,2025-09-18 10:00:00+05:30,5.004518,307.6943,6.269067,309.17365
1931,2025-09-18 11:00:00+05:30,5.293959,324.6887,6.8423676,324.63745
1932,2025-09-18 12:00:00+05:30,5.728979,313.72705,7.0107627,318.12222
1933,2025-09-18 13:00:00+05:30,7.2403865,325.1246,8.9873905,327.26477
1934,2025-09-18 14:00:00+05:30,18.606289,257.7117,26.525429,262.1999
1935,2025-09-18 15:00:00+05:30,8.707238,262.8751,11.701385,269.11862
1936,2025-09-18 16:00:00+05:30,8.139901,251.96562,10.5234585,257.15228
1937,2025-09-18 17:00:00+05:30,5.720489,257.27563,7.9932976,262.23492
1938,2025-09-18 18:00:00+05:30,3.693291,223.02507,9.12513,247.98866
1939,2025-09-18 19:00:00+05:30,4.510787,241.38963,10.028439,248.96242
1940,2025-09-18 20:00:00+05:30,4.669604,297.55273,11.028581,296.1468
1941,2025-09-18 21:00:00+05:30,3.6447225,302.90524,9.313152,311.08167
1942,2025-09-18 22:00:00+05:30,2.7534704,281.3099,7.0407386,302.47116
1943,2025-09-18 23:00:00+05:30,3.143565,293.6294,8.067936,308.65982
1944,2025-09-19 00:00:00+05:30,3.2399998,270.0,7.6473517,296.56497
1945,2025-09-19 01:00:00+05:30,3.710795,255.96373,8.197414,278.84174
1946,2025-09-19 02:00:00+05:30,4.5322843,263.15732,10.172787,283.29858
1947,2025-09-19 03:00:00+05:30,5.4744864,260.53775,11.013882,281.3099
1948,2025-09-19 04:00:00+05:30,6.6624317,268.45187,14.584443,282.8356
1949,2025-09-19 05:00:00+05:30,5.7628117,271.78986,13.723745,286.7713
1950,2025-09-19 06:00:00+05:30,8.225035,293.1986,17.081041,298.99585
1951,2025-09-19 07:00:00+05:30,8.373386,295.46332,17.906157,300.17343
1952,2025-09-19 08:00:00+05:30,8.305396,299.8988,11.792404,301.26367
1953,2025-09-19 09:00:00+05:30,7.388775,304.07724,9.437563,304.90256
1954,2025-09-19 10:00:00+05:30,6.59154,304.9921,8.3520775,307.11694
1955,2025-09-19 11:00:00+05:30,8.6867485,304.01938,10.83893,305.53775
1956,2025-09-19 12:00:00+05:30,9.82114,311.2846,12.616702,312.10864
1957,2025-09-19 13:00:00+05:30,11.203464,313.69812,14.383114,314.49304
1958,2025-09-19 14:00:00+05:30,13.551501,320.38934,17.794525,321.15915
1959,2025-09-19 15:00:00+05:30,13.5012,317.1611,18.372349,318.9726
1960,2025-09-19 16:00:00+05:30,10.495713,329.03632,15.543706,331.6544
1961,2025-09-19 17:00:00+05:30,6.0908127,341.02948,14.36621,344.7448
1962,2025-09-19 18:00:00+05:30,0.6489992,123.690094,5.6492476,22.47948
1963,2025-09-19 19:00:00+05:30,0.6489992,236.3099,3.7971036,354.55975
1964,2025-09-19 20:00:00+05:30,0.6489992,213.6901,1.26,360.0
1965,2025-09-19 21:00:00+05:30,3.06,270.0,4.175069,277.4313
1966,2025-09-19 22:00:00+05:30,7.2022495,271.43207,11.252519,277.3523
1967,2025-09-19 23:00:00+05:30,4.8899083,276.3401,11.770403,293.4287
1968,2025-09-20 00:00:00+05:30,5.020677,284.5345,13.089354,301.5042
1969,2025-09-20 01:00:00+05:30,3.8268526,311.18582,10.946013,315.0001
1970,2025-09-20 02:00:00+05:30,3.01735,252.64589,8.0599,299.42737
1971,2025-09-20 03:00:00+05:30,4.3832865,250.82089,9.172938,285.94547
1972,2025-09-20 04:00:00+05:30,6.302571,271.63654,12.466867,287.6502
1973,2025-09-20 05:00:00+05:30,7.1661706,281.59213,14.978986,290.39496
1974,2025-09-20 06:00:00+05:30,6.379216,286.38962,14.356058,300.10123
1975,2025-09-20 07:00:00+05:30,6.9899354,281.88864,14.386494,301.7014
1976,2025-09-20 08:00:00+05:30,5.7515564,290.13638,12.961249,307.66568
1977,2025-09-20 09:00:00+05:30,5.6233797,309.8055,8.149847,313.2101
1978,2025-09-20 10:00:00+05:30,7.5213294,338.9624,9.627896,339.1931
1979,2025-09-20 11:00:00+05:30,9.734987,340.55988,12.522619,341.56494
1980,2025-09-20 12:00:00+05:30,10.3621235,342.824,13.723745,343.2287
1981,2025-09-20 13:00:00+05:30,11.165805,339.22766,14.474059,338.8601
1982,2025-09-20 14:00:00+05:30,10.483357,344.05453,13.845967,344.15686
1983,2025-09-20 15:00:00+05:30,11.953409,341.56494,16.56489,340.9743
1984,2025-09-20 16:00:00+05:30,12.267763,337.5741,18.98552,338.29938
1985,2025-09-20 17:00:00+05:30,5.7176566,331.8215,13.854155,335.43283
1986,2025-09-20 18:00:00+05:30,2.968636,284.03625,8.297589,319.39877
1987,2025-09-20 19:00:00+05:30,5.3699164,256.42953,11.013882,281.3099
1988,2025-09-20 20:00:00+05:30,5.8048253,262.8751,12.992458,280.3758
1989,2025-09-20 21:00:00+05:30,6.6624317,271.54813,15.629972,277.9434
1990,2025-09-20 22:00:00+05:30,6.6697226,273.094,15.779544,281.1817
1991,2025-09-20 23:00:00+05:30,8.049845,259.69522,17.823635,268.84268
1992,2025-09-21 00:00:00+05:30,6.603817,252.55272,15.986595,262.23492
1993,2025-09-21 01:00:00+05:30,7.689603,253.68607,16.454008,259.91946
1994,2025-09-21 02:00:00+05:30,9.181765,271.1233,19.781172,277.3189
1995,2025-09-21 03:00:00+05:30,9.007196,272.29056,19.983242,277.76508
1996,2025-09-21 04:00:00+05:30,8.836514,273.50345,20.12461,280.30478
1997,2025-09-21 05:00:00+05:30,9.0645685,276.84268,20.844278,286.55716
1998,2025-09-21 06:00:00+05:30,10.196647,290.6745,21.096123,295.2531
1999,2025-09-21 07:00:00+05:30,9.904906,289.0936,21.493237,296.3504
2000,2025-09-21 08:00:00+05:30,9.901636,297.0308,14.423605,299.12396
2001,2025-09-21 09:00:00+05:30,10.075177,311.37842,13.379461,312.27362
2002,2025-09-21 10:00:00+05:30,9.361731,322.02835,12.096214,323.47104
2003,2025-09-21 11:00:00+05:30,9.9408245,328.3246,12.74954,329.4525
2004,2025-09-21 12:00:00+05:30,11.1090765,333.01984,14.328949,333.11313
2005,2025-09-21 13:00:00+05:30,11.368535,336.68225,14.913952,336.529
2006,2025-09-21 14:00:00+05:30,12.011544,340.75037,15.94804,339.51956
2007,2025-09-21 15:00:00+05:30,11.620809,343.8107,16.224981,342.57004
2008,2025-09-21 16:00:00+05:30,8.777653,344.53873,15.108211,344.8047
2009,2025-09-21 17:00:00+05:30,6.7205353,339.62347,16.685717,339.80557
2010,2025-09-21 18:00:00+05:30,6.28713,346.75946,15.215058,349.08893
2011,2025-09-21 19:00:00+05:30,3.2846913,350.53775,9.926147,4.1595626
2012,2025-09-21 20:00:00+05:30,2.0523157,322.12494,7.841888,9.246045
2013,2025-09-21 21:00:00+05:30,2.7059932,273.814,5.154415,335.22488
2014,2025-09-21 22:00:00+05:30,3.8183763,261.87,4.896529,287.1028
2015,2025-09-21 23:00:00+05:30,4.5891175,258.6901,5.6920996,251.56496
2016,2025-09-22 00:00:00+05:30,5.4833565,246.80138,9.703319,229.51407
2017,2025-09-22 01:00:00+05:30,5.6920996,251.56496,10.908951,232.3737
2018,2025-09-22 02:00:00+05:30,6.341009,263.4803,12.413476,253.14151
2019,2025-09-22 03:00:00+05:30,4.6834598,272.20255,10.694485,276.76608
2020,2025-09-22 04:00:00+05:30,5.2478566,264.09396,11.043261,289.0257
2021,2025-09-22 05:00:00+05:30,7.2,270.0,16.981165,291.1248
2022,2025-09-22 06:00:00+05:30,6.522361,309.40063,16.325514,325.78424
2023,2025-09-22 07:00:00+05:30,7.388775,304.07724,14.477417,321.56268
2024,2025-09-22 08:00:00+05:30,6.2405767,303.23172,12.98248,315.0001
2025,2025-09-22 09:00:00+05:30,7.256032,313.995,9.686609,318.01288
2026,2025-09-22 10:00:00+05:30,8.78872,325.0079,11.638917,328.27643
2027,2025-09-22 11:00:00+05:30,11.885453,324.86572,15.528064,325.3888
2028,2025-09-22 12:00:00+05:30,13.130133,331.32693,17.238699,331.29416
2029,2025-09-22 13:00:00+05:30,13.864674,330.43973,18.463821,330.1859
2030,2025-09-22 14:00:00+05:30,13.479583,325.8855,18.42166,326.15463
2031,2025-09-22 15:00:00+05:30,12.638512,324.27252,18.183563,324.26443
2032,2025-09-22 16:00:00+05:30,12.16832,330.78085,20.94507,331.23245
2033,2025-09-22 17:00:00+05:30,9.360001,337.3801,20.757051,338.10626
2034,2025-09-22 18:00:00+05:30,7.889259,332.8504,19.963776,333.20398
2035,2025-09-22 19:00:00+05:30,5.402999,330.01843,13.60519,334.113
2036,2025-09-22 20:00:00+05:30,3.0652893,319.7637,9.83268,336.2505
2037,2025-09-22 21:00:00+05:30,4.14,270.0,8.688613,309.9575
2038,2025-09-22 22:00:00+05:30,5.771239,266.42374,11.113451,294.90472
2039,2025-09-22 23:00:00+05:30,7.3799996,270.0,16.171976,286.8215
2040,2025-09-23 00:00:00+05:30,6.424764,281.3099,16.434305,298.8107
2041,2025-09-23 01:00:00+05:30,7.0199995,292.6199,17.86449,310.91428
2042,2025-09-23 02:00:00+05:30,8.099999,306.86996,20.015644,318.28098
2043,2025-09-23 03:00:00+05:30,8.027678,312.27362,20.128637,321.90027
2044,2025-09-23 04:00:00+05:30,8.320986,308.8534,19.777897,319.05945
2045,2025-09-23 05:00:00+05:30,8.6867485,304.01938,20.110117,315.0001
2046,2025-09-23 06:00:00+05:30,9.473541,321.17017,20.436144,328.6901
2047,2025-09-23 07:00:00+05:30,10.195057,317.86246,20.12944,328.1576
2048,2025-09-23 08:00:00+05:30,8.55142,319.26797,13.789691,324.0275
2049,2025-09-23 09:00:00+05:30,9.835975,325.4374,13.184308,327.8288
2050,2025-09-23 10:00:00+05:30,14.81259,334.05774,19.976757,335.51334
2051,2025-09-23 11:00:00+05:30,17.193533,340.4268,23.175304,340.0168
2052,2025-09-23 12:00:00+05:30,16.38,337.3801,22.029236,337.4161
2053,2025-09-23 13:00:00+05:30,16.78156,337.28555,22.26477,337.1663
2054,2025-09-23 14:00:00+05:30,15.779543,339.29086,21.93121,339.3338
2055,2025-09-23 15:00:00+05:30,12.641076,340.0168,18.731247,340.3461
2056,2025-09-23 16:00:00+05:30,10.158444,330.25522,18.463821,330.1859
2057,2025-09-23 17:00:00+05:30,9.167638,316.5911,20.381372,321.8143
2058,2025-09-23 18:00:00+05:30,8.29173,332.87878,19.488274,338.8864
2059,2025-09-23 19:00:00+05:30,8.297589,347.4712,20.27059,350.2868
2060,2025-09-23 20:00:00+05:30,7.0107627,330.8026,18.731247,340.3461
2061,2025-09-23 21:00:00+05:30,6.522361,320.59937,16.712881,337.85477
2062,2025-09-23 22:00:00+05:30,8.891343,301.75943,18.745079,318.50363
2063,2025-09-23 23:00:00+05:30,8.805294,310.8553,20.972897,320.57224
2064,2025-09-24 00:00:00+05:30,9.292255,328.46524,21.65468,333.861
2065,2025-09-24 01:00:00+05:30,7.8954163,316.8476,19.233065,328.39255
2066,2025-09-24 02:00:00+05:30,7.4520864,307.14676,18.218275,322.22424
2067,2025-09-24 03:00:00+05:30,8.139901,305.0959,19.523983,319.1123
2068,2025-09-24 04:00:00+05:30,8.714677,308.2902,20.240198,321.49933
2069,2025-09-24 05:00:00+05:30,10.337078,305.07382,22.531656,315.97092
2070,2025-09-24 06:00:00+05:30,9.139322,302.12497,20.371038,313.56796
2071,2025-09-24 07:00:00+05:30,11.923557,298.88647,22.979452,310.55252
2072,2025-09-24 08:00:00+05:30,12.348052,300.6772,22.517992,309.1605
2073,2025-09-24 09:00:00+05:30,15.580141,310.31403,21.407139,312.27362
2074,2025-09-24 10:00:00+05:30,17.571909,316.66025,23.962318,318.04486
2075,2025-09-24 11:00:00+05:30,18.689688,331.21347,25.200642,332.33685
2076,2025-09-24 12:00:00+05:30,17.655605,336.5713,23.77772,336.34576
2077,2025-09-24 13:00:00+05:30,16.56489,340.9743,22.206486,340.09616
2078,2025-09-24 14:00:00+05:30,17.244337,346.1088,23.63764,343.635
2079,2025-09-24 15:00:00+05:30,15.677576,347.39984,22.528782,345.1865
2080,2025-09-24 16:00:00+05:30,12.324414,353.29025,20.568888,351.44452
2081,2025-09-24 17:00:00+05:30,9.292255,338.40463,20.224983,339.14545
2082,2025-09-24 18:00:00+05:30,5.7964473,334.2307,14.408997,347.00537
2083,2025-09-24 19:00:00+05:30,6.763786,334.79892,16.572712,351.2539
2084,2025-09-24 20:00:00+05:30,6.6818557,332.74475,17.202011,346.69083
2085,2025-09-24 21:00:00+05:30,6.3639607,298.7397,15.013554,322.3057
2086,2025-09-24 22:00:00+05:30,6.0347,287.3541,13.184308,308.90414
2087,2025-09-24 23:00:00+05:30,6.6185193,292.3802,14.25641,307.30402
2088,2025-09-25 00:00:00+05:30,5.495161,301.60745,13.493999,313.91916
2089,2025-09-25 01:00:00+05:30,6.015878,308.92755,13.5,323.13
2090,2025-09-25 02:00:00+05:30,8.161764,318.57642,18.043148,331.38962
2091,2025-09-25 03:00:00+05:30,8.53815,325.30478,19.42833,336.52258
2092,2025-09-25 04:00:00+05:30,9.585739,325.71307,20.78123,335.43283
2093,2025-09-25 05:00:00+05:30,8.942214,319.89914,19.240644,332.71588
2094,2025-09-25 06:00:00+05:30,9.0,323.13,18.837322,333.92468
2095,2025-09-25 07:00:00+05:30,10.855358,319.70792,21.611996,330.01843
2096,2025-09-25 08:00:00+05:30,10.009036,322.3057,15.3264475,326.49655
2097,2025-09-25 09:00:00+05:30,11.545284,329.03632,15.472672,330.75128
2098,2025-09-25 10:00:00+05:30,13.971757,345.06854,18.3794,345.82764
2099,2025-09-25 11:00:00+05:30,15.506141,350.6471,20.568888,351.44452
2100,2025-09-25 12:00:00+05:30,15.385525,353.956,20.47416,353.4374
2101,2025-09-25 13:00:00+05:30,15.676542,357.3676,20.558647,356.48633
2102,2025-09-25 14:00:00+05:30,14.761098,359.30133,19.627428,358.4235
2103,2025-09-25 15:00:00+05:30,14.154915,352.69434,19.424158,352.54578
2104,2025-09-25 16:00:00+05:30,12.93247,351.1933,20.240997,350.78906
2105,2025-09-25 17:00:00+05:30,11.543881,349.21573,22.027763,348.6901
2106,2025-09-25 18:00:00+05:30,8.2584505,339.59003,19.639805,342.3953
2107,2025-09-25 19:00:00+05:30,9.984729,326.0234,22.218153,333.01984
2108,2025-09-25 20:00:00+05:30,9.913082,330.64233,22.59699,337.5205
2109,2025-09-25 21:00:00+05:30,9.82279,346.21838,22.282953,350.2334
2110,2025-09-25 22:00:00+05:30,7.8583965,339.90466,18.852798,349.5484
2111,2025-09-25 23:00:00+05:30,6.6818557,332.74475,16.770939,347.60458
2112,2025-09-26 00:00:00+05:30,6.6185193,337.6198,15.941944,353.517
2113,2025-09-26 01:00:00+05:30,7.5685663,334.65387,16.985935,350.23828
2114,2025-09-26 02:00:00+05:30,8.217153,331.1893,18.644558,344.89038
2115,2025-09-26 03:00:00+05:30,10.650465,329.53452,21.868332,339.77505
2116,2025-09-26 04:00:00+05:30,11.207801,330.14108,22.944881,340.2856
2117,2025-09-26 05:00:00+05:30,10.711135,335.15762,22.134876,345.39868
2118,2025-09-26 06:00:00+05:30,10.814989,341.56494,21.791153,352.40543
2119,2025-09-26 07:00:00+05:30,11.113451,335.09525,22.240019,348.32632
2120,2025-09-26 08:00:00+05:30,10.759423,342.47433,16.024044,345.02707
2121,2025-09-26 09:00:00+05:30,11.792404,347.66092,15.745627,349.46088
2122,2025-09-26 10:00:00+05:30,13.917154,5.19435,18.268892,5.6543355
2123,2025-09-26 11:00:00+05:30,14.589996,2.1210518,19.110542,3.2396317
2124,2025-09-26 12:00:00+05:30,14.634343,355.06085,19.121557,356.22186
2125,2025-09-26 13:00:00+05:30,15.206537,353.88458,19.898752,354.2895
2126,2025-09-26 14:00:00+05:30,16.520823,348.6901,22.137074,349.69522
2127,2025-09-26 15:00:00+05:30,17.935081,349.59235,25.182636,350.53775
2128,2025-09-26 16:00:00+05:30,15.048042,353.1301,23.912914,353.517
2129,2025-09-26 17:00:00+05:30,12.0720825,357.43628,23.042812,359.10486
2130,2025-09-26 18:00:00+05:30,8.885877,353.01904,20.532627,357.99048
2131,2025-09-26 19:00:00+05:30,8.553314,351.52893,19.263363,358.9292
2132,2025-09-26 20:00:00+05:30,8.338489,346.2637,19.201874,353.54126
2133,2025-09-26 21:00:00+05:30,8.759178,350.53775,19.460823,357.34937
2134,2025-09-26 22:00:00+05:30,9.582359,354.61078,20.596436,9.050647
2135,2025-09-26 23:00:00+05:30,10.446206,1.9748993,22.79684,15.572617
2136,2025-09-27 00:00:00+05:30,11.9140415,355.66776,24.295332,9.811189
2137,2025-09-27 01:00:00+05:30,12.620554,356.72958,25.125961,8.652461
2138,2025-09-27 02:00:00+05:30,12.800265,356.77554,25.325686,5.7105074
2139,2025-09-27 03:00:00+05:30,14.830076,5.572114,28.320127,9.881349
2140,2025-09-27 04:00:00+05:30,10.360559,97.98924,18.543495,91.11237
2141,2025-09-27 05:00:00+05:30,4.2366967,77.735245,12.362475,73.93995
2142,2025-09-27 06:00:00+05:30,5.634891,63.435013,13.543131,66.50142
2143,2025-09-27 07:00:00+05:30,5.5829024,339.22766,10.474082,19.057802
2144,2025-09-27 08:00:00+05:30,5.4477882,7.59456,8.197414,19.23077
2145,2025-09-27 09:00:00+05:30,6.037383,79.69521,8.083983,78.4399
2146,2025-09-27 10:00:00+05:30,10.285232,94.0141,13.339445,93.093994
2147,2025-09-27 11:00:00+05:30,11.578912,78.340744,15.111424,77.619255
2148,2025-09-27 12:00:00+05:30,13.70839,60.068577,18.06199,60.113564
2149,2025-09-27 13:00:00+05:30,16.431347,47.21968,21.928995,48.327496
2150,2025-09-27 14:00:00+05:30,18.204933,43.79825,24.310665,44.700054
2151,2025-09-27 15:00:00+05:30,19.494091,42.380398,27.256779,42.859097
2152,2025-09-27 16:00:00+05:30,16.966848,48.871357,24.231236,48.613983
2153,2025-09-27 17:00:00+05:30,13.633737,47.675488,22.06377,48.638287
2154,2025-09-27 18:00:00+05:30,11.720751,47.489597,21.139847,51.568737
2155,2025-09-27 19:00:00+05:30,11.919479,38.25447,22.022615,44.006626
2156,2025-09-27 20:00:00+05:30,15.7908325,46.8476,27.333935,49.80802
2157,2025-09-27 21:00:00+05:30,15.413928,47.366283,27.155552,51.458797
2158,2025-09-27 22:00:00+05:30,15.631007,54.845753,27.288855,59.03632
2159,2025-09-27 23:00:00+05:30,14.787414,58.43824,25.846144,62.1858
2160,2025-09-28 00:00:00+05:30,8.101999,88.727,16.068466,80.32671
2161,2025-09-28 01:00:00+05:30,4.5891175,11.3098955,9.793059,53.972538
2162,2025-09-28 02:00:00+05:30,13.237039,67.61982,22.74918,74.86411
2163,2025-09-28 03:00:00+05:30,9.801326,97.38595,18.789963,94.94588
2164,2025-09-28 04:00:00+05:30,12.791403,50.710617,23.11441,56.433662
2165,2025-09-28 05:00:00+05:30,9.391102,77.82856,18.710478,82.25975
2166,2025-09-28 06:00:00+05:30,12.273043,85.79472,21.966637,88.59141
2167,2025-09-28 07:00:00+05:30,14.764389,88.60285,22.319998,90.0
2168,2025-09-28 08:00:00+05:30,20.598795,95.01302,28.551426,95.06353
2169,2025-09-28 09:00:00+05:30,19.146112,99.19659,25.89311,99.200325
2170,2025-09-28 10:00:00+05:30,19.044306,97.057755,25.585974,97.27491
2171,2025-09-28 11:00:00+05:30,19.649702,93.15065,26.319422,93.1363
2172,2025-09-28 12:00:00+05:30,19.540573,95.81553,26.221373,95.51482
2173,2025-09-28 13:00:00+05:30,18.733839,92.20255,25.216064,92.045364
2174,2025-09-28 14:00:00+05:30,18.382044,87.19369,24.856298,87.92502
2175,2025-09-28 15:00:00+05:30,18.188019,88.29868,24.856298,87.92502
2176,2025-09-28 16:00:00+05:30,14.787414,93.48926,21.618742,92.385895
2177,2025-09-28 17:00:00+05:30,8.049845,100.30479,15.5843,96.63242
2178,2025-09-28 18:00:00+05:30,10.706596,63.00425,21.019962,65.19062
2179,2025-09-28 19:00:00+05:30,10.088033,74.47583,20.917982,74.52861
2180,2025-09-28 20:00:00+05:30,5.983477,105.7087,15.451717,98.03562
2181,2025-09-28 21:00:00+05:30,6.4799995,90.0,16.415567,93.77222
2182,2025-09-28 22:00:00+05:30,8.37532,98.65246,18.820976,102.70711
2183,2025-09-28 23:00:00+05:30,9.422101,96.581856,20.404411,101.70641
2184,2025-09-29 00:00:00+05:30,10.51576,96.88163,21.711462,101.962036
2185,2025-09-29 01:00:00+05:30,10.644379,93.87845,21.720413,99.54031
2186,2025-09-29 02:00:00+05:30,10.120098,95.10208,20.865253,100.43742
2187,2025-09-29 03:00:00+05:30,8.709098,108.06056,18.687086,110.8791
2188,2025-09-29 04:00:00+05:30,7.5942073,95.44024,16.568802,107.05705
2189,2025-09-29 05:00:00+05:30,7.579261,85.91447,16.368128,98.219124
2190,2025-09-29 06:00:00+05:30,6.502461,41.63345,12.108261,84.882774
2191,2025-09-29 07:00:00+05:30,10.094454,58.861095,15.882896,66.630875
2192,2025-09-29 08:00:00+05:30,7.458606,81.67444,10.120098,84.89793
2193,2025-09-29 09:00:00+05:30,9.636307,122.79953,12.348052,120.67721
2194,2025-09-29 10:00:00+05:30,7.5942082,121.42952,9.668195,118.9509
2195,2025-09-29 11:00:00+05:30,5.815978,111.801476,7.5213294,111.03758
2196,2025-09-29 12:00:00+05:30,6.778141,100.71308,8.790563,100.619606
2197,2025-09-29 13:00:00+05:30,7.570707,108.00426,9.621163,107.41806
2198,2025-09-29 14:00:00+05:30,7.7734165,95.31445,9.403169,95.49223
2199,2025-09-29 15:00:00+05:30,8.155807,22.036283,10.070353,28.855572
2200,2025-09-29 16:00:00+05:30,6.2405767,33.231728,8.287822,34.3804
2201,2025-09-29 17:00:00+05:30,5.441838,124.21575,8.953078,120.17343
2202,2025-09-29 18:00:00+05:30,7.229191,71.11382,13.943901,78.83517
2203,2025-09-29 19:00:00+05:30,4.323748,87.614105,11.35285,92.72626
2204,2025-09-29 20:00:00+05:30,3.9312592,105.945465,11.7,112.61991
2205,2025-09-29 21:00:00+05:30,4.278551,112.24908,12.081473,118.47411
2206,2025-09-29 22:00:00+05:30,3.9312592,105.945465,10.560341,119.62366
2207,2025-09-29 23:00:00+05:30,3.494968,145.49142,9.600937,149.589
2208,2025-09-30 00:00:00+05:30,3.2599385,83.659904,7.491114,125.21768
2209,2025-09-30 01:00:00+05:30,4.91634,113.749504,10.957846,132.33694
2210,2025-09-30 02:00:00+05:30,5.7204895,114.14554,12.387348,125.537766
2211,2025-09-30 03:00:00+05:30,3.143565,156.3706,10.1887,147.99466
2212,2025-09-30 04:00:00+05:30,5.506941,101.3099,12.904882,120.141304
2213,2025-09-30 05:00:00+05:30,12.124307,18.166054,19.05281,22.203527
2214,2025-09-30 06:00:00+05:30,4.7110505,226.54811,8.320986,218.85338
2215,2025-09-30 07:00:00+05:30,3.550155,300.46545,6.8989563,254.87593
2216,2025-09-30 08:00:00+05:30,2.995797,327.26477,4.1046314,322.12494
2217,2025-09-30 09:00:00+05:30,2.4149535,296.56497,2.9024127,299.74478
2218,2025-09-30 10:00:00+05:30,2.5772076,294.77512,3.148714,300.96368
2219,2025-09-30 11:00:00+05:30,1.5273507,315.0001,1.9134263,318.81415
2220,2025-09-30 12:00:00+05:30,1.5484185,54.46224,2.0364676,44.999897
2221,2025-09-30 13:00:00+05:30,2.5455842,98.13002,3.0652895,93.366394
2222,2025-09-30 14:00:00+05:30,2.9522195,127.568665,3.244996,123.6901
2223,2025-09-30 15:00:00+05:30,1.609969,243.43501,1.781909,224.9999
2224,2025-09-30 16:00:00+05:30,4.913044,278.42688,6.037383,280.30478
2225,2025-09-30 17:00:00+05:30,11.119281,240.94548,16.325514,235.78424
2226,2025-09-30 18:00:00+05:30,8.4963045,233.61555,14.787414,238.43823
2227,2025-09-30 19:00:00+05:30,5.9617786,241.11351,12.410866,250.51378
2228,2025-09-30 20:00:00+05:30,4.599695,239.42085,10.209348,260.8699
2229,2025-09-30 21:00:00+05:30,4.186693,244.5367,9.016185,266.56644
2230,2025-09-30 22:00:00+05:30,5.2478566,239.0363,10.310403,253.77974
2231,2025-09-30 23:00:00+05:30,5.994297,228.65231,12.535549,237.90744
2232,2025-10-01 00:00:00+05:30,6.7205353,249.62347,14.348156,250.20103
2233,2025-10-01 01:00:00+05:30,8.311245,252.3498,16.73516,251.1752
2234,2025-10-01 02:00:00+05:30,10.837435,258.50348,20.898611,259.07724
2235,2025-10-01 03:00:00+05:30,9.6480665,284.03625,19.274294,281.3099
2236,2025-10-01 04:00:00+05:30,8.905908,345.9637,16.85669,329.87576
2237,2025-10-01 05:00:00+05:30,7.353611,21.54104,14.118243,19.359097
2238,2025-10-01 06:00:00+05:30,4.3349743,48.366554,6.8777895,47.12111
2239,2025-10-01 07:00:00+05:30,3.8141315,109.290146,4.913044,98.42689
2240,2025-10-01 08:00:00+05:30,5.3517847,160.34608,6.9247384,152.10283
2241,2025-10-01 09:00:00+05:30,5.6233797,129.80553,6.623413,132.79738
2242,2025-10-01 10:00:00+05:30,5.9834766,173.08887,7.415038,174.4279
2243,2025-10-01 11:00:00+05:30,4.724786,220.36446,5.48631,221.00899
2244,2025-10-01 12:00:00+05:30,8.12197,257.19574,9.919618,258.4862
2245,2025-10-01 13:00:00+05:30,8.32877,263.79663,10.478722,265.07297
2246,2025-10-01 14:00:00+05:30,7.989243,284.34937,10.215693,284.28113
2247,2025-10-01 15:00:00+05:30,7.9220443,291.318,10.196647,290.6745
2248,2025-10-01 16:00:00+05:30,9.7565975,307.5042,12.961249,307.66568
2249,2025-10-01 17:00:00+05:30,4.6102495,321.34018,8.320986,321.1466
2250,2025-10-01 18:00:00+05:30,3.710795,292.83368,9.600937,300.411
2251,2025-10-01 19:00:00+05:30,2.9301877,317.4896,7.928177,320.52756
2252,2025-10-01 20:00:00+05:30,3.494968,325.4914,7.289444,339.77505
2253,2025-10-01 21:00:00+05:30,3.7064266,330.9455,7.102591,351.2539
2254,2025-10-01 22:00:00+05:30,3.4388947,317.1211,5.8048253,352.87506
2255,2025-10-01 23:00:00+05:30,2.1674871,274.76355,2.4014995,282.99463
2256,2025-10-02 00:00:00+05:30,15.137133,92.72626,25.025826,91.23638
2257,2025-10-02 01:00:00+05:30,3.8773184,68.19853,5.4029994,88.09089
2258,2025-10-02 02:00:00+05:30,2.5264204,94.08554,6.87779,83.99109
2259,2025-10-02 03:00:00+05:30,2.6999998,90.0,7.7420926,91.33219
2260,2025-10-02 04:00:00+05:30,2.4014995,102.99462,7.293888,105.75124
2261,2025-10-02 05:00:00+05:30,4.6730714,15.642312,8.654986,16.927603
2262,2025-10-02 06:00:00+05:30,1.1384199,288.43503,2.7475805,328.39255
2263,2025-10-02 07:00:00+05:30,2.0523157,15.255177,3.2399998,360.0
2264,2025-10-02 08:00:00+05:30,2.8856194,356.42374,3.964089,357.3975
2265,2025-10-02 09:00:00+05:30,3.671294,348.6901,4.7657523,349.11453
2266,2025-10-02 10:00:00+05:30,3.462369,8.97255,4.379589,9.462248
2267,2025-10-02 11:00:00+05:30,1.484318,165.96373,1.659518,167.4712
2268,2025-10-02 12:00:00+05:30,7.841887,58.134064,9.826088,61.55718
2269,2025-10-02 13:00:00+05:30,3.8141315,70.70986,4.942631,79.50858
2270,2025-10-02 14:00:00+05:30,5.692099,55.304783,7.193247,58.29862
2271,2025-10-02 15:00:00+05:30,5.983477,43.7812,7.519175,47.91091
2272,2025-10-02 16:00:00+05:30,8.0599,60.572647,10.404249,59.88635
2273,2025-10-02 17:00:00+05:30,7.3997297,41.054726,13.755579,42.878906
2274,2025-10-02 18:00:00+05:30,13.363711,62.744755,22.862123,63.8385
2275,2025-10-02 19:00:00+05:30,8.790563,79.380394,17.134071,80.93358
2276,2025-10-02 20:00:00+05:30,7.596341,76.29302,16.204998,77.81636
2277,2025-10-02 21:00:00+05:30,6.6087217,60.64234,15.3686695,71.564964
2278,2025-10-02 22:00:00+05:30,6.269067,39.173653,14.926983,56.309914
2279,2025-10-02 23:00:00+05:30,10.486448,39.427776,20.793701,48.86084
2280,2025-10-03 00:00:00+05:30,11.5887,46.888172,21.744267,53.414597
2281,2025-10-03 01:00:00+05:30,10.8792095,51.044094,21.068459,56.852993
2282,2025-10-03 02:00:00+05:30,10.185519,43.567978,19.734436,51.666626
2283,2025-10-03 03:00:00+05:30,8.55142,49.267986,17.726116,57.439583
2284,2025-10-03 04:00:00+05:30,6.3639607,44.999897,14.539945,58.671368
2285,2025-10-03 05:00:00+05:30,7.256032,43.995014,15.561414,60.17301
2286,2025-10-03 06:00:00+05:30,8.790563,47.489597,16.485485,58.392544
2287,2025-10-03 07:00:00+05:30,9.83268,66.2505,15.009236,67.43295
2288,2025-10-03 08:00:00+05:30,10.3480425,76.93068,13.627795,77.79955
2289,2025-10-03 09:00:00+05:30,8.709098,71.93944,11.157097,72.1496
2290,2025-10-03 10:00:00+05:30,9.059205,69.04415,11.39842,68.702576
2291,2025-10-03 11:00:00+05:30,9.05205,72.64589,11.225132,74.18075
2292,2025-10-03 12:00:00+05:30,9.039514,54.727493,11.282711,56.056374
2293,2025-10-03 13:00:00+05:30,9.840914,39.805527,12.399113,39.699043
2294,2025-10-03 14:00:00+05:30,6.4924874,43.876797,8.281956,42.357407
2295,2025-10-03 15:00:00+05:30,7.674842,39.289394,10.152064,37.073162
2296,2025-10-03 16:00:00+05:30,12.931218,38.784386,17.907963,39.289394
2297,2025-10-03 17:00:00+05:30,9.734988,56.3099,18.820976,56.3099
2298,2025-10-03 18:00:00+05:30,5.22,46.39711,13.53236,61.389645
2299,2025-10-03 19:00:00+05:30,4.8965297,36.027473,12.886039,61.645138
2300,2025-10-03 20:00:00+05:30,7.519175,47.91091,16.1198,60.572647
2301,2025-10-03 21:00:00+05:30,6.989936,55.491425,16.521803,60.64234
2302,2025-10-03 22:00:00+05:30,5.4744864,46.332153,13.644427,59.03632
2303,2025-10-03 23:00:00+05:30,3.4623692,332.1028,7.973005,28.30066
2304,2025-10-04 00:00:00+05:30,2.5582807,309.28937,4.542994,33.6901
2305,2025-10-04 01:00:00+05:30,10.105681,355.91446,16.920958,0.6095036
2306,2025-10-04 02:00:00+05:30,7.771331,346.60748,13.722565,355.48608
2307,2025-10-04 03:00:00+05:30,5.920878,340.46326,12.503199,353.38663
2308,2025-10-04 04:00:00+05:30,5.2478566,337.8336,11.866355,350.39487
2309,2025-10-04 05:00:00+05:30,4.8633323,2.1210518,11.276967,24.51963
2310,2025-10-04 06:00:00+05:30,3.244996,303.6901,6.1120534,346.373
2311,2025-10-04 07:00:00+05:30,5.5567255,335.09525,7.587806,337.69376
2312,2025-10-04 08:00:00+05:30,6.544677,328.4958,8.534353,332.3541
2313,2025-10-04 09:00:00+05:30,10.897063,337.6713,13.905509,338.74942
2314,2025-10-04 10:00:00+05:30,12.181625,341.02948,15.767219,341.35812
2315,2025-10-04 11:00:00+05:30,10.98,360.0,14.04,360.0
2316,2025-10-04 12:00:00+05:30,10.873252,6.65433,13.822546,8.235533
2317,2025-10-04 13:00:00+05:30,11.34,360.0,14.404499,1.4320632
2318,2025-10-04 14:00:00+05:30,9.826088,351.57312,12.7279215,351.87
2319,2025-10-04 15:00:00+05:30,7.4867883,332.81897,9.83268,336.2505
2320,2025-10-04 16:00:00+05:30,8.93859,334.98312,12.409561,336.0375
2321,2025-10-04 17:00:00+05:30,1.9881649,174.80566,2.6758924,160.34608
2322,2025-10-04 18:00:00+05:30,4.669604,207.55272,5.7176566,208.1785
2323,2025-10-04 19:00:00+05:30,4.752136,217.30403,6.2379804,223.83095
2324,2025-10-04 20:00:00+05:30,7.256032,223.99501,13.14,221.112
2325,2025-10-04 21:00:00+05:30,8.027678,222.27362,17.148247,219.0355
2326,2025-10-04 22:00:00+05:30,8.4963045,233.61555,18.762356,229.27956
2327,2025-10-04 23:00:00+05:30,8.139901,234.90411,18.668005,230.4774
2328,2025-10-05 00:00:00+05:30,7.570707,241.60707,18.126455,237.57246
2329,2025-10-05 01:00:00+05:30,6.9247384,242.10283,16.923828,240.70874
2330,2025-10-05 02:00:00+05:30,8.0599,240.57263,17.799076,241.62085
2331,2025-10-05 03:00:00+05:30,8.427383,250.0168,18.620214,253.14151
2332,2025-10-05 04:00:00+05:30,9.292254,261.08514,19.807362,268.4378
2333,2025-10-05 05:00:00+05:30,8.707238,277.1249,19.94754,280.39728
2334,2025-10-05 06:00:00+05:30,9.087772,277.9695,19.820442,283.65765
2335,2025-10-05 07:00:00+05:30,9.9587345,276.22574,21.016878,286.4173
2336,2025-10-05 08:00:00+05:30,9.087772,277.9695,13.8037815,282.04254
2337,2025-10-05 09:00:00+05:30,8.6867485,275.94678,11.837651,278.74606
2338,2025-10-05 10:00:00+05:30,10.435344,284.99512,13.379461,287.21616
2339,2025-10-05 11:00:00+05:30,8.891343,301.75943,10.990322,301.60745
2340,2025-10-05 12:00:00+05:30,8.209263,307.87503,10.152064,307.07315
2341,2025-10-05 13:00:00+05:30,8.14587,315.0001,10.055864,315.72513
2342,2025-10-05 14:00:00+05:30,9.178235,318.1799,12.031756,321.07245
2343,2025-10-05 15:00:00+05:30,6.804381,322.52374,8.936778,325.66974
2344,2025-10-05 16:00:00+05:30,8.797931,300.76263,13.33094,304.54843
2345,2025-10-05 17:00:00+05:30,5.4149795,254.57777,11.521406,270.89514
2346,2025-10-05 18:00:00+05:30,7.841887,238.13406,14.578888,249.77505
2347,2025-10-05 19:00:00+05:30,8.6867485,235.9806,17.441433,238.9349
2348,2025-10-05 20:00:00+05:30,7.538541,236.68936,17.504478,239.74364
2349,2025-10-05 21:00:00+05:30,8.9873905,237.26477,19.376562,234.83348
2350,2025-10-05 22:00:00+05:30,10.742848,238.70702,21.122215,237.52882
2351,2025-10-05 23:00:00+05:30,9.422101,226.54811,18.880276,228.86555
2352,2025-10-06 00:00:00+05:30,10.548061,205.25313,19.995398,203.33406
2353,2025-10-06 01:00:00+05:30,8.936777,251.20001,16.276817,240.88394
2354,2025-10-06 02:00:00+05:30,9.526405,247.79646,18.818396,248.09677
2355,2025-10-06 03:00:00+05:30,9.565437,250.20103,19.189215,253.09476
2356,2025-10-06 04:00:00+05:30,8.958504,247.5572,18.442753,251.21129
2357,2025-10-06 05:00:00+05:30,6.8423676,271.5074,17.235882,277.19913
2358,2025-10-06 06:00:00+05:30,6.489992,273.17978,15.111424,282.38074
2359,2025-10-06 07:00:00+05:30,5.6521144,260.83774,13.403656,284.78278
2360,2025-10-06 08:00:00+05:30,4.0249224,259.69522,5.5799994,270.0
2361,2025-10-06 09:00:00+05:30,3.964089,272.6025,5.0911684,278.13
2362,2025-10-06 10:00:00+05:30,2.968636,255.96373,3.6402748,261.46933
2363,2025-10-06 11:00:00+05:30,1.0948973,350.53775,1.6299692,353.6599
2364,2025-10-06 12:00:00+05:30,2.7416782,246.80138,3.4152596,251.56496
2365,2025-10-06 13:00:00+05:30,1.2074767,243.43501,1.609969,243.43501
2366,2025-10-06 14:00:00+05:30,4.14,270.0,5.0432134,272.04535
2367,2025-10-06 15:00:00+05:30,1.835647,348.6901,2.1674871,355.23645
2368,2025-10-06 16:00:00+05:30,13.327294,253.52304,18.568813,258.2544
2369,2025-10-06 17:00:00+05:30,11.196232,233.49846,17.84271,239.03632
2370,2025-10-06 18:00:00+05:30,2.5264204,265.91446,7.388775,267.20737
2371,2025-10-06 19:00:00+05:30,5.2478566,264.09396,11.328566,287.57135
2372,2025-10-06 20:00:00+05:30,5.637765,253.30067,10.661107,281.68933
2373,2025-10-06 21:00:00+05:30,7.001514,226.04153,10.163227,247.06787
2374,2025-10-06 22:00:00+05:30,5.796447,216.15828,10.8792095,231.04408
2375,2025-10-06 23:00:00+05:30,3.319036,282.5288,9.016185,296.05344
2376,2025-10-07 00:00:00+05:30,1.7727944,246.0375,4.669604,297.55273
2377,2025-10-07 01:00:00+05:30,0.56920993,108.43504,4.1046314,52.124958
2378,2025-10-07 02:00:00+05:30,0.9178235,191.30989,3.319036,102.5288
2379,2025-10-07 03:00:00+05:30,2.97953,154.98314,7.4520864,127.14677
2380,2025-10-07 04:00:00+05:30,3.1072817,190.00792,7.7420926,162.40749
2381,2025-10-07 05:00:00+05:30,4.293669,213.02386,11.213581,198.72588
2382,2025-10-07 06:00:00+05:30,8.297589,257.4712,14.178927,236.91513
2383,2025-10-07 07:00:00+05:30,5.950899,266.53183,9.0645685,263.15732
2384,2025-10-07 08:00:00+05:30,6.3231,265.10098,9.044888,264.2895
2385,2025-10-07 09:00:00+05:30,6.8423676,234.63745,8.78872,235.0079
2386,2025-10-07 10:00:00+05:30,10.163227,247.06787,13.00243,248.05124
2387,2025-10-07 11:00:00+05:30,3.096837,215.53777,3.8268526,221.18582
2388,2025-10-07 12:00:00+05:30,4.8433046,228.01286,5.876938,229.9698
2389,2025-10-07 13:00:00+05:30,5.3426957,237.38077,6.544677,238.49579
2390,2025-10-07 14:00:00+05:30,6.050785,239.62096,7.327127,242.176
2391,2025-10-07 15:00:00+05:30,6.330782,194.82652,7.754637,201.80147
2392,2025-10-07 16:00:00+05:30,12.819235,321.8427,16.956343,322.76508
2393,2025-10-07 17:00:00+05:30,4.599695,239.42085,6.439876,243.43501
2394,2025-10-07 18:00:00+05:30,0.17999999,90.0,1.5484185,215.53777
2395,2025-10-07 19:00:00+05:30,0.76367533,44.999897,1.8792552,196.69933
2396,2025-10-07 20:00:00+05:30,2.968636,284.03625,6.1569467,254.74483
2397,2025-10-07 21:00:00+05:30,4.143911,267.5105,9.0645685,263.15732
2398,2025-10-07 22:00:00+05:30,4.846648,58.671368,6.854195,29.931421
2399,2025-10-07 23:00:00+05:30,9.997699,66.66594,15.7908325,65.77226
2400,2025-10-08 00:00:00+05:30,6.2405767,33.231728,12.566526,38.01901
2401,2025-10-08 01:00:00+05:30,4.198285,120.96369,9.007196,92.29056
2402,2025-10-08 02:00:00+05:30,4.5322843,173.15732,7.5105524,134.02907
2403,2025-10-08 03:00:00+05:30,2.7416782,203.19862,5.5829024,159.22766
2404,2025-10-08 04:00:00+05:30,3.9966483,234.16226,7.989242,202.52061
2405,2025-10-08 05:00:00+05:30,8.490582,265.13556,16.167967,281.5601
2406,2025-10-08 06:00:00+05:30,1.3708391,23.198618,4.8433046,41.98713
2407,2025-10-08 07:00:00+05:30,4.4565907,133.36346,7.613382,96.78888
2408,2025-10-08 08:00:00+05:30,3.494968,145.49142,5.1165614,129.28938
2409,2025-10-08 09:00:00+05:30,2.1674871,175.23645,2.5772078,167.90526
2410,2025-10-08 10:00:00+05:30,2.1674871,265.23645,2.7238941,277.59454
2411,2025-10-08 11:00:00+05:30,7.5685663,272.72626,9.555271,273.23962
2412,2025-10-08 12:00:00+05:30,9.208192,265.51547,11.53265,267.31628
2413,2025-10-08 13:00:00+05:30,9.3962755,253.30067,11.91948,255.12427
2414,2025-10-08 14:00:00+05:30,8.12197,257.19574,10.239453,259.8754
2415,2025-10-08 15:00:00+05:30,8.557102,292.24908,11.368535,293.31772
2416,2025-10-08 16:00:00+05:30,8.404285,313.26434,13.878688,313.4235
2417,2025-10-08 17:00:00+05:30,13.551501,320.38934,25.02971,319.66693
2418,2025-10-08 18:00:00+05:30,13.619472,315.53537,25.976189,316.68463
2419,2025-10-08 19:00:00+05:30,10.094454,320.0637,21.872036,320.67743
2420,2025-10-08 20:00:00+05:30,8.65873,316.68463,20.269789,318.23978
2421,2025-10-08 21:00:00+05:30,7.9077177,318.69147,19.421656,325.57346
2422,2025-10-08 22:00:00+05:30,6.4096174,308.15726,16.825909,325.45984
2423,2025-10-08 23:00:00+05:30,7.9932966,324.16226,18.27953,334.94904
2424,2025-10-09 00:00:00+05:30,8.242743,328.39255,18.687086,339.1209
2425,2025-10-09 01:00:00+05:30,7.7879906,326.3099,18.162169,340.3079
2426,2025-10-09 02:00:00+05:30,8.037761,325.954,18.58451,338.40463
2427,2025-10-09 03:00:00+05:30,8.37532,331.78275,19.300331,340.38202
2428,2025-10-09 04:00:00+05:30,7.748368,329.2646,18.272438,341.02948
2429,2025-10-09 05:00:00+05:30,9.627896,339.1931,21.347271,342.32886
2430,2025-10-09 06:00:00+05:30,9.05205,342.64587,19.386591,344.93146
2431,2025-10-09 07:00:00+05:30,9.292255,338.40463,19.41415,342.74097
2432,2025-10-09 08:00:00+05:30,8.155807,337.9637,11.612441,341.00323
2433,2025-10-09 09:00:00+05:30,8.790563,349.3804,11.334284,349.93936
2434,2025-10-09 10:00:00+05:30,8.891344,338.6293,11.298495,337.5205
2435,2025-10-09 11:00:00+05:30,8.65873,316.68463,10.948973,316.33215
2436,2025-10-09 12:00:00+05:30,9.3340025,309.52258,11.892265,309.47244
2437,2025-10-09 13:00:00+05:30,9.703319,310.48593,12.261157,310.2363
2438,2025-10-09 14:00:00+05:30,9.614426,308.15726,12.172312,308.3952
2439,2025-10-09 15:00:00+05:30,9.9,306.86996,12.708815,307.5192
2440,2025-10-09 16:00:00+05:30,8.3520775,307.11694,12.768586,310.426
2441,2025-10-09 17:00:00+05:30,4.445672,291.3707,10.685391,302.61923
2442,2025-10-09 18:00:00+05:30,5.5596404,299.0545,12.708815,307.5192
2443,2025-10-09 19:00:00+05:30,7.6367526,315.0001,16.685719,317.18582
2444,2025-10-09 20:00:00+05:30,7.056826,322.25314,16.279802,324.9041
2445,2025-10-09 21:00:00+05:30,5.3939967,295.7099,10.32924,311.46762
2446,2025-10-09 22:00:00+05:30,5.0911684,278.13,7.3799996,282.68036
2447,2025-10-09 23:00:00+05:30,5.8104043,286.18927,9.215226,282.4074
2448,2025-10-10 00:00:00+05:30,7.329338,294.67685,16.365158,299.66663
2449,2025-10-10 01:00:00+05:30,6.66,288.92474,14.650938,312.5104
2450,2025-10-10 02:00:00+05:30,7.4520864,307.14676,16.595179,319.39877
2451,2025-10-10 03:00:00+05:30,7.7734165,317.8156,17.430283,324.66858
2452,2025-10-10 04:00:00+05:30,8.161764,318.57642,17.975681,325.1959
2453,2025-10-10 05:00:00+05:30,7.7900705,319.68597,17.660192,330.0379
2454,2025-10-10 06:00:00+05:30,8.043805,319.53784,17.15297,331.8215
2455,2025-10-10 07:00:00+05:30,9.178235,318.1799,16.18199,334.2901
2456,2025-10-10 08:00:00+05:30,6.989936,325.4914,11.592895,334.2307
2457,2025-10-10 09:00:00+05:30,6.4624763,347.125,8.4042845,350.13425
2458,2025-10-10 10:00:00+05:30,5.9427266,358.26434,7.562142,358.6361
2459,2025-10-10 11:00:00+05:30,4.445672,338.6293,5.4833565,336.8014
2460,2025-10-10 12:00:00+05:30,5.00128,329.74365,6.050785,329.62094
2461,2025-10-10 13:00:00+05:30,5.441838,325.78424,6.7397914,325.8855
2462,2025-10-10 14:00:00+05:30,5.4744864,316.33215,6.623413,317.2026
2463,2025-10-10 15:00:00+05:30,6.050785,300.37906,7.689603,302.57404
2464,2025-10-10 16:00:00+05:30,5.5450516,283.13403,8.538149,288.43503
2465,2025-10-10 17:00:00+05:30,3.01735,287.3541,8.149847,300.52963
2466,2025-10-10 18:00:00+05:30,3.1845248,312.70938,8.6867485,325.9806
2467,2025-10-10 19:00:00+05:30,5.5450516,346.86597,12.961249,350.40692
2468,2025-10-10 20:00:00+05:30,5.4656014,342.75845,11.989945,352.23492
2469,2025-10-10 21:00:00+05:30,2.4482646,342.8972,9.114471,350.9098
2470,2025-10-10 22:00:00+05:30,0.17999999,180.0,3.6402748,8.530692
2471,2025-10-10 23:00:00+05:30,1.4512063,240.2552,1.5273507,135.0001
2472,2025-10-11 00:00:00+05:30,3.7842832,272.72626,3.6,233.13002
2473,2025-10-11 01:00:00+05:30,5.6060677,275.52744,7.0015144,252.03076
2474,2025-10-11 02:00:00+05:30,5.2694216,262.1468,7.989242,247.47939
2475,2025-10-11 03:00:00+05:30,5.5916004,266.3087,9.668195,245.82089
2476,2025-10-11 04:00:00+05:30,5.9644947,275.19434,11.874544,255.96373
2477,2025-10-11 05:00:00+05:30,5.6060677,264.47256,10.829958,248.5522
2478,2025-10-11 06:00:00+05:30,4.6938252,265.60138,10.706596,243.00424
2479,2025-10-11 07:00:00+05:30,5.4119864,266.186,9.693296,238.67136
2480,2025-10-11 08:00:00+05:30,2.9522195,307.56866,6.5693827,260.53775
2481,2025-10-11 09:00:00+05:30,4.5820518,315.0001,5.8603754,312.5104
2482,2025-10-11 10:00:00+05:30,3.710795,284.03625,4.5572357,279.09018
2483,2025-10-11 11:00:00+05:30,5.5829024,290.77234,6.9527545,291.25058
2484,2025-10-11 12:00:00+05:30,5.3939967,295.7099,6.8423676,296.56497
2485,2025-10-11 13:00:00+05:30,6.156947,307.87503,7.9567327,307.64767
2486,2025-10-11 14:00:00+05:30,6.7757506,320.38934,8.669949,318.36655
2487,2025-10-11 15:00:00+05:30,8.29173,332.87878,10.874742,331.31393
2488,2025-10-11 16:00:00+05:30,10.914888,346.65125,18.29459,346.92087
2489,2025-10-11 17:00:00+05:30,6.5049515,345.5792,16.198,345.19156
2490,2025-10-11 18:00:00+05:30,2.0991426,300.96368,9.292254,315.78473
2491,2025-10-11 19:00:00+05:30,3.7842832,295.34613,10.993271,309.6854
2492,2025-10-11 20:00:00+05:30,10.234705,325.75092,18.275984,332.42554
2493,2025-10-11 21:00:00+05:30,8.64,360.0,18.076338,15.004973
2494,2025-10-11 22:00:00+05:30,8.085988,73.17851,20.089966,77.582565
2495,2025-10-11 23:00:00+05:30,8.581677,99.65983,20.91256,103.4382
2496,2025-10-12 00:00:00+05:30,4.4565907,136.63654,15.528064,124.611206
2497,2025-10-12 01:00:00+05:30,4.542994,213.6901,12.487641,164.96213
2498,2025-10-12 02:00:00+05:30,2.7238941,187.59456,11.793777,164.05453
2499,2025-10-12 03:00:00+05:30,2.50064,149.74365,10.429132,158.74942
2500,2025-10-12 04:00:00+05:30,2.3051248,218.65984,7.3997297,184.18483
2501,2025-10-12 05:00:00+05:30,2.6999998,270.0,5.8048253,262.8751
2502,2025-10-12 06:00:00+05:30,4.7928696,235.71307,7.570707,251.99574
2503,2025-10-12 07:00:00+05:30,6.5520988,254.05453,8.836514,266.49652
2504,2025-10-12 08:00:00+05:30,4.2136917,250.0168,9.444426,277.66672
2505,2025-10-12 09:00:00+05:30,3.6179552,275.7105,5.020677,284.5345
2506,2025-10-12 10:00:00+05:30,5.0432134,325.17545,6.489992,326.3099
2507,2025-10-12 11:00:00+05:30,5.8409934,326.3099,7.1389914,326.3099
2508,2025-10-12 12:00:00+05:30,6.048107,323.47104,7.4520864,322.85324
2509,2025-10-12 13:00:00+05:30,8.415842,311.53168,10.703569,312.27362
2510,2025-10-12 14:00:00+05:30,10.404249,307.26648,13.551501,309.61066
2511,2025-10-12 15:00:00+05:30,6.21717,292.1095,8.305396,299.8988
2512,2025-10-12 16:00:00+05:30,5.004518,232.3057,7.329338,245.32315
2513,2025-10-12 17:00:00+05:30,4.5536795,251.56496,10.446206,271.97488
2514,2025-10-12 18:00:00+05:30,1.609969,243.43501,4.514377,293.49857
2515,2025-10-12 19:00:00+05:30,0.9,126.86999,3.0652895,93.366394
2516,2025-10-12 20:00:00+05:30,0.9178235,191.30989,4.2175345,129.80553
2517,2025-10-12 21:00:00+05:30,1.26,270.0,3.6,180.0
2518,2025-10-12 22:00:00+05:30,2.0523157,285.25516,3.148714,239.03632
2519,2025-10-12 23:00:00+05:30,3.2846913,279.46225,4.0249224,243.43501
2520,2025-10-13 00:00:00+05:30,3.7799997,270.0,5.4744864,242.5925
2521,2025-10-13 01:00:00+05:30,4.175069,262.5687,7.538541,236.68936
2522,2025-10-13 02:00:00+05:30,5.3517847,250.34608,10.950452,244.69865
2523,2025-10-13 03:00:00+05:30,4.8899083,263.6599,11.190442,258.87085
2524,2025-10-13 04:00:00+05:30,5.4029994,271.90912,11.481968,279.01926
2525,2025-10-13 05:00:00+05:30,3.244996,266.82022,5.00128,300.25635
2526,2025-10-13 06:00:00+05:30,3.7842832,272.72626,5.4744864,313.66785
2527,2025-10-13 07:00:00+05:30,4.952453,250.9064,6.8919086,319.23648
2528,2025-10-13 08:00:00+05:30,4.965521,223.53127,6.542201,277.90707
2529,2025-10-13 09:00:00+05:30,3.9477081,226.8476,5.00128,239.74365
2530,2025-10-13 10:00:00+05:30,2.4482648,233.97253,2.907989,248.19853
2531,2025-10-13 11:00:00+05:30,2.3400002,247.3801,2.7534704,258.6901
2532,2025-10-13 12:00:00+05:30,2.7238941,262.40546,3.0652895,273.3664
2533,2025-10-13 13:00:00+05:30,6.12,298.0724,7.3469996,300.96368
2534,2025-10-13 14:00:00+05:30,10.560341,299.62366,12.936228,301.92084
2535,2025-10-13 15:00:00+05:30,10.472536,294.36243,13.462749,299.64978
2536,2025-10-13 16:00:00+05:30,5.5567255,245.09526,8.350138,262.5687
2537,2025-10-13 17:00:00+05:30,0.71999997,90.0,2.2768397,71.564964
2538,2025-10-13 18:00:00+05:30,1.1384199,71.564964,4.1556225,72.34979
2539,2025-10-13 19:00:00+05:30,1.6981165,212.00534,2.4482648,143.97253
2540,2025-10-13 20:00:00+05:30,3.143565,246.3706,4.6277857,193.49574
2541,2025-10-13 21:00:00+05:30,2.5582807,320.7106,2.9301877,280.6196
2542,2025-10-13 22:00:00+05:30,3.096837,324.46225,5.402999,330.01843
2543,2025-10-13 23:00:00+05:30,3.9477081,294.22772,7.0107627,318.12222
2544,2025-10-14 00:00:00+05:30,6.28713,293.6294,11.832176,303.20657
2545,2025-10-14 01:00:00+05:30,6.502461,318.36655,13.0806875,325.65384
2546,2025-10-14 02:00:00+05:30,6.050785,337.249,15.12107,0.68205386
2547,2025-10-14 03:00:00+05:30,5.426933,5.7105074,15.130711,32.366615
2548,2025-10-14 04:00:00+05:30,4.2021427,316.73566,9.059205,20.955858
2549,2025-10-14 05:00:00+05:30,6.21717,337.8905,12.304682,5.8773003
2550,2025-10-14 06:00:00+05:30,4.2671766,332.3541,8.996398,19.885265
2551,2025-10-14 07:00:00+05:30,4.1125174,336.8014,6.502461,41.63345
2552,2025-10-14 08:00:00+05:30,1.7076298,71.564964,4.5,73.73973
2553,2025-10-14 09:00:00+05:30,4.278551,112.24908,5.4656014,107.241554
2554,2025-10-14 10:00:00+05:30,5.9834766,111.16133,7.3997297,108.43504
2555,2025-10-14 11:00:00+05:30,3.9640884,140.52757,4.5891175,138.17992
2556,2025-10-14 12:00:00+05:30,3.4623692,152.10283,3.9518096,149.9315
2557,2025-10-14 13:00:00+05:30,2.3400002,157.3801,2.657668,151.69934
2558,2025-10-14 14:00:00+05:30,2.9024127,187.12492,3.2599385,186.3401
2559,2025-10-14 15:00:00+05:30,3.536439,194.7436,3.7585104,196.69933
2560,2025-10-14 16:00:00+05:30,6.7853074,201.80147,9.860649,201.41304
2561,2025-10-14 17:00:00+05:30,5.004518,232.3057,11.793777,195.94547
2562,2025-10-14 18:00:00+05:30,3.9477081,294.22772,4.913044,241.55717
2563,2025-10-14 19:00:00+05:30,5.1165614,320.7106,7.7043357,307.40543
2564,2025-10-14 20:00:00+05:30,4.913044,8.426887,10.062305,349.69522
2565,2025-10-14 21:00:00+05:30,5.6492476,22.47948,11.753877,27.349789
2566,2025-10-14 22:00:00+05:30,6.330782,345.17346,13.184308,14.226004
2567,2025-10-14 23:00:00+05:30,6.5248446,335.55606,11.989945,7.7650824
2568,2025-10-15 00:00:00+05:30,8.350138,352.5687,14.041154,0.7345097
2569,2025-10-15 01:00:00+05:30,6.778141,10.713074,15.215058,10.911081
2570,2025-10-15 02:00:00+05:30,3.7842832,357.27374,11.052058,16.073652
2571,2025-10-15 03:00:00+05:30,2.2768397,18.435053,8.297589,24.34109
2572,2025-10-15 04:00:00+05:30,2.7238941,187.59456,3.8856654,103.39252
2573,2025-10-15 05:00:00+05:30,4.39436,214.9921,10.132897,167.692
2574,2025-10-15 06:00:00+05:30,4.293669,236.97612,10.801499,180.95482
2575,2025-10-15 07:00:00+05:30,5.0528407,265.91446,7.6579366,203.55228
2576,2025-10-15 08:00:00+05:30,3.143565,246.3706,6.015878,218.92755
2577,2025-10-15 09:00:00+05:30,3.0652893,220.23628,3.8939953,213.6901
2578,2025-10-15 10:00:00+05:30,2.8856194,183.57626,3.6,180.0
2579,2025-10-15 11:00:00+05:30,3.7842832,154.65387,4.510787,151.38963
2580,2025-10-15 12:00:00+05:30,5.068846,253.49556,6.28713,256.75946
2581,2025-10-15 13:00:00+05:30,7.2044983,257.00537,8.790563,259.3804
2582,2025-10-15 14:00:00+05:30,7.120815,249.27435,8.654986,253.0724
2583,2025-10-15 15:00:00+05:30,4.2366967,257.73523,5.0432134,267.95465
2584,2025-10-15 16:00:00+05:30,2.968636,255.96373,4.802999,282.99463
2585,2025-10-15 17:00:00+05:30,3.3092597,202.38017,8.43699,213.6901
2586,2025-10-15 18:00:00+05:30,5.4477882,352.40543,10.8792095,343.66388
2587,2025-10-15 19:00:00+05:30,12.371645,8.365798,22.832346,14.145831
2588,2025-10-15 20:00:00+05:30,6.87779,6.0089183,17.085783,20.344187
2589,2025-10-15 21:00:00+05:30,3.2048087,321.8427,8.473393,12.26477
2590,2025-10-15 22:00:00+05:30,4.080882,311.42358,8.227004,349.91946
2591,2025-10-15 23:00:00+05:30,4.8466477,344.93146,9.867218,14.796817
2592,2025-10-16 00:00:00+05:30,3.5455887,336.0375,8.211235,26.003298
2593,2025-10-16 01:00:00+05:30,1.484318,255.96373,0.76367533,44.999897
2594,2025-10-16 02:00:00+05:30,2.2553935,241.38963,3.2599385,186.3401
2595,2025-10-16 03:00:00+05:30,3.189608,286.38962,4.1085763,241.1893
2596,2025-10-16 04:00:00+05:30,0.9,306.86996,2.1674871,228.36655
2597,2025-10-16 05:00:00+05:30,0.54,270.0,5.720489,102.72436
2598,2025-10-16 06:00:00+05:30,1.7076298,251.56496,6.6624317,141.58191
2599,2025-10-16 07:00:00+05:30,5.7402787,228.81418,9.114471,170.9098
2600,2025-10-16 08:00:00+05:30,4.143911,214.3804,8.905908,194.03627
2601,2025-10-16 09:00:00+05:30,4.278551,194.62091,5.5450516,193.13403
2602,2025-10-16 10:00:00+05:30,4.3349743,175.23645,5.4477882,172.40544
2603,2025-10-16 11:00:00+05:30,3.0758414,159.44388,3.4763772,158.74942
2604,2025-10-16 12:00:00+05:30,3.7585104,286.6993,4.445672,291.3707
2605,2025-10-16 13:00:00+05:30,6.050785,292.751,7.5685663,295.34613
2606,2025-10-16 14:00:00+05:30,5.7852573,275.35574,7.1321807,280.17545
2607,2025-10-16 15:00:00+05:30,4.3832865,250.82089,5.2694216,262.1468
2608,2025-10-16 16:00:00+05:30,4.186693,205.4633,5.8048253,209.7448
2609,2025-10-16 17:00:00+05:30,5.7628117,181.78987,12.061341,179.14493
2610,2025-10-16 18:00:00+05:30,2.0523157,344.7448,2.226477,14.036275
2611,2025-10-16 19:00:00+05:30,12.7279215,351.87,21.060768,0.48968843
2612,2025-10-16 20:00:00+05:30,8.626865,23.355589,19.581154,29.156824
2613,2025-10-16 21:00:00+05:30,6.0908127,18.970512,14.827893,33.111355
2614,2025-10-16 22:00:00+05:30,7.1684303,28.495539,16.419514,44.55591
2615,2025-10-16 23:00:00+05:30,4.724786,72.25524,12.466867,72.34979
2616,2025-10-17 00:00:00+05:30,1.4058449,129.80553,8.490582,94.864426
2617,2025-10-17 01:00:00+05:30,0.742159,255.96373,5.4656014,107.241554
2618,2025-10-17 02:00:00+05:30,4.3274937,224.9999,6.9899354,168.11136
2619,2025-10-17 03:00:00+05:30,2.1674871,265.23645,4.175069,172.56868
2620,2025-10-17 04:00:00+05:30,1.835647,281.3099,2.36753,188.74608
2621,2025-10-17 05:00:00+05:30,4.1046314,285.25516,5.1544156,257.90524
2622,2025-10-17 06:00:00+05:30,4.2021422,260.13425,4.445672,248.6293
2623,2025-10-17 07:00:00+05:30,4.91634,246.25049,3.494968,214.50858
2624,2025-10-17 08:00:00+05:30,4.2671766,207.64589,6.206738,196.85847
2625,2025-10-17 09:00:00+05:30,5.315336,208.30066,7.0843205,207.21602
2626,2025-10-17 10:00:00+05:30,4.91634,203.7495,5.8852015,203.42871
2627,2025-10-17 11:00:00+05:30,3.0652893,220.23628,3.563818,224.9999
2628,2025-10-17 12:00:00+05:30,3.2846913,279.46225,4.2136917,289.9832
2629,2025-10-17 13:00:00+05:30,3.710795,284.03625,4.514377,293.49857
2630,2025-10-17 14:00:00+05:30,3.3092597,292.3802,4.198285,300.96368
2631,2025-10-17 15:00:00+05:30,3.745557,324.78232,4.755544,330.5242
2632,2025-10-17 16:00:00+05:30,4.175069,352.5687,8.827344,357.66275
2633,2025-10-17 17:00:00+05:30,9.224011,342.97937,21.34803,345.84656
2634,2025-10-17 18:00:00+05:30,10.674773,5.8066354,22.151705,1.8625838
2635,2025-10-17 19:00:00+05:30,8.197414,19.23077,19.530622,9.549073
2636,2025-10-17 20:00:00+05:30,7.186487,22.067963,17.183167,22.804585
2637,2025-10-17 21:00:00+05:30,6.269067,39.173653,15.629971,38.453735
2638,2025-10-17 22:00:00+05:30,7.001514,46.041542,16.848038,53.252445
2639,2025-10-17 23:00:00+05:30,5.3457265,44.999897,14.068816,73.65176
2640,2025-10-18 00:00:00+05:30,1.0948973,9.462248,8.581677,99.65983
2641,2025-10-18 01:00:00+05:30,0.742159,255.96373,4.7110505,133.45189
2642,2025-10-18 02:00:00+05:30,2.2553935,241.38963,4.952453,160.90642
2643,2025-10-18 03:00:00+05:30,3.096837,215.53777,7.1684303,151.50446
2644,2025-10-18 04:00:00+05:30,4.514377,246.50142,6.3231,184.899
2645,2025-10-18 05:00:00+05:30,2.7238941,262.40546,7.2202215,175.71092
2646,2025-10-18 06:00:00+05:30,1.8,270.0,6.0077944,171.38443
2647,2025-10-18 07:00:00+05:30,4.3832865,250.82089,6.6624317,181.54813
2648,2025-10-18 08:00:00+05:30,2.19718,235.0079,5.720489,192.72435
2649,2025-10-18 09:00:00+05:30,2.1749482,204.44394,3.189608,196.38962
2650,2025-10-18 10:00:00+05:30,3.189608,163.61038,4.1125174,156.80139
2651,2025-10-18 11:00:00+05:30,2.4482646,107.10281,2.7534704,101.3099
2652,2025-10-18 12:00:00+05:30,1.2727921,351.87,1.9881649,354.80566
2653,2025-10-18 13:00:00+05:30,1.7727944,293.9625,2.3051248,308.65982
2654,2025-10-18 14:00:00+05:30,3.1072817,259.9921,3.4247334,273.01273
2655,2025-10-18 15:00:00+05:30,5.12289,251.56496,5.896202,257.66092
2656,2025-10-18 16:00:00+05:30,6.28713,246.3706,10.134496,250.27763
2657,2025-10-18 17:00:00+05:30,3.4247334,266.98727,7.69592,280.78424
2658,2025-10-18 18:00:00+05:30,2.7059932,356.186,7.69592,349.21573
2659,2025-10-18 19:00:00+05:30,5.6060677,42.397392,12.678185,38.65983
2660,2025-10-18 20:00:00+05:30,3.7799997,360.0,10.63372,33.959103
2661,2025-10-18 21:00:00+05:30,7.729527,332.24155,16.036171,357.4267
2662,2025-10-18 22:00:00+05:30,8.36758,341.1752,19.18246,354.0755
2663,2025-10-18 23:00:00+05:30,6.924738,8.97255,14.6254835,13.523178
2664,2025-10-19 00:00:00+05:30,8.338489,32.660904,15.971386,39.97087
2665,2025-10-19 01:00:00+05:30,7.029225,39.805527,17.57744,55.0079
2666,2025-10-19 02:00:00+05:30,5.7431,57.804302,16.116785,69.74346
2667,2025-10-19 03:00:00+05:30,1.3104197,164.05453,10.6261,91.94145
2668,2025-10-19 04:00:00+05:30,0.76367533,315.0001,7.9383874,86.09958
2669,2025-10-19 05:00:00+05:30,0.40249225,243.43501,5.950899,93.46816
2670,2025-10-19 06:00:00+05:30,1.0495713,59.03632,7.970972,96.48298
2671,2025-10-19 07:00:00+05:30,4.327493,106.9276,9.904906,109.09359
2672,2025-10-19 08:00:00+05:30,2.3469129,122.471176,7.889259,117.1496
2673,2025-10-19 09:00:00+05:30,4.2481523,143.61555,5.7402787,138.81418
2674,2025-10-19 10:00:00+05:30,5.495161,148.39255,6.989936,145.49142
2675,2025-10-19 11:00:00+05:30,5.3939967,115.70991,6.689125,113.80595
2676,2025-10-19 12:00:00+05:30,4.2366967,102.26476,5.297018,99.78234
2677,2025-10-19 13:00:00+05:30,3.7971036,95.44024,4.86,90.0
2678,2025-10-19 14:00:00+05:30,4.323748,87.614105,5.426933,84.2895
2679,2025-10-19 15:00:00+05:30,4.379589,80.53775,5.5450516,76.865974
2680,2025-10-19 16:00:00+05:30,4.1556225,85.03035,6.1120534,76.37299
2681,2025-10-19 17:00:00+05:30,2.8001428,224.9999,5.634891,206.56499
2682,2025-10-19 18:00:00+05:30,1.2074767,296.56497,3.0811036,263.29025
2683,2025-10-19 19:00:00+05:30,4.8633323,357.87894,8.107996,2.5447557
2684,2025-10-19 20:00:00+05:30,4.91634,23.749514,10.4493065,42.207226
2685,2025-10-19 21:00:00+05:30,2.8116899,50.194473,9.627896,69.19314
2686,2025-10-19 22:00:00+05:30,2.5455842,44.999897,9.144637,79.79609
2687,2025-10-19 23:00:00+05:30,0.9,53.13002,6.8541956,103.671326
2688,2025-10-20 00:00:00+05:30,0.8049845,206.56499,5.6002855,135.0001
2689,2025-10-20 01:00:00+05:30,1.9881649,275.19434,4.323748,177.6141
2690,2025-10-20 02:00:00+05:30,2.6758924,312.27362,0.9,233.13002
2691,2025-10-20 03:00:00+05:30,1.6199999,360.0,3.8183763,81.86999
2692,2025-10-20 04:00:00+05:30,3.3043609,29.357658,7.040739,85.60138
2693,2025-10-20 05:00:00+05:30,0.5091169,315.0001,2.7943513,165.06853
2694,2025-10-20 06:00:00+05:30,0.9,323.13,1.9881649,174.80566
2695,2025-10-20 07:00:00+05:30,2.0124612,26.564985,2.4482646,107.10281
2696,2025-10-20 08:00:00+05:30,2.8799999,90.0,3.964089,92.60251
2697,2025-10-20 09:00:00+05:30,3.319036,102.5288,4.060985,102.80426
2698,2025-10-20 10:00:00+05:30,5.414979,111.44781,6.7853074,111.801476
2699,2025-10-20 11:00:00+05:30,7.6409945,105.01841,9.6480665,104.03627
2700,2025-10-20 12:00:00+05:30,7.689603,106.31393,9.5196,105.3502
2701,2025-10-20 13:00:00+05:30,7.229191,108.886185,9.165871,109.50254
2702,2025-10-20 14:00:00+05:30,5.920878,109.53674,7.628263,109.290146
2703,2025-10-20 15:00:00+05:30,3.462369,98.97255,4.379589,99.46225
2704,2025-10-20 16:00:00+05:30,2.0124612,349.69522,2.4482646,17.102825
2705,2025-10-20 17:00:00+05:30,1.2979984,213.6901,5.2416787,164.05453
2706,2025-10-20 18:00:00+05:30,3.1845248,312.70938,3.710795,292.83368
2707,2025-10-20 19:00:00+05:30,9.255571,346.50424,13.009903,345.5792
2708,2025-10-20 20:00:00+05:30,7.8625183,15.945477,16.825909,34.54016
2709,2025-10-20 21:00:00+05:30,6.889557,33.27491,17.460928,52.539375
2710,2025-10-20 22:00:00+05:30,5.991594,57.264786,16.055353,70.346085
2711,2025-10-20 23:00:00+05:30,5.5887027,75.068535,15.506141,86.67267
2712,2025-10-21 00:00:00+05:30,5.1197267,79.87539,14.669724,96.340096
2713,2025-10-21 01:00:00+05:30,5.8048253,82.875084,15.506141,99.352905
2714,2025-10-21 02:00:00+05:30,5.5829024,91.84757,15.677576,102.60016
2715,2025-10-21 03:00:00+05:30,5.7628117,91.78987,15.639297,101.956566
2716,2025-10-21 04:00:00+05:30,5.223103,91.97489,14.861722,101.173805
2717,2025-10-21 05:00:00+05:30,0.8049845,333.43503,3.462369,98.97255
2718,2025-10-21 06:00:00+05:30,2.4482648,36.027473,6.8423676,88.4926
2719,2025-10-21 07:00:00+05:30,6.156947,52.124958,10.041354,75.46551
2720,2025-10-21 08:00:00+05:30,4.278551,75.37909,8.827343,73.41259
2721,2025-10-21 09:00:00+05:30,6.28713,76.75947,8.338489,76.26372
2722,2025-10-21 10:00:00+05:30,7.79215,96.63242,9.9587345,96.22574
2723,2025-10-21 11:00:00+05:30,6.1437774,84.95764,7.579261,85.91447
2724,2025-10-21 12:00:00+05:30,4.8466477,74.931465,5.896202,77.660934
2725,2025-10-21 13:00:00+05:30,5.6233797,50.194473,6.804381,52.523746
2726,2025-10-21 14:00:00+05:30,5.7402787,48.814175,7.056826,52.253136
2727,2025-10-21 15:00:00+05:30,6.12,61.92762,7.4867883,62.818974
2728,2025-10-21 16:00:00+05:30,3.9518096,59.93151,6.5248446,65.55606
2729,2025-10-21 17:00:00+05:30,4.471107,40.10085,9.449572,40.364468
2730,2025-10-21 18:00:00+05:30,4.4274144,26.564985,10.571074,47.070034
2731,2025-10-21 19:00:00+05:30,4.4274144,63.435013,11.588701,83.75819
2732,2025-10-21 20:00:00+05:30,3.964089,92.60251,11.833546,116.17523
2733,2025-10-21 21:00:00+05:30,2.19718,124.992096,10.185519,136.43204
2734,2025-10-21 22:00:00+05:30,3.6,180.0,11.7827835,161.28816
2735,2025-10-21 23:00:00+05:30,4.143911,182.4895,11.328566,162.42865
2736,2025-10-22 00:00:00+05:30,3.550155,210.46547,10.360559,172.01076
2737,2025-10-22 01:00:00+05:30,3.2599385,263.6599,6.8989563,195.12405
2738,2025-10-22 02:00:00+05:30,4.3832865,289.1791,6.391901,237.65257
2739,2025-10-22 03:00:00+05:30,4.978554,319.39877,7.16617,295.27768
2740,2025-10-22 04:00:00+05:30,6.59154,325.0079,12.10157,329.62094
2741,2025-10-22 05:00:00+05:30,4.965521,316.46872,7.388775,304.07724
2742,2025-10-22 06:00:00+05:30,5.4744864,316.33215,9.9408245,328.3246
2743,2025-10-22 07:00:00+05:30,6.4323244,342.072,10.453957,357.03912
2744,2025-10-22 08:00:00+05:30,4.3832865,19.179106,9.499158,27.050516
2745,2025-10-22 09:00:00+05:30,4.7827187,70.20104,6.452441,67.01126
2746,2025-10-22 10:00:00+05:30,6.698806,83.829926,8.528657,82.72509
2747,2025-10-22 11:00:00+05:30,6.9270773,65.432846,8.694204,62.904526
2748,2025-10-22 12:00:00+05:30,7.406295,64.05776,9.179999,61.92762
2749,2025-10-22 13:00:00+05:30,6.945761,58.781662,8.6867485,55.980614
2750,2025-10-22 14:00:00+05:30,6.59154,55.0079,8.099999,53.13002
2751,2025-10-22 15:00:00+05:30,4.5,16.26028,5.815978,21.801476
2752,2025-10-22 16:00:00+05:30,4.942631,280.49142,6.1226463,294.30453
2753,2025-10-22 17:00:00+05:30,4.896529,72.89719,10.484902,78.11137
2754,2025-10-22 18:00:00+05:30,4.802999,77.00539,10.742848,98.673096
2755,2025-10-22 19:00:00+05:30,3.0652895,93.366394,9.19939,120.57915
2756,2025-10-22 20:00:00+05:30,2.0124612,100.30479,7.7420926,125.537766
2757,2025-10-22 21:00:00+05:30,0.40249225,63.435013,4.942631,123.11135
2758,2025-10-22 22:00:00+05:30,0.6489992,236.3099,5.257109,128.04709
2759,2025-10-22 23:00:00+05:30,6.12,331.9276,9.906544,335.2976
2760,2025-10-23 00:00:00+05:30,4.952453,340.9064,8.731392,351.70294
2761,2025-10-23 01:00:00+05:30,3.7842832,357.27374,5.5450516,13.134034
2762,2025-10-23 02:00:00+05:30,3.710795,22.833694,5.495161,58.392544
2763,2025-10-23 03:00:00+05:30,4.8433046,41.98713,8.431228,73.88651
2764,2025-10-23 04:00:00+05:30,5.426933,84.2895,11.928989,95.19434
2765,2025-10-23 05:00:00+05:30,7.689603,196.31393,11.525623,194.47034
2766,2025-10-23 06:00:00+05:30,0.40249225,26.564985,2.6999998,90.0
2767,2025-10-23 07:00:00+05:30,8.699793,155.55606,15.1884165,148.57048
2768,2025-10-23 08:00:00+05:30,3.7971036,185.44025,8.2584505,163.5399
2769,2025-10-23 09:00:00+05:30,5.3305535,101.68935,7.072878,104.743614
2770,2025-10-23 10:00:00+05:30,4.5,126.86999,5.9427266,125.13428
2771,2025-10-23 11:00:00+05:30,2.9301877,100.619606,3.671294,101.3099
2772,2025-10-23 12:00:00+05:30,4.1046314,52.124958,5.1165614,50.710617
2773,2025-10-23 13:00:00+05:30,4.7827187,19.798973,5.815978,21.801476
2774,2025-10-23 14:00:00+05:30,6.0721655,11.976112,7.555712,12.380747
2775,2025-10-23 15:00:00+05:30,6.5049515,14.4208145,8.209263,15.255177
2776,2025-10-23 16:00:00+05:30,5.7628117,1.7898695,10.261578,1.0050671
2777,2025-10-23 17:00:00+05:30,8.338489,346.2637,19.340576,345.44638
2778,2025-10-23 18:00:00+05:30,9.016185,356.56644,20.880001,360.0
2779,2025-10-23 19:00:00+05:30,8.707238,352.87506,19.983242,358.96777
2780,2025-10-23 20:00:00+05:30,6.391901,350.2725,16.572712,8.746089
2781,2025-10-23 21:00:00+05:30,7.3094187,9.926182,16.507088,25.167843
2782,2025-10-23 22:00:00+05:30,9.734988,356.82022,19.044306,7.0577617
2783,2025-10-23 23:00:00+05:30,9.926147,355.84042,22.355536,3.2309437
2784,2025-10-24 00:00:00+05:30,11.016824,4.685815,23.400002,14.250073
2785,2025-10-24 01:00:00+05:30,9.9587345,6.2257357,22.315643,19.311954
2786,2025-10-24 02:00:00+05:30,9.9587345,6.2257357,21.893505,21.713995
2787,2025-10-24 03:00:00+05:30,9.801326,7.3859525,21.603,23.57473
2788,2025-10-24 04:00:00+05:30,9.208192,4.484529,20.304924,24.065628
2789,2025-10-24 05:00:00+05:30,8.085988,16.82149,19.386593,31.328646
2790,2025-10-24 06:00:00+05:30,5.896202,12.339083,15.629971,28.926332
2791,2025-10-24 07:00:00+05:30,7.1208143,16.144413,14.028457,33.486195
2792,2025-10-24 08:00:00+05:30,5.315336,28.30066,11.196232,36.50153
2793,2025-10-24 09:00:00+05:30,6.248359,41.49638,8.536252,42.436188
2794,2025-10-24 10:00:00+05:30,7.674842,50.710617,9.867218,51.666626
2795,2025-10-24 11:00:00+05:30,6.4924874,43.876797,8.019601,45.909298
2796,2025-10-24 12:00:00+05:30,7.0843205,27.216026,8.777654,28.141502
2797,2025-10-24 13:00:00+05:30,5.414979,21.44781,6.7205353,20.37652
2798,2025-10-24 14:00:00+05:30,6.763786,25.201094,8.461915,23.838743
2799,2025-10-24 15:00:00+05:30,7.10031,30.465475,9.354806,30.018288
2800,2025-10-24 16:00:00+05:30,3.710795,39.09386,6.7397914,34.114517
2801,2025-10-24 17:00:00+05:30,5.4744864,9.462261,12.783802,9.727519
2802,2025-10-24 18:00:00+05:30,8.64,360.0,19.267569,1.6059735
2803,2025-10-24 19:00:00+05:30,6.206738,16.858482,16.204998,12.183641
2804,2025-10-24 20:00:00+05:30,7.6579366,23.552286,17.326813,34.84581
2805,2025-10-24 21:00:00+05:30,7.555712,12.380747,16.616642,39.726063
2806,2025-10-24 22:00:00+05:30,6.330782,14.826528,16.135872,38.65983
2807,2025-10-24 23:00:00+05:30,6.778141,10.713074,16.733225,31.809355
2808,2025-10-25 00:00:00+05:30,6.66,360.0,15.861463,27.728167
2809,2025-10-25 01:00:00+05:30,7.2,360.0,15.743569,30.963696
2810,2025-10-25 02:00:00+05:30,7.5685663,2.7262611,16.521803,29.357658
2811,2025-10-25 03:00:00+05:30,6.603817,17.447285,17.229301,32.195713
2812,2025-10-25 04:00:00+05:30,5.2323985,26.564985,15.021105,44.029083
2813,2025-10-25 05:00:00+05:30,2.8174455,26.564985,12.514855,40.333076
2814,2025-10-25 06:00:00+05:30,2.4014995,77.00539,8.557102,67.75093
2815,2025-10-25 07:00:00+05:30,7.2403865,34.8754,14.224556,51.67985
2816,2025-10-25 08:00:00+05:30,6.090812,55.840256,13.397612,59.300358
2817,2025-10-25 09:00:00+05:30,7.1389914,56.3099,9.5416975,54.21094
2818,2025-10-25 10:00:00+05:30,8.473393,77.735245,10.739833,76.42955
2819,2025-10-25 11:00:00+05:30,7.3821945,91.39715,9.3669195,92.20255
2820,2025-10-25 12:00:00+05:30,7.029225,103.32455,8.905908,104.03627
2821,2025-10-25 13:00:00+05:30,6.6818557,94.635376,8.32877,96.203354
2822,2025-10-25 14:00:00+05:30,6.198903,64.17907,7.6579366,66.44773
2823,2025-10-25 15:00:00+05:30,7.5363917,49.844074,9.473541,51.170166
2824,2025-10-25 16:00:00+05:30,7.689603,57.42595,11.734564,57.528828
2825,2025-10-25 17:00:00+05:30,5.2323985,63.435013,10.874741,65.55606
2826,2025-10-25 18:00:00+05:30,5.7628117,38.65983,11.236671,54.782326
2827,2025-10-25 19:00:00+05:30,9.12513,14.858671,17.283749,35.6765
2828,2025-10-25 20:00:00+05:30,9.354806,30.018288,20.620804,45.707233
2829,2025-10-25 21:00:00+05:30,8.404285,43.26433,19.634031,58.495792
2830,2025-10-25 22:00:00+05:30,6.2379804,43.83095,16.260885,63.71866
2831,2025-10-25 23:00:00+05:30,5.5596404,60.94549,13.8037815,77.95744
2832,2025-10-26 00:00:00+05:30,5.692099,55.304783,14.408997,77.00539
2833,2025-10-26 01:00:00+05:30,5.509882,51.632477,13.708391,76.328674
2834,2025-10-26 02:00:00+05:30,5.6521144,52.765083,14.288191,70.88018
2835,2025-10-26 03:00:00+05:30,6.156947,52.124958,16.18199,64.2901
2836,2025-10-26 04:00:00+05:30,8.281956,47.64261,19.386593,58.671368
2837,2025-10-26 05:00:00+05:30,10.32924,41.46761,22.433662,51.842735
2838,2025-10-26 06:00:00+05:30,10.195057,42.13753,22.575472,52.124958
2839,2025-10-26 07:00:00+05:30,11.334285,46.930573,22.117304,56.95658
2840,2025-10-26 08:00:00+05:30,9.504273,65.37646,18.65151,67.8905
2841,2025-10-26 09:00:00+05:30,11.91948,75.124275,16.50218,76.11531
2842,2025-10-26 10:00:00+05:30,14.221139,89.274796,19.08085,90.540504
2843,2025-10-26 11:00:00+05:30,15.367616,95.37662,20.436144,95.55986
2844,2025-10-26 12:00:00+05:30,14.417988,92.86235,18.930832,93.270424
2845,2025-10-26 13:00:00+05:30,12.466867,94.96966,16.263872,95.07952
2846,2025-10-26 14:00:00+05:30,10.759423,107.52566,14.019216,105.64231
2847,2025-10-26 15:00:00+05:30,13.690654,92.26045,18.367939,91.68465
2848,2025-10-26 16:00:00+05:30,13.110376,98.68627,19.885721,99.37699
2849,2025-10-26 17:00:00+05:30,9.826088,81.57312,19.983242,82.234924
2850,2025-10-26 18:00:00+05:30,6.320538,109.98319,16.04526,93.21542
2851,2025-10-26 19:00:00+05:30,2.7059932,183.814,7.256032,113.38525
2852,2025-10-26 20:00:00+05:30,0.742159,255.96373,7.388775,87.20736
2853,2025-10-26 21:00:00+05:30,3.9640884,50.52757,12.708816,74.38895
2854,2025-10-26 22:00:00+05:30,7.989242,67.47939,18.051228,80.81954
2855,2025-10-26 23:00:00+05:30,6.2483597,78.366394,14.975741,103.201096
2856,2025-10-27 00:00:00+05:30,5.983477,74.2913,13.379461,107.21616
2857,2025-10-27 01:00:00+05:30,4.2021422,80.13426,10.829958,111.44781
2858,2025-10-27 02:00:00+05:30,4.1046314,74.74483,10.041354,104.5345
2859,2025-10-27 03:00:00+05:30,5.896202,77.660934,12.371645,98.3658
2860,2025-10-27 04:00:00+05:30,6.7469993,80.78905,13.797912,97.495766
2861,2025-10-27 05:00:00+05:30,7.3799996,77.319626,15.137133,92.72626
2862,2025-10-27 06:00:00+05:30,4.5891175,41.82009,10.215693,75.71888
2863,2025-10-27 07:00:00+05:30,5.3999996,53.13002,10.096059,78.6901
2864,2025-10-27 08:00:00+05:30,6.9270773,65.432846,14.713831,82.266495
2865,2025-10-27 09:00:00+05:30,7.458606,81.67444,13.861168,90.74404
2866,2025-10-27 10:00:00+05:30,9.266067,65.92451,14.118243,70.640915
2867,2025-10-27 11:00:00+05:30,9.6480665,75.96373,13.590894,78.54128
2868,2025-10-27 12:00:00+05:30,10.548061,64.74687,15.137133,64.65388
2869,2025-10-27 13:00:00+05:30,12.882267,74.60439,19.514856,75.57919
2870,2025-10-27 14:00:00+05:30,11.351422,75.302635,17.512806,77.53508
2871,2025-10-27 15:00:00+05:30,11.837651,81.25392,19.559633,83.659904
2872,2025-10-27 16:00:00+05:30,13.1041975,74.054535,22.26477,75.96373
2873,2025-10-27 17:00:00+05:30,13.130133,61.326946,23.85051,65.94971
2874,2025-10-27 18:00:00+05:30,12.841963,58.76084,23.426292,64.025665
2875,2025-10-27 19:00:00+05:30,13.690654,50.869614,24.66197,56.3099
2876,2025-10-27 20:00:00+05:30,12.204212,37.208004,21.893505,44.333885
2877,2025-10-27 21:00:00+05:30,13.493999,43.91917,24.131413,49.53785
2878,2025-10-27 22:00:00+05:30,12.492829,53.79046,22.419937,57.45827
2879,2025-10-27 23:00:00+05:30,10.703569,19.653913,19.56377,25.621956
2880,2025-10-28 00:00:00+05:30,12.601285,21.801476,22.195541,30.724627
2881,2025-10-28 01:00:00+05:30,13.4903965,31.357033,23.728615,35.73987
2882,2025-10-28 02:00:00+05:30,12.181624,34.159744,22.632092,39.51381
2883,2025-10-28 03:00:00+05:30,11.720751,42.510403,21.286474,48.084904
2884,2025-10-28 04:00:00+05:30,12.616702,42.108665,21.650938,47.021362
2885,2025-10-28 05:00:00+05:30,17.95043,43.781216,29.401775,44.751976
2886,2025-10-28 06:00:00+05:30,15.94804,53.259346,26.912258,55.35326
2887,2025-10-28 07:00:00+05:30,14.174356,49.635548,24.192429,53.471054
2888,2025-10-28 08:00:00+05:30,13.004922,41.63345,21.76512,45.33504
2889,2025-10-28 09:00:00+05:30,13.239486,46.10162,22.022615,45.993378
2890,2025-10-28 10:00:00+05:30,13.719023,51.92717,20.188908,50.063675
2891,2025-10-28 11:00:00+05:30,17.423777,56.80242,25.36212,56.87384
2892,2025-10-28 12:00:00+05:30,15.552041,52.997395,22.431496,54.14156
2893,2025-10-28 13:00:00+05:30,14.773164,43.02507,20.746902,44.648525
2894,2025-10-28 14:00:00+05:30,15.676542,34.237514,22.248028,36.77728
2895,2025-10-28 15:00:00+05:30,16.85669,30.124239,23.372984,32.0989
2896,2025-10-28 16:00:00+05:30,17.065859,26.29473,24.63897,27.875425
2897,2025-10-28 17:00:00+05:30,15.553083,23.895174,26.16509,27.446367
2898,2025-10-28 18:00:00+05:30,15.874734,29.180716,28.156626,33.791695
2899,2025-10-28 19:00:00+05:30,13.239486,46.10162,24.15289,50.139805
2900,2025-10-28 20:00:00+05:30,13.072015,38.290207,23.292444,44.68694
2901,2025-10-28 21:00:00+05:30,10.656547,37.450653,19.219584,45.3794
2902,2025-10-28 22:00:00+05:30,9.6480665,14.036275,17.068707,27.645891
2903,2025-10-28 23:00:00+05:30,9.793059,36.027473,17.95765,47.030922
2904,2025-10-29 00:00:00+05:30,10.308831,12.094739,18.675814,26.31802
2905,2025-10-29 01:00:00+05:30,11.334284,10.060627,19.866161,17.942541
2906,2025-10-29 02:00:00+05:30,9.997699,23.33406,18.491003,31.059345
2907,2025-10-29 03:00:00+05:30,11.605464,23.78204,20.931143,31.639748
2908,2025-10-29 04:00:00+05:30,10.934166,32.905247,20.523157,37.875053
2909,2025-10-29 05:00:00+05:30,13.009903,14.4208145,23.175304,19.983198
2910,2025-10-29 06:00:00+05:30,12.606426,9.865748,22.22836,15.499343
2911,2025-10-29 07:00:00+05:30,10.120099,38.500687,17.356705,40.79455
2912,2025-10-29 08:00:00+05:30,7.44121,32.15227,11.161451,37.794006
2913,2025-10-29 09:00:00+05:30,9.044888,47.419548,12.124306,49.214275
2914,2025-10-29 10:00:00+05:30,10.564941,44.309803,14.003028,46.041542
2915,2025-10-29 11:00:00+05:30,12.744457,53.61555,16.092644,53.642708
2916,2025-10-29 12:00:00+05:30,13.130133,56.745625,16.774803,56.82148
2917,2025-10-29 13:00:00+05:30,13.619471,60.72485,17.816362,60.32702
2918,2025-10-29 14:00:00+05:30,13.934605,61.448715,18.201372,61.66097
2919,2025-10-29 15:00:00+05:30,13.874019,45.525578,18.466455,46.97493
2920,2025-10-29 16:00:00+05:30,13.202726,25.866312,18.603678,28.30066
2921,2025-10-29 17:00:00+05:30,8.913181,43.36347,18.335276,46.5911
2922,2025-10-29 18:00:00+05:30,16.740969,36.253937,28.28464,42.420803
2923,2025-10-29 19:00:00+05:30,11.119281,29.054508,21.280384,35.706783
2924,2025-10-29 20:00:00+05:30,10.759423,17.525654,21.702505,30.393185
2925,2025-10-29 21:00:00+05:30,9.627896,20.806877,20.592503,36.469334
2926,2025-10-29 22:00:00+05:30,9.83268,23.749514,20.696087,40.06073
2927,2025-10-29 23:00:00+05:30,10.718693,40.9143,22.431496,54.14156
2928,2025-10-30 00:00:00+05:30,11.638917,50.648273,24.070244,62.860188
2929,2025-10-30 01:00:00+05:30,10.486448,50.572224,22.298214,63.64186
2930,2025-10-30 02:00:00+05:30,11.466438,47.544853,22.885498,60.81419
2931,2025-10-30 03:00:00+05:30,12.791403,50.710617,24.788424,58.96496
2932,2025-10-30 04:00:00+05:30,12.638512,54.272507,23.910208,62.66342
2933,2025-10-30 05:00:00+05:30,11.132385,50.906155,21.419998,61.92762
2934,2025-10-30 06:00:00+05:30,12.483749,65.28258,23.736124,71.42756
2935,2025-10-30 07:00:00+05:30,13.985663,58.15099,23.828764,64.015686
2936,2025-10-30 08:00:00+05:30,14.138882,58.53591,23.188583,62.24156
2937,2025-10-30 09:00:00+05:30,12.387348,54.46224,20.224983,57.72439
2938,2025-10-30 10:00:00+05:30,18.116623,64.70802,25.043299,64.90851
2939,2025-10-30 11:00:00+05:30,16.516901,69.59004,22.256763,71.12536
2940,2025-10-30 12:00:00+05:30,17.114204,67.75093,25.0064,67.126305
2941,2025-10-30 13:00:00+05:30,17.088627,66.40517,26.944744,67.203445
2942,2025-10-30 14:00:00+05:30,18.089775,58.840755,26.703775,59.632458
2943,2025-10-30 15:00:00+05:30,18.161278,50.630707,25.922499,52.33432
2944,2025-10-30 16:00:00+05:30,16.831684,48.468323,25.582806,50.710617
2945,2025-10-30 17:00:00+05:30,17.974781,57.264786,28.80281,59.589005
2946,2025-10-30 18:00:00+05:30,15.299999,61.92762,25.44566,64.8852
2947,2025-10-30 19:00:00+05:30,13.089354,58.495792,22.32653,60.54169
2948,2025-10-30 20:00:00+05:30,12.503199,59.743652,21.824583,65.12587
2949,2025-10-30 21:00:00+05:30,10.036512,57.45001,19.649702,65.07826
2950,2025-10-30 22:00:00+05:30,9.847496,59.215923,19.287737,67.50349
2951,2025-10-30 23:00:00+05:30,8.461915,38.088825,17.318394,52.177197
