,date,wind_speed_10m,wind_direction_10m,wind_speed_100m,wind_direction_100m
0,2025-06-30 00:00:00+05:30,4.5536795,18.435053,9.044888,31.159245
1,2025-06-30 01:00:00+05:30,4.327493,343.0724,9.459852,21.194136
2,2025-06-30 02:00:00+05:30,4.3573384,51.709793,10.261579,68.38517
3,2025-06-30 03:00:00+05:30,5.1826253,69.67678,10.823973,86.186005
4,2025-06-30 04:00:00+05:30,7.989242,112.52061,14.913952,113.47101
5,2025-06-30 05:00:00+05:30,8.404285,136.73567,14.255272,135.0001
6,2025-06-30 06:00:00+05:30,13.619471,82.40546,19.424158,82.5458
7,2025-06-30 07:00:00+05:30,12.125642,95.96439,17.035456,96.67438
8,2025-06-30 08:00:00+05:30,10.365251,110.32322,13.441071,110.37652
9,2025-06-30 09:00:00+05:30,7.5685663,115.34614,9.580668,115.60214
10,2025-06-30 10:00:00+05:30,8.805294,139.14471,10.97262,138.99101
11,2025-06-30 11:00:00+05:30,10.8672905,153.43501,13.767352,154.44008
12,2025-06-30 12:00:00+05:30,7.562142,141.76614,10.799999,143.13002
13,2025-06-30 13:00:00+05:30,5.983477,136.2188,7.7650757,135.9391
14,2025-06-30 14:00:00+05:30,17.589418,162.12122,25.149162,165.06853
15,2025-06-30 15:00:00+05:30,5.6262593,172.64772,9.224011,174.40076
16,2025-06-30 16:00:00+05:30,4.6452556,144.46223,6.341009,145.40765
17,2025-06-30 17:00:00+05:30,5.2478566,112.1664,8.641874,125.6765
18,2025-06-30 18:00:00+05:30,5.5596404,119.05451,12.0921955,134.39699
19,2025-06-30 19:00:00+05:30,6.330782,104.82652,14.81915,130.07283
20,2025-06-30 20:00:00+05:30,8.707237,119.74479,17.630814,139.9698
21,2025-06-30 21:00:00+05:30,11.161451,142.206,21.347271,151.27397
22,2025-06-30 22:00:00+05:30,10.464797,139.18501,20.3774,147.99466
23,2025-06-30 23:00:00+05:30,11.712454,133.75471,21.817902,142.3737
24,2025-07-01 00:00:00+05:30,11.453715,120.191536,21.618742,129.25583
25,2025-07-01 01:00:00+05:30,11.032987,123.6901,21.313093,127.45065
26,2025-07-01 02:00:00+05:30,12.750811,131.56627,23.166216,134.37048
27,2025-07-01 03:00:00+05:30,12.738099,137.29063,23.138927,140.36568
28,2025-07-01 04:00:00+05:30,12.855831,135.5672,23.417301,140.9275
29,2025-07-01 05:00:00+05:30,12.961249,127.66569,22.218153,130.39983
30,2025-07-01 06:00:00+05:30,14.028457,123.4862,21.426805,125.425865
31,2025-07-01 07:00:00+05:30,11.886816,122.00535,15.931779,122.07397
32,2025-07-01 08:00:00+05:30,12.346741,97.53935,17.47484,101.88863
33,2025-07-01 09:00:00+05:30,12.367716,111.33693,16.144905,112.27595
34,2025-07-01 10:00:00+05:30,13.78029,113.886505,20.634155,113.658005
35,2025-07-01 11:00:00+05:30,13.644427,126.41647,18.648035,126.75938
36,2025-07-01 12:00:00+05:30,13.437455,129.0194,17.401447,129.1226
37,2025-07-01 13:00:00+05:30,13.229693,146.09369,18.42166,146.15463
38,2025-07-01 14:00:00+05:30,9.931042,136.46873,13.379461,137.72638
39,2025-07-01 15:00:00+05:30,12.039833,121.551346,19.719656,123.83516
40,2025-07-01 16:00:00+05:30,6.618519,135.0001,10.075177,138.62158
41,2025-07-01 17:00:00+05:30,5.6492476,149.34941,9.360001,157.3801
42,2025-07-01 18:00:00+05:30,9.039514,144.7275,18.36794,155.69547
43,2025-07-01 19:00:00+05:30,10.8792095,141.04408,21.679354,150.66826
44,2025-07-01 20:00:00+05:30,9.059205,130.97165,19.134262,138.81418
45,2025-07-01 21:00:00+05:30,8.574123,129.0355,18.466455,136.97493
46,2025-07-01 22:00:00+05:30,9.418662,135.0001,19.340576,141.42345
47,2025-07-01 23:00:00+05:30,8.281956,132.3574,17.610588,139.14471
48,2025-07-02 00:00:00+05:30,9.511088,119.4758,18.9,126.86999
49,2025-07-02 01:00:00+05:30,8.775807,115.513824,17.782686,121.75944
50,2025-07-02 02:00:00+05:30,8.490582,111.124794,17.146358,116.83397
51,2025-07-02 03:00:00+05:30,9.796366,110.432915,19.008547,114.62355
52,2025-07-02 04:00:00+05:30,10.144082,117.47435,18.800308,120.49328
53,2025-07-02 05:00:00+05:30,10.1902895,107.47486,18.318481,112.533295
54,2025-07-02 06:00:00+05:30,10.495713,95.906044,15.226764,96.78888
55,2025-07-02 07:00:00+05:30,11.811622,97.88305,16.039202,99.039406
56,2025-07-02 08:00:00+05:30,11.832176,103.19062,15.629971,104.67644
57,2025-07-02 09:00:00+05:30,10.897063,112.328705,13.971756,111.93854
58,2025-07-02 10:00:00+05:30,12.841963,121.23916,16.299694,120.529625
59,2025-07-02 11:00:00+05:30,12.3165245,116.939445,15.697197,116.56499
60,2025-07-02 12:00:00+05:30,11.298495,120.65059,14.266632,119.4758
61,2025-07-02 13:00:00+05:30,11.272657,128.51695,14.148046,126.7242
62,2025-07-02 14:00:00+05:30,13.393983,138.81416,17.47484,138.75865
63,2025-07-02 15:00:00+05:30,7.841888,189.24603,10.337079,187.00117
64,2025-07-02 16:00:00+05:30,9.0645685,173.15732,12.346741,172.46065
65,2025-07-02 17:00:00+05:30,4.2021422,189.86574,6.2483597,191.6336
66,2025-07-02 18:00:00+05:30,9.3340025,129.5226,16.80857,133.26433
67,2025-07-02 19:00:00+05:30,7.889258,124.77791,15.655861,134.53424
68,2025-07-02 20:00:00+05:30,11.583108,134.37048,21.004541,136.04153
69,2025-07-02 21:00:00+05:30,12.387348,144.46223,21.767351,145.78424
70,2025-07-02 22:00:00+05:30,4.278551,202.24907,10.564942,188.8203
71,2025-07-02 23:00:00+05:30,6.6405115,122.828545,12.492829,143.79045
72,2025-07-03 00:00:00+05:30,5.0816135,112.93214,11.466438,137.54485
73,2025-07-03 01:00:00+05:30,8.39078,125.39488,16.176983,137.2546
74,2025-07-03 02:00:00+05:30,9.807935,132.76881,18.610641,138.13644
75,2025-07-03 03:00:00+05:30,10.946013,135.0001,20.051224,139.73352
76,2025-07-03 04:00:00+05:30,10.348043,130.06073,19.72869,135.36961
77,2025-07-03 05:00:00+05:30,11.362834,130.50276,19.346441,135.0001
78,2025-07-03 06:00:00+05:30,11.7,143.13002,15.841022,143.78107
79,2025-07-03 07:00:00+05:30,11.681987,146.3099,16.12583,146.84207
80,2025-07-03 08:00:00+05:30,10.908951,142.3737,14.4,143.13002
81,2025-07-03 09:00:00+05:30,11.272657,141.48305,14.508715,142.56136
82,2025-07-03 10:00:00+05:30,11.919479,141.74553,14.98331,141.34018
83,2025-07-03 11:00:00+05:30,8.836514,176.49654,12.145665,173.19104
84,2025-07-03 12:00:00+05:30,7.44121,122.15227,10.248941,120.61853
85,2025-07-03 13:00:00+05:30,12.039833,148.44867,14.787414,148.43823
86,2025-07-03 14:00:00+05:30,5.8298883,188.88058,8.669949,184.76355
87,2025-07-03 15:00:00+05:30,10.63372,182.91078,14.238215,182.89851
88,2025-07-03 16:00:00+05:30,6.696387,216.25392,8.893166,215.9422
89,2025-07-03 17:00:00+05:30,4.1085763,151.1893,7.353611,158.45895
90,2025-07-03 18:00:00+05:30,7.353611,158.45895,15.725037,164.05453
91,2025-07-03 19:00:00+05:30,8.53815,145.30478,17.399586,155.55606
92,2025-07-03 20:00:00+05:30,3.9966483,144.16226,11.402683,168.15794
93,2025-07-03 21:00:00+05:30,8.338489,147.3391,16.740967,163.12366
94,2025-07-03 22:00:00+05:30,7.0107627,150.80261,15.827721,162.80138
95,2025-07-03 23:00:00+05:30,6.452441,157.01126,15.273505,171.86998
96,2025-07-04 00:00:00+05:30,4.293669,213.02386,10.874742,208.68605
97,2025-07-04 01:00:00+05:30,9.0018,191.53459,17.76081,197.70052
98,2025-07-04 02:00:00+05:30,6.87779,186.00891,13.451914,192.36249
99,2025-07-04 03:00:00+05:30,6.193674,144.46223,12.750811,161.0534
100,2025-07-04 04:00:00+05:30,6.248359,138.50363,11.500296,162.69939
101,2025-07-04 05:00:00+05:30,2.968636,194.03627,6.439876,206.56499
102,2025-07-04 06:00:00+05:30,9.761578,174.71,17.283749,178.80653
103,2025-07-04 07:00:00+05:30,8.996398,199.88525,12.601285,201.80147
104,2025-07-04 08:00:00+05:30,7.8583965,200.09532,10.365251,200.32323
105,2025-07-04 09:00:00+05:30,6.090812,214.15974,7.538541,213.31064
106,2025-07-04 10:00:00+05:30,8.467655,177.5634,10.446206,178.02512
107,2025-07-04 11:00:00+05:30,8.297589,176.26868,10.2742,176.98727
108,2025-07-04 12:00:00+05:30,8.287822,182.4895,10.674773,185.80663
109,2025-07-04 13:00:00+05:30,9.346143,164.3577,11.525623,165.52966
110,2025-07-04 14:00:00+05:30,14.319901,194.56032,19.416653,190.68486
111,2025-07-04 15:00:00+05:30,10.583326,221.55252,14.336861,218.8845
112,2025-07-04 16:00:00+05:30,5.297018,189.78233,7.486788,189.68872
113,2025-07-04 17:00:00+05:30,4.412754,191.76826,11.5115595,189.90411
114,2025-07-04 18:00:00+05:30,8.281956,178.75467,16.764177,183.0774
115,2025-07-04 19:00:00+05:30,8.790563,190.6196,17.085785,191.54666
116,2025-07-04 20:00:00+05:30,6.7205353,172.30405,14.410121,177.85246
117,2025-07-04 21:00:00+05:30,6.489992,146.3099,13.672893,159.17903
118,2025-07-04 22:00:00+05:30,7.5363917,139.84407,15.531193,147.78348
119,2025-07-04 23:00:00+05:30,7.9138603,162.80138,16.486465,169.30354
120,2025-07-05 00:00:00+05:30,6.9550843,169.56258,15.299999,180.0
121,2025-07-05 01:00:00+05:30,6.1437774,174.95764,14.205182,188.74608
122,2025-07-05 02:00:00+05:30,4.1556225,162.3498,10.674773,185.80663
123,2025-07-05 03:00:00+05:30,6.2999997,180.0,13.590894,191.45872
124,2025-07-05 04:00:00+05:30,5.5216303,199.0257,12.879752,206.56499
125,2025-07-05 05:00:00+05:30,5.2939587,197.81898,10.436895,212.3196
126,2025-07-05 06:00:00+05:30,7.193247,148.29861,13.009903,165.5792
127,2025-07-05 07:00:00+05:30,8.709098,161.93944,14.713829,165.1137
128,2025-07-05 08:00:00+05:30,8.865799,174.17375,11.409785,173.6599
129,2025-07-05 09:00:00+05:30,5.3999996,180.0,6.8423676,181.5074
130,2025-07-05 10:00:00+05:30,4.802999,167.00539,6.0721655,168.0239
131,2025-07-05 11:00:00+05:30,4.3573384,141.7098,5.293959,144.6887
132,2025-07-05 12:00:00+05:30,4.2481523,143.61555,5.1481256,143.53067
133,2025-07-05 13:00:00+05:30,12.399113,170.81123,16.039202,170.9606
134,2025-07-05 14:00:00+05:30,7.8583965,200.09532,11.272657,199.59238
135,2025-07-05 15:00:00+05:30,5.0432134,177.95464,7.2,180.0
136,2025-07-05 16:00:00+05:30,4.846648,158.19853,6.151683,159.44388
137,2025-07-05 17:00:00+05:30,8.101999,178.727,12.781267,179.19308
138,2025-07-05 18:00:00+05:30,11.854062,138.07755,21.45627,142.84163
139,2025-07-05 19:00:00+05:30,9.292254,135.78474,17.878086,147.75005
140,2025-07-05 20:00:00+05:30,8.574123,129.0355,17.823637,141.97272
141,2025-07-05 21:00:00+05:30,9.252069,142.90709,18.35647,154.44008
142,2025-07-05 22:00:00+05:30,10.304115,160.61539,19.0392,164.64981
143,2025-07-05 23:00:00+05:30,8.155807,157.96371,15.156386,164.14801
144,2025-07-06 00:00:00+05:30,7.029225,166.67546,13.039754,173.6599
145,2025-07-06 01:00:00+05:30,6.8423676,153.43501,11.612441,161.00325
146,2025-07-06 02:00:00+05:30,5.876938,139.9698,9.826088,151.55717
147,2025-07-06 03:00:00+05:30,6.889557,146.7251,11.453715,149.80847
148,2025-07-06 04:00:00+05:30,6.1305785,139.76372,9.636307,147.20047
149,2025-07-06 05:00:00+05:30,5.9617786,118.88649,8.836514,123.36639
150,2025-07-06 06:00:00+05:30,8.641874,125.6765,11.592894,126.15828
151,2025-07-06 07:00:00+05:30,9.904906,160.90642,13.841286,159.44388
152,2025-07-06 08:00:00+05:30,6.7757506,140.38934,8.574123,140.9645
153,2025-07-06 09:00:00+05:30,9.109138,142.22426,11.525623,141.34016
154,2025-07-06 10:00:00+05:30,4.599695,149.42085,5.9617786,151.11351
155,2025-07-06 11:00:00+05:30,4.7928696,124.286934,6.489992,123.6901
156,2025-07-06 12:00:00+05:30,4.863332,141.009,6.384293,139.574
157,2025-07-06 13:00:00+05:30,6.341009,145.40765,8.53815,145.30478
158,2025-07-06 14:00:00+05:30,7.8480825,126.60716,10.152064,127.07316
159,2025-07-06 15:00:00+05:30,4.514377,113.49858,5.9617786,118.88649
160,2025-07-06 16:00:00+05:30,6.379216,73.61038,8.297589,77.4712
161,2025-07-06 17:00:00+05:30,6.5223618,117.979385,11.755254,115.38787
162,2025-07-06 18:00:00+05:30,3.2399998,90.0,9.059205,110.95586
163,2025-07-06 19:00:00+05:30,6.1437774,84.95764,13.644427,98.34381
164,2025-07-06 20:00:00+05:30,8.707238,97.12492,16.854767,109.98319
165,2025-07-06 21:00:00+05:30,8.373386,115.46331,16.732256,130.2001
166,2025-07-06 22:00:00+05:30,11.362834,130.50276,20.746902,135.35147
167,2025-07-06 23:00:00+05:30,10.285232,122.85572,18.252037,126.982994
168,2025-07-07 00:00:00+05:30,9.178235,101.3099,16.580532,110.99293
169,2025-07-07 01:00:00+05:30,10.993271,92.8155,18.968447,99.28348
170,2025-07-07 02:00:00+05:30,10.658068,85.15609,18.72346,91.101685
171,2025-07-07 03:00:00+05:30,11.173057,87.22985,19.820442,92.60251
172,2025-07-07 04:00:00+05:30,10.6261,88.058556,18.941954,93.814
173,2025-07-07 05:00:00+05:30,11.440978,77.27565,19.602652,82.61405
174,2025-07-07 06:00:00+05:30,7.342588,78.6901,10.564942,81.1797
175,2025-07-07 07:00:00+05:30,12.0694,107.35411,17.418196,108.06056
176,2025-07-07 08:00:00+05:30,10.385547,115.67677,14.49531,114.973885
177,2025-07-07 09:00:00+05:30,10.692969,126.09837,14.835537,125.61858
178,2025-07-07 10:00:00+05:30,7.256032,136.00499,9.418662,135.0001
179,2025-07-07 11:00:00+05:30,6.9480934,143.42688,8.604301,142.65057
180,2025-07-07 12:00:00+05:30,6.037383,169.6952,8.019601,170.9606
181,2025-07-07 13:00:00+05:30,5.5567255,155.09526,7.186487,157.93205
182,2025-07-07 14:00:00+05:30,6.763786,154.7989,9.059205,159.04414
183,2025-07-07 15:00:00+05:30,9.761578,174.71,14.957339,177.24095
184,2025-07-07 16:00:00+05:30,8.467655,182.4366,14.154915,187.30566
185,2025-07-07 17:00:00+05:30,9.5416975,181.0809,15.905319,185.19434
186,2025-07-07 18:00:00+05:30,2.0124612,169.6952,5.1197267,169.8754
187,2025-07-07 19:00:00+05:30,4.3498964,155.55606,9.430694,166.75948
188,2025-07-07 20:00:00+05:30,6.1120534,166.37299,13.060857,172.87508
189,2025-07-07 21:00:00+05:30,5.5829024,159.22766,12.371645,171.6342
190,2025-07-07 22:00:00+05:30,4.7657523,169.11452,10.62,180.0
191,2025-07-07 23:00:00+05:30,7.415038,174.4279,13.861168,180.74405
192,2025-07-08 00:00:00+05:30,6.130579,176.6336,11.35285,182.72626
193,2025-07-08 01:00:00+05:30,6.3639607,151.2603,11.612441,161.00325
194,2025-07-08 02:00:00+05:30,6.6624317,128.41809,12.616702,137.89134
195,2025-07-08 03:00:00+05:30,6.156947,127.875046,11.966954,133.7812
196,2025-07-08 04:00:00+05:30,5.796447,126.15828,11.334285,136.93057
197,2025-07-08 05:00:00+05:30,5.8409934,123.690094,11.203464,133.69812
198,2025-07-08 06:00:00+05:30,6.924738,188.97255,12.9249525,192.875
199,2025-07-08 07:00:00+05:30,7.5685663,182.72626,12.961249,189.59306
200,2025-07-08 08:00:00+05:30,10.096059,191.30989,17.482254,196.75583
201,2025-07-08 09:00:00+05:30,12.241323,216.02747,17.604149,217.10432
202,2025-07-08 10:00:00+05:30,10.685391,212.61923,14.028457,213.48619
203,2025-07-08 11:00:00+05:30,12.074766,206.56499,16.985933,207.10805
204,2025-07-08 12:00:00+05:30,11.043261,199.0257,16.854767,199.9832
205,2025-07-08 13:00:00+05:30,11.103243,199.90384,17.214249,201.46771
206,2025-07-08 14:00:00+05:30,10.441552,180.98773,14.248452,183.62141
207,2025-07-08 15:00:00+05:30,15.137133,182.72626,19.807362,181.5622
208,2025-07-08 16:00:00+05:30,10.132897,167.692,17.662945,177.07935
209,2025-07-08 17:00:00+05:30,7.823272,156.97447,15.893093,166.9081
210,2025-07-08 18:00:00+05:30,10.390226,165.96373,20.441692,167.79955
211,2025-07-08 19:00:00+05:30,10.390226,165.96373,20.898611,169.07724
212,2025-07-08 20:00:00+05:30,11.594292,152.24155,22.26477,157.1663
213,2025-07-08 21:00:00+05:30,12.72283,154.8852,23.263912,158.19853
214,2025-07-08 22:00:00+05:30,12.313894,142.12495,23.269482,145.08052
215,2025-07-08 23:00:00+05:30,11.7662735,150.6901,22.47983,155.89777
216,2025-07-09 00:00:00+05:30,13.379461,160.34608,23.885803,164.70695
217,2025-07-09 01:00:00+05:30,13.327294,163.52304,24.406433,166.78366
218,2025-07-09 02:00:00+05:30,10.387107,152.10281,19.656296,159.07542
219,2025-07-09 03:00:00+05:30,9.703319,130.48593,18.581894,141.68687
220,2025-07-09 04:00:00+05:30,10.373061,141.34018,19.91503,150.19098
221,2025-07-09 05:00:00+05:30,10.908951,142.3737,20.53105,152.31174
222,2025-07-09 06:00:00+05:30,12.864649,162.07199,22.877708,169.57425
223,2025-07-09 07:00:00+05:30,12.791403,166.15929,22.732082,171.80583
224,2025-07-09 08:00:00+05:30,13.775586,173.24652,23.770906,178.26433
225,2025-07-09 09:00:00+05:30,14.383114,171.36295,23.096884,175.97809
226,2025-07-09 10:00:00+05:30,13.849476,171.02745,21.23237,172.69434
227,2025-07-09 11:00:00+05:30,16.171976,163.17851,23.018898,164.11607
228,2025-07-09 12:00:00+05:30,16.24394,167.19574,21.438143,166.8972
229,2025-07-09 13:00:00+05:30,18.22361,176.03543,24.522316,176.6336
230,2025-07-09 14:00:00+05:30,16.700275,172.56868,23.242315,172.43477
231,2025-07-09 15:00:00+05:30,15.367616,174.62338,22.42427,174.47255
232,2025-07-09 16:00:00+05:30,11.989945,172.23492,21.087675,177.06439
233,2025-07-09 17:00:00+05:30,9.266067,172.1848,17.654688,177.66275
234,2025-07-09 18:00:00+05:30,11.638917,148.27644,22.881958,155.85446
235,2025-07-09 19:00:00+05:30,12.750811,138.43373,24.512405,146.0765
236,2025-07-09 20:00:00+05:30,12.984975,136.12321,23.760681,142.69597
237,2025-07-09 21:00:00+05:30,12.456468,142.63326,23.166218,147.05078
238,2025-07-09 22:00:00+05:30,10.948973,133.66785,21.392754,141.49074
239,2025-07-09 23:00:00+05:30,10.799999,126.86998,20.746902,135.35147
240,2025-07-10 00:00:00+05:30,13.644427,126.41647,24.470734,132.01846
241,2025-07-10 01:00:00+05:30,12.496718,131.49637,23.066002,137.84668
242,2025-07-10 02:00:00+05:30,11.734564,138.73149,21.134483,144.0084
243,2025-07-10 03:00:00+05:30,14.233664,147.91785,24.809328,151.38963
244,2025-07-10 04:00:00+05:30,11.466438,137.54485,21.028437,141.95291
245,2025-07-10 05:00:00+05:30,12.678185,141.34016,22.034382,143.97253
246,2025-07-10 06:00:00+05:30,12.652604,140.19447,21.370783,147.38077
247,2025-07-10 07:00:00+05:30,12.124306,139.21428,17.065859,142.28395
248,2025-07-10 08:00:00+05:30,12.074766,153.43501,17.38934,154.23073
249,2025-07-10 09:00:00+05:30,10.694485,133.63614,14.128566,135.5161
250,2025-07-10 10:00:00+05:30,11.720751,137.4896,15.172409,138.36656
251,2025-07-10 11:00:00+05:30,13.298089,140.49236,17.00881,140.58263
252,2025-07-10 12:00:00+05:30,12.931218,141.21562,16.671148,142.01645
253,2025-07-10 13:00:00+05:30,15.096411,140.80675,19.48162,141.75354
254,2025-07-10 14:00:00+05:30,11.052058,163.92636,16.595179,167.4712
255,2025-07-10 15:00:00+05:30,8.181589,129.64413,12.870944,137.83418
256,2025-07-10 16:00:00+05:30,12.3165245,153.06055,19.83025,156.45995
257,2025-07-10 17:00:00+05:30,12.295462,162.09546,22.55106,163.30067
258,2025-07-10 18:00:00+05:30,8.099999,126.86999,17.205778,137.9683
259,2025-07-10 19:00:00+05:30,10.601679,139.82083,21.522614,147.63908
260,2025-07-10 20:00:00+05:30,11.782784,145.58157,22.259676,149.9104
261,2025-07-10 21:00:00+05:30,11.480557,138.81418,21.385939,143.90163
262,2025-07-10 22:00:00+05:30,9.931042,136.46873,19.987295,141.58191
263,2025-07-10 23:00:00+05:30,7.973005,118.30067,16.697365,131.94122
264,2025-07-11 00:00:00+05:30,9.582359,95.38922,17.311846,115.232796
265,2025-07-11 01:00:00+05:30,7.771331,103.39252,15.861463,117.72817
266,2025-07-11 02:00:00+05:30,7.247096,104.38144,14.757804,120.00484
267,2025-07-11 03:00:00+05:30,8.688613,103.17256,16.947742,112.47948
268,2025-07-11 04:00:00+05:30,9.885262,100.491425,18.841623,108.95433
269,2025-07-11 05:00:00+05:30,9.965239,110.07162,18.459436,113.56541
270,2025-07-11 06:00:00+05:30,9.7880945,122.22874,14.480773,124.875404
271,2025-07-11 07:00:00+05:30,13.110376,134.44382,18.080818,133.3865
272,2025-07-11 08:00:00+05:30,12.136325,144.6598,16.383955,144.38907
273,2025-07-11 09:00:00+05:30,12.881008,146.97612,17.325876,147.30055
274,2025-07-11 10:00:00+05:30,10.990322,148.39255,13.891522,148.78166
275,2025-07-11 11:00:00+05:30,11.672275,160.16779,15.151039,156.17574
276,2025-07-11 12:00:00+05:30,7.8583965,159.90468,10.564942,156.92957
277,2025-07-11 13:00:00+05:30,12.267763,157.5741,16.521803,156.22765
278,2025-07-11 14:00:00+05:30,7.247096,165.61858,9.82279,166.21838
279,2025-07-11 15:00:00+05:30,8.65873,159.30447,11.165805,159.22766
280,2025-07-11 16:00:00+05:30,9.6480665,165.96373,13.1412325,166.53477
281,2025-07-11 17:00:00+05:30,6.1569467,164.74483,11.656998,166.60748
282,2025-07-11 18:00:00+05:30,5.6262593,97.35229,12.472065,110.26578
283,2025-07-11 19:00:00+05:30,7.0568266,84.14409,14.101021,104.03627
284,2025-07-11 20:00:00+05:30,8.604301,127.34943,17.566378,134.16977
285,2025-07-11 21:00:00+05:30,7.823272,156.97447,17.160524,164.79753
286,2025-07-11 22:00:00+05:30,4.2671766,152.35411,12.221456,170.67648
287,2025-07-11 23:00:00+05:30,3.244996,109.440125,8.39078,157.28555
288,2025-07-12 00:00:00+05:30,4.913044,98.42689,9.867218,128.33337
289,2025-07-12 01:00:00+05:30,1.5273507,44.999897,4.6102495,128.65984
290,2025-07-12 02:00:00+05:30,8.709098,108.06056,13.392774,126.25393
291,2025-07-12 03:00:00+05:30,7.814986,97.94338,13.1041975,110.924576
292,2025-07-12 04:00:00+05:30,6.452441,112.98875,13.729647,124.31515
293,2025-07-12 05:00:00+05:30,9.278297,108.08354,16.666288,117.67199
294,2025-07-12 06:00:00+05:30,7.8954163,155.77226,11.770403,156.57129
295,2025-07-12 07:00:00+05:30,8.78872,145.0079,11.48761,144.5666
296,2025-07-12 08:00:00+05:30,8.043805,139.53786,10.233123,140.71062
297,2025-07-12 09:00:00+05:30,8.738811,122.38066,11.238113,121.908066
298,2025-07-12 10:00:00+05:30,10.718693,130.91429,14.05845,129.80553
299,2025-07-12 11:00:00+05:30,8.320986,141.14662,10.348043,139.93929
300,2025-07-12 12:00:00+05:30,8.536252,132.43619,10.4493065,132.20723
301,2025-07-12 13:00:00+05:30,6.638072,139.39879,8.067936,141.34016
302,2025-07-12 14:00:00+05:30,6.2613096,161.56496,7.42159,157.1663
303,2025-07-12 15:00:00+05:30,10.658068,184.84392,14.769874,182.0952
304,2025-07-12 16:00:00+05:30,8.891343,211.75943,12.039833,211.55133
305,2025-07-12 17:00:00+05:30,5.2478566,120.96369,7.4128532,119.05451
306,2025-07-12 18:00:00+05:30,5.0911684,171.86998,13.039754,173.6599
307,2025-07-12 19:00:00+05:30,3.9763298,174.80566,10.801499,180.95482
308,2025-07-12 20:00:00+05:30,3.6,126.86999,9.028754,156.50142
309,2025-07-12 21:00:00+05:30,3.7842832,115.34614,9.096681,152.92801
310,2025-07-12 22:00:00+05:30,5.232399,93.945114,10.650465,120.46546
311,2025-07-12 23:00:00+05:30,4.1556225,107.650215,10.656547,127.45065
312,2025-07-13 00:00:00+05:30,4.445672,111.3707,11.203464,133.69812
313,2025-07-13 01:00:00+05:30,4.1556225,85.03035,9.354806,120.01828
314,2025-07-13 02:00:00+05:30,3.7971041,58.570484,7.814986,97.94338
315,2025-07-13 03:00:00+05:30,4.896529,72.89719,10.801499,89.04518
316,2025-07-13 04:00:00+05:30,4.86,90.0,12.549757,98.24623
317,2025-07-13 05:00:00+05:30,4.2136917,109.98319,9.761578,112.78245
318,2025-07-13 06:00:00+05:30,3.3092594,44.999897,8.39657,59.03632
319,2025-07-13 07:00:00+05:30,3.9477081,65.77226,5.6492476,67.52052
320,2025-07-13 08:00:00+05:30,7.029225,76.67546,9.3962755,73.300674
321,2025-07-13 09:00:00+05:30,6.2483597,78.366394,8.163749,75.96373
322,2025-07-13 10:00:00+05:30,5.4744864,80.53775,7.029225,76.67546
323,2025-07-13 11:00:00+05:30,10.315115,119.24873,13.70839,119.93143
324,2025-07-13 12:00:00+05:30,5.004518,142.3057,6.384293,139.574
325,2025-07-13 13:00:00+05:30,4.942631,169.50858,6.0077944,171.38443
326,2025-07-13 14:00:00+05:30,4.278551,202.24907,5.2478566,202.1664
327,2025-07-13 15:00:00+05:30,2.8856194,183.57626,3.671294,191.30989
328,2025-07-13 16:00:00+05:30,6.5693827,99.46225,10.3480425,103.06932
329,2025-07-13 17:00:00+05:30,3.5455887,156.0375,5.8769383,152.6502
330,2025-07-13 18:00:00+05:30,3.4247334,86.98728,8.43699,123.690094
331,2025-07-13 19:00:00+05:30,5.5799994,90.0,11.620809,106.18928
332,2025-07-13 20:00:00+05:30,4.510787,61.389645,10.674773,84.193375
333,2025-07-13 21:00:00+05:30,5.876938,40.030197,11.7,67.3801
334,2025-07-13 22:00:00+05:30,8.707237,29.744795,16.848999,40.667606
335,2025-07-13 23:00:00+05:30,7.995323,31.184912,16.309628,42.316166
336,2025-07-14 00:00:00+05:30,10.337078,35.07383,20.12461,42.82525
337,2025-07-14 01:00:00+05:30,9.178235,25.559923,17.318394,37.82282
338,2025-07-14 02:00:00+05:30,10.337078,35.07383,19.239801,42.345757
339,2025-07-14 03:00:00+05:30,12.855831,45.5672,21.661413,47.69435
340,2025-07-14 04:00:00+05:30,12.097553,43.19129,20.75627,46.75695
341,2025-07-14 05:00:00+05:30,12.906138,50.09217,20.88698,51.64862
342,2025-07-14 06:00:00+05:30,20.907913,357.03912,34.10038,3.9347126
343,2025-07-14 07:00:00+05:30,20.532627,357.99048,33.377747,7.12493
344,2025-07-14 08:00:00+05:30,23.417301,2.2025495,37.47114,8.285721
345,2025-07-14 09:00:00+05:30,28.69236,53.417572,45.241272,55.04526
346,2025-07-14 10:00:00+05:30,27.017393,57.792336,42.732468,60.195347
347,2025-07-14 11:00:00+05:30,20.793701,78.009186,30.834688,80.59274
348,2025-07-14 12:00:00+05:30,15.629971,104.67644,24.43827,110.70431
349,2025-07-14 13:00:00+05:30,14.481893,237.69269,20.456745,241.63104
350,2025-07-14 14:00:00+05:30,22.146584,224.9999,32.846916,226.33214
351,2025-07-14 15:00:00+05:30,23.555254,223.45189,36.910973,224.9999
352,2025-07-14 16:00:00+05:30,19.448332,210.5999,32.47591,215.98077
353,2025-07-14 17:00:00+05:30,17.682194,202.12639,30.285501,204.58485
354,2025-07-14 18:00:00+05:30,14.813682,184.87918,27.16569,189.15018
355,2025-07-14 19:00:00+05:30,13.026081,191.15462,24.932436,192.93262
356,2025-07-14 20:00:00+05:30,12.991212,183.97241,24.187069,184.2678
357,2025-07-14 21:00:00+05:30,12.81165,175.97182,23.942705,179.13849
358,2025-07-14 22:00:00+05:30,15.96327,172.87508,27.90058,179.63036
359,2025-07-14 23:00:00+05:30,13.971757,165.06853,26.24854,170.92532
360,2025-07-15 00:00:00+05:30,14.975741,166.7989,27.16569,170.84982
361,2025-07-15 01:00:00+05:30,13.262714,172.1999,24.533545,176.21396
362,2025-07-15 02:00:00+05:30,14.455019,174.99945,25.942488,177.6141
363,2025-07-15 03:00:00+05:30,12.710091,167.73524,22.571884,175.42616
364,2025-07-15 04:00:00+05:30,11.659777,171.11942,21.26744,177.08922
365,2025-07-15 05:00:00+05:30,9.292254,171.08516,18.03237,176.56644
366,2025-07-15 06:00:00+05:30,16.93531,182.4366,26.776474,185.78716
367,2025-07-15 07:00:00+05:30,21.518847,197.52565,30.742609,197.37413
368,2025-07-15 08:00:00+05:30,18.076338,195.00497,25.591036,195.5026
369,2025-07-15 09:00:00+05:30,13.491597,193.1092,17.337091,192.59332
370,2025-07-15 10:00:00+05:30,10.03167,189.29323,13.084402,187.90707
371,2025-07-15 11:00:00+05:30,16.203999,178.727,23.040703,179.5524
372,2025-07-15 12:00:00+05:30,12.399113,189.18877,19.166409,194.68883
373,2025-07-15 13:00:00+05:30,9.595874,156.80139,14.206323,157.6593
374,2025-07-15 14:00:00+05:30,15.03835,168.9591,21.359411,167.83781
375,2025-07-15 15:00:00+05:30,14.957339,177.24095,20.712517,178.00795
376,2025-07-15 16:00:00+05:30,12.431734,182.4895,19.660416,183.67442
377,2025-07-15 17:00:00+05:30,11.968308,192.15492,21.145977,191.78816
378,2025-07-15 18:00:00+05:30,8.373386,154.5367,18.016191,158.30482
379,2025-07-15 19:00:00+05:30,10.215693,194.28113,21.231607,198.28143
380,2025-07-15 20:00:00+05:30,10.308831,167.90526,20.803045,170.53775
381,2025-07-15 21:00:00+05:30,14.835537,144.38142,26.332344,148.70045
382,2025-07-15 22:00:00+05:30,10.404249,149.88635,21.419998,151.92761
383,2025-07-15 23:00:00+05:30,11.9466305,149.18436,22.553934,155.48038
384,2025-07-16 00:00:00+05:30,12.7546215,171.06949,23.777721,172.60608
385,2025-07-16 01:00:00+05:30,11.090103,166.86597,21.010712,170.13426
386,2025-07-16 02:00:00+05:30,10.041354,165.4655,20.008356,171.7242
387,2025-07-16 03:00:00+05:30,12.466867,162.3498,22.530937,167.074
388,2025-07-16 04:00:00+05:30,12.124307,161.83395,22.66714,167.61925
389,2025-07-16 05:00:00+05:30,13.213764,155.87901,24.02174,162.10803
390,2025-07-16 06:00:00+05:30,12.783802,147.65259,22.695707,158.11415
391,2025-07-16 07:00:00+05:30,14.81259,154.05775,21.183483,155.3949
392,2025-07-16 08:00:00+05:30,10.621525,180.971,14.584445,178.5856
393,2025-07-16 09:00:00+05:30,18.900856,180.54564,29.564417,183.14107
394,2025-07-16 10:00:00+05:30,10.874741,155.55606,17.193533,160.42679
395,2025-07-16 11:00:00+05:30,13.644427,171.65619,19.091883,171.86998
396,2025-07-16 12:00:00+05:30,13.842457,167.22876,19.954037,166.96664
397,2025-07-16 13:00:00+05:30,15.611304,200.94272,22.206486,199.90384
398,2025-07-16 14:00:00+05:30,8.297589,192.5288,11.571914,195.33334
399,2025-07-16 15:00:00+05:30,9.854075,170.53775,14.000713,171.86998
400,2025-07-16 16:00:00+05:30,11.712455,177.35751,19.619999,180.0
401,2025-07-16 17:00:00+05:30,9.582359,174.61078,17.64,180.0
402,2025-07-16 18:00:00+05:30,6.206738,163.14153,15.710607,175.4
403,2025-07-16 19:00:00+05:30,8.171683,172.40544,18.720863,179.44911
404,2025-07-16 20:00:00+05:30,9.243311,173.29025,20.199335,176.42374
405,2025-07-16 21:00:00+05:30,10.018743,162.21602,20.368652,168.78941
406,2025-07-16 22:00:00+05:30,10.365251,159.67677,20.620806,163.77974
407,2025-07-16 23:00:00+05:30,9.621163,162.58194,19.523985,167.75769
408,2025-07-17 00:00:00+05:30,8.36758,161.1752,17.864489,167.7843
409,2025-07-17 01:00:00+05:30,7.4128532,150.9455,16.73516,161.1752
410,2025-07-17 02:00:00+05:30,7.5170207,163.30067,16.63126,170.028
411,2025-07-17 03:00:00+05:30,7.4932766,155.89777,16.419512,167.33495
412,2025-07-17 04:00:00+05:30,7.7420926,162.40749,16.63126,170.028
413,2025-07-17 05:00:00+05:30,7.538541,146.68936,15.275627,158.57465
414,2025-07-17 06:00:00+05:30,8.217153,151.1893,17.304358,161.18802
415,2025-07-17 07:00:00+05:30,9.734988,176.82024,13.690654,177.73955
416,2025-07-17 08:00:00+05:30,10.717182,187.72174,14.535487,187.82898
417,2025-07-17 09:00:00+05:30,9.6228485,187.52373,12.7279215,188.13002
418,2025-07-17 10:00:00+05:30,9.0645685,186.84268,11.609651,187.12492
419,2025-07-17 11:00:00+05:30,9.299225,194.57425,11.91948,194.87573
420,2025-07-17 12:00:00+05:30,9.0,196.26028,11.745604,195.10115
421,2025-07-17 13:00:00+05:30,8.654986,196.9276,11.157097,197.8504
422,2025-07-17 14:00:00+05:30,10.03167,189.29323,13.138765,189.46225
423,2025-07-17 15:00:00+05:30,11.448055,196.44046,17.035456,195.94547
424,2025-07-17 16:00:00+05:30,11.246759,219.80553,19.26084,217.40543
425,2025-07-17 17:00:00+05:30,11.753876,220.0302,21.675617,217.91676
426,2025-07-17 18:00:00+05:30,6.9527545,111.25058,14.178927,123.08486
427,2025-07-17 19:00:00+05:30,7.754637,111.801476,15.926694,124.40853
428,2025-07-17 20:00:00+05:30,8.536252,137.56381,17.47484,145.49142
429,2025-07-17 21:00:00+05:30,6.9153743,141.34016,15.215058,154.04129
430,2025-07-17 22:00:00+05:30,8.037761,145.95403,16.595179,155.65892
431,2025-07-17 23:00:00+05:30,8.880405,162.29948,18.079027,167.34744
432,2025-07-18 00:00:00+05:30,8.507737,173.92764,17.313717,176.42374
433,2025-07-18 01:00:00+05:30,7.6642804,189.46225,16.778666,189.26015
434,2025-07-18 02:00:00+05:30,7.3997297,198.43504,16.165964,198.83853
435,2025-07-18 03:00:00+05:30,6.330782,194.82652,14.572219,197.98743
436,2025-07-18 04:00:00+05:30,4.323748,182.3859,11.688918,189.75235
437,2025-07-18 05:00:00+05:30,4.5536795,161.56496,10.62,180.0
438,2025-07-18 06:00:00+05:30,7.555712,192.38075,13.055896,195.18588
439,2025-07-18 07:00:00+05:30,7.1389914,213.6901,9.9408245,211.67543
440,2025-07-18 08:00:00+05:30,7.229191,198.88618,9.734987,199.44012
441,2025-07-18 09:00:00+05:30,8.958504,202.4428,11.7,202.6199
442,2025-07-18 10:00:00+05:30,7.9383874,212.9694,9.885262,213.11136
443,2025-07-18 11:00:00+05:30,8.37532,208.21725,10.228373,208.36896
444,2025-07-18 12:00:00+05:30,7.570707,208.39293,9.4238205,208.52303
445,2025-07-18 13:00:00+05:30,8.29173,207.12122,10.495713,210.96368
446,2025-07-18 14:00:00+05:30,9.605998,192.99461,12.487641,195.03787
447,2025-07-18 15:00:00+05:30,14.233664,212.08215,19.672773,212.67223
448,2025-07-18 16:00:00+05:30,6.698806,210.69965,9.19939,210.57915
449,2025-07-18 17:00:00+05:30,6.12,208.07239,8.694204,207.09547
450,2025-07-18 18:00:00+05:30,4.2021422,170.13426,9.9587345,186.22574
451,2025-07-18 19:00:00+05:30,6.924738,188.97255,15.825675,199.25938
452,2025-07-18 20:00:00+05:30,8.037761,214.04597,18.648035,216.75937
453,2025-07-18 21:00:00+05:30,9.335737,213.9965,20.018072,217.6943
454,2025-07-18 22:00:00+05:30,9.257321,206.56499,19.293615,210.87201
455,2025-07-18 23:00:00+05:30,9.741642,196.09088,19.255793,200.80687
456,2025-07-19 00:00:00+05:30,9.965239,200.07161,19.620827,202.09428
457,2025-07-19 01:00:00+05:30,8.65873,200.69553,18.222721,203.27292
458,2025-07-19 02:00:00+05:30,8.490582,201.12479,18.222721,203.27292
459,2025-07-19 03:00:00+05:30,7.289444,200.22495,16.759342,204.08745
460,2025-07-19 04:00:00+05:30,7.172949,197.52567,16.284779,203.44807
461,2025-07-19 05:00:00+05:30,7.9138603,197.19862,16.048288,203.11423
462,2025-07-19 06:00:00+05:30,7.7420926,197.59251,15.175612,202.30626
463,2025-07-19 07:00:00+05:30,10.196647,200.6745,14.138882,201.66602
464,2025-07-19 08:00:00+05:30,10.474082,199.0578,13.905509,201.25058
465,2025-07-19 09:00:00+05:30,10.644379,198.74144,13.948548,199.60417
466,2025-07-19 10:00:00+05:30,10.228373,208.36896,12.7279215,208.7397
467,2025-07-19 11:00:00+05:30,8.626865,203.35558,10.730778,202.69383
468,2025-07-19 12:00:00+05:30,8.0599,203.70265,9.83268,203.7495
469,2025-07-19 13:00:00+05:30,6.696387,216.25392,8.139901,215.09589
470,2025-07-19 14:00:00+05:30,6.297428,210.96368,7.689603,212.57405
471,2025-07-19 15:00:00+05:30,17.828178,181.73567,25.043297,182.47162
472,2025-07-19 16:00:00+05:30,13.202726,191.0035,19.3104,191.83362
473,2025-07-19 17:00:00+05:30,9.473541,194.30031,17.64551,198.43504
474,2025-07-19 18:00:00+05:30,7.731622,192.09474,17.085785,196.52588
475,2025-07-19 19:00:00+05:30,8.863972,192.90741,19.296974,197.92801
476,2025-07-19 20:00:00+05:30,9.05205,197.35411,19.41081,198.9391
477,2025-07-19 21:00:00+05:30,9.227524,200.55612,19.83025,203.54005
478,2025-07-19 22:00:00+05:30,6.151683,200.55612,15.978484,202.52061
479,2025-07-19 23:00:00+05:30,6.8989563,195.12405,16.293728,196.03241
480,2025-07-20 00:00:00+05:30,8.967541,190.40765,19.211996,192.99461
481,2025-07-20 01:00:00+05:30,8.849339,184.66678,18.852798,190.45158
482,2025-07-20 02:00:00+05:30,8.101999,181.273,18.108572,186.2772
483,2025-07-20 03:00:00+05:30,7.0774574,187.30566,16.700275,187.43132
484,2025-07-20 04:00:00+05:30,5.8048253,187.12492,14.973576,189.68872
485,2025-07-20 05:00:00+05:30,5.6060677,174.47255,12.81165,184.02818
486,2025-07-20 06:00:00+05:30,9.0018,178.85426,17.035456,186.67438
487,2025-07-20 07:00:00+05:30,10.24578,198.43504,13.948548,199.60417
488,2025-07-20 08:00:00+05:30,10.385547,205.67677,13.766176,207.23506
489,2025-07-20 09:00:00+05:30,7.5685663,205.34613,9.659814,206.56499
490,2025-07-20 10:00:00+05:30,5.8298883,188.88058,7.3094187,189.92618
491,2025-07-20 11:00:00+05:30,6.0077944,188.61557,7.7734165,185.31445
492,2025-07-20 12:00:00+05:30,5.1544156,192.09474,6.5693827,189.46225
493,2025-07-20 13:00:00+05:30,2.7943513,194.93147,3.6402748,188.53069
494,2025-07-20 14:00:00+05:30,0.56920993,108.43504,0.9,90.0
495,2025-07-20 15:00:00+05:30,3.244996,160.55988,4.1125174,156.80139
496,2025-07-20 16:00:00+05:30,1.3104197,15.945477,1.4058449,39.805527
497,2025-07-20 17:00:00+05:30,3.7799997,360.0,6.638072,12.528798
498,2025-07-20 18:00:00+05:30,4.2136917,160.0168,10.1456785,154.7989
499,2025-07-20 19:00:00+05:30,6.8541956,166.32867,15.172407,175.23645
500,2025-07-20 20:00:00+05:30,5.3305535,168.31065,12.841963,174.36942
501,2025-07-20 21:00:00+05:30,4.896529,197.10281,12.224107,193.62701
502,2025-07-20 22:00:00+05:30,5.5216303,199.0257,13.32,198.92474
503,2025-07-20 23:00:00+05:30,5.6002855,224.9999,13.737904,211.60745
504,2025-07-21 00:00:00+05:30,5.293959,234.6887,13.259049,221.69804
505,2025-07-21 01:00:00+05:30,3.710795,219.09384,10.404249,217.26648
506,2025-07-21 02:00:00+05:30,1.98,180.0,7.329338,204.67685
507,2025-07-21 03:00:00+05:30,0.76367533,135.0001,4.7827187,199.79897
508,2025-07-21 04:00:00+05:30,0.56920993,108.43504,3.7585104,196.69933
509,2025-07-21 05:00:00+05:30,0.17999999,180.0,3.572898,220.91429
510,2025-07-21 06:00:00+05:30,4.991553,25.640957,8.281956,1.2453395
511,2025-07-21 07:00:00+05:30,2.7238941,82.40546,3.4152596,71.564964
512,2025-07-21 08:00:00+05:30,3.7842832,154.65387,4.669604,152.44728
513,2025-07-21 09:00:00+05:30,2.7943513,194.93147,3.143565,193.24052
514,2025-07-21 10:00:00+05:30,1.0948973,9.462248,1.4512063,7.12493
515,2025-07-21 11:00:00+05:30,1.3708391,156.80138,1.609969,153.43501
516,2025-07-21 12:00:00+05:30,0.6489992,213.6901,0.76367533,224.9999
517,2025-07-21 13:00:00+05:30,1.8089776,275.7105,1.98,270.0
518,2025-07-21 14:00:00+05:30,1.609969,243.43501,2.0124612,243.43501
519,2025-07-21 15:00:00+05:30,6.725354,164.47583,8.085988,163.17851
520,2025-07-21 16:00:00+05:30,11.442394,199.29015,16.179985,200.85454
521,2025-07-21 17:00:00+05:30,7.4128532,209.0545,12.647482,204.37645
522,2025-07-21 18:00:00+05:30,3.6447225,212.90524,10.075177,198.75874
523,2025-07-21 19:00:00+05:30,5.5567255,245.09526,12.984975,226.12321
524,2025-07-21 20:00:00+05:30,7.6409945,226.90913,16.341381,220.53276
525,2025-07-21 21:00:00+05:30,8.461915,218.08882,18.472595,213.07068
526,2025-07-21 22:00:00+05:30,7.388775,214.07724,17.311846,207.89719
527,2025-07-21 23:00:00+05:30,7.5019197,210.25635,17.238699,208.70586
528,2025-07-22 00:00:00+05:30,7.282774,219.98683,16.478603,220.12604
529,2025-07-22 01:00:00+05:30,5.904439,217.56866,14.428097,220.44615
530,2025-07-22 02:00:00+05:30,4.752136,232.69597,12.632101,229.04459
531,2025-07-22 03:00:00+05:30,4.452954,255.96373,11.503113,249.86362
532,2025-07-22 04:00:00+05:30,3.4247334,266.98727,9.403169,264.50778
533,2025-07-22 05:00:00+05:30,2.7238941,262.40546,7.562142,268.6361
534,2025-07-22 06:00:00+05:30,2.5772078,257.90524,6.21717,247.8905
535,2025-07-22 07:00:00+05:30,1.4512063,240.2552,2.5071096,248.96242
536,2025-07-22 08:00:00+05:30,2.8460495,235.30478,3.6447225,237.09476
537,2025-07-22 09:00:00+05:30,1.659518,220.60121,2.1674871,221.63345
538,2025-07-22 10:00:00+05:30,2.36753,171.25392,2.9024127,172.87508
539,2025-07-22 11:00:00+05:30,2.7534704,191.30989,3.2846913,189.46225
540,2025-07-22 12:00:00+05:30,3.7971041,211.42952,4.510787,208.61037
541,2025-07-22 13:00:00+05:30,3.0758414,200.55612,3.5864744,197.52567
542,2025-07-22 14:00:00+05:30,5.4029994,178.0909,6.302571,178.36346
543,2025-07-22 15:00:00+05:30,8.6867485,185.94676,11.032987,185.6175
544,2025-07-22 16:00:00+05:30,7.9567327,232.35231,10.514218,231.95291
545,2025-07-22 17:00:00+05:30,7.256032,226.00499,10.564941,225.69019
546,2025-07-22 18:00:00+05:30,5.09435,212.00534,13.451914,204.50739
547,2025-07-22 19:00:00+05:30,5.876938,220.0302,14.186923,215.70677
548,2025-07-22 20:00:00+05:30,5.1826253,249.67677,12.783802,237.65257
549,2025-07-22 21:00:00+05:30,5.1481256,233.53067,13.1412325,233.91483
550,2025-07-22 22:00:00+05:30,5.8048253,209.7448,13.581354,214.74324
551,2025-07-22 23:00:00+05:30,5.4744864,207.40749,13.684735,206.56499
552,2025-07-23 00:00:00+05:30,4.510787,208.61037,12.397806,205.82094
553,2025-07-23 01:00:00+05:30,4.542994,213.6901,12.081473,208.4741
554,2025-07-23 02:00:00+05:30,4.752136,232.69597,12.108261,221.98714
555,2025-07-23 03:00:00+05:30,3.693291,223.02507,9.703319,220.48593
556,2025-07-23 04:00:00+05:30,2.6758924,222.27362,8.027678,222.27362
557,2025-07-23 05:00:00+05:30,3.219938,243.43501,7.44121,237.84773
558,2025-07-23 06:00:00+05:30,0.71999997,270.0,2.8460498,251.56496
559,2025-07-23 07:00:00+05:30,1.2074767,243.43501,1.7727944,246.0375
560,2025-07-23 08:00:00+05:30,0.5091169,315.0001,0.76367533,315.0001
561,2025-07-23 09:00:00+05:30,5.5887027,75.068535,7.0015144,72.03077
562,2025-07-23 10:00:00+05:30,8.936777,108.79998,11.448055,106.44046
563,2025-07-23 11:00:00+05:30,4.2366967,102.26476,5.4477882,97.59455
564,2025-07-23 12:00:00+05:30,3.244996,86.82024,4.175069,82.56869
565,2025-07-23 13:00:00+05:30,3.396233,122.00535,4.2671766,117.64589
566,2025-07-23 14:00:00+05:30,4.445672,111.3707,5.4656014,107.241554
567,2025-07-23 15:00:00+05:30,5.796447,143.84172,7.2,143.13002
568,2025-07-23 16:00:00+05:30,6.0721655,168.0239,7.9465466,166.9081
569,2025-07-23 17:00:00+05:30,6.519877,186.3401,12.632101,184.08554
570,2025-07-23 18:00:00+05:30,0.5091169,224.9999,3.244996,160.55988
571,2025-07-23 19:00:00+05:30,7.5019197,210.25635,16.1198,203.70265
572,2025-07-23 20:00:00+05:30,9.614426,218.15727,19.862083,223.53127
573,2025-07-23 21:00:00+05:30,8.181589,230.35587,18.022486,230.26773
574,2025-07-23 22:00:00+05:30,8.019601,224.09071,17.220835,228.81416
575,2025-07-23 23:00:00+05:30,5.4029994,271.90912,13.418153,263.06573
576,2025-07-24 00:00:00+05:30,4.353619,352.87506,8.641874,324.3235
577,2025-07-24 01:00:00+05:30,5.4119864,356.186,11.885453,358.26434
578,2025-07-24 02:00:00+05:30,4.3274937,44.999897,9.485504,33.388535
579,2025-07-24 03:00:00+05:30,3.0811036,83.29026,7.186487,67.93205
580,2025-07-24 04:00:00+05:30,3.4388947,47.12111,7.7420926,54.46224
581,2025-07-24 05:00:00+05:30,3.7842832,25.346138,6.623413,42.797382
582,2025-07-24 06:00:00+05:30,4.1085763,331.1893,9.292254,351.08514
583,2025-07-24 07:00:00+05:30,5.0975285,317.86246,10.472535,331.23245
584,2025-07-24 08:00:00+05:30,2.5582807,39.289394,3.5455887,23.962492
585,2025-07-24 09:00:00+05:30,5.2323985,40.814987,7.056826,37.746864
586,2025-07-24 10:00:00+05:30,7.8149853,28.926332,10.315115,29.248732
587,2025-07-24 11:00:00+05:30,8.155807,67.963715,10.32924,67.4569
588,2025-07-24 12:00:00+05:30,8.951267,74.84589,11.351422,75.302635
589,2025-07-24 13:00:00+05:30,6.889557,70.1447,8.723967,68.19854
590,2025-07-24 14:00:00+05:30,6.924738,81.02746,8.759178,80.53775
591,2025-07-24 15:00:00+05:30,6.7205353,97.69597,8.707238,97.12492
592,2025-07-24 16:00:00+05:30,7.5363917,130.15593,9.726664,128.991
593,2025-07-24 17:00:00+05:30,6.320538,160.0168,11.51578,155.03725
594,2025-07-24 18:00:00+05:30,0.17999999,180.0,1.1384199,71.564964
595,2025-07-24 19:00:00+05:30,0.40249225,63.435013,2.5959969,56.309914
596,2025-07-24 20:00:00+05:30,1.4512063,7.12493,3.2846913,9.462261
597,2025-07-24 21:00:00+05:30,1.5484185,234.46223,2.0523157,232.12495
598,2025-07-24 22:00:00+05:30,10.086427,304.82455,17.477621,302.38065
599,2025-07-24 23:00:00+05:30,7.731623,294.77512,14.174356,319.63553
600,2025-07-25 00:00:00+05:30,5.5216303,19.025702,13.276144,12.528798
601,2025-07-25 01:00:00+05:30,10.644379,3.8784592,18.903427,13.771632
602,2025-07-25 02:00:00+05:30,9.582358,28.009092,18.218275,29.604366
603,2025-07-25 03:00:00+05:30,9.568824,16.389616,17.655605,23.428713
604,2025-07-25 04:00:00+05:30,10.966713,23.198618,19.513195,29.875906
605,2025-07-25 05:00:00+05:30,11.995349,25.795975,20.66867,33.27491
606,2025-07-25 06:00:00+05:30,16.767075,60.407806,25.408068,59.802094
607,2025-07-25 07:00:00+05:30,18.228943,80.909805,27.849438,81.45101
608,2025-07-25 08:00:00+05:30,15.426537,70.93072,23.795427,72.38734
609,2025-07-25 09:00:00+05:30,20.580698,78.39527,29.48101,77.660934
610,2025-07-25 10:00:00+05:30,16.676977,76.26372,23.097584,76.938446
611,2025-07-25 11:00:00+05:30,11.631956,68.19853,14.874796,68.71353
612,2025-07-25 12:00:00+05:30,16.141893,82.95433,24.515049,82.40546
613,2025-07-25 13:00:00+05:30,18.29459,103.07913,23.584808,102.33907
614,2025-07-25 14:00:00+05:30,10.30883,114.775116,14.4415655,112.729774
615,2025-07-25 15:00:00+05:30,11.238113,148.09193,15.283048,147.99466
616,2025-07-25 16:00:00+05:30,17.852697,183.46815,26.02541,185.15846
617,2025-07-25 17:00:00+05:30,19.60348,193.27066,31.434101,194.5933
618,2025-07-25 18:00:00+05:30,21.758419,163.66388,35.190346,165.18181
619,2025-07-25 19:00:00+05:30,21.06077,161.56496,34.792187,163.1587
620,2025-07-25 20:00:00+05:30,21.011482,154.09355,34.327656,158.14275
621,2025-07-25 21:00:00+05:30,20.045567,152.74475,32.76,157.3801
622,2025-07-25 22:00:00+05:30,17.194475,149.13918,28.417774,154.08421
623,2025-07-25 23:00:00+05:30,17.630814,139.9698,29.257614,145.52773
624,2025-07-26 00:00:00+05:30,17.84816,138.27058,29.774633,142.36798
625,2025-07-26 01:00:00+05:30,18.022486,145.99246,29.327295,148.55382
626,2025-07-26 02:00:00+05:30,18.222721,137.80252,30.008217,139.62245
627,2025-07-26 03:00:00+05:30,16.069473,131.36696,26.85863,134.18552
628,2025-07-26 04:00:00+05:30,16.279802,125.095894,26.87491,129.0194
629,2025-07-26 05:00:00+05:30,15.435983,121.65123,25.466661,124.92574
630,2025-07-26 06:00:00+05:30,13.874019,135.52557,22.747044,140.13643
631,2025-07-26 07:00:00+05:30,13.619472,135.53539,21.286474,138.0849
632,2025-07-26 08:00:00+05:30,16.276815,141.73598,23.333443,141.89238
633,2025-07-26 09:00:00+05:30,15.292585,137.86247,20.675724,139.23648
634,2025-07-26 10:00:00+05:30,17.856325,142.78348,23.904108,142.95744
635,2025-07-26 11:00:00+05:30,15.661035,142.4715,20.073833,140.4576
636,2025-07-26 12:00:00+05:30,16.245934,170.43338,22.936407,171.42485
637,2025-07-26 13:00:00+05:30,16.32055,173.03185,22.461807,173.5585
638,2025-07-26 14:00:00+05:30,14.857362,160.90642,19.296974,162.07199
639,2025-07-26 15:00:00+05:30,17.262177,168.57294,23.652025,169.03217
640,2025-07-26 16:00:00+05:30,17.313717,176.42374,25.252016,176.32184
641,2025-07-26 17:00:00+05:30,12.783802,170.27249,22.282953,173.50658
642,2025-07-26 18:00:00+05:30,9.430695,156.3706,18.613253,161.38974
643,2025-07-26 19:00:00+05:30,9.292255,158.40463,18.644558,164.89037
644,2025-07-26 20:00:00+05:30,10.223619,153.88615,20.6624,161.7228
645,2025-07-26 21:00:00+05:30,10.495713,157.8336,21.218632,165.2564
646,2025-07-26 22:00:00+05:30,10.32924,157.4569,20.999144,165.60637
647,2025-07-26 23:00:00+05:30,11.013882,168.69011,21.660664,175.71092
648,2025-07-27 00:00:00+05:30,10.495713,174.09395,20.520788,179.49744
649,2025-07-27 01:00:00+05:30,9.826088,171.57312,20.045568,175.36462
650,2025-07-27 02:00:00+05:30,7.186487,157.93205,16.309628,169.18617
651,2025-07-27 03:00:00+05:30,8.461915,156.16125,17.462782,165.67725
652,2025-07-27 04:00:00+05:30,9.47012,171.25392,18.561832,177.22089
653,2025-07-27 05:00:00+05:30,9.195868,176.6336,17.654688,182.33725
654,2025-07-27 06:00:00+05:30,11.792404,211.26367,20.57125,214.66351
655,2025-07-27 07:00:00+05:30,11.720751,227.4896,17.072504,227.56381
656,2025-07-27 08:00:00+05:30,13.246826,222.79738,17.95043,223.7812
657,2025-07-27 09:00:00+05:30,10.837435,221.63345,13.767352,221.82008
658,2025-07-27 10:00:00+05:30,10.233123,219.28938,12.791403,219.28938
659,2025-07-27 11:00:00+05:30,8.942214,220.10085,11.246759,219.80553
660,2025-07-27 12:00:00+05:30,9.292254,224.21526,11.583108,224.37048
661,2025-07-27 13:00:00+05:30,11.545284,210.96368,14.827893,213.11134
662,2025-07-27 14:00:00+05:30,12.081472,176.58348,16.388899,178.11185
663,2025-07-27 15:00:00+05:30,12.632101,175.91446,17.673029,176.49654
664,2025-07-27 16:00:00+05:30,10.587918,234.6887,15.94804,233.25935
665,2025-07-27 17:00:00+05:30,9.1958685,220.23628,16.248924,219.15543
666,2025-07-27 18:00:00+05:30,6.59154,235.0079,14.336861,231.1155
667,2025-07-27 19:00:00+05:30,6.269067,230.82635,14.892213,225.48964
668,2025-07-27 20:00:00+05:30,3.0811036,186.70975,9.901636,207.03078
669,2025-07-27 21:00:00+05:30,5.297018,170.21767,12.992458,190.3758
670,2025-07-27 22:00:00+05:30,7.7420926,181.33218,16.810495,192.99461
671,2025-07-27 23:00:00+05:30,7.1661706,191.59215,16.451052,197.8403
672,2025-07-28 00:00:00+05:30,8.155807,202.03629,17.951334,206.8219
673,2025-07-28 01:00:00+05:30,9.567131,221.18582,19.72869,225.36961
674,2025-07-28 02:00:00+05:30,8.0599,246.29735,17.377226,256.82745
675,2025-07-28 03:00:00+05:30,6.8423676,234.63745,14.74902,246.25049
676,2025-07-28 04:00:00+05:30,4.1125174,203.19861,11.074023,224.34154
677,2025-07-28 05:00:00+05:30,5.426933,185.7105,11.7,210.51016
678,2025-07-28 06:00:00+05:30,8.863972,167.09259,16.189995,188.3102
679,2025-07-28 07:00:00+05:30,8.656858,183.57626,13.556282,190.71307
680,2025-07-28 08:00:00+05:30,8.714677,218.2902,12.145665,219.5881
681,2025-07-28 09:00:00+05:30,10.316686,222.87889,13.624228,223.39404
682,2025-07-28 10:00:00+05:30,10.694485,223.63614,13.878688,223.4235
683,2025-07-28 11:00:00+05:30,9.3340025,219.5226,11.638917,219.35173
684,2025-07-28 12:00:00+05:30,12.768586,229.574,18.275984,230.19447
685,2025-07-28 13:00:00+05:30,7.029225,219.80553,10.055864,224.27486
686,2025-07-28 14:00:00+05:30,8.490582,212.00534,10.934166,212.90524
687,2025-07-28 15:00:00+05:30,10.6261,206.13094,14.571108,207.19804
688,2025-07-28 16:00:00+05:30,9.605998,192.99461,13.31635,193.28488
689,2025-07-28 17:00:00+05:30,9.087772,187.96953,14.650938,190.6196
690,2025-07-28 18:00:00+05:30,4.1125174,203.19861,10.383987,213.6901
691,2025-07-28 19:00:00+05:30,4.412754,191.76826,10.248941,210.61853
692,2025-07-28 20:00:00+05:30,4.175069,172.56868,9.867218,194.79681
693,2025-07-28 21:00:00+05:30,5.9427266,178.26433,13.110376,188.68628
694,2025-07-28 22:00:00+05:30,5.7628117,181.78987,13.31635,189.33493
695,2025-07-28 23:00:00+05:30,4.5322843,186.84268,11.91948,194.87573
696,2025-07-29 00:00:00+05:30,5.2416787,195.94547,12.936227,201.20929
697,2025-07-29 01:00:00+05:30,3.9763298,264.80566,9.354806,239.98172
698,2025-07-29 02:00:00+05:30,2.3051248,141.34016,6.2613096,198.43504
699,2025-07-29 03:00:00+05:30,5.4119864,176.186,11.307095,193.81505
700,2025-07-29 04:00:00+05:30,3.9477081,155.77226,9.0,180.0
701,2025-07-29 05:00:00+05:30,5.8603754,169.3804,10.920824,188.53069
702,2025-07-29 06:00:00+05:30,7.256032,226.00499,15.048042,233.26707
703,2025-07-29 07:00:00+05:30,7.3094187,217.99878,14.383114,225.50697
704,2025-07-29 08:00:00+05:30,5.5596404,240.94548,9.340941,244.91644
705,2025-07-29 09:00:00+05:30,4.6730714,195.6423,6.689125,203.80595
706,2025-07-29 10:00:00+05:30,4.846648,201.80147,6.1226463,204.30453
707,2025-07-29 11:00:00+05:30,6.601363,191.0035,8.083983,191.5601
708,2025-07-29 12:00:00+05:30,10.266314,177.9905,13.151091,177.64676
709,2025-07-29 13:00:00+05:30,12.791403,182.41946,16.928614,181.82793
710,2025-07-29 14:00:00+05:30,13.926464,194.21588,19.166409,194.68883
711,2025-07-29 15:00:00+05:30,13.577776,194.58896,18.818396,194.96677
712,2025-07-29 16:00:00+05:30,13.910169,190.43742,20.05203,191.91513
713,2025-07-29 17:00:00+05:30,10.081606,178.97699,16.923828,181.21884
714,2025-07-29 18:00:00+05:30,10.981475,180.93916,20.929596,183.94511
715,2025-07-29 19:00:00+05:30,9.9977,166.46413,19.852295,175.84044
716,2025-07-29 20:00:00+05:30,8.694204,152.90453,17.654686,163.41258
717,2025-07-29 21:00:00+05:30,8.967541,141.51978,18.06199,150.11356
718,2025-07-29 22:00:00+05:30,13.608762,127.47626,23.292444,135.31306
719,2025-07-29 23:00:00+05:30,9.983106,154.35904,19.32382,154.62848
720,2025-07-30 00:00:00+05:30,6.3690495,132.70937,13.433838,144.81921
721,2025-07-30 01:00:00+05:30,11.052058,127.05662,18.582766,135.0001
722,2025-07-30 02:00:00+05:30,11.616626,139.39879,20.625517,147.83565
723,2025-07-30 03:00:00+05:30,10.210936,139.28925,19.229694,144.52458
724,2025-07-30 04:00:00+05:30,9.418662,135.0001,17.748037,143.24623
725,2025-07-30 05:00:00+05:30,9.080639,140.6307,17.174677,146.97614
726,2025-07-30 06:00:00+05:30,10.897063,157.6713,16.279802,161.96562
727,2025-07-30 07:00:00+05:30,11.481968,170.98076,16.120806,173.58925
728,2025-07-30 08:00:00+05:30,14.535487,172.17102,19.959719,172.7469
729,2025-07-30 09:00:00+05:30,13.346729,169.90256,17.34083,170.43997
730,2025-07-30 10:00:00+05:30,16.165964,161.16147,23.114412,160.43613
731,2025-07-30 11:00:00+05:30,9.793059,143.97253,14.730336,147.47513
732,2025-07-30 12:00:00+05:30,12.033103,158.03938,15.844089,158.68202
733,2025-07-30 13:00:00+05:30,11.996699,152.28159,15.938896,153.14566
734,2025-07-30 14:00:00+05:30,12.881008,146.97612,18.472595,146.92932
735,2025-07-30 15:00:00+05:30,15.10821,158.32529,21.392754,157.75093
736,2025-07-30 16:00:00+05:30,15.745627,169.46088,22.523746,169.40852
737,2025-07-30 17:00:00+05:30,12.791403,166.15929,20.511312,169.3804
738,2025-07-30 18:00:00+05:30,7.3997297,184.18483,14.934577,195.37631
739,2025-07-30 19:00:00+05:30,9.12513,194.85866,17.399586,204.44394
740,2025-07-30 20:00:00+05:30,7.4932766,204.10223,15.192682,216.32692
741,2025-07-30 21:00:00+05:30,5.9834766,186.91113,12.245293,204.30453
742,2025-07-30 22:00:00+05:30,5.6521144,189.16228,12.236029,206.18805
743,2025-07-30 23:00:00+05:30,5.5829024,200.77234,13.281023,212.82854
744,2025-07-31 00:00:00+05:30,2.9522195,217.56866,10.296251,216.46933
745,2025-07-31 01:00:00+05:30,4.510787,208.61037,9.432412,221.90585
746,2025-07-31 02:00:00+05:30,6.698806,210.69965,14.652045,217.01076
747,2025-07-31 03:00:00+05:30,10.735306,214.75598,19.087639,218.49107
748,2025-07-31 04:00:00+05:30,13.789691,234.02751,23.621185,237.76323
749,2025-07-31 05:00:00+05:30,9.82114,221.2846,17.194475,222.87889
750,2025-07-31 06:00:00+05:30,9.997699,246.66594,18.75631,243.18912
751,2025-07-31 07:00:00+05:30,12.261157,220.23628,21.594748,219.92781
752,2025-07-31 08:00:00+05:30,13.356437,217.33327,19.623302,217.92113
753,2025-07-31 09:00:00+05:30,13.902015,221.3254,21.594748,219.92781
754,2025-07-31 10:00:00+05:30,14.731435,215.04945,19.627428,215.29343
755,2025-07-31 11:00:00+05:30,11.844492,216.34755,15.804164,217.13101
756,2025-07-31 12:00:00+05:30,9.220499,218.65984,11.638917,219.35173
757,2025-07-31 13:00:00+05:30,14.081477,237.52882,18.526888,237.6996
758,2025-07-31 14:00:00+05:30,10.718693,229.08571,14.81915,229.92717
759,2025-07-31 15:00:00+05:30,6.9270773,204.56715,12.830604,214.13599
760,2025-07-31 16:00:00+05:30,7.172949,197.52567,10.564942,203.07043
761,2025-07-31 17:00:00+05:30,13.130133,208.67305,23.710857,210.0685
762,2025-07-31 18:00:00+05:30,8.55142,210.34317,16.755476,219.3327
763,2025-07-31 19:00:00+05:30,10.3621235,197.176,19.995398,203.33406
764,2025-07-31 20:00:00+05:30,10.399576,203.45905,20.562586,209.93143
765,2025-07-31 21:00:00+05:30,8.490582,201.12479,19.084246,205.1148
766,2025-07-31 22:00:00+05:30,6.2145634,190.00792,15.486278,199.69872
767,2025-07-31 23:00:00+05:30,8.827343,196.58742,18.88628,202.40988
768,2025-08-01 00:00:00+05:30,8.163749,194.03627,17.48596,200.48709
769,2025-08-01 01:00:00+05:30,9.5416975,215.78906,19.175703,212.34741
770,2025-08-01 02:00:00+05:30,6.391901,189.72751,14.747921,199.9832
771,2025-08-01 03:00:00+05:30,8.891343,238.24055,17.10284,239.65683
772,2025-08-01 04:00:00+05:30,9.957108,229.39879,18.834743,231.5967
773,2025-08-01 05:00:00+05:30,9.504273,204.62355,17.356705,220.79456
774,2025-08-01 06:00:00+05:30,8.880405,197.70052,17.713316,217.56866
775,2025-08-01 07:00:00+05:30,9.984729,213.9766,14.508715,217.43864
776,2025-08-01 08:00:00+05:30,10.601679,220.17917,13.551501,219.61066
777,2025-08-01 09:00:00+05:30,13.237039,247.61981,16.851885,246.72102
778,2025-08-01 10:00:00+05:30,8.461914,268.78116,11.722133,266.4786
779,2025-08-01 11:00:00+05:30,7.79215,263.36758,10.538843,262.1468
780,2025-08-01 12:00:00+05:30,6.792466,237.99466,8.738811,237.61934
781,2025-08-01 13:00:00+05:30,7.5942082,211.42952,9.636307,212.79953
782,2025-08-01 14:00:00+05:30,6.2613096,198.43504,7.754637,201.80147
783,2025-08-01 15:00:00+05:30,14.133152,223.45189,18.880276,221.13445
784,2025-08-01 16:00:00+05:30,8.596766,199.57321,12.367716,201.33693
785,2025-08-01 17:00:00+05:30,10.699028,192.63336,17.728857,195.3062
786,2025-08-01 18:00:00+05:30,6.037383,190.3048,13.32,198.92474
787,2025-08-01 19:00:00+05:30,7.02,180.0,15.073858,191.71245
788,2025-08-01 20:00:00+05:30,7.0568266,185.85593,16.068466,192.94652
789,2025-08-01 21:00:00+05:30,5.6521144,189.16228,14.230248,198.43504
790,2025-08-01 22:00:00+05:30,6.8541956,193.67133,15.275627,201.42535
791,2025-08-01 23:00:00+05:30,9.580668,205.60214,17.352036,216.98885
792,2025-08-02 00:00:00+05:30,8.827344,177.66275,16.720633,194.33546
793,2025-08-02 01:00:00+05:30,7.4346757,173.04713,14.869351,186.95287
794,2025-08-02 02:00:00+05:30,9.179999,180.0,17.95043,186.91113
795,2025-08-02 03:00:00+05:30,8.049845,190.3048,17.431213,196.18927
796,2025-08-02 04:00:00+05:30,9.178235,191.30989,18.35647,191.30989
797,2025-08-02 05:00:00+05:30,10.196647,200.6745,18.86139,203.6294
798,2025-08-02 06:00:00+05:30,8.12197,192.80426,17.399586,204.44394
799,2025-08-02 07:00:00+05:30,9.761578,202.78244,14.092977,204.92845
800,2025-08-02 08:00:00+05:30,12.904882,202.98874,17.655605,203.42871
801,2025-08-02 09:00:00+05:30,13.83192,198.19925,18.442753,198.78871
802,2025-08-02 10:00:00+05:30,10.874741,192.42593,14.84318,194.03627
803,2025-08-02 11:00:00+05:30,9.668195,204.17911,12.57426,203.6294
804,2025-08-02 12:00:00+05:30,8.78872,214.9921,11.238113,211.90807
805,2025-08-02 13:00:00+05:30,8.792405,202.89058,11.39842,201.29742
806,2025-08-02 14:00:00+05:30,13.31635,189.33493,18.533009,191.20076
807,2025-08-02 15:00:00+05:30,7.6579366,150.42226,10.1456785,154.7989
808,2025-08-02 16:00:00+05:30,9.109138,127.77575,13.14,131.112
809,2025-08-02 17:00:00+05:30,7.5105524,135.97093,13.70839,150.06857
810,2025-08-02 18:00:00+05:30,7.0038276,154.09355,16.724508,171.9572
811,2025-08-02 19:00:00+05:30,10.182337,171.86998,21.066921,178.53123
812,2025-08-02 20:00:00+05:30,12.346741,172.46065,23.48362,175.1635
813,2025-08-02 21:00:00+05:30,13.184308,175.3014,24.126041,178.7175
814,2025-08-02 22:00:00+05:30,12.781267,179.19308,23.051247,181.78987
815,2025-08-02 23:00:00+05:30,11.631956,201.80147,21.091513,201.52907
816,2025-08-03 00:00:00+05:30,9.979859,187.2531,19.470808,193.9078
817,2025-08-03 01:00:00+05:30,8.738811,212.38066,17.381886,211.87956
818,2025-08-03 02:00:00+05:30,7.4128532,209.0545,16.237955,211.3994
819,2025-08-03 03:00:00+05:30,8.12197,167.19574,15.506141,183.32733
820,2025-08-03 04:00:00+05:30,8.383054,165.06853,18.03237,176.56644
821,2025-08-03 05:00:00+05:30,10.534229,163.11313,20.495512,172.9375
822,2025-08-03 06:00:00+05:30,13.737904,174.7377,24.490587,178.31535
823,2025-08-03 07:00:00+05:30,14.260953,175.65685,20.5484,176.98727
824,2025-08-03 08:00:00+05:30,15.849201,178.04753,21.96295,179.06084
825,2025-08-03 09:00:00+05:30,18.435726,189.55421,25.421455,190.19592
826,2025-08-03 10:00:00+05:30,17.878994,196.97559,24.257963,196.82149
827,2025-08-03 11:00:00+05:30,15.501959,192.74529,20.089966,192.41743
828,2025-08-03 12:00:00+05:30,14.019216,195.6423,19.41415,197.25903
829,2025-08-03 13:00:00+05:30,17.085783,200.3442,22.714972,199.44012
830,2025-08-03 14:00:00+05:30,13.619471,209.27516,18.847641,208.52303
831,2025-08-03 15:00:00+05:30,14.336861,208.49554,20.94507,208.76755
832,2025-08-03 16:00:00+05:30,14.264361,190.17545,21.010712,189.86574
833,2025-08-03 17:00:00+05:30,15.717823,193.24052,25.71733,195.00896
834,2025-08-03 18:00:00+05:30,12.483748,208.41257,21.054615,210.29161
835,2025-08-03 19:00:00+05:30,8.4042845,189.86574,17.085785,191.54666
836,2025-08-03 20:00:00+05:30,11.126562,189.30986,21.335884,189.22385
837,2025-08-03 21:00:00+05:30,11.375658,184.53769,21.815674,188.06316
838,2025-08-03 22:00:00+05:30,12.399113,189.18877,23.157824,191.65926
839,2025-08-03 23:00:00+05:30,13.849476,188.97255,24.817162,191.7174
840,2025-08-04 00:00:00+05:30,14.332341,191.59215,25.540344,193.44862
841,2025-08-04 01:00:00+05:30,13.672893,200.82097,24.23324,201.80147
842,2025-08-04 02:00:00+05:30,10.589448,238.20113,18.745079,228.50363
843,2025-08-04 03:00:00+05:30,6.2405767,236.76828,14.545515,220.98573
844,2025-08-04 04:00:00+05:30,8.0599,240.57263,14.677452,236.50479
845,2025-08-04 05:00:00+05:30,8.490582,212.00534,17.032604,215.53777
846,2025-08-04 06:00:00+05:30,9.854075,189.46225,16.516901,196.4601
847,2025-08-04 07:00:00+05:30,12.0694,197.35411,18.961613,199.9832
848,2025-08-04 08:00:00+05:30,14.087229,206.56499,20.12461,206.56499
849,2025-08-04 09:00:00+05:30,12.5032,202.8737,16.546299,202.38019
850,2025-08-04 10:00:00+05:30,11.328566,197.57135,14.401124,198.20857
851,2025-08-04 11:00:00+05:30,11.276968,208.61037,14.581111,208.77971
852,2025-08-04 12:00:00+05:30,12.534257,215.05951,16.279802,215.09589
853,2025-08-04 13:00:00+05:30,10.8672905,206.56499,14.571108,207.19804
854,2025-08-04 14:00:00+05:30,7.4346757,263.04712,10.699028,257.36664
855,2025-08-04 15:00:00+05:30,2.9301877,227.4896,4.3349743,221.63345
856,2025-08-04 16:00:00+05:30,6.9480934,196.55714,9.676569,198.43504
857,2025-08-04 17:00:00+05:30,12.0921955,224.39697,20.364674,224.9999
858,2025-08-04 18:00:00+05:30,10.662626,201.80147,19.885723,207.49275
859,2025-08-04 19:00:00+05:30,5.7204895,204.14554,14.974658,205.64096
860,2025-08-04 20:00:00+05:30,9.847496,198.10385,20.099642,199.89552
861,2025-08-04 21:00:00+05:30,10.4166975,198.12195,20.82484,202.35324
862,2025-08-04 22:00:00+05:30,9.059205,200.95586,19.263363,203.6907
863,2025-08-04 23:00:00+05:30,7.4932766,204.10223,16.986889,205.75043
864,2025-08-05 00:00:00+05:30,5.7176566,241.8215,12.992459,227.24576
865,2025-08-05 01:00:00+05:30,2.6208394,164.05453,9.335737,213.9965
866,2025-08-05 02:00:00+05:30,6.162207,173.29025,12.496719,191.6336
867,2025-08-05 03:00:00+05:30,8.641874,178.80653,17.161469,192.72435
868,2025-08-05 04:00:00+05:30,10.086427,182.04536,18.998314,189.81923
869,2025-08-05 05:00:00+05:30,6.873078,135.0001,13.026081,168.84538
870,2025-08-05 06:00:00+05:30,7.9383874,183.90042,11.375658,184.53769
871,2025-08-05 07:00:00+05:30,7.0223074,178.53123,10.261578,181.00507
872,2025-08-05 08:00:00+05:30,8.688613,193.17256,11.700001,194.25006
873,2025-08-05 09:00:00+05:30,10.837435,212.10623,14.292725,211.08743
874,2025-08-05 10:00:00+05:30,11.032987,213.6901,14.428097,213.29358
875,2025-08-05 11:00:00+05:30,9.673221,224.9999,12.0921955,225.60301
876,2025-08-05 12:00:00+05:30,8.0899935,237.72438,9.885262,236.88864
877,2025-08-05 13:00:00+05:30,15.273505,224.9999,19.35314,223.49261
878,2025-08-05 14:00:00+05:30,7.256032,226.00499,10.316686,222.87889
879,2025-08-05 15:00:00+05:30,7.4346757,263.04712,10.594036,260.21765
880,2025-08-05 16:00:00+05:30,4.965521,223.53127,7.7650757,224.0609
881,2025-08-05 17:00:00+05:30,9.028754,203.49858,15.7908325,204.22774
882,2025-08-05 18:00:00+05:30,7.172949,162.47433,14.607751,176.46777
883,2025-08-05 19:00:00+05:30,7.2202215,184.28908,16.189995,188.3102
884,2025-08-05 20:00:00+05:30,7.3799996,192.68037,16.720633,194.33546
885,2025-08-05 21:00:00+05:30,6.0721655,168.0239,14.58,180.0
886,2025-08-05 22:00:00+05:30,8.4042845,170.13426,17.828178,178.26433
887,2025-08-05 23:00:00+05:30,9.555271,176.76036,19.623302,178.94884
888,2025-08-06 00:00:00+05:30,8.297589,192.5288,18.079027,192.65256
889,2025-08-06 01:00:00+05:30,7.8583965,200.09532,17.214249,201.46771
890,2025-08-06 02:00:00+05:30,9.016185,206.05344,18.678415,207.55272
891,2025-08-06 03:00:00+05:30,7.973005,208.30066,17.441433,211.0651
892,2025-08-06 04:00:00+05:30,7.0107627,209.19739,16.22498,213.6901
893,2025-08-06 05:00:00+05:30,5.9427266,215.13428,14.545515,220.98573
894,2025-08-06 06:00:00+05:30,9.67657,226.50737,18.75631,232.80011
895,2025-08-06 07:00:00+05:30,11.345712,221.78442,18.852798,222.67844
896,2025-08-06 08:00:00+05:30,11.032987,236.3099,17.430283,234.66858
897,2025-08-06 09:00:00+05:30,11.9140415,243.0479,18.033268,242.66772
898,2025-08-06 10:00:00+05:30,10.239453,259.8754,15.004919,259.63373
899,2025-08-06 11:00:00+05:30,9.914717,254.19742,14.241629,253.85559
900,2025-08-06 12:00:00+05:30,8.731392,261.70294,12.346741,262.46063
901,2025-08-06 13:00:00+05:30,8.507737,263.92764,11.722133,266.4786
902,2025-08-06 14:00:00+05:30,11.165805,249.22766,15.141414,251.99574
903,2025-08-06 15:00:00+05:30,12.98248,224.9999,17.946821,225.4063
904,2025-08-06 16:00:00+05:30,11.975074,227.43669,17.339897,228.36655
905,2025-08-06 17:00:00+05:30,8.942214,220.10085,14.84318,219.09384
906,2025-08-06 18:00:00+05:30,12.287555,328.17258,18.720863,316.94806
907,2025-08-06 19:00:00+05:30,5.728979,226.27295,11.592894,233.84172
908,2025-08-06 20:00:00+05:30,4.471107,220.10085,11.7,233.13002
909,2025-08-06 21:00:00+05:30,5.2478566,202.1664,11.712454,223.75471
910,2025-08-06 22:00:00+05:30,4.0249224,190.3048,10.094454,219.93633
911,2025-08-06 23:00:00+05:30,4.91634,203.7495,10.948973,223.66785
912,2025-08-07 00:00:00+05:30,7.386582,226.97493,15.266079,232.1842
913,2025-08-07 01:00:00+05:30,7.029225,230.19447,14.730336,237.47513
914,2025-08-07 02:00:00+05:30,4.4456716,238.24055,11.753877,242.6502
915,2025-08-07 03:00:00+05:30,5.00128,239.74365,12.472065,249.73422
916,2025-08-07 04:00:00+05:30,3.8647635,242.24155,11.003581,254.82703
917,2025-08-07 05:00:00+05:30,4.445672,248.6293,11.837651,261.2539
918,2025-08-07 06:00:00+05:30,7.029225,272.9356,13.917154,275.19434
919,2025-08-07 07:00:00+05:30,13.229694,284.9817,18.568811,286.32693
920,2025-08-07 08:00:00+05:30,10.717182,262.27826,15.027575,263.8115
921,2025-08-07 09:00:00+05:30,6.8989563,254.87593,9.039514,257.34744
922,2025-08-07 10:00:00+05:30,5.7628117,231.34016,7.344794,233.97253
923,2025-08-07 11:00:00+05:30,7.5105524,224.02907,9.292254,224.21526
924,2025-08-07 12:00:00+05:30,9.2660675,209.0545,11.453715,210.19153
925,2025-08-07 13:00:00+05:30,10.062305,169.6952,13.379461,174.5963
926,2025-08-07 14:00:00+05:30,5.6060677,132.39738,7.1321807,132.95459
927,2025-08-07 15:00:00+05:30,12.566526,218.019,17.49615,216.6342
928,2025-08-07 16:00:00+05:30,6.037383,206.56499,9.096681,207.07199
929,2025-08-07 17:00:00+05:30,8.777653,195.46127,13.896187,196.55714
930,2025-08-07 18:00:00+05:30,4.6834598,182.20255,9.860649,201.41304
931,2025-08-07 19:00:00+05:30,6.1858225,188.3658,13.379461,197.21616
932,2025-08-07 20:00:00+05:30,9.0018,178.85426,17.64,180.0
933,2025-08-07 21:00:00+05:30,8.482947,162.71841,16.24394,167.19574
934,2025-08-07 22:00:00+05:30,11.966953,158.83867,21.46835,159.89368
935,2025-08-07 23:00:00+05:30,11.897714,169.54015,20.596436,170.94936
936,2025-08-08 00:00:00+05:30,4.942631,190.49142,11.265469,192.926
937,2025-08-08 01:00:00+05:30,9.885262,169.50858,17.9973,171.95102
938,2025-08-08 02:00:00+05:30,9.72,180.0,18.733839,182.20255
939,2025-08-08 03:00:00+05:30,9.555271,176.76036,17.82,180.0
940,2025-08-08 04:00:00+05:30,8.28,180.0,16.801823,184.91647
941,2025-08-08 05:00:00+05:30,13.138765,189.46225,22.668568,190.06062
942,2025-08-08 06:00:00+05:30,10.464797,229.18501,19.914215,229.39879
943,2025-08-08 07:00:00+05:30,10.234705,235.75092,17.077248,237.4825
944,2025-08-08 08:00:00+05:30,13.513193,221.76021,19.862083,223.53127
945,2025-08-08 09:00:00+05:30,16.363178,219.64413,23.487068,220.64883
946,2025-08-08 10:00:00+05:30,15.283048,212.00534,21.717432,213.16324
947,2025-08-08 11:00:00+05:30,14.330079,212.69197,19.92235,214.69522
948,2025-08-08 12:00:00+05:30,13.15971,220.0062,17.747124,220.47514
949,2025-08-08 13:00:00+05:30,12.652604,219.80553,16.712881,221.06972
950,2025-08-08 14:00:00+05:30,16.595179,204.34108,22.140732,205.52338
951,2025-08-08 15:00:00+05:30,13.88919,183.71521,19.738539,186.2824
952,2025-08-08 16:00:00+05:30,11.345713,181.81827,16.069473,184.49707
953,2025-08-08 17:00:00+05:30,9.403169,185.49223,17.34083,189.56003
954,2025-08-08 18:00:00+05:30,9.167638,133.4089,17.283749,144.3235
955,2025-08-08 19:00:00+05:30,9.085988,146.3099,17.986494,157.02725
956,2025-08-08 20:00:00+05:30,7.406295,154.05775,16.344357,163.36111
957,2025-08-08 21:00:00+05:30,9.335737,160.86626,19.296133,165.96373
958,2025-08-08 22:00:00+05:30,8.694204,152.90453,18.123774,164.44537
959,2025-08-08 23:00:00+05:30,9.595874,156.80139,19.533937,163.40182
960,2025-08-09 00:00:00+05:30,10.075177,161.24126,20.605873,165.84233
961,2025-08-09 01:00:00+05:30,10.538843,172.14677,21.170479,174.14407
962,2025-08-09 02:00:00+05:30,10.1376915,186.1154,19.980808,190.90498
963,2025-08-09 03:00:00+05:30,11.157097,197.8504,20.991426,202.1664
964,2025-08-09 04:00:00+05:30,9.600937,186.45872,18.466457,190.10498
965,2025-08-09 05:00:00+05:30,9.6228485,187.52373,18.613253,189.46225
966,2025-08-09 06:00:00+05:30,18.36353,181.12328,28.085192,178.89832
967,2025-08-09 07:00:00+05:30,9.437563,214.90257,14.045767,210.83777
968,2025-08-09 08:00:00+05:30,11.157097,162.1496,16.152931,165.80887
969,2025-08-09 09:00:00+05:30,12.221456,189.32352,16.985935,189.7617
970,2025-08-09 10:00:00+05:30,13.510796,182.29056,17.83454,182.31367
971,2025-08-09 11:00:00+05:30,15.606114,187.28886,20.875343,187.43132
972,2025-08-09 12:00:00+05:30,14.410121,182.14754,19.64063,182.62634
973,2025-08-09 13:00:00+05:30,16.343367,187.59456,22.17217,187.93266
974,2025-08-09 14:00:00+05:30,17.34083,189.56003,23.97246,190.38174
975,2025-08-09 15:00:00+05:30,17.845436,188.70215,25.360205,189.39539
976,2025-08-09 16:00:00+05:30,17.82727,191.65027,26.376602,192.61362
977,2025-08-09 17:00:00+05:30,16.167967,191.5601,26.376602,192.61362
978,2025-08-09 18:00:00+05:30,10.285232,184.0141,20.138292,187.18845
979,2025-08-09 19:00:00+05:30,11.542478,183.57626,21.511318,185.28114
980,2025-08-09 20:00:00+05:30,12.961249,179.2043,23.411074,181.76236
981,2025-08-09 21:00:00+05:30,11.928989,185.19434,22.68357,187.2941
982,2025-08-09 22:00:00+05:30,10.62,180.0,20.738312,183.4832
983,2025-08-09 23:00:00+05:30,9.9408245,185.19434,19.652176,188.42688
984,2025-08-10 00:00:00+05:30,11.098865,188.39284,21.145977,191.78816
985,2025-08-10 01:00:00+05:30,12.429127,190.00792,22.66714,192.38075
986,2025-08-10 02:00:00+05:30,12.442153,194.23732,22.603443,197.13635
987,2025-08-10 03:00:00+05:30,10.914888,193.34874,20.264194,198.11316
988,2025-08-10 04:00:00+05:30,9.708326,190.68486,18.620214,196.85847
989,2025-08-10 05:00:00+05:30,8.731392,188.29706,16.913296,196.69933
990,2025-08-10 06:00:00+05:30,11.165805,178.15244,21.481173,184.32498
991,2025-08-10 07:00:00+05:30,14.414617,195.94547,20.349554,195.38852
992,2025-08-10 08:00:00+05:30,14.49531,204.97388,19.888983,205.1735
993,2025-08-10 09:00:00+05:30,13.523978,206.90602,18.033268,207.33228
994,2025-08-10 10:00:00+05:30,13.874019,202.9058,18.29459,203.79077
995,2025-08-10 11:00:00+05:30,13.945064,203.58704,18.459436,203.56541
996,2025-08-10 12:00:00+05:30,12.181624,214.15974,15.426535,214.06096
997,2025-08-10 13:00:00+05:30,13.089354,211.50421,16.42839,212.47118
998,2025-08-10 14:00:00+05:30,10.03167,189.29323,13.627795,192.20045
999,2025-08-10 15:00:00+05:30,15.542662,193.39252,22.396803,193.47784
1000,2025-08-10 16:00:00+05:30,12.641076,199.9832,19.287737,202.49652
1001,2025-08-10 17:00:00+05:30,12.358542,192.61932,21.916433,197.69098
1002,2025-08-10 18:00:00+05:30,10.99769,201.10492,21.295605,202.88068
1003,2025-08-10 19:00:00+05:30,10.137692,196.50444,21.007627,199.52182
1004,2025-08-10 20:00:00+05:30,10.062305,190.3048,20.256996,194.40672
1005,2025-08-10 21:00:00+05:30,10.464798,183.94511,20.899387,187.92065
1006,2025-08-10 22:00:00+05:30,11.230904,186.4415,21.663654,188.6013
1007,2025-08-10 23:00:00+05:30,11.265469,192.926,21.48645,195.54987
1008,2025-08-11 00:00:00+05:30,11.013882,191.30989,21.659918,195.42223
1009,2025-08-11 01:00:00+05:30,10.739833,193.57045,21.637466,196.9276
1010,2025-08-11 02:00:00+05:30,9.796366,200.4329,20.326454,202.93213
1011,2025-08-11 03:00:00+05:30,8.766573,199.17911,18.86139,203.6294
1012,2025-08-11 04:00:00+05:30,7.6409945,195.01842,17.085783,200.3442
1013,2025-08-11 05:00:00+05:30,7.486788,189.68872,15.881875,197.81898
1014,2025-08-11 06:00:00+05:30,7.562142,181.36389,14.332341,191.59215
1015,2025-08-11 07:00:00+05:30,11.555102,198.1528,15.710607,198.01987
1016,2025-08-11 08:00:00+05:30,12.134992,200.85454,15.611304,200.94272
1017,2025-08-11 09:00:00+05:30,11.103243,199.90384,13.948548,199.60417
1018,2025-08-11 10:00:00+05:30,9.418661,206.0753,11.672275,206.56499
1019,2025-08-11 11:00:00+05:30,12.744457,216.38445,15.9134655,217.64769
1020,2025-08-11 12:00:00+05:30,4.978554,220.60121,6.552099,217.18478
1021,2025-08-11 13:00:00+05:30,4.293669,213.02386,5.441838,214.21576
1022,2025-08-11 14:00:00+05:30,8.452336,206.56499,10.7894945,207.84749
1023,2025-08-11 15:00:00+05:30,8.55142,210.34317,11.453715,210.19153
1024,2025-08-11 16:00:00+05:30,7.3447943,197.10281,9.904906,199.09358
1025,2025-08-11 17:00:00+05:30,8.777654,208.14151,15.2947035,206.56499
1026,2025-08-11 18:00:00+05:30,7.579261,184.08554,17.311846,188.97255
1027,2025-08-11 19:00:00+05:30,7.2202215,184.28908,16.985933,192.8581
1028,2025-08-11 20:00:00+05:30,6.482499,181.59111,16.770939,192.3954
1029,2025-08-11 21:00:00+05:30,7.92,180.0,18.466455,186.15508
1030,2025-08-11 22:00:00+05:30,9.255571,193.49574,20.082708,194.5345
1031,2025-08-11 23:00:00+05:30,9.459852,201.19412,20.122196,201.51595
1032,2025-08-12 00:00:00+05:30,9.102021,204.5377,19.32382,205.37152
1033,2025-08-12 01:00:00+05:30,8.557102,202.24907,18.675814,206.31802
1034,2025-08-12 02:00:00+05:30,8.827343,196.58742,18.687086,200.87909
1035,2025-08-12 03:00:00+05:30,6.778141,190.71307,15.999762,197.00803
1036,2025-08-12 04:00:00+05:30,5.771239,183.57626,14.156058,191.73854
1037,2025-08-12 05:00:00+05:30,5.7628117,181.78987,13.523978,189.96375
1038,2025-08-12 06:00:00+05:30,6.6818557,175.36462,14.383114,188.63705
1039,2025-08-12 07:00:00+05:30,9.5196,195.35019,12.882267,195.3956
1040,2025-08-12 08:00:00+05:30,8.513448,193.44862,11.132385,194.03627
1041,2025-08-12 09:00:00+05:30,7.2022495,181.43207,8.827344,182.33725
1042,2025-08-12 10:00:00+05:30,7.2022495,178.56793,8.821836,178.83089
1043,2025-08-12 11:00:00+05:30,8.459999,180.0,10.799999,180.0
1044,2025-08-12 12:00:00+05:30,7.7420926,181.33218,9.9,180.0
1045,2025-08-12 13:00:00+05:30,8.019601,189.0394,10.158444,187.12492
1046,2025-08-12 14:00:00+05:30,10.446206,178.02512,13.330941,177.67851
1047,2025-08-12 15:00:00+05:30,15.779544,191.18172,21.782972,190.47418
1048,2025-08-12 16:00:00+05:30,10.304114,207.01259,14.654254,207.824
1049,2025-08-12 17:00:00+05:30,9.54,180.0,18.18,180.0
1050,2025-08-12 18:00:00+05:30,6.66,180.0,14.490838,186.41869
1051,2025-08-12 19:00:00+05:30,6.5024605,175.23645,14.634343,184.93913
1052,2025-08-12 20:00:00+05:30,7.1321807,169.82455,16.036171,177.4267
1053,2025-08-12 21:00:00+05:30,7.79215,173.36758,17.288435,178.21013
1054,2025-08-12 22:00:00+05:30,9.708326,169.31514,19.580328,173.1364
1055,2025-08-12 23:00:00+05:30,10.759423,162.47435,20.650637,165.35808
1056,2025-08-13 00:00:00+05:30,10.914888,166.65126,21.145977,168.21184
1057,2025-08-13 01:00:00+05:30,8.4042845,170.13426,17.9973,171.95102
1058,2025-08-13 02:00:00+05:30,7.628263,160.70985,16.770939,167.6046
1059,2025-08-13 03:00:00+05:30,6.889557,146.7251,15.717823,156.3706
1060,2025-08-13 04:00:00+05:30,6.4924874,136.12321,14.447172,149.28117
1061,2025-08-13 05:00:00+05:30,6.156947,127.875046,13.392774,143.74608
1062,2025-08-13 06:00:00+05:30,8.65873,133.31535,16.530626,144.75235
1063,2025-08-13 07:00:00+05:30,9.9408245,137.93575,14.7039175,140.46388
1064,2025-08-13 08:00:00+05:30,11.074023,135.65846,17.186935,136.27295
1065,2025-08-13 09:00:00+05:30,9.901636,117.030785,14.336861,118.495544
1066,2025-08-13 10:00:00+05:30,10.387107,117.89718,13.0447235,117.979385
1067,2025-08-13 11:00:00+05:30,10.233123,129.28938,14.410121,131.45514
1068,2025-08-13 12:00:00+05:30,8.452336,116.56499,11.1090765,116.980156
1069,2025-08-13 13:00:00+05:30,8.373386,115.46331,10.385547,115.67677
1070,2025-08-13 14:00:00+05:30,8.775807,115.513824,10.787993,115.70991
1071,2025-08-13 15:00:00+05:30,12.971244,87.614105,17.84271,87.10879
1072,2025-08-13 16:00:00+05:30,6.439876,63.435013,11.307095,76.18495
1073,2025-08-13 17:00:00+05:30,7.9465466,76.908104,14.05845,87.064384
1074,2025-08-13 18:00:00+05:30,9.028754,85.42616,17.82091,89.42129
1075,2025-08-13 19:00:00+05:30,9.979859,97.253105,18.511143,103.49575
1076,2025-08-13 20:00:00+05:30,9.726665,87.87895,19.087639,91.62112
1077,2025-08-13 21:00:00+05:30,9.555271,93.23964,19.146112,99.19659
1078,2025-08-13 22:00:00+05:30,9.0,90.0,17.968472,100.9722
1079,2025-08-13 23:00:00+05:30,9.266067,82.1848,18.382044,92.80631
1080,2025-08-14 00:00:00+05:30,8.581677,80.34018,17.46371,91.18117
1081,2025-08-14 01:00:00+05:30,9.0018,91.14574,18.051228,99.180466
1082,2025-08-14 02:00:00+05:30,10.120098,95.10208,19.56046,104.93147
1083,2025-08-14 03:00:00+05:30,10.004178,81.7242,19.101213,92.70058
1084,2025-08-14 04:00:00+05:30,9.007196,87.70944,17.534992,95.300835
1085,2025-08-14 05:00:00+05:30,10.120098,84.89793,18.212051,93.39965
1086,2025-08-14 06:00:00+05:30,14.401124,90.71615,22.158285,92.32777
1087,2025-08-14 07:00:00+05:30,12.98248,106.9276,18.442753,108.78872
1088,2025-08-14 08:00:00+05:30,14.677451,113.10636,20.609016,115.89359
1089,2025-08-14 09:00:00+05:30,12.522619,108.43504,16.645864,111.57137
1090,2025-08-14 10:00:00+05:30,15.4642935,140.19447,20.188908,140.06367
1091,2025-08-14 11:00:00+05:30,11.616626,139.39879,14.7039175,140.46388
1092,2025-08-14 12:00:00+05:30,11.442394,109.290146,15.10821,111.67471
1093,2025-08-14 13:00:00+05:30,11.7,126.86999,16.279802,125.095894
1094,2025-08-14 14:00:00+05:30,9.299225,137.35333,12.730467,136.14568
1095,2025-08-14 15:00:00+05:30,11.843124,136.8476,16.176983,137.2546
1096,2025-08-14 16:00:00+05:30,10.373061,141.34018,14.87153,141.88168
1097,2025-08-14 17:00:00+05:30,8.654987,135.0001,15.934829,138.2053
1098,2025-08-14 18:00:00+05:30,7.771331,103.39252,15.99571,109.04672
1099,2025-08-14 19:00:00+05:30,8.707238,97.12492,17.304358,108.81198
1100,2025-08-14 20:00:00+05:30,8.731392,98.297066,17.886242,110.62361
1101,2025-08-14 21:00:00+05:30,9.354806,101.09368,18.720001,112.61991
1102,2025-08-14 22:00:00+05:30,10.096059,101.3099,19.761507,110.25072
1103,2025-08-14 23:00:00+05:30,8.4963045,126.384445,17.84816,131.72942
1104,2025-08-15 00:00:00+05:30,7.538541,123.310646,16.16897,133.64688
1105,2025-08-15 01:00:00+05:30,8.404285,133.26433,16.458931,138.99101
1106,2025-08-15 02:00:00+05:30,6.854195,119.93143,14.291592,130.91429
1107,2025-08-15 03:00:00+05:30,6.8541956,113.198616,14.028457,123.4862
1108,2025-08-15 04:00:00+05:30,6.5520988,110.924576,14.356058,120.10122
1109,2025-08-15 05:00:00+05:30,6.6818557,117.25525,14.628807,124.472275
1110,2025-08-15 06:00:00+05:30,8.759178,99.46225,15.602999,106.76264
1111,2025-08-15 07:00:00+05:30,13.298089,129.50764,19.361507,132.73947
1112,2025-08-15 08:00:00+05:30,10.062305,116.56499,14.110209,119.83545
1113,2025-08-15 09:00:00+05:30,11.966954,136.2188,16.039202,135.90929
1114,2025-08-15 10:00:00+05:30,10.210936,139.28925,12.768586,139.574
1115,2025-08-15 11:00:00+05:30,10.783486,146.57516,13.379461,146.5237
1116,2025-08-15 12:00:00+05:30,10.739832,140.44037,13.437455,140.9806
1117,2025-08-15 13:00:00+05:30,7.9932976,97.76508,10.062305,100.30479
1118,2025-08-15 14:00:00+05:30,8.244708,143.88057,11.019764,141.63248
1119,2025-08-15 15:00:00+05:30,10.8029995,169.43904,14.369594,167.70474
1120,2025-08-15 16:00:00+05:30,10.304115,160.61539,14.230248,161.56496
1121,2025-08-15 17:00:00+05:30,6.050785,157.249,10.1902895,162.52513
1122,2025-08-15 18:00:00+05:30,3.2048087,141.84273,7.186487,157.93205
1123,2025-08-15 19:00:00+05:30,3.710795,140.90616,9.021574,151.38963
1124,2025-08-15 20:00:00+05:30,4.175069,97.43131,9.835975,124.56259
1125,2025-08-15 21:00:00+05:30,6.502461,131.63345,15.12964,145.17545
1126,2025-08-15 22:00:00+05:30,6.689125,156.19405,16.507088,161.56496
1127,2025-08-15 23:00:00+05:30,4.5572357,170.9098,12.682018,173.4803
1128,2025-08-16 00:00:00+05:30,3.9966488,172.23492,10.801499,179.04518
1129,2025-08-16 01:00:00+05:30,3.4576871,141.34016,9.278297,161.91646
1130,2025-08-16 02:00:00+05:30,2.5772078,77.90526,5.48631,131.00899
1131,2025-08-16 03:00:00+05:30,4.3498964,65.55606,7.458606,98.32557
1132,2025-08-16 04:00:00+05:30,6.330782,75.17348,12.0720825,92.56372
1133,2025-08-16 05:00:00+05:30,7.256032,82.875084,14.967083,93.44732
1134,2025-08-16 06:00:00+05:30,6.66,71.075264,13.084402,82.09293
1135,2025-08-16 07:00:00+05:30,8.101999,88.727,10.98,90.0
1136,2025-08-16 08:00:00+05:30,9.6228485,97.52373,12.525207,97.43131
1137,2025-08-16 09:00:00+05:30,9.919618,101.5138,13.026081,101.154625
1138,2025-08-16 10:00:00+05:30,11.7827835,108.71183,15.5395355,108.225174
1139,2025-08-16 11:00:00+05:30,10.948973,117.40749,13.766176,117.23507
1140,2025-08-16 12:00:00+05:30,16.363178,129.64413,21.3412,129.8674
1141,2025-08-16 13:00:00+05:30,5.796447,126.15828,7.491114,125.21768
1142,2025-08-16 14:00:00+05:30,6.151683,159.44388,8.155807,157.96371
1143,2025-08-16 15:00:00+05:30,9.0,163.73972,12.241323,162.89719
1144,2025-08-16 16:00:00+05:30,9.0018,168.46541,13.556282,169.28693
1145,2025-08-16 17:00:00+05:30,3.9477081,114.22774,8.909545,135.0001
1146,2025-08-16 18:00:00+05:30,2.7059932,183.814,6.8612823,184.5139
1147,2025-08-16 19:00:00+05:30,1.2727921,98.13002,3.9966483,125.837746
1148,2025-08-16 20:00:00+05:30,2.7416782,113.19862,5.09435,122.00535
1149,2025-08-16 21:00:00+05:30,1.8,126.86999,4.5891175,131.82008
1150,2025-08-16 22:00:00+05:30,2.0124612,100.30479,5.7176566,118.1785
1151,2025-08-16 23:00:00+05:30,3.143565,113.62939,7.6409945,136.90913
1152,2025-08-17 00:00:00+05:30,3.494968,145.49142,8.863972,167.09259
1153,2025-08-17 01:00:00+05:30,2.9024127,150.2552,8.311245,175.03035
1154,2025-08-17 02:00:00+05:30,3.0758414,110.55613,6.3639607,151.2603
1155,2025-08-17 03:00:00+05:30,3.189608,73.61038,5.3517847,109.653915
1156,2025-08-17 04:00:00+05:30,5.0432134,92.045364,9.793058,107.10281
1157,2025-08-17 05:00:00+05:30,6.66,108.92474,14.182355,113.962494
1158,2025-08-17 06:00:00+05:30,7.841887,58.134064,14.145756,75.25639
1159,2025-08-17 07:00:00+05:30,14.059602,108.66701,19.18246,108.605064
1160,2025-08-17 08:00:00+05:30,9.867218,104.79681,13.845967,105.843155
1161,2025-08-17 09:00:00+05:30,11.793777,105.945465,15.827721,107.19863
1162,2025-08-17 10:00:00+05:30,12.303366,110.55613,15.779543,110.70912
1163,2025-08-17 11:00:00+05:30,14.169785,115.58847,17.87718,115.01686
1164,2025-08-17 12:00:00+05:30,15.484185,107.592514,20.037485,107.78398
1165,2025-08-17 13:00:00+05:30,12.750811,108.946594,17.992796,109.885254
1166,2025-08-17 14:00:00+05:30,10.028439,111.03758,13.945064,113.58704
1167,2025-08-17 15:00:00+05:30,14.88242,122.15227,20.436144,121.3099
1168,2025-08-17 16:00:00+05:30,13.213764,114.12099,19.966211,115.64096
1169,2025-08-17 17:00:00+05:30,7.0038276,64.09355,16.62249,94.96966
1170,2025-08-17 18:00:00+05:30,11.620809,106.18928,22.029236,112.58389
1171,2025-08-17 19:00:00+05:30,9.505977,108.77813,19.41081,114.663795
1172,2025-08-17 20:00:00+05:30,11.700001,104.25006,22.037323,110.06316
1173,2025-08-17 21:00:00+05:30,13.5515,106.99091,24.502487,111.09802
1174,2025-08-17 22:00:00+05:30,13.358861,104.03627,24.248613,108.16605
1175,2025-08-17 23:00:00+05:30,11.448055,106.44046,21.53089,110.55613
1176,2025-08-18 00:00:00+05:30,9.761578,95.28999,19.078302,103.64294
1177,2025-08-18 01:00:00+05:30,9.567131,85.68405,18.595839,94.44116
1178,2025-08-18 02:00:00+05:30,12.605142,91.63654,22.707127,97.74462
1179,2025-08-18 03:00:00+05:30,13.379461,95.4037,23.34802,99.31702
1180,2025-08-18 04:00:00+05:30,12.961249,90.79571,22.571884,94.57384
1181,2025-08-18 05:00:00+05:30,12.284916,100.98061,22.046875,103.6959
1182,2025-08-18 06:00:00+05:30,17.262177,101.42707,26.513823,102.14908
1183,2025-08-18 07:00:00+05:30,15.713702,99.89386,24.11261,102.064865
1184,2025-08-18 08:00:00+05:30,18.406704,99.00168,26.016073,98.35426
1185,2025-08-18 09:00:00+05:30,17.992796,109.885254,24.544107,110.16269
1186,2025-08-18 10:00:00+05:30,17.965767,114.253914,24.088411,114.266785
1187,2025-08-18 11:00:00+05:30,19.192593,110.304565,25.282152,109.98319
1188,2025-08-18 12:00:00+05:30,18.738165,121.24687,24.541468,120.891624
1189,2025-08-18 13:00:00+05:30,18.222721,113.27293,23.635582,112.85485
1190,2025-08-18 14:00:00+05:30,14.827893,123.11135,21.167418,123.55496
1191,2025-08-18 15:00:00+05:30,17.799076,118.37914,26.032879,119.40082
1192,2025-08-18 16:00:00+05:30,13.33094,124.54843,21.280384,125.70678
1193,2025-08-18 17:00:00+05:30,14.787414,121.56177,25.025827,125.633575
1194,2025-08-18 18:00:00+05:30,11.638917,129.35173,21.528633,132.62813
1195,2025-08-18 19:00:00+05:30,15.172409,131.63344,26.604097,134.17772
1196,2025-08-18 20:00:00+05:30,14.57889,122.90524,25.674463,125.584465
1197,2025-08-18 21:00:00+05:30,12.96125,117.27668,23.431133,121.49211
1198,2025-08-18 22:00:00+05:30,12.081473,114.65588,22.151705,118.64752
1199,2025-08-18 23:00:00+05:30,11.503113,110.13639,21.171244,116.78283
1200,2025-08-19 00:00:00+05:30,12.43434,112.109505,22.226902,114.90474
1201,2025-08-19 01:00:00+05:30,12.56008,115.4633,22.238562,119.05451
1202,2025-08-19 02:00:00+05:30,12.466867,107.650215,22.644257,113.91625
1203,2025-08-19 03:00:00+05:30,13.070776,112.6806,23.023117,116.96564
1204,2025-08-19 04:00:00+05:30,13.337016,111.3707,23.667776,117.1496
1205,2025-08-19 05:00:00+05:30,13.237039,112.38018,22.7812,116.76744
1206,2025-08-19 06:00:00+05:30,18.508516,97.26315,28.112288,99.58287
1207,2025-08-19 07:00:00+05:30,17.020235,107.86019,25.842384,108.68745
1208,2025-08-19 08:00:00+05:30,21.639713,121.045425,31.148323,120.5662
1209,2025-08-19 09:00:00+05:30,20.26899,123.407845,26.85863,123.7966
1210,2025-08-19 10:00:00+05:30,22.2924,128.44308,29.237675,127.99879
1211,2025-08-19 11:00:00+05:30,17.244337,126.51115,24.660654,127.288185
1212,2025-08-19 12:00:00+05:30,21.384424,135.68198,29.278646,135.99626
1213,2025-08-19 13:00:00+05:30,21.531641,144.18382,30.92754,143.99706
1214,2025-08-19 14:00:00+05:30,20.859041,151.66585,27.553524,151.09091
1215,2025-08-19 15:00:00+05:30,17.727943,156.0375,24.675106,156.80139
1216,2025-08-19 16:00:00+05:30,14.813683,152.50095,22.862123,153.8385
1217,2025-08-19 17:00:00+05:30,14.33347,144.71317,24.215185,147.13683
1218,2025-08-19 18:00:00+05:30,12.193589,121.10875,22.392464,126.50153
1219,2025-08-19 19:00:00+05:30,14.689588,126.027466,26.115513,128.84485
1220,2025-08-19 20:00:00+05:30,16.29174,135.0001,28.04305,138.12222
1221,2025-08-19 21:00:00+05:30,14.264361,137.04541,25.469204,141.024
1222,2025-08-19 22:00:00+05:30,14.009968,137.08257,24.962955,141.14662
1223,2025-08-19 23:00:00+05:30,11.964246,135.0001,21.94524,138.99101
1224,2025-08-20 00:00:00+05:30,11.870451,130.69543,21.76512,134.66496
1225,2025-08-20 01:00:00+05:30,12.399113,140.30096,22.433662,141.84273
1226,2025-08-20 02:00:00+05:30,11.457958,136.27295,20.5807,140.3228
1227,2025-08-20 03:00:00+05:30,12.204212,127.208,22.12536,129.38777
1228,2025-08-20 04:00:00+05:30,11.090103,125.753975,20.051224,130.2665
1229,2025-08-20 05:00:00+05:30,13.337016,121.75944,22.789022,126.32692
1230,2025-08-20 06:00:00+05:30,13.902015,131.3254,22.019672,134.66884
1231,2025-08-20 07:00:00+05:30,14.33347,144.71317,21.11838,145.7681
1232,2025-08-20 08:00:00+05:30,17.95404,154.46262,24.795612,154.17906
1233,2025-08-20 09:00:00+05:30,18.033268,152.66772,24.957764,152.51099
1234,2025-08-20 10:00:00+05:30,19.48079,153.67177,27.128096,153.60503
1235,2025-08-20 11:00:00+05:30,19.726225,154.60413,26.97899,155.14479
1236,2025-08-20 12:00:00+05:30,18.961613,160.0168,26.928505,160.4749
1237,2025-08-20 13:00:00+05:30,19.627428,168.89621,27.711231,168.76309
1238,2025-08-20 14:00:00+05:30,20.871464,167.04242,29.560034,166.97923
1239,2025-08-20 15:00:00+05:30,20.969805,168.11136,30.147717,168.28755
1240,2025-08-20 16:00:00+05:30,19.175703,170.27249,30.095009,170.70677
1241,2025-08-20 17:00:00+05:30,17.085785,168.45334,28.497473,170.18077
1242,2025-08-20 18:00:00+05:30,10.094454,129.93633,18.839045,134.22588
1243,2025-08-20 19:00:00+05:30,12.425216,141.46979,22.32653,144.51593
1244,2025-08-20 20:00:00+05:30,11.988594,138.65233,21.531641,144.18382
1245,2025-08-20 21:00:00+05:30,11.132385,157.1663,20.438522,160.4479
1246,2025-08-20 22:00:00+05:30,10.934166,147.09476,20.12461,153.43501
1247,2025-08-20 23:00:00+05:30,9.4238205,151.47697,17.849066,158.09123
1248,2025-08-21 00:00:00+05:30,10.404249,142.73352,18.116621,152.16202
1249,2025-08-21 01:00:00+05:30,7.344794,143.97253,12.904882,157.01126
1250,2025-08-21 02:00:00+05:30,5.6521144,142.76509,10.209348,170.8699
1251,2025-08-21 03:00:00+05:30,4.8965297,143.97253,11.126562,170.69014
1252,2025-08-21 04:00:00+05:30,4.863332,141.009,10.548061,143.32556
1253,2025-08-21 05:00:00+05:30,7.8087645,154.02567,14.24163,159.27437
1254,2025-08-21 06:00:00+05:30,5.8631387,162.12122,15.301059,180.67403
1255,2025-08-21 07:00:00+05:30,11.897714,190.45985,19.044306,187.05775
1256,2025-08-21 08:00:00+05:30,9.621163,162.58194,13.379461,169.14363
1257,2025-08-21 09:00:00+05:30,7.029225,166.67546,9.178235,168.69011
1258,2025-08-21 10:00:00+05:30,13.934604,185.93143,19.134262,184.31595
1259,2025-08-21 11:00:00+05:30,12.32047,191.80241,17.085785,191.54666
1260,2025-08-21 12:00:00+05:30,7.2044983,192.99461,10.703569,199.65392
1261,2025-08-21 13:00:00+05:30,9.321845,190.00792,13.026081,191.15462
1262,2025-08-21 14:00:00+05:30,10.873251,199.3349,15.027575,198.8691
1263,2025-08-21 15:00:00+05:30,14.887859,194.70834,23.441502,190.6196
1264,2025-08-21 16:00:00+05:30,5.8409934,236.3099,12.819235,231.84273
1265,2025-08-21 17:00:00+05:30,7.989243,194.34937,15.443328,201.18143
1266,2025-08-21 18:00:00+05:30,12.642357,208.02441,23.646545,210.66449
1267,2025-08-21 19:00:00+05:30,10.711135,204.84236,21.419998,208.07239
1268,2025-08-21 20:00:00+05:30,7.8480825,216.60716,18.047638,218.92755
1269,2025-08-21 21:00:00+05:30,5.2694216,172.14677,14.120539,197.04912
1270,2025-08-21 22:00:00+05:30,7.970972,154.59233,15.986595,172.23492
1271,2025-08-21 23:00:00+05:30,7.172949,162.47433,14.275713,185.06352
1272,2025-08-22 00:00:00+05:30,6.6185193,157.61983,14.044615,181.46877
1273,2025-08-22 01:00:00+05:30,2.1674871,138.36655,8.688613,193.17256
1274,2025-08-22 02:00:00+05:30,4.3349743,94.76356,5.983477,136.2188
1275,2025-08-22 03:00:00+05:30,10.036512,147.45001,16.813387,158.65414
1276,2025-08-22 04:00:00+05:30,11.334284,169.93938,20.29535,173.37932
1277,2025-08-22 05:00:00+05:30,9.746631,184.23631,17.373497,185.94676
1278,2025-08-22 06:00:00+05:30,17.951334,206.8219,28.673721,208.49554
1279,2025-08-22 07:00:00+05:30,15.086748,199.51596,24.567856,201.48967
1280,2025-08-22 08:00:00+05:30,16.733225,211.80934,23.926462,211.77689
1281,2025-08-22 09:00:00+05:30,15.697197,206.56499,22.140732,205.52338
1282,2025-08-22 10:00:00+05:30,12.758432,196.38962,18.855375,200.68416
1283,2025-08-22 11:00:00+05:30,12.011544,199.24962,16.285772,200.0373
1284,2025-08-22 12:00:00+05:30,7.458606,199.74693,9.796366,200.4329
1285,2025-08-22 13:00:00+05:30,9.568824,196.38962,12.124307,198.16605
1286,2025-08-22 14:00:00+05:30,11.367109,190.95403,14.545515,192.14426
1287,2025-08-22 15:00:00+05:30,15.876775,176.09958,22.840149,173.21112
1288,2025-08-22 16:00:00+05:30,7.9138603,197.19862,12.768586,201.5015
1289,2025-08-22 17:00:00+05:30,7.6367526,188.13002,12.413476,196.85847
1290,2025-08-22 18:00:00+05:30,11.08572,212.39983,20.413143,217.47626
1291,2025-08-22 19:00:00+05:30,9.430695,203.6294,18.553972,210.29637
1292,2025-08-22 20:00:00+05:30,8.049845,206.56499,16.489416,216.11943
1293,2025-08-22 21:00:00+05:30,8.11798,183.814,16.171976,196.82149
1294,2025-08-22 22:00:00+05:30,9.914717,183.12207,18.665401,186.64519
1295,2025-08-22 23:00:00+05:30,13.1041975,195.94547,22.996365,198.71869
1296,2025-08-23 00:00:00+05:30,10.931203,197.24155,19.553833,201.60559
1297,2025-08-23 01:00:00+05:30,8.482947,197.28159,16.78156,202.71445
1298,2025-08-23 02:00:00+05:30,6.489992,183.17976,13.590894,191.45872
1299,2025-08-23 03:00:00+05:30,6.330782,165.17348,12.061341,179.14493
1300,2025-08-23 04:00:00+05:30,6.7205353,159.62349,12.496719,168.3664
1301,2025-08-23 05:00:00+05:30,5.495161,148.39255,9.676569,161.56496
1302,2025-08-23 06:00:00+05:30,11.953409,198.43504,19.242327,197.41806
1303,2025-08-23 07:00:00+05:30,11.928989,185.19434,19.14865,184.85301
1304,2025-08-23 08:00:00+05:30,12.295462,197.90454,18.392618,200.0311
1305,2025-08-23 09:00:00+05:30,12.483748,222.66266,16.802786,224.13205
1306,2025-08-23 10:00:00+05:30,13.089354,211.50421,17.688606,211.26367
1307,2025-08-23 11:00:00+05:30,12.849528,191.30989,16.909464,191.66875
1308,2025-08-23 12:00:00+05:30,12.145665,186.80896,16.248924,184.4473
1309,2025-08-23 13:00:00+05:30,12.872201,200.46236,16.580532,200.99292
1310,2025-08-23 14:00:00+05:30,12.059999,180.0,15.664136,181.31688
1311,2025-08-23 15:00:00+05:30,18.353823,206.81627,27.29479,205.38208
1312,2025-08-23 16:00:00+05:30,11.45513,188.13002,17.69593,189.36644
1313,2025-08-23 17:00:00+05:30,14.332341,191.59215,23.923754,193.93172
1314,2025-08-23 18:00:00+05:30,13.723745,196.7713,24.43827,200.7043
1315,2025-08-23 19:00:00+05:30,13.1041975,195.94547,23.964348,198.84332
1316,2025-08-23 20:00:00+05:30,12.303366,200.55612,23.358425,204.5901
1317,2025-08-23 21:00:00+05:30,11.272657,199.59238,21.585745,204.64165
1318,2025-08-23 22:00:00+05:30,12.011544,199.24962,22.303299,205.32414
1319,2025-08-23 23:00:00+05:30,10.8029995,190.56096,20.606659,197.80196
1320,2025-08-24 00:00:00+05:30,12.638512,197.40279,23.469128,200.659
1321,2025-08-24 01:00:00+05:30,10.730778,202.69383,20.53105,207.68826
1322,2025-08-24 02:00:00+05:30,10.308831,192.09474,19.523985,198.268
1323,2025-08-24 03:00:00+05:30,12.964998,178.40889,22.517992,182.29056
1324,2025-08-24 04:00:00+05:30,11.500296,162.69939,20.093191,170.20021
1325,2025-08-24 05:00:00+05:30,9.215226,167.59259,17.49337,176.46051
1326,2025-08-24 06:00:00+05:30,11.252519,172.64772,20.172853,177.95464
1327,2025-08-24 07:00:00+05:30,11.881363,179.13197,18.0,180.0
1328,2025-08-24 08:00:00+05:30,14.970331,198.2172,21.007627,199.52182
1329,2025-08-24 09:00:00+05:30,15.141414,198.00426,20.093193,198.27274
1330,2025-08-24 10:00:00+05:30,16.116785,200.25655,21.99538,201.10492
1331,2025-08-24 11:00:00+05:30,14.934577,195.37631,19.260841,195.72481
1332,2025-08-24 12:00:00+05:30,16.245934,189.56662,23.58618,190.10924
1333,2025-08-24 13:00:00+05:30,16.069473,184.49707,21.69056,185.23738
1334,2025-08-24 14:00:00+05:30,17.581125,190.6196,23.264606,190.70131
1335,2025-08-24 15:00:00+05:30,14.721535,191.99687,19.523985,192.24231
1336,2025-08-24 16:00:00+05:30,14.993038,184.82068,23.110207,184.46707
1337,2025-08-24 17:00:00+05:30,13.576582,186.08844,23.599228,187.45015
1338,2025-08-24 18:00:00+05:30,7.3997297,175.81517,16.56,180.0
1339,2025-08-24 19:00:00+05:30,6.7205353,172.30405,16.560978,179.37726
1340,2025-08-24 20:00:00+05:30,4.942631,169.50858,14.050382,177.79745
1341,2025-08-24 21:00:00+05:30,6.601363,168.9965,15.941944,173.51703
1342,2025-08-24 22:00:00+05:30,8.557102,165.37909,18.392616,168.14024
1343,2025-08-24 23:00:00+05:30,6.6794305,165.96373,16.189995,171.6898
1344,2025-08-25 00:00:00+05:30,5.796447,143.84172,14.138882,158.33398
1345,2025-08-25 01:00:00+05:30,5.072041,117.47435,12.514855,139.66693
1346,2025-08-25 02:00:00+05:30,9.761578,95.28999,18.22361,106.64513
1347,2025-08-25 03:00:00+05:30,7.538541,123.310646,15.804164,127.13101
1348,2025-08-25 04:00:00+05:30,7.491114,125.21768,15.833861,130.38928
1349,2025-08-25 05:00:00+05:30,6.7397914,124.11452,14.957339,129.62897
1350,2025-08-25 06:00:00+05:30,6.698806,83.829926,13.533558,103.85144
1351,2025-08-25 07:00:00+05:30,6.8541956,103.671326,9.346143,105.64231
1352,2025-08-25 08:00:00+05:30,5.7431,122.1957,7.193247,121.701385
1353,2025-08-25 09:00:00+05:30,7.458606,109.74693,9.227524,110.55612
1354,2025-08-25 10:00:00+05:30,9.335737,123.996506,11.681987,123.690094
1355,2025-08-25 11:00:00+05:30,8.320986,141.14662,10.348043,139.93929
1356,2025-08-25 12:00:00+05:30,8.461914,150.70874,10.404249,149.88635
1357,2025-08-25 13:00:00+05:30,7.256032,150.2552,8.797931,149.23735
1358,2025-08-25 14:00:00+05:30,7.6388745,145.56096,9.187056,145.37578
1359,2025-08-25 15:00:00+05:30,13.70839,150.06857,17.816362,150.32701
1360,2025-08-25 16:00:00+05:30,6.638072,139.39879,9.585739,145.71307
1361,2025-08-25 17:00:00+05:30,4.724786,139.63554,9.743304,154.85526
1362,2025-08-25 18:00:00+05:30,0.9693296,68.19853,3.0758414,110.55613
1363,2025-08-25 19:00:00+05:30,1.2727921,81.86999,4.6102495,141.34016
1364,2025-08-25 20:00:00+05:30,3.396233,122.00535,8.699793,155.55606
1365,2025-08-25 21:00:00+05:30,5.6060677,137.60262,14.275713,156.9911
1366,2025-08-25 22:00:00+05:30,6.8777895,137.12111,16.63905,148.7174
1367,2025-08-25 23:00:00+05:30,5.728979,133.72705,15.408671,142.59457
1368,2025-08-26 00:00:00+05:30,5.09435,122.00535,13.888023,137.62646
1369,2025-08-26 01:00:00+05:30,5.506941,101.3099,14.081477,122.471176
1370,2025-08-26 02:00:00+05:30,5.2694216,97.853226,13.60519,115.88697
1371,2025-08-26 03:00:00+05:30,5.2694216,97.853226,13.690654,114.88035
1372,2025-08-26 04:00:00+05:30,5.4744864,99.46225,13.690654,114.88035
1373,2025-08-26 05:00:00+05:30,5.9399996,90.0,13.948548,107.26589
1374,2025-08-26 06:00:00+05:30,6.87779,83.99109,14.408997,102.99462
1375,2025-08-26 07:00:00+05:30,8.553314,98.47106,11.720751,100.619606
1376,2025-08-26 08:00:00+05:30,9.565437,109.798965,12.703715,110.74616
1377,2025-08-26 09:00:00+05:30,12.10157,120.37905,15.807239,120.0685
1378,2025-08-26 10:00:00+05:30,12.10157,120.37905,15.807239,120.0685
1379,2025-08-26 11:00:00+05:30,10.223619,116.11385,12.879752,116.56499
1380,2025-08-26 12:00:00+05:30,9.4238205,118.52302,11.594292,117.75845
1381,2025-08-26 13:00:00+05:30,8.538149,108.43504,10.644379,108.74143
1382,2025-08-26 14:00:00+05:30,10.564941,134.30981,13.115319,133.33171
1383,2025-08-26 15:00:00+05:30,9.3962755,106.699326,12.641076,109.98319
1384,2025-08-26 16:00:00+05:30,6.7205353,110.37652,9.028754,113.49858
1385,2025-08-26 17:00:00+05:30,4.278551,104.62092,9.4238205,118.52302
1386,2025-08-26 18:00:00+05:30,5.020677,104.5345,12.397806,115.820946
1387,2025-08-26 19:00:00+05:30,6.452441,120.141304,15.2501545,120.499756
1388,2025-08-26 20:00:00+05:30,7.5685663,115.34614,17.460928,127.46063
1389,2025-08-26 21:00:00+05:30,7.519175,132.0891,17.352036,143.01115
1390,2025-08-26 22:00:00+05:30,6.015878,128.92755,15.159589,137.406
1391,2025-08-26 23:00:00+05:30,5.506941,101.3099,13.690653,118.24964
1392,2025-08-27 00:00:00+05:30,5.9427266,91.73567,13.971757,104.93147
1393,2025-08-27 01:00:00+05:30,7.5685663,87.27374,15.808263,97.853226
1394,2025-08-27 02:00:00+05:30,7.6642804,80.53775,15.84,90.0
1395,2025-08-27 03:00:00+05:30,9.181765,88.876724,18.23694,94.52874
1396,2025-08-27 04:00:00+05:30,8.707238,82.875084,17.108522,91.80871
1397,2025-08-27 05:00:00+05:30,9.600937,83.54128,18.36353,91.12328
1398,2025-08-27 06:00:00+05:30,12.791403,92.41946,20.47416,96.56261
1399,2025-08-27 07:00:00+05:30,15.009236,95.50539,21.528631,95.75817
1400,2025-08-27 08:00:00+05:30,15.484185,107.592514,21.629978,108.43504
1401,2025-08-27 09:00:00+05:30,15.767219,108.64189,21.687572,108.886185
1402,2025-08-27 10:00:00+05:30,17.727943,119.16752,24.004873,118.67894
1403,2025-08-27 11:00:00+05:30,16.474672,123.86373,21.869074,124.60574
1404,2025-08-27 12:00:00+05:30,15.825675,123.87085,20.46941,124.24909
1405,2025-08-27 13:00:00+05:30,14.527683,123.887,20.674156,125.07384
1406,2025-08-27 14:00:00+05:30,14.230248,124.69522,19.692526,126.45102
1407,2025-08-27 15:00:00+05:30,17.460928,142.53937,24.912935,142.63326
1408,2025-08-27 16:00:00+05:30,13.596852,173.15732,22.12536,172.9907
1409,2025-08-27 17:00:00+05:30,13.681183,179.24617,23.040703,180.4476
1410,2025-08-27 18:00:00+05:30,13.666967,167.06194,24.678385,167.78851
1411,2025-08-27 19:00:00+05:30,12.750811,161.0534,23.414532,163.93353
1412,2025-08-27 20:00:00+05:30,12.535548,164.16754,23.097584,166.93845
1413,2025-08-27 21:00:00+05:30,12.007498,167.00539,22.075516,170.61456
1414,2025-08-27 22:00:00+05:30,10.261579,164.74483,19.94754,169.60272
1415,2025-08-27 23:00:00+05:30,8.0599,150.57263,17.423777,160.06738
1416,2025-08-28 00:00:00+05:30,7.7043357,127.40543,16.165964,142.23686
1417,2025-08-28 01:00:00+05:30,8.3520775,127.11694,17.262178,140.50044
1418,2025-08-28 02:00:00+05:30,8.723967,111.80147,17.065859,127.71605
1419,2025-08-28 03:00:00+05:30,10.304114,117.01259,20.172853,124.82456
1420,2025-08-28 04:00:00+05:30,12.241323,126.027466,22.842985,130.84605
1421,2025-08-28 05:00:00+05:30,11.480557,138.81418,20.98911,143.71965
1422,2025-08-28 06:00:00+05:30,14.480773,145.1246,22.366402,146.82147
1423,2025-08-28 07:00:00+05:30,14.57889,147.09476,20.778112,148.09988
1424,2025-08-28 08:00:00+05:30,15.455911,153.73343,20.771093,154.32323
1425,2025-08-28 09:00:00+05:30,16.645864,158.42863,21.99538,158.89508
1426,2025-08-28 10:00:00+05:30,16.676977,166.26372,21.522614,165.96373
1427,2025-08-28 11:00:00+05:30,17.47484,168.11136,24.07563,168.35405
1428,2025-08-28 12:00:00+05:30,16.478603,158.19853,21.93121,159.3338
1429,2025-08-28 13:00:00+05:30,13.722565,184.5139,18.844202,186.58185
1430,2025-08-28 14:00:00+05:30,14.008811,152.44728,19.32382,154.62848
1431,2025-08-28 15:00:00+05:30,14.050382,177.79745,20.167229,178.4657
1432,2025-08-28 16:00:00+05:30,14.869351,173.04713,22.12536,172.9907
1433,2025-08-28 17:00:00+05:30,13.733186,169.42653,22.553936,171.74065
1434,2025-08-28 18:00:00+05:30,12.033103,145.359,22.553936,151.38963
1435,2025-08-28 19:00:00+05:30,11.855429,149.9315,22.7057,154.65387
1436,2025-08-28 20:00:00+05:30,11.996699,152.28159,22.59699,157.52052
1437,2025-08-28 21:00:00+05:30,11.385622,140.77434,21.522614,147.63908
1438,2025-08-28 22:00:00+05:30,11.525623,141.34016,21.517342,145.91109
1439,2025-08-28 23:00:00+05:30,10.742848,148.70702,20.366266,153.20856
1440,2025-08-29 00:00:00+05:30,11.897714,162.38733,21.93121,163.79616
1441,2025-08-29 01:00:00+05:30,10.088033,164.47583,19.48661,168.27492
1442,2025-08-29 02:00:00+05:30,10.609316,165.2564,20.093191,170.20021
1443,2025-08-29 03:00:00+05:30,8.604301,164.21918,17.34083,170.43997
1444,2025-08-29 04:00:00+05:30,7.995323,148.81508,15.779543,159.29088
1445,2025-08-29 05:00:00+05:30,7.7650757,135.9391,15.589497,148.69594
1446,2025-08-29 06:00:00+05:30,8.936778,145.66972,17.71423,154.73694
1447,2025-08-29 07:00:00+05:30,11.566313,159.02643,15.99571,160.95328
1448,2025-08-29 08:00:00+05:30,10.711135,155.15764,13.854155,155.43285
1449,2025-08-29 09:00:00+05:30,12.703715,159.25385,15.779543,159.29088
1450,2025-08-29 10:00:00+05:30,11.7827835,161.28816,16.62249,162.3498
1451,2025-08-29 11:00:00+05:30,13.239487,172.9717,18.108572,173.7228
1452,2025-08-29 12:00:00+05:30,12.487641,164.96213,16.284779,166.57816
1453,2025-08-29 13:00:00+05:30,14.589996,182.12105,19.083395,181.0809
1454,2025-08-29 14:00:00+05:30,12.145665,186.80896,17.163355,189.65982
1455,2025-08-29 15:00:00+05:30,12.638512,162.59721,18.172869,163.89864
1456,2025-08-29 16:00:00+05:30,13.339445,183.094,19.290257,183.20943
1457,2025-08-29 17:00:00+05:30,10.829958,158.5522,18.030573,165.54753
1458,2025-08-29 18:00:00+05:30,8.2584505,163.5399,16.601036,170.63988
1459,2025-08-29 19:00:00+05:30,7.731623,155.22488,15.94804,163.61038
1460,2025-08-29 20:00:00+05:30,9.585739,145.71307,18.435726,152.68448
1461,2025-08-29 21:00:00+05:30,8.557102,157.75093,17.589418,162.12122
1462,2025-08-29 22:00:00+05:30,6.8423676,144.63745,15.388685,155.83337
1463,2025-08-29 23:00:00+05:30,6.804381,127.47626,14.796175,143.40881
1464,2025-08-30 00:00:00+05:30,6.156947,142.12495,14.49531,151.8439
1465,2025-08-30 01:00:00+05:30,5.4744864,136.33215,13.125196,154.84073
1466,2025-08-30 02:00:00+05:30,7.1684303,128.8845,14.527683,146.113
1467,2025-08-30 03:00:00+05:30,6.7469993,133.91916,14.879153,145.34862
1468,2025-08-30 04:00:00+05:30,6.279395,117.29949,13.874019,134.47443
1469,2025-08-30 05:00:00+05:30,5.1919937,123.690094,12.738099,132.70937
1470,2025-08-30 06:00:00+05:30,5.072041,117.47435,10.337078,144.92616
1471,2025-08-30 07:00:00+05:30,5.8603754,137.4896,7.562142,141.76614
1472,2025-08-30 08:00:00+05:30,6.5248446,114.44395,8.133928,114.86367
1473,2025-08-30 09:00:00+05:30,6.1094027,135.0001,7.5105524,135.97093
1474,2025-08-30 10:00:00+05:30,8.55142,130.73203,10.583326,131.55252
1475,2025-08-30 11:00:00+05:30,12.245293,155.69547,15.299999,154.94241
1476,2025-08-30 12:00:00+05:30,12.7279215,151.2603,17.169018,150.47873
1477,2025-08-30 13:00:00+05:30,12.304682,185.8773,16.85669,186.74548
1478,2025-08-30 14:00:00+05:30,10.98,180.0,14.764389,181.39716
1479,2025-08-30 15:00:00+05:30,11.633348,188.00464,15.427586,187.37367
1480,2025-08-30 16:00:00+05:30,8.507737,173.92764,12.273043,175.79472
1481,2025-08-30 17:00:00+05:30,7.841888,170.75397,14.133153,173.41815
1482,2025-08-30 18:00:00+05:30,5.6920996,161.56496,14.241629,163.85559
1483,2025-08-30 19:00:00+05:30,5.0432134,145.17545,13.60519,154.11302
1484,2025-08-30 20:00:00+05:30,5.3426957,122.61923,13.393983,138.81416
1485,2025-08-30 21:00:00+05:30,7.186487,112.067955,15.552041,127.00261
1486,2025-08-30 22:00:00+05:30,6.379216,106.38962,15.070633,119.32038
1487,2025-08-30 23:00:00+05:30,3.143565,103.24053,9.335737,123.996506
1488,2025-08-31 00:00:00+05:30,3.671294,101.3099,9.0,126.86999
1489,2025-08-31 01:00:00+05:30,2.7059932,86.186005,7.1684303,128.8845
1490,2025-08-31 02:00:00+05:30,2.8856194,93.57626,6.618519,135.0001
1491,2025-08-31 03:00:00+05:30,4.198285,120.96369,9.361731,142.02834
1492,2025-08-31 04:00:00+05:30,3.096837,125.537766,8.043805,139.53786
1493,2025-08-31 05:00:00+05:30,4.510787,118.61037,9.67657,133.49263
1494,2025-08-31 06:00:00+05:30,2.8116899,140.19447,7.172949,162.47433
1495,2025-08-31 07:00:00+05:30,2.7475805,148.39255,3.550155,149.53453
1496,2025-08-31 08:00:00+05:30,2.0124612,153.43501,2.4149535,153.43501
1497,2025-08-31 09:00:00+05:30,2.8799999,90.0,3.6,90.0
1498,2025-08-31 10:00:00+05:30,4.3349743,85.23644,5.0688457,83.88459
1499,2025-08-31 11:00:00+05:30,5.637765,106.699326,6.9480934,106.55715
1500,2025-08-31 12:00:00+05:30,5.402999,119.98155,6.452441,120.141304
1501,2025-08-31 13:00:00+05:30,7.040739,94.39862,8.885877,96.980965
1502,2025-08-31 14:00:00+05:30,3.462369,81.02746,4.323748,87.614105
1503,2025-08-31 15:00:00+05:30,4.2366967,102.26476,5.3699164,103.57046
1504,2025-08-31 16:00:00+05:30,6.1305785,139.76372,8.536252,137.56381
1505,2025-08-31 17:00:00+05:30,3.396233,147.99466,8.55142,149.65683
1506,2025-08-31 18:00:00+05:30,4.1085763,151.1893,10.195057,137.86247
1507,2025-08-31 19:00:00+05:30,2.1749482,155.55606,7.029225,140.19447
1508,2025-08-31 20:00:00+05:30,1.08,90.0,5.1919937,123.690094
1509,2025-08-31 21:00:00+05:30,1.4399999,90.0,5.2323985,130.81499
1510,2025-08-31 22:00:00+05:30,3.0811036,96.70974,7.0107627,119.197395
1511,2025-08-31 23:00:00+05:30,3.0758414,110.55613,8.149847,120.529625
1512,2025-09-01 00:00:00+05:30,1.7076298,198.43504,5.5829024,178.15244
1513,2025-09-01 01:00:00+05:30,1.4399999,270.0,4.2671766,242.35411
1514,2025-09-01 02:00:00+05:30,2.5959969,303.6901,5.506941,281.3099
1515,2025-09-01 03:00:00+05:30,7.841887,301.86594,13.306615,293.09686
1516,2025-09-01 04:00:00+05:30,7.8954163,313.1524,16.427402,304.73492
1517,2025-09-01 05:00:00+05:30,6.341009,353.4803,13.358861,345.9637
1518,2025-09-01 06:00:00+05:30,8.149847,353.6599,17.726116,350.05948
1519,2025-09-01 07:00:00+05:30,7.771331,346.60748,12.108261,348.85715
1520,2025-09-01 08:00:00+05:30,8.107996,357.45523,10.801499,359.04517
1521,2025-09-01 09:00:00+05:30,8.709098,18.060568,11.213581,18.725883
1522,2025-09-01 10:00:00+05:30,9.668195,24.179106,12.483749,24.71742
1523,2025-09-01 11:00:00+05:30,9.039514,35.272507,11.634741,34.919483
1524,2025-09-01 12:00:00+05:30,7.748368,30.735416,9.847496,30.784075
1525,2025-09-01 13:00:00+05:30,7.2044983,12.99463,8.905908,14.036275
1526,2025-09-01 14:00:00+05:30,8.209263,15.255177,10.483357,15.945477
1527,2025-09-01 15:00:00+05:30,7.731623,24.775122,10.399576,23.45904
1528,2025-09-01 16:00:00+05:30,7.0223074,88.531235,10.694485,83.233925
1529,2025-09-01 17:00:00+05:30,5.7628117,128.65984,13.324863,128.41809
1530,2025-09-01 18:00:00+05:30,2.1674871,221.63345,3.319036,192.5288
1531,2025-09-01 19:00:00+05:30,7.771331,193.39252,14.465102,196.63103
1532,2025-09-01 20:00:00+05:30,10.04458,143.74608,16.45007,156.80139
1533,2025-09-01 21:00:00+05:30,11.923557,208.88649,20.964397,203.26321
1534,2025-09-01 22:00:00+05:30,9.703319,229.51407,17.581125,227.4896
1535,2025-09-01 23:00:00+05:30,8.311245,265.03033,16.299694,263.6599
1536,2025-09-02 00:00:00+05:30,0.9,143.13002,2.8460498,251.56496
1537,2025-09-02 01:00:00+05:30,2.6999998,180.0,6.849467,176.98727
1538,2025-09-02 02:00:00+05:30,3.7971041,238.57048,9.313152,228.91835
1539,2025-09-02 03:00:00+05:30,1.659518,167.4712,3.8773184,201.80147
1540,2025-09-02 04:00:00+05:30,2.5772076,65.22488,3.6402748,81.46932
1541,2025-09-02 05:00:00+05:30,12.049249,103.828674,21.139849,105.81144
1542,2025-09-02 06:00:00+05:30,10.7894945,117.84749,16.701244,120.43416
1543,2025-09-02 07:00:00+05:30,14.512064,119.74479,22.075516,122.00535
1544,2025-09-02 08:00:00+05:30,16.50709,117.96214,23.621183,119.690636
1545,2025-09-02 09:00:00+05:30,15.898188,120.62992,21.238474,121.13025
1546,2025-09-02 10:00:00+05:30,16.67892,119.05451,21.993908,118.87233
1547,2025-09-02 11:00:00+05:30,20.12944,121.842415,26.486313,121.097244
1548,2025-09-02 12:00:00+05:30,15.1884165,121.42952,19.448332,120.59991
1549,2025-09-02 13:00:00+05:30,9.7565975,127.50422,15.717823,129.88953
1550,2025-09-02 14:00:00+05:30,12.487641,105.03787,16.640022,105.690056
1551,2025-09-02 15:00:00+05:30,13.684735,125.36255,19.044306,126.54507
1552,2025-09-02 16:00:00+05:30,12.886039,118.354866,20.530258,121.739105
1553,2025-09-02 17:00:00+05:30,11.612441,108.99674,20.728155,113.00263
1554,2025-09-02 18:00:00+05:30,12.287555,95.04236,22.101183,102.22511
1555,2025-09-02 19:00:00+05:30,13.202726,101.003494,24.280659,105.4787
1556,2025-09-02 20:00:00+05:30,12.864649,107.92801,22.998478,112.55092
1557,2025-09-02 21:00:00+05:30,12.043869,99.46225,21.960737,104.71971
1558,2025-09-02 22:00:00+05:30,11.609651,97.12492,21.566975,104.500206
1559,2025-09-02 23:00:00+05:30,11.013882,101.3099,20.833395,108.121956
1560,2025-09-03 00:00:00+05:30,10.920824,98.530685,20.552341,107.32418
1561,2025-09-03 01:00:00+05:30,11.362834,86.36713,21.122215,94.39862
1562,2025-09-03 02:00:00+05:30,13.822546,98.235535,23.546999,101.911194
1563,2025-09-03 03:00:00+05:30,17.49337,93.53949,29.51835,96.30151
1564,2025-09-03 04:00:00+05:30,15.489416,91.99784,26.63635,96.59665
1565,2025-09-03 05:00:00+05:30,15.808263,97.853226,27.079681,102.280945
1566,2025-09-03 06:00:00+05:30,17.69593,80.63357,28.266306,83.41815
1567,2025-09-03 07:00:00+05:30,21.996117,93.2838,34.10038,93.93471
1568,2025-09-03 08:00:00+05:30,18.0,90.0,27.365328,91.13067
1569,2025-09-03 09:00:00+05:30,21.077686,97.853226,28.383553,98.38695
1570,2025-09-03 10:00:00+05:30,21.438143,103.1028,28.467329,103.15755
1571,2025-09-03 11:00:00+05:30,23.304264,113.198616,34.34228,113.47463
1572,2025-09-03 12:00:00+05:30,22.22836,111.3707,32.45645,112.1555
1573,2025-09-03 13:00:00+05:30,21.57974,121.701385,29.669437,121.85796
1574,2025-09-03 14:00:00+05:30,21.183481,130.86523,30.536934,129.97849
1575,2025-09-03 15:00:00+05:30,16.848999,130.6676,24.604755,131.73788
1576,2025-09-03 16:00:00+05:30,17.515581,140.42064,27.381308,140.8696
1577,2025-09-03 17:00:00+05:30,15.072783,139.84407,26.002993,141.46405
1578,2025-09-03 18:00:00+05:30,13.0806875,124.34615,23.652027,126.95719
1579,2025-09-03 19:00:00+05:30,14.677452,123.49521,25.488914,126.384445
1580,2025-09-03 20:00:00+05:30,15.077082,123.310646,25.740627,126.46933
1581,2025-09-03 21:00:00+05:30,13.633737,137.67549,24.09648,138.33101
1582,2025-09-03 22:00:00+05:30,13.229693,146.09369,23.415224,146.92073
1583,2025-09-03 23:00:00+05:30,12.992459,137.24576,22.771244,140.77434
1584,2025-09-04 00:00:00+05:30,12.399113,140.30096,22.21305,142.57288
1585,2025-09-04 01:00:00+05:30,11.385622,129.22566,21.259058,133.97093
1586,2025-09-04 02:00:00+05:30,11.113451,114.90474,20.436144,121.3099
1587,2025-09-04 03:00:00+05:30,10.028439,111.03758,19.0783,116.323235
1588,2025-09-04 04:00:00+05:30,11.578912,101.65926,21.637466,106.9276
1589,2025-09-04 05:00:00+05:30,12.007498,102.99462,22.104116,106.07365
1590,2025-09-04 06:00:00+05:30,10.957847,104.26455,21.060001,112.61991
1591,2025-09-04 07:00:00+05:30,14.539945,105.06854,21.362442,106.14441
1592,2025-09-04 08:00:00+05:30,16.489416,126.11943,22.789022,126.32692
1593,2025-09-04 09:00:00+05:30,16.615667,112.95412,22.029236,112.58389
1594,2025-09-04 10:00:00+05:30,15.856354,129.47243,22.885498,129.57474
1595,2025-09-04 11:00:00+05:30,14.681866,139.47498,19.152882,139.574
1596,2025-09-04 12:00:00+05:30,15.172409,138.36656,19.62743,137.97382
1597,2025-09-04 13:00:00+05:30,11.521406,151.03244,16.276817,150.88396
1598,2025-09-04 14:00:00+05:30,12.181625,161.0295,16.854767,160.0168
1599,2025-09-04 15:00:00+05:30,13.032298,147.40742,18.738165,148.75313
1600,2025-09-04 16:00:00+05:30,10.404249,149.88635,17.012617,150.18002
1601,2025-09-04 17:00:00+05:30,9.511088,150.5242,18.273325,153.68742
1602,2025-09-04 18:00:00+05:30,5.876938,130.0302,14.410121,138.54486
1603,2025-09-04 19:00:00+05:30,8.037761,145.95403,17.816362,150.32701
1604,2025-09-04 20:00:00+05:30,8.083983,168.4399,18.289274,169.79608
1605,2025-09-04 21:00:00+05:30,7.0038276,154.09355,16.451052,162.1597
1606,2025-09-04 22:00:00+05:30,4.471107,139.89915,12.081473,155.34412
1607,2025-09-04 23:00:00+05:30,6.2145634,100.00792,12.534257,125.0595
1608,2025-09-05 00:00:00+05:30,6.5520988,110.924576,14.57889,122.90524
1609,2025-09-05 01:00:00+05:30,5.8852015,113.42871,13.684735,125.36255
1610,2025-09-05 02:00:00+05:30,7.2359104,95.7105,14.84318,112.833694
1611,2025-09-05 03:00:00+05:30,9.459852,111.19412,18.275984,117.57448
1612,2025-09-05 04:00:00+05:30,9.939196,125.41714,18.581894,128.31313
1613,2025-09-05 05:00:00+05:30,7.9383874,122.969406,16.199999,126.86999
1614,2025-09-05 06:00:00+05:30,10.234705,124.24909,19.25327,131.58896
1615,2025-09-05 07:00:00+05:30,8.641874,144.3235,12.136325,144.6598
1616,2025-09-05 08:00:00+05:30,12.921192,161.31256,17.134071,160.99393
1617,2025-09-05 09:00:00+05:30,13.202726,168.9965,17.615187,168.80493
1618,2025-09-05 10:00:00+05:30,12.461669,169.17703,16.486465,169.30354
1619,2025-09-05 11:00:00+05:30,11.616627,167.4712,14.759999,167.31963
1620,2025-09-05 12:00:00+05:30,12.140329,164.5213,15.898188,164.23276
1621,2025-09-05 13:00:00+05:30,8.694204,152.90453,11.269782,153.43501
1622,2025-09-05 14:00:00+05:30,9.36,180.0,12.961249,179.2043
1623,2025-09-05 15:00:00+05:30,8.482947,162.71841,11.27553,163.30067
1624,2025-09-05 16:00:00+05:30,8.473393,167.73524,12.849528,168.69011
1625,2025-09-05 17:00:00+05:30,5.402999,150.01845,11.799271,158.52315
1626,2025-09-05 18:00:00+05:30,5.1197267,169.8754,14.221139,180.7252
1627,2025-09-05 19:00:00+05:30,5.5916004,183.69131,13.666967,192.93806
1628,2025-09-05 20:00:00+05:30,5.6521144,170.83772,14.440443,184.28908
1629,2025-09-05 21:00:00+05:30,5.771239,176.42374,15.481048,180.66618
1630,2025-09-05 22:00:00+05:30,6.482499,181.59111,16.208996,181.9091
1631,2025-09-05 23:00:00+05:30,5.7628117,194.47034,15.602999,191.30989
1632,2025-09-06 00:00:00+05:30,4.6730714,195.6423,12.534257,192.43954
1633,2025-09-06 01:00:00+05:30,4.913044,188.42688,12.961249,189.59306
1634,2025-09-06 02:00:00+05:30,3.964089,182.60251,11.252519,187.35228
1635,2025-09-06 03:00:00+05:30,3.8939953,146.3099,10.062305,169.6952
1636,2025-09-06 04:00:00+05:30,5.2478566,149.03632,12.535548,164.16754
1637,2025-09-06 05:00:00+05:30,4.599695,149.42085,12.182955,167.19574
1638,2025-09-06 06:00:00+05:30,4.4274144,153.43501,9.028754,175.42616
1639,2025-09-06 07:00:00+05:30,5.771239,176.42374,7.7400002,180.0
1640,2025-09-06 08:00:00+05:30,6.5693827,170.53775,8.197414,171.15826
1641,2025-09-06 09:00:00+05:30,7.7588143,176.00917,9.914717,176.87793
1642,2025-09-06 10:00:00+05:30,7.519175,168.9591,9.499157,170.18077
1643,2025-09-06 11:00:00+05:30,8.557102,157.75093,10.966713,156.80138
1644,2025-09-06 12:00:00+05:30,9.914717,176.87793,12.6462,175.101
1645,2025-09-06 13:00:00+05:30,8.731391,194.32275,11.132385,194.03627
1646,2025-09-06 14:00:00+05:30,8.64,180.0,10.98,180.0
1647,2025-09-06 15:00:00+05:30,10.883676,214.21576,14.57889,212.90524
1648,2025-09-06 16:00:00+05:30,7.029225,166.67546,9.6932955,164.93146
1649,2025-09-06 17:00:00+05:30,9.236298,213.07068,16.375053,213.34073
1650,2025-09-06 18:00:00+05:30,5.7176566,208.1785,14.345898,197.52567
1651,2025-09-06 19:00:00+05:30,6.3639607,208.7397,16.077536,201.68236
1652,2025-09-06 20:00:00+05:30,7.9138603,197.19862,18.78393,198.43504
1653,2025-09-06 21:00:00+05:30,9.526405,202.20352,20.268991,199.72237
1654,2025-09-06 22:00:00+05:30,7.995323,211.18492,17.951334,206.8219
1655,2025-09-06 23:00:00+05:30,6.552099,217.18478,15.743569,210.96368
1656,2025-09-07 00:00:00+05:30,6.269067,219.17365,15.12964,214.82455
1657,2025-09-07 01:00:00+05:30,5.4833565,203.19862,13.929953,205.2405
1658,2025-09-07 02:00:00+05:30,5.634891,206.56499,14.087229,206.56499
1659,2025-09-07 03:00:00+05:30,5.8852015,203.42871,14.092977,204.92845
1660,2025-09-07 04:00:00+05:30,4.91634,203.7495,12.886039,208.35487
1661,2025-09-07 05:00:00+05:30,5.2694216,187.85323,12.931218,196.16457
1662,2025-09-07 06:00:00+05:30,6.310277,176.72958,13.170786,183.91817
1663,2025-09-07 07:00:00+05:30,5.068846,196.50444,7.0591216,199.35909
1664,2025-09-07 08:00:00+05:30,5.1826253,200.32323,6.5520988,200.92458
1665,2025-09-07 09:00:00+05:30,5.983477,195.7087,7.6409945,195.01842
1666,2025-09-07 10:00:00+05:30,5.4119864,183.814,6.6818557,184.63538
1667,2025-09-07 11:00:00+05:30,5.4029994,181.9091,6.8399997,180.0
1668,2025-09-07 12:00:00+05:30,6.391901,189.72751,8.019601,189.0394
1669,2025-09-07 13:00:00+05:30,7.689603,196.31393,9.741642,196.09088
1670,2025-09-07 14:00:00+05:30,8.431228,196.1135,10.829959,195.42223
1671,2025-09-07 15:00:00+05:30,7.814986,187.94337,10.387107,188.97255
1672,2025-09-07 16:00:00+05:30,9.224011,185.59924,14.2336645,189.46225
1673,2025-09-07 17:00:00+05:30,9.114471,170.9098,17.460928,179.40936
1674,2025-09-07 18:00:00+05:30,8.163749,165.96373,17.194475,173.99109
1675,2025-09-07 19:00:00+05:30,5.6521144,170.83772,14.260953,184.34315
1676,2025-09-07 20:00:00+05:30,5.2416787,195.94547,13.708391,203.19861
1677,2025-09-07 21:00:00+05:30,6.66,198.92474,15.882896,203.36913
1678,2025-09-07 22:00:00+05:30,7.072878,194.7436,16.640022,195.69006
1679,2025-09-07 23:00:00+05:30,8.473393,192.26476,18.606289,192.28831
1680,2025-09-08 00:00:00+05:30,7.9220443,201.31798,17.703253,198.98772
1681,2025-09-08 01:00:00+05:30,6.8423676,206.56499,16.267857,204.86368
1682,2025-09-08 02:00:00+05:30,6.28713,203.6294,15.410776,202.67139
1683,2025-09-08 03:00:00+05:30,5.8048253,209.7448,14.658676,204.67685
1684,2025-09-08 04:00:00+05:30,4.2021427,226.73567,12.136325,215.3402
1685,2025-09-08 05:00:00+05:30,3.4388947,227.12111,9.504272,217.30403
1686,2025-09-08 06:00:00+05:30,1.835647,191.30989,5.068846,196.50444
1687,2025-09-08 07:00:00+05:30,4.3832865,199.17911,5.9834766,201.16133
1688,2025-09-08 08:00:00+05:30,4.613762,200.55612,5.815978,201.80147
1689,2025-09-08 09:00:00+05:30,3.2846913,170.53775,4.0249224,169.6952
1690,2025-09-08 10:00:00+05:30,4.072935,135.0001,5.0911684,135.0001
1691,2025-09-08 11:00:00+05:30,5.692099,145.30478,7.2403865,145.1246
1692,2025-09-08 12:00:00+05:30,6.2067385,150.46132,7.9036193,149.9315
1693,2025-09-08 13:00:00+05:30,5.7628117,165.52966,7.072878,165.2564
1694,2025-09-08 14:00:00+05:30,7.2359104,174.2895,9.208192,175.51547
1695,2025-09-08 15:00:00+05:30,8.101999,178.727,12.059999,180.0
1696,2025-09-08 16:00:00+05:30,7.7420926,181.33218,13.917154,185.19434
1697,2025-09-08 17:00:00+05:30,8.12197,192.80426,16.59225,195.09163
1698,2025-09-08 18:00:00+05:30,8.209263,195.25517,18.044046,198.61578
1699,2025-09-08 19:00:00+05:30,6.361415,205.1148,16.244936,201.4478
1700,2025-09-08 20:00:00+05:30,7.729527,207.75845,18.222721,203.27292
1701,2025-09-08 21:00:00+05:30,9.693296,211.32863,20.212965,208.16243
1702,2025-09-08 22:00:00+05:30,8.854829,206.56499,18.838184,207.29948
1703,2025-09-08 23:00:00+05:30,8.536252,204.94388,18.59671,205.82094
1704,2025-09-09 00:00:00+05:30,7.729527,207.75845,17.630812,207.3498
1705,2025-09-09 01:00:00+05:30,7.0934615,215.70677,16.62444,213.51804
1706,2025-09-09 02:00:00+05:30,5.983477,223.7812,15.072783,220.15593
1707,2025-09-09 03:00:00+05:30,4.8965297,233.97253,13.125196,227.77924
1708,2025-09-09 04:00:00+05:30,3.563818,224.9999,10.062305,227.17476
1709,2025-09-09 05:00:00+05:30,3.4152596,198.43504,8.78872,214.9921
1710,2025-09-09 06:00:00+05:30,3.362677,195.52417,8.338489,212.6609
1711,2025-09-09 07:00:00+05:30,5.994297,228.65231,8.281956,227.6426
1712,2025-09-09 08:00:00+05:30,7.001514,226.04153,8.913181,226.63654
1713,2025-09-09 09:00:00+05:30,6.1094027,224.9999,7.7650757,225.9391
1714,2025-09-09 10:00:00+05:30,4.6800003,202.6199,5.815978,201.80147
1715,2025-09-09 11:00:00+05:30,6.0721655,191.9761,7.731622,192.09474
1716,2025-09-09 12:00:00+05:30,6.778141,190.71307,8.581677,189.65982
1717,2025-09-09 13:00:00+05:30,6.5520988,195.94547,8.338489,193.73628
1718,2025-09-09 14:00:00+05:30,7.3447943,197.10281,9.224011,197.02061
1719,2025-09-09 15:00:00+05:30,7.6642804,189.46225,10.209348,189.1301
1720,2025-09-09 16:00:00+05:30,7.1661706,191.59215,13.184308,194.226
1721,2025-09-09 17:00:00+05:30,11.016824,184.6858,21.869074,188.99707
1722,2025-09-09 18:00:00+05:30,6.6818557,207.25525,15.702356,208.03375
1723,2025-09-09 19:00:00+05:30,7.0843205,207.21602,16.10472,207.99706
1724,2025-09-09 20:00:00+05:30,6.330782,194.82652,15.676542,195.31288
1725,2025-09-09 21:00:00+05:30,7.689603,200.55612,17.533146,199.17911
1726,2025-09-09 22:00:00+05:30,9.339208,207.55272,19.885723,207.49275
1727,2025-09-09 23:00:00+05:30,9.82114,206.09537,20.20575,207.0215
1728,2025-09-10 00:00:00+05:30,9.485504,213.38853,19.921535,212.82854
1729,2025-09-10 01:00:00+05:30,8.694204,207.09547,18.738165,211.24687
1730,2025-09-10 02:00:00+05:30,7.3469996,210.96368,16.474672,213.86372
1731,2025-09-10 03:00:00+05:30,6.048107,216.52895,14.291592,220.91429
1732,2025-09-10 04:00:00+05:30,5.8048253,209.7448,14.004185,217.16455
1733,2025-09-10 05:00:00+05:30,5.9617786,208.88649,14.113652,217.74687
1734,2025-09-10 06:00:00+05:30,5.8769383,207.3498,12.932471,214.7961
1735,2025-09-10 07:00:00+05:30,6.9153743,231.34016,9.504272,232.69597
1736,2025-09-10 08:00:00+05:30,7.0934615,234.29321,9.335737,236.0035
1737,2025-09-10 09:00:00+05:30,5.904439,232.43134,7.596341,233.67308
1738,2025-09-10 10:00:00+05:30,5.1575575,209.24873,6.3639607,208.7397
1739,2025-09-10 11:00:00+05:30,3.7971041,211.42952,4.6938257,212.47118
1740,2025-09-10 12:00:00+05:30,4.802999,192.99461,5.937272,194.03627
1741,2025-09-10 13:00:00+05:30,4.6800003,202.6199,5.9834766,201.16133
1742,2025-09-10 14:00:00+05:30,4.829907,206.56499,6.2067385,209.53868
1743,2025-09-10 15:00:00+05:30,7.2,180.0,9.54,180.0
1744,2025-09-10 16:00:00+05:30,7.2022495,178.56793,13.14,180.0
1745,2025-09-10 17:00:00+05:30,9.721666,181.06088,18.391735,183.3664
1746,2025-09-10 18:00:00+05:30,11.016824,175.3142,21.420753,180.48146
1747,2025-09-10 19:00:00+05:30,9.391102,192.17145,19.470808,193.9078
1748,2025-09-10 20:00:00+05:30,7.4932766,204.10223,17.072504,204.94388
1749,2025-09-10 21:00:00+05:30,5.720489,192.72435,14.30632,201.39987
1750,2025-09-10 22:00:00+05:30,8.427383,199.9832,18.152355,202.751
1751,2025-09-10 23:00:00+05:30,7.4128532,209.0545,17.258425,210.04128
1752,2025-09-11 00:00:00+05:30,7.8087645,205.97433,16.923828,209.29126
1753,2025-09-11 01:00:00+05:30,6.6818557,207.25525,15.787753,208.61037
1754,2025-09-11 02:00:00+05:30,4.669604,207.55272,12.632101,212.78427
1755,2025-09-11 03:00:00+05:30,5.5450516,193.13403,12.872201,200.46236
1756,2025-09-11 04:00:00+05:30,4.514377,184.57384,11.578912,191.65926
1757,2025-09-11 05:00:00+05:30,3.5864744,197.52567,9.741642,196.09088
1758,2025-09-11 06:00:00+05:30,0.9,126.86999,2.1674871,228.36655
1759,2025-09-11 07:00:00+05:30,4.514377,175.42616,5.7628117,178.21013
1760,2025-09-11 08:00:00+05:30,3.9518096,210.0685,4.6938257,212.47118
1761,2025-09-11 09:00:00+05:30,4.5,163.73972,5.4656014,162.75845
1762,2025-09-11 10:00:00+05:30,6.1858225,171.6342,7.458606,171.67444
1763,2025-09-11 11:00:00+05:30,5.6835546,190.95403,6.778141,190.71307
1764,2025-09-11 12:00:00+05:30,13.346729,100.09744,17.512806,102.46493
1765,2025-09-11 13:00:00+05:30,7.1389914,146.3099,9.7880945,147.77127
1766,2025-09-11 14:00:00+05:30,7.0774574,187.30566,9.208192,184.48453
1767,2025-09-11 15:00:00+05:30,8.459999,180.0,11.165805,178.15244
1768,2025-09-11 16:00:00+05:30,6.302571,181.63654,10.120098,185.10208
1769,2025-09-11 17:00:00+05:30,7.072878,165.2564,13.709573,176.23604
1770,2025-09-11 18:00:00+05:30,3.710795,140.90616,9.340941,154.91644
1771,2025-09-11 19:00:00+05:30,6.59154,145.0079,13.447095,152.06294
1772,2025-09-11 20:00:00+05:30,6.050785,157.249,14.178928,159.95467
1773,2025-09-11 21:00:00+05:30,4.327493,163.0724,12.496719,168.3664
1774,2025-09-11 22:00:00+05:30,4.829907,153.43501,12.313893,164.74483
1775,2025-09-11 23:00:00+05:30,5.4744864,152.59251,13.499999,163.73972
1776,2025-09-12 00:00:00+05:30,4.846648,158.19853,12.74954,166.94475
1777,2025-09-12 01:00:00+05:30,3.6,180.0,9.906544,182.08252
1778,2025-09-12 02:00:00+05:30,7.8480825,216.60716,13.799087,210.57915
1779,2025-09-12 03:00:00+05:30,3.671294,191.30989,9.016185,206.05344
1780,2025-09-12 04:00:00+05:30,2.1674871,184.76355,5.0911684,188.13002
1781,2025-09-12 05:00:00+05:30,0.5091169,44.999897,1.8089776,185.7105
1782,2025-09-12 06:00:00+05:30,3.8183763,135.0001,7.731623,155.22488
1783,2025-09-12 07:00:00+05:30,5.7176566,118.1785,8.39078,125.39488
1784,2025-09-12 08:00:00+05:30,6.269067,140.82635,8.209263,142.12495
1785,2025-09-12 09:00:00+05:30,7.7734165,137.81563,9.686609,138.01286
1786,2025-09-12 10:00:00+05:30,7.6409945,136.90913,9.5535755,137.29063
1787,2025-09-12 11:00:00+05:30,8.688613,140.04251,10.993271,140.31459
1788,2025-09-12 12:00:00+05:30,10.819482,135.67395,14.003028,136.04153
1789,2025-09-12 13:00:00+05:30,7.7420926,162.40749,9.505977,161.22188
1790,2025-09-12 14:00:00+05:30,7.256032,187.12492,9.243311,186.70975
1791,2025-09-12 15:00:00+05:30,5.991594,147.26479,7.995323,148.81508
1792,2025-09-12 16:00:00+05:30,14.787414,176.51074,22.007162,176.24835
1793,2025-09-12 17:00:00+05:30,6.6697226,183.094,10.694485,186.76608
1794,2025-09-12 18:00:00+05:30,6.849467,183.01273,14.584445,181.4144
1795,2025-09-12 19:00:00+05:30,3.7842832,177.27374,10.478722,175.07298
1796,2025-09-12 20:00:00+05:30,4.846648,148.67137,12.472065,159.73422
1797,2025-09-12 21:00:00+05:30,4.471107,139.89915,12.57426,156.3706
1798,2025-09-12 22:00:00+05:30,4.3536186,150.2552,12.140329,164.5213
1799,2025-09-12 23:00:00+05:30,5.3939967,154.2901,14.019216,164.3577
1800,2025-09-13 00:00:00+05:30,5.257109,141.95291,13.78029,156.1135
1801,2025-09-13 01:00:00+05:30,4.846648,148.67137,13.207634,162.55272
1802,2025-09-13 02:00:00+05:30,4.6800003,157.3801,12.399113,170.81123
1803,2025-09-13 03:00:00+05:30,4.445672,158.62932,11.966953,173.08887
1804,2025-09-13 04:00:00+05:30,4.6938257,147.52882,11.726277,162.12122
1805,2025-09-13 05:00:00+05:30,4.752136,127.30403,11.384198,145.30478
1806,2025-09-13 06:00:00+05:30,6.6624317,128.41809,13.184308,147.82881
1807,2025-09-13 07:00:00+05:30,6.1094027,135.0001,8.805294,139.14471
1808,2025-09-13 08:00:00+05:30,9.984729,152.04913,12.886039,151.64513
1809,2025-09-13 09:00:00+05:30,8.29173,152.87878,10.950452,154.69865
1810,2025-09-13 10:00:00+05:30,3.244996,176.82024,4.724786,162.25523
1811,2025-09-13 11:00:00+05:30,2.2910259,135.0001,3.0652893,139.76372
1812,2025-09-13 12:00:00+05:30,10.883676,145.78424,14.028457,146.51381
1813,2025-09-13 13:00:00+05:30,8.373386,154.5367,10.706596,153.00424
1814,2025-09-13 14:00:00+05:30,11.583109,212.94922,16.13286,215.46344
1815,2025-09-13 15:00:00+05:30,7.7420926,178.66782,10.621525,179.029
1816,2025-09-13 16:00:00+05:30,7.9526596,185.19434,13.441071,187.69595
1817,2025-09-13 17:00:00+05:30,5.7599998,180.0,12.125642,185.96439
1818,2025-09-13 18:00:00+05:30,5.318383,156.0375,12.703715,172.67369
1819,2025-09-13 19:00:00+05:30,5.6492476,157.52052,13.671707,170.9098
1820,2025-09-13 20:00:00+05:30,5.8048253,150.2552,13.672893,163.95093
1821,2025-09-13 21:00:00+05:30,5.7431,147.80429,14.182355,156.0375
1822,2025-09-13 22:00:00+05:30,7.0843205,152.78398,15.94804,159.51956
1823,2025-09-13 23:00:00+05:30,7.1684303,151.50446,16.053335,162.37761
1824,2025-09-14 00:00:00+05:30,6.5049515,165.5792,15.784676,172.79404
1825,2025-09-14 01:00:00+05:30,6.7469993,170.78905,15.676542,177.36761
1826,2025-09-14 02:00:00+05:30,6.162207,173.29025,15.119999,180.0
1827,2025-09-14 03:00:00+05:30,5.8298883,188.88058,14.6254835,193.52318
1828,2025-09-14 04:00:00+05:30,6.830519,198.43504,15.509274,201.80147
1829,2025-09-14 05:00:00+05:30,5.6920996,198.43504,14.039999,202.6199
1830,2025-09-14 06:00:00+05:30,3.644722,159.77505,8.085988,196.82149
1831,2025-09-14 07:00:00+05:30,1.2727921,98.13002,3.9312592,195.94547
1832,2025-09-14 08:00:00+05:30,2.1674871,131.63345,2.5582807,140.71062
1833,2025-09-14 09:00:00+05:30,4.942631,146.88864,6.2067385,150.46132
1834,2025-09-14 10:00:00+05:30,5.7964473,115.76928,7.256032,119.74479
1835,2025-09-14 11:00:00+05:30,5.6920996,108.43504,6.7853074,111.801476
1836,2025-09-14 12:00:00+05:30,11.681987,123.690094,14.731435,125.04945
1837,2025-09-14 13:00:00+05:30,17.637245,194.1781,27.643335,190.505
1838,2025-09-14 14:00:00+05:30,9.6228485,187.52373,13.954354,186.66656
1839,2025-09-14 15:00:00+05:30,7.247096,194.38142,11.334284,190.06062
1840,2025-09-14 16:00:00+05:30,6.7205353,187.69595,11.45513,188.13002
1841,2025-09-14 17:00:00+05:30,5.6521144,170.83772,12.324414,173.29025
1842,2025-09-14 18:00:00+05:30,4.6938257,147.52882,12.016938,163.46509
1843,2025-09-14 19:00:00+05:30,4.7110505,136.54811,12.320471,154.93257
1844,2025-09-14 20:00:00+05:30,6.015878,141.07245,13.6063795,152.41806
1845,2025-09-14 21:00:00+05:30,5.854844,135.0001,13.70839,150.06857
1846,2025-09-14 22:00:00+05:30,6.156947,127.875046,13.979872,145.49142
1847,2025-09-14 23:00:00+05:30,5.509882,141.63248,13.543131,156.50142
1848,2025-09-15 00:00:00+05:30,6.2067385,150.46132,14.292725,163.16245
1849,2025-09-15 01:00:00+05:30,8.155807,157.96371,14.917212,171.67444
1850,2025-09-15 02:00:00+05:30,4.4274144,153.43501,11.003581,176.24835
1851,2025-09-15 03:00:00+05:30,3.06,180.0,9.292254,188.91484
1852,2025-09-15 04:00:00+05:30,5.9617786,151.11351,11.39842,158.70258
1853,2025-09-15 05:00:00+05:30,8.849339,184.66678,16.940096,194.7746
1854,2025-09-15 06:00:00+05:30,12.431734,177.5105,19.623302,181.05116
1855,2025-09-15 07:00:00+05:30,8.759178,189.46225,13.733186,190.57347
1856,2025-09-15 08:00:00+05:30,8.827344,200.28264,11.566313,200.97357
1857,2025-09-15 09:00:00+05:30,7.458606,171.67444,9.47012,171.25392
1858,2025-09-15 10:00:00+05:30,10.656547,195.67958,14.241629,196.14441
1859,2025-09-15 11:00:00+05:30,7.9138603,197.19862,10.1902895,197.47487
1860,2025-09-15 12:00:00+05:30,9.080639,193.7608,11.525623,194.47034
1861,2025-09-15 13:00:00+05:30,9.418661,206.0753,11.9140415,206.9521
1862,2025-09-15 14:00:00+05:30,6.889557,146.7251,8.777654,151.85849
1863,2025-09-15 15:00:00+05:30,8.731391,165.67725,11.656998,166.60748
1864,2025-09-15 16:00:00+05:30,14.721535,191.99687,21.711462,191.96204
1865,2025-09-15 17:00:00+05:30,10.453957,177.03912,16.201,180.63658
1866,2025-09-15 18:00:00+05:30,8.211235,153.9967,17.247156,161.75406
1867,2025-09-15 19:00:00+05:30,9.793058,162.89719,19.32382,170.88872
1868,2025-09-15 20:00:00+05:30,9.12513,157.98866,17.512806,167.53508
1869,2025-09-15 21:00:00+05:30,11.570515,174.64427,20.973671,174.58307
1870,2025-09-15 22:00:00+05:30,10.172787,193.29858,18.379402,188.44745
1871,2025-09-15 23:00:00+05:30,11.157096,190.2221,20.83184,186.44943
1872,2025-09-16 00:00:00+05:30,9.044888,148.84076,17.629896,153.95824
1873,2025-09-16 01:00:00+05:30,12.632101,139.04459,21.67786,144.46223
1874,2025-09-16 02:00:00+05:30,12.74954,166.94475,24.13477,172.71606
1875,2025-09-16 03:00:00+05:30,9.059205,139.02835,17.381886,148.12044
1876,2025-09-16 04:00:00+05:30,9.499157,189.81923,18.179998,191.42116
1877,2025-09-16 05:00:00+05:30,7.5685663,177.27374,14.581113,180.7073
1878,2025-09-16 06:00:00+05:30,12.549757,188.24623,23.157824,191.65926
1879,2025-09-16 07:00:00+05:30,9.801326,187.38596,16.21699,188.93948
1880,2025-09-16 08:00:00+05:30,11.767651,186.14653,15.5843,186.63242
1881,2025-09-16 09:00:00+05:30,10.1376915,186.1154,13.397612,186.17007
1882,2025-09-16 10:00:00+05:30,8.467655,182.4366,10.813492,182.86235
1883,2025-09-16 11:00:00+05:30,10.62,180.0,14.4,180.0
1884,2025-09-16 12:00:00+05:30,9.67657,170.36253,13.671707,170.9098
1885,2025-09-16 13:00:00+05:30,10.6261,181.94144,14.978984,184.1346
1886,2025-09-16 14:00:00+05:30,15.484185,197.59251,21.585745,196.4705
1887,2025-09-16 15:00:00+05:30,12.57426,203.6294,17.58481,202.89058
1888,2025-09-16 16:00:00+05:30,13.1041975,200.92458,20.590143,202.08049
1889,2025-09-16 17:00:00+05:30,10.656547,195.67958,19.533937,196.59818
1890,2025-09-16 18:00:00+05:30,7.5942073,174.55975,16.928614,178.17207
1891,2025-09-16 19:00:00+05:30,11.854062,221.92245,21.11838,214.2319
1892,2025-09-16 20:00:00+05:30,7.9526596,174.80566,17.64,180.0
1893,2025-09-16 21:00:00+05:30,9.194106,156.94867,19.434166,164.419
1894,2025-09-16 22:00:00+05:30,9.028754,175.42616,19.26084,180.53545
1895,2025-09-16 23:00:00+05:30,9.243311,173.29025,19.083395,178.9191
1896,2025-09-17 00:00:00+05:30,10.086427,177.95464,19.983242,181.03223
1897,2025-09-17 01:00:00+05:30,11.792404,192.33908,21.925297,192.3247
1898,2025-09-17 02:00:00+05:30,11.966954,195.7087,22.206486,196.96623
1899,2025-09-17 03:00:00+05:30,11.571914,195.33334,21.23771,199.81725
1900,2025-09-17 04:00:00+05:30,10.6261,181.94144,19.627428,191.10379
1901,2025-09-17 05:00:00+05:30,9.224011,185.59924,18.466457,190.10498
1902,2025-09-17 06:00:00+05:30,10.484902,168.11136,18.954777,175.64311
1903,2025-09-17 07:00:00+05:30,10.132897,167.692,14.973576,170.31128
1904,2025-09-17 08:00:00+05:30,10.981475,180.93916,15.129638,182.04536
1905,2025-09-17 09:00:00+05:30,10.453957,177.03912,13.159711,176.86371
1906,2025-09-17 10:00:00+05:30,11.722133,176.47862,14.787414,176.51074
1907,2025-09-17 11:00:00+05:30,12.42,180.0,15.841023,179.34895
1908,2025-09-17 12:00:00+05:30,16.65754,186.20335,21.567726,186.70975
1909,2025-09-17 13:00:00+05:30,13.934605,208.5513,18.921415,207.78383
1910,2025-09-17 14:00:00+05:30,9.102021,204.5377,12.409561,203.9625
1911,2025-09-17 15:00:00+05:30,10.656547,195.67958,14.517644,197.31174
1912,2025-09-17 16:00:00+05:30,10.897063,202.3287,15.244842,202.93213
1913,2025-09-17 17:00:00+05:30,7.6579366,209.57774,15.683774,211.86594
1914,2025-09-17 18:00:00+05:30,7.9383874,183.90042,18.553974,194.03627
1915,2025-09-17 19:00:00+05:30,8.311245,175.03035,18.94024,188.74608
1916,2025-09-17 20:00:00+05:30,8.6867485,185.94676,19.954037,193.03336
1917,2025-09-17 21:00:00+05:30,8.171683,187.59456,19.172323,192.47046
1918,2025-09-17 22:00:00+05:30,8.350138,172.56868,18.930832,183.27042
1919,2025-09-17 23:00:00+05:30,7.7588143,176.00917,18.582766,183.88783
1920,2025-09-18 00:00:00+05:30,7.6367526,188.13002,18.204933,194.31108
1921,2025-09-18 01:00:00+05:30,8.260411,191.30989,19.011953,198.77812
1922,2025-09-18 02:00:00+05:30,8.596766,199.57321,19.56377,205.62195
1923,2025-09-18 03:00:00+05:30,8.891344,201.37068,19.826164,209.35765
1924,2025-09-18 04:00:00+05:30,8.626865,203.35558,19.787722,211.23184
1925,2025-09-18 05:00:00+05:30,7.289444,200.22495,17.750774,210.46547
1926,2025-09-18 06:00:00+05:30,9.3962755,196.69933,21.511318,204.20589
1927,2025-09-18 07:00:00+05:30,10.234705,203.86018,15.938896,206.85434
1928,2025-09-18 08:00:00+05:30,10.883676,214.21576,14.941083,216.17972
1929,2025-09-18 09:00:00+05:30,10.564941,225.69019,14.009968,227.08257
1930,2025-09-18 10:00:00+05:30,10.486448,230.57222,13.577776,231.45879
1931,2025-09-18 11:00:00+05:30,8.78872,235.0079,10.9859,235.0079
1932,2025-09-18 12:00:00+05:30,9.567131,221.18582,12.242646,221.42357
1933,2025-09-18 13:00:00+05:30,8.067936,231.34016,10.120099,231.49931
1934,2025-09-18 14:00:00+05:30,9.567131,175.68405,12.42,180.0
1935,2025-09-18 15:00:00+05:30,6.6087217,209.35765,9.2660675,209.0545
1936,2025-09-18 16:00:00+05:30,6.439876,206.56499,9.511088,209.4758
1937,2025-09-18 17:00:00+05:30,5.796447,216.15828,11.08572,212.39983
1938,2025-09-18 18:00:00+05:30,4.8633323,177.87895,12.585848,196.62083
1939,2025-09-18 19:00:00+05:30,4.6800003,157.3801,11.525623,178.21013
1940,2025-09-18 20:00:00+05:30,5.7628117,141.34016,13.1041975,164.05453
1941,2025-09-18 21:00:00+05:30,6.1226463,155.69547,15.725037,164.05453
1942,2025-09-18 22:00:00+05:30,5.8104043,163.81073,15.070633,172.45067
1943,2025-09-18 23:00:00+05:30,2.5071096,291.03757,5.7176566,241.8215
1944,2025-09-19 00:00:00+05:30,3.710795,337.1663,5.293959,305.31128
1945,2025-09-19 01:00:00+05:30,2.9024127,60.255207,2.8460495,34.69522
1946,2025-09-19 02:00:00+05:30,1.3708391,113.19862,1.8532133,150.9455
1947,2025-09-19 03:00:00+05:30,2.3469129,147.52882,4.1556225,184.96965
1948,2025-09-19 04:00:00+05:30,3.244996,146.3099,5.9834766,186.91113
1949,2025-09-19 05:00:00+05:30,3.7064266,150.9455,7.79215,186.63242
1950,2025-09-19 06:00:00+05:30,2.5455842,188.13002,8.461915,218.08882
1951,2025-09-19 07:00:00+05:30,3.7842832,182.72626,5.6262593,187.35228
1952,2025-09-19 08:00:00+05:30,4.0249224,190.3048,5.5450516,193.13403
1953,2025-09-19 09:00:00+05:30,1.9881649,354.80566,2.16,360.0
1954,2025-09-19 10:00:00+05:30,3.7971036,185.44025,4.5572357,189.0902
1955,2025-09-19 11:00:00+05:30,0.6489992,33.6901,0.742159,14.036275
1956,2025-09-19 12:00:00+05:30,3.244996,176.82024,3.7971036,174.55975
1957,2025-09-19 13:00:00+05:30,4.2175345,219.80553,5.004518,217.6943
1958,2025-09-19 14:00:00+05:30,4.412754,258.23172,5.5887027,255.06853
1959,2025-09-19 15:00:00+05:30,8.482947,252.71841,10.931203,252.75845
1960,2025-09-19 16:00:00+05:30,4.755544,240.5242,5.991594,237.26477
1961,2025-09-19 17:00:00+05:30,2.4482646,252.89719,6.21717,247.8905
1962,2025-09-19 18:00:00+05:30,1.8,53.13002,2.3400002,337.3801
1963,2025-09-19 19:00:00+05:30,2.5772076,114.775116,3.9477081,136.8476
1964,2025-09-19 20:00:00+05:30,4.0249224,153.43501,9.0018,168.46541
1965,2025-09-19 21:00:00+05:30,3.148714,239.03632,8.244708,216.11943
1966,2025-09-19 22:00:00+05:30,3.536439,255.2564,9.021574,241.38963
1967,2025-09-19 23:00:00+05:30,3.494968,235.49141,8.953078,239.82657
1968,2025-09-20 00:00:00+05:30,3.4199998,270.0,8.865799,264.17374
1969,2025-09-20 01:00:00+05:30,4.5891175,334.44006,9.703319,319.51407
1970,2025-09-20 02:00:00+05:30,3.7064266,330.9455,9.340941,334.9164
1971,2025-09-20 03:00:00+05:30,3.9844694,18.435053,10.03167,9.2932415
1972,2025-09-20 04:00:00+05:30,2.8460495,34.69522,8.242743,31.607454
1973,2025-09-20 05:00:00+05:30,1.4058449,50.194473,5.876938,49.969803
1974,2025-09-20 06:00:00+05:30,7.0015144,107.96923,9.016185,116.05344
1975,2025-09-20 07:00:00+05:30,6.2067385,119.53869,10.962281,119.511406
1976,2025-09-20 08:00:00+05:30,6.1305785,130.23628,8.942214,130.10085
1977,2025-09-20 09:00:00+05:30,4.724786,139.63554,6.015878,141.07245
1978,2025-09-20 10:00:00+05:30,2.1674871,131.63345,2.4216523,131.98714
1979,2025-09-20 11:00:00+05:30,0.9,270.0,1.08,270.0
1980,2025-09-20 12:00:00+05:30,1.3708391,246.80138,1.484318,255.96373
1981,2025-09-20 13:00:00+05:30,2.6208394,285.94547,3.189608,286.38962
1982,2025-09-20 14:00:00+05:30,3.143565,293.6294,3.7842832,295.34613
1983,2025-09-20 15:00:00+05:30,3.8141315,250.70985,4.7827187,250.20103
1984,2025-09-20 16:00:00+05:30,7.9932976,262.23492,11.090103,256.86597
1985,2025-09-20 17:00:00+05:30,4.0249224,280.30478,6.341009,276.5197
1986,2025-09-20 18:00:00+05:30,4.175069,262.5687,9.299225,255.42574
1987,2025-09-20 19:00:00+05:30,5.12289,251.56496,11.431062,243.8385
1988,2025-09-20 20:00:00+05:30,4.3498964,245.55606,10.855358,229.70793
1989,2025-09-20 21:00:00+05:30,5.0688457,276.11542,11.27553,253.30067
1990,2025-09-20 22:00:00+05:30,6.5049515,284.4208,13.543131,274.57382
1991,2025-09-20 23:00:00+05:30,6.5049515,284.4208,14.205182,278.74606
1992,2025-09-21 00:00:00+05:30,3.396233,302.00534,9.796366,290.43292
1993,2025-09-21 01:00:00+05:30,4.5,286.26028,10.644379,288.74142
1994,2025-09-21 02:00:00+05:30,4.613762,290.55612,11.770403,293.4287
1995,2025-09-21 03:00:00+05:30,4.8965297,323.97253,11.457958,316.27295
1996,2025-09-21 04:00:00+05:30,5.369916,320.44037,12.652604,320.1945
1997,2025-09-21 05:00:00+05:30,3.244996,326.3099,9.734988,326.3099
1998,2025-09-21 06:00:00+05:30,4.471107,310.10083,9.080639,320.63068
1999,2025-09-21 07:00:00+05:30,1.8532133,29.054508,2.9301877,10.61961
2000,2025-09-21 08:00:00+05:30,4.323748,357.6141,5.4029994,358.09088
2001,2025-09-21 09:00:00+05:30,3.7971036,354.55975,4.6834598,357.79745
2002,2025-09-21 10:00:00+05:30,5.0432134,325.17545,5.991594,327.26477
2003,2025-09-21 11:00:00+05:30,3.319036,319.39877,4.2175345,320.1945
2004,2025-09-21 12:00:00+05:30,1.9881649,84.805664,2.36753,81.25392
2005,2025-09-21 13:00:00+05:30,0.76367533,315.0001,0.9693296,338.19852
2006,2025-09-21 14:00:00+05:30,1.4512063,262.8751,1.6199999,270.0
2007,2025-09-21 15:00:00+05:30,2.7059932,266.186,3.2599385,263.6599
2008,2025-09-21 16:00:00+05:30,2.5071096,68.96242,3.462369,81.02746
2009,2025-09-21 17:00:00+05:30,4.327493,106.9276,9.178235,115.55992
2010,2025-09-21 18:00:00+05:30,3.9477081,226.8476,10.158444,187.12492
2011,2025-09-21 19:00:00+05:30,8.139901,215.09589,17.483181,208.93991
2012,2025-09-21 20:00:00+05:30,11.132385,230.90614,20.675724,229.23648
2013,2025-09-21 21:00:00+05:30,8.836514,236.6336,17.47484,235.49141
2014,2025-09-21 22:00:00+05:30,7.5685663,244.65387,15.807239,239.9315
2015,2025-09-21 23:00:00+05:30,9.567131,265.68405,18.228943,260.9098
2016,2025-09-22 00:00:00+05:30,6.8541956,283.67133,13.910169,280.4374
2017,2025-09-22 01:00:00+05:30,5.7628117,308.65982,12.096214,306.52896
2018,2025-09-22 02:00:00+05:30,5.7628117,345.52966,12.267763,337.5741
2019,2025-09-22 03:00:00+05:30,5.020677,345.4655,11.39842,344.42737
2020,2025-09-22 04:00:00+05:30,5.297018,350.21765,12.108261,354.88278
2021,2025-09-22 05:00:00+05:30,5.920878,19.536749,13.154786,16.699326
2022,2025-09-22 06:00:00+05:30,5.8852015,23.428713,11.39842,15.572617
2023,2025-09-22 07:00:00+05:30,5.441838,34.215755,8.0899935,32.275623
2024,2025-09-22 08:00:00+05:30,4.4456716,31.75944,6.698806,30.699654
2025,2025-09-22 09:00:00+05:30,4.2671766,27.645891,6.037383,26.564985
2026,2025-09-22 10:00:00+05:30,2.6758924,47.72637,3.563818,44.999897
2027,2025-09-22 11:00:00+05:30,8.836514,93.50346,10.837435,94.76356
2028,2025-09-22 12:00:00+05:30,5.2416787,74.054535,6.9899354,78.11137
2029,2025-09-22 13:00:00+05:30,5.1919937,33.6901,6.804381,37.476254
2030,2025-09-22 14:00:00+05:30,6.5520988,20.924576,8.557102,22.249071
2031,2025-09-22 15:00:00+05:30,5.5916004,356.3087,7.2022495,358.56793
2032,2025-09-22 16:00:00+05:30,4.7657523,349.11453,6.424764,348.6901
2033,2025-09-22 17:00:00+05:30,3.7842832,25.346138,9.114471,9.090207
2034,2025-09-22 18:00:00+05:30,3.143565,203.6294,7.6473517,206.56499
2035,2025-09-22 19:00:00+05:30,3.4949677,101.88863,4.542994,146.3099
2036,2025-09-22 20:00:00+05:30,5.441838,325.78424,6.945761,301.21835
2037,2025-09-22 21:00:00+05:30,5.7852573,354.64426,8.836514,356.49652
2038,2025-09-22 22:00:00+05:30,5.6835546,10.954029,9.867218,14.796817
2039,2025-09-22 23:00:00+05:30,4.1556225,355.03033,8.281956,1.2453395
2040,2025-09-23 00:00:00+05:30,4.32,360.0,7.841888,350.75397
2041,2025-09-23 01:00:00+05:30,1.08,90.0,2.5455842,351.87
2042,2025-09-23 02:00:00+05:30,1.0182338,315.0001,3.0758414,20.556128
2043,2025-09-23 03:00:00+05:30,2.19718,304.9921,5.1197267,349.8754
2044,2025-09-23 04:00:00+05:30,3.8521678,52.594578,9.703319,40.485935
2045,2025-09-23 05:00:00+05:30,3.4949677,78.11137,9.600937,59.589005
2046,2025-09-23 06:00:00+05:30,7.748368,120.73541,13.619472,135.53539
2047,2025-09-23 07:00:00+05:30,10.691453,135.0001,15.275627,135.95474
2048,2025-09-23 08:00:00+05:30,12.870944,137.83418,18.372349,138.9726
2049,2025-09-23 09:00:00+05:30,15.655861,134.53424,21.384424,134.31802
2050,2025-09-23 10:00:00+05:30,13.437455,140.9806,18.022486,140.26775
2051,2025-09-23 11:00:00+05:30,11.328566,134.35634,14.650938,132.5104
2052,2025-09-23 12:00:00+05:30,12.456468,127.36675,16.092644,126.35729
2053,2025-09-23 13:00:00+05:30,11.466438,137.54485,14.773164,136.97493
2054,2025-09-23 14:00:00+05:30,12.744457,143.61555,16.489416,143.88057
2055,2025-09-23 15:00:00+05:30,12.503199,149.74365,17.258425,149.95872
2056,2025-09-23 16:00:00+05:30,10.261578,178.99493,15.3042345,178.65215
2057,2025-09-23 17:00:00+05:30,3.9477081,223.1524,10.685391,212.61923
2058,2025-09-23 18:00:00+05:30,1.1525624,218.65984,6.330782,194.82652
2059,2025-09-23 19:00:00+05:30,2.3051248,231.34016,7.555712,192.38075
2060,2025-09-23 20:00:00+05:30,1.6981165,212.00534,7.562142,181.36389
2061,2025-09-23 21:00:00+05:30,2.0124612,79.69521,6.3690495,137.29063
2062,2025-09-23 22:00:00+05:30,3.3481934,53.74608,6.206738,106.85848
2063,2025-09-23 23:00:00+05:30,4.0449967,57.724377,7.388775,92.79265
2064,2025-09-24 00:00:00+05:30,3.671294,78.6901,7.293888,105.75124
2065,2025-09-24 01:00:00+05:30,4.278551,67.75093,8.647496,92.385895
2066,2025-09-24 02:00:00+05:30,5.318383,66.03751,10.853866,84.2895
2067,2025-09-24 03:00:00+05:30,4.9785542,77.4712,12.6462,85.101
2068,2025-09-24 04:00:00+05:30,5.223103,88.025116,13.330941,92.32148
2069,2025-09-24 05:00:00+05:30,5.9427266,88.264336,14.607751,93.53223
2070,2025-09-24 06:00:00+05:30,6.341009,96.519714,11.525623,91.78987
2071,2025-09-24 07:00:00+05:30,5.7852573,95.355736,8.149847,96.340096
2072,2025-09-24 08:00:00+05:30,9.102021,114.53771,11.679213,114.5901
2073,2025-09-24 09:00:00+05:30,12.472065,110.26578,16.748707,110.77233
2074,2025-09-24 10:00:00+05:30,12.245293,114.30454,16.357237,114.02651
2075,2025-09-24 11:00:00+05:30,9.627896,110.80687,12.134992,110.85454
2076,2025-09-24 12:00:00+05:30,7.5213294,111.03758,9.292255,111.595375
2077,2025-09-24 13:00:00+05:30,7.8087645,115.97434,9.504273,114.62355
2078,2025-09-24 14:00:00+05:30,7.9465466,103.0919,10.8792095,106.33612
2079,2025-09-24 15:00:00+05:30,7.519175,132.0891,10.44,133.60289
2080,2025-09-24 16:00:00+05:30,5.257109,141.95291,7.653705,138.81418
2081,2025-09-24 17:00:00+05:30,4.278551,75.37909,9.885262,79.50858
2082,2025-09-24 18:00:00+05:30,3.7842832,115.34614,10.711135,114.84236
2083,2025-09-24 19:00:00+05:30,3.8939953,146.3099,10.601679,130.17917
2084,2025-09-24 20:00:00+05:30,1.0495713,59.03632,6.0908127,108.970505
2085,2025-09-24 21:00:00+05:30,0.40249225,333.43503,3.01735,107.35411
2086,2025-09-24 22:00:00+05:30,2.6758924,19.653913,5.414979,68.5522
2087,2025-09-24 23:00:00+05:30,1.9881649,354.80566,4.1125174,66.80139
2088,2025-09-25 00:00:00+05:30,3.8856654,13.392516,6.1437774,58.1726
2089,2025-09-25 01:00:00+05:30,3.3092597,22.380184,6.050785,67.24899
2090,2025-09-25 02:00:00+05:30,5.1165614,39.289394,9.983106,64.35905
2091,2025-09-25 03:00:00+05:30,5.1481256,53.530666,11.726277,72.12121
2092,2025-09-25 04:00:00+05:30,4.991553,64.35905,12.708816,74.38895
2093,2025-09-25 05:00:00+05:30,4.143911,87.5105,11.345713,88.18174
2094,2025-09-25 06:00:00+05:30,6.0721655,78.02389,10.337079,82.99883
2095,2025-09-25 07:00:00+05:30,4.353619,82.875084,6.6818557,85.364624
2096,2025-09-25 08:00:00+05:30,6.6818557,85.364624,8.669949,85.23644
2097,2025-09-25 09:00:00+05:30,7.9526596,95.19434,10.299397,95.01302
2098,2025-09-25 10:00:00+05:30,7.388775,92.79265,9.54679,92.16103
2099,2025-09-25 11:00:00+05:30,5.2694216,97.853226,6.519877,96.340096
2100,2025-09-25 12:00:00+05:30,4.060985,77.19574,5.020677,75.46551
2101,2025-09-25 13:00:00+05:30,3.06,61.92762,3.8647635,62.24156
2102,2025-09-25 14:00:00+05:30,3.710795,112.833694,4.613762,110.55612
2103,2025-09-25 15:00:00+05:30,7.613382,353.21112,9.375563,356.6982
2104,2025-09-25 16:00:00+05:30,3.8939953,303.6901,4.471107,310.10083
2105,2025-09-25 17:00:00+05:30,2.7475805,31.607454,6.8423676,35.362556
2106,2025-09-25 18:00:00+05:30,5.6060677,5.527458,9.54679,45.763813
2107,2025-09-25 19:00:00+05:30,2.7238941,352.40543,2.36753,8.746089
2108,2025-09-25 20:00:00+05:30,1.8532133,209.0545,6.2483597,168.3664
2109,2025-09-25 21:00:00+05:30,3.096837,305.53775,5.2416787,285.94547
2110,2025-09-25 22:00:00+05:30,1.8532133,330.9455,2.9522195,322.43134
2111,2025-09-25 23:00:00+05:30,1.8792552,343.3007,3.9312592,344.05453
2112,2025-09-26 00:00:00+05:30,4.5891175,11.3098955,8.731392,8.297059
2113,2025-09-26 01:00:00+05:30,6.198903,25.820946,12.783802,32.347424
2114,2025-09-26 02:00:00+05:30,6.8919086,40.763515,14.50983,44.999897
2115,2025-09-26 03:00:00+05:30,6.12,61.92762,13.934605,61.448715
2116,2025-09-26 04:00:00+05:30,7.8087645,64.025665,16.116785,69.74346
2117,2025-09-26 05:00:00+05:30,9.793058,72.89719,19.3104,78.16638
2118,2025-09-26 06:00:00+05:30,7.628263,70.70986,12.007498,77.00539
2119,2025-09-26 07:00:00+05:30,11.755254,101.48196,17.069656,104.03627
2120,2025-09-26 08:00:00+05:30,13.036026,107.68449,18.044046,108.61578
2121,2025-09-26 09:00:00+05:30,16.45007,113.198616,23.375753,113.60413
2122,2025-09-26 10:00:00+05:30,18.25026,112.01134,25.436745,112.027336
2123,2025-09-26 11:00:00+05:30,18.792551,106.699326,25.96496,106.9276
2124,2025-09-26 12:00:00+05:30,22.427162,108.72588,31.592436,107.91888
2125,2025-09-26 13:00:00+05:30,18.519018,117.810326,26.16509,117.44637
2126,2025-09-26 14:00:00+05:30,16.22498,123.6901,23.565569,124.41843
2127,2025-09-26 15:00:00+05:30,12.13499,122.27561,19.603477,120.3321
2128,2025-09-26 16:00:00+05:30,13.845967,116.23188,22.945587,117.57005
2129,2025-09-26 17:00:00+05:30,13.766176,117.23507,24.44954,120.529625
2130,2025-09-26 18:00:00+05:30,13.605189,107.71589,24.300665,112.19551
2131,2025-09-26 19:00:00+05:30,15.299999,115.05759,26.969982,117.42006
2132,2025-09-26 20:00:00+05:30,15.079229,113.198616,26.484478,116.21669
2133,2025-09-26 21:00:00+05:30,15.130711,122.36662,26.352024,126.94826
2134,2025-09-26 22:00:00+05:30,14.913952,119.65902,25.762016,123.02388
2135,2025-09-26 23:00:00+05:30,14.248452,116.24129,25.22891,119.49127
2136,2025-09-27 00:00:00+05:30,14.003029,107.96923,24.702005,112.26664
2137,2025-09-27 01:00:00+05:30,13.184308,104.226,23.565567,108.71183
2138,2025-09-27 02:00:00+05:30,13.379461,109.653915,23.365358,111.22772
2139,2025-09-27 03:00:00+05:30,13.036026,107.68449,22.900356,110.71426
2140,2025-09-27 04:00:00+05:30,11.157097,107.85041,21.194187,110.89784
2141,2025-09-27 05:00:00+05:30,13.450708,105.52418,23.683512,109.53674
2142,2025-09-27 06:00:00+05:30,14.64209,110.88588,24.152887,115.61016
2143,2025-09-27 07:00:00+05:30,18.13003,119.109764,26.61323,120.033195
2144,2025-09-27 08:00:00+05:30,18.504139,127.09292,25.5961,126.708824
2145,2025-09-27 09:00:00+05:30,17.823637,128.02728,23.697872,128.52391
2146,2025-09-27 10:00:00+05:30,23.623928,139.63554,31.573969,140.31993
2147,2025-09-27 11:00:00+05:30,12.86087,136.70131,17.826363,136.63654
2148,2025-09-27 12:00:00+05:30,12.13499,147.72438,15.531193,147.78348
2149,2025-09-27 13:00:00+05:30,12.37819,139.12769,16.22498,139.95033
2150,2025-09-27 14:00:00+05:30,11.272657,141.48305,14.904173,142.85323
2151,2025-09-27 15:00:00+05:30,11.919479,141.74553,16.956343,142.76509
2152,2025-09-27 16:00:00+05:30,11.681987,146.3099,18.623693,147.2315
2153,2025-09-27 17:00:00+05:30,10.055864,134.27486,18.975277,136.92195
2154,2025-09-27 18:00:00+05:30,8.415842,131.53168,18.102308,138.22461
2155,2025-09-27 19:00:00+05:30,9.867218,141.66663,20.778112,144.51993
2156,2025-09-27 20:00:00+05:30,7.3997297,138.94528,17.823637,146.95187
2157,2025-09-27 21:00:00+05:30,6.9480934,126.57312,16.616642,140.27394
2158,2025-09-27 22:00:00+05:30,6.6185193,112.38018,15.856354,129.47243
2159,2025-09-27 23:00:00+05:30,6.2613096,108.43504,15.233148,125.380356
2160,2025-09-28 00:00:00+05:30,6.9899354,101.88863,15.717823,119.50063
2161,2025-09-28 01:00:00+05:30,7.2022495,91.43207,15.5395355,108.225174
2162,2025-09-28 02:00:00+05:30,6.924738,81.02746,15.070633,97.54933
2163,2025-09-28 03:00:00+05:30,7.7734165,84.68555,16.368128,98.219124
2164,2025-09-28 04:00:00+05:30,5.293959,144.6887,13.110376,134.44382
2165,2025-09-28 05:00:00+05:30,4.669604,152.44728,12.081473,151.5259
2166,2025-09-28 06:00:00+05:30,6.5693827,99.46225,13.248049,126.714294
2167,2025-09-28 07:00:00+05:30,8.427383,109.98319,12.20023,111.64449
2168,2025-09-28 08:00:00+05:30,7.001514,136.04153,9.54679,135.76381
2169,2025-09-28 09:00:00+05:30,9.1958685,130.23628,12.007498,130.13542
2170,2025-09-28 10:00:00+05:30,8.4963045,126.384445,10.441551,125.88223
2171,2025-09-28 11:00:00+05:30,5.293959,125.311295,6.6405115,122.828545
2172,2025-09-28 12:00:00+05:30,5.1165614,129.28938,6.248359,131.49637
2173,2025-09-28 13:00:00+05:30,9.531505,100.88548,12.399113,99.18877
2174,2025-09-28 14:00:00+05:30,3.9477081,65.77226,5.0688457,83.88459
2175,2025-09-28 15:00:00+05:30,3.9966483,144.16226,5.7628117,141.34016
2176,2025-09-28 16:00:00+05:30,5.5799994,180.0,7.7420926,178.66782
2177,2025-09-28 17:00:00+05:30,5.8852015,203.42871,11.555102,198.1528
2178,2025-09-28 18:00:00+05:30,2.907989,201.80147,7.7734165,185.31445
2179,2025-09-28 19:00:00+05:30,4.5891175,205.55992,10.699028,192.63336
2180,2025-09-28 20:00:00+05:30,4.942631,190.49142,12.525207,187.43132
2181,2025-09-28 21:00:00+05:30,4.5,196.26028,12.221456,189.32352
2182,2025-09-28 22:00:00+05:30,4.198285,210.96368,11.272657,199.59238
2183,2025-09-28 23:00:00+05:30,3.710795,219.09384,9.965239,200.07161
2184,2025-09-29 00:00:00+05:30,3.4576871,218.65984,9.621163,197.41806
2185,2025-09-29 01:00:00+05:30,2.8460495,235.30478,9.12513,202.01134
2186,2025-09-29 02:00:00+05:30,2.7059932,273.814,7.056826,217.74687
2187,2025-09-29 03:00:00+05:30,2.4149535,296.56497,5.495161,238.39255
2188,2025-09-29 04:00:00+05:30,2.19718,325.0079,3.964089,267.3975
2189,2025-09-29 05:00:00+05:30,3.06,331.9276,4.913044,298.4428
2190,2025-09-29 06:00:00+05:30,2.968636,284.03625,4.802999,282.99463
2191,2025-09-29 07:00:00+05:30,1.9881649,264.80566,2.7059932,266.186
2192,2025-09-29 08:00:00+05:30,3.1845248,312.70938,4.2021427,316.73566
2193,2025-09-29 09:00:00+05:30,3.84796,10.784258,4.802999,12.99463
2194,2025-09-29 10:00:00+05:30,4.445672,21.370695,5.4833565,23.198618
2195,2025-09-29 11:00:00+05:30,4.1125174,23.198618,5.0816135,22.93213
2196,2025-09-29 12:00:00+05:30,3.319036,40.601215,3.9640884,39.47243
2197,2025-09-29 13:00:00+05:30,1.2074767,63.435013,1.4512063,60.255207
2198,2025-09-29 14:00:00+05:30,0.6489992,123.690094,0.8049845,116.56499
2199,2025-09-29 15:00:00+05:30,2.1068459,199.9832,2.4482646,197.10281
2200,2025-09-29 16:00:00+05:30,3.8773184,248.19853,5.1575575,240.75127
2201,2025-09-29 17:00:00+05:30,7.7420926,271.33218,12.273043,265.7947
2202,2025-09-29 18:00:00+05:30,4.1085763,241.1893,8.4963045,233.61555
2203,2025-09-29 19:00:00+05:30,5.1919937,236.3099,12.514855,229.66693
2204,2025-09-29 20:00:00+05:30,4.6730714,254.3577,11.9466305,239.18437
2205,2025-09-29 21:00:00+05:30,5.0142193,291.03757,11.052058,276.5462
2206,2025-09-29 22:00:00+05:30,3.4576871,308.65982,9.0,306.86996
2207,2025-09-29 23:00:00+05:30,3.8647635,297.75842,8.435069,309.8055
2208,2025-09-30 00:00:00+05:30,6.156947,307.87503,10.571074,312.92996
2209,2025-09-30 01:00:00+05:30,6.015878,308.92755,12.031756,308.92755
2210,2025-09-30 02:00:00+05:30,5.6060677,312.39737,12.992459,312.75424
2211,2025-09-30 03:00:00+05:30,4.8433046,318.01288,12.145665,320.4119
2212,2025-09-30 04:00:00+05:30,4.471107,319.89914,11.53265,325.8138
2213,2025-09-30 05:00:00+05:30,3.8268526,318.81415,10.436895,327.6804
2214,2025-09-30 06:00:00+05:30,7.2,323.13,10.587918,324.6887
2215,2025-09-30 07:00:00+05:30,7.4346757,353.04715,10.1376915,353.88458
2216,2025-09-30 08:00:00+05:30,8.604301,15.780828,11.39842,15.572617
2217,2025-09-30 09:00:00+05:30,7.0568266,5.8559217,9.224011,5.599257
2218,2025-09-30 10:00:00+05:30,6.341009,353.4803,8.131936,354.92047
2219,2025-09-30 11:00:00+05:30,6.302571,358.36346,7.928178,357.3975
2220,2025-09-30 12:00:00+05:30,4.7928696,325.71307,5.991594,327.26477
2221,2025-09-30 13:00:00+05:30,4.613762,290.55612,5.8852015,293.4287
2222,2025-09-30 14:00:00+05:30,10.24578,288.43503,13.272482,290.64706
2223,2025-09-30 15:00:00+05:30,9.54,270.0,12.964998,271.5911
2224,2025-09-30 16:00:00+05:30,4.452954,284.03625,6.330782,284.8265
2225,2025-09-30 17:00:00+05:30,2.8856194,273.57626,6.7469993,279.21094
2226,2025-09-30 18:00:00+05:30,3.62243,243.43501,7.519175,258.9591
2227,2025-09-30 19:00:00+05:30,6.048107,233.47105,10.436895,237.6804
2228,2025-09-30 20:00:00+05:30,5.441838,235.78424,10.1887,237.99466
2229,2025-09-30 21:00:00+05:30,6.3639607,241.2603,12.483748,241.58743
2230,2025-09-30 22:00:00+05:30,5.6492476,210.65059,12.730467,226.14568
2231,2025-09-30 23:00:00+05:30,6.361415,205.1148,13.83192,214.93102
2232,2025-10-01 00:00:00+05:30,1.484318,75.96373,2.7943513,165.06853
2233,2025-10-01 01:00:00+05:30,8.709098,18.060568,12.904882,22.988754
2234,2025-10-01 02:00:00+05:30,7.0934615,54.293217,12.819235,51.842735
2235,2025-10-01 03:00:00+05:30,2.52,90.0,4.5536795,71.564964
2236,2025-10-01 04:00:00+05:30,4.5,143.13002,6.522361,129.40063
2237,2025-10-01 05:00:00+05:30,0.6489992,123.690094,3.84796,259.21576
2238,2025-10-01 06:00:00+05:30,6.0077944,98.61557,6.1569467,105.25517
2239,2025-10-01 07:00:00+05:30,8.777653,74.53873,12.7546215,81.06949
2240,2025-10-01 08:00:00+05:30,8.297589,102.5288,12.2519045,100.15421
2241,2025-10-01 09:00:00+05:30,7.1208143,106.14441,9.449572,107.74477
2242,2025-10-01 10:00:00+05:30,8.139901,108.03438,10.587917,107.818985
2243,2025-10-01 11:00:00+05:30,10.538843,97.853226,13.644427,98.34381
2244,2025-10-01 12:00:00+05:30,10.98,100.38881,13.878688,99.70659
2245,2025-10-01 13:00:00+05:30,8.55142,139.26799,11.203464,136.30188
2246,2025-10-01 14:00:00+05:30,12.13499,122.27561,16.42839,122.471176
2247,2025-10-01 15:00:00+05:30,11.391313,121.42951,15.561414,119.826996
2248,2025-10-01 16:00:00+05:30,10.730778,112.69383,17.23588,114.691536
2249,2025-10-01 17:00:00+05:30,15.338071,125.9286,26.964577,129.85449
2250,2025-10-01 18:00:00+05:30,12.431733,124.3804,22.789022,126.32692
2251,2025-10-01 19:00:00+05:30,7.9077177,101.821465,16.645864,111.57137
2252,2025-10-01 20:00:00+05:30,8.709098,71.93944,17.47484,87.63868
2253,2025-10-01 21:00:00+05:30,9.867218,75.2032,19.14865,85.146996
2254,2025-10-01 22:00:00+05:30,12.825552,94.83033,21.782972,100.47418
2255,2025-10-01 23:00:00+05:30,6.424764,78.6901,12.168319,97.65056
2256,2025-10-02 00:00:00+05:30,10.075177,71.24126,16.029097,77.680565
2257,2025-10-02 01:00:00+05:30,9.531505,100.88548,15.192682,103.706985
2258,2025-10-02 02:00:00+05:30,8.805294,40.855286,13.748513,43.939182
2259,2025-10-02 03:00:00+05:30,12.140329,74.52131,21.016878,73.582695
2260,2025-10-02 04:00:00+05:30,12.074766,63.435013,19.219584,67.999245
2261,2025-10-02 05:00:00+05:30,12.98248,106.9276,23.395153,108.85326
2262,2025-10-02 06:00:00+05:30,11.901798,93.46816,20.871464,102.95758
2263,2025-10-02 07:00:00+05:30,11.341428,90.90936,18.23694,94.52874
2264,2025-10-02 08:00:00+05:30,14.068816,106.34825,21.347271,109.198944
2265,2025-10-02 09:00:00+05:30,14.986553,114.102234,22.380884,115.74066
2266,2025-10-02 10:00:00+05:30,16.332458,121.938416,23.71769,122.60458
2267,2025-10-02 11:00:00+05:30,16.180988,117.135056,22.862833,117.17019
2268,2025-10-02 12:00:00+05:30,15.275627,111.42536,23.933907,111.16133
2269,2025-10-02 13:00:00+05:30,12.882267,105.39561,18.22361,106.64513
2270,2025-10-02 14:00:00+05:30,14.892213,116.56499,22.956175,118.57451
2271,2025-10-02 15:00:00+05:30,15.30741,131.18582,24.979176,132.07921
2272,2025-10-02 16:00:00+05:30,15.096411,140.80675,25.022589,142.3057
2273,2025-10-02 17:00:00+05:30,17.932373,125.60462,30.279617,127.75556
2274,2025-10-02 18:00:00+05:30,14.634343,121.93065,25.199997,126.86999
2275,2025-10-02 19:00:00+05:30,14.650938,116.25018,25.318008,119.84584
2276,2025-10-02 20:00:00+05:30,14.74902,113.749504,25.70032,118.898605
2277,2025-10-02 21:00:00+05:30,14.628807,108.65798,25.459024,114.209274
2278,2025-10-02 22:00:00+05:30,13.605189,107.71589,24.25262,114.09202
2279,2025-10-02 23:00:00+05:30,15.542662,103.39252,27.60815,109.0257
2280,2025-10-03 00:00:00+05:30,9.835975,124.56259,18.252037,126.982994
2281,2025-10-03 01:00:00+05:30,10.096059,78.6901,18.22361,93.96458
2282,2025-10-03 02:00:00+05:30,12.24,90.0,23.34802,99.31702
2283,2025-10-03 03:00:00+05:30,14.707222,111.541046,26.250393,115.15927
2284,2025-10-03 04:00:00+05:30,13.462749,119.64978,23.738853,121.0382
2285,2025-10-03 05:00:00+05:30,13.466357,127.94221,23.940676,133.17206
2286,2025-10-03 06:00:00+05:30,15.175612,112.30626,25.140787,119.1342
2287,2025-10-03 07:00:00+05:30,16.580532,122.13722,26.460611,127.259735
2288,2025-10-03 08:00:00+05:30,20.746122,141.34018,29.661245,140.41705
2289,2025-10-03 09:00:00+05:30,18.671474,146.0035,27.310812,145.47197
2290,2025-10-03 10:00:00+05:30,16.474672,146.13628,23.763409,146.43027
2291,2025-10-03 11:00:00+05:30,17.709658,153.43501,23.586182,153.23947
2292,2025-10-03 12:00:00+05:30,14.251863,152.14044,19.164717,151.99092
2293,2025-10-03 13:00:00+05:30,13.246826,137.20262,18.731247,137.72638
2294,2025-10-03 14:00:00+05:30,12.193589,148.89125,18.620214,150.46132
2295,2025-10-03 15:00:00+05:30,13.864674,150.43974,23.023823,154.036
2296,2025-10-03 16:00:00+05:30,10.819482,134.32605,18.947083,141.17017
2297,2025-10-03 17:00:00+05:30,11.457958,133.72705,22.608458,142.76509
2298,2025-10-03 18:00:00+05:30,14.20062,149.53453,25.920624,153.61295
2299,2025-10-03 19:00:00+05:30,11.13384,145.53912,21.591747,151.08467
2300,2025-10-03 20:00:00+05:30,10.261579,142.12495,20.320877,145.46527
2301,2025-10-03 21:00:00+05:30,7.0843205,152.78398,15.882896,156.63087
2302,2025-10-03 22:00:00+05:30,10.404249,127.26648,19.453327,141.009
2303,2025-10-03 23:00:00+05:30,11.448055,143.31018,23.015377,146.80705
2304,2025-10-04 00:00:00+05:30,13.184308,141.09586,24.26998,147.72438
2305,2025-10-04 01:00:00+05:30,11.272657,141.48305,21.30093,149.53453
2306,2025-10-04 02:00:00+05:30,9.567131,138.81418,18.832163,148.28491
2307,2025-10-04 03:00:00+05:30,6.384293,130.426,15.661035,142.4715
2308,2025-10-04 04:00:00+05:30,12.984975,136.12321,23.365358,142.51207
2309,2025-10-04 05:00:00+05:30,12.320471,154.93257,23.832163,158.27888
2310,2025-10-04 06:00:00+05:30,14.004185,142.83545,23.555254,149.71213
2311,2025-10-04 07:00:00+05:30,19.191748,156.80139,28.859,156.47292
2312,2025-10-04 08:00:00+05:30,18.511143,166.50426,26.674637,166.33882
2313,2025-10-04 09:00:00+05:30,16.956345,170.83772,22.608458,170.83772
2314,2025-10-04 10:00:00+05:30,16.204998,167.81636,21.429073,169.35083
2315,2025-10-04 11:00:00+05:30,21.82755,176.21742,28.867981,176.06718
2316,2025-10-04 12:00:00+05:30,20.880775,180.49391,29.348831,181.40572
2317,2025-10-04 13:00:00+05:30,13.684735,206.56499,20.304924,204.06563
2318,2025-10-04 14:00:00+05:30,16.697365,191.18877,24.620552,189.25565
2319,2025-10-04 15:00:00+05:30,12.081472,183.41652,18.268892,185.65433
2320,2025-10-04 16:00:00+05:30,13.229694,194.98167,21.982119,196.65439
2321,2025-10-04 17:00:00+05:30,15.664136,178.68312,28.260572,180.36493
2322,2025-10-04 18:00:00+05:30,15.3264475,176.6336,27.36947,178.4926
2323,2025-10-04 19:00:00+05:30,14.685176,168.69011,25.99053,172.03835
2324,2025-10-04 20:00:00+05:30,15.956163,168.94363,28.054604,171.14212
2325,2025-10-04 21:00:00+05:30,15.070633,172.45067,26.90684,175.3956
2326,2025-10-04 22:00:00+05:30,14.690691,172.96216,26.700743,176.13461
2327,2025-10-04 23:00:00+05:30,10.446206,181.97488,21.109173,183.9115
2328,2025-10-05 00:00:00+05:30,10.993271,182.81549,21.791153,187.59456
2329,2025-10-05 01:00:00+05:30,11.521406,180.89516,22.186779,183.72124
2330,2025-10-05 02:00:00+05:30,15.617529,205.97433,26.48509,207.0874
2331,2025-10-05 03:00:00+05:30,10.594036,189.78233,19.627428,191.10379
2332,2025-10-05 04:00:00+05:30,3.0652893,220.23628,9.96524,196.79845
2333,2025-10-05 05:00:00+05:30,12.0694,197.35411,23.006226,200.13638
2334,2025-10-05 06:00:00+05:30,14.230248,161.56496,24.448214,166.37299
2335,2025-10-05 07:00:00+05:30,15.367616,185.37662,21.589495,187.18417
2336,2025-10-05 08:00:00+05:30,14.578888,200.22495,20.161606,200.37653
2337,2025-10-05 09:00:00+05:30,18.054815,200.42241,25.10274,198.8248
2338,2025-10-05 10:00:00+05:30,13.789691,215.97247,17.640919,216.28535
2339,2025-10-05 11:00:00+05:30,15.281989,226.90913,20.633371,227.1211
2340,2025-10-05 12:00:00+05:30,13.130133,213.25438,17.823637,213.04813
2341,2025-10-05 13:00:00+05:30,12.570394,209.1342,19.11139,209.94559
2342,2025-10-05 14:00:00+05:30,11.7,216.86998,17.460928,217.46063
2343,2025-10-05 15:00:00+05:30,8.827344,182.33725,12.662843,185.7105
2344,2025-10-05 16:00:00+05:30,7.3447943,197.10281,11.543881,190.78426
2345,2025-10-05 17:00:00+05:30,4.1046314,142.12495,7.5942073,174.55975
2346,2025-10-05 18:00:00+05:30,4.1556225,175.03035,9.746631,184.23631
2347,2025-10-05 19:00:00+05:30,6.4924874,136.12321,11.7,149.48984
2348,2025-10-05 20:00:00+05:30,5.318383,156.0375,12.134992,159.14546
2349,2025-10-05 21:00:00+05:30,5.3699164,166.42955,12.429127,169.99208
2350,2025-10-05 22:00:00+05:30,5.771239,176.42374,13.004921,175.23645
2351,2025-10-05 23:00:00+05:30,4.503598,182.29056,11.165805,181.84756
2352,2025-10-06 00:00:00+05:30,3.9312592,195.94547,10.837435,191.49654
2353,2025-10-06 01:00:00+05:30,2.50064,149.74365,8.049845,169.6952
2354,2025-10-06 02:00:00+05:30,1.659518,220.60121,6.5520988,200.92458
2355,2025-10-06 03:00:00+05:30,5.6521144,189.16228,11.013882,191.30989
2356,2025-10-06 04:00:00+05:30,3.536439,194.7436,9.9977,193.53587
2357,2025-10-06 05:00:00+05:30,6.989936,145.49142,11.032987,151.76265
2358,2025-10-06 06:00:00+05:30,10.474082,199.0578,17.589418,197.87878
2359,2025-10-06 07:00:00+05:30,9.826088,188.42688,13.822546,188.23553
2360,2025-10-06 08:00:00+05:30,9.139322,212.12497,11.298495,210.65059
2361,2025-10-06 09:00:00+05:30,7.889258,214.77791,10.134495,213.40784
2362,2025-10-06 10:00:00+05:30,4.91634,246.25049,6.050785,239.62096
2363,2025-10-06 11:00:00+05:30,5.9834766,291.16132,7.289444,290.22495
2364,2025-10-06 12:00:00+05:30,3.693291,313.0251,4.471107,310.10083
2365,2025-10-06 13:00:00+05:30,4.471107,310.10083,5.7402787,311.18582
2366,2025-10-06 14:00:00+05:30,2.5455842,278.13,3.143565,283.24054
2367,2025-10-06 15:00:00+05:30,2.0523157,195.25517,2.4149535,206.56499
2368,2025-10-06 16:00:00+05:30,1.3104197,74.054535,1.3104197,74.054535
2369,2025-10-06 17:00:00+05:30,3.0652895,93.366394,4.514377,94.57384
2370,2025-10-06 18:00:00+05:30,5.004518,142.3057,9.7880945,147.77127
2371,2025-10-06 19:00:00+05:30,4.39436,145.0079,10.070353,151.14444
2372,2025-10-06 20:00:00+05:30,5.6835546,169.04597,12.606426,170.13426
2373,2025-10-06 21:00:00+05:30,5.2416787,195.94547,13.719023,199.14822
2374,2025-10-06 22:00:00+05:30,3.7799997,180.0,10.172787,193.29858
2375,2025-10-06 23:00:00+05:30,1.8,53.13002,2.1674871,138.36655
2376,2025-10-07 00:00:00+05:30,0.40249225,206.56499,2.97953,205.01686
2377,2025-10-07 01:00:00+05:30,1.7076298,161.56496,5.8048253,187.12492
2378,2025-10-07 02:00:00+05:30,3.536439,165.2564,8.647496,177.6141
2379,2025-10-07 03:00:00+05:30,0.9178235,101.3099,3.964089,182.60251
2380,2025-10-07 04:00:00+05:30,0.56920993,71.564964,1.6299692,186.3401
2381,2025-10-07 05:00:00+05:30,2.8460498,108.43504,4.2671766,152.35411
2382,2025-10-07 06:00:00+05:30,3.8183763,98.13002,5.6521144,127.23492
2383,2025-10-07 07:00:00+05:30,3.6179552,95.7105,4.353619,97.12492
2384,2025-10-07 08:00:00+05:30,2.7238941,82.40546,3.438895,83.99109
2385,2025-10-07 09:00:00+05:30,1.2727921,351.87,1.6299692,353.6599
2386,2025-10-07 10:00:00+05:30,0.5091169,315.0001,0.6489992,326.3099
2387,2025-10-07 11:00:00+05:30,3.572898,49.085716,4.3274937,44.999897
2388,2025-10-07 12:00:00+05:30,2.7475805,58.392544,3.6447225,57.094753
2389,2025-10-07 13:00:00+05:30,0.6489992,33.6901,0.8049845,26.564985
2390,2025-10-07 14:00:00+05:30,0.6489992,33.6901,0.76367533,44.999897
2391,2025-10-07 15:00:00+05:30,11.298495,112.47948,15.079229,113.198616
2392,2025-10-07 16:00:00+05:30,2.3400002,157.3801,3.2846913,170.53775
2393,2025-10-07 17:00:00+05:30,2.16,180.0,4.1085763,208.8107
2394,2025-10-07 18:00:00+05:30,3.4576871,141.34016,4.7928696,145.71307
2395,2025-10-07 19:00:00+05:30,4.3536186,150.2552,10.6261,153.86906
2396,2025-10-07 20:00:00+05:30,5.0142193,158.96242,13.54911,160.6021
2397,2025-10-07 21:00:00+05:30,4.5,163.73972,12.662843,174.2895
2398,2025-10-07 22:00:00+05:30,4.8466477,195.06854,13.450708,195.52417
2399,2025-10-07 23:00:00+05:30,3.362677,164.47583,9.555271,183.23964
2400,2025-10-08 00:00:00+05:30,1.9134263,221.18582,7.570707,208.39293
2401,2025-10-08 01:00:00+05:30,0.9,216.86998,5.6492476,202.47948
2402,2025-10-08 02:00:00+05:30,0.17999999,360.0,3.7064266,209.0545
2403,2025-10-08 03:00:00+05:30,0.40249225,26.564985,1.5484185,234.46223
2404,2025-10-08 04:00:00+05:30,2.1749482,65.55606,2.3469126,94.39862
2405,2025-10-08 05:00:00+05:30,7.8480825,126.60716,9.743304,115.14475
2406,2025-10-08 06:00:00+05:30,4.5820518,135.0001,6.696387,126.25393
2407,2025-10-08 07:00:00+05:30,6.8541956,166.32867,9.255571,166.50426
2408,2025-10-08 08:00:00+05:30,5.154415,155.22488,6.361415,154.8852
2409,2025-10-08 09:00:00+05:30,3.3092594,135.0001,4.2021427,133.26433
2410,2025-10-08 10:00:00+05:30,2.2910259,135.0001,2.8116899,129.80553
2411,2025-10-08 11:00:00+05:30,1.7727944,156.0375,2.2553935,151.38963
2412,2025-10-08 12:00:00+05:30,0.742159,165.96373,0.742159,165.96373
2413,2025-10-08 13:00:00+05:30,1.4399999,180.0,1.8089776,174.2895
2414,2025-10-08 14:00:00+05:30,2.5455842,278.13,3.1072817,280.0079
2415,2025-10-08 15:00:00+05:30,1.8,306.86996,2.0523157,307.87503
2416,2025-10-08 16:00:00+05:30,3.6179552,5.7105074,5.1197267,349.8754
2417,2025-10-08 17:00:00+05:30,5.4744864,207.40749,10.534229,199.9832
2418,2025-10-08 18:00:00+05:30,4.8965297,233.97253,10.261579,217.87505
2419,2025-10-08 19:00:00+05:30,0.9693296,201.80147,5.1826253,200.32323
2420,2025-10-08 20:00:00+05:30,1.3708391,203.19862,5.5887027,194.93147
2421,2025-10-08 21:00:00+05:30,1.0495713,239.0363,4.846648,201.80147
2422,2025-10-08 22:00:00+05:30,1.2979984,236.3099,5.072041,207.47435
2423,2025-10-08 23:00:00+05:30,3.06,180.0,8.613709,190.84026
2424,2025-10-09 00:00:00+05:30,2.8174455,153.43501,7.748368,177.33705
2425,2025-10-09 01:00:00+05:30,1.5379207,110.55613,4.9785542,167.4712
2426,2025-10-09 02:00:00+05:30,1.0182338,44.999897,1.1384199,161.56496
2427,2025-10-09 03:00:00+05:30,0.6489992,56.309914,1.2074767,206.56499
2428,2025-10-09 04:00:00+05:30,1.9881649,354.80566,3.563818,315.0001
2429,2025-10-09 05:00:00+05:30,4.913044,331.55716,12.0921955,314.39697
2430,2025-10-09 06:00:00+05:30,3.4152596,18.435053,8.490582,338.8752
2431,2025-10-09 07:00:00+05:30,1.8,360.0,2.9024127,352.87506
2432,2025-10-09 08:00:00+05:30,3.2399998,360.0,4.1556225,355.03033
2433,2025-10-09 09:00:00+05:30,4.3832865,19.179106,5.2939587,17.818983
2434,2025-10-09 10:00:00+05:30,3.7064266,29.054508,4.510787,28.610369
2435,2025-10-09 11:00:00+05:30,5.004518,37.694313,6.193674,35.537766
2436,2025-10-09 12:00:00+05:30,4.3536186,60.255207,5.4744864,62.59251
2437,2025-10-09 13:00:00+05:30,3.494968,34.50859,4.3573384,38.290207
2438,2025-10-09 14:00:00+05:30,9.278297,18.083544,11.953409,18.435053
2439,2025-10-09 15:00:00+05:30,8.39078,305.39487,11.304229,307.23492
2440,2025-10-09 16:00:00+05:30,4.2175345,320.1945,5.6492476,329.3494
2441,2025-10-09 17:00:00+05:30,4.6730714,254.3577,9.568824,253.61038
2442,2025-10-09 18:00:00+05:30,1.5484185,234.46223,4.0449963,249.14546
2443,2025-10-09 19:00:00+05:30,2.0124612,259.69522,2.9024127,262.8751
2444,2025-10-09 20:00:00+05:30,3.710795,284.03625,5.6835546,280.954
2445,2025-10-09 21:00:00+05:30,1.835647,281.3099,3.0652895,273.3664
2446,2025-10-09 22:00:00+05:30,0.25455844,135.0001,1.2979984,146.3099
2447,2025-10-09 23:00:00+05:30,3.3481934,233.74606,7.841887,238.13406
2448,2025-10-10 00:00:00+05:30,4.3832865,250.82089,11.368535,246.68227
2449,2025-10-10 01:00:00+05:30,3.4388947,312.8789,9.339208,297.55273
2450,2025-10-10 02:00:00+05:30,6.638072,319.39877,14.25641,322.69598
2451,2025-10-10 03:00:00+05:30,5.1919937,326.3099,12.599998,323.13
2452,2025-10-10 04:00:00+05:30,5.195113,345.9637,12.835653,337.75092
2453,2025-10-10 05:00:00+05:30,4.863332,321.009,11.334285,316.93057
2454,2025-10-10 06:00:00+05:30,7.995323,328.8151,11.7662735,330.6901
2455,2025-10-10 07:00:00+05:30,9.12513,345.14133,12.267762,345.5559
2456,2025-10-10 08:00:00+05:30,8.821836,1.1691146,11.885453,1.7356651
2457,2025-10-10 09:00:00+05:30,8.93859,25.016869,11.113451,24.904745
2458,2025-10-10 10:00:00+05:30,8.461915,38.088825,10.514218,38.047092
2459,2025-10-10 11:00:00+05:30,8.688613,39.957497,10.855358,40.29208
2460,2025-10-10 12:00:00+05:30,7.44121,32.15227,9.387651,32.471172
2461,2025-10-10 13:00:00+05:30,3.8268526,41.185837,4.5,36.86999
2462,2025-10-10 14:00:00+05:30,3.6179552,5.7105074,5.0528407,4.085537
2463,2025-10-10 15:00:00+05:30,7.289445,122.90524,10.285232,122.85572
2464,2025-10-10 16:00:00+05:30,0.742159,284.03625,1.5379207,249.44386
2465,2025-10-10 17:00:00+05:30,1.2727921,8.130019,4.1046314,15.255177
2466,2025-10-10 18:00:00+05:30,2.52,360.0,6.638072,12.528798
2467,2025-10-10 19:00:00+05:30,1.659518,40.601215,5.2323985,49.185013
2468,2025-10-10 20:00:00+05:30,3.9640884,39.47243,9.5535755,47.290634
2469,2025-10-10 21:00:00+05:30,3.9966488,82.234924,10.706595,73.39294
2470,2025-10-10 22:00:00+05:30,2.97953,64.98315,9.109138,60.39565
2471,2025-10-10 23:00:00+05:30,2.3469129,57.528828,8.39657,59.03632
2472,2025-10-11 00:00:00+05:30,4.4456716,58.240574,12.413477,60.461315
2473,2025-10-11 01:00:00+05:30,4.542994,56.3099,11.592895,64.23073
2474,2025-10-11 02:00:00+05:30,4.7657523,79.11452,12.015589,81.38444
2475,2025-10-11 03:00:00+05:30,1.5379207,69.44387,8.513448,103.44863
2476,2025-10-11 04:00:00+05:30,9.668195,335.8209,17.114204,337.75092
2477,2025-10-11 05:00:00+05:30,9.165871,340.49747,18.914566,343.97964
2478,2025-10-11 06:00:00+05:30,7.145796,49.085716,13.282243,26.564985
2479,2025-10-11 07:00:00+05:30,7.289445,32.905247,10.34178,31.476793
2480,2025-10-11 08:00:00+05:30,7.823272,23.025528,10.163227,22.93213
2481,2025-10-11 09:00:00+05:30,8.211235,26.003298,10.385547,25.676775
2482,2025-10-11 10:00:00+05:30,7.748368,30.735416,9.7565975,29.875906
2483,2025-10-11 11:00:00+05:30,9.499158,27.050516,11.9140415,26.952108
2484,2025-10-11 12:00:00+05:30,7.289444,20.224945,8.996398,19.885265
2485,2025-10-11 13:00:00+05:30,7.79215,6.6324186,9.801326,7.3859525
2486,2025-10-11 14:00:00+05:30,9.444426,7.666714,11.837651,8.746089
2487,2025-10-11 15:00:00+05:30,7.6388745,34.43906,10.285232,32.85573
2488,2025-10-11 16:00:00+05:30,3.4247334,3.0127327,6.725354,15.524177
2489,2025-10-11 17:00:00+05:30,6.9153743,141.34016,12.496718,138.50363
2490,2025-10-11 18:00:00+05:30,4.175069,172.56868,7.674842,140.7106
2491,2025-10-11 19:00:00+05:30,3.84796,169.21574,7.928177,140.52757
2492,2025-10-11 20:00:00+05:30,3.438895,173.99109,6.502461,138.36655
2493,2025-10-11 21:00:00+05:30,3.143565,203.6294,5.7628117,165.52966
2494,2025-10-11 22:00:00+05:30,2.1674871,228.36655,5.2694216,187.85323
2495,2025-10-11 23:00:00+05:30,2.8460495,145.30478,6.0908127,161.0295
2496,2025-10-12 00:00:00+05:30,3.362677,105.52418,6.269067,129.17365
2497,2025-10-12 01:00:00+05:30,2.6208394,105.945465,5.634891,116.56499
2498,2025-10-12 02:00:00+05:30,0.9,143.13002,3.8521678,127.40543
2499,2025-10-12 03:00:00+05:30,1.5484185,305.53775,0.40249225,243.43501
2500,2025-10-12 04:00:00+05:30,2.5582807,320.7106,2.97953,334.98312
2501,2025-10-12 05:00:00+05:30,5.3939967,334.2901,11.431062,333.8385
2502,2025-10-12 06:00:00+05:30,6.050785,337.249,10.132897,347.692
2503,2025-10-12 07:00:00+05:30,5.297018,350.21765,9.726665,357.87894
2504,2025-10-12 08:00:00+05:30,7.0223074,1.4687687,9.734988,3.179772
2505,2025-10-12 09:00:00+05:30,8.227004,10.0805435,11.013882,11.3098955
2506,2025-10-12 10:00:00+05:30,7.2044983,12.99463,9.215226,12.407412
2507,2025-10-12 11:00:00+05:30,8.131936,354.92047,10.285232,355.9859
2508,2025-10-12 12:00:00+05:30,7.9383874,356.09958,10.446206,358.0251
2509,2025-10-12 13:00:00+05:30,7.922045,358.69806,10.259999,360.0
2510,2025-10-12 14:00:00+05:30,7.256032,352.87506,9.600937,353.54126
2511,2025-10-12 15:00:00+05:30,6.320538,340.0168,9.05205,342.64587
2512,2025-10-12 16:00:00+05:30,3.7971041,328.5705,9.266067,335.9245
2513,2025-10-12 17:00:00+05:30,3.4763772,338.74942,9.473541,345.69968
2514,2025-10-12 18:00:00+05:30,1.8,360.0,5.9834766,353.08887
2515,2025-10-12 19:00:00+05:30,1.2727921,8.130019,4.1556225,355.03033
2516,2025-10-12 20:00:00+05:30,1.7076298,341.56494,5.2323985,333.43503
2517,2025-10-12 21:00:00+05:30,1.659518,319.39877,5.796447,323.8417
2518,2025-10-12 22:00:00+05:30,0.9,270.0,3.9966483,324.16226
2519,2025-10-12 23:00:00+05:30,2.9024127,277.1249,6.552099,322.81522
2520,2025-10-13 00:00:00+05:30,3.2399998,270.0,5.983477,313.7812
2521,2025-10-13 01:00:00+05:30,4.1085763,298.8107,7.7734165,317.8156
2522,2025-10-13 02:00:00+05:30,5.0975285,317.86246,10.934166,327.09476
2523,2025-10-13 03:00:00+05:30,4.7928696,325.71307,11.9140415,333.04788
2524,2025-10-13 04:00:00+05:30,4.9785542,347.4712,12.399112,346.56894
2525,2025-10-13 05:00:00+05:30,8.6867485,354.05322,20.598795,354.98697
2526,2025-10-13 06:00:00+05:30,10.081606,1.0230169,19.686766,4.7200613
2527,2025-10-13 07:00:00+05:30,7.7400002,360.0,14.869351,6.9528637
2528,2025-10-13 08:00:00+05:30,7.8625183,15.945477,10.9859,18.138186
2529,2025-10-13 09:00:00+05:30,10.399576,23.45904,13.945064,23.587051
2530,2025-10-13 10:00:00+05:30,11.578912,11.659274,15.111424,12.380747
2531,2025-10-13 11:00:00+05:30,12.168319,352.34943,15.941944,353.517
2532,2025-10-13 12:00:00+05:30,11.578912,348.34073,15.215058,349.08893
2533,2025-10-13 13:00:00+05:30,10.837435,348.50345,14.264361,349.82455
2534,2025-10-13 14:00:00+05:30,11.755254,348.51804,15.956163,348.94363
2535,2025-10-13 15:00:00+05:30,10.636766,336.0375,16.412603,338.78195
2536,2025-10-13 16:00:00+05:30,8.149847,329.47037,16.746773,334.53668
2537,2025-10-13 17:00:00+05:30,8.836514,326.6336,19.963776,333.20398
2538,2025-10-13 18:00:00+05:30,7.653705,318.81415,17.725203,325.34158
2539,2025-10-13 19:00:00+05:30,7.001514,316.04153,17.1,323.13
2540,2025-10-13 20:00:00+05:30,8.320986,321.1466,19.878391,324.58286
2541,2025-10-13 21:00:00+05:30,8.6193495,331.29416,20.850496,332.7714
2542,2025-10-13 22:00:00+05:30,8.225035,336.8014,20.264194,341.88684
2543,2025-10-13 23:00:00+05:30,8.766573,340.8209,21.129883,346.2005
2544,2025-10-14 00:00:00+05:30,8.171683,352.40543,20.5484,356.98727
2545,2025-10-14 01:00:00+05:30,7.3799996,360.0,19.559633,6.3401003
2546,2025-10-14 02:00:00+05:30,7.2022495,1.4320632,19.023027,6.5197067
2547,2025-10-14 03:00:00+05:30,7.2022495,1.4320632,18.98552,5.4402504
2548,2025-10-14 04:00:00+05:30,6.8612823,4.5139127,17.791796,11.082533
2549,2025-10-14 05:00:00+05:30,7.3799996,12.680387,19.011953,18.778133
2550,2025-10-14 06:00:00+05:30,8.43699,11.07017,16.685717,20.194427
2551,2025-10-14 07:00:00+05:30,6.778141,10.713074,13.719023,19.148233
2552,2025-10-14 08:00:00+05:30,8.863972,12.907409,12.313893,15.255177
2553,2025-10-14 09:00:00+05:30,11.132385,14.036275,14.887859,14.708352
2554,2025-10-14 10:00:00+05:30,11.832176,13.190616,15.760025,13.877555
2555,2025-10-14 11:00:00+05:30,12.061341,359.14493,16.019999,360.0
2556,2025-10-14 12:00:00+05:30,12.193588,351.51114,16.16496,352.32114
2557,2025-10-14 13:00:00+05:30,12.74954,346.94473,17.512806,347.53506
2558,2025-10-14 14:00:00+05:30,12.284916,349.01938,17.935081,349.59235
2559,2025-10-14 15:00:00+05:30,9.144637,349.79608,15.808263,352.14676
2560,2025-10-14 16:00:00+05:30,5.2416787,344.05453,13.41453,348.38855
2561,2025-10-14 17:00:00+05:30,6.4096174,308.15726,15.401311,314.52655
2562,2025-10-14 18:00:00+05:30,8.209263,307.87503,19.73854,316.8476
2563,2025-10-14 19:00:00+05:30,8.43699,326.3099,20.929594,333.43503
2564,2025-10-14 20:00:00+05:30,8.936778,332.4028,21.53089,339.44388
2565,2025-10-14 21:00:00+05:30,8.827344,339.71735,21.925297,347.67526
2566,2025-10-14 22:00:00+05:30,8.338489,346.2637,21.152872,354.6291
2567,2025-10-14 23:00:00+05:30,6.3639607,351.87,17.134071,3.6138167
2568,2025-10-15 00:00:00+05:30,7.247096,345.61856,16.93531,357.5634
2569,2025-10-15 01:00:00+05:30,8.049845,349.69522,19.380743,353.60114
2570,2025-10-15 02:00:00+05:30,8.507737,353.92764,19.807362,358.4378
2571,2025-10-15 03:00:00+05:30,8.461914,358.78116,20.583847,4.5139127
2572,2025-10-15 04:00:00+05:30,8.490582,355.13556,20.180079,2.5560937
2573,2025-10-15 05:00:00+05:30,9.743305,348.2749,22.104116,353.4538
2574,2025-10-15 06:00:00+05:30,10.7714615,350.38034,20.41949,354.94284
2575,2025-10-15 07:00:00+05:30,8.825508,348.23172,16.478603,353.729
2576,2025-10-15 08:00:00+05:30,8.688613,346.82742,12.284916,349.01938
2577,2025-10-15 09:00:00+05:30,10.742848,351.3269,14.490838,353.5813
2578,2025-10-15 10:00:00+05:30,11.276968,351.74063,15.048042,353.1301
2579,2025-10-15 11:00:00+05:30,11.177405,345.06854,14.494192,345.61856
2580,2025-10-15 12:00:00+05:30,11.384199,341.56494,15.25865,342.8475
2581,2025-10-15 13:00:00+05:30,11.465024,337.86444,15.316933,340.07434
2582,2025-10-15 14:00:00+05:30,11.190442,334.25934,15.882896,336.63086
2583,2025-10-15 15:00:00+05:30,8.587338,326.97614,14.757804,329.99518
2584,2025-10-15 16:00:00+05:30,5.6002855,315.0001,13.783817,319.23648
2585,2025-10-15 17:00:00+05:30,7.8954163,294.22772,18.522516,304.30783
2586,2025-10-15 18:00:00+05:30,8.287822,304.3804,20.675724,310.76352
2587,2025-10-15 19:00:00+05:30,7.001514,313.95847,18.731247,317.72638
2588,2025-10-15 20:00:00+05:30,5.983477,313.7812,15.3771,321.6544
2589,2025-10-15 21:00:00+05:30,5.3517847,312.27362,13.130133,326.74564
2590,2025-10-15 22:00:00+05:30,4.863332,308.991,11.384198,325.30478
2591,2025-10-15 23:00:00+05:30,4.8366103,315.0001,11.886816,327.99466
2592,2025-10-16 00:00:00+05:30,4.8433046,311.98712,12.204212,322.792
2593,2025-10-16 01:00:00+05:30,4.91634,336.2505,12.688404,328.3393
2594,2025-10-16 02:00:00+05:30,5.4656014,342.75845,13.443481,333.7781
2595,2025-10-16 03:00:00+05:30,6.050785,329.62094,14.897651,331.88687
2596,2025-10-16 04:00:00+05:30,5.8409934,326.3099,14.178927,331.15744
2597,2025-10-16 05:00:00+05:30,7.0843205,332.78397,16.50218,333.43503
2598,2025-10-16 06:00:00+05:30,8.287822,325.6196,15.3771,334.33484
2599,2025-10-16 07:00:00+05:30,5.8409934,326.3099,12.835653,337.75092
2600,2025-10-16 08:00:00+05:30,5.6492476,337.5205,7.9138603,342.80136
2601,2025-10-16 09:00:00+05:30,6.1858225,351.63422,8.11798,356.186
2602,2025-10-16 10:00:00+05:30,5.771239,356.42374,7.3821945,358.60284
2603,2025-10-16 11:00:00+05:30,6.3639607,331.26028,7.8087645,334.02567
2604,2025-10-16 12:00:00+05:30,5.3999996,323.13004,6.792466,327.99466
2605,2025-10-16 13:00:00+05:30,5.369916,309.55963,6.618519,315.0001
2606,2025-10-16 14:00:00+05:30,5.5916004,303.17853,7.1684303,308.8845
2607,2025-10-16 15:00:00+05:30,4.4274144,296.56497,5.8409934,303.6901
2608,2025-10-16 16:00:00+05:30,3.244996,273.17978,6.330782,284.8265
2609,2025-10-16 17:00:00+05:30,7.208994,272.86234,16.084589,275.1363
2610,2025-10-16 18:00:00+05:30,7.415038,275.5721,17.40424,280.72882
2611,2025-10-16 19:00:00+05:30,7.8625183,285.94547,18.623693,290.3617
2612,2025-10-16 20:00:00+05:30,6.989936,304.50858,17.629894,302.06735
2613,2025-10-16 21:00:00+05:30,5.4744864,316.33215,14.224556,308.32016
2614,2025-10-16 22:00:00+05:30,4.293669,326.97614,11.334285,316.93057
2615,2025-10-16 23:00:00+05:30,1.8,270.0,7.10031,300.46545
2616,2025-10-17 00:00:00+05:30,1.835647,258.6901,5.796447,306.15826
2617,2025-10-17 01:00:00+05:30,3.143565,293.6294,7.282774,320.01315
2618,2025-10-17 02:00:00+05:30,4.978554,310.60123,10.484903,325.4914
2619,2025-10-17 03:00:00+05:30,5.692099,325.30478,12.659004,330.15417
2620,2025-10-17 04:00:00+05:30,5.0432134,325.17545,11.753877,332.6502
2621,2025-10-17 05:00:00+05:30,5.3305535,348.31067,13.543131,355.42615
2622,2025-10-17 06:00:00+05:30,6.6818557,332.74475,12.461669,349.17703
2623,2025-10-17 07:00:00+05:30,4.5891175,334.44006,11.616627,347.4712
2624,2025-10-17 08:00:00+05:30,6.0347,342.64587,8.338489,346.2637
2625,2025-10-17 09:00:00+05:30,5.7852573,5.3557334,7.458606,8.325568
2626,2025-10-17 10:00:00+05:30,3.8856654,13.392516,4.896529,17.102825
2627,2025-10-17 11:00:00+05:30,3.2048087,308.15726,3.9477081,313.1524
2628,2025-10-17 12:00:00+05:30,5.068846,286.50443,6.151683,290.55612
2629,2025-10-17 13:00:00+05:30,6.6087217,299.35767,8.149847,300.52963
2630,2025-10-17 14:00:00+05:30,6.297428,300.96368,8.037761,304.046
2631,2025-10-17 15:00:00+05:30,5.020677,284.5345,6.6185193,292.3802
2632,2025-10-17 16:00:00+05:30,3.096837,234.46223,5.8104043,253.81071
2633,2025-10-17 17:00:00+05:30,4.6834598,267.79745,8.43699,281.07016
2634,2025-10-17 18:00:00+05:30,5.2939587,287.81897,11.679212,298.5399
2635,2025-10-17 19:00:00+05:30,5.5450516,305.75397,13.878688,313.4235
2636,2025-10-17 20:00:00+05:30,4.669604,297.55273,10.766949,308.21106
2637,2025-10-17 21:00:00+05:30,4.445672,291.3707,8.55142,300.34317
2638,2025-10-17 22:00:00+05:30,4.1085763,298.8107,8.6867485,304.01938
2639,2025-10-17 23:00:00+05:30,5.2478566,337.8336,10.304114,332.9874
2640,2025-10-18 00:00:00+05:30,6.206738,343.1415,13.32,341.07526
2641,2025-10-18 01:00:00+05:30,6.2145634,349.99207,15.111424,347.61926
2642,2025-10-18 02:00:00+05:30,6.7853074,338.19852,16.6896,343.715
2643,2025-10-18 03:00:00+05:30,6.320538,340.0168,16.152931,345.80887
2644,2025-10-18 04:00:00+05:30,6.5520988,344.05453,16.167967,348.4399
2645,2025-10-18 05:00:00+05:30,7.040739,355.60138,17.28,360.0
2646,2025-10-18 06:00:00+05:30,7.8728137,349.46088,15.659999,360.0
2647,2025-10-18 07:00:00+05:30,6.310277,3.2704222,15.24909,7.4604836
2648,2025-10-18 08:00:00+05:30,6.519877,6.3401003,10.004178,8.275804
2649,2025-10-18 09:00:00+05:30,7.5213294,21.037588,10.163227,22.93213
2650,2025-10-18 10:00:00+05:30,6.444905,54.090195,8.39078,54.605125
2651,2025-10-18 11:00:00+05:30,5.1165614,50.710617,6.299999,53.13002
2652,2025-10-18 12:00:00+05:30,4.39436,34.9921,5.6521144,37.234917
2653,2025-10-18 13:00:00+05:30,3.8939953,33.6901,4.863332,38.990997
2654,2025-10-18 14:00:00+05:30,4.5322843,6.842679,5.8298883,8.8805895
2655,2025-10-18 15:00:00+05:30,5.8769383,117.34979,7.0591216,109.359085
2656,2025-10-18 16:00:00+05:30,3.4199998,180.0,6.6818557,175.36462
2657,2025-10-18 17:00:00+05:30,4.896529,197.10281,7.748368,182.66295
2658,2025-10-18 18:00:00+05:30,7.229191,198.88618,14.120539,197.04912
2659,2025-10-18 19:00:00+05:30,5.068846,196.50444,11.897714,197.61267
2660,2025-10-18 20:00:00+05:30,5.3517847,199.65392,12.69351,198.17812
2661,2025-10-18 21:00:00+05:30,5.983477,223.7812,13.392774,216.25392
2662,2025-10-18 22:00:00+05:30,4.3573384,231.7098,10.44,226.39711
2663,2025-10-18 23:00:00+05:30,3.3481934,233.74606,7.0038276,244.09354
2664,2025-10-19 00:00:00+05:30,3.3092594,224.9999,6.0347,252.64589
2665,2025-10-19 01:00:00+05:30,3.396233,302.00534,7.562142,308.23386
2666,2025-10-19 02:00:00+05:30,4.1556225,342.34976,10.934166,339.77505
2667,2025-10-19 03:00:00+05:30,1.9134263,131.18582,2.5772076,65.22488
2668,2025-10-19 04:00:00+05:30,3.244996,160.55988,7.3997297,161.56496
2669,2025-10-19 05:00:00+05:30,3.693291,313.0251,10.120098,354.89792
2670,2025-10-19 06:00:00+05:30,2.3400002,67.3801,7.538541,33.310646
2671,2025-10-19 07:00:00+05:30,4.7521367,24.623547,8.836514,33.366394
2672,2025-10-19 08:00:00+05:30,6.8423676,35.362556,9.648067,36.656208
2673,2025-10-19 09:00:00+05:30,9.5535755,47.290634,12.738099,47.290634
2674,2025-10-19 10:00:00+05:30,8.536252,47.563812,10.957846,47.66307
2675,2025-10-19 11:00:00+05:30,8.099999,36.86999,10.514218,38.047092
2676,2025-10-19 12:00:00+05:30,7.995323,31.184912,10.589448,31.798878
2677,2025-10-19 13:00:00+05:30,8.55142,30.343174,11.298495,30.6506
2678,2025-10-19 14:00:00+05:30,8.297589,24.34109,11.511559,26.965645
2679,2025-10-19 15:00:00+05:30,6.5520988,20.924576,11.298495,22.47948
2680,2025-10-19 16:00:00+05:30,5.072041,27.474344,12.642357,28.02442
2681,2025-10-19 17:00:00+05:30,3.9518096,30.068504,9.387651,32.471172
2682,2025-10-19 18:00:00+05:30,5.48631,48.99101,11.870451,49.304558
2683,2025-10-19 19:00:00+05:30,4.2481523,53.61555,10.337078,54.92617
2684,2025-10-19 20:00:00+05:30,2.0364676,44.999897,8.217153,61.189304
2685,2025-10-19 21:00:00+05:30,0.9,360.0,6.889557,56.725105
2686,2025-10-19 22:00:00+05:30,2.995797,237.26477,2.5772076,204.77512
2687,2025-10-19 23:00:00+05:30,3.096837,215.53777,5.7628117,178.21013
2688,2025-10-20 00:00:00+05:30,3.710795,320.90613,5.6002855,315.0001
2689,2025-10-20 01:00:00+05:30,4.6102495,38.65983,10.1887,32.005356
2690,2025-10-20 02:00:00+05:30,3.8856654,13.392516,9.54679,45.763813
2691,2025-10-20 03:00:00+05:30,4.32,360.0,9.931042,43.53127
2692,2025-10-20 04:00:00+05:30,5.2478566,5.9060555,12.261157,40.236294
2693,2025-10-20 05:00:00+05:30,9.215226,12.407412,21.366234,23.325373
2694,2025-10-20 06:00:00+05:30,11.052058,16.073652,21.749481,24.443953
2695,2025-10-20 07:00:00+05:30,8.431228,16.113499,21.573734,26.77877
2696,2025-10-20 08:00:00+05:30,8.61371,26.029541,12.972494,29.054508
2697,2025-10-20 09:00:00+05:30,11.238113,31.908066,15.077082,33.310646
2698,2025-10-20 10:00:00+05:30,12.387348,35.537766,16.635157,35.75398
2699,2025-10-20 11:00:00+05:30,10.304114,27.012596,13.203954,27.612942
2700,2025-10-20 12:00:00+05:30,9.984729,27.950872,13.130133,28.673056
2701,2025-10-20 13:00:00+05:30,9.582358,28.009092,13.0447235,27.979382
2702,2025-10-20 14:00:00+05:30,9.339208,27.552727,13.53236,28.610369
2703,2025-10-20 15:00:00+05:30,8.211235,26.003298,14.813683,27.499056
2704,2025-10-20 16:00:00+05:30,7.289445,32.905247,17.47484,34.50859
2705,2025-10-20 17:00:00+05:30,7.1684303,28.495539,17.873556,34.33027
2706,2025-10-20 18:00:00+05:30,5.1826253,20.323217,13.666967,40.19198
2707,2025-10-20 19:00:00+05:30,2.226477,345.9637,9.109138,37.775745
2708,2025-10-20 20:00:00+05:30,1.6981165,327.99466,7.674842,39.289394
2709,2025-10-20 21:00:00+05:30,3.9966483,324.16226,7.1321807,349.82455
2710,2025-10-20 22:00:00+05:30,5.1575575,330.75128,11.384199,341.56494
2711,2025-10-20 23:00:00+05:30,5.8048253,352.87506,12.961249,9.593073
2712,2025-10-21 00:00:00+05:30,7.5942073,354.55975,16.766108,14.931467
2713,2025-10-21 01:00:00+05:30,7.970972,6.482988,19.639805,17.604721
2714,2025-10-21 02:00:00+05:30,7.5170207,16.699326,19.45416,22.293686
2715,2025-10-21 03:00:00+05:30,9.299225,14.574262,22.145853,19.465961
2716,2025-10-21 04:00:00+05:30,9.299225,14.574262,22.545315,19.592375
2717,2025-10-21 05:00:00+05:30,9.743305,11.725089,22.883373,17.86495
2718,2025-10-21 06:00:00+05:30,10.874741,12.425935,21.517344,19.041328
2719,2025-10-21 07:00:00+05:30,7.7983837,18.853252,19.32382,25.37152
2720,2025-10-21 08:00:00+05:30,7.9220443,21.31798,11.605464,23.78204
2721,2025-10-21 09:00:00+05:30,10.1456785,25.201094,13.690654,24.880348
2722,2025-10-21 10:00:00+05:30,11.334285,20.44963,14.978986,20.394962
2723,2025-10-21 11:00:00+05:30,9.292254,8.914849,12.015589,8.615564
2724,2025-10-21 12:00:00+05:30,8.101999,358.727,10.62,360.0
2725,2025-10-21 13:00:00+05:30,7.69592,349.21573,10.03167,350.70676
2726,2025-10-21 14:00:00+05:30,8.089993,339.14545,10.759423,342.47433
2727,2025-10-21 15:00:00+05:30,7.0911775,336.0375,12.134992,339.14545
2728,2025-10-21 16:00:00+05:30,4.896529,342.8972,12.576836,350.94217
2729,2025-10-21 17:00:00+05:30,5.8769383,332.6502,13.752048,345.59995
2730,2025-10-21 18:00:00+05:30,5.4744864,313.66785,12.688404,328.3393
2731,2025-10-21 19:00:00+05:30,5.904439,307.56866,14.545515,319.01425
2732,2025-10-21 20:00:00+05:30,5.692099,325.30478,14.33234,334.72232
2733,2025-10-21 21:00:00+05:30,6.2483597,348.3664,15.009236,354.4946
2734,2025-10-21 22:00:00+05:30,6.9527545,338.74942,15.4800005,360.0
2735,2025-10-21 23:00:00+05:30,7.8954163,335.77228,17.393066,353.46347
2736,2025-10-22 00:00:00+05:30,6.8989563,344.87595,17.46371,358.81885
2737,2025-10-22 01:00:00+05:30,6.341009,353.4803,16.67795,6.8181314
2738,2025-10-22 02:00:00+05:30,6.8423676,1.5074003,17.377226,13.17257
2739,2025-10-22 03:00:00+05:30,7.102591,8.746089,18.442753,18.788721
2740,2025-10-22 04:00:00+05:30,7.040739,4.398633,17.777222,15.865782
2741,2025-10-22 05:00:00+05:30,7.9465466,346.90808,18.903427,358.9088
2742,2025-10-22 06:00:00+05:30,9.531505,349.11453,18.180891,0.56725204
2743,2025-10-22 07:00:00+05:30,6.302571,358.36346,16.985935,9.761711
2744,2025-10-22 08:00:00+05:30,6.302571,1.6365454,9.243311,6.70975
2745,2025-10-22 09:00:00+05:30,8.131936,5.0795207,10.717182,7.7217383
2746,2025-10-22 10:00:00+05:30,8.297589,3.7313232,10.674773,5.8066354
2747,2025-10-22 11:00:00+05:30,7.5170207,343.3007,9.5196,344.6498
2748,2025-10-22 12:00:00+05:30,6.5049515,345.5792,8.12197,347.19574
2749,2025-10-22 13:00:00+05:30,5.6920996,341.56494,7.1208143,343.8556
2750,2025-10-22 14:00:00+05:30,3.7064266,330.9455,4.6800003,337.3801
2751,2025-10-22 15:00:00+05:30,4.080882,318.57642,5.6521144,322.76508
2752,2025-10-22 16:00:00+05:30,3.8268526,311.18582,8.55142,329.65683
2753,2025-10-22 17:00:00+05:30,4.323748,272.3859,8.65873,290.69553
2754,2025-10-22 18:00:00+05:30,4.323748,267.6141,6.66,270.0
2755,2025-10-22 19:00:00+05:30,8.260411,281.3099,13.110376,278.68628
2756,2025-10-22 20:00:00+05:30,7.8583965,290.0953,16.144905,292.27594
2757,2025-10-22 21:00:00+05:30,6.6087217,299.35767,14.8257065,299.0545
2758,2025-10-22 22:00:00+05:30,6.037383,296.56497,14.092977,294.92844
2759,2025-10-22 23:00:00+05:30,6.384293,319.574,14.637663,315.49814
2760,2025-10-23 00:00:00+05:30,5.876938,319.9698,13.392774,323.74606
2761,2025-10-23 01:00:00+05:30,5.8048253,330.25522,12.7279215,331.26028
2762,2025-10-23 02:00:00+05:30,5.8631387,342.12122,13.237039,337.6198
2763,2025-10-23 03:00:00+05:30,5.9427266,358.26434,14.154915,352.69434
2764,2025-10-23 04:00:00+05:30,6.1437774,354.95764,14.404499,1.4320632
2765,2025-10-23 05:00:00+05:30,6.391901,350.2725,17.259363,352.208
2766,2025-10-23 06:00:00+05:30,7.9526596,354.80566,15.129638,2.0453732
2767,2025-10-23 07:00:00+05:30,4.8899083,353.6599,13.671707,9.090207
2768,2025-10-23 08:00:00+05:30,6.341009,6.5197067,9.321845,10.007925
2769,2025-10-23 09:00:00+05:30,6.830519,18.435053,8.996398,19.885265
2770,2025-10-23 10:00:00+05:30,5.020677,14.534496,6.379216,16.389616
2771,2025-10-23 11:00:00+05:30,4.412754,348.23172,5.2694216,352.14676
2772,2025-10-23 12:00:00+05:30,5.3939967,334.2901,6.5248446,335.55606
2773,2025-10-23 13:00:00+05:30,6.391901,327.6526,7.9036193,329.9315
2774,2025-10-23 14:00:00+05:30,7.0407386,327.52884,8.777654,331.8585
2775,2025-10-23 15:00:00+05:30,5.8409934,326.3099,8.707237,330.25522
2776,2025-10-23 16:00:00+05:30,2.6999998,306.86996,6.6405115,327.17145
2777,2025-10-23 17:00:00+05:30,5.22,316.3971,11.931705,326.07016
2778,2025-10-23 18:00:00+05:30,7.344794,306.02747,16.323528,311.42358
2779,2025-10-23 19:00:00+05:30,7.2,306.86996,18.23694,311.39862
2780,2025-10-23 20:00:00+05:30,5.1575575,330.75128,12.456468,322.63324
2781,2025-10-23 21:00:00+05:30,3.462369,8.97255,8.155807,337.9637
2782,2025-10-23 22:00:00+05:30,2.7416782,23.198618,7.029225,346.67545
2783,2025-10-23 23:00:00+05:30,5.5916004,356.3087,10.765445,339.44388
2784,2025-10-24 00:00:00+05:30,5.0688457,6.1154146,11.431063,352.76315
2785,2025-10-24 01:00:00+05:30,4.7657523,349.11453,12.825552,355.16965
2786,2025-10-24 02:00:00+05:30,5.0432134,2.0453732,14.230248,2.174696
2787,2025-10-24 03:00:00+05:30,5.3699164,13.5704565,14.539945,15.068535
2788,2025-10-24 04:00:00+05:30,5.5596404,29.054508,14.57889,32.905247
2789,2025-10-24 05:00:00+05:30,6.424764,11.3098955,16.712881,22.145239
2790,2025-10-24 06:00:00+05:30,9.354806,11.093693,17.58481,22.89059
2791,2025-10-24 07:00:00+05:30,5.5887027,14.931467,14.787414,31.561775
2792,2025-10-24 08:00:00+05:30,5.2478566,22.166399,7.973005,28.30066
2793,2025-10-24 09:00:00+05:30,5.8409934,33.6901,7.491114,35.217674
2794,2025-10-24 10:00:00+05:30,5.2478566,22.166399,6.6185193,22.380184
2795,2025-10-24 11:00:00+05:30,2.8856194,356.42374,3.4247334,356.98727
2796,2025-10-24 12:00:00+05:30,2.3469129,327.52884,2.9024127,330.25522
2797,2025-10-24 13:00:00+05:30,3.3092597,292.3802,3.8647635,297.75842
2798,2025-10-24 14:00:00+05:30,4.1125174,293.1986,4.829907,296.56497
2799,2025-10-24 15:00:00+05:30,3.7585104,286.6993,4.7827187,289.79895
2800,2025-10-24 16:00:00+05:30,0.9,233.13002,2.6999998,270.0
2801,2025-10-24 17:00:00+05:30,4.6102495,218.65984,7.689603,237.42595
2802,2025-10-24 18:00:00+05:30,5.09435,237.99466,9.172938,254.05453
2803,2025-10-24 19:00:00+05:30,3.396233,237.99466,7.5213294,248.96242
2804,2025-10-24 20:00:00+05:30,3.8773184,201.80147,8.6193495,208.70586
2805,2025-10-24 21:00:00+05:30,4.829907,206.56499,10.948973,207.40749
2806,2025-10-24 22:00:00+05:30,4.198285,210.96368,8.274128,224.11868
2807,2025-10-24 23:00:00+05:30,3.7585104,196.69933,5.854844,224.9999
2808,2025-10-25 00:00:00+05:30,3.8183763,188.13002,5.402999,209.98155
2809,2025-10-25 01:00:00+05:30,4.0249224,190.3048,6.037383,206.56499
2810,2025-10-25 02:00:00+05:30,4.5891175,191.30989,8.322932,201.57137
2811,2025-10-25 03:00:00+05:30,3.6,216.86998,7.056826,217.74687
2812,2025-10-25 04:00:00+05:30,2.7534704,258.6901,4.755544,240.5242
2813,2025-10-25 05:00:00+05:30,2.50064,329.74365,4.5891175,348.6901
2814,2025-10-25 06:00:00+05:30,5.2939587,342.18103,7.1321807,10.175456
2815,2025-10-25 07:00:00+05:30,4.060985,347.19574,9.080639,13.760814
2816,2025-10-25 08:00:00+05:30,5.3699164,13.5704565,7.3997297,18.435053
2817,2025-10-25 09:00:00+05:30,7.6388745,34.43906,9.793059,36.027473
2818,2025-10-25 10:00:00+05:30,7.0407386,32.471172,8.936778,34.33027
2819,2025-10-25 11:00:00+05:30,6.330782,14.826528,7.9138603,17.198626
2820,2025-10-25 12:00:00+05:30,5.6060677,5.527458,7.102591,8.746089
2821,2025-10-25 13:00:00+05:30,6.122647,1.6846573,7.7588143,3.9908433
2822,2025-10-25 14:00:00+05:30,4.7110505,6.581848,6.037383,10.304792
2823,2025-10-25 15:00:00+05:30,4.942631,10.491434,6.8541956,13.671325
2824,2025-10-25 16:00:00+05:30,2.5264204,355.91446,6.037383,10.304792
2825,2025-10-25 17:00:00+05:30,2.6999998,90.0,8.748075,53.3658
2826,2025-10-25 18:00:00+05:30,7.1389914,146.3099,12.830604,145.86401
2827,2025-10-25 19:00:00+05:30,6.889557,160.1447,16.244936,158.5522
2828,2025-10-25 20:00:00+05:30,4.942631,190.49142,13.690654,177.73955
2829,2025-10-25 21:00:00+05:30,5.441838,214.21576,12.758432,196.38962
2830,2025-10-25 22:00:00+05:30,5.154415,204.77512,12.708816,195.61105
2831,2025-10-25 23:00:00+05:30,4.39436,214.9921,11.681987,213.6901
2832,2025-10-26 00:00:00+05:30,4.293669,236.97612,10.97262,228.99101
2833,2025-10-26 01:00:00+05:30,4.0249224,243.43501,9.668195,241.0491
2834,2025-10-26 02:00:00+05:30,4.514377,293.49857,9.54,270.0
2835,2025-10-26 03:00:00+05:30,3.3092597,337.6198,5.9427266,305.13428
2836,2025-10-26 04:00:00+05:30,2.9024127,352.87506,5.0911684,315.0001
2837,2025-10-26 05:00:00+05:30,3.6179552,354.2895,5.95906,334.98312
2838,2025-10-26 06:00:00+05:30,5.7852573,354.64426,7.1208143,343.8556
2839,2025-10-26 07:00:00+05:30,4.323748,357.6141,8.131936,354.92047
2840,2025-10-26 08:00:00+05:30,5.2694216,7.853233,6.924738,8.97255
2841,2025-10-26 09:00:00+05:30,6.050785,30.379045,7.841887,31.865936
2842,2025-10-26 10:00:00+05:30,5.991594,32.73523,7.538541,33.310646
2843,2025-10-26 11:00:00+05:30,5.4833565,23.198618,6.689125,23.805958
2844,2025-10-26 12:00:00+05:30,5.2416787,15.945477,6.603817,17.447285
2845,2025-10-26 13:00:00+05:30,4.2136917,19.983198,5.1826253,20.323217
2846,2025-10-26 14:00:00+05:30,4.327493,16.927603,5.4656014,17.241547
2847,2025-10-26 15:00:00+05:30,4.7521367,24.623547,6.28713,23.629398
2848,2025-10-26 16:00:00+05:30,3.1845248,47.290634,7.8954163,43.152412
2849,2025-10-26 17:00:00+05:30,7.2202215,184.28908,10.98,190.38881
2850,2025-10-26 18:00:00+05:30,3.9966488,187.76508,6.5049515,194.4208
2851,2025-10-26 19:00:00+05:30,1.8792552,253.30067,2.1749482,245.55606
2852,2025-10-26 20:00:00+05:30,5.2478566,247.8336,6.6405115,237.17146
2853,2025-10-26 21:00:00+05:30,3.189608,253.61038,6.048107,233.47105
2854,2025-10-26 22:00:00+05:30,2.8001428,224.9999,5.5596404,209.0545
2855,2025-10-26 23:00:00+05:30,2.19718,214.9921,5.12289,198.43504
2856,2025-10-27 00:00:00+05:30,2.0523157,307.87503,3.462369,261.02747
2857,2025-10-27 01:00:00+05:30,4.278551,345.3791,5.692099,325.30478
2858,2025-10-27 02:00:00+05:30,4.14,360.0,7.69592,349.21573
2859,2025-10-27 03:00:00+05:30,3.671294,11.3098955,8.32877,6.20336
2860,2025-10-27 04:00:00+05:30,4.175069,7.4313188,9.793058,17.102825
2861,2025-10-27 05:00:00+05:30,6.1858225,8.365798,12.976239,23.720417
2862,2025-10-27 06:00:00+05:30,8.027677,19.653913,15.496736,30.735416
2863,2025-10-27 07:00:00+05:30,5.6920996,18.435053,13.032298,32.59257
2864,2025-10-27 08:00:00+05:30,6.6405115,32.82854,9.039514,35.272507
2865,2025-10-27 09:00:00+05:30,8.019601,45.909298,10.4493065,47.792774
2866,2025-10-27 10:00:00+05:30,8.322932,68.428635,10.765445,69.44387
2867,2025-10-27 11:00:00+05:30,7.0038276,64.09355,8.775807,64.48618
2868,2025-10-27 12:00:00+05:30,7.329338,65.32315,9.360001,67.3801
2869,2025-10-27 13:00:00+05:30,6.12,61.92762,7.8087645,64.025665
2870,2025-10-27 14:00:00+05:30,6.341009,34.592358,8.181589,39.644142
2871,2025-10-27 15:00:00+05:30,6.7397914,34.114517,9.220499,38.65983
2872,2025-10-27 16:00:00+05:30,6.5520988,20.924576,12.879752,26.564985
2873,2025-10-27 17:00:00+05:30,6.8989563,74.875946,15.629971,75.32356
2874,2025-10-27 18:00:00+05:30,5.414979,68.5522,13.499999,73.73973
2875,2025-10-27 19:00:00+05:30,5.2416787,105.945465,12.6462,94.89901
2876,2025-10-27 20:00:00+05:30,4.452954,104.03627,11.052058,106.07365
2877,2025-10-27 21:00:00+05:30,2.226477,75.96373,7.8954163,114.22774
2878,2025-10-27 22:00:00+05:30,1.4512063,119.74479,7.127636,135.0001
2879,2025-10-27 23:00:00+05:30,1.781909,44.999897,5.4029994,88.09089
2880,2025-10-28 00:00:00+05:30,2.8001428,135.0001,7.2,126.86999
2881,2025-10-28 01:00:00+05:30,2.1897945,80.53775,6.1437774,121.82741
2882,2025-10-28 02:00:00+05:30,3.550155,30.465475,4.514377,66.50142
2883,2025-10-28 03:00:00+05:30,4.8965297,36.027473,7.928177,50.52757
2884,2025-10-28 04:00:00+05:30,6.7757506,39.61066,13.581354,55.256752
2885,2025-10-28 05:00:00+05:30,4.752136,52.695976,11.833546,63.82477
2886,2025-10-28 06:00:00+05:30,6.9527545,68.74943,12.708816,74.38895
2887,2025-10-28 07:00:00+05:30,5.1826253,69.67678,12.886039,77.90526
2888,2025-10-28 08:00:00+05:30,6.7205353,82.30404,9.0645685,83.15732
2889,2025-10-28 09:00:00+05:30,9.12513,112.01134,11.866355,112.28564
2890,2025-10-28 10:00:00+05:30,9.396275,126.430954,12.096214,126.528946
2891,2025-10-28 11:00:00+05:30,6.623413,132.79738,8.415842,131.53168
2892,2025-10-28 12:00:00+05:30,6.8919086,139.23648,9.044888,137.41954
2893,2025-10-28 13:00:00+05:30,7.5363917,130.15593,9.614426,128.15727
2894,2025-10-28 14:00:00+05:30,7.5363917,130.15593,10.1902895,125.65542
2895,2025-10-28 15:00:00+05:30,9.0,126.86999,13.878689,123.89621
2896,2025-10-28 16:00:00+05:30,7.628263,160.70985,15.299999,151.92761
2897,2025-10-28 17:00:00+05:30,4.3536186,150.2552,11.304229,142.76509
2898,2025-10-28 18:00:00+05:30,5.154415,114.775116,12.348052,120.67721
2899,2025-10-28 19:00:00+05:30,5.4833565,113.19862,13.684735,125.36255
2900,2025-10-28 20:00:00+05:30,6.452441,112.98875,15.013554,127.694305
2901,2025-10-28 21:00:00+05:30,4.5891175,101.3099,12.431733,124.3804
2902,2025-10-28 22:00:00+05:30,4.5,126.86999,11.843124,136.8476
2903,2025-10-28 23:00:00+05:30,5.068846,106.50443,12.599998,126.86999
2904,2025-10-29 00:00:00+05:30,4.0249224,79.69521,10.564942,113.07044
2905,2025-10-29 01:00:00+05:30,6.6185193,67.61982,14.238215,92.89851
2906,2025-10-29 02:00:00+05:30,5.5450516,76.865974,14.311981,96.49925
2907,2025-10-29 03:00:00+05:30,7.5685663,87.27374,16.895088,104.18433
2908,2025-10-29 04:00:00+05:30,5.876938,130.0302,14.848635,120.60633
2909,2025-10-29 05:00:00+05:30,6.482499,91.59111,15.426535,101.44101
2910,2025-10-29 06:00:00+05:30,7.579261,85.91447,13.822546,98.235535
2911,2025-10-29 07:00:00+05:30,11.298495,112.47948,21.171244,116.78283
2912,2025-10-29 08:00:00+05:30,12.007498,130.13542,17.515581,129.57938
2913,2025-10-29 09:00:00+05:30,8.827344,129.2072,12.145665,129.5881
2914,2025-10-29 10:00:00+05:30,9.044888,137.41954,12.606426,136.73567
2915,2025-10-29 11:00:00+05:30,8.131936,152.30061,11.855429,149.9315
2916,2025-10-29 12:00:00+05:30,4.7110505,96.581856,6.122647,88.31535
2917,2025-10-29 13:00:00+05:30,5.1919937,146.3099,7.8149853,151.07367
2918,2025-10-29 14:00:00+05:30,4.6938252,85.60138,6.8612823,94.5139
2919,2025-10-29 15:00:00+05:30,5.509882,51.632477,7.2,53.13002
2920,2025-10-29 16:00:00+05:30,6.59154,55.0079,9.614426,51.842735
2921,2025-10-29 17:00:00+05:30,7.1684303,51.115498,12.20023,68.35551
2922,2025-10-29 18:00:00+05:30,8.854829,63.435013,16.59225,74.90838
2923,2025-10-29 19:00:00+05:30,9.292255,68.40463,18.040453,77.90526
2924,2025-10-29 20:00:00+05:30,8.891344,68.62931,17.581125,79.380394
2925,2025-10-29 21:00:00+05:30,7.519175,78.95911,15.856356,87.3975
2926,2025-10-29 22:00:00+05:30,9.028754,94.57384,17.106628,98.47106
2927,2025-10-29 23:00:00+05:30,6.8541956,76.328674,13.878688,80.29342
2928,2025-10-30 00:00:00+05:30,8.155807,67.963715,15.503006,74.511444
2929,2025-10-30 01:00:00+05:30,8.260411,101.3099,14.827893,100.491425
2930,2025-10-30 02:00:00+05:30,7.5685663,64.65388,13.6242285,74.67844
2931,2025-10-30 03:00:00+05:30,11.5199995,90.0,19.686766,94.720055
2932,2025-10-30 04:00:00+05:30,11.881363,89.131966,21.053844,97.36796
2933,2025-10-30 05:00:00+05:30,8.350138,82.56869,16.724508,98.04281
2934,2025-10-30 06:00:00+05:30,4.1125174,156.80139,8.92408,138.27058
2935,2025-10-30 07:00:00+05:30,11.712455,92.642494,15.922626,95.83939
2936,2025-10-30 08:00:00+05:30,6.5693827,99.46225,9.354806,101.09368
2937,2025-10-30 09:00:00+05:30,8.049845,116.56499,10.546525,117.439644
2938,2025-10-30 10:00:00+05:30,6.8777895,137.12111,8.783189,135.83023
2939,2025-10-30 11:00:00+05:30,6.015878,141.07245,7.344794,143.97253
2940,2025-10-30 12:00:00+05:30,8.049845,206.56499,9.927779,202.38017
2941,2025-10-30 13:00:00+05:30,3.710795,129.09386,4.978554,130.60121
2942,2025-10-30 14:00:00+05:30,7.5363917,130.15593,9.9408245,132.06425
2943,2025-10-30 15:00:00+05:30,14.205182,188.74608,19.401628,186.92712
2944,2025-10-30 16:00:00+05:30,6.4624763,167.125,11.793777,164.05453
2945,2025-10-30 17:00:00+05:30,2.4482646,107.10281,5.796447,143.84172
2946,2025-10-30 18:00:00+05:30,4.0249224,63.435013,8.656858,93.57626
2947,2025-10-30 19:00:00+05:30,5.068846,73.49557,11.555103,94.46708
2948,2025-10-30 20:00:00+05:30,8.099999,90.0,15.85329,102.45824
2949,2025-10-30 21:00:00+05:30,6.1858225,98.3658,13.584932,122.00535
2950,2025-10-30 22:00:00+05:30,5.920878,109.53674,13.619472,135.53539
2951,2025-10-30 23:00:00+05:30,4.471107,139.89915,11.190442,168.87085
