,date,wind_speed_10m,wind_direction_10m,wind_speed_100m,wind_direction_100m
0,2025-06-30 00:00:00+05:30,10.285232,85.98591,18.543495,88.887634
1,2025-06-30 01:00:00+05:30,8.12197,77.19574,15.876775,86.09958
2,2025-06-30 02:00:00+05:30,10.299397,84.98698,19.267569,91.60597
3,2025-06-30 03:00:00+05:30,12.273043,85.79472,21.606747,91.43207
4,2025-06-30 04:00:00+05:30,11.701385,90.881386,20.633371,96.00892
5,2025-06-30 05:00:00+05:30,11.767651,83.85348,20.163212,91.02301
6,2025-06-30 06:00:00+05:30,14.941085,90.69026,23.051247,91.78987
7,2025-06-30 07:00:00+05:30,15.661035,89.34148,22.680714,90.45471
8,2025-06-30 08:00:00+05:30,16.584438,86.88923,23.433899,86.917885
9,2025-06-30 09:00:00+05:30,15.496736,92.66295,21.660664,94.28908
10,2025-06-30 10:00:00+05:30,18.72346,91.101685,26.319422,93.1363
11,2025-06-30 11:00:00+05:30,11.032987,61.762657,15.388685,65.83338
12,2025-06-30 12:00:00+05:30,14.978984,94.1346,21.660664,94.28908
13,2025-06-30 13:00:00+05:30,13.451914,77.63753,18.99661,77.412315
14,2025-06-30 14:00:00+05:30,13.644427,126.41647,19.229694,125.47542
15,2025-06-30 15:00:00+05:30,13.841286,110.55613,19.656296,110.924576
16,2025-06-30 16:00:00+05:30,13.971756,111.93854,20.49235,112.73604
17,2025-06-30 17:00:00+05:30,13.584932,122.00535,22.877,121.81419
18,2025-06-30 18:00:00+05:30,11.341428,125.96061,20.98911,126.28035
19,2025-06-30 19:00:00+05:30,9.97986,129.14398,19.313757,129.32697
20,2025-06-30 20:00:00+05:30,10.261579,111.61484,19.88328,116.33302
21,2025-06-30 21:00:00+05:30,10.4166975,108.121956,20.232191,113.600204
22,2025-06-30 22:00:00+05:30,11.734564,110.659,21.675615,114.0108
23,2025-06-30 23:00:00+05:30,12.20023,111.64449,22.06377,115.10158
24,2025-07-01 00:00:00+05:30,13.374618,118.979614,24.069572,116.18175
25,2025-07-01 01:00:00+05:30,10.874741,114.44395,20.20575,117.02151
26,2025-07-01 02:00:00+05:30,11.132385,112.833694,20.774214,117.89718
27,2025-07-01 03:00:00+05:30,11.832176,103.19062,21.868332,110.22495
28,2025-07-01 04:00:00+05:30,12.362475,106.06006,22.086521,109.025696
29,2025-07-01 05:00:00+05:30,14.288191,109.11983,23.006226,110.13639
30,2025-07-01 06:00:00+05:30,15.937878,108.43504,24.08303,109.653915
31,2025-07-01 07:00:00+05:30,17.87718,115.01686,26.327421,115.51383
32,2025-07-01 08:00:00+05:30,16.299694,120.529625,23.4,120.51016
33,2025-07-01 09:00:00+05:30,15.726067,123.32631,21.666647,123.82212
34,2025-07-01 10:00:00+05:30,15.96327,119.74479,22.013786,119.91912
35,2025-07-01 11:00:00+05:30,13.929953,115.24049,18.442755,114.81417
36,2025-07-01 12:00:00+05:30,19.878391,125.41714,26.912258,124.64674
37,2025-07-01 13:00:00+05:30,11.734564,122.471176,16.774803,123.17852
38,2025-07-01 14:00:00+05:30,13.060857,119.74478,18.244045,120.86674
39,2025-07-01 15:00:00+05:30,12.791403,129.28938,17.935081,128.48022
40,2025-07-01 16:00:00+05:30,13.902015,131.3254,21.3412,129.8674
41,2025-07-01 17:00:00+05:30,10.04458,143.74608,17.682194,141.61343
42,2025-07-01 18:00:00+05:30,9.292255,121.534744,18.126455,122.427536
43,2025-07-01 19:00:00+05:30,9.807935,132.76881,18.720863,136.94807
44,2025-07-01 20:00:00+05:30,8.707237,119.74479,17.389341,126.15828
45,2025-07-01 21:00:00+05:30,8.792405,112.89059,17.483181,118.93992
46,2025-07-01 22:00:00+05:30,9.3962755,110.17074,18.75631,116.810875
47,2025-07-01 23:00:00+05:30,8.827344,110.28265,18.03237,116.05344
48,2025-07-02 00:00:00+05:30,8.777653,105.46127,18.083506,112.22508
49,2025-07-02 01:00:00+05:30,7.9077177,101.821465,16.685717,110.19443
50,2025-07-02 02:00:00+05:30,9.708326,100.68486,18.78393,108.43504
51,2025-07-02 03:00:00+05:30,10.272623,101.113,19.523985,108.268005
52,2025-07-02 04:00:00+05:30,10.474082,109.0578,19.553833,111.60559
53,2025-07-02 05:00:00+05:30,12.472065,110.26578,20.893959,112.809746
54,2025-07-02 06:00:00+05:30,13.184308,104.226,19.087639,105.871254
55,2025-07-02 07:00:00+05:30,12.245293,114.30454,17.311846,115.232796
56,2025-07-02 08:00:00+05:30,13.363711,117.25525,18.201372,118.339035
57,2025-07-02 09:00:00+05:30,13.570615,111.801476,18.553974,112.833694
58,2025-07-02 10:00:00+05:30,13.708391,103.671326,18.511143,103.49575
59,2025-07-02 11:00:00+05:30,13.83192,108.19926,18.954777,108.262985
60,2025-07-02 12:00:00+05:30,12.534257,102.43955,16.419512,102.66506
61,2025-07-02 13:00:00+05:30,13.1412325,103.46522,17.026896,103.44863
62,2025-07-02 14:00:00+05:30,12.049249,103.828674,15.629971,104.67644
63,2025-07-02 15:00:00+05:30,13.797912,97.495766,17.972979,97.4808
64,2025-07-02 16:00:00+05:30,7.889258,145.22209,10.626099,141.18861
65,2025-07-02 17:00:00+05:30,9.734988,93.17977,15.017871,103.86971
66,2025-07-02 18:00:00+05:30,9.9,90.0,18.645428,96.09577
67,2025-07-02 19:00:00+05:30,10.120098,95.10208,18.73557,98.28571
68,2025-07-02 20:00:00+05:30,10.03167,99.293236,18.958197,102.05675
69,2025-07-02 21:00:00+05:30,10.086427,92.045364,19.044306,97.057755
70,2025-07-02 22:00:00+05:30,11.334284,100.06063,20.44803,106.36115
71,2025-07-02 23:00:00+05:30,8.82,90.0,16.327497,104.03627
72,2025-07-03 00:00:00+05:30,7.970972,96.48298,15.999762,107.00803
73,2025-07-03 01:00:00+05:30,8.707238,97.12492,17.161469,102.72435
74,2025-07-03 02:00:00+05:30,9.187056,92.2457,17.727943,102.90741
75,2025-07-03 03:00:00+05:30,11.700001,104.25006,20.176065,105.52418
76,2025-07-03 04:00:00+05:30,13.891522,121.218346,22.877,121.81419
77,2025-07-03 05:00:00+05:30,11.952054,127.042564,22.039528,128.36752
78,2025-07-03 06:00:00+05:30,13.896187,126.57312,22.608458,127.23492
79,2025-07-03 07:00:00+05:30,14.156058,131.39143,20.404411,131.42357
80,2025-07-03 08:00:00+05:30,12.033103,124.641014,16.489416,126.11943
81,2025-07-03 09:00:00+05:30,14.003028,133.95847,18.837324,135.0001
82,2025-07-03 10:00:00+05:30,14.51876,137.00955,19.73854,136.8476
83,2025-07-03 11:00:00+05:30,12.601285,134.42136,16.419514,134.55591
84,2025-07-03 12:00:00+05:30,13.5,126.86999,17.748037,126.75377
85,2025-07-03 13:00:00+05:30,14.879153,124.65138,18.921415,124.14364
86,2025-07-03 14:00:00+05:30,14.082628,125.11209,20.276182,125.24212
87,2025-07-03 15:00:00+05:30,10.32924,138.5324,13.513193,138.23979
88,2025-07-03 16:00:00+05:30,8.669949,131.63345,11.480557,131.18582
89,2025-07-03 17:00:00+05:30,10.316686,132.8789,16.674063,135.43732
90,2025-07-03 18:00:00+05:30,5.6492476,112.47948,11.679212,118.539894
91,2025-07-03 19:00:00+05:30,5.8048253,97.12492,14.118243,109.359085
92,2025-07-03 20:00:00+05:30,6.6697226,86.906006,14.759999,102.680374
93,2025-07-03 21:00:00+05:30,9.321845,100.00792,18.899143,107.74477
94,2025-07-03 22:00:00+05:30,8.766573,109.17911,17.791796,115.78728
95,2025-07-03 23:00:00+05:30,8.427383,109.98319,17.396793,118.42111
96,2025-07-04 00:00:00+05:30,7.8954163,114.22774,15.651722,120.39865
97,2025-07-04 01:00:00+05:30,8.641874,125.6765,16.418526,127.875046
98,2025-07-04 02:00:00+05:30,8.43699,123.690094,14.618837,127.99879
99,2025-07-04 03:00:00+05:30,6.889557,123.2749,12.88981,125.90981
100,2025-07-04 04:00:00+05:30,9.847496,108.10386,15.299999,115.05759
101,2025-07-04 05:00:00+05:30,10.385547,115.67677,16.50709,117.96214
102,2025-07-04 06:00:00+05:30,6.391901,80.2725,10.799999,90.0
103,2025-07-04 07:00:00+05:30,9.56713,101.94416,13.169555,100.23475
104,2025-07-04 08:00:00+05:30,7.8149853,128.45374,10.766949,128.21107
105,2025-07-04 09:00:00+05:30,9.016185,116.05344,11.995349,115.79598
106,2025-07-04 10:00:00+05:30,7.9220443,111.317986,10.32924,112.5431
107,2025-07-04 11:00:00+05:30,8.035746,105.59287,10.4166975,108.121956
108,2025-07-04 12:00:00+05:30,6.6624317,128.41809,8.435069,129.80553
109,2025-07-04 13:00:00+05:30,6.1305785,130.23628,7.5363917,130.15593
110,2025-07-04 14:00:00+05:30,10.855358,139.70793,13.971757,141.80127
111,2025-07-04 15:00:00+05:30,8.482947,107.281586,11.7,112.61991
112,2025-07-04 16:00:00+05:30,8.181589,140.35587,12.283599,145.14548
113,2025-07-04 17:00:00+05:30,8.274128,134.1187,12.906138,140.09216
114,2025-07-04 18:00:00+05:30,10.062305,169.6952,17.791796,168.91747
115,2025-07-04 19:00:00+05:30,11.038858,204.05734,19.42833,203.47742
116,2025-07-04 20:00:00+05:30,4.1046314,164.74483,8.019601,189.0394
117,2025-07-04 21:00:00+05:30,4.846648,111.801476,9.686609,131.98714
118,2025-07-04 22:00:00+05:30,4.542994,123.6901,10.718693,130.91429
119,2025-07-04 23:00:00+05:30,3.8521678,142.59457,10.062305,153.43501
120,2025-07-05 00:00:00+05:30,7.386582,136.97493,14.028457,146.51381
121,2025-07-05 01:00:00+05:30,8.92408,131.72942,15.922626,137.29063
122,2025-07-05 02:00:00+05:30,8.78872,145.0079,15.472672,150.75127
123,2025-07-05 03:00:00+05:30,10.514218,141.95291,18.272436,145.84026
124,2025-07-05 04:00:00+05:30,9.587428,140.3322,17.430283,144.66858
125,2025-07-05 05:00:00+05:30,11.032987,146.3099,18.98552,148.5705
126,2025-07-05 06:00:00+05:30,9.044888,121.15924,14.045767,120.83777
127,2025-07-05 07:00:00+05:30,9.485504,123.388535,13.479583,124.11452
128,2025-07-05 08:00:00+05:30,9.867218,128.33337,13.324863,128.41809
129,2025-07-05 09:00:00+05:30,11.282711,123.94363,15.027575,124.261154
130,2025-07-05 10:00:00+05:30,12.744457,126.384445,17.244337,126.51115
131,2025-07-05 11:00:00+05:30,10.348043,130.06073,13.8049555,129.70987
132,2025-07-05 12:00:00+05:30,8.149847,136.78989,10.316686,137.12111
133,2025-07-05 13:00:00+05:30,8.139901,125.095894,10.04458,126.25393
134,2025-07-05 14:00:00+05:30,6.2067385,119.53869,7.973005,118.30067
135,2025-07-05 15:00:00+05:30,7.841888,99.24603,10.209348,99.1301
136,2025-07-05 16:00:00+05:30,12.413477,119.53869,17.311846,117.89718
137,2025-07-05 17:00:00+05:30,7.3997297,138.94528,10.97262,138.99101
138,2025-07-05 18:00:00+05:30,7.0911775,156.0375,14.423605,150.87604
139,2025-07-05 19:00:00+05:30,2.8174455,153.43501,7.968939,161.56496
140,2025-07-05 20:00:00+05:30,5.6060677,95.52745,11.734564,110.659
141,2025-07-05 21:00:00+05:30,9.459852,68.80588,18.345877,74.054535
142,2025-07-05 22:00:00+05:30,10.429132,68.74943,19.734436,75.2032
143,2025-07-05 23:00:00+05:30,9.721666,91.06089,18.824419,96.03759
144,2025-07-06 00:00:00+05:30,9.3876505,85.60138,17.5931,97.052216
145,2025-07-06 01:00:00+05:30,10.261578,88.99494,17.95043,96.91113
146,2025-07-06 02:00:00+05:30,10.783487,75.4998,18.595839,85.558846
147,2025-07-06 03:00:00+05:30,11.34,90.0,20.778112,94.96966
148,2025-07-06 04:00:00+05:30,12.061341,89.14493,20.79448,95.46375
149,2025-07-06 05:00:00+05:30,11.173057,92.77016,19.270092,98.05432
150,2025-07-06 06:00:00+05:30,11.901798,93.46816,20.852827,96.94089
151,2025-07-06 07:00:00+05:30,12.144331,101.97612,19.296133,104.03627
152,2025-07-06 08:00:00+05:30,14.658676,114.67685,20.693735,115.227615
153,2025-07-06 09:00:00+05:30,13.845967,105.843155,19.137648,106.38962
154,2025-07-06 10:00:00+05:30,14.133153,96.581856,19.401628,96.927124
155,2025-07-06 11:00:00+05:30,14.404499,88.56794,19.26084,89.464554
156,2025-07-06 12:00:00+05:30,14.618837,80.07382,18.998314,80.18076
157,2025-07-06 13:00:00+05:30,10.801499,89.04518,14.944336,88.61968
158,2025-07-06 14:00:00+05:30,8.528657,82.72509,12.015589,81.38444
159,2025-07-06 15:00:00+05:30,12.6462,85.101,17.534992,84.699165
160,2025-07-06 16:00:00+05:30,11.435313,118.1785,18.519018,115.31965
161,2025-07-06 17:00:00+05:30,9.0645685,96.84268,17.106628,98.47106
162,2025-07-06 18:00:00+05:30,7.3094187,80.07382,14.428097,86.423744
163,2025-07-06 19:00:00+05:30,7.841888,80.75397,16.029097,88.06946
164,2025-07-06 20:00:00+05:30,10.272623,78.88701,19.686766,85.27995
165,2025-07-06 21:00:00+05:30,10.3621235,72.82401,19.530622,80.45094
166,2025-07-06 22:00:00+05:30,11.700001,75.74994,21.158232,80.69802
167,2025-07-06 23:00:00+05:30,11.9140415,85.66777,21.24305,89.029
168,2025-07-07 00:00:00+05:30,12.632101,85.91447,22.5,90.0
169,2025-07-07 01:00:00+05:30,12.605142,88.363464,22.33161,91.84757
170,2025-07-07 02:00:00+05:30,11.402683,78.15795,20.256998,84.390816
171,2025-07-07 03:00:00+05:30,12.362475,73.93995,21.639713,78.97051
172,2025-07-07 04:00:00+05:30,11.225132,74.18075,19.980808,79.095024
173,2025-07-07 05:00:00+05:30,12.966248,76.34956,22.460365,80.31129
174,2025-07-07 06:00:00+05:30,16.63905,84.41286,26.533978,85.72062
175,2025-07-07 07:00:00+05:30,19.08085,89.4595,29.160557,90.35367
176,2025-07-07 08:00:00+05:30,14.417988,92.86235,20.368652,93.03934
177,2025-07-07 09:00:00+05:30,17.311846,98.97255,24.265308,99.39238
178,2025-07-07 10:00:00+05:30,16.572712,98.74608,22.19773,98.392845
179,2025-07-07 11:00:00+05:30,13.397612,96.17008,17.552536,95.885895
180,2025-07-07 12:00:00+05:30,11.631956,111.801476,17.161469,114.14554
181,2025-07-07 13:00:00+05:30,6.778141,100.71308,11.132385,104.03627
182,2025-07-07 14:00:00+05:30,7.486788,80.31129,10.158444,82.875084
183,2025-07-07 15:00:00+05:30,12.007498,77.00539,17.82727,78.34973
184,2025-07-07 16:00:00+05:30,8.604301,74.219185,14.721535,78.00312
185,2025-07-07 17:00:00+05:30,9.087772,82.03049,14.813682,85.12082
186,2025-07-07 18:00:00+05:30,10.094454,86.933586,18.907713,91.63654
187,2025-07-07 19:00:00+05:30,9.3876505,85.60138,18.360882,90.5617
188,2025-07-07 20:00:00+05:30,8.37532,81.34755,16.755476,87.53724
189,2025-07-07 21:00:00+05:30,7.970972,64.59232,15.898188,74.23275
190,2025-07-07 22:00:00+05:30,10.30883,65.22488,18.965033,73.45695
191,2025-07-07 23:00:00+05:30,10.486448,50.572224,18.865683,60.25522
192,2025-07-08 00:00:00+05:30,11.246759,50.194473,19.42416,57.488106
193,2025-07-08 01:00:00+05:30,11.466438,47.544853,19.421656,55.573467
194,2025-07-08 02:00:00+05:30,12.783802,57.652576,21.822353,61.955406
195,2025-07-08 03:00:00+05:30,12.193589,58.89126,20.78123,65.432846
196,2025-07-08 04:00:00+05:30,15.151039,66.175735,24.369234,67.41265
197,2025-07-08 05:00:00+05:30,15.060956,65.27272,24.20314,67.24899
198,2025-07-08 06:00:00+05:30,17.280937,90.596794,25.43165,93.65215
199,2025-07-08 07:00:00+05:30,15.84409,91.301926,23.42491,92.642494
200,2025-07-08 08:00:00+05:30,13.062098,78.0707,18.258247,80.35203
201,2025-07-08 09:00:00+05:30,11.212135,84.47256,15.172407,85.23644
202,2025-07-08 10:00:00+05:30,11.144021,58.877598,15.787753,61.389645
203,2025-07-08 11:00:00+05:30,10.248941,59.381474,13.6063795,62.418053
204,2025-07-08 12:00:00+05:30,14.687382,70.67672,19.011953,71.22187
205,2025-07-08 13:00:00+05:30,9.885262,79.50858,14.264361,79.824554
206,2025-07-08 14:00:00+05:30,9.847496,108.10386,12.864649,107.92801
207,2025-07-08 15:00:00+05:30,13.184308,94.6986,19.029839,100.353264
208,2025-07-08 16:00:00+05:30,9.3876505,94.39862,13.701299,99.8335
209,2025-07-08 17:00:00+05:30,13.896187,106.55715,22.315643,109.31195
210,2025-07-08 18:00:00+05:30,13.154786,106.699326,22.563988,111.03758
211,2025-07-08 19:00:00+05:30,17.229301,122.1957,28.525314,121.58377
212,2025-07-08 20:00:00+05:30,15.367616,103.54796,27.156147,107.35411
213,2025-07-08 21:00:00+05:30,13.54911,109.39791,24.80149,111.72425
214,2025-07-08 22:00:00+05:30,11.5199995,90.0,21.434364,97.72173
215,2025-07-08 23:00:00+05:30,14.799459,85.81516,25.922499,90.79571
216,2025-07-09 00:00:00+05:30,16.920958,89.39051,28.701391,94.31595
217,2025-07-09 01:00:00+05:30,15.85329,77.54176,27.137648,81.22503
218,2025-07-09 02:00:00+05:30,15.664136,91.31689,27.492899,95.63585
219,2025-07-09 03:00:00+05:30,16.5688,91.867645,28.108831,96.988396
220,2025-07-09 04:00:00+05:30,15.664136,88.68312,26.93813,95.36765
221,2025-07-09 05:00:00+05:30,14.650939,95.640465,24.713154,100.491425
222,2025-07-09 06:00:00+05:30,14.669724,83.659904,21.707731,84.2895
223,2025-07-09 07:00:00+05:30,15.546833,84.68555,21.816416,86.68913
224,2025-07-09 08:00:00+05:30,16.343367,97.59455,22.963936,99.01925
225,2025-07-09 09:00:00+05:30,16.917128,110.55613,23.533234,111.06905
226,2025-07-09 10:00:00+05:30,13.125196,115.15927,19.084246,115.11481
227,2025-07-09 11:00:00+05:30,15.042659,111.03758,22.098986,113.01478
228,2025-07-09 12:00:00+05:30,12.016938,106.53492,18.183563,111.48551
229,2025-07-09 13:00:00+05:30,14.14232,132.4208,20.495512,133.93259
230,2025-07-09 14:00:00+05:30,11.983188,122.73522,18.329092,128.22047
231,2025-07-09 15:00:00+05:30,16.732256,139.79991,23.761364,139.91663
232,2025-07-09 16:00:00+05:30,13.971757,128.19873,20.94971,130.12067
233,2025-07-09 17:00:00+05:30,14.913952,119.65902,24.480663,121.46945
234,2025-07-09 18:00:00+05:30,13.441071,110.37652,23.77772,113.65422
235,2025-07-09 19:00:00+05:30,14.193772,102.44999,24.77535,106.4601
236,2025-07-09 20:00:00+05:30,13.170786,93.918175,23.408998,100.18658
237,2025-07-09 21:00:00+05:30,12.431734,87.5105,22.378712,94.15121
238,2025-07-09 22:00:00+05:30,12.576836,99.05781,23.018898,105.88393
239,2025-07-09 23:00:00+05:30,11.525623,104.47034,21.25906,111.35105
240,2025-07-10 00:00:00+05:30,12.093534,94.267815,21.749481,102.425934
241,2025-07-10 01:00:00+05:30,12.466867,94.96966,22.16998,100.76249
242,2025-07-10 02:00:00+05:30,13.775586,96.75348,23.881056,99.10726
243,2025-07-10 03:00:00+05:30,15.451717,98.03562,26.405453,101.003494
244,2025-07-10 04:00:00+05:30,15.405519,96.70974,26.426304,99.01313
245,2025-07-10 05:00:00+05:30,14.94,90.0,25.60053,93.22446
246,2025-07-10 06:00:00+05:30,15.629972,97.94338,26.616882,101.3099
247,2025-07-10 07:00:00+05:30,18.396141,106.484535,27.210379,107.71589
248,2025-07-10 08:00:00+05:30,17.9973,120.66885,26.025412,121.7113
249,2025-07-10 09:00:00+05:30,14.423605,119.12396,20.096418,120.699646
250,2025-07-10 10:00:00+05:30,16.50709,117.96214,22.885498,119.185814
251,2025-07-10 11:00:00+05:30,15.83693,121.52213,20.97058,122.73522
252,2025-07-10 12:00:00+05:30,13.681184,122.64463,19.881649,121.67542
253,2025-07-10 13:00:00+05:30,15.034041,106.699326,21.231607,108.28144
254,2025-07-10 14:00:00+05:30,10.399576,113.459045,14.607751,112.456985
255,2025-07-10 15:00:00+05:30,11.440979,114.14554,15.941944,115.40768
256,2025-07-10 16:00:00+05:30,11.052058,120.32352,16.767075,119.5922
257,2025-07-10 17:00:00+05:30,12.606426,136.73567,20.64436,137.8272
258,2025-07-10 18:00:00+05:30,8.536252,137.56381,17.311846,135.84244
259,2025-07-10 19:00:00+05:30,7.4128532,119.05451,16.279802,125.095894
260,2025-07-10 20:00:00+05:30,6.7469993,99.21095,15.481046,113.28609
261,2025-07-10 21:00:00+05:30,6.6624317,88.45188,14.743526,107.77141
262,2025-07-10 22:00:00+05:30,9.243311,83.29026,18.789963,94.94588
263,2025-07-10 23:00:00+05:30,10.694485,96.76608,21.007626,102.36905
264,2025-07-11 00:00:00+05:30,9.67657,99.637474,19.070658,107.57995
265,2025-07-11 01:00:00+05:30,8.905908,104.03627,18.083506,112.22508
266,2025-07-11 02:00:00+05:30,10.094454,93.06642,19.699928,102.1313
267,2025-07-11 03:00:00+05:30,10.261578,91.005066,19.959719,97.253105
268,2025-07-11 04:00:00+05:30,11.032987,95.61749,21.042301,100.34863
269,2025-07-11 05:00:00+05:30,10.062305,100.30479,18.59845,104.57426
270,2025-07-11 06:00:00+05:30,15.486278,109.69871,22.563988,111.03758
271,2025-07-11 07:00:00+05:30,15.133923,116.86974,21.976223,116.77486
272,2025-07-11 08:00:00+05:30,14.48972,116.56499,20.12461,116.56499
273,2025-07-11 09:00:00+05:30,15.10821,111.67471,20.757051,111.89374
274,2025-07-11 10:00:00+05:30,12.033103,111.960625,15.509274,111.801476
275,2025-07-11 11:00:00+05:30,11.843124,114.22774,15.388685,114.166626
276,2025-07-11 12:00:00+05:30,12.16832,119.21915,15.543706,118.3456
277,2025-07-11 13:00:00+05:30,12.961249,127.66569,17.318394,127.822815
278,2025-07-11 14:00:00+05:30,11.119281,150.9455,14.49531,151.8439
279,2025-07-11 15:00:00+05:30,8.790563,169.3804,11.440978,167.27565
280,2025-07-11 16:00:00+05:30,9.927779,157.61983,13.971756,158.06146
281,2025-07-11 17:00:00+05:30,7.9220443,158.68202,12.072083,159.94382
282,2025-07-11 18:00:00+05:30,4.3536186,150.2552,11.7,149.48984
283,2025-07-11 19:00:00+05:30,5.854844,135.0001,13.719023,141.92717
284,2025-07-11 20:00:00+05:30,5.6492476,112.47948,13.529966,123.055824
285,2025-07-11 21:00:00+05:30,7.889258,124.77791,16.458931,131.00899
286,2025-07-11 22:00:00+05:30,5.7964473,115.76928,13.644427,126.41647
287,2025-07-11 23:00:00+05:30,5.4744864,99.46225,12.157663,115.426834
288,2025-07-12 00:00:00+05:30,6.5024605,85.23644,13.849476,98.97255
289,2025-07-12 01:00:00+05:30,6.603817,107.44727,14.539945,111.801476
290,2025-07-12 02:00:00+05:30,5.983477,105.7087,13.767352,115.55992
291,2025-07-12 03:00:00+05:30,7.3094187,99.926186,15.379206,106.31393
292,2025-07-12 04:00:00+05:30,7.329338,114.67685,15.787753,118.61037
293,2025-07-12 05:00:00+05:30,9.504273,114.62355,17.660192,119.9621
294,2025-07-12 06:00:00+05:30,12.097553,136.80872,17.46,137.92505
295,2025-07-12 07:00:00+05:30,9.432412,131.90585,12.870944,132.16582
296,2025-07-12 08:00:00+05:30,9.587428,140.3322,12.652604,140.19447
297,2025-07-12 09:00:00+05:30,8.893166,125.94221,11.7,126.86999
298,2025-07-12 10:00:00+05:30,10.897063,112.328705,14.4415655,112.729774
299,2025-07-12 11:00:00+05:30,9.741642,117.51192,12.55879,117.29949
300,2025-07-12 12:00:00+05:30,8.373386,115.46331,10.548061,115.25313
301,2025-07-12 13:00:00+05:30,6.6405115,122.828545,8.242743,121.60746
302,2025-07-12 14:00:00+05:30,6.489992,123.6901,8.139901,125.095894
303,2025-07-12 15:00:00+05:30,9.215226,167.59259,12.534257,167.56046
304,2025-07-12 16:00:00+05:30,6.830519,161.56496,9.3962755,163.30067
305,2025-07-12 17:00:00+05:30,5.9427266,125.13428,9.039514,125.27251
306,2025-07-12 18:00:00+05:30,3.7971041,148.57048,11.592894,143.84172
307,2025-07-12 19:00:00+05:30,5.9427266,144.86572,14.438198,144.13008
308,2025-07-12 20:00:00+05:30,7.056826,142.25313,16.048288,156.88577
309,2025-07-12 21:00:00+05:30,5.3426957,147.38077,13.472372,157.20345
310,2025-07-12 22:00:00+05:30,3.148714,149.03632,9.741642,152.48808
311,2025-07-12 23:00:00+05:30,3.62243,153.43501,9.743304,154.85526
312,2025-07-13 00:00:00+05:30,3.4199998,180.0,9.224011,174.40076
313,2025-07-13 01:00:00+05:30,1.1525624,141.34016,6.341009,173.4803
314,2025-07-13 02:00:00+05:30,0.9178235,11.3098955,0.9,180.0
315,2025-07-13 03:00:00+05:30,3.2048087,38.157276,3.096837,54.46224
316,2025-07-13 04:00:00+05:30,1.8792552,106.699326,3.5864744,107.52566
317,2025-07-13 05:00:00+05:30,9.614426,51.842735,18.13003,60.89025
318,2025-07-13 06:00:00+05:30,4.724786,49.635548,12.801531,62.354122
319,2025-07-13 07:00:00+05:30,6.544677,58.495792,9.446141,59.03632
320,2025-07-13 08:00:00+05:30,6.2145634,79.99209,8.43699,78.92985
321,2025-07-13 09:00:00+05:30,4.7521367,65.37646,6.21717,67.8905
322,2025-07-13 10:00:00+05:30,3.4247334,86.98728,4.514377,85.42616
323,2025-07-13 11:00:00+05:30,2.52,90.0,3.2399998,90.0
324,2025-07-13 12:00:00+05:30,1.5273507,44.999897,1.9134263,48.814175
325,2025-07-13 13:00:00+05:30,3.9844694,108.43504,4.724786,107.74477
326,2025-07-13 14:00:00+05:30,4.471107,49.899166,5.8048253,60.255207
327,2025-07-13 15:00:00+05:30,5.4833565,66.801384,7.293888,74.248764
328,2025-07-13 16:00:00+05:30,4.7110505,96.581856,6.638072,102.5288
329,2025-07-13 17:00:00+05:30,4.503598,87.70944,6.6624317,88.45188
330,2025-07-13 18:00:00+05:30,3.4949677,191.88864,10.062305,190.3048
331,2025-07-13 19:00:00+05:30,4.0449963,159.14546,11.409785,173.6599
332,2025-07-13 20:00:00+05:30,5.4744864,170.53775,12.620554,176.72958
333,2025-07-13 21:00:00+05:30,3.143565,156.3706,8.849339,175.33322
334,2025-07-13 22:00:00+05:30,3.0652893,139.76372,8.383054,165.06853
335,2025-07-13 23:00:00+05:30,4.6800003,157.3801,9.854075,170.53775
336,2025-07-14 00:00:00+05:30,2.0124612,116.56499,5.318383,156.0375
337,2025-07-14 01:00:00+05:30,3.494968,55.491425,6.320538,70.01681
338,2025-07-14 02:00:00+05:30,4.3349743,41.63345,10.337078,54.92617
339,2025-07-14 03:00:00+05:30,6.4096174,51.842735,14.087229,63.435013
340,2025-07-14 04:00:00+05:30,10.134495,56.592163,19.319628,63.435013
341,2025-07-14 05:00:00+05:30,11.465024,67.86446,20.44803,73.638855
342,2025-07-14 06:00:00+05:30,16.895088,75.815674,26.84958,76.42955
343,2025-07-14 07:00:00+05:30,12.55879,62.70051,21.511318,65.79412
344,2025-07-14 08:00:00+05:30,12.815443,60.55467,19.164717,61.99092
345,2025-07-14 09:00:00+05:30,14.761098,52.431335,21.889065,53.69541
346,2025-07-14 10:00:00+05:30,18.033268,62.667725,25.277025,63.79995
347,2025-07-14 11:00:00+05:30,16.451052,72.159706,22.55106,73.300674
348,2025-07-14 12:00:00+05:30,18.623693,69.63831,24.652115,70.37423
349,2025-07-14 13:00:00+05:30,13.78029,66.1135,21.762886,69.16656
350,2025-07-14 14:00:00+05:30,15.443328,49.25393,25.411257,55.9722
351,2025-07-14 15:00:00+05:30,17.799076,61.62086,26.089447,62.02062
352,2025-07-14 16:00:00+05:30,17.688606,77.660934,28.276047,78.61857
353,2025-07-14 17:00:00+05:30,17.035456,51.434715,26.66188,55.451576
354,2025-07-14 18:00:00+05:30,25.687078,81.13182,41.40978,84.51254
355,2025-07-14 19:00:00+05:30,29.648136,111.73687,47.09331,116.0753
356,2025-07-14 20:00:00+05:30,25.329523,140.7679,40.17832,143.74608
357,2025-07-14 21:00:00+05:30,22.303299,154.67586,35.713108,156.53596
358,2025-07-14 22:00:00+05:30,19.592731,159.5671,31.941252,160.23749
359,2025-07-14 23:00:00+05:30,19.022177,150.5242,30.75894,152.08539
360,2025-07-15 00:00:00+05:30,16.825909,145.45984,28.314978,147.72438
361,2025-07-15 01:00:00+05:30,15.801087,137.77028,27.91451,141.28247
362,2025-07-15 02:00:00+05:30,16.293728,134.10492,27.534704,138.17992
363,2025-07-15 03:00:00+05:30,17.220835,131.18584,29.02078,135.50252
364,2025-07-15 04:00:00+05:30,16.928614,134.56926,29.03752,137.00955
365,2025-07-15 05:00:00+05:30,16.388897,128.7581,28.28464,132.4208
366,2025-07-15 06:00:00+05:30,14.113652,142.25313,24.71512,145.38396
367,2025-07-15 07:00:00+05:30,17.640919,151.34299,27.729347,150.43974
368,2025-07-15 08:00:00+05:30,15.874734,150.81929,25.52829,151.80879
369,2025-07-15 09:00:00+05:30,13.767352,154.44008,19.902824,155.9849
370,2025-07-15 10:00:00+05:30,16.263872,152.30061,24.565218,151.55717
371,2025-07-15 11:00:00+05:30,12.204212,142.792,18.937675,143.89246
372,2025-07-15 12:00:00+05:30,13.184308,141.09586,17.965767,142.32634
373,2025-07-15 13:00:00+05:30,11.734564,138.73149,15.882896,141.44157
374,2025-07-15 14:00:00+05:30,15.661035,142.4715,20.746122,141.34018
375,2025-07-15 15:00:00+05:30,10.587917,162.18102,16.794106,160.59393
376,2025-07-15 16:00:00+05:30,11.298495,149.34941,18.917133,153.43501
377,2025-07-15 17:00:00+05:30,11.307095,166.18495,19.206936,169.74324
378,2025-07-15 18:00:00+05:30,13.647988,138.74309,23.8104,141.13725
379,2025-07-15 19:00:00+05:30,12.85205,142.96953,23.678722,148.36401
380,2025-07-15 20:00:00+05:30,13.666967,139.80803,24.921389,144.70277
381,2025-07-15 21:00:00+05:30,13.004922,131.63345,23.574501,137.78523
382,2025-07-15 22:00:00+05:30,12.638512,125.72749,22.915916,133.72705
383,2025-07-15 23:00:00+05:30,11.843124,136.8476,21.79487,138.01286
384,2025-07-16 00:00:00+05:30,9.361731,142.02834,17.681278,144.53004
385,2025-07-16 01:00:00+05:30,6.873078,135.0001,12.870944,137.83418
386,2025-07-16 02:00:00+05:30,6.384293,130.426,12.0921955,135.60303
387,2025-07-16 03:00:00+05:30,7.0038276,115.906456,11.457958,133.72705
388,2025-07-16 04:00:00+05:30,9.499157,99.81924,17.114204,112.24908
389,2025-07-16 05:00:00+05:30,10.873252,96.654335,18.727785,107.912605
390,2025-07-16 06:00:00+05:30,11.832176,123.20658,19.03665,130.01361
391,2025-07-16 07:00:00+05:30,8.6867485,95.94677,12.606426,99.865746
392,2025-07-16 08:00:00+05:30,9.021574,118.61037,12.503199,120.256355
393,2025-07-16 09:00:00+05:30,11.345712,131.78442,16.554129,133.23764
394,2025-07-16 10:00:00+05:30,14.618837,142.00122,20.340796,143.63704
395,2025-07-16 11:00:00+05:30,12.081473,155.34412,17.615187,158.41597
396,2025-07-16 12:00:00+05:30,7.0107627,150.80261,9.741642,152.48808
397,2025-07-16 13:00:00+05:30,7.7043357,142.59457,9.7565975,142.49579
398,2025-07-16 14:00:00+05:30,11.052058,149.67648,13.799087,149.42085
399,2025-07-16 15:00:00+05:30,10.1902895,197.47487,15.329618,195.66823
400,2025-07-16 16:00:00+05:30,4.514377,175.42616,8.707238,172.87508
401,2025-07-16 17:00:00+05:30,4.3536186,150.2552,7.989242,157.47939
402,2025-07-16 18:00:00+05:30,4.965521,136.46873,12.257194,150.04648
403,2025-07-16 19:00:00+05:30,5.00128,149.74365,12.979984,160.55988
404,2025-07-16 20:00:00+05:30,6.015878,141.07245,14.248452,153.75871
405,2025-07-16 21:00:00+05:30,6.8423676,116.56499,15.072783,130.15593
406,2025-07-16 22:00:00+05:30,8.139901,108.03438,16.701244,120.43416
407,2025-07-16 23:00:00+05:30,9.044888,121.15924,18.372349,131.0274
408,2025-07-17 00:00:00+05:30,8.790563,132.5104,18.508516,139.33836
409,2025-07-17 01:00:00+05:30,8.714677,141.7098,18.126455,147.57246
410,2025-07-17 02:00:00+05:30,8.281956,137.64261,17.477621,147.61934
411,2025-07-17 03:00:00+05:30,6.623413,132.79738,15.027575,145.73885
412,2025-07-17 04:00:00+05:30,5.904439,127.568665,13.33094,145.45157
413,2025-07-17 05:00:00+05:30,8.0899935,122.27562,15.159589,137.406
414,2025-07-17 06:00:00+05:30,6.444905,144.09018,15.141414,161.99574
415,2025-07-17 07:00:00+05:30,10.534229,163.11313,14.637663,163.57062
416,2025-07-17 08:00:00+05:30,9.195868,176.6336,12.431734,177.5105
417,2025-07-17 09:00:00+05:30,8.28,180.0,10.981475,180.93916
418,2025-07-17 10:00:00+05:30,6.792466,147.99466,8.39657,149.03632
419,2025-07-17 11:00:00+05:30,8.149847,136.78989,10.062305,137.17476
420,2025-07-17 12:00:00+05:30,8.6867485,145.9806,10.63372,146.04091
421,2025-07-17 13:00:00+05:30,9.321845,169.99208,11.837651,171.25392
422,2025-07-17 14:00:00+05:30,7.587806,202.30626,10.4166975,198.12195
423,2025-07-17 15:00:00+05:30,6.482499,178.40889,9.007196,177.70944
424,2025-07-17 16:00:00+05:30,8.777653,164.53873,11.897714,162.38733
425,2025-07-17 17:00:00+05:30,10.993271,219.68541,17.856325,217.21652
426,2025-07-17 18:00:00+05:30,7.0568266,174.14407,14.535487,172.17102
427,2025-07-17 19:00:00+05:30,5.8298883,171.11942,13.627795,167.79955
428,2025-07-17 20:00:00+05:30,7.229191,161.11382,15.898188,164.23276
429,2025-07-17 21:00:00+05:30,6.830519,161.56496,16.293728,163.96759
430,2025-07-17 22:00:00+05:30,6.489992,146.3099,15.463246,155.22488
431,2025-07-17 23:00:00+05:30,7.10031,149.53453,16.412603,158.78195
432,2025-07-18 00:00:00+05:30,8.688613,166.82744,18.613253,170.53775
433,2025-07-18 01:00:00+05:30,9.0,180.0,19.134262,184.31595
434,2025-07-18 02:00:00+05:30,8.287822,182.4895,17.81909,188.13002
435,2025-07-18 03:00:00+05:30,7.208994,182.86235,16.63126,189.972
436,2025-07-18 04:00:00+05:30,5.6920996,161.56496,14.044615,181.46877
437,2025-07-18 05:00:00+05:30,5.8603754,169.3804,13.021106,185.55287
438,2025-07-18 06:00:00+05:30,7.9567327,217.64769,11.500296,219.92033
439,2025-07-18 07:00:00+05:30,6.763786,205.2011,9.340941,205.08356
440,2025-07-18 08:00:00+05:30,5.414979,201.4478,7.256032,203.38524
441,2025-07-18 09:00:00+05:30,8.792405,202.89058,11.7,202.6199
442,2025-07-18 10:00:00+05:30,8.452336,206.56499,11.032987,208.23735
443,2025-07-18 11:00:00+05:30,4.5891175,205.55992,5.7964473,205.76927
444,2025-07-18 12:00:00+05:30,5.0528407,184.08554,6.489992,183.17976
445,2025-07-18 13:00:00+05:30,7.4867883,207.18103,9.499158,207.05052
446,2025-07-18 14:00:00+05:30,12.033103,214.641,15.735336,215.69016
447,2025-07-18 15:00:00+05:30,7.6388745,214.43904,10.04458,216.25392
448,2025-07-18 16:00:00+05:30,5.441838,145.78424,6.945761,148.78166
449,2025-07-18 17:00:00+05:30,9.114471,189.0902,13.878688,189.70659
450,2025-07-18 18:00:00+05:30,4.198285,239.0363,10.495713,239.0363
451,2025-07-18 19:00:00+05:30,7.1321807,222.95459,15.401311,224.52655
452,2025-07-18 20:00:00+05:30,6.297428,239.03632,14.88242,237.84773
453,2025-07-18 21:00:00+05:30,4.978554,220.60121,13.110376,225.55618
454,2025-07-18 22:00:00+05:30,3.9477081,223.1524,11.362834,229.49724
455,2025-07-18 23:00:00+05:30,4.8633323,182.12105,10.948973,207.40749
456,2025-07-19 00:00:00+05:30,4.9785542,192.5288,11.996699,207.71841
457,2025-07-19 01:00:00+05:30,5.414979,201.4478,12.688404,211.6607
458,2025-07-19 02:00:00+05:30,4.3832865,199.17911,11.583109,212.94922
459,2025-07-19 03:00:00+05:30,5.154415,204.77512,12.283599,214.85452
460,2025-07-19 04:00:00+05:30,5.5916004,183.69131,12.768586,201.5015
461,2025-07-19 05:00:00+05:30,7.0568266,185.85593,13.719023,199.14822
462,2025-07-19 06:00:00+05:30,7.2,180.0,15.606114,187.28886
463,2025-07-19 07:00:00+05:30,6.4096174,218.15727,9.220499,218.65984
464,2025-07-19 08:00:00+05:30,7.674842,219.2894,10.233123,219.28938
465,2025-07-19 09:00:00+05:30,6.698806,210.69965,8.490582,212.00534
466,2025-07-19 10:00:00+05:30,6.5520988,195.94547,8.311245,197.6502
467,2025-07-19 11:00:00+05:30,6.698806,186.17007,8.37532,188.65247
468,2025-07-19 12:00:00+05:30,7.3799996,167.31963,9.178235,168.69011
469,2025-07-19 13:00:00+05:30,7.4672885,164.62369,9.391102,167.82855
470,2025-07-19 14:00:00+05:30,7.6367526,188.13002,10.03167,189.29323
471,2025-07-19 15:00:00+05:30,8.2584505,196.4601,10.9859,198.13817
472,2025-07-19 16:00:00+05:30,7.928178,182.60251,10.853866,185.7105
473,2025-07-19 17:00:00+05:30,7.731623,155.22488,13.533558,166.14856
474,2025-07-19 18:00:00+05:30,8.863972,150.83249,17.447933,158.19853
475,2025-07-19 19:00:00+05:30,15.359179,190.1246,25.715443,189.26445
476,2025-07-19 20:00:00+05:30,10.304115,199.38461,19.995398,203.33406
477,2025-07-19 21:00:00+05:30,8.161764,221.42357,17.085785,221.58331
478,2025-07-19 22:00:00+05:30,8.227004,190.08054,16.615667,202.95412
479,2025-07-19 23:00:00+05:30,6.8541956,193.67133,15.547875,200.32323
480,2025-07-20 00:00:00+05:30,7.5170207,196.69933,16.192997,204.28581
481,2025-07-20 01:00:00+05:30,7.102591,188.74608,15.312701,197.79608
482,2025-07-20 02:00:00+05:30,6.849467,183.01273,15.073858,191.71245
483,2025-07-20 03:00:00+05:30,6.424764,191.30989,14.408997,192.99461
484,2025-07-20 04:00:00+05:30,3.6447225,302.90524,7.4346757,263.04712
485,2025-07-20 05:00:00+05:30,1.4399999,270.0,4.5891175,244.44008
486,2025-07-20 06:00:00+05:30,2.8001428,315.0001,4.942631,303.11136
487,2025-07-20 07:00:00+05:30,0.8049845,26.564985,0.54,360.0
488,2025-07-20 08:00:00+05:30,0.40249225,26.564985,0.40249225,26.564985
489,2025-07-20 09:00:00+05:30,1.4512063,82.875084,1.8,90.0
490,2025-07-20 10:00:00+05:30,1.8792552,286.6993,2.36753,278.74606
491,2025-07-20 11:00:00+05:30,4.4274144,26.564985,5.1575575,29.248732
492,2025-07-20 12:00:00+05:30,2.3469126,85.60138,2.968636,75.96373
493,2025-07-20 13:00:00+05:30,6.552099,142.81522,8.209263,142.12495
494,2025-07-20 14:00:00+05:30,7.689603,147.42595,9.835975,145.43741
495,2025-07-20 15:00:00+05:30,3.9844694,108.43504,5.1826253,110.32322
496,2025-07-20 16:00:00+05:30,5.6233797,129.80553,7.519175,132.0891
497,2025-07-20 17:00:00+05:30,4.3349743,138.36655,6.522361,140.59937
498,2025-07-20 18:00:00+05:30,2.657668,151.69934,6.1094027,135.0001
499,2025-07-20 19:00:00+05:30,2.0124612,169.6952,6.444905,144.09018
500,2025-07-20 20:00:00+05:30,0.71999997,270.0,2.4149535,153.43501
501,2025-07-20 21:00:00+05:30,6.8541956,246.80139,11.923557,241.11351
502,2025-07-20 22:00:00+05:30,3.6402748,261.46933,9.080639,256.2392
503,2025-07-20 23:00:00+05:30,7.145796,229.08571,14.128566,235.90497
504,2025-07-21 00:00:00+05:30,3.8141315,250.70985,10.429132,248.74942
505,2025-07-21 01:00:00+05:30,2.7534704,281.3099,7.9932976,262.23492
506,2025-07-21 02:00:00+05:30,2.5455842,8.130019,5.441838,325.78424
507,2025-07-21 03:00:00+05:30,2.0124612,79.69521,3.6447225,32.905247
508,2025-07-21 04:00:00+05:30,0.8049845,116.56499,2.3469129,57.528828
509,2025-07-21 05:00:00+05:30,1.1525624,51.34017,3.4576871,38.65983
510,2025-07-21 06:00:00+05:30,4.1046314,52.124958,7.1684303,51.115498
511,2025-07-21 07:00:00+05:30,5.072041,117.47435,6.601363,115.8663
512,2025-07-21 08:00:00+05:30,3.3481934,143.74608,4.143911,145.6196
513,2025-07-21 09:00:00+05:30,1.9469976,146.3099,2.2553935,151.38963
514,2025-07-21 10:00:00+05:30,0.9178235,191.30989,1.1384199,198.43504
515,2025-07-21 11:00:00+05:30,0.9693296,68.19853,1.2074767,63.435013
516,2025-07-21 12:00:00+05:30,1.4058449,50.194473,1.781909,44.999897
517,2025-07-21 13:00:00+05:30,2.1749482,114.44395,2.50064,120.256355
518,2025-07-21 14:00:00+05:30,4.080882,138.57643,4.978554,139.39879
519,2025-07-21 15:00:00+05:30,1.9469976,303.6901,2.3469129,302.47116
520,2025-07-21 16:00:00+05:30,9.165871,250.49745,13.091829,251.56496
521,2025-07-21 17:00:00+05:30,6.151683,249.44386,8.996398,250.11475
522,2025-07-21 18:00:00+05:30,4.186693,205.4633,8.473393,192.26476
523,2025-07-21 19:00:00+05:30,6.6624317,181.54813,12.324414,186.70975
524,2025-07-21 20:00:00+05:30,10.299397,185.01303,20.436144,185.55986
525,2025-07-21 21:00:00+05:30,11.103243,196.96623,21.366234,203.32538
526,2025-07-21 22:00:00+05:30,8.643749,211.37296,17.794525,218.84084
527,2025-07-21 23:00:00+05:30,7.386582,226.97493,15.986593,234.16226
528,2025-07-22 00:00:00+05:30,6.299999,233.13002,14.602204,239.64195
529,2025-07-22 01:00:00+05:30,6.7397914,214.11452,14.037692,229.15973
530,2025-07-22 02:00:00+05:30,5.3517847,227.72638,13.356437,232.66673
531,2025-07-22 03:00:00+05:30,5.6521144,232.76509,13.151091,239.5743
532,2025-07-22 04:00:00+05:30,5.7628117,218.65984,13.577776,231.45879
533,2025-07-22 05:00:00+05:30,5.8603754,227.4896,12.5807,236.08253
534,2025-07-22 06:00:00+05:30,6.12,208.07239,14.230248,214.69522
535,2025-07-22 07:00:00+05:30,6.873078,224.9999,9.931042,226.46873
536,2025-07-22 08:00:00+05:30,4.829907,243.43501,6.601363,244.1337
537,2025-07-22 09:00:00+05:30,2.7238941,262.40546,3.6402748,261.46933
538,2025-07-22 10:00:00+05:30,3.4199998,180.0,4.143911,182.4895
539,2025-07-22 11:00:00+05:30,4.323748,177.6141,5.0432134,177.95464
540,2025-07-22 12:00:00+05:30,3.4247334,183.01273,4.3349743,184.76355
541,2025-07-22 13:00:00+05:30,3.4576871,38.65983,3.9477081,46.8476
542,2025-07-22 14:00:00+05:30,3.244996,3.179772,3.604497,2.8623457
543,2025-07-22 15:00:00+05:30,1.659518,310.60123,1.7727944,293.9625
544,2025-07-22 16:00:00+05:30,3.745557,234.78232,4.978554,229.39879
545,2025-07-22 17:00:00+05:30,3.8647635,242.24155,6.2405767,236.76828
546,2025-07-22 18:00:00+05:30,0.17999999,90.0,1.1525624,141.34016
547,2025-07-22 19:00:00+05:30,0.9178235,101.3099,2.3051248,141.34016
548,2025-07-22 20:00:00+05:30,3.244996,123.6901,5.7431,147.80429
549,2025-07-22 21:00:00+05:30,4.2021427,136.73567,9.636307,147.20047
550,2025-07-22 22:00:00+05:30,5.815978,158.19853,13.558673,174.66794
551,2025-07-22 23:00:00+05:30,7.388775,182.79265,16.56489,199.0257
552,2025-07-23 00:00:00+05:30,8.297589,204.34108,18.278645,212.12497
553,2025-07-23 01:00:00+05:30,5.3517847,222.27362,14.766584,224.01233
554,2025-07-23 02:00:00+05:30,4.8433046,221.98714,13.647988,228.74309
555,2025-07-23 03:00:00+05:30,4.1046314,217.87505,11.345712,228.21558
556,2025-07-23 04:00:00+05:30,5.004518,232.3057,12.5807,236.08253
557,2025-07-23 05:00:00+05:30,4.1046314,254.74483,8.821836,271.1691
558,2025-07-23 06:00:00+05:30,3.7971041,211.42952,9.9,216.86998
559,2025-07-23 07:00:00+05:30,4.3349743,265.23645,6.3639607,261.87
560,2025-07-23 08:00:00+05:30,2.7943513,284.93146,3.671294,281.3099
561,2025-07-23 09:00:00+05:30,2.0523157,164.74483,2.5772078,167.90526
562,2025-07-23 10:00:00+05:30,2.2768397,198.43504,2.6758924,199.65392
563,2025-07-23 11:00:00+05:30,1.4058449,219.80553,1.6981165,212.00534
564,2025-07-23 12:00:00+05:30,1.6299692,186.3401,2.0124612,190.3048
565,2025-07-23 13:00:00+05:30,4.278551,202.24907,5.2323985,206.56499
566,2025-07-23 14:00:00+05:30,3.8141315,199.29015,4.6800003,202.6199
567,2025-07-23 15:00:00+05:30,3.2846913,189.46225,4.412754,191.76826
568,2025-07-23 16:00:00+05:30,2.9024127,172.87508,3.7842832,177.27374
569,2025-07-23 17:00:00+05:30,4.846648,211.32863,7.6579366,209.57774
570,2025-07-23 18:00:00+05:30,0.56920993,18.435053,1.1384199,71.564964
571,2025-07-23 19:00:00+05:30,2.19718,325.0079,3.693291,316.9749
572,2025-07-23 20:00:00+05:30,4.080882,311.42358,8.404285,313.26434
573,2025-07-23 21:00:00+05:30,2.5772076,114.775116,2.9024127,97.12492
574,2025-07-23 22:00:00+05:30,11.364259,209.40709,20.799152,203.45905
575,2025-07-23 23:00:00+05:30,2.226477,14.036275,3.396233,302.00534
576,2025-07-24 00:00:00+05:30,5.1826253,69.67678,8.049845,63.435013
577,2025-07-24 01:00:00+05:30,2.7059932,86.186005,7.1208143,73.85559
578,2025-07-24 02:00:00+05:30,1.7727944,23.962492,4.752136,37.30404
579,2025-07-24 03:00:00+05:30,0.9178235,101.3099,3.671294,78.6901
580,2025-07-24 04:00:00+05:30,4.2175345,320.1945,8.694204,332.90454
581,2025-07-24 05:00:00+05:30,2.1749482,65.55606,4.846648,21.801476
582,2025-07-24 06:00:00+05:30,2.8460498,108.43504,3.8939953,146.3099
583,2025-07-24 07:00:00+05:30,1.4512063,172.87508,1.98,180.0
584,2025-07-24 08:00:00+05:30,2.7238941,82.40546,3.438895,83.99109
585,2025-07-24 09:00:00+05:30,4.913044,61.55718,6.3639607,61.26031
586,2025-07-24 10:00:00+05:30,7.970972,83.51703,9.761578,84.710014
587,2025-07-24 11:00:00+05:30,7.186487,157.93205,9.693296,158.19853
588,2025-07-24 12:00:00+05:30,3.572898,139.08571,5.0975285,137.86247
589,2025-07-24 13:00:00+05:30,1.2727921,188.13002,1.6299692,186.3401
590,2025-07-24 14:00:00+05:30,0.742159,165.96373,0.9178235,168.69011
591,2025-07-24 15:00:00+05:30,3.438895,96.00892,4.379589,99.46225
592,2025-07-24 16:00:00+05:30,3.693291,136.97493,4.8366103,135.0001
593,2025-07-24 17:00:00+05:30,4.755544,119.4758,7.841887,121.865944
594,2025-07-24 18:00:00+05:30,0.40249225,26.564985,1.7076298,71.564964
595,2025-07-24 19:00:00+05:30,2.8460498,341.56494,4.8733153,355.76367
596,2025-07-24 20:00:00+05:30,3.2599385,6.3401003,6.4323244,17.92802
597,2025-07-24 21:00:00+05:30,3.710795,284.03625,4.3274937,315.0001
598,2025-07-24 22:00:00+05:30,5.2478566,300.96368,8.909545,315.0001
599,2025-07-24 23:00:00+05:30,9.102021,335.46228,18.043148,331.38962
600,2025-07-25 00:00:00+05:30,2.1897945,350.53775,8.019601,350.9606
601,2025-07-25 01:00:00+05:30,5.8104043,343.8107,12.93247,351.1933
602,2025-07-25 02:00:00+05:30,10.094454,39.936325,18.553974,39.09386
603,2025-07-25 03:00:00+05:30,14.529915,48.01287,25.216064,51.084694
604,2025-07-25 04:00:00+05:30,12.221457,43.806595,21.82755,49.347546
605,2025-07-25 05:00:00+05:30,16.144905,59.145874,26.121714,60.25522
606,2025-07-25 06:00:00+05:30,18.86139,66.37061,30.234106,70.16252
607,2025-07-25 07:00:00+05:30,21.96,79.6112,32.37649,79.7522
608,2025-07-25 08:00:00+05:30,22.378712,85.8488,33.395214,85.67244
609,2025-07-25 09:00:00+05:30,21.780743,89.526505,31.142078,89.33766
610,2025-07-25 10:00:00+05:30,25.942488,87.614105,37.123665,87.220894
611,2025-07-25 11:00:00+05:30,25.70221,83.970085,37.254345,84.45478
612,2025-07-25 12:00:00+05:30,25.812277,81.983,37.267387,81.948265
613,2025-07-25 13:00:00+05:30,26.57973,84.55976,39.014767,85.23644
614,2025-07-25 14:00:00+05:30,27.577621,87.006935,40.198074,86.91985
615,2025-07-25 15:00:00+05:30,24.662626,90.83636,36.735878,91.68465
616,2025-07-25 16:00:00+05:30,21.605999,79.43904,33.70665,81.09108
617,2025-07-25 17:00:00+05:30,22.979452,84.15553,37.357697,85.85546
618,2025-07-25 18:00:00+05:30,27.265694,94.54368,43.87165,96.83334
619,2025-07-25 19:00:00+05:30,28.1169,103.32455,44.678448,105.660095
620,2025-07-25 20:00:00+05:30,23.760683,118.50645,38.12475,121.28845
621,2025-07-25 21:00:00+05:30,22.427162,108.72588,36.433437,111.74891
622,2025-07-25 22:00:00+05:30,23.469818,113.02552,37.853535,114.73707
623,2025-07-25 23:00:00+05:30,21.231607,108.28144,34.996925,111.41842
624,2025-07-26 00:00:00+05:30,20.671806,106.699326,34.04808,109.77617
625,2025-07-26 01:00:00+05:30,20.0391,109.41158,32.524757,112.44917
626,2025-07-26 02:00:00+05:30,20.44803,106.36115,32.849384,109.52721
627,2025-07-26 03:00:00+05:30,22.180206,103.13403,35.457714,105.3062
628,2025-07-26 04:00:00+05:30,21.982119,106.65439,35.406506,108.987724
629,2025-07-26 05:00:00+05:30,20.499462,106.84389,32.901123,108.83155
630,2025-07-26 06:00:00+05:30,18.770126,114.353,28.66468,115.277695
631,2025-07-26 07:00:00+05:30,20.188908,121.13891,30.190672,120.84652
632,2025-07-26 08:00:00+05:30,18.431332,121.82741,25.624565,121.79202
633,2025-07-26 09:00:00+05:30,17.504478,120.25636,24.962307,123.23173
634,2025-07-26 10:00:00+05:30,17.604149,127.10432,24.444239,126.616844
635,2025-07-26 11:00:00+05:30,18.089775,132.58046,24.604755,131.73788
636,2025-07-26 12:00:00+05:30,18.999168,138.45673,26.758923,137.72638
637,2025-07-26 13:00:00+05:30,15.661035,142.4715,21.817902,142.3737
638,2025-07-26 14:00:00+05:30,15.833861,139.61073,21.986542,140.31459
639,2025-07-26 15:00:00+05:30,17.012617,150.18002,24.091774,150.9455
640,2025-07-26 16:00:00+05:30,13.513193,138.23979,19.64228,138.7154
641,2025-07-26 17:00:00+05:30,11.964246,135.0001,19.87024,137.20262
642,2025-07-26 18:00:00+05:30,9.178235,131.82008,17.085785,138.41669
643,2025-07-26 19:00:00+05:30,9.220499,128.65984,17.448862,137.09016
644,2025-07-26 20:00:00+05:30,8.967541,128.48022,17.194475,132.87889
645,2025-07-26 21:00:00+05:30,8.827344,129.2072,16.818203,137.60262
646,2025-07-26 22:00:00+05:30,10.185519,133.56796,19.107151,137.29063
647,2025-07-26 23:00:00+05:30,9.567131,131.18582,18.34411,137.38597
648,2025-07-27 00:00:00+05:30,9.835975,145.43741,18.58451,148.46526
649,2025-07-27 01:00:00+05:30,8.790563,137.4896,16.992609,143.61555
650,2025-07-27 02:00:00+05:30,7.5363917,130.15593,15.30741,138.81418
651,2025-07-27 03:00:00+05:30,7.841887,121.865944,15.934829,131.7947
652,2025-07-27 04:00:00+05:30,7.6388745,124.43905,15.530151,134.0609
653,2025-07-27 05:00:00+05:30,8.92408,131.72942,16.848999,139.3324
654,2025-07-27 06:00:00+05:30,5.22,136.39711,10.799999,143.13002
655,2025-07-27 07:00:00+05:30,10.449306,169.07724,15.385525,173.95601
656,2025-07-27 08:00:00+05:30,5.3305535,168.31065,7.562142,178.63611
657,2025-07-27 09:00:00+05:30,7.0199995,202.6199,8.958504,202.4428
658,2025-07-27 10:00:00+05:30,8.581677,189.65982,11.157096,190.2221
659,2025-07-27 11:00:00+05:30,7.0015144,197.96924,8.766573,199.17911
660,2025-07-27 12:00:00+05:30,8.107996,182.54475,9.926147,184.15956
661,2025-07-27 13:00:00+05:30,7.42159,194.03627,9.224011,197.02061
662,2025-07-27 14:00:00+05:30,12.708816,164.38895,17.288435,165.52966
663,2025-07-27 15:00:00+05:30,4.942631,146.88864,7.823272,156.97447
664,2025-07-27 16:00:00+05:30,7.9220443,158.68202,11.27553,163.30067
665,2025-07-27 17:00:00+05:30,9.096681,152.92801,13.543131,156.50142
666,2025-07-27 18:00:00+05:30,7.0568266,185.85593,15.017871,193.8697
667,2025-07-27 19:00:00+05:30,8.227004,190.08054,17.247156,198.24594
668,2025-07-27 20:00:00+05:30,8.490582,184.86443,17.512806,192.46492
669,2025-07-27 21:00:00+05:30,6.320538,160.0168,14.33347,172.78583
670,2025-07-27 22:00:00+05:30,8.155807,157.96371,15.956163,168.94363
671,2025-07-27 23:00:00+05:30,8.482947,162.71841,16.572712,171.25392
672,2025-07-28 00:00:00+05:30,8.528657,172.72508,16.748707,181.84756
673,2025-07-28 01:00:00+05:30,8.507737,173.92764,16.584438,183.11078
674,2025-07-28 02:00:00+05:30,6.778141,169.28693,14.178928,188.02715
675,2025-07-28 03:00:00+05:30,6.050785,149.62096,12.781267,179.19308
676,2025-07-28 04:00:00+05:30,5.4833565,156.80138,11.9140415,184.33223
677,2025-07-28 05:00:00+05:30,7.79215,173.36758,15.542662,193.39252
678,2025-07-28 06:00:00+05:30,6.87779,173.99109,14.618837,189.92618
679,2025-07-28 07:00:00+05:30,8.731391,194.32275,14.019216,195.6423
680,2025-07-28 08:00:00+05:30,7.229191,198.88618,9.860649,201.41304
681,2025-07-28 09:00:00+05:30,6.391901,212.34741,8.037761,214.04597
682,2025-07-28 10:00:00+05:30,3.8141315,199.29015,4.613762,200.55612
683,2025-07-28 11:00:00+05:30,2.9024127,150.2552,3.5455887,156.0375
684,2025-07-28 12:00:00+05:30,3.745557,144.78232,4.542994,146.3099
685,2025-07-28 13:00:00+05:30,6.9247384,152.10283,8.6193495,151.29414
686,2025-07-28 14:00:00+05:30,7.3997297,198.43504,10.088033,195.52417
687,2025-07-28 15:00:00+05:30,4.2671766,207.64589,5.815978,201.80147
688,2025-07-28 16:00:00+05:30,6.698806,173.82993,8.707238,172.87508
689,2025-07-28 17:00:00+05:30,6.9270773,155.43285,10.783487,165.4998
690,2025-07-28 18:00:00+05:30,3.3092594,135.0001,6.898956,187.49576
691,2025-07-28 19:00:00+05:30,6.341009,145.40765,10.8955765,172.40544
692,2025-07-28 20:00:00+05:30,5.0816135,157.06787,10.51576,186.88162
693,2025-07-28 21:00:00+05:30,6.804381,142.52374,13.1412325,166.53477
694,2025-07-28 22:00:00+05:30,6.439876,153.43501,13.441071,172.30405
695,2025-07-28 23:00:00+05:30,5.2939587,162.18102,12.662843,185.7105
696,2025-07-29 00:00:00+05:30,3.3481934,126.25393,8.707238,172.87508
697,2025-07-29 01:00:00+05:30,4.829907,153.43501,11.252519,172.64772
698,2025-07-29 02:00:00+05:30,4.6938252,184.39862,11.213581,198.72588
699,2025-07-29 03:00:00+05:30,4.724786,162.25523,9.914717,183.12207
700,2025-07-29 04:00:00+05:30,6.341009,145.40765,11.213581,161.27412
701,2025-07-29 05:00:00+05:30,8.688613,140.04251,15.156384,142.72174
702,2025-07-29 06:00:00+05:30,10.441551,144.11777,16.485485,148.39255
703,2025-07-29 07:00:00+05:30,9.826088,151.55717,14.251863,152.14044
704,2025-07-29 08:00:00+05:30,8.65873,133.31535,12.221457,133.8066
705,2025-07-29 09:00:00+05:30,10.185519,133.56796,13.379461,132.27364
706,2025-07-29 10:00:00+05:30,12.738099,137.29063,17.186935,136.27295
707,2025-07-29 11:00:00+05:30,10.134495,146.59216,13.479583,145.88548
708,2025-07-29 12:00:00+05:30,9.913082,150.64235,12.815443,150.55467
709,2025-07-29 13:00:00+05:30,9.885262,146.88864,12.783802,147.65259
710,2025-07-29 14:00:00+05:30,9.335737,146.0035,11.681987,146.3099
711,2025-07-29 15:00:00+05:30,10.805998,150.01845,14.81259,154.05775
712,2025-07-29 16:00:00+05:30,9.6480665,165.96373,15.410774,165.80142
713,2025-07-29 17:00:00+05:30,6.6405115,147.17146,10.158444,150.25522
714,2025-07-29 18:00:00+05:30,5.95906,154.98314,12.534257,167.56046
715,2025-07-29 19:00:00+05:30,3.8183763,135.0001,10.717182,150.85202
716,2025-07-29 20:00:00+05:30,7.5363917,130.15593,15.408671,142.59457
717,2025-07-29 21:00:00+05:30,8.967541,128.48022,17.728857,138.70473
718,2025-07-29 22:00:00+05:30,9.807935,137.2312,19.229694,144.52458
719,2025-07-29 23:00:00+05:30,8.942214,139.89915,18.123774,145.52072
720,2025-07-30 00:00:00+05:30,7.9077177,131.30852,16.616642,140.27394
721,2025-07-30 01:00:00+05:30,7.6388745,124.43905,15.910412,134.5417
722,2025-07-30 02:00:00+05:30,11.200571,135.0001,21.019962,137.42932
723,2025-07-30 03:00:00+05:30,10.957846,132.33694,19.222954,136.13809
724,2025-07-30 04:00:00+05:30,11.246759,129.80553,19.229696,133.1035
725,2025-07-30 05:00:00+05:30,10.948973,133.66785,18.455925,135.3951
726,2025-07-30 06:00:00+05:30,13.538345,125.80344,18.937675,126.107544
727,2025-07-30 07:00:00+05:30,13.845967,116.23188,20.12461,116.56499
728,2025-07-30 08:00:00+05:30,15.651722,120.39865,21.611996,119.98155
729,2025-07-30 09:00:00+05:30,15.299999,126.86998,21.20412,127.06454
730,2025-07-30 10:00:00+05:30,14.835537,125.61858,20.196127,126.665726
731,2025-07-30 11:00:00+05:30,15.233148,125.380356,20.6318,125.7702
732,2025-07-30 12:00:00+05:30,14.004185,127.16456,18.79255,126.430954
733,2025-07-30 13:00:00+05:30,14.796175,143.40881,21.426805,144.57414
734,2025-07-30 14:00:00+05:30,13.538345,144.19656,17.975681,145.19592
735,2025-07-30 15:00:00+05:30,12.383424,147.46495,16.332458,148.06158
736,2025-07-30 16:00:00+05:30,12.534257,144.94049,17.283749,144.3235
737,2025-07-30 17:00:00+05:30,12.287555,148.17259,19.976755,147.8852
738,2025-07-30 18:00:00+05:30,8.909545,135.0001,17.703253,137.06012
739,2025-07-30 19:00:00+05:30,7.42159,140.90616,15.631007,144.84575
740,2025-07-30 20:00:00+05:30,6.198903,115.820946,13.971757,128.19873
741,2025-07-30 21:00:00+05:30,7.1321807,100.17545,15.086748,109.51596
742,2025-07-30 22:00:00+05:30,7.613382,96.78888,15.379206,106.31393
743,2025-07-30 23:00:00+05:30,8.865799,95.82625,17.288435,104.47034
744,2025-07-31 00:00:00+05:30,4.7827187,109.798965,11.799271,111.47685
745,2025-07-31 01:00:00+05:30,6.1120534,76.37299,12.425216,88.33975
746,2025-07-31 02:00:00+05:30,4.952453,70.90642,11.555103,85.53293
747,2025-07-31 03:00:00+05:30,6.3639607,81.86999,12.108261,84.882774
748,2025-07-31 04:00:00+05:30,5.318383,66.03751,11.003581,74.827034
749,2025-07-31 05:00:00+05:30,6.9247384,62.10283,12.669238,67.44272
750,2025-07-31 06:00:00+05:30,7.613382,96.78888,10.158444,97.12492
751,2025-07-31 07:00:00+05:30,4.6800003,112.61991,6.21717,112.109505
752,2025-07-31 08:00:00+05:30,1.6981165,237.99466,2.19718,235.0079
753,2025-07-31 09:00:00+05:30,1.3708391,293.1986,1.609969,296.56497
754,2025-07-31 10:00:00+05:30,1.5273507,315.0001,1.781909,315.0001
755,2025-07-31 11:00:00+05:30,2.907989,201.80147,3.219938,206.56499
756,2025-07-31 12:00:00+05:30,10.873252,186.65433,13.822546,188.23553
757,2025-07-31 13:00:00+05:30,9.172938,195.94547,12.362475,196.06006
758,2025-07-31 14:00:00+05:30,7.841887,238.13406,10.692969,233.90163
759,2025-07-31 15:00:00+05:30,7.388775,267.20737,9.243311,263.29025
760,2025-07-31 16:00:00+05:30,4.503598,177.70944,6.0077944,188.61557
761,2025-07-31 17:00:00+05:30,11.481968,189.01924,16.601036,189.36012
762,2025-07-31 18:00:00+05:30,9.430695,203.6294,17.224598,214.35439
763,2025-07-31 19:00:00+05:30,9.7565975,217.50421,18.713942,226.16905
764,2025-07-31 20:00:00+05:30,9.580668,205.60214,17.640919,216.28535
765,2025-07-31 21:00:00+05:30,9.257321,206.56499,17.932373,215.60461
766,2025-07-31 22:00:00+05:30,8.43699,191.07016,16.68669,203.52322
767,2025-07-31 23:00:00+05:30,4.802999,192.99461,11.052058,217.05661
768,2025-08-01 00:00:00+05:30,8.171683,187.59456,16.412603,201.21805
769,2025-08-01 01:00:00+05:30,8.035746,195.59286,14.49531,204.97388
770,2025-08-01 02:00:00+05:30,9.531505,190.88548,16.748707,200.77234
771,2025-08-01 03:00:00+05:30,10.196647,200.6745,18.13003,209.10976
772,2025-08-01 04:00:00+05:30,10.132897,192.308,17.849066,201.90877
773,2025-08-01 05:00:00+05:30,10.661107,191.68935,18.961613,199.9832
774,2025-08-01 06:00:00+05:30,10.934166,212.90524,16.489416,216.11943
775,2025-08-01 07:00:00+05:30,12.538134,219.17365,17.907963,219.2894
776,2025-08-01 08:00:00+05:30,9.179999,208.07239,11.9466305,210.81564
777,2025-08-01 09:00:00+05:30,10.495713,210.96368,13.681184,212.64462
778,2025-08-01 10:00:00+05:30,9.340941,205.08356,11.91812,205.01686
779,2025-08-01 11:00:00+05:30,9.793059,233.97253,13.072015,231.7098
780,2025-08-01 12:00:00+05:30,9.9408245,227.93575,12.86087,226.70131
781,2025-08-01 13:00:00+05:30,11.5887,223.11183,14.64209,223.50572
782,2025-08-01 14:00:00+05:30,11.334285,223.06943,16.674063,224.56268
783,2025-08-01 15:00:00+05:30,12.0921955,225.60301,16.928614,225.43074
784,2025-08-01 16:00:00+05:30,10.296251,216.46933,14.796175,216.59119
785,2025-08-01 17:00:00+05:30,9.504273,204.62355,16.348322,208.25793
786,2025-08-01 18:00:00+05:30,7.0591216,199.35909,15.2501545,210.49976
787,2025-08-01 19:00:00+05:30,10.304115,199.38461,19.649702,204.92174
788,2025-08-01 20:00:00+05:30,8.350138,187.43132,17.208603,195.78082
789,2025-08-01 21:00:00+05:30,8.821836,178.83089,17.95043,186.91113
790,2025-08-01 22:00:00+05:30,8.260411,191.30989,18.3794,194.17236
791,2025-08-01 23:00:00+05:30,9.391102,192.17145,19.242327,197.41806
792,2025-08-02 00:00:00+05:30,8.049845,206.56499,17.287498,211.37296
793,2025-08-02 01:00:00+05:30,7.729527,207.75845,16.530626,215.24765
794,2025-08-02 02:00:00+05:30,7.42159,194.03627,15.315873,203.55228
795,2025-08-02 03:00:00+05:30,8.171683,187.59456,16.394829,199.23076
796,2025-08-02 04:00:00+05:30,9.926147,175.84044,18.789963,184.94588
797,2025-08-02 05:00:00+05:30,11.9140415,175.66777,21.060768,180.48969
798,2025-08-02 06:00:00+05:30,12.483749,185.79271,18.508516,187.26315
799,2025-08-02 07:00:00+05:30,11.132385,194.03627,15.503006,195.48856
800,2025-08-02 08:00:00+05:30,9.0018,191.53459,11.9317045,191.30989
801,2025-08-02 09:00:00+05:30,8.557102,194.62091,10.783487,194.5002
802,2025-08-02 10:00:00+05:30,9.867218,194.79681,12.661564,194.82652
803,2025-08-02 11:00:00+05:30,9.243311,186.70975,11.767651,186.14653
804,2025-08-02 12:00:00+05:30,12.24,208.07239,17.534992,211.56892
805,2025-08-02 13:00:00+05:30,7.8728137,169.46088,10.694485,173.23392
806,2025-08-02 14:00:00+05:30,8.996398,160.11475,11.897714,162.38733
807,2025-08-02 15:00:00+05:30,11.119281,150.9455,15.376045,152.8351
808,2025-08-02 16:00:00+05:30,10.739833,166.42955,15.501959,167.25471
809,2025-08-02 17:00:00+05:30,10.5234585,167.1523,18.392616,168.14024
810,2025-08-02 18:00:00+05:30,8.967541,169.59235,17.893484,174.80566
811,2025-08-02 19:00:00+05:30,8.260411,168.69011,17.235882,172.80086
812,2025-08-02 20:00:00+05:30,8.490582,158.87521,17.82727,168.34973
813,2025-08-02 21:00:00+05:30,6.66,161.07526,15.287288,167.7639
814,2025-08-02 22:00:00+05:30,7.42159,157.1663,15.710607,161.98013
815,2025-08-02 23:00:00+05:30,7.748368,177.33705,16.141893,172.95433
816,2025-08-03 00:00:00+05:30,3.9640884,140.52757,8.490582,175.13557
817,2025-08-03 01:00:00+05:30,7.289445,122.90524,14.05845,140.19447
818,2025-08-03 02:00:00+05:30,11.837652,151.87636,21.43814,156.23288
819,2025-08-03 03:00:00+05:30,14.192631,164.55362,23.839638,166.9081
820,2025-08-03 04:00:00+05:30,12.585848,163.37917,22.76911,168.60127
821,2025-08-03 05:00:00+05:30,9.56713,168.05585,18.089775,174.2895
822,2025-08-03 06:00:00+05:30,11.700001,165.74994,21.782972,169.52582
823,2025-08-03 07:00:00+05:30,12.287555,174.95764,22.158285,177.67224
824,2025-08-03 08:00:00+05:30,9.6480665,171.41646,13.954354,173.33344
825,2025-08-03 09:00:00+05:30,8.36758,161.1752,10.9859,161.86183
826,2025-08-03 10:00:00+05:30,9.473541,165.69969,12.182955,167.19574
827,2025-08-03 11:00:00+05:30,15.329618,164.33177,20.128637,164.96951
828,2025-08-03 12:00:00+05:30,7.3997297,198.43504,11.043261,199.0257
829,2025-08-03 13:00:00+05:30,10.874741,192.42593,15.111424,192.38075
830,2025-08-03 14:00:00+05:30,17.856325,194.59662,24.142153,194.2435
831,2025-08-03 15:00:00+05:30,12.431734,182.4895,17.673029,183.50346
832,2025-08-03 16:00:00+05:30,14.0734215,200.98497,20.188908,201.99118
833,2025-08-03 17:00:00+05:30,10.429132,201.25058,17.917007,202.4428
834,2025-08-03 18:00:00+05:30,10.717182,150.85202,19.879206,163.69823
835,2025-08-03 19:00:00+05:30,10.587917,162.18102,20.035059,171.21478
836,2025-08-03 20:00:00+05:30,8.849339,184.66678,17.845436,188.70215
837,2025-08-03 21:00:00+05:30,7.928178,182.60251,16.478603,186.27098
838,2025-08-03 22:00:00+05:30,8.849339,175.33322,17.123669,183.01273
839,2025-08-03 23:00:00+05:30,8.28,180.0,16.120806,186.41075
840,2025-08-04 00:00:00+05:30,9.446141,210.96368,17.906157,210.17343
841,2025-08-04 01:00:00+05:30,9.0,196.26028,17.065859,206.29472
842,2025-08-04 02:00:00+05:30,10.223619,206.11385,19.540573,211.0542
843,2025-08-04 03:00:00+05:30,9.693296,211.32863,18.75631,217.19989
844,2025-08-04 04:00:00+05:30,10.429132,201.25058,18.865683,209.74478
845,2025-08-04 05:00:00+05:30,7.596341,193.70699,14.087229,206.56499
846,2025-08-04 06:00:00+05:30,8.891343,211.75943,17.772663,213.85104
847,2025-08-04 07:00:00+05:30,7.5019197,210.25635,13.397612,210.69965
848,2025-08-04 08:00:00+05:30,11.364259,209.40709,15.96327,209.7448
849,2025-08-04 09:00:00+05:30,9.387651,212.47118,12.535549,212.09256
850,2025-08-04 10:00:00+05:30,8.43699,213.6901,10.783486,213.42484
851,2025-08-04 11:00:00+05:30,10.348043,220.06071,13.15971,220.0062
852,2025-08-04 12:00:00+05:30,10.735306,235.24402,13.729647,235.68486
853,2025-08-04 13:00:00+05:30,8.373386,244.5367,12.57426,246.3706
854,2025-08-04 14:00:00+05:30,3.319036,282.5288,5.223103,271.97488
855,2025-08-04 15:00:00+05:30,8.338489,212.6609,10.436895,212.3196
856,2025-08-04 16:00:00+05:30,6.206738,196.85847,8.863972,203.9625
857,2025-08-04 17:00:00+05:30,8.4042845,189.86574,13.883356,193.49574
858,2025-08-04 18:00:00+05:30,7.5685663,205.34613,15.787753,208.61037
859,2025-08-04 19:00:00+05:30,5.6492476,210.65059,13.4903965,211.35703
860,2025-08-04 20:00:00+05:30,5.4744864,226.33215,13.633737,222.32451
861,2025-08-04 21:00:00+05:30,4.4565907,226.63654,12.218805,224.9999
862,2025-08-04 22:00:00+05:30,4.2136917,199.9832,11.681987,213.6901
863,2025-08-04 23:00:00+05:30,6.623413,222.79738,14.892213,225.48964
864,2025-08-05 00:00:00+05:30,5.8048253,209.7448,13.529966,220.68388
865,2025-08-05 01:00:00+05:30,5.318383,203.9625,13.004922,221.63345
866,2025-08-05 02:00:00+05:30,3.5864744,197.52567,10.436895,224.9999
867,2025-08-05 03:00:00+05:30,3.550155,210.46547,9.335737,236.0035
868,2025-08-05 04:00:00+05:30,3.319036,220.60121,9.096681,242.928
869,2025-08-05 05:00:00+05:30,3.0758414,159.44388,5.3939967,205.7099
870,2025-08-05 06:00:00+05:30,8.958504,202.4428,15.94804,200.48044
871,2025-08-05 07:00:00+05:30,8.936777,198.79999,12.641076,199.9832
872,2025-08-05 08:00:00+05:30,7.6367526,188.13002,10.4166975,189.95056
873,2025-08-05 09:00:00+05:30,7.6367526,188.13002,10.209348,189.1301
874,2025-08-05 10:00:00+05:30,7.029225,182.93561,9.224011,185.59924
875,2025-08-05 11:00:00+05:30,6.424764,191.30989,8.513448,193.44862
876,2025-08-05 12:00:00+05:30,5.1544156,192.09474,6.4624763,192.875
877,2025-08-05 13:00:00+05:30,4.3498964,204.44394,5.2478566,202.1664
878,2025-08-05 14:00:00+05:30,7.3094187,232.0012,9.109138,232.22426
879,2025-08-05 15:00:00+05:30,10.152064,232.92683,13.644427,233.58353
880,2025-08-05 16:00:00+05:30,8.099999,233.13002,12.431733,235.6196
881,2025-08-05 17:00:00+05:30,8.067936,218.65984,14.51876,222.99045
882,2025-08-05 18:00:00+05:30,9.7565975,150.1241,17.950432,158.83867
883,2025-08-05 19:00:00+05:30,6.7853074,158.19853,16.16496,172.32112
884,2025-08-05 20:00:00+05:30,9.3962755,159.82927,18.998314,170.18077
885,2025-08-05 21:00:00+05:30,10.03167,170.70677,20.347166,181.52074
886,2025-08-05 22:00:00+05:30,6.310277,183.27042,15.25865,197.15251
887,2025-08-05 23:00:00+05:30,7.519175,191.0409,15.743571,202.1664
888,2025-08-06 00:00:00+05:30,7.247096,194.38142,15.299999,205.05759
889,2025-08-06 01:00:00+05:30,6.8777895,222.87889,15.784676,225.92395
890,2025-08-06 02:00:00+05:30,6.341009,214.59235,14.76439,224.9999
891,2025-08-06 03:00:00+05:30,6.8919086,220.76352,15.03835,227.9109
892,2025-08-06 04:00:00+05:30,6.1305785,229.76372,14.028457,236.51381
893,2025-08-06 05:00:00+05:30,6.623413,222.79738,13.935767,234.46223
894,2025-08-06 06:00:00+05:30,10.195057,227.86247,19.016214,229.22232
895,2025-08-06 07:00:00+05:30,8.836514,236.6336,15.1884165,238.57048
896,2025-08-06 08:00:00+05:30,7.7900705,229.68597,11.808878,232.43134
897,2025-08-06 09:00:00+05:30,11.13384,235.53912,15.476859,236.86438
898,2025-08-06 10:00:00+05:30,12.886039,257.90524,17.688606,257.66092
899,2025-08-06 11:00:00+05:30,10.717182,262.27826,14.275713,264.93646
900,2025-08-06 12:00:00+05:30,12.496719,258.3664,16.486465,259.30353
901,2025-08-06 13:00:00+05:30,13.184308,255.774,17.637245,255.8219
902,2025-08-06 14:00:00+05:30,14.799459,288.43503,19.930477,290.07162
903,2025-08-06 15:00:00+05:30,7.486788,279.68872,10.495713,275.90604
904,2025-08-06 16:00:00+05:30,6.050785,239.62096,8.37532,241.78273
905,2025-08-06 17:00:00+05:30,5.692099,214.69522,10.436895,224.9999
906,2025-08-06 18:00:00+05:30,5.9617786,208.88649,14.037692,229.15973
907,2025-08-06 19:00:00+05:30,10.404249,210.11365,20.051224,220.26648
908,2025-08-06 20:00:00+05:30,10.837435,212.10623,21.3412,219.86739
909,2025-08-06 21:00:00+05:30,10.564942,203.07043,20.473368,209.49486
910,2025-08-06 22:00:00+05:30,9.499158,207.05052,19.220427,213.54128
911,2025-08-06 23:00:00+05:30,9.292255,211.53474,18.047638,218.92755
912,2025-08-07 00:00:00+05:30,8.6867485,214.0194,17.437717,224.58183
913,2025-08-07 01:00:00+05:30,8.099999,216.86998,16.674063,225.43732
914,2025-08-07 02:00:00+05:30,7.562142,218.23386,15.971386,230.02913
915,2025-08-07 03:00:00+05:30,7.2,233.13002,15.702356,241.96623
916,2025-08-07 04:00:00+05:30,7.889258,235.22209,16.712881,247.85477
917,2025-08-07 05:00:00+05:30,6.792466,237.99466,14.978986,249.60504
918,2025-08-07 06:00:00+05:30,10.132897,257.692,18.183563,268.8656
919,2025-08-07 07:00:00+05:30,8.131936,264.92047,16.575644,272.4895
920,2025-08-07 08:00:00+05:30,7.3997297,274.18484,10.337079,277.00116
921,2025-08-07 09:00:00+05:30,4.829907,296.56497,6.6087217,299.35767
922,2025-08-07 10:00:00+05:30,4.3832865,289.1791,5.414979,291.4478
923,2025-08-07 11:00:00+05:30,2.0124612,280.30478,2.5455842,278.13
924,2025-08-07 12:00:00+05:30,1.5484185,234.46223,1.9469976,236.3099
925,2025-08-07 13:00:00+05:30,2.3051248,141.34016,2.6999998,143.13002
926,2025-08-07 14:00:00+05:30,9.82279,166.21838,12.224107,166.37299
927,2025-08-07 15:00:00+05:30,4.613762,200.55612,6.5693827,189.46225
928,2025-08-07 16:00:00+05:30,7.0407386,212.47118,9.693296,211.32863
929,2025-08-07 17:00:00+05:30,7.406295,205.94225,11.753877,207.3498
930,2025-08-07 18:00:00+05:30,9.144637,190.20392,16.766108,194.93147
931,2025-08-07 19:00:00+05:30,6.601363,205.8663,13.799087,210.57915
932,2025-08-07 20:00:00+05:30,8.825508,191.76826,17.363237,197.49585
933,2025-08-07 21:00:00+05:30,7.3799996,180.0,15.2501545,191.57516
934,2025-08-07 22:00:00+05:30,7.9077177,168.17854,16.04526,176.78458
935,2025-08-07 23:00:00+05:30,8.951267,164.84589,17.462784,171.70294
936,2025-08-08 00:00:00+05:30,9.321845,169.99208,17.852697,176.53185
937,2025-08-08 01:00:00+05:30,8.909545,171.86998,17.47484,177.63867
938,2025-08-08 02:00:00+05:30,9.391102,167.82855,17.9973,171.95102
939,2025-08-08 03:00:00+05:30,8.699793,155.55606,16.62249,162.3498
940,2025-08-08 04:00:00+05:30,9.2660675,150.9455,17.114204,157.75093
941,2025-08-08 05:00:00+05:30,10.934166,147.09476,19.56377,154.37805
942,2025-08-08 06:00:00+05:30,7.7650757,134.0609,12.492829,143.79045
943,2025-08-08 07:00:00+05:30,7.458606,160.25307,10.783487,165.4998
944,2025-08-08 08:00:00+05:30,7.386582,136.97493,9.703319,139.51407
945,2025-08-08 09:00:00+05:30,6.1437774,185.04236,8.131936,185.07951
946,2025-08-08 10:00:00+05:30,8.825508,191.76826,11.832176,193.19061
947,2025-08-08 11:00:00+05:30,6.618519,224.9999,8.404285,223.26433
948,2025-08-08 12:00:00+05:30,7.3469996,210.96368,9.54,211.89075
949,2025-08-08 13:00:00+05:30,14.88242,212.15227,19.719656,213.83516
950,2025-08-08 14:00:00+05:30,5.896202,167.66092,8.759178,170.53775
951,2025-08-08 15:00:00+05:30,8.197414,199.23076,11.841756,199.53674
952,2025-08-08 16:00:00+05:30,8.37532,208.21725,12.7279215,208.7397
953,2025-08-08 17:00:00+05:30,8.197414,171.15826,15.496736,177.33705
954,2025-08-08 18:00:00+05:30,7.968939,198.43504,16.284779,203.44807
955,2025-08-08 19:00:00+05:30,8.101999,178.727,16.808569,189.86574
956,2025-08-08 20:00:00+05:30,8.297589,167.4712,17.505404,175.87248
957,2025-08-08 21:00:00+05:30,10.088033,164.47583,20.157589,169.19182
958,2025-08-08 22:00:00+05:30,10.261579,164.74483,19.80409,168.9965
959,2025-08-08 23:00:00+05:30,11.103243,160.09616,20.74456,164.396
960,2025-08-09 00:00:00+05:30,10.8015,156.42528,20.435352,162.04375
961,2025-08-09 01:00:00+05:30,9.885262,169.50858,18.844202,173.41815
962,2025-08-09 02:00:00+05:30,11.345713,181.81827,20.598795,185.01303
963,2025-08-09 03:00:00+05:30,10.63372,182.91078,19.023027,186.5197
964,2025-08-09 04:00:00+05:30,9.36,180.0,17.11515,182.41098
965,2025-08-09 05:00:00+05:30,8.467655,177.5634,15.669307,181.97488
966,2025-08-09 06:00:00+05:30,6.9480934,163.44286,16.93531,177.5634
967,2025-08-09 07:00:00+05:30,8.133928,155.13632,11.966953,158.83867
968,2025-08-09 08:00:00+05:30,9.499157,170.18077,12.7279215,171.86998
969,2025-08-09 09:00:00+05:30,14.917212,188.32556,20.138292,187.18845
970,2025-08-09 10:00:00+05:30,11.230904,173.5585,15.564537,174.02577
971,2025-08-09 11:00:00+05:30,10.920824,188.53069,14.739132,188.42688
972,2025-08-09 12:00:00+05:30,12.367716,201.33693,16.516901,200.40997
973,2025-08-09 13:00:00+05:30,13.971757,194.93147,18.4243,194.71512
974,2025-08-09 14:00:00+05:30,13.666967,192.93806,17.94411,193.33926
975,2025-08-09 15:00:00+05:30,13.690654,182.26045,19.30117,183.74292
976,2025-08-09 16:00:00+05:30,14.4415655,190.04929,22.105583,189.84575
977,2025-08-09 17:00:00+05:30,10.387107,207.89719,18.845062,204.85156
978,2025-08-09 18:00:00+05:30,9.600937,186.45872,19.175703,189.72751
979,2025-08-09 19:00:00+05:30,7.9077177,168.17854,17.355772,174.64427
980,2025-08-09 20:00:00+05:30,8.863972,167.09259,18.775301,175.60138
981,2025-08-09 21:00:00+05:30,10.449306,169.07724,20.583847,175.4861
982,2025-08-09 22:00:00+05:30,12.261158,176.6336,23.59099,181.7489
983,2025-08-09 23:00:00+05:30,12.611567,177.54602,23.950825,181.72263
984,2025-08-10 00:00:00+05:30,13.021106,185.55287,24.387177,188.48886
985,2025-08-10 01:00:00+05:30,12.074766,190.3048,22.963936,193.60056
986,2025-08-10 02:00:00+05:30,10.564941,193.79951,20.320875,198.59554
987,2025-08-10 03:00:00+05:30,10.706595,196.60706,20.28976,201.32953
988,2025-08-10 04:00:00+05:30,10.483357,195.94547,20.188908,201.99118
989,2025-08-10 05:00:00+05:30,7.7983837,198.85326,16.507088,205.16783
990,2025-08-10 06:00:00+05:30,9.215226,192.40741,17.482254,196.75583
991,2025-08-10 07:00:00+05:30,11.052058,196.07364,15.710607,198.01987
992,2025-08-10 08:00:00+05:30,11.793777,195.94547,16.224981,197.42995
993,2025-08-10 09:00:00+05:30,10.706596,206.99576,14.092978,208.20154
994,2025-08-10 10:00:00+05:30,9.668195,208.9509,12.16832,209.21915
995,2025-08-10 11:00:00+05:30,9.668195,204.17911,12.320471,205.06743
996,2025-08-10 12:00:00+05:30,10.1456785,205.2011,12.72283,205.1148
997,2025-08-10 13:00:00+05:30,11.7,202.6199,15.009236,202.56705
998,2025-08-10 14:00:00+05:30,5.5887027,194.93147,7.6409945,195.01842
999,2025-08-10 15:00:00+05:30,9.568824,196.38962,13.379461,197.21616
1000,2025-08-10 16:00:00+05:30,4.0449967,237.72438,5.991594,237.26477
1001,2025-08-10 17:00:00+05:30,3.4623692,207.89717,5.7204895,204.14554
1002,2025-08-10 18:00:00+05:30,7.92,180.0,16.62249,184.96965
1003,2025-08-10 19:00:00+05:30,10.086427,182.04536,20.29535,186.62068
1004,2025-08-10 20:00:00+05:30,11.052058,196.07364,21.758419,196.33612
1005,2025-08-10 21:00:00+05:30,10.429132,201.25058,21.201067,203.51797
1006,2025-08-10 22:00:00+05:30,9.761578,202.78244,19.966211,205.64096
1007,2025-08-10 23:00:00+05:30,9.299225,194.57425,19.581154,198.76816
1008,2025-08-11 00:00:00+05:30,8.027677,199.65392,17.58481,202.89058
1009,2025-08-11 01:00:00+05:30,8.759178,189.46225,18.620214,196.85847
1010,2025-08-11 02:00:00+05:30,6.698806,186.17007,15.676542,195.31288
1011,2025-08-11 03:00:00+05:30,7.922045,181.30193,16.557064,191.92072
1012,2025-08-11 04:00:00+05:30,8.311245,184.96965,17.377226,193.17256
1013,2025-08-11 05:00:00+05:30,8.197414,188.84174,16.6896,196.28499
1014,2025-08-11 06:00:00+05:30,7.579261,184.08554,15.004919,190.36627
1015,2025-08-11 07:00:00+05:30,8.427383,199.9832,12.033103,201.96062
1016,2025-08-11 08:00:00+05:30,8.131936,207.69939,11.119281,209.0545
1017,2025-08-11 09:00:00+05:30,8.0899935,212.27562,10.783486,213.42484
1018,2025-08-11 10:00:00+05:30,7.6579366,209.57774,9.511088,209.4758
1019,2025-08-11 11:00:00+05:30,6.248359,221.49637,7.7900705,220.31403
1020,2025-08-11 12:00:00+05:30,5.7431,212.19571,7.10031,210.46547
1021,2025-08-11 13:00:00+05:30,6.7397914,235.88548,8.338489,237.3391
1022,2025-08-11 14:00:00+05:30,9.1958685,220.23628,11.712454,223.75471
1023,2025-08-11 15:00:00+05:30,12.841963,174.36942,18.03237,176.56644
1024,2025-08-11 16:00:00+05:30,9.734988,176.82024,13.679999,180.0
1025,2025-08-11 17:00:00+05:30,8.101999,178.727,12.24,180.0
1026,2025-08-11 18:00:00+05:30,10.261579,195.25517,18.076338,195.00497
1027,2025-08-11 19:00:00+05:30,5.318383,203.9625,13.690654,204.88034
1028,2025-08-11 20:00:00+05:30,6.28713,203.6294,15.216123,207.47435
1029,2025-08-11 21:00:00+05:30,5.0688457,186.1154,13.4903965,198.6768
1030,2025-08-11 22:00:00+05:30,6.5024605,184.76355,15.506141,189.3529
1031,2025-08-11 23:00:00+05:30,7.3997297,184.18483,16.63126,189.972
1032,2025-08-12 00:00:00+05:30,7.6642804,189.46225,17.069656,194.03627
1033,2025-08-12 01:00:00+05:30,7.9138603,197.19862,17.381886,201.25058
1034,2025-08-12 02:00:00+05:30,7.172949,197.52567,15.882896,203.36913
1035,2025-08-12 03:00:00+05:30,7.689603,196.31393,16.431347,204.59978
1036,2025-08-12 04:00:00+05:30,6.830519,198.43504,15.299999,208.07239
1037,2025-08-12 05:00:00+05:30,6.2999997,180.0,13.154786,196.69933
1038,2025-08-12 06:00:00+05:30,6.4799995,180.0,14.319901,194.56032
1039,2025-08-12 07:00:00+05:30,7.486788,189.68872,10.564941,193.79951
1040,2025-08-12 08:00:00+05:30,7.342588,191.30989,9.9977,193.53587
1041,2025-08-12 09:00:00+05:30,7.6367526,188.13002,10.03167,189.29323
1042,2025-08-12 10:00:00+05:30,7.69592,190.78426,9.743305,191.72508
1043,2025-08-12 11:00:00+05:30,3.9312592,195.94547,5.12289,198.43504
1044,2025-08-12 12:00:00+05:30,7.922045,178.69807,9.9,180.0
1045,2025-08-12 13:00:00+05:30,5.6262593,172.64772,7.102591,171.25392
1046,2025-08-12 14:00:00+05:30,3.8521678,52.594578,4.724786,72.25524
1047,2025-08-12 15:00:00+05:30,5.2323985,229.18501,7.145796,229.08571
1048,2025-08-12 16:00:00+05:30,7.6409945,164.98158,10.739833,166.42955
1049,2025-08-12 17:00:00+05:30,4.863332,128.991,8.338489,147.3391
1050,2025-08-12 18:00:00+05:30,3.9312592,164.05453,9.165871,160.49747
1051,2025-08-12 19:00:00+05:30,6.698806,149.30035,14.420235,155.67444
1052,2025-08-12 20:00:00+05:30,6.489992,160.55988,14.975741,166.7989
1053,2025-08-12 21:00:00+05:30,8.490582,158.87521,16.813387,164.47583
1054,2025-08-12 22:00:00+05:30,10.215693,165.71887,20.015642,168.58905
1055,2025-08-12 23:00:00+05:30,10.5234585,167.1523,20.924952,171.59117
1056,2025-08-13 00:00:00+05:30,11.276968,171.74065,21.481173,175.67502
1057,2025-08-13 01:00:00+05:30,7.2202215,175.71092,15.849201,178.04753
1058,2025-08-13 02:00:00+05:30,10.285232,184.0141,19.18246,185.92448
1059,2025-08-13 03:00:00+05:30,7.69592,169.21574,15.659999,180.0
1060,2025-08-13 04:00:00+05:30,8.626865,156.64442,16.810495,167.00539
1061,2025-08-13 05:00:00+05:30,9.885262,146.88864,18.59671,154.17906
1062,2025-08-13 06:00:00+05:30,8.92408,138.27058,16.78156,144.60512
1063,2025-08-13 07:00:00+05:30,7.029225,129.80553,18.727787,144.78232
1064,2025-08-13 08:00:00+05:30,9.807935,132.76881,15.027575,136.94148
1065,2025-08-13 09:00:00+05:30,10.825469,132.97864,15.784676,134.07605
1066,2025-08-13 10:00:00+05:30,12.7279215,135.0001,18.839045,134.22588
1067,2025-08-13 11:00:00+05:30,10.583326,131.55252,15.951087,130.88171
1068,2025-08-13 12:00:00+05:30,10.228373,118.36895,14.20062,120.46546
1069,2025-08-13 13:00:00+05:30,12.43434,112.109505,17.349236,112.57418
1070,2025-08-13 14:00:00+05:30,8.936778,99.27253,13.842457,102.77125
1071,2025-08-13 15:00:00+05:30,8.227004,79.919464,12.483749,84.2073
1072,2025-08-13 16:00:00+05:30,9.444426,82.33328,14.275713,84.93648
1073,2025-08-13 17:00:00+05:30,8.863972,66.03751,15.760025,76.122444
1074,2025-08-13 18:00:00+05:30,10.548061,64.74687,19.751667,71.39984
1075,2025-08-13 19:00:00+05:30,11.841756,70.46326,21.960737,75.2803
1076,2025-08-13 20:00:00+05:30,11.183201,86.308685,20.880775,89.506096
1077,2025-08-13 21:00:00+05:30,10.261578,88.99494,19.48079,93.70836
1078,2025-08-13 22:00:00+05:30,10.004178,81.7242,18.733839,87.79745
1079,2025-08-13 23:00:00+05:30,11.212135,95.52745,20.568888,98.55547
1080,2025-08-14 00:00:00+05:30,9.72,90.0,18.645428,96.09577
1081,2025-08-14 01:00:00+05:30,8.885877,83.019035,17.283749,88.80654
1082,2025-08-14 02:00:00+05:30,8.731392,81.70294,16.928614,88.17207
1083,2025-08-14 03:00:00+05:30,8.863972,77.09259,16.981165,85.135574
1084,2025-08-14 04:00:00+05:30,7.5685663,87.27374,15.427586,97.37367
1085,2025-08-14 05:00:00+05:30,8.39078,35.39489,14.386494,58.29862
1086,2025-08-14 06:00:00+05:30,10.717182,82.27827,16.263872,84.92049
1087,2025-08-14 07:00:00+05:30,11.688918,80.24765,16.343367,82.40546
1088,2025-08-14 08:00:00+05:30,10.365251,69.67678,13.83192,71.80074
1089,2025-08-14 09:00:00+05:30,12.108261,84.882774,15.876775,86.09958
1090,2025-08-14 10:00:00+05:30,13.184308,94.6986,17.714231,95.24705
1091,2025-08-14 11:00:00+05:30,11.103243,109.90384,14.707222,111.541046
1092,2025-08-14 12:00:00+05:30,17.194475,120.860825,24.387178,121.10875
1093,2025-08-14 13:00:00+05:30,11.457958,133.72705,16.419514,135.44409
1094,2025-08-14 14:00:00+05:30,9.080639,129.3693,12.791403,129.28938
1095,2025-08-14 15:00:00+05:30,10.228373,118.36895,13.619471,119.275154
1096,2025-08-14 16:00:00+05:30,7.841887,121.865944,11.032987,123.6901
1097,2025-08-14 17:00:00+05:30,5.441838,124.21575,10.83893,125.537766
1098,2025-08-14 18:00:00+05:30,5.950899,93.46816,13.202726,101.003494
1099,2025-08-14 19:00:00+05:30,7.1661706,101.59215,15.034041,106.699326
1100,2025-08-14 20:00:00+05:30,7.6579366,113.55228,16.85669,120.12423
1101,2025-08-14 21:00:00+05:30,8.139901,108.03438,16.824945,116.01673
1102,2025-08-14 22:00:00+05:30,8.197414,109.23077,17.072504,114.94388
1103,2025-08-14 23:00:00+05:30,7.16617,115.277695,15.561414,119.826996
1104,2025-08-15 00:00:00+05:30,7.0038276,115.906456,15.035119,121.78722
1105,2025-08-15 01:00:00+05:30,7.193247,121.701385,15.266079,127.815796
1106,2025-08-15 02:00:00+05:30,5.920878,109.53674,13.184308,122.171196
1107,2025-08-15 03:00:00+05:30,6.1569467,105.25517,13.523978,116.90602
1108,2025-08-15 04:00:00+05:30,5.920878,109.53674,13.306615,120.033195
1109,2025-08-15 05:00:00+05:30,6.638072,102.5288,13.854155,114.56716
1110,2025-08-15 06:00:00+05:30,11.681987,123.690094,16.928614,125.04201
1111,2025-08-15 07:00:00+05:30,11.457958,133.72705,16.16897,133.64688
1112,2025-08-15 08:00:00+05:30,10.261579,127.875046,13.830749,128.65984
1113,2025-08-15 09:00:00+05:30,11.132385,129.09386,15.072783,130.15593
1114,2025-08-15 10:00:00+05:30,10.787993,115.70991,14.48972,116.56499
1115,2025-08-15 11:00:00+05:30,9.860649,111.41304,12.936227,111.209305
1116,2025-08-15 12:00:00+05:30,9.2660675,119.05451,11.609651,119.74479
1117,2025-08-15 13:00:00+05:30,7.44121,122.15227,9.485504,123.388535
1118,2025-08-15 14:00:00+05:30,5.796447,126.15828,7.344794,126.027466
1119,2025-08-15 15:00:00+05:30,5.7176566,118.1785,7.256032,119.74479
1120,2025-08-15 16:00:00+05:30,10.944532,126.30459,15.3802595,124.992096
1121,2025-08-15 17:00:00+05:30,9.080639,140.6307,13.529966,139.31612
1122,2025-08-15 18:00:00+05:30,4.143911,145.6196,10.787993,154.2901
1123,2025-08-15 19:00:00+05:30,4.5,126.86999,11.385622,140.77434
1124,2025-08-15 20:00:00+05:30,4.8433046,138.01286,11.448055,143.31018
1125,2025-08-15 21:00:00+05:30,5.876938,139.9698,13.6289835,146.3099
1126,2025-08-15 22:00:00+05:30,5.6492476,157.52052,13.672893,159.17903
1127,2025-08-15 23:00:00+05:30,4.1125174,156.80139,11.832176,166.80939
1128,2025-08-16 00:00:00+05:30,3.1845248,137.29063,9.5196,164.64981
1129,2025-08-16 01:00:00+05:30,2.5772076,114.775116,7.3997297,161.56496
1130,2025-08-16 02:00:00+05:30,1.9881649,84.805664,4.91634,156.2505
1131,2025-08-16 03:00:00+05:30,2.9024127,97.12492,5.7628117,141.34016
1132,2025-08-16 04:00:00+05:30,4.14,90.0,6.763786,115.20109
1133,2025-08-16 05:00:00+05:30,4.8633323,87.87895,9.0018,101.53459
1134,2025-08-16 06:00:00+05:30,5.0528407,94.08554,12.0694,107.35411
1135,2025-08-16 07:00:00+05:30,5.983477,105.7087,8.139901,108.03438
1136,2025-08-16 08:00:00+05:30,6.8989563,105.12406,9.12513,104.85866
1137,2025-08-16 09:00:00+05:30,9.292254,98.914856,12.221456,99.32352
1138,2025-08-16 10:00:00+05:30,9.039514,102.65255,11.656998,103.39252
1139,2025-08-16 11:00:00+05:30,9.05205,107.35411,11.328566,107.57135
1140,2025-08-16 12:00:00+05:30,8.338489,122.660904,10.436895,122.319595
1141,2025-08-16 13:00:00+05:30,6.7757506,129.61066,8.297589,130.60121
1142,2025-08-16 14:00:00+05:30,7.596341,143.67308,9.437563,145.09743
1143,2025-08-16 15:00:00+05:30,9.215226,102.40741,12.267762,104.44408
1144,2025-08-16 16:00:00+05:30,5.3939967,115.70991,7.570707,118.39293
1145,2025-08-16 17:00:00+05:30,5.7628117,104.47034,9.627896,110.80687
1146,2025-08-16 18:00:00+05:30,2.9301877,47.489597,5.983477,74.2913
1147,2025-08-16 19:00:00+05:30,3.7064266,60.94549,8.197414,81.15827
1148,2025-08-16 20:00:00+05:30,4.0249224,100.30479,9.505977,108.77813
1149,2025-08-16 21:00:00+05:30,4.278551,104.62092,11.052058,120.32352
1150,2025-08-16 22:00:00+05:30,4.3573384,128.2902,12.031756,141.07245
1151,2025-08-16 23:00:00+05:30,2.226477,165.96373,8.777653,164.53873
1152,2025-08-17 00:00:00+05:30,3.964089,182.60251,10.440001,180.0
1153,2025-08-17 01:00:00+05:30,2.6999998,180.0,8.553314,188.47105
1154,2025-08-17 02:00:00+05:30,1.6199999,180.0,6.5520988,195.94547
1155,2025-08-17 03:00:00+05:30,5.12289,198.43504,10.8015,203.57472
1156,2025-08-17 04:00:00+05:30,3.2846913,189.46225,8.65873,200.69553
1157,2025-08-17 05:00:00+05:30,4.752136,217.30403,10.484903,214.50858
1158,2025-08-17 06:00:00+05:30,0.8049845,243.43501,3.244996,213.6901
1159,2025-08-17 07:00:00+05:30,2.7534704,78.6901,3.7842832,87.27374
1160,2025-08-17 08:00:00+05:30,7.69592,79.21575,10.209348,80.8699
1161,2025-08-17 09:00:00+05:30,8.6867485,95.94677,11.391313,95.44024
1162,2025-08-17 10:00:00+05:30,8.225035,113.198616,10.234705,113.86018
1163,2025-08-17 11:00:00+05:30,8.37532,98.65246,10.7714615,99.61966
1164,2025-08-17 12:00:00+05:30,14.517644,107.31174,19.983242,107.29254
1165,2025-08-17 13:00:00+05:30,4.514377,94.57384,6.87779,96.00892
1166,2025-08-17 14:00:00+05:30,4.6800003,112.61991,6.1226463,114.30454
1167,2025-08-17 15:00:00+05:30,4.942631,123.11135,6.59154,124.992096
1168,2025-08-17 16:00:00+05:30,6.361415,115.11481,8.854829,116.56499
1169,2025-08-17 17:00:00+05:30,8.536252,132.43619,14.383114,134.49303
1170,2025-08-17 18:00:00+05:30,3.143565,113.62939,9.668195,114.1791
1171,2025-08-17 19:00:00+05:30,0.9,90.0,6.279395,117.29949
1172,2025-08-17 20:00:00+05:30,3.644722,69.775055,9.292254,98.914856
1173,2025-08-17 21:00:00+05:30,4.7827187,70.20104,11.701385,90.881386
1174,2025-08-17 22:00:00+05:30,4.278551,75.37909,11.749741,95.27381
1175,2025-08-17 23:00:00+05:30,5.0432134,55.175446,11.165805,88.15243
1176,2025-08-18 00:00:00+05:30,6.6818557,62.744755,14.383114,81.36295
1177,2025-08-18 01:00:00+05:30,5.937272,75.96373,14.410121,92.147545
1178,2025-08-18 02:00:00+05:30,6.6697226,86.906006,15.426535,101.44101
1179,2025-08-18 03:00:00+05:30,8.849339,85.33323,18.089775,95.7105
1180,2025-08-18 04:00:00+05:30,9.721666,91.06089,19.804907,97.83544
1181,2025-08-18 05:00:00+05:30,9.3876505,94.39862,18.852798,100.45158
1182,2025-08-18 06:00:00+05:30,9.914717,93.12207,22.253124,99.30987
1183,2025-08-18 07:00:00+05:30,16.284779,103.42185,23.448412,102.862755
1184,2025-08-18 08:00:00+05:30,17.363237,107.49585,24.646858,108.30272
1185,2025-08-18 09:00:00+05:30,17.706913,107.14564,24.76227,107.7765
1186,2025-08-18 10:00:00+05:30,17.932371,107.52566,25.16011,107.91654
1187,2025-08-18 11:00:00+05:30,17.214249,111.46772,23.899364,112.121994
1188,2025-08-18 12:00:00+05:30,17.604147,106.02594,23.192074,105.762215
1189,2025-08-18 13:00:00+05:30,17.654688,110.28265,24.43827,110.70431
1190,2025-08-18 14:00:00+05:30,18.687086,110.8791,25.40743,110.74616
1191,2025-08-18 15:00:00+05:30,20.542881,118.8107,30.441296,118.23182
1192,2025-08-18 16:00:00+05:30,15.546833,132.18437,24.604755,131.73788
1193,2025-08-18 17:00:00+05:30,14.366211,127.875046,24.962955,128.85338
1194,2025-08-18 18:00:00+05:30,9.867218,128.33337,19.134262,131.18582
1195,2025-08-18 19:00:00+05:30,9.835975,124.56259,19.296135,126.656204
1196,2025-08-18 20:00:00+05:30,9.387651,122.471176,18.937675,126.107544
1197,2025-08-18 21:00:00+05:30,8.513448,103.44863,17.682194,112.12639
1198,2025-08-18 22:00:00+05:30,9.144637,100.20392,18.727785,107.912605
1199,2025-08-18 23:00:00+05:30,10.215693,104.28113,20.499462,110.02618
1200,2025-08-19 00:00:00+05:30,10.609316,104.743614,20.54919,108.91118
1201,2025-08-19 01:00:00+05:30,9.96524,106.798454,19.320465,111.305855
1202,2025-08-19 02:00:00+05:30,11.612441,108.99674,21.659916,111.44781
1203,2025-08-19 03:00:00+05:30,12.189602,106.29412,22.09972,110.50151
1204,2025-08-19 04:00:00+05:30,12.267763,112.42591,22.315643,114.290955
1205,2025-08-19 05:00:00+05:30,12.241323,109.76726,21.933426,113.19862
1206,2025-08-19 06:00:00+05:30,12.7279215,98.13002,21.286474,101.21488
1207,2025-08-19 07:00:00+05:30,19.211996,102.99462,27.509394,102.85412
1208,2025-08-19 08:00:00+05:30,19.300331,109.61797,27.851183,110.42611
1209,2025-08-19 09:00:00+05:30,19.649702,114.921745,27.783628,114.90474
1210,2025-08-19 10:00:00+05:30,20.590143,121.0496,29.327295,121.44618
1211,2025-08-19 11:00:00+05:30,21.498512,115.27769,30.197645,115.0375
1212,2025-08-19 12:00:00+05:30,18.921415,117.78384,26.89419,117.93705
1213,2025-08-19 13:00:00+05:30,23.4,126.86999,33.270313,125.75398
1214,2025-08-19 14:00:00+05:30,19.477463,133.87679,27.75154,133.94891
1215,2025-08-19 15:00:00+05:30,17.326813,132.47385,25.206429,133.84276
1216,2025-08-19 16:00:00+05:30,16.045261,136.81828,25.113064,138.19603
1217,2025-08-19 17:00:00+05:30,13.213765,127.806595,22.06377,131.36172
1218,2025-08-19 18:00:00+05:30,13.666967,130.19199,23.546999,134.69032
1219,2025-08-19 19:00:00+05:30,12.855831,134.43282,23.295227,135.9391
1220,2025-08-19 20:00:00+05:30,11.032987,118.23736,20.844278,126.57312
1221,2025-08-19 21:00:00+05:30,10.8792095,106.33612,20.37899,114.52771
1222,2025-08-19 22:00:00+05:30,11.063778,111.97456,20.850496,117.2286
1223,2025-08-19 23:00:00+05:30,11.7662735,119.30991,21.517342,124.08892
1224,2025-08-20 00:00:00+05:30,10.873251,109.3349,20.12461,116.56499
1225,2025-08-20 01:00:00+05:30,10.474082,109.0578,19.726225,115.395874
1226,2025-08-20 02:00:00+05:30,11.612441,108.99674,20.140705,114.27443
1227,2025-08-20 03:00:00+05:30,12.358542,102.619316,21.240763,106.745834
1228,2025-08-20 04:00:00+05:30,16.267857,114.86367,25.880594,113.35559
1229,2025-08-20 05:00:00+05:30,14.539945,121.328636,24.048027,120.59593
1230,2025-08-20 06:00:00+05:30,17.655605,113.42871,26.903828,114.50739
1231,2025-08-20 07:00:00+05:30,16.701244,120.43416,25.035532,121.175644
1232,2025-08-20 08:00:00+05:30,16.344357,126.49139,23.148027,126.780876
1233,2025-08-20 09:00:00+05:30,15.655861,134.53424,21.638964,134.32605
1234,2025-08-20 10:00:00+05:30,15.018949,135.0001,20.746902,135.35147
1235,2025-08-20 11:00:00+05:30,16.596157,126.62142,21.599998,126.86998
1236,2025-08-20 12:00:00+05:30,13.920647,139.72021,19.388264,138.76413
1237,2025-08-20 13:00:00+05:30,10.223619,153.88615,14.168641,152.78398
1238,2025-08-20 14:00:00+05:30,14.356058,149.89879,19.759048,149.9315
1239,2025-08-20 15:00:00+05:30,14.904173,142.85323,21.492483,143.5139
1240,2025-08-20 16:00:00+05:30,11.238113,148.09193,18.620214,150.46132
1241,2025-08-20 17:00:00+05:30,13.217443,150.64235,22.300394,152.60771
1242,2025-08-20 18:00:00+05:30,12.108261,131.98714,22.022615,134.00662
1243,2025-08-20 19:00:00+05:30,9.194106,113.05133,18.089775,121.15924
1244,2025-08-20 20:00:00+05:30,10.650465,120.46546,20.160803,127.38153
1245,2025-08-20 21:00:00+05:30,12.20023,111.64449,21.90756,118.46008
1246,2025-08-20 22:00:00+05:30,8.427383,109.98319,16.62444,123.518036
1247,2025-08-20 23:00:00+05:30,9.636307,122.79953,18.79255,126.430954
1248,2025-08-21 00:00:00+05:30,8.225035,156.80139,15.938896,153.14566
1249,2025-08-21 01:00:00+05:30,9.102021,114.53771,17.349236,120.555885
1250,2025-08-21 02:00:00+05:30,9.595874,156.80139,17.790886,152.91653
1251,2025-08-21 03:00:00+05:30,7.519175,137.91092,15.035119,148.21278
1252,2025-08-21 04:00:00+05:30,6.156947,142.12495,13.298089,140.49236
1253,2025-08-21 05:00:00+05:30,4.978554,130.60121,10.9859,145.0079
1254,2025-08-21 06:00:00+05:30,9.0,143.13002,14.004185,142.83545
1255,2025-08-21 07:00:00+05:30,4.379589,170.53775,5.4119864,176.186
1256,2025-08-21 08:00:00+05:30,6.9153743,141.34016,8.574123,140.9645
1257,2025-08-21 09:00:00+05:30,9.867218,128.33337,12.85205,127.03048
1258,2025-08-21 10:00:00+05:30,7.538541,146.68936,9.835975,145.43741
1259,2025-08-21 11:00:00+05:30,9.621163,162.58194,12.69351,161.82188
1260,2025-08-21 12:00:00+05:30,10.004178,171.7242,13.288341,171.43094
1261,2025-08-21 13:00:00+05:30,9.567131,175.68405,12.452566,175.85545
1262,2025-08-21 14:00:00+05:30,8.849339,184.66678,11.901798,183.46815
1263,2025-08-21 15:00:00+05:30,12.661564,194.82652,17.594023,193.60976
1264,2025-08-21 16:00:00+05:30,12.049249,193.82867,17.932371,197.52565
1265,2025-08-21 17:00:00+05:30,4.6800003,202.6199,9.860649,201.41304
1266,2025-08-21 18:00:00+05:30,8.528657,172.72508,16.199999,180.0
1267,2025-08-21 19:00:00+05:30,9.346143,195.6423,18.275984,197.18579
1268,2025-08-21 20:00:00+05:30,6.6697226,176.906,14.713831,187.7335
1269,2025-08-21 21:00:00+05:30,8.427383,160.0168,16.276815,169.80856
1270,2025-08-21 22:00:00+05:30,6.603817,162.55272,13.722565,175.4861
1271,2025-08-21 23:00:00+05:30,8.187527,123.34073,13.130133,146.74562
1272,2025-08-22 00:00:00+05:30,9.867218,141.66663,15.3802595,145.0079
1273,2025-08-22 01:00:00+05:30,9.7880945,147.77127,17.878086,147.75005
1274,2025-08-22 02:00:00+05:30,6.5223618,117.979385,12.652604,140.19447
1275,2025-08-22 03:00:00+05:30,9.039514,125.27251,16.309628,132.31616
1276,2025-08-22 04:00:00+05:30,7.4867883,117.18103,14.028457,123.4862
1277,2025-08-22 05:00:00+05:30,7.5213294,111.03758,12.976239,113.720406
1278,2025-08-22 06:00:00+05:30,9.36173,91.101685,13.519186,93.052826
1279,2025-08-22 07:00:00+05:30,12.074766,100.30479,16.63126,99.97199
1280,2025-08-22 08:00:00+05:30,11.003581,86.24835,15.129638,87.95464
1281,2025-08-22 09:00:00+05:30,12.605142,91.63654,17.483181,92.95072
1282,2025-08-22 10:00:00+05:30,10.30883,65.22488,14.275713,66.991104
1283,2025-08-22 11:00:00+05:30,9.526405,67.79647,12.43434,67.8905
1284,2025-08-22 12:00:00+05:30,8.131936,62.30063,10.387107,62.10283
1285,2025-08-22 13:00:00+05:30,5.4477882,82.40546,6.898956,82.50424
1286,2025-08-22 14:00:00+05:30,5.9834766,158.83867,7.628263,160.70985
1287,2025-08-22 15:00:00+05:30,5.4477882,187.59456,7.256032,187.12492
1288,2025-08-22 16:00:00+05:30,7.596341,143.67308,10.742848,148.70702
1289,2025-08-22 17:00:00+05:30,13.210087,160.08351,22.695707,158.11415
1290,2025-08-22 18:00:00+05:30,7.8087645,115.97434,15.086748,125.77617
1291,2025-08-22 19:00:00+05:30,8.596766,109.57322,16.75064,118.21727
1292,2025-08-22 20:00:00+05:30,8.905908,104.03627,17.849066,111.90876
1293,2025-08-22 21:00:00+05:30,9.016185,116.05344,18.22361,122.90524
1294,2025-08-22 22:00:00+05:30,7.8149853,104.67644,16.45007,113.198616
1295,2025-08-22 23:00:00+05:30,8.085988,106.821495,16.759342,114.08745
1296,2025-08-23 00:00:00+05:30,8.863972,102.90741,16.516901,110.409966
1297,2025-08-23 01:00:00+05:30,9.847496,108.10386,16.284779,113.44808
1298,2025-08-23 02:00:00+05:30,9.621163,107.41806,17.515581,112.34815
1299,2025-08-23 03:00:00+05:30,9.927779,112.38018,17.709658,116.56499
1300,2025-08-23 04:00:00+05:30,12.348052,120.67721,20.570463,122.85572
1301,2025-08-23 05:00:00+05:30,12.4811535,123.23173,21.02921,125.59478
1302,2025-08-23 06:00:00+05:30,18.030575,121.94472,28.259998,122.779076
1303,2025-08-23 07:00:00+05:30,16.12583,123.157936,23.964348,124.286934
1304,2025-08-23 08:00:00+05:30,18.522516,124.307846,26.060246,124.019394
1305,2025-08-23 09:00:00+05:30,17.823637,123.048134,24.864119,122.88476
1306,2025-08-23 10:00:00+05:30,14.913952,119.65902,20.343184,120.87675
1307,2025-08-23 11:00:00+05:30,14.49531,114.973885,19.41081,114.663795
1308,2025-08-23 12:00:00+05:30,15.342294,121.07898,20.74456,120.79317
1309,2025-08-23 13:00:00+05:30,13.125196,137.77924,17.085785,138.41669
1310,2025-08-23 14:00:00+05:30,11.385622,129.22566,15.210799,129.71872
1311,2025-08-23 15:00:00+05:30,12.097553,136.80872,16.069473,138.63306
1312,2025-08-23 16:00:00+05:30,6.7469993,133.91916,10.718693,139.08571
1313,2025-08-23 17:00:00+05:30,11.753876,139.9698,19.92235,145.30478
1314,2025-08-23 18:00:00+05:30,7.491114,144.78232,15.12964,145.17545
1315,2025-08-23 19:00:00+05:30,8.161764,131.42357,15.951087,139.11829
1316,2025-08-23 20:00:00+05:30,8.909545,135.0001,16.740969,143.74608
1317,2025-08-23 21:00:00+05:30,10.00256,149.74365,18.435726,152.68448
1318,2025-08-23 22:00:00+05:30,8.139901,144.90411,16.011908,158.91617
1319,2025-08-23 23:00:00+05:30,9.693296,148.67137,18.11841,159.04414
1320,2025-08-24 00:00:00+05:30,12.638513,153.79994,21.868332,159.77505
1321,2025-08-24 01:00:00+05:30,10.337078,144.92616,18.218275,150.39565
1322,2025-08-24 02:00:00+05:30,11.161451,142.206,20.423456,145.04927
1323,2025-08-24 03:00:00+05:30,12.931218,141.21562,22.517992,145.42065
1324,2025-08-24 04:00:00+05:30,10.4493065,137.79277,19.334715,144.09018
1325,2025-08-24 05:00:00+05:30,10.44,133.60289,19.134262,138.81418
1326,2025-08-24 06:00:00+05:30,15.580141,139.68597,25.133053,141.981
1327,2025-08-24 07:00:00+05:30,14.689588,143.97253,21.385939,143.90163
1328,2025-08-24 08:00:00+05:30,11.39842,164.4274,15.379206,163.68607
1329,2025-08-24 09:00:00+05:30,11.500296,162.69939,15.827721,162.80138
1330,2025-08-24 10:00:00+05:30,10.404249,149.88635,13.397612,149.30035
1331,2025-08-24 11:00:00+05:30,11.414043,142.04572,14.618837,142.00122
1332,2025-08-24 12:00:00+05:30,11.599879,138.14505,15.659999,136.39711
1333,2025-08-24 13:00:00+05:30,12.136325,144.6598,16.67795,145.10922
1334,2025-08-24 14:00:00+05:30,12.10157,149.62096,16.701244,149.56584
1335,2025-08-24 15:00:00+05:30,13.379461,162.78384,18.792551,163.30067
1336,2025-08-24 16:00:00+05:30,13.055896,164.81412,19.121557,165.83292
1337,2025-08-24 17:00:00+05:30,10.062305,169.6952,17.462784,171.70294
1338,2025-08-24 18:00:00+05:30,10.5234585,167.1523,19.239801,169.21574
1339,2025-08-24 19:00:00+05:30,7.841887,148.13406,15.99571,160.95328
1340,2025-08-24 20:00:00+05:30,7.3094187,142.00122,15.463246,155.22488
1341,2025-08-24 21:00:00+05:30,7.689603,147.42595,16.341383,153.15279
1342,2025-08-24 22:00:00+05:30,7.7043357,142.59457,16.454992,149.78876
1343,2025-08-24 23:00:00+05:30,7.519175,137.91092,15.589497,148.69594
1344,2025-08-25 00:00:00+05:30,8.149847,136.78989,16.925743,147.15495
1345,2025-08-25 01:00:00+05:30,7.928177,129.47243,16.341381,139.46724
1346,2025-08-25 02:00:00+05:30,7.0407386,122.471176,15.15104,133.55594
1347,2025-08-25 03:00:00+05:30,8.587338,123.02387,17.401447,129.1226
1348,2025-08-25 04:00:00+05:30,8.149847,120.529625,16.848038,126.74756
1349,2025-08-25 05:00:00+05:30,7.970972,115.40768,16.332458,121.938416
1350,2025-08-25 06:00:00+05:30,7.029225,103.32455,14.941083,111.92964
1351,2025-08-25 07:00:00+05:30,8.39657,120.96369,12.039833,121.551346
1352,2025-08-25 08:00:00+05:30,7.7900705,130.31403,10.348043,130.06073
1353,2025-08-25 09:00:00+05:30,7.8149853,118.92633,10.315115,119.24873
1354,2025-08-25 10:00:00+05:30,8.338489,103.73629,10.609316,104.743614
1355,2025-08-25 11:00:00+05:30,8.350138,97.43131,10.538843,97.853226
1356,2025-08-25 12:00:00+05:30,6.8541956,103.671326,8.557102,104.62092
1357,2025-08-25 13:00:00+05:30,7.5170207,106.699326,9.3962755,106.699326
1358,2025-08-25 14:00:00+05:30,8.373386,115.46331,10.464797,116.56499
1359,2025-08-25 15:00:00+05:30,7.3094187,127.99879,9.109138,127.77575
1360,2025-08-25 16:00:00+05:30,9.109138,142.22426,12.456468,142.63326
1361,2025-08-25 17:00:00+05:30,5.5216303,109.025696,9.906544,114.70241
1362,2025-08-25 18:00:00+05:30,3.8521678,127.40543,9.636307,122.79953
1363,2025-08-25 19:00:00+05:30,3.9966483,144.16226,10.583326,138.44748
1364,2025-08-25 20:00:00+05:30,4.2175345,129.80553,11.709688,135.0001
1365,2025-08-25 21:00:00+05:30,3.7971036,95.44024,10.075177,131.37842
1366,2025-08-25 22:00:00+05:30,4.7657523,100.88548,11.808878,127.568665
1367,2025-08-25 23:00:00+05:30,4.0249224,100.30479,10.9859,124.992096
1368,2025-08-26 00:00:00+05:30,4.412754,101.768265,11.43248,123.43989
1369,2025-08-26 01:00:00+05:30,3.7842832,92.72626,10.315115,119.24873
1370,2025-08-26 02:00:00+05:30,4.0249224,100.30479,10.9859,124.992096
1371,2025-08-26 03:00:00+05:30,4.353619,82.875084,10.472536,114.36244
1372,2025-08-26 04:00:00+05:30,3.7842832,87.27374,9.526405,112.20353
1373,2025-08-26 05:00:00+05:30,5.402999,119.98155,12.108261,131.98714
1374,2025-08-26 06:00:00+05:30,6.384293,130.426,14.25641,142.69597
1375,2025-08-26 07:00:00+05:30,6.114703,137.38599,9.109138,142.22426
1376,2025-08-26 08:00:00+05:30,8.9873905,122.73522,12.081473,123.45334
1377,2025-08-26 09:00:00+05:30,10.472535,118.767555,14.178927,118.84257
1378,2025-08-26 10:00:00+05:30,10.897063,120.80138,14.447172,120.718834
1379,2025-08-26 11:00:00+05:30,11.48761,125.4334,15.484185,125.537766
1380,2025-08-26 12:00:00+05:30,9.82114,131.2846,13.125196,132.22076
1381,2025-08-26 13:00:00+05:30,8.027678,137.72638,10.703569,137.72638
1382,2025-08-26 14:00:00+05:30,7.995323,148.81508,10.650465,149.53453
1383,2025-08-26 15:00:00+05:30,7.193247,148.29861,9.600937,149.589
1384,2025-08-26 16:00:00+05:30,5.9427266,144.86572,8.53815,145.30478
1385,2025-08-26 17:00:00+05:30,4.863332,141.009,11.341428,144.0394
1386,2025-08-26 18:00:00+05:30,5.2478566,157.8336,12.601285,158.19853
1387,2025-08-26 19:00:00+05:30,6.8777895,137.12111,15.841022,143.78107
1388,2025-08-26 20:00:00+05:30,6.4924874,133.87679,15.484185,144.46223
1389,2025-08-26 21:00:00+05:30,9.109138,150.39565,18.845062,155.14844
1390,2025-08-26 22:00:00+05:30,8.2584505,163.5399,16.986889,164.63832
1391,2025-08-26 23:00:00+05:30,4.978554,130.60121,13.243156,148.90276
1392,2025-08-27 00:00:00+05:30,2.9024127,82.875084,8.415842,131.53168
1393,2025-08-27 01:00:00+05:30,4.5891175,78.6901,9.595874,113.198616
1394,2025-08-27 02:00:00+05:30,5.0911684,98.13002,11.672275,116.56499
1395,2025-08-27 03:00:00+05:30,4.7110505,96.581856,11.753877,117.34979
1396,2025-08-27 04:00:00+05:30,5.3999996,90.0,12.072083,110.05618
1397,2025-08-27 05:00:00+05:30,7.172949,107.52566,14.897651,118.11311
1398,2025-08-27 06:00:00+05:30,7.7420926,107.592514,17.801807,114.49189
1399,2025-08-27 07:00:00+05:30,9.741642,106.09089,14.345898,107.52566
1400,2025-08-27 08:00:00+05:30,14.169785,115.58847,19.80409,115.8663
1401,2025-08-27 09:00:00+05:30,14.0734215,110.98497,19.553833,111.60559
1402,2025-08-27 10:00:00+05:30,14.401124,108.20858,19.869423,109.58408
1403,2025-08-27 11:00:00+05:30,12.810386,109.70808,17.849066,111.90876
1404,2025-08-27 12:00:00+05:30,12.241323,109.76726,16.981165,111.124794
1405,2025-08-27 13:00:00+05:30,13.443481,116.22191,18.595839,117.06103
1406,2025-08-27 14:00:00+05:30,14.028457,123.4862,19.521496,122.95743
1407,2025-08-27 15:00:00+05:30,16.08761,139.53786,22.842985,139.15395
1408,2025-08-27 16:00:00+05:30,9.97986,140.85602,15.518672,142.06667
1409,2025-08-27 17:00:00+05:30,9.97986,140.85602,17.604149,142.89568
1410,2025-08-27 18:00:00+05:30,9.187056,145.37578,18.32202,146.62215
1411,2025-08-27 19:00:00+05:30,7.256032,133.99501,16.248924,140.84457
1412,2025-08-27 20:00:00+05:30,8.748075,143.3658,18.272436,145.84026
1413,2025-08-27 21:00:00+05:30,9.144637,143.8067,18.043148,151.38963
1414,2025-08-27 22:00:00+05:30,10.04458,143.74608,19.603477,149.66791
1415,2025-08-27 23:00:00+05:30,10.837435,147.89377,21.011482,154.09355
1416,2025-08-28 00:00:00+05:30,8.6867485,145.9806,17.791796,154.21272
1417,2025-08-28 01:00:00+05:30,8.604301,142.65057,17.169018,150.47873
1418,2025-08-28 02:00:00+05:30,9.039514,144.7275,17.95765,151.89383
1419,2025-08-28 03:00:00+05:30,6.7757506,129.61066,14.689588,143.97253
1420,2025-08-28 04:00:00+05:30,6.76618,118.61037,14.021525,131.87779
1421,2025-08-28 05:00:00+05:30,8.953078,120.17343,17.148247,129.0355
1422,2025-08-28 06:00:00+05:30,9.796366,110.432915,19.48079,116.32823
1423,2025-08-28 07:00:00+05:30,15.580141,130.31403,22.842985,130.84605
1424,2025-08-28 08:00:00+05:30,15.7908325,133.1524,22.159746,133.02507
1425,2025-08-28 09:00:00+05:30,14.128566,135.5161,19.477463,136.12321
1426,2025-08-28 10:00:00+05:30,13.115319,136.6683,17.714231,137.88304
1427,2025-08-28 11:00:00+05:30,13.684735,144.63745,17.640919,143.71465
1428,2025-08-28 12:00:00+05:30,9.840914,129.80553,13.15971,130.0062
1429,2025-08-28 13:00:00+05:30,17.0763,145.30478,23.269482,145.08052
1430,2025-08-28 14:00:00+05:30,10.04458,143.74608,14.041154,143.86453
1431,2025-08-28 15:00:00+05:30,14.730336,147.47513,20.778112,148.09988
1432,2025-08-28 16:00:00+05:30,16.74387,153.15958,25.03618,153.98769
1433,2025-08-28 17:00:00+05:30,13.337016,148.24057,21.924562,150.4886
1434,2025-08-28 18:00:00+05:30,9.835975,124.56259,19.388264,131.23587
1435,2025-08-28 19:00:00+05:30,10.601679,130.17917,20.633371,137.12111
1436,2025-08-28 20:00:00+05:30,11.246759,129.80553,21.638964,135.67395
1437,2025-08-28 21:00:00+05:30,11.720751,132.5104,22.537409,136.61804
1438,2025-08-28 22:00:00+05:30,12.007498,139.86458,22.724243,144.67328
1439,2025-08-28 23:00:00+05:30,10.944532,143.69542,21.238474,148.86975
1440,2025-08-29 00:00:00+05:30,9.668195,151.0491,19.32382,154.62848
1441,2025-08-29 01:00:00+05:30,8.6867485,145.9806,17.71423,152.13309
1442,2025-08-29 02:00:00+05:30,8.967541,141.51978,17.84271,149.03632
1443,2025-08-29 03:00:00+05:30,9.703319,139.51407,18.624563,145.23473
1444,2025-08-29 04:00:00+05:30,10.233123,140.71062,18.648035,143.24063
1445,2025-08-29 05:00:00+05:30,11.304229,142.76509,19.404133,142.91742
1446,2025-08-29 06:00:00+05:30,12.730468,146.53459,19.849846,149.48184
1447,2025-08-29 07:00:00+05:30,10.650465,149.53453,14.8257065,150.9455
1448,2025-08-29 08:00:00+05:30,10.248941,149.38147,13.70839,150.06857
1449,2025-08-29 09:00:00+05:30,11.43248,146.56012,15.22783,147.06131
1450,2025-08-29 10:00:00+05:30,10.692969,143.90163,13.538345,144.19656
1451,2025-08-29 11:00:00+05:30,9.97986,140.85602,12.819235,141.84273
1452,2025-08-29 12:00:00+05:30,10.694485,136.36386,14.021525,138.12222
1453,2025-08-29 13:00:00+05:30,14.206323,157.6593,20.54288,155.6807
1454,2025-08-29 14:00:00+05:30,12.144331,168.0239,16.204998,167.81636
1455,2025-08-29 15:00:00+05:30,8.865799,174.17375,12.145665,173.19104
1456,2025-08-29 16:00:00+05:30,10.018743,162.21602,14.517644,162.68826
1457,2025-08-29 17:00:00+05:30,9.904906,160.90642,17.208603,164.21918
1458,2025-08-29 18:00:00+05:30,9.761578,157.21756,18.519018,158.92244
1459,2025-08-29 19:00:00+05:30,7.7043357,142.59457,16.836496,151.24298
1460,2025-08-29 20:00:00+05:30,6.7397914,145.88548,15.376045,152.8351
1461,2025-08-29 21:00:00+05:30,6.8777895,137.12111,14.730336,147.47513
1462,2025-08-29 22:00:00+05:30,9.0,143.13002,17.570988,150.54642
1463,2025-08-29 23:00:00+05:30,9.734988,146.3099,18.519018,152.18968
1464,2025-08-30 00:00:00+05:30,6.638072,139.39879,14.110209,150.16455
1465,2025-08-30 01:00:00+05:30,7.001514,133.95847,14.438198,144.13008
1466,2025-08-30 02:00:00+05:30,6.1305785,139.76372,12.979984,146.3099
1467,2025-08-30 03:00:00+05:30,6.9153743,128.65984,13.920647,139.72021
1468,2025-08-30 04:00:00+05:30,6.7397914,124.11452,13.874019,134.47443
1469,2025-08-30 05:00:00+05:30,7.193247,121.701385,14.156058,131.39143
1470,2025-08-30 06:00:00+05:30,9.82114,131.2846,12.496718,131.49637
1471,2025-08-30 07:00:00+05:30,7.1321807,137.04541,9.686609,138.01286
1472,2025-08-30 08:00:00+05:30,9.257321,153.43501,12.47726,153.43501
1473,2025-08-30 09:00:00+05:30,8.4963045,143.61555,11.052058,142.94339
1474,2025-08-30 10:00:00+05:30,8.415842,138.46832,11.091564,138.28934
1475,2025-08-30 11:00:00+05:30,7.748368,120.73541,9.9408245,121.67542
1476,2025-08-30 12:00:00+05:30,7.42159,129.09386,9.3340025,129.5226
1477,2025-08-30 13:00:00+05:30,6.889557,146.7251,8.9873905,147.26479
1478,2025-08-30 14:00:00+05:30,12.273043,175.79472,17.794527,172.44376
1479,2025-08-30 15:00:00+05:30,11.052058,196.07364,16.120808,196.20909
1480,2025-08-30 16:00:00+05:30,10.495713,157.8336,14.206323,157.6593
1481,2025-08-30 17:00:00+05:30,3.4152596,161.56496,6.424764,168.69011
1482,2025-08-30 18:00:00+05:30,7.001514,133.95847,14.148046,143.2758
1483,2025-08-30 19:00:00+05:30,9.139322,147.87503,17.790886,152.91653
1484,2025-08-30 20:00:00+05:30,5.7402787,131.18582,13.644427,143.58353
1485,2025-08-30 21:00:00+05:30,5.8631387,107.87879,12.830604,124.135994
1486,2025-08-30 22:00:00+05:30,6.3639607,98.13002,13.708391,113.198616
1487,2025-08-30 23:00:00+05:30,4.1046314,105.25517,11.298495,120.65059
1488,2025-08-31 00:00:00+05:30,3.710795,104.03627,9.9,126.86999
1489,2025-08-31 01:00:00+05:30,3.9477081,114.22774,10.373061,128.65982
1490,2025-08-31 02:00:00+05:30,4.1085763,118.8107,10.819482,134.32605
1491,2025-08-31 03:00:00+05:30,4.1046314,52.124958,8.107996,92.544754
1492,2025-08-31 04:00:00+05:30,3.0652893,49.76371,7.4346757,83.047134
1493,2025-08-31 05:00:00+05:30,2.907989,68.19853,7.748368,92.66295
1494,2025-08-31 06:00:00+05:30,4.669604,117.552734,6.76618,118.61037
1495,2025-08-31 07:00:00+05:30,5.004518,142.3057,6.804381,142.52374
1496,2025-08-31 08:00:00+05:30,6.341009,145.40765,7.889258,145.22209
1497,2025-08-31 09:00:00+05:30,7.10031,120.46546,9.044888,121.15924
1498,2025-08-31 10:00:00+05:30,6.1120534,103.627014,7.4672885,105.376305
1499,2025-08-31 11:00:00+05:30,5.4029994,88.09089,6.6624317,88.45188
1500,2025-08-31 12:00:00+05:30,6.482499,88.4089,7.922045,88.69808
1501,2025-08-31 13:00:00+05:30,5.6835546,100.95402,7.2044983,102.99462
1502,2025-08-31 14:00:00+05:30,5.48631,131.00899,7.145796,130.91429
1503,2025-08-31 15:00:00+05:30,7.056826,127.74687,9.109138,127.77575
1504,2025-08-31 16:00:00+05:30,6.698806,149.30035,9.292255,148.46526
1505,2025-08-31 17:00:00+05:30,2.50064,149.74365,6.439876,153.43501
1506,2025-08-31 18:00:00+05:30,0.56920993,71.564964,3.4763772,111.25058
1507,2025-08-31 19:00:00+05:30,1.4058449,39.805527,4.5572357,80.909805
1508,2025-08-31 20:00:00+05:30,2.5582807,50.710617,5.8048253,82.875084
1509,2025-08-31 21:00:00+05:30,3.9844694,71.564964,9.375563,93.301796
1510,2025-08-31 22:00:00+05:30,5.937272,104.03627,13.841286,110.55613
1511,2025-08-31 23:00:00+05:30,4.5322843,96.84268,11.755254,115.38787
1512,2025-09-01 00:00:00+05:30,3.62243,63.435013,7.814986,97.94338
1513,2025-09-01 01:00:00+05:30,4.471107,49.899166,8.163749,75.96373
1514,2025-09-01 02:00:00+05:30,4.7928696,34.286938,9.236298,56.929314
1515,2025-09-01 03:00:00+05:30,5.3426957,32.61924,11.203464,46.301884
1516,2025-09-01 04:00:00+05:30,0.25455844,315.0001,5.7628117,51.34017
1517,2025-09-01 05:00:00+05:30,8.64,180.0,14.027302,171.14212
1518,2025-09-01 06:00:00+05:30,1.835647,168.69011,2.9301877,137.4896
1519,2025-09-01 07:00:00+05:30,2.8116899,219.80553,3.244996,213.6901
1520,2025-09-01 08:00:00+05:30,1.2727921,261.87,1.4512063,262.8751
1521,2025-09-01 09:00:00+05:30,4.942631,349.50858,6.1858225,351.63422
1522,2025-09-01 10:00:00+05:30,8.461914,358.78116,10.799999,360.0
1523,2025-09-01 11:00:00+05:30,7.7734165,5.3144655,10.182337,8.130019
1524,2025-09-01 12:00:00+05:30,8.647496,357.6141,11.16145,359.07596
1525,2025-09-01 13:00:00+05:30,8.936777,18.79999,11.7827835,18.71184
1526,2025-09-01 14:00:00+05:30,7.289444,20.224945,9.761578,22.78244
1527,2025-09-01 15:00:00+05:30,6.945761,31.218353,9.387651,32.471172
1528,2025-09-01 16:00:00+05:30,5.5596404,29.054508,8.338489,32.660904
1529,2025-09-01 17:00:00+05:30,3.5864744,17.52567,9.257321,26.564985
1530,2025-09-01 18:00:00+05:30,6.7205353,352.30405,14.4415655,10.049289
1531,2025-09-01 19:00:00+05:30,6.6818557,355.36462,14.869351,6.9528637
1532,2025-09-01 20:00:00+05:30,6.122647,358.31534,15.726067,5.253718
1533,2025-09-01 21:00:00+05:30,5.2200003,360.0,13.644427,8.343804
1534,2025-09-01 22:00:00+05:30,17.032604,125.537766,26.21643,122.38066
1535,2025-09-01 23:00:00+05:30,6.384293,319.574,9.375563,3.3018
1536,2025-09-02 00:00:00+05:30,5.6262593,7.3522935,11.923557,28.886486
1537,2025-09-02 01:00:00+05:30,7.2202215,85.71093,15.84,90.0
1538,2025-09-02 02:00:00+05:30,2.0523157,37.875053,5.4029994,88.09089
1539,2025-09-02 03:00:00+05:30,2.9522195,37.568665,6.050785,59.620956
1540,2025-09-02 04:00:00+05:30,4.327493,16.927603,9.080639,39.36931
1541,2025-09-02 05:00:00+05:30,7.0934615,35.706783,13.783817,49.236485
1542,2025-09-02 06:00:00+05:30,18.72,90.0,29.519999,90.0
1543,2025-09-02 07:00:00+05:30,18.728653,103.90272,29.033617,104.725525
1544,2025-09-02 08:00:00+05:30,19.249905,118.482086,28.200317,119.01899
1545,2025-09-02 09:00:00+05:30,19.175703,122.34742,27.210974,122.84909
1546,2025-09-02 10:00:00+05:30,20.054457,118.40515,28.200317,119.01899
1547,2025-09-02 11:00:00+05:30,17.816362,119.67299,24.11261,120.01005
1548,2025-09-02 12:00:00+05:30,13.83192,108.19926,18.158602,107.896225
1549,2025-09-02 13:00:00+05:30,17.22836,117.368126,24.552025,116.56499
1550,2025-09-02 14:00:00+05:30,11.052058,106.07365,16.198,104.808426
1551,2025-09-02 15:00:00+05:30,22.355536,130.10085,32.979813,129.68541
1552,2025-09-02 16:00:00+05:30,9.9,126.86999,15.048042,126.73292
1553,2025-09-02 17:00:00+05:30,8.133928,114.86367,15.095336,120.84652
1554,2025-09-02 18:00:00+05:30,8.037761,124.04598,16.925743,122.845055
1555,2025-09-02 19:00:00+05:30,10.009036,127.694305,19.846582,128.74098
1556,2025-09-02 20:00:00+05:30,11.090103,125.753975,21.281145,128.13005
1557,2025-09-02 21:00:00+05:30,9.360001,112.61991,18.800308,120.49328
1558,2025-09-02 22:00:00+05:30,7.2,90.0,16.204998,102.18365
1559,2025-09-02 23:00:00+05:30,8.6867485,84.05324,18.582766,93.88783
1560,2025-09-03 00:00:00+05:30,9.243311,83.29026,18.954777,94.356895
1561,2025-09-03 01:00:00+05:30,10.63372,87.089226,20.973671,95.41693
1562,2025-09-03 02:00:00+05:30,10.799999,90.0,21.349546,95.80663
1563,2025-09-03 03:00:00+05:30,10.63372,87.089226,20.929596,93.945114
1564,2025-09-03 04:00:00+05:30,13.590894,78.54128,24.918789,85.442665
1565,2025-09-03 05:00:00+05:30,10.446206,91.97489,20.738312,93.4832
1566,2025-09-03 06:00:00+05:30,13.149859,109.17911,24.02174,107.89197
1567,2025-09-03 07:00:00+05:30,12.011544,109.24962,19.011953,108.77813
1568,2025-09-03 08:00:00+05:30,15.182015,100.244026,21.605999,100.56097
1569,2025-09-03 09:00:00+05:30,16.670176,114.90475,22.868502,115.15308
1570,2025-09-03 10:00:00+05:30,18.758902,115.58148,26.165092,115.6836
1571,2025-09-03 11:00:00+05:30,18.623693,110.36169,25.704731,111.35445
1572,2025-09-03 12:00:00+05:30,20.022118,112.18407,27.041965,112.29721
1573,2025-09-03 13:00:00+05:30,23.183693,116.76392,33.327232,116.980156
1574,2025-09-03 14:00:00+05:30,21.619492,122.763885,31.711178,122.24667
1575,2025-09-03 15:00:00+05:30,20.775774,127.96211,30.50137,128.2902
1576,2025-09-03 16:00:00+05:30,19.376562,125.16652,31.073338,125.80785
1577,2025-09-03 17:00:00+05:30,15.22783,118.98872,25.591038,120.89458
1578,2025-09-03 18:00:00+05:30,13.4903965,121.35703,23.964348,124.286934
1579,2025-09-03 19:00:00+05:30,13.70839,119.93143,24.26998,122.27561
1580,2025-09-03 20:00:00+05:30,11.203464,113.682106,20.68356,121.47678
1581,2025-09-03 21:00:00+05:30,10.483357,105.945465,19.574533,114.44395
1582,2025-09-03 22:00:00+05:30,10.920824,98.530685,20.264194,108.11317
1583,2025-09-03 23:00:00+05:30,11.799271,111.47685,21.498512,115.27769
1584,2025-09-04 00:00:00+05:30,10.3480425,103.06932,19.469975,109.440125
1585,2025-09-04 01:00:00+05:30,10.163227,112.93214,18.624563,113.34403
1586,2025-09-04 02:00:00+05:30,14.36621,105.25517,24.077648,108.29959
1587,2025-09-04 03:00:00+05:30,8.951267,105.15412,16.917128,110.55613
1588,2025-09-04 04:00:00+05:30,12.399113,99.18877,22.396803,103.477844
1589,2025-09-04 05:00:00+05:30,10.98,100.38881,20.966715,105.945465
1590,2025-09-04 06:00:00+05:30,13.451914,114.50739,21.578989,117.84749
1591,2025-09-04 07:00:00+05:30,15.876775,122.969406,23.277834,121.72356
1592,2025-09-04 08:00:00+05:30,15.476859,123.13562,21.717432,123.16324
1593,2025-09-04 09:00:00+05:30,14.224556,128.32016,19.453327,128.991
1594,2025-09-04 10:00:00+05:30,13.6289835,123.690094,17.873556,124.33028
1595,2025-09-04 11:00:00+05:30,13.878689,123.89621,18.57143,123.53607
1596,2025-09-04 12:00:00+05:30,15.281989,133.09087,20.015644,131.71902
1597,2025-09-04 13:00:00+05:30,12.325728,151.1893,17.790886,152.91653
1598,2025-09-04 14:00:00+05:30,11.457958,136.27295,16.037182,135.0001
1599,2025-09-04 15:00:00+05:30,10.946013,135.0001,14.773164,136.97493
1600,2025-09-04 16:00:00+05:30,13.767352,131.82008,20.015644,131.71902
1601,2025-09-04 17:00:00+05:30,11.364259,150.59291,19.249905,151.51791
1602,2025-09-04 18:00:00+05:30,7.42159,157.1663,15.137133,154.65387
1603,2025-09-04 19:00:00+05:30,6.59154,145.0079,15.283048,147.99466
1604,2025-09-04 20:00:00+05:30,5.22,133.60289,13.33094,145.45157
1605,2025-09-04 21:00:00+05:30,5.509882,128.36752,13.466357,142.05779
1606,2025-09-04 22:00:00+05:30,3.710795,112.833694,10.694485,136.36386
1607,2025-09-04 23:00:00+05:30,3.6402748,81.46932,9.499158,117.05052
1608,2025-09-05 00:00:00+05:30,5.7599998,90.0,12.69351,108.178116
1609,2025-09-05 01:00:00+05:30,7.5170207,106.699326,16.029099,114.55044
1610,2025-09-05 02:00:00+05:30,7.995323,121.18491,16.45204,126.99536
1611,2025-09-05 03:00:00+05:30,7.256032,119.74479,15.3771,128.34561
1612,2025-09-05 04:00:00+05:30,6.6405115,122.828545,14.664202,131.51663
1613,2025-09-05 05:00:00+05:30,7.386582,133.02507,15.546833,137.81563
1614,2025-09-05 06:00:00+05:30,11.545284,149.03632,17.750774,149.53453
1615,2025-09-05 07:00:00+05:30,11.1090765,153.01985,15.697197,153.43501
1616,2025-09-05 08:00:00+05:30,10.711135,155.15764,14.584443,155.96571
1617,2025-09-05 09:00:00+05:30,10.32924,157.4569,13.8049555,157.78235
1618,2025-09-05 10:00:00+05:30,9.085988,146.3099,12.232057,147.01147
1619,2025-09-05 11:00:00+05:30,8.55142,149.65683,10.962281,150.4886
1620,2025-09-05 12:00:00+05:30,8.953078,149.82657,11.364259,150.59291
1621,2025-09-05 13:00:00+05:30,8.39078,157.28555,10.564942,156.92957
1622,2025-09-05 14:00:00+05:30,9.059205,159.04414,11.334285,159.55037
1623,2025-09-05 15:00:00+05:30,11.090103,166.86597,15.542662,166.60748
1624,2025-09-05 16:00:00+05:30,11.832176,146.79341,17.287498,148.62704
1625,2025-09-05 17:00:00+05:30,11.103243,160.09616,18.556595,161.91646
1626,2025-09-05 18:00:00+05:30,9.3962755,200.17073,18.275984,197.18579
1627,2025-09-05 19:00:00+05:30,6.482499,181.59111,14.975741,193.2011
1628,2025-09-05 20:00:00+05:30,4.503598,182.29056,13.1412325,193.46523
1629,2025-09-05 21:00:00+05:30,4.143911,182.4895,11.745604,195.10115
1630,2025-09-05 22:00:00+05:30,5.0688457,173.8846,13.363711,184.63538
1631,2025-09-05 23:00:00+05:30,5.0688457,173.8846,13.5012,179.23611
1632,2025-09-06 00:00:00+05:30,5.1197267,169.8754,13.510796,177.70944
1633,2025-09-06 01:00:00+05:30,5.4029994,178.0909,13.363711,184.63538
1634,2025-09-06 02:00:00+05:30,5.232399,176.05489,13.184308,184.6986
1635,2025-09-06 03:00:00+05:30,4.5891175,168.69011,12.0720825,182.56372
1636,2025-09-06 04:00:00+05:30,2.8856194,176.42374,9.47012,188.74608
1637,2025-09-06 05:00:00+05:30,3.8141315,160.70985,10.081606,181.02301
1638,2025-09-06 06:00:00+05:30,7.0591216,160.64091,13.878688,170.29341
1639,2025-09-06 07:00:00+05:30,9.172938,164.05453,12.791403,166.15929
1640,2025-09-06 08:00:00+05:30,7.7734165,185.31445,10.495713,185.90605
1641,2025-09-06 09:00:00+05:30,8.821836,181.16911,11.705537,181.76236
1642,2025-09-06 10:00:00+05:30,8.865799,174.17375,11.767651,173.85347
1643,2025-09-06 11:00:00+05:30,9.039514,167.34744,11.968308,167.84508
1644,2025-09-06 12:00:00+05:30,8.656858,176.42374,11.555103,175.53293
1645,2025-09-06 13:00:00+05:30,9.708326,190.68486,12.992458,190.3758
1646,2025-09-06 14:00:00+05:30,8.383054,194.93147,11.225132,195.81926
1647,2025-09-06 15:00:00+05:30,7.570707,198.00426,10.24578,198.43504
1648,2025-09-06 16:00:00+05:30,6.379216,196.38962,10.310403,196.22026
1649,2025-09-06 17:00:00+05:30,6.9899354,191.88864,14.84318,194.03627
1650,2025-09-06 18:00:00+05:30,4.9785542,167.4712,11.712455,177.35751
1651,2025-09-06 19:00:00+05:30,6.6697226,176.906,16.280798,185.7105
1652,2025-09-06 20:00:00+05:30,8.827343,196.58742,19.553833,201.60559
1653,2025-09-06 21:00:00+05:30,8.0599,203.70265,17.630812,207.3498
1654,2025-09-06 22:00:00+05:30,6.725354,195.52417,16.546299,202.38019
1655,2025-09-06 23:00:00+05:30,7.42159,202.8337,17.311846,205.23279
1656,2025-09-07 00:00:00+05:30,8.775807,205.51382,19.1588,206.80571
1657,2025-09-07 01:00:00+05:30,7.388775,214.07724,17.326813,214.84581
1658,2025-09-07 02:00:00+05:30,8.133928,204.86368,17.381886,211.87956
1659,2025-09-07 03:00:00+05:30,6.391901,212.34741,15.299999,216.86998
1660,2025-09-07 04:00:00+05:30,5.9834766,201.16133,14.138882,211.4641
1661,2025-09-07 05:00:00+05:30,6.0721655,191.9761,13.708391,203.19861
1662,2025-09-07 06:00:00+05:30,8.6193495,151.29414,16.284779,166.57816
1663,2025-09-07 07:00:00+05:30,8.65873,159.30447,12.758432,163.61038
1664,2025-09-07 08:00:00+05:30,8.553314,171.52895,11.788281,172.9836
1665,2025-09-07 09:00:00+05:30,6.7469993,189.21095,9.0018,191.53459
1666,2025-09-07 10:00:00+05:30,6.2145634,190.00792,8.083983,191.5601
1667,2025-09-07 11:00:00+05:30,5.3939967,205.7099,7.0038276,205.90645
1668,2025-09-07 12:00:00+05:30,6.384293,201.5015,8.322932,201.57137
1669,2025-09-07 13:00:00+05:30,6.21717,202.1095,8.133928,204.86368
1670,2025-09-07 14:00:00+05:30,4.6834598,177.79745,6.310277,183.27042
1671,2025-09-07 15:00:00+05:30,4.6834598,177.79745,5.9427266,181.73567
1672,2025-09-07 16:00:00+05:30,3.710795,75.96373,4.503598,87.70944
1673,2025-09-07 17:00:00+05:30,6.8423676,88.4926,11.989945,97.76508
1674,2025-09-07 18:00:00+05:30,5.2323985,130.81499,12.431733,145.6196
1675,2025-09-07 19:00:00+05:30,5.994297,138.65233,14.512064,150.2552
1676,2025-09-07 20:00:00+05:30,6.6405115,147.17146,15.779543,154.3119
1677,2025-09-07 21:00:00+05:30,7.970972,154.59233,17.873554,161.20001
1678,2025-09-07 22:00:00+05:30,10.538843,172.14677,21.602999,179.04518
1679,2025-09-07 23:00:00+05:30,8.473393,192.26476,18.692286,195.6423
1680,2025-09-08 00:00:00+05:30,8.654986,196.9276,18.351173,201.27968
1681,2025-09-08 01:00:00+05:30,8.37532,208.21725,17.782686,211.75943
1682,2025-09-08 02:00:00+05:30,7.42159,202.8337,15.787753,208.61037
1683,2025-09-08 03:00:00+05:30,6.601363,205.8663,14.787414,211.56177
1684,2025-09-08 04:00:00+05:30,6.050785,202.751,13.864674,209.56026
1685,2025-09-08 05:00:00+05:30,3.7842832,182.72626,10.429132,201.25058
1686,2025-09-08 06:00:00+05:30,5.232399,176.05489,11.391313,185.44025
1687,2025-09-08 07:00:00+05:30,5.6920996,198.43504,8.027677,199.65392
1688,2025-09-08 08:00:00+05:30,6.0347,197.35411,8.027677,199.65392
1689,2025-09-08 09:00:00+05:30,5.506941,191.30989,7.2044983,192.99461
1690,2025-09-08 10:00:00+05:30,4.32,180.0,5.5829024,181.84756
1691,2025-09-08 11:00:00+05:30,5.154415,155.22488,6.5248446,155.55606
1692,2025-09-08 12:00:00+05:30,6.601363,154.1337,8.297589,155.65892
1693,2025-09-08 13:00:00+05:30,7.8149853,165.32356,10.041354,165.4655
1694,2025-09-08 14:00:00+05:30,6.87779,186.00891,9.028754,184.57384
1695,2025-09-08 15:00:00+05:30,8.490582,184.86443,11.555103,184.46707
1696,2025-09-08 16:00:00+05:30,6.1569467,164.74483,10.6261,169.26115
1697,2025-09-08 17:00:00+05:30,4.7657523,169.11452,12.093534,175.7322
1698,2025-09-08 18:00:00+05:30,4.327493,196.9276,11.230904,201.63095
1699,2025-09-08 19:00:00+05:30,3.9477081,204.22774,10.070353,208.85556
1700,2025-09-08 20:00:00+05:30,6.28713,193.24052,14.578888,200.22495
1701,2025-09-08 21:00:00+05:30,6.889557,199.8553,16.909464,205.2011
1702,2025-09-08 22:00:00+05:30,6.77575,196.9909,16.521803,203.77235
1703,2025-09-08 23:00:00+05:30,8.383054,194.93147,18.455048,200.55612
1704,2025-09-09 00:00:00+05:30,9.335737,199.13374,19.966211,205.64096
1705,2025-09-09 01:00:00+05:30,8.891343,211.75943,18.875126,214.90257
1706,2025-09-09 02:00:00+05:30,8.891343,211.75943,18.832165,215.66508
1707,2025-09-09 03:00:00+05:30,7.42159,219.09384,16.712881,221.06972
1708,2025-09-09 04:00:00+05:30,6.5223618,207.97939,14.796175,216.59119
1709,2025-09-09 05:00:00+05:30,6.444905,215.90982,14.799459,221.05472
1710,2025-09-09 06:00:00+05:30,6.320538,199.9832,14.77755,214.07724
1711,2025-09-09 07:00:00+05:30,5.991594,212.73521,8.78872,214.9921
1712,2025-09-09 08:00:00+05:30,6.696387,216.25392,9.109138,217.77574
1713,2025-09-09 09:00:00+05:30,6.792466,212.00534,8.9873905,212.73521
1714,2025-09-09 10:00:00+05:30,7.329338,204.67685,9.504273,204.62355
1715,2025-09-09 11:00:00+05:30,6.9270773,204.56715,8.93859,205.01686
1716,2025-09-09 12:00:00+05:30,6.5049515,194.4208,8.383054,194.93147
1717,2025-09-09 13:00:00+05:30,7.172949,197.52567,9.224011,197.02061
1718,2025-09-09 14:00:00+05:30,8.461914,209.29126,10.874742,208.68605
1719,2025-09-09 15:00:00+05:30,9.028754,203.49858,12.245293,204.30453
1720,2025-09-09 16:00:00+05:30,7.973005,208.30066,13.306615,210.03319
1721,2025-09-09 17:00:00+05:30,5.072041,207.47435,12.659004,209.84584
1722,2025-09-09 18:00:00+05:30,6.7205353,187.69595,15.503006,195.48856
1723,2025-09-09 19:00:00+05:30,7.415038,185.5721,17.194475,190.25114
1724,2025-09-09 20:00:00+05:30,7.247096,194.38142,17.512806,192.46492
1725,2025-09-09 21:00:00+05:30,14.784126,222.03899,26.987997,223.91916
1726,2025-09-09 22:00:00+05:30,9.703319,229.51407,19.134262,228.81418
1727,2025-09-09 23:00:00+05:30,8.043805,220.46214,17.95765,222.96909
1728,2025-09-10 00:00:00+05:30,9.039514,215.2725,19.087639,218.49107
1729,2025-09-10 01:00:00+05:30,7.5019197,210.25635,17.179394,215.18883
1730,2025-09-10 02:00:00+05:30,8.536252,204.94388,17.816362,209.67299
1731,2025-09-10 03:00:00+05:30,8.305396,209.8988,17.47484,214.50858
1732,2025-09-10 04:00:00+05:30,9.504273,204.62355,18.645428,210.77397
1733,2025-09-10 05:00:00+05:30,9.743304,205.14474,18.892282,210.96368
1734,2025-09-10 06:00:00+05:30,7.44121,212.15227,16.992609,216.38445
1735,2025-09-10 07:00:00+05:30,7.9077177,221.30852,11.466438,222.45515
1736,2025-09-10 08:00:00+05:30,7.674842,219.2894,10.601679,220.17917
1737,2025-09-10 09:00:00+05:30,5.6521144,232.76509,7.6388745,235.56094
1738,2025-09-10 10:00:00+05:30,5.5916004,266.3087,7.256032,262.8751
1739,2025-09-10 11:00:00+05:30,2.5772076,245.22488,3.219938,243.43501
1740,2025-09-10 12:00:00+05:30,9.361731,232.02834,11.500296,230.07967
1741,2025-09-10 13:00:00+05:30,3.9966488,352.23492,4.724786,342.25522
1742,2025-09-10 14:00:00+05:30,3.06,270.0,4.060985,257.19574
1743,2025-09-10 15:00:00+05:30,5.6920996,198.43504,7.689603,200.55612
1744,2025-09-10 16:00:00+05:30,9.102021,204.5377,14.336861,208.49554
1745,2025-09-10 17:00:00+05:30,6.050785,210.37904,12.594856,210.96368
1746,2025-09-10 18:00:00+05:30,4.353619,277.1249,10.1376915,276.11542
1747,2025-09-10 19:00:00+05:30,3.3092597,247.61981,10.158444,262.8751
1748,2025-09-10 20:00:00+05:30,3.319036,229.39879,9.292255,248.40463
1749,2025-09-10 21:00:00+05:30,2.9301877,227.4896,8.709098,251.93944
1750,2025-09-10 22:00:00+05:30,3.06,180.0,7.891311,224.9999
1751,2025-09-10 23:00:00+05:30,2.36753,171.25392,5.7628117,218.65984
1752,2025-09-11 00:00:00+05:30,2.9024127,150.2552,6.1569467,195.25517
1753,2025-09-11 01:00:00+05:30,3.0652893,130.23628,5.896202,167.66092
1754,2025-09-11 02:00:00+05:30,4.514377,156.50142,9.67657,170.36253
1755,2025-09-11 03:00:00+05:30,4.514377,156.50142,10.920824,171.46931
1756,2025-09-11 04:00:00+05:30,3.5864744,162.47433,9.555271,176.76036
1757,2025-09-11 05:00:00+05:30,6.6087217,150.64235,12.98248,163.0724
1758,2025-09-11 06:00:00+05:30,3.644722,200.22495,7.995323,211.18492
1759,2025-09-11 07:00:00+05:30,6.6405115,212.82854,8.936778,214.33028
1760,2025-09-11 08:00:00+05:30,5.48631,228.99101,7.282774,230.01317
1761,2025-09-11 09:00:00+05:30,3.06,241.92761,4.0249224,243.43501
1762,2025-09-11 10:00:00+05:30,1.6981165,302.00534,2.0124612,296.56497
1763,2025-09-11 11:00:00+05:30,2.0523157,285.25516,2.4014995,282.99463
1764,2025-09-11 12:00:00+05:30,1.659518,257.4712,2.0523157,254.74483
1765,2025-09-11 13:00:00+05:30,2.1749482,245.55606,2.50064,239.74365
1766,2025-09-11 14:00:00+05:30,2.657668,208.30066,3.5455887,203.9625
1767,2025-09-11 15:00:00+05:30,9.668195,204.17911,12.570394,209.1342
1768,2025-09-11 16:00:00+05:30,6.522361,129.40063,8.827344,140.79282
1769,2025-09-11 17:00:00+05:30,7.0843205,152.78398,13.54911,160.6021
1770,2025-09-11 18:00:00+05:30,7.748368,149.26459,15.073858,168.28755
1771,2025-09-11 19:00:00+05:30,7.6409945,164.98158,15.546833,174.68555
1772,2025-09-11 20:00:00+05:30,5.2939587,197.81898,11.276967,204.51962
1773,2025-09-11 21:00:00+05:30,3.9966483,144.16226,8.37532,171.34753
1774,2025-09-11 22:00:00+05:30,4.91634,293.7495,7.922045,268.6981
1775,2025-09-11 23:00:00+05:30,0.40249225,243.43501,4.4565907,226.63654
1776,2025-09-12 00:00:00+05:30,0.742159,165.96373,5.2478566,202.1664
1777,2025-09-12 01:00:00+05:30,1.2727921,171.86998,5.8603754,190.6196
1778,2025-09-12 02:00:00+05:30,2.8460498,341.56494,5.369916,320.44037
1779,2025-09-12 03:00:00+05:30,0.6489992,56.309914,0.8049845,26.564985
1780,2025-09-12 04:00:00+05:30,4.6102495,141.34016,7.289445,147.09476
1781,2025-09-12 05:00:00+05:30,4.1085763,118.8107,7.674842,140.7106
1782,2025-09-12 06:00:00+05:30,4.755544,119.4758,6.2405767,123.23173
1783,2025-09-12 07:00:00+05:30,6.601363,115.8663,8.854829,116.56499
1784,2025-09-12 08:00:00+05:30,4.8433046,138.01286,6.2379804,136.16905
1785,2025-09-12 09:00:00+05:30,5.0142193,158.96242,6.5520988,159.07542
1786,2025-09-12 10:00:00+05:30,3.6447225,147.09476,4.599695,149.42085
1787,2025-09-12 11:00:00+05:30,3.396233,122.00535,4.143911,124.3804
1788,2025-09-12 12:00:00+05:30,4.3832865,109.17911,5.5829024,110.77233
1789,2025-09-12 13:00:00+05:30,6.8989563,105.12406,8.731392,98.297066
1790,2025-09-12 14:00:00+05:30,14.926983,213.6901,21.734581,206.56499
1791,2025-09-12 15:00:00+05:30,6.050785,239.62096,8.669949,228.36655
1792,2025-09-12 16:00:00+05:30,3.7971041,238.57048,6.114703,227.38597
1793,2025-09-12 17:00:00+05:30,3.381893,205.2011,8.885877,186.98096
1794,2025-09-12 18:00:00+05:30,1.9386592,111.801476,4.1085763,151.1893
1795,2025-09-12 19:00:00+05:30,5.00128,149.74365,11.090103,166.86597
1796,2025-09-12 20:00:00+05:30,3.5455887,156.0375,10.2742,176.98727
1797,2025-09-12 21:00:00+05:30,4.952453,160.90642,12.287555,174.95764
1798,2025-09-12 22:00:00+05:30,5.2416787,164.05453,12.440851,176.68228
1799,2025-09-12 23:00:00+05:30,6.482499,178.40889,14.238215,182.89851
1800,2025-09-13 00:00:00+05:30,5.7852573,185.35573,13.466357,188.45494
1801,2025-09-13 01:00:00+05:30,5.9644947,185.19434,13.644427,188.34381
1802,2025-09-13 02:00:00+05:30,6.12,180.0,13.418153,186.93425
1803,2025-09-13 03:00:00+05:30,4.6938252,184.39862,12.2519045,190.1542
1804,2025-09-13 04:00:00+05:30,3.438895,173.99109,10.1376915,186.1154
1805,2025-09-13 05:00:00+05:30,3.189608,163.61038,9.007196,177.70944
1806,2025-09-13 06:00:00+05:30,4.278551,157.75093,9.761578,174.71
1807,2025-09-13 07:00:00+05:30,6.7469993,170.78905,9.761578,174.71
1808,2025-09-13 08:00:00+05:30,6.8423676,178.4926,9.36,180.0
1809,2025-09-13 09:00:00+05:30,5.0911684,188.13002,6.2145634,190.00792
1810,2025-09-13 10:00:00+05:30,5.232399,183.94511,6.6697226,183.094
1811,2025-09-13 11:00:00+05:30,6.519877,173.6599,7.7734165,174.68555
1812,2025-09-13 12:00:00+05:30,4.5,126.86999,5.8603754,137.4896
1813,2025-09-13 13:00:00+05:30,4.2021422,170.13426,5.6262593,172.64772
1814,2025-09-13 14:00:00+05:30,6.130579,176.6336,7.928178,177.39749
1815,2025-09-13 15:00:00+05:30,9.114471,170.9098,12.429127,169.99208
1816,2025-09-13 16:00:00+05:30,8.905908,194.03627,12.9249525,192.875
1817,2025-09-13 17:00:00+05:30,9.919618,191.5138,18.079027,192.65256
1818,2025-09-13 18:00:00+05:30,10.548061,154.74687,19.130875,160.20103
1819,2025-09-13 19:00:00+05:30,9.178235,168.69011,17.339897,175.23645
1820,2025-09-13 20:00:00+05:30,7.889259,152.8504,15.379206,163.68607
1821,2025-09-13 21:00:00+05:30,7.4128532,150.9455,14.64209,159.11412
1822,2025-09-13 22:00:00+05:30,7.989242,157.47939,16.171976,163.17851
1823,2025-09-13 23:00:00+05:30,8.133928,155.13632,16.22498,160.55988
1824,2025-09-14 00:00:00+05:30,8.225035,156.80139,16.507088,161.56496
1825,2025-09-14 01:00:00+05:30,7.8583965,159.90468,16.109747,166.42955
1826,2025-09-14 02:00:00+05:30,5.5829024,159.22766,12.9249525,167.125
1827,2025-09-14 03:00:00+05:30,5.8603754,169.3804,12.620554,176.72958
1828,2025-09-14 04:00:00+05:30,5.506941,168.69011,12.245294,178.31535
1829,2025-09-14 05:00:00+05:30,6.302571,181.63654,13.262714,187.8001
1830,2025-09-14 06:00:00+05:30,5.634891,153.43501,12.815443,169.47926
1831,2025-09-14 07:00:00+05:30,7.970972,173.51703,11.570515,174.64427
1832,2025-09-14 08:00:00+05:30,6.638072,167.4712,8.967541,169.59235
1833,2025-09-14 09:00:00+05:30,4.8633323,182.12105,6.66,180.0
1834,2025-09-14 10:00:00+05:30,3.572898,130.91429,4.978554,139.39879
1835,2025-09-14 11:00:00+05:30,5.509882,128.36752,6.8919086,130.76352
1836,2025-09-14 12:00:00+05:30,9.0,143.13002,11.236671,144.78232
1837,2025-09-14 13:00:00+05:30,10.137692,163.49556,13.403656,165.21722
1838,2025-09-14 14:00:00+05:30,9.0018,181.14574,12.061341,180.85507
1839,2025-09-14 15:00:00+05:30,10.441552,180.98773,14.05845,182.93561
1840,2025-09-14 16:00:00+05:30,7.4867883,152.81897,9.997699,156.66594
1841,2025-09-14 17:00:00+05:30,7.172949,162.47433,12.399112,166.56895
1842,2025-09-14 18:00:00+05:30,6.6185193,157.61983,13.896187,163.44286
1843,2025-09-14 19:00:00+05:30,5.4149795,164.57777,12.585848,163.37917
1844,2025-09-14 20:00:00+05:30,5.004518,142.3057,12.3165245,153.06055
1845,2025-09-14 21:00:00+05:30,7.3997297,138.94528,15.0038395,149.74365
1846,2025-09-14 22:00:00+05:30,8.181589,140.35587,15.83693,148.47787
1847,2025-09-14 23:00:00+05:30,7.24486,153.43501,14.734735,154.68715
1848,2025-09-15 00:00:00+05:30,7.9383874,147.0306,14.757804,149.99516
1849,2025-09-15 01:00:00+05:30,7.689603,163.68607,15.655861,162.6066
1850,2025-09-15 02:00:00+05:30,7.970972,173.51703,13.698934,176.98727
1851,2025-09-15 03:00:00+05:30,6.297428,149.03632,11.543881,169.21574
1852,2025-09-15 04:00:00+05:30,1.5484185,54.46224,5.072041,152.52565
1853,2025-09-15 05:00:00+05:30,7.653705,131.18582,13.783817,139.23648
1854,2025-09-15 06:00:00+05:30,9.340941,154.91644,14.138882,158.33398
1855,2025-09-15 07:00:00+05:30,8.297589,167.4712,12.074766,169.6952
1856,2025-09-15 08:00:00+05:30,9.05205,162.64589,11.953409,161.56496
1857,2025-09-15 09:00:00+05:30,9.761578,247.21756,12.904882,239.85869
1858,2025-09-15 10:00:00+05:30,7.519175,222.08908,10.601679,220.17917
1859,2025-09-15 11:00:00+05:30,7.0934615,234.29321,9.252069,232.90707
1860,2025-09-15 12:00:00+05:30,7.458606,188.32556,9.422101,186.58185
1861,2025-09-15 13:00:00+05:30,8.171683,187.59456,10.51576,186.88162
1862,2025-09-15 14:00:00+05:30,8.131936,185.07951,10.837435,184.76355
1863,2025-09-15 15:00:00+05:30,7.406295,154.05775,10.1456785,154.7989
1864,2025-09-15 16:00:00+05:30,7.7734165,137.81563,11.988594,138.65233
1865,2025-09-15 17:00:00+05:30,14.607751,157.54301,23.92443,155.55606
1866,2025-09-15 18:00:00+05:30,10.446206,181.97488,19.101213,177.29942
1867,2025-09-15 19:00:00+05:30,5.4833565,156.80138,13.091829,161.56496
1868,2025-09-15 20:00:00+05:30,6.156947,142.12495,13.4903965,148.64297
1869,2025-09-15 21:00:00+05:30,7.2,143.13002,14.88242,147.84773
1870,2025-09-15 22:00:00+05:30,7.7420926,144.46223,16.67795,145.10922
1871,2025-09-15 23:00:00+05:30,10.34178,148.52321,20.63023,150.75127
1872,2025-09-16 00:00:00+05:30,9.3962755,163.30067,18.272438,161.0295
1873,2025-09-16 01:00:00+05:30,10.874742,151.31395,19.561287,153.19923
1874,2025-09-16 02:00:00+05:30,11.032987,146.3099,18.777029,150.7321
1875,2025-09-16 03:00:00+05:30,9.044888,148.84076,15.62686,155.50143
1876,2025-09-16 04:00:00+05:30,11.897714,169.54015,19.627428,168.89621
1877,2025-09-16 05:00:00+05:30,5.6920996,161.56496,10.873252,173.34567
1878,2025-09-16 06:00:00+05:30,7.3469996,149.03632,11.7662735,150.6901
1879,2025-09-16 07:00:00+05:30,11.074022,172.52853,17.015474,173.92764
1880,2025-09-16 08:00:00+05:30,7.7734165,174.68555,12.632101,175.91446
1881,2025-09-16 09:00:00+05:30,7.2805495,171.46931,9.779817,173.6599
1882,2025-09-16 10:00:00+05:30,4.278551,165.37909,5.7628117,165.52966
1883,2025-09-16 11:00:00+05:30,5.48631,138.99101,7.42159,140.90616
1884,2025-09-16 12:00:00+05:30,5.5829024,110.77233,7.256032,119.74479
1885,2025-09-16 13:00:00+05:30,3.9844694,71.564964,5.1197267,100.12462
1886,2025-09-16 14:00:00+05:30,3.8939953,146.3099,5.4744864,152.59251
1887,2025-09-16 15:00:00+05:30,6.12,180.0,8.467655,182.4366
1888,2025-09-16 16:00:00+05:30,5.2478566,157.8336,8.431228,163.8865
1889,2025-09-16 17:00:00+05:30,10.897063,157.6713,19.694992,161.89615
1890,2025-09-16 18:00:00+05:30,10.304114,152.98741,18.751991,158.60704
1891,2025-09-16 19:00:00+05:30,9.039514,144.7275,17.311846,154.76721
1892,2025-09-16 20:00:00+05:30,9.178235,138.17992,17.629894,147.93265
1893,2025-09-16 21:00:00+05:30,9.044888,132.58046,17.748037,143.24623
1894,2025-09-16 22:00:00+05:30,9.600937,149.589,18.845062,155.14844
1895,2025-09-16 23:00:00+05:30,10.234705,156.13982,19.070658,160.70985
1896,2025-09-17 00:00:00+05:30,8.891344,158.62932,17.114204,165.37909
1897,2025-09-17 01:00:00+05:30,8.297589,155.65892,16.344357,163.36111
1898,2025-09-17 02:00:00+05:30,8.865799,174.17375,17.108522,178.1913
1899,2025-09-17 03:00:00+05:30,9.582359,174.61078,17.64,180.0
1900,2025-09-17 04:00:00+05:30,7.79215,173.36758,14.949756,182.06999
1901,2025-09-17 05:00:00+05:30,7.3447943,162.89719,13.418153,173.06575
1902,2025-09-17 06:00:00+05:30,5.0432134,182.04536,8.731391,194.32275
1903,2025-09-17 07:00:00+05:30,7.3447943,162.89719,10.484902,168.11136
1904,2025-09-17 08:00:00+05:30,8.431228,163.8865,11.351422,165.30264
1905,2025-09-17 09:00:00+05:30,8.4042845,170.13426,10.742848,171.3269
1906,2025-09-17 10:00:00+05:30,8.641874,178.80653,10.981475,179.06084
1907,2025-09-17 11:00:00+05:30,8.82,180.0,11.341428,180.90936
1908,2025-09-17 12:00:00+05:30,6.489992,183.17976,8.297589,183.73132
1909,2025-09-17 13:00:00+05:30,6.8423676,206.56499,8.461914,209.29126
1910,2025-09-17 14:00:00+05:30,11.39842,201.29742,16.34832,200.62996
1911,2025-09-17 15:00:00+05:30,9.0018,181.14574,12.273043,184.20528
1912,2025-09-17 16:00:00+05:30,9.67657,189.63747,15.39184,190.78426
1913,2025-09-17 17:00:00+05:30,7.02,180.0,13.596852,186.84268
1914,2025-09-17 18:00:00+05:30,8.049845,190.3048,16.676977,193.73628
1915,2025-09-17 19:00:00+05:30,6.87779,173.99109,14.830076,185.5721
1916,2025-09-17 20:00:00+05:30,5.8104043,163.81073,13.86,180.0
1917,2025-09-17 21:00:00+05:30,6.2613096,161.56496,14.830076,174.4279
1918,2025-09-17 22:00:00+05:30,6.5049515,165.5792,15.367616,174.62338
1919,2025-09-17 23:00:00+05:30,7.072878,165.2564,16.299694,173.6599
1920,2025-09-18 00:00:00+05:30,6.424764,168.69011,15.129638,177.95464
1921,2025-09-18 01:00:00+05:30,7.029225,177.06439,15.697197,183.94511
1922,2025-09-18 02:00:00+05:30,7.748368,182.66295,16.546299,188.13002
1923,2025-09-18 03:00:00+05:30,7.3821945,181.39716,16.21699,188.93948
1924,2025-09-18 04:00:00+05:30,7.5685663,182.72626,16.276815,190.19144
1925,2025-09-18 05:00:00+05:30,6.130579,176.6336,13.878688,189.70659
1926,2025-09-18 06:00:00+05:30,8.107996,177.45525,14.205182,188.74608
1927,2025-09-18 07:00:00+05:30,2.8460495,145.30478,5.0688457,186.1154
1928,2025-09-18 08:00:00+05:30,2.8856194,86.423744,3.8773184,158.19853
1929,2025-09-18 09:00:00+05:30,6.12,360.0,7.748368,2.6629453
1930,2025-09-18 10:00:00+05:30,1.7076298,251.56496,2.3400002,247.3801
1931,2025-09-18 11:00:00+05:30,3.319036,229.39879,4.2481523,233.61555
1932,2025-09-18 12:00:00+05:30,2.4482648,216.02747,3.096837,215.53777
1933,2025-09-18 13:00:00+05:30,2.9522195,232.43134,3.745557,234.78232
1934,2025-09-18 14:00:00+05:30,4.510787,208.61037,5.5596404,209.0545
1935,2025-09-18 15:00:00+05:30,6.638072,192.5288,8.473393,192.26476
1936,2025-09-18 16:00:00+05:30,9.595874,203.19861,13.403656,202.08722
1937,2025-09-18 17:00:00+05:30,2.4014995,192.99461,5.5596404,209.0545
1938,2025-09-18 18:00:00+05:30,1.7727944,336.0375,6.1120534,283.627
1939,2025-09-18 19:00:00+05:30,4.278551,75.37909,6.279395,62.70051
1940,2025-09-18 20:00:00+05:30,8.827344,87.66274,17.910677,84.23221
1941,2025-09-18 21:00:00+05:30,4.1046314,127.875046,7.353611,158.45895
1942,2025-09-18 22:00:00+05:30,7.7043357,127.40543,14.773164,133.02507
1943,2025-09-18 23:00:00+05:30,7.4520864,142.85323,15.472672,150.75127
1944,2025-09-19 00:00:00+05:30,4.471107,130.10085,10.228373,151.63104
1945,2025-09-19 01:00:00+05:30,6.21717,157.8905,13.723745,163.2287
1946,2025-09-19 02:00:00+05:30,4.6730714,164.3577,10.920824,171.46931
1947,2025-09-19 03:00:00+05:30,3.8183763,188.13002,10.239453,190.1246
1948,2025-09-19 04:00:00+05:30,1.9469976,213.6901,7.388775,214.07724
1949,2025-09-19 05:00:00+05:30,1.3104197,105.945465,3.438895,186.00891
1950,2025-09-19 06:00:00+05:30,0.9178235,78.6901,4.5572357,189.0902
1951,2025-09-19 07:00:00+05:30,7.229191,71.11382,9.278297,71.916466
1952,2025-09-19 08:00:00+05:30,8.766573,109.17911,11.631956,111.801476
1953,2025-09-19 09:00:00+05:30,8.836514,123.36639,11.384198,124.69522
1954,2025-09-19 10:00:00+05:30,8.149847,120.529625,10.248941,120.61853
1955,2025-09-19 11:00:00+05:30,6.7205353,159.62349,8.490582,158.87521
1956,2025-09-19 12:00:00+05:30,0.9178235,258.6901,1.0948973,260.53775
1957,2025-09-19 13:00:00+05:30,2.1674871,221.63345,2.5959969,213.6901
1958,2025-09-19 14:00:00+05:30,4.3349743,228.36655,5.3457265,224.9999
1959,2025-09-19 15:00:00+05:30,7.6579366,203.55228,9.83268,203.7495
1960,2025-09-19 16:00:00+05:30,8.29173,207.12122,11.679212,208.53989
1961,2025-09-19 17:00:00+05:30,5.896202,211.26367,12.007498,220.13542
1962,2025-09-19 18:00:00+05:30,3.62243,296.56497,9.693296,291.80148
1963,2025-09-19 19:00:00+05:30,1.3104197,344.05453,6.8423676,324.63745
1964,2025-09-19 20:00:00+05:30,1.4512063,352.87506,6.9899354,348.11136
1965,2025-09-19 21:00:00+05:30,2.2553935,151.38963,3.8183763,98.13002
1966,2025-09-19 22:00:00+05:30,0.6489992,146.3099,3.550155,120.46546
1967,2025-09-19 23:00:00+05:30,2.4482646,287.1028,3.6447225,302.90524
1968,2025-09-20 00:00:00+05:30,3.01735,287.3541,6.269067,309.17365
1969,2025-09-20 01:00:00+05:30,2.3051248,308.65982,5.8769383,332.6502
1970,2025-09-20 02:00:00+05:30,0.9178235,348.6901,3.9312592,15.945477
1971,2025-09-20 03:00:00+05:30,2.7475805,31.607454,5.9427266,35.134277
1972,2025-09-20 04:00:00+05:30,1.8792552,16.699326,4.514377,23.498587
1973,2025-09-20 05:00:00+05:30,3.148714,30.963696,4.0249224,26.564985
1974,2025-09-20 06:00:00+05:30,3.143565,66.37061,5.896202,58.736336
1975,2025-09-20 07:00:00+05:30,2.5959969,56.309914,3.7842832,64.65388
1976,2025-09-20 08:00:00+05:30,5.4119864,3.8140097,6.87779,6.0089183
1977,2025-09-20 09:00:00+05:30,3.3092594,44.999897,4.2021427,46.73567
1978,2025-09-20 10:00:00+05:30,3.06,61.92762,3.7842832,64.65388
1979,2025-09-20 11:00:00+05:30,1.2727921,8.130019,1.5379207,20.556128
1980,2025-09-20 12:00:00+05:30,1.0948973,350.53775,1.2727921,351.87
1981,2025-09-20 13:00:00+05:30,1.659518,282.5288,2.0523157,285.25516
1982,2025-09-20 14:00:00+05:30,5.257109,308.0471,6.59154,304.9921
1983,2025-09-20 15:00:00+05:30,3.4949677,348.11136,4.445672,338.6293
1984,2025-09-20 16:00:00+05:30,1.2979984,146.3099,1.3104197,164.05453
1985,2025-09-20 17:00:00+05:30,8.777654,151.85849,15.2947035,153.43501
1986,2025-09-20 18:00:00+05:30,3.143565,256.75946,8.55142,220.73201
1987,2025-09-20 19:00:00+05:30,6.198903,244.17906,14.041154,233.86453
1988,2025-09-20 20:00:00+05:30,4.5820518,224.9999,11.966954,226.2188
1989,2025-09-20 21:00:00+05:30,6.696387,233.74606,15.070633,240.67961
1990,2025-09-20 22:00:00+05:30,4.965521,226.46873,12.257194,240.04648
1991,2025-09-20 23:00:00+05:30,4.445672,248.6293,11.792404,257.66092
1992,2025-09-21 00:00:00+05:30,5.2416787,254.05453,13.004921,265.23645
1993,2025-09-21 01:00:00+05:30,4.278551,255.37909,11.5199995,270.0
1994,2025-09-21 02:00:00+05:30,3.2846913,279.46225,9.278297,288.08353
1995,2025-09-21 03:00:00+05:30,4.452954,284.03625,11.028581,296.1468
1996,2025-09-21 04:00:00+05:30,5.9834766,291.16132,12.801531,297.64587
1997,2025-09-21 05:00:00+05:30,5.09435,302.00534,11.720751,312.5104
1998,2025-09-21 06:00:00+05:30,8.490582,327.99466,13.397612,329.30035
1999,2025-09-21 07:00:00+05:30,5.9427266,1.7356651,8.287822,2.4894993
2000,2025-09-21 08:00:00+05:30,4.503598,357.70944,6.122647,1.6846573
2001,2025-09-21 09:00:00+05:30,2.9522195,52.431335,3.8939953,56.3099
2002,2025-09-21 10:00:00+05:30,2.1749482,65.55606,2.907989,68.19853
2003,2025-09-21 11:00:00+05:30,1.08,180.0,1.2727921,171.86998
2004,2025-09-21 12:00:00+05:30,0.8049845,296.56497,0.9693296,291.80148
2005,2025-09-21 13:00:00+05:30,1.3104197,164.05453,1.5379207,159.44388
2006,2025-09-21 14:00:00+05:30,0.40249225,206.56499,0.5091169,224.9999
2007,2025-09-21 15:00:00+05:30,3.3043609,299.35767,4.1085763,298.8107
2008,2025-09-21 16:00:00+05:30,3.494968,325.4914,5.0432134,325.17545
2009,2025-09-21 17:00:00+05:30,2.3400002,337.3801,5.2323985,333.43503
2010,2025-09-21 18:00:00+05:30,3.148714,300.96368,5.6060677,317.6026
2011,2025-09-21 19:00:00+05:30,0.6489992,213.6901,3.5455887,293.9625
2012,2025-09-21 20:00:00+05:30,6.2613096,288.43503,9.021574,298.61035
2013,2025-09-21 21:00:00+05:30,2.0523157,195.25517,3.8141315,250.70985
2014,2025-09-21 22:00:00+05:30,3.9477081,226.8476,8.373386,244.5367
2015,2025-09-21 23:00:00+05:30,5.6492476,149.34941,9.0,180.0
2016,2025-09-22 00:00:00+05:30,6.6818557,175.36462,12.324414,173.29025
2017,2025-09-22 01:00:00+05:30,5.0688457,276.11542,8.865799,264.17374
2018,2025-09-22 02:00:00+05:30,2.5772078,347.90527,5.0911684,315.0001
2019,2025-09-22 03:00:00+05:30,1.484318,345.9637,4.6730714,344.3577
2020,2025-09-22 04:00:00+05:30,4.080882,318.57642,9.567131,318.81415
2021,2025-09-22 05:00:00+05:30,2.7059932,3.8140097,7.029225,357.0644
2022,2025-09-22 06:00:00+05:30,3.9477081,313.1524,6.299999,323.13
2023,2025-09-22 07:00:00+05:30,3.8647635,332.24155,5.7964473,334.2307
2024,2025-09-22 08:00:00+05:30,3.6402748,8.530692,4.942631,10.491434
2025,2025-09-22 09:00:00+05:30,5.402999,29.981556,7.289445,32.905247
2026,2025-09-22 10:00:00+05:30,6.77575,16.990906,8.766573,19.179106
2027,2025-09-22 11:00:00+05:30,7.0911775,23.962492,9.360001,22.61991
2028,2025-09-22 12:00:00+05:30,7.282774,50.013176,9.059205,49.02836
2029,2025-09-22 13:00:00+05:30,10.739832,50.440376,15.444377,53.53068
2030,2025-09-22 14:00:00+05:30,6.279395,62.70051,8.461915,66.161255
2031,2025-09-22 15:00:00+05:30,5.020677,75.46551,6.8989563,74.875946
2032,2025-09-22 16:00:00+05:30,0.8049845,116.56499,0.8049845,116.56499
2033,2025-09-22 17:00:00+05:30,1.98,90.0,3.8183763,81.86999
2034,2025-09-22 18:00:00+05:30,0.35999998,90.0,2.5959969,146.3099
2035,2025-09-22 19:00:00+05:30,6.618519,135.0001,9.835975,145.43741
2036,2025-09-22 20:00:00+05:30,4.913044,188.42688,10.3480425,193.06932
2037,2025-09-22 21:00:00+05:30,0.8049845,63.435013,2.5582807,219.28938
2038,2025-09-22 22:00:00+05:30,5.2416787,15.945477,9.526405,22.203527
2039,2025-09-22 23:00:00+05:30,6.778141,10.713074,13.971757,14.931467
2040,2025-09-23 00:00:00+05:30,2.6758924,19.653913,8.649369,12.011466
2041,2025-09-23 01:00:00+05:30,5.3426957,32.61924,14.48972,26.564985
2042,2025-09-23 02:00:00+05:30,2.9301877,349.3804,11.028581,26.146788
2043,2025-09-23 03:00:00+05:30,8.2584505,20.409975,16.59225,28.511152
2044,2025-09-23 04:00:00+05:30,8.587338,33.023872,17.148247,39.03552
2045,2025-09-23 05:00:00+05:30,7.8480825,53.392834,15.743569,59.03632
2046,2025-09-23 06:00:00+05:30,9.734987,70.559875,15.956163,78.94363
2047,2025-09-23 07:00:00+05:30,10.387107,81.02746,14.713831,82.266495
2048,2025-09-23 08:00:00+05:30,10.086427,92.045364,13.709573,93.76396
2049,2025-09-23 09:00:00+05:30,12.466867,107.650215,16.279802,108.03438
2050,2025-09-23 10:00:00+05:30,11.612441,108.99674,15.027575,108.869095
2051,2025-09-23 11:00:00+05:30,11.368535,113.317726,15.009236,112.56705
2052,2025-09-23 12:00:00+05:30,11.594292,117.75845,16.021011,117.42866
2053,2025-09-23 13:00:00+05:30,10.296251,126.46933,14.041154,126.13547
2054,2025-09-23 14:00:00+05:30,9.178235,131.82008,12.514855,130.33307
2055,2025-09-23 15:00:00+05:30,6.804381,142.52374,9.726664,141.009
2056,2025-09-23 16:00:00+05:30,3.9477081,155.77226,7.327127,152.176
2057,2025-09-23 17:00:00+05:30,1.9881649,174.80566,6.9480934,163.44286
2058,2025-09-23 18:00:00+05:30,0.9,143.13002,4.8733153,184.23631
2059,2025-09-23 19:00:00+05:30,0.6489992,303.6901,2.2553935,241.38963
2060,2025-09-23 20:00:00+05:30,2.1068459,250.0168,3.8773184,248.19853
2061,2025-09-23 21:00:00+05:30,1.1384199,251.56496,2.6758924,250.34608
2062,2025-09-23 22:00:00+05:30,0.76367533,135.0001,3.096837,144.46223
2063,2025-09-23 23:00:00+05:30,2.8460495,124.69522,6.299999,143.13002
2064,2025-09-24 00:00:00+05:30,3.396233,147.99466,8.027677,160.34608
2065,2025-09-24 01:00:00+05:30,3.219938,153.43501,7.342588,168.69011
2066,2025-09-24 02:00:00+05:30,1.9134263,131.18582,4.0449963,159.14546
2067,2025-09-24 03:00:00+05:30,1.6981165,122.00535,3.745557,144.78232
2068,2025-09-24 04:00:00+05:30,4.379589,99.46225,7.9220443,111.317986
2069,2025-09-24 05:00:00+05:30,5.7852573,95.355736,12.461669,100.82296
2070,2025-09-24 06:00:00+05:30,4.6938252,94.39862,9.531505,100.88548
2071,2025-09-24 07:00:00+05:30,5.896202,102.33907,8.383054,104.93147
2072,2025-09-24 08:00:00+05:30,7.771331,103.39252,10.609316,104.743614
2073,2025-09-24 09:00:00+05:30,10.310403,106.22027,13.948548,107.26589
2074,2025-09-24 10:00:00+05:30,12.241323,109.76726,16.285772,110.0373
2075,2025-09-24 11:00:00+05:30,12.881008,123.02388,17.381886,121.87956
2076,2025-09-24 12:00:00+05:30,8.0899935,147.72438,10.63372,146.04091
2077,2025-09-24 13:00:00+05:30,7.3094187,142.00122,9.504272,142.69597
2078,2025-09-24 14:00:00+05:30,5.95906,115.01687,7.6579366,113.55228
2079,2025-09-24 15:00:00+05:30,4.942631,123.11135,6.452441,120.141304
2080,2025-09-24 16:00:00+05:30,5.223103,91.97489,7.970972,96.48298
2081,2025-09-24 17:00:00+05:30,3.7064266,119.05451,10.650465,120.46546
2082,2025-09-24 18:00:00+05:30,2.4149535,63.435013,4.175069,82.56869
2083,2025-09-24 19:00:00+05:30,1.26,90.0,3.438895,96.00892
2084,2025-09-24 20:00:00+05:30,1.835647,168.69011,4.755544,150.5242
2085,2025-09-24 21:00:00+05:30,0.6489992,123.690094,2.6758924,132.27362
2086,2025-09-24 22:00:00+05:30,2.0124612,100.30479,3.7064266,119.05451
2087,2025-09-24 23:00:00+05:30,4.327493,73.07241,8.049845,79.69521
2088,2025-09-25 00:00:00+05:30,4.6834598,87.79745,10.299397,95.01302
2089,2025-09-25 01:00:00+05:30,5.5916004,93.691315,13.084402,97.907074
2090,2025-09-25 02:00:00+05:30,4.5322843,83.15732,11.712455,92.642494
2091,2025-09-25 03:00:00+05:30,5.6060677,95.52745,13.239487,97.0283
2092,2025-09-25 04:00:00+05:30,4.412754,101.768265,12.016938,106.53492
2093,2025-09-25 05:00:00+05:30,2.4149535,116.56499,8.461914,119.29127
2094,2025-09-25 06:00:00+05:30,1.8,53.13002,5.6521144,99.16227
2095,2025-09-25 07:00:00+05:30,1.659518,49.398785,2.4482646,72.89719
2096,2025-09-25 08:00:00+05:30,2.7416782,23.198618,3.550155,30.465475
2097,2025-09-25 09:00:00+05:30,5.728979,46.27295,7.386582,46.97493
2098,2025-09-25 10:00:00+05:30,7.353611,68.45896,9.292255,68.40463
2099,2025-09-25 11:00:00+05:30,6.379216,73.61038,8.035746,74.407135
2100,2025-09-25 12:00:00+05:30,4.978554,49.398785,6.048107,53.471054
2101,2025-09-25 13:00:00+05:30,3.0652895,3.3664,4.6730714,15.642312
2102,2025-09-25 14:00:00+05:30,2.1674871,265.23645,2.1897945,279.46225
2103,2025-09-25 15:00:00+05:30,0.40249225,206.56499,0.25455844,135.0001
2104,2025-09-25 16:00:00+05:30,0.0,270.0,0.25455844,135.0001
2105,2025-09-25 17:00:00+05:30,1.659518,220.60121,3.0547013,224.9999
2106,2025-09-25 18:00:00+05:30,5.7628117,284.47034,9.144637,323.8067
2107,2025-09-25 19:00:00+05:30,4.5536795,288.43503,11.545284,300.96368
2108,2025-09-25 20:00:00+05:30,0.6489992,213.6901,4.4456716,328.24057
2109,2025-09-25 21:00:00+05:30,9.139322,212.12497,14.628807,214.47227
2110,2025-09-25 22:00:00+05:30,5.3939967,205.7099,9.565437,199.79897
2111,2025-09-25 23:00:00+05:30,6.9480934,233.42688,14.083778,231.22581
2112,2025-09-26 00:00:00+05:30,4.86,270.0,10.464798,266.0549
2113,2025-09-26 01:00:00+05:30,2.0523157,285.25516,6.206738,286.8585
2114,2025-09-26 02:00:00+05:30,1.3708391,336.8014,4.0249224,349.69522
2115,2025-09-26 03:00:00+05:30,1.8,360.0,5.1826253,20.323217
2116,2025-09-26 04:00:00+05:30,1.8,36.86999,6.193674,54.46224
2117,2025-09-26 05:00:00+05:30,2.8460495,34.69522,8.197414,70.76923
2118,2025-09-26 06:00:00+05:30,7.3821945,88.60285,16.584438,93.11078
2119,2025-09-26 07:00:00+05:30,5.6920996,71.564964,13.878688,80.29342
2120,2025-09-26 08:00:00+05:30,8.825508,78.231735,12.399113,80.81124
2121,2025-09-26 09:00:00+05:30,12.413476,106.85848,17.035456,105.945465
2122,2025-09-26 10:00:00+05:30,12.882267,105.39561,17.728857,105.3062
2123,2025-09-26 11:00:00+05:30,17.782686,121.75944,24.14014,120.96369
2124,2025-09-26 12:00:00+05:30,9.983106,115.64096,13.767352,115.55992
2125,2025-09-26 13:00:00+05:30,11.038858,114.05735,15.244842,112.93214
2126,2025-09-26 14:00:00+05:30,10.00256,120.256355,13.70839,119.93143
2127,2025-09-26 15:00:00+05:30,12.011544,119.63829,18.39878,120.57915
2128,2025-09-26 16:00:00+05:30,7.256032,133.99501,12.261157,130.23628
2129,2025-09-26 17:00:00+05:30,5.7964473,115.76928,13.447095,117.93705
2130,2025-09-26 18:00:00+05:30,11.196231,94.610565,22.491358,100.14074
2131,2025-09-26 19:00:00+05:30,12.98248,106.9276,24.604755,112.81336
2132,2025-09-26 20:00:00+05:30,12.134992,110.85454,22.945587,115.55992
2133,2025-09-26 21:00:00+05:30,11.51578,114.96276,22.140732,117.6066
2134,2025-09-26 22:00:00+05:30,11.500296,107.30062,21.659916,111.44781
2135,2025-09-26 23:00:00+05:30,12.882267,105.39561,23.513954,109.683426
2136,2025-09-27 00:00:00+05:30,12.124307,108.16605,22.19554,112.40546
2137,2025-09-27 01:00:00+05:30,10.759423,107.52566,20.122196,111.51595
2138,2025-09-27 02:00:00+05:30,12.362475,106.06006,22.206486,109.90384
2139,2025-09-27 03:00:00+05:30,12.011544,109.24962,21.72638,111.88962
2140,2025-09-27 04:00:00+05:30,11.726277,107.87879,21.659916,111.44781
2141,2025-09-27 05:00:00+05:30,13.672893,106.04907,24.482647,109.76726
2142,2025-09-27 06:00:00+05:30,13.6063795,117.58195,21.836456,119.10039
2143,2025-09-27 07:00:00+05:30,16.42839,122.471176,24.012972,123.690094
2144,2025-09-27 08:00:00+05:30,16.676977,122.660904,23.566256,122.8404
2145,2025-09-27 09:00:00+05:30,16.886454,125.89275,23.728615,125.73987
2146,2025-09-27 10:00:00+05:30,15.027575,124.261154,20.320877,124.53472
2147,2025-09-27 11:00:00+05:30,13.752047,127.01997,18.0,126.86999
2148,2025-09-27 12:00:00+05:30,15.172409,138.36656,19.89631,138.6679
2149,2025-09-27 13:00:00+05:30,19.656296,164.05453,28.038431,164.3577
2150,2025-09-27 14:00:00+05:30,13.466357,142.05779,18.470842,142.12495
2151,2025-09-27 15:00:00+05:30,10.210936,130.71075,14.037692,130.84027
2152,2025-09-27 16:00:00+05:30,8.53815,124.69522,12.348051,126.70295
2153,2025-09-27 17:00:00+05:30,7.6579366,119.57774,13.644427,126.41647
2154,2025-09-27 18:00:00+05:30,10.04458,126.25393,19.118168,127.733116
2155,2025-09-27 19:00:00+05:30,7.6579366,113.55228,16.028088,122.61923
2156,2025-09-27 20:00:00+05:30,7.6579366,119.57774,16.529644,128.36752
2157,2025-09-27 21:00:00+05:30,6.9270773,114.56716,15.696165,126.60716
2158,2025-09-27 22:00:00+05:30,7.289444,110.22495,16.434305,118.8107
2159,2025-09-27 23:00:00+05:30,6.0347,107.35411,14.411245,117.52514
2160,2025-09-28 00:00:00+05:30,5.815978,111.801476,13.737904,121.60746
2161,2025-09-28 01:00:00+05:30,5.7628117,104.47034,13.306615,120.033195
2162,2025-09-28 02:00:00+05:30,5.896202,102.33907,12.96125,117.27668
2163,2025-09-28 03:00:00+05:30,6.28713,113.62939,13.891522,121.218346
2164,2025-09-28 04:00:00+05:30,5.414979,111.44781,13.032298,122.59257
2165,2025-09-28 05:00:00+05:30,3.4763772,111.25058,10.587918,125.311295
2166,2025-09-28 06:00:00+05:30,4.1046314,127.875046,10.703569,137.72638
2167,2025-09-28 07:00:00+05:30,3.9966488,82.234924,6.0077944,98.61557
2168,2025-09-28 08:00:00+05:30,6.050785,112.751015,8.211235,116.00329
2169,2025-09-28 09:00:00+05:30,7.42159,112.833694,9.761578,112.78245
2170,2025-09-28 10:00:00+05:30,8.083983,101.560104,10.6261,100.738846
2171,2025-09-28 11:00:00+05:30,9.4238205,118.52302,12.236029,116.18805
2172,2025-09-28 12:00:00+05:30,9.5535755,132.70937,12.242646,131.42357
2173,2025-09-28 13:00:00+05:30,7.9077177,138.69148,10.310402,135.70723
2174,2025-09-28 14:00:00+05:30,6.5223618,152.02061,8.338489,147.3391
2175,2025-09-28 15:00:00+05:30,7.6642804,170.53775,9.9977,166.46413
2176,2025-09-28 16:00:00+05:30,7.928178,182.60251,12.959999,180.0
2177,2025-09-28 17:00:00+05:30,7.970972,186.48297,15.385525,186.04399
2178,2025-09-28 18:00:00+05:30,0.17999999,360.0,3.7842832,205.34613
2179,2025-09-28 19:00:00+05:30,3.1845248,47.290634,4.942631,56.88865
2180,2025-09-28 20:00:00+05:30,3.8141315,109.290146,8.085988,106.821495
2181,2025-09-28 21:00:00+05:30,6.1120534,166.37299,11.720751,169.3804
2182,2025-09-28 22:00:00+05:30,8.581677,189.65982,17.035456,195.94547
2183,2025-09-28 23:00:00+05:30,6.4323244,197.92801,14.178928,200.04533
2184,2025-09-29 00:00:00+05:30,5.1919937,213.6901,13.036026,215.4458
2185,2025-09-29 01:00:00+05:30,5.1481256,233.53067,12.599998,233.13002
2186,2025-09-29 02:00:00+05:30,4.952453,250.9064,12.241323,250.23274
2187,2025-09-29 03:00:00+05:30,5.6262593,277.3523,12.81165,274.0282
2188,2025-09-29 04:00:00+05:30,4.503598,272.29056,11.409785,276.3401
2189,2025-09-29 05:00:00+05:30,3.244996,273.17978,9.422101,276.58185
2190,2025-09-29 06:00:00+05:30,4.913044,331.55716,10.055864,314.27487
2191,2025-09-29 07:00:00+05:30,5.2478566,329.03632,8.39078,324.6051
2192,2025-09-29 08:00:00+05:30,4.829907,333.43503,6.439876,333.43503
2193,2025-09-29 09:00:00+05:30,3.4763772,338.74942,4.327493,343.0724
2194,2025-09-29 10:00:00+05:30,2.7534704,348.6901,3.6179552,354.2895
2195,2025-09-29 11:00:00+05:30,1.609969,333.43503,1.9881649,354.80566
2196,2025-09-29 12:00:00+05:30,1.8089776,264.2895,1.835647,281.3099
2197,2025-09-29 13:00:00+05:30,2.907989,248.19853,3.0758414,249.44386
2198,2025-09-29 14:00:00+05:30,5.154415,204.77512,5.9617786,208.88649
2199,2025-09-29 15:00:00+05:30,2.4014995,167.00539,3.0811036,186.70975
2200,2025-09-29 16:00:00+05:30,2.0991426,59.03632,2.2553935,61.389645
2201,2025-09-29 17:00:00+05:30,0.0,270.0,0.71999997,180.0
2202,2025-09-29 18:00:00+05:30,2.3400002,157.3801,5.4656014,162.75845
2203,2025-09-29 19:00:00+05:30,5.0911684,188.13002,9.621163,197.41806
2204,2025-09-29 20:00:00+05:30,4.32,180.0,8.461915,203.83875
2205,2025-09-29 21:00:00+05:30,3.710795,194.03627,8.242743,211.60745
2206,2025-09-29 22:00:00+05:30,2.1749482,245.55606,6.4323244,252.07199
2207,2025-09-29 23:00:00+05:30,2.4482646,252.89719,6.5024605,274.76355
2208,2025-09-30 00:00:00+05:30,2.6758924,250.34608,6.5693827,279.46225
2209,2025-09-30 01:00:00+05:30,3.536439,284.74362,8.461914,299.29126
2210,2025-09-30 02:00:00+05:30,3.438895,276.0089,8.863972,293.9625
2211,2025-09-30 03:00:00+05:30,3.362677,285.52417,8.93859,295.01685
2212,2025-09-30 04:00:00+05:30,3.6402748,278.53067,9.12513,292.01132
2213,2025-09-30 05:00:00+05:30,4.175069,277.4313,9.565437,289.79895
2214,2025-09-30 06:00:00+05:30,2.1749482,114.44395,0.5091169,135.0001
2215,2025-09-30 07:00:00+05:30,2.7238941,187.59456,3.710795,194.03627
2216,2025-09-30 08:00:00+05:30,1.1384199,251.56496,1.6299692,263.6599
2217,2025-09-30 09:00:00+05:30,3.745557,324.78232,4.942631,326.88864
2218,2025-09-30 10:00:00+05:30,3.0758414,339.44388,3.9312592,344.05453
2219,2025-09-30 11:00:00+05:30,3.0652893,319.7637,3.8939953,326.3099
2220,2025-09-30 12:00:00+05:30,3.2399998,270.0,3.8183763,278.13
2221,2025-09-30 13:00:00+05:30,5.2200003,270.0,6.3231,274.89902
2222,2025-09-30 14:00:00+05:30,6.4624763,257.125,8.171683,262.40546
2223,2025-09-30 15:00:00+05:30,4.942631,236.88864,6.12,241.92761
2224,2025-09-30 16:00:00+05:30,8.163749,255.96373,11.265469,257.074
2225,2025-09-30 17:00:00+05:30,5.8409934,236.3099,11.038858,245.94266
2226,2025-09-30 18:00:00+05:30,3.7971036,185.44025,7.2403865,214.8754
2227,2025-09-30 19:00:00+05:30,3.964089,182.60251,8.723967,201.80147
2228,2025-09-30 20:00:00+05:30,5.297018,189.78233,11.35285,205.34613
2229,2025-09-30 21:00:00+05:30,6.048107,216.52895,12.514855,229.66693
2230,2025-09-30 22:00:00+05:30,8.587338,236.97612,15.94804,249.51956
2231,2025-09-30 23:00:00+05:30,8.694204,242.90453,16.62249,252.3498
2232,2025-10-01 00:00:00+05:30,6.6185193,247.61981,13.556282,259.28693
2233,2025-10-01 01:00:00+05:30,7.3799996,180.0,12.320471,205.06743
2234,2025-10-01 02:00:00+05:30,9.555271,176.76036,19.08085,180.5405
2235,2025-10-01 03:00:00+05:30,7.674842,219.2894,11.616626,220.60121
2236,2025-10-01 04:00:00+05:30,7.2202215,274.28906,13.170786,273.91818
2237,2025-10-01 05:00:00+05:30,5.7431,212.19571,12.992459,227.24576
2238,2025-10-01 06:00:00+05:30,5.7964473,64.23073,4.5572357,80.909805
2239,2025-10-01 07:00:00+05:30,6.6697226,86.906006,8.311245,85.03035
2240,2025-10-01 08:00:00+05:30,9.387651,122.471176,12.287555,121.82741
2241,2025-10-01 09:00:00+05:30,10.04458,143.74608,13.356437,142.66673
2242,2025-10-01 10:00:00+05:30,8.209263,142.12495,10.8792095,141.04408
2243,2025-10-01 11:00:00+05:30,9.266067,114.07549,12.172312,113.532364
2244,2025-10-01 12:00:00+05:30,10.223619,116.11385,13.443481,116.22191
2245,2025-10-01 13:00:00+05:30,10.787993,115.70991,14.169785,115.58847
2246,2025-10-01 14:00:00+05:30,10.399576,113.459045,13.971756,111.93854
2247,2025-10-01 15:00:00+05:30,9.82114,116.09537,14.973577,117.18103
2248,2025-10-01 16:00:00+05:30,7.7420926,107.592514,11.555102,108.1528
2249,2025-10-01 17:00:00+05:30,4.5536795,108.43504,11.028581,116.14678
2250,2025-10-01 18:00:00+05:30,2.0523157,52.124958,7.519175,101.0409
2251,2025-10-01 19:00:00+05:30,5.223103,91.97489,12.007498,102.99462
2252,2025-10-01 20:00:00+05:30,5.7852573,84.644264,11.448055,106.44046
2253,2025-10-01 21:00:00+05:30,1.609969,26.564985,9.0,106.26028
2254,2025-10-01 22:00:00+05:30,7.24486,63.435013,14.848635,83.73661
2255,2025-10-01 23:00:00+05:30,9.292254,44.215275,16.85669,59.875774
2256,2025-10-02 00:00:00+05:30,7.922045,91.301926,15.070633,97.54933
2257,2025-10-02 01:00:00+05:30,9.0018,78.46541,15.151039,80.42585
2258,2025-10-02 02:00:00+05:30,10.070353,65.72557,17.782688,68.62931
2259,2025-10-02 03:00:00+05:30,14.027302,81.14212,23.555254,83.41815
2260,2025-10-02 04:00:00+05:30,13.864674,88.51217,23.040703,90.44761
2261,2025-10-02 05:00:00+05:30,12.535548,74.16755,22.789024,76.29302
2262,2025-10-02 06:00:00+05:30,14.589996,87.87895,23.582748,90.874664
2263,2025-10-02 07:00:00+05:30,13.321216,90.77421,21.097658,93.423805
2264,2025-10-02 08:00:00+05:30,16.733225,101.7934,24.32665,102.39085
2265,2025-10-02 09:00:00+05:30,14.887859,104.70835,21.091515,105.34095
2266,2025-10-02 10:00:00+05:30,16.327497,104.03627,22.134876,104.60131
2267,2025-10-02 11:00:00+05:30,15.496736,120.73541,21.547436,120.635345
2268,2025-10-02 12:00:00+05:30,9.6480665,104.03627,14.192631,105.44638
2269,2025-10-02 13:00:00+05:30,12.241323,107.10281,16.507088,108.43504
2270,2025-10-02 14:00:00+05:30,14.420235,114.32556,20.85671,115.01687
2271,2025-10-02 15:00:00+05:30,10.209348,99.1301,16.09969,100.30479
2272,2025-10-02 16:00:00+05:30,14.192631,105.44638,24.193098,107.76101
2273,2025-10-02 17:00:00+05:30,13.32,108.92474,23.967728,112.52061
2274,2025-10-02 18:00:00+05:30,13.379461,100.85637,23.665035,104.98762
2275,2025-10-02 19:00:00+05:30,13.666967,102.93806,23.861374,106.65792
2276,2025-10-02 20:00:00+05:30,13.238261,101.768265,23.241617,106.18928
2277,2025-10-02 21:00:00+05:30,15.192682,103.706985,25.149162,104.93147
2278,2025-10-02 22:00:00+05:30,14.000713,98.13002,24.251951,101.560104
2279,2025-10-02 23:00:00+05:30,13.026081,101.154625,23.22558,104.359375
2280,2025-10-03 00:00:00+05:30,14.628807,108.65798,25.513054,110.22495
2281,2025-10-03 01:00:00+05:30,13.277364,105.73207,23.395153,108.85326
2282,2025-10-03 02:00:00+05:30,13.519186,93.052826,22.91026,98.13002
2283,2025-10-03 03:00:00+05:30,13.896187,106.55715,24.310663,107.22758
2284,2025-10-03 04:00:00+05:30,14.973576,99.68872,25.699057,101.3099
2285,2025-10-03 05:00:00+05:30,14.288191,109.11983,25.331442,107.7913
2286,2025-10-03 06:00:00+05:30,15.315873,113.55228,25.056879,114.17144
2287,2025-10-03 07:00:00+05:30,16.595179,93.73133,27.315554,98.71738
2288,2025-10-03 08:00:00+05:30,16.90563,108.62795,28.64772,112.536835
2289,2025-10-03 09:00:00+05:30,18.937675,126.107544,27.725258,125.75398
2290,2025-10-03 10:00:00+05:30,15.9134655,127.64769,23.417301,129.0725
2291,2025-10-03 11:00:00+05:30,14.664202,138.48337,20.285769,138.95766
2292,2025-10-03 12:00:00+05:30,14.730336,147.47513,20.073025,147.45001
2293,2025-10-03 13:00:00+05:30,12.69351,108.178116,18.183563,111.48551
2294,2025-10-03 14:00:00+05:30,11.063778,111.97456,15.244842,112.93214
2295,2025-10-03 15:00:00+05:30,5.0911684,135.0001,8.893166,144.0578
2296,2025-10-03 16:00:00+05:30,6.8541956,113.198616,13.779114,123.2749
2297,2025-10-03 17:00:00+05:30,7.968939,108.43504,16.1198,119.42737
2298,2025-10-03 18:00:00+05:30,9.178235,115.55992,17.782686,121.75944
2299,2025-10-03 19:00:00+05:30,10.308831,102.09474,19.95485,111.705505
2300,2025-10-03 20:00:00+05:30,9.278297,108.08354,19.098671,113.90766
2301,2025-10-03 21:00:00+05:30,11.368535,113.317726,21.822353,118.04459
2302,2025-10-03 22:00:00+05:30,9.627896,110.80687,19.408306,118.22868
2303,2025-10-03 23:00:00+05:30,13.929953,122.868675,25.051704,129.7528
2304,2025-10-04 00:00:00+05:30,11.734564,131.26851,21.76512,135.33504
2305,2025-10-04 01:00:00+05:30,11.583108,135.62952,21.540668,138.04846
2306,2025-10-04 02:00:00+05:30,11.837651,135.61598,22.825958,138.51665
2307,2025-10-04 03:00:00+05:30,8.913181,136.63654,18.218275,142.22426
2308,2025-10-04 04:00:00+05:30,14.410121,138.54486,25.367228,138.16397
2309,2025-10-04 05:00:00+05:30,13.327294,106.47696,23.597168,114.80564
2310,2025-10-04 06:00:00+05:30,15.072783,130.15593,25.591038,133.57509
2311,2025-10-04 07:00:00+05:30,13.723745,163.2287,20.561798,159.50258
2312,2025-10-04 08:00:00+05:30,12.007498,156.12471,18.353823,153.18373
2313,2025-10-04 09:00:00+05:30,13.926464,153.10384,20.690605,152.54335
2314,2025-10-04 10:00:00+05:30,14.730336,147.47513,20.436144,148.69011
2315,2025-10-04 11:00:00+05:30,12.815443,150.55467,17.04021,148.82872
2316,2025-10-04 12:00:00+05:30,15.146761,183.40637,22.877708,177.74547
2317,2025-10-04 13:00:00+05:30,9.686609,138.01286,15.951087,139.11829
2318,2025-10-04 14:00:00+05:30,14.291592,139.08571,21.3412,140.13261
2319,2025-10-04 15:00:00+05:30,6.9480934,126.57312,10.310402,134.29277
2320,2025-10-04 16:00:00+05:30,10.957846,137.66306,17.47484,138.75865
2321,2025-10-04 17:00:00+05:30,12.007498,130.13542,22.049082,137.9781
2322,2025-10-04 18:00:00+05:30,13.184308,147.82881,24.509762,156.63564
2323,2025-10-04 19:00:00+05:30,12.936228,148.07916,24.312662,152.6762
2324,2025-10-04 20:00:00+05:30,13.040997,153.78868,24.334642,158.74942
2325,2025-10-04 21:00:00+05:30,13.971756,158.06146,25.105322,162.47435
2326,2025-10-04 22:00:00+05:30,14.689589,162.89719,25.932495,166.34956
2327,2025-10-04 23:00:00+05:30,17.262177,168.57294,29.533169,170.88222
2328,2025-10-05 00:00:00+05:30,15.367616,174.62338,26.548018,175.33322
2329,2025-10-05 01:00:00+05:30,13.690654,177.73955,24.12067,179.57243
2330,2025-10-05 02:00:00+05:30,11.701385,180.88138,21.109173,183.9115
2331,2025-10-05 03:00:00+05:30,14.799459,184.18483,26.239285,185.90605
2332,2025-10-05 04:00:00+05:30,5.994297,221.34767,12.236029,206.18805
2333,2025-10-05 05:00:00+05:30,12.108261,191.14285,21.573734,190.09099
2334,2025-10-05 06:00:00+05:30,17.968472,169.0278,28.766228,171.36295
2335,2025-10-05 07:00:00+05:30,15.451717,188.03561,20.688257,190.52773
2336,2025-10-05 08:00:00+05:30,12.461669,190.82297,17.90344,192.77873
2337,2025-10-05 09:00:00+05:30,13.040997,200.18588,17.54977,201.03758
2338,2025-10-05 10:00:00+05:30,10.83893,215.53777,14.584443,215.45555
2339,2025-10-05 11:00:00+05:30,9.668195,208.9509,12.642357,208.02441
2340,2025-10-05 12:00:00+05:30,6.6405115,237.17146,8.187527,236.65927
2341,2025-10-05 13:00:00+05:30,4.952453,250.9064,6.0908127,251.0295
2342,2025-10-05 14:00:00+05:30,4.060985,257.19574,5.068846,253.49556
2343,2025-10-05 15:00:00+05:30,12.961249,232.3343,19.200188,231.08852
2344,2025-10-05 16:00:00+05:30,9.761578,292.78244,16.108742,288.23257
2345,2025-10-05 17:00:00+05:30,7.9526596,264.80566,14.205182,261.2539
2346,2025-10-05 18:00:00+05:30,2.5264204,4.085537,5.994297,311.3477
2347,2025-10-05 19:00:00+05:30,5.4149795,105.42222,6.122647,88.31535
2348,2025-10-05 20:00:00+05:30,5.6492476,149.34941,11.345712,138.21558
2349,2025-10-05 21:00:00+05:30,2.5772078,167.90526,7.6473517,153.43501
2350,2025-10-05 22:00:00+05:30,2.0523157,232.12495,4.6938252,184.39862
2351,2025-10-05 23:00:00+05:30,2.3400002,202.6199,5.6060677,174.47255
2352,2025-10-06 00:00:00+05:30,3.381893,205.2011,7.486788,189.68872
2353,2025-10-06 01:00:00+05:30,3.8183763,171.86998,8.641874,181.19347
2354,2025-10-06 02:00:00+05:30,5.5829024,181.84756,11.9140415,184.33223
2355,2025-10-06 03:00:00+05:30,4.6938252,175.60138,11.345713,181.81827
2356,2025-10-06 04:00:00+05:30,3.6402748,188.53069,10.132897,192.308
2357,2025-10-06 05:00:00+05:30,2.9301877,222.5104,7.145796,229.08571
2358,2025-10-06 06:00:00+05:30,3.319036,229.39879,6.59154,235.0079
2359,2025-10-06 07:00:00+05:30,3.3092597,202.38017,4.4274144,206.56499
2360,2025-10-06 08:00:00+05:30,4.5,196.26028,5.8104043,196.18927
2361,2025-10-06 09:00:00+05:30,4.599695,210.57915,5.896202,211.26367
2362,2025-10-06 10:00:00+05:30,4.198285,239.0363,5.3426957,237.38077
2363,2025-10-06 11:00:00+05:30,5.2416787,254.05453,6.5520988,254.05453
2364,2025-10-06 12:00:00+05:30,4.327493,253.0724,5.6920996,251.56496
2365,2025-10-06 13:00:00+05:30,4.8633323,272.12103,6.310277,273.27042
2366,2025-10-06 14:00:00+05:30,5.6920996,288.43503,7.458606,289.74692
2367,2025-10-06 15:00:00+05:30,5.8048253,299.74478,7.9036193,300.06848
2368,2025-10-06 16:00:00+05:30,2.7534704,258.6901,5.232399,273.9451
2369,2025-10-06 17:00:00+05:30,4.1085763,118.8107,6.7205353,110.37652
2370,2025-10-06 18:00:00+05:30,4.412754,168.23174,7.0591216,160.64091
2371,2025-10-06 19:00:00+05:30,7.3469996,149.03632,15.137133,154.65387
2372,2025-10-06 20:00:00+05:30,7.6473517,153.43501,16.712881,157.85477
2373,2025-10-06 21:00:00+05:30,8.131936,152.30061,17.304358,161.18802
2374,2025-10-06 22:00:00+05:30,6.8138976,167.79955,15.477906,171.30458
2375,2025-10-06 23:00:00+05:30,5.7515564,159.86362,13.1412325,166.53477
2376,2025-10-07 00:00:00+05:30,5.4833565,156.80138,12.2519045,169.8458
2377,2025-10-07 01:00:00+05:30,7.256032,150.2552,14.810401,159.36237
2378,2025-10-07 02:00:00+05:30,5.9834766,338.83865,4.965521,316.46872
2379,2025-10-07 03:00:00+05:30,1.7076298,18.435053,1.5484185,215.53777
2380,2025-10-07 04:00:00+05:30,0.76367533,315.0001,3.9966483,234.16226
2381,2025-10-07 05:00:00+05:30,0.9693296,291.80148,5.692099,235.30478
2382,2025-10-07 06:00:00+05:30,1.8,216.86998,5.3517847,227.72638
2383,2025-10-07 07:00:00+05:30,1.4058449,129.80553,1.5379207,159.44388
2384,2025-10-07 08:00:00+05:30,1.0182338,135.0001,1.2727921,135.0001
2385,2025-10-07 09:00:00+05:30,2.2768397,71.564964,2.7943513,75.068535
2386,2025-10-07 10:00:00+05:30,2.9024127,97.12492,3.6402748,98.530685
2387,2025-10-07 11:00:00+05:30,1.9386592,68.19853,2.2768397,71.564964
2388,2025-10-07 12:00:00+05:30,2.19718,124.992096,2.6999998,126.86998
2389,2025-10-07 13:00:00+05:30,3.244996,146.3099,4.0449967,147.72438
2390,2025-10-07 14:00:00+05:30,3.6179552,174.2895,4.514377,175.42616
2391,2025-10-07 15:00:00+05:30,3.2599385,173.6599,4.14,180.0
2392,2025-10-07 16:00:00+05:30,3.5864744,197.52567,7.458606,199.74693
2393,2025-10-07 17:00:00+05:30,5.95906,205.01686,12.801531,207.64589
2394,2025-10-07 18:00:00+05:30,5.509882,231.63248,11.975074,222.56331
2395,2025-10-07 19:00:00+05:30,3.8773184,248.19853,9.299225,227.35333
2396,2025-10-07 20:00:00+05:30,2.19718,214.9921,7.9567327,217.64769
2397,2025-10-07 21:00:00+05:30,4.5891175,138.17992,8.880405,162.29948
2398,2025-10-07 22:00:00+05:30,7.0407386,147.52882,15.779543,154.3119
2399,2025-10-07 23:00:00+05:30,5.0142193,158.96242,12.324414,173.29025
2400,2025-10-08 00:00:00+05:30,1.7076298,288.43503,7.406295,205.94225
2401,2025-10-08 01:00:00+05:30,4.143911,2.4894993,2.1068459,289.9832
2402,2025-10-08 02:00:00+05:30,4.39436,325.0079,6.601363,281.00348
2403,2025-10-08 03:00:00+05:30,7.001514,316.04153,12.033103,304.641
2404,2025-10-08 04:00:00+05:30,2.7238941,7.59456,6.8541956,336.8014
2405,2025-10-08 05:00:00+05:30,2.1897945,80.53775,3.8141315,19.290138
2406,2025-10-08 06:00:00+05:30,5.4833565,113.19862,7.1208143,106.14441
2407,2025-10-08 07:00:00+05:30,2.657668,118.30067,3.4623692,117.89718
2408,2025-10-08 08:00:00+05:30,2.6758924,132.27362,3.3092594,135.0001
2409,2025-10-08 09:00:00+05:30,2.2768397,161.56496,2.8460498,161.56496
2410,2025-10-08 10:00:00+05:30,1.8532133,209.0545,2.2553935,208.61037
2411,2025-10-08 11:00:00+05:30,2.3400002,247.3801,2.8174455,243.43501
2412,2025-10-08 12:00:00+05:30,2.0364676,224.9999,2.6758924,227.72638
2413,2025-10-08 13:00:00+05:30,6.0347,197.35411,7.458606,199.74693
2414,2025-10-08 14:00:00+05:30,6.763786,205.2011,9.340941,205.08356
2415,2025-10-08 15:00:00+05:30,3.7971041,148.57048,4.445672,158.62932
2416,2025-10-08 16:00:00+05:30,4.599695,120.57915,6.2405767,123.23173
2417,2025-10-08 17:00:00+05:30,5.223103,178.02512,13.504799,178.4725
2418,2025-10-08 18:00:00+05:30,5.48631,131.00899,12.904882,149.8587
2419,2025-10-08 19:00:00+05:30,3.4623692,152.10283,9.224011,174.40076
2420,2025-10-08 20:00:00+05:30,3.8268526,131.18582,8.383054,165.06853
2421,2025-10-08 21:00:00+05:30,2.8460498,161.56496,7.388775,182.79265
2422,2025-10-08 22:00:00+05:30,4.327493,196.9276,10.564942,203.07043
2423,2025-10-08 23:00:00+05:30,7.491114,215.21768,14.248452,206.24129
2424,2025-10-09 00:00:00+05:30,3.244996,160.55988,9.208192,184.48453
2425,2025-10-09 01:00:00+05:30,1.0182338,44.999897,2.5455842,135.0001
2426,2025-10-09 02:00:00+05:30,8.777653,344.53873,11.9466305,329.18436
2427,2025-10-09 03:00:00+05:30,0.9,36.86999,5.2416787,344.05453
2428,2025-10-09 04:00:00+05:30,0.9178235,101.3099,1.781909,44.999897
2429,2025-10-09 05:00:00+05:30,2.1749482,245.55606,7.1661706,258.40784
2430,2025-10-09 06:00:00+05:30,2.968636,255.96373,5.771239,273.57626
2431,2025-10-09 07:00:00+05:30,4.942631,303.11136,6.6405115,302.82855
2432,2025-10-09 08:00:00+05:30,4.5,323.13,5.796447,323.8417
2433,2025-10-09 09:00:00+05:30,4.7827187,340.20102,6.0908127,341.02948
2434,2025-10-09 10:00:00+05:30,4.724786,342.25522,5.7628117,345.52966
2435,2025-10-09 11:00:00+05:30,11.672275,342.96216,16.108742,341.7674
2436,2025-10-09 12:00:00+05:30,6.489992,19.440128,8.39078,22.714453
2437,2025-10-09 13:00:00+05:30,4.724786,40.364468,6.090812,34.159744
2438,2025-10-09 14:00:00+05:30,4.1085763,28.810698,5.4833565,23.198618
2439,2025-10-09 15:00:00+05:30,3.9966483,54.16227,5.3517847,47.72637
2440,2025-10-09 16:00:00+05:30,1.609969,116.56499,2.7059932,93.814
2441,2025-10-09 17:00:00+05:30,2.6208394,195.94547,4.3536186,209.7448
2442,2025-10-09 18:00:00+05:30,2.34,180.0,4.3536186,209.7448
2443,2025-10-09 19:00:00+05:30,1.484318,255.96373,5.0911684,278.13
2444,2025-10-09 20:00:00+05:30,2.1674871,221.63345,4.86,270.0
2445,2025-10-09 21:00:00+05:30,2.3051248,231.34016,4.913044,278.42688
2446,2025-10-09 22:00:00+05:30,2.8856194,266.42374,5.318383,293.9625
2447,2025-10-09 23:00:00+05:30,3.9966483,305.83774,10.742848,328.70703
2448,2025-10-10 00:00:00+05:30,0.35999998,180.0,3.710795,345.9637
2449,2025-10-10 01:00:00+05:30,0.76367533,135.0001,3.4576871,51.34017
2450,2025-10-10 02:00:00+05:30,2.8460495,325.30478,8.490582,4.864438
2451,2025-10-10 03:00:00+05:30,2.97953,334.98312,8.019601,9.039405
2452,2025-10-10 04:00:00+05:30,2.4149535,333.43503,7.2805495,8.530692
2453,2025-10-10 05:00:00+05:30,8.694204,332.90454,18.29459,336.20923
2454,2025-10-10 06:00:00+05:30,8.149847,353.6599,17.468348,358.22855
2455,2025-10-10 07:00:00+05:30,6.4624763,347.125,12.841963,354.36942
2456,2025-10-10 08:00:00+05:30,7.562142,1.3638979,10.63372,2.9107854
2457,2025-10-10 09:00:00+05:30,9.144637,10.203924,12.284916,10.980613
2458,2025-10-10 10:00:00+05:30,8.37532,8.652461,11.190442,11.129155
2459,2025-10-10 11:00:00+05:30,8.641874,1.1934711,11.173057,2.7701654
2460,2025-10-10 12:00:00+05:30,9.016185,356.56644,11.525623,358.21014
2461,2025-10-10 13:00:00+05:30,10.636766,336.0375,14.372974,337.93204
2462,2025-10-10 14:00:00+05:30,11.35285,334.65387,15.882896,336.63086
2463,2025-10-10 15:00:00+05:30,10.223619,333.88614,14.74902,336.2505
2464,2025-10-10 16:00:00+05:30,4.802999,347.00537,10.272623,348.887
2465,2025-10-10 17:00:00+05:30,1.7076298,71.564964,6.12,28.072395
2466,2025-10-10 18:00:00+05:30,2.1674871,131.63345,4.802999,77.00539
2467,2025-10-10 19:00:00+05:30,2.1897945,170.53775,4.0249224,116.56499
2468,2025-10-10 20:00:00+05:30,1.1384199,161.56496,3.143565,113.62939
2469,2025-10-10 21:00:00+05:30,2.5959969,303.6901,3.8268526,311.18582
2470,2025-10-10 22:00:00+05:30,4.072935,315.0001,8.893166,324.0578
2471,2025-10-10 23:00:00+05:30,5.7402787,318.81418,14.650938,333.74982
2472,2025-10-11 00:00:00+05:30,5.6492476,329.3494,15.25865,342.8475
2473,2025-10-11 01:00:00+05:30,6.2145634,349.99207,15.991659,348.31067
2474,2025-10-11 02:00:00+05:30,6.330782,345.17346,16.418526,344.7448
2475,2025-10-11 03:00:00+05:30,5.2478566,337.8336,15.14783,339.8423
2476,2025-10-11 04:00:00+05:30,3.01735,342.64587,11.132385,345.9637
2477,2025-10-11 05:00:00+05:30,5.7431,327.8043,15.611304,339.05728
2478,2025-10-11 06:00:00+05:30,8.133928,335.13632,15.94804,343.61038
2479,2025-10-11 07:00:00+05:30,6.21717,337.8905,12.580699,340.78723
2480,2025-10-11 08:00:00+05:30,6.830519,341.56494,9.568824,343.61038
2481,2025-10-11 09:00:00+05:30,7.3094187,350.07382,9.6228485,352.47626
2482,2025-10-11 10:00:00+05:30,6.725354,344.47583,8.688613,346.82742
2483,2025-10-11 11:00:00+05:30,6.050785,337.249,7.7420926,342.40747
2484,2025-10-11 12:00:00+05:30,6.444905,324.09018,8.242743,328.39255
2485,2025-10-11 13:00:00+05:30,7.127636,315.0001,9.059205,319.02835
2486,2025-10-11 14:00:00+05:30,7.891311,315.0001,10.32924,318.53238
2487,2025-10-11 15:00:00+05:30,7.562142,308.23386,10.195057,312.1375
2488,2025-10-11 16:00:00+05:30,6.1858225,278.36578,11.841756,289.53674
2489,2025-10-11 17:00:00+05:30,7.2359104,275.7105,15.328561,279.46225
2490,2025-10-11 18:00:00+05:30,5.1544156,282.09473,10.706595,286.60706
2491,2025-10-11 19:00:00+05:30,2.7238941,277.59454,4.846648,291.80148
2492,2025-10-11 20:00:00+05:30,2.3400002,292.6199,4.896529,287.1028
2493,2025-10-11 21:00:00+05:30,5.6233797,309.8055,11.666721,308.10764
2494,2025-10-11 22:00:00+05:30,7.889258,304.7779,17.654688,309.20718
2495,2025-10-11 23:00:00+05:30,7.0107627,311.87778,17.326813,312.47385
2496,2025-10-12 00:00:00+05:30,6.279395,332.7005,14.926983,326.3099
2497,2025-10-12 01:00:00+05:30,5.4833565,336.8014,14.275713,336.9911
2498,2025-10-12 02:00:00+05:30,5.6492476,329.3494,14.84318,337.1663
2499,2025-10-12 03:00:00+05:30,5.8603754,317.4896,15.070633,330.67963
2500,2025-10-12 04:00:00+05:30,5.8603754,317.4896,14.98331,331.27975
2501,2025-10-12 05:00:00+05:30,4.4456716,301.75943,12.425216,321.4698
2502,2025-10-12 06:00:00+05:30,6.59154,304.9921,12.242646,318.57642
2503,2025-10-12 07:00:00+05:30,4.978554,310.60123,9.801326,315.74396
2504,2025-10-12 08:00:00+05:30,7.0934615,324.2932,9.585739,325.71307
2505,2025-10-12 09:00:00+05:30,8.149847,329.47037,10.630672,331.69934
2506,2025-10-12 10:00:00+05:30,7.7900705,319.68597,10.152064,322.92685
2507,2025-10-12 11:00:00+05:30,8.536252,312.4362,10.948973,313.66785
2508,2025-10-12 12:00:00+05:30,9.299225,312.64667,12.097553,313.19128
2509,2025-10-12 13:00:00+05:30,9.686609,311.98712,12.738099,312.70938
2510,2025-10-12 14:00:00+05:30,9.220499,308.65982,12.284918,309.05313
2511,2025-10-12 15:00:00+05:30,8.536252,312.4362,12.362475,312.04913
2512,2025-10-12 16:00:00+05:30,5.2323985,319.18503,12.242646,318.57642
2513,2025-10-12 17:00:00+05:30,5.8409934,326.3099,15.3771,321.6544
2514,2025-10-12 18:00:00+05:30,4.3573384,321.70978,12.097553,316.80872
2515,2025-10-12 19:00:00+05:30,2.6758924,312.27362,8.805294,310.8553
2516,2025-10-12 20:00:00+05:30,2.52,270.0,7.4128532,299.0545
2517,2025-10-12 21:00:00+05:30,3.7971036,264.55975,8.197414,289.23077
2518,2025-10-12 22:00:00+05:30,5.2478566,292.16638,10.966713,293.1986
2519,2025-10-12 23:00:00+05:30,5.3426957,302.61923,13.060857,299.74478
2520,2025-10-13 00:00:00+05:30,5.22,316.3971,11.919479,321.7455
2521,2025-10-13 01:00:00+05:30,6.248359,318.50363,13.462749,330.35022
2522,2025-10-13 02:00:00+05:30,6.8919086,319.23648,15.543706,331.6544
2523,2025-10-13 03:00:00+05:30,7.256032,330.25522,17.31746,339.30447
2524,2025-10-13 04:00:00+05:30,6.7205353,339.62347,16.810495,347.00537
2525,2025-10-13 05:00:00+05:30,6.830519,341.56494,16.909464,348.33124
2526,2025-10-13 06:00:00+05:30,7.3997297,341.56494,15.683776,350.75397
2527,2025-10-13 07:00:00+05:30,6.725354,344.47583,11.755254,348.51804
2528,2025-10-13 08:00:00+05:30,8.553314,351.52893,11.767651,353.85345
2529,2025-10-13 09:00:00+05:30,9.734988,356.82022,12.961249,359.20428
2530,2025-10-13 10:00:00+05:30,8.688613,346.82742,11.543881,349.21573
2531,2025-10-13 11:00:00+05:30,10.546525,332.56036,13.854155,335.43283
2532,2025-10-13 12:00:00+05:30,11.19189,332.19864,14.897651,334.98312
2533,2025-10-13 13:00:00+05:30,11.4862,327.8043,15.22783,331.01126
2534,2025-10-13 14:00:00+05:30,11.952054,322.95743,16.279802,324.9041
2535,2025-10-13 15:00:00+05:30,11.091564,318.28934,15.742541,321.03326
2536,2025-10-13 16:00:00+05:30,7.7879906,303.6901,14.565548,309.98682
2537,2025-10-13 17:00:00+05:30,8.067936,308.65982,17.339897,311.63345
2538,2025-10-13 18:00:00+05:30,4.91634,293.7495,12.283599,304.85452
2539,2025-10-13 19:00:00+05:30,2.9024127,277.1249,7.9932966,305.83774
2540,2025-10-13 20:00:00+05:30,4.080882,311.42358,10.195057,317.86246
2541,2025-10-13 21:00:00+05:30,8.78872,325.0079,18.337044,328.65045
2542,2025-10-13 22:00:00+05:30,8.297589,335.6589,19.125793,341.906
2543,2025-10-13 23:00:00+05:30,8.39078,337.28555,19.41415,342.74097
2544,2025-10-14 00:00:00+05:30,7.9138603,342.80136,18.430452,347.5926
2545,2025-10-14 01:00:00+05:30,8.0599,336.29733,18.568811,343.67307
2546,2025-10-14 02:00:00+05:30,8.461914,330.70874,18.751991,338.60703
2547,2025-10-14 03:00:00+05:30,8.37532,331.78275,18.855375,339.31583
2548,2025-10-14 04:00:00+05:30,7.5213294,338.9624,17.902534,344.84586
2549,2025-10-14 05:00:00+05:30,7.486788,350.31128,18.22361,356.0354
2550,2025-10-14 06:00:00+05:30,8.528657,352.72507,16.928614,358.17206
2551,2025-10-14 07:00:00+05:30,6.310277,356.72958,12.425216,358.33975
2552,2025-10-14 08:00:00+05:30,8.131936,354.92047,11.35285,357.27374
2553,2025-10-14 09:00:00+05:30,10.538843,352.14676,14.292725,354.21768
2554,2025-10-14 10:00:00+05:30,11.897714,349.54013,16.011908,351.5967
2555,2025-10-14 11:00:00+05:30,13.433838,342.0505,17.950432,344.2913
2556,2025-10-14 12:00:00+05:30,12.904882,337.01126,17.31746,339.30447
2557,2025-10-14 13:00:00+05:30,11.334285,339.55035,15.312701,342.20392
2558,2025-10-14 14:00:00+05:30,11.521406,331.03244,15.617529,334.02567
2559,2025-10-14 15:00:00+05:30,11.272657,321.48303,16.67795,325.10922
2560,2025-10-14 16:00:00+05:30,8.338489,302.6609,16.188995,311.84506
2561,2025-10-14 17:00:00+05:30,7.7734165,317.8156,16.947744,329.3494
2562,2025-10-14 18:00:00+05:30,7.1389914,326.3099,17.183167,337.1954
2563,2025-10-14 19:00:00+05:30,7.7879906,326.3099,17.63816,335.26572
2564,2025-10-14 20:00:00+05:30,8.669949,318.36655,18.089775,328.84076
2565,2025-10-14 21:00:00+05:30,7.9932966,324.16226,17.71423,334.73694
2566,2025-10-14 22:00:00+05:30,6.9270773,335.43283,17.288435,345.52966
2567,2025-10-14 23:00:00+05:30,7.229191,341.1138,17.47484,348.11136
2568,2025-10-15 00:00:00+05:30,7.754637,338.19852,18.079027,347.34744
2569,2025-10-15 01:00:00+05:30,7.9383874,327.03058,18.11841,339.04413
2570,2025-10-15 02:00:00+05:30,8.574123,320.96448,18.838184,332.7005
2571,2025-10-15 03:00:00+05:30,8.836514,326.6336,19.726225,332.2659
2572,2025-10-15 04:00:00+05:30,8.0899935,327.72437,18.847641,331.477
2573,2025-10-15 05:00:00+05:30,8.490582,327.99466,19.1588,333.19427
2574,2025-10-15 06:00:00+05:30,9.044888,328.84076,18.116623,334.708
2575,2025-10-15 07:00:00+05:30,6.7397914,325.8855,13.288341,331.69934
2576,2025-10-15 08:00:00+05:30,8.037761,325.954,11.391313,328.5705
2577,2025-10-15 09:00:00+05:30,10.134495,326.59216,13.4903965,328.64297
2578,2025-10-15 10:00:00+05:30,9.793059,323.97253,12.730468,326.5346
2579,2025-10-15 11:00:00+05:30,8.528657,314.145,10.571074,317.07004
2580,2025-10-15 12:00:00+05:30,7.9567327,307.64767,10.210936,310.71075
2581,2025-10-15 13:00:00+05:30,8.099999,306.86996,10.373061,308.65982
2582,2025-10-15 14:00:00+05:30,8.893166,305.9422,11.525623,308.65982
2583,2025-10-15 15:00:00+05:30,9.361731,307.97165,13.125196,312.22076
2584,2025-10-15 16:00:00+05:30,8.0599,299.42737,16.248924,309.15543
2585,2025-10-15 17:00:00+05:30,9.361731,307.97165,19.89631,311.33212
2586,2025-10-15 18:00:00+05:30,8.65873,313.31537,18.589739,313.4307
2587,2025-10-15 19:00:00+05:30,5.728979,316.27295,12.98248,315.0001
2588,2025-10-15 20:00:00+05:30,4.39436,304.9921,8.92408,311.72943
2589,2025-10-15 21:00:00+05:30,2.7238941,277.59454,5.8409934,303.6901
2590,2025-10-15 22:00:00+05:30,2.8460495,235.30478,3.8856654,283.39252
2591,2025-10-15 23:00:00+05:30,5.04,270.0,9.0,286.26028
2592,2025-10-16 00:00:00+05:30,4.5891175,295.5599,11.43248,303.43988
2593,2025-10-16 01:00:00+05:30,3.8183763,315.0001,9.983106,334.35904
2594,2025-10-16 02:00:00+05:30,3.8268526,318.81415,9.444426,352.33328
2595,2025-10-16 03:00:00+05:30,3.9640884,320.52756,9.3669195,357.79745
2596,2025-10-16 04:00:00+05:30,3.710795,320.90613,8.459999,360.0
2597,2025-10-16 05:00:00+05:30,6.8919086,319.23648,12.768586,338.4985
2598,2025-10-16 06:00:00+05:30,7.44121,327.84772,14.30632,338.6001
2599,2025-10-16 07:00:00+05:30,5.293959,324.6887,14.49531,335.0261
2600,2025-10-16 08:00:00+05:30,6.9247384,332.1028,9.906544,335.2976
2601,2025-10-16 09:00:00+05:30,6.898956,352.50424,9.016185,356.56644
2602,2025-10-16 10:00:00+05:30,4.143911,2.4894993,5.297018,9.782338
2603,2025-10-16 11:00:00+05:30,4.293669,326.97614,5.318383,336.0375
2604,2025-10-16 12:00:00+05:30,5.004518,307.6943,5.983477,316.2188
2605,2025-10-16 13:00:00+05:30,6.8423676,296.56497,8.305396,299.8988
2606,2025-10-16 14:00:00+05:30,6.9247384,297.8972,8.490582,302.00534
2607,2025-10-16 15:00:00+05:30,8.099999,306.86996,10.464797,310.81497
2608,2025-10-16 16:00:00+05:30,8.338489,302.6609,15.15104,316.44406
2609,2025-10-16 17:00:00+05:30,6.725354,285.52417,14.438198,305.8699
2610,2025-10-16 18:00:00+05:30,5.6521144,279.16226,12.801531,297.64587
2611,2025-10-16 19:00:00+05:30,6.1094027,224.9999,11.931705,236.07016
2612,2025-10-16 20:00:00+05:30,5.6002855,224.9999,13.022349,229.4847
2613,2025-10-16 21:00:00+05:30,3.9477081,245.77226,9.847496,251.89613
2614,2025-10-16 22:00:00+05:30,2.34,270.0,8.553314,278.47107
2615,2025-10-16 23:00:00+05:30,3.362677,254.47583,9.9408245,264.80566
2616,2025-10-17 00:00:00+05:30,4.186693,295.46332,10.765445,290.55612
2617,2025-10-17 01:00:00+05:30,4.1125174,293.1986,10.304114,297.01257
2618,2025-10-17 02:00:00+05:30,3.7842832,272.72626,9.278297,288.08353
2619,2025-10-17 03:00:00+05:30,4.846648,291.80148,11.298495,300.65057
2620,2025-10-17 04:00:00+05:30,5.369916,309.55963,13.356437,322.66672
2621,2025-10-17 05:00:00+05:30,7.029225,320.1945,14.602204,329.64197
2622,2025-10-17 06:00:00+05:30,7.6579366,330.42227,15.086748,340.48404
2623,2025-10-17 07:00:00+05:30,5.3426957,327.38077,12.864649,342.072
2624,2025-10-17 08:00:00+05:30,5.7964473,334.2307,8.089993,339.14545
2625,2025-10-17 09:00:00+05:30,4.514377,355.42615,5.771239,3.5762644
2626,2025-10-17 10:00:00+05:30,0.56920993,71.564964,1.1384199,71.564964
2627,2025-10-17 11:00:00+05:30,2.97953,244.98314,3.3092597,247.61981
2628,2025-10-17 12:00:00+05:30,3.219938,243.43501,3.62243,243.43501
2629,2025-10-17 13:00:00+05:30,4.846648,238.67136,5.5916004,236.82147
2630,2025-10-17 14:00:00+05:30,5.5567255,245.09526,6.5248446,245.55606
2631,2025-10-17 15:00:00+05:30,6.77575,253.0091,8.431228,253.8865
2632,2025-10-17 16:00:00+05:30,7.5170207,253.30067,12.710091,257.73523
2633,2025-10-17 17:00:00+05:30,3.244996,250.55988,6.5248446,245.55606
2634,2025-10-17 18:00:00+05:30,4.7521367,245.37645,11.605464,246.21796
2635,2025-10-17 19:00:00+05:30,3.9477081,223.1524,9.743304,244.85524
2636,2025-10-17 20:00:00+05:30,3.6,233.13002,7.6367526,261.87
2637,2025-10-17 21:00:00+05:30,3.8521678,232.59457,6.310277,266.72958
2638,2025-10-17 22:00:00+05:30,3.9640884,230.52757,6.037383,259.69522
2639,2025-10-17 23:00:00+05:30,3.6,233.13002,6.3231,265.10098
2640,2025-10-18 00:00:00+05:30,3.7064266,240.94548,5.771239,266.42374
2641,2025-10-18 01:00:00+05:30,5.9644947,275.19434,11.521406,270.89514
2642,2025-10-18 02:00:00+05:30,4.327493,286.92758,12.461669,280.82297
2643,2025-10-18 03:00:00+05:30,3.9966483,305.83774,10.636766,293.9625
2644,2025-10-18 04:00:00+05:30,3.745557,305.21768,9.039514,305.2725
2645,2025-10-18 05:00:00+05:30,5.402999,330.01843,9.499157,350.18076
2646,2025-10-18 06:00:00+05:30,5.297018,350.21765,10.096059,11.3098955
2647,2025-10-18 07:00:00+05:30,4.143911,357.5105,11.052058,16.073652
2648,2025-10-18 08:00:00+05:30,5.12289,18.435053,7.0911775,23.962492
2649,2025-10-18 09:00:00+05:30,4.5891175,41.82009,5.983477,46.2188
2650,2025-10-18 10:00:00+05:30,2.6758924,70.346085,3.644722,69.775055
2651,2025-10-18 11:00:00+05:30,0.17999999,180.0,0.71999997,90.0
2652,2025-10-18 12:00:00+05:30,1.3708391,246.80138,1.3708391,246.80138
2653,2025-10-18 13:00:00+05:30,3.550155,239.53453,3.8647635,242.24155
2654,2025-10-18 14:00:00+05:30,6.1226463,245.69547,7.16617,244.7223
2655,2025-10-18 15:00:00+05:30,5.004518,307.6943,6.2067385,299.5387
2656,2025-10-18 16:00:00+05:30,4.3274937,315.0001,6.384293,310.426
2657,2025-10-18 17:00:00+05:30,5.068846,73.49557,8.461914,60.708733
2658,2025-10-18 18:00:00+05:30,1.2727921,81.86999,3.0758414,110.55613
2659,2025-10-18 19:00:00+05:30,2.3469129,327.52884,3.9477081,316.8476
2660,2025-10-18 20:00:00+05:30,3.1845248,312.70938,6.2405767,303.23172
2661,2025-10-18 21:00:00+05:30,1.3104197,344.05453,5.369916,309.55963
2662,2025-10-18 22:00:00+05:30,0.9,306.86996,5.12289,288.43503
2663,2025-10-18 23:00:00+05:30,3.06,241.92761,7.0568266,264.14407
2664,2025-10-19 00:00:00+05:30,1.3104197,254.05453,5.297018,260.21765
2665,2025-10-19 01:00:00+05:30,0.9693296,338.19852,4.86,270.0
2666,2025-10-19 02:00:00+05:30,6.12,28.072395,10.472536,24.362455
2667,2025-10-19 03:00:00+05:30,5.2694216,7.853233,11.7662735,29.309916
2668,2025-10-19 04:00:00+05:30,12.241323,359.1575,22.603443,5.483499
2669,2025-10-19 05:00:00+05:30,4.8466477,344.93146,11.448055,16.44046
2670,2025-10-19 06:00:00+05:30,6.28713,346.75946,11.656998,13.392516
2671,2025-10-19 07:00:00+05:30,4.8899083,353.6599,11.367109,10.954029
2672,2025-10-19 08:00:00+05:30,5.5829024,20.772345,7.6579366,23.552286
2673,2025-10-19 09:00:00+05:30,5.495161,31.607454,7.2403865,34.8754
2674,2025-10-19 10:00:00+05:30,6.1120534,13.627024,7.8625183,15.945477
2675,2025-10-19 11:00:00+05:30,5.6060677,5.527458,6.9550843,10.437421
2676,2025-10-19 12:00:00+05:30,4.913044,351.57312,6.130579,356.6336
2677,2025-10-19 13:00:00+05:30,6.050785,337.249,7.570707,341.99573
2678,2025-10-19 14:00:00+05:30,6.452441,337.01126,8.197414,340.76923
2679,2025-10-19 15:00:00+05:30,6.7469993,313.91916,8.827344,320.79282
2680,2025-10-19 16:00:00+05:30,8.669949,318.36655,15.676542,325.76248
2681,2025-10-19 17:00:00+05:30,10.546525,332.56036,19.357323,337.01126
2682,2025-10-19 18:00:00+05:30,8.29173,332.87878,16.712881,337.85477
2683,2025-10-19 19:00:00+05:30,5.1919937,326.3099,13.60519,334.113
2684,2025-10-19 20:00:00+05:30,4.060985,347.19574,11.9140415,355.66776
2685,2025-10-19 21:00:00+05:30,3.9477081,335.77228,11.003581,3.7516637
2686,2025-10-19 22:00:00+05:30,4.323748,357.6141,11.616627,12.528798
2687,2025-10-19 23:00:00+05:30,6.0908127,18.970512,14.230248,18.435053
2688,2025-10-20 00:00:00+05:30,5.983477,15.708701,15.244842,22.93213
2689,2025-10-20 01:00:00+05:30,5.072041,27.474344,14.757804,30.004833
2690,2025-10-20 02:00:00+05:30,5.796447,36.158287,15.742541,38.96675
2691,2025-10-20 03:00:00+05:30,6.2067385,29.5387,16.024044,38.157276
2692,2025-10-20 04:00:00+05:30,5.634891,26.564985,14.589996,38.990997
2693,2025-10-20 05:00:00+05:30,5.720489,12.7243595,14.008811,27.552727
2694,2025-10-20 06:00:00+05:30,7.6409945,15.018415,15.405519,30.159973
2695,2025-10-20 07:00:00+05:30,5.920878,19.536749,14.045767,30.837774
2696,2025-10-20 08:00:00+05:30,9.927779,22.380184,13.690654,24.880348
2697,2025-10-20 09:00:00+05:30,12.241323,19.767267,16.412603,21.21804
2698,2025-10-20 10:00:00+05:30,11.307095,13.815059,14.934577,15.376317
2699,2025-10-20 11:00:00+05:30,10.441552,0.9877458,13.339445,3.0939984
2700,2025-10-20 12:00:00+05:30,10.801499,359.04517,14.041154,0.7345097
2701,2025-10-20 13:00:00+05:30,10.446206,358.0251,13.861168,359.25595
2702,2025-10-20 14:00:00+05:30,10.446206,358.0251,13.681183,359.24615
2703,2025-10-20 15:00:00+05:30,8.827344,2.3372545,12.431734,2.4894993
2704,2025-10-20 16:00:00+05:30,4.186693,25.463305,10.730778,22.69384
2705,2025-10-20 17:00:00+05:30,6.7757506,309.61066,14.450535,309.44003
2706,2025-10-20 18:00:00+05:30,5.2323985,319.18503,13.608762,307.47626
2707,2025-10-20 19:00:00+05:30,2.16,360.0,8.55142,319.26797
2708,2025-10-20 20:00:00+05:30,1.3104197,74.054535,4.1556225,4.969664
2709,2025-10-20 21:00:00+05:30,0.8049845,26.564985,4.0449963,20.854538
2710,2025-10-20 22:00:00+05:30,4.4456716,328.24057,7.7588143,356.00916
2711,2025-10-20 23:00:00+05:30,7.9036193,329.9315,14.619946,355.76367
2712,2025-10-21 00:00:00+05:30,7.6642804,350.53775,16.584438,3.1107872
2713,2025-10-21 01:00:00+05:30,6.122647,1.6846573,15.713702,9.893861
2714,2025-10-21 02:00:00+05:30,5.3305535,11.689341,14.915039,17.560366
2715,2025-10-21 03:00:00+05:30,5.8631387,17.87879,15.509274,21.801476
2716,2025-10-21 04:00:00+05:30,5.9834766,21.161337,15.617529,25.974339
2717,2025-10-21 05:00:00+05:30,7.2,360.0,16.368128,8.219126
2718,2025-10-21 06:00:00+05:30,8.281956,358.75467,15.986595,7.7650824
2719,2025-10-21 07:00:00+05:30,6.122647,358.31534,13.262714,7.800108
2720,2025-10-21 08:00:00+05:30,8.11798,3.8140097,11.252519,7.3522935
2721,2025-10-21 09:00:00+05:30,11.016824,4.685815,14.848635,6.263397
2722,2025-10-21 10:00:00+05:30,11.16145,0.9240338,14.769874,2.0952063
2723,2025-10-21 11:00:00+05:30,11.5115595,350.0959,15.122143,351.09836
2724,2025-10-21 12:00:00+05:30,11.39842,344.42737,15.017871,346.13028
2725,2025-10-21 13:00:00+05:30,10.662626,338.19852,14.118243,340.6409
2726,2025-10-21 14:00:00+05:30,9.418661,333.92468,12.43434,337.8905
2727,2025-10-21 15:00:00+05:30,8.211235,333.9967,11.534054,337.0362
2728,2025-10-21 16:00:00+05:30,5.257109,321.9529,11.43248,326.56012
2729,2025-10-21 17:00:00+05:30,5.991594,302.7352,13.577776,308.5412
2730,2025-10-21 18:00:00+05:30,3.6447225,302.90524,9.361731,322.02835
2731,2025-10-21 19:00:00+05:30,1.1525624,51.34017,5.796447,36.158287
2732,2025-10-21 20:00:00+05:30,4.32,90.0,10.316686,83.99109
2733,2025-10-21 21:00:00+05:30,1.8089776,84.2895,8.311245,85.03035
2734,2025-10-21 22:00:00+05:30,3.4576871,308.65982,4.73506,351.2539
2735,2025-10-21 23:00:00+05:30,5.257109,308.0471,7.0038276,334.09354
2736,2025-10-22 00:00:00+05:30,4.5891175,311.82007,7.5942082,328.5705
2737,2025-10-22 01:00:00+05:30,3.7971041,328.5705,6.7205353,339.62347
2738,2025-10-22 02:00:00+05:30,4.6730714,15.642312,8.885877,6.980963
2739,2025-10-22 03:00:00+05:30,6.8138976,12.200457,14.009968,20.297659
2740,2025-10-22 04:00:00+05:30,5.4119864,356.186,13.666967,12.938063
2741,2025-10-22 05:00:00+05:30,5.815978,338.19852,13.1412325,359.21518
2742,2025-10-22 06:00:00+05:30,6.76618,331.38962,11.9140415,355.66776
2743,2025-10-22 07:00:00+05:30,5.2323985,333.43503,11.481968,350.98074
2744,2025-10-22 08:00:00+05:30,6.778141,349.28693,9.0645685,353.15732
2745,2025-10-22 09:00:00+05:30,7.922045,358.69806,10.261578,1.0050671
2746,2025-10-22 10:00:00+05:30,6.12,360.0,7.9383874,3.9004252
2747,2025-10-22 11:00:00+05:30,4.6730714,344.3577,5.8603754,349.3804
2748,2025-10-22 12:00:00+05:30,4.846648,328.67136,6.037383,333.43503
2749,2025-10-22 13:00:00+05:30,5.509882,308.36752,6.618519,315.0001
2750,2025-10-22 14:00:00+05:30,6.889557,303.2749,8.461915,308.08884
2751,2025-10-22 15:00:00+05:30,9.648067,306.6562,12.284918,309.05313
2752,2025-10-22 16:00:00+05:30,9.648067,306.6562,16.932442,313.70792
2753,2025-10-22 17:00:00+05:30,7.674842,320.7106,15.1884165,328.5705
2754,2025-10-22 18:00:00+05:30,5.441838,325.78424,12.703715,339.2538
2755,2025-10-22 19:00:00+05:30,4.0249224,333.43503,9.582359,354.61078
2756,2025-10-22 20:00:00+05:30,4.0449967,327.72437,8.581677,350.34018
2757,2025-10-22 21:00:00+05:30,2.2553935,298.61035,6.5520988,339.07544
2758,2025-10-22 22:00:00+05:30,1.8532133,240.94548,3.9640884,309.47244
2759,2025-10-22 23:00:00+05:30,3.1845248,227.29063,3.7971036,275.44025
2760,2025-10-23 00:00:00+05:30,4.2366967,282.26477,6.638072,282.5288
2761,2025-10-23 01:00:00+05:30,6.269067,320.82635,9.703319,310.48593
2762,2025-10-23 02:00:00+05:30,5.8631387,342.12122,12.0694,342.64587
2763,2025-10-23 03:00:00+05:30,5.414979,338.5522,11.9317045,348.6901
2764,2025-10-23 04:00:00+05:30,4.445672,338.6293,10.658068,355.15607
2765,2025-10-23 05:00:00+05:30,4.6800003,337.3801,10.6261,1.9414451
2766,2025-10-23 06:00:00+05:30,7.1208143,343.8556,10.658068,4.84392
2767,2025-10-23 07:00:00+05:30,4.2366967,347.73523,9.9587345,6.2257357
2768,2025-10-23 08:00:00+05:30,4.1046314,15.255177,5.6920996,18.435053
2769,2025-10-23 09:00:00+05:30,5.1575575,29.248732,6.854195,29.931421
2770,2025-10-23 10:00:00+05:30,3.536439,14.743609,4.613762,20.556128
2771,2025-10-23 11:00:00+05:30,4.5891175,334.44006,5.5216303,340.9743
2772,2025-10-23 12:00:00+05:30,5.854844,315.0001,7.145796,319.0857
2773,2025-10-23 13:00:00+05:30,7.056826,307.74686,8.688613,309.9575
2774,2025-10-23 14:00:00+05:30,9.299225,317.35333,11.638917,320.64825
2775,2025-10-23 15:00:00+05:30,11.391313,328.5705,15.315873,330.42227
2776,2025-10-23 16:00:00+05:30,10.009036,322.3057,17.688606,328.73633
2777,2025-10-23 17:00:00+05:30,7.2649574,318.01285,15.931779,327.92603
2778,2025-10-23 18:00:00+05:30,2.4482648,306.02747,9.676569,341.56494
2779,2025-10-23 19:00:00+05:30,0.35999998,270.0,5.0688457,6.1154146
2780,2025-10-23 20:00:00+05:30,0.17999999,180.0,2.6999998,36.86998
2781,2025-10-23 21:00:00+05:30,0.40249225,333.43503,2.97953,25.016869
2782,2025-10-23 22:00:00+05:30,2.2768397,18.435053,5.441838,34.215755
2783,2025-10-23 23:00:00+05:30,3.604497,357.13766,6.542201,7.907082
2784,2025-10-24 00:00:00+05:30,3.3481934,323.74606,8.281956,358.75467
2785,2025-10-24 01:00:00+05:30,1.8,306.86996,6.778141,10.713074
2786,2025-10-24 02:00:00+05:30,2.9024127,330.25522,7.8625183,15.945477
2787,2025-10-24 03:00:00+05:30,3.2599385,353.6599,8.707237,29.744795
2788,2025-10-24 04:00:00+05:30,3.2846913,350.53775,8.461914,29.29127
2789,2025-10-24 05:00:00+05:30,4.445672,338.6293,10.51576,6.8816385
2790,2025-10-24 06:00:00+05:30,4.86,360.0,9.12513,22.01134
2791,2025-10-24 07:00:00+05:30,3.2399998,360.0,8.139901,18.03438
2792,2025-10-24 08:00:00+05:30,3.4623692,27.897186,4.6938257,32.471172
2793,2025-10-24 09:00:00+05:30,3.462369,8.97255,4.412754,11.76827
2794,2025-10-24 10:00:00+05:30,4.6452556,324.46225,5.896202,328.73633
2795,2025-10-24 11:00:00+05:30,5.6521144,307.23492,6.638072,310.60123
2796,2025-10-24 12:00:00+05:30,6.544677,301.5042,8.037761,304.046
2797,2025-10-24 13:00:00+05:30,7.729527,297.75842,9.354806,300.01828
2798,2025-10-24 14:00:00+05:30,7.406295,295.94223,9.179999,298.0724
2799,2025-10-24 15:00:00+05:30,6.689125,293.80594,8.93859,295.01685
2800,2025-10-24 16:00:00+05:30,7.0015144,287.96924,11.679213,294.5901
2801,2025-10-24 17:00:00+05:30,8.131936,264.92047,14.428097,266.42374
2802,2025-10-24 18:00:00+05:30,4.8733153,265.76367,11.252519,262.6477
2803,2025-10-24 19:00:00+05:30,3.143565,246.3706,8.461915,246.16125
2804,2025-10-24 20:00:00+05:30,4.1125174,246.80139,10.070353,245.72557
2805,2025-10-24 21:00:00+05:30,4.4456716,238.24055,9.9977,256.46414
2806,2025-10-24 22:00:00+05:30,5.315336,208.30066,9.446141,239.0363
2807,2025-10-24 23:00:00+05:30,4.4565907,226.63654,10.730778,247.30617
2808,2025-10-25 00:00:00+05:30,2.0124612,333.43503,7.1208143,286.1444
2809,2025-10-25 01:00:00+05:30,3.62243,26.564985,6.519877,353.6599
2810,2025-10-25 02:00:00+05:30,1.6981165,32.005356,6.603817,17.447285
2811,2025-10-25 03:00:00+05:30,0.9178235,101.3099,5.6060677,47.602623
2812,2025-10-25 04:00:00+05:30,0.56920993,198.43504,4.1556225,85.03035
2813,2025-10-25 05:00:00+05:30,1.5484185,234.46223,0.9,90.0
2814,2025-10-25 06:00:00+05:30,5.7402787,228.81418,4.186693,205.4633
2815,2025-10-25 07:00:00+05:30,1.835647,258.6901,2.19718,235.0079
2816,2025-10-25 08:00:00+05:30,1.8,323.13,2.2553935,331.38962
2817,2025-10-25 09:00:00+05:30,3.7842832,2.7262611,4.73506,8.746089
2818,2025-10-25 10:00:00+05:30,4.1046314,15.255177,5.1826253,20.323217
2819,2025-10-25 11:00:00+05:30,5.2478566,22.166399,6.6818557,27.255245
2820,2025-10-25 12:00:00+05:30,5.195113,14.036275,6.66,18.924751
2821,2025-10-25 13:00:00+05:30,5.6262593,7.3522935,7.029225,13.324542
2822,2025-10-25 14:00:00+05:30,5.5829024,358.15244,7.040739,4.398633
2823,2025-10-25 15:00:00+05:30,5.506941,348.6901,6.87779,353.9911
2824,2025-10-25 16:00:00+05:30,5.1481256,323.53067,8.534353,332.3541
2825,2025-10-25 17:00:00+05:30,7.406295,334.05774,14.761098,344.43842
2826,2025-10-25 18:00:00+05:30,5.9427266,358.26434,13.976394,7.3995037
2827,2025-10-25 19:00:00+05:30,3.572898,40.9143,10.055864,45.72514
2828,2025-10-25 20:00:00+05:30,3.9966488,82.234924,10.094454,86.933586
2829,2025-10-25 21:00:00+05:30,3.671294,78.6901,8.656858,93.57626
2830,2025-10-25 22:00:00+05:30,1.5484185,125.537766,5.257109,141.95291
2831,2025-10-25 23:00:00+05:30,2.4014995,257.00537,4.6452556,234.46223
2832,2025-10-26 00:00:00+05:30,2.3400002,292.6199,4.327493,286.92758
2833,2025-10-26 01:00:00+05:30,2.3051248,308.65982,4.471107,310.10083
2834,2025-10-26 02:00:00+05:30,0.742159,284.03625,3.1845248,317.29062
2835,2025-10-26 03:00:00+05:30,1.0495713,329.03632,2.8460495,325.30478
2836,2025-10-26 04:00:00+05:30,2.968636,345.9637,4.952453,340.9064
2837,2025-10-26 05:00:00+05:30,2.3400002,337.3801,5.0688457,353.88458
2838,2025-10-26 06:00:00+05:30,1.8532133,60.94549,3.3481934,36.253937
2839,2025-10-26 07:00:00+05:30,0.6489992,146.3099,1.4512063,97.12492
2840,2025-10-26 08:00:00+05:30,2.5264204,4.085537,3.2599385,6.3401003
2841,2025-10-26 09:00:00+05:30,3.710795,14.036275,4.7827187,19.798973
2842,2025-10-26 10:00:00+05:30,4.724786,17.744766,6.050785,22.751022
2843,2025-10-26 11:00:00+05:30,4.942631,10.491434,6.330782,14.826528
2844,2025-10-26 12:00:00+05:30,4.6938252,355.60138,5.9427266,1.7356651
2845,2025-10-26 13:00:00+05:30,4.91634,336.2505,6.0908127,341.02948
2846,2025-10-26 14:00:00+05:30,5.95906,334.98312,7.186487,337.93204
2847,2025-10-26 15:00:00+05:30,7.4867883,332.81897,9.340941,334.9164
2848,2025-10-26 16:00:00+05:30,8.9873905,327.26477,13.926464,333.10382
2849,2025-10-26 17:00:00+05:30,9.179999,331.9276,17.63816,335.26572
2850,2025-10-26 18:00:00+05:30,4.2136917,340.0168,11.631956,338.19852
2851,2025-10-26 19:00:00+05:30,1.98,180.0,1.5484185,215.53777
2852,2025-10-26 20:00:00+05:30,4.913044,188.42688,9.567131,184.31595
2853,2025-10-26 21:00:00+05:30,5.04,180.0,11.35285,182.72626
2854,2025-10-26 22:00:00+05:30,5.9399996,180.0,14.044615,181.46877
2855,2025-10-26 23:00:00+05:30,3.96,180.0,11.226575,192.03058
2856,2025-10-27 00:00:00+05:30,2.4482648,216.02747,8.043805,220.46214
2857,2025-10-27 01:00:00+05:30,2.5071096,291.03757,7.3799996,270.0
2858,2025-10-27 02:00:00+05:30,3.3092597,337.6198,7.5363917,319.84406
2859,2025-10-27 03:00:00+05:30,2.0523157,344.7448,5.815978,338.19852
2860,2025-10-27 04:00:00+05:30,2.995797,327.26477,6.689125,336.19403
2861,2025-10-27 05:00:00+05:30,4.379589,350.53775,8.28,360.0
2862,2025-10-27 06:00:00+05:30,5.4119864,3.8140097,7.731623,24.775122
2863,2025-10-27 07:00:00+05:30,2.8174455,26.564985,7.386582,46.97493
2864,2025-10-27 08:00:00+05:30,4.2136917,70.01681,5.983477,74.2913
2865,2025-10-27 09:00:00+05:30,4.0449963,69.14546,5.2416787,74.054535
2866,2025-10-27 10:00:00+05:30,4.5536795,71.564964,6.0347,72.64589
2867,2025-10-27 11:00:00+05:30,6.391901,80.2725,8.297589,77.4712
2868,2025-10-27 12:00:00+05:30,5.8104043,73.81073,7.628263,70.70986
2869,2025-10-27 13:00:00+05:30,5.2478566,59.03632,6.854195,60.068577
2870,2025-10-27 14:00:00+05:30,5.7402787,41.185825,7.6367526,44.999897
2871,2025-10-27 15:00:00+05:30,6.763786,25.201094,8.863972,29.16752
2872,2025-10-27 16:00:00+05:30,8.473393,12.26477,13.752048,14.400064
2873,2025-10-27 17:00:00+05:30,7.5942082,31.429514,15.726067,33.326313
2874,2025-10-27 18:00:00+05:30,8.53815,34.69522,17.570988,37.926525
2875,2025-10-27 19:00:00+05:30,9.582358,28.009092,19.469976,33.6901
2876,2025-10-27 20:00:00+05:30,7.7420926,35.537766,17.401447,39.1226
2877,2025-10-27 21:00:00+05:30,6.279395,27.29949,15.277749,34.43906
2878,2025-10-27 22:00:00+05:30,6.5520988,20.924576,14.978984,32.73523
2879,2025-10-27 23:00:00+05:30,7.968939,18.435053,17.22836,27.368134
2880,2025-10-28 00:00:00+05:30,8.089993,20.854538,17.483181,28.93991
2881,2025-10-28 01:00:00+05:30,6.76618,28.610369,16.075521,34.045982
2882,2025-10-28 02:00:00+05:30,7.3094187,37.99879,16.478603,40.126038
2883,2025-10-28 03:00:00+05:30,6.7469993,46.080845,15.6806755,48.25731
2884,2025-10-28 04:00:00+05:30,6.3639607,44.999897,14.98331,51.34017
2885,2025-10-28 05:00:00+05:30,7.056826,52.253136,15.931779,57.92603
2886,2025-10-28 06:00:00+05:30,7.186487,67.93205,15.767219,71.358116
2887,2025-10-28 07:00:00+05:30,6.037383,63.435013,10.261579,68.38517
2888,2025-10-28 08:00:00+05:30,6.3639607,61.26031,8.694204,62.904526
2889,2025-10-28 09:00:00+05:30,5.3699164,76.42955,7.1661706,78.40785
2890,2025-10-28 10:00:00+05:30,3.6447225,57.094753,4.6938257,57.528828
2891,2025-10-28 11:00:00+05:30,1.4512063,29.744795,1.9134263,41.185837
2892,2025-10-28 12:00:00+05:30,1.7727944,23.962492,2.50064,30.256361
2893,2025-10-28 13:00:00+05:30,1.9134263,48.814175,2.5582807,50.710617
2894,2025-10-28 14:00:00+05:30,1.9469976,33.6901,2.5582807,39.289394
2895,2025-10-28 15:00:00+05:30,8.467655,2.4366064,10.6261,1.9414451
2896,2025-10-28 16:00:00+05:30,9.080639,13.760814,13.708391,13.671325
2897,2025-10-28 17:00:00+05:30,5.7628117,165.52966,10.6261,153.86906
2898,2025-10-28 18:00:00+05:30,9.6228485,187.52373,17.214249,186.60474
2899,2025-10-28 19:00:00+05:30,3.710795,165.96373,11.173057,177.22984
2900,2025-10-28 20:00:00+05:30,4.8899083,173.6599,12.241323,179.1575
2901,2025-10-28 21:00:00+05:30,8.37532,208.21725,15.882896,203.36913
2902,2025-10-28 22:00:00+05:30,5.2939587,252.18102,11.545284,239.03632
2903,2025-10-28 23:00:00+05:30,3.319036,282.5288,8.197414,250.76923
2904,2025-10-29 00:00:00+05:30,5.994297,318.6523,9.418661,296.0753
2905,2025-10-29 01:00:00+05:30,5.9834766,353.08887,9.107359,341.56494
2906,2025-10-29 02:00:00+05:30,4.6277857,13.495748,10.3480425,13.069325
2907,2025-10-29 03:00:00+05:30,3.8773184,21.801476,10.163227,22.93213
2908,2025-10-29 04:00:00+05:30,3.9518096,30.068504,10.650465,30.465475
2909,2025-10-29 05:00:00+05:30,6.8777895,42.878906,13.110376,44.443825
2910,2025-10-29 06:00:00+05:30,6.269067,50.82635,13.729647,55.684853
2911,2025-10-29 07:00:00+05:30,6.76618,61.389645,12.236029,63.81196
2912,2025-10-29 08:00:00+05:30,8.4042845,80.13426,11.811622,82.11695
2913,2025-10-29 09:00:00+05:30,9.109138,119.604355,12.10157,120.37905
2914,2025-10-29 10:00:00+05:30,9.178235,138.17992,12.097553,136.80872
2915,2025-10-29 11:00:00+05:30,6.269067,140.82635,7.653705,138.81418
2916,2025-10-29 12:00:00+05:30,7.9567327,142.35231,9.807935,137.2312
2917,2025-10-29 13:00:00+05:30,12.461669,169.17703,17.311846,171.02745
2918,2025-10-29 14:00:00+05:30,1.6299692,96.340096,2.2768397,108.43504
2919,2025-10-29 15:00:00+05:30,1.4512063,262.8751,2.0523157,232.12495
2920,2025-10-29 16:00:00+05:30,2.5772078,192.09474,4.412754,191.76826
2921,2025-10-29 17:00:00+05:30,7.814986,172.05663,15.779544,168.81828
2922,2025-10-29 18:00:00+05:30,6.6794305,165.96373,10.041354,165.4655
2923,2025-10-29 19:00:00+05:30,3.6402748,98.530685,6.4624763,102.87501
2924,2025-10-29 20:00:00+05:30,11.995349,64.204025,19.56377,64.378044
2925,2025-10-29 21:00:00+05:30,6.0721655,101.97612,11.9466305,96.0541
2926,2025-10-29 22:00:00+05:30,10.105681,85.91447,17.794527,82.44375
2927,2025-10-29 23:00:00+05:30,7.0591216,70.640915,14.120539,72.95089
2928,2025-10-30 00:00:00+05:30,6.849467,93.012726,14.221139,89.274796
2929,2025-10-30 01:00:00+05:30,9.360001,67.3801,18.054815,69.57759
2930,2025-10-30 02:00:00+05:30,8.93859,64.98315,17.71789,69.17137
2931,2025-10-30 03:00:00+05:30,8.287822,55.6196,16.42346,62.592525
2932,2025-10-30 04:00:00+05:30,5.983477,74.2913,12.750811,71.053406
2933,2025-10-30 05:00:00+05:30,13.690654,65.11967,23.828764,64.015686
2934,2025-10-30 06:00:00+05:30,13.672893,73.95093,22.22836,74.50066
2935,2025-10-30 07:00:00+05:30,12.431734,87.5105,18.913708,87.818405
2936,2025-10-30 08:00:00+05:30,15.517629,93.99084,21.468348,93.84596
2937,2025-10-30 09:00:00+05:30,14.887859,104.70835,20.128637,105.03048
2938,2025-10-30 10:00:00+05:30,10.7894945,117.84749,14.48972,116.56499
2939,2025-10-30 11:00:00+05:30,7.388775,87.20736,9.906544,87.91749
2940,2025-10-30 12:00:00+05:30,7.5170207,106.699326,9.741642,106.09089
2941,2025-10-30 13:00:00+05:30,7.731623,114.775116,9.983106,115.64096
2942,2025-10-30 14:00:00+05:30,6.7757506,129.61066,8.688613,129.95749
2943,2025-10-30 15:00:00+05:30,8.707237,119.74479,11.638917,121.72356
2944,2025-10-30 16:00:00+05:30,3.362677,105.52418,5.7176566,118.1785
2945,2025-10-30 17:00:00+05:30,5.6262593,187.35228,9.499157,170.18077
2946,2025-10-30 18:00:00+05:30,6.050785,67.24899,10.564941,76.20049
2947,2025-10-30 19:00:00+05:30,7.970972,64.59232,16.336426,71.365326
2948,2025-10-30 20:00:00+05:30,7.4932766,65.897766,16.224981,72.57005
2949,2025-10-30 21:00:00+05:30,8.431228,73.88651,17.160524,74.79754
2950,2025-10-30 22:00:00+05:30,7.748368,87.33706,16.395817,87.48318
2951,2025-10-30 23:00:00+05:30,9.0645685,96.84268,17.214249,96.604744
