,date,wind_speed_10m,wind_direction_10m,wind_speed_100m,wind_direction_100m
0,2025-06-30 00:00:00+05:30,5.7628117,284.47034,9.12513,292.01132
1,2025-06-30 01:00:00+05:30,6.601363,258.9965,10.446206,268.02512
2,2025-06-30 02:00:00+05:30,7.6579366,246.44772,14.587776,254.24875
3,2025-06-30 03:00:00+05:30,7.24486,243.43501,13.277364,254.26793
4,2025-06-30 04:00:00+05:30,5.6233797,219.80553,11.090103,234.24602
5,2025-06-30 05:00:00+05:30,6.698806,239.30035,11.7827835,251.28816
6,2025-06-30 06:00:00+05:30,5.920878,250.46326,6.9480934,253.44284
7,2025-06-30 07:00:00+05:30,8.161764,228.57643,10.32924,228.5324
8,2025-06-30 08:00:00+05:30,5.2478566,202.1664,6.5520988,200.92458
9,2025-06-30 09:00:00+05:30,7.7588143,176.00917,9.567131,175.68405
10,2025-06-30 10:00:00+05:30,10.1376915,173.8846,12.483749,174.20729
11,2025-06-30 11:00:00+05:30,12.287555,174.95764,15.351793,175.29224
12,2025-06-30 12:00:00+05:30,20.44803,163.63884,27.595825,164.87595
13,2025-06-30 13:00:00+05:30,19.14865,184.85301,25.846146,185.19434
14,2025-06-30 14:00:00+05:30,18.709612,191.09369,24.604753,191.3921
15,2025-06-30 15:00:00+05:30,18.508516,187.26315,24.336637,187.65056
16,2025-06-30 16:00:00+05:30,20.172853,182.04536,27.56881,182.61949
17,2025-06-30 17:00:00+05:30,19.44,180.0,28.269169,181.45941
18,2025-06-30 18:00:00+05:30,13.671707,170.9098,22.603443,174.5165
19,2025-06-30 19:00:00+05:30,13.346729,169.90256,23.0653,177.31628
20,2025-06-30 20:00:00+05:30,11.1090765,153.01985,20.224985,163.9845
21,2025-06-30 21:00:00+05:30,11.207801,150.14108,20.60823,160.61539
22,2025-06-30 22:00:00+05:30,10.735306,145.24402,20.188908,158.00882
23,2025-06-30 23:00:00+05:30,11.13384,145.53912,20.964397,156.73679
24,2025-07-01 00:00:00+05:30,12.13499,147.72438,21.749481,155.55606
25,2025-07-01 01:00:00+05:30,12.413477,150.46132,21.627733,157.49014
26,2025-07-01 02:00:00+05:30,11.298495,157.52052,18.731247,160.34608
27,2025-07-01 03:00:00+05:30,12.703715,172.67369,21.122215,175.60138
28,2025-07-01 04:00:00+05:30,8.92408,138.27058,15.027575,145.73885
29,2025-07-01 05:00:00+05:30,11.45513,135.0001,18.226276,145.05426
30,2025-07-01 06:00:00+05:30,12.570394,150.8658,17.388409,152.90453
31,2025-07-01 07:00:00+05:30,13.874019,157.0942,18.083506,157.77492
32,2025-07-01 08:00:00+05:30,13.472372,157.20345,17.280935,157.9769
33,2025-07-01 09:00:00+05:30,13.379461,146.5237,16.981165,147.99466
34,2025-07-01 10:00:00+05:30,14.731437,153.12193,18.837322,153.9247
35,2025-07-01 11:00:00+05:30,16.466803,164.14056,21.637466,163.0724
36,2025-07-01 12:00:00+05:30,17.035456,173.32562,22.019674,171.5388
37,2025-07-01 13:00:00+05:30,18.627172,174.45477,24.559942,175.37593
38,2025-07-01 14:00:00+05:30,16.697365,168.81123,21.573734,169.90901
39,2025-07-01 15:00:00+05:30,19.26084,180.53545,25.019999,180.0
40,2025-07-01 16:00:00+05:30,18.539999,180.0,25.200642,180.40924
41,2025-07-01 17:00:00+05:30,15.697197,176.05489,22.175825,176.74284
42,2025-07-01 18:00:00+05:30,11.304229,170.83772,19.424158,172.54579
43,2025-07-01 19:00:00+05:30,11.609651,150.2552,20.366266,153.20856
44,2025-07-01 20:00:00+05:30,10.1887,147.99466,18.838184,152.70052
45,2025-07-01 21:00:00+05:30,9.835975,145.43741,18.27953,154.94905
46,2025-07-01 22:00:00+05:30,8.435069,140.19447,15.531193,147.78348
47,2025-07-01 23:00:00+05:30,7.8149853,151.07367,14.913952,156.52899
48,2025-07-02 00:00:00+05:30,7.748368,120.73541,14.905261,132.55292
49,2025-07-02 01:00:00+05:30,7.0591216,109.359085,14.539945,121.328636
50,2025-07-02 02:00:00+05:30,7.689603,106.31393,14.892213,116.56499
51,2025-07-02 03:00:00+05:30,10.261579,111.61484,17.873556,117.597206
52,2025-07-02 04:00:00+05:30,7.5213294,111.03758,13.985663,121.849014
53,2025-07-02 05:00:00+05:30,8.604301,105.78082,13.854155,114.56716
54,2025-07-02 06:00:00+05:30,9.313152,138.91835,12.483748,137.33734
55,2025-07-02 07:00:00+05:30,9.931042,133.53127,13.004922,131.63345
56,2025-07-02 08:00:00+05:30,9.5416975,144.21094,11.666721,141.89238
57,2025-07-02 09:00:00+05:30,9.582358,118.00909,11.7,120.51016
58,2025-07-02 10:00:00+05:30,9.676569,108.43504,12.072083,110.05618
59,2025-07-02 11:00:00+05:30,9.97986,129.14398,12.514855,130.33307
60,2025-07-02 12:00:00+05:30,10.692969,126.09837,13.324863,128.41809
61,2025-07-02 13:00:00+05:30,14.857362,160.90642,18.855375,159.31584
62,2025-07-02 14:00:00+05:30,13.976394,187.3995,19.023027,186.5197
63,2025-07-02 15:00:00+05:30,15.922626,174.1606,20.79448,174.53625
64,2025-07-02 16:00:00+05:30,12.74954,166.94475,17.161469,167.27565
65,2025-07-02 17:00:00+05:30,11.052058,173.45381,16.084589,174.86371
66,2025-07-02 18:00:00+05:30,7.486788,170.31128,13.849476,171.02745
67,2025-07-02 19:00:00+05:30,9.926147,175.84044,17.49337,183.53949
68,2025-07-02 20:00:00+05:30,6.552099,142.81522,12.964998,178.40889
69,2025-07-02 21:00:00+05:30,7.3094187,99.926186,11.480557,138.81418
70,2025-07-02 22:00:00+05:30,6.384293,158.4985,14.2336645,170.53775
71,2025-07-02 23:00:00+05:30,6.444905,144.09018,14.193772,167.55002
72,2025-07-03 00:00:00+05:30,5.1165614,140.71062,12.016938,163.46509
73,2025-07-03 01:00:00+05:30,8.0899935,122.27562,15.951087,139.11829
74,2025-07-03 02:00:00+05:30,11.246759,140.19447,19.770523,146.88864
75,2025-07-03 03:00:00+05:30,11.238113,148.09193,20.045567,152.74475
76,2025-07-03 04:00:00+05:30,9.587428,140.3322,17.922432,146.46951
77,2025-07-03 05:00:00+05:30,10.464797,130.81499,17.581125,137.4896
78,2025-07-03 06:00:00+05:30,12.134992,159.14546,16.22498,160.55988
79,2025-07-03 07:00:00+05:30,9.504273,155.37645,12.337553,156.80139
80,2025-07-03 08:00:00+05:30,9.021574,151.38963,11.511559,153.03436
81,2025-07-03 09:00:00+05:30,11.841756,160.46326,14.857362,160.90642
82,2025-07-03 10:00:00+05:30,12.429127,169.99208,15.5687,169.3397
83,2025-07-03 11:00:00+05:30,14.101021,165.96373,17.727943,167.09259
84,2025-07-03 12:00:00+05:30,15.5843,173.36758,19.738539,173.7176
85,2025-07-03 13:00:00+05:30,16.778666,189.26015,21.720413,189.54031
86,2025-07-03 14:00:00+05:30,16.928614,188.5608,21.897945,189.46225
87,2025-07-03 15:00:00+05:30,15.561414,209.827,20.718773,209.68304
88,2025-07-03 16:00:00+05:30,15.224637,204.44394,20.291357,205.2011
89,2025-07-03 17:00:00+05:30,13.638489,202.50357,21.201067,203.51797
90,2025-07-03 18:00:00+05:30,7.247096,165.61858,15.664136,178.68312
91,2025-07-03 19:00:00+05:30,7.729527,152.24155,17.393066,173.46346
92,2025-07-03 20:00:00+05:30,8.553314,171.52895,18.201374,188.53069
93,2025-07-03 21:00:00+05:30,9.028754,184.57384,19.137648,196.38962
94,2025-07-03 22:00:00+05:30,9.555271,183.23964,19.781174,195.3009
95,2025-07-03 23:00:00+05:30,9.531505,190.88548,19.41081,198.9391
96,2025-07-04 00:00:00+05:30,5.5216303,199.0257,15.095336,210.84651
97,2025-07-04 01:00:00+05:30,6.114703,222.61401,15.580141,229.68597
98,2025-07-04 02:00:00+05:30,4.5572357,189.0902,11.782784,214.41843
99,2025-07-04 03:00:00+05:30,10.474082,199.0578,19.483284,207.51192
100,2025-07-04 04:00:00+05:30,10.711135,204.84236,20.63023,209.24873
101,2025-07-04 05:00:00+05:30,11.050591,192.22511,18.818396,201.90323
102,2025-07-04 06:00:00+05:30,11.9466305,186.0541,17.01738,190.359
103,2025-07-04 07:00:00+05:30,10.805998,209.98155,13.644427,210.96368
104,2025-07-04 08:00:00+05:30,9.335737,213.9965,11.808878,217.56866
105,2025-07-04 09:00:00+05:30,10.34178,211.47679,12.979984,213.6901
106,2025-07-04 10:00:00+05:30,8.322932,201.57137,10.30883,204.77512
107,2025-07-04 11:00:00+05:30,11.226575,192.03058,14.935662,192.5288
108,2025-07-04 12:00:00+05:30,8.909545,188.13002,11.792404,192.33908
109,2025-07-04 13:00:00+05:30,12.241323,197.10281,17.085783,200.3442
110,2025-07-04 14:00:00+05:30,15.787753,208.61037,20.385345,209.0545
111,2025-07-04 15:00:00+05:30,14.118243,199.35909,18.919704,201.19412
112,2025-07-04 16:00:00+05:30,12.961249,180.7957,17.864489,184.0444
113,2025-07-04 17:00:00+05:30,14.36621,195.25517,22.828798,197.43497
114,2025-07-04 18:00:00+05:30,8.849339,175.33322,16.63126,189.972
115,2025-07-04 19:00:00+05:30,9.9,180.0,18.469963,192.95276
116,2025-07-04 20:00:00+05:30,7.3821945,181.39716,16.947742,202.47948
117,2025-07-04 21:00:00+05:30,8.825508,168.23174,17.462784,188.29706
118,2025-07-04 22:00:00+05:30,7.5942073,185.44025,17.214249,201.46771
119,2025-07-04 23:00:00+05:30,6.4799995,180.0,15.379206,200.55612
120,2025-07-05 00:00:00+05:30,9.194106,203.05133,18.971008,213.38853
121,2025-07-05 01:00:00+05:30,8.085988,196.82149,17.137852,216.02747
122,2025-07-05 02:00:00+05:30,8.61371,206.02953,17.84816,221.72942
123,2025-07-05 03:00:00+05:30,8.139901,215.09589,17.826363,226.63654
124,2025-07-05 04:00:00+05:30,9.587428,230.3322,19.570396,235.8714
125,2025-07-05 05:00:00+05:30,9.807935,227.23119,17.82818,234.86572
126,2025-07-05 06:00:00+05:30,2.36753,81.25392,2.6208394,285.94547
127,2025-07-05 07:00:00+05:30,7.2359104,185.7105,10.534229,199.9832
128,2025-07-05 08:00:00+05:30,7.519175,227.9109,9.473541,231.17017
129,2025-07-05 09:00:00+05:30,7.3094187,232.0012,8.856658,232.43134
130,2025-07-05 10:00:00+05:30,6.792466,237.99466,8.39078,234.60512
131,2025-07-05 11:00:00+05:30,15.606114,172.71114,20.29535,173.37932
132,2025-07-05 12:00:00+05:30,6.5693827,170.53775,8.821836,178.83089
133,2025-07-05 13:00:00+05:30,12.0653715,181.70978,15.3264475,183.3664
134,2025-07-05 14:00:00+05:30,14.2336645,189.46225,18.289274,190.20392
135,2025-07-05 15:00:00+05:30,14.288191,199.11981,18.561832,199.84079
136,2025-07-05 16:00:00+05:30,15.224637,204.44394,19.726225,205.39587
137,2025-07-05 17:00:00+05:30,11.672275,199.83221,15.676544,201.55714
138,2025-07-05 18:00:00+05:30,13.060857,187.12492,21.016878,196.41731
139,2025-07-05 19:00:00+05:30,11.27553,163.30067,17.95043,173.08887
140,2025-07-05 20:00:00+05:30,13.009903,165.5792,21.9253,173.40018
141,2025-07-05 21:00:00+05:30,17.662945,177.07935,28.814058,181.78987
142,2025-07-05 22:00:00+05:30,13.88919,198.90466,22.80892,203.73294
143,2025-07-05 23:00:00+05:30,10.658068,184.84392,17.728857,195.3062
144,2025-07-06 00:00:00+05:30,9.178235,191.30989,17.482254,196.75583
145,2025-07-06 01:00:00+05:30,8.936778,189.27252,15.547875,200.32323
146,2025-07-06 02:00:00+05:30,3.189608,163.61038,5.402999,209.98155
147,2025-07-06 03:00:00+05:30,5.896202,167.66092,10.435344,194.99513
148,2025-07-06 04:00:00+05:30,5.414979,158.5522,8.12197,192.80426
149,2025-07-06 05:00:00+05:30,8.461914,178.78116,12.362475,196.06006
150,2025-07-06 06:00:00+05:30,7.0199995,157.3801,10.360559,172.01076
151,2025-07-06 07:00:00+05:30,7.415038,185.5721,10.5234585,192.8477
152,2025-07-06 08:00:00+05:30,6.6185193,202.38017,9.021574,208.61037
153,2025-07-06 09:00:00+05:30,5.257109,218.04709,6.384293,220.426
154,2025-07-06 10:00:00+05:30,4.68,180.0,5.4029994,181.9091
155,2025-07-06 11:00:00+05:30,4.1556225,184.96965,5.0528407,184.08554
156,2025-07-06 12:00:00+05:30,4.0449967,147.72438,5.00128,149.74365
157,2025-07-06 13:00:00+05:30,4.5322843,173.15732,5.5829024,178.15244
158,2025-07-06 14:00:00+05:30,8.459999,180.0,10.2742,183.01273
159,2025-07-06 15:00:00+05:30,8.477216,183.65215,10.464798,183.94511
160,2025-07-06 16:00:00+05:30,10.215693,194.28113,16.344357,196.63889
161,2025-07-06 17:00:00+05:30,9.779817,173.6599,16.740969,180.61604
162,2025-07-06 18:00:00+05:30,6.66,161.07526,13.238261,168.23174
163,2025-07-06 19:00:00+05:30,10.594036,170.21767,18.014393,177.70944
164,2025-07-06 20:00:00+05:30,10.534229,163.11313,17.311846,171.02745
165,2025-07-06 21:00:00+05:30,12.47726,153.43501,20.590143,157.91951
166,2025-07-06 22:00:00+05:30,9.984729,152.04913,16.412603,158.78195
167,2025-07-06 23:00:00+05:30,8.856658,142.43134,15.070633,150.67963
168,2025-07-07 00:00:00+05:30,6.4096174,128.15727,12.538134,140.82635
169,2025-07-07 01:00:00+05:30,6.341009,96.519714,10.874742,118.68605
170,2025-07-07 02:00:00+05:30,6.6624317,91.54813,10.3480425,103.06932
171,2025-07-07 03:00:00+05:30,7.247096,104.38144,11.793777,105.945465
172,2025-07-07 04:00:00+05:30,7.731622,102.09474,12.466867,107.650215
173,2025-07-07 05:00:00+05:30,6.8541956,113.198616,9.997699,113.33407
174,2025-07-07 06:00:00+05:30,7.040739,175.60138,10.957847,165.73546
175,2025-07-07 07:00:00+05:30,5.9427266,178.26433,7.7400002,180.0
176,2025-07-07 08:00:00+05:30,10.261579,217.87505,13.551501,219.61066
177,2025-07-07 09:00:00+05:30,8.688613,219.95749,12.097553,223.19128
178,2025-07-07 10:00:00+05:30,7.841887,211.86594,10.735306,214.75598
179,2025-07-07 11:00:00+05:30,11.53265,214.18617,15.575981,213.6901
180,2025-07-07 12:00:00+05:30,9.3962755,200.17073,11.966953,201.16133
181,2025-07-07 13:00:00+05:30,9.919618,191.5138,13.896187,196.55714
182,2025-07-07 14:00:00+05:30,13.358861,194.03627,20.327251,196.9909
183,2025-07-07 15:00:00+05:30,10.609316,194.7436,17.886242,200.62361
184,2025-07-07 16:00:00+05:30,12.860871,186.42865,18.466457,190.10498
185,2025-07-07 17:00:00+05:30,13.679999,180.0,21.136784,184.88512
186,2025-07-07 18:00:00+05:30,7.928178,177.39749,13.504799,201.0924
187,2025-07-07 19:00:00+05:30,7.0407386,212.47118,15.027575,226.94147
188,2025-07-07 20:00:00+05:30,7.3821945,181.39716,14.861722,196.89873
189,2025-07-07 21:00:00+05:30,6.6697226,176.906,12.189602,196.29411
190,2025-07-07 22:00:00+05:30,5.5450516,166.86597,11.897714,190.45985
191,2025-07-07 23:00:00+05:30,8.863972,192.90741,16.357237,204.0265
192,2025-07-08 00:00:00+05:30,7.8149853,165.32356,13.644427,188.34381
193,2025-07-08 01:00:00+05:30,7.102591,171.25392,13.577776,194.58896
194,2025-07-08 02:00:00+05:30,5.7402787,138.81418,10.299397,174.98697
195,2025-07-08 03:00:00+05:30,6.601363,115.8663,10.261579,158.38516
196,2025-07-08 04:00:00+05:30,8.161764,131.42357,13.905509,158.74942
197,2025-07-08 05:00:00+05:30,5.414979,158.5522,11.391313,185.44025
198,2025-07-08 06:00:00+05:30,13.5515,196.9909,23.999475,204.83514
199,2025-07-08 07:00:00+05:30,13.681184,212.64462,22.517992,219.1605
200,2025-07-08 08:00:00+05:30,15.771329,218.04709,23.574501,222.21477
201,2025-07-08 09:00:00+05:30,14.383114,225.50697,21.265156,226.71489
202,2025-07-08 10:00:00+05:30,16.109749,230.44037,24.638968,229.44418
203,2025-07-08 11:00:00+05:30,14.892213,224.51036,21.010712,223.26433
204,2025-07-08 12:00:00+05:30,19.59356,218.65984,26.255947,218.5985
205,2025-07-08 13:00:00+05:30,20.924952,215.19398,27.91451,215.02235
206,2025-07-08 14:00:00+05:30,18.39878,210.57915,24.788424,211.03503
207,2025-07-08 15:00:00+05:30,16.985933,207.10805,23.023117,206.96564
208,2025-07-08 16:00:00+05:30,16.412603,201.21805,23.766136,201.31798
209,2025-07-08 17:00:00+05:30,10.873252,186.65433,21.075378,190.83003
210,2025-07-08 18:00:00+05:30,10.261578,181.00507,19.914217,192.5288
211,2025-07-08 19:00:00+05:30,10.004178,171.7242,20.060919,185.1478
212,2025-07-08 20:00:00+05:30,10.674773,174.19337,21.042301,190.34863
213,2025-07-08 21:00:00+05:30,11.832176,166.80939,21.996117,183.2838
214,2025-07-08 22:00:00+05:30,12.78,180.0,23.58618,190.10924
215,2025-07-08 23:00:00+05:30,7.579261,184.08554,16.770939,192.3954
216,2025-07-09 00:00:00+05:30,6.873078,135.0001,12.616703,165.96373
217,2025-07-09 01:00:00+05:30,7.729527,152.24155,15.849201,181.95247
218,2025-07-09 02:00:00+05:30,8.11798,176.186,17.026896,193.44862
219,2025-07-09 03:00:00+05:30,9.9977,166.46413,19.164719,185.38922
220,2025-07-09 04:00:00+05:30,11.609651,172.87508,22.17217,187.93266
221,2025-07-09 05:00:00+05:30,11.705537,181.76236,22.35481,194.93147
222,2025-07-09 06:00:00+05:30,13.062098,191.9293,21.573734,206.77876
223,2025-07-09 07:00:00+05:30,14.687382,199.32327,22.945587,205.55992
224,2025-07-09 08:00:00+05:30,14.003029,197.96924,18.792551,200.17073
225,2025-07-09 09:00:00+05:30,19.45333,182.12105,26.868881,183.45654
226,2025-07-09 10:00:00+05:30,21.49851,191.59215,29.129427,192.4904
227,2025-07-09 11:00:00+05:30,20.746902,188.48152,27.965536,190.00792
228,2025-07-09 12:00:00+05:30,19.915842,189.88792,26.758923,190.85637
229,2025-07-09 13:00:00+05:30,20.176065,195.52417,27.91451,196.09772
230,2025-07-09 14:00:00+05:30,22.0285,198.5831,29.826818,198.65373
231,2025-07-09 15:00:00+05:30,21.17354,194.27255,28.859562,194.81636
232,2025-07-09 16:00:00+05:30,18.201374,188.53069,26.130396,189.91646
233,2025-07-09 17:00:00+05:30,15.876775,183.90042,24.648829,186.70975
234,2025-07-09 18:00:00+05:30,13.644427,171.65619,22.50072,179.54166
235,2025-07-09 19:00:00+05:30,13.533558,166.14856,22.621351,174.06268
236,2025-07-09 20:00:00+05:30,10.8792095,163.66388,19.091883,171.86998
237,2025-07-09 21:00:00+05:30,9.931042,136.46873,17.95404,154.46262
238,2025-07-09 22:00:00+05:30,10.337078,125.07384,18.57143,146.46393
239,2025-07-09 23:00:00+05:30,12.96125,152.72333,22.046875,166.30411
240,2025-07-10 00:00:00+05:30,12.472065,159.73422,21.841648,171.46931
241,2025-07-10 01:00:00+05:30,11.555102,161.8472,20.47416,173.4374
242,2025-07-10 02:00:00+05:30,10.597094,159.10216,19.937794,173.26004
243,2025-07-10 03:00:00+05:30,7.69592,169.21574,15.172407,184.76355
244,2025-07-10 04:00:00+05:30,8.688613,140.04251,15.062033,165.4655
245,2025-07-10 05:00:00+05:30,9.028754,156.50142,16.928614,181.82793
246,2025-07-10 06:00:00+05:30,13.350371,176.13461,20.404411,184.55368
247,2025-07-10 07:00:00+05:30,15.3264475,183.3664,22.640678,186.3904
248,2025-07-10 08:00:00+05:30,16.810495,192.99461,22.483435,194.37004
249,2025-07-10 09:00:00+05:30,14.404499,178.56793,18.72,180.0
250,2025-07-10 10:00:00+05:30,14.634343,175.06087,18.775301,175.60138
251,2025-07-10 11:00:00+05:30,15.676542,177.36761,19.987295,178.45187
252,2025-07-10 12:00:00+05:30,23.619127,165.43419,31.085323,166.60748
253,2025-07-10 13:00:00+05:30,21.511318,174.71886,28.7155,175.32593
254,2025-07-10 14:00:00+05:30,22.392462,175.38943,29.586325,176.16281
255,2025-07-10 15:00:00+05:30,21.23237,172.69434,28.445126,173.45972
256,2025-07-10 16:00:00+05:30,20.39091,171.36928,27.952787,172.6005
257,2025-07-10 17:00:00+05:30,18.32202,169.24208,26.27753,170.53775
258,2025-07-10 18:00:00+05:30,13.905509,158.74942,22.71212,161.99574
259,2025-07-10 19:00:00+05:30,11.638917,148.27644,19.966211,154.35904
260,2025-07-10 20:00:00+05:30,11.052058,142.94339,19.66948,150.38528
261,2025-07-10 21:00:00+05:30,11.638917,140.64827,20.542881,151.1893
262,2025-07-10 22:00:00+05:30,11.364259,150.59291,20.188908,158.00882
263,2025-07-10 23:00:00+05:30,9.504272,142.69597,17.563608,155.79903
264,2025-07-11 00:00:00+05:30,9.044888,132.58046,16.701244,149.56584
265,2025-07-11 01:00:00+05:30,8.037761,124.04598,15.12964,145.17545
266,2025-07-11 02:00:00+05:30,10.00256,120.256355,16.458931,138.99101
267,2025-07-11 03:00:00+05:30,9.446141,120.96369,15.815435,138.69148
268,2025-07-11 04:00:00+05:30,10.387107,117.89718,17.968472,132.15779
269,2025-07-11 05:00:00+05:30,9.567131,131.18582,16.676977,147.3391
270,2025-07-11 06:00:00+05:30,9.144637,126.193306,13.874019,134.47443
271,2025-07-11 07:00:00+05:30,10.009036,142.3057,13.379461,146.5237
272,2025-07-11 08:00:00+05:30,13.040997,159.81412,16.394829,160.76924
273,2025-07-11 09:00:00+05:30,12.638512,169.33026,15.891054,170.21767
274,2025-07-11 10:00:00+05:30,10.765445,159.44388,13.441071,159.62349
275,2025-07-11 11:00:00+05:30,17.123669,176.98727,21.611998,178.0909
276,2025-07-11 12:00:00+05:30,11.19189,152.19864,14.731437,153.12193
277,2025-07-11 13:00:00+05:30,9.7565975,150.1241,12.56008,154.5367
278,2025-07-11 14:00:00+05:30,9.3876505,175.60138,11.885453,178.26433
279,2025-07-11 15:00:00+05:30,13.169555,190.23474,16.87398,191.07016
280,2025-07-11 16:00:00+05:30,14.766584,189.11778,19.175703,189.72751
281,2025-07-11 17:00:00+05:30,14.490838,186.41869,19.917469,186.22574
282,2025-07-11 18:00:00+05:30,7.613382,186.78888,15.215058,190.91109
283,2025-07-11 19:00:00+05:30,6.698806,173.82993,14.941085,180.69026
284,2025-07-11 20:00:00+05:30,6.489992,146.3099,13.661038,161.56496
285,2025-07-11 21:00:00+05:30,7.42159,157.1663,15.215058,169.08891
286,2025-07-11 22:00:00+05:30,7.342588,168.69011,15.84,180.0
287,2025-07-11 23:00:00+05:30,5.232399,183.94511,13.6242285,195.32156
288,2025-07-12 00:00:00+05:30,4.846648,148.67137,11.16145,179.07597
289,2025-07-12 01:00:00+05:30,4.175069,187.43132,10.387107,207.89719
290,2025-07-12 02:00:00+05:30,4.471107,130.10085,8.101999,178.727
291,2025-07-12 03:00:00+05:30,11.609651,82.875084,17.462784,98.297066
292,2025-07-12 04:00:00+05:30,7.579261,94.08554,13.948548,109.60418
293,2025-07-12 05:00:00+05:30,8.783189,134.16977,13.246826,137.20262
294,2025-07-12 06:00:00+05:30,7.344794,143.97253,9.885262,146.88864
295,2025-07-12 07:00:00+05:30,7.7420926,144.46223,9.885262,146.88864
296,2025-07-12 08:00:00+05:30,8.827344,159.71736,11.213581,161.27412
297,2025-07-12 09:00:00+05:30,8.209263,142.12495,10.009036,142.3057
298,2025-07-12 10:00:00+05:30,8.274128,135.88132,10.195057,137.86247
299,2025-07-12 11:00:00+05:30,7.24486,153.43501,8.777654,151.85849
300,2025-07-12 12:00:00+05:30,14.36621,195.25517,18.947083,194.30031
301,2025-07-12 13:00:00+05:30,8.538149,198.43504,11.157097,197.8504
302,2025-07-12 14:00:00+05:30,2.995797,237.26477,3.9477081,226.8476
303,2025-07-12 15:00:00+05:30,11.832176,193.19061,15.108211,195.1953
304,2025-07-12 16:00:00+05:30,6.924738,171.02745,8.885877,173.01904
305,2025-07-12 17:00:00+05:30,7.1321807,137.04541,9.867218,141.66663
306,2025-07-12 18:00:00+05:30,5.4477882,187.59456,13.021106,185.55287
307,2025-07-12 19:00:00+05:30,6.1437774,185.04236,14.892213,187.64032
308,2025-07-12 20:00:00+05:30,9.354806,168.90631,18.613253,170.53775
309,2025-07-12 21:00:00+05:30,5.6521144,127.23492,13.608762,142.52374
310,2025-07-12 22:00:00+05:30,5.12289,108.43504,12.081473,123.45334
311,2025-07-12 23:00:00+05:30,6.050785,120.37905,13.276144,130.60121
312,2025-07-13 00:00:00+05:30,4.452954,104.03627,11.08572,122.399826
313,2025-07-13 01:00:00+05:30,4.4274144,116.56499,11.052058,127.05662
314,2025-07-13 02:00:00+05:30,4.412754,101.768265,10.304114,117.01259
315,2025-07-13 03:00:00+05:30,6.87779,96.00892,12.98248,106.9276
316,2025-07-13 04:00:00+05:30,5.983477,105.7087,13.441071,110.37652
317,2025-07-13 05:00:00+05:30,7.2044983,102.99462,12.601285,111.80147
318,2025-07-13 06:00:00+05:30,4.978554,229.39879,5.7402787,221.18582
319,2025-07-13 07:00:00+05:30,4.2175345,219.80553,5.1165614,219.28938
320,2025-07-13 08:00:00+05:30,3.2599385,96.340096,3.9966488,97.76508
321,2025-07-13 09:00:00+05:30,10.441552,90.98774,12.78,90.0
322,2025-07-13 10:00:00+05:30,8.133928,114.86367,10.6261,116.13094
323,2025-07-13 11:00:00+05:30,5.4744864,136.33215,6.873078,135.0001
324,2025-07-13 12:00:00+05:30,5.154415,155.22488,6.5248446,155.55606
325,2025-07-13 13:00:00+05:30,2.0124612,153.43501,2.9024127,150.2552
326,2025-07-13 14:00:00+05:30,14.766584,135.98767,18.222721,137.80252
327,2025-07-13 15:00:00+05:30,7.0774574,172.69434,9.391102,167.82855
328,2025-07-13 16:00:00+05:30,3.438895,186.00891,4.323748,182.3859
329,2025-07-13 17:00:00+05:30,5.506941,258.6901,6.5520988,254.05453
330,2025-07-13 18:00:00+05:30,2.0364676,135.0001,4.752136,142.69597
331,2025-07-13 19:00:00+05:30,2.9522195,127.568665,6.522361,129.40063
332,2025-07-13 20:00:00+05:30,1.4399999,90.0,3.8183763,98.13002
333,2025-07-13 21:00:00+05:30,2.97953,25.016869,5.3939967,25.709915
334,2025-07-13 22:00:00+05:30,3.1072817,79.99209,5.9427266,54.865723
335,2025-07-13 23:00:00+05:30,6.452441,59.8587,11.391313,58.5705
336,2025-07-14 00:00:00+05:30,5.509882,321.63248,10.086427,357.95462
337,2025-07-14 01:00:00+05:30,7.731623,294.77512,11.7662735,330.6901
338,2025-07-14 02:00:00+05:30,9.835975,325.4374,16.22498,340.55988
339,2025-07-14 03:00:00+05:30,6.5520988,344.05453,12.620554,3.2704222
340,2025-07-14 04:00:00+05:30,6.361415,25.114815,13.229693,33.90632
341,2025-07-14 05:00:00+05:30,2.4216523,48.01287,7.0107627,48.122223
342,2025-07-14 06:00:00+05:30,18.762356,298.04007,31.705046,304.59235
343,2025-07-14 07:00:00+05:30,22.461807,291.63095,35.504284,297.47433
344,2025-07-14 08:00:00+05:30,22.845821,286.00748,36.44722,290.22495
345,2025-07-14 09:00:00+05:30,20.880001,270.0,32.36498,275.42514
346,2025-07-14 10:00:00+05:30,21.06077,251.56496,30.98197,253.4601
347,2025-07-14 11:00:00+05:30,23.116512,220.26248,33.1552,221.47845
348,2025-07-14 12:00:00+05:30,25.051704,219.7528,38.26048,219.08078
349,2025-07-14 13:00:00+05:30,25.344229,216.62582,40.248013,216.81874
350,2025-07-14 14:00:00+05:30,24.697416,223.8189,35.267597,223.55246
351,2025-07-14 15:00:00+05:30,23.295227,224.0609,31.953423,223.85889
352,2025-07-14 16:00:00+05:30,20.46941,214.24908,28.656202,213.98956
353,2025-07-14 17:00:00+05:30,12.16832,209.21915,19.233065,211.60745
354,2025-07-14 18:00:00+05:30,14.949756,182.06999,25.92125,186.77948
355,2025-07-14 19:00:00+05:30,12.971244,182.3859,23.623243,187.88304
356,2025-07-14 20:00:00+05:30,13.330941,177.67851,23.635584,183.9301
357,2025-07-14 21:00:00+05:30,13.6242285,195.32156,23.712223,195.40776
358,2025-07-14 22:00:00+05:30,12.043869,189.46225,22.922276,193.16324
359,2025-07-14 23:00:00+05:30,12.549757,171.75377,22.682856,180.90936
360,2025-07-15 00:00:00+05:30,9.6228485,187.52373,19.296133,194.03627
361,2025-07-15 01:00:00+05:30,14.743526,197.77141,25.704731,201.35445
362,2025-07-15 02:00:00+05:30,16.42247,206.0033,27.955687,208.87535
363,2025-07-15 03:00:00+05:30,14.588885,189.22981,25.497175,194.72302
364,2025-07-15 04:00:00+05:30,15.151039,193.04564,26.105585,201.43468
365,2025-07-15 05:00:00+05:30,13.31635,189.33493,23.397923,197.45929
366,2025-07-15 06:00:00+05:30,16.836496,208.75702,27.041965,210.83287
367,2025-07-15 07:00:00+05:30,16.1198,203.70265,22.783335,205.75522
368,2025-07-15 08:00:00+05:30,21.299408,200.27277,28.277763,201.66602
369,2025-07-15 09:00:00+05:30,22.545315,199.59238,29.957972,200.39496
370,2025-07-15 10:00:00+05:30,19.078302,193.64293,24.755072,194.7436
371,2025-07-15 11:00:00+05:30,22.657845,194.25706,30.821548,194.19858
372,2025-07-15 12:00:00+05:30,19.881649,174.80566,26.174995,175.66182
373,2025-07-15 13:00:00+05:30,24.650143,189.6686,32.522266,189.87933
374,2025-07-15 14:00:00+05:30,16.954432,183.65215,22.737783,184.08554
375,2025-07-15 15:00:00+05:30,19.561287,190.069,26.516266,190.16563
376,2025-07-15 16:00:00+05:30,21.434364,187.72174,29.40398,187.38596
377,2025-07-15 17:00:00+05:30,17.794527,187.55624,26.398705,188.62727
378,2025-07-15 18:00:00+05:30,15.427586,172.62633,25.331442,171.00629
379,2025-07-15 19:00:00+05:30,11.841756,160.46326,22.154629,163.47903
380,2025-07-15 20:00:00+05:30,10.813492,177.13765,21.097658,176.5762
381,2025-07-15 21:00:00+05:30,13.504799,158.9076,24.150877,167.51752
382,2025-07-15 22:00:00+05:30,14.256409,155.37645,25.344229,163.49556
383,2025-07-15 23:00:00+05:30,12.241323,162.89719,22.910965,169.13152
384,2025-07-16 00:00:00+05:30,10.661107,168.31065,21.087675,177.06439
385,2025-07-16 01:00:00+05:30,11.402683,168.15794,21.618742,177.6141
386,2025-07-16 02:00:00+05:30,11.090103,166.86597,21.447208,177.11365
387,2025-07-16 03:00:00+05:30,11.844492,163.21727,22.81957,173.6599
388,2025-07-16 04:00:00+05:30,10.6261,178.05856,21.2522,181.94144
389,2025-07-16 05:00:00+05:30,10.474082,160.9422,19.626604,172.09293
390,2025-07-16 06:00:00+05:30,14.935662,167.4712,21.768095,172.87508
391,2025-07-16 07:00:00+05:30,14.650938,169.3804,19.915842,170.11208
392,2025-07-16 08:00:00+05:30,14.761098,179.30132,19.443333,178.93912
393,2025-07-16 09:00:00+05:30,13.5,180.0,17.460928,180.59064
394,2025-07-16 10:00:00+05:30,17.640919,179.41539,22.860708,179.54887
395,2025-07-16 11:00:00+05:30,17.893484,185.19434,23.096884,184.02191
396,2025-07-16 12:00:00+05:30,18.051228,196.80878,22.877003,194.58298
397,2025-07-16 13:00:00+05:30,17.298738,192.01146,22.734219,190.95403
398,2025-07-16 14:00:00+05:30,16.73516,198.8248,22.199188,198.43504
399,2025-07-16 15:00:00+05:30,17.235882,187.19914,23.063892,187.6241
400,2025-07-16 16:00:00+05:30,17.419127,193.74907,23.923754,193.93172
401,2025-07-16 17:00:00+05:30,15.489416,181.99783,22.517992,182.29056
402,2025-07-16 18:00:00+05:30,12.093534,175.7322,20.527102,178.4926
403,2025-07-16 19:00:00+05:30,10.7714615,170.38034,18.98552,174.55975
404,2025-07-16 20:00:00+05:30,10.360559,172.01076,19.121557,176.22188
405,2025-07-16 21:00:00+05:30,10.03167,170.70677,19.313757,175.72424
406,2025-07-16 22:00:00+05:30,9.266067,155.9245,18.254698,167.4712
407,2025-07-16 23:00:00+05:30,9.266067,155.9245,18.33616,166.37299
408,2025-07-17 00:00:00+05:30,8.723967,158.19853,18.179998,168.57884
409,2025-07-17 01:00:00+05:30,8.490582,158.87521,17.489666,171.11942
410,2025-07-17 02:00:00+05:30,6.849467,176.98727,16.1017,185.77423
411,2025-07-17 03:00:00+05:30,7.689603,163.68607,16.74,180.0
412,2025-07-17 04:00:00+05:30,6.9899354,168.11136,15.710607,184.6
413,2025-07-17 05:00:00+05:30,7.24486,153.43501,14.535487,172.17102
414,2025-07-17 06:00:00+05:30,8.43699,146.3099,15.151039,166.95436
415,2025-07-17 07:00:00+05:30,8.821836,178.83089,11.525623,181.78987
416,2025-07-17 08:00:00+05:30,9.779817,186.3401,12.145665,186.80896
417,2025-07-17 09:00:00+05:30,10.948973,189.46225,13.878688,189.70659
418,2025-07-17 10:00:00+05:30,12.224107,193.62701,15.3264475,192.89374
419,2025-07-17 11:00:00+05:30,12.20023,201.6445,15.210799,200.79419
420,2025-07-17 12:00:00+05:30,11.465024,202.13554,14.0734215,200.98497
421,2025-07-17 13:00:00+05:30,11.190442,205.74066,14.092977,204.92845
422,2025-07-17 14:00:00+05:30,14.009968,200.29765,17.823637,200.08206
423,2025-07-17 15:00:00+05:30,15.743571,202.1664,20.523157,201.61484
424,2025-07-17 16:00:00+05:30,19.468311,197.76494,26.469793,197.81898
425,2025-07-17 17:00:00+05:30,14.944336,189.00842,21.396542,190.17545
426,2025-07-17 18:00:00+05:30,7.3997297,161.56496,15.108211,164.8047
427,2025-07-17 19:00:00+05:30,6.1858225,171.6342,13.934604,174.06857
428,2025-07-17 20:00:00+05:30,6.689125,156.19405,14.970331,161.7828
429,2025-07-17 21:00:00+05:30,7.731623,155.22488,15.379206,159.44388
430,2025-07-17 22:00:00+05:30,7.327127,152.176,14.874796,158.71352
431,2025-07-17 23:00:00+05:30,6.830519,161.56496,14.6254835,166.47682
432,2025-07-18 00:00:00+05:30,6.489992,176.82024,14.04,180.0
433,2025-07-18 01:00:00+05:30,6.122647,181.68465,13.775586,186.75348
434,2025-07-18 02:00:00+05:30,5.506941,191.30989,12.98248,196.9276
435,2025-07-18 03:00:00+05:30,4.913044,171.57312,11.688918,189.75235
436,2025-07-18 04:00:00+05:30,3.8141315,160.70985,10.158444,187.12492
437,2025-07-18 05:00:00+05:30,5.1481256,143.53067,10.062305,169.6952
438,2025-07-18 06:00:00+05:30,3.9966483,144.16226,9.087772,187.96953
439,2025-07-18 07:00:00+05:30,6.482499,178.40889,9.555271,183.23964
440,2025-07-18 08:00:00+05:30,11.45513,224.9999,15.146761,225.4814
441,2025-07-18 09:00:00+05:30,6.12,208.07239,7.5019197,210.25635
442,2025-07-18 10:00:00+05:30,6.452441,210.1413,7.9036193,210.0685
443,2025-07-18 11:00:00+05:30,7.127636,224.9999,8.783189,224.16977
444,2025-07-18 12:00:00+05:30,9.867218,218.33337,12.387348,215.53777
445,2025-07-18 13:00:00+05:30,15.553083,203.89517,19.24738,204.88739
446,2025-07-18 14:00:00+05:30,9.568824,196.38962,12.535548,195.83246
447,2025-07-18 15:00:00+05:30,10.6261,206.13094,13.6063795,207.58194
448,2025-07-18 16:00:00+05:30,11.837651,225.61598,15.273505,224.9999
449,2025-07-18 17:00:00+05:30,11.132385,219.09386,15.833861,220.38927
450,2025-07-18 18:00:00+05:30,6.9527545,201.25058,14.4415655,202.72977
451,2025-07-18 19:00:00+05:30,8.825508,191.76826,17.288435,194.47034
452,2025-07-18 20:00:00+05:30,10.739833,193.57045,19.866161,197.94254
453,2025-07-18 21:00:00+05:30,8.905908,194.03627,17.71789,200.82863
454,2025-07-18 22:00:00+05:30,6.9480934,196.55714,15.509274,201.80147
455,2025-07-18 23:00:00+05:30,6.489992,183.17976,14.414617,195.94547
456,2025-07-19 00:00:00+05:30,8.149847,186.3401,16.676977,193.73628
457,2025-07-19 01:00:00+05:30,9.107359,198.43504,18.083506,202.22508
458,2025-07-19 02:00:00+05:30,8.019601,189.0394,16.396805,197.24155
459,2025-07-19 03:00:00+05:30,6.037383,190.3048,14.747921,199.9832
460,2025-07-19 04:00:00+05:30,5.495161,211.60745,13.971757,218.19873
461,2025-07-19 05:00:00+05:30,7.353611,201.54105,14.77755,214.07724
462,2025-07-19 06:00:00+05:30,9.9977,193.53587,15.596767,198.85326
463,2025-07-19 07:00:00+05:30,12.10157,210.37904,15.83693,211.52213
464,2025-07-19 08:00:00+05:30,10.766949,218.21107,13.551501,219.61066
465,2025-07-19 09:00:00+05:30,10.094454,211.13892,12.688404,211.6607
466,2025-07-19 10:00:00+05:30,10.223619,206.11385,12.56008,205.4633
467,2025-07-19 11:00:00+05:30,9.339208,207.55272,11.511559,206.96564
468,2025-07-19 12:00:00+05:30,9.3340025,230.4774,11.466438,227.54485
469,2025-07-19 13:00:00+05:30,9.659814,206.56499,12.642357,208.02441
470,2025-07-19 14:00:00+05:30,11.866355,189.60513,15.215058,190.91109
471,2025-07-19 15:00:00+05:30,16.116785,200.25655,20.33044,200.19989
472,2025-07-19 16:00:00+05:30,16.03213,208.86707,21.591747,208.91533
473,2025-07-19 17:00:00+05:30,14.897651,205.01686,21.738306,205.50409
474,2025-07-19 18:00:00+05:30,7.247096,194.38142,15.034041,196.69933
475,2025-07-19 19:00:00+05:30,7.5685663,182.72626,15.922626,185.8394
476,2025-07-19 20:00:00+05:30,7.4346757,186.95287,16.557064,191.92072
477,2025-07-19 21:00:00+05:30,9.0018,181.14574,17.69593,189.36644
478,2025-07-19 22:00:00+05:30,10.813492,182.86235,20.542881,188.05902
479,2025-07-19 23:00:00+05:30,10.8955765,187.59456,20.969805,191.88864
480,2025-07-20 00:00:00+05:30,8.6867485,185.94676,18.079027,192.65256
481,2025-07-20 01:00:00+05:30,7.388775,177.20735,16.478603,186.27098
482,2025-07-20 02:00:00+05:30,6.6624317,181.54813,15.891054,189.78233
483,2025-07-20 03:00:00+05:30,6.849467,176.98727,15.891054,189.78233
484,2025-07-20 04:00:00+05:30,7.2,180.0,16.13286,190.93378
485,2025-07-20 05:00:00+05:30,8.37532,171.34753,16.383955,181.25902
486,2025-07-20 06:00:00+05:30,8.101999,181.273,12.287555,185.04236
487,2025-07-20 07:00:00+05:30,7.5170207,196.69933,9.847496,198.10385
488,2025-07-20 08:00:00+05:30,7.538541,213.31064,9.335737,213.9965
489,2025-07-20 09:00:00+05:30,6.037383,206.56499,7.406295,205.94225
490,2025-07-20 10:00:00+05:30,5.3999996,180.0,6.66,180.0
491,2025-07-20 11:00:00+05:30,3.671294,168.69011,4.412754,168.23174
492,2025-07-20 12:00:00+05:30,4.293669,213.02386,5.1575575,209.24873
493,2025-07-20 13:00:00+05:30,6.5223618,207.97939,7.4867883,207.18103
494,2025-07-20 14:00:00+05:30,11.08572,147.60017,13.4903965,148.64297
495,2025-07-20 15:00:00+05:30,13.170786,183.91817,16.764177,183.0774
496,2025-07-20 16:00:00+05:30,12.330985,213.6901,15.83693,211.52213
497,2025-07-20 17:00:00+05:30,8.909545,188.13002,12.371645,188.3658
498,2025-07-20 18:00:00+05:30,8.3520775,142.88306,13.584932,147.99466
499,2025-07-20 19:00:00+05:30,7.1684303,151.50446,13.719023,160.85178
500,2025-07-20 20:00:00+05:30,6.763786,154.7989,14.668619,165.7932
501,2025-07-20 21:00:00+05:30,3.9312592,164.05453,11.749741,174.7262
502,2025-07-20 22:00:00+05:30,3.4247334,183.01273,10.182337,188.13002
503,2025-07-20 23:00:00+05:30,4.186693,205.4633,10.829958,201.4478
504,2025-07-21 00:00:00+05:30,3.381893,205.2011,10.404249,210.11365
505,2025-07-21 01:00:00+05:30,2.226477,165.96373,7.293888,195.75124
506,2025-07-21 02:00:00+05:30,3.2048087,141.84273,7.771331,166.60748
507,2025-07-21 03:00:00+05:30,2.2910259,135.0001,6.330782,165.17348
508,2025-07-21 04:00:00+05:30,0.9,126.86999,4.0249224,169.6952
509,2025-07-21 05:00:00+05:30,1.9469976,123.6901,4.198285,149.03632
510,2025-07-21 06:00:00+05:30,3.0547013,135.0001,4.2021422,170.13426
511,2025-07-21 07:00:00+05:30,7.2202215,4.289077,8.490582,4.864438
512,2025-07-21 08:00:00+05:30,7.289444,20.224945,8.557102,22.249071
513,2025-07-21 09:00:00+05:30,5.3517847,42.27363,6.3690495,42.709366
514,2025-07-21 10:00:00+05:30,1.659518,49.398785,1.9469976,56.3099
515,2025-07-21 11:00:00+05:30,5.1481256,36.469334,5.876938,40.030197
516,2025-07-21 12:00:00+05:30,5.6060677,132.39738,6.4924874,133.87679
517,2025-07-21 13:00:00+05:30,14.949756,182.06999,19.45333,182.12105
518,2025-07-21 14:00:00+05:30,9.0018,181.14574,11.525623,178.21013
519,2025-07-21 15:00:00+05:30,10.316686,173.99109,12.860871,173.57135
520,2025-07-21 16:00:00+05:30,10.594036,189.78233,13.493999,189.21095
521,2025-07-21 17:00:00+05:30,10.699028,192.63336,14.408997,192.99461
522,2025-07-21 18:00:00+05:30,8.149847,186.3401,15.188415,185.44025
523,2025-07-21 19:00:00+05:30,6.1858225,188.3658,14.766584,189.11778
524,2025-07-21 20:00:00+05:30,6.8138976,192.20045,16.068466,192.94652
525,2025-07-21 21:00:00+05:30,7.458606,199.74693,16.645864,201.57137
526,2025-07-21 22:00:00+05:30,5.5916004,213.17853,14.539945,211.32863
527,2025-07-21 23:00:00+05:30,4.6800003,202.6199,12.659004,209.84584
528,2025-07-22 00:00:00+05:30,5.315336,208.30066,13.878689,213.89621
529,2025-07-22 01:00:00+05:30,3.745557,215.21768,10.8792095,218.95592
530,2025-07-22 02:00:00+05:30,2.6208394,254.05453,8.936778,235.66972
531,2025-07-22 03:00:00+05:30,3.0652895,273.3664,8.880405,252.29948
532,2025-07-22 04:00:00+05:30,1.8,323.13,6.5024605,274.76355
533,2025-07-22 05:00:00+05:30,1.1525624,38.65983,3.2846913,279.46225
534,2025-07-22 06:00:00+05:30,2.5455842,135.0001,4.2021422,170.13426
535,2025-07-22 07:00:00+05:30,2.8856194,183.57626,3.671294,191.30989
536,2025-07-22 08:00:00+05:30,2.0523157,164.74483,2.5772078,167.90526
537,2025-07-22 09:00:00+05:30,2.7416782,156.80138,3.3092597,157.61983
538,2025-07-22 10:00:00+05:30,2.3400002,157.3801,3.06,151.92761
539,2025-07-22 11:00:00+05:30,1.9881649,185.19434,2.52,180.0
540,2025-07-22 12:00:00+05:30,8.538149,198.43504,10.018743,197.78398
541,2025-07-22 13:00:00+05:30,11.440979,204.14554,14.4415655,202.72977
542,2025-07-22 14:00:00+05:30,10.621525,179.029,13.324863,178.45187
543,2025-07-22 15:00:00+05:30,11.016824,175.3142,14.050382,177.79745
544,2025-07-22 16:00:00+05:30,12.193589,211.10875,16.208998,209.98155
545,2025-07-22 17:00:00+05:30,9.67657,226.50737,13.755579,222.87889
546,2025-07-22 18:00:00+05:30,10.829959,164.57777,19.348116,167.64465
547,2025-07-22 19:00:00+05:30,8.149847,173.6599,17.103788,178.79398
548,2025-07-22 20:00:00+05:30,4.9785542,192.5288,13.752048,194.40005
549,2025-07-22 21:00:00+05:30,4.6730714,195.6423,12.241323,197.10281
550,2025-07-22 22:00:00+05:30,4.8899083,186.3401,12.576836,189.05782
551,2025-07-22 23:00:00+05:30,4.8899083,186.3401,12.703715,187.32631
552,2025-07-23 00:00:00+05:30,3.536439,194.7436,10.435344,194.99513
553,2025-07-23 01:00:00+05:30,3.1072817,190.00792,8.827343,196.58742
554,2025-07-23 02:00:00+05:30,2.7238941,187.59456,8.035746,195.59286
555,2025-07-23 03:00:00+05:30,0.6489992,146.3099,4.5,196.26028
556,2025-07-23 04:00:00+05:30,0.25455844,135.0001,2.97953,205.01686
557,2025-07-23 05:00:00+05:30,1.2074767,26.564985,1.4058449,309.8055
558,2025-07-23 06:00:00+05:30,2.16,90.0,1.9881649,95.19434
559,2025-07-23 07:00:00+05:30,2.2910259,44.999897,2.8001428,44.999897
560,2025-07-23 08:00:00+05:30,5.495161,31.607454,6.945761,31.218353
561,2025-07-23 09:00:00+05:30,8.6193495,61.294147,10.650465,59.53454
562,2025-07-23 10:00:00+05:30,10.711135,65.157646,13.3649235,64.470345
563,2025-07-23 11:00:00+05:30,10.560341,60.376347,13.203954,62.387074
564,2025-07-23 12:00:00+05:30,8.688613,50.04252,10.548061,53.325558
565,2025-07-23 13:00:00+05:30,8.777654,61.858498,10.636766,66.03751
566,2025-07-23 14:00:00+05:30,7.922045,91.301926,9.906544,87.91749
567,2025-07-23 15:00:00+05:30,14.957339,182.75905,19.121557,183.77812
568,2025-07-23 16:00:00+05:30,18.561832,199.84079,24.94413,200.26578
569,2025-07-23 17:00:00+05:30,15.03835,191.0409,20.83184,192.4751
570,2025-07-23 18:00:00+05:30,11.272657,218.51695,20.270588,217.7858
571,2025-07-23 19:00:00+05:30,11.4862,212.19571,21.120682,209.62366
572,2025-07-23 20:00:00+05:30,10.308831,192.09474,19.514856,194.4208
573,2025-07-23 21:00:00+05:30,5.7628117,181.78987,13.644427,188.34381
574,2025-07-23 22:00:00+05:30,3.563818,224.9999,10.009036,217.6943
575,2025-07-23 23:00:00+05:30,3.671294,258.6901,10.094454,248.00882
576,2025-07-24 00:00:00+05:30,2.50064,329.74365,6.603817,287.44727
577,2025-07-24 01:00:00+05:30,2.0124612,10.304792,4.863332,308.991
578,2025-07-24 02:00:00+05:30,1.2979984,56.309914,3.9477081,316.8476
579,2025-07-24 03:00:00+05:30,2.4482646,17.102825,6.5248446,335.55606
580,2025-07-24 04:00:00+05:30,3.396233,327.99466,8.9873905,327.26477
581,2025-07-24 05:00:00+05:30,3.572898,319.0857,7.8087645,334.02567
582,2025-07-24 06:00:00+05:30,5.020677,345.4655,12.841963,354.36942
583,2025-07-24 07:00:00+05:30,4.4456716,31.75944,7.16617,25.277687
584,2025-07-24 08:00:00+05:30,7.570707,18.00426,10.587917,17.818983
585,2025-07-24 09:00:00+05:30,10.934166,20.224945,14.978986,20.394962
586,2025-07-24 10:00:00+05:30,12.4811535,33.231728,15.876775,32.96941
587,2025-07-24 11:00:00+05:30,11.919479,38.25447,14.87153,38.118332
588,2025-07-24 12:00:00+05:30,12.124306,49.214275,14.957339,50.371037
589,2025-07-24 13:00:00+05:30,10.534229,56.852993,13.184308,57.828808
590,2025-07-24 14:00:00+05:30,9.82279,76.21838,12.442153,75.76269
591,2025-07-24 15:00:00+05:30,12.346741,134.40942,15.784676,134.07605
592,2025-07-24 16:00:00+05:30,8.827343,163.41258,11.157097,162.1496
593,2025-07-24 17:00:00+05:30,7.79215,186.63242,10.120098,185.10208
594,2025-07-24 18:00:00+05:30,4.1556225,94.96966,9.187056,92.2457
595,2025-07-24 19:00:00+05:30,2.7238941,97.59455,5.4119864,93.814
596,2025-07-24 20:00:00+05:30,2.36753,81.25392,5.068846,73.49557
597,2025-07-24 21:00:00+05:30,2.36753,8.746089,6.5693827,9.462261
598,2025-07-24 22:00:00+05:30,4.1556225,17.650223,10.163227,22.93213
599,2025-07-24 23:00:00+05:30,7.2202215,274.28906,10.560341,299.62366
600,2025-07-25 00:00:00+05:30,8.783189,315.83023,17.430283,324.66858
601,2025-07-25 01:00:00+05:30,11.252519,7.3522935,18.613253,9.462261
602,2025-07-25 02:00:00+05:30,12.886039,12.094739,21.65468,13.4587
603,2025-07-25 03:00:00+05:30,8.404285,43.26433,15.801087,42.229725
604,2025-07-25 04:00:00+05:30,6.9480934,16.557161,12.641076,19.983198
605,2025-07-25 05:00:00+05:30,9.0,16.26028,14.009968,20.297659
606,2025-07-25 06:00:00+05:30,11.298495,59.349415,19.00599,61.7361
607,2025-07-25 07:00:00+05:30,7.570707,28.392921,11.599879,41.85495
608,2025-07-25 08:00:00+05:30,9.354806,30.018288,12.5807,33.91748
609,2025-07-25 09:00:00+05:30,10.799999,53.13002,13.644427,53.583534
610,2025-07-25 10:00:00+05:30,7.3799996,102.680374,9.144637,100.20392
611,2025-07-25 11:00:00+05:30,8.2584505,196.4601,9.5196,195.35019
612,2025-07-25 12:00:00+05:30,13.203954,207.61295,18.244045,210.86674
613,2025-07-25 13:00:00+05:30,18.388212,203.05133,24.654743,204.13237
614,2025-07-25 14:00:00+05:30,26.574244,215.62799,36.360447,217.15363
615,2025-07-25 15:00:00+05:30,26.089443,219.40063,36.022495,220.13542
616,2025-07-25 16:00:00+05:30,25.17234,202.71445,35.405594,203.04562
617,2025-07-25 17:00:00+05:30,24.77012,188.77774,36.433884,190.53265
618,2025-07-25 18:00:00+05:30,22.460365,170.31128,35.217953,175.3094
619,2025-07-25 19:00:00+05:30,25.420818,176.75273,39.60368,180.78123
620,2025-07-25 20:00:00+05:30,24.126041,181.2825,37.579926,184.94588
621,2025-07-25 21:00:00+05:30,19.803272,181.04161,32.527744,185.07951
622,2025-07-25 22:00:00+05:30,16.284779,166.57816,27.072502,175.8059
623,2025-07-25 23:00:00+05:30,18.568813,168.2544,30.703587,175.29224
624,2025-07-26 00:00:00+05:30,18.865683,172.87508,30.868818,175.65263
625,2025-07-26 01:00:00+05:30,15.329618,164.33177,25.764534,172.77577
626,2025-07-26 02:00:00+05:30,14.677452,146.50479,24.490585,155.69547
627,2025-07-26 03:00:00+05:30,15.273505,171.86998,26.109928,178.41986
628,2025-07-26 04:00:00+05:30,12.383424,122.53506,22.277134,135.98203
629,2025-07-26 05:00:00+05:30,11.51578,114.96276,20.381372,128.1857
630,2025-07-26 06:00:00+05:30,13.009903,165.5792,19.469976,176.82024
631,2025-07-26 07:00:00+05:30,11.903159,159.64668,17.288435,165.52966
632,2025-07-26 08:00:00+05:30,11.440979,155.85446,15.275627,158.57465
633,2025-07-26 09:00:00+05:30,16.108742,161.76741,20.896288,162.96976
634,2025-07-26 10:00:00+05:30,14.056144,170.41713,20.633371,173.99109
635,2025-07-26 11:00:00+05:30,14.182355,156.0375,18.98552,158.29941
636,2025-07-26 12:00:00+05:30,20.167229,178.4657,26.282465,179.2152
637,2025-07-26 13:00:00+05:30,21.746504,186.65433,28.80281,186.45872
638,2025-07-26 14:00:00+05:30,19.201874,186.45872,25.764534,187.22423
639,2025-07-26 15:00:00+05:30,20.495512,187.0625,27.595823,187.49576
640,2025-07-26 16:00:00+05:30,17.84271,182.8912,24.366575,184.23631
641,2025-07-26 17:00:00+05:30,16.395817,182.51682,24.35394,183.814
642,2025-07-26 18:00:00+05:30,9.854075,170.53775,18.720863,180.55089
643,2025-07-26 19:00:00+05:30,10.435344,165.00487,19.829433,176.87793
644,2025-07-26 20:00:00+05:30,9.919618,168.4862,19.983242,181.03223
645,2025-07-26 21:00:00+05:30,8.035746,164.40714,17.640919,179.41539
646,2025-07-26 22:00:00+05:30,10.261578,181.00507,19.540573,185.81554
647,2025-07-26 23:00:00+05:30,10.837435,175.23645,20.224983,184.59416
648,2025-07-27 00:00:00+05:30,9.793058,162.89719,18.751125,176.6982
649,2025-07-27 01:00:00+05:30,11.542478,176.42374,21.03152,186.88162
650,2025-07-27 02:00:00+05:30,11.016824,184.6858,20.523157,195.25517
651,2025-07-27 03:00:00+05:30,10.621525,180.971,20.476532,194.76924
652,2025-07-27 04:00:00+05:30,8.827343,196.58742,18.603678,208.30066
653,2025-07-27 05:00:00+05:30,9.906544,204.70241,19.634031,211.50421
654,2025-07-27 06:00:00+05:30,16.308636,217.37589,26.28,221.112
655,2025-07-27 07:00:00+05:30,19.09358,224.23619,26.475302,225.55083
656,2025-07-27 08:00:00+05:30,17.946821,224.5937,24.058804,225.90929
657,2025-07-27 09:00:00+05:30,16.024044,231.84273,20.917982,232.34116
658,2025-07-27 10:00:00+05:30,16.42839,237.52882,21.068459,236.853
659,2025-07-27 11:00:00+05:30,15.876775,237.0306,20.219378,235.88548
660,2025-07-27 12:00:00+05:30,16.575644,235.6196,20.969807,235.49142
661,2025-07-27 13:00:00+05:30,18.022486,219.73225,23.60472,220.98032
662,2025-07-27 14:00:00+05:30,18.937675,216.10754,24.948027,216.78731
663,2025-07-27 15:00:00+05:30,19.627428,215.29343,26.679497,215.9422
664,2025-07-27 16:00:00+05:30,20.12944,211.84242,28.066727,212.16115
665,2025-07-27 17:00:00+05:30,16.947744,210.65059,26.273218,211.8389
666,2025-07-27 18:00:00+05:30,10.484903,214.50858,19.404133,217.08258
667,2025-07-27 19:00:00+05:30,10.484903,214.50858,19.820442,219.47243
668,2025-07-27 20:00:00+05:30,9.983106,205.64096,19.521496,212.95743
669,2025-07-27 21:00:00+05:30,11.465024,202.13554,21.27734,209.38406
670,2025-07-27 22:00:00+05:30,11.132385,194.03627,20.82484,202.35324
671,2025-07-27 23:00:00+05:30,14.007655,205.90645,24.422358,212.05011
672,2025-07-28 00:00:00+05:30,14.336861,218.8845,24.567856,224.10956
673,2025-07-28 01:00:00+05:30,14.681866,229.47498,25.05623,232.88306
674,2025-07-28 02:00:00+05:30,12.475961,223.83095,22.218153,229.60017
675,2025-07-28 03:00:00+05:30,11.594292,242.24155,21.493237,243.6496
676,2025-07-28 04:00:00+05:30,8.242743,238.39255,17.71423,242.13309
677,2025-07-28 05:00:00+05:30,9.3340025,230.4774,18.272436,235.84026
678,2025-07-28 06:00:00+05:30,15.546833,227.81563,23.138927,230.36566
679,2025-07-28 07:00:00+05:30,14.128566,224.4839,19.474136,224.62556
680,2025-07-28 08:00:00+05:30,11.720751,259.3804,16.635155,256.86597
681,2025-07-28 09:00:00+05:30,14.578888,249.77505,18.88628,247.59012
682,2025-07-28 10:00:00+05:30,10.34178,238.52321,14.292725,238.91255
683,2025-07-28 11:00:00+05:30,8.242743,211.60745,10.383987,213.6901
684,2025-07-28 12:00:00+05:30,10.009036,217.6943,12.538134,219.17365
685,2025-07-28 13:00:00+05:30,10.304114,242.98741,12.96125,242.72331
686,2025-07-28 14:00:00+05:30,20.6624,251.7228,26.752869,251.56496
687,2025-07-28 15:00:00+05:30,7.4932766,245.89777,10.711135,245.15764
688,2025-07-28 16:00:00+05:30,6.76618,208.61037,10.134495,213.40784
689,2025-07-28 17:00:00+05:30,7.056826,217.74687,13.276144,220.60121
690,2025-07-28 18:00:00+05:30,4.5572357,189.0902,10.1902895,215.65541
691,2025-07-28 19:00:00+05:30,5.6492476,202.47948,12.538134,219.17365
692,2025-07-28 20:00:00+05:30,5.414979,201.4478,12.830604,214.13599
693,2025-07-28 21:00:00+05:30,4.1556225,175.03035,10.914888,193.34874
694,2025-07-28 22:00:00+05:30,3.143565,166.75948,9.6932955,195.06854
695,2025-07-28 23:00:00+05:30,3.3092597,157.61983,9.107359,198.43504
696,2025-07-29 00:00:00+05:30,5.04,180.0,11.799271,201.47685
697,2025-07-29 01:00:00+05:30,11.090103,193.13403,19.087639,200.9988
698,2025-07-29 02:00:00+05:30,11.132385,194.03627,18.102308,199.1557
699,2025-07-29 03:00:00+05:30,9.83268,203.7495,16.525724,212.99771
700,2025-07-29 04:00:00+05:30,7.5599995,180.0,14.178928,200.04533
701,2025-07-29 05:00:00+05:30,7.814986,187.94337,16.192997,204.28581
702,2025-07-29 06:00:00+05:30,8.490582,201.12479,13.83192,214.93102
703,2025-07-29 07:00:00+05:30,7.570707,241.60707,10.1456785,244.7989
704,2025-07-29 08:00:00+05:30,7.9567327,217.64769,11.5887,223.11183
705,2025-07-29 09:00:00+05:30,6.130579,183.3664,9.255571,193.49574
706,2025-07-29 10:00:00+05:30,6.7853074,201.80147,8.854829,206.56499
707,2025-07-29 11:00:00+05:30,9.321845,190.00792,11.440978,192.72435
708,2025-07-29 12:00:00+05:30,13.3649235,205.52965,16.746773,205.4633
709,2025-07-29 13:00:00+05:30,13.084402,187.90707,18.228943,189.0902
710,2025-07-29 14:00:00+05:30,15.070633,187.54933,20.774214,188.97255
711,2025-07-29 15:00:00+05:30,11.409785,186.3401,19.09782,191.4158
712,2025-07-29 16:00:00+05:30,11.705537,178.23764,19.267569,181.60597
713,2025-07-29 17:00:00+05:30,10.6261,169.26115,19.620825,180.52562
714,2025-07-29 18:00:00+05:30,14.096425,185.1281,24.387177,188.48886
715,2025-07-29 19:00:00+05:30,11.173057,177.22984,21.152872,185.37091
716,2025-07-29 20:00:00+05:30,8.596766,160.42679,17.339897,175.23645
717,2025-07-29 21:00:00+05:30,7.0038276,154.09355,15.24909,172.53952
718,2025-07-29 22:00:00+05:30,6.361415,154.8852,14.978984,184.1346
719,2025-07-29 23:00:00+05:30,7.491114,144.78232,12.189602,163.70589
720,2025-07-30 00:00:00+05:30,9.526405,157.79648,15.427586,172.62633
721,2025-07-30 01:00:00+05:30,11.638917,140.64827,17.972979,150.61108
722,2025-07-30 02:00:00+05:30,9.7565975,150.1241,18.03237,176.56644
723,2025-07-30 03:00:00+05:30,8.43699,146.3099,12.661564,165.17348
724,2025-07-30 04:00:00+05:30,9.587428,129.6678,16.237955,148.6006
725,2025-07-30 05:00:00+05:30,10.464797,130.81499,17.229301,147.80429
726,2025-07-30 06:00:00+05:30,8.731392,171.70294,17.878086,184.61984
727,2025-07-30 07:00:00+05:30,9.801326,187.38596,17.791796,191.08253
728,2025-07-30 08:00:00+05:30,11.705537,178.23764,18.741621,182.75243
729,2025-07-30 09:00:00+05:30,14.087228,169.6952,20.625517,170.45555
730,2025-07-30 10:00:00+05:30,10.853866,174.2895,15.697197,176.05489
731,2025-07-30 11:00:00+05:30,15.661035,180.65852,22.346113,182.77016
732,2025-07-30 12:00:00+05:30,13.451914,192.36249,17.377226,193.17256
733,2025-07-30 13:00:00+05:30,13.797913,195.12405,17.816362,198.25198
734,2025-07-30 14:00:00+05:30,14.230248,177.8253,20.750027,183.97931
735,2025-07-30 15:00:00+05:30,14.490838,186.41869,20.27059,189.71318
736,2025-07-30 16:00:00+05:30,14.535487,187.82898,20.7219,191.01707
737,2025-07-30 17:00:00+05:30,15.683776,189.24603,24.407097,194.95868
738,2025-07-30 18:00:00+05:30,12.483749,204.71742,22.689283,211.04164
739,2025-07-30 19:00:00+05:30,12.440851,211.39021,23.923754,219.1984
740,2025-07-30 20:00:00+05:30,11.435313,208.1785,22.517992,214.57935
741,2025-07-30 21:00:00+05:30,11.334285,200.44963,22.013786,209.91911
742,2025-07-30 22:00:00+05:30,11.028581,206.14677,22.166325,214.07724
743,2025-07-30 23:00:00+05:30,11.545284,210.96368,21.744267,216.5854
744,2025-07-31 00:00:00+05:30,13.733186,190.57347,23.281315,198.01479
745,2025-07-31 01:00:00+05:30,14.288191,199.11981,24.312662,207.3238
746,2025-07-31 02:00:00+05:30,12.242646,228.57643,23.214417,236.06346
747,2025-07-31 03:00:00+05:30,11.391313,238.57048,20.799152,246.54095
748,2025-07-31 04:00:00+05:30,9.028754,246.50142,18.818396,248.09677
749,2025-07-31 05:00:00+05:30,6.924738,188.97255,14.423605,209.12396
750,2025-07-31 06:00:00+05:30,15.426537,199.06929,27.231804,204.1932
751,2025-07-31 07:00:00+05:30,15.376045,207.1649,23.678722,211.63599
752,2025-07-31 08:00:00+05:30,19.233065,211.60745,26.161995,212.92471
753,2025-07-31 09:00:00+05:30,20.495512,223.93259,26.733484,223.90887
754,2025-07-31 10:00:00+05:30,19.731974,223.89127,26.095034,224.16168
755,2025-07-31 11:00:00+05:30,19.797543,220.2057,25.501621,221.56627
756,2025-07-31 12:00:00+05:30,15.661035,217.5285,20.746122,218.65982
757,2025-07-31 13:00:00+05:30,15.236338,231.23447,20.746122,231.34018
758,2025-07-31 14:00:00+05:30,13.022349,229.4847,16.985933,229.72806
759,2025-07-31 15:00:00+05:30,15.086748,234.22383,18.75631,232.80011
760,2025-07-31 16:00:00+05:30,8.953078,210.17343,14.330079,212.69197
761,2025-07-31 17:00:00+05:30,9.422101,223.45189,15.655861,224.53424
762,2025-07-31 18:00:00+05:30,9.6228485,187.52373,18.38557,198.25766
763,2025-07-31 19:00:00+05:30,10.094454,183.06642,20.089966,192.41743
764,2025-07-31 20:00:00+05:30,9.781473,192.75752,20.28976,201.32953
765,2025-07-31 21:00:00+05:30,10.897063,202.3287,21.505291,208.49554
766,2025-07-31 22:00:00+05:30,9.927779,202.38017,20.406792,210.1836
767,2025-07-31 23:00:00+05:30,9.5196,195.35019,20.291357,205.2011
768,2025-08-01 00:00:00+05:30,8.880405,197.70052,19.969458,207.95087
769,2025-08-01 01:00:00+05:30,9.459852,201.19412,20.406792,210.1836
770,2025-08-01 02:00:00+05:30,13.31635,189.33493,24.193098,199.10909
771,2025-08-01 03:00:00+05:30,13.638489,202.50357,25.140787,209.1342
772,2025-08-01 04:00:00+05:30,11.079873,223.02507,22.52878,225.32367
773,2025-08-01 05:00:00+05:30,11.341428,234.03938,22.117304,236.95657
774,2025-08-01 06:00:00+05:30,11.003581,195.17297,21.868332,212.90524
775,2025-08-01 07:00:00+05:30,13.277364,195.73207,19.689238,202.5796
776,2025-08-01 08:00:00+05:30,13.356437,217.33327,17.401447,219.1226
777,2025-08-01 09:00:00+05:30,14.292725,238.91255,18.201372,241.66096
778,2025-08-01 10:00:00+05:30,15.072783,220.15593,19.388264,221.23587
779,2025-08-01 11:00:00+05:30,12.156331,242.6762,15.455911,243.73341
780,2025-08-01 12:00:00+05:30,10.137692,253.49556,12.487641,254.96213
781,2025-08-01 13:00:00+05:30,9.278297,251.91646,11.384199,251.56496
782,2025-08-01 14:00:00+05:30,7.0843205,242.78397,8.6193495,241.29414
783,2025-08-01 15:00:00+05:30,10.365251,249.67677,13.638489,247.49643
784,2025-08-01 16:00:00+05:30,7.928177,219.47243,10.348043,220.06071
785,2025-08-01 17:00:00+05:30,9.965239,200.07161,14.707222,201.54105
786,2025-08-01 18:00:00+05:30,4.39436,214.9921,11.778658,218.79657
787,2025-08-01 19:00:00+05:30,5.0142193,201.03758,12.642357,208.02441
788,2025-08-01 20:00:00+05:30,7.613382,186.78888,16.394829,199.23076
789,2025-08-01 21:00:00+05:30,9.0645685,186.84268,19.18246,198.60506
790,2025-08-01 22:00:00+05:30,8.477216,176.34785,17.34083,189.56003
791,2025-08-01 23:00:00+05:30,13.202726,191.0035,24.077648,198.29959
792,2025-08-02 00:00:00+05:30,10.742848,211.29298,20.570463,212.85571
793,2025-08-02 01:00:00+05:30,12.320471,205.06743,21.45627,210.22176
794,2025-08-02 02:00:00+05:30,13.934604,185.93143,23.272963,192.96141
795,2025-08-02 03:00:00+05:30,13.543131,203.49858,23.532547,209.3099
796,2025-08-02 04:00:00+05:30,12.20023,201.6445,22.065973,208.23735
797,2025-08-02 05:00:00+05:30,10.315115,209.24873,19.118168,217.73311
798,2025-08-02 06:00:00+05:30,10.062305,206.56499,21.175837,215.3113
799,2025-08-02 07:00:00+05:30,13.287122,215.62799,18.108572,217.32559
800,2025-08-02 08:00:00+05:30,15.048042,216.73291,19.623302,217.92113
801,2025-08-02 09:00:00+05:30,17.035456,218.56529,21.872036,219.32257
802,2025-08-02 10:00:00+05:30,13.237039,202.38017,17.23588,204.69154
803,2025-08-02 11:00:00+05:30,14.650938,206.25018,18.838184,207.29948
804,2025-08-02 12:00:00+05:30,15.94601,208.30066,20.473368,209.49486
805,2025-08-02 13:00:00+05:30,18.083506,202.22508,23.469818,203.02551
806,2025-08-02 14:00:00+05:30,16.997377,204.39372,22.390293,204.71078
807,2025-08-02 15:00:00+05:30,17.33429,195.04645,23.292444,196.6145
808,2025-08-02 16:00:00+05:30,16.778666,189.26015,23.377836,189.75235
809,2025-08-02 17:00:00+05:30,14.685176,191.30989,22.491356,192.47906
810,2025-08-02 18:00:00+05:30,13.324863,181.54813,22.546032,183.66187
811,2025-08-02 19:00:00+05:30,12.093534,175.7322,21.423023,180.96284
812,2025-08-02 20:00:00+05:30,13.159711,176.86371,23.23116,181.776
813,2025-08-02 21:00:00+05:30,14.383114,188.63705,24.854343,192.12372
814,2025-08-02 22:00:00+05:30,13.976394,187.3995,24.288662,191.9761
815,2025-08-02 23:00:00+05:30,14.019216,195.6423,24.874542,198.56615
816,2025-08-03 00:00:00+05:30,13.533558,193.85144,24.193098,197.761
817,2025-08-03 01:00:00+05:30,12.487641,195.03787,22.944881,199.71439
818,2025-08-03 02:00:00+05:30,11.13384,214.46088,20.821728,214.7892
819,2025-08-03 03:00:00+05:30,9.555271,176.76036,18.790829,189.37202
820,2025-08-03 04:00:00+05:30,8.909545,188.13002,18.644558,195.10963
821,2025-08-03 05:00:00+05:30,11.090103,166.86597,20.527102,181.5074
822,2025-08-03 06:00:00+05:30,11.571914,164.66666,20.077868,174.3406
823,2025-08-03 07:00:00+05:30,15.726067,185.25371,21.410923,187.24442
824,2025-08-03 08:00:00+05:30,19.017065,197.06294,25.502893,197.66772
825,2025-08-03 09:00:00+05:30,19.296974,197.92801,25.501621,198.9466
826,2025-08-03 10:00:00+05:30,22.545315,199.59238,29.66507,199.86438
827,2025-08-03 11:00:00+05:30,22.998478,202.55092,30.419998,202.6199
828,2025-08-03 12:00:00+05:30,23.417301,214.66736,31.353085,214.23752
829,2025-08-03 13:00:00+05:30,26.509546,213.36638,35.54943,212.80495
830,2025-08-03 14:00:00+05:30,19.576189,212.22873,26.368616,212.17119
831,2025-08-03 15:00:00+05:30,18.762356,220.72044,26.14465,221.37137
832,2025-08-03 16:00:00+05:30,18.193361,207.07199,24.71512,207.31145
833,2025-08-03 17:00:00+05:30,13.666967,192.93806,19.689238,194.29036
834,2025-08-03 18:00:00+05:30,12.601285,179.18156,21.053844,187.36795
835,2025-08-03 19:00:00+05:30,11.609651,172.87508,20.79448,185.46375
836,2025-08-03 20:00:00+05:30,10.9859,178.12216,20.721119,187.98924
837,2025-08-03 21:00:00+05:30,12.991212,183.97241,23.828764,190.88548
838,2025-08-03 22:00:00+05:30,13.084402,187.90707,23.881054,193.51254
839,2025-08-03 23:00:00+05:30,13.971757,194.93147,24.932438,198.95828
840,2025-08-04 00:00:00+05:30,14.401124,198.20857,25.338476,202.55728
841,2025-08-04 01:00:00+05:30,14.4415655,202.72977,25.198072,205.83282
842,2025-08-04 02:00:00+05:30,13.570615,201.80147,23.667091,206.17523
843,2025-08-04 03:00:00+05:30,12.3165245,206.93945,22.442324,210.88487
844,2025-08-04 04:00:00+05:30,10.6261,206.13094,20.00512,210.25635
845,2025-08-04 05:00:00+05:30,9.983106,205.64096,18.921415,214.14363
846,2025-08-04 06:00:00+05:30,11.989945,187.76508,21.960737,202.15028
847,2025-08-04 07:00:00+05:30,14.275713,203.0089,19.726225,205.39587
848,2025-08-04 08:00:00+05:30,17.423777,213.19757,23.613638,213.81123
849,2025-08-04 09:00:00+05:30,17.906157,210.17343,23.801554,210.4435
850,2025-08-04 10:00:00+05:30,17.629894,212.06735,23.469128,212.47118
851,2025-08-04 11:00:00+05:30,18.522516,214.30785,24.567198,214.85452
852,2025-08-04 12:00:00+05:30,18.59845,222.64667,24.591583,222.33005
853,2025-08-04 13:00:00+05:30,18.999168,221.54327,25.247526,221.53168
854,2025-08-04 14:00:00+05:30,17.063011,226.70978,23.295227,225.9391
855,2025-08-04 15:00:00+05:30,16.548256,224.11868,23.42076,224.37732
856,2025-08-04 16:00:00+05:30,15.668273,222.67215,22.691423,221.78442
857,2025-08-04 17:00:00+05:30,11.079873,223.02507,18.96503,224.61551
858,2025-08-04 18:00:00+05:30,8.507737,186.07236,16.640022,195.69006
859,2025-08-04 19:00:00+05:30,6.5049515,194.4208,14.822429,204.38637
860,2025-08-04 20:00:00+05:30,9.847496,198.10385,19.888983,201.22372
861,2025-08-04 21:00:00+05:30,9.255571,193.49574,18.98552,201.70059
862,2025-08-04 22:00:00+05:30,8.163749,194.03627,17.992796,199.88525
863,2025-08-04 23:00:00+05:30,10.390226,194.03627,20.625517,200.96579
864,2025-08-05 00:00:00+05:30,10.948973,207.40749,21.054615,210.29161
865,2025-08-05 01:00:00+05:30,9.9,216.86998,19.290257,220.07932
866,2025-08-05 02:00:00+05:30,8.0899935,212.27562,17.892578,216.40886
867,2025-08-05 03:00:00+05:30,8.6867485,214.0194,17.610588,220.85529
868,2025-08-05 04:00:00+05:30,10.435344,194.99513,19.240644,207.28412
869,2025-08-05 05:00:00+05:30,10.957847,194.26454,20.78123,204.56715
870,2025-08-05 06:00:00+05:30,7.731622,192.09474,11.503113,200.13638
871,2025-08-05 07:00:00+05:30,7.486788,189.68872,10.783487,194.5002
872,2025-08-05 08:00:00+05:30,13.281023,212.82854,17.174677,213.02386
873,2025-08-05 09:00:00+05:30,14.450535,219.44002,18.414625,219.447
874,2025-08-05 10:00:00+05:30,14.677452,213.49521,18.772715,214.452
875,2025-08-05 11:00:00+05:30,15.528064,214.6112,19.878391,215.41714
876,2025-08-05 12:00:00+05:30,18.318481,202.5333,23.138927,203.37418
877,2025-08-05 13:00:00+05:30,11.334284,259.93936,14.668619,255.7932
878,2025-08-05 14:00:00+05:30,14.386494,211.70139,18.472595,213.07068
879,2025-08-05 15:00:00+05:30,15.156384,217.27826,19.875944,218.01157
880,2025-08-05 16:00:00+05:30,11.633348,261.99536,16.635155,256.86597
881,2025-08-05 17:00:00+05:30,4.991553,205.64096,9.793059,216.02747
882,2025-08-05 18:00:00+05:30,4.327493,196.9276,10.387107,207.89719
883,2025-08-05 19:00:00+05:30,4.7657523,169.11452,11.989945,187.76508
884,2025-08-05 20:00:00+05:30,7.562142,178.63611,16.068466,189.6733
885,2025-08-05 21:00:00+05:30,7.748368,177.33705,16.521805,187.51205
886,2025-08-05 22:00:00+05:30,8.641874,181.19347,17.845436,188.70215
887,2025-08-05 23:00:00+05:30,8.4042845,189.86574,17.534994,197.31903
888,2025-08-06 00:00:00+05:30,8.171683,187.59456,17.258425,196.3559
889,2025-08-06 01:00:00+05:30,7.8625183,195.94547,17.088627,203.59483
890,2025-08-06 02:00:00+05:30,7.989242,202.52061,17.238699,208.70586
891,2025-08-06 03:00:00+05:30,7.7983837,198.85326,17.548845,206.8278
892,2025-08-06 04:00:00+05:30,9.335737,199.13374,19.400795,207.04044
893,2025-08-06 05:00:00+05:30,9.109138,209.60435,18.686218,215.9869
894,2025-08-06 06:00:00+05:30,3.644722,200.22495,8.217153,241.1893
895,2025-08-06 07:00:00+05:30,9.56713,191.94415,16.267857,204.86368
896,2025-08-06 08:00:00+05:30,9.984729,207.95087,14.913952,209.65901
897,2025-08-06 09:00:00+05:30,8.626865,246.64441,11.276967,245.48038
898,2025-08-06 10:00:00+05:30,10.1376915,276.11542,12.800265,273.22446
899,2025-08-06 11:00:00+05:30,12.144331,281.9761,15.215058,280.91107
900,2025-08-06 12:00:00+05:30,14.597767,267.17294,18.359999,270.0
901,2025-08-06 13:00:00+05:30,11.032987,213.6901,14.366211,217.87505
902,2025-08-06 14:00:00+05:30,4.2671766,297.64587,5.315336,298.30066
903,2025-08-06 15:00:00+05:30,5.9834766,248.83867,8.311245,252.3498
904,2025-08-06 16:00:00+05:30,10.009036,217.6943,13.276144,220.60121
905,2025-08-06 17:00:00+05:30,9.7565975,232.49579,14.98331,231.34018
906,2025-08-06 18:00:00+05:30,3.6,180.0,10.234705,214.24908
907,2025-08-06 19:00:00+05:30,4.2136917,199.9832,11.362834,220.50276
908,2025-08-06 20:00:00+05:30,8.281956,312.3574,14.677452,303.4952
909,2025-08-06 21:00:00+05:30,2.1674871,318.36655,6.4323244,287.928
910,2025-08-06 22:00:00+05:30,1.3708391,156.80138,5.896202,238.73633
911,2025-08-06 23:00:00+05:30,3.8647635,207.75845,11.1090765,229.60017
912,2025-08-07 00:00:00+05:30,4.752136,232.69597,12.632101,237.21573
913,2025-08-07 01:00:00+05:30,2.8116899,230.19447,9.096681,242.928
914,2025-08-07 02:00:00+05:30,3.6402748,278.53067,10.478722,265.07297
915,2025-08-07 03:00:00+05:30,4.278551,284.6209,12.074766,280.30478
916,2025-08-07 04:00:00+05:30,2.6758924,222.27362,8.338489,256.2637
917,2025-08-07 05:00:00+05:30,3.3092597,247.61981,9.087772,262.0305
918,2025-08-07 06:00:00+05:30,6.361415,244.8852,11.966953,248.83867
919,2025-08-07 07:00:00+05:30,7.5599995,270.0,9.9408245,264.80566
920,2025-08-07 08:00:00+05:30,6.4924874,313.87677,8.027678,312.27362
921,2025-08-07 09:00:00+05:30,4.1046314,142.12495,3.9640884,140.52757
922,2025-08-07 10:00:00+05:30,12.682018,145.40765,17.02404,146.64597
923,2025-08-07 11:00:00+05:30,7.5942073,174.55975,9.721666,178.93912
924,2025-08-07 12:00:00+05:30,11.157097,197.8504,13.88919,198.90466
925,2025-08-07 13:00:00+05:30,15.543706,208.3456,19.73854,208.90225
926,2025-08-07 14:00:00+05:30,9.446141,210.96368,12.257194,209.95352
927,2025-08-07 15:00:00+05:30,13.1412325,193.46523,16.546297,194.4898
928,2025-08-07 16:00:00+05:30,15.299999,205.05759,20.945072,204.36244
929,2025-08-07 17:00:00+05:30,10.086427,214.82455,15.283048,212.00534
930,2025-08-07 18:00:00+05:30,12.059999,180.0,17.845436,188.70215
931,2025-08-07 19:00:00+05:30,10.765445,200.55612,17.490591,203.66315
932,2025-08-07 20:00:00+05:30,8.049845,169.6952,12.886039,167.90526
933,2025-08-07 21:00:00+05:30,14.957339,140.37103,23.27296,151.84941
934,2025-08-07 22:00:00+05:30,11.968308,167.84508,21.925297,167.6753
935,2025-08-07 23:00:00+05:30,13.026081,191.15462,24.66591,193.93486
936,2025-08-08 00:00:00+05:30,16.764177,183.0774,27.818588,184.82513
937,2025-08-08 01:00:00+05:30,15.124284,178.63611,25.562534,180.80692
938,2025-08-08 02:00:00+05:30,10.981475,180.93916,20.532627,182.0095
939,2025-08-08 03:00:00+05:30,10.182337,171.86998,19.44,180.0
940,2025-08-08 04:00:00+05:30,14.597767,182.82706,24.871935,187.48494
941,2025-08-08 05:00:00+05:30,10.685391,212.61923,19.00599,208.2639
942,2025-08-08 06:00:00+05:30,14.913952,209.65901,26.709234,214.0114
943,2025-08-08 07:00:00+05:30,14.233664,212.08215,23.33136,215.89746
944,2025-08-08 08:00:00+05:30,10.196647,200.6745,22.843695,210.80882
945,2025-08-08 09:00:00+05:30,11.799271,201.47685,17.47484,204.98122
946,2025-08-08 10:00:00+05:30,15.602999,219.3824,21.06615,220.49501
947,2025-08-08 11:00:00+05:30,15.435983,211.65123,20.224983,212.27562
948,2025-08-08 12:00:00+05:30,16.019999,205.98918,20.850496,207.22859
949,2025-08-08 13:00:00+05:30,17.49615,216.6342,23.226278,215.53777
950,2025-08-08 14:00:00+05:30,14.761098,217.56866,18.976131,218.0657
951,2025-08-08 15:00:00+05:30,16.724508,214.03217,22.166325,214.07724
952,2025-08-08 16:00:00+05:30,16.663372,206.2882,23.103193,206.36534
953,2025-08-08 17:00:00+05:30,15.430736,196.9554,24.592241,199.23076
954,2025-08-08 18:00:00+05:30,7.8625183,164.05453,14.634343,175.06087
955,2025-08-08 19:00:00+05:30,10.685391,147.38077,18.69662,156.14952
956,2025-08-08 20:00:00+05:30,10.062305,153.43501,19.523985,161.732
957,2025-08-08 21:00:00+05:30,9.741642,152.48808,19.98,161.07526
958,2025-08-08 22:00:00+05:30,9.354806,149.98172,19.98,161.07526
959,2025-08-08 23:00:00+05:30,10.685391,147.38077,21.362444,159.27437
960,2025-08-09 00:00:00+05:30,10.674773,174.19337,21.618742,182.3859
961,2025-08-09 01:00:00+05:30,10.534229,196.88687,20.858265,201.25058
962,2025-08-09 02:00:00+05:30,11.672275,199.83221,22.242203,203.86833
963,2025-08-09 03:00:00+05:30,10.703569,199.65392,19.48079,206.32823
964,2025-08-09 04:00:00+05:30,10.6261,190.73885,19.983242,197.29254
965,2025-08-09 05:00:00+05:30,7.3997297,175.81517,16.32055,186.96815
966,2025-08-09 06:00:00+05:30,15.351793,184.70776,23.219301,187.12492
967,2025-08-09 07:00:00+05:30,7.4672885,195.37631,10.483357,195.94547
968,2025-08-09 08:00:00+05:30,9.901636,181.04161,13.330941,182.32149
969,2025-08-09 09:00:00+05:30,12.785069,181.61351,16.954432,183.65215
970,2025-08-09 10:00:00+05:30,14.589996,182.12105,19.110542,183.23964
971,2025-08-09 11:00:00+05:30,17.123669,176.98727,22.33161,178.15244
972,2025-08-09 12:00:00+05:30,18.22361,183.96457,23.289661,184.43259
973,2025-08-09 13:00:00+05:30,19.770523,190.49142,25.664364,190.91583
974,2025-08-09 14:00:00+05:30,20.224983,184.59416,26.221373,185.51482
975,2025-08-09 15:00:00+05:30,19.083395,178.9191,25.199999,180.0
976,2025-08-09 16:00:00+05:30,20.617662,192.09474,28.292084,193.24052
977,2025-08-09 17:00:00+05:30,17.682194,194.7436,25.244318,195.721
978,2025-08-09 18:00:00+05:30,9.346143,164.3577,17.972979,172.51921
979,2025-08-09 19:00:00+05:30,10.158444,172.87508,19.633205,177.89839
980,2025-08-09 20:00:00+05:30,11.734564,175.60138,21.426804,181.44409
981,2025-08-09 21:00:00+05:30,9.555271,176.76036,19.101213,182.70058
982,2025-08-09 22:00:00+05:30,8.649369,167.98854,17.823635,178.8427
983,2025-08-09 23:00:00+05:30,9.3669195,177.79745,18.98552,185.44025
984,2025-08-10 00:00:00+05:30,8.641874,181.19347,18.289274,190.20392
985,2025-08-10 01:00:00+05:30,8.885877,186.98096,18.692286,195.6423
986,2025-08-10 02:00:00+05:30,11.334285,200.44963,21.738306,207.62587
987,2025-08-10 03:00:00+05:30,10.962281,209.5114,20.767975,213.6901
988,2025-08-10 04:00:00+05:30,9.028754,203.49858,18.777029,209.2679
989,2025-08-10 05:00:00+05:30,7.342588,191.30989,16.029099,204.55043
990,2025-08-10 06:00:00+05:30,8.863972,167.09259,16.23596,183.814
991,2025-08-10 07:00:00+05:30,12.57426,193.24052,16.766108,194.93147
992,2025-08-10 08:00:00+05:30,12.601285,201.80147,16.311613,202.03629
993,2025-08-10 09:00:00+05:30,12.9625,205.49751,16.431347,204.59978
994,2025-08-10 10:00:00+05:30,14.423605,209.12396,18.275984,207.57448
995,2025-08-10 11:00:00+05:30,14.386494,211.70139,18.244045,210.86674
996,2025-08-10 12:00:00+05:30,16.104721,205.13292,20.61766,204.77512
997,2025-08-10 13:00:00+05:30,16.923828,209.29126,21.261345,208.30066
998,2025-08-10 14:00:00+05:30,17.388409,207.09547,22.218153,206.98015
999,2025-08-10 15:00:00+05:30,18.720001,202.6199,25.035532,201.95445
1000,2025-08-10 16:00:00+05:30,19.530622,199.93808,26.882141,200.37651
1001,2025-08-10 17:00:00+05:30,15.8502245,195.14104,24.552027,196.17627
1002,2025-08-10 18:00:00+05:30,12.399112,193.43105,21.881662,195.75124
1003,2025-08-10 19:00:00+05:30,9.555271,183.23964,18.820976,189.91269
1004,2025-08-10 20:00:00+05:30,10.08,180.0,19.804907,187.83543
1005,2025-08-10 21:00:00+05:30,11.098865,188.39284,21.438898,195.08641
1006,2025-08-10 22:00:00+05:30,11.328566,197.57135,21.627733,202.50986
1007,2025-08-10 23:00:00+05:30,10.24578,198.43504,20.140705,204.27443
1008,2025-08-11 00:00:00+05:30,9.080639,193.7608,19.192593,200.30457
1009,2025-08-11 01:00:00+05:30,7.256032,187.12492,16.965895,197.28159
1010,2025-08-11 02:00:00+05:30,8.482947,197.28159,18.553974,202.8337
1011,2025-08-11 03:00:00+05:30,8.322932,201.57137,18.514643,206.56499
1012,2025-08-11 04:00:00+05:30,8.209263,195.25517,17.986494,202.97275
1013,2025-08-11 05:00:00+05:30,7.1661706,191.59215,16.244936,201.4478
1014,2025-08-11 06:00:00+05:30,6.898956,187.49576,12.750811,198.9466
1015,2025-08-11 07:00:00+05:30,12.409561,203.9625,16.431347,204.59978
1016,2025-08-11 08:00:00+05:30,12.594856,210.96368,16.299694,210.52963
1017,2025-08-11 09:00:00+05:30,12.193589,211.10875,15.283048,212.00534
1018,2025-08-11 10:00:00+05:30,12.431733,214.3804,15.528064,214.6112
1019,2025-08-11 11:00:00+05:30,13.0806875,214.34616,16.13286,215.46344
1020,2025-08-11 12:00:00+05:30,11.345712,228.21558,15.655861,225.46576
1021,2025-08-11 13:00:00+05:30,11.161451,217.794,14.113652,217.74687
1022,2025-08-11 14:00:00+05:30,12.538134,219.17365,16.08761,220.46214
1023,2025-08-11 15:00:00+05:30,6.452441,210.1413,8.39657,210.96368
1024,2025-08-11 16:00:00+05:30,9.290511,234.46223,12.204212,232.79199
1025,2025-08-11 17:00:00+05:30,9.437563,214.90257,15.277749,214.43904
1026,2025-08-11 18:00:00+05:30,8.297589,192.5288,17.202011,193.30919
1027,2025-08-11 19:00:00+05:30,11.16145,180.92403,21.438896,182.40591
1028,2025-08-11 20:00:00+05:30,9.6228485,187.52373,19.206936,190.25676
1029,2025-08-11 21:00:00+05:30,7.5942073,185.44025,17.050665,190.95403
1030,2025-08-11 22:00:00+05:30,9.039514,192.65256,19.137648,196.38962
1031,2025-08-11 23:00:00+05:30,9.05205,197.35411,18.900856,199.4704
1032,2025-08-12 00:00:00+05:30,7.823272,203.02553,17.47484,204.98122
1033,2025-08-12 01:00:00+05:30,7.172949,197.52567,16.670176,204.90474
1034,2025-08-12 02:00:00+05:30,7.1208143,196.14441,16.759342,204.08745
1035,2025-08-12 03:00:00+05:30,6.2145634,190.00792,15.655861,199.47667
1036,2025-08-12 04:00:00+05:30,4.175069,187.43132,12.033103,201.96062
1037,2025-08-12 05:00:00+05:30,3.4623692,152.10283,9.430694,193.24052
1038,2025-08-12 06:00:00+05:30,7.6367526,188.13002,12.98248,196.9276
1039,2025-08-12 07:00:00+05:30,9.227524,200.55612,11.866355,202.28563
1040,2025-08-12 08:00:00+05:30,8.035746,195.59286,10.088033,195.52417
1041,2025-08-12 09:00:00+05:30,6.87779,186.00891,8.490582,184.86443
1042,2025-08-12 10:00:00+05:30,5.771239,176.42374,7.2202215,175.71092
1043,2025-08-12 11:00:00+05:30,5.1544156,192.09474,6.2483597,191.6336
1044,2025-08-12 12:00:00+05:30,9.215226,192.40741,10.874741,192.42593
1045,2025-08-12 13:00:00+05:30,15.743569,174.09395,20.991426,174.09395
1046,2025-08-12 14:00:00+05:30,12.864649,197.92801,16.516901,196.4601
1047,2025-08-12 15:00:00+05:30,15.664136,181.31688,20.160803,180.51155
1048,2025-08-12 16:00:00+05:30,13.822546,188.23553,19.70815,189.46225
1049,2025-08-12 17:00:00+05:30,9.906544,155.29759,16.459913,166.72359
1050,2025-08-12 18:00:00+05:30,8.827344,177.66275,17.134071,176.38618
1051,2025-08-12 19:00:00+05:30,7.7420926,178.66782,16.04526,176.78458
1052,2025-08-12 20:00:00+05:30,8.723967,158.19853,17.309973,163.0724
1053,2025-08-12 21:00:00+05:30,5.6492476,149.34941,13.8049555,157.78235
1054,2025-08-12 22:00:00+05:30,7.1389914,146.3099,15.137133,154.65387
1055,2025-08-12 23:00:00+05:30,8.39657,149.03632,17.072504,155.05612
1056,2025-08-13 00:00:00+05:30,9.693296,158.19853,19.523985,161.732
1057,2025-08-13 01:00:00+05:30,8.996398,160.11475,18.519016,164.20753
1058,2025-08-13 02:00:00+05:30,7.0107627,150.80261,15.655861,160.52333
1059,2025-08-13 03:00:00+05:30,7.1321807,132.95459,15.3802595,145.0079
1060,2025-08-13 04:00:00+05:30,6.8919086,130.76352,14.87153,141.88168
1061,2025-08-13 05:00:00+05:30,8.209263,127.875046,16.478603,139.87396
1062,2025-08-13 06:00:00+05:30,9.567131,138.81418,14.796175,143.40881
1063,2025-08-13 07:00:00+05:30,9.187056,145.37578,12.232057,147.01147
1064,2025-08-13 08:00:00+05:30,15.408671,142.59457,19.54803,143.23553
1065,2025-08-13 09:00:00+05:30,12.242646,131.42357,16.055355,132.27364
1066,2025-08-13 10:00:00+05:30,13.125196,132.22076,16.932442,133.70792
1067,2025-08-13 11:00:00+05:30,14.083778,128.77419,17.907963,129.2894
1068,2025-08-13 12:00:00+05:30,13.044722,129.40063,16.616642,129.72606
1069,2025-08-13 13:00:00+05:30,13.971757,128.19873,17.823637,128.02728
1070,2025-08-13 14:00:00+05:30,14.730336,128.55049,18.668005,129.5226
1071,2025-08-13 15:00:00+05:30,12.904882,120.141304,17.726116,122.56042
1072,2025-08-13 16:00:00+05:30,15.236338,128.76553,21.365477,129.1875
1073,2025-08-13 17:00:00+05:30,10.944532,126.30459,17.713316,127.568665
1074,2025-08-13 18:00:00+05:30,7.970972,96.48298,15.602999,106.76264
1075,2025-08-13 19:00:00+05:30,9.499157,99.81924,17.654686,106.58742
1076,2025-08-13 20:00:00+05:30,10.759423,107.52566,19.689238,112.57961
1077,2025-08-13 21:00:00+05:30,10.365251,110.32322,19.0783,116.323235
1078,2025-08-13 22:00:00+05:30,10.4166975,108.121956,19.008547,114.62355
1079,2025-08-13 23:00:00+05:30,9.743305,101.72509,18.731247,109.653915
1080,2025-08-14 00:00:00+05:30,9.734988,93.17977,18.606289,102.288315
1081,2025-08-14 01:00:00+05:30,11.074022,97.47147,20.212965,103.91252
1082,2025-08-14 02:00:00+05:30,11.841756,109.53674,20.933466,115.46331
1083,2025-08-14 03:00:00+05:30,9.826088,98.42689,18.1041,107.35411
1084,2025-08-14 04:00:00+05:30,9.826088,98.42689,18.396141,106.484535
1085,2025-08-14 05:00:00+05:30,9.444426,97.66672,16.965895,107.281586
1086,2025-08-14 06:00:00+05:30,13.441071,110.37652,20.20575,117.02151
1087,2025-08-14 07:00:00+05:30,12.992458,100.37579,17.637245,104.1781
1088,2025-08-14 08:00:00+05:30,18.254698,139.39879,24.66,140.03384
1089,2025-08-14 09:00:00+05:30,17.262178,140.50044,22.798264,141.41081
1090,2025-08-14 10:00:00+05:30,15.779543,147.57895,20.530258,148.2609
1091,2025-08-14 11:00:00+05:30,19.376562,144.83348,24.762268,145.96335
1092,2025-08-14 12:00:00+05:30,15.934829,138.2053,21.3412,140.13261
1093,2025-08-14 13:00:00+05:30,14.512064,136.00499,18.975277,136.92195
1094,2025-08-14 14:00:00+05:30,13.833091,147.75757,17.823637,146.95187
1095,2025-08-14 15:00:00+05:30,13.529966,146.94417,17.629894,147.93265
1096,2025-08-14 16:00:00+05:30,13.432632,147.5877,18.431332,148.17259
1097,2025-08-14 17:00:00+05:30,11.833546,153.82477,19.084246,154.8852
1098,2025-08-14 18:00:00+05:30,8.574123,129.0355,16.546299,135.0001
1099,2025-08-14 19:00:00+05:30,11.4862,147.80429,20.288164,152.52565
1100,2025-08-14 20:00:00+05:30,9.044888,132.58046,16.502182,140.75458
1101,2025-08-14 21:00:00+05:30,8.836514,123.36639,16.563911,132.3574
1102,2025-08-14 22:00:00+05:30,8.777654,118.14151,16.671148,127.98355
1103,2025-08-14 23:00:00+05:30,13.783817,139.23648,22.32653,144.51593
1104,2025-08-15 00:00:00+05:30,9.82114,138.7154,16.635157,144.24602
1105,2025-08-15 01:00:00+05:30,8.0599,119.42737,14.529915,131.98714
1106,2025-08-15 02:00:00+05:30,7.229191,108.886185,14.292725,126.29272
1107,2025-08-15 03:00:00+05:30,8.649369,102.01146,16.595179,114.34108
1108,2025-08-15 04:00:00+05:30,7.596341,103.706985,15.299999,115.05759
1109,2025-08-15 05:00:00+05:30,11.230904,111.63095,19.233065,121.60745
1110,2025-08-15 06:00:00+05:30,10.441551,125.88223,15.266079,127.815796
1111,2025-08-15 07:00:00+05:30,11.975074,132.56331,15.782622,135.0001
1112,2025-08-15 08:00:00+05:30,12.750811,131.56627,16.323528,131.42357
1113,2025-08-15 09:00:00+05:30,12.362475,137.95085,15.6806755,138.25731
1114,2025-08-15 10:00:00+05:30,12.204212,142.792,15.552041,142.99739
1115,2025-08-15 11:00:00+05:30,11.7,143.13002,14.941083,143.82028
1116,2025-08-15 12:00:00+05:30,12.033103,158.03938,14.84318,157.1663
1117,2025-08-15 13:00:00+05:30,14.221139,179.2748,18.014393,177.70944
1118,2025-08-15 14:00:00+05:30,15.137133,177.27374,19.649702,176.84935
1119,2025-08-15 15:00:00+05:30,11.928989,185.19434,15.351793,184.70776
1120,2025-08-15 16:00:00+05:30,13.441071,172.30405,17.771753,173.01904
1121,2025-08-15 17:00:00+05:30,11.767651,173.85347,18.252037,174.90797
1122,2025-08-15 18:00:00+05:30,7.4867883,152.81897,16.011908,158.91617
1123,2025-08-15 19:00:00+05:30,8.534353,152.35411,17.490591,156.33685
1124,2025-08-15 20:00:00+05:30,7.995323,148.81508,17.22836,152.63187
1125,2025-08-15 21:00:00+05:30,7.5363917,139.84407,16.701244,149.56584
1126,2025-08-15 22:00:00+05:30,6.6087217,150.64235,15.244842,157.06787
1127,2025-08-15 23:00:00+05:30,5.1575575,150.75127,13.32,161.07526
1128,2025-08-16 00:00:00+05:30,5.00128,120.256355,11.931705,146.07016
1129,2025-08-16 01:00:00+05:30,3.9966488,97.76508,9.92778,135.0001
1130,2025-08-16 02:00:00+05:30,4.8733153,94.23632,10.34178,121.47678
1131,2025-08-16 03:00:00+05:30,4.1556225,94.96966,10.385547,115.67677
1132,2025-08-16 04:00:00+05:30,6.601363,78.996506,13.363711,94.635376
1133,2025-08-16 05:00:00+05:30,7.342588,78.6901,15.129638,87.95464
1134,2025-08-16 06:00:00+05:30,7.3799996,77.319626,10.63372,87.089226
1135,2025-08-16 07:00:00+05:30,9.826088,98.42689,12.576836,99.05781
1136,2025-08-16 08:00:00+05:30,12.5032,112.873695,15.812363,112.77042
1137,2025-08-16 09:00:00+05:30,11.7,112.61991,14.84318,112.833694
1138,2025-08-16 10:00:00+05:30,10.685391,122.61923,13.432632,122.412285
1139,2025-08-16 11:00:00+05:30,11.052058,120.32352,13.644427,120.96369
1140,2025-08-16 12:00:00+05:30,17.935081,128.48022,23.051247,128.65984
1141,2025-08-16 13:00:00+05:30,11.435313,151.8215,14.654254,152.176
1142,2025-08-16 14:00:00+05:30,12.10157,157.249,15.410776,157.32861
1143,2025-08-16 15:00:00+05:30,14.401124,161.79143,18.727785,162.0874
1144,2025-08-16 16:00:00+05:30,13.570615,158.19853,18.855375,159.31584
1145,2025-08-16 17:00:00+05:30,11.833546,153.82477,18.845062,155.14844
1146,2025-08-16 18:00:00+05:30,2.4149535,153.43501,7.6473517,153.43501
1147,2025-08-16 19:00:00+05:30,5.8769383,152.6502,14.092977,155.07155
1148,2025-08-16 20:00:00+05:30,6.696387,143.74608,16.029099,145.06062
1149,2025-08-16 21:00:00+05:30,4.724786,139.63554,13.213765,142.1934
1150,2025-08-16 22:00:00+05:30,4.7110505,136.54811,12.538134,140.82635
1151,2025-08-16 23:00:00+05:30,3.9640884,129.47243,10.718693,139.08571
1152,2025-08-17 00:00:00+05:30,3.396233,122.00535,9.931042,136.46873
1153,2025-08-17 01:00:00+05:30,3.4247334,86.98728,8.936778,117.597206
1154,2025-08-17 02:00:00+05:30,5.8048253,60.255207,12.221456,80.67649
1155,2025-08-17 03:00:00+05:30,6.050785,67.24899,14.319901,75.43969
1156,2025-08-17 04:00:00+05:30,7.3094187,80.07382,16.85669,83.25452
1157,2025-08-17 05:00:00+05:30,10.2742,93.012726,20.29535,96.62068
1158,2025-08-17 06:00:00+05:30,10.308831,102.09474,16.595179,102.5288
1159,2025-08-17 07:00:00+05:30,14.628807,108.65798,19.866161,107.94254
1160,2025-08-17 08:00:00+05:30,15.359179,100.12462,20.157589,100.80818
1161,2025-08-17 09:00:00+05:30,15.477906,98.69542,20.240997,99.21095
1162,2025-08-17 10:00:00+05:30,17.69593,99.36644,22.81531,99.53657
1163,2025-08-17 11:00:00+05:30,17.15297,118.1785,22.298214,116.35815
1164,2025-08-17 12:00:00+05:30,16.704155,127.11694,21.531641,125.81618
1165,2025-08-17 13:00:00+05:30,19.087639,110.998795,25.369785,111.65049
1166,2025-08-17 14:00:00+05:30,17.972979,119.388916,23.866804,119.85199
1167,2025-08-17 15:00:00+05:30,20.381372,128.1857,27.943514,128.19873
1168,2025-08-17 16:00:00+05:30,20.719555,129.35944,29.154442,129.4885
1169,2025-08-17 17:00:00+05:30,16.985933,130.27194,26.68921,130.34975
1170,2025-08-17 18:00:00+05:30,15.62686,114.49856,25.920624,116.38705
1171,2025-08-17 19:00:00+05:30,15.577022,112.4162,25.848024,115.13738
1172,2025-08-17 20:00:00+05:30,13.590894,101.458725,23.538742,105.52418
1173,2025-08-17 21:00:00+05:30,14.4415655,100.049286,24.361258,104.549675
1174,2025-08-17 22:00:00+05:30,13.822546,98.235535,23.706076,103.614204
1175,2025-08-17 23:00:00+05:30,12.992458,100.37579,22.6235,105.69499
1176,2025-08-18 00:00:00+05:30,12.371645,98.3658,22.090187,104.14951
1177,2025-08-18 01:00:00+05:30,14.30632,111.39988,24.179703,113.70266
1178,2025-08-18 02:00:00+05:30,15.070633,97.54933,25.068514,102.43955
1179,2025-08-18 03:00:00+05:30,15.426535,101.44101,25.810392,102.48546
1180,2025-08-18 04:00:00+05:30,14.205182,98.74608,24.35926,100.645615
1181,2025-08-18 05:00:00+05:30,12.906138,98.017006,22.14,102.68038
1182,2025-08-18 06:00:00+05:30,19.98,108.92474,29.66507,109.86439
1183,2025-08-18 07:00:00+05:30,14.944336,99.00843,21.429073,100.64917
1184,2025-08-18 08:00:00+05:30,21.913475,114.2492,29.556194,114.84823
1185,2025-08-18 09:00:00+05:30,20.327251,106.99091,27.03897,107.831955
1186,2025-08-18 10:00:00+05:30,20.728155,113.00263,27.396093,114.03893
1187,2025-08-18 11:00:00+05:30,21.82755,121.855095,28.81181,122.498634
1188,2025-08-18 12:00:00+05:30,21.531641,125.81618,28.625093,125.78907
1189,2025-08-18 13:00:00+05:30,23.723152,131.30852,31.615503,131.7689
1190,2025-08-18 14:00:00+05:30,25.928123,139.78706,36.04497,140.26775
1191,2025-08-18 15:00:00+05:30,23.60472,139.01968,32.566074,139.70793
1192,2025-08-18 16:00:00+05:30,24.967497,137.33734,35.6827,137.86247
1193,2025-08-18 17:00:00+05:30,21.259058,136.02907,32.22201,137.03732
1194,2025-08-18 18:00:00+05:30,14.330079,122.691986,23.557316,128.79657
1195,2025-08-18 19:00:00+05:30,14.110209,119.83545,23.979893,125.837746
1196,2025-08-18 20:00:00+05:30,13.934605,118.5513,24.113283,124.04598
1197,2025-08-18 21:00:00+05:30,14.233664,122.08216,25.022589,127.694305
1198,2025-08-18 22:00:00+05:30,14.527683,123.887,25.582806,129.28938
1199,2025-08-18 23:00:00+05:30,14.113652,127.74687,24.693481,134.40942
1200,2025-08-19 00:00:00+05:30,13.433838,125.18078,22.825958,131.48335
1201,2025-08-19 01:00:00+05:30,13.288341,114.82932,22.517992,124.57935
1202,2025-08-19 02:00:00+05:30,13.672893,110.82097,22.483433,119.23273
1203,2025-08-19 03:00:00+05:30,17.555307,118.14151,28.372133,121.774155
1204,2025-08-19 04:00:00+05:30,14.757804,120.00484,24.126043,125.58746
1205,2025-08-19 05:00:00+05:30,13.527572,115.20109,23.525661,121.865944
1206,2025-08-19 06:00:00+05:30,16.276815,100.191444,24.107233,105.59288
1207,2025-08-19 07:00:00+05:30,20.962078,110.61371,29.616974,112.512764
1208,2025-08-19 08:00:00+05:30,21.599998,126.86998,29.632286,127.84452
1209,2025-08-19 09:00:00+05:30,23.623928,139.63554,31.966095,140.48363
1210,2025-08-19 10:00:00+05:30,22.717823,142.40366,30.53057,143.87318
1211,2025-08-19 11:00:00+05:30,23.966375,147.26479,31.959505,147.65259
1212,2025-08-19 12:00:00+05:30,22.543158,152.412,30.515707,152.22581
1213,2025-08-19 13:00:00+05:30,25.682032,159.91388,34.340393,159.76022
1214,2025-08-19 14:00:00+05:30,23.375753,156.39587,31.83762,156.33351
1215,2025-08-19 15:00:00+05:30,18.88628,157.59012,25.938118,158.42003
1216,2025-08-19 16:00:00+05:30,17.688606,148.73633,25.22891,150.50873
1217,2025-08-19 17:00:00+05:30,17.935986,148.54323,27.327414,150.39565
1218,2025-08-19 18:00:00+05:30,13.004922,131.63345,23.046328,136.5823
1219,2025-08-19 19:00:00+05:30,14.766584,135.98767,25.216064,141.08469
1220,2025-08-19 20:00:00+05:30,16.055355,137.72638,27.155552,141.45879
1221,2025-08-19 21:00:00+05:30,15.696165,143.39284,26.509546,146.63362
1222,2025-08-19 22:00:00+05:30,12.0921955,134.39699,21.599998,143.13002
1223,2025-08-19 23:00:00+05:30,11.53265,145.81383,21.011482,154.09355
1224,2025-08-20 00:00:00+05:30,12.801531,152.35411,22.597706,161.42064
1225,2025-08-20 01:00:00+05:30,9.422101,136.54811,18.39878,149.42085
1226,2025-08-20 02:00:00+05:30,10.948973,136.33215,18.595839,152.93898
1227,2025-08-20 03:00:00+05:30,13.110376,134.44382,21.618742,140.74417
1228,2025-08-20 04:00:00+05:30,12.096214,126.528946,20.247398,136.80113
1229,2025-08-20 05:00:00+05:30,11.384198,124.69522,19.346441,135.0001
1230,2025-08-20 06:00:00+05:30,11.672275,153.43501,18.162169,160.30789
1231,2025-08-20 07:00:00+05:30,13.298089,140.49236,17.892578,143.59114
1232,2025-08-20 08:00:00+05:30,14.658676,155.32315,19.976757,155.51334
1233,2025-08-20 09:00:00+05:30,16.685717,159.80557,24.646858,161.69728
1234,2025-08-20 10:00:00+05:30,20.393293,159.3255,28.635843,160.53989
1235,2025-08-20 11:00:00+05:30,17.533146,160.82089,24.590923,162.09546
1236,2025-08-20 12:00:00+05:30,21.218632,165.2564,29.426006,166.55878
1237,2025-08-20 13:00:00+05:30,24.251284,174.03561,33.081825,174.69276
1238,2025-08-20 14:00:00+05:30,24.395811,174.92049,34.141685,175.1612
1239,2025-08-20 15:00:00+05:30,23.219301,172.87508,32.400997,173.9411
1240,2025-08-20 16:00:00+05:30,23.222788,179.11179,32.94049,179.68692
1241,2025-08-20 17:00:00+05:30,18.307867,173.22444,28.342426,175.62929
1242,2025-08-20 18:00:00+05:30,11.307095,166.18495,20.495512,172.9375
1243,2025-08-20 19:00:00+05:30,10.950452,154.69865,19.9954,166.46413
1244,2025-08-20 20:00:00+05:30,12.033103,158.03938,21.48645,164.45013
1245,2025-08-20 21:00:00+05:30,12.011544,160.75038,21.2522,169.26115
1246,2025-08-20 22:00:00+05:30,10.075177,161.24126,19.245697,172.47627
1247,2025-08-20 23:00:00+05:30,10.304115,160.61539,18.913708,171.79288
1248,2025-08-21 00:00:00+05:30,11.183201,183.69131,20.256998,185.60918
1249,2025-08-21 01:00:00+05:30,7.0107627,209.19739,13.37825,203.80595
1250,2025-08-21 02:00:00+05:30,7.7420926,181.33218,15.198012,198.64963
1251,2025-08-21 03:00:00+05:30,5.95906,205.01686,10.883676,214.21576
1252,2025-08-21 04:00:00+05:30,5.369916,140.44037,9.028754,175.42616
1253,2025-08-21 05:00:00+05:30,9.807935,132.76881,15.807239,149.9315
1254,2025-08-21 06:00:00+05:30,11.298495,149.34941,18.204933,165.68892
1255,2025-08-21 07:00:00+05:30,12.049249,166.17133,16.601036,170.63988
1256,2025-08-21 08:00:00+05:30,12.682018,173.4803,16.263872,174.92049
1257,2025-08-21 09:00:00+05:30,12.6462,175.101,17.654688,177.66275
1258,2025-08-21 10:00:00+05:30,10.564941,166.20049,13.31635,166.71512
1259,2025-08-21 11:00:00+05:30,7.24486,206.56499,9.179999,208.07239
1260,2025-08-21 12:00:00+05:30,7.8954163,223.1524,10.855358,220.29207
1261,2025-08-21 13:00:00+05:30,11.063778,201.97456,14.275713,203.0089
1262,2025-08-21 14:00:00+05:30,11.705537,181.76236,16.5688,181.86765
1263,2025-08-21 15:00:00+05:30,14.291592,220.91429,19.914215,220.60121
1264,2025-08-21 16:00:00+05:30,8.274128,224.11868,12.606426,226.73567
1265,2025-08-21 17:00:00+05:30,7.329338,204.67685,13.833091,212.24243
1266,2025-08-21 18:00:00+05:30,9.059205,229.02835,18.947083,231.17017
1267,2025-08-21 19:00:00+05:30,6.452441,210.1413,15.546833,222.18437
1268,2025-08-21 20:00:00+05:30,5.6835546,169.04597,12.750811,198.9466
1269,2025-08-21 21:00:00+05:30,9.016185,183.43356,18.900856,199.4704
1270,2025-08-21 22:00:00+05:30,10.134495,213.40784,20.674156,215.07384
1271,2025-08-21 23:00:00+05:30,10.248941,210.61853,21.170479,217.74687
1272,2025-08-22 00:00:00+05:30,9.4238205,208.52303,19.627428,215.29343
1273,2025-08-22 01:00:00+05:30,8.36758,198.8248,18.072752,213.21526
1274,2025-08-22 02:00:00+05:30,13.615902,155.8068,22.505037,172.64772
1275,2025-08-22 03:00:00+05:30,9.901636,181.04161,22.060833,201.54105
1276,2025-08-22 04:00:00+05:30,7.841888,189.24603,15.553083,203.89517
1277,2025-08-22 05:00:00+05:30,6.122647,181.68465,12.601285,201.80147
1278,2025-08-22 06:00:00+05:30,15.580141,220.31403,25.772078,221.03525
1279,2025-08-22 07:00:00+05:30,13.346729,190.09744,20.380579,197.47487
1280,2025-08-22 08:00:00+05:30,12.535549,201.03758,18.455048,200.55612
1281,2025-08-22 09:00:00+05:30,15.778516,214.77791,24.840652,216.4548
1282,2025-08-22 10:00:00+05:30,13.33094,214.54843,17.47484,214.50858
1283,2025-08-22 11:00:00+05:30,11.161451,217.794,13.943901,219.23735
1284,2025-08-22 12:00:00+05:30,11.53265,214.18617,15.027575,214.26115
1285,2025-08-22 13:00:00+05:30,13.864674,209.56026,18.337044,211.34952
1286,2025-08-22 14:00:00+05:30,10.310403,196.22026,15.602999,196.76263
1287,2025-08-22 15:00:00+05:30,9.085988,213.6901,12.387348,215.53777
1288,2025-08-22 16:00:00+05:30,13.379461,222.27362,17.448862,222.90984
1289,2025-08-22 17:00:00+05:30,12.081473,204.65588,17.630812,207.3498
1290,2025-08-22 18:00:00+05:30,10.534229,213.147,19.797543,220.2057
1291,2025-08-22 19:00:00+05:30,8.461914,209.29126,17.063011,223.29022
1292,2025-08-22 20:00:00+05:30,9.087772,187.96953,17.419127,203.12088
1293,2025-08-22 21:00:00+05:30,6.8138976,167.79955,14.685176,191.30989
1294,2025-08-22 22:00:00+05:30,9.854075,189.46225,19.64558,193.78162
1295,2025-08-22 23:00:00+05:30,6.489992,213.6901,14.336861,218.8845
1296,2025-08-23 00:00:00+05:30,5.692099,214.69522,12.738099,222.70937
1297,2025-08-23 01:00:00+05:30,4.6938257,212.47118,11.988594,228.65231
1298,2025-08-23 02:00:00+05:30,6.452441,210.1413,13.666967,229.80801
1299,2025-08-23 03:00:00+05:30,7.7983837,198.85326,15.299999,216.86998
1300,2025-08-23 04:00:00+05:30,7.922045,181.30193,15.484185,197.59251
1301,2025-08-23 05:00:00+05:30,6.424764,168.69011,11.609651,187.12492
1302,2025-08-23 06:00:00+05:30,13.684735,206.56499,24.162947,213.45334
1303,2025-08-23 07:00:00+05:30,10.152064,217.07317,17.441433,223.74562
1304,2025-08-23 08:00:00+05:30,11.988594,221.34767,16.299694,223.21011
1305,2025-08-23 09:00:00+05:30,16.732256,220.20009,25.113064,221.80397
1306,2025-08-23 10:00:00+05:30,14.508715,217.43864,21.319935,220.54874
1307,2025-08-23 11:00:00+05:30,13.3649235,205.52965,19.424158,209.41551
1308,2025-08-23 12:00:00+05:30,13.151091,210.4257,18.522516,214.30785
1309,2025-08-23 13:00:00+05:30,13.432632,212.4123,17.224598,214.35439
1310,2025-08-23 14:00:00+05:30,17.878086,212.24995,24.613312,214.2712
1311,2025-08-23 15:00:00+05:30,19.440832,216.3395,27.074896,217.70801
1312,2025-08-23 16:00:00+05:30,19.761507,221.67679,29.209402,221.25226
1313,2025-08-23 17:00:00+05:30,18.435726,207.31552,29.268686,211.93065
1314,2025-08-23 18:00:00+05:30,14.539945,201.80147,25.719852,209.79453
1315,2025-08-23 19:00:00+05:30,15.3802595,214.9921,27.549997,221.29147
1316,2025-08-23 20:00:00+05:30,15.141414,208.39293,26.616882,215.08733
1317,2025-08-23 21:00:00+05:30,13.985663,211.84901,24.738707,218.2041
1318,2025-08-23 22:00:00+05:30,19.119015,221.94704,32.203907,225.67928
1319,2025-08-23 23:00:00+05:30,11.7662735,209.3099,23.815842,214.53088
1320,2025-08-24 00:00:00+05:30,10.9859,198.13817,21.347271,204.40396
1321,2025-08-24 01:00:00+05:30,15.898188,210.62993,27.257967,213.6901
1322,2025-08-24 02:00:00+05:30,13.243156,211.09724,24.126043,215.58746
1323,2025-08-24 03:00:00+05:30,15.351793,175.29224,26.161995,183.94511
1324,2025-08-24 04:00:00+05:30,11.570515,185.35573,20.69687,195.12405
1325,2025-08-24 05:00:00+05:30,11.375658,184.53769,21.17354,194.27255
1326,2025-08-24 06:00:00+05:30,11.91812,154.98314,20.316889,172.87508
1327,2025-08-24 07:00:00+05:30,13.556282,190.71307,20.00269,195.66217
1328,2025-08-24 08:00:00+05:30,18.435726,207.31552,24.798225,207.68097
1329,2025-08-24 09:00:00+05:30,19.500736,203.9625,25.952478,203.7204
1330,2025-08-24 10:00:00+05:30,21.293324,197.20964,27.834892,198.08354
1331,2025-08-24 11:00:00+05:30,19.166409,194.68883,25.277666,194.4321
1332,2025-08-24 12:00:00+05:30,18.435726,189.55421,23.795427,190.45985
1333,2025-08-24 13:00:00+05:30,19.781174,195.3009,25.862436,196.16457
1334,2025-08-24 14:00:00+05:30,19.41081,198.9391,25.842384,198.68744
1335,2025-08-24 15:00:00+05:30,19.242327,197.41806,25.448841,197.28159
1336,2025-08-24 16:00:00+05:30,18.59845,194.57425,25.800976,194.13322
1337,2025-08-24 17:00:00+05:30,15.405519,186.70975,24.515049,187.59454
1338,2025-08-24 18:00:00+05:30,9.255571,166.50426,17.90344,170.15894
1339,2025-08-24 19:00:00+05:30,8.654986,163.0724,17.438646,168.69011
1340,2025-08-24 20:00:00+05:30,7.42159,157.1663,16.068466,167.05348
1341,2025-08-24 21:00:00+05:30,7.9036193,149.9315,16.053335,162.37761
1342,2025-08-24 22:00:00+05:30,7.729527,152.24155,16.224981,162.57005
1343,2025-08-24 23:00:00+05:30,5.441838,145.78424,13.1412325,166.53477
1344,2025-08-25 00:00:00+05:30,5.1481256,143.53067,12.616703,165.96373
1345,2025-08-25 01:00:00+05:30,4.5891175,115.55992,10.1456785,154.7989
1346,2025-08-25 02:00:00+05:30,8.322932,111.57137,14.957339,129.62897
1347,2025-08-25 03:00:00+05:30,7.0934615,125.70678,15.072783,139.84407
1348,2025-08-25 04:00:00+05:30,5.293959,144.6887,10.730778,157.30617
1349,2025-08-25 05:00:00+05:30,3.143565,166.75948,6.924738,171.02745
1350,2025-08-25 06:00:00+05:30,6.9153743,128.65984,12.261157,139.76372
1351,2025-08-25 07:00:00+05:30,7.9077177,138.69148,10.075177,138.62158
1352,2025-08-25 08:00:00+05:30,6.889557,146.7251,8.338489,147.3391
1353,2025-08-25 09:00:00+05:30,7.1684303,118.495544,8.863972,119.16752
1354,2025-08-25 10:00:00+05:30,8.415842,131.53168,10.4493065,132.20723
1355,2025-08-25 11:00:00+05:30,8.209263,142.12495,9.867218,141.66663
1356,2025-08-25 12:00:00+05:30,9.028754,184.57384,10.805999,181.9091
1357,2025-08-25 13:00:00+05:30,9.82114,206.09537,12.72283,205.1148
1358,2025-08-25 14:00:00+05:30,6.7469993,170.78905,8.707238,172.87508
1359,2025-08-25 15:00:00+05:30,10.172787,166.70142,12.616703,165.96373
1360,2025-08-25 16:00:00+05:30,12.421304,179.16971,16.563911,178.75467
1361,2025-08-25 17:00:00+05:30,10.920824,188.53069,18.175545,187.96953
1362,2025-08-25 18:00:00+05:30,5.7176566,151.8215,14.328949,153.11314
1363,2025-08-25 19:00:00+05:30,5.7402787,138.81418,14.428097,146.70642
1364,2025-08-25 20:00:00+05:30,5.7402787,131.18582,13.719023,141.92717
1365,2025-08-25 21:00:00+05:30,7.5170207,106.699326,16.332458,121.938416
1366,2025-08-25 22:00:00+05:30,6.6818557,94.635376,15.596767,108.85326
1367,2025-08-25 23:00:00+05:30,5.1544156,102.09474,13.570615,111.801476
1368,2025-08-26 00:00:00+05:30,6.1569467,105.25517,14.572221,115.61544
1369,2025-08-26 01:00:00+05:30,7.3821945,91.39715,16.372087,104.647415
1370,2025-08-26 02:00:00+05:30,7.2,90.0,16.24394,102.80426
1371,2025-08-26 03:00:00+05:30,7.2805495,98.530685,16.6896,106.284996
1372,2025-08-26 04:00:00+05:30,6.638072,102.5288,15.426537,109.06929
1373,2025-08-26 05:00:00+05:30,5.5799994,90.0,13.276144,102.5288
1374,2025-08-26 06:00:00+05:30,7.79215,96.63242,12.9249525,102.87501
1375,2025-08-26 07:00:00+05:30,9.82279,103.781624,13.055896,105.1859
1376,2025-08-26 08:00:00+05:30,10.787993,115.70991,13.766176,117.23507
1377,2025-08-26 09:00:00+05:30,13.151091,120.4257,16.981165,122.00535
1378,2025-08-26 10:00:00+05:30,14.581111,118.77971,18.865683,119.74478
1379,2025-08-26 11:00:00+05:30,14.731437,116.87807,18.762356,118.04006
1380,2025-08-26 12:00:00+05:30,13.864674,119.56026,17.169018,119.52127
1381,2025-08-26 13:00:00+05:30,13.466357,127.94221,17.065859,127.71605
1382,2025-08-26 14:00:00+05:30,13.690654,129.1304,17.54146,128.75165
1383,2025-08-26 15:00:00+05:30,15.782622,135.0001,21.256008,134.65695
1384,2025-08-26 16:00:00+05:30,16.985933,139.72806,24.131413,139.53786
1385,2025-08-26 17:00:00+05:30,13.783817,139.23648,22.979452,139.44746
1386,2025-08-26 18:00:00+05:30,10.883676,145.78424,20.778112,144.51993
1387,2025-08-26 19:00:00+05:30,9.422101,136.54811,18.466455,136.97493
1388,2025-08-26 20:00:00+05:30,8.131936,117.69938,16.828796,122.33016
1389,2025-08-26 21:00:00+05:30,7.928178,92.60251,16.50218,103.8847
1390,2025-08-26 22:00:00+05:30,8.647496,92.385895,17.377226,103.17256
1391,2025-08-26 23:00:00+05:30,6.778141,79.28693,14.869351,96.952866
1392,2025-08-27 00:00:00+05:30,9.0,73.73973,17.714231,84.75295
1393,2025-08-27 01:00:00+05:30,9.172938,74.054535,17.910677,84.23221
1394,2025-08-27 02:00:00+05:30,10.120098,84.89793,18.903427,91.091194
1395,2025-08-27 03:00:00+05:30,10.621525,89.029,19.881649,95.19434
1396,2025-08-27 04:00:00+05:30,10.261578,88.99494,19.380743,96.398865
1397,2025-08-27 05:00:00+05:30,10.658068,85.15609,19.469976,93.17977
1398,2025-08-27 06:00:00+05:30,15.316933,87.30577,23.046328,91.3426
1399,2025-08-27 07:00:00+05:30,17.244337,103.89122,23.491207,105.10115
1400,2025-08-27 08:00:00+05:30,18.961613,109.98319,25.40743,110.74616
1401,2025-08-27 09:00:00+05:30,18.374992,119.327095,24.358597,120.164925
1402,2025-08-27 10:00:00+05:30,17.570988,127.92652,23.051247,128.65984
1403,2025-08-27 11:00:00+05:30,20.168034,139.34332,26.044699,139.4847
1404,2025-08-27 12:00:00+05:30,21.420755,138.40654,28.193426,138.883
1405,2025-08-27 13:00:00+05:30,22.871334,144.93402,30.215343,144.70032
1406,2025-08-27 14:00:00+05:30,23.068108,157.0362,31.419668,158.13759
1407,2025-08-27 15:00:00+05:30,22.45315,167.96942,29.935247,168.55496
1408,2025-08-27 16:00:00+05:30,22.68,180.0,32.58199,180.63306
1409,2025-08-27 17:00:00+05:30,18.751125,183.3018,28.730726,185.03185
1410,2025-08-27 18:00:00+05:30,16.50218,166.11531,27.549997,170.59929
1411,2025-08-27 19:00:00+05:30,12.496719,168.3664,22.42427,174.47255
1412,2025-08-27 20:00:00+05:30,10.215693,165.71887,19.881649,174.80566
1413,2025-08-27 21:00:00+05:30,7.689603,147.42595,16.6896,163.71501
1414,2025-08-27 22:00:00+05:30,8.139901,144.90411,18.0,163.73972
1415,2025-08-27 23:00:00+05:30,8.953078,149.82657,19.0392,164.64981
1416,2025-08-28 00:00:00+05:30,7.841887,121.865944,16.928614,144.958
1417,2025-08-28 01:00:00+05:30,8.43699,123.690094,17.534992,144.18875
1418,2025-08-28 02:00:00+05:30,11.51578,155.03725,22.327255,163.61038
1419,2025-08-28 03:00:00+05:30,14.0734215,159.01503,24.454178,164.63387
1420,2025-08-28 04:00:00+05:30,11.923557,151.11351,20.54288,155.6807
1421,2025-08-28 05:00:00+05:30,11.298495,149.34941,19.05281,157.79648
1422,2025-08-28 06:00:00+05:30,16.45007,156.80139,24.533543,161.16615
1423,2025-08-28 07:00:00+05:30,15.042659,158.96242,20.833395,161.87805
1424,2025-08-28 08:00:00+05:30,15.287288,167.7639,20.334425,169.28693
1425,2025-08-28 09:00:00+05:30,19.626604,172.09293,25.92125,173.22052
1426,2025-08-28 10:00:00+05:30,19.44833,172.01997,25.60939,172.3256
1427,2025-08-28 11:00:00+05:30,20.343185,178.98604,26.6552,178.06511
1428,2025-08-28 12:00:00+05:30,21.80676,182.83873,28.814058,181.78987
1429,2025-08-28 13:00:00+05:30,23.623243,172.11696,31.569351,172.79404
1430,2025-08-28 14:00:00+05:30,20.404411,175.44632,26.880335,176.16048
1431,2025-08-28 15:00:00+05:30,20.11656,186.6798,27.35171,186.42337
1432,2025-08-28 16:00:00+05:30,18.941954,176.186,26.835096,178.07808
1433,2025-08-28 17:00:00+05:30,15.531195,175.34674,25.025826,178.76363
1434,2025-08-28 18:00:00+05:30,11.238113,148.09193,20.423456,157.72969
1435,2025-08-28 19:00:00+05:30,10.036512,147.45001,19.191748,156.80139
1436,2025-08-28 20:00:00+05:30,11.282711,146.05637,21.173542,154.30635
1437,2025-08-28 21:00:00+05:30,11.738705,144.3601,22.057894,152.80772
1438,2025-08-28 22:00:00+05:30,13.433838,162.0505,24.231237,166.68636
1439,2025-08-28 23:00:00+05:30,13.277364,164.26793,23.510508,168.51804
1440,2025-08-29 00:00:00+05:30,10.957847,165.73546,20.495512,172.9375
1441,2025-08-29 01:00:00+05:30,9.860649,158.58696,19.029839,169.64673
1442,2025-08-29 02:00:00+05:30,9.360001,157.3801,18.64369,169.99208
1443,2025-08-29 03:00:00+05:30,7.729527,152.24155,16.595179,167.4712
1444,2025-08-29 04:00:00+05:30,7.5942082,148.57048,15.991659,168.31065
1445,2025-08-29 05:00:00+05:30,9.109138,150.39565,17.202011,166.69081
1446,2025-08-29 06:00:00+05:30,7.8149853,151.07367,14.713831,172.2665
1447,2025-08-29 07:00:00+05:30,9.56713,168.05585,12.703715,172.67369
1448,2025-08-29 08:00:00+05:30,16.818203,174.47255,23.158524,174.20088
1449,2025-08-29 09:00:00+05:30,14.713831,172.2665,20.542881,171.94098
1450,2025-08-29 10:00:00+05:30,15.865546,176.74812,20.728153,177.01343
1451,2025-08-29 11:00:00+05:30,19.45333,182.12105,24.50381,182.52606
1452,2025-08-29 12:00:00+05:30,17.64,180.0,23.22,180.0
1453,2025-08-29 13:00:00+05:30,16.23596,183.814,21.332088,185.32565
1454,2025-08-29 14:00:00+05:30,16.928614,181.82793,21.978434,182.34682
1455,2025-08-29 15:00:00+05:30,18.733839,182.20255,24.863468,182.4895
1456,2025-08-29 16:00:00+05:30,17.026896,193.44862,24.541468,192.71114
1457,2025-08-29 17:00:00+05:30,12.815443,169.47926,20.674158,172.99883
1458,2025-08-29 18:00:00+05:30,9.335737,160.86626,17.40424,169.2712
1459,2025-08-29 19:00:00+05:30,10.589448,148.20113,20.397263,156.60222
1460,2025-08-29 20:00:00+05:30,10.094454,158.00882,20.256996,165.59328
1461,2025-08-29 21:00:00+05:30,7.7420926,144.46223,17.035456,164.05453
1462,2025-08-29 22:00:00+05:30,7.0107627,138.12222,15.611304,159.05728
1463,2025-08-29 23:00:00+05:30,6.623413,137.20262,15.509274,158.19853
1464,2025-08-30 00:00:00+05:30,6.792466,147.99466,15.760025,166.12245
1465,2025-08-30 01:00:00+05:30,5.904439,142.43134,14.101021,165.96373
1466,2025-08-30 02:00:00+05:30,5.7402787,138.81418,13.83192,161.80075
1467,2025-08-30 03:00:00+05:30,6.4924874,136.12321,14.7742605,157.80966
1468,2025-08-30 04:00:00+05:30,5.0975285,132.13753,12.904882,157.01126
1469,2025-08-30 05:00:00+05:30,4.5891175,115.55992,10.589448,148.20113
1470,2025-08-30 06:00:00+05:30,6.8423676,125.36255,13.684735,153.43501
1471,2025-08-30 07:00:00+05:30,6.6087217,150.64235,8.61371,153.97047
1472,2025-08-30 08:00:00+05:30,6.050785,157.249,7.229191,161.11382
1473,2025-08-30 09:00:00+05:30,8.538149,161.56496,10.4166975,161.87805
1474,2025-08-30 10:00:00+05:30,12.496719,168.3664,15.5687,169.3397
1475,2025-08-30 11:00:00+05:30,9.109138,150.39565,11.923557,151.11351
1476,2025-08-30 12:00:00+05:30,12.452566,184.14455,16.04526,183.21542
1477,2025-08-30 13:00:00+05:30,19.501568,189.02754,25.421455,190.19592
1478,2025-08-30 14:00:00+05:30,13.262714,172.1999,17.750774,173.59575
1479,2025-08-30 15:00:00+05:30,13.262714,187.8001,17.284687,188.38316
1480,2025-08-30 16:00:00+05:30,11.442394,199.29015,15.885956,199.87227
1481,2025-08-30 17:00:00+05:30,7.2805495,188.53069,13.590894,191.45872
1482,2025-08-30 18:00:00+05:30,5.9427266,144.86572,14.01806,155.73871
1483,2025-08-30 19:00:00+05:30,6.8919086,139.23648,14.974658,154.35904
1484,2025-08-30 20:00:00+05:30,6.6087217,119.357666,14.681866,139.47498
1485,2025-08-30 21:00:00+05:30,6.1120534,103.627014,13.833091,122.24244
1486,2025-08-30 22:00:00+05:30,5.6060677,137.60262,13.5,143.13002
1487,2025-08-30 23:00:00+05:30,4.863332,128.991,12.061343,142.27495
1488,2025-08-31 00:00:00+05:30,4.1046314,127.875046,10.8792095,141.04408
1489,2025-08-31 01:00:00+05:30,2.6758924,132.27362,8.217153,151.1893
1490,2025-08-31 02:00:00+05:30,2.968636,104.03627,6.8919086,130.76352
1491,2025-08-31 03:00:00+05:30,3.5455887,113.962494,7.7734165,132.18437
1492,2025-08-31 04:00:00+05:30,3.438895,96.00892,7.5019197,120.256355
1493,2025-08-31 05:00:00+05:30,4.846648,121.328636,9.504272,127.30403
1494,2025-08-31 06:00:00+05:30,1.9469976,56.3099,2.7534704,101.3099
1495,2025-08-31 07:00:00+05:30,1.0495713,149.03632,1.609969,153.43501
1496,2025-08-31 08:00:00+05:30,3.2846913,170.53775,3.9763298,174.80566
1497,2025-08-31 09:00:00+05:30,3.4388947,132.87889,4.072935,135.0001
1498,2025-08-31 10:00:00+05:30,4.8433046,131.98714,5.6060677,132.39738
1499,2025-08-31 11:00:00+05:30,5.4477882,97.59455,6.424764,101.3099
1500,2025-08-31 12:00:00+05:30,5.6233797,50.194473,6.4924874,43.876797
1501,2025-08-31 13:00:00+05:30,9.313152,131.08165,11.466438,132.45515
1502,2025-08-31 14:00:00+05:30,1.4058449,129.80553,1.9134263,131.18582
1503,2025-08-31 15:00:00+05:30,3.096837,144.46223,4.0449967,147.72438
1504,2025-08-31 16:00:00+05:30,4.445672,158.62932,5.6492476,157.52052
1505,2025-08-31 17:00:00+05:30,5.9399996,180.0,11.885453,181.73567
1506,2025-08-31 18:00:00+05:30,7.9138603,162.80138,17.194475,169.74886
1507,2025-08-31 19:00:00+05:30,9.761578,185.29,19.73854,189.97765
1508,2025-08-31 20:00:00+05:30,7.628263,199.29015,16.813387,201.34586
1509,2025-08-31 21:00:00+05:30,4.3832865,199.17911,11.935778,203.08516
1510,2025-08-31 22:00:00+05:30,3.5455887,203.9625,9.826088,208.44283
1511,2025-08-31 23:00:00+05:30,3.710795,202.8337,9.913082,209.35765
1512,2025-09-01 00:00:00+05:30,3.01735,197.35411,8.953078,210.17343
1513,2025-09-01 01:00:00+05:30,1.8,233.13002,7.056826,232.25313
1514,2025-09-01 02:00:00+05:30,2.0124612,280.30478,6.3639607,261.87
1515,2025-09-01 03:00:00+05:30,3.148714,300.96368,7.5170207,286.6993
1516,2025-09-01 04:00:00+05:30,2.4482648,323.97253,6.889557,303.2749
1517,2025-09-01 05:00:00+05:30,6.8138976,347.79953,13.661038,341.56494
1518,2025-09-01 06:00:00+05:30,7.771331,346.60748,16.120808,343.7909
1519,2025-09-01 07:00:00+05:30,8.513448,346.55136,11.481968,346.39944
1520,2025-09-01 08:00:00+05:30,11.391313,5.4402504,14.455019,5.0005636
1521,2025-09-01 09:00:00+05:30,11.481968,13.600564,14.450537,13.690066
1522,2025-09-01 10:00:00+05:30,10.829959,15.42223,13.327294,16.476961
1523,2025-09-01 11:00:00+05:30,9.178235,25.559923,11.190442,25.740664
1524,2025-09-01 12:00:00+05:30,7.8087645,25.974339,9.659814,26.564985
1525,2025-09-01 13:00:00+05:30,8.2584505,16.46009,9.96524,16.798458
1526,2025-09-01 14:00:00+05:30,8.211235,26.003298,10.385547,25.676775
1527,2025-09-01 15:00:00+05:30,7.7879906,56.3099,9.7565975,52.495785
1528,2025-09-01 16:00:00+05:30,10.874741,114.44395,15.577022,112.4162
1529,2025-09-01 17:00:00+05:30,7.056826,127.74687,14.009968,132.91743
1530,2025-09-01 18:00:00+05:30,7.3094187,232.0012,14.000713,224.9999
1531,2025-09-01 19:00:00+05:30,8.714677,218.2902,17.534992,215.81125
1532,2025-09-01 20:00:00+05:30,10.957847,75.73545,12.452566,85.85546
1533,2025-09-01 21:00:00+05:30,2.9301877,222.5104,8.297589,220.60121
1534,2025-09-01 22:00:00+05:30,5.6835546,100.95402,6.7397914,124.11452
1535,2025-09-01 23:00:00+05:30,7.555712,167.61925,11.375658,175.46231
1536,2025-09-02 00:00:00+05:30,14.128566,135.5161,21.457026,139.76372
1537,2025-09-02 01:00:00+05:30,10.946013,135.0001,15.934829,138.2053
1538,2025-09-02 02:00:00+05:30,3.3092594,135.0001,6.5520988,159.07542
1539,2025-09-02 03:00:00+05:30,3.550155,120.46546,5.2323985,153.43501
1540,2025-09-02 04:00:00+05:30,5.876938,130.0302,9.1958685,139.76372
1541,2025-09-02 05:00:00+05:30,3.0758414,110.55613,5.48631,138.99101
1542,2025-09-02 06:00:00+05:30,12.093534,94.267815,19.146112,99.19659
1543,2025-09-02 07:00:00+05:30,15.376045,117.16491,23.219301,119.74479
1544,2025-09-02 08:00:00+05:30,19.62,123.398506,27.60815,124.104546
1545,2025-09-02 09:00:00+05:30,17.873556,124.33028,24.02174,125.23831
1546,2025-09-02 10:00:00+05:30,20.168034,130.65668,26.806103,130.64294
1547,2025-09-02 11:00:00+05:30,23.096882,130.8918,30.479586,131.40865
1548,2025-09-02 12:00:00+05:30,21.129883,134.30981,28.128996,134.74075
1549,2025-09-02 13:00:00+05:30,22.199188,131.05472,29.971485,131.34769
1550,2025-09-02 14:00:00+05:30,19.48162,128.24648,25.975565,129.09386
1551,2025-09-02 15:00:00+05:30,21.166653,131.55252,29.193869,131.7508
1552,2025-09-02 16:00:00+05:30,18.613253,127.53488,28.701956,128.37926
1553,2025-09-02 17:00:00+05:30,16.825909,124.54016,27.36947,125.36255
1554,2025-09-02 18:00:00+05:30,14.84318,104.03627,24.87975,107.255196
1555,2025-09-02 19:00:00+05:30,12.616703,104.03627,21.93121,110.66621
1556,2025-09-02 20:00:00+05:30,10.948973,99.46225,20.150354,108.75875
1557,2025-09-02 21:00:00+05:30,10.4166975,99.95056,19.888983,111.223724
1558,2025-09-02 22:00:00+05:30,10.674773,95.80663,20.552341,107.32418
1559,2025-09-02 23:00:00+05:30,13.433838,107.9495,23.967728,112.52061
1560,2025-09-03 00:00:00+05:30,13.062098,101.929306,22.655699,109.010864
1561,2025-09-03 01:00:00+05:30,13.339445,93.093994,22.657845,104.25707
1562,2025-09-03 02:00:00+05:30,16.248924,94.4473,26.87069,100.03015
1563,2025-09-03 03:00:00+05:30,15.697197,93.945114,25.787786,97.62099
1564,2025-09-03 04:00:00+05:30,16.743872,88.76805,27.209188,92.65414
1565,2025-09-03 05:00:00+05:30,18.367939,88.31535,29.713633,91.73567
1566,2025-09-03 06:00:00+05:30,20.1865,81.79774,30.05515,83.811485
1567,2025-09-03 07:00:00+05:30,21.246862,88.54368,31.502056,90.65476
1568,2025-09-03 08:00:00+05:30,23.828083,94.33224,33.11706,95.927414
1569,2025-09-03 09:00:00+05:30,22.019674,98.461205,30.599998,98.79733
1570,2025-09-03 10:00:00+05:30,26.099379,114.44395,37.30215,114.21513
1571,2025-09-03 11:00:00+05:30,25.624565,121.79202,35.203693,122.471176
1572,2025-09-03 12:00:00+05:30,22.885498,129.57474,31.991425,129.06258
1573,2025-09-03 13:00:00+05:30,24.337303,132.30214,33.636406,132.39738
1574,2025-09-03 14:00:00+05:30,22.274227,134.67262,30.038975,135.48549
1575,2025-09-03 15:00:00+05:30,19.513195,142.49579,27.612844,142.68182
1576,2025-09-03 16:00:00+05:30,18.613253,142.46512,28.548021,143.20227
1577,2025-09-03 17:00:00+05:30,16.848038,143.25244,27.51646,144.85437
1578,2025-09-03 18:00:00+05:30,15.3802595,124.992096,25.636574,131.29936
1579,2025-09-03 19:00:00+05:30,12.475961,136.16905,23.531172,140.58727
1580,2025-09-03 20:00:00+05:30,14.178927,146.91515,25.097578,149.38869
1581,2025-09-03 21:00:00+05:30,12.096214,143.47105,22.134146,148.63675
1582,2025-09-03 22:00:00+05:30,13.089354,148.49579,23.750452,152.46402
1583,2025-09-03 23:00:00+05:30,12.616702,137.89134,23.12212,144.8252
1584,2025-09-04 00:00:00+05:30,11.919479,128.25447,22.152435,136.31683
1585,2025-09-04 01:00:00+05:30,10.404249,120.113655,20.135878,132.10135
1586,2025-09-04 02:00:00+05:30,9.449572,107.74477,18.971008,123.388535
1587,2025-09-04 03:00:00+05:30,8.777653,105.46127,17.709658,116.56499
1588,2025-09-04 04:00:00+05:30,11.481968,99.01925,20.724247,107.175995
1589,2025-09-04 05:00:00+05:30,11.480557,131.18582,20.135878,132.10135
1590,2025-09-04 06:00:00+05:30,10.829959,105.42222,20.799152,113.459045
1591,2025-09-04 07:00:00+05:30,14.581111,118.77971,20.406792,120.18359
1592,2025-09-04 08:00:00+05:30,12.992458,100.37579,17.769016,103.473175
1593,2025-09-04 09:00:00+05:30,15.146761,135.4814,20.75627,136.75696
1594,2025-09-04 10:00:00+05:30,15.349684,129.2894,19.54389,130.14333
1595,2025-09-04 11:00:00+05:30,19.878391,144.58286,25.570139,144.74356
1596,2025-09-04 12:00:00+05:30,23.426292,154.02567,31.555494,153.58118
1597,2025-09-04 13:00:00+05:30,19.125793,161.906,25.558098,161.94777
1598,2025-09-04 14:00:00+05:30,18.501513,162.44637,24.70791,162.62099
1599,2025-09-04 15:00:00+05:30,16.344355,168.56636,22.380884,168.87085
1600,2025-09-04 16:00:00+05:30,14.98331,163.95999,22.277134,164.05453
1601,2025-09-04 17:00:00+05:30,14.068816,163.65175,22.79684,164.4274
1602,2025-09-04 18:00:00+05:30,10.4493065,137.79277,19.765606,142.39952
1603,2025-09-04 19:00:00+05:30,9.418661,153.9247,19.33639,155.82089
1604,2025-09-04 20:00:00+05:30,9.172938,164.05453,18.958197,167.94325
1605,2025-09-04 21:00:00+05:30,6.792466,147.99466,15.937878,161.56496
1606,2025-09-04 22:00:00+05:30,7.029225,129.80553,16.276815,147.18864
1607,2025-09-04 23:00:00+05:30,5.7628117,128.65984,14.539945,148.67137
1608,2025-09-05 00:00:00+05:30,5.0142193,111.03758,12.870944,137.83418
1609,2025-09-05 01:00:00+05:30,6.269067,129.17365,14.186923,144.29323
1610,2025-09-05 02:00:00+05:30,5.637765,106.699326,11.599879,138.14505
1611,2025-09-05 03:00:00+05:30,6.8989563,105.12406,13.896187,126.57312
1612,2025-09-05 04:00:00+05:30,12.351987,133.22856,22.049082,137.9781
1613,2025-09-05 05:00:00+05:30,10.404249,142.73352,18.171976,146.3099
1614,2025-09-05 06:00:00+05:30,10.285232,147.14429,15.83693,148.47787
1615,2025-09-05 07:00:00+05:30,8.383054,165.06853,11.525623,165.52966
1616,2025-09-05 08:00:00+05:30,13.441071,172.30405,17.235882,172.80086
1617,2025-09-05 09:00:00+05:30,13.324863,178.45187,17.103788,178.79398
1618,2025-09-05 10:00:00+05:30,12.429127,169.99208,15.713702,170.10614
1619,2025-09-05 11:00:00+05:30,13.324863,178.45187,16.388899,178.11185
1620,2025-09-05 12:00:00+05:30,14.589996,182.12105,18.36353,181.12328
1621,2025-09-05 13:00:00+05:30,12.906138,171.983,16.521805,172.48795
1622,2025-09-05 14:00:00+05:30,13.854155,204.56715,17.892578,203.7284
1623,2025-09-05 15:00:00+05:30,13.491597,193.1092,17.864489,192.2157
1624,2025-09-05 16:00:00+05:30,14.471821,185.7105,20.436144,185.55986
1625,2025-09-05 17:00:00+05:30,10.98,190.38881,19.32382,189.11128
1626,2025-09-05 18:00:00+05:30,6.7469993,170.78905,15.84409,178.69807
1627,2025-09-05 19:00:00+05:30,7.0015144,162.03076,15.941944,173.51703
1628,2025-09-05 20:00:00+05:30,6.8138976,167.79955,16.42839,175.60138
1629,2025-09-05 21:00:00+05:30,6.1569467,164.74483,15.726067,174.74629
1630,2025-09-05 22:00:00+05:30,5.068846,163.49556,14.05845,177.06439
1631,2025-09-05 23:00:00+05:30,5.0911684,171.86998,14.068817,183.66771
1632,2025-09-06 00:00:00+05:30,4.5,180.0,12.710091,192.26476
1633,2025-09-06 01:00:00+05:30,2.907989,158.19853,9.919618,191.5138
1634,2025-09-06 02:00:00+05:30,3.7842832,154.65387,9.979859,187.2531
1635,2025-09-06 03:00:00+05:30,3.8183763,135.0001,9.044888,174.2895
1636,2025-09-06 04:00:00+05:30,4.542994,123.6901,9.504273,155.37645
1637,2025-09-06 05:00:00+05:30,5.1165614,140.71062,12.410866,160.51378
1638,2025-09-06 06:00:00+05:30,5.3517847,160.34608,10.823973,183.814
1639,2025-09-06 07:00:00+05:30,4.913044,171.57312,6.482499,178.40889
1640,2025-09-06 08:00:00+05:30,7.208994,182.86235,8.656858,183.57626
1641,2025-09-06 09:00:00+05:30,5.950899,176.53185,7.040739,175.60138
1642,2025-09-06 10:00:00+05:30,7.102591,171.25392,8.759178,170.53775
1643,2025-09-06 11:00:00+05:30,7.8625183,164.05453,9.96524,163.20155
1644,2025-09-06 12:00:00+05:30,10.6261,181.94144,12.961249,180.7957
1645,2025-09-06 13:00:00+05:30,6.8989563,195.12405,8.827343,196.58742
1646,2025-09-06 14:00:00+05:30,8.490582,175.13557,10.644379,176.12155
1647,2025-09-06 15:00:00+05:30,11.367109,190.95403,14.861722,191.1738
1648,2025-09-06 16:00:00+05:30,12.882267,195.3956,18.519016,195.79247
1649,2025-09-06 17:00:00+05:30,11.203464,203.6821,19.888983,201.22372
1650,2025-09-06 18:00:00+05:30,10.272623,191.113,21.010712,189.86574
1651,2025-09-06 19:00:00+05:30,9.761578,185.29,20.436144,185.55986
1652,2025-09-06 20:00:00+05:30,8.350138,187.43132,18.64369,190.00792
1653,2025-09-06 21:00:00+05:30,7.7420926,181.33218,17.910677,185.76779
1654,2025-09-06 22:00:00+05:30,6.7205353,187.69595,16.985933,192.8581
1655,2025-09-06 23:00:00+05:30,5.2478566,185.90605,14.450537,193.69006
1656,2025-09-07 00:00:00+05:30,4.9785542,192.5288,13.672893,200.82097
1657,2025-09-07 01:00:00+05:30,4.6834598,177.79745,13.009903,194.4208
1658,2025-09-07 02:00:00+05:30,4.5891175,191.30989,12.936227,201.20929
1659,2025-09-07 03:00:00+05:30,4.2021422,189.86574,11.440979,204.14554
1660,2025-09-07 04:00:00+05:30,4.278551,194.62091,11.351422,207.37762
1661,2025-09-07 05:00:00+05:30,3.6402748,188.53069,10.385547,205.67677
1662,2025-09-07 06:00:00+05:30,5.896202,167.66092,11.230904,186.4415
1663,2025-09-07 07:00:00+05:30,7.0911775,203.9625,9.266067,204.0755
1664,2025-09-07 08:00:00+05:30,5.6492476,210.65059,6.854195,209.93143
1665,2025-09-07 09:00:00+05:30,3.84796,190.78426,4.7657523,190.88548
1666,2025-09-07 10:00:00+05:30,4.8899083,173.6599,5.9644947,174.80566
1667,2025-09-07 11:00:00+05:30,5.232399,183.94511,6.6697226,183.094
1668,2025-09-07 12:00:00+05:30,7.3447943,197.10281,9.0,196.26028
1669,2025-09-07 13:00:00+05:30,11.038858,204.05734,13.945064,203.58704
1670,2025-09-07 14:00:00+05:30,11.792404,211.26367,15.2501545,210.49976
1671,2025-09-07 15:00:00+05:30,12.599998,216.86998,16.489416,216.11943
1672,2025-09-07 16:00:00+05:30,9.734988,213.6901,14.539945,211.32863
1673,2025-09-07 17:00:00+05:30,6.28713,203.6294,13.874019,202.9058
1674,2025-09-07 18:00:00+05:30,4.6938257,212.47118,12.47726,206.56499
1675,2025-09-07 19:00:00+05:30,5.9644947,185.19434,15.027575,186.18852
1676,2025-09-07 20:00:00+05:30,8.101999,181.273,18.252037,185.09203
1677,2025-09-07 21:00:00+05:30,6.519877,186.3401,16.454008,190.08054
1678,2025-09-07 22:00:00+05:30,6.6818557,184.63538,16.87398,191.07016
1679,2025-09-07 23:00:00+05:30,5.7599998,180.0,15.536408,190.00792
1680,2025-09-08 00:00:00+05:30,5.4119864,183.814,14.861722,191.1738
1681,2025-09-08 01:00:00+05:30,5.2478566,185.90605,14.319901,194.56032
1682,2025-09-08 02:00:00+05:30,5.0432134,182.04536,14.018059,192.6086
1683,2025-09-08 03:00:00+05:30,4.503598,182.29056,12.442153,194.23732
1684,2025-09-08 04:00:00+05:30,3.189608,196.38962,10.597094,200.89784
1685,2025-09-08 05:00:00+05:30,1.659518,220.60121,8.0899935,212.27562
1686,2025-09-08 06:00:00+05:30,2.8116899,129.80553,5.0688457,173.8846
1687,2025-09-08 07:00:00+05:30,4.724786,162.25523,5.896202,167.66092
1688,2025-09-08 08:00:00+05:30,5.771239,176.42374,7.0223074,178.53123
1689,2025-09-08 09:00:00+05:30,4.278551,157.75093,5.2478566,157.8336
1690,2025-09-08 10:00:00+05:30,4.4565907,136.63654,5.6060677,137.60262
1691,2025-09-08 11:00:00+05:30,3.693291,133.02507,4.7110505,133.45189
1692,2025-09-08 12:00:00+05:30,5.950899,176.53185,7.2359104,174.2895
1693,2025-09-08 13:00:00+05:30,8.731391,194.32275,10.609316,194.7436
1694,2025-09-08 14:00:00+05:30,7.5942073,174.55975,9.555271,176.76036
1695,2025-09-08 15:00:00+05:30,7.6642804,189.46225,10.03167,189.29323
1696,2025-09-08 16:00:00+05:30,7.689603,196.31393,11.793777,195.94547
1697,2025-09-08 17:00:00+05:30,11.103243,196.96623,20.275385,196.50444
1698,2025-09-08 18:00:00+05:30,10.739833,193.57045,21.109941,191.30989
1699,2025-09-08 19:00:00+05:30,9.114471,189.0902,19.759048,186.80122
1700,2025-09-08 20:00:00+05:30,7.293888,195.75124,17.615187,191.19507
1701,2025-09-08 21:00:00+05:30,5.6492476,202.47948,15.710607,198.01987
1702,2025-09-08 22:00:00+05:30,4.896529,197.10281,14.230248,198.43504
1703,2025-09-08 23:00:00+05:30,5.637765,196.69933,14.687382,199.32327
1704,2025-09-09 00:00:00+05:30,5.6920996,198.43504,15.275627,201.42535
1705,2025-09-09 01:00:00+05:30,4.6730714,195.6423,13.472372,202.79655
1706,2025-09-09 02:00:00+05:30,4.5536795,198.43504,12.638513,206.20006
1707,2025-09-09 03:00:00+05:30,4.3498964,204.44394,12.257194,209.95352
1708,2025-09-09 04:00:00+05:30,3.4949677,191.88864,10.472536,204.36244
1709,2025-09-09 05:00:00+05:30,2.7238941,187.59456,9.12513,202.01134
1710,2025-09-09 06:00:00+05:30,4.2021422,189.86574,9.418661,206.0753
1711,2025-09-09 07:00:00+05:30,5.8603754,227.4896,7.7734165,227.81563
1712,2025-09-09 08:00:00+05:30,5.7176566,241.8215,7.10031,239.53453
1713,2025-09-09 09:00:00+05:30,4.6102495,231.34016,5.48631,228.99101
1714,2025-09-09 10:00:00+05:30,3.8856654,193.39252,4.7657523,190.88548
1715,2025-09-09 11:00:00+05:30,5.223103,181.97488,6.302571,178.36346
1716,2025-09-09 12:00:00+05:30,6.452441,202.98874,7.9138603,197.19862
1717,2025-09-09 13:00:00+05:30,8.953078,210.17343,10.948973,207.40749
1718,2025-09-09 14:00:00+05:30,9.102021,204.5377,11.51578,204.96275
1719,2025-09-09 15:00:00+05:30,11.656998,193.39252,15.585337,194.03627
1720,2025-09-09 16:00:00+05:30,13.327294,196.47696,20.966715,195.94547
1721,2025-09-09 17:00:00+05:30,11.832176,193.19061,20.476532,194.76924
1722,2025-09-09 18:00:00+05:30,8.197414,188.84174,18.289274,190.20392
1723,2025-09-09 19:00:00+05:30,6.778141,190.71307,16.024044,194.97292
1724,2025-09-09 20:00:00+05:30,6.489992,176.82024,15.405519,186.70975
1725,2025-09-09 21:00:00+05:30,7.486788,189.68872,17.594023,193.60976
1726,2025-09-09 22:00:00+05:30,7.5213294,201.03758,17.82091,203.19861
1727,2025-09-09 23:00:00+05:30,7.42159,202.8337,17.548845,206.8278
1728,2025-09-10 00:00:00+05:30,7.570707,208.39293,17.782686,211.75943
1729,2025-09-10 01:00:00+05:30,6.2405767,213.23172,16.237955,215.98077
1730,2025-09-10 02:00:00+05:30,5.2478566,202.1664,14.88242,212.15227
1731,2025-09-10 03:00:00+05:30,5.318383,203.9625,14.584443,215.45555
1732,2025-09-10 04:00:00+05:30,4.6452556,215.53777,13.491598,224.9999
1733,2025-09-10 05:00:00+05:30,3.8647635,207.75845,11.709688,224.9999
1734,2025-09-10 06:00:00+05:30,4.7521367,204.62355,11.203464,223.69812
1735,2025-09-10 07:00:00+05:30,7.1389914,236.3099,9.636307,237.20047
1736,2025-09-10 08:00:00+05:30,8.149847,239.47037,10.158444,240.25522
1737,2025-09-10 09:00:00+05:30,6.452441,239.85869,7.995323,238.81508
1738,2025-09-10 10:00:00+05:30,4.198285,239.0363,5.0432134,235.17543
1739,2025-09-10 11:00:00+05:30,3.06,241.92761,3.745557,234.78232
1740,2025-09-10 12:00:00+05:30,3.4152596,251.56496,4.1085763,241.1893
1741,2025-09-10 13:00:00+05:30,6.8541956,246.80139,8.035746,254.40712
1742,2025-09-10 14:00:00+05:30,13.917154,185.19434,17.910677,185.76779
1743,2025-09-10 15:00:00+05:30,10.837435,191.49654,14.408997,192.99461
1744,2025-09-10 16:00:00+05:30,8.909545,171.86998,12.841963,174.36942
1745,2025-09-10 17:00:00+05:30,8.64,180.0,16.404707,183.1449
1746,2025-09-10 18:00:00+05:30,8.82,180.0,18.610641,184.99365
1747,2025-09-10 19:00:00+05:30,10.062305,190.3048,20.334425,190.71307
1748,2025-09-10 20:00:00+05:30,8.163749,194.03627,17.816362,198.25198
1749,2025-09-10 21:00:00+05:30,5.771239,183.57626,14.935662,192.5288
1750,2025-09-10 22:00:00+05:30,5.5216303,199.0257,14.206323,202.3407
1751,2025-09-10 23:00:00+05:30,5.8769383,207.3498,14.978984,212.73521
1752,2025-09-11 00:00:00+05:30,4.6277857,193.49574,13.282243,206.56499
1753,2025-09-11 01:00:00+05:30,5.1197267,190.1246,13.78029,203.8865
1754,2025-09-11 02:00:00+05:30,5.3699164,193.57045,14.512064,203.38524
1755,2025-09-11 03:00:00+05:30,2.2768397,161.56496,8.936777,198.79999
1756,2025-09-11 04:00:00+05:30,2.3469129,122.471176,6.482499,181.59111
1757,2025-09-11 05:00:00+05:30,4.1085763,151.1893,9.54,180.0
1758,2025-09-11 06:00:00+05:30,2.9024127,187.12492,6.048107,216.52895
1759,2025-09-11 07:00:00+05:30,4.0249224,206.56499,5.09435,212.00534
1760,2025-09-11 08:00:00+05:30,2.9024127,187.12492,3.4949677,191.88864
1761,2025-09-11 09:00:00+05:30,5.5916004,146.82147,6.6405115,147.17146
1762,2025-09-11 10:00:00+05:30,5.8603754,169.3804,6.6818557,175.36462
1763,2025-09-11 11:00:00+05:30,11.368535,113.317726,15.137133,115.34614
1764,2025-09-11 12:00:00+05:30,4.5,163.73972,5.896202,167.66092
1765,2025-09-11 13:00:00+05:30,6.3231,175.101,7.970972,173.51703
1766,2025-09-11 14:00:00+05:30,4.896529,162.89719,5.6920996,161.56496
1767,2025-09-11 15:00:00+05:30,14.6254835,166.47682,19.64558,166.21838
1768,2025-09-11 16:00:00+05:30,7.3799996,192.68037,10.132897,192.308
1769,2025-09-11 17:00:00+05:30,3.1072817,169.99208,7.029225,177.06439
1770,2025-09-11 18:00:00+05:30,3.096837,125.537766,9.080639,140.6307
1771,2025-09-11 19:00:00+05:30,7.8149853,141.54626,16.092644,143.6427
1772,2025-09-11 20:00:00+05:30,8.797931,149.23735,18.35647,154.44008
1773,2025-09-11 21:00:00+05:30,6.889557,160.1447,15.934829,166.27768
1774,2025-09-11 22:00:00+05:30,7.731623,155.22488,16.862455,163.8865
1775,2025-09-11 23:00:00+05:30,5.5887027,165.06853,14.892213,172.35968
1776,2025-09-12 00:00:00+05:30,5.7515564,159.86362,14.713831,172.2665
1777,2025-09-12 01:00:00+05:30,6.122647,178.31535,14.967083,183.44731
1778,2025-09-12 02:00:00+05:30,6.7565966,221.76021,14.447172,210.71883
1779,2025-09-12 03:00:00+05:30,4.14,270.0,8.936777,251.20001
1780,2025-09-12 04:00:00+05:30,1.8,323.13,3.494968,325.4914
1781,2025-09-12 05:00:00+05:30,2.5772076,24.775122,5.1575575,29.248732
1782,2025-09-12 06:00:00+05:30,1.2979984,33.6901,0.17999999,360.0
1783,2025-09-12 07:00:00+05:30,5.991594,122.73522,7.538541,123.310646
1784,2025-09-12 08:00:00+05:30,7.9383874,122.969406,9.7880945,122.22874
1785,2025-09-12 09:00:00+05:30,9.668195,118.9509,12.011544,119.63829
1786,2025-09-12 10:00:00+05:30,10.587918,125.311295,13.538345,125.80344
1787,2025-09-12 11:00:00+05:30,10.564941,135.6902,13.493999,136.08084
1788,2025-09-12 12:00:00+05:30,11.448055,143.31018,14.292725,143.70728
1789,2025-09-12 13:00:00+05:30,11.837652,151.87636,14.654254,152.176
1790,2025-09-12 14:00:00+05:30,14.230248,198.43504,19.017065,197.06294
1791,2025-09-12 15:00:00+05:30,5.0432134,235.17543,7.256032,226.00499
1792,2025-09-12 16:00:00+05:30,4.3536186,150.2552,5.6920996,161.56496
1793,2025-09-12 17:00:00+05:30,3.1845248,132.70937,9.107359,161.56496
1794,2025-09-12 18:00:00+05:30,3.6447225,122.90524,10.387107,152.10281
1795,2025-09-12 19:00:00+05:30,4.143911,145.6196,10.759423,162.47435
1796,2025-09-12 20:00:00+05:30,4.942631,123.11135,12.204212,142.792
1797,2025-09-12 21:00:00+05:30,4.942631,123.11135,12.791403,140.71062
1798,2025-09-12 22:00:00+05:30,7.689603,147.42595,17.161469,155.85446
1799,2025-09-12 23:00:00+05:30,7.8087645,154.02567,17.418196,161.93944
1800,2025-09-13 00:00:00+05:30,6.452441,157.01126,15.898188,164.23276
1801,2025-09-13 01:00:00+05:30,4.7827187,160.20103,13.238261,168.23174
1802,2025-09-13 02:00:00+05:30,4.8965297,143.97253,13.288341,155.17068
1803,2025-09-13 03:00:00+05:30,4.39436,124.992096,12.330985,146.3099
1804,2025-09-13 04:00:00+05:30,4.913044,118.442825,12.616702,137.89134
1805,2025-09-13 05:00:00+05:30,5.896202,121.26367,14.128566,134.4839
1806,2025-09-13 06:00:00+05:30,6.151683,110.55613,12.399113,140.30096
1807,2025-09-13 07:00:00+05:30,7.44121,122.15227,10.373061,128.65982
1808,2025-09-13 08:00:00+05:30,9.614426,141.84273,12.88981,144.09018
1809,2025-09-13 09:00:00+05:30,9.387651,147.52882,11.7,149.48984
1810,2025-09-13 10:00:00+05:30,9.741642,152.48808,12.074766,153.43501
1811,2025-09-13 11:00:00+05:30,10.484902,168.11136,13.358861,165.96373
1812,2025-09-13 12:00:00+05:30,9.021574,151.38963,11.605464,156.21796
1813,2025-09-13 13:00:00+05:30,15.151039,166.95436,20.12944,167.08218
1814,2025-09-13 14:00:00+05:30,9.187056,182.2457,12.261158,183.3664
1815,2025-09-13 15:00:00+05:30,11.173057,182.77016,15.531195,184.65326
1816,2025-09-13 16:00:00+05:30,8.909545,188.13002,14.027302,188.85788
1817,2025-09-13 17:00:00+05:30,5.5829024,178.15244,12.632101,184.08554
1818,2025-09-13 18:00:00+05:30,3.9640884,140.52757,10.088033,164.47583
1819,2025-09-13 19:00:00+05:30,4.846648,121.328636,11.792404,148.73633
1820,2025-09-13 20:00:00+05:30,5.896202,121.26367,12.730468,146.53459
1821,2025-09-13 21:00:00+05:30,4.965521,136.46873,12.367716,158.66307
1822,2025-09-13 22:00:00+05:30,6.544677,148.49579,14.6254835,166.47682
1823,2025-09-13 23:00:00+05:30,7.689603,163.68607,17.46371,178.81883
1824,2025-09-14 00:00:00+05:30,8.647496,177.6141,19.501568,189.02754
1825,2025-09-14 01:00:00+05:30,7.7420926,181.33218,17.90344,192.77873
1826,2025-09-14 02:00:00+05:30,6.6818557,184.63538,16.516901,196.4601
1827,2025-09-14 03:00:00+05:30,4.991553,205.64096,14.168641,207.21602
1828,2025-09-14 04:00:00+05:30,4.0449963,200.85454,11.594292,207.75845
1829,2025-09-14 05:00:00+05:30,2.1749482,204.44394,9.446141,210.96368
1830,2025-09-14 06:00:00+05:30,6.4624763,167.125,12.525207,187.43132
1831,2025-09-14 07:00:00+05:30,5.4744864,189.46225,8.12197,192.80426
1832,2025-09-14 08:00:00+05:30,8.958504,202.4428,11.132385,202.8337
1833,2025-09-14 09:00:00+05:30,7.6579366,203.55228,9.360001,202.6199
1834,2025-09-14 10:00:00+05:30,6.162207,186.70975,7.2805495,188.53069
1835,2025-09-14 11:00:00+05:30,17.935986,211.45677,22.689283,211.04164
1836,2025-09-14 12:00:00+05:30,8.836514,213.36638,11.583109,212.94922
1837,2025-09-14 13:00:00+05:30,8.131936,152.30061,10.399576,156.54095
1838,2025-09-14 14:00:00+05:30,9.997699,156.66594,12.43434,157.8905
1839,2025-09-14 15:00:00+05:30,14.008811,207.55272,20.04476,206.1048
1840,2025-09-14 16:00:00+05:30,12.181625,198.9705,18.38557,198.25766
1841,2025-09-14 17:00:00+05:30,10.096059,191.30989,17.758074,190.51257
1842,2025-09-14 18:00:00+05:30,4.3349743,131.63345,10.874741,155.55606
1843,2025-09-14 19:00:00+05:30,7.7734165,137.81563,16.084589,148.26653
1844,2025-09-14 20:00:00+05:30,6.6185193,157.61983,15.655861,160.52333
1845,2025-09-14 21:00:00+05:30,7.6473517,153.43501,17.431213,163.81073
1846,2025-09-14 22:00:00+05:30,8.049845,169.6952,17.46371,178.81883
1847,2025-09-14 23:00:00+05:30,8.82,180.0,18.913708,188.20712
1848,2025-09-15 00:00:00+05:30,10.453957,177.03912,19.507383,184.76355
1849,2025-09-15 01:00:00+05:30,8.581677,170.34018,17.468348,181.77142
1850,2025-09-15 02:00:00+05:30,7.570707,161.99574,15.849201,178.04753
1851,2025-09-15 03:00:00+05:30,9.444426,187.66672,17.462782,194.32275
1852,2025-09-15 04:00:00+05:30,5.369916,230.44037,9.54679,225.76381
1853,2025-09-15 05:00:00+05:30,5.7402787,228.81418,11.583108,224.37048
1854,2025-09-15 06:00:00+05:30,3.710795,230.90614,5.7628117,218.65984
1855,2025-09-15 07:00:00+05:30,5.068846,163.49556,6.5693827,170.53775
1856,2025-09-15 08:00:00+05:30,5.6521144,189.16228,7.8149853,194.67644
1857,2025-09-15 09:00:00+05:30,10.823973,183.814,13.917154,185.19434
1858,2025-09-15 10:00:00+05:30,7.9383874,176.09958,10.081606,178.97699
1859,2025-09-15 11:00:00+05:30,10.215693,194.28113,13.055896,195.18588
1860,2025-09-15 12:00:00+05:30,9.793059,233.97253,12.204212,232.79199
1861,2025-09-15 13:00:00+05:30,14.480773,214.8754,18.329092,218.22047
1862,2025-09-15 14:00:00+05:30,11.866355,157.71437,15.881875,162.18102
1863,2025-09-15 15:00:00+05:30,11.27553,196.69933,17.288435,194.47034
1864,2025-09-15 16:00:00+05:30,11.833546,206.17523,18.116623,205.29198
1865,2025-09-15 17:00:00+05:30,7.9077177,191.82146,14.003029,197.96924
1866,2025-09-15 18:00:00+05:30,10.478722,175.07298,19.440834,180.53049
1867,2025-09-15 19:00:00+05:30,12.251905,182.52606,21.042301,190.34863
1868,2025-09-15 20:00:00+05:30,10.813492,182.86235,19.881649,185.19434
1869,2025-09-15 21:00:00+05:30,10.564941,166.20049,19.70815,170.53775
1870,2025-09-15 22:00:00+05:30,12.703715,159.25385,21.749481,167.57407
1871,2025-09-15 23:00:00+05:30,14.206323,157.6593,24.67576,164.3416
1872,2025-09-16 00:00:00+05:30,11.620809,163.81073,22.240019,168.32632
1873,2025-09-16 01:00:00+05:30,10.674773,174.19337,19.443333,178.93912
1874,2025-09-16 02:00:00+05:30,7.102591,188.74608,14.30632,201.39987
1875,2025-09-16 03:00:00+05:30,7.989242,202.52061,14.799459,198.43504
1876,2025-09-16 04:00:00+05:30,9.5416975,178.9191,16.65754,186.20335
1877,2025-09-16 05:00:00+05:30,5.9399996,180.0,13.238261,191.76826
1878,2025-09-16 06:00:00+05:30,10.316686,173.99109,18.72346,181.10168
1879,2025-09-16 07:00:00+05:30,13.5012,180.76389,20.077868,185.6594
1880,2025-09-16 08:00:00+05:30,14.383114,188.63705,20.06334,189.29323
1881,2025-09-16 09:00:00+05:30,17.418196,198.06056,22.431494,197.27184
1882,2025-09-16 10:00:00+05:30,13.615902,204.1932,17.655605,203.42871
1883,2025-09-16 11:00:00+05:30,15.10821,201.67471,19.95485,201.70549
1884,2025-09-16 12:00:00+05:30,15.463244,192.09474,20.91256,193.4382
1885,2025-09-16 13:00:00+05:30,16.778666,189.26015,22.346838,190.6763
1886,2025-09-16 14:00:00+05:30,17.604147,196.02594,23.292444,196.6145
1887,2025-09-16 15:00:00+05:30,17.873554,198.79999,24.476028,198.43504
1888,2025-09-16 16:00:00+05:30,14.587776,195.75124,22.947704,196.87152
1889,2025-09-16 17:00:00+05:30,12.768586,201.5015,22.79684,201.29742
1890,2025-09-16 18:00:00+05:30,8.643749,211.37296,18.445389,208.56573
1891,2025-09-16 19:00:00+05:30,7.388775,182.79265,16.120808,196.20909
1892,2025-09-16 20:00:00+05:30,8.731392,188.29706,19.078302,193.64293
1893,2025-09-16 21:00:00+05:30,9.9587345,173.77426,20.892412,181.97488
1894,2025-09-16 22:00:00+05:30,8.967541,190.40765,18.772715,194.436
1895,2025-09-16 23:00:00+05:30,9.044888,185.7105,18.998314,189.81923
1896,2025-09-17 00:00:00+05:30,9.0018,181.14574,18.431332,185.04236
1897,2025-09-17 01:00:00+05:30,10.094454,201.99118,19.83025,203.54005
1898,2025-09-17 02:00:00+05:30,12.387348,215.53777,22.970285,217.67816
1899,2025-09-17 03:00:00+05:30,11.592895,205.76927,21.57974,211.70139
1900,2025-09-17 04:00:00+05:30,8.2584505,200.40997,18.116621,207.83798
1901,2025-09-17 05:00:00+05:30,5.0432134,182.04536,14.410121,200.47237
1902,2025-09-17 06:00:00+05:30,7.8149853,141.54626,14.410121,177.85246
1903,2025-09-17 07:00:00+05:30,8.227004,169.91946,11.391313,174.55975
1904,2025-09-17 08:00:00+05:30,9.215226,192.40741,11.616627,192.5288
1905,2025-09-17 09:00:00+05:30,8.909545,188.13002,10.8955765,187.59456
1906,2025-09-17 10:00:00+05:30,12.971244,182.3859,16.029097,181.93054
1907,2025-09-17 11:00:00+05:30,11.409785,173.6599,14.311981,173.50075
1908,2025-09-17 12:00:00+05:30,13.1041975,195.94547,17.258425,196.3559
1909,2025-09-17 13:00:00+05:30,16.189995,188.3102,21.281145,188.26709
1910,2025-09-17 14:00:00+05:30,14.275713,228.06656,19.219584,225.3794
1911,2025-09-17 15:00:00+05:30,13.529966,213.05583,18.374994,212.60033
1912,2025-09-17 16:00:00+05:30,13.830749,218.65984,21.786694,218.2902
1913,2025-09-17 17:00:00+05:30,9.080639,219.3693,18.553974,219.09386
1914,2025-09-17 18:00:00+05:30,9.422101,186.58185,20.523157,195.25517
1915,2025-09-17 19:00:00+05:30,9.726665,182.12105,21.639713,191.0295
1916,2025-09-17 20:00:00+05:30,7.8728137,190.53912,19.69993,199.75957
1917,2025-09-17 21:00:00+05:30,7.555712,192.38075,18.789965,203.12654
1918,2025-09-17 22:00:00+05:30,8.149847,186.3401,19.639805,197.60472
1919,2025-09-17 23:00:00+05:30,8.019601,189.0394,19.639807,199.26535
1920,2025-09-18 00:00:00+05:30,7.6367526,188.13002,18.961613,199.9832
1921,2025-09-18 01:00:00+05:30,7.3997297,198.43504,18.921415,207.78383
1922,2025-09-18 02:00:00+05:30,7.754637,201.80147,19.233065,211.60745
1923,2025-09-18 03:00:00+05:30,8.596766,199.57321,19.969458,207.95087
1924,2025-09-18 04:00:00+05:30,8.93859,205.01686,20.282574,211.57414
1925,2025-09-18 05:00:00+05:30,8.427383,199.9832,19.483284,207.51192
1926,2025-09-18 06:00:00+05:30,11.989946,215.83774,23.761364,220.08337
1927,2025-09-18 07:00:00+05:30,10.233123,219.28938,16.563911,222.35739
1928,2025-09-18 08:00:00+05:30,9.67657,223.49261,13.110376,224.44382
1929,2025-09-18 09:00:00+05:30,12.061343,232.27495,15.661035,232.47148
1930,2025-09-18 10:00:00+05:30,12.313894,232.12495,15.408671,232.59457
1931,2025-09-18 11:00:00+05:30,12.061343,232.27495,14.761098,232.43134
1932,2025-09-18 12:00:00+05:30,10.8792095,231.04408,13.298089,230.49236
1933,2025-09-18 13:00:00+05:30,13.044722,219.40063,16.024044,218.15727
1934,2025-09-18 14:00:00+05:30,11.808878,232.43134,15.629971,231.54626
1935,2025-09-18 15:00:00+05:30,11.931705,213.92984,16.848038,216.74756
1936,2025-09-18 16:00:00+05:30,6.5520988,159.07542,10.261578,181.00507
1937,2025-09-18 17:00:00+05:30,5.637765,196.69933,14.410121,205.92485
1938,2025-09-18 18:00:00+05:30,7.0223074,178.53123,16.770939,192.3954
1939,2025-09-18 19:00:00+05:30,6.130579,176.6336,16.309628,190.81383
1940,2025-09-18 20:00:00+05:30,8.049845,169.6952,18.913708,182.1816
1941,2025-09-18 21:00:00+05:30,5.7852573,185.35573,16.152931,194.19113
1942,2025-09-18 22:00:00+05:30,7.4346757,186.95287,18.448023,197.02061
1943,2025-09-18 23:00:00+05:30,5.8048253,209.7448,15.975444,213.51105
1944,2025-09-19 00:00:00+05:30,6.21717,202.1095,16.12583,213.15793
1945,2025-09-19 01:00:00+05:30,6.050785,202.751,16.276815,212.81136
1946,2025-09-19 02:00:00+05:30,5.3426957,212.61923,15.210799,219.71872
1947,2025-09-19 03:00:00+05:30,5.1481256,216.46933,14.529915,221.98714
1948,2025-09-19 04:00:00+05:30,4.829907,206.56499,13.783817,220.76352
1949,2025-09-19 05:00:00+05:30,4.3832865,199.17911,12.284918,219.05313
1950,2025-09-19 06:00:00+05:30,5.8852015,203.42871,14.450535,219.44002
1951,2025-09-19 07:00:00+05:30,5.004518,217.6943,7.2649574,221.98714
1952,2025-09-19 08:00:00+05:30,7.256032,226.00499,9.167638,226.5911
1953,2025-09-19 09:00:00+05:30,6.601363,244.1337,8.131936,242.30061
1954,2025-09-19 10:00:00+05:30,5.1165614,230.71062,5.876938,229.9698
1955,2025-09-19 11:00:00+05:30,4.514377,265.42615,5.2478566,264.09396
1956,2025-09-19 12:00:00+05:30,4.5,343.73972,5.7176566,331.8215
1957,2025-09-19 13:00:00+05:30,4.5536795,288.43503,5.9834766,291.16132
1958,2025-09-19 14:00:00+05:30,10.1902895,252.52513,13.154786,253.30067
1959,2025-09-19 15:00:00+05:30,7.519175,258.9591,9.499157,260.18076
1960,2025-09-19 16:00:00+05:30,6.59154,235.0079,8.39078,234.60512
1961,2025-09-19 17:00:00+05:30,4.1125174,246.80139,9.526405,247.79646
1962,2025-09-19 18:00:00+05:30,3.536439,194.7436,8.281956,227.6426
1963,2025-09-19 19:00:00+05:30,4.1046314,164.74483,7.519175,191.0409
1964,2025-09-19 20:00:00+05:30,3.9763298,185.19434,8.225035,203.19861
1965,2025-09-19 21:00:00+05:30,4.5536795,198.43504,10.897063,210.80138
1966,2025-09-19 22:00:00+05:30,4.5891175,205.55992,12.241323,216.02747
1967,2025-09-19 23:00:00+05:30,4.4565907,226.63654,12.229406,227.38597
1968,2025-09-20 00:00:00+05:30,4.379589,260.53775,12.181625,251.0295
1969,2025-09-20 01:00:00+05:30,3.9966488,277.76508,11.230904,263.5585
1970,2025-09-20 02:00:00+05:30,3.9477081,313.1524,10.534229,286.88687
1971,2025-09-20 03:00:00+05:30,1.9881649,354.80566,7.519175,312.08908
1972,2025-09-20 04:00:00+05:30,1.3104197,15.945477,5.634891,333.43503
1973,2025-09-20 05:00:00+05:30,1.659518,40.601215,5.5450516,13.134034
1974,2025-09-20 06:00:00+05:30,5.0432134,124.82456,4.6102495,141.34016
1975,2025-09-20 07:00:00+05:30,6.0721655,78.02389,7.6367526,81.86999
1976,2025-09-20 08:00:00+05:30,6.482499,91.59111,7.922045,91.301926
1977,2025-09-20 09:00:00+05:30,6.489992,109.440125,7.9220443,111.317986
1978,2025-09-20 10:00:00+05:30,2.6999998,90.0,3.2399998,90.0
1979,2025-09-20 11:00:00+05:30,2.6999998,90.0,3.06,90.0
1980,2025-09-20 12:00:00+05:30,2.0523157,37.875053,2.2910259,44.999897
1981,2025-09-20 13:00:00+05:30,1.8,360.0,1.9881649,5.19435
1982,2025-09-20 14:00:00+05:30,4.3832865,340.8209,5.12289,341.56494
1983,2025-09-20 15:00:00+05:30,11.052058,232.94339,14.004185,232.83543
1984,2025-09-20 16:00:00+05:30,8.766573,250.82089,11.465024,247.86446
1985,2025-09-20 17:00:00+05:30,2.7943513,165.06853,5.232399,176.05489
1986,2025-09-20 18:00:00+05:30,3.9966488,262.23492,7.613382,263.21112
1987,2025-09-20 19:00:00+05:30,4.278551,247.75093,7.5170207,253.30067
1988,2025-09-20 20:00:00+05:30,3.4152596,198.43504,7.120815,200.72563
1989,2025-09-20 21:00:00+05:30,3.0758414,200.55612,7.247096,194.38142
1990,2025-09-20 22:00:00+05:30,2.6758924,250.34608,6.623413,227.20262
1991,2025-09-20 23:00:00+05:30,4.175069,262.5687,9.860649,248.58696
1992,2025-09-21 00:00:00+05:30,3.8183763,278.13,10.694485,263.23392
1993,2025-09-21 01:00:00+05:30,3.148714,300.96368,8.43699,281.07016
1994,2025-09-21 02:00:00+05:30,5.1481256,306.46933,10.805998,299.98157
1995,2025-09-21 03:00:00+05:30,6.1437774,328.17258,12.932471,325.2039
1996,2025-09-21 04:00:00+05:30,3.319036,347.4712,9.793058,342.8972
1997,2025-09-21 05:00:00+05:30,3.244996,3.179772,8.281956,358.75467
1998,2025-09-21 06:00:00+05:30,3.964089,357.3975,5.2200003,360.0
1999,2025-09-21 07:00:00+05:30,5.8603754,10.61961,7.458606,8.325568
2000,2025-09-21 08:00:00+05:30,5.004518,52.3057,6.015878,51.072456
2001,2025-09-21 09:00:00+05:30,6.5049515,14.4208145,7.8149853,14.676441
2002,2025-09-21 10:00:00+05:30,5.8048253,7.12493,6.924738,8.97255
2003,2025-09-21 11:00:00+05:30,5.020677,345.4655,5.937272,345.9637
2004,2025-09-21 12:00:00+05:30,5.637765,16.699326,6.603817,17.447285
2005,2025-09-21 13:00:00+05:30,4.8965297,323.97253,5.692099,325.30478
2006,2025-09-21 14:00:00+05:30,1.4512063,240.2552,1.5379207,249.44386
2007,2025-09-21 15:00:00+05:30,2.7534704,281.3099,3.4152596,288.43503
2008,2025-09-21 16:00:00+05:30,4.278551,202.24907,4.846648,201.80147
2009,2025-09-21 17:00:00+05:30,8.574123,219.0355,14.021525,209.19739
2010,2025-09-21 18:00:00+05:30,6.854195,209.93143,12.483748,208.41257
2011,2025-09-21 19:00:00+05:30,8.287822,214.3804,15.735336,215.69016
2012,2025-09-21 20:00:00+05:30,8.534353,242.35411,17.22836,242.63188
2013,2025-09-21 21:00:00+05:30,6.444905,234.09018,15.2501545,239.50024
2014,2025-09-21 22:00:00+05:30,6.198903,244.17906,15.151039,246.17574
2015,2025-09-21 23:00:00+05:30,5.8298883,261.11942,14.897651,258.147
2016,2025-09-22 00:00:00+05:30,4.353619,277.1249,12.620554,273.27042
2017,2025-09-22 01:00:00+05:30,5.6233797,309.8055,13.934605,298.5513
2018,2025-09-22 02:00:00+05:30,5.8769383,332.6502,13.413321,319.89914
2019,2025-09-22 03:00:00+05:30,5.4744864,332.5925,12.886039,331.64514
2020,2025-09-22 04:00:00+05:30,4.3832865,340.8209,12.049249,346.17133
2021,2025-09-22 05:00:00+05:30,3.0652893,40.236294,8.452336,26.564985
2022,2025-09-22 06:00:00+05:30,7.9932976,97.76508,13.491597,76.890785
2023,2025-09-22 07:00:00+05:30,5.509882,141.63248,7.0199995,112.61991
2024,2025-09-22 08:00:00+05:30,4.5891175,138.17992,5.8603754,137.4896
2025,2025-09-22 09:00:00+05:30,5.402999,119.98155,6.6087217,119.357666
2026,2025-09-22 10:00:00+05:30,6.8423676,144.63745,8.287822,145.6196
2027,2025-09-22 11:00:00+05:30,2.36753,188.74608,2.7238941,187.59456
2028,2025-09-22 12:00:00+05:30,0.9,53.13002,0.9,36.86999
2029,2025-09-22 13:00:00+05:30,6.198903,334.17905,7.731623,335.22488
2030,2025-09-22 14:00:00+05:30,8.149847,316.7899,10.185519,316.43204
2031,2025-09-22 15:00:00+05:30,6.8423676,333.43503,9.178235,334.44006
2032,2025-09-22 16:00:00+05:30,4.73506,261.2539,6.12,270.0
2033,2025-09-22 17:00:00+05:30,1.6981165,237.99466,4.896529,252.89719
2034,2025-09-22 18:00:00+05:30,2.3469126,184.39862,4.2671766,207.64589
2035,2025-09-22 19:00:00+05:30,5.5829024,200.77234,8.805294,220.85529
2036,2025-09-22 20:00:00+05:30,5.7628117,218.65984,11.246759,230.19447
2037,2025-09-22 21:00:00+05:30,4.5536795,251.56496,12.144331,258.0239
2038,2025-09-22 22:00:00+05:30,2.4482648,216.02747,8.2584505,249.59003
2039,2025-09-22 23:00:00+05:30,1.2074767,26.564985,3.5864744,287.52567
2040,2025-09-23 00:00:00+05:30,2.4014995,257.00537,5.637765,286.6993
2041,2025-09-23 01:00:00+05:30,1.0495713,59.03632,3.148714,329.03632
2042,2025-09-23 02:00:00+05:30,2.6208394,344.05453,7.538541,326.68936
2043,2025-09-23 03:00:00+05:30,0.742159,75.96373,3.7585104,343.3007
2044,2025-09-23 04:00:00+05:30,2.995797,32.73523,5.8769383,27.349789
2045,2025-09-23 05:00:00+05:30,4.724786,72.25524,8.626865,66.64442
2046,2025-09-23 06:00:00+05:30,7.5942073,174.55975,15.004919,190.36627
2047,2025-09-23 07:00:00+05:30,11.282711,146.05637,16.994516,151.53494
2048,2025-09-23 08:00:00+05:30,14.835537,144.38142,20.674156,144.92616
2049,2025-09-23 09:00:00+05:30,12.815443,150.55467,16.276817,150.88396
2050,2025-09-23 10:00:00+05:30,12.13499,147.72438,15.035119,148.21278
2051,2025-09-23 11:00:00+05:30,10.464797,153.43501,12.638513,153.79994
2052,2025-09-23 12:00:00+05:30,9.621163,162.58194,11.672275,162.96214
2053,2025-09-23 13:00:00+05:30,8.32877,173.79665,10.158444,172.87508
2054,2025-09-23 14:00:00+05:30,12.425216,181.66025,15.481048,180.66618
2055,2025-09-23 15:00:00+05:30,12.245294,181.68465,16.560978,180.62274
2056,2025-09-23 16:00:00+05:30,11.409785,186.3401,18.431332,185.04236
2057,2025-09-23 17:00:00+05:30,8.825508,191.76826,17.438646,191.30989
2058,2025-09-23 18:00:00+05:30,4.7928696,145.71307,12.487641,164.96213
2059,2025-09-23 19:00:00+05:30,5.5887027,165.06853,13.690654,182.26045
2060,2025-09-23 20:00:00+05:30,4.91634,156.2505,12.632101,175.91446
2061,2025-09-23 21:00:00+05:30,3.9640884,140.52757,10.5234585,167.1523
2062,2025-09-23 22:00:00+05:30,3.6,126.86999,9.107359,161.56496
2063,2025-09-23 23:00:00+05:30,3.5864744,107.52566,8.490582,147.99466
2064,2025-09-24 00:00:00+05:30,3.9966488,82.234924,7.5019197,120.256355
2065,2025-09-24 01:00:00+05:30,4.952453,70.90642,8.32877,96.203354
2066,2025-09-24 02:00:00+05:30,6.361415,64.8852,11.157096,79.77789
2067,2025-09-24 03:00:00+05:30,6.0908127,71.0295,13.8037815,77.95744
2068,2025-09-24 04:00:00+05:30,6.8989563,74.875946,15.477906,81.30459
2069,2025-09-24 05:00:00+05:30,8.197414,81.15827,17.92966,83.659904
2070,2025-09-24 06:00:00+05:30,7.5942073,95.44024,16.276815,100.191444
2071,2025-09-24 07:00:00+05:30,7.562142,88.6361,10.440001,90.0
2072,2025-09-24 08:00:00+05:30,9.854075,99.46225,12.461669,100.82296
2073,2025-09-24 09:00:00+05:30,10.51576,96.88163,13.671707,99.0902
2074,2025-09-24 10:00:00+05:30,10.957847,104.26455,13.229694,104.98169
2075,2025-09-24 11:00:00+05:30,9.927779,112.38018,12.007498,113.87529
2076,2025-09-24 12:00:00+05:30,9.585739,124.286934,11.738705,125.6399
2077,2025-09-24 13:00:00+05:30,11.090103,125.753975,14.25641,127.30403
2078,2025-09-24 14:00:00+05:30,7.44121,122.15227,9.504272,127.30403
2079,2025-09-24 15:00:00+05:30,6.542201,97.907074,8.731391,104.32276
2080,2025-09-24 16:00:00+05:30,2.1749482,204.44394,3.8183763,171.86998
2081,2025-09-24 17:00:00+05:30,2.0523157,322.12494,2.3469129,302.47116
2082,2025-09-24 18:00:00+05:30,0.9693296,201.80147,5.896202,167.66092
2083,2025-09-24 19:00:00+05:30,0.40249225,296.56497,4.8899083,186.3401
2084,2025-09-24 20:00:00+05:30,0.17999999,360.0,4.143911,177.5105
2085,2025-09-24 21:00:00+05:30,0.17999999,360.0,2.5264204,175.91446
2086,2025-09-24 22:00:00+05:30,1.3104197,74.054535,4.2175345,140.19447
2087,2025-09-24 23:00:00+05:30,2.1068459,70.01681,5.0432134,124.82456
2088,2025-09-25 00:00:00+05:30,2.50064,59.743652,4.412754,101.768265
2089,2025-09-25 01:00:00+05:30,5.1575575,60.75127,9.172938,74.054535
2090,2025-09-25 02:00:00+05:30,4.327493,73.07241,9.885262,79.50858
2091,2025-09-25 03:00:00+05:30,5.1481256,53.530666,11.753877,62.65021
2092,2025-09-25 04:00:00+05:30,5.0816135,67.06787,13.379461,70.346085
2093,2025-09-25 05:00:00+05:30,5.2416787,74.054535,13.926464,75.78412
2094,2025-09-25 06:00:00+05:30,7.102591,81.25392,15.726067,84.74629
2095,2025-09-25 07:00:00+05:30,8.431228,73.88651,11.656998,76.60749
2096,2025-09-25 08:00:00+05:30,9.582359,84.61079,12.108261,84.882774
2097,2025-09-25 09:00:00+05:30,9.144637,79.79609,11.481968,80.98076
2098,2025-09-25 10:00:00+05:30,7.388775,87.20736,9.187056,87.75431
2099,2025-09-25 11:00:00+05:30,5.983477,105.7087,7.172949,107.52566
2100,2025-09-25 12:00:00+05:30,4.4565907,46.636536,5.2323985,40.814987
2101,2025-09-25 13:00:00+05:30,15.717823,150.49937,20.291357,154.7989
2102,2025-09-25 14:00:00+05:30,5.3999996,216.86998,6.698806,210.69965
2103,2025-09-25 15:00:00+05:30,4.896529,252.89719,5.8852015,246.57129
2104,2025-09-25 16:00:00+05:30,5.8769383,242.6502,7.538541,236.68936
2105,2025-09-25 17:00:00+05:30,3.6447225,212.90524,8.427383,199.9832
2106,2025-09-25 18:00:00+05:30,7.5685663,2.7262611,5.6492476,337.5205
2107,2025-09-25 19:00:00+05:30,6.361415,25.114815,8.274128,44.118694
2108,2025-09-25 20:00:00+05:30,5.950899,356.53183,8.467655,357.5634
2109,2025-09-25 21:00:00+05:30,2.5772076,335.22488,5.8603754,349.3804
2110,2025-09-25 22:00:00+05:30,1.4058449,50.194473,3.9966483,35.837746
2111,2025-09-25 23:00:00+05:30,3.244996,19.440128,7.10031,30.465475
2112,2025-09-26 00:00:00+05:30,4.2021422,9.865748,9.965239,20.07162
2113,2025-09-26 01:00:00+05:30,5.369916,39.55964,12.229406,42.614033
2114,2025-09-26 02:00:00+05:30,6.502461,48.366554,14.174356,49.635548
2115,2025-09-26 03:00:00+05:30,5.5596404,60.94549,13.776762,61.09092
2116,2025-09-26 04:00:00+05:30,8.163749,104.03627,15.546833,95.31445
2117,2025-09-26 05:00:00+05:30,10.813492,92.86235,20.160803,89.48846
2118,2025-09-26 06:00:00+05:30,12.0653715,88.29023,17.123669,86.98728
2119,2025-09-26 07:00:00+05:30,14.068817,86.33228,19.290257,86.79059
2120,2025-09-26 08:00:00+05:30,19.460823,92.650635,25.60053,93.22446
2121,2025-09-26 09:00:00+05:30,20.29535,96.62068,27.417374,97.54484
2122,2025-09-26 10:00:00+05:30,19.41081,114.663795,25.861183,114.245926
2123,2025-09-26 11:00:00+05:30,23.533234,111.06905,30.283363,111.99118
2124,2025-09-26 12:00:00+05:30,21.295605,112.88067,28.457083,113.48414
2125,2025-09-26 13:00:00+05:30,22.629229,121.66717,30.013079,122.26033
2126,2025-09-26 14:00:00+05:30,19.969458,117.950874,28.3104,120.15147
2127,2025-09-26 15:00:00+05:30,17.84271,120.963684,27.06053,124.43007
2128,2025-09-26 16:00:00+05:30,18.252037,126.982994,27.661497,128.65984
2129,2025-09-26 17:00:00+05:30,14.48972,116.56499,24.294666,120.74528
2130,2025-09-26 18:00:00+05:30,13.154786,106.699326,23.375753,113.60413
2131,2025-09-26 19:00:00+05:30,15.617529,115.97434,26.950151,120.50427
2132,2025-09-26 20:00:00+05:30,16.199999,126.86999,27.08028,130.14684
2133,2025-09-26 21:00:00+05:30,16.391863,121.07159,27.97654,125.837746
2134,2025-09-26 22:00:00+05:30,14.941085,121.200455,26.065218,127.42393
2135,2025-09-26 23:00:00+05:30,14.206323,112.3407,25.25266,120.40334
2136,2025-09-27 00:00:00+05:30,12.049249,103.828674,22.137074,116.56499
2137,2025-09-27 01:00:00+05:30,11.903159,110.35332,21.868332,122.90524
2138,2025-09-27 02:00:00+05:30,10.735306,124.75598,20.495512,133.93259
2139,2025-09-27 03:00:00+05:30,10.98,100.38881,20.46941,113.86018
2140,2025-09-27 04:00:00+05:30,12.661564,104.82652,22.956175,114.55548
2141,2025-09-27 05:00:00+05:30,13.701299,99.8335,24.193098,107.76101
2142,2025-09-27 06:00:00+05:30,12.140329,105.4787,23.828083,116.9521
2143,2025-09-27 07:00:00+05:30,14.677452,123.49521,20.883102,125.88223
2144,2025-09-27 08:00:00+05:30,19.623302,142.07887,26.032879,142.02072
2145,2025-09-27 09:00:00+05:30,19.748388,137.58585,26.009844,138.36655
2146,2025-09-27 10:00:00+05:30,13.413321,130.10085,17.377226,129.95749
2147,2025-09-27 11:00:00+05:30,16.851885,156.72102,24.509762,156.63564
2148,2025-09-27 12:00:00+05:30,22.5,143.13002,29.952023,143.06116
2149,2025-09-27 13:00:00+05:30,19.54803,143.23553,25.740627,143.53067
2150,2025-09-27 14:00:00+05:30,16.135872,141.34016,21.533897,141.78893
2151,2025-09-27 15:00:00+05:30,14.957339,140.37103,20.605871,141.02753
2152,2025-09-27 16:00:00+05:30,12.768586,139.574,20.381372,141.8143
2153,2025-09-27 17:00:00+05:30,10.739832,140.44037,19.8376,143.85786
2154,2025-09-27 18:00:00+05:30,10.897063,120.80138,21.531641,125.81618
2155,2025-09-27 19:00:00+05:30,9.840914,129.80553,20.633371,132.8789
2156,2025-09-27 20:00:00+05:30,8.043805,139.53786,18.832165,144.33492
2157,2025-09-27 21:00:00+05:30,8.161764,131.42357,18.75631,142.80011
2158,2025-09-27 22:00:00+05:30,6.7757506,129.61066,17.179394,144.81117
2159,2025-09-27 23:00:00+05:30,6.9247384,117.89718,16.966848,138.87135
2160,2025-09-28 00:00:00+05:30,6.379216,106.38962,15.292585,132.13753
2161,2025-09-28 01:00:00+05:30,5.7431,122.1957,14.545515,139.01427
2162,2025-09-28 02:00:00+05:30,4.39436,145.0079,11.555102,161.8472
2163,2025-09-28 03:00:00+05:30,4.1046314,127.875046,10.387107,152.10281
2164,2025-09-28 04:00:00+05:30,2.7416782,66.801384,5.8409934,123.690094
2165,2025-09-28 05:00:00+05:30,3.62243,116.56499,9.801326,134.25603
2166,2025-09-28 06:00:00+05:30,4.1046314,105.25517,9.3340025,129.5226
2167,2025-09-28 07:00:00+05:30,6.050785,112.751015,8.089993,110.854546
2168,2025-09-28 08:00:00+05:30,6.452441,120.141304,7.995323,121.18491
2169,2025-09-28 09:00:00+05:30,10.04458,126.25393,12.204212,127.208
2170,2025-09-28 10:00:00+05:30,8.305396,119.89881,10.00256,120.256355
2171,2025-09-28 11:00:00+05:30,6.7469993,133.91916,8.019601,135.90929
2172,2025-09-28 12:00:00+05:30,6.090812,124.159744,7.388775,124.07724
2173,2025-09-28 13:00:00+05:30,14.935662,102.5288,19.470808,103.90781
2174,2025-09-28 14:00:00+05:30,5.634891,26.564985,7.2,36.86999
2175,2025-09-28 15:00:00+05:30,1.6299692,186.3401,2.2768397,161.56496
2176,2025-09-28 16:00:00+05:30,3.244996,236.3099,3.710795,230.90614
2177,2025-09-28 17:00:00+05:30,2.9522195,217.56866,5.4744864,207.40749
2178,2025-09-28 18:00:00+05:30,2.226477,165.96373,6.638072,167.4712
2179,2025-09-28 19:00:00+05:30,3.644722,159.77505,9.172938,164.05453
2180,2025-09-28 20:00:00+05:30,3.9763298,174.80566,10.453957,177.03912
2181,2025-09-28 21:00:00+05:30,3.6,180.0,10.801499,179.04518
2182,2025-09-28 22:00:00+05:30,4.2366967,167.73524,11.9466305,173.9459
2183,2025-09-28 23:00:00+05:30,4.846648,158.19853,12.849528,168.69011
2184,2025-09-29 00:00:00+05:30,4.2671766,152.35411,11.481968,166.39944
2185,2025-09-29 01:00:00+05:30,2.5959969,146.3099,8.905908,165.96373
2186,2025-09-29 02:00:00+05:30,1.0495713,149.03632,6.2483597,168.3664
2187,2025-09-29 03:00:00+05:30,0.25455844,44.999897,3.1072817,169.99208
2188,2025-09-29 04:00:00+05:30,1.1384199,18.435053,0.9693296,68.19853
2189,2025-09-29 05:00:00+05:30,2.3469126,4.398633,3.0811036,6.70975
2190,2025-09-29 06:00:00+05:30,1.484318,345.9637,2.4216523,318.01288
2191,2025-09-29 07:00:00+05:30,1.8792552,343.3007,2.5772078,347.90527
2192,2025-09-29 08:00:00+05:30,3.4763772,21.25058,4.278551,22.249071
2193,2025-09-29 09:00:00+05:30,5.8409934,56.309914,7.289445,57.094753
2194,2025-09-29 10:00:00+05:30,7.0911775,66.037506,8.699793,65.55606
2195,2025-09-29 11:00:00+05:30,6.6818557,62.744755,8.049845,63.435013
2196,2025-09-29 12:00:00+05:30,6.361415,64.8852,7.6579366,66.44773
2197,2025-09-29 13:00:00+05:30,5.2478566,59.03632,6.279395,62.70051
2198,2025-09-29 14:00:00+05:30,3.6447225,122.90524,4.510787,118.61037
2199,2025-09-29 15:00:00+05:30,4.412754,168.23174,5.4149795,164.57777
2200,2025-09-29 16:00:00+05:30,2.657668,208.30066,3.189608,196.38962
2201,2025-09-29 17:00:00+05:30,3.319036,220.60121,7.0107627,209.19739
2202,2025-09-29 18:00:00+05:30,4.5572357,189.0902,11.525623,194.47034
2203,2025-09-29 19:00:00+05:30,3.319036,229.39879,9.614426,218.15727
2204,2025-09-29 20:00:00+05:30,3.8183763,261.87,9.913082,240.64233
2205,2025-09-29 21:00:00+05:30,4.2136917,289.9832,9.734988,266.82022
2206,2025-09-29 22:00:00+05:30,3.494968,304.50858,8.383054,284.93146
2207,2025-09-29 23:00:00+05:30,4.198285,300.96368,10.32924,292.5431
2208,2025-09-30 00:00:00+05:30,4.6800003,292.6199,12.466867,287.6502
2209,2025-09-30 01:00:00+05:30,5.7402787,311.18582,14.428097,303.29358
2210,2025-09-30 02:00:00+05:30,4.7928696,325.71307,13.577776,321.45877
2211,2025-09-30 03:00:00+05:30,3.4576871,308.65982,10.735306,325.24402
2212,2025-09-30 04:00:00+05:30,3.4623692,297.8972,10.234705,325.75092
2213,2025-09-30 05:00:00+05:30,3.9640884,309.47244,10.948973,332.5925
2214,2025-09-30 06:00:00+05:30,6.037383,333.43503,8.936778,332.4028
2215,2025-09-30 07:00:00+05:30,7.5170207,343.3007,9.621163,342.58194
2216,2025-09-30 08:00:00+05:30,6.0347,342.64587,7.689603,343.68607
2217,2025-09-30 09:00:00+05:30,6.1120534,346.373,7.42159,345.9637
2218,2025-09-30 10:00:00+05:30,9.028754,4.5738406,11.212135,5.527458
2219,2025-09-30 11:00:00+05:30,7.2805495,8.530692,8.731392,8.297059
2220,2025-09-30 12:00:00+05:30,6.21717,337.8905,7.458606,340.25308
2221,2025-09-30 13:00:00+05:30,2.5772078,282.09473,2.968636,284.03625
2222,2025-09-30 14:00:00+05:30,6.7205353,262.30405,8.131936,264.92047
2223,2025-09-30 15:00:00+05:30,9.473541,255.69969,12.358542,257.38068
2224,2025-09-30 16:00:00+05:30,5.896202,257.66092,7.486788,260.31128
2225,2025-09-30 17:00:00+05:30,2.9024127,277.1249,6.4624763,282.875
2226,2025-09-30 18:00:00+05:30,3.6179552,264.2895,7.6367526,278.13
2227,2025-09-30 19:00:00+05:30,4.32,270.0,9.0018,281.53458
2228,2025-09-30 20:00:00+05:30,3.6,270.0,7.579261,274.08554
2229,2025-09-30 21:00:00+05:30,2.3469129,212.47118,5.293959,234.6887
2230,2025-09-30 22:00:00+05:30,3.536439,165.2564,7.7588143,183.99083
2231,2025-09-30 23:00:00+05:30,5.1575575,150.75127,11.91812,154.98314
2232,2025-10-01 00:00:00+05:30,3.3092597,157.61983,7.628263,160.70985
2233,2025-10-01 01:00:00+05:30,3.6,126.86999,7.001514,136.04153
2234,2025-10-01 02:00:00+05:30,3.9477081,114.22774,6.696387,126.25393
2235,2025-10-01 03:00:00+05:30,6.379216,106.38962,9.904906,109.09359
2236,2025-10-01 04:00:00+05:30,12.611567,87.54603,20.211363,85.91447
2237,2025-10-01 05:00:00+05:30,2.7534704,101.3099,3.1072817,79.99209
2238,2025-10-01 06:00:00+05:30,4.896529,72.89719,7.729527,62.24156
2239,2025-10-01 07:00:00+05:30,5.506941,78.6901,7.519175,78.95911
2240,2025-10-01 08:00:00+05:30,12.783802,80.2725,16.601036,80.639885
2241,2025-10-01 09:00:00+05:30,11.351422,104.697365,14.934577,105.376305
2242,2025-10-01 10:00:00+05:30,9.391102,102.17145,11.874544,104.03627
2243,2025-10-01 11:00:00+05:30,10.694485,96.76608,13.084402,97.907074
2244,2025-10-01 12:00:00+05:30,11.952054,127.042564,15.589497,126.0761
2245,2025-10-01 13:00:00+05:30,10.609316,104.743614,13.896187,106.55715
2246,2025-10-01 14:00:00+05:30,17.71423,117.86691,24.63897,117.87542
2247,2025-10-01 15:00:00+05:30,12.659004,119.84584,17.534992,121.568924
2248,2025-10-01 16:00:00+05:30,13.33094,124.54843,21.34803,126.77337
2249,2025-10-01 17:00:00+05:30,14.178927,118.84257,23.773632,122.00535
2250,2025-10-01 18:00:00+05:30,10.3621235,107.175995,19.888983,115.17349
2251,2025-10-01 19:00:00+05:30,9.181765,91.12328,18.25026,104.85866
2252,2025-10-01 20:00:00+05:30,10.446206,91.97489,19.348116,102.35535
2253,2025-10-01 21:00:00+05:30,12.496719,101.63361,20.69687,105.12406
2254,2025-10-01 22:00:00+05:30,12.284916,100.98061,19.758228,106.94931
2255,2025-10-01 23:00:00+05:30,10.209348,80.8699,18.610641,94.99365
2256,2025-10-02 00:00:00+05:30,11.003581,93.751656,18.469963,102.95277
2257,2025-10-02 01:00:00+05:30,12.157663,115.426834,19.787722,121.23186
2258,2025-10-02 02:00:00+05:30,11.183201,93.691315,18.852798,100.45158
2259,2025-10-02 03:00:00+05:30,10.730778,67.306175,18.258247,80.35203
2260,2025-10-02 04:00:00+05:30,14.288191,70.88018,21.833488,74.7034
2261,2025-10-02 05:00:00+05:30,13.062098,101.929306,22.154629,106.52097
2262,2025-10-02 06:00:00+05:30,11.841756,109.53674,20.140705,114.27443
2263,2025-10-02 07:00:00+05:30,15.784676,134.07605,23.424908,133.75471
2264,2025-10-02 08:00:00+05:30,17.186935,136.27295,25.221848,137.31375
2265,2025-10-02 09:00:00+05:30,17.826363,133.36346,24.072266,132.8789
2266,2025-10-02 10:00:00+05:30,20.170443,122.981,29.212175,124.96317
2267,2025-10-02 11:00:00+05:30,13.708391,103.671326,22.142927,107.99319
2268,2025-10-02 12:00:00+05:30,17.48596,110.4871,25.809765,112.98875
2269,2025-10-02 13:00:00+05:30,23.47534,127.83651,32.80645,128.31618
2270,2025-10-02 14:00:00+05:30,23.233252,130.60121,33.290264,131.27325
2271,2025-10-02 15:00:00+05:30,21.46835,146.97614,31.950888,146.48895
2272,2025-10-02 16:00:00+05:30,16.641972,141.14662,26.533976,143.82965
2273,2025-10-02 17:00:00+05:30,19.64228,131.2846,32.332928,134.09787
2274,2025-10-02 18:00:00+05:30,16.16496,135.45108,27.280542,138.20958
2275,2025-10-02 19:00:00+05:30,14.941083,126.17972,26.608969,133.62962
2276,2025-10-02 20:00:00+05:30,16.485485,121.60746,28.59055,128.0965
2277,2025-10-02 21:00:00+05:30,17.430283,125.33142,29.852877,131.08833
2278,2025-10-02 22:00:00+05:30,16.923828,150.70874,28.917883,151.36118
2279,2025-10-02 23:00:00+05:30,9.5535755,137.29063,21.385939,143.90163
2280,2025-10-03 00:00:00+05:30,15.530151,134.0609,27.587605,139.76372
2281,2025-10-03 01:00:00+05:30,12.473363,135.0001,23.370209,139.68597
2282,2025-10-03 02:00:00+05:30,12.9625,115.497505,23.4,126.86999
2283,2025-10-03 03:00:00+05:30,12.039833,121.551346,22.404757,128.8036
2284,2025-10-03 04:00:00+05:30,12.245293,155.69547,21.90756,151.53992
2285,2025-10-03 05:00:00+05:30,13.33094,124.54843,23.695822,137.46286
2286,2025-10-03 06:00:00+05:30,13.874019,135.52557,23.304268,141.27106
2287,2025-10-03 07:00:00+05:30,15.15104,133.55594,22.811758,137.87843
2288,2025-10-03 08:00:00+05:30,20.247398,136.80113,28.03034,137.60262
2289,2025-10-03 09:00:00+05:30,20.381372,141.8143,28.90836,142.84462
2290,2025-10-03 10:00:00+05:30,19.694992,149.21593,26.332344,148.70045
2291,2025-10-03 11:00:00+05:30,23.50844,161.70369,30.852018,161.9878
2292,2025-10-03 12:00:00+05:30,21.65468,166.5413,29.250967,166.47682
2293,2025-10-03 13:00:00+05:30,20.1865,171.79773,27.75154,172.92117
2294,2025-10-03 14:00:00+05:30,20.562586,166.32867,28.953714,167.43257
2295,2025-10-03 15:00:00+05:30,18.965033,163.45694,28.291512,165.2564
2296,2025-10-03 16:00:00+05:30,17.769016,166.52682,28.739187,167.70474
2297,2025-10-03 17:00:00+05:30,17.349236,157.42583,29.157776,159.77505
2298,2025-10-03 18:00:00+05:30,14.787414,148.43823,25.840504,153.07805
2299,2025-10-03 19:00:00+05:30,13.723745,163.2287,24.491245,165.96373
2300,2025-10-03 20:00:00+05:30,13.070776,157.3194,24.13477,161.2947
2301,2025-10-03 21:00:00+05:30,13.4903965,148.64297,23.942705,156.5186
2302,2025-10-03 22:00:00+05:30,13.533558,166.14856,24.781233,168.69011
2303,2025-10-03 23:00:00+05:30,12.011544,150.36171,22.461807,158.36905
2304,2025-10-04 00:00:00+05:30,12.13499,147.72438,21.627733,157.49014
2305,2025-10-04 01:00:00+05:30,16.507088,154.83217,28.296663,160.29706
2306,2025-10-04 02:00:00+05:30,12.936228,148.07916,23.233948,157.20938
2307,2025-10-04 03:00:00+05:30,9.504273,155.37645,20.170443,166.5838
2308,2025-10-04 04:00:00+05:30,9.044888,137.41954,17.085785,163.47412
2309,2025-10-04 05:00:00+05:30,9.5196,164.64981,20.096418,173.82993
2310,2025-10-04 06:00:00+05:30,12.85205,142.96953,22.004953,156.3706
2311,2025-10-04 07:00:00+05:30,17.40424,169.2712,25.244318,169.73175
2312,2025-10-04 08:00:00+05:30,19.85719,171.13545,27.343414,170.9098
2313,2025-10-04 09:00:00+05:30,21.419998,180.0,28.800562,179.6419
2314,2025-10-04 10:00:00+05:30,22.282953,186.49342,30.197649,185.47263
2315,2025-10-04 11:00:00+05:30,24.087738,189.46225,33.17327,189.05336
2316,2025-10-04 12:00:00+05:30,26.115513,178.02512,36.367126,178.8656
2317,2025-10-04 13:00:00+05:30,24.849127,187.07344,34.60731,186.57047
2318,2025-10-04 14:00:00+05:30,21.109941,191.30989,30.0767,191.0409
2319,2025-10-04 15:00:00+05:30,16.895088,194.18433,24.755072,194.7436
2320,2025-10-04 16:00:00+05:30,15.034041,196.69933,24.15624,196.0041
2321,2025-10-04 17:00:00+05:30,14.018059,167.3914,25.005102,170.46994
2322,2025-10-04 18:00:00+05:30,15.405519,173.29025,26.84958,177.31029
2323,2025-10-04 19:00:00+05:30,13.418153,173.06575,24.670507,178.32764
2324,2025-10-04 20:00:00+05:30,13.060857,172.87508,24.84587,178.75467
2325,2025-10-04 21:00:00+05:30,12.785069,178.38649,24.754416,185.00574
2326,2025-10-04 22:00:00+05:30,15.316933,177.30577,28.126692,183.3018
2327,2025-10-04 23:00:00+05:30,14.050382,182.20255,26.548018,184.66678
2328,2025-10-05 00:00:00+05:30,13.062098,191.9293,25.277666,194.4321
2329,2025-10-05 01:00:00+05:30,15.198012,198.64963,26.469793,197.81898
2330,2025-10-05 02:00:00+05:30,12.007498,192.99461,20.671806,196.69933
2331,2025-10-05 03:00:00+05:30,6.6697226,176.906,13.926464,194.21588
2332,2025-10-05 04:00:00+05:30,6.763786,154.7989,13.504799,178.4725
2333,2025-10-05 05:00:00+05:30,6.7205353,187.69595,17.47484,191.88864
2334,2025-10-05 06:00:00+05:30,12.108261,168.85715,18.900856,180.54564
2335,2025-10-05 07:00:00+05:30,14.761098,179.30132,21.2522,181.94144
2336,2025-10-05 08:00:00+05:30,17.986494,193.8972,23.749088,194.03627
2337,2025-10-05 09:00:00+05:30,15.198012,198.64963,19.353138,198.43504
2338,2025-10-05 10:00:00+05:30,17.71423,205.26306,22.792578,204.74352
2339,2025-10-05 11:00:00+05:30,19.161337,205.60214,25.685184,205.30794
2340,2025-10-05 12:00:00+05:30,19.293615,210.87201,27.844782,210.7096
2341,2025-10-05 13:00:00+05:30,18.927406,212.17863,26.21643,212.38066
2342,2025-10-05 14:00:00+05:30,10.464798,183.94511,15.122143,188.90164
2343,2025-10-05 15:00:00+05:30,8.967541,190.40765,13.797913,195.12405
2344,2025-10-05 16:00:00+05:30,9.3340025,219.5226,15.922626,222.70937
2345,2025-10-05 17:00:00+05:30,8.656858,183.57626,14.587776,195.75124
2346,2025-10-05 18:00:00+05:30,4.965521,136.46873,8.723967,158.19853
2347,2025-10-05 19:00:00+05:30,3.710795,165.96373,9.555271,176.76036
2348,2025-10-05 20:00:00+05:30,3.2048087,141.84273,9.215226,167.59259
2349,2025-10-05 21:00:00+05:30,6.7565966,138.23979,13.945064,156.41296
2350,2025-10-05 22:00:00+05:30,6.361415,154.8852,15.017871,166.1303
2351,2025-10-05 23:00:00+05:30,9.0,163.73972,15.697197,176.05489
2352,2025-10-06 00:00:00+05:30,8.12197,167.19574,18.0,180.0
2353,2025-10-06 01:00:00+05:30,9.3669195,177.79745,17.910677,185.76779
2354,2025-10-06 02:00:00+05:30,7.989243,194.34937,15.937878,198.43504
2355,2025-10-06 03:00:00+05:30,3.381893,205.2011,9.847496,210.78407
2356,2025-10-06 04:00:00+05:30,5.2323985,229.18501,13.044722,219.40063
2357,2025-10-06 05:00:00+05:30,2.2910259,224.9999,6.4096174,218.15727
2358,2025-10-06 06:00:00+05:30,4.379589,99.46225,4.278551,112.24908
2359,2025-10-06 07:00:00+05:30,3.8183763,188.13002,4.8466477,195.06854
2360,2025-10-06 08:00:00+05:30,10.495713,210.96368,13.529966,213.05583
2361,2025-10-06 09:00:00+05:30,8.909545,224.9999,11.583108,225.62952
2362,2025-10-06 10:00:00+05:30,9.485504,213.38853,11.885453,215.13428
2363,2025-10-06 11:00:00+05:30,6.7205353,249.62347,8.766573,250.82089
2364,2025-10-06 12:00:00+05:30,8.461914,268.78116,10.805999,268.09088
2365,2025-10-06 13:00:00+05:30,8.131936,275.0795,10.285232,274.0141
2366,2025-10-06 14:00:00+05:30,9.391102,282.17145,11.9317045,281.3099
2367,2025-10-06 15:00:00+05:30,7.9138603,287.19864,10.310403,286.22028
2368,2025-10-06 16:00:00+05:30,3.9640884,309.47244,5.293959,305.31128
2369,2025-10-06 17:00:00+05:30,3.06,360.0,5.506941,348.6901
2370,2025-10-06 18:00:00+05:30,2.36753,98.74608,4.503598,92.29056
2371,2025-10-06 19:00:00+05:30,6.379216,163.61038,12.979984,160.55988
2372,2025-10-06 20:00:00+05:30,7.3447943,197.10281,16.152931,194.19113
2373,2025-10-06 21:00:00+05:30,4.5,196.26028,13.040997,206.21132
2374,2025-10-06 22:00:00+05:30,4.1556225,197.6502,12.157663,205.42683
2375,2025-10-06 23:00:00+05:30,4.5891175,168.69011,11.183201,176.30869
2376,2025-10-07 00:00:00+05:30,2.5455842,188.13002,9.346143,195.6423
2377,2025-10-07 01:00:00+05:30,0.0,270.0,3.7971041,211.42952
2378,2025-10-07 02:00:00+05:30,1.2979984,33.6901,0.6489992,56.309914
2379,2025-10-07 03:00:00+05:30,2.97953,64.98315,4.3832865,70.8209
2380,2025-10-07 04:00:00+05:30,0.9,90.0,2.0124612,100.30479
2381,2025-10-07 05:00:00+05:30,3.1072817,100.00792,5.4744864,99.46225
2382,2025-10-07 06:00:00+05:30,7.0568266,84.14409,7.9526596,84.805664
2383,2025-10-07 07:00:00+05:30,5.223103,88.025116,6.489992,86.82024
2384,2025-10-07 08:00:00+05:30,1.5379207,110.55613,1.7076298,108.43504
2385,2025-10-07 09:00:00+05:30,1.659518,12.528798,2.0523157,15.255177
2386,2025-10-07 10:00:00+05:30,1.9469976,56.3099,2.3469129,57.528828
2387,2025-10-07 11:00:00+05:30,4.8466477,74.931465,5.920878,70.46326
2388,2025-10-07 12:00:00+05:30,4.503598,87.70944,5.4477882,82.40546
2389,2025-10-07 13:00:00+05:30,6.341009,173.4803,7.613382,173.21112
2390,2025-10-07 14:00:00+05:30,4.724786,162.25523,5.3517847,160.34608
2391,2025-10-07 15:00:00+05:30,9.449572,162.25523,11.672275,162.96214
2392,2025-10-07 16:00:00+05:30,6.2613096,161.56496,8.557102,165.37909
2393,2025-10-07 17:00:00+05:30,4.379589,170.53775,9.3876505,175.60138
2394,2025-10-07 18:00:00+05:30,8.11798,183.814,14.993038,184.82068
2395,2025-10-07 19:00:00+05:30,7.562142,181.36389,14.597767,182.82706
2396,2025-10-07 20:00:00+05:30,6.122647,181.68465,13.737904,185.2623
2397,2025-10-07 21:00:00+05:30,6.162207,186.70975,14.018059,192.6086
2398,2025-10-07 22:00:00+05:30,4.4274144,206.56499,13.0447235,207.97939
2399,2025-10-07 23:00:00+05:30,4.2136917,160.0168,10.6261,181.94144
2400,2025-10-08 00:00:00+05:30,3.710795,165.96373,9.567131,184.31595
2401,2025-10-08 01:00:00+05:30,2.7943513,165.06853,7.458606,188.32556
2402,2025-10-08 02:00:00+05:30,1.5379207,159.44388,5.4744864,189.46225
2403,2025-10-08 03:00:00+05:30,1.1525624,141.34016,4.060985,192.80426
2404,2025-10-08 04:00:00+05:30,5.9834766,173.08887,11.555103,184.46707
2405,2025-10-08 05:00:00+05:30,8.149847,173.6599,11.570515,174.64427
2406,2025-10-08 06:00:00+05:30,3.0758414,159.44388,2.6758924,160.34608
2407,2025-10-08 07:00:00+05:30,5.1197267,169.8754,6.2145634,169.99208
2408,2025-10-08 08:00:00+05:30,3.0652893,130.23628,3.572898,130.91429
2409,2025-10-08 09:00:00+05:30,4.2481523,143.61555,5.1481256,143.53067
2410,2025-10-08 10:00:00+05:30,3.0652895,176.6336,3.7971036,174.55975
2411,2025-10-08 11:00:00+05:30,1.8089776,185.7105,2.34,180.0
2412,2025-10-08 12:00:00+05:30,2.2910259,224.9999,2.8460495,214.69522
2413,2025-10-08 13:00:00+05:30,3.8773184,248.19853,4.669604,242.44727
2414,2025-10-08 14:00:00+05:30,4.471107,220.10085,5.257109,218.04709
2415,2025-10-08 15:00:00+05:30,8.400428,224.9999,11.203464,223.69812
2416,2025-10-08 16:00:00+05:30,9.793059,216.02747,13.971757,218.19873
2417,2025-10-08 17:00:00+05:30,2.7059932,266.186,4.8466477,254.93146
2418,2025-10-08 18:00:00+05:30,0.9,143.13002,2.8460498,161.56496
2419,2025-10-08 19:00:00+05:30,1.6981165,212.00534,4.198285,210.96368
2420,2025-10-08 20:00:00+05:30,1.0948973,170.53775,3.0758414,159.44388
2421,2025-10-08 21:00:00+05:30,1.4399999,180.0,3.362677,164.47583
2422,2025-10-08 22:00:00+05:30,1.4512063,209.7448,3.62243,206.56499
2423,2025-10-08 23:00:00+05:30,2.1068459,160.0168,6.0347,197.35411
2424,2025-10-09 00:00:00+05:30,2.7943513,165.06853,6.725354,195.52417
2425,2025-10-09 01:00:00+05:30,2.5582807,140.71062,4.8633323,182.12105
2426,2025-10-09 02:00:00+05:30,2.1674871,138.36655,4.5,180.0
2427,2025-10-09 03:00:00+05:30,0.25455844,44.999897,1.2727921,261.87
2428,2025-10-09 04:00:00+05:30,1.4512063,97.12492,1.08,90.0
2429,2025-10-09 05:00:00+05:30,1.7076298,341.56494,6.2067385,330.4613
2430,2025-10-09 06:00:00+05:30,1.7076298,18.435053,5.5887027,345.06854
2431,2025-10-09 07:00:00+05:30,3.9844694,18.435053,5.6262593,7.3522935
2432,2025-10-09 08:00:00+05:30,4.379589,99.46225,5.2478566,95.906044
2433,2025-10-09 09:00:00+05:30,3.4949677,78.11137,4.1046314,74.74483
2434,2025-10-09 10:00:00+05:30,4.978554,40.601215,6.015878,38.92756
2435,2025-10-09 11:00:00+05:30,6.269067,39.173653,7.3094187,37.99879
2436,2025-10-09 12:00:00+05:30,7.0407386,32.471172,8.39657,30.963696
2437,2025-10-09 13:00:00+05:30,7.7043357,52.594578,9.144637,53.8067
2438,2025-10-09 14:00:00+05:30,4.6452556,54.46224,5.7628117,51.34017
2439,2025-10-09 15:00:00+05:30,6.8541956,113.198616,8.461915,113.838745
2440,2025-10-09 16:00:00+05:30,2.5071096,338.9624,2.7416782,336.8014
2441,2025-10-09 17:00:00+05:30,1.0495713,210.96368,0.25455844,135.0001
2442,2025-10-09 18:00:00+05:30,3.2846913,260.53775,6.0077944,278.61557
2443,2025-10-09 19:00:00+05:30,1.8,270.0,5.0975285,312.1375
2444,2025-10-09 20:00:00+05:30,3.219938,243.43501,5.6262593,277.3523
2445,2025-10-09 21:00:00+05:30,3.6,270.0,7.0038276,295.90643
2446,2025-10-09 22:00:00+05:30,3.6402748,278.53067,7.2,306.86996
2447,2025-10-09 23:00:00+05:30,3.536439,284.74362,7.570707,298.3929
2448,2025-10-10 00:00:00+05:30,3.710795,284.03625,9.227524,290.55612
2449,2025-10-10 01:00:00+05:30,4.4274144,296.56497,11.276968,298.61035
2450,2025-10-10 02:00:00+05:30,4.7110505,313.4519,11.334285,313.06943
2451,2025-10-10 03:00:00+05:30,4.293669,326.97614,11.196232,323.49847
2452,2025-10-10 04:00:00+05:30,5.495161,328.39255,13.202726,334.1337
2453,2025-10-10 05:00:00+05:30,6.3639607,351.87,14.917212,351.67444
2454,2025-10-10 06:00:00+05:30,7.415038,354.4279,14.224556,358.5498
2455,2025-10-10 07:00:00+05:30,7.92,360.0,10.801499,0.95482427
2456,2025-10-10 08:00:00+05:30,9.47012,8.746089,11.837651,8.746089
2457,2025-10-10 09:00:00+05:30,9.059205,40.971645,10.993271,39.68541
2458,2025-10-10 10:00:00+05:30,11.362834,49.497234,14.799459,48.94529
2459,2025-10-10 11:00:00+05:30,11.666721,38.107635,14.589996,38.990997
2460,2025-10-10 12:00:00+05:30,10.787993,25.709915,13.443481,26.221905
2461,2025-10-10 13:00:00+05:30,8.699793,65.55606,10.662626,68.19853
2462,2025-10-10 14:00:00+05:30,3.319036,49.398785,3.9477081,43.152412
2463,2025-10-10 15:00:00+05:30,5.297018,80.21766,6.8138976,77.79955
2464,2025-10-10 16:00:00+05:30,2.9522195,127.568665,3.8268526,131.18582
2465,2025-10-10 17:00:00+05:30,3.3481934,36.253937,8.6193495,28.705854
2466,2025-10-10 18:00:00+05:30,3.096837,35.537766,7.2403865,34.8754
2467,2025-10-10 19:00:00+05:30,4.5891175,41.82009,10.441551,35.882236
2468,2025-10-10 20:00:00+05:30,5.12289,18.435053,12.081473,24.65588
2469,2025-10-10 21:00:00+05:30,4.3349743,41.63345,11.738705,35.639904
2470,2025-10-10 22:00:00+05:30,3.572898,49.085716,10.094454,39.936325
2471,2025-10-10 23:00:00+05:30,3.1845248,132.70937,6.050785,112.751015
2472,2025-10-11 00:00:00+05:30,1.1525624,38.65983,5.2478566,59.03632
2473,2025-10-11 01:00:00+05:30,0.8049845,333.43503,4.072935,44.999897
2474,2025-10-11 02:00:00+05:30,1.9134263,48.814175,6.050785,59.620956
2475,2025-10-11 03:00:00+05:30,4.68,90.0,9.444426,82.33328
2476,2025-10-11 04:00:00+05:30,3.8773184,68.19853,9.335737,70.866264
2477,2025-10-11 05:00:00+05:30,2.0523157,105.25517,6.6818557,62.744755
2478,2025-10-11 06:00:00+05:30,6.7205353,20.37652,10.472536,24.362455
2479,2025-10-11 07:00:00+05:30,10.931203,17.241547,14.861722,16.898739
2480,2025-10-11 08:00:00+05:30,9.997699,23.33406,13.141232,23.404713
2481,2025-10-11 09:00:00+05:30,9.54679,44.236202,12.0921955,44.396984
2482,2025-10-11 10:00:00+05:30,8.688613,39.957497,10.718693,40.9143
2483,2025-10-11 11:00:00+05:30,9.165871,19.502544,11.103243,19.903845
2484,2025-10-11 12:00:00+05:30,10.132897,12.308005,12.224107,13.627024
2485,2025-10-11 13:00:00+05:30,10.390226,14.036275,12.496719,11.633606
2486,2025-10-11 14:00:00+05:30,5.09435,32.005356,7.0038276,25.90646
2487,2025-10-11 15:00:00+05:30,6.2405767,33.231728,8.139901,35.09589
2488,2025-10-11 16:00:00+05:30,6.898956,82.50424,10.018743,72.21602
2489,2025-10-11 17:00:00+05:30,8.133928,65.13633,14.757804,59.995167
2490,2025-10-11 18:00:00+05:30,3.381893,115.20109,8.287822,92.4895
2491,2025-10-11 19:00:00+05:30,2.5071096,158.96242,6.8919086,130.76352
2492,2025-10-11 20:00:00+05:30,0.40249225,206.56499,4.1046314,127.875046
2493,2025-10-11 21:00:00+05:30,0.71999997,270.0,1.7727944,156.0375
2494,2025-10-11 22:00:00+05:30,0.9,360.0,2.8001428,44.999897
2495,2025-10-11 23:00:00+05:30,0.56920993,71.564964,2.0124612,100.30479
2496,2025-10-12 00:00:00+05:30,1.0495713,30.963696,2.8460495,34.69522
2497,2025-10-12 01:00:00+05:30,1.781909,44.999897,5.3999996,36.86998
2498,2025-10-12 02:00:00+05:30,2.4482648,53.972538,6.623413,42.797382
2499,2025-10-12 03:00:00+05:30,2.5772078,77.90526,7.16617,64.72231
2500,2025-10-12 04:00:00+05:30,1.5484185,54.46224,6.193674,54.46224
2501,2025-10-12 05:00:00+05:30,2.6999998,53.13002,9.059205,40.971645
2502,2025-10-12 06:00:00+05:30,5.9644947,5.19435,9.568824,16.389616
2503,2025-10-12 07:00:00+05:30,8.383054,14.931467,10.261579,15.255177
2504,2025-10-12 08:00:00+05:30,10.934166,20.224945,14.009968,20.297659
2505,2025-10-12 09:00:00+05:30,11.028581,26.146788,14.169785,25.588474
2506,2025-10-12 10:00:00+05:30,12.157663,25.426844,15.455911,26.266575
2507,2025-10-12 11:00:00+05:30,11.368535,23.317738,14.182355,23.962492
2508,2025-10-12 12:00:00+05:30,11.631956,21.801476,14.677451,23.106356
2509,2025-10-12 13:00:00+05:30,11.448055,16.44046,14.743526,17.771418
2510,2025-10-12 14:00:00+05:30,11.481968,13.600564,14.887859,14.708352
2511,2025-10-12 15:00:00+05:30,10.387107,8.97255,14.2336645,9.462248
2512,2025-10-12 16:00:00+05:30,6.391901,350.2725,13.170786,356.08182
2513,2025-10-12 17:00:00+05:30,4.6938252,4.398633,11.402683,11.84205
2514,2025-10-12 18:00:00+05:30,5.2478566,5.9060555,13.110376,8.686284
2515,2025-10-12 19:00:00+05:30,5.5829024,1.8475709,14.861722,11.173798
2516,2025-10-12 20:00:00+05:30,5.6521144,9.16228,14.687382,19.323278
2517,2025-10-12 21:00:00+05:30,4.3536186,29.744795,12.632101,32.784283
2518,2025-10-12 22:00:00+05:30,2.4014995,12.99463,9.290511,35.537766
2519,2025-10-12 23:00:00+05:30,4.3573384,321.70978,7.1661706,348.40787
2520,2025-10-13 00:00:00+05:30,4.5,323.13,7.6473517,333.43503
2521,2025-10-13 01:00:00+05:30,4.613762,339.44388,9.05205,342.64587
2522,2025-10-13 02:00:00+05:30,4.724786,342.25522,10.308831,347.90527
2523,2025-10-13 03:00:00+05:30,4.846648,338.19852,11.334284,349.93936
2524,2025-10-13 04:00:00+05:30,5.1575575,330.75128,11.866355,350.39487
2525,2025-10-13 05:00:00+05:30,6.489992,356.82022,17.123669,3.0127327
2526,2025-10-13 06:00:00+05:30,9.3669195,2.2025495,17.518356,9.462248
2527,2025-10-13 07:00:00+05:30,9.375563,3.3018,15.24909,7.4604836
2528,2025-10-13 08:00:00+05:30,11.307095,13.815059,14.887859,14.708352
2529,2025-10-13 09:00:00+05:30,11.897714,17.61267,15.5395355,18.225176
2530,2025-10-13 10:00:00+05:30,11.953409,18.435053,15.198012,18.64963
2531,2025-10-13 11:00:00+05:30,12.632101,4.085537,15.890034,4.547968
2532,2025-10-13 12:00:00+05:30,12.125642,5.964399,15.385525,6.043998
2533,2025-10-13 13:00:00+05:30,11.173057,2.7701654,14.428097,3.5762644
2534,2025-10-13 14:00:00+05:30,12.346741,352.46063,15.941944,353.517
2535,2025-10-13 15:00:00+05:30,12.585848,343.37915,18.076338,344.99503
2536,2025-10-13 16:00:00+05:30,8.936778,332.4028,16.997377,335.60626
2537,2025-10-13 17:00:00+05:30,7.9567327,322.3523,19.11139,330.0544
2538,2025-10-13 18:00:00+05:30,10.00256,329.74365,22.621351,334.04666
2539,2025-10-13 19:00:00+05:30,9.741642,332.48807,22.553934,335.48038
2540,2025-10-13 20:00:00+05:30,7.4128532,330.9455,19.59356,336.73227
2541,2025-10-13 21:00:00+05:30,6.6087217,330.64233,17.782688,338.6293
2542,2025-10-13 22:00:00+05:30,6.76618,331.38962,18.102308,340.8443
2543,2025-10-13 23:00:00+05:30,8.0599,330.57263,19.75905,336.93845
2544,2025-10-14 00:00:00+05:30,7.8954163,335.77228,19.361507,343.24966
2545,2025-10-14 01:00:00+05:30,7.2044983,347.00537,18.252037,354.90796
2546,2025-10-14 02:00:00+05:30,6.2999997,360.0,17.34083,9.560029
2547,2025-10-14 03:00:00+05:30,5.8631387,17.87879,16.78156,22.714453
2548,2025-10-14 04:00:00+05:30,6.050785,22.751022,16.260885,26.281355
2549,2025-10-14 05:00:00+05:30,7.4128532,29.054508,18.762356,28.04006
2550,2025-10-14 06:00:00+05:30,9.179999,28.072395,17.504478,30.256361
2551,2025-10-14 07:00:00+05:30,8.854829,26.564985,13.203954,27.612942
2552,2025-10-14 08:00:00+05:30,11.1090765,26.980152,14.73913,28.442837
2553,2025-10-14 09:00:00+05:30,13.527572,25.201094,17.709658,26.564985
2554,2025-10-14 10:00:00+05:30,14.4415655,22.729767,18.624563,23.344032
2555,2025-10-14 11:00:00+05:30,14.178928,8.027157,18.228943,9.090207
2556,2025-10-14 12:00:00+05:30,13.86,360.0,17.643673,1.1691146
2557,2025-10-14 13:00:00+05:30,13.797912,352.50424,17.92966,353.6599
2558,2025-10-14 14:00:00+05:30,13.627795,347.79953,18.35647,348.6901
2559,2025-10-14 15:00:00+05:30,12.313893,344.7448,18.903427,346.22836
2560,2025-10-14 16:00:00+05:30,9.56713,348.05585,19.146112,350.8034
2561,2025-10-14 17:00:00+05:30,7.754637,338.19852,18.448023,342.97937
2562,2025-10-14 18:00:00+05:30,6.341009,325.40765,16.180988,332.86493
2563,2025-10-14 19:00:00+05:30,7.193247,328.2986,18.934254,330.9984
2564,2025-10-14 20:00:00+05:30,6.8423676,333.43503,18.417263,338.19852
2565,2025-10-14 21:00:00+05:30,6.4323244,342.072,17.769016,346.52682
2566,2025-10-14 22:00:00+05:30,6.603817,342.5527,17.873556,350.72748
2567,2025-10-14 23:00:00+05:30,7.3447943,342.8972,19.06301,349.11453
2568,2025-10-15 00:00:00+05:30,7.2202215,4.289077,18.98552,5.4402504
2569,2025-10-15 01:00:00+05:30,6.7205353,7.695961,18.29459,13.079133
2570,2025-10-15 02:00:00+05:30,6.519877,6.3401003,17.069656,14.036275
2571,2025-10-15 03:00:00+05:30,8.107996,357.45523,18.824419,6.0375915
2572,2025-10-15 04:00:00+05:30,8.311245,355.03033,19.507383,4.763556
2573,2025-10-15 05:00:00+05:30,8.936778,350.72748,20.880775,359.5061
2574,2025-10-15 06:00:00+05:30,10.478722,355.07297,20.172853,2.0453732
2575,2025-10-15 07:00:00+05:30,9.914717,356.87793,15.841023,0.6510448
2576,2025-10-15 08:00:00+05:30,11.34,360.0,14.944336,1.3803314
2577,2025-10-15 09:00:00+05:30,13.239487,7.0283103,17.235882,7.1991467
2578,2025-10-15 10:00:00+05:30,13.576582,6.088435,17.393066,6.5365367
2579,2025-10-15 11:00:00+05:30,13.324863,1.5481218,16.928614,1.8279274
2580,2025-10-15 12:00:00+05:30,14.619946,355.76367,18.941954,356.186
2581,2025-10-15 13:00:00+05:30,14.766584,350.8822,19.44833,352.01996
2582,2025-10-15 14:00:00+05:30,14.618837,350.07382,20.035059,351.21478
2583,2025-10-15 15:00:00+05:30,11.45513,351.87,18.532133,352.18478
2584,2025-10-15 16:00:00+05:30,7.0774574,352.69434,17.437717,352.2882
2585,2025-10-15 17:00:00+05:30,7.458606,351.67444,18.806337,354.50775
2586,2025-10-15 18:00:00+05:30,7.570707,341.99573,18.899143,342.25522
2587,2025-10-15 19:00:00+05:30,6.601363,334.1337,18.194252,334.19553
2588,2025-10-15 20:00:00+05:30,6.0908127,341.02948,16.179985,339.14545
2589,2025-10-15 21:00:00+05:30,4.14,360.0,13.767352,348.6901
2590,2025-10-15 22:00:00+05:30,2.0523157,52.124958,10.239453,10.124612
2591,2025-10-15 23:00:00+05:30,2.0124612,10.304792,9.195868,3.3664
2592,2025-10-16 00:00:00+05:30,3.7064266,330.9455,10.6261,349.26114
2593,2025-10-16 01:00:00+05:30,4.613762,339.44388,11.9466305,353.9459
2594,2025-10-16 02:00:00+05:30,5.7515564,339.8636,14.113653,354.14407
2595,2025-10-16 03:00:00+05:30,5.937272,345.9637,15.206537,353.88458
2596,2025-10-16 04:00:00+05:30,5.7852573,354.64426,15.119999,360.0
2597,2025-10-16 05:00:00+05:30,7.748368,329.2646,18.845062,342.77646
2598,2025-10-16 06:00:00+05:30,8.836514,326.6336,17.085783,339.65582
2599,2025-10-16 07:00:00+05:30,6.9247384,332.1028,12.601285,338.19852
2600,2025-10-16 08:00:00+05:30,8.297589,335.6589,10.99769,338.89508
2601,2025-10-16 09:00:00+05:30,8.649369,347.98853,10.948973,350.53775
2602,2025-10-16 10:00:00+05:30,8.461914,358.78116,10.440001,360.0
2603,2025-10-16 11:00:00+05:30,10.1376915,353.88458,12.483749,354.2073
2604,2025-10-16 12:00:00+05:30,9.444426,352.33328,11.633348,351.99536
2605,2025-10-16 13:00:00+05:30,8.759178,350.53775,10.948973,350.53775
2606,2025-10-16 14:00:00+05:30,8.467655,357.5634,10.285232,355.9859
2607,2025-10-16 15:00:00+05:30,7.7734165,5.3144655,10.285232,4.0141068
2608,2025-10-16 16:00:00+05:30,3.9763298,5.19435,9.0018,1.1457417
2609,2025-10-16 17:00:00+05:30,4.4565907,313.36346,8.913181,316.63654
2610,2025-10-16 18:00:00+05:30,8.427383,289.9832,19.172323,294.3994
2611,2025-10-16 19:00:00+05:30,9.761578,292.78244,21.857958,300.15445
2612,2025-10-16 20:00:00+05:30,7.3997297,311.05472,18.47698,317.76392
2613,2025-10-16 21:00:00+05:30,6.3639607,315.0001,16.78156,324.6051
2614,2025-10-16 22:00:00+05:30,5.48631,318.991,14.602204,329.64197
2615,2025-10-16 23:00:00+05:30,4.3573384,308.2902,10.883676,325.78424
2616,2025-10-17 00:00:00+05:30,2.8460495,304.69522,8.187527,326.65927
2617,2025-10-17 01:00:00+05:30,2.3469129,327.52884,7.256032,336.61475
2618,2025-10-17 02:00:00+05:30,4.3536186,330.25522,9.627896,339.1931
2619,2025-10-17 03:00:00+05:30,5.6492476,337.5205,12.921192,341.31256
2620,2025-10-17 04:00:00+05:30,5.3517847,340.3461,13.533558,346.14856
2621,2025-10-17 05:00:00+05:30,6.1120534,346.373,15.84,360.0
2622,2025-10-17 06:00:00+05:30,7.486788,350.31128,13.917154,5.19435
2623,2025-10-17 07:00:00+05:30,5.6060677,354.47253,11.409785,6.3401003
2624,2025-10-17 08:00:00+05:30,5.9427266,1.7356651,7.970972,6.482988
2625,2025-10-17 09:00:00+05:30,5.4744864,27.40749,6.698806,30.699654
2626,2025-10-17 10:00:00+05:30,3.319036,40.601215,4.072935,44.999897
2627,2025-10-17 11:00:00+05:30,3.0811036,353.29025,3.4247334,356.98727
2628,2025-10-17 12:00:00+05:30,3.8856654,346.60748,4.5891175,348.6901
2629,2025-10-17 13:00:00+05:30,5.4656014,342.75845,6.4323244,342.072
2630,2025-10-17 14:00:00+05:30,4.599695,329.42084,5.495161,328.39255
2631,2025-10-17 15:00:00+05:30,3.644722,339.77505,4.510787,331.38962
2632,2025-10-17 16:00:00+05:30,3.62243,116.56499,6.6818557,117.25525
2633,2025-10-17 17:00:00+05:30,5.0688457,173.8846,5.495161,211.60745
2634,2025-10-17 18:00:00+05:30,3.0652895,176.6336,3.9844694,198.43504
2635,2025-10-17 19:00:00+05:30,2.50064,210.25635,5.22,226.39711
2636,2025-10-17 20:00:00+05:30,2.8174455,206.56499,5.5450516,234.24602
2637,2025-10-17 21:00:00+05:30,1.5379207,200.55612,4.1046314,254.74483
2638,2025-10-17 22:00:00+05:30,0.9178235,191.30989,3.6179552,264.2895
2639,2025-10-17 23:00:00+05:30,2.1674871,265.23645,6.1569467,285.25516
2640,2025-10-18 00:00:00+05:30,3.6402748,278.53067,7.0038276,295.90643
2641,2025-10-18 01:00:00+05:30,3.3043609,299.35767,7.056826,322.25314
2642,2025-10-18 02:00:00+05:30,3.4388947,317.1211,9.224011,342.97937
2643,2025-10-18 03:00:00+05:30,4.613762,339.44388,13.200273,354.5227
2644,2025-10-18 04:00:00+05:30,4.7928696,34.286938,13.089354,31.504223
2645,2025-10-18 05:00:00+05:30,5.5829024,1.8475709,14.319901,14.560314
2646,2025-10-18 06:00:00+05:30,8.507737,353.92764,16.069473,4.4970694
2647,2025-10-18 07:00:00+05:30,9.299225,14.574262,13.450708,15.524177
2648,2025-10-18 08:00:00+05:30,8.93859,25.016869,11.672275,26.564985
2649,2025-10-18 09:00:00+05:30,10.83893,35.537766,14.041154,36.135475
2650,2025-10-18 10:00:00+05:30,11.7,53.13002,15.048042,53.26709
2651,2025-10-18 11:00:00+05:30,10.316686,42.878906,12.855831,44.432816
2652,2025-10-18 12:00:00+05:30,8.53815,55.304783,10.534229,56.852993
2653,2025-10-18 13:00:00+05:30,7.1389914,33.6901,8.43699,33.6901
2654,2025-10-18 14:00:00+05:30,12.738099,132.70937,15.882896,128.55843
2655,2025-10-18 15:00:00+05:30,5.072041,207.47435,6.391901,212.34741
2656,2025-10-18 16:00:00+05:30,0.9,233.13002,1.4512063,262.8751
2657,2025-10-18 17:00:00+05:30,3.2599385,96.340096,5.896202,102.33907
2658,2025-10-18 18:00:00+05:30,1.8,143.13002,4.6452556,144.46223
2659,2025-10-18 19:00:00+05:30,2.1749482,155.55606,4.0249224,153.43501
2660,2025-10-18 20:00:00+05:30,3.4763772,201.25058,5.4744864,207.40749
2661,2025-10-18 21:00:00+05:30,3.550155,210.46547,6.4924874,223.87679
2662,2025-10-18 22:00:00+05:30,2.2910259,224.9999,5.896202,238.73633
2663,2025-10-18 23:00:00+05:30,1.5273507,224.9999,4.7657523,259.1145
2664,2025-10-19 00:00:00+05:30,2.0364676,224.9999,4.353619,262.8751
2665,2025-10-19 01:00:00+05:30,1.9881649,264.80566,4.452954,284.03625
2666,2025-10-19 02:00:00+05:30,6.804381,52.523746,10.094454,39.936325
2667,2025-10-19 03:00:00+05:30,3.710795,104.03627,7.9526596,84.805664
2668,2025-10-19 04:00:00+05:30,5.0911684,44.999897,10.601679,49.820835
2669,2025-10-19 05:00:00+05:30,7.256032,7.12493,16.116785,20.256556
2670,2025-10-19 06:00:00+05:30,10.228373,28.368961,19.810633,28.194887
2671,2025-10-19 07:00:00+05:30,6.8919086,40.763515,16.925743,32.84506
2672,2025-10-19 08:00:00+05:30,9.0,36.86999,11.952054,37.042564
2673,2025-10-19 09:00:00+05:30,12.172312,38.395203,15.882896,38.55843
2674,2025-10-19 10:00:00+05:30,12.007498,49.86458,15.4642935,50.194473
2675,2025-10-19 11:00:00+05:30,10.486448,50.572224,13.072015,51.709793
2676,2025-10-19 12:00:00+05:30,9.92778,44.999897,12.473363,44.999897
2677,2025-10-19 13:00:00+05:30,8.909545,44.999897,11.583108,45.629517
2678,2025-10-19 14:00:00+05:30,7.729527,62.24156,10.070353,61.144444
2679,2025-10-19 15:00:00+05:30,6.1858225,98.3658,8.281956,91.24534
2680,2025-10-19 16:00:00+05:30,5.3999996,126.86998,12.081473,118.47411
2681,2025-10-19 17:00:00+05:30,10.086427,182.04536,16.248924,175.5527
2682,2025-10-19 18:00:00+05:30,6.452441,202.98874,12.710091,192.26476
2683,2025-10-19 19:00:00+05:30,4.6452556,215.53777,11.534054,202.9638
2684,2025-10-19 20:00:00+05:30,5.692099,214.69522,13.529966,213.05583
2685,2025-10-19 21:00:00+05:30,4.829907,243.43501,11.844492,233.65245
2686,2025-10-19 22:00:00+05:30,4.5536795,251.56496,10.897063,247.6713
2687,2025-10-19 23:00:00+05:30,2.19718,235.0079,7.8149853,241.07367
2688,2025-10-20 00:00:00+05:30,2.1897945,279.46225,5.223103,268.02512
2689,2025-10-20 01:00:00+05:30,2.6999998,306.86996,4.445672,291.3707
2690,2025-10-20 02:00:00+05:30,4.1085763,298.8107,6.4323244,287.928
2691,2025-10-20 03:00:00+05:30,7.1684303,321.1155,11.1090765,319.60016
2692,2025-10-20 04:00:00+05:30,6.792466,327.99466,9.983106,334.35904
2693,2025-10-20 05:00:00+05:30,4.91634,336.2505,14.205182,351.2539
2694,2025-10-20 06:00:00+05:30,8.083983,348.4399,15.629972,7.9433913
2695,2025-10-20 07:00:00+05:30,7.814986,7.9433913,13.1041975,15.945477
2696,2025-10-20 08:00:00+05:30,10.730778,22.69384,14.256409,24.623547
2697,2025-10-20 09:00:00+05:30,12.886039,28.354864,17.012617,29.81998
2698,2025-10-20 10:00:00+05:30,14.450535,39.44003,18.899143,40.364468
2699,2025-10-20 11:00:00+05:30,13.8049555,39.709877,17.86449,40.9143
2700,2025-10-20 12:00:00+05:30,13.110376,44.443825,17.055414,44.999897
2701,2025-10-20 13:00:00+05:30,11.466438,47.544853,15.159589,47.40601
2702,2025-10-20 14:00:00+05:30,10.44,46.39711,13.878688,46.576496
2703,2025-10-20 15:00:00+05:30,6.792466,57.99466,11.183201,56.82148
2704,2025-10-20 16:00:00+05:30,3.0758414,69.44387,8.0599,60.572647
2705,2025-10-20 17:00:00+05:30,1.3104197,285.94547,4.510787,331.38962
2706,2025-10-20 18:00:00+05:30,1.2727921,188.13002,1.6299692,173.6599
2707,2025-10-20 19:00:00+05:30,6.2483597,168.3664,12.093534,175.7322
2708,2025-10-20 20:00:00+05:30,6.8541956,193.67133,12.992458,190.3758
2709,2025-10-20 21:00:00+05:30,4.198285,210.96368,7.8149853,208.92633
2710,2025-10-20 22:00:00+05:30,4.5891175,221.82008,7.8954163,226.8476
2711,2025-10-20 23:00:00+05:30,1.659518,257.4712,2.19718,325.0079
2712,2025-10-21 00:00:00+05:30,2.1068459,289.9832,4.5322843,6.842679
2713,2025-10-21 01:00:00+05:30,6.830519,341.56494,12.431734,2.4894993
2714,2025-10-21 02:00:00+05:30,7.208994,2.8623457,15.898188,15.76725
2715,2025-10-21 03:00:00+05:30,7.5685663,25.346138,18.273325,26.312584
2716,2025-10-21 04:00:00+05:30,7.6579366,29.577742,19.759048,30.068504
2717,2025-10-21 05:00:00+05:30,9.05205,17.354122,21.492483,21.623262
2718,2025-10-21 06:00:00+05:30,10.8015,23.57473,20.53105,25.441708
2719,2025-10-21 07:00:00+05:30,9.266067,24.075504,17.388409,27.095472
2720,2025-10-21 08:00:00+05:30,9.984729,27.950872,13.53236,28.610369
2721,2025-10-21 09:00:00+05:30,11.53265,34.18618,14.982228,35.217674
2722,2025-10-21 10:00:00+05:30,12.538134,39.173653,16.08761,40.462154
2723,2025-10-21 11:00:00+05:30,10.495713,30.963696,13.032298,32.59257
2724,2025-10-21 12:00:00+05:30,9.504273,24.623547,11.91812,25.016869
2725,2025-10-21 13:00:00+05:30,8.0599,23.70266,10.070353,24.27444
2726,2025-10-21 14:00:00+05:30,6.9550843,10.437421,8.825508,11.76827
2727,2025-10-21 15:00:00+05:30,6.4624763,347.125,8.967541,349.59235
2728,2025-10-21 16:00:00+05:30,4.7110505,316.5481,11.298495,329.3494
2729,2025-10-21 17:00:00+05:30,5.6492476,300.65057,12.86087,313.29868
2730,2025-10-21 18:00:00+05:30,6.28713,336.3706,15.108211,344.8047
2731,2025-10-21 19:00:00+05:30,7.208994,357.13766,16.928614,358.17206
2732,2025-10-21 20:00:00+05:30,7.458606,351.67444,18.852798,349.5484
2733,2025-10-21 21:00:00+05:30,6.330782,345.17346,17.508179,345.10648
2734,2025-10-21 22:00:00+05:30,5.95906,334.98312,15.85329,347.54175
2735,2025-10-21 23:00:00+05:30,6.5520988,339.07544,17.194475,349.74884
2736,2025-10-22 00:00:00+05:30,5.2694216,7.853233,15.172407,4.763556
2737,2025-10-22 01:00:00+05:30,4.6277857,13.495748,12.535548,15.832451
2738,2025-10-22 02:00:00+05:30,5.223103,358.0251,13.327294,16.476961
2739,2025-10-22 03:00:00+05:30,5.7628117,358.21014,14.934577,15.376317
2740,2025-10-22 04:00:00+05:30,6.037383,10.304792,15.881875,17.818983
2741,2025-10-22 05:00:00+05:30,5.937272,14.036275,15.767219,18.641886
2742,2025-10-22 06:00:00+05:30,8.777653,15.461285,16.454994,19.822552
2743,2025-10-22 07:00:00+05:30,9.36,360.0,15.206537,6.1154146
2744,2025-10-22 08:00:00+05:30,10.209348,9.13011,13.556282,10.713074
2745,2025-10-22 09:00:00+05:30,11.157097,17.850416,14.288191,19.119822
2746,2025-10-22 10:00:00+05:30,11.612441,18.996754,14.747921,19.983198
2747,2025-10-22 11:00:00+05:30,10.464798,3.9451082,13.004921,4.763556
2748,2025-10-22 12:00:00+05:30,9.901636,1.0416087,12.245294,1.6846573
2749,2025-10-22 13:00:00+05:30,7.7588143,3.9908433,9.582359,5.389229
2750,2025-10-22 14:00:00+05:30,6.122647,358.31534,7.562142,1.3638979
2751,2025-10-22 15:00:00+05:30,6.2145634,349.99207,8.019601,350.9606
2752,2025-10-22 16:00:00+05:30,3.8773184,338.19852,8.338489,346.2637
2753,2025-10-22 17:00:00+05:30,6.989936,325.4914,12.348052,329.32278
2754,2025-10-22 18:00:00+05:30,5.95906,334.98312,12.257194,330.04648
2755,2025-10-22 19:00:00+05:30,5.293959,324.6887,11.414043,322.04572
2756,2025-10-22 20:00:00+05:30,4.8965297,306.02747,10.285232,302.8557
2757,2025-10-22 21:00:00+05:30,5.293959,305.31128,11.272657,308.51697
2758,2025-10-22 22:00:00+05:30,4.510787,298.61035,10.948973,316.33215
2759,2025-10-22 23:00:00+05:30,6.1437774,328.17258,15.315873,330.42227
2760,2025-10-23 00:00:00+05:30,5.5567255,335.09525,15.151039,336.17575
2761,2025-10-23 01:00:00+05:30,4.8899083,353.6599,13.491597,346.89078
2762,2025-10-23 02:00:00+05:30,5.0911684,351.87,13.596852,353.15732
2763,2025-10-23 03:00:00+05:30,5.4119864,356.186,14.044615,1.4687687
2764,2025-10-23 04:00:00+05:30,5.506941,348.6901,14.455019,5.0005636
2765,2025-10-23 05:00:00+05:30,6.1437774,354.95764,16.443174,5.023991
2766,2025-10-23 06:00:00+05:30,7.7588143,3.9908433,14.800554,13.360237
2767,2025-10-23 07:00:00+05:30,5.896202,12.339083,11.726277,17.87879
2768,2025-10-23 08:00:00+05:30,7.172949,17.52567,9.734987,19.440128
2769,2025-10-23 09:00:00+05:30,7.823272,23.025528,9.743304,25.144758
2770,2025-10-23 10:00:00+05:30,6.8541956,13.671325,8.163749,14.036275
2771,2025-10-23 11:00:00+05:30,5.4029994,1.9091109,6.130579,3.3664
2772,2025-10-23 12:00:00+05:30,5.2478566,354.09393,6.1437774,354.95764
2773,2025-10-23 13:00:00+05:30,5.0911684,351.87,6.162207,353.29025
2774,2025-10-23 14:00:00+05:30,4.6938252,355.60138,5.5829024,358.15244
2775,2025-10-23 15:00:00+05:30,4.6834598,357.79745,5.5799994,360.0
2776,2025-10-23 16:00:00+05:30,3.7971036,354.55975,6.3231,355.10098
2777,2025-10-23 17:00:00+05:30,5.4029994,1.9091109,10.285232,355.9859
2778,2025-10-23 18:00:00+05:30,1.9881649,84.805664,5.896202,31.263678
2779,2025-10-23 19:00:00+05:30,6.050785,149.62096,8.55142,149.65683
2780,2025-10-23 20:00:00+05:30,5.6060677,174.47255,12.245294,178.31535
2781,2025-10-23 21:00:00+05:30,3.9966488,187.76508,11.656998,193.39252
2782,2025-10-23 22:00:00+05:30,3.644722,200.22495,11.276967,204.51962
2783,2025-10-23 23:00:00+05:30,1.8532133,240.94548,8.688613,219.95749
2784,2025-10-24 00:00:00+05:30,1.0948973,260.53775,6.9153743,218.65984
2785,2025-10-24 01:00:00+05:30,0.35999998,360.0,4.5891175,221.82008
2786,2025-10-24 02:00:00+05:30,0.9693296,21.801476,1.659518,282.5288
2787,2025-10-24 03:00:00+05:30,3.3481934,36.253937,5.9834766,21.161337
2788,2025-10-24 04:00:00+05:30,3.8268526,41.185837,7.973005,28.30066
2789,2025-10-24 05:00:00+05:30,4.5572357,9.090207,9.96524,16.798458
2790,2025-10-24 06:00:00+05:30,6.1120534,13.627024,12.241323,19.767267
2791,2025-10-24 07:00:00+05:30,4.846648,31.328646,10.874742,28.68606
2792,2025-10-24 08:00:00+05:30,6.193674,35.537766,8.3520775,37.116943
2793,2025-10-24 09:00:00+05:30,8.4963045,36.38445,10.656547,37.450653
2794,2025-10-24 10:00:00+05:30,8.099999,36.86999,9.867218,38.33339
2795,2025-10-24 11:00:00+05:30,4.0449963,20.854538,4.7521367,24.623547
2796,2025-10-24 12:00:00+05:30,3.2599385,353.6599,3.7799997,360.0
2797,2025-10-24 13:00:00+05:30,4.0449963,339.14545,4.7827187,340.20102
2798,2025-10-24 14:00:00+05:30,3.572898,139.08571,4.1046314,142.12495
2799,2025-10-24 15:00:00+05:30,7.256032,150.2552,8.777654,151.85849
2800,2025-10-24 16:00:00+05:30,6.689125,156.19405,13.040997,159.81412
2801,2025-10-24 17:00:00+05:30,7.072878,194.7436,14.345898,197.52567
2802,2025-10-24 18:00:00+05:30,5.8298883,188.88058,12.673074,191.4695
2803,2025-10-24 19:00:00+05:30,5.2694216,187.85323,11.334284,190.06062
2804,2025-10-24 20:00:00+05:30,4.8633323,182.12105,11.230904,186.4415
2805,2025-10-24 21:00:00+05:30,4.0449963,200.85454,10.172787,193.29858
2806,2025-10-24 22:00:00+05:30,3.550155,210.46547,9.676569,198.43504
2807,2025-10-24 23:00:00+05:30,2.2768397,198.43504,8.707238,187.12492
2808,2025-10-25 00:00:00+05:30,1.08,180.0,6.482499,181.59111
2809,2025-10-25 01:00:00+05:30,1.2727921,171.86998,5.9427266,178.26433
2810,2025-10-25 02:00:00+05:30,0.742159,165.96373,4.5,180.0
2811,2025-10-25 03:00:00+05:30,0.5091169,135.0001,3.671294,191.30989
2812,2025-10-25 04:00:00+05:30,1.3104197,74.054535,1.7727944,156.0375
2813,2025-10-25 05:00:00+05:30,3.4152596,18.435053,7.040739,4.398633
2814,2025-10-25 06:00:00+05:30,3.8773184,21.801476,8.473393,12.26477
2815,2025-10-25 07:00:00+05:30,3.462369,8.97255,8.777653,15.461285
2816,2025-10-25 08:00:00+05:30,6.4323244,17.92802,8.2584505,20.409975
2817,2025-10-25 09:00:00+05:30,9.387651,32.471172,11.832176,33.206593
2818,2025-10-25 10:00:00+05:30,10.261579,37.875053,12.931218,38.784386
2819,2025-10-25 11:00:00+05:30,9.7880945,32.22873,11.983188,32.73523
2820,2025-10-25 12:00:00+05:30,8.242743,31.607454,10.285232,32.85573
2821,2025-10-25 13:00:00+05:30,7.748368,30.735416,9.485504,33.388535
2822,2025-10-25 14:00:00+05:30,7.519175,42.08909,9.726664,38.990997
2823,2025-10-25 15:00:00+05:30,10.04458,143.74608,12.284918,140.94687
2824,2025-10-25 16:00:00+05:30,8.699793,155.55606,13.447095,152.06294
2825,2025-10-25 17:00:00+05:30,9.587428,140.3322,17.794525,141.15916
2826,2025-10-25 18:00:00+05:30,3.7971036,174.55975,10.993271,177.18451
2827,2025-10-25 19:00:00+05:30,3.0652893,130.23628,7.754637,158.19853
2828,2025-10-25 20:00:00+05:30,3.2599385,173.6599,7.415038,174.4279
2829,2025-10-25 21:00:00+05:30,1.9881649,174.80566,7.486788,170.31128
2830,2025-10-25 22:00:00+05:30,0.5091169,44.999897,3.8268526,138.81418
2831,2025-10-25 23:00:00+05:30,0.8049845,296.56497,3.4763772,248.74942
2832,2025-10-26 00:00:00+05:30,0.9178235,281.3099,4.143911,267.5105
2833,2025-10-26 01:00:00+05:30,1.1384199,288.43503,4.5,286.26028
2834,2025-10-26 02:00:00+05:30,1.8089776,354.2895,4.2175345,309.8055
2835,2025-10-26 03:00:00+05:30,3.536439,345.25638,6.8541956,336.8014
2836,2025-10-26 04:00:00+05:30,4.0249224,10.304792,8.131936,354.92047
2837,2025-10-26 05:00:00+05:30,2.9024127,7.12493,8.821836,1.1691146
2838,2025-10-26 06:00:00+05:30,3.710795,22.833694,7.6642804,9.462261
2839,2025-10-26 07:00:00+05:30,3.0811036,6.70975,7.555712,12.380747
2840,2025-10-26 08:00:00+05:30,3.5455887,23.962492,4.991553,25.640957
2841,2025-10-26 09:00:00+05:30,6.6624317,38.418083,8.181589,39.644142
2842,2025-10-26 10:00:00+05:30,8.528657,44.145004,10.694485,46.363857
2843,2025-10-26 11:00:00+05:30,8.714677,38.290207,10.739832,39.55964
2844,2025-10-26 12:00:00+05:30,8.714677,38.290207,10.601679,40.179176
2845,2025-10-26 13:00:00+05:30,7.928177,39.47243,9.82114,41.28462
2846,2025-10-26 14:00:00+05:30,7.596341,36.326923,9.396275,36.43096
2847,2025-10-26 15:00:00+05:30,6.9247384,62.10283,9.511088,60.524208
2848,2025-10-26 16:00:00+05:30,5.6521144,127.23492,10.8672905,116.56499
2849,2025-10-26 17:00:00+05:30,5.223103,91.97489,11.793777,105.945465
2850,2025-10-26 18:00:00+05:30,2.50064,120.256355,6.8777895,137.12111
2851,2025-10-26 19:00:00+05:30,0.9693296,158.19853,4.7521367,155.37645
2852,2025-10-26 20:00:00+05:30,0.40249225,296.56497,2.36753,188.74608
2853,2025-10-26 21:00:00+05:30,0.9178235,348.6901,0.35999998,90.0
2854,2025-10-26 22:00:00+05:30,1.659518,347.4712,1.2727921,8.130019
2855,2025-10-26 23:00:00+05:30,0.8049845,116.56499,4.2175345,129.80553
2856,2025-10-27 00:00:00+05:30,3.1845248,137.29063,7.0107627,138.12222
2857,2025-10-27 01:00:00+05:30,1.9881649,84.805664,5.004518,127.694305
2858,2025-10-27 02:00:00+05:30,3.4199998,360.0,3.4576871,51.34017
2859,2025-10-27 03:00:00+05:30,4.9785542,12.528798,8.699793,24.443953
2860,2025-10-27 04:00:00+05:30,5.5829024,20.772345,12.56008,25.463305
2861,2025-10-27 05:00:00+05:30,5.293959,35.311302,14.539945,31.328646
2862,2025-10-27 06:00:00+05:30,6.3690495,47.290634,14.05845,39.805527
2863,2025-10-27 07:00:00+05:30,6.015878,38.92756,12.313894,37.875042
2864,2025-10-27 08:00:00+05:30,8.688613,39.957497,11.599879,41.85495
2865,2025-10-27 09:00:00+05:30,10.373061,51.34017,13.213765,52.193413
2866,2025-10-27 10:00:00+05:30,11.08572,57.600174,14.045767,59.16224
2867,2025-10-27 11:00:00+05:30,9.659814,63.435013,11.843124,65.77226
2868,2025-10-27 12:00:00+05:30,8.688613,76.827446,10.914888,76.65127
2869,2025-10-27 13:00:00+05:30,6.310277,86.729576,7.748368,87.33706
2870,2025-10-27 14:00:00+05:30,3.8521678,52.594578,4.7928696,55.713078
2871,2025-10-27 15:00:00+05:30,3.362677,15.524177,4.1556225,17.650223
2872,2025-10-27 16:00:00+05:30,7.9526596,84.805664,12.371645,81.6342
2873,2025-10-27 17:00:00+05:30,7.9932966,54.16227,17.15297,61.821507
2874,2025-10-27 18:00:00+05:30,6.310277,93.270424,15.3042345,91.347855
2875,2025-10-27 19:00:00+05:30,5.4656014,107.241554,13.929953,115.24049
2876,2025-10-27 20:00:00+05:30,4.952453,109.09359,12.841963,121.23916
2877,2025-10-27 21:00:00+05:30,5.2323985,153.43501,13.979872,145.49142
2878,2025-10-27 22:00:00+05:30,5.1165614,140.71062,13.369771,136.63654
2879,2025-10-27 23:00:00+05:30,3.671294,78.6901,9.83268,113.749504
2880,2025-10-28 00:00:00+05:30,5.04,90.0,11.726277,107.87879
2881,2025-10-28 01:00:00+05:30,5.6835546,79.04598,13.170786,93.918175
2882,2025-10-28 02:00:00+05:30,5.9834766,96.91113,15.426535,101.44101
2883,2025-10-28 03:00:00+05:30,6.1858225,98.3658,16.327497,104.03627
2884,2025-10-28 04:00:00+05:30,6.424764,78.6901,16.1017,95.77424
2885,2025-10-28 05:00:00+05:30,5.5450516,76.865974,14.332341,101.59215
2886,2025-10-28 06:00:00+05:30,8.461915,66.161255,15.301059,90.67403
2887,2025-10-28 07:00:00+05:30,8.936777,71.20003,12.710091,77.735245
2888,2025-10-28 08:00:00+05:30,9.3669195,92.20255,12.304682,95.8773
2889,2025-10-28 09:00:00+05:30,12.768586,111.501495,16.851885,113.27898
2890,2025-10-28 10:00:00+05:30,13.6063795,117.58195,17.640919,118.65702
2891,2025-10-28 11:00:00+05:30,13.184308,128.90414,17.148247,129.0355
2892,2025-10-28 12:00:00+05:30,10.883676,124.21575,14.028457,123.4862
2893,2025-10-28 13:00:00+05:30,11.782784,124.41843,15.3264475,123.50346
2894,2025-10-28 14:00:00+05:30,14.650938,132.5104,20.135878,132.10135
2895,2025-10-28 15:00:00+05:30,11.9140415,153.0479,17.012617,150.18002
2896,2025-10-28 16:00:00+05:30,9.391102,167.82855,16.507088,161.56496
2897,2025-10-28 17:00:00+05:30,5.4744864,99.46225,13.070776,112.6806
2898,2025-10-28 18:00:00+05:30,4.896529,107.10281,12.7279215,118.7397
2899,2025-10-28 19:00:00+05:30,5.5216303,109.025696,13.243156,121.097244
2900,2025-10-28 20:00:00+05:30,5.2939587,107.818985,14.178927,118.84257
2901,2025-10-28 21:00:00+05:30,4.379589,99.46225,11.983188,122.73522
2902,2025-10-28 22:00:00+05:30,6.037383,79.69521,12.585848,106.620834
2903,2025-10-28 23:00:00+05:30,6.8138976,77.79955,15.546833,95.31445
2904,2025-10-29 00:00:00+05:30,7.841888,80.75397,16.943918,93.044716
2905,2025-10-29 01:00:00+05:30,9.195868,86.633606,18.751125,93.301796
2906,2025-10-29 02:00:00+05:30,7.587806,157.69374,14.81915,139.92717
2907,2025-10-29 03:00:00+05:30,8.9873905,237.26477,14.021525,221.87778
2908,2025-10-29 04:00:00+05:30,2.5455842,135.0001,8.854829,153.43501
2909,2025-10-29 05:00:00+05:30,2.0124612,169.6952,7.3094187,127.99879
2910,2025-10-29 06:00:00+05:30,11.334285,133.06943,19.290257,139.92068
2911,2025-10-29 07:00:00+05:30,9.335737,123.996506,14.589996,128.991
2912,2025-10-29 08:00:00+05:30,9.059205,110.95586,12.245293,114.30454
2913,2025-10-29 09:00:00+05:30,13.1412325,126.08517,16.848038,126.74756
2914,2025-10-29 10:00:00+05:30,10.8792095,128.95592,13.920647,130.27979
2915,2025-10-29 11:00:00+05:30,14.730336,122.52488,21.313093,127.45065
2916,2025-10-29 12:00:00+05:30,11.919479,141.74553,17.640919,143.71465
2917,2025-10-29 13:00:00+05:30,6.156947,127.875046,8.688613,129.95749
2918,2025-10-29 14:00:00+05:30,12.594856,149.03632,16.276815,147.18864
2919,2025-10-29 15:00:00+05:30,7.519175,137.91092,11.666721,141.89238
2920,2025-10-29 16:00:00+05:30,6.037383,116.56499,10.855358,130.29207
2921,2025-10-29 17:00:00+05:30,7.9138603,107.19863,16.994516,118.465065
2922,2025-10-29 18:00:00+05:30,10.3621235,107.175995,18.865683,119.74478
2923,2025-10-29 19:00:00+05:30,6.9270773,114.56716,15.12964,124.82456
2924,2025-10-29 20:00:00+05:30,4.5,106.26028,12.387348,125.537766
2925,2025-10-29 21:00:00+05:30,5.4744864,117.40749,13.413321,130.10085
2926,2025-10-29 22:00:00+05:30,4.724786,107.74477,11.837651,135.61598
2927,2025-10-29 23:00:00+05:30,6.7205353,97.69597,13.288341,118.30067
2928,2025-10-30 00:00:00+05:30,6.0908127,108.970505,14.827893,123.11135
2929,2025-10-30 01:00:00+05:30,4.323748,92.385895,10.742848,121.292984
2930,2025-10-30 02:00:00+05:30,8.035746,74.407135,12.461669,100.82296
2931,2025-10-30 03:00:00+05:30,10.742848,81.32691,19.44,90.0
2932,2025-10-30 04:00:00+05:30,9.391102,102.17145,18.33616,103.627014
2933,2025-10-30 05:00:00+05:30,5.3999996,143.13002,14.118243,160.64091
2934,2025-10-30 06:00:00+05:30,5.8048253,119.74479,9.7565975,150.1241
2935,2025-10-30 07:00:00+05:30,4.353619,97.12492,6.5520988,110.924576
2936,2025-10-30 08:00:00+05:30,8.28,90.0,10.081606,91.02301
2937,2025-10-30 09:00:00+05:30,8.836514,93.50346,10.674773,95.80663
2938,2025-10-30 10:00:00+05:30,6.989936,124.50858,8.461915,128.08882
2939,2025-10-30 11:00:00+05:30,8.099999,126.86999,9.726664,128.991
2940,2025-10-30 12:00:00+05:30,8.274128,134.1187,10.055864,135.72514
2941,2025-10-30 13:00:00+05:30,14.974658,205.64096,19.401628,205.8518
2942,2025-10-30 14:00:00+05:30,2.8856194,3.5762644,3.710795,202.8337
2943,2025-10-30 15:00:00+05:30,6.623413,137.20262,12.081473,151.5259
2944,2025-10-30 16:00:00+05:30,2.657668,208.30066,7.555712,192.38075
2945,2025-10-30 17:00:00+05:30,11.570515,174.64427,22.535252,176.79485
2946,2025-10-30 18:00:00+05:30,8.209263,164.74483,18.687086,172.80663
2947,2025-10-30 19:00:00+05:30,5.2323985,153.43501,14.512064,172.87508
2948,2025-10-30 20:00:00+05:30,4.846648,148.67137,12.841963,174.36942
2949,2025-10-30 21:00:00+05:30,4.913044,151.55717,12.959999,180.0
2950,2025-10-30 22:00:00+05:30,5.154415,155.22488,13.170786,183.91817
2951,2025-10-30 23:00:00+05:30,2.0124612,190.3048,9.340941,205.08356
