,date,wind_speed_10m,wind_direction_10m,wind_speed_100m,wind_direction_100m
0,2025-06-30 00:00:00+05:30,2.8174455,333.43503,6.9550843,10.437421
1,2025-06-30 01:00:00+05:30,3.143565,346.75946,6.4323244,17.92802
2,2025-06-30 02:00:00+05:30,1.8,323.13,3.7799997,360.0
3,2025-06-30 03:00:00+05:30,1.659518,310.60123,3.9844694,18.435053
4,2025-06-30 04:00:00+05:30,1.1384199,251.56496,0.742159,104.03627
5,2025-06-30 05:00:00+05:30,6.050785,202.751,8.604301,195.78082
6,2025-06-30 06:00:00+05:30,5.8603754,47.489597,7.5363917,49.844074
7,2025-06-30 07:00:00+05:30,3.9763298,95.19434,5.4119864,93.814
8,2025-06-30 08:00:00+05:30,5.12289,108.43504,6.66,108.92474
9,2025-06-30 09:00:00+05:30,5.2323985,139.18501,6.638072,139.39879
10,2025-06-30 10:00:00+05:30,7.44121,147.84773,9.292255,148.46526
11,2025-06-30 11:00:00+05:30,7.8954163,136.8476,9.9408245,137.93575
12,2025-06-30 12:00:00+05:30,10.32924,131.4676,14.935662,130.60121
13,2025-06-30 13:00:00+05:30,4.6800003,157.3801,6.452441,149.8587
14,2025-06-30 14:00:00+05:30,10.094454,148.86108,14.892213,153.43501
15,2025-06-30 15:00:00+05:30,5.1197267,169.8754,7.7734165,174.68555
16,2025-06-30 16:00:00+05:30,4.1046314,164.74483,6.330782,165.17348
17,2025-06-30 17:00:00+05:30,6.5024605,184.76355,11.212135,185.52745
18,2025-06-30 18:00:00+05:30,5.991594,147.26479,14.039999,157.3801
19,2025-06-30 19:00:00+05:30,6.384293,130.426,14.978984,147.26479
20,2025-06-30 20:00:00+05:30,8.654987,135.0001,17.935986,148.54323
21,2025-06-30 21:00:00+05:30,11.119281,150.9455,21.675615,155.9892
22,2025-06-30 22:00:00+05:30,10.285232,147.14429,20.690605,152.54335
23,2025-06-30 23:00:00+05:30,10.464797,139.18501,20.98911,143.71965
24,2025-07-01 00:00:00+05:30,9.292254,134.21527,19.290257,139.92068
25,2025-07-01 01:00:00+05:30,10.316686,137.12111,20.558647,139.61642
26,2025-07-01 02:00:00+05:30,12.124306,130.78574,22.911673,134.36348
27,2025-07-01 03:00:00+05:30,12.193589,148.89125,22.90743,149.80847
28,2025-07-01 04:00:00+05:30,10.9859,145.0079,20.562586,150.06857
29,2025-07-01 05:00:00+05:30,11.808878,142.43134,20.883102,144.11777
30,2025-07-01 06:00:00+05:30,12.313894,127.875046,19.797543,130.2057
31,2025-07-01 07:00:00+05:30,12.0921955,135.60303,16.940096,137.15297
32,2025-07-01 08:00:00+05:30,11.345712,131.78442,15.159589,132.594
33,2025-07-01 09:00:00+05:30,13.259049,131.69804,17.581125,132.5104
34,2025-07-01 10:00:00+05:30,11.837652,118.12364,17.373497,124.019394
35,2025-07-01 11:00:00+05:30,13.929953,115.24049,18.838184,117.29949
36,2025-07-01 12:00:00+05:30,13.4903965,148.64297,18.431332,148.17259
37,2025-07-01 13:00:00+05:30,6.6087217,150.64235,9.257321,153.43501
38,2025-07-01 14:00:00+05:30,9.7565975,150.1241,13.306615,149.96681
39,2025-07-01 15:00:00+05:30,9.195868,176.6336,14.944336,170.99158
40,2025-07-01 16:00:00+05:30,6.21717,157.8905,11.132385,157.1663
41,2025-07-01 17:00:00+05:30,10.004178,188.2758,17.972979,187.48079
42,2025-07-01 18:00:00+05:30,4.978554,139.39879,13.447095,152.06294
43,2025-07-01 19:00:00+05:30,7.538541,123.310646,16.616642,140.27394
44,2025-07-01 20:00:00+05:30,8.461915,141.91118,18.738165,148.75313
45,2025-07-01 21:00:00+05:30,8.604301,142.65057,18.832163,148.28491
46,2025-07-01 22:00:00+05:30,8.783189,135.83023,18.899143,139.63554
47,2025-07-01 23:00:00+05:30,7.7900705,139.68597,17.137852,143.97253
48,2025-07-02 00:00:00+05:30,7.7420926,125.537766,17.072504,132.43619
49,2025-07-02 01:00:00+05:30,6.489992,123.6901,15.349684,129.2894
50,2025-07-02 02:00:00+05:30,6.8423676,116.56499,15.3264475,123.50346
51,2025-07-02 03:00:00+05:30,8.427383,109.98319,17.709658,116.56499
52,2025-07-02 04:00:00+05:30,8.891344,111.3707,18.442755,114.81417
53,2025-07-02 05:00:00+05:30,8.536252,114.94388,16.904673,116.56499
54,2025-07-02 06:00:00+05:30,9.3669195,87.79745,15.849201,91.95247
55,2025-07-02 07:00:00+05:30,9.860649,111.41304,13.504799,111.09241
56,2025-07-02 08:00:00+05:30,9.9571085,102.5288,13.358861,104.03627
57,2025-07-02 09:00:00+05:30,10.534229,106.88687,13.723745,106.77131
58,2025-07-02 10:00:00+05:30,10.703569,109.653915,13.779114,109.85531
59,2025-07-02 11:00:00+05:30,10.472536,114.36244,13.854155,114.56716
60,2025-07-02 12:00:00+05:30,9.096681,117.072,11.594292,117.75845
61,2025-07-02 13:00:00+05:30,12.819235,128.15727,16.596157,126.62142
62,2025-07-02 14:00:00+05:30,8.019601,135.90929,10.4493065,132.20723
63,2025-07-02 15:00:00+05:30,7.771331,193.39252,11.230904,186.4415
64,2025-07-02 16:00:00+05:30,5.95906,205.01686,8.538149,198.43504
65,2025-07-02 17:00:00+05:30,0.71999997,180.0,1.484318,194.03627
66,2025-07-02 18:00:00+05:30,6.4924874,133.87679,12.632101,139.04459
67,2025-07-02 19:00:00+05:30,5.293959,125.311295,12.204212,142.792
68,2025-07-02 20:00:00+05:30,8.65873,136.68465,16.135872,141.34016
69,2025-07-02 21:00:00+05:30,8.654987,135.0001,15.518672,142.06667
70,2025-07-02 22:00:00+05:30,2.7059932,93.814,7.0107627,138.12222
71,2025-07-02 23:00:00+05:30,5.2323985,139.18501,10.962281,150.4886
72,2025-07-03 00:00:00+05:30,6.048107,143.47105,13.776762,151.09091
73,2025-07-03 01:00:00+05:30,7.5363917,130.15593,15.546833,137.81563
74,2025-07-03 02:00:00+05:30,7.7900705,139.68597,16.135872,141.34016
75,2025-07-03 03:00:00+05:30,8.783189,134.16977,17.714231,137.88304
76,2025-07-03 04:00:00+05:30,10.062305,132.82524,19.222954,136.13809
77,2025-07-03 05:00:00+05:30,9.292254,134.21527,17.23964,139.65833
78,2025-07-03 06:00:00+05:30,10.706596,153.00424,15.2947035,153.43501
79,2025-07-03 07:00:00+05:30,11.679212,151.46011,16.434305,151.1893
80,2025-07-03 08:00:00+05:30,10.944532,143.69542,14.941083,143.82028
81,2025-07-03 09:00:00+05:30,10.587918,144.6887,13.979872,145.49142
82,2025-07-03 10:00:00+05:30,10.805998,150.01845,13.849477,152.10283
83,2025-07-03 11:00:00+05:30,11.578912,101.65926,15.881875,107.818985
84,2025-07-03 12:00:00+05:30,6.8423676,88.4926,9.743305,101.72509
85,2025-07-03 13:00:00+05:30,9.418661,153.9247,11.843124,155.77226
86,2025-07-03 14:00:00+05:30,4.5536795,161.56496,6.5520988,164.05453
87,2025-07-03 15:00:00+05:30,8.688613,166.82744,12.043869,170.53775
88,2025-07-03 16:00:00+05:30,6.206738,106.85848,8.305396,119.89881
89,2025-07-03 17:00:00+05:30,4.802999,167.00539,8.197414,171.15826
90,2025-07-03 18:00:00+05:30,9.354806,149.98172,18.25026,157.98866
91,2025-07-03 19:00:00+05:30,8.211235,153.9967,16.546297,165.5102
92,2025-07-03 20:00:00+05:30,5.9834766,158.83867,14.668619,165.7932
93,2025-07-03 21:00:00+05:30,8.155807,157.96371,17.085785,168.45334
94,2025-07-03 22:00:00+05:30,6.5693827,170.53775,15.484185,178.66782
95,2025-07-03 23:00:00+05:30,5.1826253,159.67677,13.861168,180.74405
96,2025-07-04 00:00:00+05:30,4.1085763,208.8107,11.052058,210.32352
97,2025-07-04 01:00:00+05:30,7.9077177,168.17854,15.12107,179.31796
98,2025-07-04 02:00:00+05:30,5.5216303,160.9743,13.039754,186.3401
99,2025-07-04 03:00:00+05:30,5.072041,152.52565,11.879999,180.0
100,2025-07-04 04:00:00+05:30,5.0975285,132.13753,9.531505,169.11452
101,2025-07-04 05:00:00+05:30,4.4565907,133.36346,9.354806,168.90631
102,2025-07-04 06:00:00+05:30,8.891344,201.37068,14.01806,204.26129
103,2025-07-04 07:00:00+05:30,6.945761,211.21834,9.7880945,212.22873
104,2025-07-04 08:00:00+05:30,6.601363,191.0035,8.790563,190.6196
105,2025-07-04 09:00:00+05:30,3.4152596,198.43504,4.445672,201.37068
106,2025-07-04 10:00:00+05:30,6.7205353,172.30405,8.507737,173.92764
107,2025-07-04 11:00:00+05:30,6.7205353,187.69595,8.37532,188.65247
108,2025-07-04 12:00:00+05:30,5.6492476,210.65059,7.193247,211.70139
109,2025-07-04 13:00:00+05:30,9.3669195,177.79745,12.0653715,178.29022
110,2025-07-04 14:00:00+05:30,8.244708,216.11943,12.193589,211.10875
111,2025-07-04 15:00:00+05:30,6.696387,216.25392,9.7880945,212.22873
112,2025-07-04 16:00:00+05:30,7.731622,192.09474,11.226575,192.03058
113,2025-07-04 17:00:00+05:30,9.3876505,184.39862,17.893484,185.19434
114,2025-07-04 18:00:00+05:30,10.08,180.0,18.374111,182.2457
115,2025-07-04 19:00:00+05:30,7.3799996,180.0,15.517629,183.99083
116,2025-07-04 20:00:00+05:30,5.8769383,152.6502,13.451914,167.63751
117,2025-07-04 21:00:00+05:30,6.618519,135.0001,14.007655,154.09355
118,2025-07-04 22:00:00+05:30,6.698806,149.30035,15.027575,161.1309
119,2025-07-04 23:00:00+05:30,5.020677,165.4655,13.14,180.0
120,2025-07-05 00:00:00+05:30,6.12,180.0,14.6254835,193.52318
121,2025-07-05 01:00:00+05:30,5.223103,178.02512,13.499999,196.26028
122,2025-07-05 02:00:00+05:30,3.964089,182.60251,10.8015,203.57472
123,2025-07-05 03:00:00+05:30,4.913044,188.42688,12.56008,205.4633
124,2025-07-05 04:00:00+05:30,5.8769383,207.3498,14.4,216.86998
125,2025-07-05 05:00:00+05:30,5.8048253,209.7448,12.37819,220.87231
126,2025-07-05 06:00:00+05:30,7.928177,140.52757,13.363711,152.74475
127,2025-07-05 07:00:00+05:30,7.0774574,172.69434,10.446206,178.02512
128,2025-07-05 08:00:00+05:30,6.7205353,172.30405,8.656858,176.42374
129,2025-07-05 09:00:00+05:30,5.3305535,191.68935,6.8541956,193.67133
130,2025-07-05 10:00:00+05:30,5.2939587,197.81898,6.5520988,200.92458
131,2025-07-05 11:00:00+05:30,5.6920996,198.43504,7.229191,198.88618
132,2025-07-05 12:00:00+05:30,5.2694216,187.85323,6.3639607,188.13002
133,2025-07-05 13:00:00+05:30,12.661564,194.82652,18.123774,195.55463
134,2025-07-05 14:00:00+05:30,5.7204895,155.85446,8.027677,160.34608
135,2025-07-05 15:00:00+05:30,5.9644947,174.80566,7.9383874,176.09958
136,2025-07-05 16:00:00+05:30,8.885877,186.98096,11.901798,183.46815
137,2025-07-05 17:00:00+05:30,7.6367526,188.13002,11.391313,185.44025
138,2025-07-05 18:00:00+05:30,7.674842,129.2894,14.082628,144.88791
139,2025-07-05 19:00:00+05:30,7.5019197,120.256355,15.021105,134.02907
140,2025-07-05 20:00:00+05:30,9.835975,145.43741,18.519018,154.68036
141,2025-07-05 21:00:00+05:30,10.814989,161.56496,20.038294,165.96373
142,2025-07-05 22:00:00+05:30,9.854075,170.53775,18.687086,172.80663
143,2025-07-05 23:00:00+05:30,7.7420926,178.66782,14.978984,184.1346
144,2025-07-06 00:00:00+05:30,6.8399997,180.0,11.304229,189.16228
145,2025-07-06 01:00:00+05:30,6.66,161.07526,11.032987,174.3825
146,2025-07-06 02:00:00+05:30,5.9427266,178.26433,8.461914,178.78116
147,2025-07-06 03:00:00+05:30,7.968939,198.43504,12.580699,199.21277
148,2025-07-06 04:00:00+05:30,2.5455842,188.13002,3.964089,182.60251
149,2025-07-06 05:00:00+05:30,2.19718,124.992096,3.693291,133.02507
150,2025-07-06 06:00:00+05:30,10.248941,120.61853,15.589497,121.30406
151,2025-07-06 07:00:00+05:30,9.114471,170.9098,13.822546,171.76447
152,2025-07-06 08:00:00+05:30,6.6624317,141.58191,8.209263,142.12495
153,2025-07-06 09:00:00+05:30,7.1321807,137.04541,9.037721,135.80684
154,2025-07-06 10:00:00+05:30,4.7928696,124.286934,5.991594,122.73522
155,2025-07-06 11:00:00+05:30,4.965521,136.46873,6.114703,137.38599
156,2025-07-06 12:00:00+05:30,5.7402787,138.81418,7.145796,139.08571
157,2025-07-06 13:00:00+05:30,5.7402787,131.18582,7.3997297,131.05472
158,2025-07-06 14:00:00+05:30,6.2067385,119.53869,8.149847,120.529625
159,2025-07-06 15:00:00+05:30,4.0249224,100.30479,5.3699164,103.57046
160,2025-07-06 16:00:00+05:30,4.952453,109.09359,6.7205353,110.37652
161,2025-07-06 17:00:00+05:30,6.7757506,140.38934,11.583108,134.37048
162,2025-07-06 18:00:00+05:30,3.4623692,62.10283,8.849339,94.66678
163,2025-07-06 19:00:00+05:30,5.8409934,56.309914,12.882267,74.60439
164,2025-07-06 20:00:00+05:30,4.32,90.0,11.578912,101.65926
165,2025-07-06 21:00:00+05:30,5.318383,113.962494,13.213765,127.806595
166,2025-07-06 22:00:00+05:30,8.604301,127.34943,17.183167,134.57564
167,2025-07-06 23:00:00+05:30,7.689603,122.57404,14.81915,130.07283
168,2025-07-07 00:00:00+05:30,6.76618,118.61037,13.684735,125.36255
169,2025-07-07 01:00:00+05:30,8.225035,113.198616,14.973577,117.18103
170,2025-07-07 02:00:00+05:30,7.562142,91.3639,14.830076,95.572105
171,2025-07-07 03:00:00+05:30,8.350138,82.56869,15.84409,88.69808
172,2025-07-07 04:00:00+05:30,9.444426,82.33328,17.288435,88.21013
173,2025-07-07 05:00:00+05:30,8.36758,71.1752,15.122143,81.098366
174,2025-07-07 06:00:00+05:30,8.350138,82.56869,11.712455,87.35751
175,2025-07-07 07:00:00+05:30,7.24486,116.56499,10.304114,117.01259
176,2025-07-07 08:00:00+05:30,7.689603,122.57404,10.134495,123.407845
177,2025-07-07 09:00:00+05:30,8.891343,148.24057,12.039833,148.44867
178,2025-07-07 10:00:00+05:30,6.299999,143.13002,8.099999,143.13002
179,2025-07-07 11:00:00+05:30,5.8769383,152.6502,7.4128532,150.9455
180,2025-07-07 12:00:00+05:30,4.514377,184.57384,5.9427266,181.73567
181,2025-07-07 13:00:00+05:30,5.297018,170.21767,6.898956,172.50424
182,2025-07-07 14:00:00+05:30,8.209263,164.74483,9.914717,164.19742
183,2025-07-07 15:00:00+05:30,8.4042845,170.13426,13.084402,172.09293
184,2025-07-07 16:00:00+05:30,10.158444,187.12492,15.833861,188.49847
185,2025-07-07 17:00:00+05:30,7.922045,181.30193,15.206537,186.1154
186,2025-07-07 18:00:00+05:30,2.5455842,171.86998,6.0721655,191.9761
187,2025-07-07 19:00:00+05:30,6.1226463,155.69547,10.814989,161.56496
188,2025-07-07 20:00:00+05:30,7.42159,165.96373,16.16496,172.32112
189,2025-07-07 21:00:00+05:30,6.130579,176.6336,13.110376,188.68628
190,2025-07-07 22:00:00+05:30,6.3639607,171.86998,11.966953,186.91113
191,2025-07-07 23:00:00+05:30,5.2478566,157.8336,10.285232,175.9859
192,2025-07-08 00:00:00+05:30,7.989242,157.47939,14.000713,171.86998
193,2025-07-08 01:00:00+05:30,5.3999996,126.86998,7.9036193,149.9315
194,2025-07-08 02:00:00+05:30,7.596341,143.67308,12.881008,146.97612
195,2025-07-08 03:00:00+05:30,4.8965297,126.027466,8.783189,134.16977
196,2025-07-08 04:00:00+05:30,3.4623692,152.10283,7.491114,144.78232
197,2025-07-08 05:00:00+05:30,4.978554,130.60121,9.801326,134.25603
198,2025-07-08 06:00:00+05:30,5.072041,207.47435,11.08572,212.39983
199,2025-07-08 07:00:00+05:30,8.953078,210.17343,17.0763,214.69522
200,2025-07-08 08:00:00+05:30,13.281023,212.82854,21.966637,213.29944
201,2025-07-08 09:00:00+05:30,9.5416975,215.78906,15.602999,219.3824
202,2025-07-08 10:00:00+05:30,9.354806,210.01828,13.529966,213.05583
203,2025-07-08 11:00:00+05:30,9.906544,204.70241,15.216123,207.47435
204,2025-07-08 12:00:00+05:30,10.934166,200.22495,16.34832,200.62996
205,2025-07-08 13:00:00+05:30,8.139901,198.03438,11.903159,200.35332
206,2025-07-08 14:00:00+05:30,8.107996,182.54475,11.016824,184.6858
207,2025-07-08 15:00:00+05:30,11.341428,180.90936,16.04526,183.21542
208,2025-07-08 16:00:00+05:30,12.7279215,188.13002,19.67936,188.9453
209,2025-07-08 17:00:00+05:30,10.4166975,170.04944,19.32801,175.19214
210,2025-07-08 18:00:00+05:30,10.105681,175.91446,19.44,180.0
211,2025-07-08 19:00:00+05:30,9.600937,173.54128,19.101213,182.70058
212,2025-07-08 20:00:00+05:30,9.627896,159.19313,18.94024,171.25392
213,2025-07-08 21:00:00+05:30,11.269782,153.43501,21.576738,160.50685
214,2025-07-08 22:00:00+05:30,11.225132,164.18074,22.277134,167.87292
215,2025-07-08 23:00:00+05:30,10.8015,156.42528,21.004541,162.03078
216,2025-07-09 00:00:00+05:30,10.464797,153.43501,20.155178,162.85957
217,2025-07-09 01:00:00+05:30,13.971757,165.06853,25.303928,171.40886
218,2025-07-09 02:00:00+05:30,10.742848,148.70702,20.590143,157.91951
219,2025-07-09 03:00:00+05:30,9.939196,144.58286,19.319628,153.43501
220,2025-07-09 04:00:00+05:30,9.266067,155.9245,18.965033,163.45694
221,2025-07-09 05:00:00+05:30,9.459852,158.80588,18.675812,169.44824
222,2025-07-09 06:00:00+05:30,12.431734,177.5105,22.96182,185.39766
223,2025-07-09 07:00:00+05:30,11.989945,172.23492,19.98,180.0
224,2025-07-09 08:00:00+05:30,11.016824,175.3142,19.623302,181.05116
225,2025-07-09 09:00:00+05:30,12.093534,175.7322,20.01969,183.6084
226,2025-07-09 10:00:00+05:30,12.168319,172.34944,18.129137,173.15732
227,2025-07-09 11:00:00+05:30,16.215992,177.45525,23.226276,178.66782
228,2025-07-09 12:00:00+05:30,14.224556,178.54982,20.703129,179.00368
229,2025-07-09 13:00:00+05:30,17.122723,192.13681,23.723152,191.82146
230,2025-07-09 14:00:00+05:30,14.934577,195.37631,21.612747,194.9622
231,2025-07-09 15:00:00+05:30,10.813492,182.86235,18.089775,185.7105
232,2025-07-09 16:00:00+05:30,11.525623,178.21013,20.532627,182.0095
233,2025-07-09 17:00:00+05:30,10.6261,181.94144,19.361507,185.8695
234,2025-07-09 18:00:00+05:30,8.14587,135.0001,17.169018,150.47873
235,2025-07-09 19:00:00+05:30,11.599879,131.85495,22.039528,141.63248
236,2025-07-09 20:00:00+05:30,11.079873,136.97493,21.573734,144.85124
237,2025-07-09 21:00:00+05:30,11.778658,141.20343,22.268406,147.20912
238,2025-07-09 22:00:00+05:30,9.587428,140.3322,19.878391,144.58286
239,2025-07-09 23:00:00+05:30,10.441551,125.88223,20.746122,128.65982
240,2025-07-10 00:00:00+05:30,12.616702,132.10866,23.928492,135.0001
241,2025-07-10 01:00:00+05:30,10.285232,147.14429,19.66948,150.38528
242,2025-07-10 02:00:00+05:30,9.648067,143.3438,18.374992,150.67291
243,2025-07-10 03:00:00+05:30,12.383424,147.46495,21.578989,152.15251
244,2025-07-10 04:00:00+05:30,10.944532,143.69542,19.513195,150.1241
245,2025-07-10 05:00:00+05:30,10.948973,136.33215,19.404133,142.91742
246,2025-07-10 06:00:00+05:30,12.039833,148.44867,20.70704,155.8858
247,2025-07-10 07:00:00+05:30,10.966713,156.80138,17.02404,160.22383
248,2025-07-10 08:00:00+05:30,9.97986,140.85602,13.356437,142.66673
249,2025-07-10 09:00:00+05:30,11.090103,144.24602,14.926983,146.3099
250,2025-07-10 10:00:00+05:30,10.9859,145.0079,14.277983,146.3099
251,2025-07-10 11:00:00+05:30,11.144021,148.8776,14.602204,149.64197
252,2025-07-10 12:00:00+05:30,11.113451,155.09526,14.572221,154.38457
253,2025-07-10 13:00:00+05:30,15.034041,163.30067,19.533937,163.40182
254,2025-07-10 14:00:00+05:30,8.3520775,142.88306,12.682018,145.40765
255,2025-07-10 15:00:00+05:30,9.807935,137.2312,16.135872,141.34016
256,2025-07-10 16:00:00+05:30,12.081473,155.34412,19.888983,158.77628
257,2025-07-10 17:00:00+05:30,11.612441,161.00325,21.459291,161.41298
258,2025-07-10 18:00:00+05:30,7.7879906,146.3099,17.307167,153.43501
259,2025-07-10 19:00:00+05:30,11.207801,150.14108,22.137074,153.43501
260,2025-07-10 20:00:00+05:30,11.144021,148.8776,21.768095,150.2552
261,2025-07-10 21:00:00+05:30,9.82114,138.7154,19.656296,142.81522
262,2025-07-10 22:00:00+05:30,8.65873,133.31535,18.335276,136.5911
263,2025-07-10 23:00:00+05:30,7.5942082,121.42952,17.085785,131.58331
264,2025-07-11 00:00:00+05:30,7.1684303,118.495544,16.502182,129.24542
265,2025-07-11 01:00:00+05:30,7.0199995,112.61991,15.735336,125.69015
266,2025-07-11 02:00:00+05:30,7.7420926,107.592514,16.74387,116.84043
267,2025-07-11 03:00:00+05:30,7.968939,108.43504,16.1198,119.42737
268,2025-07-11 04:00:00+05:30,8.311245,94.96966,17.069656,104.03627
269,2025-07-11 05:00:00+05:30,9.0,106.26028,16.854767,109.98319
270,2025-07-11 06:00:00+05:30,8.035746,105.59287,14.039999,112.61991
271,2025-07-11 07:00:00+05:30,10.97262,131.00899,15.697197,130.81499
272,2025-07-11 08:00:00+05:30,9.587428,140.3322,13.15971,139.9938
273,2025-07-11 09:00:00+05:30,11.1090765,153.01985,15.133923,153.13026
274,2025-07-11 10:00:00+05:30,8.43699,146.3099,10.883676,145.78424
275,2025-07-11 11:00:00+05:30,9.485504,123.388535,12.566526,128.019
276,2025-07-11 12:00:00+05:30,8.942214,139.89915,12.475961,136.16905
277,2025-07-11 13:00:00+05:30,11.230904,173.5585,15.629972,172.05663
278,2025-07-11 14:00:00+05:30,7.415038,174.4279,10.538843,172.14677
279,2025-07-11 15:00:00+05:30,6.2613096,161.56496,8.538149,161.56496
280,2025-07-11 16:00:00+05:30,9.568824,163.61038,13.499999,163.73972
281,2025-07-11 17:00:00+05:30,7.2,180.0,13.321216,179.2258
282,2025-07-11 18:00:00+05:30,4.503598,92.29056,10.9859,108.138176
283,2025-07-11 19:00:00+05:30,6.6697226,86.906006,14.588885,99.22981
284,2025-07-11 20:00:00+05:30,10.8792095,128.95592,20.746122,128.65982
285,2025-07-11 21:00:00+05:30,7.9220443,158.68202,16.640022,164.30994
286,2025-07-11 22:00:00+05:30,4.952453,160.90642,14.474059,169.24908
287,2025-07-11 23:00:00+05:30,4.186693,154.5367,12.466867,175.03035
288,2025-07-12 00:00:00+05:30,3.3092594,135.0001,8.880405,162.29948
289,2025-07-12 01:00:00+05:30,0.71999997,90.0,4.896529,197.10281
290,2025-07-12 02:00:00+05:30,4.8466477,105.06854,7.889258,124.77791
291,2025-07-12 03:00:00+05:30,8.863972,113.962494,16.332458,121.938416
292,2025-07-12 04:00:00+05:30,6.830519,108.43504,13.767352,115.55992
293,2025-07-12 05:00:00+05:30,7.8149853,128.45374,15.077082,123.310646
294,2025-07-12 06:00:00+05:30,7.329338,155.32315,14.401124,161.79143
295,2025-07-12 07:00:00+05:30,6.792466,147.99466,10.070353,151.14444
296,2025-07-12 08:00:00+05:30,6.544677,121.50421,8.891343,121.75944
297,2025-07-12 09:00:00+05:30,7.329338,114.67685,9.743304,115.14475
298,2025-07-12 10:00:00+05:30,9.059205,130.97165,11.870451,130.69543
299,2025-07-12 11:00:00+05:30,7.386582,136.97493,9.292254,135.78474
300,2025-07-12 12:00:00+05:30,7.344794,143.97253,9.252069,142.90709
301,2025-07-12 13:00:00+05:30,4.755544,119.4758,5.815978,111.801476
302,2025-07-12 14:00:00+05:30,15.856356,182.60251,22.737783,184.08554
303,2025-07-12 15:00:00+05:30,11.966954,226.2188,16.802786,225.86795
304,2025-07-12 16:00:00+05:30,3.7842832,64.65388,5.1197267,79.87539
305,2025-07-12 17:00:00+05:30,3.9966483,125.837746,6.015878,128.92755
306,2025-07-12 18:00:00+05:30,5.7599998,180.0,14.238215,177.10149
307,2025-07-12 19:00:00+05:30,2.4216523,138.01286,9.059205,159.04414
308,2025-07-12 20:00:00+05:30,4.2136917,160.0168,11.132385,165.96373
309,2025-07-12 21:00:00+05:30,4.752136,142.69597,12.810386,160.29193
310,2025-07-12 22:00:00+05:30,4.2136917,109.98319,11.079873,133.02507
311,2025-07-12 23:00:00+05:30,3.644722,110.22495,10.261579,127.875046
312,2025-07-13 00:00:00+05:30,3.143565,113.62939,9.587428,129.6678
313,2025-07-13 01:00:00+05:30,1.7076298,71.564964,6.698806,120.699646
314,2025-07-13 02:00:00+05:30,3.572898,40.9143,6.778141,79.28693
315,2025-07-13 03:00:00+05:30,5.1481256,53.530666,11.043261,70.974304
316,2025-07-13 04:00:00+05:30,4.452954,75.96373,11.881363,90.868034
317,2025-07-13 05:00:00+05:30,4.896529,72.89719,11.362834,93.63288
318,2025-07-13 06:00:00+05:30,1.2074767,206.56499,2.16,90.0
319,2025-07-13 07:00:00+05:30,1.6199999,270.0,1.98,270.0
320,2025-07-13 08:00:00+05:30,8.78872,55.0079,11.384198,55.304783
321,2025-07-13 09:00:00+05:30,5.5829024,69.22767,8.027677,70.346085
322,2025-07-13 10:00:00+05:30,5.020677,75.46551,6.6794305,75.96373
323,2025-07-13 11:00:00+05:30,11.334285,122.68055,15.22783,122.93869
324,2025-07-13 12:00:00+05:30,5.983477,164.2913,7.7983837,161.14674
325,2025-07-13 13:00:00+05:30,4.353619,187.12492,5.7599998,180.0
326,2025-07-13 14:00:00+05:30,3.396233,212.00534,4.445672,201.37068
327,2025-07-13 15:00:00+05:30,4.3349743,184.76355,5.9399996,180.0
328,2025-07-13 16:00:00+05:30,9.195868,86.633606,12.431734,87.5105
329,2025-07-13 17:00:00+05:30,7.0015144,107.96923,10.8792095,106.33612
330,2025-07-13 18:00:00+05:30,3.671294,101.3099,10.387107,117.89718
331,2025-07-13 19:00:00+05:30,3.7842832,92.72626,9.83268,113.749504
332,2025-07-13 20:00:00+05:30,1.5379207,20.556128,4.3349743,94.76356
333,2025-07-13 21:00:00+05:30,7.7420926,35.537766,13.072015,51.709793
334,2025-07-13 22:00:00+05:30,6.59154,34.9921,13.902015,48.674606
335,2025-07-13 23:00:00+05:30,7.4128532,29.054508,16.024044,38.157276
336,2025-07-14 00:00:00+05:30,6.854195,29.931421,15.266079,37.815796
337,2025-07-14 01:00:00+05:30,8.43699,11.07017,16.45007,23.198618
338,2025-07-14 02:00:00+05:30,10.1456785,25.201094,18.620214,29.5387
339,2025-07-14 03:00:00+05:30,12.284918,39.05314,20.98911,36.280357
340,2025-07-14 04:00:00+05:30,11.966954,46.2188,19.983242,45.364902
341,2025-07-14 05:00:00+05:30,11.1090765,40.399834,18.852798,42.67845
342,2025-07-14 06:00:00+05:30,19.734436,345.2032,32.957207,353.729
343,2025-07-14 07:00:00+05:30,19.540573,328.9458,31.888458,337.77814
344,2025-07-14 08:00:00+05:30,21.94524,318.991,35.346058,326.6336
345,2025-07-14 09:00:00+05:30,26.189846,330.7925,41.514103,338.10626
346,2025-07-14 10:00:00+05:30,24.948025,8.714657,40.22748,15.839828
347,2025-07-14 11:00:00+05:30,23.242315,7.5652313,36.373363,12.86711
348,2025-07-14 12:00:00+05:30,16.802786,314.13205,25.5961,323.29117
349,2025-07-14 13:00:00+05:30,15.316933,267.30576,21.96,270.0
350,2025-07-14 14:00:00+05:30,16.74387,243.15956,26.61323,246.90315
351,2025-07-14 15:00:00+05:30,18.75631,232.80011,30.509867,235.09099
352,2025-07-14 16:00:00+05:30,15.3771,218.34561,25.845516,226.41087
353,2025-07-14 17:00:00+05:30,15.070633,209.32037,27.014996,214.96082
354,2025-07-14 18:00:00+05:30,12.429127,190.00792,23.712223,195.40776
355,2025-07-14 19:00:00+05:30,10.564941,193.79951,21.522614,194.03627
356,2025-07-14 20:00:00+05:30,10.9859,181.87784,21.152872,185.37091
357,2025-07-14 21:00:00+05:30,11.375658,175.46231,22.320724,180.46204
358,2025-07-14 22:00:00+05:30,14.297258,169.11452,25.385105,173.07664
359,2025-07-14 23:00:00+05:30,13.040997,159.81412,23.619127,165.43419
360,2025-07-15 00:00:00+05:30,11.799271,158.52315,22.007162,164.82703
361,2025-07-15 01:00:00+05:30,10.464798,176.05489,20.163212,181.02301
362,2025-07-15 02:00:00+05:30,9.801326,172.61404,19.087639,181.62111
363,2025-07-15 03:00:00+05:30,10.823973,176.186,20.763294,184.47481
364,2025-07-15 04:00:00+05:30,9.9587345,173.77426,19.440834,180.53049
365,2025-07-15 05:00:00+05:30,9.6228485,172.47627,18.72346,181.10168
366,2025-07-15 06:00:00+05:30,15.301059,179.32597,24.905132,184.14455
367,2025-07-15 07:00:00+05:30,12.921192,198.68744,19.300331,199.61797
368,2025-07-15 08:00:00+05:30,12.976239,203.7204,19.401628,205.8518
369,2025-07-15 09:00:00+05:30,10.070353,208.85556,13.203954,207.61295
370,2025-07-15 10:00:00+05:30,9.2660675,209.0545,12.47726,206.56499
371,2025-07-15 11:00:00+05:30,17.076298,198.43504,22.427162,198.72588
372,2025-07-15 12:00:00+05:30,11.043261,199.0257,17.932371,199.34442
373,2025-07-15 13:00:00+05:30,6.037383,190.3048,9.114471,189.0902
374,2025-07-15 14:00:00+05:30,9.473541,194.30031,13.403656,194.78278
375,2025-07-15 15:00:00+05:30,13.330941,182.32149,18.913708,182.1816
376,2025-07-15 16:00:00+05:30,11.003581,183.75165,18.108572,186.2772
377,2025-07-15 17:00:00+05:30,10.315115,209.24873,17.273436,213.5245
378,2025-07-15 18:00:00+05:30,12.466867,184.96965,22.158285,182.32776
379,2025-07-15 19:00:00+05:30,11.500296,162.69939,20.480488,167.30734
380,2025-07-15 20:00:00+05:30,8.297589,155.65892,18.396141,163.51547
381,2025-07-15 21:00:00+05:30,10.766949,141.78893,21.413193,153.00424
382,2025-07-15 22:00:00+05:30,10.962281,150.4886,21.493237,153.6496
383,2025-07-15 23:00:00+05:30,8.854829,153.43501,18.016191,158.30482
384,2025-07-16 00:00:00+05:30,11.265469,167.074,21.841648,171.46931
385,2025-07-16 01:00:00+05:30,11.726277,162.12122,21.829777,166.65126
386,2025-07-16 02:00:00+05:30,11.503113,159.86362,22.004951,166.75948
387,2025-07-16 03:00:00+05:30,11.566313,159.02643,22.881956,167.27565
388,2025-07-16 04:00:00+05:30,11.566313,159.02643,22.571884,166.62866
389,2025-07-16 05:00:00+05:30,13.141232,156.59529,24.206486,163.58633
390,2025-07-16 06:00:00+05:30,13.282243,153.43501,20.33044,159.80011
391,2025-07-16 07:00:00+05:30,14.275713,166.13895,21.265154,164.78737
392,2025-07-16 08:00:00+05:30,8.865799,174.17375,13.397612,173.82993
393,2025-07-16 09:00:00+05:30,11.384198,145.30478,16.85669,149.87578
394,2025-07-16 10:00:00+05:30,14.092977,155.07155,20.799152,156.54095
395,2025-07-16 11:00:00+05:30,12.157663,154.57317,17.849066,158.09123
396,2025-07-16 12:00:00+05:30,8.461914,178.78116,11.341428,179.09064
397,2025-07-16 13:00:00+05:30,13.170786,176.08183,18.806337,174.50777
398,2025-07-16 14:00:00+05:30,11.5115595,170.09589,16.836496,173.86284
399,2025-07-16 15:00:00+05:30,12.781267,179.19308,18.900856,179.45436
400,2025-07-16 16:00:00+05:30,10.801499,180.95482,17.828178,181.73567
401,2025-07-16 17:00:00+05:30,10.259999,180.0,18.543495,181.11238
402,2025-07-16 18:00:00+05:30,7.6642804,170.53775,17.015474,173.92764
403,2025-07-16 19:00:00+05:30,7.6367526,171.86998,17.123669,176.98727
404,2025-07-16 20:00:00+05:30,7.562142,178.63611,17.280937,180.5968
405,2025-07-16 21:00:00+05:30,8.36758,161.1752,18.179998,168.57884
406,2025-07-16 22:00:00+05:30,9.178235,154.44008,19.41081,161.0609
407,2025-07-16 23:00:00+05:30,8.936777,161.20001,18.64543,167.17122
408,2025-07-17 00:00:00+05:30,7.0911775,156.0375,16.418526,164.74483
409,2025-07-17 01:00:00+05:30,6.452441,157.01126,15.725037,164.05453
410,2025-07-17 02:00:00+05:30,6.391901,170.27249,15.710607,175.4
411,2025-07-17 03:00:00+05:30,5.8631387,162.12122,14.993038,175.17932
412,2025-07-17 04:00:00+05:30,5.8631387,162.12122,14.581113,179.2927
413,2025-07-17 05:00:00+05:30,6.193674,144.46223,13.1041975,164.05453
414,2025-07-17 06:00:00+05:30,6.341009,145.40765,13.605189,162.28412
415,2025-07-17 07:00:00+05:30,8.827344,182.33725,12.605142,181.63654
416,2025-07-17 08:00:00+05:30,8.936778,189.27252,12.399113,189.18877
417,2025-07-17 09:00:00+05:30,8.43699,191.07016,11.578912,191.65926
418,2025-07-17 10:00:00+05:30,8.581677,189.65982,11.659777,188.88058
419,2025-07-17 11:00:00+05:30,9.605998,192.99461,12.9249525,192.875
420,2025-07-17 12:00:00+05:30,9.114471,189.0902,12.371645,188.3658
421,2025-07-17 13:00:00+05:30,10.703569,199.65392,14.068816,196.34825
422,2025-07-17 14:00:00+05:30,10.587918,215.3113,14.233664,212.08215
423,2025-07-17 15:00:00+05:30,11.442394,199.29015,16.224981,197.42995
424,2025-07-17 16:00:00+05:30,11.843124,204.22774,18.152355,202.751
425,2025-07-17 17:00:00+05:30,7.570707,198.00426,15.655861,199.47667
426,2025-07-17 18:00:00+05:30,2.3469126,184.39862,9.243311,186.70975
427,2025-07-17 19:00:00+05:30,4.542994,146.3099,12.710091,167.73524
428,2025-07-17 20:00:00+05:30,5.8104043,163.81073,15.5843,173.36758
429,2025-07-17 21:00:00+05:30,6.698806,173.82993,16.069473,175.50293
430,2025-07-17 22:00:00+05:30,8.027677,160.34608,17.462782,165.67725
431,2025-07-17 23:00:00+05:30,8.431228,163.8865,17.811815,165.96373
432,2025-07-18 00:00:00+05:30,8.4042845,170.13426,17.571909,173.53027
433,2025-07-18 01:00:00+05:30,7.7588143,176.00917,16.740969,180.61604
434,2025-07-18 02:00:00+05:30,6.9550843,190.43742,15.585337,194.03627
435,2025-07-18 03:00:00+05:30,5.9834766,201.16133,14.347028,203.67055
436,2025-07-18 04:00:00+05:30,3.710795,165.96373,10.661107,191.68935
437,2025-07-18 05:00:00+05:30,4.965521,133.53127,9.9977,166.46413
438,2025-07-18 06:00:00+05:30,4.327493,163.0724,6.924738,171.02745
439,2025-07-18 07:00:00+05:30,4.91634,203.7495,7.353611,201.54105
440,2025-07-18 08:00:00+05:30,5.5887027,194.93147,8.197414,199.23076
441,2025-07-18 09:00:00+05:30,9.741642,196.09088,12.810386,197.162
442,2025-07-18 10:00:00+05:30,6.8423676,215.36255,8.893166,215.9422
443,2025-07-18 11:00:00+05:30,6.384293,201.5015,8.461915,203.83875
444,2025-07-18 12:00:00+05:30,7.056826,217.74687,9.3340025,219.5226
445,2025-07-18 13:00:00+05:30,7.3469996,210.96368,9.292255,211.53474
446,2025-07-18 14:00:00+05:30,13.979872,214.50858,18.772715,214.452
447,2025-07-18 15:00:00+05:30,6.130579,183.3664,8.32877,186.20335
448,2025-07-18 16:00:00+05:30,5.3517847,199.65392,7.5213294,201.03758
449,2025-07-18 17:00:00+05:30,5.068846,196.50444,8.958504,202.4428
450,2025-07-18 18:00:00+05:30,5.2478566,185.90605,13.207634,197.44728
451,2025-07-18 19:00:00+05:30,7.7983837,198.85326,17.95404,205.53738
452,2025-07-18 20:00:00+05:30,8.461914,209.29126,19.469976,213.6901
453,2025-07-18 21:00:00+05:30,7.731623,204.77512,17.84271,210.96368
454,2025-07-18 22:00:00+05:30,7.6409945,195.01842,17.399586,204.44394
455,2025-07-18 23:00:00+05:30,7.9526596,185.19434,16.940096,194.7746
456,2025-07-19 00:00:00+05:30,8.790563,190.6196,18.1041,197.35411
457,2025-07-19 01:00:00+05:30,7.771331,193.39252,17.085783,200.3442
458,2025-07-19 02:00:00+05:30,6.9899354,191.88864,16.412603,201.21805
459,2025-07-19 03:00:00+05:30,5.4744864,189.46225,14.4415655,202.72977
460,2025-07-19 04:00:00+05:30,6.130579,183.3664,14.917212,199.74693
461,2025-07-19 05:00:00+05:30,6.698806,186.17007,14.747921,199.9832
462,2025-07-19 06:00:00+05:30,6.7205353,187.69595,14.288191,199.11981
463,2025-07-19 07:00:00+05:30,8.827344,200.28264,12.5032,202.8737
464,2025-07-19 08:00:00+05:30,9.459852,201.19412,12.904882,202.98874
465,2025-07-19 09:00:00+05:30,9.339208,207.55272,12.55879,207.29948
466,2025-07-19 10:00:00+05:30,9.085988,213.6901,11.583109,212.94922
467,2025-07-19 11:00:00+05:30,8.452336,206.56499,10.6261,206.13094
468,2025-07-19 12:00:00+05:30,7.1208143,196.14441,8.827343,196.58742
469,2025-07-19 13:00:00+05:30,5.1575575,209.24873,6.5223618,207.97939
470,2025-07-19 14:00:00+05:30,11.052058,210.32352,14.539945,211.32863
471,2025-07-19 15:00:00+05:30,16.16496,172.32112,22.979452,174.15553
472,2025-07-19 16:00:00+05:30,10.658068,175.15608,16.029097,178.06946
473,2025-07-19 17:00:00+05:30,10.018743,197.78398,17.886242,200.62361
474,2025-07-19 18:00:00+05:30,8.311245,184.96965,17.615187,191.19507
475,2025-07-19 19:00:00+05:30,8.669949,184.76355,18.820976,192.7071
476,2025-07-19 20:00:00+05:30,7.486788,189.68872,17.247156,198.24594
477,2025-07-19 21:00:00+05:30,7.4672885,195.37631,17.48596,200.48709
478,2025-07-19 22:00:00+05:30,7.072878,194.7436,17.193533,199.57321
479,2025-07-19 23:00:00+05:30,5.9427266,181.73567,15.542662,193.39252
480,2025-07-20 00:00:00+05:30,8.82,180.0,19.146112,189.19658
481,2025-07-20 01:00:00+05:30,8.101999,181.273,18.179998,191.42116
482,2025-07-20 02:00:00+05:30,7.208994,177.13765,16.85669,186.74548
483,2025-07-20 03:00:00+05:30,7.256032,172.87508,16.607864,184.351
484,2025-07-20 04:00:00+05:30,5.8048253,172.87508,14.634343,184.93913
485,2025-07-20 05:00:00+05:30,5.426933,174.2895,12.93247,188.80672
486,2025-07-20 06:00:00+05:30,8.297589,167.4712,16.38099,180.62958
487,2025-07-20 07:00:00+05:30,8.669949,184.76355,12.483749,185.79271
488,2025-07-20 08:00:00+05:30,7.8954163,204.22774,10.711135,204.84236
489,2025-07-20 09:00:00+05:30,5.4833565,203.19862,7.256032,203.38524
490,2025-07-20 10:00:00+05:30,4.5572357,189.0902,5.8298883,188.88058
491,2025-07-20 11:00:00+05:30,4.379589,189.46225,5.6262593,187.35228
492,2025-07-20 12:00:00+05:30,4.5891175,205.55992,6.050785,202.751
493,2025-07-20 13:00:00+05:30,2.1674871,175.23645,2.9024127,172.87508
494,2025-07-20 14:00:00+05:30,2.0523157,127.875046,2.8116899,140.19447
495,2025-07-20 15:00:00+05:30,4.755544,209.4758,5.920878,199.53674
496,2025-07-20 16:00:00+05:30,5.48631,221.00899,7.3469996,210.96368
497,2025-07-20 17:00:00+05:30,8.067936,231.34016,12.992459,227.24576
498,2025-07-20 18:00:00+05:30,7.613382,186.78888,16.276815,190.19144
499,2025-07-20 19:00:00+05:30,3.01735,197.35411,8.557102,202.24907
500,2025-07-20 20:00:00+05:30,1.2727921,171.86998,5.5916004,183.69131
501,2025-07-20 21:00:00+05:30,2.226477,194.03627,7.102591,188.74608
502,2025-07-20 22:00:00+05:30,4.5,180.0,12.108261,185.11722
503,2025-07-20 23:00:00+05:30,4.6277857,193.49574,12.979984,199.44012
504,2025-07-21 00:00:00+05:30,3.7971041,211.42952,11.525623,218.65984
505,2025-07-21 01:00:00+05:30,2.9301877,190.6196,9.396275,216.43095
506,2025-07-21 02:00:00+05:30,2.1674871,138.36655,6.206738,196.85847
507,2025-07-21 03:00:00+05:30,1.8532133,119.05451,4.5,180.0
508,2025-07-21 04:00:00+05:30,1.2074767,116.56499,4.175069,187.43132
509,2025-07-21 05:00:00+05:30,1.4058449,129.80553,3.9844694,198.43504
510,2025-07-21 06:00:00+05:30,6.3639607,44.999897,11.734564,20.65899
511,2025-07-21 07:00:00+05:30,6.489992,109.440125,8.350138,97.43131
512,2025-07-21 08:00:00+05:30,4.669604,152.44728,6.3639607,151.2603
513,2025-07-21 09:00:00+05:30,1.0948973,80.53775,1.4512063,82.875084
514,2025-07-21 10:00:00+05:30,1.5484185,305.53775,2.0523157,307.87503
515,2025-07-21 11:00:00+05:30,0.9178235,11.3098955,0.9693296,21.801476
516,2025-07-21 12:00:00+05:30,0.6489992,303.6901,0.6489992,303.6901
517,2025-07-21 13:00:00+05:30,4.8733153,4.23632,5.950899,3.46817
518,2025-07-21 14:00:00+05:30,2.8856194,176.42374,3.0652895,176.6336
519,2025-07-21 15:00:00+05:30,13.767352,191.30989,22.350464,187.86899
520,2025-07-21 16:00:00+05:30,6.898956,187.49576,14.535487,187.82898
521,2025-07-21 17:00:00+05:30,7.7879906,213.6901,12.181624,214.15974
522,2025-07-21 18:00:00+05:30,5.9427266,178.26433,14.05845,182.93561
523,2025-07-21 19:00:00+05:30,3.7971041,211.42952,10.8015,203.57472
524,2025-07-21 20:00:00+05:30,4.186693,205.4633,11.935778,203.08516
525,2025-07-21 21:00:00+05:30,6.379216,196.38962,15.655861,199.47667
526,2025-07-21 22:00:00+05:30,6.2483597,191.6336,15.716793,200.09532
527,2025-07-21 23:00:00+05:30,6.320538,199.9832,15.561414,209.827
528,2025-07-22 00:00:00+05:30,4.755544,209.4758,13.690654,219.1304
529,2025-07-22 01:00:00+05:30,4.3498964,204.44394,12.456468,217.36674
530,2025-07-22 02:00:00+05:30,3.6,216.86998,10.571074,227.07004
531,2025-07-22 03:00:00+05:30,3.0811036,263.29025,10.088033,254.47583
532,2025-07-22 04:00:00+05:30,1.9881649,275.19434,8.32877,263.79663
533,2025-07-22 05:00:00+05:30,1.0495713,329.03632,5.7852573,275.35574
534,2025-07-22 06:00:00+05:30,0.9693296,291.80148,3.5864744,252.47433
535,2025-07-22 07:00:00+05:30,1.4512063,209.7448,2.4216523,221.98714
536,2025-07-22 08:00:00+05:30,2.8116899,219.80553,3.9477081,223.1524
537,2025-07-22 09:00:00+05:30,2.3469129,212.47118,3.148714,210.96368
538,2025-07-22 10:00:00+05:30,2.6999998,180.0,3.244996,176.82024
539,2025-07-22 11:00:00+05:30,3.604497,177.13765,4.323748,177.6141
540,2025-07-22 12:00:00+05:30,3.8183763,188.13002,4.7657523,190.88548
541,2025-07-22 13:00:00+05:30,4.32,180.0,5.2200003,180.0
542,2025-07-22 14:00:00+05:30,5.0688457,186.1154,5.9834766,186.91113
543,2025-07-22 15:00:00+05:30,8.777653,164.53873,12.662843,174.2895
544,2025-07-22 16:00:00+05:30,8.083983,191.5601,11.525623,194.47034
545,2025-07-22 17:00:00+05:30,7.8087645,205.97433,12.642357,208.02441
546,2025-07-22 18:00:00+05:30,4.6800003,202.6199,12.580699,199.21277
547,2025-07-22 19:00:00+05:30,4.6938257,212.47118,12.682018,214.59235
548,2025-07-22 20:00:00+05:30,4.3573384,231.7098,12.229406,227.38597
549,2025-07-22 21:00:00+05:30,3.8939953,213.6901,11.1090765,220.39983
550,2025-07-22 22:00:00+05:30,4.5572357,189.0902,12.409561,203.9625
551,2025-07-22 23:00:00+05:30,5.2694216,187.85323,13.905509,201.25058
552,2025-07-23 00:00:00+05:30,4.379589,189.46225,12.739371,203.30492
553,2025-07-23 01:00:00+05:30,3.9763298,185.19434,11.35285,205.34613
554,2025-07-23 02:00:00+05:30,3.5455887,203.9625,10.373061,218.65982
555,2025-07-23 03:00:00+05:30,2.1674871,175.23645,7.538541,213.31064
556,2025-07-23 04:00:00+05:30,1.835647,191.30989,7.1321807,222.95459
557,2025-07-23 05:00:00+05:30,1.0948973,189.46225,5.7431,237.80429
558,2025-07-23 06:00:00+05:30,0.6489992,303.6901,3.244996,266.82022
559,2025-07-23 07:00:00+05:30,0.54,180.0,1.0182338,224.9999
560,2025-07-23 08:00:00+05:30,0.9178235,258.6901,1.2727921,278.13
561,2025-07-23 09:00:00+05:30,5.020677,75.46551,6.5049515,75.57919
562,2025-07-23 10:00:00+05:30,9.6480665,75.96373,12.616703,75.96373
563,2025-07-23 11:00:00+05:30,6.2145634,79.99209,8.083983,78.4399
564,2025-07-23 12:00:00+05:30,4.5,73.73973,5.637765,73.300674
565,2025-07-23 13:00:00+05:30,5.6835546,79.04598,7.3094187,80.07382
566,2025-07-23 14:00:00+05:30,5.0528407,94.08554,6.489992,93.17977
567,2025-07-23 15:00:00+05:30,2.4482648,126.027466,3.244996,123.6901
568,2025-07-23 16:00:00+05:30,5.7515564,159.86362,7.7983837,161.14674
569,2025-07-23 17:00:00+05:30,8.507737,186.07236,15.941944,186.48297
570,2025-07-23 18:00:00+05:30,5.2939587,197.81898,13.036026,197.68448
571,2025-07-23 19:00:00+05:30,9.354806,210.01828,19.820442,214.26738
572,2025-07-23 20:00:00+05:30,7.562142,218.23386,17.339897,221.63345
573,2025-07-23 21:00:00+05:30,7.1321807,227.04541,16.848999,229.3324
574,2025-07-23 22:00:00+05:30,5.369916,230.44037,14.277983,236.3099
575,2025-07-23 23:00:00+05:30,4.3349743,265.23645,12.358542,257.38068
576,2025-07-24 00:00:00+05:30,2.0124612,333.43503,7.172949,287.52567
577,2025-07-24 01:00:00+05:30,3.462369,8.97255,8.209263,344.7448
578,2025-07-24 02:00:00+05:30,3.219938,26.564985,7.771331,13.392516
579,2025-07-24 03:00:00+05:30,2.5772078,102.09474,5.7515564,69.86362
580,2025-07-24 04:00:00+05:30,1.9134263,48.814175,5.2478566,59.03632
581,2025-07-24 05:00:00+05:30,2.34,360.0,4.91634,23.749514
582,2025-07-24 06:00:00+05:30,4.913044,8.426887,10.662626,21.801476
583,2025-07-24 07:00:00+05:30,5.4149795,344.57776,12.193588,351.51114
584,2025-07-24 08:00:00+05:30,2.6999998,36.86998,4.186693,25.463305
585,2025-07-24 09:00:00+05:30,5.4744864,43.667847,7.256032,43.995014
586,2025-07-24 10:00:00+05:30,7.970972,25.407679,10.874741,24.443953
587,2025-07-24 11:00:00+05:30,5.991594,57.264786,8.037761,55.954018
588,2025-07-24 12:00:00+05:30,9.139322,57.875034,12.13499,57.72439
589,2025-07-24 13:00:00+05:30,8.3520775,52.883057,10.692969,53.901627
590,2025-07-24 14:00:00+05:30,6.9527545,68.74943,9.360001,67.3801
591,2025-07-24 15:00:00+05:30,7.7734165,95.31445,10.299397,95.01302
592,2025-07-24 16:00:00+05:30,7.653705,131.18582,10.486448,129.42778
593,2025-07-24 17:00:00+05:30,6.2067385,150.46132,11.792404,148.73633
594,2025-07-24 18:00:00+05:30,1.484318,104.03627,5.6262593,97.35229
595,2025-07-24 19:00:00+05:30,0.35999998,90.0,2.5772078,77.90526
596,2025-07-24 20:00:00+05:30,1.98,90.0,4.724786,72.25524
597,2025-07-24 21:00:00+05:30,5.0142193,21.037588,7.486788,9.688724
598,2025-07-24 22:00:00+05:30,8.863972,336.0375,15.767219,341.35812
599,2025-07-24 23:00:00+05:30,7.8583965,20.095322,14.84318,14.036275
600,2025-07-25 00:00:00+05:30,6.8423676,1.5074003,13.330941,2.3214905
601,2025-07-25 01:00:00+05:30,8.61371,26.029541,17.870834,26.3069
602,2025-07-25 02:00:00+05:30,7.8087645,25.974339,15.435983,31.651222
603,2025-07-25 03:00:00+05:30,8.085988,16.82149,15.865546,24.820515
604,2025-07-25 04:00:00+05:30,8.777653,15.461285,16.78156,22.714453
605,2025-07-25 05:00:00+05:30,11.995349,25.795975,20.875343,29.438406
606,2025-07-25 06:00:00+05:30,10.583326,41.552525,16.546299,44.999897
607,2025-07-25 07:00:00+05:30,12.43434,67.8905,19.15288,68.498505
608,2025-07-25 08:00:00+05:30,12.750811,71.053406,20.327251,73.009094
609,2025-07-25 09:00:00+05:30,15.244842,67.06787,21.933426,66.801384
610,2025-07-25 10:00:00+05:30,14.292725,73.162445,19.60761,74.5603
611,2025-07-25 11:00:00+05:30,10.948973,62.59251,15.137133,64.65388
612,2025-07-25 12:00:00+05:30,12.662843,95.7105,16.63905,95.58715
613,2025-07-25 13:00:00+05:30,7.0407386,122.471176,11.276967,114.51963
614,2025-07-25 14:00:00+05:30,11.885453,125.13428,15.661035,127.52851
615,2025-07-25 15:00:00+05:30,9.236298,146.92932,11.679212,151.46011
616,2025-07-25 16:00:00+05:30,14.857362,199.09358,24.502487,201.09802
617,2025-07-25 17:00:00+05:30,16.87878,187.35228,28.467329,189.46225
618,2025-07-25 18:00:00+05:30,18.59845,165.42575,31.241796,168.3664
619,2025-07-25 19:00:00+05:30,19.514856,165.5792,33.25375,168.44681
620,2025-07-25 20:00:00+05:30,18.88628,157.59012,32.10667,162.37761
621,2025-07-25 21:00:00+05:30,19.070658,160.70985,32.131382,165.73018
622,2025-07-25 22:00:00+05:30,18.083506,157.77492,30.80946,163.3648
623,2025-07-25 23:00:00+05:30,17.441433,148.9349,29.787142,154.20921
624,2025-07-26 00:00:00+05:30,18.307865,149.90585,31.233501,153.28735
625,2025-07-26 01:00:00+05:30,16.701244,149.56584,27.946993,155.25066
626,2025-07-26 02:00:00+05:30,16.204998,139.05365,27.722336,142.38597
627,2025-07-26 03:00:00+05:30,15.910412,135.4583,27.059933,139.31612
628,2025-07-26 04:00:00+05:30,15.03835,132.0891,25.715443,136.13434
629,2025-07-26 05:00:00+05:30,13.581354,124.74325,23.980564,127.9882
630,2025-07-26 06:00:00+05:30,14.879153,145.34862,23.372984,147.90111
631,2025-07-26 07:00:00+05:30,11.778658,141.20343,18.978693,144.65175
632,2025-07-26 08:00:00+05:30,14.148046,143.2758,21.175837,144.6887
633,2025-07-26 09:00:00+05:30,15.266079,142.1842,21.45627,142.84163
634,2025-07-26 10:00:00+05:30,15.12964,145.17545,20.917982,146.5834
635,2025-07-26 11:00:00+05:30,18.820976,167.2929,26.983194,166.8908
636,2025-07-26 12:00:00+05:30,14.934577,164.62369,21.17354,165.72745
637,2025-07-26 13:00:00+05:30,13.701299,170.1665,19.146112,170.80342
638,2025-07-26 14:00:00+05:30,13.619471,172.40544,18.175545,172.03047
639,2025-07-26 15:00:00+05:30,16.24394,167.19574,22.842983,167.71606
640,2025-07-26 16:00:00+05:30,15.188415,174.55975,22.782625,174.55975
641,2025-07-26 17:00:00+05:30,13.709573,176.23604,23.226276,178.66782
642,2025-07-26 18:00:00+05:30,9.983106,154.35904,19.581154,161.23184
643,2025-07-26 19:00:00+05:30,8.133928,155.13632,17.534994,162.68097
644,2025-07-26 20:00:00+05:30,9.178235,154.44008,19.586117,162.89719
645,2025-07-26 21:00:00+05:30,9.627896,159.19313,20.345573,166.70142
646,2025-07-26 22:00:00+05:30,9.449572,162.25523,20.06334,170.70677
647,2025-07-26 23:00:00+05:30,9.708326,169.31514,19.852295,175.84044
648,2025-07-27 00:00:00+05:30,8.473393,167.73524,17.852697,176.53185
649,2025-07-27 01:00:00+05:30,8.936778,170.72748,18.941954,176.186
650,2025-07-27 02:00:00+05:30,8.338489,166.26372,18.108572,173.7228
651,2025-07-27 03:00:00+05:30,7.406295,154.05775,16.109747,166.42955
652,2025-07-27 04:00:00+05:30,7.247096,165.61858,16.024044,178.71269
653,2025-07-27 05:00:00+05:30,7.970972,173.51703,16.120806,186.41075
654,2025-07-27 06:00:00+05:30,10.897063,210.80138,18.522516,214.30785
655,2025-07-27 07:00:00+05:30,10.075177,228.62158,15.172409,228.36656
656,2025-07-27 08:00:00+05:30,11.5887,223.11183,16.293728,224.10492
657,2025-07-27 09:00:00+05:30,11.599879,228.14505,15.426535,228.31104
658,2025-07-27 10:00:00+05:30,9.931042,223.53127,12.855831,224.4328
659,2025-07-27 11:00:00+05:30,8.783189,224.16977,11.074023,224.34154
660,2025-07-27 12:00:00+05:30,7.6388745,214.43904,9.585739,214.28693
661,2025-07-27 13:00:00+05:30,9.568824,196.38962,12.466867,197.6502
662,2025-07-27 14:00:00+05:30,10.739833,193.57045,14.36621,195.25517
663,2025-07-27 15:00:00+05:30,13.248049,216.7143,20.073025,212.54999
664,2025-07-27 16:00:00+05:30,9.867218,231.66663,15.053425,228.87862
665,2025-07-27 17:00:00+05:30,8.854829,206.56499,16.85669,210.12422
666,2025-07-27 18:00:00+05:30,3.8521678,232.59457,11.091564,228.28934
667,2025-07-27 19:00:00+05:30,5.004518,217.6943,12.961249,217.66568
668,2025-07-27 20:00:00+05:30,4.2366967,192.26476,12.647482,204.37645
669,2025-07-27 21:00:00+05:30,4.514377,175.42616,13.262714,198.18913
670,2025-07-27 22:00:00+05:30,7.562142,178.63611,16.59225,195.09163
671,2025-07-27 23:00:00+05:30,7.486788,189.68872,17.14919,200.90805
672,2025-07-28 00:00:00+05:30,8.863972,209.16751,19.334715,215.90982
673,2025-07-28 01:00:00+05:30,8.187527,236.65927,18.27953,244.94905
674,2025-07-28 02:00:00+05:30,6.552099,232.81522,14.607751,247.54301
675,2025-07-28 03:00:00+05:30,6.384293,229.574,15.12964,235.17543
676,2025-07-28 04:00:00+05:30,4.755544,209.4758,13.14,221.112
677,2025-07-28 05:00:00+05:30,5.5596404,209.0545,13.5012,222.83891
678,2025-07-28 06:00:00+05:30,8.149847,210.52963,14.664202,221.51663
679,2025-07-28 07:00:00+05:30,7.24486,206.56499,11.931705,213.92984
680,2025-07-28 08:00:00+05:30,10.185519,226.43204,15.172409,228.36656
681,2025-07-28 09:00:00+05:30,8.790563,227.4896,12.738099,227.29063
682,2025-07-28 10:00:00+05:30,9.037721,224.19316,12.229406,227.38597
683,2025-07-28 11:00:00+05:30,14.420235,245.67444,20.04476,243.8952
684,2025-07-28 12:00:00+05:30,6.854195,240.06857,10.094454,238.8611
685,2025-07-28 13:00:00+05:30,8.856658,232.43134,12.061343,232.27495
686,2025-07-28 14:00:00+05:30,8.688613,219.95749,12.108261,221.98714
687,2025-07-28 15:00:00+05:30,7.989243,194.34937,11.566313,200.97357
688,2025-07-28 16:00:00+05:30,7.072878,194.7436,10.075177,198.75874
689,2025-07-28 17:00:00+05:30,7.6473517,206.56499,12.55879,207.29948
690,2025-07-28 18:00:00+05:30,2.5772078,192.09474,7.5363917,220.15593
691,2025-07-28 19:00:00+05:30,3.438895,186.00891,8.297589,204.34108
692,2025-07-28 20:00:00+05:30,3.964089,182.60251,9.867218,194.79681
693,2025-07-28 21:00:00+05:30,5.3999996,180.0,12.267762,194.44408
694,2025-07-28 22:00:00+05:30,5.5916004,183.69131,12.835653,194.62091
695,2025-07-28 23:00:00+05:30,5.771239,176.42374,13.184308,194.226
696,2025-07-29 00:00:00+05:30,3.8856654,193.39252,10.948973,207.40749
697,2025-07-29 01:00:00+05:30,2.50064,210.25635,8.528657,224.14499
698,2025-07-29 02:00:00+05:30,3.8268526,228.81418,10.484903,235.49142
699,2025-07-29 03:00:00+05:30,3.9312592,195.94547,10.404249,217.26648
700,2025-07-29 04:00:00+05:30,4.3536186,209.7448,10.316686,227.1211
701,2025-07-29 05:00:00+05:30,4.060985,192.80426,7.7650757,224.0609
702,2025-07-29 06:00:00+05:30,5.0816135,202.93213,9.703319,220.48593
703,2025-07-29 07:00:00+05:30,4.752136,217.30403,8.528657,224.14499
704,2025-07-29 08:00:00+05:30,5.5916004,236.82147,8.131936,242.30061
705,2025-07-29 09:00:00+05:30,4.724786,197.74477,6.9270773,204.56715
706,2025-07-29 10:00:00+05:30,4.86,180.0,6.5024605,184.76355
707,2025-07-29 11:00:00+05:30,7.2,180.0,9.5416975,178.9191
708,2025-07-29 12:00:00+05:30,9.914717,176.87793,13.330941,177.67851
709,2025-07-29 13:00:00+05:30,12.785069,181.61351,16.93531,182.4366
710,2025-07-29 14:00:00+05:30,9.6228485,187.52373,14.154915,187.30566
711,2025-07-29 15:00:00+05:30,13.896187,196.55714,19.242327,197.41806
712,2025-07-29 16:00:00+05:30,14.264361,190.17545,20.015642,191.41095
713,2025-07-29 17:00:00+05:30,10.51576,186.88162,17.134071,189.06642
714,2025-07-29 18:00:00+05:30,11.53265,177.31628,21.782974,180.94693
715,2025-07-29 19:00:00+05:30,10.1376915,173.8846,20.35274,177.97272
716,2025-07-29 20:00:00+05:30,7.729527,152.24155,16.740967,163.12366
717,2025-07-29 21:00:00+05:30,8.320986,141.14662,17.630812,152.6502
718,2025-07-29 22:00:00+05:30,7.2,143.13002,15.379206,159.44388
719,2025-07-29 23:00:00+05:30,9.807935,132.76881,18.047638,141.07245
720,2025-07-30 00:00:00+05:30,7.388775,145.92276,15.3771,154.33485
721,2025-07-30 01:00:00+05:30,7.889258,145.22209,15.315873,150.42226
722,2025-07-30 02:00:00+05:30,8.827344,140.79282,16.474672,146.13628
723,2025-07-30 03:00:00+05:30,9.449572,139.63554,18.171976,146.3099
724,2025-07-30 04:00:00+05:30,8.297589,139.39879,16.13286,144.53656
725,2025-07-30 05:00:00+05:30,9.984729,146.0234,17.9973,149.33115
726,2025-07-30 06:00:00+05:30,9.224011,174.40076,14.04,180.0
727,2025-07-30 07:00:00+05:30,8.459999,180.0,11.892265,182.60251
728,2025-07-30 08:00:00+05:30,9.914717,176.87793,13.321216,179.2258
729,2025-07-30 09:00:00+05:30,12.399113,170.81123,17.640919,171.78731
730,2025-07-30 10:00:00+05:30,12.768586,158.4985,16.963984,160.79593
731,2025-07-30 11:00:00+05:30,13.926464,165.78412,19.296133,165.96373
732,2025-07-30 12:00:00+05:30,11.132385,165.96373,14.713829,165.1137
733,2025-07-30 13:00:00+05:30,9.82279,166.21838,13.100489,167.30042
734,2025-07-30 14:00:00+05:30,10.5234585,167.1523,15.815435,168.17854
735,2025-07-30 15:00:00+05:30,10.1902895,162.52513,14.887859,165.29166
736,2025-07-30 16:00:00+05:30,12.267762,165.55592,19.839235,168.4862
737,2025-07-30 17:00:00+05:30,12.882267,172.77577,21.332088,174.67435
738,2025-07-30 18:00:00+05:30,7.841887,211.86594,15.518672,217.93333
739,2025-07-30 19:00:00+05:30,8.287822,214.3804,16.966848,221.12865
740,2025-07-30 20:00:00+05:30,6.048107,216.52895,13.878688,223.4235
741,2025-07-30 21:00:00+05:30,5.6060677,227.60262,13.943901,230.76265
742,2025-07-30 22:00:00+05:30,4.379589,189.46225,12.13499,212.27562
743,2025-07-30 23:00:00+05:30,5.634891,206.56499,14.480773,214.8754
744,2025-07-31 00:00:00+05:30,5.2478566,202.1664,14.081477,212.47118
745,2025-07-31 01:00:00+05:30,9.636307,237.20047,18.624563,235.23473
746,2025-07-31 02:00:00+05:30,9.037721,225.80684,16.740969,233.74606
747,2025-07-31 03:00:00+05:30,11.385622,230.77434,19.656296,232.81522
748,2025-07-31 04:00:00+05:30,9.449572,229.63554,17.288435,231.34016
749,2025-07-31 05:00:00+05:30,7.8149853,218.45374,15.546833,222.18437
750,2025-07-31 06:00:00+05:30,15.156384,217.27826,27.549997,221.29147
751,2025-07-31 07:00:00+05:30,12.996201,216.55257,21.20412,217.06453
752,2025-07-31 08:00:00+05:30,10.83893,215.53777,16.813387,217.60606
753,2025-07-31 09:00:00+05:30,13.70839,209.93143,22.571884,212.29594
754,2025-07-31 10:00:00+05:30,8.707237,209.7448,12.783802,212.34741
755,2025-07-31 11:00:00+05:30,9.313152,221.08165,11.988594,221.34767
756,2025-07-31 12:00:00+05:30,11.616626,229.39879,15.172409,228.36656
757,2025-07-31 13:00:00+05:30,11.480557,228.81418,15.443328,229.25392
758,2025-07-31 14:00:00+05:30,7.5019197,239.74365,13.432632,237.5877
759,2025-07-31 15:00:00+05:30,6.698806,210.69965,10.285232,212.85571
760,2025-07-31 16:00:00+05:30,11.328566,225.64366,15.655861,225.46576
761,2025-07-31 17:00:00+05:30,9.854075,189.46225,17.782688,201.37068
762,2025-07-31 18:00:00+05:30,7.889258,214.77791,16.176983,222.7454
763,2025-07-31 19:00:00+05:30,7.329338,204.67685,15.881875,215.3113
764,2025-07-31 20:00:00+05:30,8.027677,199.65392,17.23588,204.69154
765,2025-07-31 21:00:00+05:30,8.936777,198.79999,19.45416,202.29367
766,2025-07-31 22:00:00+05:30,6.6794305,194.03627,16.213993,202.86455
767,2025-07-31 23:00:00+05:30,7.6409945,195.01842,16.92383,203.83875
768,2025-08-01 00:00:00+05:30,7.555712,192.38075,16.92383,203.83875
769,2025-08-01 01:00:00+05:30,5.896202,211.26367,15.3802595,214.9921
770,2025-08-01 02:00:00+05:30,12.016938,196.53491,22.629229,204.93427
771,2025-08-01 03:00:00+05:30,7.3821945,271.39716,14.292725,253.16245
772,2025-08-01 04:00:00+05:30,6.3690495,222.70937,14.133152,226.5481
773,2025-08-01 05:00:00+05:30,4.7110505,226.54811,11.583109,237.05078
774,2025-08-01 06:00:00+05:30,7.342588,191.30989,16.204998,220.94635
775,2025-08-01 07:00:00+05:30,12.601285,224.42136,19.098671,226.52747
776,2025-08-01 08:00:00+05:30,10.685391,237.38077,14.233664,237.91785
777,2025-08-01 09:00:00+05:30,11.9317045,258.6901,15.639297,258.04343
778,2025-08-01 10:00:00+05:30,9.36,270.0,12.431734,267.5105
779,2025-08-01 11:00:00+05:30,7.3997297,265.81516,9.3876505,265.60138
780,2025-08-01 12:00:00+05:30,5.315336,241.69934,6.6087217,240.64233
781,2025-08-01 13:00:00+05:30,6.7757506,230.38934,8.688613,230.04251
782,2025-08-01 14:00:00+05:30,9.292254,224.21526,11.583108,224.37048
783,2025-08-01 15:00:00+05:30,6.489992,183.17976,9.0645685,186.84268
784,2025-08-01 16:00:00+05:30,11.481968,166.39944,16.276815,169.80856
785,2025-08-01 17:00:00+05:30,6.6697226,176.906,13.238261,191.76826
786,2025-08-01 18:00:00+05:30,4.5891175,191.30989,12.072083,200.05618
787,2025-08-01 19:00:00+05:30,5.0911684,188.13002,12.9625,205.49751
788,2025-08-01 20:00:00+05:30,5.5799994,180.0,13.504799,201.0924
789,2025-08-01 21:00:00+05:30,3.7971036,185.44025,10.717182,209.14798
790,2025-08-01 22:00:00+05:30,3.572898,220.91429,9.931042,223.53127
791,2025-08-01 23:00:00+05:30,3.319036,229.39879,7.1389914,236.3099
792,2025-08-02 00:00:00+05:30,8.281956,178.75467,14.345898,197.52567
793,2025-08-02 01:00:00+05:30,7.208994,177.13765,13.084402,187.90707
794,2025-08-02 02:00:00+05:30,8.28,180.0,17.298738,192.01146
795,2025-08-02 03:00:00+05:30,7.5942073,185.44025,16.794104,197.46402
796,2025-08-02 04:00:00+05:30,7.415038,185.5721,16.068466,192.94652
797,2025-08-02 05:00:00+05:30,8.596766,199.57321,17.630812,207.3498
798,2025-08-02 06:00:00+05:30,7.2022495,178.56793,17.214249,201.46771
799,2025-08-02 07:00:00+05:30,8.427383,199.9832,12.5032,202.8737
800,2025-08-02 08:00:00+05:30,11.230904,201.63095,15.646544,203.02553
801,2025-08-02 09:00:00+05:30,11.543881,190.78426,16.635155,193.13403
802,2025-08-02 10:00:00+05:30,10.304115,199.38461,14.578888,200.22495
803,2025-08-02 11:00:00+05:30,8.133928,204.86368,11.534054,202.9638
804,2025-08-02 12:00:00+05:30,5.8631387,197.87878,8.311245,197.6502
805,2025-08-02 13:00:00+05:30,7.8728137,190.53912,10.308831,192.09474
806,2025-08-02 14:00:00+05:30,10.548061,205.25313,14.822429,204.38637
807,2025-08-02 15:00:00+05:30,5.8048253,172.87508,8.260411,168.69011
808,2025-08-02 16:00:00+05:30,8.085988,163.17851,13.184308,165.774
809,2025-08-02 17:00:00+05:30,10.538843,187.85323,19.915842,189.88792
810,2025-08-02 18:00:00+05:30,9.67657,189.63747,20.015642,191.41095
811,2025-08-02 19:00:00+05:30,9.582359,174.61078,20.163212,178.97699
812,2025-08-02 20:00:00+05:30,10.096059,168.69011,20.852827,173.05911
813,2025-08-02 21:00:00+05:30,10.799999,180.0,21.457026,183.3664
814,2025-08-02 22:00:00+05:30,11.448055,196.44046,21.48645,195.54987
815,2025-08-02 23:00:00+05:30,10.134496,199.72237,20.090773,202.6594
816,2025-08-03 00:00:00+05:30,9.582358,208.00908,19.240644,207.28412
817,2025-08-03 01:00:00+05:30,8.797931,210.76265,17.878086,212.24995
818,2025-08-03 02:00:00+05:30,5.6492476,202.47948,13.6289835,213.6901
819,2025-08-03 03:00:00+05:30,5.2416787,164.05453,12.503199,186.61336
820,2025-08-03 04:00:00+05:30,8.035746,164.40714,17.303421,177.0186
821,2025-08-03 05:00:00+05:30,9.676569,161.56496,19.222954,173.00816
822,2025-08-03 06:00:00+05:30,12.015589,171.38443,22.065973,174.3825
823,2025-08-03 07:00:00+05:30,12.791403,177.58054,19.08085,179.4595
824,2025-08-03 08:00:00+05:30,14.428097,183.57626,20.598795,185.01303
825,2025-08-03 09:00:00+05:30,15.004919,190.36627,20.368652,191.21059
826,2025-08-03 10:00:00+05:30,15.034041,196.69933,19.829433,195.80258
827,2025-08-03 11:00:00+05:30,20.26899,213.40784,27.507627,213.79408
828,2025-08-03 12:00:00+05:30,10.266314,182.0095,14.113653,185.85593
829,2025-08-03 13:00:00+05:30,13.690654,204.88034,19.66536,203.7495
830,2025-08-03 14:00:00+05:30,18.204042,204.5377,24.717741,205.44536
831,2025-08-03 15:00:00+05:30,13.262714,198.18913,19.300331,199.61797
832,2025-08-03 16:00:00+05:30,17.122723,192.13681,25.03036,192.03719
833,2025-08-03 17:00:00+05:30,13.767352,191.30989,22.43944,193.9248
834,2025-08-03 18:00:00+05:30,9.600937,210.411,17.71423,207.86691
835,2025-08-03 19:00:00+05:30,9.3669195,177.79745,18.941954,183.814
836,2025-08-03 20:00:00+05:30,8.656858,183.57626,18.584509,188.91484
837,2025-08-03 21:00:00+05:30,10.538843,187.85323,20.793701,191.99081
838,2025-08-03 22:00:00+05:30,11.230904,186.4415,21.887583,191.86436
839,2025-08-03 23:00:00+05:30,11.966953,186.91113,22.945587,191.30989
840,2025-08-04 00:00:00+05:30,12.783802,189.72751,23.967726,194.34937
841,2025-08-04 01:00:00+05:30,13.1041975,200.92458,23.635582,202.85484
842,2025-08-04 02:00:00+05:30,8.55142,220.73201,17.681278,215.46996
843,2025-08-04 03:00:00+05:30,10.055864,224.27486,19.228851,218.15727
844,2025-08-04 04:00:00+05:30,6.638072,229.39879,14.14232,227.5792
845,2025-08-04 05:00:00+05:30,8.854829,206.56499,18.218275,209.60435
846,2025-08-04 06:00:00+05:30,8.28,180.0,18.161278,193.7608
847,2025-08-04 07:00:00+05:30,11.39842,201.29742,18.29459,203.79077
848,2025-08-04 08:00:00+05:30,14.48972,206.56499,20.447239,206.11385
849,2025-08-04 09:00:00+05:30,12.236029,206.18805,17.22742,206.02953
850,2025-08-04 10:00:00+05:30,10.950452,205.30135,14.49531,204.97388
851,2025-08-04 11:00:00+05:30,10.717182,209.14798,13.934605,208.5513
852,2025-08-04 12:00:00+05:30,13.203954,207.61295,17.555307,208.14151
853,2025-08-04 13:00:00+05:30,13.878689,236.10379,19.627428,234.70656
854,2025-08-04 14:00:00+05:30,9.292254,225.78473,13.110376,225.55618
855,2025-08-04 15:00:00+05:30,10.070353,204.27443,14.087229,206.56499
856,2025-08-04 16:00:00+05:30,14.31198,230.10222,21.392754,231.49074
857,2025-08-04 17:00:00+05:30,5.796447,233.84172,10.825469,227.02136
858,2025-08-04 18:00:00+05:30,5.3305535,191.68935,13.78029,203.8865
859,2025-08-04 19:00:00+05:30,6.898956,187.49576,16.418526,195.25517
860,2025-08-04 20:00:00+05:30,7.342588,191.30989,16.848999,198.04791
861,2025-08-04 21:00:00+05:30,7.731622,192.09474,17.5931,199.73277
862,2025-08-04 22:00:00+05:30,8.731391,194.32275,18.792551,200.17073
863,2025-08-04 23:00:00+05:30,8.431228,196.1135,18.789965,203.12654
864,2025-08-05 00:00:00+05:30,4.0449967,237.72438,12.86087,223.29869
865,2025-08-05 01:00:00+05:30,2.657668,208.30066,10.310402,225.70723
866,2025-08-05 02:00:00+05:30,5.2478566,157.8336,11.230904,201.63095
867,2025-08-05 03:00:00+05:30,8.731392,188.29706,17.447933,201.80147
868,2025-08-05 04:00:00+05:30,8.477216,176.34785,16.697365,191.18877
869,2025-08-05 05:00:00+05:30,8.281956,178.75467,17.194475,190.25114
870,2025-08-05 06:00:00+05:30,7.5170207,163.30067,13.737904,174.7377
871,2025-08-05 07:00:00+05:30,6.151683,159.44388,9.56713,168.05585
872,2025-08-05 08:00:00+05:30,6.6818557,184.63538,9.6228485,187.52373
873,2025-08-05 09:00:00+05:30,10.34178,211.47679,14.021525,209.19739
874,2025-08-05 10:00:00+05:30,9.636307,212.79953,12.783802,212.34741
875,2025-08-05 11:00:00+05:30,9.167638,226.5911,11.709688,224.9999
876,2025-08-05 12:00:00+05:30,8.139901,234.90411,10.337078,234.92616
877,2025-08-05 13:00:00+05:30,5.950899,176.53185,7.7400002,180.0
878,2025-08-05 14:00:00+05:30,9.12513,255.14134,14.068816,253.65175
879,2025-08-05 15:00:00+05:30,3.3092597,337.6198,4.6102495,308.65982
880,2025-08-05 16:00:00+05:30,3.8521678,232.59457,6.193674,234.46223
881,2025-08-05 17:00:00+05:30,8.0599,203.70265,13.288341,208.30066
882,2025-08-05 18:00:00+05:30,6.2145634,169.99208,13.878688,189.70659
883,2025-08-05 19:00:00+05:30,6.302571,181.63654,14.897651,191.85298
884,2025-08-05 20:00:00+05:30,5.232399,183.94511,13.8037815,192.04256
885,2025-08-05 21:00:00+05:30,5.0688457,173.8846,14.178928,188.02715
886,2025-08-05 22:00:00+05:30,6.8612823,175.4861,16.084589,185.13629
887,2025-08-05 23:00:00+05:30,8.865799,174.17375,18.741621,182.75243
888,2025-08-06 00:00:00+05:30,8.227004,190.08054,18.396141,196.48453
889,2025-08-06 01:00:00+05:30,6.0077944,188.61557,15.443328,201.18143
890,2025-08-06 02:00:00+05:30,7.1208143,196.14441,16.670176,204.90474
891,2025-08-06 03:00:00+05:30,6.689125,203.80595,16.237955,211.3994
892,2025-08-06 04:00:00+05:30,4.846648,211.32863,14.4,216.86998
893,2025-08-06 05:00:00+05:30,6.090812,214.15974,14.650938,222.5104
894,2025-08-06 06:00:00+05:30,6.9153743,218.65984,14.387619,226.5207
895,2025-08-06 07:00:00+05:30,10.120099,218.50067,17.630814,220.0302
896,2025-08-06 08:00:00+05:30,10.691453,224.9999,16.674063,224.56268
897,2025-08-06 09:00:00+05:30,9.734988,236.3099,14.941083,233.82028
898,2025-08-06 10:00:00+05:30,10.1902895,252.52513,14.857362,250.9064
899,2025-08-06 11:00:00+05:30,9.346143,254.3577,13.776763,252.51192
900,2025-08-06 12:00:00+05:30,7.388775,272.79263,10.805999,268.09088
901,2025-08-06 13:00:00+05:30,5.0816135,292.93213,7.172949,287.52567
902,2025-08-06 14:00:00+05:30,6.6624317,218.41809,9.037721,224.19316
903,2025-08-06 15:00:00+05:30,16.22498,220.04967,22.970285,217.67816
904,2025-08-06 16:00:00+05:30,9.167638,223.4089,13.110376,224.44382
905,2025-08-06 17:00:00+05:30,9.037721,224.19316,13.767352,221.82008
906,2025-08-06 18:00:00+05:30,3.6,306.86996,9.028754,274.57382
907,2025-08-06 19:00:00+05:30,2.9301877,222.5104,6.4323244,252.07199
908,2025-08-06 20:00:00+05:30,4.39436,235.0079,11.190442,244.25934
909,2025-08-06 21:00:00+05:30,5.7431,212.19571,14.602204,239.64195
910,2025-08-06 22:00:00+05:30,4.5891175,191.30989,11.952054,232.95744
911,2025-08-06 23:00:00+05:30,3.7585104,196.69933,10.819482,225.67395
912,2025-08-07 00:00:00+05:30,4.8965297,216.02747,12.242646,228.57643
913,2025-08-07 01:00:00+05:30,5.1165614,230.71062,12.879752,243.43501
914,2025-08-07 02:00:00+05:30,6.2405767,236.76828,14.512064,246.61476
915,2025-08-07 03:00:00+05:30,5.2416787,254.05453,13.466357,261.54504
916,2025-08-07 04:00:00+05:30,4.3349743,265.23645,12.605142,271.63654
917,2025-08-07 05:00:00+05:30,5.7964473,244.23071,13.021106,264.4471
918,2025-08-07 06:00:00+05:30,5.0688457,263.88458,11.712455,267.3575
919,2025-08-07 07:00:00+05:30,11.688918,279.75235,16.720633,284.33545
920,2025-08-07 08:00:00+05:30,5.3426957,237.38077,7.1389914,236.3099
921,2025-08-07 09:00:00+05:30,5.495161,211.60745,6.989936,214.50858
922,2025-08-07 10:00:00+05:30,5.6492476,210.65059,7.6388745,214.43904
923,2025-08-07 11:00:00+05:30,10.04458,216.25392,13.298089,219.50764
924,2025-08-07 12:00:00+05:30,9.437563,214.90257,12.096214,216.52895
925,2025-08-07 13:00:00+05:30,9.847496,198.10385,12.522619,198.43504
926,2025-08-07 14:00:00+05:30,14.410121,205.92485,18.921415,205.34613
927,2025-08-07 15:00:00+05:30,4.0449967,212.27562,6.3639607,208.7397
928,2025-08-07 16:00:00+05:30,7.5942073,185.44025,10.8955765,187.59456
929,2025-08-07 17:00:00+05:30,13.169555,190.23474,21.075378,190.83003
930,2025-08-07 18:00:00+05:30,3.964089,182.60251,10.3621235,197.176
931,2025-08-07 19:00:00+05:30,6.698806,173.82993,13.690654,182.26045
932,2025-08-07 20:00:00+05:30,9.391102,167.82855,17.437717,172.2882
933,2025-08-07 21:00:00+05:30,7.7983837,161.14674,14.4415655,169.95071
934,2025-08-07 22:00:00+05:30,13.3649235,154.47035,22.97381,156.44772
935,2025-08-07 23:00:00+05:30,12.313893,164.74483,20.999144,165.60637
936,2025-08-08 00:00:00+05:30,8.863972,192.90741,17.163355,189.65982
937,2025-08-08 01:00:00+05:30,8.909545,171.86998,17.28,180.0
938,2025-08-08 02:00:00+05:30,9.114471,170.9098,18.0036,178.85426
939,2025-08-08 03:00:00+05:30,7.922045,178.69807,16.966848,184.25876
940,2025-08-08 04:00:00+05:30,8.133928,155.13632,16.152931,165.80887
941,2025-08-08 05:00:00+05:30,10.308831,167.90526,19.32382,170.88872
942,2025-08-08 06:00:00+05:30,8.856658,232.43134,17.682194,231.61342
943,2025-08-08 07:00:00+05:30,11.892265,230.52757,19.200188,231.08852
944,2025-08-08 08:00:00+05:30,14.88242,212.15227,22.82028,212.43651
945,2025-08-08 09:00:00+05:30,11.028581,206.14677,16.59225,208.51115
946,2025-08-08 10:00:00+05:30,12.257194,209.95352,17.688606,211.26367
947,2025-08-08 11:00:00+05:30,13.413321,220.10085,19.152882,220.426
948,2025-08-08 12:00:00+05:30,10.825469,222.97864,15.03835,222.08908
949,2025-08-08 13:00:00+05:30,10.548061,216.67444,14.148046,216.7242
950,2025-08-08 14:00:00+05:30,13.154786,196.69933,18.623693,200.36168
951,2025-08-08 15:00:00+05:30,10.096059,191.30989,14.319901,194.56032
952,2025-08-08 16:00:00+05:30,10.483357,195.94547,16.165964,198.83853
953,2025-08-08 17:00:00+05:30,9.6480665,188.58354,17.94411,193.33926
954,2025-08-08 18:00:00+05:30,6.725354,164.47583,14.081478,175.60138
955,2025-08-08 19:00:00+05:30,8.951267,164.84589,16.946787,167.73524
956,2025-08-08 20:00:00+05:30,8.311245,162.3498,17.76081,162.29948
957,2025-08-08 21:00:00+05:30,8.777653,164.53873,18.25026,165.14134
958,2025-08-08 22:00:00+05:30,8.604301,164.21918,18.35647,168.69011
959,2025-08-08 23:00:00+05:30,8.557102,157.75093,18.59845,165.42575
960,2025-08-09 00:00:00+05:30,8.461915,156.16125,18.47084,164.74483
961,2025-08-09 01:00:00+05:30,8.311245,175.03035,18.539999,180.0
962,2025-08-09 02:00:00+05:30,10.32924,202.5431,20.61766,204.77512
963,2025-08-09 03:00:00+05:30,8.557102,194.62091,16.685717,200.19443
964,2025-08-09 04:00:00+05:30,7.208994,182.86235,15.956163,191.05637
965,2025-08-09 05:00:00+05:30,7.928178,177.39749,16.997375,185.46901
966,2025-08-09 06:00:00+05:30,18.108572,173.7228,29.344965,178.94562
967,2025-08-09 07:00:00+05:30,6.8423676,181.5074,11.705537,181.76236
968,2025-08-09 08:00:00+05:30,7.9138603,162.80138,12.043869,170.53775
969,2025-08-09 09:00:00+05:30,11.968308,167.84508,16.068466,167.05348
970,2025-08-09 10:00:00+05:30,12.6462,175.101,17.339897,175.23645
971,2025-08-09 11:00:00+05:30,13.14493,178.43068,18.0036,178.85426
972,2025-08-09 12:00:00+05:30,15.009236,185.50539,20.615303,185.51138
973,2025-08-09 13:00:00+05:30,16.024044,194.97292,21.960737,194.7197
974,2025-08-09 14:00:00+05:30,15.725037,195.94547,22.37871,196.83176
975,2025-08-09 15:00:00+05:30,16.956345,189.16228,24.650143,189.6686
976,2025-08-09 16:00:00+05:30,17.508179,194.89352,26.459389,194.98167
977,2025-08-09 17:00:00+05:30,14.713831,187.7335,24.592243,188.84174
978,2025-08-09 18:00:00+05:30,9.901636,181.04161,19.660416,183.67442
979,2025-08-09 19:00:00+05:30,11.165805,181.84756,21.626984,182.86235
980,2025-08-09 20:00:00+05:30,11.734564,175.60138,22.50072,179.54166
981,2025-08-09 21:00:00+05:30,9.208192,175.51547,19.443333,181.06088
982,2025-08-09 22:00:00+05:30,9.224011,174.40076,19.620825,180.52562
983,2025-08-09 23:00:00+05:30,8.821836,181.16911,18.913708,188.20712
984,2025-08-10 00:00:00+05:30,9.187056,182.2457,18.709612,191.09369
985,2025-08-10 01:00:00+05:30,10.742848,188.6731,20.91256,193.4382
986,2025-08-10 02:00:00+05:30,10.8029995,190.56096,21.175835,197.81898
987,2025-08-10 03:00:00+05:30,9.914717,195.80258,19.888983,201.22372
988,2025-08-10 04:00:00+05:30,8.709098,198.06056,17.709658,206.56499
989,2025-08-10 05:00:00+05:30,6.8612823,184.5139,14.747921,199.9832
990,2025-08-10 06:00:00+05:30,8.338489,166.26372,17.103788,181.20602
991,2025-08-10 07:00:00+05:30,11.874544,194.03627,17.026896,193.44862
992,2025-08-10 08:00:00+05:30,12.800266,205.84433,17.870834,206.3069
993,2025-08-10 09:00:00+05:30,12.24,208.07239,16.75064,208.21725
994,2025-08-10 10:00:00+05:30,12.24,208.07239,16.767075,209.5922
995,2025-08-10 11:00:00+05:30,12.669238,202.55728,17.25373,203.35558
996,2025-08-10 12:00:00+05:30,12.996199,210.82759,16.947744,210.65059
997,2025-08-10 13:00:00+05:30,12.399113,207.68097,16.434305,208.8107
998,2025-08-10 14:00:00+05:30,14.978986,200.39496,20.122196,201.51595
999,2025-08-10 15:00:00+05:30,14.410121,200.47237,21.091513,201.52907
1000,2025-08-10 16:00:00+05:30,13.363711,207.25525,21.495497,207.42326
1001,2025-08-10 17:00:00+05:30,11.605464,203.78204,21.585745,204.64165
1002,2025-08-10 18:00:00+05:30,9.12513,194.85866,19.296974,197.92801
1003,2025-08-10 19:00:00+05:30,8.596766,199.57321,18.417263,201.80147
1004,2025-08-10 20:00:00+05:30,7.2359104,185.7105,17.161469,192.72435
1005,2025-08-10 21:00:00+05:30,8.64,180.0,19.424158,187.45421
1006,2025-08-10 22:00:00+05:30,9.906544,177.91748,20.615303,185.51138
1007,2025-08-10 23:00:00+05:30,9.224011,185.59924,19.954037,193.03336
1008,2025-08-11 00:00:00+05:30,8.553314,188.47105,18.965033,196.54306
1009,2025-08-11 01:00:00+05:30,8.849339,184.66678,19.166409,194.68883
1010,2025-08-11 02:00:00+05:30,7.989243,194.34937,18.183563,201.4855
1011,2025-08-11 03:00:00+05:30,8.139901,198.03438,18.194252,205.80447
1012,2025-08-11 04:00:00+05:30,6.778141,190.71307,16.144905,202.27594
1013,2025-08-11 05:00:00+05:30,5.5799994,180.0,13.504799,201.0924
1014,2025-08-11 06:00:00+05:30,6.1437774,174.95764,13.026081,191.15462
1015,2025-08-11 07:00:00+05:30,10.196647,200.6745,14.578888,200.22495
1016,2025-08-11 08:00:00+05:30,10.787993,205.7099,14.973577,207.18103
1017,2025-08-11 09:00:00+05:30,10.548061,205.25313,14.007655,205.90645
1018,2025-08-11 10:00:00+05:30,9.485504,213.38853,11.886816,212.00534
1019,2025-08-11 11:00:00+05:30,7.289445,212.90524,10.120099,218.50067
1020,2025-08-11 12:00:00+05:30,5.5567255,204.90474,7.5019197,210.25635
1021,2025-08-11 13:00:00+05:30,5.728979,223.72705,7.8954163,223.1524
1022,2025-08-11 14:00:00+05:30,11.792404,192.33908,15.779544,191.18172
1023,2025-08-11 15:00:00+05:30,4.7521367,204.62355,6.5248446,204.44394
1024,2025-08-11 16:00:00+05:30,8.557102,194.62091,11.745604,195.10115
1025,2025-08-11 17:00:00+05:30,8.287822,214.3804,15.3264475,213.50346
1026,2025-08-11 18:00:00+05:30,6.341009,173.4803,16.024044,181.28731
1027,2025-08-11 19:00:00+05:30,7.6367526,188.13002,18.079027,192.65256
1028,2025-08-11 20:00:00+05:30,7.458606,188.32556,18.040453,192.09474
1029,2025-08-11 21:00:00+05:30,7.922045,178.69807,18.129137,186.84268
1030,2025-08-11 22:00:00+05:30,8.131936,185.07951,18.709612,191.09369
1031,2025-08-11 23:00:00+05:30,7.519175,191.0409,17.878994,196.97559
1032,2025-08-12 00:00:00+05:30,6.9480934,196.55714,17.183167,202.80458
1033,2025-08-12 01:00:00+05:30,6.725354,195.52417,16.507088,205.16783
1034,2025-08-12 02:00:00+05:30,7.4346757,186.95287,17.076298,198.43504
1035,2025-08-12 03:00:00+05:30,5.5916004,176.30869,14.668619,194.2068
1036,2025-08-12 04:00:00+05:30,4.6277857,166.50426,12.399113,189.18877
1037,2025-08-12 05:00:00+05:30,4.6730714,164.3577,11.688918,189.75235
1038,2025-08-12 06:00:00+05:30,6.6624317,181.54813,13.276144,192.5288
1039,2025-08-12 07:00:00+05:30,7.731622,192.09474,10.739833,193.57045
1040,2025-08-12 08:00:00+05:30,7.2044983,192.99461,9.82279,193.78162
1041,2025-08-12 09:00:00+05:30,5.4029994,181.9091,7.2022495,181.43207
1042,2025-08-12 10:00:00+05:30,5.7628117,181.78987,7.029225,182.93561
1043,2025-08-12 11:00:00+05:30,7.0223074,178.53123,9.179999,180.0
1044,2025-08-12 12:00:00+05:30,7.0223074,178.53123,9.0018,178.85426
1045,2025-08-12 13:00:00+05:30,6.9550843,169.56258,8.936778,170.72748
1046,2025-08-12 14:00:00+05:30,12.431734,182.4895,16.280798,185.7105
1047,2025-08-12 15:00:00+05:30,11.375658,175.46231,16.23596,176.186
1048,2025-08-12 16:00:00+05:30,9.224011,185.59924,13.775586,186.75348
1049,2025-08-12 17:00:00+05:30,10.534229,199.9832,18.501513,197.55363
1050,2025-08-12 18:00:00+05:30,4.143911,177.5105,11.45513,188.13002
1051,2025-08-12 19:00:00+05:30,6.0721655,168.0239,14.993038,175.17932
1052,2025-08-12 20:00:00+05:30,9.039514,167.34744,19.804907,172.16457
1053,2025-08-12 21:00:00+05:30,9.867218,165.20319,20.898611,169.07724
1054,2025-08-12 22:00:00+05:30,10.075177,161.24126,20.870687,165.00487
1055,2025-08-12 23:00:00+05:30,10.304115,160.61539,20.620806,163.77974
1056,2025-08-13 00:00:00+05:30,9.82279,166.21838,20.170443,166.5838
1057,2025-08-13 01:00:00+05:30,7.841888,170.75397,17.972979,172.51921
1058,2025-08-13 02:00:00+05:30,6.9527545,158.74942,16.198,165.19157
1059,2025-08-13 03:00:00+05:30,6.090812,145.84026,15.060956,155.2727
1060,2025-08-13 04:00:00+05:30,5.6521144,142.76509,14.178927,151.15744
1061,2025-08-13 05:00:00+05:30,4.2021427,136.73567,12.431733,145.6196
1062,2025-08-13 06:00:00+05:30,8.694204,152.90453,16.507088,154.83217
1063,2025-08-13 07:00:00+05:30,9.648067,143.3438,15.077082,146.68936
1064,2025-08-13 08:00:00+05:30,8.641874,125.6765,12.538134,129.17365
1065,2025-08-13 09:00:00+05:30,9.418661,116.0753,13.060857,119.74478
1066,2025-08-13 10:00:00+05:30,12.886039,155.22488,17.790886,152.91653
1067,2025-08-13 11:00:00+05:30,9.913082,119.357666,13.70839,119.93143
1068,2025-08-13 12:00:00+05:30,10.429132,111.25058,14.677451,113.10636
1069,2025-08-13 13:00:00+05:30,10.062305,100.30479,13.276144,102.5288
1070,2025-08-13 14:00:00+05:30,9.600937,96.458725,12.324414,96.70974
1071,2025-08-13 15:00:00+05:30,13.708391,113.198616,20.090773,112.65939
1072,2025-08-13 16:00:00+05:30,6.8138976,102.200455,13.091829,108.43504
1073,2025-08-13 17:00:00+05:30,6.156947,52.124958,13.883356,76.50425
1074,2025-08-13 18:00:00+05:30,9.726665,92.12105,18.98552,95.44024
1075,2025-08-13 19:00:00+05:30,11.173057,92.77016,20.696869,97.495766
1076,2025-08-13 20:00:00+05:30,10.120098,84.89793,19.627428,91.57652
1077,2025-08-13 21:00:00+05:30,9.555271,93.23964,19.206936,100.25677
1078,2025-08-13 22:00:00+05:30,8.641874,88.80654,17.82727,101.650276
1079,2025-08-13 23:00:00+05:30,8.11798,86.186005,17.393066,96.53654
1080,2025-08-14 00:00:00+05:30,8.107996,87.45525,17.355772,95.355736
1081,2025-08-14 01:00:00+05:30,9.266067,97.81521,19.0392,105.3502
1082,2025-08-14 02:00:00+05:30,9.567131,94.31595,19.274294,101.3099
1083,2025-08-14 03:00:00+05:30,8.477216,93.65215,16.276815,100.191444
1084,2025-08-14 04:00:00+05:30,8.613709,100.84026,16.940096,104.7746
1085,2025-08-14 05:00:00+05:30,8.507737,96.072365,17.122723,102.13681
1086,2025-08-14 06:00:00+05:30,13.510796,87.70944,21.606747,88.56794
1087,2025-08-14 07:00:00+05:30,13.5515,106.99091,20.890083,108.59117
1088,2025-08-14 08:00:00+05:30,12.442153,104.23732,17.035456,105.945465
1089,2025-08-14 09:00:00+05:30,15.1884165,121.42952,20.97058,122.73522
1090,2025-08-14 10:00:00+05:30,13.110376,134.44382,18.96503,135.38449
1091,2025-08-14 11:00:00+05:30,11.500296,129.92033,15.443328,130.74608
1092,2025-08-14 12:00:00+05:30,13.229693,123.90632,17.725203,124.65842
1093,2025-08-14 13:00:00+05:30,12.351987,136.77144,19.119015,138.05296
1094,2025-08-14 14:00:00+05:30,9.931042,133.53127,14.128566,134.4839
1095,2025-08-14 15:00:00+05:30,10.718693,139.08571,15.053425,138.87863
1096,2025-08-14 16:00:00+05:30,9.504272,142.69597,13.971757,141.80127
1097,2025-08-14 17:00:00+05:30,6.989936,145.49142,14.481893,147.69269
1098,2025-08-14 18:00:00+05:30,7.102591,98.74608,15.141414,108.00426
1099,2025-08-14 19:00:00+05:30,6.6624317,91.54813,15.156386,105.852
1100,2025-08-14 20:00:00+05:30,8.149847,96.340096,17.604147,106.02594
1101,2025-08-14 21:00:00+05:30,9.144637,100.20392,18.392618,110.031105
1102,2025-08-14 22:00:00+05:30,8.089993,110.854546,17.551615,115.513824
1103,2025-08-14 23:00:00+05:30,9.54679,134.23619,19.348114,135.75375
1104,2025-08-15 00:00:00+05:30,8.92408,138.27058,18.022486,140.26775
1105,2025-08-15 01:00:00+05:30,8.528657,135.85501,16.616642,140.27394
1106,2025-08-15 02:00:00+05:30,7.1321807,132.95459,14.773164,136.97493
1107,2025-08-15 03:00:00+05:30,6.0908127,108.970505,13.447095,117.93705
1108,2025-08-15 04:00:00+05:30,5.9834766,96.91113,13.4903965,108.676796
1109,2025-08-15 05:00:00+05:30,7.7734165,132.18437,15.292585,132.13753
1110,2025-08-15 06:00:00+05:30,9.693296,111.801476,15.539537,115.37771
1111,2025-08-15 07:00:00+05:30,10.4493065,137.79277,14.799459,138.94528
1112,2025-08-15 08:00:00+05:30,12.193589,121.10875,16.733225,121.80935
1113,2025-08-15 09:00:00+05:30,11.1090765,139.60017,14.957339,140.37103
1114,2025-08-15 10:00:00+05:30,10.626099,141.18861,13.830749,141.34016
1115,2025-08-15 11:00:00+05:30,12.750811,131.56627,16.309628,132.31616
1116,2025-08-15 12:00:00+05:30,6.6087217,119.357666,8.936778,117.597206
1117,2025-08-15 13:00:00+05:30,8.037761,145.95403,10.04458,143.74608
1118,2025-08-15 14:00:00+05:30,9.007196,182.29056,12.860871,173.57135
1119,2025-08-15 15:00:00+05:30,7.9932976,172.23492,10.717182,172.27826
1120,2025-08-15 16:00:00+05:30,9.299225,165.42575,13.009903,165.5792
1121,2025-08-15 17:00:00+05:30,7.0911775,156.0375,11.7,157.3801
1122,2025-08-15 18:00:00+05:30,3.563818,135.0001,9.984729,152.04913
1123,2025-08-15 19:00:00+05:30,4.1046314,127.875046,11.634741,145.08052
1124,2025-08-15 20:00:00+05:30,4.3349743,131.63345,12.287555,148.17259
1125,2025-08-15 21:00:00+05:30,5.4833565,156.80138,14.857362,160.90642
1126,2025-08-15 22:00:00+05:30,6.0721655,168.0239,15.827721,162.80138
1127,2025-08-15 23:00:00+05:30,4.503598,177.70944,13.671707,170.9098
1128,2025-08-16 00:00:00+05:30,3.2599385,173.6599,10.182337,171.86998
1129,2025-08-16 01:00:00+05:30,3.4388947,137.12111,10.144082,152.52565
1130,2025-08-16 02:00:00+05:30,2.5772078,102.09474,7.7650757,135.9391
1131,2025-08-16 03:00:00+05:30,3.4763772,68.74943,8.383054,104.93147
1132,2025-08-16 04:00:00+05:30,4.91634,66.2505,11.901798,86.531845
1133,2025-08-16 05:00:00+05:30,6.4624763,77.125,14.410121,87.85246
1134,2025-08-16 06:00:00+05:30,6.9550843,79.56258,13.870515,87.768875
1135,2025-08-16 07:00:00+05:30,8.936778,99.27253,12.783802,99.72751
1136,2025-08-16 08:00:00+05:30,8.4042845,99.865746,11.334284,100.06063
1137,2025-08-16 09:00:00+05:30,10.8029995,100.56097,14.861722,101.173805
1138,2025-08-16 10:00:00+05:30,11.7662735,119.30991,16.10472,117.997055
1139,2025-08-16 11:00:00+05:30,10.656547,127.45065,13.896187,126.57312
1140,2025-08-16 12:00:00+05:30,10.742848,121.292984,13.729647,124.31515
1141,2025-08-16 13:00:00+05:30,9.178235,78.6901,12.193588,81.51115
1142,2025-08-16 14:00:00+05:30,8.707237,150.2552,12.287555,148.17259
1143,2025-08-16 15:00:00+05:30,8.12197,167.19574,11.177405,165.06853
1144,2025-08-16 16:00:00+05:30,8.350138,172.56868,12.371645,171.6342
1145,2025-08-16 17:00:00+05:30,3.536439,165.2564,9.430694,166.75948
1146,2025-08-16 18:00:00+05:30,2.1749482,114.44395,6.151683,159.44388
1147,2025-08-16 19:00:00+05:30,3.550155,149.53453,9.087772,172.03047
1148,2025-08-16 20:00:00+05:30,2.1674871,131.63345,7.7420926,178.66782
1149,2025-08-16 21:00:00+05:30,2.0523157,105.25517,6.2613096,161.56496
1150,2025-08-16 22:00:00+05:30,2.0124612,100.30479,6.050785,149.62096
1151,2025-08-16 23:00:00+05:30,2.5071096,111.03758,7.1389914,146.3099
1152,2025-08-17 00:00:00+05:30,2.6999998,143.13002,8.36758,161.1752
1153,2025-08-17 01:00:00+05:30,1.659518,167.4712,7.3799996,167.31963
1154,2025-08-17 02:00:00+05:30,1.8532133,60.94549,5.3939967,115.70991
1155,2025-08-17 03:00:00+05:30,3.319036,40.601215,7.072878,75.25639
1156,2025-08-17 04:00:00+05:30,4.379589,80.53775,11.341428,89.090645
1157,2025-08-17 05:00:00+05:30,5.7599998,90.0,14.000713,98.13002
1158,2025-08-17 06:00:00+05:30,5.9617786,61.113514,12.461669,79.17704
1159,2025-08-17 07:00:00+05:30,12.043869,99.46225,17.581125,100.619606
1160,2025-08-17 08:00:00+05:30,11.126562,80.69013,15.629972,82.056625
1161,2025-08-17 09:00:00+05:30,11.5115595,99.90412,15.602999,101.3099
1162,2025-08-17 10:00:00+05:30,13.154786,106.699326,17.085785,106.52588
1163,2025-08-17 11:00:00+05:30,15.5395355,108.225174,20.606659,107.80196
1164,2025-08-17 12:00:00+05:30,15.463246,114.775116,21.42227,114.84236
1165,2025-08-17 13:00:00+05:30,14.471821,95.7105,20.899387,97.920654
1166,2025-08-17 14:00:00+05:30,7.596341,103.706985,10.483357,105.945465
1167,2025-08-17 15:00:00+05:30,13.070776,112.6806,18.58451,111.595375
1168,2025-08-17 16:00:00+05:30,11.631956,111.801476,18.606289,114.58156
1169,2025-08-17 17:00:00+05:30,7.8583965,69.904686,13.917154,84.805664
1170,2025-08-17 18:00:00+05:30,11.556504,127.40543,22.248028,126.77728
1171,2025-08-17 19:00:00+05:30,9.085988,123.6901,19.121557,123.09171
1172,2025-08-17 20:00:00+05:30,11.328566,107.57135,21.868332,110.22495
1173,2025-08-17 21:00:00+05:30,13.708391,103.671326,24.602781,106.57887
1174,2025-08-17 22:00:00+05:30,13.358861,104.03627,24.430317,106.699326
1175,2025-08-17 23:00:00+05:30,10.9859,108.138176,21.25906,111.35105
1176,2025-08-18 00:00:00+05:30,9.266067,97.81521,18.68622,103.36695
1177,2025-08-18 01:00:00+05:30,10.086427,92.045364,19.380743,96.398865
1178,2025-08-18 02:00:00+05:30,12.251905,92.52606,22.263315,96.033165
1179,2025-08-18 03:00:00+05:30,12.304682,95.8773,22.019674,98.461205
1180,2025-08-18 04:00:00+05:30,12.93247,98.80671,23.200455,99.82766
1181,2025-08-18 05:00:00+05:30,12.20023,111.64449,21.99538,111.10492
1182,2025-08-18 06:00:00+05:30,18.345877,105.945465,28.164104,105.19094
1183,2025-08-18 07:00:00+05:30,17.123669,93.012726,25.6233,94.02819
1184,2025-08-18 08:00:00+05:30,18.568813,101.745605,26.865866,101.987495
1185,2025-08-18 09:00:00+05:30,17.381886,111.25058,24.40046,111.64449
1186,2025-08-18 10:00:00+05:30,18.331741,109.50254,25.682032,110.08613
1187,2025-08-18 11:00:00+05:30,19.026434,113.41213,26.282463,113.40471
1188,2025-08-18 12:00:00+05:30,18.183563,121.644615,24.422358,122.05011
1189,2025-08-18 13:00:00+05:30,18.772715,124.451996,25.26228,124.25626
1190,2025-08-18 14:00:00+05:30,15.702356,115.09622,22.862833,117.17019
1191,2025-08-18 15:00:00+05:30,17.288435,141.34016,27.356445,140.33928
1192,2025-08-18 16:00:00+05:30,12.688404,121.660706,19.070658,123.840096
1193,2025-08-18 17:00:00+05:30,15.013554,127.694305,25.772078,131.03525
1194,2025-08-18 18:00:00+05:30,14.05845,129.80553,24.979176,132.07921
1195,2025-08-18 19:00:00+05:30,15.22783,122.93869,26.469793,125.311295
1196,2025-08-18 20:00:00+05:30,13.737904,121.60746,24.713154,123.11135
1197,2025-08-18 21:00:00+05:30,11.931705,123.92984,22.104116,127.05662
1198,2025-08-18 22:00:00+05:30,10.730778,112.69383,20.608229,117.01259
1199,2025-08-18 23:00:00+05:30,11.511559,116.96564,21.366234,119.80466
1200,2025-08-19 00:00:00+05:30,12.13499,122.27561,22.315645,123.81828
1201,2025-08-19 01:00:00+05:30,10.829958,111.44781,20.609016,115.89359
1202,2025-08-19 02:00:00+05:30,13.040997,116.21132,23.77772,119.4758
1203,2025-08-19 03:00:00+05:30,12.936227,111.209305,23.046326,113.962494
1204,2025-08-19 04:00:00+05:30,12.033103,111.960625,22.300394,117.39228
1205,2025-08-19 05:00:00+05:30,12.483749,114.71742,22.224714,118.01781
1206,2025-08-19 06:00:00+05:30,15.328561,99.46225,24.781233,101.3099
1207,2025-08-19 07:00:00+05:30,16.766108,104.93147,25.96496,106.9276
1208,2025-08-19 08:00:00+05:30,19.164717,118.00909,27.381306,118.24964
1209,2025-08-19 09:00:00+05:30,19.201874,120.411,26.733482,121.22834
1210,2025-08-19 10:00:00+05:30,21.85203,126.96438,29.808346,127.14677
1211,2025-08-19 11:00:00+05:30,15.7908325,114.22774,23.108103,115.36736
1212,2025-08-19 12:00:00+05:30,19.77462,145.0079,27.871534,144.46223
1213,2025-08-19 13:00:00+05:30,20.778112,148.09988,30.165442,147.92216
1214,2025-08-19 14:00:00+05:30,18.917133,153.43501,25.759504,153.43501
1215,2025-08-19 15:00:00+05:30,13.644427,149.03632,20.615305,151.86876
1216,2025-08-19 16:00:00+05:30,17.388409,152.90453,27.45103,153.93907
1217,2025-08-19 17:00:00+05:30,14.677452,146.50479,24.766848,147.46495
1218,2025-08-19 18:00:00+05:30,12.362475,132.04915,23.164818,135.0001
1219,2025-08-19 19:00:00+05:30,13.213765,127.806595,24.544765,129.64413
1220,2025-08-19 20:00:00+05:30,14.892213,135.48964,26.485088,136.65227
1221,2025-08-19 21:00:00+05:30,13.746156,135.0001,24.604755,138.26213
1222,2025-08-19 22:00:00+05:30,14.477417,141.56267,25.308409,142.80402
1223,2025-08-19 23:00:00+05:30,10.993271,140.31459,20.634155,141.73044
1224,2025-08-20 00:00:00+05:30,10.855358,139.70793,20.35274,141.10278
1225,2025-08-20 01:00:00+05:30,10.703569,132.27362,20.404411,138.57643
1226,2025-08-20 02:00:00+05:30,10.348043,130.06073,19.857191,135.73444
1227,2025-08-20 03:00:00+05:30,12.632101,130.95541,22.52878,135.32367
1228,2025-08-20 04:00:00+05:30,10.1902895,125.65542,19.35314,133.49263
1229,2025-08-20 05:00:00+05:30,12.738099,137.29063,21.94524,138.99101
1230,2025-08-20 06:00:00+05:30,12.221457,136.1934,20.031822,139.0079
1231,2025-08-20 07:00:00+05:30,15.3264475,146.49654,22.166325,145.92276
1232,2025-08-20 08:00:00+05:30,15.315873,156.44772,21.768095,156.61476
1233,2025-08-20 09:00:00+05:30,17.63816,155.26572,24.880402,154.73273
1234,2025-08-20 10:00:00+05:30,19.401628,154.1482,27.530586,153.60254
1235,2025-08-20 11:00:00+05:30,18.183563,158.5145,25.704731,158.64555
1236,2025-08-20 12:00:00+05:30,19.192593,159.69543,27.514105,159.31226
1237,2025-08-20 13:00:00+05:30,17.864489,167.7843,25.420181,167.73524
1238,2025-08-20 14:00:00+05:30,17.337091,167.40668,23.623928,167.23444
1239,2025-08-20 15:00:00+05:30,18.861387,166.75948,26.025412,167.2133
1240,2025-08-20 16:00:00+05:30,17.750774,173.59575,28.227306,174.14407
1241,2025-08-20 17:00:00+05:30,15.506141,170.6471,26.220753,171.31372
1242,2025-08-20 18:00:00+05:30,8.574123,129.0355,17.057314,134.14499
1243,2025-08-20 19:00:00+05:30,11.341428,144.0394,20.74456,149.20683
1244,2025-08-20 20:00:00+05:30,9.885262,146.88864,19.080849,152.46811
1245,2025-08-20 21:00:00+05:30,9.927779,157.61983,19.18246,161.39494
1246,2025-08-20 22:00:00+05:30,9.741642,152.48808,18.818396,158.09677
1247,2025-08-20 23:00:00+05:30,8.0599,150.57263,16.311613,157.96371
1248,2025-08-21 00:00:00+05:30,9.139322,147.87503,16.981165,158.87521
1249,2025-08-21 01:00:00+05:30,10.621525,180.971,19.469976,183.17976
1250,2025-08-21 02:00:00+05:30,5.9834766,158.83867,10.837435,168.50346
1251,2025-08-21 03:00:00+05:30,4.4565907,136.63654,9.346143,164.3577
1252,2025-08-21 04:00:00+05:30,6.6405115,122.828545,12.514855,139.66693
1253,2025-08-21 05:00:00+05:30,8.067936,128.65984,15.443328,139.25392
1254,2025-08-21 06:00:00+05:30,8.217153,151.1893,17.235882,172.80086
1255,2025-08-21 07:00:00+05:30,6.6624317,181.54813,10.621525,180.971
1256,2025-08-21 08:00:00+05:30,7.9567327,142.35231,11.545284,149.03632
1257,2025-08-21 09:00:00+05:30,9.12513,165.14134,12.313893,164.74483
1258,2025-08-21 10:00:00+05:30,13.021106,185.55287,19.30117,183.74292
1259,2025-08-21 11:00:00+05:30,8.322932,201.57137,12.69351,198.17812
1260,2025-08-21 12:00:00+05:30,7.689603,196.31393,11.442394,199.29015
1261,2025-08-21 13:00:00+05:30,10.158444,209.74478,13.53236,208.61037
1262,2025-08-21 14:00:00+05:30,11.334284,190.06062,15.991659,191.68935
1263,2025-08-21 15:00:00+05:30,13.861168,179.25595,20.880775,180.49391
1264,2025-08-21 16:00:00+05:30,5.369916,219.55963,8.287822,235.6196
1265,2025-08-21 17:00:00+05:30,5.2939587,197.81898,10.962281,209.5114
1266,2025-08-21 18:00:00+05:30,7.256032,187.12492,16.62249,197.6502
1267,2025-08-21 19:00:00+05:30,5.232399,183.94511,13.570615,201.80147
1268,2025-08-21 20:00:00+05:30,6.5024605,184.76355,15.552041,196.12766
1269,2025-08-21 21:00:00+05:30,10.706596,206.99576,21.794127,210.80138
1270,2025-08-21 22:00:00+05:30,7.040739,184.39862,16.685717,200.19443
1271,2025-08-21 23:00:00+05:30,7.040739,184.39862,16.077536,201.68236
1272,2025-08-22 00:00:00+05:30,5.896202,192.33908,14.266632,209.4758
1273,2025-08-22 01:00:00+05:30,7.0591216,199.35909,14.581111,208.77971
1274,2025-08-22 02:00:00+05:30,4.510787,241.38963,12.71901,243.0724
1275,2025-08-22 03:00:00+05:30,6.889557,146.7251,11.212135,174.47255
1276,2025-08-22 04:00:00+05:30,10.51576,173.11838,19.620825,180.52562
1277,2025-08-22 05:00:00+05:30,5.692099,214.69522,11.525623,218.65984
1278,2025-08-22 06:00:00+05:30,9.708326,190.68486,16.071491,195.59286
1279,2025-08-22 07:00:00+05:30,12.931218,196.16457,19.888983,201.22372
1280,2025-08-22 08:00:00+05:30,14.897651,208.11311,20.371832,207.9235
1281,2025-08-22 09:00:00+05:30,10.51576,186.88162,15.585337,194.03627
1282,2025-08-22 10:00:00+05:30,11.7,210.51016,16.179987,212.27562
1283,2025-08-22 11:00:00+05:30,10.055864,225.72514,13.491598,224.9999
1284,2025-08-22 12:00:00+05:30,8.099999,233.13002,10.692969,233.90163
1285,2025-08-22 13:00:00+05:30,8.714677,231.7098,11.161451,232.206
1286,2025-08-22 14:00:00+05:30,8.893166,215.9422,11.304229,217.23491
1287,2025-08-22 15:00:00+05:30,7.6642804,170.53775,11.722133,183.52138
1288,2025-08-22 16:00:00+05:30,9.028754,203.49858,15.941944,205.40767
1289,2025-08-22 17:00:00+05:30,6.050785,202.751,10.070353,208.85556
1290,2025-08-22 18:00:00+05:30,8.78872,214.9921,17.326813,222.47383
1291,2025-08-22 19:00:00+05:30,9.109138,209.60435,18.188019,218.57127
1292,2025-08-22 20:00:00+05:30,6.050785,210.37904,14.264361,222.95459
1293,2025-08-22 21:00:00+05:30,6.5024605,184.76355,13.523978,206.90602
1294,2025-08-22 22:00:00+05:30,8.827344,182.33725,16.520823,191.30989
1295,2025-08-22 23:00:00+05:30,9.007196,182.29056,16.327497,194.03627
1296,2025-08-23 00:00:00+05:30,8.649369,192.01146,16.516901,200.40997
1297,2025-08-23 01:00:00+05:30,5.4119864,183.814,12.708816,195.61105
1298,2025-08-23 02:00:00+05:30,6.5024605,184.76355,13.5515,196.9909
1299,2025-08-23 03:00:00+05:30,5.4477882,187.59456,11.334285,200.44963
1300,2025-08-23 04:00:00+05:30,3.8773184,158.19853,9.555271,183.23964
1301,2025-08-23 05:00:00+05:30,5.8603754,137.4896,10.070353,155.72557
1302,2025-08-23 06:00:00+05:30,9.422101,173.41815,15.68584,183.28917
1303,2025-08-23 07:00:00+05:30,12.496719,191.6336,19.41415,197.25903
1304,2025-08-23 08:00:00+05:30,9.9408245,211.67543,14.77755,214.07724
1305,2025-08-23 09:00:00+05:30,9.292255,211.53474,13.281023,212.82854
1306,2025-08-23 10:00:00+05:30,10.717182,209.14798,14.8257065,209.0545
1307,2025-08-23 11:00:00+05:30,11.298495,210.65059,14.941085,211.20045
1308,2025-08-23 12:00:00+05:30,9.12513,202.01134,13.141232,203.40471
1309,2025-08-23 13:00:00+05:30,10.1902895,197.47487,14.345898,197.52567
1310,2025-08-23 14:00:00+05:30,11.844492,196.78273,15.602999,196.76263
1311,2025-08-23 15:00:00+05:30,11.431063,187.23683,16.808569,189.86574
1312,2025-08-23 16:00:00+05:30,10.823973,183.814,16.394829,188.84174
1313,2025-08-23 17:00:00+05:30,10.310403,196.22026,18.183563,201.4855
1314,2025-08-23 18:00:00+05:30,11.39842,201.29742,21.335884,205.48409
1315,2025-08-23 19:00:00+05:30,11.481968,193.60056,22.315643,199.31195
1316,2025-08-23 20:00:00+05:30,10.829958,201.4478,21.655428,207.20393
1317,2025-08-23 21:00:00+05:30,10.711135,204.84236,21.0846,211.38313
1318,2025-08-23 22:00:00+05:30,11.063778,201.97456,21.1896,208.95996
1319,2025-08-23 23:00:00+05:30,9.847496,198.10385,19.486609,205.14474
1320,2025-08-24 00:00:00+05:30,9.582359,185.38922,18.841623,198.95433
1321,2025-08-24 01:00:00+05:30,9.087772,187.96953,18.671474,199.13374
1322,2025-08-24 02:00:00+05:30,9.181765,181.12328,17.769016,193.47318
1323,2025-08-24 03:00:00+05:30,11.688918,170.24765,20.01969,176.3916
1324,2025-08-24 04:00:00+05:30,11.090103,166.86597,21.010712,173.6057
1325,2025-08-24 05:00:00+05:30,8.82,180.0,17.057314,187.27492
1326,2025-08-24 06:00:00+05:30,8.777653,164.53873,16.956345,170.83772
1327,2025-08-24 07:00:00+05:30,12.7279215,188.13002,21.042301,190.34863
1328,2025-08-24 08:00:00+05:30,11.190442,205.74066,16.18199,205.7099
1329,2025-08-24 09:00:00+05:30,15.053425,206.25859,20.859041,208.33415
1330,2025-08-24 10:00:00+05:30,14.248452,206.24129,18.917133,206.56499
1331,2025-08-24 11:00:00+05:30,15.779543,200.70912,20.757051,201.89374
1332,2025-08-24 12:00:00+05:30,12.882267,172.77577,18.762354,176.14944
1333,2025-08-24 13:00:00+05:30,15.03835,191.0409,20.05203,191.91513
1334,2025-08-24 14:00:00+05:30,15.379206,196.31393,20.870687,194.99513
1335,2025-08-24 15:00:00+05:30,13.379461,185.4037,18.072754,185.14267
1336,2025-08-24 16:00:00+05:30,12.358542,192.61932,19.387428,192.875
1337,2025-08-24 17:00:00+05:30,12.24,180.0,21.816416,183.31087
1338,2025-08-24 18:00:00+05:30,7.8149853,165.32356,16.478603,173.72902
1339,2025-08-24 19:00:00+05:30,8.654986,163.0724,18.406704,170.99832
1340,2025-08-24 20:00:00+05:30,6.638072,167.4712,16.263872,174.92049
1341,2025-08-24 21:00:00+05:30,5.6492476,157.52052,14.721535,168.00313
1342,2025-08-24 22:00:00+05:30,7.4932766,155.89777,17.020235,162.13982
1343,2025-08-24 23:00:00+05:30,6.21717,157.8905,15.455911,165.1545
1344,2025-08-25 00:00:00+05:30,4.7928696,145.71307,13.00243,158.05124
1345,2025-08-25 01:00:00+05:30,4.1085763,118.8107,11.525623,141.34016
1346,2025-08-25 02:00:00+05:30,5.6262593,97.35229,13.049689,114.44395
1347,2025-08-25 03:00:00+05:30,8.2584505,106.4601,16.848999,108.04791
1348,2025-08-25 04:00:00+05:30,5.2323985,116.56499,12.348051,126.70295
1349,2025-08-25 05:00:00+05:30,5.692099,124.69522,12.906138,129.90784
1350,2025-08-25 06:00:00+05:30,5.2323985,116.56499,11.609651,119.74479
1351,2025-08-25 07:00:00+05:30,4.2136917,109.98319,6.050785,112.751015
1352,2025-08-25 08:00:00+05:30,4.846648,111.801476,6.21717,112.109505
1353,2025-08-25 09:00:00+05:30,7.486788,99.68872,9.67657,99.637474
1354,2025-08-25 10:00:00+05:30,8.29173,117.12123,10.8672905,116.56499
1355,2025-08-25 11:00:00+05:30,8.149847,133.21011,10.310402,134.29277
1356,2025-08-25 12:00:00+05:30,7.9077177,138.69148,9.82114,138.7154
1357,2025-08-25 13:00:00+05:30,6.114703,132.61403,7.386582,133.02507
1358,2025-08-25 14:00:00+05:30,9.028754,184.57384,11.705537,178.23764
1359,2025-08-25 15:00:00+05:30,8.383054,165.06853,11.440978,167.27565
1360,2025-08-25 16:00:00+05:30,6.6818557,152.74475,9.741642,152.48808
1361,2025-08-25 17:00:00+05:30,5.506941,168.69011,10.308831,167.90526
1362,2025-08-25 18:00:00+05:30,0.742159,165.96373,5.6492476,157.52052
1363,2025-08-25 19:00:00+05:30,1.0948973,170.53775,6.1437774,174.95764
1364,2025-08-25 20:00:00+05:30,2.0124612,153.43501,7.4672885,164.62369
1365,2025-08-25 21:00:00+05:30,3.7971041,121.42952,10.094454,140.06367
1366,2025-08-25 22:00:00+05:30,5.983477,136.2188,15.602999,140.6176
1367,2025-08-25 23:00:00+05:30,5.495161,148.39255,15.277749,145.56096
1368,2025-08-26 00:00:00+05:30,4.6938257,122.471176,13.513193,131.76021
1369,2025-08-26 01:00:00+05:30,4.6730714,105.64231,13.0447235,117.979385
1370,2025-08-26 02:00:00+05:30,4.3349743,94.76356,12.20023,111.64449
1371,2025-08-26 03:00:00+05:30,4.8633323,92.12105,13.379461,109.653915
1372,2025-08-26 04:00:00+05:30,5.4119864,86.186005,13.883356,103.49575
1373,2025-08-26 05:00:00+05:30,5.223103,88.025116,13.627795,102.200455
1374,2025-08-26 06:00:00+05:30,6.1858225,81.6342,13.910169,100.43742
1375,2025-08-26 07:00:00+05:30,8.101999,91.273,11.003581,93.751656
1376,2025-08-26 08:00:00+05:30,9.12513,104.85866,12.313893,105.25517
1377,2025-08-26 09:00:00+05:30,11.276967,114.51963,15.137133,115.34614
1378,2025-08-26 10:00:00+05:30,11.679213,114.5901,16.104721,115.13292
1379,2025-08-26 11:00:00+05:30,10.4166975,108.121956,13.149859,109.17911
1380,2025-08-26 12:00:00+05:30,10.32924,112.5431,13.237039,112.38018
1381,2025-08-26 13:00:00+05:30,9.796366,110.432915,12.351988,108.69908
1382,2025-08-26 14:00:00+05:30,8.4042845,170.13426,11.897714,162.38733
1383,2025-08-26 15:00:00+05:30,6.090812,145.84026,8.4963045,143.61555
1384,2025-08-26 16:00:00+05:30,8.654987,135.0001,12.7279215,135.0001
1385,2025-08-26 17:00:00+05:30,7.1389914,146.3099,14.480773,145.1246
1386,2025-08-26 18:00:00+05:30,4.6800003,112.61991,12.387348,125.537766
1387,2025-08-26 19:00:00+05:30,5.5216303,109.025696,14.169785,115.58847
1388,2025-08-26 20:00:00+05:30,6.090812,124.159744,16.188995,131.84508
1389,2025-08-26 21:00:00+05:30,5.8603754,137.4896,15.518672,142.06667
1390,2025-08-26 22:00:00+05:30,4.863332,128.991,14.009968,132.91743
1391,2025-08-26 23:00:00+05:30,4.5572357,99.090195,12.43434,112.109505
1392,2025-08-27 00:00:00+05:30,5.6060677,84.47256,14.311981,96.49925
1393,2025-08-27 01:00:00+05:30,6.2483597,78.366394,15.124284,91.3639
1394,2025-08-27 02:00:00+05:30,6.689125,66.19405,15.070633,82.45067
1395,2025-08-27 03:00:00+05:30,8.163749,75.96373,17.015474,83.92764
1396,2025-08-27 04:00:00+05:30,8.6867485,84.05324,16.919998,90.0
1397,2025-08-27 05:00:00+05:30,8.967541,79.59235,17.123669,86.98728
1398,2025-08-27 06:00:00+05:30,13.681183,90.75384,21.816416,93.310875
1399,2025-08-27 07:00:00+05:30,14.799459,94.18484,21.816416,93.310875
1400,2025-08-27 08:00:00+05:30,14.897651,101.85298,21.573734,102.5288
1401,2025-08-27 09:00:00+05:30,16.59225,105.09163,23.096882,104.9027
1402,2025-08-27 10:00:00+05:30,16.59225,118.51115,22.798264,118.79088
1403,2025-08-27 11:00:00+05:30,16.144905,120.85413,21.238474,121.13025
1404,2025-08-27 12:00:00+05:30,15.631007,125.15426,20.674156,125.07384
1405,2025-08-27 13:00:00+05:30,13.551501,129.61066,20.015644,131.71902
1406,2025-08-27 14:00:00+05:30,14.529915,138.01286,19.881649,137.93575
1407,2025-08-27 15:00:00+05:30,16.108742,161.76741,24.31333,160.08928
1408,2025-08-27 16:00:00+05:30,12.425216,178.33975,20.368652,176.96066
1409,2025-08-27 17:00:00+05:30,10.587917,162.18102,18.64543,167.17122
1410,2025-08-27 18:00:00+05:30,11.843124,155.77226,21.659916,158.5522
1411,2025-08-27 19:00:00+05:30,12.245293,155.69547,22.66857,159.55037
1412,2025-08-27 20:00:00+05:30,11.442394,160.70985,21.41319,163.39294
1413,2025-08-27 21:00:00+05:30,9.82279,166.21838,19.32382,170.88872
1414,2025-08-27 22:00:00+05:30,8.36758,161.1752,17.94411,166.66074
1415,2025-08-27 23:00:00+05:30,6.792466,147.99466,16.179985,159.14546
1416,2025-08-28 00:00:00+05:30,6.193674,125.537766,15.489414,141.13222
1417,2025-08-28 01:00:00+05:30,6.623413,132.79738,16.560978,142.50728
1418,2025-08-28 02:00:00+05:30,7.0038276,115.906456,16.188995,131.84508
1419,2025-08-28 03:00:00+05:30,8.836514,123.36639,19.016214,130.77768
1420,2025-08-28 04:00:00+05:30,11.074023,135.65846,21.112242,140.88245
1421,2025-08-28 05:00:00+05:30,13.070776,157.3194,23.237434,159.5997
1422,2025-08-28 06:00:00+05:30,11.885453,144.86572,19.42416,147.4881
1423,2025-08-28 07:00:00+05:30,16.645864,158.42863,24.273317,156.85718
1424,2025-08-28 08:00:00+05:30,13.523978,153.09398,18.514643,153.43501
1425,2025-08-28 09:00:00+05:30,15.027575,161.1309,20.606659,162.19804
1426,2025-08-28 10:00:00+05:30,14.827893,169.50858,19.70815,170.53775
1427,2025-08-28 11:00:00+05:30,15.095336,171.77336,20.008356,171.7242
1428,2025-08-28 12:00:00+05:30,18.161278,166.2392,24.448214,166.37299
1429,2025-08-28 13:00:00+05:30,7.754637,158.19853,11.841756,160.46326
1430,2025-08-28 14:00:00+05:30,17.651016,168.23174,24.19042,167.10124
1431,2025-08-28 15:00:00+05:30,10.699028,167.36664,15.891054,170.21767
1432,2025-08-28 16:00:00+05:30,16.733225,168.2066,25.100157,169.2542
1433,2025-08-28 17:00:00+05:30,13.971756,158.06146,24.085724,163.0546
1434,2025-08-28 18:00:00+05:30,10.837435,147.89377,20.609016,154.10641
1435,2025-08-28 19:00:00+05:30,10.717182,150.85202,20.929594,153.43501
1436,2025-08-28 20:00:00+05:30,10.387107,152.10281,20.70704,155.8858
1437,2025-08-28 21:00:00+05:30,10.962281,150.4886,21.573734,153.22124
1438,2025-08-28 22:00:00+05:30,10.436895,147.6804,20.473368,150.50514
1439,2025-08-28 23:00:00+05:30,10.730778,157.30617,21.026125,158.9272
1440,2025-08-29 00:00:00+05:30,9.96524,163.20155,20.038294,165.96373
1441,2025-08-29 01:00:00+05:30,8.827343,163.41258,18.466457,169.89502
1442,2025-08-29 02:00:00+05:30,8.654986,163.0724,18.11215,169.6952
1443,2025-08-29 03:00:00+05:30,8.209263,164.74483,16.87878,172.64772
1444,2025-08-29 04:00:00+05:30,7.406295,154.05775,15.999762,162.99197
1445,2025-08-29 05:00:00+05:30,6.6624317,141.58191,14.892213,153.43501
1446,2025-08-29 06:00:00+05:30,8.297589,139.39879,16.332458,148.06158
1447,2025-08-29 07:00:00+05:30,10.474082,160.9422,14.915039,162.43964
1448,2025-08-29 08:00:00+05:30,9.600937,149.589,12.815443,150.55467
1449,2025-08-29 09:00:00+05:30,16.109747,166.42955,20.871464,167.04242
1450,2025-08-29 10:00:00+05:30,15.299999,171.20267,20.746902,171.51848
1451,2025-08-29 11:00:00+05:30,12.466867,184.96965,17.160524,184.81346
1452,2025-08-29 12:00:00+05:30,13.330941,177.67851,17.83454,177.68633
1453,2025-08-29 13:00:00+05:30,14.068817,183.66771,21.432096,181.92514
1454,2025-08-29 14:00:00+05:30,10.261578,178.99493,13.681183,180.75383
1455,2025-08-29 15:00:00+05:30,11.578912,168.34074,16.029097,167.68057
1456,2025-08-29 16:00:00+05:30,8.490582,184.86443,14.848635,186.2634
1457,2025-08-29 17:00:00+05:30,10.546525,152.56036,18.392618,159.9689
1458,2025-08-29 18:00:00+05:30,9.0018,168.46541,18.051228,170.81953
1459,2025-08-29 19:00:00+05:30,8.242743,148.39255,16.833609,155.35324
1460,2025-08-29 20:00:00+05:30,9.446141,149.03632,19.1588,153.19429
1461,2025-08-29 21:00:00+05:30,7.8954163,155.77226,17.193533,160.42679
1462,2025-08-29 22:00:00+05:30,6.792466,147.99466,16.357237,155.9735
1463,2025-08-29 23:00:00+05:30,5.994297,131.34769,14.982228,144.78232
1464,2025-08-30 00:00:00+05:30,5.3939967,154.2901,14.009968,159.70235
1465,2025-08-30 01:00:00+05:30,5.0911684,135.0001,13.203954,152.38705
1466,2025-08-30 02:00:00+05:30,5.7628117,128.65984,13.581354,145.25676
1467,2025-08-30 03:00:00+05:30,5.0975285,137.86247,13.681184,147.35538
1468,2025-08-30 04:00:00+05:30,4.5891175,138.17992,13.032298,147.40742
1469,2025-08-30 05:00:00+05:30,5.3517847,137.72638,13.538345,144.19656
1470,2025-08-30 06:00:00+05:30,4.2481523,126.384445,9.585739,145.71307
1471,2025-08-30 07:00:00+05:30,6.3639607,118.7397,8.9873905,122.73522
1472,2025-08-30 08:00:00+05:30,7.9077177,138.69148,10.094454,140.06367
1473,2025-08-30 09:00:00+05:30,6.8919086,139.23648,8.574123,140.9645
1474,2025-08-30 10:00:00+05:30,9.82114,131.2846,12.261157,130.23628
1475,2025-08-30 11:00:00+05:30,8.654986,163.0724,12.0694,162.64589
1476,2025-08-30 12:00:00+05:30,9.796366,159.5671,13.036026,162.31552
1477,2025-08-30 13:00:00+05:30,10.993271,182.81549,15.849201,181.95247
1478,2025-08-30 14:00:00+05:30,9.215226,192.40741,12.992458,190.3758
1479,2025-08-30 15:00:00+05:30,12.371645,188.3658,17.40424,190.7288
1480,2025-08-30 16:00:00+05:30,10.661107,168.31065,15.328561,170.53775
1481,2025-08-30 17:00:00+05:30,7.814986,172.05663,14.292725,174.2177
1482,2025-08-30 18:00:00+05:30,5.402999,150.01845,14.039999,157.3801
1483,2025-08-30 19:00:00+05:30,6.193674,144.46223,14.913952,150.34099
1484,2025-08-30 20:00:00+05:30,6.391901,122.34742,15.536408,133.12215
1485,2025-08-30 21:00:00+05:30,6.8423676,116.56499,16.22498,123.6901
1486,2025-08-30 22:00:00+05:30,5.3999996,126.86998,14.450535,129.44003
1487,2025-08-30 23:00:00+05:30,1.7727944,113.962494,8.400428,135.0001
1488,2025-08-31 00:00:00+05:30,1.8089776,84.2895,7.1684303,128.8845
1489,2025-08-31 01:00:00+05:30,1.6981165,57.99466,5.7176566,118.1785
1490,2025-08-31 02:00:00+05:30,1.8792552,73.300674,5.692099,124.69522
1491,2025-08-31 03:00:00+05:30,3.319036,130.60121,8.43699,146.3099
1492,2025-08-31 04:00:00+05:30,3.710795,140.90616,8.490582,147.99466
1493,2025-08-31 05:00:00+05:30,3.8183763,98.13002,9.636307,122.79953
1494,2025-08-31 06:00:00+05:30,5.7628117,141.34016,6.248359,138.50363
1495,2025-08-31 07:00:00+05:30,3.01735,162.64589,3.7585104,163.30067
1496,2025-08-31 08:00:00+05:30,2.2910259,135.0001,3.0547013,135.0001
1497,2025-08-31 09:00:00+05:30,3.8183763,98.13002,4.942631,100.491425
1498,2025-08-31 10:00:00+05:30,4.5572357,99.090195,5.6835546,100.95402
1499,2025-08-31 11:00:00+05:30,6.198903,115.820946,7.8087645,115.97434
1500,2025-08-31 12:00:00+05:30,7.3447943,107.10281,9.05205,107.35411
1501,2025-08-31 13:00:00+05:30,5.8298883,98.88058,7.2805495,98.530685
1502,2025-08-31 14:00:00+05:30,5.1575575,119.24873,6.2067385,119.53869
1503,2025-08-31 15:00:00+05:30,6.279395,117.29949,8.217153,118.8107
1504,2025-08-31 16:00:00+05:30,5.994297,138.65233,9.178235,138.17992
1505,2025-08-31 17:00:00+05:30,4.143911,177.5105,9.181765,178.87672
1506,2025-08-31 18:00:00+05:30,3.745557,125.21768,9.97986,129.14398
1507,2025-08-31 19:00:00+05:30,3.710795,112.833694,9.220499,128.65984
1508,2025-08-31 20:00:00+05:30,1.9386592,111.801476,6.804381,127.47626
1509,2025-08-31 21:00:00+05:30,1.659518,167.4712,5.2939587,162.18102
1510,2025-08-31 22:00:00+05:30,1.7076298,198.43504,5.072041,207.47435
1511,2025-08-31 23:00:00+05:30,1.6981165,237.99466,6.6185193,247.61981
1512,2025-09-01 00:00:00+05:30,2.4149535,243.43501,8.36758,251.1752
1513,2025-09-01 01:00:00+05:30,1.6981165,237.99466,7.458606,250.25307
1514,2025-09-01 02:00:00+05:30,3.244996,303.6901,7.596341,283.70697
1515,2025-09-01 03:00:00+05:30,7.1684303,308.8845,15.1884165,301.4295
1516,2025-09-01 04:00:00+05:30,7.0934615,324.2932,15.072783,319.84406
1517,2025-09-01 05:00:00+05:30,4.2481523,306.38446,12.652604,320.1945
1518,2025-09-01 06:00:00+05:30,6.1437774,354.95764,15.206537,353.88458
1519,2025-09-01 07:00:00+05:30,6.6818557,355.36462,9.582359,354.61078
1520,2025-09-01 08:00:00+05:30,7.748368,2.6629453,10.2742,3.0127327
1521,2025-09-01 09:00:00+05:30,8.085988,16.82149,10.759423,17.525654
1522,2025-09-01 10:00:00+05:30,8.089993,20.854538,10.829958,21.44781
1523,2025-09-01 11:00:00+05:30,7.5942082,31.429514,10.134495,33.407852
1524,2025-09-01 12:00:00+05:30,6.8423676,26.564985,8.854829,26.564985
1525,2025-09-01 13:00:00+05:30,7.120815,20.72564,9.059205,20.955858
1526,2025-09-01 14:00:00+05:30,7.406295,25.942251,9.659814,26.564985
1527,2025-09-01 15:00:00+05:30,6.6185193,22.380184,9.028754,23.498587
1528,2025-09-01 16:00:00+05:30,4.724786,130.36446,6.2067385,119.53869
1529,2025-09-01 17:00:00+05:30,7.9383874,147.0306,13.110376,134.44382
1530,2025-09-01 18:00:00+05:30,4.39436,214.9921,9.82114,206.09537
1531,2025-09-01 19:00:00+05:30,8.305396,209.8988,17.174677,213.02386
1532,2025-09-01 20:00:00+05:30,4.5572357,189.0902,13.690654,219.1304
1533,2025-09-01 21:00:00+05:30,9.47012,171.25392,16.418526,164.74483
1534,2025-09-01 22:00:00+05:30,8.035746,254.40712,16.09969,243.43501
1535,2025-09-01 23:00:00+05:30,1.2979984,146.3099,6.601363,244.1337
1536,2025-09-02 00:00:00+05:30,2.1749482,245.55606,8.777653,254.53873
1537,2025-09-02 01:00:00+05:30,4.952453,199.09358,9.0,216.86998
1538,2025-09-02 02:00:00+05:30,3.0547013,135.0001,3.8141315,160.70985
1539,2025-09-02 03:00:00+05:30,3.4623692,117.89718,5.293959,125.311295
1540,2025-09-02 04:00:00+05:30,4.991553,115.64096,8.699793,114.44395
1541,2025-09-02 05:00:00+05:30,9.54679,92.16103,16.084589,95.13629
1542,2025-09-02 06:00:00+05:30,7.889259,117.1496,13.447095,117.93705
1543,2025-09-02 07:00:00+05:30,15.388685,114.166626,23.270874,115.177505
1544,2025-09-02 08:00:00+05:30,17.311846,117.89718,25.603062,117.64589
1545,2025-09-02 09:00:00+05:30,14.913952,119.65902,20.899387,120.54053
1546,2025-09-02 10:00:00+05:30,16.87398,123.690094,23.815842,124.53089
1547,2025-09-02 11:00:00+05:30,20.523157,127.875046,28.260572,127.23492
1548,2025-09-02 12:00:00+05:30,14.20062,120.46546,19.603477,120.3321
1549,2025-09-02 13:00:00+05:30,9.266067,114.07549,14.48972,116.56499
1550,2025-09-02 14:00:00+05:30,14.813683,117.499054,20.20575,117.02151
1551,2025-09-02 15:00:00+05:30,12.145665,129.5881,17.49337,130.40938
1552,2025-09-02 16:00:00+05:30,12.904882,120.141304,20.778112,121.900116
1553,2025-09-02 17:00:00+05:30,12.039833,121.551346,22.117304,123.04342
1554,2025-09-02 18:00:00+05:30,12.0694,107.35411,22.437273,110.17955
1555,2025-09-02 19:00:00+05:30,11.525623,104.47034,22.034382,107.10281
1556,2025-09-02 20:00:00+05:30,12.295462,107.90454,22.79684,111.297424
1557,2025-09-02 21:00:00+05:30,11.252519,97.35229,21.046917,102.8477
1558,2025-09-02 22:00:00+05:30,10.742848,98.673096,20.650637,104.64193
1559,2025-09-02 23:00:00+05:30,10.387107,98.97255,20.05203,106.15742
1560,2025-09-03 00:00:00+05:30,11.442394,109.290146,21.25906,111.35105
1561,2025-09-03 01:00:00+05:30,10.387107,98.97255,20.265795,102.30801
1562,2025-09-03 02:00:00+05:30,12.503199,96.613365,23.200455,99.82766
1563,2025-09-03 03:00:00+05:30,15.546833,95.31445,26.993998,96.508865
1564,2025-09-03 04:00:00+05:30,13.878688,80.29342,24.739359,85.40954
1565,2025-09-03 05:00:00+05:30,16.740969,90.61605,28.317265,93.64442
1566,2025-09-03 06:00:00+05:30,19.245697,82.47627,30.790524,83.62292
1567,2025-09-03 07:00:00+05:30,20.880775,90.493904,32.94049,90.31309
1568,2025-09-03 08:00:00+05:30,18.727785,91.652275,28.988943,91.42317
1569,2025-09-03 09:00:00+05:30,22.355536,103.029205,32.058193,102.319435
1570,2025-09-03 10:00:00+05:30,21.265154,105.21265,29.522196,105.56157
1571,2025-09-03 11:00:00+05:30,20.37899,114.52771,30.94168,114.030174
1572,2025-09-03 12:00:00+05:30,21.661411,115.074394,30.7542,115.665146
1573,2025-09-03 13:00:00+05:30,20.674156,125.07384,28.917887,125.371925
1574,2025-09-03 14:00:00+05:30,21.407139,137.72638,31.347918,137.79277
1575,2025-09-03 15:00:00+05:30,17.49615,126.63421,25.922499,127.66569
1576,2025-09-03 16:00:00+05:30,11.808878,142.43134,19.26084,142.59457
1577,2025-09-03 17:00:00+05:30,13.6289835,146.3099,24.363249,145.84026
1578,2025-09-03 18:00:00+05:30,12.642357,118.024414,23.277834,121.72356
1579,2025-09-03 19:00:00+05:30,14.082628,125.11209,25.05623,127.11694
1580,2025-09-03 20:00:00+05:30,13.767352,131.82008,24.573132,133.51605
1581,2025-09-03 21:00:00+05:30,13.032298,147.40742,24.71512,145.38396
1582,2025-09-03 22:00:00+05:30,12.830604,145.86401,23.363974,146.3099
1583,2025-09-03 23:00:00+05:30,11.7,143.13002,21.869074,145.39426
1584,2025-09-04 00:00:00+05:30,10.210936,139.28925,20.188908,140.06367
1585,2025-09-04 01:00:00+05:30,9.931042,136.46873,19.761507,138.32321
1586,2025-09-04 02:00:00+05:30,9.459852,111.19412,19.091883,118.73969
1587,2025-09-04 03:00:00+05:30,9.82279,103.781624,19.530622,109.93808
1588,2025-09-04 04:00:00+05:30,10.172787,103.298584,20.150354,108.75875
1589,2025-09-04 05:00:00+05:30,11.442394,109.290146,21.026125,111.0728
1590,2025-09-04 06:00:00+05:30,12.710091,102.26476,20.256996,104.40672
1591,2025-09-04 07:00:00+05:30,14.118243,109.359085,20.438522,109.552086
1592,2025-09-04 08:00:00+05:30,14.8257065,119.05451,20.718773,119.68305
1593,2025-09-04 09:00:00+05:30,14.941085,121.200455,20.497883,120.61853
1594,2025-09-04 10:00:00+05:30,16.616642,129.72606,23.000591,129.92033
1595,2025-09-04 11:00:00+05:30,14.128566,134.4839,19.219584,135.3794
1596,2025-09-04 12:00:00+05:30,15.7908325,136.8476,21.528633,137.37187
1597,2025-09-04 13:00:00+05:30,10.449306,169.07724,14.827893,169.50858
1598,2025-09-04 14:00:00+05:30,8.43699,168.92984,11.543881,169.21574
1599,2025-09-04 15:00:00+05:30,13.78029,156.1135,19.66536,156.2505
1600,2025-09-04 16:00:00+05:30,10.874741,167.57407,17.682194,165.2564
1601,2025-09-04 17:00:00+05:30,11.525623,165.52966,20.999144,165.60637
1602,2025-09-04 18:00:00+05:30,4.542994,123.6901,12.870944,137.83418
1603,2025-09-04 19:00:00+05:30,7.7983837,161.14674,17.71789,159.17137
1604,2025-09-04 20:00:00+05:30,6.8989563,164.87595,16.418526,164.74483
1605,2025-09-04 21:00:00+05:30,6.090812,145.84026,15.060956,155.2727
1606,2025-09-04 22:00:00+05:30,4.3349743,131.63345,12.4811535,146.76828
1607,2025-09-04 23:00:00+05:30,4.613762,110.55612,12.097553,133.19128
1608,2025-09-05 00:00:00+05:30,5.1826253,110.32322,13.433838,125.18078
1609,2025-09-05 01:00:00+05:30,4.846648,111.801476,12.88981,125.90981
1610,2025-09-05 02:00:00+05:30,5.9644947,95.19434,13.441071,110.37652
1611,2025-09-05 03:00:00+05:30,7.995323,121.18491,17.134071,121.68632
1612,2025-09-05 04:00:00+05:30,9.102021,114.53771,17.660192,119.9621
1613,2025-09-05 05:00:00+05:30,6.269067,129.17365,14.133152,133.4519
1614,2025-09-05 06:00:00+05:30,8.604301,127.34943,17.968472,132.15779
1615,2025-09-05 07:00:00+05:30,8.953078,149.82657,12.815443,150.55467
1616,2025-09-05 08:00:00+05:30,12.616703,165.96373,16.851885,166.40903
1617,2025-09-05 09:00:00+05:30,11.448055,163.55954,15.552041,163.87234
1618,2025-09-05 10:00:00+05:30,10.765445,159.44388,14.178928,159.95467
1619,2025-09-05 11:00:00+05:30,9.391102,167.82855,12.144331,168.0239
1620,2025-09-05 12:00:00+05:30,9.391102,167.82855,11.968308,167.84508
1621,2025-09-05 13:00:00+05:30,12.157663,154.57317,15.410776,157.32861
1622,2025-09-05 14:00:00+05:30,7.3997297,221.05472,10.441551,215.88223
1623,2025-09-05 15:00:00+05:30,5.4149795,164.57777,7.689603,163.68607
1624,2025-09-05 16:00:00+05:30,8.538149,161.56496,12.410866,160.51378
1625,2025-09-05 17:00:00+05:30,8.477216,176.34785,16.56,180.0
1626,2025-09-05 18:00:00+05:30,4.379589,170.53775,11.788281,187.0164
1627,2025-09-05 19:00:00+05:30,3.8773184,158.19853,9.926147,184.15956
1628,2025-09-05 20:00:00+05:30,5.7515564,159.86362,14.455019,174.99945
1629,2025-09-05 21:00:00+05:30,6.5049515,165.5792,16.63905,174.41284
1630,2025-09-05 22:00:00+05:30,6.2145634,169.99208,16.02101,179.35626
1631,2025-09-05 23:00:00+05:30,5.2200003,180.0,14.944336,189.00842
1632,2025-09-06 00:00:00+05:30,4.353619,172.87508,12.461669,190.82297
1633,2025-09-06 01:00:00+05:30,4.6730714,164.3577,12.841963,185.63058
1634,2025-09-06 02:00:00+05:30,3.9844694,161.56496,11.588701,186.24182
1635,2025-09-06 03:00:00+05:30,4.143911,145.6196,11.052058,173.45381
1636,2025-09-06 04:00:00+05:30,4.5,143.13002,12.295462,162.09546
1637,2025-09-06 05:00:00+05:30,4.7827187,160.20103,13.1412325,166.53477
1638,2025-09-06 06:00:00+05:30,4.452954,165.96373,10.837435,184.76355
1639,2025-09-06 07:00:00+05:30,4.7827187,160.20103,6.9899354,168.11136
1640,2025-09-06 08:00:00+05:30,5.937272,165.96373,7.555712,167.61925
1641,2025-09-06 09:00:00+05:30,6.6818557,175.36462,8.656858,176.42374
1642,2025-09-06 10:00:00+05:30,6.898956,172.50424,9.044888,174.2895
1643,2025-09-06 11:00:00+05:30,7.8087645,154.02567,10.30883,155.22488
1644,2025-09-06 12:00:00+05:30,7.9932976,172.23492,10.158444,172.87508
1645,2025-09-06 13:00:00+05:30,6.3231,184.899,8.131936,185.07951
1646,2025-09-06 14:00:00+05:30,13.321216,180.7742,17.82091,179.4213
1647,2025-09-06 15:00:00+05:30,4.829907,206.56499,6.689125,203.80595
1648,2025-09-06 16:00:00+05:30,7.406295,205.94225,10.6261,206.13094
1649,2025-09-06 17:00:00+05:30,4.3349743,131.63345,8.936778,152.4028
1650,2025-09-06 18:00:00+05:30,4.0249224,169.6952,10.259999,180.0
1651,2025-09-06 19:00:00+05:30,6.310277,183.27042,15.501959,192.74529
1652,2025-09-06 20:00:00+05:30,8.936778,189.27252,19.734436,194.79681
1653,2025-09-06 21:00:00+05:30,7.9932976,187.76508,18.64543,192.82878
1654,2025-09-06 22:00:00+05:30,6.5049515,194.4208,16.62249,197.6502
1655,2025-09-06 23:00:00+05:30,5.154415,204.77512,14.658676,204.67685
1656,2025-09-07 00:00:00+05:30,4.6800003,202.6199,13.70839,209.93143
1657,2025-09-07 01:00:00+05:30,4.73506,188.74608,13.070776,202.6806
1658,2025-09-07 02:00:00+05:30,4.1556225,184.96965,11.91812,205.01686
1659,2025-09-07 03:00:00+05:30,3.9966488,172.23492,11.103243,199.90384
1660,2025-09-07 04:00:00+05:30,3.96,180.0,11.203464,203.6821
1661,2025-09-07 05:00:00+05:30,4.452954,165.96373,11.832176,193.19061
1662,2025-09-07 06:00:00+05:30,4.952453,160.90642,12.273043,184.20528
1663,2025-09-07 07:00:00+05:30,4.802999,192.99461,7.247096,194.38142
1664,2025-09-07 08:00:00+05:30,4.4274144,206.56499,5.95906,205.01686
1665,2025-09-07 09:00:00+05:30,5.1197267,190.1246,6.5693827,189.46225
1666,2025-09-07 10:00:00+05:30,4.86,180.0,6.4799995,180.0
1667,2025-09-07 11:00:00+05:30,5.8048253,172.87508,7.4346757,173.04713
1668,2025-09-07 12:00:00+05:30,7.208994,182.86235,9.187056,182.2457
1669,2025-09-07 13:00:00+05:30,7.3094187,189.92618,9.531505,190.88548
1670,2025-09-07 14:00:00+05:30,8.101999,181.273,10.644379,183.87845
1671,2025-09-07 15:00:00+05:30,9.867218,194.79681,13.723745,196.7713
1672,2025-09-07 16:00:00+05:30,10.385547,205.67677,15.779543,205.6881
1673,2025-09-07 17:00:00+05:30,5.9834766,201.16133,12.872201,200.46236
1674,2025-09-07 18:00:00+05:30,7.42159,194.03627,16.279802,198.03438
1675,2025-09-07 19:00:00+05:30,5.0528407,184.08554,13.577776,194.58896
1676,2025-09-07 20:00:00+05:30,4.9785542,192.5288,14.009968,200.29765
1677,2025-09-07 21:00:00+05:30,5.2694216,187.85323,14.517644,197.31174
1678,2025-09-07 22:00:00+05:30,7.0223074,181.46877,16.909464,191.66875
1679,2025-09-07 23:00:00+05:30,7.2022495,181.43207,17.34083,189.56003
1680,2025-09-08 00:00:00+05:30,6.424764,191.30989,16.293728,196.03241
1681,2025-09-08 01:00:00+05:30,5.506941,191.30989,15.14783,200.1577
1682,2025-09-08 02:00:00+05:30,4.6938252,184.39862,13.605189,197.71588
1683,2025-09-08 03:00:00+05:30,4.6834598,182.20255,13.207634,197.44728
1684,2025-09-08 04:00:00+05:30,3.536439,194.7436,10.874742,208.68605
1685,2025-09-08 05:00:00+05:30,2.0523157,164.74483,8.29173,207.12122
1686,2025-09-08 06:00:00+05:30,2.8460495,145.30478,6.341009,186.5197
1687,2025-09-08 07:00:00+05:30,4.14,180.0,5.771239,183.57626
1688,2025-09-08 08:00:00+05:30,4.379589,189.46225,5.6835546,190.95403
1689,2025-09-08 09:00:00+05:30,3.4623692,152.10283,4.4274144,153.43501
1690,2025-09-08 10:00:00+05:30,5.0911684,135.0001,6.3639607,135.0001
1691,2025-09-08 11:00:00+05:30,6.248359,138.50363,8.161764,138.57643
1692,2025-09-08 12:00:00+05:30,6.6185193,157.61983,8.626865,156.64442
1693,2025-09-08 13:00:00+05:30,6.302571,178.36346,8.287822,177.5105
1694,2025-09-08 14:00:00+05:30,8.490582,184.86443,11.35285,182.72626
1695,2025-09-08 15:00:00+05:30,7.329338,204.67685,10.070353,204.27443
1696,2025-09-08 16:00:00+05:30,7.8149853,194.67644,11.656998,193.39252
1697,2025-09-08 17:00:00+05:30,6.849467,183.01273,13.596852,186.84268
1698,2025-09-08 18:00:00+05:30,5.7599998,180.0,15.385525,186.04399
1699,2025-09-08 19:00:00+05:30,7.6642804,189.46225,18.59845,194.57425
1700,2025-09-08 20:00:00+05:30,8.260411,191.30989,19.0392,195.35019
1701,2025-09-08 21:00:00+05:30,6.7853074,201.80147,16.746773,205.4633
1702,2025-09-08 22:00:00+05:30,6.7205353,200.37651,16.670176,204.90474
1703,2025-09-08 23:00:00+05:30,6.4323244,197.92801,16.712881,202.14523
1704,2025-09-09 00:00:00+05:30,6.2613096,198.43504,16.357237,204.0265
1705,2025-09-09 01:00:00+05:30,5.12289,198.43504,14.650938,206.25018
1706,2025-09-09 02:00:00+05:30,4.5891175,205.55992,13.130133,213.25438
1707,2025-09-09 03:00:00+05:30,3.6,216.86998,11.334285,223.06943
1708,2025-09-09 04:00:00+05:30,2.1674871,184.76355,7.9567327,217.64769
1709,2025-09-09 05:00:00+05:30,2.9301877,169.3804,8.0599,209.42737
1710,2025-09-09 06:00:00+05:30,2.5772076,155.22488,7.16617,205.27768
1711,2025-09-09 07:00:00+05:30,4.4456716,211.75943,6.489992,213.6901
1712,2025-09-09 08:00:00+05:30,5.8603754,222.5104,7.891311,224.9999
1713,2025-09-09 09:00:00+05:30,5.2323985,220.81499,6.7565966,221.76021
1714,2025-09-09 10:00:00+05:30,4.278551,194.62091,5.4149795,195.42223
1715,2025-09-09 11:00:00+05:30,4.8733153,175.76369,6.302571,178.36346
1716,2025-09-09 12:00:00+05:30,6.638072,167.4712,8.613709,169.15974
1717,2025-09-09 13:00:00+05:30,6.638072,167.4712,8.581677,170.34018
1718,2025-09-09 14:00:00+05:30,7.02,180.0,9.187056,182.2457
1719,2025-09-09 15:00:00+05:30,7.9526596,185.19434,10.873252,186.65433
1720,2025-09-09 16:00:00+05:30,8.951267,195.15411,15.999762,197.00803
1721,2025-09-09 17:00:00+05:30,11.028581,206.14677,20.700783,208.5706
1722,2025-09-09 18:00:00+05:30,5.4833565,203.19862,14.49531,204.97388
1723,2025-09-09 19:00:00+05:30,5.637765,196.69933,14.48972,206.56499
1724,2025-09-09 20:00:00+05:30,5.4029994,178.0909,14.264361,190.17545
1725,2025-09-09 21:00:00+05:30,6.9899354,191.88864,16.451052,197.8403
1726,2025-09-09 22:00:00+05:30,7.689603,200.55612,17.870834,206.3069
1727,2025-09-09 23:00:00+05:30,7.596341,193.70699,17.58481,202.89058
1728,2025-09-10 00:00:00+05:30,7.16617,205.27768,17.10284,210.34317
1729,2025-09-10 01:00:00+05:30,6.8541956,203.19861,16.42839,212.47118
1730,2025-09-10 02:00:00+05:30,5.0816135,202.93213,14.081477,212.47118
1731,2025-09-10 03:00:00+05:30,4.186693,205.4633,12.124306,220.78572
1732,2025-09-10 04:00:00+05:30,4.6277857,193.49574,12.682018,214.59235
1733,2025-09-10 05:00:00+05:30,4.278551,202.24907,12.514855,220.33307
1734,2025-09-10 06:00:00+05:30,4.278551,194.62091,10.908951,217.6263
1735,2025-09-10 07:00:00+05:30,5.293959,234.6887,7.7879906,236.3099
1736,2025-09-10 08:00:00+05:30,6.696387,233.74606,9.039514,234.7275
1737,2025-09-10 09:00:00+05:30,5.1481256,233.53067,6.59154,235.0079
1738,2025-09-10 10:00:00+05:30,4.1046314,195.25517,5.3517847,199.65392
1739,2025-09-10 11:00:00+05:30,2.968636,194.03627,3.644722,200.22495
1740,2025-09-10 12:00:00+05:30,3.244996,160.55988,4.060985,167.19574
1741,2025-09-10 13:00:00+05:30,4.6938252,175.60138,5.9399996,180.0
1742,2025-09-10 14:00:00+05:30,4.14,180.0,5.426933,185.7105
1743,2025-09-10 15:00:00+05:30,6.7205353,159.62349,9.0,163.73972
1744,2025-09-10 16:00:00+05:30,13.055896,164.81412,20.969805,168.11136
1745,2025-09-10 17:00:00+05:30,10.209348,189.1301,18.709612,191.09369
1746,2025-09-10 18:00:00+05:30,8.967541,190.40765,18.845062,197.22353
1747,2025-09-10 19:00:00+05:30,9.0,196.26028,18.98552,201.70059
1748,2025-09-10 20:00:00+05:30,6.439876,206.56499,15.778516,214.77791
1749,2025-09-10 21:00:00+05:30,5.2694216,187.85323,13.926464,206.89616
1750,2025-09-10 22:00:00+05:30,7.256032,187.12492,16.516901,200.40997
1751,2025-09-10 23:00:00+05:30,6.725354,195.52417,16.09969,206.56499
1752,2025-09-11 00:00:00+05:30,5.6521144,189.16228,14.092977,204.92845
1753,2025-09-11 01:00:00+05:30,6.330782,194.82652,15.3771,205.66515
1754,2025-09-11 02:00:00+05:30,4.060985,192.80426,11.855429,210.0685
1755,2025-09-11 03:00:00+05:30,4.1046314,164.74483,10.783487,194.5002
1756,2025-09-11 04:00:00+05:30,3.8647635,152.24155,9.914717,183.12207
1757,2025-09-11 05:00:00+05:30,3.362677,164.47583,9.354806,191.09369
1758,2025-09-11 06:00:00+05:30,4.6102495,141.34016,7.029225,177.06439
1759,2025-09-11 07:00:00+05:30,1.7727944,203.9625,3.2048087,218.15727
1760,2025-09-11 08:00:00+05:30,1.484318,165.96373,1.9881649,185.19434
1761,2025-09-11 09:00:00+05:30,4.978554,139.39879,6.299999,143.13002
1762,2025-09-11 10:00:00+05:30,5.369916,140.44037,6.6624317,141.58191
1763,2025-09-11 11:00:00+05:30,4.978554,139.39879,6.048107,143.47105
1764,2025-09-11 12:00:00+05:30,13.337016,148.24057,16.767075,150.4078
1765,2025-09-11 13:00:00+05:30,4.353619,187.12492,6.4799995,180.0
1766,2025-09-11 14:00:00+05:30,5.771239,183.57626,7.748368,182.66295
1767,2025-09-11 15:00:00+05:30,5.020677,194.5345,6.5693827,189.46225
1768,2025-09-11 16:00:00+05:30,5.4744864,207.40749,7.748368,210.73541
1769,2025-09-11 17:00:00+05:30,6.945761,148.78166,11.7,157.3801
1770,2025-09-11 18:00:00+05:30,5.637765,163.30067,11.633348,171.99536
1771,2025-09-11 19:00:00+05:30,6.698806,149.30035,14.512064,156.61476
1772,2025-09-11 20:00:00+05:30,5.95906,154.98314,15.315873,156.44772
1773,2025-09-11 21:00:00+05:30,5.020677,165.4655,14.101021,165.96373
1774,2025-09-11 22:00:00+05:30,5.3939967,154.2901,13.719023,160.85178
1775,2025-09-11 23:00:00+05:30,6.489992,160.55988,15.192682,166.29301
1776,2025-09-12 00:00:00+05:30,3.9518096,149.9315,11.571914,164.66666
1777,2025-09-12 01:00:00+05:30,3.0758414,200.55612,9.0,196.26028
1778,2025-09-12 02:00:00+05:30,6.5520988,195.94547,11.238113,211.90807
1779,2025-09-12 03:00:00+05:30,2.50064,149.74365,4.5322843,186.84268
1780,2025-09-12 04:00:00+05:30,1.7076298,198.43504,4.1085763,208.8107
1781,2025-09-12 05:00:00+05:30,4.0249224,79.69521,6.122647,88.31535
1782,2025-09-12 06:00:00+05:30,3.7842832,115.34614,6.6624317,141.58191
1783,2025-09-12 07:00:00+05:30,3.550155,120.46546,4.8965297,126.027466
1784,2025-09-12 08:00:00+05:30,4.8366103,135.0001,6.114703,137.38599
1785,2025-09-12 09:00:00+05:30,6.156947,127.875046,7.7043357,127.40543
1786,2025-09-12 10:00:00+05:30,6.4096174,128.15727,8.209263,127.875046
1787,2025-09-12 11:00:00+05:30,6.8777895,137.12111,8.536252,137.56381
1788,2025-09-12 12:00:00+05:30,10.626099,141.18861,13.666967,139.80803
1789,2025-09-12 13:00:00+05:30,6.519877,173.6599,7.922045,181.30193
1790,2025-09-12 14:00:00+05:30,4.2136917,160.0168,5.8104043,163.81073
1791,2025-09-12 15:00:00+05:30,7.16617,154.72232,8.93859,154.98314
1792,2025-09-12 16:00:00+05:30,8.089993,159.14546,14.414617,164.05453
1793,2025-09-12 17:00:00+05:30,3.8521678,127.40543,10.873251,160.6651
1794,2025-09-12 18:00:00+05:30,5.4744864,152.59251,12.641076,160.0168
1795,2025-09-12 19:00:00+05:30,3.5455887,156.0375,10.137692,163.49556
1796,2025-09-12 20:00:00+05:30,5.2478566,149.03632,13.527572,154.7989
1797,2025-09-12 21:00:00+05:30,4.39436,145.0079,12.886039,151.64513
1798,2025-09-12 22:00:00+05:30,4.2366967,167.73524,12.442153,165.76268
1799,2025-09-12 23:00:00+05:30,4.91634,156.2505,13.779114,160.1447
1800,2025-09-13 00:00:00+05:30,5.414979,158.5522,14.458382,161.11382
1801,2025-09-13 01:00:00+05:30,5.0816135,157.06787,13.672893,163.95093
1802,2025-09-13 02:00:00+05:30,4.952453,160.90642,13.026081,168.84538
1803,2025-09-13 03:00:00+05:30,4.445672,158.62932,12.616703,165.96373
1804,2025-09-13 04:00:00+05:30,4.3498964,155.55606,12.69351,161.82188
1805,2025-09-13 05:00:00+05:30,3.9966483,144.16226,11.753877,152.6502
1806,2025-09-13 06:00:00+05:30,5.7402787,138.81418,13.681184,147.35538
1807,2025-09-13 07:00:00+05:30,5.48631,138.99101,8.3520775,142.88306
1808,2025-09-13 08:00:00+05:30,8.92408,138.27058,11.666721,141.89238
1809,2025-09-13 09:00:00+05:30,8.936778,152.4028,12.081473,151.5259
1810,2025-09-13 10:00:00+05:30,3.6179552,95.7105,4.952453,109.09359
1811,2025-09-13 11:00:00+05:30,2.7238941,82.40546,3.7842832,92.72626
1812,2025-09-13 12:00:00+05:30,12.232057,122.98853,15.683774,121.865944
1813,2025-09-13 13:00:00+05:30,12.979984,183.17976,18.194254,182.2679
1814,2025-09-13 14:00:00+05:30,4.278551,194.62091,6.519877,186.3401
1815,2025-09-13 15:00:00+05:30,8.821836,181.16911,12.78,180.0
1816,2025-09-13 16:00:00+05:30,8.350138,172.56868,12.261158,176.6336
1817,2025-09-13 17:00:00+05:30,6.2145634,169.99208,12.781267,180.80692
1818,2025-09-13 18:00:00+05:30,4.669604,152.44728,12.093535,165.3432
1819,2025-09-13 19:00:00+05:30,5.634891,153.43501,13.666967,167.06194
1820,2025-09-13 20:00:00+05:30,6.12,151.92761,14.799459,161.56496
1821,2025-09-13 21:00:00+05:30,5.920878,160.46326,14.687382,160.67673
1822,2025-09-13 22:00:00+05:30,6.037383,153.43501,15.244842,157.06787
1823,2025-09-13 23:00:00+05:30,6.206738,163.14153,15.236338,165.63538
1824,2025-09-14 00:00:00+05:30,6.391901,170.27249,15.710607,175.4
1825,2025-09-14 01:00:00+05:30,6.1858225,171.6342,15.484185,178.66782
1826,2025-09-14 02:00:00+05:30,5.5916004,176.30869,14.292725,185.7823
1827,2025-09-14 03:00:00+05:30,5.0528407,184.08554,13.5515,196.9909
1828,2025-09-14 04:00:00+05:30,5.4119864,183.814,13.661038,198.43504
1829,2025-09-14 05:00:00+05:30,5.0432134,182.04536,13.262714,198.18913
1830,2025-09-14 06:00:00+05:30,2.4482648,126.027466,7.42159,202.8337
1831,2025-09-14 07:00:00+05:30,0.71999997,90.0,5.8048253,209.7448
1832,2025-09-14 08:00:00+05:30,2.3469129,122.471176,3.2048087,141.84273
1833,2025-09-14 09:00:00+05:30,4.3349743,184.76355,5.6262593,187.35228
1834,2025-09-14 10:00:00+05:30,3.6447225,147.09476,4.599695,149.42085
1835,2025-09-14 11:00:00+05:30,5.426933,174.2895,6.5024605,175.23645
1836,2025-09-14 12:00:00+05:30,13.288341,188.56906,17.69593,189.36644
1837,2025-09-14 13:00:00+05:30,13.350371,183.86539,19.003431,185.9805
1838,2025-09-14 14:00:00+05:30,7.748368,177.33705,11.901798,176.53185
1839,2025-09-14 15:00:00+05:30,7.6367526,171.86998,11.362834,176.36713
1840,2025-09-14 16:00:00+05:30,4.2366967,167.73524,7.388775,177.20735
1841,2025-09-14 17:00:00+05:30,5.9399996,180.0,12.906138,188.017
1842,2025-09-14 18:00:00+05:30,5.1919937,146.3099,12.638512,162.59721
1843,2025-09-14 19:00:00+05:30,5.09435,147.99466,13.237039,157.61983
1844,2025-09-14 20:00:00+05:30,5.8104043,163.81073,13.752048,165.59995
1845,2025-09-14 21:00:00+05:30,5.7628117,141.34016,13.934605,151.4487
1846,2025-09-14 22:00:00+05:30,5.8409934,146.3099,14.092977,155.07155
1847,2025-09-14 23:00:00+05:30,5.4744864,152.59251,13.719023,160.85178
1848,2025-09-15 00:00:00+05:30,5.8104043,163.81073,14.178928,171.97285
1849,2025-09-15 01:00:00+05:30,6.6405115,147.17146,14.33347,172.78583
1850,2025-09-15 02:00:00+05:30,7.458606,171.67444,15.3095255,182.02132
1851,2025-09-15 03:00:00+05:30,5.6521144,170.83772,13.5012,180.76389
1852,2025-09-15 04:00:00+05:30,11.43248,146.56012,18.13003,155.97975
1853,2025-09-15 05:00:00+05:30,9.028754,175.42616,17.134071,183.61382
1854,2025-09-15 06:00:00+05:30,8.790563,190.6196,15.086748,199.51596
1855,2025-09-15 07:00:00+05:30,9.965239,200.07161,13.5515,196.9909
1856,2025-09-15 08:00:00+05:30,5.8048253,187.12492,7.7734165,185.31445
1857,2025-09-15 09:00:00+05:30,8.083983,168.4399,10.449306,169.07724
1858,2025-09-15 10:00:00+05:30,9.028754,184.57384,12.825552,184.83034
1859,2025-09-15 11:00:00+05:30,6.6794305,194.03627,8.431228,196.1135
1860,2025-09-15 12:00:00+05:30,9.499157,189.81923,12.399112,193.43105
1861,2025-09-15 13:00:00+05:30,8.049845,190.3048,10.957847,194.26454
1862,2025-09-15 14:00:00+05:30,8.350138,172.56868,10.694485,173.23392
1863,2025-09-15 15:00:00+05:30,9.255571,166.50426,11.9317045,168.69011
1864,2025-09-15 16:00:00+05:30,11.542478,176.42374,18.391735,176.6336
1865,2025-09-15 17:00:00+05:30,8.604301,164.21918,15.606114,172.71114
1866,2025-09-15 18:00:00+05:30,9.102021,155.4623,17.816362,161.74802
1867,2025-09-15 19:00:00+05:30,9.779817,173.6599,19.290257,176.79057
1868,2025-09-15 20:00:00+05:30,9.9587345,173.77426,18.72,180.0
1869,2025-09-15 21:00:00+05:30,10.137692,163.49556,19.09782,168.5842
1870,2025-09-15 22:00:00+05:30,7.4867883,117.18103,14.028457,146.51381
1871,2025-09-15 23:00:00+05:30,5.8104043,73.81073,9.741642,106.09089
1872,2025-09-16 00:00:00+05:30,8.885877,173.01904,18.228943,170.9098
1873,2025-09-16 01:00:00+05:30,9.693296,158.19853,18.671474,160.86626
1874,2025-09-16 02:00:00+05:30,10.661107,168.31065,19.649702,176.84935
1875,2025-09-16 03:00:00+05:30,8.297589,183.73132,15.606114,187.28886
1876,2025-09-16 04:00:00+05:30,7.1321807,169.82455,13.698934,183.01273
1877,2025-09-16 05:00:00+05:30,7.193247,148.29861,13.036026,162.31552
1878,2025-09-16 06:00:00+05:30,8.656858,176.42374,17.519281,184.71468
1879,2025-09-16 07:00:00+05:30,10.829959,195.42223,19.087639,195.87125
1880,2025-09-16 08:00:00+05:30,13.8037815,192.04256,21.129883,193.79951
1881,2025-09-16 09:00:00+05:30,9.781473,192.75752,13.451914,192.36249
1882,2025-09-16 10:00:00+05:30,12.98248,196.9276,17.19165,197.6762
1883,2025-09-16 11:00:00+05:30,10.495713,185.90605,14.205182,188.74608
1884,2025-09-16 12:00:00+05:30,12.108261,191.14285,17.085785,191.54666
1885,2025-09-16 13:00:00+05:30,13.202726,191.0035,18.430452,192.40741
1886,2025-09-16 14:00:00+05:30,12.267763,202.4259,17.14919,200.90805
1887,2025-09-16 15:00:00+05:30,12.810386,199.70807,18.102308,199.1557
1888,2025-09-16 16:00:00+05:30,8.865799,185.82625,14.892213,187.64032
1889,2025-09-16 17:00:00+05:30,11.226575,192.03058,20.57125,195.73886
1890,2025-09-16 18:00:00+05:30,7.92,180.0,17.160524,184.81346
1891,2025-09-16 19:00:00+05:30,4.278551,112.24908,9.904906,160.90642
1892,2025-09-16 20:00:00+05:30,9.668195,155.82089,19.980808,169.09502
1893,2025-09-16 21:00:00+05:30,9.5196,164.64981,19.983242,172.23492
1894,2025-09-16 22:00:00+05:30,8.909545,171.86998,19.08,180.0
1895,2025-09-16 23:00:00+05:30,9.499157,170.18077,19.627428,178.4235
1896,2025-09-17 00:00:00+05:30,9.582359,174.61078,19.267569,181.60597
1897,2025-09-17 01:00:00+05:30,10.837435,184.76355,21.158232,189.30199
1898,2025-09-17 02:00:00+05:30,11.844492,196.78273,22.60631,200.02217
1899,2025-09-17 03:00:00+05:30,9.5196,195.35019,19.75905,203.06155
1900,2025-09-17 04:00:00+05:30,8.507737,186.07236,17.423777,199.93262
1901,2025-09-17 05:00:00+05:30,7.342588,168.69011,15.905319,185.19434
1902,2025-09-17 06:00:00+05:30,7.5019197,149.74365,17.015474,173.92764
1903,2025-09-17 07:00:00+05:30,8.880405,162.29948,13.842457,167.22876
1904,2025-09-17 08:00:00+05:30,9.6480665,171.41646,13.239487,172.9717
1905,2025-09-17 09:00:00+05:30,9.47012,171.25392,12.662843,174.2895
1906,2025-09-17 10:00:00+05:30,10.823973,176.186,13.870515,177.76888
1907,2025-09-17 11:00:00+05:30,11.391313,174.55975,14.607751,176.46777
1908,2025-09-17 12:00:00+05:30,14.328949,206.88686,20.447239,206.11385
1909,2025-09-17 13:00:00+05:30,8.459999,180.0,12.431734,182.4895
1910,2025-09-17 14:00:00+05:30,10.742848,211.29298,15.130711,212.36661
1911,2025-09-17 15:00:00+05:30,10.8792095,196.33612,14.934577,195.37631
1912,2025-09-17 16:00:00+05:30,10.560341,209.62366,15.629971,208.92633
1913,2025-09-17 17:00:00+05:30,9.299225,194.57425,17.782688,201.37068
1914,2025-09-17 18:00:00+05:30,6.87779,186.00891,17.244337,193.89122
1915,2025-09-17 19:00:00+05:30,7.579261,175.91446,18.258247,189.64798
1916,2025-09-17 20:00:00+05:30,7.388775,177.20735,18.466457,190.10498
1917,2025-09-17 21:00:00+05:30,7.0223074,181.46877,17.94411,193.33926
1918,2025-09-17 22:00:00+05:30,7.579261,175.91446,18.35647,191.30989
1919,2025-09-17 23:00:00+05:30,6.6818557,175.36462,17.518356,189.46225
1920,2025-09-18 00:00:00+05:30,5.950899,183.46815,16.451052,197.8403
1921,2025-09-18 01:00:00+05:30,6.7469993,189.21095,17.58481,202.89058
1922,2025-09-18 02:00:00+05:30,6.889557,199.8553,17.9973,210.66885
1923,2025-09-18 03:00:00+05:30,7.731623,204.77512,18.978693,215.34825
1924,2025-09-18 04:00:00+05:30,7.889259,207.1496,19.48079,215.5993
1925,2025-09-18 05:00:00+05:30,6.439876,206.56499,17.534992,215.81125
1926,2025-09-18 06:00:00+05:30,7.970972,186.48297,17.965767,204.2539
1927,2025-09-18 07:00:00+05:30,8.723967,201.80147,13.60519,205.88698
1928,2025-09-18 08:00:00+05:30,9.97986,219.14398,14.037692,220.84027
1929,2025-09-18 09:00:00+05:30,10.210936,229.28925,14.037692,229.15973
1930,2025-09-18 10:00:00+05:30,10.120099,231.49931,13.437455,230.9806
1931,2025-09-18 11:00:00+05:30,7.9567327,232.35231,10.514218,231.95291
1932,2025-09-18 12:00:00+05:30,8.790563,222.5104,11.334285,223.06943
1933,2025-09-18 13:00:00+05:30,7.7900705,220.31403,10.062305,222.82524
1934,2025-09-18 14:00:00+05:30,7.0843205,152.78398,9.028754,156.50142
1935,2025-09-18 15:00:00+05:30,9.039514,234.7275,13.392774,233.74606
1936,2025-09-18 16:00:00+05:30,1.7076298,198.43504,2.995797,212.73521
1937,2025-09-18 17:00:00+05:30,3.4623692,242.10283,9.54,238.10924
1938,2025-09-18 18:00:00+05:30,4.1556225,184.96965,12.072083,200.05618
1939,2025-09-18 19:00:00+05:30,4.353619,172.87508,12.466867,197.6502
1940,2025-09-18 20:00:00+05:30,4.510787,151.38963,11.705537,181.76236
1941,2025-09-18 21:00:00+05:30,4.7521367,155.37645,12.576836,170.94218
1942,2025-09-18 22:00:00+05:30,4.327493,163.0724,11.881363,179.13197
1943,2025-09-18 23:00:00+05:30,1.8,270.0,6.696387,233.74606
1944,2025-09-19 00:00:00+05:30,3.0652893,319.7637,6.889557,303.2749
1945,2025-09-19 01:00:00+05:30,1.659518,49.398785,4.913044,8.426887
1946,2025-09-19 02:00:00+05:30,1.6299692,83.659904,3.572898,49.085716
1947,2025-09-19 03:00:00+05:30,1.5379207,110.55613,2.0124612,153.43501
1948,2025-09-19 04:00:00+05:30,2.8116899,140.19447,5.9834766,186.91113
1949,2025-09-19 05:00:00+05:30,3.1845248,132.70937,7.3821945,181.39716
1950,2025-09-19 06:00:00+05:30,3.671294,168.69011,11.594292,207.75845
1951,2025-09-19 07:00:00+05:30,3.8141315,160.70985,5.7852573,174.64427
1952,2025-09-19 08:00:00+05:30,6.4624763,192.875,8.688613,193.17256
1953,2025-09-19 09:00:00+05:30,1.8532133,240.94548,2.6999998,233.13002
1954,2025-09-19 10:00:00+05:30,5.896202,12.339083,7.029225,13.324542
1955,2025-09-19 11:00:00+05:30,7.458606,171.67444,9.144637,169.79608
1956,2025-09-19 12:00:00+05:30,3.2846913,170.53775,3.84796,169.21574
1957,2025-09-19 13:00:00+05:30,6.601363,205.8663,8.373386,205.4633
1958,2025-09-19 14:00:00+05:30,8.431228,253.8865,10.609316,255.2564
1959,2025-09-19 15:00:00+05:30,4.143911,325.6196,4.978554,319.39877
1960,2025-09-19 16:00:00+05:30,3.6402748,261.46933,5.1544156,257.90524
1961,2025-09-19 17:00:00+05:30,1.6981165,302.00534,5.2694216,262.1468
1962,2025-09-19 18:00:00+05:30,3.2846913,170.53775,7.8087645,205.97433
1963,2025-09-19 19:00:00+05:30,3.710795,157.1663,8.790563,190.6196
1964,2025-09-19 20:00:00+05:30,3.9312592,164.05453,9.781473,192.75752
1965,2025-09-19 21:00:00+05:30,1.7727944,203.9625,7.6409945,226.90913
1966,2025-09-19 22:00:00+05:30,4.0449967,237.72438,10.597094,249.10216
1967,2025-09-19 23:00:00+05:30,2.9522195,232.43134,9.278297,251.91646
1968,2025-09-20 00:00:00+05:30,2.9024127,277.1249,8.836514,273.50345
1969,2025-09-20 01:00:00+05:30,3.745557,324.78232,9.044888,312.58044
1970,2025-09-20 02:00:00+05:30,3.7842832,334.65387,9.826088,331.55716
1971,2025-09-20 03:00:00+05:30,2.8856194,3.5762644,7.841888,350.75397
1972,2025-09-20 04:00:00+05:30,3.3481934,36.253937,8.699793,24.443953
1973,2025-09-20 05:00:00+05:30,2.9024127,60.255207,6.7565966,48.2398
1974,2025-09-20 06:00:00+05:30,5.0432134,124.82456,6.698806,120.699646
1975,2025-09-20 07:00:00+05:30,5.068846,106.50443,8.39078,112.714455
1976,2025-09-20 08:00:00+05:30,6.452441,120.141304,8.9873905,122.73522
1977,2025-09-20 09:00:00+05:30,5.0142193,111.03758,6.689125,113.80595
1978,2025-09-20 10:00:00+05:30,2.7416782,113.19862,3.381893,115.20109
1979,2025-09-20 11:00:00+05:30,1.1525624,128.65984,1.4058449,129.80553
1980,2025-09-20 12:00:00+05:30,1.659518,139.39879,1.9469976,146.3099
1981,2025-09-20 13:00:00+05:30,0.8049845,296.56497,0.8049845,296.56497
1982,2025-09-20 14:00:00+05:30,4.863332,321.009,6.269067,320.82635
1983,2025-09-20 15:00:00+05:30,4.0449967,147.72438,4.669604,152.44728
1984,2025-09-20 16:00:00+05:30,6.482499,268.4089,10.209348,260.8699
1985,2025-09-20 17:00:00+05:30,3.06,331.9276,4.2481523,323.61554
1986,2025-09-20 18:00:00+05:30,2.0523157,285.25516,5.4744864,260.53775
1987,2025-09-20 19:00:00+05:30,1.8792552,253.30067,6.090812,235.84026
1988,2025-09-20 20:00:00+05:30,1.8792552,253.30067,6.522361,230.59937
1989,2025-09-20 21:00:00+05:30,3.2846913,279.46225,8.43699,258.92984
1990,2025-09-20 22:00:00+05:30,3.4576871,308.65982,9.080639,283.7608
1991,2025-09-20 23:00:00+05:30,4.0249224,296.56497,11.126562,279.30988
1992,2025-09-21 00:00:00+05:30,3.3092594,315.0001,9.449572,287.74475
1993,2025-09-21 01:00:00+05:30,3.572898,310.91428,10.399576,293.45905
1994,2025-09-21 02:00:00+05:30,3.7064266,299.0545,10.966713,293.1986
1995,2025-09-21 03:00:00+05:30,3.710795,337.1663,10.946013,315.0001
1996,2025-09-21 04:00:00+05:30,3.9518096,329.9315,11.808878,322.43134
1997,2025-09-21 05:00:00+05:30,1.835647,11.3098955,8.557102,337.75092
1998,2025-09-21 06:00:00+05:30,3.319036,347.4712,8.2584505,339.59003
1999,2025-09-21 07:00:00+05:30,2.4216523,48.01287,3.4623692,27.897186
2000,2025-09-21 08:00:00+05:30,5.195113,14.036275,6.638072,12.528798
2001,2025-09-21 09:00:00+05:30,5.0142193,21.037588,6.151683,20.556128
2002,2025-09-21 10:00:00+05:30,3.9844694,341.56494,4.896529,342.8972
2003,2025-09-21 11:00:00+05:30,3.536439,14.743609,4.412754,11.76827
2004,2025-09-21 12:00:00+05:30,4.2021427,43.26433,4.965521,43.53127
2005,2025-09-21 13:00:00+05:30,2.2768397,18.435053,2.8460498,18.435053
2006,2025-09-21 14:00:00+05:30,1.659518,347.4712,2.1674871,355.23645
2007,2025-09-21 15:00:00+05:30,1.0948973,189.46225,1.3708391,203.19862
2008,2025-09-21 16:00:00+05:30,6.8423676,181.5074,9.36173,181.10168
2009,2025-09-21 17:00:00+05:30,6.9527545,201.25058,13.1041975,200.92458
2010,2025-09-21 18:00:00+05:30,4.6452556,215.53777,9.335737,199.13374
2011,2025-09-21 19:00:00+05:30,9.313152,221.08165,20.015644,221.71902
2012,2025-09-21 20:00:00+05:30,7.928177,230.52757,17.10284,229.26797
2013,2025-09-21 21:00:00+05:30,7.056826,232.25313,15.778516,235.22209
2014,2025-09-21 22:00:00+05:30,6.1305785,229.76372,14.731435,234.95055
2015,2025-09-21 23:00:00+05:30,8.613709,280.84027,16.997375,275.469
2016,2025-09-22 00:00:00+05:30,5.2416787,285.94547,13.110376,278.68628
2017,2025-09-22 01:00:00+05:30,5.369916,320.44037,13.33094,304.54843
2018,2025-09-22 02:00:00+05:30,4.452954,345.9637,12.16832,330.78085
2019,2025-09-22 03:00:00+05:30,3.2599385,353.6599,10.587917,342.18103
2020,2025-09-22 04:00:00+05:30,3.9966488,352.23492,11.633348,351.99536
2021,2025-09-22 05:00:00+05:30,3.6447225,32.905247,11.672275,19.832224
2022,2025-09-22 06:00:00+05:30,5.09435,32.005356,12.882267,15.395606
2023,2025-09-22 07:00:00+05:30,5.3517847,42.27363,7.674842,39.289394
2024,2025-09-22 08:00:00+05:30,5.1481256,36.469334,7.7420926,35.537766
2025,2025-09-22 09:00:00+05:30,3.8268526,41.185837,5.728979,43.72705
2026,2025-09-22 10:00:00+05:30,4.978554,40.601215,6.623413,42.797382
2027,2025-09-22 11:00:00+05:30,5.7964473,115.76928,7.329338,114.67685
2028,2025-09-22 12:00:00+05:30,4.6277857,76.50425,6.162207,83.29026
2029,2025-09-22 13:00:00+05:30,4.599695,30.579157,5.8409934,33.6901
2030,2025-09-22 14:00:00+05:30,5.3699164,13.5704565,6.8989563,15.124064
2031,2025-09-22 15:00:00+05:30,5.8104043,343.8107,7.689603,343.68607
2032,2025-09-22 16:00:00+05:30,4.514377,355.42615,6.1858225,351.63422
2033,2025-09-22 17:00:00+05:30,2.4149535,333.43503,6.9527545,338.74942
2034,2025-09-22 18:00:00+05:30,4.1046314,164.74483,8.4042845,170.13426
2035,2025-09-22 19:00:00+05:30,3.2048087,141.84273,7.208994,182.86235
2036,2025-09-22 20:00:00+05:30,2.3400002,67.3801,1.2727921,135.0001
2037,2025-09-22 21:00:00+05:30,0.742159,75.96373,1.7076298,251.56496
2038,2025-09-22 22:00:00+05:30,3.7842832,87.27374,2.5455842,81.86999
2039,2025-09-22 23:00:00+05:30,3.5455887,66.037506,5.1919937,56.309914
2040,2025-09-23 00:00:00+05:30,2.7943513,75.068535,6.269067,50.82635
2041,2025-09-23 01:00:00+05:30,4.3832865,70.8209,8.55142,59.656826
2042,2025-09-23 02:00:00+05:30,5.9399996,90.0,10.51576,83.11838
2043,2025-09-23 03:00:00+05:30,4.323748,92.385895,8.557102,75.37909
2044,2025-09-23 04:00:00+05:30,4.846648,121.328636,8.507737,96.072365
2045,2025-09-23 05:00:00+05:30,4.8366103,135.0001,10.228373,118.36895
2046,2025-09-23 06:00:00+05:30,7.382195,135.0001,12.503199,149.74365
2047,2025-09-23 07:00:00+05:30,8.967541,128.48022,13.878688,133.42351
2048,2025-09-23 08:00:00+05:30,12.601285,134.42136,17.437717,134.58183
2049,2025-09-23 09:00:00+05:30,16.199999,143.13002,22.682856,144.0394
2050,2025-09-23 10:00:00+05:30,13.246826,132.79738,19.72869,134.63039
2051,2025-09-23 11:00:00+05:30,11.282711,123.94363,15.027575,124.261154
2052,2025-09-23 12:00:00+05:30,11.808878,127.568665,16.199999,126.86999
2053,2025-09-23 13:00:00+05:30,12.136325,144.6598,16.67795,145.10922
2054,2025-09-23 14:00:00+05:30,11.886816,147.99466,16.237955,148.6006
2055,2025-09-23 15:00:00+05:30,9.721666,181.06088,13.681183,179.24617
2056,2025-09-23 16:00:00+05:30,10.3480425,166.93068,16.327497,165.96373
2057,2025-09-23 17:00:00+05:30,5.441838,214.21576,12.815443,209.44533
2058,2025-09-23 18:00:00+05:30,0.6489992,146.3099,5.950899,176.53185
2059,2025-09-23 19:00:00+05:30,1.2727921,224.9999,6.1120534,193.62701
2060,2025-09-23 20:00:00+05:30,0.742159,104.03627,5.6492476,157.52052
2061,2025-09-23 21:00:00+05:30,2.0124612,79.69521,6.269067,129.17365
2062,2025-09-23 22:00:00+05:30,3.3092597,67.61982,7.1208143,106.14441
2063,2025-09-23 23:00:00+05:30,3.710795,67.16631,8.260411,101.3099
2064,2025-09-24 00:00:00+05:30,3.710795,75.96373,8.827343,106.58742
2065,2025-09-24 01:00:00+05:30,3.8647635,62.24156,8.865799,95.82625
2066,2025-09-24 02:00:00+05:30,5.495161,58.392544,12.093535,75.34321
2067,2025-09-24 03:00:00+05:30,5.2939587,72.18102,13.767352,78.6901
2068,2025-09-24 04:00:00+05:30,5.2694216,82.14678,14.230248,87.8253
2069,2025-09-24 05:00:00+05:30,6.037383,79.69521,15.3042345,88.652145
2070,2025-09-24 06:00:00+05:30,6.1437774,84.95764,11.901798,93.46816
2071,2025-09-24 07:00:00+05:30,6.5693827,99.46225,9.391102,102.17145
2072,2025-09-24 08:00:00+05:30,9.0,106.26028,12.189602,106.29412
2073,2025-09-24 09:00:00+05:30,12.284916,100.98061,16.87398,101.07016
2074,2025-09-24 10:00:00+05:30,11.534054,112.963806,15.009236,112.56705
2075,2025-09-24 11:00:00+05:30,8.322932,111.57137,10.495713,112.1664
2076,2025-09-24 12:00:00+05:30,7.9220443,111.317986,10.028439,111.03758
2077,2025-09-24 13:00:00+05:30,8.338489,122.660904,10.34178,121.47678
2078,2025-09-24 14:00:00+05:30,7.7650757,135.9391,10.310402,134.29277
2079,2025-09-24 15:00:00+05:30,10.055864,135.72514,14.009968,132.91743
2080,2025-09-24 16:00:00+05:30,3.4763772,111.25058,5.0142193,111.03758
2081,2025-09-24 17:00:00+05:30,2.52,90.0,6.1858225,98.3658
2082,2025-09-24 18:00:00+05:30,0.5091169,44.999897,5.7628117,128.65984
2083,2025-09-24 19:00:00+05:30,1.0948973,350.53775,4.3349743,94.76356
2084,2025-09-24 20:00:00+05:30,0.9,323.13,2.3469126,94.39862
2085,2025-09-24 21:00:00+05:30,0.9178235,348.6901,2.1897945,99.46225
2086,2025-09-24 22:00:00+05:30,3.0758414,20.556128,5.0142193,68.96242
2087,2025-09-24 23:00:00+05:30,3.462369,8.97255,6.1305785,40.236294
2088,2025-09-25 00:00:00+05:30,5.2478566,22.166399,9.252069,37.092915
2089,2025-09-25 01:00:00+05:30,5.1826253,20.323217,11.032987,33.6901
2090,2025-09-25 02:00:00+05:30,5.072041,27.474344,11.362834,40.502766
2091,2025-09-25 03:00:00+05:30,4.5820518,44.999897,11.738705,54.36011
2092,2025-09-25 04:00:00+05:30,4.8965297,53.972538,11.631956,68.19853
2093,2025-09-25 05:00:00+05:30,3.143565,66.37061,11.016824,85.314186
2094,2025-09-25 06:00:00+05:30,5.8769383,62.65021,7.072878,75.25639
2095,2025-09-25 07:00:00+05:30,5.0911684,81.86999,6.849467,86.98728
2096,2025-09-25 08:00:00+05:30,5.3699164,76.42955,7.1321807,79.824554
2097,2025-09-25 09:00:00+05:30,7.9383874,93.90042,10.478722,94.92702
2098,2025-09-25 10:00:00+05:30,7.208994,92.86235,9.3876505,94.39862
2099,2025-09-25 11:00:00+05:30,5.9399996,90.0,7.7400002,90.0
2100,2025-09-25 12:00:00+05:30,5.4029994,88.09089,6.8423676,88.4926
2101,2025-09-25 13:00:00+05:30,7.0038276,64.09355,9.028754,66.50142
2102,2025-09-25 14:00:00+05:30,5.9617786,118.88649,7.8087645,115.97434
2103,2025-09-25 15:00:00+05:30,3.7971041,58.570484,4.6730714,74.3577
2104,2025-09-25 16:00:00+05:30,5.495161,31.607454,8.209263,37.875053
2105,2025-09-25 17:00:00+05:30,1.2074767,296.56497,1.7076298,288.43503
2106,2025-09-25 18:00:00+05:30,3.06,298.0724,6.384293,248.4985
2107,2025-09-25 19:00:00+05:30,4.186693,154.5367,2.9522195,142.43134
2108,2025-09-25 20:00:00+05:30,2.3400002,112.61991,3.8141315,109.290146
2109,2025-09-25 21:00:00+05:30,2.0124612,333.43503,3.4576871,308.65982
2110,2025-09-25 22:00:00+05:30,1.2727921,351.87,2.8460498,341.56494
2111,2025-09-25 23:00:00+05:30,1.659518,40.601215,3.396233,32.005356
2112,2025-09-26 00:00:00+05:30,4.0249224,26.564985,7.889259,27.149609
2113,2025-09-26 01:00:00+05:30,4.6938257,32.471172,11.334285,32.680546
2114,2025-09-26 02:00:00+05:30,5.8409934,33.6901,13.729647,34.315147
2115,2025-09-26 03:00:00+05:30,6.3639607,61.26031,14.602204,59.641964
2116,2025-09-26 04:00:00+05:30,6.9270773,65.432846,15.443328,68.81858
2117,2025-09-26 05:00:00+05:30,9.504273,65.37646,19.070658,72.42006
2118,2025-09-26 06:00:00+05:30,9.194106,66.94868,14.275713,76.138954
2119,2025-09-26 07:00:00+05:30,10.51576,96.88163,15.273505,98.13002
2120,2025-09-26 08:00:00+05:30,11.226575,102.03058,15.287288,102.2361
2121,2025-09-26 09:00:00+05:30,14.861722,106.898735,21.518847,107.52566
2122,2025-09-26 10:00:00+05:30,17.244337,103.89122,24.142153,104.24349
2123,2025-09-26 11:00:00+05:30,17.419127,103.74907,24.623184,103.528336
2124,2025-09-26 12:00:00+05:30,22.998478,112.55092,32.489872,111.44781
2125,2025-09-26 13:00:00+05:30,17.629896,116.04176,24.957764,115.64096
2126,2025-09-26 14:00:00+05:30,16.507088,108.43504,25.40743,110.74616
2127,2025-09-26 15:00:00+05:30,13.519186,93.052826,20.138292,97.18844
2128,2025-09-26 16:00:00+05:30,11.753877,117.34979,19.969458,117.950874
2129,2025-09-26 17:00:00+05:30,11.923557,118.88649,21.924562,119.511406
2130,2025-09-26 18:00:00+05:30,13.896187,106.55715,25.007048,110.65267
2131,2025-09-26 19:00:00+05:30,14.607751,112.456985,26.337881,114.63838
2132,2025-09-26 20:00:00+05:30,14.021525,119.197395,25.49908,120.54749
2133,2025-09-26 21:00:00+05:30,14.654254,117.824005,25.837996,121.03215
2134,2025-09-26 22:00:00+05:30,13.281023,122.828545,24.192429,126.528946
2135,2025-09-26 23:00:00+05:30,13.672893,110.82097,24.32665,114.47903
2136,2025-09-27 00:00:00+05:30,12.791403,103.84072,23.45394,109.269394
2137,2025-09-27 01:00:00+05:30,12.835653,104.62092,23.337608,108.43504
2138,2025-09-27 02:00:00+05:30,13.5515,106.99091,24.193098,109.10908
2139,2025-09-27 03:00:00+05:30,13.929953,115.24049,23.999475,114.835144
2140,2025-09-27 04:00:00+05:30,12.906138,98.017006,23.623928,102.765564
2141,2025-09-27 05:00:00+05:30,13.708391,103.671326,25.331442,107.7913
2142,2025-09-27 06:00:00+05:30,15.379206,106.31393,24.968796,111.57137
2143,2025-09-27 07:00:00+05:30,14.178928,110.045334,22.127556,111.97456
2144,2025-09-27 08:00:00+05:30,15.629971,118.92633,22.195541,120.72462
2145,2025-09-27 09:00:00+05:30,18.300787,129.01186,25.697166,129.59999
2146,2025-09-27 10:00:00+05:30,15.629971,141.54626,21.45627,142.84163
2147,2025-09-27 11:00:00+05:30,14.787414,148.43823,21.274294,147.7891
2148,2025-09-27 12:00:00+05:30,17.205778,137.9683,24.20448,137.41107
2149,2025-09-27 13:00:00+05:30,14.941085,148.79955,21.0846,148.61687
2150,2025-09-27 14:00:00+05:30,14.84318,140.90616,21.281145,141.86995
2151,2025-09-27 15:00:00+05:30,14.25641,142.69597,21.34803,143.22664
2152,2025-09-27 16:00:00+05:30,11.246759,140.19447,18.834743,141.59671
2153,2025-09-27 17:00:00+05:30,8.65873,136.68465,17.747124,139.52486
2154,2025-09-27 18:00:00+05:30,8.281956,137.64261,18.52951,140.12321
2155,2025-09-27 19:00:00+05:30,8.669949,138.36655,19.660416,139.45569
2156,2025-09-27 20:00:00+05:30,7.562142,141.76614,18.272436,145.84026
2157,2025-09-27 21:00:00+05:30,6.623413,132.79738,17.065859,142.28395
2158,2025-09-27 22:00:00+05:30,6.048107,126.528946,16.039202,135.90929
2159,2025-09-27 23:00:00+05:30,5.8104043,106.18928,15.176678,123.87858
2160,2025-09-28 00:00:00+05:30,6.162207,96.70974,15.224637,114.44395
2161,2025-09-28 01:00:00+05:30,5.9427266,88.264336,14.799459,108.43504
2162,2025-09-28 02:00:00+05:30,5.5829024,88.15243,14.508715,101.4493
2163,2025-09-28 03:00:00+05:30,3.6179552,174.2895,9.7880945,147.77127
2164,2025-09-28 04:00:00+05:30,5.4744864,133.66785,13.902015,138.6746
2165,2025-09-28 05:00:00+05:30,5.5567255,114.90474,12.708815,127.51919
2166,2025-09-28 06:00:00+05:30,7.353611,111.541046,14.982228,125.21768
2167,2025-09-28 07:00:00+05:30,8.037761,145.95403,11.13384,145.53912
2168,2025-09-28 08:00:00+05:30,6.0908127,108.970505,8.557102,112.24908
2169,2025-09-28 09:00:00+05:30,8.39657,120.96369,11.334285,122.68055
2170,2025-09-28 10:00:00+05:30,8.836514,123.36639,11.681987,123.690094
2171,2025-09-28 11:00:00+05:30,5.692099,124.69522,6.989936,124.50858
2172,2025-09-28 12:00:00+05:30,6.8138976,102.200455,8.338489,103.73629
2173,2025-09-28 13:00:00+05:30,5.95906,154.98314,7.841887,148.13406
2174,2025-09-28 14:00:00+05:30,8.019601,134.09071,10.310402,134.29277
2175,2025-09-28 15:00:00+05:30,8.797931,149.23735,11.792404,148.73633
2176,2025-09-28 16:00:00+05:30,8.909545,171.86998,13.084402,172.09293
2177,2025-09-28 17:00:00+05:30,4.278551,194.62091,8.604301,195.78082
2178,2025-09-28 18:00:00+05:30,3.9844694,161.56496,11.633348,171.99536
2179,2025-09-28 19:00:00+05:30,4.060985,167.19574,11.165805,178.15244
2180,2025-09-28 20:00:00+05:30,4.143911,182.4895,11.688918,189.75235
2181,2025-09-28 21:00:00+05:30,3.7842832,177.27374,10.8955765,187.59456
2182,2025-09-28 22:00:00+05:30,3.244996,176.82024,10.308831,192.09474
2183,2025-09-28 23:00:00+05:30,3.0811036,173.29025,9.885262,190.49142
2184,2025-09-29 00:00:00+05:30,3.964089,177.39749,11.375658,184.53769
2185,2025-09-29 01:00:00+05:30,3.1072817,190.00792,10.4166975,189.95056
2186,2025-09-29 02:00:00+05:30,1.0495713,210.96368,7.0911775,203.9625
2187,2025-09-29 03:00:00+05:30,0.6489992,303.6901,5.48631,228.99101
2188,2025-09-29 04:00:00+05:30,0.742159,14.036275,2.8856194,266.42374
2189,2025-09-29 05:00:00+05:30,1.8089776,5.7105074,3.572898,310.91428
2190,2025-09-29 06:00:00+05:30,2.8116899,309.8055,5.318383,293.9625
2191,2025-09-29 07:00:00+05:30,1.9134263,311.18582,2.5582807,309.28937
2192,2025-09-29 08:00:00+05:30,4.060985,347.19574,5.020677,345.4655
2193,2025-09-29 09:00:00+05:30,4.198285,30.963696,5.495161,31.607454
2194,2025-09-29 10:00:00+05:30,5.904439,52.431335,7.7043357,52.594578
2195,2025-09-29 11:00:00+05:30,5.22,46.39711,6.7565966,48.2398
2196,2025-09-29 12:00:00+05:30,2.5582807,50.710617,3.2048087,51.842735
2197,2025-09-29 13:00:00+05:30,2.5071096,68.96242,3.01735,72.64589
2198,2025-09-29 14:00:00+05:30,1.659518,102.5288,2.226477,104.03627
2199,2025-09-29 15:00:00+05:30,1.835647,168.69011,2.5455842,171.86998
2200,2025-09-29 16:00:00+05:30,3.0758414,159.44388,4.3832865,160.82089
2201,2025-09-29 17:00:00+05:30,1.2727921,315.0001,2.4014995,257.00537
2202,2025-09-29 18:00:00+05:30,3.9518096,210.0685,7.596341,216.32692
2203,2025-09-29 19:00:00+05:30,5.2939587,197.81898,12.815443,209.44533
2204,2025-09-29 20:00:00+05:30,4.913044,208.44283,12.261157,220.23628
2205,2025-09-29 21:00:00+05:30,4.0249224,259.69522,10.564942,246.92957
2206,2025-09-29 22:00:00+05:30,3.3043609,330.64233,7.8087645,295.97433
2207,2025-09-29 23:00:00+05:30,3.01735,342.64587,7.256032,313.995
2208,2025-09-30 00:00:00+05:30,4.2175345,320.1945,10.766949,308.21106
2209,2025-09-30 01:00:00+05:30,4.080882,311.42358,11.385622,309.22565
2210,2025-09-30 02:00:00+05:30,4.080882,311.42358,11.964246,315.0001
2211,2025-09-30 03:00:00+05:30,4.080882,318.57642,11.885453,324.86572
2212,2025-09-30 04:00:00+05:30,3.8183763,315.0001,10.783486,326.57516
2213,2025-09-30 05:00:00+05:30,2.8001428,315.0001,9.54,328.10925
2214,2025-09-30 06:00:00+05:30,5.48631,318.991,10.495713,329.03632
2215,2025-09-30 07:00:00+05:30,4.73506,351.2539,6.9550843,349.5626
2216,2025-09-30 08:00:00+05:30,5.771239,356.42374,7.928178,357.3975
2217,2025-09-30 09:00:00+05:30,6.8423676,358.4926,9.016185,356.56644
2218,2025-09-30 10:00:00+05:30,7.2805495,8.530692,9.266067,7.8152027
2219,2025-09-30 11:00:00+05:30,4.7657523,349.11453,6.2145634,349.99207
2220,2025-09-30 12:00:00+05:30,2.3400002,337.3801,3.244996,340.55988
2221,2025-09-30 13:00:00+05:30,3.9844694,288.43503,5.0142193,291.03757
2222,2025-09-30 14:00:00+05:30,9.039514,305.2725,11.782784,304.41843
2223,2025-09-30 15:00:00+05:30,7.771331,283.39252,10.837435,281.49652
2224,2025-09-30 16:00:00+05:30,6.482499,271.5911,10.285232,274.0141
2225,2025-09-30 17:00:00+05:30,3.438895,276.0089,7.6367526,278.13
2226,2025-09-30 18:00:00+05:30,3.2846913,260.53775,7.1661706,258.40784
2227,2025-09-30 19:00:00+05:30,3.3092597,247.61981,7.5685663,244.65387
2228,2025-09-30 20:00:00+05:30,3.3481934,233.74606,8.0899935,237.72438
2229,2025-09-30 21:00:00+05:30,3.9518096,239.9315,9.595874,246.80139
2230,2025-09-30 22:00:00+05:30,4.4274144,206.56499,11.074023,224.34154
2231,2025-09-30 23:00:00+05:30,4.599695,210.57915,12.483748,222.66266
2232,2025-10-01 00:00:00+05:30,2.2768397,198.43504,8.181589,219.64413
2233,2025-10-01 01:00:00+05:30,2.6208394,344.05453,6.6818557,297.25525
2234,2025-10-01 02:00:00+05:30,8.36758,71.1752,13.926464,63.103848
2235,2025-10-01 03:00:00+05:30,8.688613,39.957497,12.475961,43.83095
2236,2025-10-01 04:00:00+05:30,6.6697226,93.093994,12.961249,89.2043
2237,2025-10-01 05:00:00+05:30,0.6489992,33.6901,5.8048253,277.1249
2238,2025-10-01 06:00:00+05:30,1.6199999,90.0,0.8049845,296.56497
2239,2025-10-01 07:00:00+05:30,10.308831,77.90526,14.027302,81.14212
2240,2025-10-01 08:00:00+05:30,9.6932955,74.931465,13.752048,75.599945
2241,2025-10-01 09:00:00+05:30,8.083983,78.4399,10.837435,78.50347
2242,2025-10-01 10:00:00+05:30,7.458606,109.74693,9.860649,111.41304
2243,2025-10-01 11:00:00+05:30,11.126562,99.30987,14.766584,99.11778
2244,2025-10-01 12:00:00+05:30,11.090103,103.13403,14.584443,102.83562
2245,2025-10-01 13:00:00+05:30,11.521406,90.89516,15.3042345,91.347855
2246,2025-10-01 14:00:00+05:30,11.634741,124.91948,15.778516,124.77791
2247,2025-10-01 15:00:00+05:30,10.248941,120.61853,14.20062,120.46546
2248,2025-10-01 16:00:00+05:30,6.689125,113.80595,10.304114,117.01259
2249,2025-10-01 17:00:00+05:30,8.604301,127.34943,17.610588,130.85529
2250,2025-10-01 18:00:00+05:30,11.190442,115.74066,20.787468,119.00632
2251,2025-10-01 19:00:00+05:30,6.8612823,94.5139,15.503006,105.48856
2252,2025-10-01 20:00:00+05:30,7.731623,65.22488,16.478603,83.72902
2253,2025-10-01 21:00:00+05:30,7.42159,75.96373,16.299694,83.659904
2254,2025-10-01 22:00:00+05:30,12.224107,103.627014,21.788923,102.88818
2255,2025-10-01 23:00:00+05:30,9.7565975,37.504215,16.454992,59.788757
2256,2025-10-02 00:00:00+05:30,10.829958,68.5522,18.161278,76.2392
2257,2025-10-02 01:00:00+05:30,9.826088,81.57312,15.661035,89.34148
2258,2025-10-02 02:00:00+05:30,9.485504,33.388535,15.013554,37.694313
2259,2025-10-02 03:00:00+05:30,10.874742,61.313953,19.643105,62.730618
2260,2025-10-02 04:00:00+05:30,7.973005,61.69934,16.568802,72.942955
2261,2025-10-02 05:00:00+05:30,11.307095,103.81505,21.659918,105.42222
2262,2025-10-02 06:00:00+05:30,12.362475,106.06006,22.037323,110.06316
2263,2025-10-02 07:00:00+05:30,10.564942,98.820305,18.820976,102.70711
2264,2025-10-02 08:00:00+05:30,10.914888,103.34874,15.455911,104.8455
2265,2025-10-02 09:00:00+05:30,15.349684,129.2894,23.417301,129.0725
2266,2025-10-02 10:00:00+05:30,16.733225,121.80935,23.738853,121.0382
2267,2025-10-02 11:00:00+05:30,15.079229,113.198616,22.998478,112.55092
2268,2025-10-02 12:00:00+05:30,15.655861,109.47667,22.60631,110.02218
2269,2025-10-02 13:00:00+05:30,15.25865,107.15251,22.206486,106.96623
2270,2025-10-02 14:00:00+05:30,15.244842,112.93214,24.633709,116.00329
2271,2025-10-02 15:00:00+05:30,13.281023,147.17146,22.21305,142.57288
2272,2025-10-02 16:00:00+05:30,13.3649235,135.5456,22.800394,137.2395
2273,2025-10-02 17:00:00+05:30,16.308636,127.375885,28.308113,128.54604
2274,2025-10-02 18:00:00+05:30,14.835537,125.61858,26.089443,129.40063
2275,2025-10-02 19:00:00+05:30,14.658676,114.67685,25.858051,118.70586
2276,2025-10-02 20:00:00+05:30,14.410121,115.92485,25.613817,118.5461
2277,2025-10-02 21:00:00+05:30,12.976239,113.720406,23.919012,118.30067
2278,2025-10-02 22:00:00+05:30,12.72283,115.11481,23.747042,116.56499
2279,2025-10-02 23:00:00+05:30,11.7,112.61991,22.998478,112.55092
2280,2025-10-03 00:00:00+05:30,12.452566,94.14455,21.629978,108.43504
2281,2025-10-03 01:00:00+05:30,10.03167,80.70677,19.222954,96.99184
2282,2025-10-03 02:00:00+05:30,10.6261,100.738846,20.844278,106.55715
2283,2025-10-03 03:00:00+05:30,13.845967,105.843155,24.334642,111.25058
2284,2025-10-03 04:00:00+05:30,14.33234,115.277695,25.603062,117.64589
2285,2025-10-03 05:00:00+05:30,9.299225,104.57426,17.972979,119.388916
2286,2025-10-03 06:00:00+05:30,13.288341,114.82932,22.942055,116.56499
2287,2025-10-03 07:00:00+05:30,17.748037,126.75377,28.05518,128.48761
2288,2025-10-03 08:00:00+05:30,18.59845,137.35333,27.248455,136.60596
2289,2025-10-03 09:00:00+05:30,18.11841,139.02835,26.669779,139.1052
2290,2025-10-03 10:00:00+05:30,17.1,143.13002,24.628447,144.21884
2291,2025-10-03 11:00:00+05:30,15.053425,153.74141,20.849718,153.87744
2292,2025-10-03 12:00:00+05:30,13.413321,139.89915,17.682194,141.61343
2293,2025-10-03 13:00:00+05:30,13.18308,145.0079,17.873556,145.66972
2294,2025-10-03 14:00:00+05:30,11.855429,149.9315,18.116621,152.16202
2295,2025-10-03 15:00:00+05:30,13.248049,143.2857,21.426807,148.04567
2296,2025-10-03 16:00:00+05:30,11.236671,144.78232,19.849846,149.48184
2297,2025-10-03 17:00:00+05:30,11.679212,151.46011,23.612953,156.17055
2298,2025-10-03 18:00:00+05:30,13.049689,155.55606,24.467422,157.96371
2299,2025-10-03 19:00:00+05:30,11.753877,152.6502,22.881958,155.85446
2300,2025-10-03 20:00:00+05:30,9.54,148.10925,19.400795,152.95956
2301,2025-10-03 21:00:00+05:30,10.564941,134.30981,20.070604,145.59727
2302,2025-10-03 22:00:00+05:30,10.036512,147.45001,19.72869,148.05006
2303,2025-10-03 23:00:00+05:30,12.031756,128.92755,23.292444,134.68694
2304,2025-10-04 00:00:00+05:30,12.033103,145.359,22.535252,148.72235
2305,2025-10-04 01:00:00+05:30,9.044888,148.84076,17.870834,153.6931
2306,2025-10-04 02:00:00+05:30,9.614426,128.15727,18.807201,140.82635
2307,2025-10-04 03:00:00+05:30,7.5105524,135.97093,16.774803,146.82149
2308,2025-10-04 04:00:00+05:30,10.1887,147.99466,18.838184,152.70052
2309,2025-10-04 05:00:00+05:30,11.351422,152.62238,21.960737,157.84972
2310,2025-10-04 06:00:00+05:30,13.929953,147.13133,23.828764,154.01569
2311,2025-10-04 07:00:00+05:30,16.507088,161.56496,24.817818,161.82777
2312,2025-10-04 08:00:00+05:30,17.90344,170.15894,26.161995,169.6952
2313,2025-10-04 09:00:00+05:30,16.985935,170.2383,23.881056,170.89275
2314,2025-10-04 10:00:00+05:30,15.849201,181.95247,21.072304,181.95802
2315,2025-10-04 11:00:00+05:30,21.636717,176.66159,31.16548,177.68298
2316,2025-10-04 12:00:00+05:30,19.507383,184.76355,28.177332,184.76355
2317,2025-10-04 13:00:00+05:30,9.906544,204.70241,15.198012,198.64963
2318,2025-10-04 14:00:00+05:30,14.949756,182.06999,22.175825,183.25716
2319,2025-10-04 15:00:00+05:30,17.5931,187.05222,26.90684,188.0758
2320,2025-10-04 16:00:00+05:30,13.609951,200.11267,22.39608,201.20288
2321,2025-10-04 17:00:00+05:30,13.218668,173.74606,24.187069,175.7322
2322,2025-10-04 18:00:00+05:30,13.797912,172.50424,24.949972,174.61855
2323,2025-10-04 19:00:00+05:30,12.783802,170.27249,23.874949,174.37547
2324,2025-10-04 20:00:00+05:30,14.178928,171.97285,26.400545,174.52272
2325,2025-10-04 21:00:00+05:30,14.455019,174.99945,26.46551,178.83089
2326,2025-10-04 22:00:00+05:30,13.690654,177.73955,25.74,180.0
2327,2025-10-04 23:00:00+05:30,11.767651,186.14653,23.11441,188.50862
2328,2025-10-05 00:00:00+05:30,11.881363,179.13197,23.110207,184.46707
2329,2025-10-05 01:00:00+05:30,11.688918,189.75235,22.396803,193.47784
2330,2025-10-05 02:00:00+05:30,11.016824,184.6858,19.914217,192.5288
2331,2025-10-05 03:00:00+05:30,10.094454,183.06642,19.561287,190.069
2332,2025-10-05 04:00:00+05:30,5.6521144,170.83772,14.096425,185.1281
2333,2025-10-05 05:00:00+05:30,11.720751,190.6196,22.204296,191.2188
2334,2025-10-05 06:00:00+05:30,13.752048,165.59995,24.251951,168.4399
2335,2025-10-05 07:00:00+05:30,15.328561,189.46225,22.137074,190.3048
2336,2025-10-05 08:00:00+05:30,13.926464,206.89616,19.483284,207.51192
2337,2025-10-05 09:00:00+05:30,13.719023,199.14822,18.731247,199.65392
2338,2025-10-05 10:00:00+05:30,10.601679,229.82083,15.15104,226.44406
2339,2025-10-05 11:00:00+05:30,13.767352,221.82008,18.844202,223.45189
2340,2025-10-05 12:00:00+05:30,14.926983,213.6901,20.320877,214.53473
2341,2025-10-05 13:00:00+05:30,15.861463,207.72816,22.259676,210.0896
2342,2025-10-05 14:00:00+05:30,10.534229,213.147,15.176678,213.87857
2343,2025-10-05 15:00:00+05:30,8.821836,181.16911,12.825552,184.83034
2344,2025-10-05 16:00:00+05:30,7.2044983,192.99461,12.016938,196.53491
2345,2025-10-05 17:00:00+05:30,3.06,180.0,7.289444,200.22495
2346,2025-10-05 18:00:00+05:30,2.995797,147.26479,5.506941,168.69011
2347,2025-10-05 19:00:00+05:30,6.7565966,138.23979,12.594856,149.03632
2348,2025-10-05 20:00:00+05:30,4.1046314,142.12495,11.276968,151.38963
2349,2025-10-05 21:00:00+05:30,4.942631,169.50858,12.284916,169.0194
2350,2025-10-05 22:00:00+05:30,3.9966488,187.76508,11.173057,182.77016
2351,2025-10-05 23:00:00+05:30,3.143565,166.75948,9.208192,175.51547
2352,2025-10-06 00:00:00+05:30,3.4152596,161.56496,10.158444,172.87508
2353,2025-10-06 01:00:00+05:30,2.7534704,168.69011,8.707238,172.87508
2354,2025-10-06 02:00:00+05:30,0.76367533,224.9999,6.1569467,195.25517
2355,2025-10-06 03:00:00+05:30,2.7238941,172.40544,7.519175,191.0409
2356,2025-10-06 04:00:00+05:30,6.519877,186.3401,12.487641,195.03787
2357,2025-10-06 05:00:00+05:30,10.1902895,144.34459,15.215058,154.04129
2358,2025-10-06 06:00:00+05:30,10.062305,190.3048,16.840345,190.46912
2359,2025-10-06 07:00:00+05:30,9.914717,164.19742,14.145756,165.2564
2360,2025-10-06 08:00:00+05:30,7.0015144,197.96924,9.165871,199.50253
2361,2025-10-06 09:00:00+05:30,7.570707,208.39293,9.901636,207.03078
2362,2025-10-06 10:00:00+05:30,1.2727921,278.13,1.6299692,263.6599
2363,2025-10-06 11:00:00+05:30,3.143565,293.6294,4.0449963,290.85452
2364,2025-10-06 12:00:00+05:30,4.3536186,299.74478,5.4744864,297.4075
2365,2025-10-06 13:00:00+05:30,3.8521678,307.40543,5.0432134,304.82455
2366,2025-10-06 14:00:00+05:30,2.1749482,294.44394,3.01735,287.3541
2367,2025-10-06 15:00:00+05:30,1.6981165,212.00534,2.4216523,228.01286
2368,2025-10-06 16:00:00+05:30,1.8089776,95.7105,1.835647,101.3099
2369,2025-10-06 17:00:00+05:30,3.1072817,100.00792,6.482499,91.59111
2370,2025-10-06 18:00:00+05:30,4.7827187,160.20103,10.472535,151.23245
2371,2025-10-06 19:00:00+05:30,3.84796,169.21574,9.914717,164.19742
2372,2025-10-06 20:00:00+05:30,7.289444,200.22495,15.8502245,195.14104
2373,2025-10-06 21:00:00+05:30,5.5829024,200.77234,15.060956,204.7273
2374,2025-10-06 22:00:00+05:30,4.278551,165.37909,11.252519,187.35228
2375,2025-10-06 23:00:00+05:30,1.4512063,119.74479,7.2202215,184.28908
2376,2025-10-07 00:00:00+05:30,0.0,270.0,4.2021427,223.26433
2377,2025-10-07 01:00:00+05:30,3.189608,106.38962,5.00128,149.74365
2378,2025-10-07 02:00:00+05:30,3.244996,109.440125,4.752136,142.69597
2379,2025-10-07 03:00:00+05:30,2.5582807,129.28938,4.2136917,160.0168
2380,2025-10-07 04:00:00+05:30,0.742159,194.03627,3.4576871,218.65984
2381,2025-10-07 05:00:00+05:30,1.1525624,128.65984,2.5455842,188.13002
2382,2025-10-07 06:00:00+05:30,4.7521367,114.62355,6.6087217,119.357666
2383,2025-10-07 07:00:00+05:30,3.0758414,110.55613,3.8141315,109.290146
2384,2025-10-07 08:00:00+05:30,2.968636,75.96373,3.671294,78.6901
2385,2025-10-07 09:00:00+05:30,1.835647,11.3098955,2.226477,14.036275
2386,2025-10-07 10:00:00+05:30,1.1384199,18.435053,1.3104197,15.945477
2387,2025-10-07 11:00:00+05:30,2.657668,61.69934,3.396233,57.99466
2388,2025-10-07 12:00:00+05:30,1.4512063,82.875084,1.8089776,84.2895
2389,2025-10-07 13:00:00+05:30,1.1525624,231.34016,1.4058449,230.19447
2390,2025-10-07 14:00:00+05:30,1.5273507,224.9999,1.8,216.86998
2391,2025-10-07 15:00:00+05:30,3.572898,139.08571,4.198285,149.03632
2392,2025-10-07 16:00:00+05:30,10.00256,59.743652,14.74902,66.2505
2393,2025-10-07 17:00:00+05:30,6.945761,58.781662,8.93859,64.98315
2394,2025-10-07 18:00:00+05:30,4.3349743,85.23644,8.322932,111.57137
2395,2025-10-07 19:00:00+05:30,4.186693,115.46331,12.606426,133.26433
2396,2025-10-07 20:00:00+05:30,4.6452556,144.46223,13.306615,156.90315
2397,2025-10-07 21:00:00+05:30,5.0528407,175.91446,13.543131,184.57384
2398,2025-10-07 22:00:00+05:30,5.6521144,189.16228,14.019216,195.6423
2399,2025-10-07 23:00:00+05:30,4.1125174,156.80139,11.159999,180.0
2400,2025-10-08 00:00:00+05:30,2.0124612,169.6952,8.338489,193.73628
2401,2025-10-08 01:00:00+05:30,1.0948973,170.53775,6.5223618,207.97939
2402,2025-10-08 02:00:00+05:30,0.6489992,123.690094,4.1085763,208.8107
2403,2025-10-08 03:00:00+05:30,0.742159,75.96373,1.1525624,218.65984
2404,2025-10-08 04:00:00+05:30,2.1897945,80.53775,2.36753,81.25392
2405,2025-10-08 05:00:00+05:30,7.1389914,123.6901,8.65873,110.69553
2406,2025-10-08 06:00:00+05:30,8.43699,146.3099,14.539945,148.67137
2407,2025-10-08 07:00:00+05:30,6.114703,137.38599,8.019601,135.90929
2408,2025-10-08 08:00:00+05:30,5.09435,147.99466,6.452441,149.8587
2409,2025-10-08 09:00:00+05:30,5.1165614,140.71062,6.444905,144.09018
2410,2025-10-08 10:00:00+05:30,4.445672,158.62932,5.6492476,157.52052
2411,2025-10-08 11:00:00+05:30,2.0523157,164.74483,2.6208394,164.05453
2412,2025-10-08 12:00:00+05:30,0.56920993,71.564964,0.56920993,71.564964
2413,2025-10-08 13:00:00+05:30,0.742159,104.03627,0.9693296,111.801476
2414,2025-10-08 14:00:00+05:30,1.2727921,135.0001,1.5273507,135.0001
2415,2025-10-08 15:00:00+05:30,6.8138976,282.20044,8.731391,284.32275
2416,2025-10-08 16:00:00+05:30,2.7059932,3.8140097,3.710795,337.1663
2417,2025-10-08 17:00:00+05:30,1.9386592,158.19853,7.289444,200.22495
2418,2025-10-08 18:00:00+05:30,0.40249225,63.435013,4.7110505,223.45189
2419,2025-10-08 19:00:00+05:30,2.1674871,131.63345,6.2483597,191.6336
2420,2025-10-08 20:00:00+05:30,1.8792552,106.699326,4.8633323,182.12105
2421,2025-10-08 21:00:00+05:30,1.26,90.0,4.3349743,184.76355
2422,2025-10-08 22:00:00+05:30,0.54,90.0,4.3536186,209.7448
2423,2025-10-08 23:00:00+05:30,4.802999,167.00539,11.165805,181.84756
2424,2025-10-09 00:00:00+05:30,3.2846913,170.53775,9.403169,185.49223
2425,2025-10-09 01:00:00+05:30,2.7059932,183.814,8.766573,199.17911
2426,2025-10-09 02:00:00+05:30,0.71999997,180.0,5.7402787,221.18582
2427,2025-10-09 03:00:00+05:30,0.35999998,90.0,2.4482648,233.97253
2428,2025-10-09 04:00:00+05:30,1.0948973,9.462248,4.3573384,308.2902
2429,2025-10-09 05:00:00+05:30,4.186693,334.53668,10.957846,317.66306
2430,2025-10-09 06:00:00+05:30,3.362677,344.47583,9.19939,329.42084
2431,2025-10-09 07:00:00+05:30,1.2074767,26.564985,1.9881649,5.19435
2432,2025-10-09 08:00:00+05:30,2.5455842,8.130019,3.438895,6.0089183
2433,2025-10-09 09:00:00+05:30,3.5455887,23.962492,4.3832865,19.179106
2434,2025-10-09 10:00:00+05:30,4.1046314,37.875053,5.0432134,34.82457
2435,2025-10-09 11:00:00+05:30,5.983477,46.2188,7.382195,44.999897
2436,2025-10-09 12:00:00+05:30,6.198903,64.17907,7.6473517,63.435013
2437,2025-10-09 13:00:00+05:30,5.2939587,17.818983,6.489992,19.440128
2438,2025-10-09 14:00:00+05:30,3.550155,329.53452,5.4477882,352.40543
2439,2025-10-09 15:00:00+05:30,2.0523157,344.7448,2.8460498,341.56494
2440,2025-10-09 16:00:00+05:30,2.6758924,47.72637,3.8268526,48.814175
2441,2025-10-09 17:00:00+05:30,2.7059932,273.814,4.2366967,282.26477
2442,2025-10-09 18:00:00+05:30,1.659518,229.39879,2.995797,212.73521
2443,2025-10-09 19:00:00+05:30,1.8792552,253.30067,4.0449967,237.72438
2444,2025-10-09 20:00:00+05:30,2.3469126,274.39862,6.519877,263.6599
2445,2025-10-09 21:00:00+05:30,0.9178235,281.3099,3.96,270.0
2446,2025-10-09 22:00:00+05:30,0.5091169,224.9999,2.7416782,246.80138
2447,2025-10-09 23:00:00+05:30,3.096837,215.53777,6.804381,232.52374
2448,2025-10-10 00:00:00+05:30,3.2599385,263.6599,9.114471,260.9098
2449,2025-10-10 01:00:00+05:30,4.6938257,302.47116,11.755254,295.38788
2450,2025-10-10 02:00:00+05:30,6.379216,343.61038,13.54911,340.60208
2451,2025-10-10 03:00:00+05:30,5.0142193,338.9624,12.140329,344.5213
2452,2025-10-10 04:00:00+05:30,4.669604,332.44727,12.601285,338.19852
2453,2025-10-10 05:00:00+05:30,4.510787,331.38962,13.248049,323.2857
2454,2025-10-10 06:00:00+05:30,7.289444,339.77505,15.175612,337.69376
2455,2025-10-10 07:00:00+05:30,7.689603,343.68607,11.656998,346.60748
2456,2025-10-10 08:00:00+05:30,8.647496,357.6141,11.885453,358.26434
2457,2025-10-10 09:00:00+05:30,8.490582,21.124796,10.99769,21.10492
2458,2025-10-10 10:00:00+05:30,8.587338,33.023872,10.934166,32.905247
2459,2025-10-10 11:00:00+05:30,8.39078,35.39489,10.9859,34.9921
2460,2025-10-10 12:00:00+05:30,8.373386,25.463305,10.6261,26.130941
2461,2025-10-10 13:00:00+05:30,8.187527,56.659275,10.486448,50.572224
2462,2025-10-10 14:00:00+05:30,5.8298883,98.88058,7.4346757,96.952866
2463,2025-10-10 15:00:00+05:30,2.6999998,216.86998,2.907989,201.80147
2464,2025-10-10 16:00:00+05:30,0.6489992,56.309914,1.3708391,66.801384
2465,2025-10-10 17:00:00+05:30,3.9518096,329.9315,9.266067,7.8152027
2466,2025-10-10 18:00:00+05:30,4.278551,14.620926,11.995349,25.795975
2467,2025-10-10 19:00:00+05:30,3.6,53.13002,10.44,46.39711
2468,2025-10-10 20:00:00+05:30,3.494968,55.491425,9.686609,48.01287
2469,2025-10-10 21:00:00+05:30,4.3349743,85.23644,10.914888,76.65127
2470,2025-10-10 22:00:00+05:30,4.2136917,70.01681,12.011544,70.75039
2471,2025-10-10 23:00:00+05:30,5.0688457,96.11541,11.866355,80.39487
2472,2025-10-11 00:00:00+05:30,4.669604,62.447273,12.879752,63.435013
2473,2025-10-11 01:00:00+05:30,3.693291,46.97493,10.805998,60.018444
2474,2025-10-11 02:00:00+05:30,1.835647,348.6901,6.444905,54.090195
2475,2025-10-11 03:00:00+05:30,2.4482646,17.102825,6.28713,66.37061
2476,2025-10-11 04:00:00+05:30,9.919618,348.4862,19.915842,350.11206
2477,2025-10-11 05:00:00+05:30,9.761578,337.21756,20.176065,344.47583
2478,2025-10-11 06:00:00+05:30,6.489992,356.82022,15.206537,353.88458
2479,2025-10-11 07:00:00+05:30,4.965521,43.53127,7.44121,32.15227
2480,2025-10-11 08:00:00+05:30,7.056826,37.746864,9.0,36.86999
2481,2025-10-11 09:00:00+05:30,7.9220443,21.31798,10.662626,21.801476
2482,2025-10-11 10:00:00+05:30,7.570707,28.392921,9.901636,27.03079
2483,2025-10-11 11:00:00+05:30,9.266067,24.075504,11.843124,24.227736
2484,2025-10-11 12:00:00+05:30,7.256032,23.385246,9.360001,22.61991
2485,2025-10-11 13:00:00+05:30,6.5693827,9.462261,8.37532,8.652461
2486,2025-10-11 14:00:00+05:30,7.5599995,360.0,9.54679,357.83896
2487,2025-10-11 15:00:00+05:30,4.2366967,12.26477,6.9550843,10.437421
2488,2025-10-11 16:00:00+05:30,6.5693827,9.462261,10.261579,21.614847
2489,2025-10-11 17:00:00+05:30,7.5685663,115.34614,13.169556,111.65605
2490,2025-10-11 18:00:00+05:30,4.293669,146.97614,9.085988,123.6901
2491,2025-10-11 19:00:00+05:30,3.2846913,170.53775,7.0407386,147.52882
2492,2025-10-11 20:00:00+05:30,1.8089776,174.2895,5.495161,148.39255
2493,2025-10-11 21:00:00+05:30,1.0495713,210.96368,2.36753,188.74608
2494,2025-10-11 22:00:00+05:30,0.9693296,158.19853,0.8049845,153.43501
2495,2025-10-11 23:00:00+05:30,3.5455887,156.0375,3.9844694,161.56496
2496,2025-10-12 00:00:00+05:30,3.0652893,139.76372,5.0911684,135.0001
2497,2025-10-12 01:00:00+05:30,1.0495713,120.96369,4.0449963,110.854546
2498,2025-10-12 02:00:00+05:30,0.76367533,135.0001,1.7727944,113.962494
2499,2025-10-12 03:00:00+05:30,0.17999999,180.0,0.40249225,116.56499
2500,2025-10-12 04:00:00+05:30,2.5455842,315.0001,2.4482648,323.97253
2501,2025-10-12 05:00:00+05:30,4.613762,339.44388,12.033103,338.03937
2502,2025-10-12 06:00:00+05:30,5.8631387,342.12122,11.276968,351.74063
2503,2025-10-12 07:00:00+05:30,4.8633323,2.1210518,9.567131,4.3159466
2504,2025-10-12 08:00:00+05:30,7.1661706,11.592147,10.3480425,13.069325
2505,2025-10-12 09:00:00+05:30,8.538149,18.435053,11.442394,19.290138
2506,2025-10-12 10:00:00+05:30,7.968939,18.435053,10.644379,18.741442
2507,2025-10-12 11:00:00+05:30,8.149847,6.3401003,10.495713,5.9060555
2508,2025-10-12 12:00:00+05:30,8.688613,13.17257,11.578912,11.659274
2509,2025-10-12 13:00:00+05:30,8.338489,13.736293,11.226575,12.030577
2510,2025-10-12 14:00:00+05:30,7.040739,4.398633,9.555271,3.2396317
2511,2025-10-12 15:00:00+05:30,6.482499,358.40887,9.3669195,357.79745
2512,2025-10-12 16:00:00+05:30,3.536439,345.25638,9.039514,347.34744
2513,2025-10-12 17:00:00+05:30,1.2074767,333.43503,5.232399,356.0549
2514,2025-10-12 18:00:00+05:30,1.835647,348.6901,5.9834766,353.08887
2515,2025-10-12 19:00:00+05:30,2.0364676,315.0001,6.379216,343.61038
2516,2025-10-12 20:00:00+05:30,3.06,298.0724,7.0107627,330.8026
2517,2025-10-12 21:00:00+05:30,1.6981165,327.99466,6.330782,345.17346
2518,2025-10-12 22:00:00+05:30,0.9,53.13002,4.9785542,12.528798
2519,2025-10-12 23:00:00+05:30,1.0182338,315.0001,4.7827187,340.20102
2520,2025-10-13 00:00:00+05:30,1.1525624,308.65982,4.198285,329.03632
2521,2025-10-13 01:00:00+05:30,2.5455842,315.0001,6.1305785,319.7637
2522,2025-10-13 02:00:00+05:30,3.7971041,328.5705,8.707237,330.25522
2523,2025-10-13 03:00:00+05:30,3.710795,337.1663,10.196647,339.3255
2524,2025-10-13 04:00:00+05:30,4.510787,331.38962,11.465024,337.86444
2525,2025-10-13 05:00:00+05:30,7.0223074,1.4687687,18.582766,356.11215
2526,2025-10-13 06:00:00+05:30,8.641874,358.80652,18.359999,360.0
2527,2025-10-13 07:00:00+05:30,7.0223074,1.4687687,13.519186,3.0528262
2528,2025-10-13 08:00:00+05:30,8.083983,11.5601,11.481968,13.600564
2529,2025-10-13 09:00:00+05:30,9.82114,26.09537,13.523978,26.906017
2530,2025-10-13 10:00:00+05:30,10.534229,19.983198,14.0734215,20.984982
2531,2025-10-13 11:00:00+05:30,10.799999,360.0,14.58,360.0
2532,2025-10-13 12:00:00+05:30,10.285232,355.9859,13.88919,356.2848
2533,2025-10-13 13:00:00+05:30,9.403169,354.50775,12.841963,354.36942
2534,2025-10-13 14:00:00+05:30,9.292254,351.08514,12.93247,351.1933
2535,2025-10-13 15:00:00+05:30,9.3962755,343.3007,14.145756,345.25638
2536,2025-10-13 16:00:00+05:30,5.876938,319.9698,12.996199,329.1724
2537,2025-10-13 17:00:00+05:30,6.9153743,308.65982,17.692268,314.58786
2538,2025-10-13 18:00:00+05:30,6.873078,315.0001,18.440998,321.34018
2539,2025-10-13 19:00:00+05:30,6.989936,325.4914,18.738165,328.7531
2540,2025-10-13 20:00:00+05:30,7.2,323.13,19.233065,328.39255
2541,2025-10-13 21:00:00+05:30,6.6818557,332.74475,18.999168,334.1633
2542,2025-10-13 22:00:00+05:30,6.8541956,336.8014,19.353138,341.56494
2543,2025-10-13 23:00:00+05:30,7.0038276,334.09354,19.41081,341.06088
2544,2025-10-14 00:00:00+05:30,6.7469993,350.78906,18.824419,353.9624
2545,2025-10-14 01:00:00+05:30,6.122647,1.6846573,17.698677,4.6667724
2546,2025-10-14 02:00:00+05:30,5.6835546,10.954029,16.663374,10.581593
2547,2025-10-14 03:00:00+05:30,5.8603754,10.61961,17.163355,9.659832
2548,2025-10-14 04:00:00+05:30,5.8048253,7.12493,16.700275,7.4313188
2549,2025-10-14 05:00:00+05:30,6.8541956,13.671325,18.59845,14.574262
2550,2025-10-14 06:00:00+05:30,8.427383,19.983198,16.748707,20.772345
2551,2025-10-14 07:00:00+05:30,6.2613096,18.435053,13.1041975,20.924576
2552,2025-10-14 08:00:00+05:30,7.9138603,17.198626,11.442394,19.290138
2553,2025-10-14 09:00:00+05:30,10.137692,16.504446,14.003029,17.969234
2554,2025-10-14 10:00:00+05:30,11.003581,15.172969,15.156386,15.851998
2555,2025-10-14 11:00:00+05:30,11.173057,2.7701654,15.137133,2.7262611
2556,2025-10-14 12:00:00+05:30,11.003581,356.24832,14.967083,356.55267
2557,2025-10-14 13:00:00+05:30,11.45513,351.87,15.808263,352.14676
2558,2025-10-14 14:00:00+05:30,11.190442,348.87085,15.779544,348.81827
2559,2025-10-14 15:00:00+05:30,8.65873,339.30447,14.572219,342.01257
2560,2025-10-14 16:00:00+05:30,6.444905,324.09018,15.531193,327.78348
2561,2025-10-14 17:00:00+05:30,8.461915,308.08884,20.64436,312.1728
2562,2025-10-14 18:00:00+05:30,8.536252,312.4362,21.274294,317.40024
2563,2025-10-14 19:00:00+05:30,7.0107627,318.12222,19.404133,322.91742
2564,2025-10-14 20:00:00+05:30,7.0107627,330.8026,19.652176,331.55716
2565,2025-10-14 21:00:00+05:30,6.689125,336.19403,19.087639,339.00122
2566,2025-10-14 22:00:00+05:30,6.2483597,348.3664,18.353823,352.10837
2567,2025-10-14 23:00:00+05:30,5.7852573,354.64426,16.215992,357.45523
2568,2025-10-15 00:00:00+05:30,5.7852573,5.3557334,16.584438,3.1107872
2569,2025-10-15 01:00:00+05:30,6.519877,353.6599,18.22361,356.0354
2570,2025-10-15 02:00:00+05:30,7.814986,352.0566,19.64063,357.37366
2571,2025-10-15 03:00:00+05:30,7.415038,5.572114,19.424158,7.454213
2572,2025-10-15 04:00:00+05:30,7.102591,8.746089,19.146112,9.196581
2573,2025-10-15 05:00:00+05:30,7.415038,354.4279,19.820442,357.3975
2574,2025-10-15 06:00:00+05:30,8.885877,353.01904,18.751125,356.6982
2575,2025-10-15 07:00:00+05:30,7.6367526,351.87,13.917154,354.80566
2576,2025-10-15 08:00:00+05:30,8.32877,353.79663,11.928989,354.80566
2577,2025-10-15 09:00:00+05:30,10.441552,0.9877458,14.584445,1.4144003
2578,2025-10-15 10:00:00+05:30,11.16145,0.9240338,15.3042345,1.3478607
2579,2025-10-15 11:00:00+05:30,10.805999,358.09088,14.417988,357.13766
2580,2025-10-15 12:00:00+05:30,10.8955765,352.40543,15.122143,351.09836
2581,2025-10-15 13:00:00+05:30,11.013882,348.6901,15.287288,347.76392
2582,2025-10-15 14:00:00+05:30,11.213581,341.2741,16.165964,341.16147
2583,2025-10-15 15:00:00+05:30,9.178235,334.44006,16.42247,333.9967
2584,2025-10-15 16:00:00+05:30,7.1389914,326.3099,17.174677,326.97614
2585,2025-10-15 17:00:00+05:30,6.696387,306.25394,17.826363,316.63654
2586,2025-10-15 18:00:00+05:30,6.384293,319.574,16.974487,325.80435
2587,2025-10-15 19:00:00+05:30,5.1919937,326.3099,14.813683,332.50095
2588,2025-10-15 20:00:00+05:30,3.7064266,330.9455,11.793777,344.05453
2589,2025-10-15 21:00:00+05:30,3.6447225,327.09476,10.829959,344.57776
2590,2025-10-15 22:00:00+05:30,2.9024127,330.25522,9.255571,346.50424
2591,2025-10-15 23:00:00+05:30,3.6,323.13,9.904906,340.9064
2592,2025-10-16 00:00:00+05:30,4.6102495,321.34018,10.829958,338.5522
2593,2025-10-16 01:00:00+05:30,4.863332,321.009,12.320471,334.93256
2594,2025-10-16 02:00:00+05:30,5.293959,324.6887,13.985663,328.151
2595,2025-10-16 03:00:00+05:30,5.3426957,327.38077,15.192682,323.67307
2596,2025-10-16 04:00:00+05:30,4.863332,321.009,13.5012,317.1611
2597,2025-10-16 05:00:00+05:30,5.6002855,315.0001,15.530151,315.9391
2598,2025-10-16 06:00:00+05:30,7.145796,319.0857,14.81915,319.92715
2599,2025-10-16 07:00:00+05:30,5.7964473,334.2307,10.6261,333.86905
2600,2025-10-16 08:00:00+05:30,5.315336,331.69934,7.731623,335.22488
2601,2025-10-16 09:00:00+05:30,5.983477,344.2913,7.989243,345.65063
2602,2025-10-16 10:00:00+05:30,5.4029994,358.09088,7.208994,357.13766
2603,2025-10-16 11:00:00+05:30,6.542201,352.09293,8.43699,348.92984
2604,2025-10-16 12:00:00+05:30,6.4799995,360.0,8.297589,356.26868
2605,2025-10-16 13:00:00+05:30,6.302571,1.6365454,8.107996,357.45523
2606,2025-10-16 14:00:00+05:30,6.12,360.0,7.9526596,354.80566
2607,2025-10-16 15:00:00+05:30,5.4477882,7.59456,7.92,360.0
2608,2025-10-16 16:00:00+05:30,3.4247334,356.98727,8.311245,342.34976
2609,2025-10-16 17:00:00+05:30,6.1437774,328.17258,14.544401,323.55545
2610,2025-10-16 18:00:00+05:30,6.156947,322.12497,14.81915,319.92715
2611,2025-10-16 19:00:00+05:30,6.1305785,310.2363,14.799459,311.05472
2612,2025-10-16 20:00:00+05:30,5.441838,304.21576,13.789691,305.97247
2613,2025-10-16 21:00:00+05:30,3.494968,304.50858,10.152064,307.07315
2614,2025-10-16 22:00:00+05:30,2.19718,325.0079,7.9077177,318.69147
2615,2025-10-16 23:00:00+05:30,0.6489992,326.3099,4.896529,287.1028
2616,2025-10-17 00:00:00+05:30,0.6489992,303.6901,4.353619,277.1249
2617,2025-10-17 01:00:00+05:30,1.3708391,336.8014,5.8769383,297.3498
2618,2025-10-17 02:00:00+05:30,3.143565,346.75946,8.067936,321.34018
2619,2025-10-17 03:00:00+05:30,4.3832865,340.8209,10.6261,333.86905
2620,2025-10-17 04:00:00+05:30,3.62243,333.43503,11.103243,340.09616
2621,2025-10-17 05:00:00+05:30,3.9763298,354.80566,12.24,360.0
2622,2025-10-17 06:00:00+05:30,5.6920996,341.56494,11.074022,352.52853
2623,2025-10-17 07:00:00+05:30,4.0249224,333.43503,10.435344,345.00485
2624,2025-10-17 08:00:00+05:30,5.506941,348.6901,7.6367526,351.87
2625,2025-10-17 09:00:00+05:30,5.4149795,15.42223,6.9480934,16.557161
2626,2025-10-17 10:00:00+05:30,4.2175345,39.805527,5.2323985,40.814987
2627,2025-10-17 11:00:00+05:30,2.4216523,41.98713,2.7475805,31.607454
2628,2025-10-17 12:00:00+05:30,2.9301877,42.510403,3.148714,30.963696
2629,2025-10-17 13:00:00+05:30,4.4565907,43.36347,5.1481256,36.469334
2630,2025-10-17 14:00:00+05:30,3.693291,46.97493,4.293669,33.023872
2631,2025-10-17 15:00:00+05:30,4.5891175,41.82009,5.9617786,28.886486
2632,2025-10-17 16:00:00+05:30,5.1481256,53.530666,10.691453,44.999897
2633,2025-10-17 17:00:00+05:30,4.724786,319.63553,11.448055,323.31018
2634,2025-10-17 18:00:00+05:30,4.752136,322.69595,11.385622,320.77435
2635,2025-10-17 19:00:00+05:30,3.7971041,328.5705,10.587918,324.6887
2636,2025-10-17 20:00:00+05:30,2.657668,331.69934,8.9873905,327.26477
2637,2025-10-17 21:00:00+05:30,0.8049845,296.56497,5.369916,320.44037
2638,2025-10-17 22:00:00+05:30,0.40249225,206.56499,3.8183763,315.0001
2639,2025-10-17 23:00:00+05:30,3.7971041,328.5705,10.8672905,333.43503
2640,2025-10-18 00:00:00+05:30,4.8965297,323.97253,13.040997,333.7887
2641,2025-10-18 01:00:00+05:30,5.1826253,339.6768,14.857362,340.9064
2642,2025-10-18 02:00:00+05:30,5.4744864,350.53775,15.329618,344.3318
2643,2025-10-18 03:00:00+05:30,5.426933,354.2895,15.367616,346.45206
2644,2025-10-18 04:00:00+05:30,5.223103,358.0251,15.273505,351.87
2645,2025-10-18 05:00:00+05:30,5.5916004,356.3087,16.404707,356.8551
2646,2025-10-18 06:00:00+05:30,7.415038,5.572114,15.405519,6.70975
2647,2025-10-18 07:00:00+05:30,5.771239,3.5762644,13.576582,6.088435
2648,2025-10-18 08:00:00+05:30,6.9899354,11.888645,10.308831,12.094739
2649,2025-10-18 09:00:00+05:30,8.305396,29.898815,11.207801,29.858927
2650,2025-10-18 10:00:00+05:30,7.344794,53.972538,9.793059,53.972538
2651,2025-10-18 11:00:00+05:30,6.444905,54.090195,8.244708,53.880566
2652,2025-10-18 12:00:00+05:30,5.6060677,47.602623,7.1321807,47.045418
2653,2025-10-18 13:00:00+05:30,5.2323985,40.814987,6.7565966,41.760216
2654,2025-10-18 14:00:00+05:30,5.1165614,39.289394,6.7757506,39.61066
2655,2025-10-18 15:00:00+05:30,4.724786,40.364468,5.904439,37.568665
2656,2025-10-18 16:00:00+05:30,5.0975285,137.86247,8.037761,124.04598
2657,2025-10-18 17:00:00+05:30,6.391901,170.27249,12.324414,173.29025
2658,2025-10-18 18:00:00+05:30,3.143565,166.75948,7.0568266,174.14407
2659,2025-10-18 19:00:00+05:30,2.7534704,168.69011,6.638072,192.5288
2660,2025-10-18 20:00:00+05:30,4.379589,170.53775,10.096059,191.30989
2661,2025-10-18 21:00:00+05:30,3.671294,191.30989,9.335737,213.9965
2662,2025-10-18 22:00:00+05:30,3.536439,194.7436,8.400428,224.9999
2663,2025-10-18 23:00:00+05:30,2.0124612,190.3048,6.489992,236.3099
2664,2025-10-19 00:00:00+05:30,0.742159,165.96373,3.9312592,254.05453
2665,2025-10-19 01:00:00+05:30,1.0495713,329.03632,5.509882,308.36752
2666,2025-10-19 02:00:00+05:30,2.9024127,7.12493,7.6579366,336.44772
2667,2025-10-19 03:00:00+05:30,3.5864744,107.52566,5.414979,68.5522
2668,2025-10-19 04:00:00+05:30,2.5455842,261.87,2.7943513,255.06853
2669,2025-10-19 05:00:00+05:30,3.9477081,65.77226,11.996699,27.718414
2670,2025-10-19 06:00:00+05:30,3.7585104,73.300674,8.967541,38.480236
2671,2025-10-19 07:00:00+05:30,4.669604,27.552727,10.285232,32.85573
2672,2025-10-19 08:00:00+05:30,6.037383,26.564985,8.461914,29.29127
2673,2025-10-19 09:00:00+05:30,8.669949,41.63345,11.854062,41.922462
2674,2025-10-19 10:00:00+05:30,8.942214,49.899166,11.892265,50.52757
2675,2025-10-19 11:00:00+05:30,8.404285,46.73567,10.948973,46.332153
2676,2025-10-19 12:00:00+05:30,8.805294,40.855286,11.753876,40.030197
2677,2025-10-19 13:00:00+05:30,8.181589,39.644142,11.1090765,40.399834
2678,2025-10-19 14:00:00+05:30,7.289445,32.905247,10.285232,32.85573
2679,2025-10-19 15:00:00+05:30,6.5223618,27.979382,12.011544,29.638298
2680,2025-10-19 16:00:00+05:30,5.3939967,25.709915,13.288341,28.30066
2681,2025-10-19 17:00:00+05:30,1.6981165,57.99466,6.3639607,44.999897
2682,2025-10-19 18:00:00+05:30,0.9,143.13002,2.7238941,82.40546
2683,2025-10-19 19:00:00+05:30,1.08,90.0,3.6402748,81.46932
2684,2025-10-19 20:00:00+05:30,2.5264204,94.08554,7.486788,80.31129
2685,2025-10-19 21:00:00+05:30,3.438895,186.00891,7.1321807,190.17545
2686,2025-10-19 22:00:00+05:30,4.7928696,235.71307,12.72283,244.8852
2687,2025-10-19 23:00:00+05:30,1.2979984,213.6901,7.689603,253.68607
2688,2025-10-20 00:00:00+05:30,1.2074767,296.56497,7.4346757,276.95285
2689,2025-10-20 01:00:00+05:30,2.7059932,3.8140097,7.754637,338.19852
2690,2025-10-20 02:00:00+05:30,1.9386592,21.801476,6.5693827,9.462261
2691,2025-10-20 03:00:00+05:30,3.604497,357.13766,7.9932976,7.7650824
2692,2025-10-20 04:00:00+05:30,4.503598,2.2905633,9.565437,19.798973
2693,2025-10-20 05:00:00+05:30,6.898956,7.495768,18.731247,19.653913
2694,2025-10-20 06:00:00+05:30,9.605998,12.99463,20.590143,22.080503
2695,2025-10-20 07:00:00+05:30,7.8625183,15.945477,21.090746,26.346296
2696,2025-10-20 08:00:00+05:30,8.936778,27.597204,13.70839,29.931421
2697,2025-10-20 09:00:00+05:30,11.08572,32.399826,15.528064,34.611206
2698,2025-10-20 10:00:00+05:30,12.172312,38.395203,16.782528,38.467903
2699,2025-10-20 11:00:00+05:30,10.296251,36.469334,13.644427,36.41648
2700,2025-10-20 12:00:00+05:30,9.835975,34.56259,13.479583,34.114517
2701,2025-10-20 13:00:00+05:30,10.036512,32.549995,13.833091,32.242443
2702,2025-10-20 14:00:00+05:30,9.693296,31.328646,14.292725,31.087444
2703,2025-10-20 15:00:00+05:30,6.6624317,38.418083,12.88981,35.909817
2704,2025-10-20 16:00:00+05:30,5.369916,50.440376,13.619472,44.464615
2705,2025-10-20 17:00:00+05:30,5.9644947,354.80566,14.292725,5.782306
2706,2025-10-20 18:00:00+05:30,5.3305535,11.689341,13.775586,6.753477
2707,2025-10-20 19:00:00+05:30,3.563818,44.999897,11.196232,36.50153
2708,2025-10-20 20:00:00+05:30,1.1384199,18.435053,7.674842,50.710617
2709,2025-10-20 21:00:00+05:30,3.8521678,307.40543,5.896202,347.66092
2710,2025-10-20 22:00:00+05:30,5.9427266,324.86572,12.864649,342.072
2711,2025-10-20 23:00:00+05:30,6.0077944,351.38443,15.146761,3.406384
2712,2025-10-21 00:00:00+05:30,7.208994,357.13766,18.040453,12.094739
2713,2025-10-21 01:00:00+05:30,6.87779,6.0089183,19.070658,17.57994
2714,2025-10-21 02:00:00+05:30,6.151683,20.556128,18.318481,22.533302
2715,2025-10-21 03:00:00+05:30,6.2067385,29.5387,18.353823,26.816269
2716,2025-10-21 04:00:00+05:30,8.297589,24.34109,22.315643,24.290956
2717,2025-10-21 05:00:00+05:30,8.085988,16.82149,21.627733,22.509861
2718,2025-10-21 06:00:00+05:30,9.6932955,15.068549,21.637466,19.942476
2719,2025-10-21 07:00:00+05:30,7.353611,21.54104,19.486609,25.144758
2720,2025-10-21 08:00:00+05:30,7.4932766,24.102238,11.672275,26.564985
2721,2025-10-21 09:00:00+05:30,10.404249,30.113651,14.447172,30.718834
2722,2025-10-21 10:00:00+05:30,11.435313,28.178495,15.543706,28.345602
2723,2025-10-21 11:00:00+05:30,9.165871,19.502544,12.072083,20.056185
2724,2025-10-21 12:00:00+05:30,8.827343,16.58742,11.844492,16.78272
2725,2025-10-21 13:00:00+05:30,8.383054,14.931467,11.307095,13.815059
2726,2025-10-21 14:00:00+05:30,8.163749,14.036275,11.367109,10.954029
2727,2025-10-21 15:00:00+05:30,6.151683,20.556128,11.177405,14.931467
2728,2025-10-21 16:00:00+05:30,3.8183763,8.130019,9.600937,6.458727
2729,2025-10-21 17:00:00+05:30,5.1481256,306.46933,13.115319,313.3317
2730,2025-10-21 18:00:00+05:30,7.029225,309.8055,18.201374,314.59937
2731,2025-10-21 19:00:00+05:30,6.050785,329.62094,16.077536,338.31766
2732,2025-10-21 20:00:00+05:30,5.9617786,331.11353,15.484185,342.40747
2733,2025-10-21 21:00:00+05:30,5.937272,345.9637,15.5687,349.3397
2734,2025-10-21 22:00:00+05:30,6.3639607,351.87,16.663374,349.4184
2735,2025-10-21 23:00:00+05:30,6.4624763,347.125,17.856325,345.40338
2736,2025-10-22 00:00:00+05:30,5.7852573,354.64426,16.23596,356.186
2737,2025-10-22 01:00:00+05:30,5.4029994,1.9091109,15.833861,8.498481
2738,2025-10-22 02:00:00+05:30,5.5887027,14.931467,15.710607,18.01986
2739,2025-10-22 03:00:00+05:30,5.637765,16.699326,15.646544,23.025528
2740,2025-10-22 04:00:00+05:30,6.037383,10.304792,16.965895,17.281584
2741,2025-10-22 05:00:00+05:30,6.330782,345.17346,17.146357,355.7859
2742,2025-10-22 06:00:00+05:30,8.865799,354.17374,18.008097,1.7183301
2743,2025-10-22 07:00:00+05:30,6.66,360.0,18.379402,8.447446
2744,2025-10-22 08:00:00+05:30,7.9383874,3.9004252,12.125642,5.964399
2745,2025-10-22 09:00:00+05:30,9.6228485,7.523731,13.110376,8.686284
2746,2025-10-22 10:00:00+05:30,10.209348,9.13011,13.733186,10.573479
2747,2025-10-22 11:00:00+05:30,9.761578,5.29,12.81165,4.0281906
2748,2025-10-22 12:00:00+05:30,8.049845,10.304792,10.564942,8.820306
2749,2025-10-22 13:00:00+05:30,6.6185193,22.380184,8.709098,18.060568
2750,2025-10-22 14:00:00+05:30,6.76618,28.610369,8.863972,23.962492
2751,2025-10-22 15:00:00+05:30,6.4096174,38.157276,10.34178,31.476793
2752,2025-10-22 16:00:00+05:30,3.8647635,62.24156,8.669949,48.366554
2753,2025-10-22 17:00:00+05:30,2.36753,8.746089,7.7420926,342.40747
2754,2025-10-22 18:00:00+05:30,3.319036,310.60123,10.310402,314.29276
2755,2025-10-22 19:00:00+05:30,5.3999996,306.86996,13.767352,311.82007
2756,2025-10-22 20:00:00+05:30,4.8433046,311.98712,12.097553,313.19128
2757,2025-10-22 21:00:00+05:30,5.3517847,312.27362,13.044722,309.40063
2758,2025-10-22 22:00:00+05:30,4.942631,303.11136,12.688404,301.6607
2759,2025-10-22 23:00:00+05:30,5.728979,313.72705,13.437455,320.9806
2760,2025-10-23 00:00:00+05:30,5.257109,321.9529,12.71901,333.0724
2761,2025-10-23 01:00:00+05:30,4.8466477,344.93146,12.043869,350.53775
2762,2025-10-23 02:00:00+05:30,5.0911684,351.87,12.324414,353.29025
2763,2025-10-23 03:00:00+05:30,4.6938252,355.60138,13.060857,352.87506
2764,2025-10-23 04:00:00+05:30,4.8466477,15.068549,12.483749,5.7927017
2765,2025-10-23 05:00:00+05:30,5.4744864,350.53775,15.726067,354.74628
2766,2025-10-23 06:00:00+05:30,6.849467,356.98727,14.428097,3.5762644
2767,2025-10-23 07:00:00+05:30,3.96,360.0,12.193588,8.488864
2768,2025-10-23 08:00:00+05:30,5.297018,9.782338,8.227004,10.0805435
2769,2025-10-23 09:00:00+05:30,7.0911775,23.962492,9.340941,25.083572
2770,2025-10-23 10:00:00+05:30,6.037383,26.564985,7.8087645,25.974339
2771,2025-10-23 11:00:00+05:30,6.489992,19.440128,7.968939,18.435053
2772,2025-10-23 12:00:00+05:30,6.4323244,17.92802,8.209263,15.255177
2773,2025-10-23 13:00:00+05:30,6.4624763,12.875007,8.4042845,9.865748
2774,2025-10-23 14:00:00+05:30,6.037383,10.304792,8.131936,5.0795207
2775,2025-10-23 15:00:00+05:30,5.5216303,19.025702,8.581677,9.659832
2776,2025-10-23 16:00:00+05:30,3.7842832,25.346138,8.777653,15.461285
2777,2025-10-23 17:00:00+05:30,6.7397914,325.8855,17.352036,323.01114
2778,2025-10-23 18:00:00+05:30,6.6818557,332.74475,18.275984,332.42554
2779,2025-10-23 19:00:00+05:30,5.6492476,337.5205,15.315873,336.44772
2780,2025-10-23 20:00:00+05:30,4.913044,331.55716,13.527572,334.79892
2781,2025-10-23 21:00:00+05:30,3.745557,324.78232,10.32924,337.45688
2782,2025-10-23 22:00:00+05:30,1.6199999,360.0,6.9480934,343.44284
2783,2025-10-23 23:00:00+05:30,1.98,360.0,7.172949,342.47433
2784,2025-10-24 00:00:00+05:30,1.659518,102.5288,2.8174455,26.564985
2785,2025-10-24 01:00:00+05:30,2.0124612,79.69521,4.1046314,37.875053
2786,2025-10-24 02:00:00+05:30,2.3051248,38.65983,8.085988,16.82149
2787,2025-10-24 03:00:00+05:30,3.0547013,44.999897,10.32924,22.543112
2788,2025-10-24 04:00:00+05:30,4.7928696,34.286938,13.374618,28.979609
2789,2025-10-24 05:00:00+05:30,5.6920996,18.435053,15.410776,22.671383
2790,2025-10-24 06:00:00+05:30,7.771331,13.392516,16.45007,23.198618
2791,2025-10-24 07:00:00+05:30,5.7628117,14.470333,15.388685,24.166634
2792,2025-10-24 08:00:00+05:30,6.206738,16.858482,9.459852,21.194136
2793,2025-10-24 09:00:00+05:30,6.391901,32.347424,8.53815,34.69522
2794,2025-10-24 10:00:00+05:30,6.439876,26.564985,8.131936,27.699385
2795,2025-10-24 11:00:00+05:30,5.5596404,29.054508,6.76618,28.610369
2796,2025-10-24 12:00:00+05:30,4.2671766,27.645891,5.315336,28.30066
2797,2025-10-24 13:00:00+05:30,4.599695,30.579157,5.5596404,29.054508
2798,2025-10-24 14:00:00+05:30,4.1046314,52.124958,4.978554,49.398785
2799,2025-10-24 15:00:00+05:30,4.412754,78.231735,6.330782,75.17348
2800,2025-10-24 16:00:00+05:30,5.020677,104.5345,10.132897,102.30801
2801,2025-10-24 17:00:00+05:30,2.5071096,111.03758,5.1544156,102.09474
2802,2025-10-24 18:00:00+05:30,0.9178235,168.69011,3.536439,165.2564
2803,2025-10-24 19:00:00+05:30,3.4247334,183.01273,8.027677,199.65392
2804,2025-10-24 20:00:00+05:30,4.452954,165.96373,9.360001,202.6199
2805,2025-10-24 21:00:00+05:30,4.143911,182.4895,9.9408245,222.06425
2806,2025-10-24 22:00:00+05:30,3.01735,197.35411,8.78872,235.0079
2807,2025-10-24 23:00:00+05:30,1.7076298,198.43504,6.689125,246.19405
2808,2025-10-25 00:00:00+05:30,2.34,180.0,5.5450516,234.24602
2809,2025-10-25 01:00:00+05:30,3.319036,167.4712,6.269067,219.17365
2810,2025-10-25 02:00:00+05:30,2.657668,151.69934,5.896202,211.26367
2811,2025-10-25 03:00:00+05:30,1.8792552,163.30067,5.48631,228.99101
2812,2025-10-25 04:00:00+05:30,0.9178235,191.30989,5.2939587,252.18102
2813,2025-10-25 05:00:00+05:30,1.8,360.0,5.6521144,350.8377
2814,2025-10-25 06:00:00+05:30,5.9644947,354.80566,9.3876505,4.398633
2815,2025-10-25 07:00:00+05:30,5.0688457,353.88458,9.914717,3.1220706
2816,2025-10-25 08:00:00+05:30,6.0721655,11.976112,8.209263,15.255177
2817,2025-10-25 09:00:00+05:30,7.6388745,34.43906,10.152064,37.073162
2818,2025-10-25 10:00:00+05:30,7.596341,36.326923,10.009036,37.694313
2819,2025-10-25 11:00:00+05:30,6.945761,31.218353,9.044888,31.159245
2820,2025-10-25 12:00:00+05:30,6.037383,26.564985,7.729527,27.758451
2821,2025-10-25 13:00:00+05:30,5.318383,23.962492,7.0038276,25.90646
2822,2025-10-25 14:00:00+05:30,5.7204895,24.145542,7.406295,25.942251
2823,2025-10-25 15:00:00+05:30,4.991553,25.640957,7.0038276,25.90646
2824,2025-10-25 16:00:00+05:30,1.8,53.13002,4.863332,51.009003
2825,2025-10-25 17:00:00+05:30,5.904439,127.568665,12.800266,115.84434
2826,2025-10-25 18:00:00+05:30,8.688613,166.82744,16.6896,163.71501
2827,2025-10-25 19:00:00+05:30,5.5799994,180.0,13.709573,176.23604
2828,2025-10-25 20:00:00+05:30,4.8733153,184.23631,13.379461,190.85637
2829,2025-10-25 21:00:00+05:30,3.550155,149.53453,9.178235,191.30989
2830,2025-10-25 22:00:00+05:30,4.1085763,151.1893,9.746631,184.23631
2831,2025-10-25 23:00:00+05:30,3.671294,168.69011,8.536252,204.94388
2832,2025-10-26 00:00:00+05:30,1.8089776,185.7105,7.1321807,227.04541
2833,2025-10-26 01:00:00+05:30,0.9,270.0,6.206738,253.14151
2834,2025-10-26 02:00:00+05:30,1.9386592,338.19852,5.8104043,286.18927
2835,2025-10-26 03:00:00+05:30,2.5455842,8.130019,4.8366103,315.0001
2836,2025-10-26 04:00:00+05:30,2.7238941,7.59456,5.495161,328.39255
2837,2025-10-26 05:00:00+05:30,2.3469126,355.60138,5.7628117,321.34018
2838,2025-10-26 06:00:00+05:30,4.503598,2.2905633,6.279395,332.7005
2839,2025-10-26 07:00:00+05:30,3.9763298,354.80566,6.8138976,347.79953
2840,2025-10-26 08:00:00+05:30,4.8899083,6.3401003,6.542201,7.907082
2841,2025-10-26 09:00:00+05:30,5.7431,32.195713,7.388775,34.07725
2842,2025-10-26 10:00:00+05:30,6.638072,40.601215,8.669949,41.63345
2843,2025-10-26 11:00:00+05:30,6.341009,34.592358,8.287822,34.3804
2844,2025-10-26 12:00:00+05:30,5.6492476,30.6506,7.256032,29.744795
2845,2025-10-26 13:00:00+05:30,5.1919937,33.6901,6.6405115,32.82854
2846,2025-10-26 14:00:00+05:30,5.7964473,25.769283,7.6473517,26.564985
2847,2025-10-26 15:00:00+05:30,4.991553,25.640957,7.329338,24.67685
2848,2025-10-26 16:00:00+05:30,1.7727944,66.037506,5.004518,52.3057
2849,2025-10-26 17:00:00+05:30,7.519175,101.0409,13.330941,87.67852
2850,2025-10-26 18:00:00+05:30,4.143911,124.3804,8.461914,119.29127
2851,2025-10-26 19:00:00+05:30,1.5484185,215.53777,4.0449963,200.85454
2852,2025-10-26 20:00:00+05:30,1.2979984,213.6901,5.2323985,220.81499
2853,2025-10-26 21:00:00+05:30,0.56920993,341.56494,3.7585104,253.30067
2854,2025-10-26 22:00:00+05:30,0.56920993,108.43504,3.189608,196.38962
2855,2025-10-26 23:00:00+05:30,2.0991426,120.96369,4.143911,177.5105
2856,2025-10-27 00:00:00+05:30,0.40249225,63.435013,1.3104197,285.94547
2857,2025-10-27 01:00:00+05:30,3.0811036,6.70975,5.9834766,338.83865
2858,2025-10-27 02:00:00+05:30,3.7842832,2.7262611,7.9465466,346.90808
2859,2025-10-27 03:00:00+05:30,3.9844694,18.435053,8.865799,5.8262515
2860,2025-10-27 04:00:00+05:30,4.1085763,28.810698,10.1456785,25.201094
2861,2025-10-27 05:00:00+05:30,4.3498964,24.443953,11.521406,28.96756
2862,2025-10-27 06:00:00+05:30,7.329338,24.67685,14.447172,30.718834
2863,2025-10-27 07:00:00+05:30,5.95906,25.016869,13.4903965,31.357033
2864,2025-10-27 08:00:00+05:30,6.391901,32.347424,9.187056,34.624226
2865,2025-10-27 09:00:00+05:30,7.282774,50.013176,9.726664,51.009003
2866,2025-10-27 10:00:00+05:30,8.65873,69.30447,11.503113,69.86362
2867,2025-10-27 11:00:00+05:30,7.6579366,60.42226,9.826088,61.55718
2868,2025-10-27 12:00:00+05:30,6.725354,74.47583,8.951267,74.84589
2869,2025-10-27 13:00:00+05:30,6.1226463,65.695465,7.989242,67.47939
2870,2025-10-27 14:00:00+05:30,5.6233797,50.194473,7.2,53.13002
2871,2025-10-27 15:00:00+05:30,5.5916004,33.178535,7.7043357,37.405437
2872,2025-10-27 16:00:00+05:30,4.7657523,10.885482,10.934166,20.224945
2873,2025-10-27 17:00:00+05:30,3.7971036,95.44024,9.114471,99.090195
2874,2025-10-27 18:00:00+05:30,4.68,90.0,11.521406,90.89516
2875,2025-10-27 19:00:00+05:30,5.12289,108.43504,13.276144,102.5288
2876,2025-10-27 20:00:00+05:30,4.452954,104.03627,12.810386,107.162
2877,2025-10-27 21:00:00+05:30,2.0991426,120.96369,8.6867485,124.019394
2878,2025-10-27 22:00:00+05:30,4.5536795,161.56496,11.903159,159.64668
2879,2025-10-27 23:00:00+05:30,1.0948973,80.53775,5.6060677,132.39738
2880,2025-10-28 00:00:00+05:30,1.8,53.13002,5.5916004,123.17853
2881,2025-10-28 01:00:00+05:30,1.8,36.86999,5.318383,113.962494
2882,2025-10-28 02:00:00+05:30,3.396233,32.005356,5.1544156,77.90526
2883,2025-10-28 03:00:00+05:30,5.00128,30.256361,9.220499,51.34017
2884,2025-10-28 04:00:00+05:30,5.3457265,44.999897,12.783802,57.652576
2885,2025-10-28 05:00:00+05:30,4.863332,51.009003,13.060857,60.25522
2886,2025-10-28 06:00:00+05:30,7.0107627,60.802605,13.779114,70.1447
2887,2025-10-28 07:00:00+05:30,5.634891,63.435013,12.810386,72.838
2888,2025-10-28 08:00:00+05:30,7.2805495,81.46932,10.158444,82.875084
2889,2025-10-28 09:00:00+05:30,10.1902895,107.47486,13.605189,107.71589
2890,2025-10-28 10:00:00+05:30,11.119281,119.05451,15.070633,119.32038
2891,2025-10-28 11:00:00+05:30,8.797931,120.76265,11.453715,120.191536
2892,2025-10-28 12:00:00+05:30,8.53815,124.69522,11.282711,123.94363
2893,2025-10-28 13:00:00+05:30,7.327127,117.824005,9.659814,116.56499
2894,2025-10-28 14:00:00+05:30,7.4346757,83.047134,9.914717,86.87794
2895,2025-10-28 15:00:00+05:30,8.936777,161.20001,13.121493,153.08353
2896,2025-10-28 16:00:00+05:30,3.3043609,299.35767,2.0124612,280.30478
2897,2025-10-28 17:00:00+05:30,3.143565,103.24053,9.7565975,119.87591
2898,2025-10-28 18:00:00+05:30,3.9763298,84.805664,10.435344,104.99513
2899,2025-10-28 19:00:00+05:30,4.2366967,102.26476,11.511559,116.96564
2900,2025-10-28 20:00:00+05:30,4.952453,109.09359,14.330079,122.691986
2901,2025-10-28 21:00:00+05:30,4.5536795,108.43504,12.979984,123.6901
2902,2025-10-28 22:00:00+05:30,4.445672,111.3707,12.284918,129.05313
2903,2025-10-28 23:00:00+05:30,5.232399,93.945114,14.039999,112.61991
2904,2025-10-29 00:00:00+05:30,4.5322843,83.15732,12.882267,105.39561
2905,2025-10-29 01:00:00+05:30,5.4029994,88.09089,15.602999,101.3099
2906,2025-10-29 02:00:00+05:30,5.8298883,81.11942,15.68584,93.28918
2907,2025-10-29 03:00:00+05:30,4.846648,158.19853,13.184308,141.09586
2908,2025-10-29 04:00:00+05:30,5.720489,192.72435,12.452566,184.14455
2909,2025-10-29 05:00:00+05:30,4.1556225,85.03035,12.9249525,102.87501
2910,2025-10-29 06:00:00+05:30,7.5685663,87.27374,14.508715,101.4493
2911,2025-10-29 07:00:00+05:30,14.021525,119.197395,22.998478,120.57915
2912,2025-10-29 08:00:00+05:30,13.83192,124.931015,19.67195,124.56259
2913,2025-10-29 09:00:00+05:30,9.473541,128.82983,13.044722,129.40063
2914,2025-10-29 10:00:00+05:30,8.790563,137.4896,12.351987,136.77144
2915,2025-10-29 11:00:00+05:30,7.0407386,147.52882,10.656547,142.54935
2916,2025-10-29 12:00:00+05:30,13.18308,145.0079,18.123774,145.52072
2917,2025-10-29 13:00:00+05:30,5.5916004,86.308685,9.927779,112.38018
2918,2025-10-29 14:00:00+05:30,3.2599385,83.659904,5.6920996,108.43504
2919,2025-10-29 15:00:00+05:30,4.3536186,60.255207,5.8631387,72.12121
2920,2025-10-29 16:00:00+05:30,6.1305785,130.23628,9.499158,117.05052
2921,2025-10-29 17:00:00+05:30,7.186487,67.93205,14.944336,80.99158
2922,2025-10-29 18:00:00+05:30,9.3962755,73.300674,18.568813,78.2544
2923,2025-10-29 19:00:00+05:30,7.2359104,84.2895,16.443174,95.02399
2924,2025-10-29 20:00:00+05:30,7.968939,71.564964,16.607864,85.64901
2925,2025-10-29 21:00:00+05:30,6.725354,74.47583,14.404499,88.56794
2926,2025-10-29 22:00:00+05:30,7.9036193,120.0685,16.584438,115.73065
2927,2025-10-29 23:00:00+05:30,9.659814,63.435013,17.134071,80.93358
2928,2025-10-30 00:00:00+05:30,7.6473517,63.435013,15.426535,78.55899
2929,2025-10-30 01:00:00+05:30,5.4744864,99.46225,11.672275,107.03786
2930,2025-10-30 02:00:00+05:30,6.8919086,49.236485,11.726277,72.12121
2931,2025-10-30 03:00:00+05:30,11.226575,77.96942,20.929596,86.05489
2932,2025-10-30 04:00:00+05:30,10.337079,82.99883,20.01969,93.6084
2933,2025-10-30 05:00:00+05:30,1.8,126.86999,8.435069,129.80553
2934,2025-10-30 06:00:00+05:30,7.7420926,88.667816,13.708391,113.198616
2935,2025-10-30 07:00:00+05:30,7.3799996,90.0,10.920824,98.530685
2936,2025-10-30 08:00:00+05:30,7.486788,80.31129,9.979859,82.7469
2937,2025-10-30 09:00:00+05:30,7.458606,109.74693,9.997699,113.33407
2938,2025-10-30 10:00:00+05:30,6.8777895,137.12111,8.942214,139.89915
2939,2025-10-30 11:00:00+05:30,11.016824,184.6858,14.440443,184.28908
2940,2025-10-30 12:00:00+05:30,3.3092594,135.0001,4.965521,136.46873
2941,2025-10-30 13:00:00+05:30,0.40249225,26.564985,0.71999997,90.0
2942,2025-10-30 14:00:00+05:30,3.4623692,152.10283,4.3536186,150.2552
2943,2025-10-30 15:00:00+05:30,4.0449967,122.27562,8.863972,150.83249
2944,2025-10-30 16:00:00+05:30,4.1556225,94.96966,7.628263,109.290146
2945,2025-10-30 17:00:00+05:30,3.319036,77.4712,7.42159,140.90616
2946,2025-10-30 18:00:00+05:30,5.4119864,86.186005,10.962281,119.511406
2947,2025-10-30 19:00:00+05:30,4.3349743,85.23644,10.094454,121.13891
2948,2025-10-30 20:00:00+05:30,4.2366967,102.26476,11.074023,134.34154
2949,2025-10-30 21:00:00+05:30,3.9477081,114.22774,10.717182,150.85202
2950,2025-10-30 22:00:00+05:30,4.2021427,136.73567,11.503113,159.86362
2951,2025-10-30 23:00:00+05:30,6.12,180.0,15.172407,184.76355
