,date,wind_speed_10m,wind_direction_10m,wind_speed_100m,wind_direction_100m
0,2025-06-30 00:00:00+05:30,6.320538,340.0168,12.431734,357.5105
1,2025-06-30 01:00:00+05:30,8.133928,335.13632,14.474059,349.24908
2,2025-06-30 02:00:00+05:30,7.208994,2.8623457,12.487641,15.037868
3,2025-06-30 03:00:00+05:30,7.8087645,25.974339,13.943901,39.23735
4,2025-06-30 04:00:00+05:30,6.696387,53.74608,13.121493,63.083534
5,2025-06-30 05:00:00+05:30,9.335737,70.866264,16.946787,77.735245
6,2025-06-30 06:00:00+05:30,11.592895,64.23073,15.955151,66.03751
7,2025-06-30 07:00:00+05:30,11.351422,75.302635,15.542662,76.60749
8,2025-06-30 08:00:00+05:30,12.662843,84.2895,16.981165,85.135574
9,2025-06-30 09:00:00+05:30,11.745604,74.89885,15.329618,74.33178
10,2025-06-30 10:00:00+05:30,12.758432,73.61038,16.6896,73.71501
11,2025-06-30 11:00:00+05:30,12.346741,82.46065,16.343367,82.40546
12,2025-06-30 12:00:00+05:30,16.248924,129.15543,22.433662,128.15727
13,2025-06-30 13:00:00+05:30,8.083983,101.560104,10.661107,101.68935
14,2025-06-30 14:00:00+05:30,11.276968,118.61037,14.110209,119.83545
15,2025-06-30 15:00:00+05:30,13.672893,159.17903,20.991426,157.8336
16,2025-06-30 16:00:00+05:30,11.052058,142.94339,15.156384,142.72174
17,2025-06-30 17:00:00+05:30,10.233123,140.71062,14.428097,139.55385
18,2025-06-30 18:00:00+05:30,6.9247384,117.89718,14.148046,126.7242
19,2025-06-30 19:00:00+05:30,9.703319,130.48593,18.35647,138.17992
20,2025-06-30 20:00:00+05:30,9.3962755,106.699326,17.95765,118.10618
21,2025-06-30 21:00:00+05:30,10.070353,114.27443,19.022177,119.4758
22,2025-06-30 22:00:00+05:30,9.178235,115.55992,17.688606,121.26367
23,2025-06-30 23:00:00+05:30,10.075177,108.75875,18.75631,116.810875
24,2025-07-01 00:00:00+05:30,10.564941,103.799515,19.902824,114.01511
25,2025-07-01 01:00:00+05:30,10.474082,109.0578,20.12461,116.56499
26,2025-07-01 02:00:00+05:30,11.063778,111.97456,20.929594,116.56499
27,2025-07-01 03:00:00+05:30,11.51578,114.96276,21.210232,120.04635
28,2025-07-01 04:00:00+05:30,12.397806,115.820946,22.259676,120.0896
29,2025-07-01 05:00:00+05:30,11.841756,109.53674,20.067375,113.80595
30,2025-07-01 06:00:00+05:30,13.78029,113.886505,21.01071,117.00401
31,2025-07-01 07:00:00+05:30,15.931779,122.07397,21.868332,122.90524
32,2025-07-01 08:00:00+05:30,17.823637,123.048134,24.162947,123.45334
33,2025-07-01 09:00:00+05:30,17.134071,121.68632,23.06881,122.57404
34,2025-07-01 10:00:00+05:30,18.671474,123.996506,25.068514,125.0595
35,2025-07-01 11:00:00+05:30,14.941083,126.17972,20.08916,126.25393
36,2025-07-01 12:00:00+05:30,18.623693,122.76849,25.762016,123.02388
37,2025-07-01 13:00:00+05:30,14.827893,123.11135,20.01969,123.261444
38,2025-07-01 14:00:00+05:30,19.267569,150.32161,26.434887,150.64235
39,2025-07-01 15:00:00+05:30,12.108261,138.01286,16.985933,139.72806
40,2025-07-01 16:00:00+05:30,11.753877,117.34979,16.1198,119.42737
41,2025-07-01 17:00:00+05:30,13.287122,125.628,19.334715,125.90981
42,2025-07-01 18:00:00+05:30,10.656547,127.45065,19.119015,131.94704
43,2025-07-01 19:00:00+05:30,8.322932,111.57137,16.947744,120.65059
44,2025-07-01 20:00:00+05:30,9.178235,115.55992,18.434847,125.862946
45,2025-07-01 21:00:00+05:30,9.505977,108.77813,18.689688,118.78652
46,2025-07-01 22:00:00+05:30,10.30883,114.775116,20.652988,120.3642
47,2025-07-01 23:00:00+05:30,8.958504,112.4428,18.57143,123.53607
48,2025-07-02 00:00:00+05:30,9.021574,118.61037,18.504139,127.09292
49,2025-07-02 01:00:00+05:30,8.536252,114.94388,17.726116,122.56042
50,2025-07-02 02:00:00+05:30,9.430695,113.62939,18.800308,120.49328
51,2025-07-02 03:00:00+05:30,9.927779,112.38018,18.998316,117.05052
52,2025-07-02 04:00:00+05:30,10.088033,105.52418,19.36151,110.11972
53,2025-07-02 05:00:00+05:30,11.298495,112.47948,19.486609,115.14475
54,2025-07-02 06:00:00+05:30,11.052058,106.07365,17.703253,108.987724
55,2025-07-02 07:00:00+05:30,12.69351,108.178116,17.5931,109.73278
56,2025-07-02 08:00:00+05:30,13.752048,104.40006,18.25026,104.85866
57,2025-07-02 09:00:00+05:30,14.458382,108.886185,19.18246,108.605064
58,2025-07-02 10:00:00+05:30,14.256409,114.62355,18.532133,114.07549
59,2025-07-02 11:00:00+05:30,13.040997,116.21132,17.065859,116.29472
60,2025-07-02 12:00:00+05:30,12.472065,110.26578,16.516901,110.409966
61,2025-07-02 13:00:00+05:30,11.7662735,119.30991,15.159591,119.91356
62,2025-07-02 14:00:00+05:30,9.914717,105.80258,12.487641,105.03787
63,2025-07-02 15:00:00+05:30,17.907963,129.2894,24.874542,131.18584
64,2025-07-02 16:00:00+05:30,6.5248446,155.55606,8.854829,153.43501
65,2025-07-02 17:00:00+05:30,8.29173,152.87878,11.431062,153.8385
66,2025-07-02 18:00:00+05:30,7.256032,113.38525,13.905509,111.25058
67,2025-07-02 19:00:00+05:30,4.599695,120.57915,11.679213,114.5901
68,2025-07-02 20:00:00+05:30,1.0495713,149.03632,5.5916004,123.17853
69,2025-07-02 21:00:00+05:30,5.8048253,119.74479,12.492829,126.20955
70,2025-07-02 22:00:00+05:30,5.876938,130.0302,11.466438,137.54485
71,2025-07-02 23:00:00+05:30,5.0528407,94.08554,7.729527,117.75845
72,2025-07-03 00:00:00+05:30,5.7628117,128.65984,10.703569,137.72638
73,2025-07-03 01:00:00+05:30,8.242743,121.60746,14.113652,127.74687
74,2025-07-03 02:00:00+05:30,8.534353,117.64589,14.447172,120.718834
75,2025-07-03 03:00:00+05:30,8.305396,119.89881,14.508715,127.438644
76,2025-07-03 04:00:00+05:30,9.906544,114.70241,16.701244,120.43416
77,2025-07-03 05:00:00+05:30,10.310402,135.70723,18.254698,139.39879
78,2025-07-03 06:00:00+05:30,10.883676,145.78424,15.176678,146.12143
79,2025-07-03 07:00:00+05:30,8.149847,136.78989,10.583326,138.44748
80,2025-07-03 08:00:00+05:30,12.744457,143.61555,16.928614,144.958
81,2025-07-03 09:00:00+05:30,11.854062,138.07755,15.561413,138.75183
82,2025-07-03 10:00:00+05:30,11.500296,140.07967,14.84318,140.90616
83,2025-07-03 11:00:00+05:30,11.1090765,139.60017,14.174356,139.63554
84,2025-07-03 12:00:00+05:30,11.43248,123.43989,14.731435,125.04945
85,2025-07-03 13:00:00+05:30,17.389341,143.84172,24.408424,142.792
86,2025-07-03 14:00:00+05:30,9.227524,159.44388,12.303366,159.44388
87,2025-07-03 15:00:00+05:30,6.8423676,144.63745,8.936778,145.66972
88,2025-07-03 16:00:00+05:30,12.157663,154.57317,16.267857,155.13632
89,2025-07-03 17:00:00+05:30,11.734564,138.73149,17.86449,139.08571
90,2025-07-03 18:00:00+05:30,7.056826,142.25313,14.25641,142.69597
91,2025-07-03 19:00:00+05:30,4.978554,130.60121,11.738705,144.3601
92,2025-07-03 20:00:00+05:30,5.6521144,127.23492,12.362475,137.95085
93,2025-07-03 21:00:00+05:30,5.904439,142.43134,12.7279215,151.2603
94,2025-07-03 22:00:00+05:30,5.991594,147.26479,13.472372,157.20345
95,2025-07-03 23:00:00+05:30,5.3517847,132.27362,11.594292,152.24155
96,2025-07-04 00:00:00+05:30,7.1321807,132.95459,12.74954,149.4525
97,2025-07-04 01:00:00+05:30,5.3457265,135.0001,10.304114,152.98741
98,2025-07-04 02:00:00+05:30,1.659518,192.5288,6.1569467,195.25517
99,2025-07-04 03:00:00+05:30,1.9386592,21.801476,1.6299692,353.6599
100,2025-07-04 04:00:00+05:30,5.896202,148.73633,7.4932766,155.89777
101,2025-07-04 05:00:00+05:30,7.0843205,117.216034,9.252069,142.90709
102,2025-07-04 06:00:00+05:30,1.4058449,129.80553,2.0124612,169.6952
103,2025-07-04 07:00:00+05:30,0.54,360.0,0.71999997,360.0
104,2025-07-04 08:00:00+05:30,1.8,360.0,2.16,360.0
105,2025-07-04 09:00:00+05:30,1.484318,194.03627,1.9386592,201.80147
106,2025-07-04 10:00:00+05:30,2.2768397,251.56496,2.9301877,259.3804
107,2025-07-04 11:00:00+05:30,5.9427266,215.13428,7.0934615,215.70677
108,2025-07-04 12:00:00+05:30,6.452441,210.1413,7.9383874,212.9694
109,2025-07-04 13:00:00+05:30,3.3092594,135.0001,4.802999,167.00539
110,2025-07-04 14:00:00+05:30,1.9134263,228.81418,2.7475805,238.39255
111,2025-07-04 15:00:00+05:30,9.979859,187.2531,13.31635,189.33493
112,2025-07-04 16:00:00+05:30,10.6261,181.94144,14.33347,187.21417
113,2025-07-04 17:00:00+05:30,10.1376915,173.8846,14.417988,177.13765
114,2025-07-04 18:00:00+05:30,6.542201,172.09293,11.570515,185.35573
115,2025-07-04 19:00:00+05:30,6.302571,181.63654,12.168319,187.65056
116,2025-07-04 20:00:00+05:30,5.634891,153.43501,11.013882,168.69011
117,2025-07-04 21:00:00+05:30,7.3997297,138.94528,13.878689,146.10379
118,2025-07-04 22:00:00+05:30,8.338489,147.3391,16.053335,149.6974
119,2025-07-04 23:00:00+05:30,8.0599,156.29735,15.655861,160.52333
120,2025-07-05 00:00:00+05:30,8.709098,161.93944,16.733225,168.2066
121,2025-07-05 01:00:00+05:30,7.1661706,168.40785,14.949756,177.93001
122,2025-07-05 02:00:00+05:30,6.489992,160.55988,13.917154,174.80566
123,2025-07-05 03:00:00+05:30,6.1437774,148.17259,11.811622,172.11696
124,2025-07-05 04:00:00+05:30,9.36173,181.10168,16.276815,190.19144
125,2025-07-05 05:00:00+05:30,12.632101,212.78427,20.699999,216.86998
126,2025-07-05 06:00:00+05:30,7.7734165,137.81563,13.337016,158.62932
127,2025-07-05 07:00:00+05:30,5.7204895,155.85446,10.8955765,172.40544
128,2025-07-05 08:00:00+05:30,5.8048253,187.12492,7.731622,192.09474
129,2025-07-05 09:00:00+05:30,3.2048087,218.15727,4.471107,220.10085
130,2025-07-05 10:00:00+05:30,4.278551,165.37909,5.4744864,170.53775
131,2025-07-05 11:00:00+05:30,5.509882,141.63248,7.1389914,146.3099
132,2025-07-05 12:00:00+05:30,6.341009,145.40765,8.149847,149.47037
133,2025-07-05 13:00:00+05:30,6.830519,161.56496,8.538149,161.56496
134,2025-07-05 14:00:00+05:30,14.224556,141.67984,18.832165,144.33492
135,2025-07-05 15:00:00+05:30,11.841756,160.46326,16.224981,162.57005
136,2025-07-05 16:00:00+05:30,7.8149853,141.54626,10.261579,142.12495
137,2025-07-05 17:00:00+05:30,5.2939587,162.18102,7.8625183,164.05453
138,2025-07-05 18:00:00+05:30,2.2553935,151.38963,5.8048253,172.87508
139,2025-07-05 19:00:00+05:30,3.06,208.07239,7.8087645,205.97433
140,2025-07-05 20:00:00+05:30,2.6208394,344.05453,4.5891175,334.44006
141,2025-07-05 21:00:00+05:30,3.4247334,86.98728,7.388775,87.20736
142,2025-07-05 22:00:00+05:30,4.5891175,115.55992,11.119281,119.05451
143,2025-07-05 23:00:00+05:30,5.004518,127.694305,12.218805,135.0001
144,2025-07-06 00:00:00+05:30,3.710795,112.833694,9.67657,133.49263
145,2025-07-06 01:00:00+05:30,2.8799999,90.0,6.9153743,128.65984
146,2025-07-06 02:00:00+05:30,5.9834766,111.16133,10.990322,121.60746
147,2025-07-06 03:00:00+05:30,6.854195,119.93143,12.5807,123.91747
148,2025-07-06 04:00:00+05:30,10.185519,136.43204,16.755476,140.6673
149,2025-07-06 05:00:00+05:30,8.019601,134.09071,12.616702,137.89134
150,2025-07-06 06:00:00+05:30,7.922045,88.69808,11.165805,88.15243
151,2025-07-06 07:00:00+05:30,15.096411,129.19327,20.556284,127.171005
152,2025-07-06 08:00:00+05:30,9.418661,153.9247,12.570394,150.8658
153,2025-07-06 09:00:00+05:30,6.9527545,111.25058,8.827344,110.28265
154,2025-07-06 10:00:00+05:30,12.0694,107.35411,15.430736,106.9554
155,2025-07-06 11:00:00+05:30,11.866355,112.28564,15.342294,112.05112
156,2025-07-06 12:00:00+05:30,10.920824,98.530685,13.701299,99.8335
157,2025-07-06 13:00:00+05:30,8.6867485,84.05324,11.196231,85.38944
158,2025-07-06 14:00:00+05:30,7.596341,126.32692,10.587918,125.311295
159,2025-07-06 15:00:00+05:30,5.2200003,90.0,6.8423676,91.50741
160,2025-07-06 16:00:00+05:30,6.603817,72.55273,8.766573,70.8209
161,2025-07-06 17:00:00+05:30,8.089993,69.14546,11.043261,70.974304
162,2025-07-06 18:00:00+05:30,5.506941,101.3099,11.571914,105.33334
163,2025-07-06 19:00:00+05:30,6.519877,83.659904,13.510796,92.29056
164,2025-07-06 20:00:00+05:30,3.4763772,68.74943,9.403169,84.507774
165,2025-07-06 21:00:00+05:30,6.522361,50.59937,13.060857,60.25522
166,2025-07-06 22:00:00+05:30,5.876938,40.030197,12.638512,54.272507
167,2025-07-06 23:00:00+05:30,7.889258,55.222095,16.42346,62.592525
168,2025-07-07 00:00:00+05:30,8.9873905,57.264786,16.516901,69.59004
169,2025-07-07 01:00:00+05:30,11.013882,78.6901,19.003431,84.01949
170,2025-07-07 02:00:00+05:30,10.182337,81.86999,18.36353,88.876724
171,2025-07-07 03:00:00+05:30,9.080639,76.2392,16.478603,83.72902
172,2025-07-07 04:00:00+05:30,10.5234585,77.1523,18.532133,82.1848
173,2025-07-07 05:00:00+05:30,10.7714615,80.38034,18.044046,85.9959
174,2025-07-07 06:00:00+05:30,9.243311,96.70974,14.669724,96.340096
175,2025-07-07 07:00:00+05:30,11.196231,94.610565,14.275713,95.06353
176,2025-07-07 08:00:00+05:30,10.742848,98.673096,14.411245,99.344604
177,2025-07-07 09:00:00+05:30,12.189602,106.29412,16.071491,105.59287
178,2025-07-07 10:00:00+05:30,11.351422,117.37762,14.650938,116.25018
179,2025-07-07 11:00:00+05:30,11.837652,118.12364,14.973577,117.18103
180,2025-07-07 12:00:00+05:30,10.086427,92.045364,13.709573,93.76396
181,2025-07-07 13:00:00+05:30,7.6367526,81.86999,10.478722,85.07298
182,2025-07-07 14:00:00+05:30,10.644379,93.87845,13.88919,93.71522
183,2025-07-07 15:00:00+05:30,9.044888,95.7105,13.060857,97.12492
184,2025-07-07 16:00:00+05:30,9.734987,109.440125,13.841286,110.55613
185,2025-07-07 17:00:00+05:30,6.66,108.92474,11.995349,115.79598
186,2025-07-07 18:00:00+05:30,4.896529,107.10281,10.474082,109.0578
187,2025-07-07 19:00:00+05:30,3.62243,116.56499,9.826088,118.442825
188,2025-07-07 20:00:00+05:30,2.6758924,70.346085,6.5024605,94.76356
189,2025-07-07 21:00:00+05:30,3.189608,73.61038,7.579261,85.91447
190,2025-07-07 22:00:00+05:30,3.4388947,42.878906,7.329338,65.32315
191,2025-07-07 23:00:00+05:30,3.06,28.072395,5.8409934,56.309914
192,2025-07-08 00:00:00+05:30,5.297018,9.782338,9.83268,23.749514
193,2025-07-08 01:00:00+05:30,8.163749,14.036275,15.256526,19.290138
194,2025-07-08 02:00:00+05:30,8.707237,29.744795,15.035119,31.787212
195,2025-07-08 03:00:00+05:30,9.178235,41.82009,16.045261,43.18173
196,2025-07-08 04:00:00+05:30,9.059205,40.971645,16.309628,47.683834
197,2025-07-08 05:00:00+05:30,8.461915,51.911175,14.447172,59.281166
198,2025-07-08 06:00:00+05:30,2.3469129,147.52882,4.471107,139.89915
199,2025-07-08 07:00:00+05:30,3.9640884,129.47243,5.3517847,132.27362
200,2025-07-08 08:00:00+05:30,5.495161,148.39255,7.0407386,147.52882
201,2025-07-08 09:00:00+05:30,3.381893,154.7989,4.445672,158.62932
202,2025-07-08 10:00:00+05:30,5.3939967,115.70991,6.9270773,114.56716
203,2025-07-08 11:00:00+05:30,5.072041,152.52565,6.279395,152.70052
204,2025-07-08 12:00:00+05:30,6.452441,157.01126,8.089993,159.14546
205,2025-07-08 13:00:00+05:30,8.649369,167.98854,10.874741,167.57407
206,2025-07-08 14:00:00+05:30,10.081606,181.02301,12.800265,183.22446
207,2025-07-08 15:00:00+05:30,12.638512,190.66974,16.520823,191.30989
208,2025-07-08 16:00:00+05:30,10.435344,194.99513,14.019216,195.6423
209,2025-07-08 17:00:00+05:30,13.723745,163.2287,19.533937,163.40182
210,2025-07-08 18:00:00+05:30,6.7853074,158.19853,13.210087,160.08351
211,2025-07-08 19:00:00+05:30,7.5942082,148.57048,15.056652,152.20966
212,2025-07-08 20:00:00+05:30,9.167638,133.4089,16.388897,141.2419
213,2025-07-08 21:00:00+05:30,7.587806,112.30626,14.041154,126.13547
214,2025-07-08 22:00:00+05:30,5.937272,104.03627,11.594292,117.75845
215,2025-07-08 23:00:00+05:30,5.5887027,104.93147,9.835975,124.56259
216,2025-07-09 00:00:00+05:30,6.4096174,141.84273,10.589448,148.20113
217,2025-07-09 01:00:00+05:30,7.771331,166.60748,12.959999,180.0
218,2025-07-09 02:00:00+05:30,10.134496,160.27763,16.607864,175.649
219,2025-07-09 03:00:00+05:30,11.113451,155.09526,19.694992,161.89615
220,2025-07-09 04:00:00+05:30,11.583109,147.05078,20.700783,151.4294
221,2025-07-09 05:00:00+05:30,12.181624,145.84026,21.017649,151.89874
222,2025-07-09 06:00:00+05:30,10.766949,141.78893,18.526888,147.6996
223,2025-07-09 07:00:00+05:30,12.156331,152.6762,18.65151,157.8905
224,2025-07-09 08:00:00+05:30,11.409785,173.6599,18.539999,180.0
225,2025-07-09 09:00:00+05:30,9.531505,169.11452,14.113653,174.14407
226,2025-07-09 10:00:00+05:30,13.41453,168.38855,18.709612,168.90631
227,2025-07-09 11:00:00+05:30,13.213764,155.87901,18.459436,156.43459
228,2025-07-09 12:00:00+05:30,13.737904,158.47734,18.687086,159.12091
229,2025-07-09 13:00:00+05:30,13.976394,172.6005,18.486622,173.29025
230,2025-07-09 14:00:00+05:30,14.474059,169.24908,20.334425,169.28693
231,2025-07-09 15:00:00+05:30,15.151039,170.42584,21.691305,170.92857
232,2025-07-09 16:00:00+05:30,12.525207,172.56868,19.719654,174.23746
233,2025-07-09 17:00:00+05:30,11.843124,155.77226,20.890083,161.40884
234,2025-07-09 18:00:00+05:30,9.826088,118.442825,18.9,126.86999
235,2025-07-09 19:00:00+05:30,11.745604,105.10115,21.868332,110.22495
236,2025-07-09 20:00:00+05:30,11.793777,105.945465,22.437273,110.17955
237,2025-07-09 21:00:00+05:30,11.165805,110.77233,21.498512,115.27769
238,2025-07-09 22:00:00+05:30,11.792404,121.26367,21.996117,126.68244
239,2025-07-09 23:00:00+05:30,13.130133,118.67305,23.763409,123.569725
240,2025-07-10 00:00:00+05:30,11.966953,111.16133,21.413193,116.99576
241,2025-07-10 01:00:00+05:30,11.897714,107.61267,21.295605,112.88067
242,2025-07-10 02:00:00+05:30,11.177405,104.93147,19.992968,110.55613
243,2025-07-10 03:00:00+05:30,12.224107,103.627014,21.016878,106.41731
244,2025-07-10 04:00:00+05:30,11.855429,120.0685,21.22016,124.63374
245,2025-07-10 05:00:00+05:30,12.886039,131.03525,22.019672,135.33116
246,2025-07-10 06:00:00+05:30,14.021525,131.87779,19.99297,133.17593
247,2025-07-10 07:00:00+05:30,13.125196,137.77924,18.491003,138.55183
248,2025-07-10 08:00:00+05:30,14.87153,141.88168,19.731974,144.27995
249,2025-07-10 09:00:00+05:30,12.535549,147.90744,16.63905,148.7174
250,2025-07-10 10:00:00+05:30,13.184308,147.82881,17.134071,148.31367
251,2025-07-10 11:00:00+05:30,10.337079,187.00117,16.208996,181.9091
252,2025-07-10 12:00:00+05:30,4.6938257,122.471176,7.8149853,128.45374
253,2025-07-10 13:00:00+05:30,10.120099,128.50069,13.935767,125.537766
254,2025-07-10 14:00:00+05:30,7.970972,186.48297,10.446206,178.02512
255,2025-07-10 15:00:00+05:30,10.134496,160.27763,15.086748,162.64589
256,2025-07-10 16:00:00+05:30,9.531505,100.88548,16.108742,108.23258
257,2025-07-10 17:00:00+05:30,9.621163,107.41806,18.72173,123.23173
258,2025-07-10 18:00:00+05:30,10.7714615,99.61966,20.102865,106.650185
259,2025-07-10 19:00:00+05:30,9.927779,112.38018,19.759048,120.0685
260,2025-07-10 20:00:00+05:30,8.473393,102.26476,17.468348,116.30096
261,2025-07-10 21:00:00+05:30,6.8138976,102.200455,15.778518,117.1496
262,2025-07-10 22:00:00+05:30,8.155807,112.036285,17.032604,125.537766
263,2025-07-10 23:00:00+05:30,10.094454,111.99118,19.72869,121.949936
264,2025-07-11 00:00:00+05:30,9.430694,103.24053,18.955631,112.912865
265,2025-07-11 01:00:00+05:30,8.209263,105.25517,16.670176,114.90475
266,2025-07-11 02:00:00+05:30,10.158444,97.12492,19.242327,107.41806
267,2025-07-11 03:00:00+05:30,10.261578,88.99494,19.222954,96.99184
268,2025-07-11 04:00:00+05:30,10.266314,87.99049,18.806337,95.49223
269,2025-07-11 05:00:00+05:30,10.644379,93.87845,18.968447,99.28348
270,2025-07-11 06:00:00+05:30,12.810386,107.162,19.125793,108.094
271,2025-07-11 07:00:00+05:30,13.53236,118.61037,18.116621,117.83799
272,2025-07-11 08:00:00+05:30,12.157663,115.426834,16.104721,115.13292
273,2025-07-11 09:00:00+05:30,11.525623,128.65984,15.013554,127.694305
274,2025-07-11 10:00:00+05:30,11.161451,142.206,14.4,143.13002
275,2025-07-11 11:00:00+05:30,11.079873,133.02507,14.128566,134.4839
276,2025-07-11 12:00:00+05:30,10.825469,132.97864,13.878688,133.42351
277,2025-07-11 13:00:00+05:30,11.666721,141.89238,16.560978,142.50728
278,2025-07-11 14:00:00+05:30,8.149847,120.529625,10.883676,124.21575
279,2025-07-11 15:00:00+05:30,9.847496,149.21593,13.060857,150.25522
280,2025-07-11 16:00:00+05:30,8.836514,146.63362,12.232057,147.01147
281,2025-07-11 17:00:00+05:30,7.16617,154.72232,10.1456785,154.7989
282,2025-07-11 18:00:00+05:30,3.5864744,107.52566,10.062305,132.82524
283,2025-07-11 19:00:00+05:30,5.0911684,98.13002,12.638513,116.20005
284,2025-07-11 20:00:00+05:30,6.830519,108.43504,15.095336,120.84652
285,2025-07-11 21:00:00+05:30,7.9383874,122.969406,17.823637,123.048134
286,2025-07-11 22:00:00+05:30,5.9427266,125.13428,15.021105,135.97093
287,2025-07-11 23:00:00+05:30,5.154415,114.775116,12.351987,136.77144
288,2025-07-12 00:00:00+05:30,6.482499,88.4089,13.091829,108.43504
289,2025-07-12 01:00:00+05:30,4.186693,115.46331,10.97262,131.00899
290,2025-07-12 02:00:00+05:30,6.87779,83.99109,12.535548,105.83246
291,2025-07-12 03:00:00+05:30,4.514377,85.42616,10.018743,107.78398
292,2025-07-12 04:00:00+05:30,6.3231,94.89901,14.018059,102.608604
293,2025-07-12 05:00:00+05:30,10.950452,115.301346,19.1588,116.80571
294,2025-07-12 06:00:00+05:30,7.9932966,125.837746,14.87153,128.11833
295,2025-07-12 07:00:00+05:30,11.196232,143.49847,14.835537,144.38142
296,2025-07-12 08:00:00+05:30,10.514218,128.04709,13.577776,128.54121
297,2025-07-12 09:00:00+05:30,9.044888,121.15924,11.545284,120.963684
298,2025-07-12 10:00:00+05:30,8.400428,135.0001,10.564941,135.6902
299,2025-07-12 11:00:00+05:30,8.461915,128.08882,10.739832,129.55963
300,2025-07-12 12:00:00+05:30,6.989936,124.50858,8.4963045,126.384445
301,2025-07-12 13:00:00+05:30,7.689603,122.57404,9.292255,121.534744
302,2025-07-12 14:00:00+05:30,8.452336,206.56499,11.043261,199.0257
303,2025-07-12 15:00:00+05:30,4.6800003,202.6199,6.0908127,198.9705
304,2025-07-12 16:00:00+05:30,5.7628117,165.52966,7.555712,167.61925
305,2025-07-12 17:00:00+05:30,6.9480934,126.57312,9.587428,129.6678
306,2025-07-12 18:00:00+05:30,3.1072817,190.00792,9.236298,146.92932
307,2025-07-12 19:00:00+05:30,4.1085763,151.1893,11.448055,143.31018
308,2025-07-12 20:00:00+05:30,4.7110505,136.54811,11.837652,151.87636
309,2025-07-12 21:00:00+05:30,6.28713,113.62939,12.346741,134.40942
310,2025-07-12 22:00:00+05:30,5.1919937,123.690094,12.855831,134.43282
311,2025-07-12 23:00:00+05:30,3.0758414,110.55613,8.790563,132.5104
312,2025-07-13 00:00:00+05:30,2.1674871,85.23644,6.502461,131.63345
313,2025-07-13 01:00:00+05:30,1.4058449,50.194473,4.2481523,126.384445
314,2025-07-13 02:00:00+05:30,3.7064266,29.054508,4.5891175,64.440094
315,2025-07-13 03:00:00+05:30,3.745557,35.217674,7.596341,53.67309
316,2025-07-13 04:00:00+05:30,5.7628117,51.34017,11.4862,57.804302
317,2025-07-13 05:00:00+05:30,5.1826253,69.67678,10.534229,73.11313
318,2025-07-13 06:00:00+05:30,5.4744864,62.59251,8.513448,76.55138
319,2025-07-13 07:00:00+05:30,6.9899354,78.11137,9.430694,76.75947
320,2025-07-13 08:00:00+05:30,4.991553,64.35905,6.452441,67.01126
321,2025-07-13 09:00:00+05:30,8.035746,74.407135,10.041354,75.46551
322,2025-07-13 10:00:00+05:30,7.628263,70.70986,9.565437,70.20104
323,2025-07-13 11:00:00+05:30,5.950899,86.531845,7.415038,84.4279
324,2025-07-13 12:00:00+05:30,5.7204895,114.14554,6.763786,115.20109
325,2025-07-13 13:00:00+05:30,11.448055,126.68982,13.608762,127.47626
326,2025-07-13 14:00:00+05:30,11.989946,144.16226,16.199999,143.13002
327,2025-07-13 15:00:00+05:30,5.0911684,188.13002,6.542201,187.90707
328,2025-07-13 16:00:00+05:30,2.7059932,86.186005,3.06,90.0
329,2025-07-13 17:00:00+05:30,2.19718,145.0079,3.244996,146.3099
330,2025-07-13 18:00:00+05:30,6.320538,109.98319,13.18308,124.992096
331,2025-07-13 19:00:00+05:30,1.9134263,138.81418,7.127636,135.0001
332,2025-07-13 20:00:00+05:30,2.1068459,19.983198,4.5536795,71.564964
333,2025-07-13 21:00:00+05:30,2.6208394,15.945477,4.6102495,51.34017
334,2025-07-13 22:00:00+05:30,6.015878,51.072456,11.414043,52.045715
335,2025-07-13 23:00:00+05:30,8.65873,43.315353,16.176983,47.254597
336,2025-07-14 00:00:00+05:30,8.274128,45.88132,15.489414,51.132217
337,2025-07-14 01:00:00+05:30,6.696387,53.74608,13.83192,55.06899
338,2025-07-14 02:00:00+05:30,6.9247384,27.897186,13.789691,35.972492
339,2025-07-14 03:00:00+05:30,8.93859,25.016869,15.697197,26.564985
340,2025-07-14 04:00:00+05:30,11.989946,54.16227,21.744267,53.414597
341,2025-07-14 05:00:00+05:30,12.13499,57.72439,21.103033,61.467648
342,2025-07-14 06:00:00+05:30,17.856325,37.21653,29.74306,38.118332
343,2025-07-14 07:00:00+05:30,13.243156,31.097254,23.264608,33.32123
344,2025-07-14 08:00:00+05:30,14.1102085,23.294596,24.162947,28.474106
345,2025-07-14 09:00:00+05:30,17.01738,23.039474,27.61519,27.567125
346,2025-07-14 10:00:00+05:30,18.171976,33.6901,25.344229,36.62584
347,2025-07-14 11:00:00+05:30,17.229301,32.195713,22.964642,33.81467
348,2025-07-14 12:00:00+05:30,18.59845,47.353336,26.117373,47.51386
349,2025-07-14 13:00:00+05:30,13.841286,339.44388,20.334425,349.28693
350,2025-07-14 14:00:00+05:30,14.857362,340.9064,20.650637,345.35806
351,2025-07-14 15:00:00+05:30,15.94601,331.69934,23.67325,334.79892
352,2025-07-14 16:00:00+05:30,11.028581,296.1468,17.460928,307.46063
353,2025-07-14 17:00:00+05:30,12.991212,273.9724,22.14,282.6804
354,2025-07-14 18:00:00+05:30,9.585739,235.71307,16.759342,245.91255
355,2025-07-14 19:00:00+05:30,10.1902895,215.65541,18.212051,222.99747
356,2025-07-14 20:00:00+05:30,10.385547,205.67677,18.971008,213.38853
357,2025-07-14 21:00:00+05:30,8.139901,198.03438,15.779543,205.6881
358,2025-07-14 22:00:00+05:30,6.9899354,191.88864,13.737904,201.52266
359,2025-07-14 23:00:00+05:30,8.836514,176.49654,16.084589,185.13629
360,2025-07-15 00:00:00+05:30,9.9,180.0,17.571909,186.46973
361,2025-07-15 01:00:00+05:30,10.086427,182.04536,18.258247,189.64798
362,2025-07-15 02:00:00+05:30,10.285232,175.9859,18.72346,181.10168
363,2025-07-15 03:00:00+05:30,14.561099,171.46931,23.158524,174.20088
364,2025-07-15 04:00:00+05:30,16.595179,183.73132,27.51116,186.00891
365,2025-07-15 05:00:00+05:30,14.721535,191.99687,24.849129,195.54639
366,2025-07-15 06:00:00+05:30,15.743571,202.1664,26.97899,204.85521
367,2025-07-15 07:00:00+05:30,14.766584,189.11778,24.623184,193.52834
368,2025-07-15 08:00:00+05:30,13.350371,176.13461,21.96,180.0
369,2025-07-15 09:00:00+05:30,11.879999,180.0,18.57143,183.33379
370,2025-07-15 10:00:00+05:30,12.616703,194.03627,17.208603,195.78082
371,2025-07-15 11:00:00+05:30,12.534257,192.43954,16.766108,194.93147
372,2025-07-15 12:00:00+05:30,12.641076,199.9832,16.011908,201.08383
373,2025-07-15 13:00:00+05:30,14.581113,179.2927,21.67487,184.76355
374,2025-07-15 14:00:00+05:30,14.512064,150.2552,20.718773,150.31696
375,2025-07-15 15:00:00+05:30,12.189602,163.70589,17.594023,166.39024
376,2025-07-15 16:00:00+05:30,12.007498,167.00539,16.810495,167.00539
377,2025-07-15 17:00:00+05:30,10.739833,166.42955,16.956345,170.83772
378,2025-07-15 18:00:00+05:30,13.37825,156.19405,23.241617,163.81073
379,2025-07-15 19:00:00+05:30,11.39842,158.70258,21.118382,161.10165
380,2025-07-15 20:00:00+05:30,11.91812,154.98314,22.437273,159.82045
381,2025-07-15 21:00:00+05:30,11.808878,142.43134,22.075516,147.99466
382,2025-07-15 22:00:00+05:30,11.583108,134.37048,21.786694,141.7098
383,2025-07-15 23:00:00+05:30,14.083778,141.22581,25.26228,145.74374
384,2025-07-16 00:00:00+05:30,13.581354,145.25676,24.425013,150.41234
385,2025-07-16 01:00:00+05:30,13.0447235,152.02061,23.801554,157.31343
386,2025-07-16 02:00:00+05:30,12.800266,154.15567,23.365358,158.77228
387,2025-07-16 03:00:00+05:30,13.237039,157.61983,23.913593,162.9289
388,2025-07-16 04:00:00+05:30,10.534229,160.0168,20.605873,165.84233
389,2025-07-16 05:00:00+05:30,12.241323,162.89719,22.45315,167.96942
390,2025-07-16 06:00:00+05:30,14.003029,162.03076,23.799513,167.33018
391,2025-07-16 07:00:00+05:30,13.040997,153.78868,18.789965,156.87346
392,2025-07-16 08:00:00+05:30,14.84318,157.1663,20.423456,157.72969
393,2025-07-16 09:00:00+05:30,20.457537,158.85384,27.346378,157.14803
394,2025-07-16 10:00:00+05:30,12.093534,175.7322,16.801823,175.08353
395,2025-07-16 11:00:00+05:30,9.224011,174.40076,12.145665,173.19104
396,2025-07-16 12:00:00+05:30,18.561832,182.77911,24.342628,183.39127
397,2025-07-16 13:00:00+05:30,12.886039,167.90526,17.688606,167.66092
398,2025-07-16 14:00:00+05:30,10.874741,155.55606,14.607751,157.54301
399,2025-07-16 15:00:00+05:30,13.339445,176.906,18.913708,177.8184
400,2025-07-16 16:00:00+05:30,15.664136,178.68312,23.046328,178.65741
401,2025-07-16 17:00:00+05:30,12.535548,164.16754,20.38773,166.2091
402,2025-07-16 18:00:00+05:30,8.187527,146.65927,16.833609,155.35324
403,2025-07-16 19:00:00+05:30,6.6185193,157.61983,15.767219,161.35811
404,2025-07-16 20:00:00+05:30,10.018743,162.21602,20.265795,167.692
405,2025-07-16 21:00:00+05:30,10.8015,156.42528,20.949713,162.49905
406,2025-07-16 22:00:00+05:30,10.717182,150.85202,20.991426,157.8336
407,2025-07-16 23:00:00+05:30,11.364259,150.59291,21.749481,155.55606
408,2025-07-17 00:00:00+05:30,10.495713,149.03632,20.728155,156.99738
409,2025-07-17 01:00:00+05:30,10.094454,148.86108,20.067375,156.19405
410,2025-07-17 02:00:00+05:30,9.668195,155.82089,19.586117,162.89719
411,2025-07-17 03:00:00+05:30,7.1684303,151.50446,16.279802,161.96562
412,2025-07-17 04:00:00+05:30,8.792405,157.10942,18.040453,167.90526
413,2025-07-17 05:00:00+05:30,8.748075,143.3658,16.645864,158.42863
414,2025-07-17 06:00:00+05:30,9.565437,160.20103,13.723745,163.2287
415,2025-07-17 07:00:00+05:30,11.832176,166.80939,16.24394,167.19574
416,2025-07-17 08:00:00+05:30,10.308831,167.90526,13.556282,169.28693
417,2025-07-17 09:00:00+05:30,11.525623,181.78987,14.949756,182.06999
418,2025-07-17 10:00:00+05:30,12.059999,180.0,15.661035,180.65852
419,2025-07-17 11:00:00+05:30,11.525623,178.21013,14.764389,178.60284
420,2025-07-17 12:00:00+05:30,11.003581,176.24835,13.88919,176.28479
421,2025-07-17 13:00:00+05:30,9.901636,178.95839,12.24,180.0
422,2025-07-17 14:00:00+05:30,10.094454,183.06642,12.620554,183.27042
423,2025-07-17 15:00:00+05:30,14.581111,151.22029,20.256998,157.53674
424,2025-07-17 16:00:00+05:30,10.7714615,189.61966,16.557064,191.92072
425,2025-07-17 17:00:00+05:30,9.266067,204.0755,14.74902,203.7495
426,2025-07-17 18:00:00+05:30,5.4029994,91.90912,11.276967,114.51963
427,2025-07-17 19:00:00+05:30,8.65873,110.69553,17.574675,122.87627
428,2025-07-17 20:00:00+05:30,8.967541,141.51978,19.0783,153.67677
429,2025-07-17 21:00:00+05:30,8.139901,161.96562,18.486622,173.29025
430,2025-07-17 22:00:00+05:30,7.989242,157.47939,18.0036,168.46541
431,2025-07-17 23:00:00+05:30,9.114471,170.9098,19.30117,176.25708
432,2025-07-18 00:00:00+05:30,7.9932976,172.23492,17.49337,176.46051
433,2025-07-18 01:00:00+05:30,9.3876505,175.60138,18.727785,178.34773
434,2025-07-18 02:00:00+05:30,9.36,180.0,18.23694,184.52873
435,2025-07-18 03:00:00+05:30,8.827344,182.33725,17.5931,187.05222
436,2025-07-18 04:00:00+05:30,6.037383,169.6952,14.224556,181.45018
437,2025-07-18 05:00:00+05:30,5.637765,163.30067,12.0653715,178.29022
438,2025-07-18 06:00:00+05:30,1.2727921,8.130019,2.2553935,241.38963
439,2025-07-18 07:00:00+05:30,5.5916004,176.30869,8.287822,177.5105
440,2025-07-18 08:00:00+05:30,12.033103,201.96062,15.978484,202.52061
441,2025-07-18 09:00:00+05:30,9.54,211.89075,12.383424,212.53505
442,2025-07-18 10:00:00+05:30,6.21717,202.1095,7.6579366,203.55228
443,2025-07-18 11:00:00+05:30,7.968939,198.43504,9.904906,199.09358
444,2025-07-18 12:00:00+05:30,8.775807,205.51382,10.787993,205.7099
445,2025-07-18 13:00:00+05:30,8.936778,214.33028,11.032987,213.6901
446,2025-07-18 14:00:00+05:30,8.244708,216.11943,10.120099,218.50067
447,2025-07-18 15:00:00+05:30,7.6473517,206.56499,9.7565975,209.8759
448,2025-07-18 16:00:00+05:30,5.8104043,196.18927,9.12513,194.85866
449,2025-07-18 17:00:00+05:30,7.1684303,231.1155,10.564941,224.3098
450,2025-07-18 18:00:00+05:30,8.477216,183.65215,17.134071,189.06642
451,2025-07-18 19:00:00+05:30,8.654986,196.9276,18.29459,203.79077
452,2025-07-18 20:00:00+05:30,7.4867883,207.18103,17.287498,211.37296
453,2025-07-18 21:00:00+05:30,7.0843205,207.21602,16.67892,209.0545
454,2025-07-18 22:00:00+05:30,6.5520988,195.94547,15.577022,202.4162
455,2025-07-18 23:00:00+05:30,8.101999,181.273,17.371632,190.14548
456,2025-07-19 00:00:00+05:30,9.708326,190.68486,18.947083,194.30031
457,2025-07-19 01:00:00+05:30,9.255571,193.49574,18.158602,197.89622
458,2025-07-19 02:00:00+05:30,8.049845,206.56499,17.311846,207.89719
459,2025-07-19 03:00:00+05:30,6.5223618,207.97939,14.827893,213.11134
460,2025-07-19 04:00:00+05:30,7.0015144,197.96924,15.137133,205.34613
461,2025-07-19 05:00:00+05:30,7.247096,194.38142,13.945064,203.58704
462,2025-07-19 06:00:00+05:30,7.771331,193.39252,13.83192,198.19925
463,2025-07-19 07:00:00+05:30,8.951267,195.15411,12.124307,198.16605
464,2025-07-19 08:00:00+05:30,8.305396,209.8988,10.589448,211.79887
465,2025-07-19 09:00:00+05:30,8.274128,225.8813,10.44,226.39711
466,2025-07-19 10:00:00+05:30,7.127636,224.9999,8.783189,225.83023
467,2025-07-19 11:00:00+05:30,6.989936,214.50858,8.39078,215.39488
468,2025-07-19 12:00:00+05:30,6.452441,202.98874,7.823272,203.02553
469,2025-07-19 13:00:00+05:30,6.5049515,194.4208,7.989243,194.34937
470,2025-07-19 14:00:00+05:30,6.6697226,176.906,8.461914,178.78116
471,2025-07-19 15:00:00+05:30,14.417988,177.13765,18.941954,176.186
472,2025-07-19 16:00:00+05:30,13.238261,191.76826,18.29459,193.07913
473,2025-07-19 17:00:00+05:30,11.328566,197.57135,16.507088,198.43504
474,2025-07-19 18:00:00+05:30,2.9024127,299.74478,6.889557,250.1447
475,2025-07-19 19:00:00+05:30,2.3051248,231.34016,8.027678,222.27362
476,2025-07-19 20:00:00+05:30,3.5864744,252.47433,9.396275,233.56905
477,2025-07-19 21:00:00+05:30,4.3536186,209.7448,10.783486,213.42484
478,2025-07-19 22:00:00+05:30,4.323748,182.3859,10.957847,194.26454
479,2025-07-19 23:00:00+05:30,5.1544156,192.09474,12.810386,199.70807
480,2025-07-20 00:00:00+05:30,7.9526596,185.19434,15.85329,192.45824
481,2025-07-20 01:00:00+05:30,8.287822,177.5105,16.801823,184.91647
482,2025-07-20 02:00:00+05:30,6.849467,183.01273,14.944336,189.00842
483,2025-07-20 03:00:00+05:30,6.4799995,180.0,14.056144,189.58287
484,2025-07-20 04:00:00+05:30,4.846648,158.19853,11.588701,173.75818
485,2025-07-20 05:00:00+05:30,5.95906,205.01686,11.113451,204.90474
486,2025-07-20 06:00:00+05:30,4.1046314,232.12495,6.4924874,226.12321
487,2025-07-20 07:00:00+05:30,6.050785,210.37904,8.0599,209.42737
488,2025-07-20 08:00:00+05:30,6.7565966,228.23979,8.669949,228.36655
489,2025-07-20 09:00:00+05:30,5.4656014,197.24155,6.4323244,197.92801
490,2025-07-20 10:00:00+05:30,4.2671766,152.35411,5.318383,156.0375
491,2025-07-20 11:00:00+05:30,0.40249225,296.56497,0.35999998,270.0
492,2025-07-20 12:00:00+05:30,0.71999997,360.0,0.56920993,18.435053
493,2025-07-20 13:00:00+05:30,3.9966488,7.7650824,4.73506,8.746089
494,2025-07-20 14:00:00+05:30,3.462369,8.97255,4.412754,11.76827
495,2025-07-20 15:00:00+05:30,2.3400002,67.3801,2.8460495,55.304783
496,2025-07-20 16:00:00+05:30,8.197414,109.23077,10.3621235,107.175995
497,2025-07-20 17:00:00+05:30,9.807935,137.2312,13.369771,136.63654
498,2025-07-20 18:00:00+05:30,2.9522195,232.43134,6.6624317,218.41809
499,2025-07-20 19:00:00+05:30,0.76367533,224.9999,4.913044,208.44283
500,2025-07-20 20:00:00+05:30,2.657668,331.69934,4.3498964,335.55606
501,2025-07-20 21:00:00+05:30,2.5959969,303.6901,3.3092597,292.3802
502,2025-07-20 22:00:00+05:30,1.8089776,264.2895,3.3092594,224.9999
503,2025-07-20 23:00:00+05:30,1.7727944,246.0375,5.5829024,200.77234
504,2025-07-21 00:00:00+05:30,2.3469126,274.39862,5.7402787,228.81418
505,2025-07-21 01:00:00+05:30,1.8532133,299.0545,4.991553,244.35904
506,2025-07-21 02:00:00+05:30,0.17999999,90.0,3.9477081,204.22774
507,2025-07-21 03:00:00+05:30,1.4058449,50.194473,2.0991426,149.03632
508,2025-07-21 04:00:00+05:30,2.3051248,51.34017,3.143565,103.24053
509,2025-07-21 05:00:00+05:30,1.835647,78.6901,3.2048087,141.84273
510,2025-07-21 06:00:00+05:30,7.327127,27.824009,10.534229,33.147007
511,2025-07-21 07:00:00+05:30,7.891311,44.999897,10.182337,44.999897
512,2025-07-21 08:00:00+05:30,6.2613096,71.564964,7.7420926,72.40749
513,2025-07-21 09:00:00+05:30,2.907989,111.801476,3.5455887,113.962494
514,2025-07-21 10:00:00+05:30,2.7059932,86.186005,3.244996,86.82024
515,2025-07-21 11:00:00+05:30,1.6299692,96.340096,1.8089776,95.7105
516,2025-07-21 12:00:00+05:30,2.0523157,105.25517,2.2768397,108.43504
517,2025-07-21 13:00:00+05:30,3.9966488,97.76508,4.73506,98.74608
518,2025-07-21 14:00:00+05:30,2.1897945,80.53775,2.5772078,77.90526
519,2025-07-21 15:00:00+05:30,5.6492476,157.52052,6.8541956,156.80139
520,2025-07-21 16:00:00+05:30,7.072878,165.2564,9.499157,170.18077
521,2025-07-21 17:00:00+05:30,6.849467,176.98727,10.261578,181.00507
522,2025-07-21 18:00:00+05:30,3.671294,191.30989,9.82279,193.78162
523,2025-07-21 19:00:00+05:30,4.1046314,195.25517,10.957847,194.26454
524,2025-07-21 20:00:00+05:30,5.2478566,202.1664,12.979984,199.44012
525,2025-07-21 21:00:00+05:30,6.1437774,211.82741,14.410121,205.92485
526,2025-07-21 22:00:00+05:30,6.444905,215.90982,14.634343,211.93065
527,2025-07-21 23:00:00+05:30,6.5248446,204.44394,15.141414,208.39293
528,2025-07-22 00:00:00+05:30,7.0199995,202.6199,16.019999,205.98918
529,2025-07-22 01:00:00+05:30,7.42159,202.8337,16.10472,207.99706
530,2025-07-22 02:00:00+05:30,5.0975285,227.86247,13.110376,224.44382
531,2025-07-22 03:00:00+05:30,5.00128,239.74365,12.936228,238.07916
532,2025-07-22 04:00:00+05:30,3.3092597,247.61981,9.668195,245.82089
533,2025-07-22 05:00:00+05:30,4.1046314,232.12495,9.4238205,241.47697
534,2025-07-22 06:00:00+05:30,3.9477081,204.22774,8.936778,214.33028
535,2025-07-22 07:00:00+05:30,4.965521,223.53127,7.001514,223.95847
536,2025-07-22 08:00:00+05:30,5.1919937,213.6901,6.8423676,215.36255
537,2025-07-22 09:00:00+05:30,5.3999996,180.0,6.6624317,181.54813
538,2025-07-22 10:00:00+05:30,5.7431,147.80429,7.193247,148.29861
539,2025-07-22 11:00:00+05:30,5.9427266,144.86572,7.289445,147.09476
540,2025-07-22 12:00:00+05:30,6.320538,160.0168,7.7983837,161.14674
541,2025-07-22 13:00:00+05:30,6.3639607,151.2603,7.889259,152.8504
542,2025-07-22 14:00:00+05:30,6.6185193,157.61983,8.2584505,159.59003
543,2025-07-22 15:00:00+05:30,7.029225,166.67546,8.825508,168.23174
544,2025-07-22 16:00:00+05:30,9.54,180.0,12.961249,180.7957
545,2025-07-22 17:00:00+05:30,16.343367,187.59456,25.182636,189.46225
546,2025-07-22 18:00:00+05:30,7.570707,198.00426,16.840345,190.46912
547,2025-07-22 19:00:00+05:30,7.1684303,208.49554,16.021011,207.42865
548,2025-07-22 20:00:00+05:30,5.12289,198.43504,12.886039,204.77512
549,2025-07-22 21:00:00+05:30,5.223103,181.97488,12.673074,191.4695
550,2025-07-22 22:00:00+05:30,5.4029994,181.9091,12.534257,192.43954
551,2025-07-22 23:00:00+05:30,5.5450516,193.13403,13.154786,196.69933
552,2025-07-23 00:00:00+05:30,4.613762,200.55612,12.71901,206.9276
553,2025-07-23 01:00:00+05:30,4.669604,207.55272,12.492829,216.20955
554,2025-07-23 02:00:00+05:30,5.004518,217.6943,12.86087,226.70131
555,2025-07-23 03:00:00+05:30,4.278551,202.24907,11.226575,221.09941
556,2025-07-23 04:00:00+05:30,3.550155,210.46547,9.361731,232.02834
557,2025-07-23 05:00:00+05:30,5.4029994,178.0909,9.179999,208.07239
558,2025-07-23 06:00:00+05:30,4.2366967,167.73524,8.12197,192.80426
559,2025-07-23 07:00:00+05:30,3.745557,215.21768,5.1481256,216.46933
560,2025-07-23 08:00:00+05:30,3.5455887,203.9625,4.510787,208.61037
561,2025-07-23 09:00:00+05:30,3.244996,123.6901,3.8521678,127.40543
562,2025-07-23 10:00:00+05:30,4.0249224,79.69521,4.942631,79.50858
563,2025-07-23 11:00:00+05:30,3.9763298,84.805664,4.7110505,83.41815
564,2025-07-23 12:00:00+05:30,2.6208394,105.945465,3.362677,105.52418
565,2025-07-23 13:00:00+05:30,1.9386592,111.801476,2.3400002,112.61991
566,2025-07-23 14:00:00+05:30,1.8,126.86999,2.1674871,131.63345
567,2025-07-23 15:00:00+05:30,4.978554,130.60121,5.983477,133.7812
568,2025-07-23 16:00:00+05:30,7.344794,143.97253,9.290511,144.46223
569,2025-07-23 17:00:00+05:30,15.443328,220.74608,22.303299,222.05588
570,2025-07-23 18:00:00+05:30,5.4119864,176.186,13.021106,174.44713
571,2025-07-23 19:00:00+05:30,7.968939,198.43504,17.423777,199.93262
572,2025-07-23 20:00:00+05:30,10.1902895,215.65541,20.917982,213.4166
573,2025-07-23 21:00:00+05:30,8.777654,241.85849,18.116621,242.16202
574,2025-07-23 22:00:00+05:30,7.579261,274.08554,15.849201,271.95245
575,2025-07-23 23:00:00+05:30,5.5916004,326.82147,12.362475,312.04913
576,2025-07-24 00:00:00+05:30,5.4833565,23.198618,10.441552,359.01227
577,2025-07-24 01:00:00+05:30,1.3104197,344.05453,5.771239,3.5762644
578,2025-07-24 02:00:00+05:30,3.6,306.86996,8.139901,324.9041
579,2025-07-24 03:00:00+05:30,2.0991426,329.03632,5.8631387,342.12122
580,2025-07-24 04:00:00+05:30,2.1897945,350.53775,6.302571,1.6365454
581,2025-07-24 05:00:00+05:30,4.942631,326.88864,8.4042845,350.13425
582,2025-07-24 06:00:00+05:30,2.97953,154.98314,2.4216523,138.01286
583,2025-07-24 07:00:00+05:30,2.4216523,221.98714,2.9301877,222.5104
584,2025-07-24 08:00:00+05:30,1.4512063,262.8751,1.9881649,275.19434
585,2025-07-24 09:00:00+05:30,1.1384199,71.564964,1.2074767,63.435013
586,2025-07-24 10:00:00+05:30,8.297589,40.601215,10.055864,44.27486
587,2025-07-24 11:00:00+05:30,4.186693,334.53668,4.724786,342.25522
588,2025-07-24 12:00:00+05:30,7.3094187,350.07382,8.885877,353.01904
589,2025-07-24 13:00:00+05:30,5.720489,12.7243595,6.9899354,11.888645
590,2025-07-24 14:00:00+05:30,7.6388745,55.560955,9.734988,56.3099
591,2025-07-24 15:00:00+05:30,6.361415,64.8852,8.0599,66.29735
592,2025-07-24 16:00:00+05:30,6.122647,88.31535,7.92,90.0
593,2025-07-24 17:00:00+05:30,4.6730714,105.64231,7.8149853,104.67644
594,2025-07-24 18:00:00+05:30,2.8174455,296.56497,5.4744864,313.66785
595,2025-07-24 19:00:00+05:30,4.991553,295.64096,9.793059,306.02747
596,2025-07-24 20:00:00+05:30,4.8366103,224.9999,7.7420926,268.66782
597,2025-07-24 21:00:00+05:30,3.96,270.0,7.289445,302.90524
598,2025-07-24 22:00:00+05:30,3.6447225,302.90524,9.703319,319.51407
599,2025-07-24 23:00:00+05:30,2.50064,300.25635,7.973005,331.69934
600,2025-07-25 00:00:00+05:30,1.8532133,299.0545,7.587806,337.69376
601,2025-07-25 01:00:00+05:30,0.56920993,71.564964,4.3498964,24.443953
602,2025-07-25 02:00:00+05:30,8.942214,40.10085,16.67795,46.311813
603,2025-07-25 03:00:00+05:30,8.187527,56.659275,14.730336,57.47513
604,2025-07-25 04:00:00+05:30,9.504273,24.623547,16.332458,31.93842
605,2025-07-25 05:00:00+05:30,11.103243,19.903845,18.675814,26.31802
606,2025-07-25 06:00:00+05:30,16.767075,29.592207,26.085098,31.167112
607,2025-07-25 07:00:00+05:30,18.899143,49.635548,28.308113,51.45396
608,2025-07-25 08:00:00+05:30,19.046858,59.314907,27.61519,62.432888
609,2025-07-25 09:00:00+05:30,20.071411,60.44641,29.320116,61.389645
610,2025-07-25 10:00:00+05:30,21.85796,71.26655,30.912348,70.6154
611,2025-07-25 11:00:00+05:30,18.875126,55.09743,26.060246,55.980614
612,2025-07-25 12:00:00+05:30,24.401787,65.13633,33.818928,64.79892
613,2025-07-25 13:00:00+05:30,24.738707,60.824024,34.20568,59.656826
614,2025-07-25 14:00:00+05:30,20.015642,78.58905,27.959742,78.11137
615,2025-07-25 15:00:00+05:30,21.27734,86.60515,30.454063,87.289856
616,2025-07-25 16:00:00+05:30,13.596852,96.84268,20.81239,95.95704
617,2025-07-25 17:00:00+05:30,14.978984,94.1346,24.037247,95.155495
618,2025-07-25 18:00:00+05:30,12.241323,90.84251,20.188908,93.06642
619,2025-07-25 19:00:00+05:30,20.674156,144.92616,32.44447,149.3089
620,2025-07-25 20:00:00+05:30,21.384424,134.31802,34.119377,136.28244
621,2025-07-25 21:00:00+05:30,24.20448,132.58894,38.96075,136.49753
622,2025-07-25 22:00:00+05:30,25.221848,137.31375,39.965267,139.56673
623,2025-07-25 23:00:00+05:30,23.33136,125.89747,36.689106,127.82574
624,2025-07-26 00:00:00+05:30,24.84587,132.3574,39.585674,135.55261
625,2025-07-26 01:00:00+05:30,22.915916,136.27295,37.017033,139.33836
626,2025-07-26 02:00:00+05:30,21.510565,134.66101,34.786602,137.72638
627,2025-07-26 03:00:00+05:30,22.169981,132.36751,35.26209,133.96599
628,2025-07-26 04:00:00+05:30,21.36851,124.359436,34.3083,127.110466
629,2025-07-26 05:00:00+05:30,19.022177,119.4758,30.413607,122.185074
630,2025-07-26 06:00:00+05:30,16.204998,130.94635,25.840502,134.15343
631,2025-07-26 07:00:00+05:30,15.413928,132.63371,23.164818,135.0001
632,2025-07-26 08:00:00+05:30,18.678415,152.44728,25.9225,152.72333
633,2025-07-26 09:00:00+05:30,16.674063,135.43732,22.783335,135.32005
634,2025-07-26 10:00:00+05:30,19.222954,133.86191,26.099998,133.60289
635,2025-07-26 11:00:00+05:30,22.553934,155.48038,31.073338,153.88031
636,2025-07-26 12:00:00+05:30,14.941083,158.07036,22.430773,157.34473
637,2025-07-26 13:00:00+05:30,14.05845,140.19447,19.26084,142.59457
638,2025-07-26 14:00:00+05:30,17.570988,150.54642,23.532547,150.6901
639,2025-07-26 15:00:00+05:30,17.48596,159.51291,22.629229,158.53705
640,2025-07-26 16:00:00+05:30,14.584443,155.96571,21.03614,156.28639
641,2025-07-26 17:00:00+05:30,12.346741,135.59058,19.42833,140.26244
642,2025-07-26 18:00:00+05:30,6.384293,111.501495,14.477417,128.43733
643,2025-07-26 19:00:00+05:30,9.9408245,132.06425,19.388264,138.76413
644,2025-07-26 20:00:00+05:30,10.718693,139.08571,20.98911,143.71965
645,2025-07-26 21:00:00+05:30,10.464797,139.18501,20.57125,145.33649
646,2025-07-26 22:00:00+05:30,10.094454,140.06367,20.035059,148.5949
647,2025-07-26 23:00:00+05:30,10.144082,152.52565,20.590143,157.91951
648,2025-07-27 00:00:00+05:30,8.43699,146.3099,17.563608,155.79903
649,2025-07-27 01:00:00+05:30,8.55142,149.65683,16.454994,160.17744
650,2025-07-27 02:00:00+05:30,7.8087645,154.02567,15.725037,164.05453
651,2025-07-27 03:00:00+05:30,7.1389914,146.3099,14.747921,160.0168
652,2025-07-27 04:00:00+05:30,7.4128532,150.9455,15.379206,163.68607
653,2025-07-27 05:00:00+05:30,7.570707,161.99574,14.690691,172.96216
654,2025-07-27 06:00:00+05:30,8.133928,204.86368,16.299694,210.52963
655,2025-07-27 07:00:00+05:30,10.564942,203.07043,14.420235,204.32556
656,2025-07-27 08:00:00+05:30,10.908951,217.6263,14.477417,218.43733
657,2025-07-27 09:00:00+05:30,14.128566,224.4839,18.584509,225.78473
658,2025-07-27 10:00:00+05:30,14.004185,232.83543,18.252037,233.017
659,2025-07-27 11:00:00+05:30,11.753876,229.9698,14.81915,229.92717
660,2025-07-27 12:00:00+05:30,10.404249,217.26648,13.213765,217.8066
661,2025-07-27 13:00:00+05:30,16.443172,221.89389,22.049082,222.0219
662,2025-07-27 14:00:00+05:30,7.491114,215.21768,10.337078,215.07384
663,2025-07-27 15:00:00+05:30,8.958504,202.4428,12.081473,204.65588
664,2025-07-27 16:00:00+05:30,17.726116,189.9405,25.005102,189.53006
665,2025-07-27 17:00:00+05:30,7.8625183,195.94547,13.1041975,200.92458
666,2025-07-27 18:00:00+05:30,9.505977,198.77812,16.981165,201.12479
667,2025-07-27 19:00:00+05:30,8.149847,186.3401,15.717823,193.24052
668,2025-07-27 20:00:00+05:30,8.149847,186.3401,15.94804,196.38962
669,2025-07-27 21:00:00+05:30,9.6480665,188.58354,18.501513,197.55363
670,2025-07-27 22:00:00+05:30,10.874741,167.57407,19.803272,181.04161
671,2025-07-27 23:00:00+05:30,10.310403,196.22026,21.118382,198.89835
672,2025-07-28 00:00:00+05:30,10.546525,207.43964,20.778112,215.48007
673,2025-07-28 01:00:00+05:30,11.457958,223.72705,21.479664,230.44037
674,2025-07-28 02:00:00+05:30,10.819482,225.67395,21.170479,232.25313
675,2025-07-28 03:00:00+05:30,11.525623,218.65984,21.637466,224.9999
676,2025-07-28 04:00:00+05:30,11.091564,228.28934,21.313093,232.54935
677,2025-07-28 05:00:00+05:30,10.094454,219.93633,19.474136,225.37444
678,2025-07-28 06:00:00+05:30,9.587428,219.6678,18.204933,223.79825
679,2025-07-28 07:00:00+05:30,10.055864,225.72514,17.00881,230.58263
680,2025-07-28 08:00:00+05:30,9.97986,230.85602,17.47484,235.49141
681,2025-07-28 09:00:00+05:30,10.656547,232.54935,15.444377,233.53067
682,2025-07-28 10:00:00+05:30,10.948973,242.5925,15.376045,242.8351
683,2025-07-28 11:00:00+05:30,10.120099,231.49931,13.577776,231.45879
684,2025-07-28 12:00:00+05:30,8.211235,243.9967,10.464797,243.43501
685,2025-07-28 13:00:00+05:30,7.970972,244.59233,9.906544,245.29759
686,2025-07-28 14:00:00+05:30,8.777653,254.53873,11.481968,256.39944
687,2025-07-28 15:00:00+05:30,11.132385,255.96373,14.539945,254.93146
688,2025-07-28 16:00:00+05:30,8.723967,248.19853,14.230248,251.56496
689,2025-07-28 17:00:00+05:30,6.7757506,230.38934,12.638512,234.2725
690,2025-07-28 18:00:00+05:30,6.269067,230.82635,12.972494,240.94548
691,2025-07-28 19:00:00+05:30,6.9270773,204.56715,13.184308,218.90414
692,2025-07-28 20:00:00+05:30,7.0911775,203.9625,14.041154,216.13547
693,2025-07-28 21:00:00+05:30,7.771331,193.39252,14.986553,204.10223
694,2025-07-28 22:00:00+05:30,9.102021,204.5377,17.149193,205.48915
695,2025-07-28 23:00:00+05:30,8.92408,228.27058,16.443172,228.10611
696,2025-07-29 00:00:00+05:30,8.856658,217.56866,16.80857,223.26433
697,2025-07-29 01:00:00+05:30,9.82114,221.2846,18.138071,229.83049
698,2025-07-29 02:00:00+05:30,9.585739,214.28693,17.747124,220.47514
699,2025-07-29 03:00:00+05:30,8.43699,213.6901,15.697197,220.81499
700,2025-07-29 04:00:00+05:30,7.4867883,207.18103,14.113652,217.74687
701,2025-07-29 05:00:00+05:30,7.491114,215.21768,14.565548,219.98683
702,2025-07-29 06:00:00+05:30,6.6624317,181.54813,14.266632,209.4758
703,2025-07-29 07:00:00+05:30,9.984729,207.95087,15.975444,213.51105
704,2025-07-29 08:00:00+05:30,8.217153,208.8107,14.4,216.86998
705,2025-07-29 09:00:00+05:30,7.731623,204.77512,10.962281,209.5114
706,2025-07-29 10:00:00+05:30,7.8728137,190.53912,11.090103,193.13403
707,2025-07-29 11:00:00+05:30,8.581677,189.65982,12.074766,190.3048
708,2025-07-29 12:00:00+05:30,10.4166975,189.95056,14.120538,191.0234
709,2025-07-29 13:00:00+05:30,12.093534,184.2678,16.263872,185.07951
710,2025-07-29 14:00:00+05:30,14.417988,182.86235,19.469976,183.17976
711,2025-07-29 15:00:00+05:30,13.350371,183.86539,18.072754,185.14267
712,2025-07-29 16:00:00+05:30,12.016938,196.53491,17.418196,198.06056
713,2025-07-29 17:00:00+05:30,9.567131,175.68405,15.664136,181.31688
714,2025-07-29 18:00:00+05:30,8.2584505,163.5399,15.956163,168.94363
715,2025-07-29 19:00:00+05:30,8.322932,158.42863,16.676977,166.26372
716,2025-07-29 20:00:00+05:30,7.0107627,150.80261,15.086748,162.64589
717,2025-07-29 21:00:00+05:30,6.7397914,145.88548,14.637663,163.57062
718,2025-07-29 22:00:00+05:30,6.6818557,152.74475,14.450537,166.30994
719,2025-07-29 23:00:00+05:30,6.1094027,135.0001,13.130133,151.32695
720,2025-07-30 00:00:00+05:30,6.618519,135.0001,13.581354,145.25676
721,2025-07-30 01:00:00+05:30,6.9270773,114.56716,11.7,120.51016
722,2025-07-30 02:00:00+05:30,8.404285,133.26433,15.172409,138.36656
723,2025-07-30 03:00:00+05:30,9.511088,119.4758,17.373497,124.019394
724,2025-07-30 04:00:00+05:30,9.187056,124.62422,17.356705,130.79456
725,2025-07-30 05:00:00+05:30,8.777654,118.14151,15.735336,125.69015
726,2025-07-30 06:00:00+05:30,7.5363917,139.84407,9.473541,141.17017
727,2025-07-30 07:00:00+05:30,8.161764,138.57643,10.464797,139.18501
728,2025-07-30 08:00:00+05:30,8.131936,152.30061,10.223619,153.88615
729,2025-07-30 09:00:00+05:30,7.056826,142.25313,8.641874,144.3235
730,2025-07-30 10:00:00+05:30,8.181589,140.35587,10.120099,141.49933
731,2025-07-30 11:00:00+05:30,11.448055,143.31018,14.25641,142.69597
732,2025-07-30 12:00:00+05:30,8.242743,148.39255,12.039833,148.44867
733,2025-07-30 13:00:00+05:30,12.124307,161.83395,16.165964,161.16147
734,2025-07-30 14:00:00+05:30,10.546525,152.56036,13.776762,151.09091
735,2025-07-30 15:00:00+05:30,12.703715,159.25385,16.748707,159.22766
736,2025-07-30 16:00:00+05:30,12.134992,159.14546,16.412603,158.78195
737,2025-07-30 17:00:00+05:30,11.843124,155.77226,17.655605,156.57129
738,2025-07-30 18:00:00+05:30,6.6697226,183.094,11.391313,185.44025
739,2025-07-30 19:00:00+05:30,2.7475805,211.60745,7.5019197,210.25635
740,2025-07-30 20:00:00+05:30,2.7943513,165.06853,7.3799996,192.68037
741,2025-07-30 21:00:00+05:30,2.7416782,156.80138,6.698806,186.17007
742,2025-07-30 22:00:00+05:30,2.4216523,221.98714,5.854844,224.9999
743,2025-07-30 23:00:00+05:30,2.0124612,206.56499,5.6002855,224.9999
744,2025-07-31 00:00:00+05:30,3.4576871,231.34016,6.8989563,254.87593
745,2025-07-31 01:00:00+05:30,7.3094187,217.99878,12.855831,225.56718
746,2025-07-31 02:00:00+05:30,11.203464,223.69812,18.254698,229.39879
747,2025-07-31 03:00:00+05:30,6.4924874,226.12321,13.397612,239.30035
748,2025-07-31 04:00:00+05:30,8.027678,222.27362,15.986593,234.16226
749,2025-07-31 05:00:00+05:30,7.0015144,197.96924,13.072015,218.2902
750,2025-07-31 06:00:00+05:30,12.157663,244.57317,19.561287,243.19923
751,2025-07-31 07:00:00+05:30,10.196647,249.3255,15.710607,251.98013
752,2025-07-31 08:00:00+05:30,13.3649235,244.47034,19.73854,245.77226
753,2025-07-31 09:00:00+05:30,12.638513,243.79994,17.563608,245.79903
754,2025-07-31 10:00:00+05:30,11.672275,243.43501,16.029099,245.44955
755,2025-07-31 11:00:00+05:30,11.681987,236.3099,15.476859,236.86438
756,2025-07-31 12:00:00+05:30,12.855831,225.56718,17.057314,225.85501
757,2025-07-31 13:00:00+05:30,10.44,226.39711,14.529915,228.01286
758,2025-07-31 14:00:00+05:30,7.9036193,239.9315,9.734988,236.3099
759,2025-07-31 15:00:00+05:30,11.328566,225.64366,16.932442,223.7079
760,2025-07-31 16:00:00+05:30,9.139322,237.87503,17.179394,234.81117
761,2025-07-31 17:00:00+05:30,11.238113,238.09193,19.022177,240.5242
762,2025-07-31 18:00:00+05:30,9.396275,233.56905,18.800308,239.50673
763,2025-07-31 19:00:00+05:30,10.1902895,215.65541,20.00269,222.44705
764,2025-07-31 20:00:00+05:30,9.096681,207.07199,18.32202,213.37785
765,2025-07-31 21:00:00+05:30,10.228373,208.36896,19.921535,212.82854
766,2025-07-31 22:00:00+05:30,10.742848,211.29298,20.527103,215.36255
767,2025-07-31 23:00:00+05:30,9.292254,225.78473,18.254698,229.39879
768,2025-08-01 00:00:00+05:30,12.47726,206.56499,22.724241,212.05345
769,2025-08-01 01:00:00+05:30,8.281956,227.6426,17.220835,228.81416
770,2025-08-01 02:00:00+05:30,9.418662,224.9999,17.932373,234.39537
771,2025-08-01 03:00:00+05:30,7.841887,211.86594,15.292585,227.86247
772,2025-08-01 04:00:00+05:30,10.436895,237.6804,18.595839,242.93898
773,2025-08-01 05:00:00+05:30,9.059205,249.04414,16.466803,254.14056
774,2025-08-01 06:00:00+05:30,10.766949,231.78893,17.595861,239.23735
775,2025-08-01 07:00:00+05:30,16.383955,271.259,24.126041,271.2825
776,2025-08-01 08:00:00+05:30,10.209348,260.8699,16.343367,262.40546
777,2025-08-01 09:00:00+05:30,12.487641,254.96213,17.508179,255.10648
778,2025-08-01 10:00:00+05:30,11.571914,254.66666,15.367616,256.45206
779,2025-08-01 11:00:00+05:30,10.004178,261.72418,13.200273,264.5227
780,2025-08-01 12:00:00+05:30,10.360559,262.01077,13.239487,262.9717
781,2025-08-01 13:00:00+05:30,10.656547,254.3204,13.450708,254.47583
782,2025-08-01 14:00:00+05:30,9.087772,262.0305,11.570515,264.64426
783,2025-08-01 15:00:00+05:30,7.8954163,245.77226,9.927779,247.61981
784,2025-08-01 16:00:00+05:30,4.8433046,228.01286,6.299999,233.13002
785,2025-08-01 17:00:00+05:30,9.7565975,209.8759,15.444377,216.46933
786,2025-08-01 18:00:00+05:30,8.287822,182.4895,16.394829,188.84174
787,2025-08-01 19:00:00+05:30,7.729527,207.75845,16.50218,206.56499
788,2025-08-01 20:00:00+05:30,9.080639,219.3693,17.982891,221.34767
789,2025-08-01 21:00:00+05:30,7.329338,204.67685,16.276815,212.81136
790,2025-08-01 22:00:00+05:30,7.6579366,203.55228,15.931779,212.07396
791,2025-08-01 23:00:00+05:30,7.056826,217.74687,15.7908325,223.1524
792,2025-08-02 00:00:00+05:30,8.32877,186.20335,16.244936,201.4478
793,2025-08-02 01:00:00+05:30,6.854195,209.93143,14.658676,204.67685
794,2025-08-02 02:00:00+05:30,8.967541,190.40765,15.463246,204.77512
795,2025-08-02 03:00:00+05:30,9.582359,185.38922,16.808569,189.86574
796,2025-08-02 04:00:00+05:30,8.909545,188.13002,16.293728,196.03241
797,2025-08-02 05:00:00+05:30,9.255571,193.49574,17.873554,198.79999
798,2025-08-02 06:00:00+05:30,10.24578,198.43504,20.778112,211.90012
799,2025-08-02 07:00:00+05:30,11.063778,201.97456,19.080849,207.53189
800,2025-08-02 08:00:00+05:30,10.765445,200.55612,15.646544,203.02553
801,2025-08-02 09:00:00+05:30,13.935767,215.53777,18.648035,216.75937
802,2025-08-02 10:00:00+05:30,11.720751,227.4896,15.03835,227.9109
803,2025-08-02 11:00:00+05:30,10.766949,218.21107,13.324863,218.41809
804,2025-08-02 12:00:00+05:30,10.914888,193.34874,13.672893,196.04907
805,2025-08-02 13:00:00+05:30,12.156331,207.3238,17.307167,206.56499
806,2025-08-02 14:00:00+05:30,6.384293,158.4985,8.654986,163.0724
807,2025-08-02 15:00:00+05:30,7.7420926,144.46223,10.34178,148.52321
808,2025-08-02 16:00:00+05:30,10.564941,166.20049,17.311846,171.02745
809,2025-08-02 17:00:00+05:30,10.137692,163.49556,16.244938,164.57777
810,2025-08-02 18:00:00+05:30,5.6920996,251.56496,10.589448,238.20113
811,2025-08-02 19:00:00+05:30,2.1674871,221.63345,7.5170207,196.69933
812,2025-08-02 20:00:00+05:30,1.609969,116.56499,7.973005,151.69934
813,2025-08-02 21:00:00+05:30,8.827344,182.33725,16.42839,184.39862
814,2025-08-02 22:00:00+05:30,7.754637,158.19853,15.743569,174.09395
815,2025-08-02 23:00:00+05:30,7.9526596,174.80566,16.404707,183.1449
816,2025-08-03 00:00:00+05:30,10.261578,178.99493,19.820442,182.60251
817,2025-08-03 01:00:00+05:30,16.854767,199.9832,27.609911,202.21765
818,2025-08-03 02:00:00+05:30,10.261578,181.00507,17.972979,187.48079
819,2025-08-03 03:00:00+05:30,11.656998,166.60748,21.485697,171.3269
820,2025-08-03 04:00:00+05:30,9.726665,182.12105,19.067259,187.59454
821,2025-08-03 05:00:00+05:30,10.299397,174.98697,19.469976,183.17976
822,2025-08-03 06:00:00+05:30,11.375658,175.46231,19.620825,179.47438
823,2025-08-03 07:00:00+05:30,12.452566,175.85545,18.022486,177.13765
824,2025-08-03 08:00:00+05:30,14.260953,184.34315,19.14865,184.85301
825,2025-08-03 09:00:00+05:30,14.650939,185.64046,19.044306,187.05775
826,2025-08-03 10:00:00+05:30,12.549757,188.24623,16.068466,189.6733
827,2025-08-03 11:00:00+05:30,10.070353,208.85556,12.815443,209.44533
828,2025-08-03 12:00:00+05:30,19.242327,197.41806,28.071922,194.48181
829,2025-08-03 13:00:00+05:30,13.708391,193.67133,18.47084,195.25517
830,2025-08-03 14:00:00+05:30,11.1090765,206.98015,15.2947035,206.56499
831,2025-08-03 15:00:00+05:30,16.279802,198.03438,21.85796,198.73346
832,2025-08-03 16:00:00+05:30,14.539945,195.06854,20.57125,195.73886
833,2025-08-03 17:00:00+05:30,13.767352,205.55992,21.897945,207.40749
834,2025-08-03 18:00:00+05:30,9.904906,160.90642,17.811815,165.96373
835,2025-08-03 19:00:00+05:30,9.292254,171.08516,18.044046,175.99591
836,2025-08-03 20:00:00+05:30,10.7714615,189.61966,20.170443,193.4162
837,2025-08-03 21:00:00+05:30,10.132897,192.308,19.468311,197.76494
838,2025-08-03 22:00:00+05:30,8.669949,184.76355,17.298738,192.01146
839,2025-08-03 23:00:00+05:30,9.05205,197.35411,18.054815,200.42241
840,2025-08-04 00:00:00+05:30,9.9587345,173.77426,18.022486,182.86235
841,2025-08-04 01:00:00+05:30,6.5520988,200.92458,12.483748,208.41257
842,2025-08-04 02:00:00+05:30,5.2323985,229.18501,10.957846,222.33694
843,2025-08-04 03:00:00+05:30,2.8856194,183.57626,10.1902895,197.47487
844,2025-08-04 04:00:00+05:30,1.9134263,221.18582,8.287822,214.3804
845,2025-08-04 05:00:00+05:30,5.0528407,175.91446,11.903159,200.35332
846,2025-08-04 06:00:00+05:30,9.354806,168.90631,18.212051,176.60036
847,2025-08-04 07:00:00+05:30,15.151039,193.04564,19.778715,193.15096
848,2025-08-04 08:00:00+05:30,12.638512,197.40279,16.73516,198.8248
849,2025-08-04 09:00:00+05:30,11.923557,208.88649,15.717823,209.50063
850,2025-08-04 10:00:00+05:30,11.282711,213.94363,14.33347,215.28683
851,2025-08-04 11:00:00+05:30,11.782784,214.41843,14.982228,215.21768
852,2025-08-04 12:00:00+05:30,12.313894,217.87505,15.629971,218.45374
853,2025-08-04 13:00:00+05:30,17.483181,208.93991,22.483433,209.23273
854,2025-08-04 14:00:00+05:30,8.338489,237.3391,12.708815,232.4808
855,2025-08-04 15:00:00+05:30,4.175069,187.43132,7.555712,192.38075
856,2025-08-04 16:00:00+05:30,5.2694216,262.1468,7.823272,246.97447
857,2025-08-04 17:00:00+05:30,1.5484185,144.46223,2.9301877,190.6196
858,2025-08-04 18:00:00+05:30,6.3231,265.10098,12.236029,243.81195
859,2025-08-04 19:00:00+05:30,3.550155,210.46547,10.4493065,222.20723
860,2025-08-04 20:00:00+05:30,4.7657523,190.88548,11.7,202.6199
861,2025-08-04 21:00:00+05:30,5.5450516,234.24602,13.719023,218.07283
862,2025-08-04 22:00:00+05:30,4.514377,246.50142,11.931705,236.07016
863,2025-08-04 23:00:00+05:30,3.745557,215.21768,10.464797,229.18501
864,2025-08-05 00:00:00+05:30,2.9301877,222.5104,8.4963045,233.61555
865,2025-08-05 01:00:00+05:30,3.1845248,227.29063,8.37532,241.78273
866,2025-08-05 02:00:00+05:30,2.8460498,198.43504,7.127636,224.9999
867,2025-08-05 03:00:00+05:30,4.5572357,189.0902,9.580668,205.60214
868,2025-08-05 04:00:00+05:30,4.5891175,205.55992,11.207801,209.85892
869,2025-08-05 05:00:00+05:30,2.9301877,222.5104,8.404285,223.26433
870,2025-08-05 06:00:00+05:30,7.458606,160.25307,14.018059,167.3914
871,2025-08-05 07:00:00+05:30,7.9220443,158.68202,13.666967,167.06194
872,2025-08-05 08:00:00+05:30,8.64,180.0,11.885453,181.73567
873,2025-08-05 09:00:00+05:30,9.499157,189.81923,12.284916,190.9806
874,2025-08-05 10:00:00+05:30,8.534353,207.64589,11.032987,208.23735
875,2025-08-05 11:00:00+05:30,5.293959,215.3113,6.8423676,215.36255
876,2025-08-05 12:00:00+05:30,4.2136917,250.0168,5.5567255,245.09526
877,2025-08-05 13:00:00+05:30,5.7628117,271.78986,7.02,270.0
878,2025-08-05 14:00:00+05:30,10.564942,188.8203,12.783802,189.72751
879,2025-08-05 15:00:00+05:30,11.808878,217.56866,16.363178,219.64413
880,2025-08-05 16:00:00+05:30,8.9873905,212.73521,12.257194,209.95352
881,2025-08-05 17:00:00+05:30,8.53815,214.69522,12.387348,215.53777
882,2025-08-05 18:00:00+05:30,13.060857,187.12492,23.546999,191.9112
883,2025-08-05 19:00:00+05:30,8.649369,192.01146,16.770939,192.3954
884,2025-08-05 20:00:00+05:30,8.723967,201.80147,17.193533,199.57321
885,2025-08-05 21:00:00+05:30,6.4323244,197.92801,14.0734215,200.98497
886,2025-08-05 22:00:00+05:30,7.342588,191.30989,14.915039,197.56036
887,2025-08-05 23:00:00+05:30,8.311245,197.6502,16.848999,198.04791
888,2025-08-06 00:00:00+05:30,7.973005,208.30066,17.068707,207.64589
889,2025-08-06 01:00:00+05:30,7.42159,219.09384,16.344357,216.4914
890,2025-08-06 02:00:00+05:30,6.6624317,231.58191,15.801087,227.77028
891,2025-08-06 03:00:00+05:30,3.7971041,238.57048,11.43248,236.5601
892,2025-08-06 04:00:00+05:30,4.510787,241.38963,11.672275,243.43501
893,2025-08-06 05:00:00+05:30,5.1165614,230.71062,12.011544,240.36171
894,2025-08-06 06:00:00+05:30,11.720751,227.4896,21.286474,228.0849
895,2025-08-06 07:00:00+05:30,11.753876,220.0302,20.111729,224.27486
896,2025-08-06 08:00:00+05:30,10.564941,224.3098,18.254698,229.39879
897,2025-08-06 09:00:00+05:30,11.212135,227.60262,16.831684,228.46832
898,2025-08-06 10:00:00+05:30,10.8792095,231.04408,15.518672,232.06667
899,2025-08-06 11:00:00+05:30,11.792404,238.73633,15.717823,240.49937
900,2025-08-06 12:00:00+05:30,10.589448,238.20113,14.045767,239.16223
901,2025-08-06 13:00:00+05:30,8.287822,235.6196,10.783486,236.57516
902,2025-08-06 14:00:00+05:30,11.298495,247.52052,14.607751,247.54301
903,2025-08-06 15:00:00+05:30,9.080639,256.2392,11.755254,258.51804
904,2025-08-06 16:00:00+05:30,10.1902895,252.52513,13.379461,252.78384
905,2025-08-06 17:00:00+05:30,15.978484,202.52061,25.043299,205.09149
906,2025-08-06 18:00:00+05:30,8.797931,210.76265,16.985933,220.27194
907,2025-08-06 19:00:00+05:30,9.688281,215.16652,18.610641,221.86356
908,2025-08-06 20:00:00+05:30,8.707237,209.7448,16.595179,220.60121
909,2025-08-06 21:00:00+05:30,10.094454,211.13892,18.610641,221.86356
910,2025-08-06 22:00:00+05:30,8.297589,229.39879,16.928614,234.958
911,2025-08-06 23:00:00+05:30,6.522361,219.40063,14.4,233.13002
912,2025-08-07 00:00:00+05:30,9.449572,229.63554,18.252037,233.017
913,2025-08-07 01:00:00+05:30,9.585739,235.71307,18.553972,239.70364
914,2025-08-07 02:00:00+05:30,8.149847,239.47037,17.563608,245.79903
915,2025-08-07 03:00:00+05:30,8.297589,245.65892,18.275984,252.81421
916,2025-08-07 04:00:00+05:30,9.0645685,263.15732,19.702394,264.75827
917,2025-08-07 05:00:00+05:30,7.3094187,260.07382,16.575644,267.5105
918,2025-08-07 06:00:00+05:30,8.2584505,253.5399,18.353823,262.1084
919,2025-08-07 07:00:00+05:30,6.9480934,253.44284,12.043869,260.53775
920,2025-08-07 08:00:00+05:30,6.151683,249.44386,8.513448,256.55136
921,2025-08-07 09:00:00+05:30,5.6002855,224.9999,6.9153743,231.34016
922,2025-08-07 10:00:00+05:30,5.994297,221.34767,7.2649574,221.98714
923,2025-08-07 11:00:00+05:30,6.7565966,221.76021,8.149847,223.21011
924,2025-08-07 12:00:00+05:30,9.422101,223.45189,11.837651,224.38402
925,2025-08-07 13:00:00+05:30,9.292254,171.08516,14.22,180.0
926,2025-08-07 14:00:00+05:30,8.863972,156.0375,13.213764,155.87901
927,2025-08-07 15:00:00+05:30,0.35999998,360.0,0.40249225,206.56499
928,2025-08-07 16:00:00+05:30,1.1384199,251.56496,1.5484185,215.53777
929,2025-08-07 17:00:00+05:30,5.232399,183.94511,9.227524,200.55612
930,2025-08-07 18:00:00+05:30,8.461914,178.78116,16.263872,185.07951
931,2025-08-07 19:00:00+05:30,9.726665,177.87895,18.374111,182.2457
932,2025-08-07 20:00:00+05:30,8.827343,196.58742,17.418196,198.06056
933,2025-08-07 21:00:00+05:30,8.905908,194.03627,17.703253,198.98772
934,2025-08-07 22:00:00+05:30,8.821836,181.16911,17.393066,186.53654
935,2025-08-07 23:00:00+05:30,9.165871,160.49747,17.651016,168.23174
936,2025-08-08 00:00:00+05:30,9.340941,154.91644,17.589418,162.12122
937,2025-08-08 01:00:00+05:30,9.927779,157.61983,17.932371,160.65558
938,2025-08-08 02:00:00+05:30,12.487641,164.96213,21.788923,167.11182
939,2025-08-08 03:00:00+05:30,10.694485,173.23392,18.57143,176.66621
940,2025-08-08 04:00:00+05:30,8.827343,163.41258,15.359179,169.8754
941,2025-08-08 05:00:00+05:30,9.901636,152.96922,16.285772,159.9627
942,2025-08-08 06:00:00+05:30,10.337079,172.99883,18.561832,182.77911
943,2025-08-08 07:00:00+05:30,8.513448,193.44862,14.607751,202.45699
944,2025-08-08 08:00:00+05:30,9.292254,188.91484,16.120808,196.20909
945,2025-08-08 09:00:00+05:30,15.086748,199.51596,20.899387,200.15184
946,2025-08-08 10:00:00+05:30,17.22742,206.02953,23.264608,206.16849
947,2025-08-08 11:00:00+05:30,15.841022,216.21893,21.599998,216.86998
948,2025-08-08 12:00:00+05:30,14.796175,216.59119,19.656296,217.18478
949,2025-08-08 13:00:00+05:30,13.833091,212.24243,18.32202,213.37785
950,2025-08-08 14:00:00+05:30,14.658676,204.67685,19.66536,203.7495
951,2025-08-08 15:00:00+05:30,13.089354,211.50421,18.337044,211.34952
952,2025-08-08 16:00:00+05:30,10.399576,203.45905,15.553083,203.89517
953,2025-08-08 17:00:00+05:30,8.36758,198.8248,15.379206,200.55612
954,2025-08-08 18:00:00+05:30,5.2939587,197.81898,12.71901,206.9276
955,2025-08-08 19:00:00+05:30,6.151683,159.44388,13.954354,173.33344
956,2025-08-08 20:00:00+05:30,9.693296,148.67137,19.24738,155.11261
957,2025-08-08 21:00:00+05:30,10.662626,158.19853,20.224983,159.14546
958,2025-08-08 22:00:00+05:30,11.442394,160.70985,21.41319,163.39294
959,2025-08-08 23:00:00+05:30,10.674773,174.19337,20.454369,173.93831
960,2025-08-09 00:00:00+05:30,12.906138,171.983,22.158285,182.32776
961,2025-08-09 01:00:00+05:30,8.885877,186.98096,16.309628,190.81383
962,2025-08-09 02:00:00+05:30,8.821836,178.83089,16.215992,182.54475
963,2025-08-09 03:00:00+05:30,10.644379,183.87845,20.652988,186.50552
964,2025-08-09 04:00:00+05:30,8.836514,176.49654,17.878086,184.61984
965,2025-08-09 05:00:00+05:30,9.179999,180.0,17.571909,186.46973
966,2025-08-09 06:00:00+05:30,7.289444,200.22495,18.961613,199.9832
967,2025-08-09 07:00:00+05:30,18.403185,183.92583,26.509544,183.50346
968,2025-08-09 08:00:00+05:30,8.613709,190.84026,12.399112,193.43105
969,2025-08-09 09:00:00+05:30,14.607751,176.46777,19.281015,177.32463
970,2025-08-09 10:00:00+05:30,14.357185,172.07317,19.201874,173.54128
971,2025-08-09 11:00:00+05:30,13.151091,182.35324,17.49337,183.53949
972,2025-08-09 12:00:00+05:30,13.276144,192.5288,17.552536,193.03867
973,2025-08-09 13:00:00+05:30,14.087228,190.3048,17.968472,190.9722
974,2025-08-09 14:00:00+05:30,19.501568,170.97246,26.728636,171.86998
975,2025-08-09 15:00:00+05:30,16.93531,182.4366,23.623928,183.49457
976,2025-08-09 16:00:00+05:30,17.589418,197.87878,24.988901,198.0435
977,2025-08-09 17:00:00+05:30,15.034041,196.69933,24.70791,197.37901
978,2025-08-09 18:00:00+05:30,7.5685663,177.27374,16.93531,182.4366
979,2025-08-09 19:00:00+05:30,11.196231,175.38943,22.320724,180.46204
980,2025-08-09 20:00:00+05:30,12.7279215,171.86998,24.187069,175.7322
981,2025-08-09 21:00:00+05:30,13.14,180.0,24.366575,184.23631
982,2025-08-09 22:00:00+05:30,12.421304,180.83029,23.124922,184.9117
983,2025-08-09 23:00:00+05:30,11.885453,181.73567,22.640678,186.3904
984,2025-08-10 00:00:00+05:30,13.021106,185.55287,24.058802,189.0394
985,2025-08-10 01:00:00+05:30,13.845967,195.84314,25.051706,197.13307
986,2025-08-10 02:00:00+05:30,12.739371,203.30492,23.120016,204.37012
987,2025-08-10 03:00:00+05:30,10.546525,207.43964,20.652988,210.3642
988,2025-08-10 04:00:00+05:30,9.178235,205.55992,18.645428,210.77397
989,2025-08-10 05:00:00+05:30,7.4932766,204.10223,16.391863,211.0716
990,2025-08-10 06:00:00+05:30,9.422101,186.58185,18.35647,191.30989
991,2025-08-10 07:00:00+05:30,11.616627,192.5288,16.152931,194.19113
992,2025-08-10 08:00:00+05:30,11.555102,198.1528,15.3686695,198.43504
993,2025-08-10 09:00:00+05:30,11.238113,211.90807,14.677452,213.49521
994,2025-08-10 10:00:00+05:30,10.735306,214.75598,13.83192,214.93102
995,2025-08-10 11:00:00+05:30,8.748075,216.6342,11.304229,217.23491
996,2025-08-10 12:00:00+05:30,10.874741,204.44394,13.527572,205.2011
997,2025-08-10 13:00:00+05:30,13.169556,201.65605,16.478603,201.80147
998,2025-08-10 14:00:00+05:30,8.913181,223.36346,11.203464,226.30188
999,2025-08-10 15:00:00+05:30,10.1376915,186.1154,14.713831,187.7335
1000,2025-08-10 16:00:00+05:30,10.30883,204.77512,14.658676,204.67685
1001,2025-08-10 17:00:00+05:30,10.534229,196.88687,17.706913,197.14563
1002,2025-08-10 18:00:00+05:30,12.284916,190.9806,22.180206,193.13403
1003,2025-08-10 19:00:00+05:30,9.854075,189.46225,19.80409,191.0035
1004,2025-08-10 20:00:00+05:30,8.688613,193.17256,18.568811,196.32693
1005,2025-08-10 21:00:00+05:30,9.321845,190.00792,19.070658,197.57994
1006,2025-08-10 22:00:00+05:30,8.131936,185.07951,17.90344,192.77873
1007,2025-08-10 23:00:00+05:30,9.721666,181.06088,19.719654,185.76254
1008,2025-08-11 00:00:00+05:30,10.4166975,189.95056,20.520788,193.18297
1009,2025-08-11 01:00:00+05:30,11.132385,194.03627,21.068459,196.88687
1010,2025-08-11 02:00:00+05:30,11.503113,200.13638,21.933426,203.19862
1011,2025-08-11 03:00:00+05:30,9.9408245,211.67543,19.672773,212.67223
1012,2025-08-11 04:00:00+05:30,8.0899935,212.27562,16.848038,216.74756
1013,2025-08-11 05:00:00+05:30,7.186487,202.06795,14.848635,210.60632
1014,2025-08-11 06:00:00+05:30,7.841888,189.24603,14.019216,195.6423
1015,2025-08-11 07:00:00+05:30,8.0599,203.70265,11.038858,204.05734
1016,2025-08-11 08:00:00+05:30,9.741642,207.51192,12.7279215,208.7397
1017,2025-08-11 09:00:00+05:30,11.183201,213.17853,14.378608,214.28693
1018,2025-08-11 10:00:00+05:30,12.039833,211.55133,15.130711,212.36661
1019,2025-08-11 11:00:00+05:30,11.931705,213.92984,14.835537,215.61858
1020,2025-08-11 12:00:00+05:30,11.720751,190.6196,15.182015,190.24403
1021,2025-08-11 13:00:00+05:30,0.9,36.86999,0.8049845,63.435013
1022,2025-08-11 14:00:00+05:30,6.5520988,105.945465,7.8149853,104.67644
1023,2025-08-11 15:00:00+05:30,4.8633323,177.87895,5.771239,183.57626
1024,2025-08-11 16:00:00+05:30,8.641874,181.19347,10.823973,183.814
1025,2025-08-11 17:00:00+05:30,11.720751,190.6196,16.810495,192.99461
1026,2025-08-11 18:00:00+05:30,4.86,180.0,12.601285,180.81844
1027,2025-08-11 19:00:00+05:30,8.37532,171.34753,16.928614,178.17207
1028,2025-08-11 20:00:00+05:30,6.6794305,194.03627,16.071491,195.59286
1029,2025-08-11 21:00:00+05:30,6.302571,181.63654,15.182015,190.24403
1030,2025-08-11 22:00:00+05:30,7.5685663,177.27374,16.966848,184.25876
1031,2025-08-11 23:00:00+05:30,8.836514,183.50346,18.584509,188.91484
1032,2025-08-12 00:00:00+05:30,9.292254,188.91484,19.172323,192.47046
1033,2025-08-12 01:00:00+05:30,10.132897,192.308,19.95485,195.16452
1034,2025-08-12 02:00:00+05:30,8.311245,197.6502,17.533146,199.17911
1035,2025-08-12 03:00:00+05:30,6.601363,205.8663,14.973577,207.18103
1036,2025-08-12 04:00:00+05:30,5.896202,192.33908,13.504799,201.0924
1037,2025-08-12 05:00:00+05:30,7.3821945,178.60284,14.650938,190.6196
1038,2025-08-12 06:00:00+05:30,7.0568266,185.85593,13.8037815,192.04256
1039,2025-08-12 07:00:00+05:30,8.43699,191.07016,11.402683,191.84206
1040,2025-08-12 08:00:00+05:30,7.029225,177.06439,9.181765,178.87672
1041,2025-08-12 09:00:00+05:30,8.649369,167.98854,11.190442,168.87085
1042,2025-08-12 10:00:00+05:30,8.528657,172.72508,10.873252,173.34567
1043,2025-08-12 11:00:00+05:30,7.922045,181.30193,9.721666,181.06088
1044,2025-08-12 12:00:00+05:30,7.9526596,185.19434,9.582359,185.38922
1045,2025-08-12 13:00:00+05:30,9.979859,172.7469,12.503199,173.38664
1046,2025-08-12 14:00:00+05:30,8.350138,187.43132,11.016824,184.6858
1047,2025-08-12 15:00:00+05:30,1.0948973,260.53775,1.2727921,278.13
1048,2025-08-12 16:00:00+05:30,7.102591,188.74608,9.743305,191.72508
1049,2025-08-12 17:00:00+05:30,12.284918,140.94687,18.623693,147.2315
1050,2025-08-12 18:00:00+05:30,6.297428,149.03632,13.32,161.07526
1051,2025-08-12 19:00:00+05:30,6.9480934,143.42688,14.747921,160.0168
1052,2025-08-12 20:00:00+05:30,7.329338,155.32315,16.862455,163.8865
1053,2025-08-12 21:00:00+05:30,8.626865,156.64442,18.903427,166.22838
1054,2025-08-12 22:00:00+05:30,11.090103,166.86597,21.9253,173.40018
1055,2025-08-12 23:00:00+05:30,12.487641,164.96213,23.510508,168.51804
1056,2025-08-13 00:00:00+05:30,12.882267,172.77577,24.251284,174.03561
1057,2025-08-13 01:00:00+05:30,10.801499,180.95482,21.25906,182.42628
1058,2025-08-13 02:00:00+05:30,7.1208143,163.85559,16.343367,172.40544
1059,2025-08-13 03:00:00+05:30,10.163227,157.06787,20.00269,164.33783
1060,2025-08-13 04:00:00+05:30,7.4867883,152.81897,17.020235,162.13982
1061,2025-08-13 05:00:00+05:30,8.131936,152.30061,16.56489,160.9743
1062,2025-08-13 06:00:00+05:30,7.42159,129.09386,15.787753,151.38963
1063,2025-08-13 07:00:00+05:30,8.161764,131.42357,14.799459,138.94528
1064,2025-08-13 08:00:00+05:30,10.404249,142.73352,14.835537,144.38142
1065,2025-08-13 09:00:00+05:30,13.259049,138.30196,18.275984,140.19447
1066,2025-08-13 10:00:00+05:30,12.362475,132.04915,16.928614,134.56926
1067,2025-08-13 11:00:00+05:30,13.684735,125.36255,18.144321,126.528946
1068,2025-08-13 12:00:00+05:30,12.007498,130.13542,15.833861,130.38928
1069,2025-08-13 13:00:00+05:30,12.69351,108.178116,17.418196,108.06056
1070,2025-08-13 14:00:00+05:30,10.1376915,96.11541,13.441071,97.69597
1071,2025-08-13 15:00:00+05:30,9.430694,103.24053,12.399112,103.431046
1072,2025-08-13 16:00:00+05:30,13.055896,105.1859,17.508179,104.893524
1073,2025-08-13 17:00:00+05:30,12.849528,101.3099,19.523985,102.24232
1074,2025-08-13 18:00:00+05:30,7.256032,97.12492,14.383114,98.63705
1075,2025-08-13 19:00:00+05:30,10.717182,82.27827,20.436144,84.44015
1076,2025-08-13 20:00:00+05:30,10.981475,89.06083,20.703129,90.99633
1077,2025-08-13 21:00:00+05:30,9.422101,83.41815,18.180891,90.56725
1078,2025-08-13 22:00:00+05:30,10.674773,95.80663,20.093191,99.79979
1079,2025-08-13 23:00:00+05:30,10.801499,90.95482,20.39091,94.04951
1080,2025-08-14 00:00:00+05:30,9.555271,93.23964,18.532133,97.81521
1081,2025-08-14 01:00:00+05:30,9.007196,87.70944,17.684942,94.08554
1082,2025-08-14 02:00:00+05:30,9.178235,78.6901,17.864489,85.9556
1083,2025-08-14 03:00:00+05:30,9.54,90.0,16.584438,93.11078
1084,2025-08-14 04:00:00+05:30,7.4128532,119.05451,12.800266,115.84434
1085,2025-08-14 05:00:00+05:30,6.849467,86.98728,14.455019,95.00056
1086,2025-08-14 06:00:00+05:30,14.05845,76.67546,20.12461,79.69521
1087,2025-08-14 07:00:00+05:30,14.94,90.0,20.880775,90.493904
1088,2025-08-14 08:00:00+05:30,14.041154,89.265495,18.900856,89.45436
1089,2025-08-14 09:00:00+05:30,16.055353,109.653915,20.719553,108.749855
1090,2025-08-14 10:00:00+05:30,10.086427,92.045364,13.698934,93.012726
1091,2025-08-14 11:00:00+05:30,8.049845,79.69521,10.495713,84.093956
1092,2025-08-14 12:00:00+05:30,12.383424,122.53506,15.743569,120.96369
1093,2025-08-14 13:00:00+05:30,9.459852,111.19412,12.976239,113.720406
1094,2025-08-14 14:00:00+05:30,9.3962755,110.17074,12.669238,112.55729
1095,2025-08-14 15:00:00+05:30,14.383114,134.49303,19.731974,133.89128
1096,2025-08-14 16:00:00+05:30,11.53265,145.81383,16.13286,144.53656
1097,2025-08-14 17:00:00+05:30,9.504272,142.69597,14.618837,142.00122
1098,2025-08-14 18:00:00+05:30,8.383054,104.93147,15.484185,107.592514
1099,2025-08-14 19:00:00+05:30,8.656858,93.57626,16.419512,102.66506
1100,2025-08-14 20:00:00+05:30,9.044888,84.2895,17.864489,94.04441
1101,2025-08-14 21:00:00+05:30,9.375563,93.301796,18.921415,101.52369
1102,2025-08-14 22:00:00+05:30,8.311245,94.96966,17.512806,102.46493
1103,2025-08-14 23:00:00+05:30,8.197414,98.841736,16.913296,106.699326
1104,2025-08-15 00:00:00+05:30,8.513448,103.44863,17.381886,111.25058
1105,2025-08-15 01:00:00+05:30,7.8149853,104.67644,16.192997,114.28583
1106,2025-08-15 02:00:00+05:30,8.197414,109.23077,16.75064,118.21727
1107,2025-08-15 03:00:00+05:30,7.8149853,104.67644,15.009236,112.56705
1108,2025-08-15 04:00:00+05:30,6.379216,106.38962,14.092977,114.92845
1109,2025-08-15 05:00:00+05:30,7.0015144,107.96923,14.248452,116.24129
1110,2025-08-15 06:00:00+05:30,12.295462,107.90454,17.418196,108.06056
1111,2025-08-15 07:00:00+05:30,10.534229,123.14701,14.081477,122.471176
1112,2025-08-15 08:00:00+05:30,12.819235,128.15727,17.262178,129.49956
1113,2025-08-15 09:00:00+05:30,13.125196,137.77924,17.326813,137.52617
1114,2025-08-15 10:00:00+05:30,12.362475,132.04915,16.055355,132.27364
1115,2025-08-15 11:00:00+05:30,11.183201,123.17853,14.128566,124.095024
1116,2025-08-15 12:00:00+05:30,9.693296,121.328636,12.13499,122.27561
1117,2025-08-15 13:00:00+05:30,12.241323,126.027466,14.731435,125.04945
1118,2025-08-15 14:00:00+05:30,9.5535755,132.70937,12.496718,131.49637
1119,2025-08-15 15:00:00+05:30,7.989242,157.47939,10.32924,157.4569
1120,2025-08-15 16:00:00+05:30,12.3165245,153.06055,16.58346,152.87878
1121,2025-08-15 17:00:00+05:30,9.085988,146.3099,13.681184,147.35538
1122,2025-08-15 18:00:00+05:30,5.0975285,137.86247,11.843124,136.8476
1123,2025-08-15 19:00:00+05:30,5.0911684,135.0001,13.072015,141.7098
1124,2025-08-15 20:00:00+05:30,5.8603754,137.4896,14.186923,144.29323
1125,2025-08-15 21:00:00+05:30,6.8423676,153.43501,15.717823,156.3706
1126,2025-08-15 22:00:00+05:30,6.050785,149.62096,14.913952,156.52899
1127,2025-08-15 23:00:00+05:30,5.95906,154.98314,15.027575,161.1309
1128,2025-08-16 00:00:00+05:30,4.2366967,167.73524,12.429127,169.99208
1129,2025-08-16 01:00:00+05:30,2.9301877,137.4896,8.880405,162.29948
1130,2025-08-16 02:00:00+05:30,3.2846913,99.46225,8.65873,136.68465
1131,2025-08-16 03:00:00+05:30,4.327493,73.07241,9.346143,105.64231
1132,2025-08-16 04:00:00+05:30,5.2416787,74.054535,11.183201,93.691315
1133,2025-08-16 05:00:00+05:30,6.4323244,72.07199,13.722565,85.4861
1134,2025-08-16 06:00:00+05:30,8.149847,83.659904,15.876775,93.90042
1135,2025-08-16 07:00:00+05:30,9.779817,96.340096,13.239487,97.0283
1136,2025-08-16 08:00:00+05:30,10.182337,98.13002,13.288341,98.56906
1137,2025-08-16 09:00:00+05:30,13.169555,100.23475,17.40424,100.72881
1138,2025-08-16 10:00:00+05:30,13.499999,106.26028,17.654686,106.58742
1139,2025-08-16 11:00:00+05:30,14.039999,112.61991,18.553974,112.833694
1140,2025-08-16 12:00:00+05:30,12.830604,124.135994,16.724508,124.03217
1141,2025-08-16 13:00:00+05:30,11.226575,131.09941,14.275713,131.93344
1142,2025-08-16 14:00:00+05:30,12.348052,120.67721,15.898188,120.62992
1143,2025-08-16 15:00:00+05:30,12.606426,133.26433,16.932442,133.70792
1144,2025-08-16 16:00:00+05:30,11.414043,142.04572,15.236338,141.23447
1145,2025-08-16 17:00:00+05:30,9.430695,156.3706,15.175612,157.69374
1146,2025-08-16 18:00:00+05:30,7.1389914,123.6901,15.922626,132.70937
1147,2025-08-16 19:00:00+05:30,7.1684303,151.50446,16.284779,156.55193
1148,2025-08-16 20:00:00+05:30,6.519877,173.6599,15.338071,175.96237
1149,2025-08-16 21:00:00+05:30,4.5891175,168.69011,12.673074,168.5305
1150,2025-08-16 22:00:00+05:30,2.5264204,175.91446,8.731392,171.70294
1151,2025-08-16 23:00:00+05:30,1.1384199,161.56496,5.983477,164.2913
1152,2025-08-17 00:00:00+05:30,0.9,180.0,5.020677,165.4655
1153,2025-08-17 01:00:00+05:30,2.5772078,192.09474,7.2022495,181.43207
1154,2025-08-17 02:00:00+05:30,4.445672,21.370695,3.4388947,42.878906
1155,2025-08-17 03:00:00+05:30,3.745557,35.217674,5.5450516,54.246033
1156,2025-08-17 04:00:00+05:30,3.06,28.072395,5.692099,34.69522
1157,2025-08-17 05:00:00+05:30,3.319036,49.398785,6.297428,59.03632
1158,2025-08-17 06:00:00+05:30,5.0975285,42.13753,7.029225,50.194473
1159,2025-08-17 07:00:00+05:30,5.495161,58.392544,7.8149853,61.07368
1160,2025-08-17 08:00:00+05:30,7.519175,78.95911,9.67657,80.36253
1161,2025-08-17 09:00:00+05:30,10.674773,95.80663,13.737904,95.26231
1162,2025-08-17 10:00:00+05:30,12.172312,113.532364,15.865546,114.82052
1163,2025-08-17 11:00:00+05:30,11.9317045,101.3099,15.215058,100.91109
1164,2025-08-17 12:00:00+05:30,13.644427,98.34381,17.726116,99.940506
1165,2025-08-17 13:00:00+05:30,12.358542,102.619316,16.459913,103.276405
1166,2025-08-17 14:00:00+05:30,14.206323,112.3407,19.219584,112.000755
1167,2025-08-17 15:00:00+05:30,12.931218,106.16457,17.309973,106.9276
1168,2025-08-17 16:00:00+05:30,9.595874,113.198616,12.739371,113.30492
1169,2025-08-17 17:00:00+05:30,7.029225,103.32455,10.172787,103.298584
1170,2025-08-17 18:00:00+05:30,7.6367526,81.86999,15.484185,91.33219
1171,2025-08-17 19:00:00+05:30,9.255571,76.50425,18.072754,84.85733
1172,2025-08-17 20:00:00+05:30,9.708326,79.31514,19.619999,90.0
1173,2025-08-17 21:00:00+05:30,10.993271,87.1845,20.778112,94.96966
1174,2025-08-17 22:00:00+05:30,10.441552,90.98774,20.035059,98.78522
1175,2025-08-17 23:00:00+05:30,8.647496,92.385895,17.9973,98.04898
1176,2025-08-18 00:00:00+05:30,8.669949,85.23644,17.731598,95.82625
1177,2025-08-18 01:00:00+05:30,10.8029995,79.43904,20.35274,87.972725
1178,2025-08-18 02:00:00+05:30,11.431063,82.763176,21.246862,88.54368
1179,2025-08-18 03:00:00+05:30,11.276968,81.740654,21.072304,88.04198
1180,2025-08-18 04:00:00+05:30,11.832176,76.80939,21.25601,82.21307
1181,2025-08-18 05:00:00+05:30,11.885453,88.264336,21.432096,91.92515
1182,2025-08-18 06:00:00+05:30,14.94,90.0,23.406229,91.32195
1183,2025-08-18 07:00:00+05:30,20.12461,100.30479,28.241076,101.023415
1184,2025-08-18 08:00:00+05:30,19.73854,102.64215,27.509394,102.85412
1185,2025-08-18 09:00:00+05:30,19.296133,104.03627,26.194176,104.32276
1186,2025-08-18 10:00:00+05:30,18.1041,107.35411,24.76227,107.7765
1187,2025-08-18 11:00:00+05:30,18.606289,102.288315,24.932436,102.93261
1188,2025-08-18 12:00:00+05:30,18.38557,108.25767,24.305332,108.56923
1189,2025-08-18 13:00:00+05:30,17.02404,109.77617,21.976223,109.62235
1190,2025-08-18 14:00:00+05:30,19.69993,109.75956,27.91451,110.77233
1191,2025-08-18 15:00:00+05:30,11.39842,111.297424,15.825675,109.259384
1192,2025-08-18 16:00:00+05:30,11.269782,116.56499,15.778518,117.1496
1193,2025-08-18 17:00:00+05:30,14.982228,125.21768,23.874949,125.48755
1194,2025-08-18 18:00:00+05:30,14.571108,117.198044,25.591038,120.89458
1195,2025-08-18 19:00:00+05:30,14.49531,118.1561,25.683926,121.23916
1196,2025-08-18 20:00:00+05:30,13.854155,114.56716,24.738707,119.17598
1197,2025-08-18 21:00:00+05:30,10.163227,112.93214,19.643105,117.26939
1198,2025-08-18 22:00:00+05:30,10.390226,104.03627,19.592731,110.432915
1199,2025-08-18 23:00:00+05:30,11.609651,97.12492,21.087673,103.32455
1200,2025-08-19 00:00:00+05:30,12.860871,96.42866,22.81531,99.53657
1201,2025-08-19 01:00:00+05:30,12.324414,96.70974,22.019674,98.461205
1202,2025-08-19 02:00:00+05:30,13.842457,102.77125,23.967726,104.349365
1203,2025-08-19 03:00:00+05:30,13.262714,97.8001,23.087763,100.78425
1204,2025-08-19 04:00:00+05:30,13.976394,97.3995,24.216522,101.14285
1205,2025-08-19 05:00:00+05:30,13.321216,90.77421,22.571884,94.57384
1206,2025-08-19 06:00:00+05:30,18.72346,91.101685,28.467897,92.536705
1207,2025-08-19 07:00:00+05:30,21.96,100.38881,31.604736,99.83779
1208,2025-08-19 08:00:00+05:30,21.960737,104.71971,30.737864,104.93147
1209,2025-08-19 09:00:00+05:30,20.398058,105.876015,27.741613,106.20079
1210,2025-08-19 10:00:00+05:30,19.533937,106.59819,26.415268,107.44727
1211,2025-08-19 11:00:00+05:30,21.46835,110.10632,28.251398,110.513405
1212,2025-08-19 12:00:00+05:30,23.108103,115.36736,32.766426,115.72041
1213,2025-08-19 13:00:00+05:30,19.969458,123.976585,27.906965,123.6901
1214,2025-08-19 14:00:00+05:30,19.200188,141.08852,26.87491,140.9806
1215,2025-08-19 15:00:00+05:30,18.57143,146.46393,26.769215,147.91298
1216,2025-08-19 16:00:00+05:30,16.529644,141.63248,24.192429,143.47105
1217,2025-08-19 17:00:00+05:30,12.514855,130.33307,20.241,133.91916
1218,2025-08-19 18:00:00+05:30,13.432632,122.412285,23.796108,126.69663
1219,2025-08-19 19:00:00+05:30,12.708815,127.51919,23.066002,132.15332
1220,2025-08-19 20:00:00+05:30,12.13499,122.27561,22.545315,128.51695
1221,2025-08-19 21:00:00+05:30,12.081473,118.47411,22.22836,121.75944
1222,2025-08-19 22:00:00+05:30,12.007498,113.87529,21.981382,117.824005
1223,2025-08-19 23:00:00+05:30,13.004922,131.63345,22.657845,128.87308
1224,2025-08-20 00:00:00+05:30,11.385622,129.22566,20.81239,130.43997
1225,2025-08-20 01:00:00+05:30,12.348052,120.67721,21.566973,123.424835
1226,2025-08-20 02:00:00+05:30,12.10157,120.37905,21.46835,123.02387
1227,2025-08-20 03:00:00+05:30,11.435313,118.1785,19.849846,120.51815
1228,2025-08-20 04:00:00+05:30,12.399113,117.68098,21.366234,119.80466
1229,2025-08-20 05:00:00+05:30,12.362475,106.06006,21.426807,111.17581
1230,2025-08-20 06:00:00+05:30,13.971756,111.93854,21.498512,115.27769
1231,2025-08-20 07:00:00+05:30,15.696165,126.60716,23.50844,127.22095
1232,2025-08-20 08:00:00+05:30,17.564533,135.0001,24.056108,134.69687
1233,2025-08-20 09:00:00+05:30,16.419514,135.44409,22.148046,135.65846
1234,2025-08-20 10:00:00+05:30,16.951565,138.01286,22.932877,137.54485
1235,2025-08-20 11:00:00+05:30,17.373497,145.9806,22.714973,146.3099
1236,2025-08-20 12:00:00+05:30,14.092978,151.79846,19.483284,152.48808
1237,2025-08-20 13:00:00+05:30,16.260885,153.71866,22.700705,153.6382
1238,2025-08-20 14:00:00+05:30,14.48972,153.43501,19.72212,153.43501
1239,2025-08-20 15:00:00+05:30,16.341383,153.15279,23.265303,152.84029
1240,2025-08-20 16:00:00+05:30,11.207801,150.14108,16.276817,150.88396
1241,2025-08-20 17:00:00+05:30,13.130133,146.74562,22.081385,150.71867
1242,2025-08-20 18:00:00+05:30,10.134496,109.722374,18.999168,115.8367
1243,2025-08-20 19:00:00+05:30,10.855358,130.29207,20.256998,132.47913
1244,2025-08-20 20:00:00+05:30,10.486448,129.42778,19.219584,134.6206
1245,2025-08-20 21:00:00+05:30,10.383987,123.690094,19.290257,130.07933
1246,2025-08-20 22:00:00+05:30,9.059205,130.97165,17.339897,138.36655
1247,2025-08-20 23:00:00+05:30,5.920878,160.46326,13.237039,157.61983
1248,2025-08-21 00:00:00+05:30,4.8466477,164.93146,11.543881,169.21574
1249,2025-08-21 01:00:00+05:30,5.8409934,123.690094,12.229406,137.38599
1250,2025-08-21 02:00:00+05:30,7.289444,159.77505,12.181625,161.0295
1251,2025-08-21 03:00:00+05:30,6.3690495,137.29063,10.534229,146.853
1252,2025-08-21 04:00:00+05:30,2.19718,34.9921,3.536439,104.743614
1253,2025-08-21 05:00:00+05:30,5.5567255,114.90474,10.472535,118.767555
1254,2025-08-21 06:00:00+05:30,0.17999999,90.0,1.7076298,198.43504
1255,2025-08-21 07:00:00+05:30,4.942631,146.88864,5.991594,147.26479
1256,2025-08-21 08:00:00+05:30,7.293888,164.24876,9.299225,165.42575
1257,2025-08-21 09:00:00+05:30,5.8769383,152.6502,7.406295,154.05775
1258,2025-08-21 10:00:00+05:30,6.889557,199.8553,8.482947,197.28159
1259,2025-08-21 11:00:00+05:30,9.107359,198.43504,12.367716,201.33693
1260,2025-08-21 12:00:00+05:30,9.321845,190.00792,12.461669,190.82297
1261,2025-08-21 13:00:00+05:30,8.37532,188.65247,11.304229,189.16228
1262,2025-08-21 14:00:00+05:30,9.499157,189.81923,13.026081,191.15462
1263,2025-08-21 15:00:00+05:30,11.48761,215.4334,15.986593,215.83774
1264,2025-08-21 16:00:00+05:30,7.9465466,193.0919,11.328566,197.57135
1265,2025-08-21 17:00:00+05:30,8.242743,211.60745,14.892213,206.56499
1266,2025-08-21 18:00:00+05:30,10.6261,178.05856,19.807362,181.5622
1267,2025-08-21 19:00:00+05:30,10.03167,189.29323,19.59356,190.58727
1268,2025-08-21 20:00:00+05:30,9.721666,181.06088,18.998314,189.81923
1269,2025-08-21 21:00:00+05:30,9.5416975,181.0809,19.003431,185.9805
1270,2025-08-21 22:00:00+05:30,8.557102,165.37909,16.966848,175.74124
1271,2025-08-21 23:00:00+05:30,8.909545,171.86998,17.339897,184.76355
1272,2025-08-22 00:00:00+05:30,9.430695,203.6294,18.275984,207.57448
1273,2025-08-22 01:00:00+05:30,6.4096174,231.84273,14.81259,244.05775
1274,2025-08-22 02:00:00+05:30,4.5891175,131.82008,5.6060677,185.52745
1275,2025-08-22 03:00:00+05:30,5.441838,124.21575,6.7469993,170.78905
1276,2025-08-22 04:00:00+05:30,5.4149795,195.42223,10.210936,220.71075
1277,2025-08-22 05:00:00+05:30,4.724786,162.25523,10.018743,197.78398
1278,2025-08-22 06:00:00+05:30,7.10031,239.53453,12.43434,247.8905
1279,2025-08-22 07:00:00+05:30,10.636766,246.0375,18.38557,251.74234
1280,2025-08-22 08:00:00+05:30,6.0077944,261.38443,9.567131,274.31595
1281,2025-08-22 09:00:00+05:30,6.279395,297.2995,8.863972,299.1675
1282,2025-08-22 10:00:00+05:30,6.4924874,226.12321,8.067936,231.34016
1283,2025-08-22 11:00:00+05:30,6.544677,211.50421,8.242743,211.60745
1284,2025-08-22 12:00:00+05:30,9.659814,243.43501,12.157663,244.57317
1285,2025-08-22 13:00:00+05:30,9.354806,239.98172,11.996699,242.28159
1286,2025-08-22 14:00:00+05:30,10.055864,225.72514,12.606426,226.73567
1287,2025-08-22 15:00:00+05:30,11.854062,228.07755,16.928614,224.56926
1288,2025-08-22 16:00:00+05:30,8.181589,219.64413,11.480557,221.18582
1289,2025-08-22 17:00:00+05:30,9.5196,195.35019,16.055353,199.65392
1290,2025-08-22 18:00:00+05:30,7.0911775,246.0375,14.319901,255.43968
1291,2025-08-22 19:00:00+05:30,6.6624317,218.41809,13.779114,236.7251
1292,2025-08-22 20:00:00+05:30,7.9567327,217.64769,14.957339,230.37103
1293,2025-08-22 21:00:00+05:30,6.4624763,192.875,13.130133,213.25438
1294,2025-08-22 22:00:00+05:30,5.3999996,233.13002,12.011544,240.36171
1295,2025-08-22 23:00:00+05:30,6.3639607,208.7397,11.226575,221.09941
1296,2025-08-23 00:00:00+05:30,6.696387,216.25392,11.226575,221.09941
1297,2025-08-23 01:00:00+05:30,7.9220443,201.31798,13.363711,207.25525
1298,2025-08-23 02:00:00+05:30,7.102591,188.74608,12.413476,196.85847
1299,2025-08-23 03:00:00+05:30,6.1858225,171.6342,10.823973,183.814
1300,2025-08-23 04:00:00+05:30,6.439876,153.43501,10.914888,166.65126
1301,2025-08-23 05:00:00+05:30,7.42159,140.90616,12.081473,151.5259
1302,2025-08-23 06:00:00+05:30,12.961249,180.7957,18.969301,184.899
1303,2025-08-23 07:00:00+05:30,12.708816,195.61105,18.731247,199.65392
1304,2025-08-23 08:00:00+05:30,12.108261,168.85715,17.968472,169.0278
1305,2025-08-23 09:00:00+05:30,13.339445,183.094,18.252037,185.09203
1306,2025-08-23 10:00:00+05:30,13.54911,199.3979,18.183563,201.4855
1307,2025-08-23 11:00:00+05:30,14.917212,199.74693,19.992968,200.55612
1308,2025-08-23 12:00:00+05:30,12.535549,201.03758,16.38,202.6199
1309,2025-08-23 13:00:00+05:30,10.914888,193.34874,13.926464,194.21588
1310,2025-08-23 14:00:00+05:30,12.093534,184.2678,15.367616,185.37662
1311,2025-08-23 15:00:00+05:30,12.534257,192.43954,18.123774,195.55463
1312,2025-08-23 16:00:00+05:30,13.5515,196.9909,18.954777,198.26299
1313,2025-08-23 17:00:00+05:30,14.975741,193.2011,24.280659,195.4787
1314,2025-08-23 18:00:00+05:30,9.335737,199.13374,18.201372,208.33904
1315,2025-08-23 19:00:00+05:30,10.609316,194.7436,20.457537,201.14616
1316,2025-08-23 20:00:00+05:30,14.156058,191.73854,25.022587,195.43593
1317,2025-08-23 21:00:00+05:30,12.638512,190.66974,23.270874,194.78873
1318,2025-08-23 22:00:00+05:30,12.69351,198.17812,23.33136,202.21188
1319,2025-08-23 23:00:00+05:30,12.074766,190.3048,22.431494,197.27184
1320,2025-08-24 00:00:00+05:30,11.659777,188.88058,21.833488,195.2966
1321,2025-08-24 01:00:00+05:30,9.761578,185.29,19.48661,191.72508
1322,2025-08-24 02:00:00+05:30,9.0645685,173.15732,17.49337,183.53949
1323,2025-08-24 03:00:00+05:30,7.596341,166.29301,15.664136,178.68312
1324,2025-08-24 04:00:00+05:30,8.260411,168.69011,16.563911,178.75467
1325,2025-08-24 05:00:00+05:30,8.709098,161.93944,16.32055,173.03185
1326,2025-08-24 06:00:00+05:30,12.337553,156.80139,22.16998,169.23752
1327,2025-08-24 07:00:00+05:30,11.246759,140.19447,17.483181,151.06009
1328,2025-08-24 08:00:00+05:30,10.390226,165.96373,15.501959,167.25471
1329,2025-08-24 09:00:00+05:30,8.490582,158.87521,11.272657,160.40762
1330,2025-08-24 10:00:00+05:30,8.311245,162.3498,10.3621235,162.824
1331,2025-08-24 11:00:00+05:30,16.740969,180.61604,23.051247,181.78987
1332,2025-08-24 12:00:00+05:30,9.901636,181.04161,13.339445,183.094
1333,2025-08-24 13:00:00+05:30,11.252519,172.64772,13.775586,173.24652
1334,2025-08-24 14:00:00+05:30,8.865799,174.17375,12.440851,176.68228
1335,2025-08-24 15:00:00+05:30,9.567131,184.31595,12.991212,183.97241
1336,2025-08-24 16:00:00+05:30,10.98,190.38881,15.004919,190.36627
1337,2025-08-24 17:00:00+05:30,7.5942073,174.55975,13.878688,182.97366
1338,2025-08-24 18:00:00+05:30,10.1376915,186.1154,19.70815,189.46225
1339,2025-08-24 19:00:00+05:30,9.224011,174.40076,18.360882,180.56169
1340,2025-08-24 20:00:00+05:30,8.958504,157.5572,17.94411,166.66074
1341,2025-08-24 21:00:00+05:30,7.247096,165.61858,16.09969,169.6952
1342,2025-08-24 22:00:00+05:30,6.1226463,155.69547,14.759999,167.31963
1343,2025-08-24 23:00:00+05:30,7.6473517,153.43501,16.62249,162.3498
1344,2025-08-25 00:00:00+05:30,6.544677,148.49579,14.978986,159.60504
1345,2025-08-25 01:00:00+05:30,6.156947,142.12495,13.767352,154.44008
1346,2025-08-25 02:00:00+05:30,5.441838,124.21575,12.242646,138.57643
1347,2025-08-25 03:00:00+05:30,6.689125,113.80595,13.935767,125.537766
1348,2025-08-25 04:00:00+05:30,6.037383,116.56499,13.737904,121.60746
1349,2025-08-25 05:00:00+05:30,6.603817,107.44727,14.092977,114.92845
1350,2025-08-25 06:00:00+05:30,4.5,106.26028,5.2478566,95.906044
1351,2025-08-25 07:00:00+05:30,6.9550843,100.43742,9.531505,100.88548
1352,2025-08-25 08:00:00+05:30,7.5170207,106.699326,9.568824,106.38962
1353,2025-08-25 09:00:00+05:30,8.11798,93.814,10.285232,94.0141
1354,2025-08-25 10:00:00+05:30,8.107996,87.45525,10.261578,88.99494
1355,2025-08-25 11:00:00+05:30,6.6624317,88.45188,8.28,90.0
1356,2025-08-25 12:00:00+05:30,7.2022495,88.56794,8.82,90.0
1357,2025-08-25 13:00:00+05:30,7.9932976,97.76508,9.6480665,98.58354
1358,2025-08-25 14:00:00+05:30,6.689125,113.80595,8.461915,113.838745
1359,2025-08-25 15:00:00+05:30,5.0816135,112.93214,6.361415,115.11481
1360,2025-08-25 16:00:00+05:30,14.328949,153.11314,20.366266,153.20856
1361,2025-08-25 17:00:00+05:30,9.676569,161.56496,14.743526,162.22859
1362,2025-08-25 18:00:00+05:30,9.9408245,148.32457,19.175703,147.65259
1363,2025-08-25 19:00:00+05:30,4.510787,151.38963,12.157663,154.57317
1364,2025-08-25 20:00:00+05:30,3.710795,129.09386,9.600937,149.589
1365,2025-08-25 21:00:00+05:30,3.7971041,121.42952,9.7565975,142.49579
1366,2025-08-25 22:00:00+05:30,3.7585104,106.699326,9.252069,127.09292
1367,2025-08-25 23:00:00+05:30,4.0249224,116.56499,10.571074,132.92996
1368,2025-08-26 00:00:00+05:30,4.3832865,109.17911,11.246759,129.80553
1369,2025-08-26 01:00:00+05:30,4.143911,124.3804,11.200571,135.0001
1370,2025-08-26 02:00:00+05:30,4.5891175,115.55992,11.753876,130.0302
1371,2025-08-26 03:00:00+05:30,4.5322843,96.84268,11.609651,119.74479
1372,2025-08-26 04:00:00+05:30,4.503598,92.29056,11.276967,114.51963
1373,2025-08-26 05:00:00+05:30,5.2416787,105.945465,12.413477,119.53869
1374,2025-08-26 06:00:00+05:30,6.5248446,114.44395,13.737904,121.60746
1375,2025-08-26 07:00:00+05:30,9.499158,117.05052,13.060857,119.74478
1376,2025-08-26 08:00:00+05:30,11.521406,118.96757,15.315873,119.57774
1377,2025-08-26 09:00:00+05:30,11.1090765,116.980156,14.49531,118.1561
1378,2025-08-26 10:00:00+05:30,11.534054,112.963806,14.913952,113.47101
1379,2025-08-26 11:00:00+05:30,12.56008,115.4633,16.344357,115.43618
1380,2025-08-26 12:00:00+05:30,11.866355,112.28564,15.481046,113.28609
1381,2025-08-26 13:00:00+05:30,11.792404,121.26367,15.435983,121.65123
1382,2025-08-26 14:00:00+05:30,9.5416975,125.78906,12.492829,126.20955
1383,2025-08-26 15:00:00+05:30,9.504272,127.30403,12.599998,126.86999
1384,2025-08-26 16:00:00+05:30,12.346741,135.59058,18.335276,136.5911
1385,2025-08-26 17:00:00+05:30,9.693296,148.67137,16.85669,149.87578
1386,2025-08-26 18:00:00+05:30,6.452441,149.8587,15.095336,149.15349
1387,2025-08-26 19:00:00+05:30,6.9527545,158.74942,16.412603,158.78195
1388,2025-08-26 20:00:00+05:30,4.186693,154.5367,11.328566,162.42865
1389,2025-08-26 21:00:00+05:30,3.319036,130.60121,8.43699,146.3099
1390,2025-08-26 22:00:00+05:30,3.0652895,86.63361,7.329338,114.67685
1391,2025-08-26 23:00:00+05:30,4.5,73.73973,10.316686,96.00892
1392,2025-08-27 00:00:00+05:30,6.3639607,98.13002,14.64209,110.88588
1393,2025-08-27 01:00:00+05:30,6.5520988,110.924576,14.634343,121.93065
1394,2025-08-27 02:00:00+05:30,7.0107627,119.197395,15.589497,126.0761
1395,2025-08-27 03:00:00+05:30,5.3699164,103.57046,13.125196,115.15927
1396,2025-08-27 04:00:00+05:30,6.698806,83.829926,14.292725,95.7823
1397,2025-08-27 05:00:00+05:30,8.528657,82.72509,17.28,90.0
1398,2025-08-27 06:00:00+05:30,13.576582,83.911575,22.338137,87.69099
1399,2025-08-27 07:00:00+05:30,14.369594,102.29526,20.265795,102.30801
1400,2025-08-27 08:00:00+05:30,14.345898,107.52566,19.866161,107.94254
1401,2025-08-27 09:00:00+05:30,15.710607,108.01987,21.004541,107.96923
1402,2025-08-27 10:00:00+05:30,16.279802,108.03438,21.9718,108.138176
1403,2025-08-27 11:00:00+05:30,17.254667,110.13639,23.05476,109.142365
1404,2025-08-27 12:00:00+05:30,18.35647,115.55992,24.795612,115.820946
1405,2025-08-27 13:00:00+05:30,14.978986,110.39496,20.523157,111.61484
1406,2025-08-27 14:00:00+05:30,19.179081,119.2112,25.443748,117.83396
1407,2025-08-27 15:00:00+05:30,11.885453,144.86572,16.596157,143.37859
1408,2025-08-27 16:00:00+05:30,9.688281,144.83348,13.18308,145.0079
1409,2025-08-27 17:00:00+05:30,12.870944,137.83418,20.015644,138.28098
1410,2025-08-27 18:00:00+05:30,7.7900705,130.31403,16.069473,138.63306
1411,2025-08-27 19:00:00+05:30,8.790563,137.4896,17.772663,146.14896
1412,2025-08-27 20:00:00+05:30,9.7565975,142.49579,19.233065,148.39255
1413,2025-08-27 21:00:00+05:30,9.354806,149.98172,18.681883,154.91644
1414,2025-08-27 22:00:00+05:30,8.3520775,142.88306,17.311846,152.10281
1415,2025-08-27 23:00:00+05:30,8.967541,141.51978,18.463821,150.18593
1416,2025-08-28 00:00:00+05:30,8.669949,138.36655,17.84271,149.03632
1417,2025-08-28 01:00:00+05:30,9.044888,137.41954,18.57143,146.46393
1418,2025-08-28 02:00:00+05:30,9.299225,132.64667,19.313757,140.67305
1419,2025-08-28 03:00:00+05:30,7.6579366,119.57774,16.985933,130.27194
1420,2025-08-28 04:00:00+05:30,8.197414,109.23077,17.349236,120.555885
1421,2025-08-28 05:00:00+05:30,10.8672905,116.56499,20.68356,121.47678
1422,2025-08-28 06:00:00+05:30,15.778518,117.1496,23.59099,117.73809
1423,2025-08-28 07:00:00+05:30,18.508516,130.66165,26.435497,130.30501
1424,2025-08-28 08:00:00+05:30,16.489416,143.88057,22.431496,144.14156
1425,2025-08-28 09:00:00+05:30,15.94601,151.69934,21.176598,152.12814
1426,2025-08-28 10:00:00+05:30,16.546299,157.61981,21.627733,157.49014
1427,2025-08-28 11:00:00+05:30,16.42247,153.9967,21.413193,153.00424
1428,2025-08-28 12:00:00+05:30,13.363711,152.74475,17.873556,152.4028
1429,2025-08-28 13:00:00+05:30,18.083506,157.77492,23.431133,158.362
1430,2025-08-28 14:00:00+05:30,13.581354,145.25676,18.820976,146.3099
1431,2025-08-28 15:00:00+05:30,16.580532,147.86278,22.9724,147.80429
1432,2025-08-28 16:00:00+05:30,18.519018,154.68036,26.892385,154.63562
1433,2025-08-28 17:00:00+05:30,14.481893,147.69269,23.77772,150.5242
1434,2025-08-28 18:00:00+05:30,12.399113,140.30096,23.018898,145.19144
1435,2025-08-28 19:00:00+05:30,11.13384,145.53912,21.392754,149.11899
1436,2025-08-28 20:00:00+05:30,11.052058,142.94339,21.370783,147.38077
1437,2025-08-28 21:00:00+05:30,10.944532,143.69542,21.0846,148.61687
1438,2025-08-28 22:00:00+05:30,11.385622,140.77434,21.517342,145.91109
1439,2025-08-28 23:00:00+05:30,10.883676,145.78424,20.530258,148.2609
1440,2025-08-29 00:00:00+05:30,11.391313,148.5705,20.94507,151.23245
1441,2025-08-29 01:00:00+05:30,11.334285,159.55037,20.724247,162.824
1442,2025-08-29 02:00:00+05:30,9.044888,148.84076,18.152355,157.249
1443,2025-08-29 03:00:00+05:30,8.967541,141.51978,18.116621,152.16202
1444,2025-08-29 04:00:00+05:30,8.461915,141.91118,17.081041,151.00414
1445,2025-08-29 05:00:00+05:30,8.404285,136.73567,17.123669,146.14285
1446,2025-08-29 06:00:00+05:30,10.185519,136.43204,18.226276,145.05426
1447,2025-08-29 07:00:00+05:30,12.904882,149.8587,17.816362,150.32701
1448,2025-08-29 08:00:00+05:30,10.692969,143.90163,13.935767,144.46223
1449,2025-08-29 09:00:00+05:30,11.666721,141.89238,14.941083,143.82028
1450,2025-08-29 10:00:00+05:30,8.6867485,145.9806,10.63372,146.04091
1451,2025-08-29 11:00:00+05:30,16.516901,163.5399,23.365358,164.3577
1452,2025-08-29 12:00:00+05:30,11.555102,161.8472,18.272438,161.0295
1453,2025-08-29 13:00:00+05:30,14.465102,163.36897,20.724247,162.824
1454,2025-08-29 14:00:00+05:30,14.545515,167.85574,19.662888,168.3815
1455,2025-08-29 15:00:00+05:30,15.236338,165.63538,20.999144,165.60637
1456,2025-08-29 16:00:00+05:30,14.33234,154.72232,20.37899,155.47229
1457,2025-08-29 17:00:00+05:30,11.9466305,149.18436,19.652176,151.55717
1458,2025-08-29 18:00:00+05:30,12.56008,154.5367,22.571884,156.50142
1459,2025-08-29 19:00:00+05:30,11.609651,150.2552,21.2522,153.86906
1460,2025-08-29 20:00:00+05:30,9.826088,151.55717,19.263363,156.3093
1461,2025-08-29 21:00:00+05:30,8.797931,149.23735,18.083506,157.77492
1462,2025-08-29 22:00:00+05:30,9.807935,137.2312,19.320465,146.0138
1463,2025-08-29 23:00:00+05:30,9.418662,135.0001,18.648035,143.24063
1464,2025-08-30 00:00:00+05:30,8.65873,136.68465,17.772663,146.14896
1465,2025-08-30 01:00:00+05:30,8.942214,139.89915,18.06199,150.11356
1466,2025-08-30 02:00:00+05:30,7.2,126.86999,14.98331,141.34018
1467,2025-08-30 03:00:00+05:30,6.7397914,124.11452,14.14232,137.5792
1468,2025-08-30 04:00:00+05:30,7.0199995,112.61991,14.336861,128.8845
1469,2025-08-30 05:00:00+05:30,7.1389914,123.6901,14.529915,131.98714
1470,2025-08-30 06:00:00+05:30,8.641874,144.3235,14.892213,153.43501
1471,2025-08-30 07:00:00+05:30,9.703319,139.51407,13.298089,140.49236
1472,2025-08-30 08:00:00+05:30,8.654987,135.0001,11.079873,136.97493
1473,2025-08-30 09:00:00+05:30,7.382195,135.0001,9.292254,135.78474
1474,2025-08-30 10:00:00+05:30,8.574123,129.0355,10.626099,128.8114
1475,2025-08-30 11:00:00+05:30,9.54679,135.76381,11.709688,135.0001
1476,2025-08-30 12:00:00+05:30,16.244936,158.5522,20.590143,157.91951
1477,2025-08-30 13:00:00+05:30,13.948548,160.39583,18.613253,161.38974
1478,2025-08-30 14:00:00+05:30,7.69592,169.21574,11.098865,171.60716
1479,2025-08-30 15:00:00+05:30,10.261579,164.74483,13.499999,163.73972
1480,2025-08-30 16:00:00+05:30,10.534229,160.0168,14.970331,161.7828
1481,2025-08-30 17:00:00+05:30,9.05205,162.64589,15.410774,165.80142
1482,2025-08-30 18:00:00+05:30,8.274128,134.1187,17.856325,142.78348
1483,2025-08-30 19:00:00+05:30,8.274128,134.1187,17.570988,142.07347
1484,2025-08-30 20:00:00+05:30,6.9247384,117.89718,15.4642935,129.80553
1485,2025-08-30 21:00:00+05:30,7.289444,110.22495,16.299694,120.529625
1486,2025-08-30 22:00:00+05:30,4.1125174,113.198616,11.983188,122.73522
1487,2025-08-30 23:00:00+05:30,4.2021422,99.865746,10.897063,120.80138
1488,2025-08-31 00:00:00+05:30,3.8939953,123.6901,10.564941,135.6902
1489,2025-08-31 01:00:00+05:30,3.6,126.86999,9.7565975,142.49579
1490,2025-08-31 02:00:00+05:30,4.510787,118.61037,10.946013,135.0001
1491,2025-08-31 03:00:00+05:30,3.4576871,128.65984,9.7565975,142.49579
1492,2025-08-31 04:00:00+05:30,3.219938,116.56499,8.714677,141.7098
1493,2025-08-31 05:00:00+05:30,4.6277857,76.50425,9.107359,108.43504
1494,2025-08-31 06:00:00+05:30,3.7971041,148.57048,5.154415,155.22488
1495,2025-08-31 07:00:00+05:30,4.293669,146.97614,5.402999,150.01845
1496,2025-08-31 08:00:00+05:30,3.4623692,117.89718,4.510787,118.61037
1497,2025-08-31 09:00:00+05:30,4.6277857,103.49575,5.7628117,104.47034
1498,2025-08-31 10:00:00+05:30,6.0077944,81.38444,7.4346757,83.047134
1499,2025-08-31 11:00:00+05:30,7.69592,100.784256,9.56713,101.94416
1500,2025-08-31 12:00:00+05:30,9.3962755,110.17074,11.966953,111.16133
1501,2025-08-31 13:00:00+05:30,7.729527,117.75845,9.4238205,118.52302
1502,2025-08-31 14:00:00+05:30,6.5223618,117.979385,8.217153,118.8107
1503,2025-08-31 15:00:00+05:30,8.53815,124.69522,11.236671,125.21768
1504,2025-08-31 16:00:00+05:30,6.297428,149.03632,9.693296,148.67137
1505,2025-08-31 17:00:00+05:30,5.6233797,129.80553,11.966954,136.2188
1506,2025-08-31 18:00:00+05:30,4.5322843,186.84268,11.788281,187.0164
1507,2025-08-31 19:00:00+05:30,4.379589,189.46225,10.920824,188.53069
1508,2025-08-31 20:00:00+05:30,3.4247334,176.98727,8.82,180.0
1509,2025-08-31 21:00:00+05:30,3.096837,125.537766,8.149847,149.47037
1510,2025-08-31 22:00:00+05:30,0.6489992,213.6901,4.7110505,173.41815
1511,2025-08-31 23:00:00+05:30,2.226477,255.96373,5.48631,221.00899
1512,2025-09-01 00:00:00+05:30,2.5772078,282.09473,5.6492476,247.52052
1513,2025-09-01 01:00:00+05:30,3.148714,329.03632,5.4744864,297.4075
1514,2025-09-01 02:00:00+05:30,3.396233,327.99466,7.5105524,314.02905
1515,2025-09-01 03:00:00+05:30,3.143565,336.3706,8.39078,324.6051
1516,2025-09-01 04:00:00+05:30,2.4216523,318.01288,6.6087217,330.64233
1517,2025-09-01 05:00:00+05:30,6.482499,1.5911111,11.35285,357.27374
1518,2025-09-01 06:00:00+05:30,6.849467,356.98727,13.737904,354.7377
1519,2025-09-01 07:00:00+05:30,6.2483597,11.633606,8.43699,11.07017
1520,2025-09-01 08:00:00+05:30,4.942631,10.491434,6.2483597,11.633606
1521,2025-09-01 09:00:00+05:30,5.8104043,16.189287,7.3447943,17.102825
1522,2025-09-01 10:00:00+05:30,7.2044983,12.99463,9.080639,13.760814
1523,2025-09-01 11:00:00+05:30,9.449572,17.744766,12.0694,17.354122
1524,2025-09-01 12:00:00+05:30,8.461914,29.29127,10.874742,28.68606
1525,2025-09-01 13:00:00+05:30,7.889259,27.149609,9.741642,27.511923
1526,2025-09-01 14:00:00+05:30,6.9247384,27.897186,8.6193495,28.705854
1527,2025-09-01 15:00:00+05:30,7.44121,32.15227,9.7880945,32.22873
1528,2025-09-01 16:00:00+05:30,6.4924874,46.12322,9.037721,45.806843
1529,2025-09-01 17:00:00+05:30,2.16,90.0,5.937272,75.96373
1530,2025-09-01 18:00:00+05:30,1.0495713,59.03632,5.509882,51.632477
1531,2025-09-01 19:00:00+05:30,1.9386592,291.80148,4.1046314,344.7448
1532,2025-09-01 20:00:00+05:30,4.1085763,298.8107,6.7397914,325.8855
1533,2025-09-01 21:00:00+05:30,13.684735,215.36255,20.135878,222.10135
1534,2025-09-01 22:00:00+05:30,4.802999,77.00539,4.8733153,94.23632
1535,2025-09-01 23:00:00+05:30,2.9024127,352.87506,5.6492476,22.47948
1536,2025-09-02 00:00:00+05:30,6.6624317,271.54813,10.636766,293.9625
1537,2025-09-02 01:00:00+05:30,5.1481256,306.46933,7.7650757,314.06088
1538,2025-09-02 02:00:00+05:30,4.965521,313.53125,11.119281,330.9455
1539,2025-09-02 03:00:00+05:30,4.6938252,4.398633,11.588701,6.2418275
1540,2025-09-02 04:00:00+05:30,3.7064266,29.054508,10.285232,32.85573
1541,2025-09-02 05:00:00+05:30,5.7431,32.195713,12.678185,38.65983
1542,2025-09-02 06:00:00+05:30,12.57426,76.75947,20.128637,74.96952
1543,2025-09-02 07:00:00+05:30,15.885956,109.87227,23.933907,111.16133
1544,2025-09-02 08:00:00+05:30,17.87718,115.01686,25.762648,115.66983
1545,2025-09-02 09:00:00+05:30,20.436144,121.3099,28.7155,122.1957
1546,2025-09-02 10:00:00+05:30,18.934254,119.0016,25.965584,119.94186
1547,2025-09-02 11:00:00+05:30,17.183167,112.80457,22.571884,113.49858
1548,2025-09-02 12:00:00+05:30,14.743526,107.77141,19.070658,107.57995
1549,2025-09-02 13:00:00+05:30,13.891522,121.218346,21.11838,124.23191
1550,2025-09-02 14:00:00+05:30,16.42247,116.00329,23.433899,114.99028
1551,2025-09-02 15:00:00+05:30,10.957847,104.26455,15.602999,106.76264
1552,2025-09-02 16:00:00+05:30,9.47012,98.74608,13.493999,99.21095
1553,2025-09-02 17:00:00+05:30,9.224011,107.020615,16.344357,106.638885
1554,2025-09-02 18:00:00+05:30,13.709573,93.76396,24.412407,95.50032
1555,2025-09-02 19:00:00+05:30,9.914717,93.12207,18.762356,98.829666
1556,2025-09-02 20:00:00+05:30,11.542478,86.423744,21.468348,93.84596
1557,2025-09-02 21:00:00+05:30,13.039754,96.340096,23.546999,101.911194
1558,2025-09-02 22:00:00+05:30,11.375658,85.46231,20.94275,94.43639
1559,2025-09-02 23:00:00+05:30,10.981475,89.06083,20.738312,93.4832
1560,2025-09-03 00:00:00+05:30,11.032987,95.61749,21.042301,100.34863
1561,2025-09-03 01:00:00+05:30,11.103243,73.033775,20.596436,80.94936
1562,2025-09-03 02:00:00+05:30,16.167967,78.4399,27.037172,82.73314
1563,2025-09-03 03:00:00+05:30,13.671707,80.9098,24.251284,84.03561
1564,2025-09-03 04:00:00+05:30,14.508715,78.5507,25.2924,85.101
1565,2025-09-03 05:00:00+05:30,14.618837,80.07382,25.084663,85.88518
1566,2025-09-03 06:00:00+05:30,16.048288,66.88577,25.7903,70.42679
1567,2025-09-03 07:00:00+05:30,18.145212,79.13599,27.643335,79.494995
1568,2025-09-03 08:00:00+05:30,19.48661,78.27492,26.548626,79.45199
1569,2025-09-03 09:00:00+05:30,23.535301,96.14653,31.272894,95.28391
1570,2025-09-03 10:00:00+05:30,12.992458,79.624214,20.852827,83.05912
1571,2025-09-03 11:00:00+05:30,24.136784,92.13687,32.44047,92.86235
1572,2025-09-03 12:00:00+05:30,29.260937,113.56885,42.27893,114.92845
1573,2025-09-03 13:00:00+05:30,18.22361,110.22495,28.344713,112.00416
1574,2025-09-03 14:00:00+05:30,20.605873,104.15767,29.293585,103.86549
1575,2025-09-03 15:00:00+05:30,21.416975,123.6901,30.555498,124.43905
1576,2025-09-03 16:00:00+05:30,14.233664,122.08216,22.714973,123.6901
1577,2025-09-03 17:00:00+05:30,15.192682,126.32692,25.103384,128.59567
1578,2025-09-03 18:00:00+05:30,13.450708,105.52418,24.13477,108.70531
1579,2025-09-03 19:00:00+05:30,13.910169,100.43742,24.098497,103.828674
1580,2025-09-03 20:00:00+05:30,15.3771,128.34561,25.411257,124.0278
1581,2025-09-03 21:00:00+05:30,11.207801,119.858925,20.570463,122.85572
1582,2025-09-03 22:00:00+05:30,14.138882,121.464096,24.985659,126.20955
1583,2025-09-03 23:00:00+05:30,12.232057,122.98853,22.21305,127.42713
1584,2025-09-04 00:00:00+05:30,12.750811,131.56627,22.655699,135.0001
1585,2025-09-04 01:00:00+05:30,11.48761,125.4334,21.301687,131.23137
1586,2025-09-04 02:00:00+05:30,10.3621235,107.175995,19.48079,116.32823
1587,2025-09-04 03:00:00+05:30,9.526405,112.20353,18.762356,118.04006
1588,2025-09-04 04:00:00+05:30,9.187056,92.2457,17.791796,101.08253
1589,2025-09-04 05:00:00+05:30,13.499999,106.26028,22.603443,107.13637
1590,2025-09-04 06:00:00+05:30,15.151039,113.824265,23.426292,115.97434
1591,2025-09-04 07:00:00+05:30,15.079229,113.198616,21.201067,113.517975
1592,2025-09-04 08:00:00+05:30,15.405519,120.15998,20.808498,120.113655
1593,2025-09-04 09:00:00+05:30,14.602204,120.35804,19.694992,120.78408
1594,2025-09-04 10:00:00+05:30,14.84318,112.833694,19.523155,112.78245
1595,2025-09-04 11:00:00+05:30,19.229696,133.1035,26.880335,132.55756
1596,2025-09-04 12:00:00+05:30,10.703569,132.27362,14.133152,133.4519
1597,2025-09-04 13:00:00+05:30,13.130133,151.32695,17.660192,150.0379
1598,2025-09-04 14:00:00+05:30,11.032987,151.76265,15.463246,155.22488
1599,2025-09-04 15:00:00+05:30,7.289445,122.90524,11.952054,127.042564
1600,2025-09-04 16:00:00+05:30,6.945761,121.218346,9.54,121.890755
1601,2025-09-04 17:00:00+05:30,5.983477,133.7812,11.616626,139.39879
1602,2025-09-04 18:00:00+05:30,4.802999,102.99462,12.156331,117.323814
1603,2025-09-04 19:00:00+05:30,5.634891,116.56499,13.513193,131.76021
1604,2025-09-04 20:00:00+05:30,5.994297,138.65233,15.176678,146.12143
1605,2025-09-04 21:00:00+05:30,5.6521144,142.76509,14.654254,152.176
1606,2025-09-04 22:00:00+05:30,4.3349743,131.63345,11.7662735,150.6901
1607,2025-09-04 23:00:00+05:30,3.9477081,114.22774,10.233123,140.71062
1608,2025-09-05 00:00:00+05:30,5.8631387,107.87879,12.492829,126.20955
1609,2025-09-05 01:00:00+05:30,7.4672885,105.376305,16.192997,114.28583
1610,2025-09-05 02:00:00+05:30,6.8541956,103.671326,15.388685,114.166626
1611,2025-09-05 03:00:00+05:30,6.9550843,100.43742,15.086748,109.51596
1612,2025-09-05 04:00:00+05:30,8.297589,102.5288,16.73516,108.8248
1613,2025-09-05 05:00:00+05:30,9.354806,120.01828,18.58451,121.534744
1614,2025-09-05 06:00:00+05:30,8.287822,124.3804,17.95765,132.96909
1615,2025-09-05 07:00:00+05:30,12.750811,138.43373,16.940096,137.15297
1616,2025-09-05 08:00:00+05:30,12.768586,158.4985,17.046865,158.31087
1617,2025-09-05 09:00:00+05:30,13.32,161.07526,17.64551,161.56496
1618,2025-09-05 10:00:00+05:30,13.207634,162.55272,17.137852,162.89719
1619,2025-09-05 11:00:00+05:30,12.011544,160.75038,15.767219,161.35811
1620,2025-09-05 12:00:00+05:30,10.597094,159.10216,13.609951,159.88733
1621,2025-09-05 13:00:00+05:30,8.39078,157.28555,11.39842,158.70258
1622,2025-09-05 14:00:00+05:30,12.659004,150.15416,15.94601,151.69934
1623,2025-09-05 15:00:00+05:30,9.3962755,159.82927,12.864649,162.07199
1624,2025-09-05 16:00:00+05:30,10.086427,145.17545,14.178927,146.91515
1625,2025-09-05 17:00:00+05:30,7.596341,143.67308,13.089354,148.49579
1626,2025-09-05 18:00:00+05:30,8.731392,171.70294,18.582766,176.11217
1627,2025-09-05 19:00:00+05:30,5.4833565,156.80138,14.2336645,166.84245
1628,2025-09-05 20:00:00+05:30,5.4029994,178.0909,14.238215,177.10149
1629,2025-09-05 21:00:00+05:30,5.5596404,150.9455,14.572219,162.01257
1630,2025-09-05 22:00:00+05:30,5.5596404,150.9455,14.64209,159.11412
1631,2025-09-05 23:00:00+05:30,5.896202,167.66092,15.385525,173.95601
1632,2025-09-06 00:00:00+05:30,6.2999997,180.0,15.606114,187.28886
1633,2025-09-06 01:00:00+05:30,5.6060677,174.47255,14.311981,186.49925
1634,2025-09-06 02:00:00+05:30,6.5024605,175.23645,15.351793,184.70776
1635,2025-09-06 03:00:00+05:30,6.5049515,165.5792,15.3042345,178.65215
1636,2025-09-06 04:00:00+05:30,5.95906,154.98314,14.4415655,169.95071
1637,2025-09-06 05:00:00+05:30,4.91634,156.2505,13.202726,168.9965
1638,2025-09-06 06:00:00+05:30,4.613762,159.44388,10.823973,183.814
1639,2025-09-06 07:00:00+05:30,7.989243,165.65063,11.190442,168.87085
1640,2025-09-06 08:00:00+05:30,8.461914,178.78116,10.98,180.0
1641,2025-09-06 09:00:00+05:30,9.087772,172.03047,11.633348,171.99536
1642,2025-09-06 10:00:00+05:30,9.734988,176.82024,12.611567,177.54602
1643,2025-09-06 11:00:00+05:30,9.708326,169.31514,12.429127,169.99208
1644,2025-09-06 12:00:00+05:30,9.422101,173.41815,11.966953,173.08887
1645,2025-09-06 13:00:00+05:30,8.821836,178.83089,11.341428,179.09064
1646,2025-09-06 14:00:00+05:30,8.707238,187.12492,11.276968,188.25935
1647,2025-09-06 15:00:00+05:30,10.004178,188.2758,13.466357,188.45494
1648,2025-09-06 16:00:00+05:30,10.1376915,186.1154,16.343367,187.59456
1649,2025-09-06 17:00:00+05:30,8.297589,155.65892,16.279802,161.96562
1650,2025-09-06 18:00:00+05:30,7.9465466,193.0919,18.709612,191.09369
1651,2025-09-06 19:00:00+05:30,6.122647,181.68465,15.84409,178.69807
1652,2025-09-06 20:00:00+05:30,7.040739,175.60138,17.47484,177.63867
1653,2025-09-06 21:00:00+05:30,9.567131,184.31595,20.924952,188.40883
1654,2025-09-06 22:00:00+05:30,9.444426,187.66672,20.478907,190.1246
1655,2025-09-06 23:00:00+05:30,8.863972,192.90741,19.483284,196.09088
1656,2025-09-07 00:00:00+05:30,8.596766,199.57321,19.130875,199.79897
1657,2025-09-07 01:00:00+05:30,7.6473517,206.56499,17.790886,207.08347
1658,2025-09-07 02:00:00+05:30,6.384293,201.5015,15.778518,207.1496
1659,2025-09-07 03:00:00+05:30,5.9427266,178.26433,14.332341,191.59215
1660,2025-09-07 04:00:00+05:30,4.6938252,184.39862,12.886039,192.09474
1661,2025-09-07 05:00:00+05:30,5.297018,189.78233,13.32,198.92474
1662,2025-09-07 06:00:00+05:30,6.7469993,170.78905,14.799459,184.18483
1663,2025-09-07 07:00:00+05:30,7.613382,173.21112,10.464798,176.05489
1664,2025-09-07 08:00:00+05:30,8.790563,190.6196,11.578912,191.65926
1665,2025-09-07 09:00:00+05:30,8.12197,192.80426,10.739833,193.57045
1666,2025-09-07 10:00:00+05:30,5.6060677,185.52745,7.2359104,185.7105
1667,2025-09-07 11:00:00+05:30,4.323748,177.6141,5.4029994,178.0909
1668,2025-09-07 12:00:00+05:30,5.7599998,180.0,7.3821945,181.39716
1669,2025-09-07 13:00:00+05:30,6.4624763,192.875,8.297589,192.5288
1670,2025-09-07 14:00:00+05:30,5.6835546,190.95403,7.3094187,189.92618
1671,2025-09-07 15:00:00+05:30,6.12,180.0,7.92,180.0
1672,2025-09-07 16:00:00+05:30,7.415038,174.4279,11.375658,175.46231
1673,2025-09-07 17:00:00+05:30,8.197414,160.76924,16.940096,165.2254
1674,2025-09-07 18:00:00+05:30,12.304682,174.1227,23.940676,179.56923
1675,2025-09-07 19:00:00+05:30,9.721666,181.06088,20.031824,184.12222
1676,2025-09-07 20:00:00+05:30,8.865799,185.82625,19.245697,187.52373
1677,2025-09-07 21:00:00+05:30,7.9526596,185.19434,18.175545,187.96953
1678,2025-09-07 22:00:00+05:30,8.759178,189.46225,19.09782,191.4158
1679,2025-09-07 23:00:00+05:30,9.178235,191.30989,19.56046,194.93147
1680,2025-09-08 00:00:00+05:30,8.427383,199.9832,18.455048,200.55612
1681,2025-09-08 01:00:00+05:30,7.229191,198.88618,16.645864,201.57137
1682,2025-09-08 02:00:00+05:30,6.384293,201.5015,15.388685,204.16663
1683,2025-09-08 03:00:00+05:30,5.1826253,200.32323,13.60519,205.88698
1684,2025-09-08 04:00:00+05:30,5.426933,185.7105,13.379461,197.21616
1685,2025-09-08 05:00:00+05:30,5.426933,174.2895,13.262714,187.8001
1686,2025-09-08 06:00:00+05:30,4.724786,162.25523,10.261578,181.00507
1687,2025-09-08 07:00:00+05:30,4.9785542,167.4712,7.2359104,174.2895
1688,2025-09-08 08:00:00+05:30,6.519877,186.3401,8.731392,188.29706
1689,2025-09-08 09:00:00+05:30,4.5322843,173.15732,5.7852573,174.64427
1690,2025-09-08 10:00:00+05:30,5.1481256,143.53067,6.489992,146.3099
1691,2025-09-08 11:00:00+05:30,6.638072,139.39879,8.320986,141.14662
1692,2025-09-08 12:00:00+05:30,6.269067,140.82635,7.8480825,143.39284
1693,2025-09-08 13:00:00+05:30,6.792466,147.99466,8.490582,147.99466
1694,2025-09-08 14:00:00+05:30,7.596341,166.29301,9.605998,167.00539
1695,2025-09-08 15:00:00+05:30,9.422101,173.41815,12.145665,173.19104
1696,2025-09-08 16:00:00+05:30,9.854075,170.53775,15.273505,171.86998
1697,2025-09-08 17:00:00+05:30,9.54679,177.83897,18.547861,178.3317
1698,2025-09-08 18:00:00+05:30,5.9834766,173.08887,15.124284,178.63611
1699,2025-09-08 19:00:00+05:30,8.149847,186.3401,18.665401,186.64519
1700,2025-09-08 20:00:00+05:30,9.56713,191.94415,21.046917,192.8477
1701,2025-09-08 21:00:00+05:30,10.018743,197.78398,21.517344,199.04132
1702,2025-09-08 22:00:00+05:30,10.534229,199.9832,21.762886,200.83345
1703,2025-09-08 23:00:00+05:30,10.32924,202.5431,21.531641,203.13573
1704,2025-09-09 00:00:00+05:30,8.461914,209.29126,18.847641,208.52303
1705,2025-09-09 01:00:00+05:30,7.344794,216.02747,17.032604,215.53777
1706,2025-09-09 02:00:00+05:30,6.698806,210.69965,15.926694,214.40852
1707,2025-09-09 03:00:00+05:30,5.7204895,204.14554,14.634343,211.93065
1708,2025-09-09 04:00:00+05:30,4.278551,202.24907,12.13499,212.27562
1709,2025-09-09 05:00:00+05:30,4.5536795,198.43504,12.081473,208.4741
1710,2025-09-09 06:00:00+05:30,5.771239,183.57626,12.810386,199.70807
1711,2025-09-09 07:00:00+05:30,7.120815,200.72563,10.163227,202.93213
1712,2025-09-09 08:00:00+05:30,8.149847,210.52963,10.742848,211.29298
1713,2025-09-09 09:00:00+05:30,7.0038276,205.90645,8.936778,207.5972
1714,2025-09-09 10:00:00+05:30,6.5520988,195.94547,8.2584505,196.4601
1715,2025-09-09 11:00:00+05:30,6.037383,190.3048,7.519175,191.0409
1716,2025-09-09 12:00:00+05:30,6.6697226,176.906,8.281956,178.75467
1717,2025-09-09 13:00:00+05:30,6.698806,173.82993,8.490582,175.13557
1718,2025-09-09 14:00:00+05:30,8.11798,183.814,10.478722,184.92702
1719,2025-09-09 15:00:00+05:30,8.909545,188.13002,11.837651,188.74608
1720,2025-09-09 16:00:00+05:30,7.989243,194.34937,13.672893,196.04907
1721,2025-09-09 17:00:00+05:30,7.9383874,183.90042,17.214249,186.60474
1722,2025-09-09 18:00:00+05:30,9.187056,182.2457,19.804907,187.83543
1723,2025-09-09 19:00:00+05:30,10.390226,194.03627,21.833488,195.2966
1724,2025-09-09 20:00:00+05:30,8.849339,184.66678,19.274294,191.30989
1725,2025-09-09 21:00:00+05:30,10.004178,188.2758,21.612743,187.65762
1726,2025-09-09 22:00:00+05:30,11.543881,190.78426,23.138927,193.49574
1727,2025-09-09 23:00:00+05:30,11.672275,199.83221,22.930048,202.13554
1728,2025-09-10 00:00:00+05:30,11.1090765,206.98015,21.822353,208.04459
1729,2025-09-10 01:00:00+05:30,9.82114,206.09537,20.20575,207.0215
1730,2025-09-10 02:00:00+05:30,8.626865,203.35558,18.595839,207.06102
1731,2025-09-10 03:00:00+05:30,6.4096174,218.15727,15.156384,217.27826
1732,2025-09-10 04:00:00+05:30,7.327127,207.824,16.075521,214.04597
1733,2025-09-10 05:00:00+05:30,6.9247384,207.89717,15.825675,213.87085
1734,2025-09-10 06:00:00+05:30,7.3094187,217.99878,16.732256,220.20009
1735,2025-09-10 07:00:00+05:30,7.3094187,217.99878,10.486448,219.42778
1736,2025-09-10 08:00:00+05:30,6.618519,224.9999,8.790563,227.4896
1737,2025-09-10 09:00:00+05:30,5.6920996,198.43504,7.186487,202.06795
1738,2025-09-10 10:00:00+05:30,3.6,216.86998,4.3573384,218.2902
1739,2025-09-10 11:00:00+05:30,2.995797,212.73521,3.8521678,217.40543
1740,2025-09-10 12:00:00+05:30,2.7534704,281.3099,3.0811036,276.70975
1741,2025-09-10 13:00:00+05:30,5.9834766,291.16132,7.587806,292.30624
1742,2025-09-10 14:00:00+05:30,3.319036,229.39879,4.3349743,228.36655
1743,2025-09-10 15:00:00+05:30,3.1845248,227.29063,4.080882,228.57643
1744,2025-09-10 16:00:00+05:30,5.5567255,204.90474,7.4867883,207.18103
1745,2025-09-10 17:00:00+05:30,5.509882,218.36752,11.616626,220.60121
1746,2025-09-10 18:00:00+05:30,5.2939587,252.18102,12.904882,247.01126
1747,2025-09-10 19:00:00+05:30,6.1858225,278.36578,13.184308,265.3014
1748,2025-09-10 20:00:00+05:30,6.830519,288.43503,14.759999,282.68036
1749,2025-09-10 21:00:00+05:30,3.62243,296.56497,9.983106,295.64096
1750,2025-09-10 22:00:00+05:30,1.9881649,185.19434,4.1085763,241.1893
1751,2025-09-10 23:00:00+05:30,3.6179552,185.7105,6.66,198.92474
1752,2025-09-11 00:00:00+05:30,4.3498964,204.44394,9.82114,206.09537
1753,2025-09-11 01:00:00+05:30,3.6447225,212.90524,9.688281,215.16652
1754,2025-09-11 02:00:00+05:30,3.189608,196.38962,7.9932966,215.83774
1755,2025-09-11 03:00:00+05:30,3.964089,177.39749,9.059205,200.95586
1756,2025-09-11 04:00:00+05:30,5.2694216,172.14677,11.126562,189.30986
1757,2025-09-11 05:00:00+05:30,5.1197267,190.1246,12.413476,196.85847
1758,2025-09-11 06:00:00+05:30,1.9134263,221.18582,4.542994,213.6901
1759,2025-09-11 07:00:00+05:30,1.3104197,254.05453,1.9386592,248.19853
1760,2025-09-11 08:00:00+05:30,2.0124612,190.3048,2.6208394,195.94547
1761,2025-09-11 09:00:00+05:30,3.4623692,152.10283,4.2671766,152.35411
1762,2025-09-11 10:00:00+05:30,3.7842832,154.65387,4.5891175,154.44008
1763,2025-09-11 11:00:00+05:30,3.710795,165.96373,4.278551,165.37909
1764,2025-09-11 12:00:00+05:30,3.1845248,137.29063,3.693291,136.97493
1765,2025-09-11 13:00:00+05:30,5.09435,147.99466,6.050785,149.62096
1766,2025-09-11 14:00:00+05:30,10.1456785,154.7989,12.886039,155.22488
1767,2025-09-11 15:00:00+05:30,10.564941,166.20049,14.934577,164.62369
1768,2025-09-11 16:00:00+05:30,11.043261,160.9743,15.430736,163.0446
1769,2025-09-11 17:00:00+05:30,5.6262593,172.64772,8.477216,176.34785
1770,2025-09-11 18:00:00+05:30,6.050785,22.751022,9.05205,17.354122
1771,2025-09-11 19:00:00+05:30,1.835647,11.3098955,2.50064,30.256361
1772,2025-09-11 20:00:00+05:30,2.4216523,48.01287,4.8633323,92.12105
1773,2025-09-11 21:00:00+05:30,1.6981165,57.99466,5.796447,126.15828
1774,2025-09-11 22:00:00+05:30,2.4482646,107.10281,7.5685663,154.65387
1775,2025-09-11 23:00:00+05:30,3.06,118.072395,8.775807,154.48618
1776,2025-09-12 00:00:00+05:30,2.4482646,252.89719,5.7515564,200.13638
1777,2025-09-12 01:00:00+05:30,6.297428,239.03632,12.031756,218.92755
1778,2025-09-12 02:00:00+05:30,2.1897945,170.53775,6.28713,203.6294
1779,2025-09-12 03:00:00+05:30,3.143565,166.75948,8.049845,190.3048
1780,2025-09-12 04:00:00+05:30,1.5273507,44.999897,1.2074767,153.43501
1781,2025-09-12 05:00:00+05:30,4.7657523,79.11452,6.849467,93.012726
1782,2025-09-12 06:00:00+05:30,4.2021427,136.73567,7.0843205,152.78398
1783,2025-09-12 07:00:00+05:30,4.143911,145.6196,5.441838,145.78424
1784,2025-09-12 08:00:00+05:30,4.4565907,136.63654,5.6060677,137.60262
1785,2025-09-12 09:00:00+05:30,5.7204895,114.14554,6.9270773,114.56716
1786,2025-09-12 10:00:00+05:30,4.8433046,131.98714,5.994297,131.34769
1787,2025-09-12 11:00:00+05:30,4.5891175,154.44008,5.634891,153.43501
1788,2025-09-12 12:00:00+05:30,4.198285,149.03632,4.846648,148.67137
1789,2025-09-12 13:00:00+05:30,3.8647635,152.24155,4.5891175,154.44008
1790,2025-09-12 14:00:00+05:30,8.482947,162.71841,11.177405,165.06853
1791,2025-09-12 15:00:00+05:30,16.670176,155.09526,23.270874,154.8225
1792,2025-09-12 16:00:00+05:30,10.2742,183.01273,15.146761,183.40637
1793,2025-09-12 17:00:00+05:30,8.4042845,170.13426,13.346729,169.90256
1794,2025-09-12 18:00:00+05:30,7.1208143,163.85559,15.743569,174.09395
1795,2025-09-12 19:00:00+05:30,7.029225,166.67546,15.427586,172.62633
1796,2025-09-12 20:00:00+05:30,6.2483597,168.3664,14.739132,171.57312
1797,2025-09-12 21:00:00+05:30,5.5450516,166.86597,13.797912,172.50424
1798,2025-09-12 22:00:00+05:30,7.486788,170.31128,16.343367,172.40544
1799,2025-09-12 23:00:00+05:30,6.898956,172.50424,16.248924,175.5527
1800,2025-09-13 00:00:00+05:30,6.1120534,166.37299,15.151039,170.42584
1801,2025-09-13 01:00:00+05:30,4.2136917,160.0168,12.429127,169.99208
1802,2025-09-13 02:00:00+05:30,3.4949677,168.11136,10.478722,175.07298
1803,2025-09-13 03:00:00+05:30,4.1556225,162.3498,11.190442,168.87085
1804,2025-09-13 04:00:00+05:30,3.8647635,152.24155,11.328566,162.42865
1805,2025-09-13 05:00:00+05:30,4.5891175,154.44008,12.466867,162.3498
1806,2025-09-13 06:00:00+05:30,4.3536186,119.74479,10.484903,145.49142
1807,2025-09-13 07:00:00+05:30,5.7628117,141.34016,8.139901,144.90411
1808,2025-09-13 08:00:00+05:30,7.186487,157.93205,9.565437,160.20103
1809,2025-09-13 09:00:00+05:30,7.889258,145.22209,10.036512,147.45001
1810,2025-09-13 10:00:00+05:30,6.269067,129.17365,7.3997297,131.05472
1811,2025-09-13 11:00:00+05:30,14.730336,128.55049,19.228851,128.15727
1812,2025-09-13 12:00:00+05:30,7.754637,158.19853,10.234705,156.13982
1813,2025-09-13 13:00:00+05:30,8.967541,169.59235,11.367109,169.04597
1814,2025-09-13 14:00:00+05:30,12.093535,165.3432,15.676542,164.68712
1815,2025-09-13 15:00:00+05:30,16.93531,182.4366,23.42491,182.64249
1816,2025-09-13 16:00:00+05:30,9.721666,181.06088,13.684735,181.5074
1817,2025-09-13 17:00:00+05:30,5.9427266,178.26433,10.98,180.0
1818,2025-09-13 18:00:00+05:30,6.2067385,150.46132,14.861722,163.10127
1819,2025-09-13 19:00:00+05:30,5.983477,136.2188,14.169785,154.41153
1820,2025-09-13 20:00:00+05:30,6.7469993,136.08084,15.531193,147.78348
1821,2025-09-13 21:00:00+05:30,8.6193495,151.29414,18.318481,157.4667
1822,2025-09-13 22:00:00+05:30,7.6579366,156.44772,17.254667,159.86362
1823,2025-09-13 23:00:00+05:30,7.0199995,157.3801,15.484185,162.40749
1824,2025-09-14 00:00:00+05:30,7.968939,161.56496,16.635155,166.86597
1825,2025-09-14 01:00:00+05:30,8.827343,163.41258,17.968472,169.0278
1826,2025-09-14 02:00:00+05:30,7.970972,173.51703,17.294992,177.6141
1827,2025-09-14 03:00:00+05:30,6.4624763,167.125,15.137133,177.27374
1828,2025-09-14 04:00:00+05:30,6.6818557,175.36462,15.517629,183.99083
1829,2025-09-14 05:00:00+05:30,5.950899,176.53185,14.33347,187.21417
1830,2025-09-14 06:00:00+05:30,6.5520988,164.05453,13.021106,174.44713
1831,2025-09-14 07:00:00+05:30,5.2478566,157.8336,9.47012,171.25392
1832,2025-09-14 08:00:00+05:30,6.310277,176.72958,8.647496,177.6141
1833,2025-09-14 09:00:00+05:30,6.2999997,180.0,7.92,180.0
1834,2025-09-14 10:00:00+05:30,9.531505,169.11452,11.720751,169.3804
1835,2025-09-14 11:00:00+05:30,4.846648,148.67137,6.3639607,151.2603
1836,2025-09-14 12:00:00+05:30,3.7842832,177.27374,5.3999996,180.0
1837,2025-09-14 13:00:00+05:30,5.950899,183.46815,7.748368,182.66295
1838,2025-09-14 14:00:00+05:30,10.9859,181.87784,13.870515,182.23112
1839,2025-09-14 15:00:00+05:30,10.9859,178.12216,15.481048,179.33382
1840,2025-09-14 16:00:00+05:30,11.9466305,173.9459,16.63905,174.41284
1841,2025-09-14 17:00:00+05:30,9.255571,166.50426,16.276815,169.80856
1842,2025-09-14 18:00:00+05:30,5.7964473,154.23073,13.441071,159.62349
1843,2025-09-14 19:00:00+05:30,5.8409934,146.3099,14.182355,156.0375
1844,2025-09-14 20:00:00+05:30,6.391901,147.65259,14.410121,159.52763
1845,2025-09-14 21:00:00+05:30,7.1389914,146.3099,15.3771,154.33485
1846,2025-09-14 22:00:00+05:30,7.256032,156.61476,15.767219,161.35811
1847,2025-09-14 23:00:00+05:30,7.3469996,149.03632,15.7908325,155.77226
1848,2025-09-15 00:00:00+05:30,6.854195,150.06857,15.175612,157.69374
1849,2025-09-15 01:00:00+05:30,7.689603,159.44388,16.120808,163.79091
1850,2025-09-15 02:00:00+05:30,4.6938252,85.60138,8.805294,130.85529
1851,2025-09-15 03:00:00+05:30,8.553314,171.52895,16.923828,178.78116
1852,2025-09-15 04:00:00+05:30,5.0816135,157.06787,9.726665,182.12105
1853,2025-09-15 05:00:00+05:30,6.7205353,172.30405,12.287555,185.04236
1854,2025-09-15 06:00:00+05:30,14.734735,154.68715,19.649702,155.07826
1855,2025-09-15 07:00:00+05:30,11.052058,173.45381,16.069473,175.50293
1856,2025-09-15 08:00:00+05:30,3.319036,139.39879,4.1046314,142.12495
1857,2025-09-15 09:00:00+05:30,6.162207,173.29025,8.131936,174.92049
1858,2025-09-15 10:00:00+05:30,4.2481523,233.61555,5.6521144,232.76509
1859,2025-09-15 11:00:00+05:30,6.1858225,188.3658,7.841888,189.24603
1860,2025-09-15 12:00:00+05:30,5.0432134,177.95464,5.9427266,178.26433
1861,2025-09-15 13:00:00+05:30,7.1208143,163.85559,8.604301,164.21918
1862,2025-09-15 14:00:00+05:30,8.827343,163.41258,11.500296,162.69939
1863,2025-09-15 15:00:00+05:30,6.0347,162.64589,8.36758,161.1752
1864,2025-09-15 16:00:00+05:30,13.671707,170.9098,21.075378,169.16997
1865,2025-09-15 17:00:00+05:30,13.493999,136.08084,21.183481,139.13477
1866,2025-09-15 18:00:00+05:30,8.39078,157.28555,16.108742,161.76741
1867,2025-09-15 19:00:00+05:30,6.8138976,167.79955,14.535487,172.17102
1868,2025-09-15 20:00:00+05:30,7.256032,150.2552,14.810401,159.36237
1869,2025-09-15 21:00:00+05:30,9.826088,151.55717,17.791796,154.21272
1870,2025-09-15 22:00:00+05:30,11.103243,160.09616,19.751667,161.39984
1871,2025-09-15 23:00:00+05:30,11.903159,159.64668,20.844278,163.44286
1872,2025-09-16 00:00:00+05:30,12.98248,163.0724,21.65468,166.5413
1873,2025-09-16 01:00:00+05:30,12.124307,161.83395,20.74456,164.396
1874,2025-09-16 02:00:00+05:30,10.24578,161.56496,16.895088,165.81567
1875,2025-09-16 03:00:00+05:30,9.107359,161.56496,14.36621,164.74483
1876,2025-09-16 04:00:00+05:30,4.913044,171.57312,7.9526596,185.19434
1877,2025-09-16 05:00:00+05:30,7.889258,145.22209,14.1102085,156.70541
1878,2025-09-16 06:00:00+05:30,11.276968,188.25935,19.35314,189.63747
1879,2025-09-16 07:00:00+05:30,12.6462,184.899,18.595839,184.44116
1880,2025-09-16 08:00:00+05:30,13.841286,200.55612,19.721298,201.41304
1881,2025-09-16 09:00:00+05:30,11.616627,192.5288,16.198,194.80843
1882,2025-09-16 10:00:00+05:30,13.327294,196.47696,17.085785,196.52588
1883,2025-09-16 11:00:00+05:30,12.758432,196.38962,16.171976,196.82149
1884,2025-09-16 12:00:00+05:30,10.8029995,190.56096,13.733186,190.57347
1885,2025-09-16 13:00:00+05:30,8.322932,201.57137,10.365251,200.32323
1886,2025-09-16 14:00:00+05:30,9.0645685,186.84268,11.126562,189.30986
1887,2025-09-16 15:00:00+05:30,10.441552,180.98773,15.489416,181.99783
1888,2025-09-16 16:00:00+05:30,8.477216,176.34785,12.425216,178.33975
1889,2025-09-16 17:00:00+05:30,9.906544,182.08252,17.505404,184.12752
1890,2025-09-16 18:00:00+05:30,11.753876,139.9698,21.26744,146.04091
1891,2025-09-16 19:00:00+05:30,11.19189,152.19864,20.188908,158.00882
1892,2025-09-16 20:00:00+05:30,8.936778,145.66972,17.986494,157.02725
1893,2025-09-16 21:00:00+05:30,9.085988,146.3099,18.27953,154.94905
1894,2025-09-16 22:00:00+05:30,9.913082,150.64235,19.620827,157.90572
1895,2025-09-16 23:00:00+05:30,10.137692,163.49556,19.662888,168.3815
1896,2025-09-17 00:00:00+05:30,11.050591,167.77489,20.518421,172.43866
1897,2025-09-17 01:00:00+05:30,12.425216,178.33975,22.151705,181.86258
1898,2025-09-17 02:00:00+05:30,12.371645,188.3658,21.816412,190.93904
1899,2025-09-17 03:00:00+05:30,10.132897,192.308,18.620214,196.85847
1900,2025-09-17 04:00:00+05:30,10.483357,195.94547,18.561832,199.84079
1901,2025-09-17 05:00:00+05:30,9.335737,199.13374,17.146358,206.83397
1902,2025-09-17 06:00:00+05:30,11.230904,186.4415,16.840345,190.46912
1903,2025-09-17 07:00:00+05:30,10.495713,185.90605,14.154915,187.30566
1904,2025-09-17 08:00:00+05:30,9.243311,173.29025,11.928989,174.80566
1905,2025-09-17 09:00:00+05:30,10.03167,170.70677,12.882267,172.77577
1906,2025-09-17 10:00:00+05:30,9.3876505,184.39862,11.928989,185.19434
1907,2025-09-17 11:00:00+05:30,9.391102,192.17145,12.182955,192.80426
1908,2025-09-17 12:00:00+05:30,11.103243,199.90384,14.178928,200.04533
1909,2025-09-17 13:00:00+05:30,19.172323,204.39943,27.041965,202.29721
1910,2025-09-17 14:00:00+05:30,12.241323,199.76726,16.394829,199.23076
1911,2025-09-17 15:00:00+05:30,11.213581,198.72588,15.027575,198.8691
1912,2025-09-17 16:00:00+05:30,11.236671,215.21768,16.383955,215.61093
1913,2025-09-17 17:00:00+05:30,7.6579366,203.55228,14.48972,206.56499
1914,2025-09-17 18:00:00+05:30,7.79215,186.63242,18.076338,195.00497
1915,2025-09-17 19:00:00+05:30,6.8399997,180.0,16.63126,189.972
1916,2025-09-17 20:00:00+05:30,7.0774574,172.69434,16.774803,183.69131
1917,2025-09-17 21:00:00+05:30,7.2202215,175.71092,17.46371,181.18117
1918,2025-09-17 22:00:00+05:30,6.849467,183.01273,16.778666,189.26015
1919,2025-09-17 23:00:00+05:30,5.9427266,178.26433,15.426535,191.44101
1920,2025-09-18 00:00:00+05:30,6.12,180.0,14.935662,192.5288
1921,2025-09-18 01:00:00+05:30,7.69592,190.78426,17.076298,198.43504
1922,2025-09-18 02:00:00+05:30,9.0,196.26028,18.69662,203.85048
1923,2025-09-18 03:00:00+05:30,9.107359,198.43504,18.845062,204.85156
1924,2025-09-18 04:00:00+05:30,8.958504,202.4428,18.689688,208.78651
1925,2025-09-18 05:00:00+05:30,8.536252,204.94388,18.06199,209.88644
1926,2025-09-18 06:00:00+05:30,9.292255,201.59537,20.68356,211.47679
1927,2025-09-18 07:00:00+05:30,9.044888,211.15924,12.881008,213.02388
1928,2025-09-18 08:00:00+05:30,9.257321,206.56499,12.24,208.07239
1929,2025-09-18 09:00:00+05:30,8.415842,221.53168,10.957846,222.33694
1930,2025-09-18 10:00:00+05:30,6.552099,232.81522,8.53815,235.30478
1931,2025-09-18 11:00:00+05:30,7.8480825,216.60716,9.7565975,217.50421
1932,2025-09-18 12:00:00+05:30,7.386582,223.02507,9.037721,224.19316
1933,2025-09-18 13:00:00+05:30,6.76618,208.61037,8.217153,208.8107
1934,2025-09-18 14:00:00+05:30,6.638072,220.60121,8.281956,222.35739
1935,2025-09-18 15:00:00+05:30,11.9466305,186.0541,15.697197,183.94511
1936,2025-09-18 16:00:00+05:30,7.8583965,249.90468,10.261579,248.38516
1937,2025-09-18 17:00:00+05:30,5.3999996,180.0,11.609651,187.12492
1938,2025-09-18 18:00:00+05:30,3.3092597,112.38018,8.748075,143.3658
1939,2025-09-18 19:00:00+05:30,6.193674,234.46223,14.545515,220.98573
1940,2025-09-18 20:00:00+05:30,5.9834766,353.08887,10.144082,332.52567
1941,2025-09-18 21:00:00+05:30,12.108261,348.85715,19.60761,344.56027
1942,2025-09-18 22:00:00+05:30,7.5942082,238.57048,15.655861,250.52333
1943,2025-09-18 23:00:00+05:30,3.9518096,120.0685,6.0908127,198.9705
1944,2025-09-19 00:00:00+05:30,1.4399999,270.0,5.8104043,253.81071
1945,2025-09-19 01:00:00+05:30,4.3573384,141.7098,8.477216,176.34785
1946,2025-09-19 02:00:00+05:30,4.3349743,131.63345,8.227004,169.91946
1947,2025-09-19 03:00:00+05:30,4.7928696,145.71307,11.793777,164.05453
1948,2025-09-19 04:00:00+05:30,2.5959969,146.3099,8.885877,173.01904
1949,2025-09-19 05:00:00+05:30,0.6489992,123.690094,5.7628117,181.78987
1950,2025-09-19 06:00:00+05:30,7.729527,152.24155,12.57426,166.75948
1951,2025-09-19 07:00:00+05:30,8.452336,153.43501,11.51578,155.03725
1952,2025-09-19 08:00:00+05:30,5.8409934,123.690094,7.7043357,127.40543
1953,2025-09-19 09:00:00+05:30,6.889557,123.2749,8.836514,123.36639
1954,2025-09-19 10:00:00+05:30,5.9617786,151.11351,7.889259,152.8504
1955,2025-09-19 11:00:00+05:30,4.6938257,122.471176,5.5916004,123.17853
1956,2025-09-19 12:00:00+05:30,4.143911,92.4895,5.2694216,97.853226
1957,2025-09-19 13:00:00+05:30,1.6299692,186.3401,2.16,180.0
1958,2025-09-19 14:00:00+05:30,2.4482646,252.89719,2.6758924,250.34608
1959,2025-09-19 15:00:00+05:30,5.402999,209.98155,6.6405115,212.82854
1960,2025-09-19 16:00:00+05:30,9.215226,192.40741,13.577776,194.58896
1961,2025-09-19 17:00:00+05:30,7.3997297,198.43504,13.403656,202.08722
1962,2025-09-19 18:00:00+05:30,2.97953,334.98312,7.0107627,318.12222
1963,2025-09-19 19:00:00+05:30,3.4199998,360.0,7.353611,338.45895
1964,2025-09-19 20:00:00+05:30,1.7076298,18.435053,6.130579,356.6336
1965,2025-09-19 21:00:00+05:30,2.4149535,63.435013,5.7628117,38.65983
1966,2025-09-19 22:00:00+05:30,0.9,360.0,4.0449963,20.854538
1967,2025-09-19 23:00:00+05:30,3.3481934,306.25394,5.692099,325.30478
1968,2025-09-20 00:00:00+05:30,3.3092597,337.6198,6.0908127,341.02948
1969,2025-09-20 01:00:00+05:30,3.0758414,339.44388,6.28713,346.75946
1970,2025-09-20 02:00:00+05:30,3.438895,6.0089183,7.5942073,5.4402504
1971,2025-09-20 03:00:00+05:30,3.96,360.0,8.790563,10.61961
1972,2025-09-20 04:00:00+05:30,3.6402748,8.530692,9.430694,13.240531
1973,2025-09-20 05:00:00+05:30,2.4482648,36.027473,7.6388745,34.43906
1974,2025-09-20 06:00:00+05:30,1.5484185,324.46225,3.7842832,295.34613
1975,2025-09-20 07:00:00+05:30,3.8521678,322.59457,5.369916,320.44037
1976,2025-09-20 08:00:00+05:30,2.3400002,22.61991,2.8460498,18.435053
1977,2025-09-20 09:00:00+05:30,1.659518,77.4712,2.0124612,79.69521
1978,2025-09-20 10:00:00+05:30,3.244996,70.559875,3.7585104,73.300674
1979,2025-09-20 11:00:00+05:30,3.143565,23.629398,3.7842832,25.346138
1980,2025-09-20 12:00:00+05:30,1.9469976,56.3099,2.0991426,59.03632
1981,2025-09-20 13:00:00+05:30,5.00128,329.74365,5.8769383,332.6502
1982,2025-09-20 14:00:00+05:30,7.0107627,299.1974,8.461914,299.29126
1983,2025-09-20 15:00:00+05:30,4.91634,336.2505,6.391901,327.6526
1984,2025-09-20 16:00:00+05:30,2.7059932,273.814,3.964089,272.6025
1985,2025-09-20 17:00:00+05:30,1.1384199,198.43504,3.4576871,218.65984
1986,2025-09-20 18:00:00+05:30,5.2323985,229.18501,11.5887,226.88817
1987,2025-09-20 19:00:00+05:30,3.8647635,207.75845,9.686609,221.98714
1988,2025-09-20 20:00:00+05:30,5.3426957,237.38077,12.081473,241.5259
1989,2025-09-20 21:00:00+05:30,3.644722,249.77505,10.609316,255.2564
1990,2025-09-20 22:00:00+05:30,4.952453,250.9064,12.284916,259.01938
1991,2025-09-20 23:00:00+05:30,4.0449963,249.14546,11.304229,260.83774
1992,2025-09-21 00:00:00+05:30,4.14,270.0,10.993271,272.8155
1993,2025-09-21 01:00:00+05:30,4.1556225,274.96964,10.8955765,277.59454
1994,2025-09-21 02:00:00+05:30,4.942631,280.49142,11.968308,282.1549
1995,2025-09-21 03:00:00+05:30,3.396233,302.00534,9.906544,294.7024
1996,2025-09-21 04:00:00+05:30,4.599695,329.42084,10.825469,312.97864
1997,2025-09-21 05:00:00+05:30,5.1544156,347.90527,12.5032,337.12628
1998,2025-09-21 06:00:00+05:30,6.4624763,12.875007,13.138765,9.462261
1999,2025-09-21 07:00:00+05:30,6.156947,52.124958,10.571074,42.92997
2000,2025-09-21 08:00:00+05:30,5.1165614,39.289394,6.804381,37.476254
2001,2025-09-21 09:00:00+05:30,4.942631,56.88865,6.090812,55.840256
2002,2025-09-21 10:00:00+05:30,3.219938,63.435013,4.0249224,63.435013
2003,2025-09-21 11:00:00+05:30,4.7657523,79.11452,5.8603754,79.380394
2004,2025-09-21 12:00:00+05:30,2.2553935,61.389645,2.7475805,58.392544
2005,2025-09-21 13:00:00+05:30,2.8799999,90.0,3.4199998,90.0
2006,2025-09-21 14:00:00+05:30,0.9693296,291.80148,1.0948973,279.46225
2007,2025-09-21 15:00:00+05:30,3.693291,316.9749,4.3349743,318.36655
2008,2025-09-21 16:00:00+05:30,1.2727921,224.9999,1.5379207,249.44386
2009,2025-09-21 17:00:00+05:30,5.8048253,172.87508,8.885877,173.01904
2010,2025-09-21 18:00:00+05:30,7.9567327,217.64769,13.902015,221.3254
2011,2025-09-21 19:00:00+05:30,9.19939,210.57915,18.374992,209.32709
2012,2025-09-21 20:00:00+05:30,7.3997297,228.94528,15.629971,218.45374
2013,2025-09-21 21:00:00+05:30,8.604301,254.21918,16.516901,253.5399
2014,2025-09-21 22:00:00+05:30,8.287822,235.6196,16.1198,240.57263
2015,2025-09-21 23:00:00+05:30,4.3536186,240.2552,11.966953,248.83867
2016,2025-09-22 00:00:00+05:30,2.1068459,340.0168,7.7420926,287.5925
2017,2025-09-22 01:00:00+05:30,4.445672,111.3707,2.6999998,126.86998
2018,2025-09-22 02:00:00+05:30,4.3498964,335.55606,7.3997297,311.05472
2019,2025-09-22 03:00:00+05:30,7.3094187,350.07382,13.491597,346.89078
2020,2025-09-22 04:00:00+05:30,5.8104043,343.8107,13.277364,344.2679
2021,2025-09-22 05:00:00+05:30,5.3517847,19.653913,12.673074,11.469503
2022,2025-09-22 06:00:00+05:30,5.232399,356.0549,11.811622,7.883054
2023,2025-09-22 07:00:00+05:30,6.130579,3.3664,8.849339,4.6667724
2024,2025-09-22 08:00:00+05:30,5.3939967,25.709915,7.256032,23.385246
2025,2025-09-22 09:00:00+05:30,6.299999,53.13002,8.043805,49.53785
2026,2025-09-22 10:00:00+05:30,4.5,53.13002,5.7402787,48.814175
2027,2025-09-22 11:00:00+05:30,2.97953,64.98315,3.7064266,60.94549
2028,2025-09-22 12:00:00+05:30,4.5,106.26028,5.4656014,107.241554
2029,2025-09-22 13:00:00+05:30,4.5891175,48.179924,5.5450516,54.246033
2030,2025-09-22 14:00:00+05:30,6.130579,86.63361,8.101999,88.727
2031,2025-09-22 15:00:00+05:30,3.319036,77.4712,4.2021422,80.13426
2032,2025-09-22 16:00:00+05:30,3.710795,309.09384,4.6102495,308.65982
2033,2025-09-22 17:00:00+05:30,2.657668,298.30066,7.0038276,295.90643
2034,2025-09-22 18:00:00+05:30,8.133928,245.13632,11.782784,235.58157
2035,2025-09-22 19:00:00+05:30,3.06,270.0,8.61371,243.97047
2036,2025-09-22 20:00:00+05:30,0.35999998,90.0,3.9477081,226.8476
2037,2025-09-22 21:00:00+05:30,4.5322843,96.84268,5.3426957,122.61923
2038,2025-09-22 22:00:00+05:30,5.904439,37.568665,7.256032,46.005
2039,2025-09-22 23:00:00+05:30,7.689603,69.44387,13.237039,67.61982
2040,2025-09-23 00:00:00+05:30,7.10031,59.53454,16.947744,59.349415
2041,2025-09-23 01:00:00+05:30,6.544677,58.495792,15.12964,55.175446
2042,2025-09-23 02:00:00+05:30,5.1481256,53.530666,11.282711,56.056374
2043,2025-09-23 03:00:00+05:30,6.3639607,8.130019,13.1041975,20.924576
2044,2025-09-23 04:00:00+05:30,8.557102,22.249071,16.615667,22.954124
2045,2025-09-23 05:00:00+05:30,8.707237,29.744795,17.311846,27.897186
2046,2025-09-23 06:00:00+05:30,9.9,36.86999,15.124284,38.23387
2047,2025-09-23 07:00:00+05:30,11.9466305,59.18437,17.799076,61.62086
2048,2025-09-23 08:00:00+05:30,15.978486,75.650635,21.741287,75.61857
2049,2025-09-23 09:00:00+05:30,15.841023,89.34895,22.140732,89.5342
2050,2025-09-23 10:00:00+05:30,15.095336,98.22664,19.626604,97.907074
2051,2025-09-23 11:00:00+05:30,10.564941,103.799515,13.708391,103.671326
2052,2025-09-23 12:00:00+05:30,10.261579,111.61484,13.1041975,110.924576
2053,2025-09-23 13:00:00+05:30,9.096681,117.072,11.431062,116.16151
2054,2025-09-23 14:00:00+05:30,7.8480825,126.60716,10.04458,126.25393
2055,2025-09-23 15:00:00+05:30,8.783189,135.83023,11.328566,135.64366
2056,2025-09-23 16:00:00+05:30,7.491114,144.78232,11.885453,144.86572
2057,2025-09-23 17:00:00+05:30,3.9477081,155.77226,11.203464,156.3179
2058,2025-09-23 18:00:00+05:30,3.462369,188.97255,8.490582,184.86443
2059,2025-09-23 19:00:00+05:30,2.3469126,184.39862,7.628263,160.70985
2060,2025-09-23 20:00:00+05:30,2.9301877,132.5104,9.044888,137.41954
2061,2025-09-23 21:00:00+05:30,1.659518,139.39879,7.7900705,139.68597
2062,2025-09-23 22:00:00+05:30,1.7727944,66.037506,6.5223618,117.979385
2063,2025-09-23 23:00:00+05:30,3.3092597,67.61982,8.163749,104.03627
2064,2025-09-24 00:00:00+05:30,2.2768397,71.564964,7.570707,108.00426
2065,2025-09-24 01:00:00+05:30,3.0652893,40.236294,7.208994,92.86235
2066,2025-09-24 02:00:00+05:30,5.369916,50.440376,11.013882,78.6901
2067,2025-09-24 03:00:00+05:30,4.724786,49.635548,12.011544,70.75039
2068,2025-09-24 04:00:00+05:30,4.5,73.73973,12.125642,84.03561
2069,2025-09-24 05:00:00+05:30,4.514377,94.57384,12.815443,100.52074
2070,2025-09-24 06:00:00+05:30,4.613762,69.44388,9.6228485,82.47627
2071,2025-09-24 07:00:00+05:30,5.9644947,95.19434,8.885877,96.980965
2072,2025-09-24 08:00:00+05:30,10.088033,105.52418,13.277364,105.73207
2073,2025-09-24 09:00:00+05:30,11.39842,105.57261,14.934577,105.376305
2074,2025-09-24 10:00:00+05:30,12.049249,103.828674,15.934829,103.72231
2075,2025-09-24 11:00:00+05:30,12.906138,98.017006,17.106628,98.47106
2076,2025-09-24 12:00:00+05:30,12.348052,120.67721,15.990646,121.18491
2077,2025-09-24 13:00:00+05:30,7.628263,109.290146,10.094454,111.99118
2078,2025-09-24 14:00:00+05:30,9.621163,107.41806,12.641076,109.98319
2079,2025-09-24 15:00:00+05:30,7.570707,118.39293,10.315115,119.24873
2080,2025-09-24 16:00:00+05:30,8.027678,137.72638,12.0921955,135.60303
2081,2025-09-24 17:00:00+05:30,3.9640884,129.47243,9.92778,135.0001
2082,2025-09-24 18:00:00+05:30,4.978554,130.60121,11.246759,140.19447
2083,2025-09-24 19:00:00+05:30,3.06,151.92761,7.327127,152.176
2084,2025-09-24 20:00:00+05:30,7.9036193,210.0685,13.363711,207.25525
2085,2025-09-24 21:00:00+05:30,6.015878,231.07245,11.616626,220.60121
2086,2025-09-24 22:00:00+05:30,2.4482646,197.10281,6.0077944,188.61557
2087,2025-09-24 23:00:00+05:30,0.40249225,333.43503,1.2979984,123.690094
2088,2025-09-25 00:00:00+05:30,2.0523157,344.7448,3.148714,30.963696
2089,2025-09-25 01:00:00+05:30,2.8460498,18.435053,6.7565966,48.2398
2090,2025-09-25 02:00:00+05:30,3.710795,39.09386,10.036512,57.45001
2091,2025-09-25 03:00:00+05:30,4.965521,46.468742,12.156331,62.676193
2092,2025-09-25 04:00:00+05:30,5.2478566,59.03632,13.337016,68.62931
2093,2025-09-25 05:00:00+05:30,3.6447225,57.094753,10.261579,74.74483
2094,2025-09-25 06:00:00+05:30,5.441838,34.215755,8.149847,43.210114
2095,2025-09-25 07:00:00+05:30,6.601363,64.133705,8.536252,65.05612
2096,2025-09-25 08:00:00+05:30,5.4656014,72.75845,7.1208143,73.85559
2097,2025-09-25 09:00:00+05:30,6.9550843,79.56258,8.936778,80.72748
2098,2025-09-25 10:00:00+05:30,8.131936,84.92049,10.495713,84.093956
2099,2025-09-25 11:00:00+05:30,7.2022495,88.56794,8.827344,87.66274
2100,2025-09-25 12:00:00+05:30,4.2671766,62.354122,5.072041,62.525658
2101,2025-09-25 13:00:00+05:30,5.6002855,44.999897,6.618519,44.999897
2102,2025-09-25 14:00:00+05:30,9.187056,34.624226,11.334285,32.680546
2103,2025-09-25 15:00:00+05:30,5.5887027,104.93147,7.731622,102.09474
2104,2025-09-25 16:00:00+05:30,3.319036,310.60123,4.2481523,323.61554
2105,2025-09-25 17:00:00+05:30,0.9693296,291.80148,3.3092594,315.0001
2106,2025-09-25 18:00:00+05:30,4.952453,289.0936,9.595874,336.8014
2107,2025-09-25 19:00:00+05:30,10.583326,131.55252,13.878689,123.89621
2108,2025-09-25 20:00:00+05:30,10.075177,138.62158,18.372349,131.0274
2109,2025-09-25 21:00:00+05:30,4.6834598,182.20255,10.548061,154.74687
2110,2025-09-25 22:00:00+05:30,3.06,331.9276,3.0758414,20.556128
2111,2025-09-25 23:00:00+05:30,5.5596404,330.9455,9.595874,336.8014
2112,2025-09-26 00:00:00+05:30,4.323748,2.385899,11.032987,354.3825
2113,2025-09-26 01:00:00+05:30,6.6624317,358.45187,14.248452,3.621412
2114,2025-09-26 02:00:00+05:30,6.519877,6.3401003,15.122143,8.90164
2115,2025-09-26 03:00:00+05:30,5.8409934,33.6901,14.092978,28.20154
2116,2025-09-26 04:00:00+05:30,7.674842,39.289394,15.922626,42.709366
2117,2025-09-26 05:00:00+05:30,8.528657,45.85501,17.794525,51.159157
2118,2025-09-26 06:00:00+05:30,10.464797,63.435013,18.88628,67.59012
2119,2025-09-26 07:00:00+05:30,7.342588,78.6901,11.788281,82.9836
2120,2025-09-26 08:00:00+05:30,8.350138,82.56869,11.734564,85.60138
2121,2025-09-26 09:00:00+05:30,11.9140415,94.33224,15.876775,93.90042
2122,2025-09-26 10:00:00+05:30,10.699028,102.63336,13.666967,102.93806
2123,2025-09-26 11:00:00+05:30,12.7279215,98.13002,15.833861,98.49848
2124,2025-09-26 12:00:00+05:30,10.51576,83.11838,14.275713,84.93648
2125,2025-09-26 13:00:00+05:30,9.703319,40.485935,13.239486,43.89838
2126,2025-09-26 14:00:00+05:30,19.139341,121.14852,29.255953,123.20122
2127,2025-09-26 15:00:00+05:30,12.98248,73.07241,22.702845,75.302635
2128,2025-09-26 16:00:00+05:30,9.47012,81.25392,19.26084,90.535446
2129,2025-09-26 17:00:00+05:30,7.1208143,73.85559,15.84,90.0
2130,2025-09-26 18:00:00+05:30,10.662626,111.801476,21.03614,113.71361
2131,2025-09-26 19:00:00+05:30,13.169555,100.23475,24.23324,105.06854
2132,2025-09-26 20:00:00+05:30,15.111424,102.38075,26.77708,105.998375
2133,2025-09-26 21:00:00+05:30,14.975741,103.201096,26.48203,106.58742
2134,2025-09-26 22:00:00+05:30,14.494192,104.38144,25.502893,107.66773
2135,2025-09-26 23:00:00+05:30,13.776763,107.48808,24.269983,110.85454
2136,2025-09-27 00:00:00+05:30,13.358861,104.03627,23.513954,109.683426
2137,2025-09-27 01:00:00+05:30,14.205182,98.74608,24.36591,102.80426
2138,2025-09-27 02:00:00+05:30,14.973576,99.68872,25.13434,101.14896
2139,2025-09-27 03:00:00+05:30,14.759999,90.0,24.933735,94.96966
2140,2025-09-27 04:00:00+05:30,14.799459,94.18484,25.812277,98.017006
2141,2025-09-27 05:00:00+05:30,14.721535,101.99688,25.891233,104.90581
2142,2025-09-27 06:00:00+05:30,15.004919,100.36627,23.793385,104.456795
2143,2025-09-27 07:00:00+05:30,18.934254,114.1284,27.544704,114.72282
2144,2025-09-27 08:00:00+05:30,19.62,123.398506,28.056913,123.4862
2145,2025-09-27 09:00:00+05:30,18.076338,128.12523,24.823036,129.11401
2146,2025-09-27 10:00:00+05:30,14.584443,125.45556,18.9,126.86999
2147,2025-09-27 11:00:00+05:30,12.768586,139.574,17.654688,140.79282
2148,2025-09-27 12:00:00+05:30,10.484903,124.50858,15.156384,127.27825
2149,2025-09-27 13:00:00+05:30,14.292725,121.08744,19.448332,120.59991
2150,2025-09-27 14:00:00+05:30,13.451914,114.50739,18.921415,115.34614
2151,2025-09-27 15:00:00+05:30,12.242646,131.42357,17.95765,132.96909
2152,2025-09-27 16:00:00+05:30,9.7565975,127.50422,16.831684,131.53168
2153,2025-09-27 17:00:00+05:30,8.797931,120.76265,17.430283,125.33142
2154,2025-09-27 18:00:00+05:30,7.4932766,114.102234,16.62444,123.518036
2155,2025-09-27 19:00:00+05:30,6.618519,135.0001,16.069473,138.63306
2156,2025-09-27 20:00:00+05:30,7.282774,129.98683,17.448862,137.09016
2157,2025-09-27 21:00:00+05:30,6.151683,110.55613,15.3771,128.34561
2158,2025-09-27 22:00:00+05:30,7.628263,109.290146,17.04021,121.17128
2159,2025-09-27 23:00:00+05:30,7.172949,107.52566,16.454992,120.21124
2160,2025-09-28 00:00:00+05:30,7.040739,94.39862,15.676544,111.557144
2161,2025-09-28 01:00:00+05:30,5.8298883,98.88058,14.288191,109.11983
2162,2025-09-28 02:00:00+05:30,6.3231,85.101,14.669724,96.340096
2163,2025-09-28 03:00:00+05:30,3.381893,154.7989,10.185519,133.56796
2164,2025-09-28 04:00:00+05:30,3.4623692,117.89718,10.805998,119.98155
2165,2025-09-28 05:00:00+05:30,4.0249224,116.56499,11.53265,124.18617
2166,2025-09-28 06:00:00+05:30,5.904439,142.43134,13.513193,138.23979
2167,2025-09-28 07:00:00+05:30,5.318383,156.0375,7.8087645,154.02567
2168,2025-09-28 08:00:00+05:30,8.748075,126.63421,11.448055,126.68982
2169,2025-09-28 09:00:00+05:30,10.589448,121.79887,13.985663,121.849014
2170,2025-09-28 10:00:00+05:30,11.298495,120.65059,14.693999,120.963684
2171,2025-09-28 11:00:00+05:30,9.703319,130.48593,12.261157,130.23628
2172,2025-09-28 12:00:00+05:30,7.7879906,123.6901,9.585739,124.286934
2173,2025-09-28 13:00:00+05:30,5.6492476,112.47948,6.9270773,114.56716
2174,2025-09-28 14:00:00+05:30,10.134496,109.722374,13.070776,112.6806
2175,2025-09-28 15:00:00+05:30,8.149847,136.78989,10.957846,132.33694
2176,2025-09-28 16:00:00+05:30,8.626865,156.64442,12.081473,155.34412
2177,2025-09-28 17:00:00+05:30,7.9526596,185.19434,14.634343,184.93913
2178,2025-09-28 18:00:00+05:30,7.293888,164.24876,15.151039,166.95436
2179,2025-09-28 19:00:00+05:30,5.5916004,183.69131,14.04,180.0
2180,2025-09-28 20:00:00+05:30,6.849467,183.01273,16.029097,181.93054
2181,2025-09-28 21:00:00+05:30,6.7469993,189.21095,15.941944,186.48297
2182,2025-09-28 22:00:00+05:30,5.6835546,190.95403,14.618837,189.92618
2183,2025-09-28 23:00:00+05:30,3.9966488,187.76508,11.688918,189.75235
2184,2025-09-29 00:00:00+05:30,3.710795,219.09384,10.228373,208.36896
2185,2025-09-29 01:00:00+05:30,3.8268526,228.81418,10.4493065,222.20723
2186,2025-09-29 02:00:00+05:30,2.7416782,246.80138,8.574123,230.9645
2187,2025-09-29 03:00:00+05:30,2.7943513,284.93146,7.293888,254.24875
2188,2025-09-29 04:00:00+05:30,2.1674871,318.36655,5.9427266,271.73566
2189,2025-09-29 05:00:00+05:30,2.5455842,351.87,4.6102495,308.65982
2190,2025-09-29 06:00:00+05:30,7.10031,329.53452,9.743304,334.85526
2191,2025-09-29 07:00:00+05:30,3.563818,315.0001,4.8433046,311.98712
2192,2025-09-29 08:00:00+05:30,1.609969,333.43503,1.8532133,330.9455
2193,2025-09-29 09:00:00+05:30,2.3400002,337.3801,2.8174455,333.43503
2194,2025-09-29 10:00:00+05:30,2.9301877,10.61961,3.462369,8.97255
2195,2025-09-29 11:00:00+05:30,3.3092594,44.999897,3.9477081,46.8476
2196,2025-09-29 12:00:00+05:30,2.8174455,63.435013,3.3092597,67.61982
2197,2025-09-29 13:00:00+05:30,2.6208394,74.054535,3.362677,74.47583
2198,2025-09-29 14:00:00+05:30,2.5071096,68.96242,3.01735,72.64589
2199,2025-09-29 15:00:00+05:30,2.5772078,102.09474,3.1072817,100.00792
2200,2025-09-29 16:00:00+05:30,4.5536795,161.56496,6.66,161.07526
2201,2025-09-29 17:00:00+05:30,4.060985,192.80426,8.707238,187.12492
2202,2025-09-29 18:00:00+05:30,5.6233797,219.80553,11.583109,212.94922
2203,2025-09-29 19:00:00+05:30,2.7238941,277.59454,7.689603,249.44386
2204,2025-09-29 20:00:00+05:30,1.0948973,9.462248,3.0811036,276.70975
2205,2025-09-29 21:00:00+05:30,0.40249225,243.43501,3.62243,243.43501
2206,2025-09-29 22:00:00+05:30,1.484318,284.03625,5.0911684,261.87
2207,2025-09-29 23:00:00+05:30,3.2599385,276.3401,7.256032,262.8751
2208,2025-09-30 00:00:00+05:30,3.9966488,277.76508,9.016185,273.43356
2209,2025-09-30 01:00:00+05:30,4.2021422,279.86575,10.088033,285.52417
2210,2025-09-30 02:00:00+05:30,4.8466477,285.06854,10.897063,292.3287
2211,2025-09-30 03:00:00+05:30,5.315336,298.30066,11.738705,305.6399
2212,2025-09-30 04:00:00+05:30,4.978554,310.60123,11.334285,316.93057
2213,2025-09-30 05:00:00+05:30,4.6452556,305.53775,10.819482,315.67395
2214,2025-09-30 06:00:00+05:30,4.3573384,308.2902,9.109138,330.39563
2215,2025-09-30 07:00:00+05:30,3.8141315,19.290138,6.0077944,8.615564
2216,2025-09-30 08:00:00+05:30,5.0911684,44.999897,6.7469993,43.91917
2217,2025-09-30 09:00:00+05:30,3.0811036,353.29025,3.9763298,354.80566
2218,2025-09-30 10:00:00+05:30,2.6758924,340.3461,3.244996,340.55988
2219,2025-09-30 11:00:00+05:30,2.6999998,306.86996,3.3481934,306.25394
2220,2025-09-30 12:00:00+05:30,4.3536186,299.74478,5.315336,298.30066
2221,2025-09-30 13:00:00+05:30,2.9024127,299.74478,3.550155,300.46545
2222,2025-09-30 14:00:00+05:30,5.7628117,255.52966,7.1661706,258.40784
2223,2025-09-30 15:00:00+05:30,6.4096174,231.84273,8.287822,235.6196
2224,2025-09-30 16:00:00+05:30,5.983477,254.29129,9.9571085,257.4712
2225,2025-09-30 17:00:00+05:30,2.4014995,257.00537,7.0223074,268.53122
2226,2025-09-30 18:00:00+05:30,2.6208394,195.94547,5.8409934,236.3099
2227,2025-09-30 19:00:00+05:30,5.8603754,190.6196,10.304115,199.38461
2228,2025-09-30 20:00:00+05:30,6.8989563,195.12405,15.027575,198.8691
2229,2025-09-30 21:00:00+05:30,6.854195,209.93143,15.12964,214.82455
2230,2025-09-30 22:00:00+05:30,6.792466,237.99466,15.426535,235.93904
2231,2025-09-30 23:00:00+05:30,6.9247384,242.10283,15.459054,242.24155
2232,2025-10-01 00:00:00+05:30,5.9427266,234.86572,14.087229,243.43501
2233,2025-10-01 01:00:00+05:30,5.441838,214.21576,13.729647,235.68486
2234,2025-10-01 02:00:00+05:30,3.693291,46.97493,2.97953,25.016869
2235,2025-10-01 03:00:00+05:30,5.8298883,98.88058,7.570707,108.00426
2236,2025-10-01 04:00:00+05:30,5.509882,128.36752,9.9408245,137.93575
2237,2025-10-01 05:00:00+05:30,3.572898,220.91429,9.83268,246.25049
2238,2025-10-01 06:00:00+05:30,3.8268526,228.81418,8.155807,247.96371
2239,2025-10-01 07:00:00+05:30,0.742159,345.9637,2.5772076,294.77512
2240,2025-10-01 08:00:00+05:30,2.968636,104.03627,3.4152596,108.43504
2241,2025-10-01 09:00:00+05:30,5.2478566,95.906044,6.122647,91.68465
2242,2025-10-01 10:00:00+05:30,9.796366,110.432915,12.535549,111.03758
2243,2025-10-01 11:00:00+05:30,10.088033,74.47583,12.835653,75.37909
2244,2025-10-01 12:00:00+05:30,11.196231,85.38944,14.260953,85.656845
2245,2025-10-01 13:00:00+05:30,8.790563,100.619606,11.367109,100.95402
2246,2025-10-01 14:00:00+05:30,10.196647,110.67451,13.638489,112.50357
2247,2025-10-01 15:00:00+05:30,12.599998,126.86999,18.144321,126.528946
2248,2025-10-01 16:00:00+05:30,12.267763,112.42591,19.172323,114.39942
2249,2025-10-01 17:00:00+05:30,7.0223074,91.46877,13.845967,105.843155
2250,2025-10-01 18:00:00+05:30,8.777653,74.53873,15.841023,90.65105
2251,2025-10-01 19:00:00+05:30,8.557102,67.75093,14.77755,87.20736
2252,2025-10-01 20:00:00+05:30,3.7971036,354.55975,5.9427266,54.865723
2253,2025-10-01 21:00:00+05:30,5.8603754,10.61961,11.236671,35.217674
2254,2025-10-01 22:00:00+05:30,6.9480934,36.573124,15.021105,45.970932
2255,2025-10-01 23:00:00+05:30,11.885453,54.865723,20.799152,66.54096
2256,2025-10-02 00:00:00+05:30,10.304114,27.012596,15.841022,36.218925
2257,2025-10-02 01:00:00+05:30,12.638513,63.79995,21.03614,66.2864
2258,2025-10-02 02:00:00+05:30,10.957847,75.73545,18.64543,77.17122
2259,2025-10-02 03:00:00+05:30,13.543131,66.50142,22.541,71.85433
2260,2025-10-02 04:00:00+05:30,13.504799,88.47251,23.042812,89.10485
2261,2025-10-02 05:00:00+05:30,9.734988,86.82024,19.09358,92.16103
2262,2025-10-02 06:00:00+05:30,12.57426,76.75947,21.691305,80.92858
2263,2025-10-02 07:00:00+05:30,11.542478,86.423744,20.340796,90.50702
2264,2025-10-02 08:00:00+05:30,14.224556,88.54982,23.973135,93.012726
2265,2025-10-02 09:00:00+05:30,16.284779,103.42185,23.270874,104.78873
2266,2025-10-02 10:00:00+05:30,15.506141,99.352905,23.141727,98.94938
2267,2025-10-02 11:00:00+05:30,13.32,90.0,17.46,90.0
2268,2025-10-02 12:00:00+05:30,14.602204,120.35804,19.424158,119.415504
2269,2025-10-02 13:00:00+05:30,11.440978,77.27565,18.228943,80.909805
2270,2025-10-02 14:00:00+05:30,14.597767,87.17294,21.786694,88.579765
2271,2025-10-02 15:00:00+05:30,14.619946,94.23632,21.82755,93.78258
2272,2025-10-02 16:00:00+05:30,14.810401,106.23242,23.806318,110.35332
2273,2025-10-02 17:00:00+05:30,14.74902,113.749504,26.16509,117.44637
2274,2025-10-02 18:00:00+05:30,14.970331,108.217186,25.906244,112.4668
2275,2025-10-02 19:00:00+05:30,16.516901,106.4601,28.066727,109.480896
2276,2025-10-02 20:00:00+05:30,15.367616,103.54796,26.415268,107.44727
2277,2025-10-02 21:00:00+05:30,15.095336,98.22664,26.282465,103.46522
2278,2025-10-02 22:00:00+05:30,15.833861,98.49848,27.005398,101.53459
2279,2025-10-02 23:00:00+05:30,13.864674,88.51217,24.201132,94.69278
2280,2025-10-03 00:00:00+05:30,17.14919,110.90806,28.251398,110.513405
2281,2025-10-03 01:00:00+05:30,16.276815,100.191444,27.285292,104.12795
2282,2025-10-03 02:00:00+05:30,13.110376,98.68627,23.313995,103.39252
2283,2025-10-03 03:00:00+05:30,13.151091,87.64676,23.59099,91.74891
2284,2025-10-03 04:00:00+05:30,12.284916,100.98061,22.832346,104.14583
2285,2025-10-03 05:00:00+05:30,14.766584,134.01233,26.099998,136.39711
2286,2025-10-03 06:00:00+05:30,14.401124,108.20858,23.801554,112.68656
2287,2025-10-03 07:00:00+05:30,16.67892,119.05451,25.837996,121.03215
2288,2025-10-03 08:00:00+05:30,17.468348,116.30096,25.846144,117.8142
2289,2025-10-03 09:00:00+05:30,19.200188,128.91148,27.217524,127.47626
2290,2025-10-03 10:00:00+05:30,15.910412,134.5417,21.12835,135.0001
2291,2025-10-03 11:00:00+05:30,13.690654,129.1304,17.604149,127.10432
2292,2025-10-03 12:00:00+05:30,13.276144,139.39879,18.275984,140.19447
2293,2025-10-03 13:00:00+05:30,14.197196,129.3405,20.94971,130.12067
2294,2025-10-03 14:00:00+05:30,17.326813,145.15419,25.26228,145.74374
2295,2025-10-03 15:00:00+05:30,12.0921955,135.60303,16.802786,135.86795
2296,2025-10-03 16:00:00+05:30,11.126562,99.30987,18.613253,108.61026
2297,2025-10-03 17:00:00+05:30,11.230904,111.63095,21.1896,118.95995
2298,2025-10-03 18:00:00+05:30,11.334285,136.93057,21.319935,139.45126
2299,2025-10-03 19:00:00+05:30,11.226575,131.09941,21.396542,137.04541
2300,2025-10-03 20:00:00+05:30,11.457958,136.27295,21.898684,141.34016
2301,2025-10-03 21:00:00+05:30,13.432632,122.412285,24.502487,130.82947
2302,2025-10-03 22:00:00+05:30,10.348043,130.06073,20.366266,134.28392
2303,2025-10-03 23:00:00+05:30,10.548061,126.674446,20.875343,134.30139
2304,2025-10-04 00:00:00+05:30,11.753877,117.34979,21.11838,124.23191
2305,2025-10-04 01:00:00+05:30,7.973005,118.30067,15.426535,124.06096
2306,2025-10-04 02:00:00+05:30,8.777654,151.85849,16.485485,148.39255
2307,2025-10-04 03:00:00+05:30,11.203464,156.3179,19.888983,158.77628
2308,2025-10-04 04:00:00+05:30,15.561413,138.75183,26.428144,144.14468
2309,2025-10-04 05:00:00+05:30,14.021525,138.12222,26.282465,143.91484
2310,2025-10-04 06:00:00+05:30,16.22498,146.3099,26.548626,149.43605
2311,2025-10-04 07:00:00+05:30,15.133923,153.13026,22.7812,153.23257
2312,2025-10-04 08:00:00+05:30,21.265154,164.78737,30.39016,164.89365
2313,2025-10-04 09:00:00+05:30,20.418695,170.8699,28.616037,170.9525
2314,2025-10-04 10:00:00+05:30,18.0036,168.46541,24.18238,169.2756
2315,2025-10-04 11:00:00+05:30,21.307774,171.25392,29.606031,172.31337
2316,2025-10-04 12:00:00+05:30,16.840345,169.53088,24.149532,169.6952
2317,2025-10-04 13:00:00+05:30,14.761098,164.43843,21.697279,166.07901
2318,2025-10-04 14:00:00+05:30,13.708391,156.80139,20.122196,158.48405
2319,2025-10-04 15:00:00+05:30,12.337553,156.80139,18.88628,157.59012
2320,2025-10-04 16:00:00+05:30,15.710607,161.98013,25.800976,165.86678
2321,2025-10-04 17:00:00+05:30,15.062033,165.4655,27.118538,167.34744
2322,2025-10-04 18:00:00+05:30,16.965895,162.71841,28.99341,167.08537
2323,2025-10-04 19:00:00+05:30,18.22361,163.35487,31.353085,164.68712
2324,2025-10-04 20:00:00+05:30,17.571909,173.53027,30.15094,175.5489
2325,2025-10-04 21:00:00+05:30,16.141893,172.95433,28.19285,174.8719
2326,2025-10-04 22:00:00+05:30,15.206537,173.8846,27.059933,176.186
2327,2025-10-04 23:00:00+05:30,15.669307,181.97488,27.77838,183.71521
2328,2025-10-05 00:00:00+05:30,15.849201,181.95247,27.475807,185.2623
2329,2025-10-05 01:00:00+05:30,13.184308,184.6986,23.801556,187.82362
2330,2025-10-05 02:00:00+05:30,11.705537,181.76236,21.158232,189.30199
2331,2025-10-05 03:00:00+05:30,8.694204,152.90453,14.33347,172.78583
2332,2025-10-05 04:00:00+05:30,12.007498,167.00539,20.224983,175.40584
2333,2025-10-05 05:00:00+05:30,16.245934,189.56662,28.09961,191.45386
2334,2025-10-05 06:00:00+05:30,10.51576,186.88162,18.64543,192.82878
2335,2025-10-05 07:00:00+05:30,12.061341,179.14493,17.64,180.0
2336,2025-10-05 08:00:00+05:30,13.698934,183.01273,19.469976,183.17976
2337,2025-10-05 09:00:00+05:30,9.236298,213.07068,11.681987,213.6901
2338,2025-10-05 10:00:00+05:30,7.8149853,218.45374,9.614426,218.15727
2339,2025-10-05 11:00:00+05:30,8.55142,229.26797,10.739832,230.44037
2340,2025-10-05 12:00:00+05:30,10.1456785,244.7989,12.483749,245.28258
2341,2025-10-05 13:00:00+05:30,8.461915,231.91118,11.161451,232.206
2342,2025-10-05 14:00:00+05:30,10.656547,217.45065,13.861168,217.61403
2343,2025-10-05 15:00:00+05:30,7.9383874,176.09958,10.440001,180.0
2344,2025-10-05 16:00:00+05:30,3.6,216.86998,5.7431,212.19571
2345,2025-10-05 17:00:00+05:30,4.143911,2.4894993,7.2805495,8.530692
2346,2025-10-05 18:00:00+05:30,2.0124612,10.304792,5.920878,19.536749
2347,2025-10-05 19:00:00+05:30,2.5071096,68.96242,5.6492476,59.349415
2348,2025-10-05 20:00:00+05:30,4.0249224,79.69521,8.311245,85.03035
2349,2025-10-05 21:00:00+05:30,1.08,90.0,4.3498964,114.44395
2350,2025-10-05 22:00:00+05:30,1.0948973,350.53775,0.8049845,63.435013
2351,2025-10-05 23:00:00+05:30,4.452954,104.03627,8.067936,128.65984
2352,2025-10-06 00:00:00+05:30,4.6102495,141.34016,11.079873,133.02507
2353,2025-10-06 01:00:00+05:30,2.5772078,167.90526,7.771331,166.60748
2354,2025-10-06 02:00:00+05:30,6.7397914,145.88548,12.413477,150.46132
2355,2025-10-06 03:00:00+05:30,4.353619,187.12492,9.0,163.73972
2356,2025-10-06 04:00:00+05:30,2.5772078,257.90524,6.2379804,223.83095
2357,2025-10-06 05:00:00+05:30,0.17999999,90.0,2.4216523,138.01286
2358,2025-10-06 06:00:00+05:30,3.644722,200.22495,5.4029994,178.0909
2359,2025-10-06 07:00:00+05:30,6.2067385,119.53869,12.097553,133.19128
2360,2025-10-06 08:00:00+05:30,4.327493,163.0724,5.637765,163.30067
2361,2025-10-06 09:00:00+05:30,6.1226463,155.69547,7.823272,156.97447
2362,2025-10-06 10:00:00+05:30,4.7657523,169.11452,5.8298883,171.11942
2363,2025-10-06 11:00:00+05:30,2.6758924,227.72638,3.319036,229.39879
2364,2025-10-06 12:00:00+05:30,2.7534704,258.6901,3.462369,261.02747
2365,2025-10-06 13:00:00+05:30,2.9024127,299.74478,3.7064266,299.0545
2366,2025-10-06 14:00:00+05:30,4.846648,291.80148,6.1226463,294.30453
2367,2025-10-06 15:00:00+05:30,5.5216303,289.0257,7.353611,291.54105
2368,2025-10-06 16:00:00+05:30,4.514377,336.5014,9.19939,329.42084
2369,2025-10-06 17:00:00+05:30,2.6758924,42.27363,5.8852015,23.428713
2370,2025-10-06 18:00:00+05:30,2.6758924,132.27362,4.5,106.26028
2371,2025-10-06 19:00:00+05:30,4.7657523,190.88548,8.909545,188.13002
2372,2025-10-06 20:00:00+05:30,7.3469996,210.96368,15.192682,216.32692
2373,2025-10-06 21:00:00+05:30,5.904439,217.56866,14.529915,221.98714
2374,2025-10-06 22:00:00+05:30,2.6758924,250.34608,8.55142,239.65683
2375,2025-10-06 23:00:00+05:30,6.6624317,178.45187,14.58,180.0
2376,2025-10-07 00:00:00+05:30,5.815978,201.80147,12.872201,200.46236
2377,2025-10-07 01:00:00+05:30,3.7971041,211.42952,10.436895,212.3196
2378,2025-10-07 02:00:00+05:30,3.0758414,200.55612,9.039514,215.2725
2379,2025-10-07 03:00:00+05:30,1.4399999,180.0,5.896202,211.26367
2380,2025-10-07 04:00:00+05:30,0.9,270.0,5.7176566,241.8215
2381,2025-10-07 05:00:00+05:30,2.97953,295.01685,7.7400002,270.0
2382,2025-10-07 06:00:00+05:30,3.096837,324.46225,6.21717,292.1095
2383,2025-10-07 07:00:00+05:30,2.1068459,340.0168,2.9024127,330.25522
2384,2025-10-07 08:00:00+05:30,2.3469126,355.60138,2.8856194,356.42374
2385,2025-10-07 09:00:00+05:30,1.9469976,33.6901,2.50064,30.256361
2386,2025-10-07 10:00:00+05:30,2.36753,98.74608,2.7238941,97.59455
2387,2025-10-07 11:00:00+05:30,1.609969,63.435013,2.0523157,74.74483
2388,2025-10-07 12:00:00+05:30,1.659518,49.398785,1.8532133,60.94549
2389,2025-10-07 13:00:00+05:30,2.5455842,81.86999,3.0811036,83.29026
2390,2025-10-07 14:00:00+05:30,3.0811036,83.29026,3.6,90.0
2391,2025-10-07 15:00:00+05:30,2.3469129,57.528828,2.8174455,63.435013
2392,2025-10-07 16:00:00+05:30,4.5572357,80.909805,7.6367526,81.86999
2393,2025-10-07 17:00:00+05:30,5.0816135,67.06787,10.3480425,76.93068
2394,2025-10-07 18:00:00+05:30,3.9966488,97.76508,7.570707,108.00426
2395,2025-10-07 19:00:00+05:30,7.519175,137.91092,15.489414,141.13222
2396,2025-10-07 20:00:00+05:30,9.144637,143.8067,18.800308,149.50671
2397,2025-10-07 21:00:00+05:30,7.889259,152.8504,17.515581,157.65184
2398,2025-10-07 22:00:00+05:30,6.5693827,170.53775,15.536408,169.99208
2399,2025-10-07 23:00:00+05:30,4.3832865,160.82089,11.659777,171.11942
2400,2025-10-08 00:00:00+05:30,3.6447225,147.09476,10.3480425,166.93068
2401,2025-10-08 01:00:00+05:30,1.7727944,156.0375,7.388775,182.79265
2402,2025-10-08 02:00:00+05:30,1.6299692,186.3401,6.8541956,203.19861
2403,2025-10-08 03:00:00+05:30,0.40249225,333.43503,3.9844694,251.56496
2404,2025-10-08 04:00:00+05:30,3.244996,356.82022,5.5450516,324.24603
2405,2025-10-08 05:00:00+05:30,2.7943513,345.06854,8.827344,320.79282
2406,2025-10-08 06:00:00+05:30,2.8460498,18.435053,3.4247334,356.98727
2407,2025-10-08 07:00:00+05:30,1.1525624,38.65983,1.5379207,20.556128
2408,2025-10-08 08:00:00+05:30,0.54,90.0,0.54,90.0
2409,2025-10-08 09:00:00+05:30,1.6981165,122.00535,1.9469976,123.6901
2410,2025-10-08 10:00:00+05:30,8.181589,129.64413,9.97986,129.14398
2411,2025-10-08 11:00:00+05:30,1.0948973,260.53775,1.0182338,224.9999
2412,2025-10-08 12:00:00+05:30,1.4512063,60.255207,1.8792552,73.300674
2413,2025-10-08 13:00:00+05:30,3.244996,70.559875,4.060985,77.19574
2414,2025-10-08 14:00:00+05:30,4.353619,82.875084,5.5829024,88.15243
2415,2025-10-08 15:00:00+05:30,2.0124612,63.435013,2.3400002,67.3801
2416,2025-10-08 16:00:00+05:30,3.745557,125.21768,7.1321807,132.95459
2417,2025-10-08 17:00:00+05:30,2.3051248,231.34016,6.299999,216.86998
2418,2025-10-08 18:00:00+05:30,5.509882,141.63248,11.132385,157.1663
2419,2025-10-08 19:00:00+05:30,5.232399,176.05489,11.521406,179.10484
2420,2025-10-08 20:00:00+05:30,3.84796,190.78426,10.308831,192.09474
2421,2025-10-08 21:00:00+05:30,3.96,180.0,10.564942,188.8203
2422,2025-10-08 22:00:00+05:30,3.604497,177.13765,10.096059,191.30989
2423,2025-10-08 23:00:00+05:30,4.186693,154.5367,11.159999,180.0
2424,2025-10-09 00:00:00+05:30,4.1556225,184.96965,11.098865,188.39284
2425,2025-10-09 01:00:00+05:30,3.4949677,191.88864,9.867218,194.79681
2426,2025-10-09 02:00:00+05:30,2.97953,334.98312,4.514377,293.49857
2427,2025-10-09 03:00:00+05:30,2.7534704,11.3098955,4.452954,345.9637
2428,2025-10-09 04:00:00+05:30,5.7964473,334.2307,10.228373,331.63104
2429,2025-10-09 05:00:00+05:30,3.8268526,311.18582,10.662626,291.80148
2430,2025-10-09 06:00:00+05:30,4.278551,292.24908,7.0591216,289.35907
2431,2025-10-09 07:00:00+05:30,5.441838,304.21576,7.193247,301.7014
2432,2025-10-09 08:00:00+05:30,5.692099,325.30478,7.491114,324.78232
2433,2025-10-09 09:00:00+05:30,6.037383,349.69522,7.69592,349.21573
2434,2025-10-09 10:00:00+05:30,7.029225,2.93562,8.647496,2.385899
2435,2025-10-09 11:00:00+05:30,12.10157,337.249,14.810401,339.36237
2436,2025-10-09 12:00:00+05:30,5.3999996,360.0,7.2022495,1.4320632
2437,2025-10-09 13:00:00+05:30,6.77575,16.990906,8.777653,15.461285
2438,2025-10-09 14:00:00+05:30,6.193674,35.537766,7.7879906,33.6901
2439,2025-10-09 15:00:00+05:30,5.4477882,7.59456,7.4346757,6.9528637
2440,2025-10-09 16:00:00+05:30,2.1897945,9.462248,3.319036,12.528798
2441,2025-10-09 17:00:00+05:30,0.9178235,101.3099,3.8647635,62.24156
2442,2025-10-09 18:00:00+05:30,2.7238941,187.59456,4.412754,168.23174
2443,2025-10-09 19:00:00+05:30,3.2048087,231.84273,5.318383,203.9625
2444,2025-10-09 20:00:00+05:30,2.5772076,245.22488,4.2481523,216.38445
2445,2025-10-09 21:00:00+05:30,3.438895,263.9911,5.4833565,246.80138
2446,2025-10-09 22:00:00+05:30,3.9763298,264.80566,8.490582,265.13556
2447,2025-10-09 23:00:00+05:30,4.846648,248.19853,11.276968,261.74066
2448,2025-10-10 00:00:00+05:30,3.9640884,309.47244,12.397806,295.82092
2449,2025-10-10 01:00:00+05:30,6.2405767,146.76828,5.315336,118.30067
2450,2025-10-10 02:00:00+05:30,4.2021422,350.13425,11.481968,350.98074
2451,2025-10-10 03:00:00+05:30,1.2074767,333.43503,7.415038,5.572114
2452,2025-10-10 04:00:00+05:30,1.8532133,330.9455,7.841888,9.246045
2453,2025-10-10 05:00:00+05:30,7.5942073,354.55975,17.92966,353.6599
2454,2025-10-10 06:00:00+05:30,9.901636,358.9584,18.188019,1.7013229
2455,2025-10-10 07:00:00+05:30,9.044888,354.2895,15.865546,356.7481
2456,2025-10-10 08:00:00+05:30,9.243311,6.70975,12.906138,8.017007
2457,2025-10-10 09:00:00+05:30,11.103243,19.903845,14.747921,19.983198
2458,2025-10-10 10:00:00+05:30,12.007498,23.875284,15.812363,22.77042
2459,2025-10-10 11:00:00+05:30,11.91812,25.016869,15.463246,24.775122
2460,2025-10-10 12:00:00+05:30,10.385547,25.676775,13.60519,25.88698
2461,2025-10-10 13:00:00+05:30,11.788281,7.016412,15.24909,7.4604836
2462,2025-10-10 14:00:00+05:30,13.499999,343.73972,18.519016,344.20752
2463,2025-10-10 15:00:00+05:30,10.694485,6.7660856,15.188415,5.4402504
2464,2025-10-10 16:00:00+05:30,3.143565,23.629398,5.637765,16.699326
2465,2025-10-10 17:00:00+05:30,3.7064266,60.94549,9.418662,44.999897
2466,2025-10-10 18:00:00+05:30,4.1085763,118.8107,8.101999,88.727
2467,2025-10-10 19:00:00+05:30,4.863332,128.991,8.825508,101.768265
2468,2025-10-10 20:00:00+05:30,4.965521,133.53127,9.565437,109.798965
2469,2025-10-10 21:00:00+05:30,2.7416782,156.80138,7.293888,105.75124
2470,2025-10-10 22:00:00+05:30,2.226477,165.96373,6.601363,115.8663
2471,2025-10-10 23:00:00+05:30,3.143565,246.3706,4.293669,213.02386
2472,2025-10-11 00:00:00+05:30,2.8799999,270.0,4.6800003,247.3801
2473,2025-10-11 01:00:00+05:30,3.01735,252.64589,5.1575575,240.75127
2474,2025-10-11 02:00:00+05:30,2.7943513,255.06853,5.8298883,261.11942
2475,2025-10-11 03:00:00+05:30,0.6489992,303.6901,4.8433046,311.98712
2476,2025-10-11 04:00:00+05:30,1.8089776,185.7105,1.8792552,196.69933
2477,2025-10-11 05:00:00+05:30,9.05205,342.64587,19.959719,352.7469
2478,2025-10-11 06:00:00+05:30,9.867218,345.2032,18.73557,351.7143
2479,2025-10-11 07:00:00+05:30,7.9077177,348.17853,17.519281,355.2853
2480,2025-10-11 08:00:00+05:30,9.0018,358.85425,12.42,360.0
2481,2025-10-11 09:00:00+05:30,10.440001,360.0,13.681183,0.75383914
2482,2025-10-11 10:00:00+05:30,10.98,10.388804,14.264361,10.175456
2483,2025-10-11 11:00:00+05:30,11.792404,12.339083,15.287288,12.236096
2484,2025-10-11 12:00:00+05:30,9.600937,6.458727,12.503199,6.613376
2485,2025-10-11 13:00:00+05:30,8.669949,4.763556,11.003581,3.7516637
2486,2025-10-11 14:00:00+05:30,8.297589,3.7313232,10.805999,1.9091109
2487,2025-10-11 15:00:00+05:30,7.4346757,6.9528637,9.9408245,5.19435
2488,2025-10-11 16:00:00+05:30,2.4216523,41.98713,5.896202,31.263678
2489,2025-10-11 17:00:00+05:30,3.8141315,289.29013,8.461915,308.08884
2490,2025-10-11 18:00:00+05:30,2.4149535,296.56497,7.344794,323.97253
2491,2025-10-11 19:00:00+05:30,0.6489992,236.3099,4.4456716,328.24057
2492,2025-10-11 20:00:00+05:30,1.609969,243.43501,3.710795,309.09384
2493,2025-10-11 21:00:00+05:30,1.3708391,246.80138,2.6999998,306.86996
2494,2025-10-11 22:00:00+05:30,0.25455844,224.9999,2.36753,8.746089
2495,2025-10-11 23:00:00+05:30,3.06,298.0724,8.043805,310.46216
2496,2025-10-12 00:00:00+05:30,5.983477,313.7812,13.633737,317.67548
2497,2025-10-12 01:00:00+05:30,8.967541,321.51978,20.160803,330.0014
2498,2025-10-12 02:00:00+05:30,9.080639,346.2392,20.008356,351.72418
2499,2025-10-12 03:00:00+05:30,7.2022495,1.4320632,18.008097,1.7183301
2500,2025-10-12 04:00:00+05:30,6.6697226,3.0939984,16.801823,4.916484
2501,2025-10-12 05:00:00+05:30,5.5829024,358.15244,14.154915,7.3056703
2502,2025-10-12 06:00:00+05:30,7.6367526,351.87,14.050382,2.2025495
2503,2025-10-12 07:00:00+05:30,6.206738,343.1415,11.866355,350.39487
2504,2025-10-12 08:00:00+05:30,8.197414,351.15826,11.074022,352.52853
2505,2025-10-12 09:00:00+05:30,8.461914,358.78116,10.981475,359.06082
2506,2025-10-12 10:00:00+05:30,7.613382,6.7888846,9.600937,6.458727
2507,2025-10-12 11:00:00+05:30,7.8728137,349.46088,9.67657,350.36252
2508,2025-10-12 12:00:00+05:30,8.297589,347.4712,10.5234585,347.15228
2509,2025-10-12 13:00:00+05:30,8.209263,344.7448,10.435344,345.00485
2510,2025-10-12 14:00:00+05:30,8.2584505,339.59003,10.703569,340.3461
2511,2025-10-12 15:00:00+05:30,7.42159,337.1663,10.399576,336.54095
2512,2025-10-12 16:00:00+05:30,2.995797,327.26477,7.570707,331.6071
2513,2025-10-12 17:00:00+05:30,2.9522195,307.56866,7.653705,318.81415
2514,2025-10-12 18:00:00+05:30,1.9469976,326.3099,5.9427266,324.86572
2515,2025-10-12 19:00:00+05:30,0.76367533,44.999897,2.6999998,360.0
2516,2025-10-12 20:00:00+05:30,0.9,126.86999,1.609969,116.56499
2517,2025-10-12 21:00:00+05:30,1.9881649,185.19434,2.5264204,184.08554
2518,2025-10-12 22:00:00+05:30,2.5959969,213.6901,3.7971041,211.42952
2519,2025-10-12 23:00:00+05:30,2.16,270.0,3.604497,267.13766
2520,2025-10-13 00:00:00+05:30,3.4949677,258.11136,4.802999,257.00537
2521,2025-10-13 01:00:00+05:30,4.0249224,280.30478,6.1437774,264.95764
2522,2025-10-13 02:00:00+05:30,7.2403865,304.8754,11.996699,297.7184
2523,2025-10-13 03:00:00+05:30,6.696387,306.25394,14.677452,303.4952
2524,2025-10-13 04:00:00+05:30,6.7397914,325.8855,15.435983,328.3488
2525,2025-10-13 05:00:00+05:30,7.9383874,356.09958,19.101213,2.7005796
2526,2025-10-13 06:00:00+05:30,9.9587345,6.2257357,19.348116,12.355352
2527,2025-10-13 07:00:00+05:30,8.669949,4.763556,18.179998,11.42116
2528,2025-10-13 08:00:00+05:30,10.699028,12.633354,14.800554,13.360237
2529,2025-10-13 09:00:00+05:30,11.39842,15.572617,15.379206,16.313938
2530,2025-10-13 10:00:00+05:30,10.310403,16.220268,13.327294,16.476961
2531,2025-10-13 11:00:00+05:30,10.004178,351.72418,12.906138,351.983
2532,2025-10-13 12:00:00+05:30,9.9571085,347.4712,12.9249525,347.125
2533,2025-10-13 13:00:00+05:30,9.391102,347.82855,12.182955,347.19574
2534,2025-10-13 14:00:00+05:30,8.909545,351.87,11.659777,351.11942
2535,2025-10-13 15:00:00+05:30,7.458606,351.67444,10.360559,352.01077
2536,2025-10-13 16:00:00+05:30,4.2136917,340.0168,9.734987,340.55988
2537,2025-10-13 17:00:00+05:30,5.09435,327.99466,11.672275,333.43503
2538,2025-10-13 18:00:00+05:30,4.978554,310.60123,11.414043,322.04572
2539,2025-10-13 19:00:00+05:30,4.143911,304.3804,9.290511,324.46225
2540,2025-10-13 20:00:00+05:30,3.9966483,305.83774,8.37532,331.78275
2541,2025-10-13 21:00:00+05:30,5.1919937,326.3099,11.132385,337.1663
2542,2025-10-13 22:00:00+05:30,5.7628117,345.52966,12.781267,359.19308
2543,2025-10-13 23:00:00+05:30,5.4149795,344.57776,11.525623,358.21014
2544,2025-10-14 00:00:00+05:30,6.151683,339.44388,13.14493,358.43066
2545,2025-10-14 01:00:00+05:30,8.297589,335.6589,17.968472,349.0278
2546,2025-10-14 02:00:00+05:30,8.139901,341.9656,18.806337,354.50775
2547,2025-10-14 03:00:00+05:30,8.513448,346.55136,19.937794,353.26004
2548,2025-10-14 04:00:00+05:30,7.555712,347.61926,18.448023,354.40076
2549,2025-10-14 05:00:00+05:30,7.02,360.0,17.731598,5.8262515
2550,2025-10-14 06:00:00+05:30,8.11798,3.8140097,15.426535,11.441022
2551,2025-10-14 07:00:00+05:30,5.8298883,8.8805895,12.708816,15.611057
2552,2025-10-14 08:00:00+05:30,8.227004,10.0805435,11.265469,12.926001
2553,2025-10-14 09:00:00+05:30,10.661107,11.689341,14.193772,12.449991
2554,2025-10-14 10:00:00+05:30,11.897714,10.459866,15.602999,11.3098955
2555,2025-10-14 11:00:00+05:30,12.425216,1.6602461,16.029097,1.930544
2556,2025-10-14 12:00:00+05:30,12.059999,360.0,15.661035,0.6585307
2557,2025-10-14 13:00:00+05:30,10.993271,357.1845,14.410121,357.85245
2558,2025-10-14 14:00:00+05:30,10.948973,350.53775,14.766584,350.8822
2559,2025-10-14 15:00:00+05:30,9.83268,336.2505,14.607751,337.54303
2560,2025-10-14 16:00:00+05:30,8.415842,318.46832,17.035456,321.43472
2561,2025-10-14 17:00:00+05:30,8.404285,313.26434,19.59356,321.34018
2562,2025-10-14 18:00:00+05:30,7.6579366,330.42227,19.66536,336.2505
2563,2025-10-14 19:00:00+05:30,6.6185193,337.6198,18.158602,342.10376
2564,2025-10-14 20:00:00+05:30,6.4624763,347.125,17.5931,352.94778
2565,2025-10-14 21:00:00+05:30,7.6579366,336.44772,19.011953,341.22186
2566,2025-10-14 22:00:00+05:30,8.36758,341.1752,20.224985,343.9845
2567,2025-10-14 23:00:00+05:30,8.581677,350.34018,20.364674,351.87
2568,2025-10-15 00:00:00+05:30,8.6867485,354.05322,19.987295,358.45187
2569,2025-10-15 01:00:00+05:30,8.461914,1.218852,19.719654,5.7625394
2570,2025-10-15 02:00:00+05:30,8.82,360.0,20.34,7.6280556
2571,2025-10-15 03:00:00+05:30,8.649369,347.98853,20.5484,356.98727
2572,2025-10-15 04:00:00+05:30,7.342588,348.6901,18.403185,356.07416
2573,2025-10-15 05:00:00+05:30,8.731391,345.67725,20.301735,349.78607
2574,2025-10-15 06:00:00+05:30,9.743305,348.2749,18.329975,352.6657
2575,2025-10-15 07:00:00+05:30,7.731622,347.90527,16.65754,353.79663
2576,2025-10-15 08:00:00+05:30,8.649369,347.98853,12.221456,350.67648
2577,2025-10-15 09:00:00+05:30,10.360559,352.01077,13.797912,352.50424
2578,2025-10-15 10:00:00+05:30,11.098865,351.60715,14.561099,351.4693
2579,2025-10-15 11:00:00+05:30,11.700001,345.74994,15.108211,344.8047
2580,2025-10-15 12:00:00+05:30,11.734564,339.341,15.275627,338.57465
2581,2025-10-15 13:00:00+05:30,11.511559,333.03436,15.216123,332.52567
2582,2025-10-15 14:00:00+05:30,10.874742,331.31393,14.668619,330.60403
2583,2025-10-15 15:00:00+05:30,9.913082,330.64233,15.070633,330.67963
2584,2025-10-15 16:00:00+05:30,5.7431,327.8043,13.243156,328.90274
2585,2025-10-15 17:00:00+05:30,5.2323985,333.43503,12.669238,337.44272
2586,2025-10-15 18:00:00+05:30,4.752136,322.69595,11.592895,334.2307
2587,2025-10-15 19:00:00+05:30,5.6521144,322.76508,13.306615,329.9668
2588,2025-10-15 20:00:00+05:30,5.896202,328.73633,13.356437,322.66672
2589,2025-10-15 21:00:00+05:30,5.00128,329.74365,11.599879,311.85495
2590,2025-10-15 22:00:00+05:30,4.599695,300.57913,12.24,298.0724
2591,2025-10-15 23:00:00+05:30,6.090812,304.15976,16.08761,310.46216
2592,2025-10-16 00:00:00+05:30,5.441838,304.21576,14.410121,318.54486
2593,2025-10-16 01:00:00+05:30,5.6002855,315.0001,14.277983,326.3099
2594,2025-10-16 02:00:00+05:30,6.638072,310.60123,16.13286,324.53656
2595,2025-10-16 03:00:00+05:30,7.282774,309.98682,17.640919,323.71463
2596,2025-10-16 04:00:00+05:30,7.7650757,314.06088,18.42166,326.15463
2597,2025-10-16 05:00:00+05:30,9.252069,322.90707,20.931143,328.36026
2598,2025-10-16 06:00:00+05:30,10.009036,322.3057,19.046858,329.31488
2599,2025-10-16 07:00:00+05:30,7.7420926,324.46225,18.043148,331.38962
2600,2025-10-16 08:00:00+05:30,7.731623,335.22488,10.966713,336.8014
2601,2025-10-16 09:00:00+05:30,8.107996,357.45523,10.801499,359.04517
2602,2025-10-16 10:00:00+05:30,8.035746,15.5928755,10.137692,16.504446
2603,2025-10-16 11:00:00+05:30,7.2044983,12.99463,8.863972,12.907409
2604,2025-10-16 12:00:00+05:30,6.7205353,7.695961,8.350138,7.4313188
2605,2025-10-16 13:00:00+05:30,6.87779,353.9911,8.6867485,354.05322
2606,2025-10-16 14:00:00+05:30,6.037383,349.69522,7.69592,349.21573
2607,2025-10-16 15:00:00+05:30,5.637765,343.3007,7.1208143,343.8556
2608,2025-10-16 16:00:00+05:30,3.0652895,356.6336,7.029225,357.0644
2609,2025-10-16 17:00:00+05:30,2.5959969,326.3099,7.24486,333.43503
2610,2025-10-16 18:00:00+05:30,1.6981165,302.00534,5.369916,320.44037
2611,2025-10-16 19:00:00+05:30,1.2727921,224.9999,2.0124612,259.69522
2612,2025-10-16 20:00:00+05:30,3.8521678,232.59457,5.257109,231.95291
2613,2025-10-16 21:00:00+05:30,5.068846,253.49556,7.989242,247.47939
2614,2025-10-16 22:00:00+05:30,5.426933,264.2895,9.6480665,255.96373
2615,2025-10-16 23:00:00+05:30,4.8899083,263.6599,8.936778,260.72748
2616,2025-10-17 00:00:00+05:30,4.913044,278.42688,10.062305,280.30478
2617,2025-10-17 01:00:00+05:30,4.379589,279.46225,9.5196,285.3502
2618,2025-10-17 02:00:00+05:30,5.5829024,290.77234,12.011544,289.2496
2619,2025-10-17 03:00:00+05:30,6.1305785,310.2363,14.677452,303.4952
2620,2025-10-17 04:00:00+05:30,5.0975285,317.86246,12.5807,326.08252
2621,2025-10-17 05:00:00+05:30,6.379216,343.61038,14.619946,355.76367
2622,2025-10-17 06:00:00+05:30,6.8989563,344.87595,12.304682,5.8773003
2623,2025-10-17 07:00:00+05:30,4.7521367,335.37646,11.345713,358.18173
2624,2025-10-17 08:00:00+05:30,5.1197267,349.8754,7.415038,354.4279
2625,2025-10-17 09:00:00+05:30,7.6367526,8.130019,9.854075,9.462248
2626,2025-10-17 10:00:00+05:30,5.9617786,28.886486,7.5019197,30.256361
2627,2025-10-17 11:00:00+05:30,5.4149795,15.42223,6.5520988,15.945477
2628,2025-10-17 12:00:00+05:30,5.0528407,4.085537,6.1437774,5.0423646
2629,2025-10-17 13:00:00+05:30,4.143911,2.4894993,5.0432134,2.0453732
2630,2025-10-17 14:00:00+05:30,3.4152596,341.56494,4.1556225,342.34976
2631,2025-10-17 15:00:00+05:30,4.5,306.86996,5.6233797,309.8055
2632,2025-10-17 16:00:00+05:30,4.3832865,289.1791,9.266067,294.0755
2633,2025-10-17 17:00:00+05:30,6.5049515,284.4208,13.441071,290.37653
2634,2025-10-17 18:00:00+05:30,5.9834766,276.91113,12.399113,279.18875
2635,2025-10-17 19:00:00+05:30,4.86,270.0,9.208192,274.48453
2636,2025-10-17 20:00:00+05:30,4.5322843,263.15732,8.297589,266.26868
2637,2025-10-17 21:00:00+05:30,4.445672,248.6293,7.8625183,254.05453
2638,2025-10-17 22:00:00+05:30,4.669604,242.44727,7.353611,248.45895
2639,2025-10-17 23:00:00+05:30,4.5891175,258.6901,7.8149853,284.67642
2640,2025-10-18 00:00:00+05:30,5.297018,279.78235,11.098865,278.39285
2641,2025-10-18 01:00:00+05:30,5.0975285,312.1375,12.522619,288.43503
2642,2025-10-18 02:00:00+05:30,5.95906,334.98312,13.022349,319.48468
2643,2025-10-18 03:00:00+05:30,6.5223618,332.02063,15.617529,334.02567
2644,2025-10-18 04:00:00+05:30,6.6087217,330.64233,16.1198,336.29733
2645,2025-10-18 05:00:00+05:30,7.5170207,343.3007,17.437717,352.2882
2646,2025-10-18 06:00:00+05:30,8.777653,344.53873,16.395817,357.4832
2647,2025-10-18 07:00:00+05:30,6.424764,348.6901,16.215992,2.5447557
2648,2025-10-18 08:00:00+05:30,6.519877,6.3401003,10.239453,10.124612
2649,2025-10-18 09:00:00+05:30,8.707237,29.744795,11.238113,31.908066
2650,2025-10-18 10:00:00+05:30,7.029225,50.194473,8.942214,49.899166
2651,2025-10-18 11:00:00+05:30,4.514377,66.50142,5.3939967,64.2901
2652,2025-10-18 12:00:00+05:30,2.9522195,52.431335,3.6,53.13002
2653,2025-10-18 13:00:00+05:30,2.657668,28.30066,3.219938,26.564985
2654,2025-10-18 14:00:00+05:30,3.244996,356.82022,3.964089,357.3975
2655,2025-10-18 15:00:00+05:30,2.6208394,344.05453,3.143565,336.3706
2656,2025-10-18 16:00:00+05:30,2.0124612,349.69522,3.8856654,346.60748
2657,2025-10-18 17:00:00+05:30,1.2727921,44.999897,4.278551,22.249071
2658,2025-10-18 18:00:00+05:30,1.484318,75.96373,4.080882,48.57643
2659,2025-10-18 19:00:00+05:30,1.484318,104.03627,4.724786,72.25524
2660,2025-10-18 20:00:00+05:30,0.40249225,206.56499,2.52,90.0
2661,2025-10-18 21:00:00+05:30,0.8049845,206.56499,3.0547013,135.0001
2662,2025-10-18 22:00:00+05:30,2.6208394,195.94547,4.353619,172.87508
2663,2025-10-18 23:00:00+05:30,1.4058449,219.80553,0.9,216.86998
2664,2025-10-19 00:00:00+05:30,1.8792552,253.30067,0.9,270.0
2665,2025-10-19 01:00:00+05:30,0.8049845,243.43501,0.35999998,90.0
2666,2025-10-19 02:00:00+05:30,0.56920993,161.56496,2.8460498,71.564964
2667,2025-10-19 03:00:00+05:30,0.56920993,18.435053,4.8433046,48.01287
2668,2025-10-19 04:00:00+05:30,3.438895,6.0089183,8.435069,39.805527
2669,2025-10-19 05:00:00+05:30,5.7628117,14.470333,13.374618,28.979609
2670,2025-10-19 06:00:00+05:30,8.32877,6.20336,13.874019,22.905807
2671,2025-10-19 07:00:00+05:30,6.7469993,9.210952,13.1041975,15.945477
2672,2025-10-19 08:00:00+05:30,7.6579366,23.552286,10.30883,24.775122
2673,2025-10-19 09:00:00+05:30,9.801326,45.74398,12.738099,47.290634
2674,2025-10-19 10:00:00+05:30,9.54679,45.763813,11.966954,46.2188
2675,2025-10-19 11:00:00+05:30,9.039514,35.272507,11.13384,34.460888
2676,2025-10-19 12:00:00+05:30,8.435069,39.805527,10.739832,39.55964
2677,2025-10-19 13:00:00+05:30,7.8149853,38.453735,9.867218,38.33339
2678,2025-10-19 14:00:00+05:30,7.3997297,41.054726,9.313152,41.081665
2679,2025-10-19 15:00:00+05:30,6.59154,34.9921,9.039514,35.272507
2680,2025-10-19 16:00:00+05:30,3.6,360.0,8.019601,9.039405
2681,2025-10-19 17:00:00+05:30,5.2939587,17.818983,12.362475,16.06006
2682,2025-10-19 18:00:00+05:30,4.5572357,350.9098,10.261578,1.0050671
2683,2025-10-19 19:00:00+05:30,5.5216303,340.9743,13.627795,347.79953
2684,2025-10-19 20:00:00+05:30,5.7628117,345.52966,14.892213,352.35968
2685,2025-10-19 21:00:00+05:30,5.3699164,346.42953,12.503199,353.38663
2686,2025-10-19 22:00:00+05:30,5.9399996,360.0,13.5012,0.76387954
2687,2025-10-19 23:00:00+05:30,6.945761,31.218353,15.315873,23.552286
2688,2025-10-20 00:00:00+05:30,7.3997297,48.94529,17.063011,43.29022
2689,2025-10-20 01:00:00+05:30,6.623413,42.797382,16.932442,46.292088
2690,2025-10-20 02:00:00+05:30,4.724786,40.364468,14.512064,46.005
2691,2025-10-20 03:00:00+05:30,5.2478566,30.963696,15.528064,44.999897
2692,2025-10-20 04:00:00+05:30,6.854195,29.931421,18.089775,42.580452
2693,2025-10-20 05:00:00+05:30,6.6405115,32.82854,15.9134655,52.35232
2694,2025-10-20 06:00:00+05:30,9.224011,17.020617,16.895088,38.94581
2695,2025-10-20 07:00:00+05:30,8.035746,15.5928755,17.287498,31.372961
2696,2025-10-20 08:00:00+05:30,9.021574,28.610369,12.688404,31.660704
2697,2025-10-20 09:00:00+05:30,11.385622,39.225655,15.210799,39.718716
2698,2025-10-20 10:00:00+05:30,12.061343,37.725063,15.661035,37.52852
2699,2025-10-20 11:00:00+05:30,10.337078,35.07383,13.036026,35.4458
2700,2025-10-20 12:00:00+05:30,9.5416975,35.78906,12.241323,36.027473
2701,2025-10-20 13:00:00+05:30,8.643749,31.372961,11.238113,31.908066
2702,2025-10-20 14:00:00+05:30,9.109138,29.604366,12.011544,29.638298
2703,2025-10-20 15:00:00+05:30,7.24486,26.564985,11.672275,26.564985
2704,2025-10-20 16:00:00+05:30,4.8899083,6.3401003,11.968308,12.154927
2705,2025-10-20 17:00:00+05:30,5.0688457,353.88458,11.767651,6.1465325
2706,2025-10-20 18:00:00+05:30,6.2613096,341.56494,13.504799,358.4725
2707,2025-10-20 19:00:00+05:30,7.5685663,334.65387,18.040453,347.90527
2708,2025-10-20 20:00:00+05:30,6.9270773,335.43283,17.594023,346.39023
2709,2025-10-20 21:00:00+05:30,6.2145634,349.99207,15.905319,354.80566
2710,2025-10-20 22:00:00+05:30,6.424764,348.6901,15.124284,1.3638979
2711,2025-10-20 23:00:00+05:30,6.6818557,4.6353807,17.160524,4.8134713
2712,2025-10-21 00:00:00+05:30,5.692099,34.69522,15.175612,22.306253
2713,2025-10-21 01:00:00+05:30,5.5916004,33.178535,14.233664,32.082153
2714,2025-10-21 02:00:00+05:30,7.9526596,5.19435,19.384087,10.162028
2715,2025-10-21 03:00:00+05:30,7.970972,6.482988,20.157589,10.808191
2716,2025-10-21 04:00:00+05:30,8.792405,22.89059,20.78123,24.567156
2717,2025-10-21 05:00:00+05:30,7.8625183,15.945477,19.15288,21.501507
2718,2025-10-21 06:00:00+05:30,9.266067,24.075504,17.325876,32.69945
2719,2025-10-21 07:00:00+05:30,7.0591216,19.359097,15.22783,28.988733
2720,2025-10-21 08:00:00+05:30,8.0599,29.427368,11.298495,30.6506
2721,2025-10-21 09:00:00+05:30,10.934166,32.905247,14.330079,32.69198
2722,2025-10-21 10:00:00+05:30,11.91812,25.016869,15.463246,24.775122
2723,2025-10-21 11:00:00+05:30,11.832176,13.190616,15.287288,12.236096
2724,2025-10-21 12:00:00+05:30,11.837651,8.746089,15.427586,7.373672
2725,2025-10-21 13:00:00+05:30,10.717182,7.7217383,14.133153,6.581848
2726,2025-10-21 14:00:00+05:30,8.297589,12.528798,10.948973,9.462261
2727,2025-10-21 15:00:00+05:30,6.603817,17.447285,9.346143,15.642312
2728,2025-10-21 16:00:00+05:30,3.143565,23.629398,8.155807,22.036283
2729,2025-10-21 17:00:00+05:30,3.4623692,332.1028,9.05205,342.64587
2730,2025-10-21 18:00:00+05:30,4.0449967,327.72437,10.132897,347.692
2731,2025-10-21 19:00:00+05:30,4.1085763,331.1893,9.9,360.0
2732,2025-10-21 20:00:00+05:30,2.226477,345.9637,8.297589,40.601215
2733,2025-10-21 21:00:00+05:30,1.5379207,20.556128,8.305396,60.1012
2734,2025-10-21 22:00:00+05:30,1.1384199,18.435053,7.001514,46.041542
2735,2025-10-21 23:00:00+05:30,2.226477,14.036275,8.287822,34.3804
2736,2025-10-22 00:00:00+05:30,3.381893,25.201094,9.648067,36.656208
2737,2025-10-22 01:00:00+05:30,5.495161,328.39255,10.453957,357.03912
2738,2025-10-22 02:00:00+05:30,6.2613096,341.56494,15.861461,350.85843
2739,2025-10-22 03:00:00+05:30,5.0528407,355.91446,13.218668,6.2539444
2740,2025-10-22 04:00:00+05:30,4.5,360.0,10.873251,19.334904
2741,2025-10-22 05:00:00+05:30,7.6642804,350.53775,16.380001,360.0
2742,2025-10-22 06:00:00+05:30,9.215226,347.5926,16.203999,1.2730018
2743,2025-10-22 07:00:00+05:30,6.8541956,346.32867,16.755476,2.462766
2744,2025-10-22 08:00:00+05:30,7.7420926,1.3321922,10.837435,4.763556
2745,2025-10-22 09:00:00+05:30,9.039514,12.652561,11.792404,12.339083
2746,2025-10-22 10:00:00+05:30,10.8029995,10.560966,14.056144,9.582883
2747,2025-10-22 11:00:00+05:30,10.259999,360.0,13.14,360.0
2748,2025-10-22 12:00:00+05:30,10.2742,3.0127327,13.14493,1.5693227
2749,2025-10-22 13:00:00+05:30,9.6480665,8.583544,12.324414,6.70975
2750,2025-10-22 14:00:00+05:30,8.490582,21.124796,10.814989,18.435053
2751,2025-10-22 15:00:00+05:30,7.8149853,38.453735,10.83893,35.537766
2752,2025-10-22 16:00:00+05:30,4.278551,67.75093,10.304114,62.98742
2753,2025-10-22 17:00:00+05:30,1.0948973,99.46225,2.9301877,42.510403
2754,2025-10-22 18:00:00+05:30,1.1384199,198.43504,1.9386592,248.19853
2755,2025-10-22 19:00:00+05:30,3.244996,236.3099,5.5216303,250.9743
2756,2025-10-22 20:00:00+05:30,2.6758924,222.27362,4.863332,231.009
2757,2025-10-22 21:00:00+05:30,3.6447225,212.90524,5.1481256,216.46933
2758,2025-10-22 22:00:00+05:30,4.3274937,224.9999,5.9427266,215.13428
2759,2025-10-22 23:00:00+05:30,2.1674871,274.76355,2.6758924,250.34608
2760,2025-10-23 00:00:00+05:30,4.143911,304.3804,4.91634,293.7495
2761,2025-10-23 01:00:00+05:30,3.9966483,305.83774,6.015878,308.92755
2762,2025-10-23 02:00:00+05:30,4.2021427,316.73566,6.9153743,321.34018
2763,2025-10-23 03:00:00+05:30,5.8852015,336.5713,10.1456785,334.79892
2764,2025-10-23 04:00:00+05:30,5.506941,348.6901,12.182955,347.19574
2765,2025-10-23 05:00:00+05:30,5.950899,356.53183,15.669307,1.9748993
2766,2025-10-23 06:00:00+05:30,7.256032,352.87506,13.41453,11.611463
2767,2025-10-23 07:00:00+05:30,4.379589,350.53775,10.656547,15.679591
2768,2025-10-23 08:00:00+05:30,4.514377,23.498587,6.12,28.072395
2769,2025-10-23 09:00:00+05:30,5.22,46.39711,6.623413,47.20262
2770,2025-10-23 10:00:00+05:30,4.724786,49.635548,5.983477,46.2188
2771,2025-10-23 11:00:00+05:30,6.050785,22.751022,7.353611,21.54104
2772,2025-10-23 12:00:00+05:30,6.8138976,12.200457,8.43699,11.07017
2773,2025-10-23 13:00:00+05:30,7.3094187,9.926182,9.087772,7.969524
2774,2025-10-23 14:00:00+05:30,7.579261,4.085537,9.5416975,1.0809096
2775,2025-10-23 15:00:00+05:30,5.6521144,9.16228,7.613382,6.7888846
2776,2025-10-23 16:00:00+05:30,2.3051248,38.65983,5.2416787,15.945477
2777,2025-10-23 17:00:00+05:30,4.143911,272.4895,8.709098,288.06055
2778,2025-10-23 18:00:00+05:30,2.3469129,237.52882,6.0721655,258.0239
2779,2025-10-23 19:00:00+05:30,3.06,180.0,6.7565966,221.76021
2780,2025-10-23 20:00:00+05:30,3.8773184,158.19853,6.603817,197.44728
2781,2025-10-23 21:00:00+05:30,2.2768397,161.56496,5.8048253,187.12492
2782,2025-10-23 22:00:00+05:30,1.3104197,164.05453,4.5572357,170.9098
2783,2025-10-23 23:00:00+05:30,0.6489992,123.690094,1.8089776,174.2895
2784,2025-10-24 00:00:00+05:30,0.40249225,26.564985,0.6489992,123.690094
2785,2025-10-24 01:00:00+05:30,1.6299692,353.6599,2.5264204,355.91446
2786,2025-10-24 02:00:00+05:30,2.2910259,315.0001,3.4152596,18.435053
2787,2025-10-24 03:00:00+05:30,4.0449963,339.14545,6.379216,16.389616
2788,2025-10-24 04:00:00+05:30,3.8183763,351.87,5.9834766,21.161337
2789,2025-10-24 05:00:00+05:30,5.983477,344.2913,15.359179,349.8754
2790,2025-10-24 06:00:00+05:30,7.0015144,342.03076,11.892265,2.6025116
2791,2025-10-24 07:00:00+05:30,3.4763772,338.74942,8.37532,8.652461
2792,2025-10-24 08:00:00+05:30,2.907989,21.801476,4.186693,25.463305
2793,2025-10-24 09:00:00+05:30,3.693291,46.97493,4.8366103,44.999897
2794,2025-10-24 10:00:00+05:30,3.8268526,41.185837,4.5891175,41.82009
2795,2025-10-24 11:00:00+05:30,3.7842832,64.65388,4.510787,61.389645
2796,2025-10-24 12:00:00+05:30,3.4763772,68.74943,4.0249224,63.435013
2797,2025-10-24 13:00:00+05:30,4.6277857,76.50425,5.4656014,72.75845
2798,2025-10-24 14:00:00+05:30,5.414979,68.5522,6.28713,66.37061
2799,2025-10-24 15:00:00+05:30,5.5887027,75.068535,7.0015144,72.03077
2800,2025-10-24 16:00:00+05:30,4.3832865,109.17911,10.137692,106.50443
2801,2025-10-24 17:00:00+05:30,1.7076298,251.56496,4.6938252,265.60138
2802,2025-10-24 18:00:00+05:30,1.0948973,260.53775,4.060985,257.19574
2803,2025-10-24 19:00:00+05:30,0.9693296,111.801476,2.6999998,143.13002
2804,2025-10-24 20:00:00+05:30,1.4058449,129.80553,5.0816135,157.06787
2805,2025-10-24 21:00:00+05:30,2.19718,145.0079,6.1120534,166.37299
2806,2025-10-24 22:00:00+05:30,3.06,180.0,6.4799995,180.0
2807,2025-10-24 23:00:00+05:30,4.5891175,221.82008,7.229191,198.88618
2808,2025-10-25 00:00:00+05:30,4.6452556,234.46223,8.39078,202.71445
2809,2025-10-25 01:00:00+05:30,3.8183763,261.87,7.689603,212.57405
2810,2025-10-25 02:00:00+05:30,4.143911,267.5105,7.382195,224.9999
2811,2025-10-25 03:00:00+05:30,2.2768397,251.56496,6.7565966,228.23979
2812,2025-10-25 04:00:00+05:30,0.40249225,26.564985,2.3400002,247.3801
2813,2025-10-25 05:00:00+05:30,4.942631,349.50858,7.3469996,329.03632
2814,2025-10-25 06:00:00+05:30,5.6835546,349.04596,6.8989563,344.87595
2815,2025-10-25 07:00:00+05:30,3.6,360.0,7.9932976,7.7650824
2816,2025-10-25 08:00:00+05:30,2.9024127,7.12493,4.175069,7.4313188
2817,2025-10-25 09:00:00+05:30,3.148714,30.963696,4.0449967,32.275623
2818,2025-10-25 10:00:00+05:30,4.7110505,46.54811,5.8603754,47.489597
2819,2025-10-25 11:00:00+05:30,7.001514,46.041542,8.654987,44.999897
2820,2025-10-25 12:00:00+05:30,7.145796,49.085716,8.92408,48.270576
2821,2025-10-25 13:00:00+05:30,6.7397914,55.885483,8.244708,53.880566
2822,2025-10-25 14:00:00+05:30,5.9617786,61.113514,7.3469996,59.03632
2823,2025-10-25 15:00:00+05:30,5.5450516,76.865974,6.9480934,73.442856
2824,2025-10-25 16:00:00+05:30,3.7585104,106.699326,7.247096,104.38144
2825,2025-10-25 17:00:00+05:30,4.5891175,25.559923,9.339208,27.552727
2826,2025-10-25 18:00:00+05:30,3.745557,54.782326,7.1321807,42.954597
2827,2025-10-25 19:00:00+05:30,1.4512063,97.12492,4.542994,56.3099
2828,2025-10-25 20:00:00+05:30,1.5484185,125.537766,4.278551,104.62092
2829,2025-10-25 21:00:00+05:30,3.7585104,106.699326,7.613382,96.78888
2830,2025-10-25 22:00:00+05:30,6.5223618,152.02061,11.782784,145.58157
2831,2025-10-25 23:00:00+05:30,5.6835546,190.95403,14.174356,197.74477
2832,2025-10-26 00:00:00+05:30,4.514377,203.49858,11.996699,207.71841
2833,2025-10-26 01:00:00+05:30,4.863332,218.991,12.096214,216.52895
2834,2025-10-26 02:00:00+05:30,3.362677,254.47583,8.953078,239.82657
2835,2025-10-26 03:00:00+05:30,3.671294,258.6901,9.178235,258.6901
2836,2025-10-26 04:00:00+05:30,2.3469126,265.60138,6.8989563,254.87593
2837,2025-10-26 05:00:00+05:30,2.5455842,315.0001,6.7469993,279.21094
2838,2025-10-26 06:00:00+05:30,2.907989,338.19852,5.2478566,292.16638
2839,2025-10-26 07:00:00+05:30,1.4512063,262.8751,4.379589,279.46225
2840,2025-10-26 08:00:00+05:30,2.3400002,292.6199,3.143565,293.6294
2841,2025-10-26 09:00:00+05:30,2.9301877,47.489597,3.8268526,48.814175
2842,2025-10-26 10:00:00+05:30,6.114703,47.385983,7.7734165,47.815628
2843,2025-10-26 11:00:00+05:30,7.5363917,49.844074,9.313152,48.91835
2844,2025-10-26 12:00:00+05:30,7.8480825,36.607166,9.793059,36.027473
2845,2025-10-26 13:00:00+05:30,7.256032,29.744795,9.19939,30.579157
2846,2025-10-26 14:00:00+05:30,6.156947,37.875042,7.7043357,37.405437
2847,2025-10-26 15:00:00+05:30,5.5450516,54.246033,7.2,53.13002
2848,2025-10-26 16:00:00+05:30,2.995797,57.264786,6.76618,61.389645
2849,2025-10-26 17:00:00+05:30,4.323748,182.3859,8.473393,167.73524
2850,2025-10-26 18:00:00+05:30,6.77575,196.9909,11.341428,179.09064
2851,2025-10-26 19:00:00+05:30,7.5685663,182.72626,15.697197,176.05489
2852,2025-10-26 20:00:00+05:30,4.846648,201.80147,12.0653715,181.70978
2853,2025-10-26 21:00:00+05:30,5.0816135,202.93213,12.961249,189.59306
2854,2025-10-26 22:00:00+05:30,4.0449967,212.27562,10.694485,186.76608
2855,2025-10-26 23:00:00+05:30,5.1575575,240.75127,10.285232,212.85571
2856,2025-10-27 00:00:00+05:30,4.3349743,265.23645,8.78872,235.0079
2857,2025-10-27 01:00:00+05:30,3.8773184,291.80148,6.698806,263.82993
2858,2025-10-27 02:00:00+05:30,3.563818,315.0001,4.7827187,289.79895
2859,2025-10-27 03:00:00+05:30,3.644722,339.77505,5.09435,327.99466
2860,2025-10-27 04:00:00+05:30,5.04,360.0,10.805999,358.09088
2861,2025-10-27 05:00:00+05:30,4.379589,9.462248,10.435344,14.995138
2862,2025-10-27 06:00:00+05:30,7.1321807,10.175456,12.472065,20.265789
2863,2025-10-27 07:00:00+05:30,5.12289,18.435053,11.995349,25.795975
2864,2025-10-27 08:00:00+05:30,6.299999,36.86999,8.461915,38.088825
2865,2025-10-27 09:00:00+05:30,7.973005,61.69934,10.304114,62.98742
2866,2025-10-27 10:00:00+05:30,9.444426,82.33328,11.9466305,83.94591
2867,2025-10-27 11:00:00+05:30,10.387107,81.02746,13.138765,80.53775
2868,2025-10-27 12:00:00+05:30,9.165871,70.49747,11.841756,70.46326
2869,2025-10-27 13:00:00+05:30,8.287822,55.6196,10.685391,57.380775
2870,2025-10-27 14:00:00+05:30,9.178235,48.179924,11.870451,49.304558
2871,2025-10-27 15:00:00+05:30,8.211235,63.996716,11.431062,63.8385
2872,2025-10-27 16:00:00+05:30,5.2939587,72.18102,11.672275,70.167786
2873,2025-10-27 17:00:00+05:30,1.9386592,158.19853,5.4833565,113.19862
2874,2025-10-27 18:00:00+05:30,4.6938252,274.39862,5.414979,291.4478
2875,2025-10-27 19:00:00+05:30,2.6999998,306.86996,3.8183763,351.87
2876,2025-10-27 20:00:00+05:30,2.4482646,342.8972,5.6060677,47.602623
2877,2025-10-27 21:00:00+05:30,1.5379207,339.44388,5.232399,86.05489
2878,2025-10-27 22:00:00+05:30,3.9477081,335.77228,4.599695,30.579157
2879,2025-10-27 23:00:00+05:30,6.12,360.0,8.6867485,34.019398
2880,2025-10-28 00:00:00+05:30,6.3231,4.8990126,10.248941,30.618525
2881,2025-10-28 01:00:00+05:30,7.0015144,17.969234,13.833091,32.242443
2882,2025-10-28 02:00:00+05:30,6.6405115,32.82854,15.405519,43.579807
2883,2025-10-28 03:00:00+05:30,7.562142,38.23387,17.262178,50.50044
2884,2025-10-28 04:00:00+05:30,7.1684303,51.115498,17.229301,57.804302
2885,2025-10-28 05:00:00+05:30,8.55142,59.656826,18.841623,71.04568
2886,2025-10-28 06:00:00+05:30,9.418661,63.924713,18.297245,74.59652
2887,2025-10-28 07:00:00+05:30,8.037761,55.954018,13.854155,65.432846
2888,2025-10-28 08:00:00+05:30,8.797931,59.23736,11.837652,61.876366
2889,2025-10-28 09:00:00+05:30,9.059205,69.04415,11.672275,70.167786
2890,2025-10-28 10:00:00+05:30,9.0018,88.85426,11.345713,88.18174
2891,2025-10-28 11:00:00+05:30,6.2145634,100.00792,7.69592,100.784256
2892,2025-10-28 12:00:00+05:30,5.6521144,99.16227,7.1321807,100.17545
2893,2025-10-28 13:00:00+05:30,6.5024605,85.23644,7.748368,87.33706
2894,2025-10-28 14:00:00+05:30,7.8149853,75.32356,9.741642,73.90912
2895,2025-10-28 15:00:00+05:30,7.353611,111.541046,10.534229,109.98319
2896,2025-10-28 16:00:00+05:30,4.3536186,150.2552,9.313152,131.08165
2897,2025-10-28 17:00:00+05:30,4.293669,146.97614,11.466438,137.54485
2898,2025-10-28 18:00:00+05:30,6.122647,178.31535,12.287555,174.95764
2899,2025-10-28 19:00:00+05:30,2.5455842,171.86998,7.995323,148.81508
2900,2025-10-28 20:00:00+05:30,0.9693296,111.801476,8.043805,130.46214
2901,2025-10-28 21:00:00+05:30,3.5864744,107.52566,10.957846,132.33694
2902,2025-10-28 22:00:00+05:30,2.6999998,126.86998,9.039514,144.7275
2903,2025-10-28 23:00:00+05:30,4.1556225,85.03035,10.787993,115.70991
2904,2025-10-29 00:00:00+05:30,4.965521,43.53127,9.039514,77.34745
2905,2025-10-29 01:00:00+05:30,6.873078,44.999897,13.529966,56.944176
2906,2025-10-29 02:00:00+05:30,6.090812,55.840256,13.472372,67.203445
2907,2025-10-29 03:00:00+05:30,6.889557,56.725105,14.743526,72.22859
2908,2025-10-29 04:00:00+05:30,4.6277857,193.49574,8.338489,147.3391
2909,2025-10-29 05:00:00+05:30,4.323748,87.614105,10.703569,109.653915
2910,2025-10-29 06:00:00+05:30,8.37532,81.34755,15.986595,97.76508
2911,2025-10-29 07:00:00+05:30,6.924738,81.02746,14.830076,95.572105
2912,2025-10-29 08:00:00+05:30,4.1046314,74.74483,7.2,90.0
2913,2025-10-29 09:00:00+05:30,9.741642,106.09089,12.69351,108.178116
2914,2025-10-29 10:00:00+05:30,9.194106,113.05133,11.995349,115.79598
2915,2025-10-29 11:00:00+05:30,7.7043357,127.40543,10.134495,123.407845
2916,2025-10-29 12:00:00+05:30,7.8954163,133.1524,10.062305,132.82524
2917,2025-10-29 13:00:00+05:30,10.97262,131.00899,14.529915,131.98714
2918,2025-10-29 14:00:00+05:30,7.841887,148.13406,10.587918,144.6887
2919,2025-10-29 15:00:00+05:30,5.154415,114.775116,8.149847,120.529625
2920,2025-10-29 16:00:00+05:30,5.720489,77.27565,8.967541,79.59235
2921,2025-10-29 17:00:00+05:30,7.596341,76.29302,15.299999,81.202675
2922,2025-10-29 18:00:00+05:30,8.759178,80.53775,17.414476,82.875084
2923,2025-10-29 19:00:00+05:30,9.5416975,88.919106,18.907713,91.63654
2924,2025-10-29 20:00:00+05:30,7.5685663,115.34614,15.91041,111.92184
2925,2025-10-29 21:00:00+05:30,6.4624763,102.87501,13.661038,108.43504
2926,2025-10-29 22:00:00+05:30,5.072041,117.47435,12.768586,111.501495
2927,2025-10-29 23:00:00+05:30,10.662626,68.19853,19.863714,75.83781
2928,2025-10-30 00:00:00+05:30,11.103243,70.09616,20.431387,75.71888
2929,2025-10-30 01:00:00+05:30,8.311245,94.96966,16.22498,93.17977
2930,2025-10-30 02:00:00+05:30,7.555712,77.619255,14.417988,87.13766
2931,2025-10-30 03:00:00+05:30,9.3962755,73.300674,17.571909,83.53027
2932,2025-10-30 04:00:00+05:30,10.453957,87.03913,18.36353,91.12328
2933,2025-10-30 05:00:00+05:30,4.445672,111.3707,12.221456,99.32352
2934,2025-10-30 06:00:00+05:30,6.8541956,113.198616,11.51578,114.96276
2935,2025-10-30 07:00:00+05:30,12.093534,94.267815,16.1017,95.77424
2936,2025-10-30 08:00:00+05:30,9.96524,106.798454,13.207634,107.44727
2937,2025-10-30 09:00:00+05:30,8.775807,115.513824,11.511559,116.96564
2938,2025-10-30 10:00:00+05:30,9.7880945,122.22874,12.730468,123.4654
2939,2025-10-30 11:00:00+05:30,6.439876,116.56499,8.037761,124.04598
2940,2025-10-30 12:00:00+05:30,15.24909,187.46048,20.852827,186.94089
2941,2025-10-30 13:00:00+05:30,4.471107,130.10085,7.0107627,138.12222
2942,2025-10-30 14:00:00+05:30,5.7964473,115.76928,7.5019197,120.256355
2943,2025-10-30 15:00:00+05:30,6.9480934,126.57312,9.220499,128.65984
2944,2025-10-30 16:00:00+05:30,7.3094187,127.99879,12.221457,133.8066
2945,2025-10-30 17:00:00+05:30,2.9301877,79.380394,6.391901,122.34742
2946,2025-10-30 18:00:00+05:30,7.193247,58.29862,13.276144,77.4712
2947,2025-10-30 19:00:00+05:30,4.91634,66.2505,12.189602,73.70589
2948,2025-10-30 20:00:00+05:30,8.29173,62.878777,14.292725,84.217705
2949,2025-10-30 21:00:00+05:30,7.689603,73.68607,15.506141,86.67267
2950,2025-10-30 22:00:00+05:30,9.734988,86.82024,18.561832,92.77911
2951,2025-10-30 23:00:00+05:30,4.7657523,100.88548,10.383987,123.690094
