,date,wind_speed_10m,wind_direction_10m,wind_speed_100m,wind_direction_100m
0,2025-06-30 00:00:00+05:30,0.742159,14.036275,1.0948973,99.46225
1,2025-06-30 01:00:00+05:30,6.4323244,17.92802,8.39657,30.963696
2,2025-06-30 02:00:00+05:30,8.827344,92.33726,16.165964,108.83853
3,2025-06-30 03:00:00+05:30,17.100946,90.60308,31.048307,94.3222
4,2025-06-30 04:00:00+05:30,12.452566,85.85546,22.885496,92.70482
5,2025-06-30 05:00:00+05:30,12.825552,94.83033,23.826725,98.25244
6,2025-06-30 06:00:00+05:30,8.4963045,36.38445,16.507088,64.83217
7,2025-06-30 07:00:00+05:30,5.7204895,65.85446,11.103243,70.09616
8,2025-06-30 08:00:00+05:30,5.8298883,81.11942,8.909545,81.86999
9,2025-06-30 09:00:00+05:30,7.3447943,107.10281,9.781473,102.75753
10,2025-06-30 10:00:00+05:30,10.908951,127.6263,14.544401,126.444534
11,2025-06-30 11:00:00+05:30,7.538541,123.310646,9.885262,123.11135
12,2025-06-30 12:00:00+05:30,17.326813,124.8458,24.162947,123.45334
13,2025-06-30 13:00:00+05:30,13.5,36.86999,19.681828,39.805527
14,2025-06-30 14:00:00+05:30,6.854195,29.931421,9.939196,35.417145
15,2025-06-30 15:00:00+05:30,4.0249224,63.435013,6.050785,59.620956
16,2025-06-30 16:00:00+05:30,4.802999,102.99462,6.7205353,97.69597
17,2025-06-30 17:00:00+05:30,4.2481523,126.384445,7.42159,112.833694
18,2025-06-30 18:00:00+05:30,3.3043609,60.64234,8.281956,88.75467
19,2025-06-30 19:00:00+05:30,3.5455887,23.962492,6.9480934,53.426876
20,2025-06-30 20:00:00+05:30,0.9693296,21.801476,2.9024127,119.74479
21,2025-06-30 21:00:00+05:30,1.1525624,38.65983,4.471107,130.10085
22,2025-06-30 22:00:00+05:30,5.3457265,44.999897,9.346143,74.3577
23,2025-06-30 23:00:00+05:30,2.2768397,18.435053,2.8799999,90.0
24,2025-07-01 00:00:00+05:30,4.1046314,344.7448,7.7420926,1.3321922
25,2025-07-01 01:00:00+05:30,4.913044,208.44283,5.0528407,184.08554
26,2025-07-01 02:00:00+05:30,5.7515564,290.13638,4.2136917,289.9832
27,2025-07-01 03:00:00+05:30,5.2416787,344.05453,8.12197,12.804273
28,2025-07-01 04:00:00+05:30,6.341009,55.407658,13.627795,77.79955
29,2025-07-01 05:00:00+05:30,5.4744864,80.53775,12.74954,103.05525
30,2025-07-01 06:00:00+05:30,2.5264204,274.08554,1.8792552,196.69933
31,2025-07-01 07:00:00+05:30,1.8089776,185.7105,2.5455842,171.86998
32,2025-07-01 08:00:00+05:30,11.328566,107.57135,15.430736,106.9554
33,2025-07-01 09:00:00+05:30,12.810386,107.162,17.604147,106.02594
34,2025-07-01 10:00:00+05:30,15.3686695,108.43504,21.231607,108.28144
35,2025-07-01 11:00:00+05:30,15.070633,119.32038,20.385345,119.05451
36,2025-07-01 12:00:00+05:30,14.241629,106.14441,19.340576,104.55361
37,2025-07-01 13:00:00+05:30,8.4042845,80.13426,11.897714,79.540146
38,2025-07-01 14:00:00+05:30,9.885262,100.491425,13.709573,93.76396
39,2025-07-01 15:00:00+05:30,10.99769,111.10492,15.034041,106.699326
40,2025-07-01 16:00:00+05:30,10.383987,123.690094,14.512064,119.74479
41,2025-07-01 17:00:00+05:30,6.5248446,114.44395,11.157097,107.85041
42,2025-07-01 18:00:00+05:30,3.3043609,29.357658,8.36758,71.1752
43,2025-07-01 19:00:00+05:30,1.0948973,9.462248,4.1556225,107.650215
44,2025-07-01 20:00:00+05:30,2.5455842,315.0001,4.613762,249.44388
45,2025-07-01 21:00:00+05:30,2.9024127,262.8751,7.10031,239.53453
46,2025-07-01 22:00:00+05:30,2.19718,304.9921,5.0911684,278.13
47,2025-07-01 23:00:00+05:30,0.40249225,63.435013,2.1674871,184.76355
48,2025-07-02 00:00:00+05:30,1.4512063,187.12492,5.0528407,184.08554
49,2025-07-02 01:00:00+05:30,8.350138,172.56868,14.408997,167.00539
50,2025-07-02 02:00:00+05:30,4.445672,68.62931,6.519877,83.659904
51,2025-07-02 03:00:00+05:30,10.730778,112.69383,18.392618,110.031105
52,2025-07-02 04:00:00+05:30,9.187056,92.2457,17.46,90.0
53,2025-07-02 05:00:00+05:30,7.2202215,85.71093,13.709573,86.236046
54,2025-07-02 06:00:00+05:30,9.375563,93.301796,14.221139,90.72521
55,2025-07-02 07:00:00+05:30,8.431228,106.11349,11.968308,102.15492
56,2025-07-02 08:00:00+05:30,8.461915,128.08882,11.282711,123.94363
57,2025-07-02 09:00:00+05:30,8.149847,133.21011,10.601679,130.17917
58,2025-07-02 10:00:00+05:30,8.217153,118.8107,10.546525,117.439644
59,2025-07-02 11:00:00+05:30,11.038858,114.05735,15.244842,112.93214
60,2025-07-02 12:00:00+05:30,11.453715,59.80847,16.584438,64.26935
61,2025-07-02 13:00:00+05:30,12.535548,105.83246,17.122723,102.13681
62,2025-07-02 14:00:00+05:30,9.257321,116.56499,12.367716,111.33693
63,2025-07-02 15:00:00+05:30,7.229191,108.886185,9.6932955,105.06854
64,2025-07-02 16:00:00+05:30,5.315336,118.30067,7.406295,115.94224
65,2025-07-02 17:00:00+05:30,5.920878,160.46326,9.659814,153.43501
66,2025-07-02 18:00:00+05:30,2.1068459,19.983198,5.195113,75.96373
67,2025-07-02 19:00:00+05:30,4.5572357,9.090207,6.522361,39.400646
68,2025-07-02 20:00:00+05:30,4.278551,14.620926,6.618519,44.999897
69,2025-07-02 21:00:00+05:30,1.8,360.0,1.3104197,344.05453
70,2025-07-02 22:00:00+05:30,2.7238941,7.59456,1.9469976,33.6901
71,2025-07-02 23:00:00+05:30,0.9178235,348.6901,4.3832865,199.17911
72,2025-07-03 00:00:00+05:30,3.9966488,187.76508,10.813492,182.86235
73,2025-07-03 01:00:00+05:30,5.1197267,190.1246,9.901636,152.96922
74,2025-07-03 02:00:00+05:30,7.731622,102.09474,17.163355,99.65983
75,2025-07-03 03:00:00+05:30,10.495713,84.093956,20.712517,91.99206
76,2025-07-03 04:00:00+05:30,3.644722,69.775055,12.081472,93.41653
77,2025-07-03 05:00:00+05:30,3.536439,14.743609,7.587806,67.69375
78,2025-07-03 06:00:00+05:30,4.6938252,85.60138,11.165805,91.84757
79,2025-07-03 07:00:00+05:30,9.47012,81.25392,14.133153,83.41815
80,2025-07-03 08:00:00+05:30,16.011908,111.08383,22.563988,111.03758
81,2025-07-03 09:00:00+05:30,15.410774,104.198586,23.000591,107.30062
82,2025-07-03 10:00:00+05:30,16.454008,100.08054,23.97516,102.57546
83,2025-07-03 11:00:00+05:30,14.248452,93.621414,18.98552,95.44024
84,2025-07-03 12:00:00+05:30,14.092977,114.92845,18.459436,113.56541
85,2025-07-03 13:00:00+05:30,13.883356,103.49575,21.293324,107.20965
86,2025-07-03 14:00:00+05:30,11.230904,83.5585,15.808263,82.14678
87,2025-07-03 15:00:00+05:30,8.297589,102.5288,11.402683,101.84206
88,2025-07-03 16:00:00+05:30,6.3639607,118.7397,8.863972,113.962494
89,2025-07-03 17:00:00+05:30,6.3690495,137.29063,10.486448,129.42778
90,2025-07-03 18:00:00+05:30,2.2553935,118.61037,9.292255,121.534744
91,2025-07-03 19:00:00+05:30,5.9399996,180.0,9.721666,178.93912
92,2025-07-03 20:00:00+05:30,3.319036,77.4712,10.765445,69.44387
93,2025-07-03 21:00:00+05:30,8.538149,288.43503,10.564941,283.7995
94,2025-07-03 22:00:00+05:30,7.731623,335.22488,16.451052,342.1597
95,2025-07-03 23:00:00+05:30,7.928177,320.52756,12.601285,314.42133
96,2025-07-04 00:00:00+05:30,5.2416787,344.05453,9.793058,342.8972
97,2025-07-04 01:00:00+05:30,0.5091169,44.999897,2.0523157,195.25517
98,2025-07-04 02:00:00+05:30,5.5829024,91.84757,10.272623,101.113
99,2025-07-04 03:00:00+05:30,7.562142,88.6361,15.367616,95.37662
100,2025-07-04 04:00:00+05:30,5.7852573,95.355736,13.883356,103.49575
101,2025-07-04 05:00:00+05:30,6.519877,96.340096,13.776763,107.48808
102,2025-07-04 06:00:00+05:30,10.920824,81.46932,19.273453,87.859146
103,2025-07-04 07:00:00+05:30,8.32877,96.203354,12.125642,95.96439
104,2025-07-04 08:00:00+05:30,9.3962755,106.699326,12.931218,106.16457
105,2025-07-04 09:00:00+05:30,13.207634,107.44727,17.589418,107.87879
106,2025-07-04 10:00:00+05:30,13.854155,114.56716,20.022118,112.18407
107,2025-07-04 11:00:00+05:30,11.616627,102.5288,15.602999,101.3099
108,2025-07-04 12:00:00+05:30,16.974487,124.195656,22.86496,123.43989
109,2025-07-04 13:00:00+05:30,9.854075,99.46225,14.156058,101.73855
110,2025-07-04 14:00:00+05:30,9.016185,86.56644,12.251905,87.47394
111,2025-07-04 15:00:00+05:30,8.461914,88.78116,11.705537,88.23765
112,2025-07-04 16:00:00+05:30,6.6624317,128.41809,9.582358,118.00909
113,2025-07-04 17:00:00+05:30,5.728979,136.27295,9.313152,131.08165
114,2025-07-04 18:00:00+05:30,1.6299692,353.6599,3.9844694,71.564964
115,2025-07-04 19:00:00+05:30,1.0495713,30.963696,4.1556225,107.650215
116,2025-07-04 20:00:00+05:30,11.966954,164.2913,21.42227,155.15764
117,2025-07-04 21:00:00+05:30,4.846648,58.671368,9.36173,91.101685
118,2025-07-04 22:00:00+05:30,0.25455844,44.999897,3.4623692,117.89718
119,2025-07-04 23:00:00+05:30,6.1437774,5.0423646,10.028439,21.037588
120,2025-07-05 00:00:00+05:30,4.2481523,323.61554,5.7628117,321.34018
121,2025-07-05 01:00:00+05:30,2.6758924,132.27362,7.7043357,142.59457
122,2025-07-05 02:00:00+05:30,6.8423676,88.4926,15.03835,101.0409
123,2025-07-05 03:00:00+05:30,8.260411,101.3099,16.011908,98.40329
124,2025-07-05 04:00:00+05:30,7.579261,94.08554,15.546833,95.31445
125,2025-07-05 05:00:00+05:30,6.391901,99.72751,14.118243,109.359085
126,2025-07-05 06:00:00+05:30,2.19718,124.992096,6.792466,122.00535
127,2025-07-05 07:00:00+05:30,5.0911684,135.0001,7.3094187,127.99879
128,2025-07-05 08:00:00+05:30,8.694204,117.095474,12.24,118.072395
129,2025-07-05 09:00:00+05:30,15.646544,113.02553,22.39608,111.20289
130,2025-07-05 10:00:00+05:30,11.555103,94.46708,15.517629,93.99084
131,2025-07-05 11:00:00+05:30,11.799271,111.47685,15.716793,110.09532
132,2025-07-05 12:00:00+05:30,3.4388947,132.87889,6.1305785,130.23628
133,2025-07-05 13:00:00+05:30,2.968636,75.96373,5.2416787,74.054535
134,2025-07-05 14:00:00+05:30,1.0948973,80.53775,1.9881649,84.805664
135,2025-07-05 15:00:00+05:30,3.319036,130.60121,4.542994,123.6901
136,2025-07-05 16:00:00+05:30,3.362677,105.52418,4.7110505,96.581856
137,2025-07-05 17:00:00+05:30,4.6834598,87.79745,6.87779,83.99109
138,2025-07-05 18:00:00+05:30,3.7799997,90.0,9.567131,94.31595
139,2025-07-05 19:00:00+05:30,6.7469993,46.080845,13.036026,72.31551
140,2025-07-05 20:00:00+05:30,6.269067,39.173653,13.433838,72.05051
141,2025-07-05 21:00:00+05:30,2.36753,8.746089,6.3639607,61.26031
142,2025-07-05 22:00:00+05:30,0.54,360.0,3.8647635,152.24155
143,2025-07-05 23:00:00+05:30,1.5484185,305.53775,2.97953,205.01686
144,2025-07-06 00:00:00+05:30,3.148714,30.963696,5.6492476,67.52052
145,2025-07-06 01:00:00+05:30,1.2074767,26.564985,4.278551,104.62092
146,2025-07-06 02:00:00+05:30,3.06,90.0,11.525623,128.65984
147,2025-07-06 03:00:00+05:30,8.723967,111.80147,17.629896,116.04176
148,2025-07-06 04:00:00+05:30,8.2584505,106.4601,16.794106,109.40607
149,2025-07-06 05:00:00+05:30,8.209263,74.74483,14.044615,88.531235
150,2025-07-06 06:00:00+05:30,9.437563,124.902565,14.330079,122.691986
151,2025-07-06 07:00:00+05:30,10.223619,116.11385,15.079229,113.198616
152,2025-07-06 08:00:00+05:30,11.609651,119.74479,16.09969,116.56499
153,2025-07-06 09:00:00+05:30,15.2501545,120.499756,20.859041,118.334145
154,2025-07-06 10:00:00+05:30,17.134071,109.00607,24.634365,111.87921
155,2025-07-06 11:00:00+05:30,13.100489,102.699585,18.161278,103.76081
156,2025-07-06 12:00:00+05:30,13.443481,116.22191,18.204042,114.53771
157,2025-07-06 13:00:00+05:30,16.299694,133.21011,21.691305,130.96219
158,2025-07-06 14:00:00+05:30,9.726665,92.12105,13.8037815,102.042564
159,2025-07-06 15:00:00+05:30,9.028754,66.50142,12.351988,71.30093
160,2025-07-06 16:00:00+05:30,7.172949,107.52566,10.137692,106.50443
161,2025-07-06 17:00:00+05:30,4.8466477,74.931465,9.0,90.0
162,2025-07-06 18:00:00+05:30,4.942631,33.111355,11.481968,76.399445
163,2025-07-06 19:00:00+05:30,7.289445,32.905247,15.299999,64.94241
164,2025-07-06 20:00:00+05:30,3.143565,13.240531,8.083983,78.4399
165,2025-07-06 21:00:00+05:30,0.742159,284.03625,7.7650757,135.9391
166,2025-07-06 22:00:00+05:30,2.0991426,59.03632,8.790563,100.619606
167,2025-07-06 23:00:00+05:30,5.4119864,93.814,14.897651,118.11311
168,2025-07-07 00:00:00+05:30,4.8733153,85.76369,13.896187,106.55715
169,2025-07-07 01:00:00+05:30,4.445672,111.3707,12.330985,123.6901
170,2025-07-07 02:00:00+05:30,2.5264204,94.08554,8.936778,117.597206
171,2025-07-07 03:00:00+05:30,0.8049845,26.564985,4.7657523,100.88548
172,2025-07-07 04:00:00+05:30,1.0182338,224.9999,6.9527545,158.74942
173,2025-07-07 05:00:00+05:30,0.9,360.0,2.3469129,122.471176
174,2025-07-07 06:00:00+05:30,2.6758924,109.653915,6.544677,121.50421
175,2025-07-07 07:00:00+05:30,2.8460495,145.30478,3.9640884,140.52757
176,2025-07-07 08:00:00+05:30,6.601363,115.8663,8.863972,113.962494
177,2025-07-07 09:00:00+05:30,9.044888,95.7105,12.304682,95.8773
178,2025-07-07 10:00:00+05:30,12.56008,115.4633,16.851885,113.27898
179,2025-07-07 11:00:00+05:30,16.87398,123.690094,23.372984,122.0989
180,2025-07-07 12:00:00+05:30,10.429132,111.25058,14.33234,115.277695
181,2025-07-07 13:00:00+05:30,9.278297,108.08354,12.791403,103.84072
182,2025-07-07 14:00:00+05:30,2.1897945,99.46225,2.9301877,79.380394
183,2025-07-07 15:00:00+05:30,6.2613096,161.56496,7.970972,154.59233
184,2025-07-07 16:00:00+05:30,6.489992,86.82024,9.208192,85.51548
185,2025-07-07 17:00:00+05:30,9.54679,45.763813,15.717823,50.110477
186,2025-07-07 18:00:00+05:30,6.9153743,51.34017,15.379206,57.42595
187,2025-07-07 19:00:00+05:30,6.9153743,51.34017,15.206538,73.49557
188,2025-07-07 20:00:00+05:30,8.536252,155.05612,17.47484,155.01878
189,2025-07-07 21:00:00+05:30,3.2599385,6.3401003,5.6492476,67.52052
190,2025-07-07 22:00:00+05:30,0.5091169,315.0001,2.6758924,132.27362
191,2025-07-07 23:00:00+05:30,2.1674871,311.63345,1.0182338,224.9999
192,2025-07-08 00:00:00+05:30,2.5071096,338.9624,3.381893,25.201094
193,2025-07-08 01:00:00+05:30,1.4512063,97.12492,9.2660675,119.05451
194,2025-07-08 02:00:00+05:30,8.149847,149.47037,16.831684,138.46832
195,2025-07-08 03:00:00+05:30,7.587806,157.69374,15.156384,142.72174
196,2025-07-08 04:00:00+05:30,5.9427266,125.13428,11.734564,122.471176
197,2025-07-08 05:00:00+05:30,8.131936,95.07952,14.113653,95.85592
198,2025-07-08 06:00:00+05:30,4.143911,34.3804,12.182955,77.19574
199,2025-07-08 07:00:00+05:30,6.849467,93.012726,11.052058,96.546196
200,2025-07-08 08:00:00+05:30,13.306615,113.096855,18.459436,113.56541
201,2025-07-08 09:00:00+05:30,7.731622,102.09474,10.096059,101.3099
202,2025-07-08 10:00:00+05:30,8.490582,94.864426,10.853866,95.7105
203,2025-07-08 11:00:00+05:30,12.5032,112.873695,17.114204,112.24908
204,2025-07-08 12:00:00+05:30,12.016938,106.53492,16.62249,107.650215
205,2025-07-08 13:00:00+05:30,12.882267,105.39561,18.123774,105.554634
206,2025-07-08 14:00:00+05:30,13.766176,117.23507,20.700783,118.5706
207,2025-07-08 15:00:00+05:30,12.483749,95.79271,18.228943,99.090195
208,2025-07-08 16:00:00+05:30,11.212135,95.52745,16.201,90.63658
209,2025-07-08 17:00:00+05:30,12.661564,75.17348,20.454369,83.93831
210,2025-07-08 18:00:00+05:30,12.992458,79.624214,22.782625,95.44024
211,2025-07-08 19:00:00+05:30,11.391313,84.55976,21.1896,96.340096
212,2025-07-08 20:00:00+05:30,8.43699,101.07016,16.21699,98.93949
213,2025-07-08 21:00:00+05:30,10.814989,108.43504,21.06077,108.43504
214,2025-07-08 22:00:00+05:30,13.239487,97.0283,23.828764,100.88548
215,2025-07-08 23:00:00+05:30,14.404499,91.43207,25.43165,93.65215
216,2025-07-09 00:00:00+05:30,11.881363,89.131966,21.782974,90.94693
217,2025-07-09 01:00:00+05:30,1.8089776,84.2895,8.821836,91.16911
218,2025-07-09 02:00:00+05:30,3.745557,305.21768,2.2553935,241.38963
219,2025-07-09 03:00:00+05:30,4.752136,322.69595,3.7971036,275.44025
220,2025-07-09 04:00:00+05:30,3.7971041,328.5705,3.4199998,270.0
221,2025-07-09 05:00:00+05:30,6.269067,320.82635,7.24486,296.56497
222,2025-07-09 06:00:00+05:30,5.937272,104.03627,11.672275,107.03786
223,2025-07-09 07:00:00+05:30,9.016185,116.05344,12.9625,115.497505
224,2025-07-09 08:00:00+05:30,20.724247,107.175995,29.551262,107.000175
225,2025-07-09 09:00:00+05:30,25.704731,111.35445,37.001717,111.69795
226,2025-07-09 10:00:00+05:30,22.7057,115.34614,32.44247,115.99632
227,2025-07-09 11:00:00+05:30,17.935986,121.45677,25.719852,122.132866
228,2025-07-09 12:00:00+05:30,12.55879,117.29949,17.065859,116.29472
229,2025-07-09 13:00:00+05:30,11.534054,112.963806,15.717823,113.62939
230,2025-07-09 14:00:00+05:30,10.062305,47.174767,14.973577,62.818974
231,2025-07-09 15:00:00+05:30,10.560341,119.62366,15.651722,120.39865
232,2025-07-09 16:00:00+05:30,12.399112,103.431046,19.869423,109.58408
233,2025-07-09 17:00:00+05:30,15.606114,97.28886,26.337881,102.23148
234,2025-07-09 18:00:00+05:30,12.503199,120.256355,22.629229,121.66717
235,2025-07-09 19:00:00+05:30,15.951087,139.11829,26.892385,137.98436
236,2025-07-09 20:00:00+05:30,10.594036,99.78234,19.42833,103.39252
237,2025-07-09 21:00:00+05:30,6.8541956,113.198616,17.02404,109.77617
238,2025-07-09 22:00:00+05:30,2.0523157,142.12495,10.304114,117.01259
239,2025-07-09 23:00:00+05:30,0.9,233.13002,5.991594,122.73522
240,2025-07-10 00:00:00+05:30,1.4058449,39.805527,8.647496,87.614105
241,2025-07-10 01:00:00+05:30,6.7469993,80.78905,16.388899,88.111855
242,2025-07-10 02:00:00+05:30,8.281956,88.75467,17.47484,92.36133
243,2025-07-10 03:00:00+05:30,5.937272,104.03627,14.628807,108.65798
244,2025-07-10 04:00:00+05:30,3.0652895,86.63361,9.526405,112.20353
245,2025-07-10 05:00:00+05:30,1.3708391,23.198618,4.323748,87.614105
246,2025-07-10 06:00:00+05:30,6.9899354,101.88863,15.10821,111.67471
247,2025-07-10 07:00:00+05:30,7.8583965,110.09532,12.0694,107.35411
248,2025-07-10 08:00:00+05:30,8.37532,118.21727,12.638513,116.20005
249,2025-07-10 09:00:00+05:30,5.506941,101.3099,9.178235,101.3099
250,2025-07-10 10:00:00+05:30,6.341009,83.48029,9.044888,84.2895
251,2025-07-10 11:00:00+05:30,6.778141,79.28693,9.708326,79.31514
252,2025-07-10 12:00:00+05:30,9.208192,94.48453,12.620554,93.270424
253,2025-07-10 13:00:00+05:30,10.474082,109.0578,13.896187,106.55715
254,2025-07-10 14:00:00+05:30,9.913082,119.357666,13.121493,116.91648
255,2025-07-10 15:00:00+05:30,10.766949,128.21107,14.689588,126.027466
256,2025-07-10 16:00:00+05:30,8.217153,118.8107,11.996699,117.718414
257,2025-07-10 17:00:00+05:30,3.9966488,82.234924,7.029225,92.935616
258,2025-07-10 18:00:00+05:30,5.4744864,46.332153,12.096214,53.471054
259,2025-07-10 19:00:00+05:30,2.7416782,66.801384,8.65873,110.69553
260,2025-07-10 20:00:00+05:30,1.1525624,51.34017,5.3426957,122.61923
261,2025-07-10 21:00:00+05:30,7.186487,22.067963,9.807935,47.231197
262,2025-07-10 22:00:00+05:30,8.587338,56.976128,13.149859,70.8209
263,2025-07-10 23:00:00+05:30,9.387651,57.528828,17.208603,74.219185
264,2025-07-11 00:00:00+05:30,7.731623,65.22488,16.557064,78.079285
265,2025-07-11 01:00:00+05:30,5.637765,73.300674,10.337079,97.001175
266,2025-07-11 02:00:00+05:30,3.2846913,80.53775,7.0199995,112.61991
267,2025-07-11 03:00:00+05:30,2.7238941,97.59455,6.7565966,131.76021
268,2025-07-11 04:00:00+05:30,3.01735,72.64589,6.310277,93.270424
269,2025-07-11 05:00:00+05:30,4.1046314,127.875046,7.889258,124.77791
270,2025-07-11 06:00:00+05:30,6.198903,64.17907,12.632101,85.91447
271,2025-07-11 07:00:00+05:30,6.21717,67.8905,8.880405,72.299484
272,2025-07-11 08:00:00+05:30,2.9024127,119.74479,3.7842832,115.34614
273,2025-07-11 09:00:00+05:30,2.3469126,175.60138,2.7238941,172.40544
274,2025-07-11 10:00:00+05:30,1.5379207,200.55612,1.7076298,198.43504
275,2025-07-11 11:00:00+05:30,3.7842832,177.27374,4.7110505,173.41815
276,2025-07-11 12:00:00+05:30,2.36753,188.74608,2.8799999,180.0
277,2025-07-11 13:00:00+05:30,3.2846913,170.53775,4.060985,167.19574
278,2025-07-11 14:00:00+05:30,6.8777895,132.87889,9.037721,134.19316
279,2025-07-11 15:00:00+05:30,4.8466477,15.068549,6.0347,17.354122
280,2025-07-11 16:00:00+05:30,1.8089776,185.7105,1.6299692,173.6599
281,2025-07-11 17:00:00+05:30,3.219938,206.56499,4.4456716,211.75943
282,2025-07-11 18:00:00+05:30,0.5091169,44.999897,2.1674871,138.36655
283,2025-07-11 19:00:00+05:30,3.1072817,10.007925,3.2846913,350.53775
284,2025-07-11 20:00:00+05:30,2.5071096,21.037588,2.0523157,344.7448
285,2025-07-11 21:00:00+05:30,2.7416782,23.198618,1.2727921,351.87
286,2025-07-11 22:00:00+05:30,3.396233,32.005356,2.9024127,60.255207
287,2025-07-11 23:00:00+05:30,4.3349743,41.63345,6.037383,79.69521
288,2025-07-12 00:00:00+05:30,2.7475805,31.607454,4.6730714,105.64231
289,2025-07-12 01:00:00+05:30,1.5379207,20.556128,2.0124612,100.30479
290,2025-07-12 02:00:00+05:30,0.6489992,33.6901,2.2553935,151.38963
291,2025-07-12 03:00:00+05:30,0.17999999,360.0,2.7534704,191.30989
292,2025-07-12 04:00:00+05:30,0.17999999,360.0,1.6199999,180.0
293,2025-07-12 05:00:00+05:30,1.3708391,113.19862,3.710795,165.96373
294,2025-07-12 06:00:00+05:30,2.9522195,37.568665,4.8633323,92.12105
295,2025-07-12 07:00:00+05:30,2.97953,115.01687,4.5891175,115.55992
296,2025-07-12 08:00:00+05:30,3.9966483,144.16226,5.2323985,139.18501
297,2025-07-12 09:00:00+05:30,5.7431,147.80429,7.2403865,145.1246
298,2025-07-12 10:00:00+05:30,6.379216,163.61038,8.089993,159.14546
299,2025-07-12 11:00:00+05:30,5.5799994,180.0,6.6624317,178.45187
300,2025-07-12 12:00:00+05:30,5.5829024,200.77234,6.8541956,193.67133
301,2025-07-12 13:00:00+05:30,1.8,306.86996,2.0523157,307.87503
302,2025-07-12 14:00:00+05:30,1.6299692,263.6599,1.659518,257.4712
303,2025-07-12 15:00:00+05:30,5.293959,234.6887,6.4096174,231.84273
304,2025-07-12 16:00:00+05:30,3.219938,243.43501,3.7842832,244.65387
305,2025-07-12 17:00:00+05:30,2.995797,212.73521,4.91634,203.7495
306,2025-07-12 18:00:00+05:30,3.6,36.86999,6.297428,59.03632
307,2025-07-12 19:00:00+05:30,6.2405767,33.231728,8.92408,48.270576
308,2025-07-12 20:00:00+05:30,5.293959,35.311302,9.292255,58.46526
309,2025-07-12 21:00:00+05:30,4.669604,27.552727,7.538541,56.689358
310,2025-07-12 22:00:00+05:30,2.0523157,15.255177,3.462369,81.02746
311,2025-07-12 23:00:00+05:30,5.904439,37.568665,7.9932976,82.234924
312,2025-07-13 00:00:00+05:30,11.328566,45.64367,18.927406,57.821377
313,2025-07-13 01:00:00+05:30,3.710795,39.09386,8.149847,46.789886
314,2025-07-13 02:00:00+05:30,7.056826,322.25314,10.805998,299.98157
315,2025-07-13 03:00:00+05:30,6.1226463,335.69547,11.272657,308.51697
316,2025-07-13 04:00:00+05:30,4.4456716,328.24057,10.365251,290.3232
317,2025-07-13 05:00:00+05:30,3.550155,329.53452,7.970972,295.40768
318,2025-07-13 06:00:00+05:30,1.3708391,293.1986,3.4763772,201.25058
319,2025-07-13 07:00:00+05:30,3.5455887,293.9625,5.3517847,289.6539
320,2025-07-13 08:00:00+05:30,4.4565907,313.36346,5.983477,316.2188
321,2025-07-13 09:00:00+05:30,2.3469126,274.39862,2.7059932,273.814
322,2025-07-13 10:00:00+05:30,2.34,270.0,2.9024127,277.1249
323,2025-07-13 11:00:00+05:30,3.8183763,98.13002,4.73506,98.74608
324,2025-07-13 12:00:00+05:30,4.8733153,4.23632,6.310277,3.2704222
325,2025-07-13 13:00:00+05:30,4.613762,290.55612,5.8769383,297.3498
326,2025-07-13 14:00:00+05:30,5.8409934,326.3099,7.973005,331.69934
327,2025-07-13 15:00:00+05:30,0.9693296,201.80147,0.9,216.86998
328,2025-07-13 16:00:00+05:30,3.604497,177.13765,5.2200003,180.0
329,2025-07-13 17:00:00+05:30,7.4672885,15.376317,13.609951,20.112684
330,2025-07-13 18:00:00+05:30,7.491114,215.21768,9.793059,233.97253
331,2025-07-13 19:00:00+05:30,9.906544,2.0825295,14.404499,358.56793
332,2025-07-13 20:00:00+05:30,7.674842,50.710617,11.659777,81.11942
333,2025-07-13 21:00:00+05:30,6.989936,55.491425,14.36621,74.74483
334,2025-07-13 22:00:00+05:30,1.4512063,7.12493,3.8141315,70.70986
335,2025-07-13 23:00:00+05:30,3.0547013,44.999897,7.555712,77.619255
336,2025-07-14 00:00:00+05:30,2.4482646,72.89719,7.889259,117.1496
337,2025-07-14 01:00:00+05:30,6.87779,96.00892,15.244842,112.93214
338,2025-07-14 02:00:00+05:30,10.495713,112.1664,19.130875,109.798965
339,2025-07-14 03:00:00+05:30,10.144082,117.47435,17.629894,122.06736
340,2025-07-14 04:00:00+05:30,9.208192,85.51548,16.563911,88.75467
341,2025-07-14 05:00:00+05:30,10.036512,122.549995,18.072752,123.21526
342,2025-07-14 06:00:00+05:30,14.897651,101.85298,21.65468,103.4587
343,2025-07-14 07:00:00+05:30,13.88919,108.90467,20.778112,107.650215
344,2025-07-14 08:00:00+05:30,12.979984,109.440125,18.22361,110.22495
345,2025-07-14 09:00:00+05:30,10.908951,127.6263,14.761098,127.568665
346,2025-07-14 10:00:00+05:30,6.198903,154.17906,8.211235,153.9967
347,2025-07-14 11:00:00+05:30,3.4949677,258.11136,4.2021422,260.13425
348,2025-07-14 12:00:00+05:30,4.5536795,288.43503,5.6492476,292.47946
349,2025-07-14 13:00:00+05:30,3.644722,290.22495,4.445672,291.3707
350,2025-07-14 14:00:00+05:30,3.189608,286.38962,3.644722,290.22495
351,2025-07-14 15:00:00+05:30,4.6102495,308.65982,5.983477,313.7812
352,2025-07-14 16:00:00+05:30,2.6208394,164.05453,2.8856194,183.57626
353,2025-07-14 17:00:00+05:30,11.734564,57.528828,19.357325,59.8587
354,2025-07-14 18:00:00+05:30,5.9399996,90.0,16.263872,95.07952
355,2025-07-14 19:00:00+05:30,13.262714,108.18914,24.231236,115.99396
356,2025-07-14 20:00:00+05:30,15.669307,91.97489,28.66694,97.21417
357,2025-07-14 21:00:00+05:30,9.781473,77.24247,20.728153,87.01343
358,2025-07-14 22:00:00+05:30,14.490838,83.581314,27.360592,89.62307
359,2025-07-14 23:00:00+05:30,11.989945,82.234924,24.702005,86.65813
360,2025-07-15 00:00:00+05:30,12.525207,82.56869,25.80286,85.99989
361,2025-07-15 01:00:00+05:30,12.966248,76.34956,24.251284,84.03561
362,2025-07-15 02:00:00+05:30,12.371645,81.6342,23.433899,86.917885
363,2025-07-15 03:00:00+05:30,11.098865,81.60716,21.82755,86.21743
364,2025-07-15 04:00:00+05:30,9.926147,85.84044,20.167229,88.4657
365,2025-07-15 05:00:00+05:30,9.178235,101.3099,18.466457,100.10498
366,2025-07-15 06:00:00+05:30,14.383114,98.63705,24.713154,100.491425
367,2025-07-15 07:00:00+05:30,15.385525,96.044,25.050413,97.43131
368,2025-07-15 08:00:00+05:30,23.292444,106.6145,34.096104,108.14809
369,2025-07-15 09:00:00+05:30,18.508516,97.26315,26.882141,97.69597
370,2025-07-15 10:00:00+05:30,15.861461,80.85844,23.956234,82.66149
371,2025-07-15 11:00:00+05:30,14.357185,82.073166,21.210234,83.176636
372,2025-07-15 12:00:00+05:30,12.781267,90.806915,18.540874,89.44376
373,2025-07-15 13:00:00+05:30,16.311613,112.036285,22.5,110.60978
374,2025-07-15 14:00:00+05:30,15.543706,118.3456,21.749483,118.68605
375,2025-07-15 15:00:00+05:30,15.056652,117.79035,20.929594,116.56499
376,2025-07-15 16:00:00+05:30,10.32924,112.5431,15.175612,112.30626
377,2025-07-15 17:00:00+05:30,7.0107627,119.197395,13.125196,115.15927
378,2025-07-15 18:00:00+05:30,8.553314,98.47106,18.158602,107.896225
379,2025-07-15 19:00:00+05:30,7.7588143,86.00917,17.791796,101.08253
380,2025-07-15 20:00:00+05:30,3.2846913,99.46225,11.9466305,120.815636
381,2025-07-15 21:00:00+05:30,0.71999997,90.0,6.444905,125.90981
382,2025-07-15 22:00:00+05:30,1.2074767,26.564985,4.6938252,94.39862
383,2025-07-15 23:00:00+05:30,1.5379207,110.55613,6.6818557,117.25525
384,2025-07-16 00:00:00+05:30,3.8141315,109.290146,9.965239,110.07162
385,2025-07-16 01:00:00+05:30,3.6402748,81.46932,10.004178,98.27581
386,2025-07-16 02:00:00+05:30,2.0523157,37.875053,7.0568266,84.14409
387,2025-07-16 03:00:00+05:30,1.4058449,320.1945,2.5455842,98.13002
388,2025-07-16 04:00:00+05:30,5.4744864,27.40749,10.32924,67.4569
389,2025-07-16 05:00:00+05:30,7.10031,120.46546,15.938896,116.85435
390,2025-07-16 06:00:00+05:30,4.4274144,63.435013,11.966954,74.2913
391,2025-07-16 07:00:00+05:30,4.8466477,74.931465,10.464798,86.05489
392,2025-07-16 08:00:00+05:30,3.964089,92.60251,10.51576,83.11838
393,2025-07-16 09:00:00+05:30,4.379589,80.53775,10.931203,72.75845
394,2025-07-16 10:00:00+05:30,9.835975,55.43741,19.121557,67.29713
395,2025-07-16 11:00:00+05:30,5.3457265,44.999897,10.691453,44.999897
396,2025-07-16 12:00:00+05:30,4.412754,168.23174,5.4744864,152.59251
397,2025-07-16 13:00:00+05:30,0.0,270.0,1.3104197,105.945465
398,2025-07-16 14:00:00+05:30,2.995797,327.26477,4.278551,337.75092
399,2025-07-16 15:00:00+05:30,2.968636,284.03625,4.0249224,296.56497
400,2025-07-16 16:00:00+05:30,4.4274144,296.56497,5.8048253,299.74478
401,2025-07-16 17:00:00+05:30,3.9640884,309.47244,5.994297,318.6523
402,2025-07-16 18:00:00+05:30,1.0948973,279.46225,4.2021427,223.26433
403,2025-07-16 19:00:00+05:30,3.2846913,279.46225,7.3469996,239.03632
404,2025-07-16 20:00:00+05:30,1.9881649,264.80566,6.2379804,226.16905
405,2025-07-16 21:00:00+05:30,1.26,360.0,2.0124612,280.30478
406,2025-07-16 22:00:00+05:30,0.35999998,360.0,2.9301877,222.5104
407,2025-07-16 23:00:00+05:30,1.0948973,350.53775,2.6208394,254.05453
408,2025-07-17 00:00:00+05:30,1.5379207,20.556128,1.0182338,315.0001
409,2025-07-17 01:00:00+05:30,0.9178235,348.6901,2.1068459,289.9832
410,2025-07-17 02:00:00+05:30,2.1674871,265.23645,4.846648,238.67136
411,2025-07-17 03:00:00+05:30,0.71999997,360.0,0.9,270.0
412,2025-07-17 04:00:00+05:30,0.9178235,11.3098955,1.4512063,262.8751
413,2025-07-17 05:00:00+05:30,1.6299692,353.6599,3.693291,223.02507
414,2025-07-17 06:00:00+05:30,2.6208394,105.945465,4.599695,120.57915
415,2025-07-17 07:00:00+05:30,8.836514,176.49654,12.145665,173.19104
416,2025-07-17 08:00:00+05:30,0.17999999,270.0,0.25455844,224.9999
417,2025-07-17 09:00:00+05:30,2.0523157,232.12495,2.4482648,233.97253
418,2025-07-17 10:00:00+05:30,4.5891175,221.82008,5.7402787,221.18582
419,2025-07-17 11:00:00+05:30,7.5363917,220.15593,9.867218,218.33337
420,2025-07-17 12:00:00+05:30,5.7431,237.80429,7.1389914,236.3099
421,2025-07-17 13:00:00+05:30,6.5248446,245.55606,8.133928,245.13632
422,2025-07-17 14:00:00+05:30,8.297589,245.65892,10.966713,246.80138
423,2025-07-17 15:00:00+05:30,8.688613,256.82745,11.578912,258.34073
424,2025-07-17 16:00:00+05:30,7.689603,249.44386,10.587917,252.18102
425,2025-07-17 17:00:00+05:30,5.495161,238.39255,10.6261,243.86905
426,2025-07-17 18:00:00+05:30,1.9469976,33.6901,2.4482648,36.027473
427,2025-07-17 19:00:00+05:30,1.2074767,26.564985,1.0495713,300.96368
428,2025-07-17 20:00:00+05:30,1.0495713,59.03632,2.6999998,180.0
429,2025-07-17 21:00:00+05:30,1.1525624,38.65983,0.40249225,206.56499
430,2025-07-17 22:00:00+05:30,0.8049845,243.43501,5.3426957,212.61923
431,2025-07-17 23:00:00+05:30,4.913044,278.42688,8.581677,260.34018
432,2025-07-18 00:00:00+05:30,4.0249224,333.43503,8.55142,310.73203
433,2025-07-18 01:00:00+05:30,4.3573384,321.70978,10.120099,308.50067
434,2025-07-18 02:00:00+05:30,2.9522195,322.43134,8.415842,311.53168
435,2025-07-18 03:00:00+05:30,0.17999999,90.0,2.7943513,255.06853
436,2025-07-18 04:00:00+05:30,0.9,36.86999,2.3400002,337.3801
437,2025-07-18 05:00:00+05:30,3.9518096,210.0685,5.257109,218.04709
438,2025-07-18 06:00:00+05:30,0.56920993,161.56496,0.17999999,270.0
439,2025-07-18 07:00:00+05:30,2.226477,194.03627,2.5772078,192.09474
440,2025-07-18 08:00:00+05:30,1.1384199,288.43503,1.5484185,305.53775
441,2025-07-18 09:00:00+05:30,4.3498964,245.55606,5.318383,246.0375
442,2025-07-18 10:00:00+05:30,5.994297,221.34767,7.5363917,220.15593
443,2025-07-18 11:00:00+05:30,8.641874,215.6765,10.944532,216.30458
444,2025-07-18 12:00:00+05:30,4.0249224,259.69522,5.4149795,254.57777
445,2025-07-18 13:00:00+05:30,4.5572357,279.09018,5.3305535,281.68933
446,2025-07-18 14:00:00+05:30,7.0774574,262.69434,9.375563,273.3018
447,2025-07-18 15:00:00+05:30,5.4744864,279.46225,7.689603,286.31393
448,2025-07-18 16:00:00+05:30,6.130579,273.3664,8.350138,277.4313
449,2025-07-18 17:00:00+05:30,4.3832865,250.82089,6.778141,259.28693
450,2025-07-18 18:00:00+05:30,4.846648,201.80147,10.717182,209.14798
451,2025-07-18 19:00:00+05:30,1.3708391,66.801384,2.8460498,161.56496
452,2025-07-18 20:00:00+05:30,2.9024127,60.255207,5.796447,126.15828
453,2025-07-18 21:00:00+05:30,1.5273507,315.0001,4.724786,220.36446
454,2025-07-18 22:00:00+05:30,3.143565,13.240531,5.072041,332.52567
455,2025-07-18 23:00:00+05:30,4.913044,171.57312,7.4346757,186.95287
456,2025-07-19 00:00:00+05:30,4.896529,107.10281,6.898956,97.495766
457,2025-07-19 01:00:00+05:30,5.1575575,119.24873,8.748075,126.63421
458,2025-07-19 02:00:00+05:30,3.8939953,123.6901,7.4867883,117.18103
459,2025-07-19 03:00:00+05:30,5.4477882,187.59456,8.350138,172.56868
460,2025-07-19 04:00:00+05:30,2.5071096,158.96242,4.3274937,224.9999
461,2025-07-19 05:00:00+05:30,2.1068459,160.0168,2.4149535,116.56499
462,2025-07-19 06:00:00+05:30,2.6999998,216.86998,3.572898,229.08571
463,2025-07-19 07:00:00+05:30,2.0991426,30.963696,2.657668,28.30066
464,2025-07-19 08:00:00+05:30,3.462369,188.97255,4.175069,187.43132
465,2025-07-19 09:00:00+05:30,5.4029994,178.0909,6.310277,176.72958
466,2025-07-19 10:00:00+05:30,7.0223074,181.46877,9.007196,182.29056
467,2025-07-19 11:00:00+05:30,5.0432134,182.04536,6.6624317,181.54813
468,2025-07-19 12:00:00+05:30,6.482499,181.59111,8.297589,183.73132
469,2025-07-19 13:00:00+05:30,3.148714,210.96368,4.510787,208.61037
470,2025-07-19 14:00:00+05:30,3.8773184,338.19852,4.5891175,348.6901
471,2025-07-19 15:00:00+05:30,2.50064,30.256361,4.143911,34.3804
472,2025-07-19 16:00:00+05:30,0.742159,104.03627,1.4512063,97.12492
473,2025-07-19 17:00:00+05:30,6.4624763,102.87501,9.0018,101.53459
474,2025-07-19 18:00:00+05:30,4.7521367,114.62355,10.134496,109.722374
475,2025-07-19 19:00:00+05:30,8.459999,270.0,8.6867485,275.94678
476,2025-07-19 20:00:00+05:30,3.494968,34.50859,4.3573384,51.709793
477,2025-07-19 21:00:00+05:30,3.438895,186.00891,5.3699164,166.42955
478,2025-07-19 22:00:00+05:30,6.21717,112.109505,10.8015,113.57472
479,2025-07-19 23:00:00+05:30,6.66,71.075264,12.273043,85.79472
480,2025-07-20 00:00:00+05:30,5.506941,78.6901,12.267762,75.55593
481,2025-07-20 01:00:00+05:30,8.099999,90.0,15.726067,95.253716
482,2025-07-20 02:00:00+05:30,8.759178,80.53775,16.801823,85.08353
483,2025-07-20 03:00:00+05:30,7.579261,94.08554,16.32055,96.96816
484,2025-07-20 04:00:00+05:30,11.16145,90.92403,19.99297,92.06378
485,2025-07-20 05:00:00+05:30,10.387107,98.97255,18.930832,93.270424
486,2025-07-20 06:00:00+05:30,7.0107627,60.802605,14.687382,70.67672
487,2025-07-20 07:00:00+05:30,3.0652895,86.63361,7.208994,92.86235
488,2025-07-20 08:00:00+05:30,10.4166975,99.95056,20.138292,97.18844
489,2025-07-20 09:00:00+05:30,5.8603754,100.619606,10.805999,91.90912
490,2025-07-20 10:00:00+05:30,9.5535755,132.70937,14.291592,130.91429
491,2025-07-20 11:00:00+05:30,12.56008,115.4633,19.32382,115.37152
492,2025-07-20 12:00:00+05:30,8.383054,104.93147,11.832176,103.19062
493,2025-07-20 13:00:00+05:30,8.93859,115.01686,12.081473,114.65588
494,2025-07-20 14:00:00+05:30,7.386582,133.02507,9.807935,132.76881
495,2025-07-20 15:00:00+05:30,7.029225,129.80553,9.1958685,130.23628
496,2025-07-20 16:00:00+05:30,4.942631,123.11135,6.696387,126.25393
497,2025-07-20 17:00:00+05:30,2.7059932,86.186005,3.9518096,120.0685
498,2025-07-20 18:00:00+05:30,1.26,360.0,2.36753,81.25392
499,2025-07-20 19:00:00+05:30,3.8268526,318.81415,3.3092597,337.6198
500,2025-07-20 20:00:00+05:30,6.489992,303.6901,7.44121,302.15228
501,2025-07-20 21:00:00+05:30,2.50064,329.74365,4.7827187,289.79895
502,2025-07-20 22:00:00+05:30,2.7416782,23.198618,3.9763298,354.80566
503,2025-07-20 23:00:00+05:30,1.4512063,352.87506,3.9844694,288.43503
504,2025-07-21 00:00:00+05:30,1.1525624,321.34018,3.604497,267.13766
505,2025-07-21 01:00:00+05:30,2.1674871,311.63345,4.3498964,294.44394
506,2025-07-21 02:00:00+05:30,0.35999998,270.0,2.0124612,259.69522
507,2025-07-21 03:00:00+05:30,0.56920993,108.43504,2.1897945,189.46225
508,2025-07-21 04:00:00+05:30,1.659518,139.39879,4.323748,177.6141
509,2025-07-21 05:00:00+05:30,1.5484185,54.46224,0.742159,165.96373
510,2025-07-21 06:00:00+05:30,6.1858225,188.3658,9.847496,198.10385
511,2025-07-21 07:00:00+05:30,3.550155,239.53453,4.510787,241.38963
512,2025-07-21 08:00:00+05:30,1.9881649,264.80566,2.5264204,274.08554
513,2025-07-21 09:00:00+05:30,2.9522195,232.43134,3.8521678,232.59457
514,2025-07-21 10:00:00+05:30,1.0495713,210.96368,1.4058449,219.80553
515,2025-07-21 11:00:00+05:30,2.7943513,194.93147,3.4152596,198.43504
516,2025-07-21 12:00:00+05:30,5.4029994,178.0909,6.698806,173.82993
517,2025-07-21 13:00:00+05:30,4.2021422,350.13425,5.04,360.0
518,2025-07-21 14:00:00+05:30,2.36753,351.2539,3.0652895,356.6336
519,2025-07-21 15:00:00+05:30,2.1897945,279.46225,2.7416782,293.1986
520,2025-07-21 16:00:00+05:30,7.7043357,232.59457,10.134495,236.59215
521,2025-07-21 17:00:00+05:30,5.8769383,242.6502,8.225035,246.80139
522,2025-07-21 18:00:00+05:30,3.6179552,264.2895,8.197414,250.76923
523,2025-07-21 19:00:00+05:30,2.4216523,311.98712,7.0774574,262.69434
524,2025-07-21 20:00:00+05:30,2.1897945,9.462248,4.3573384,308.2902
525,2025-07-21 21:00:00+05:30,1.5484185,35.537766,0.742159,345.9637
526,2025-07-21 22:00:00+05:30,1.8532133,60.94549,2.9522195,142.43134
527,2025-07-21 23:00:00+05:30,4.1046314,74.74483,6.4096174,128.15727
528,2025-07-22 00:00:00+05:30,5.983477,46.2188,8.37532,61.782738
529,2025-07-22 01:00:00+05:30,2.3051248,51.34017,4.752136,127.30403
530,2025-07-22 02:00:00+05:30,2.3469126,4.398633,2.5455842,351.87
531,2025-07-22 03:00:00+05:30,0.35999998,360.0,1.9469976,326.3099
532,2025-07-22 04:00:00+05:30,4.5,196.26028,10.163227,202.93213
533,2025-07-22 05:00:00+05:30,5.95906,64.98315,5.6262593,82.64771
534,2025-07-22 06:00:00+05:30,8.311245,107.650215,13.948548,107.26589
535,2025-07-22 07:00:00+05:30,8.490582,94.864426,12.287555,95.04236
536,2025-07-22 08:00:00+05:30,7.0107627,131.87779,9.0,126.86999
537,2025-07-22 09:00:00+05:30,7.3997297,138.94528,9.299225,137.35333
538,2025-07-22 10:00:00+05:30,6.7853074,158.19853,8.461915,156.16125
539,2025-07-22 11:00:00+05:30,5.920878,160.46326,7.7420926,162.40749
540,2025-07-22 12:00:00+05:30,4.39436,34.9921,5.509882,38.367523
541,2025-07-22 13:00:00+05:30,5.0142193,21.037588,6.439876,26.564985
542,2025-07-22 14:00:00+05:30,2.4149535,243.43501,2.7943513,255.06853
543,2025-07-22 15:00:00+05:30,4.5891175,258.6901,5.8603754,259.3804
544,2025-07-22 16:00:00+05:30,4.3573384,321.70978,5.7628117,321.34018
545,2025-07-22 17:00:00+05:30,4.7521367,294.62354,7.44121,302.15228
546,2025-07-22 18:00:00+05:30,0.40249225,333.43503,2.0523157,285.25516
547,2025-07-22 19:00:00+05:30,2.4149535,296.56497,6.603817,252.55272
548,2025-07-22 20:00:00+05:30,3.096837,324.46225,6.391901,302.3474
549,2025-07-22 21:00:00+05:30,3.143565,23.629398,6.9550843,10.437421
550,2025-07-22 22:00:00+05:30,2.995797,57.264786,5.2416787,74.054535
551,2025-07-22 23:00:00+05:30,0.9693296,21.801476,1.7076298,108.43504
552,2025-07-23 00:00:00+05:30,2.4014995,12.99463,3.0811036,353.29025
553,2025-07-23 01:00:00+05:30,3.396233,302.00534,7.1321807,280.17545
554,2025-07-23 02:00:00+05:30,3.4763772,338.74942,7.3997297,311.05472
555,2025-07-23 03:00:00+05:30,1.0495713,329.03632,4.5322843,276.84268
556,2025-07-23 04:00:00+05:30,0.17999999,360.0,2.7238941,262.40546
557,2025-07-23 05:00:00+05:30,0.9178235,78.6901,1.0948973,170.53775
558,2025-07-23 06:00:00+05:30,2.0991426,300.96368,5.720489,282.72437
559,2025-07-23 07:00:00+05:30,3.0547013,224.9999,3.9966483,234.16226
560,2025-07-23 08:00:00+05:30,3.710795,219.09384,4.7110505,223.45189
561,2025-07-23 09:00:00+05:30,2.7943513,194.93147,3.362677,195.52417
562,2025-07-23 10:00:00+05:30,4.7110505,186.58185,5.9644947,185.19434
563,2025-07-23 11:00:00+05:30,5.4477882,187.59456,6.87779,186.00891
564,2025-07-23 12:00:00+05:30,2.7416782,203.19862,3.4152596,198.43504
565,2025-07-23 13:00:00+05:30,3.6,216.86998,4.39436,214.9921
566,2025-07-23 14:00:00+05:30,5.2323985,220.81499,6.4924874,223.87679
567,2025-07-23 15:00:00+05:30,4.965521,226.46873,6.502461,228.36655
568,2025-07-23 16:00:00+05:30,4.7928696,214.28693,6.638072,220.60121
569,2025-07-23 17:00:00+05:30,3.462369,98.97255,5.0142193,158.96242
570,2025-07-23 18:00:00+05:30,3.01735,197.35411,7.9383874,176.09958
571,2025-07-23 19:00:00+05:30,2.9024127,299.74478,4.5891175,258.6901
572,2025-07-23 20:00:00+05:30,3.244996,356.82022,5.495161,328.39255
573,2025-07-23 21:00:00+05:30,2.6999998,360.0,5.4149795,344.57776
574,2025-07-23 22:00:00+05:30,2.5071096,21.037588,3.0758414,20.556128
575,2025-07-23 23:00:00+05:30,1.0495713,30.963696,1.6981165,147.99466
576,2025-07-24 00:00:00+05:30,2.5264204,4.085537,3.219938,333.43503
577,2025-07-24 01:00:00+05:30,0.35999998,360.0,2.1068459,250.0168
578,2025-07-24 02:00:00+05:30,1.9386592,338.19852,3.8183763,315.0001
579,2025-07-24 03:00:00+05:30,0.9,306.86996,3.4949677,281.88864
580,2025-07-24 04:00:00+05:30,3.8268526,48.814175,6.1305785,40.236294
581,2025-07-24 05:00:00+05:30,1.0948973,9.462248,3.189608,16.389616
582,2025-07-24 06:00:00+05:30,4.5891175,311.82007,8.473393,282.26477
583,2025-07-24 07:00:00+05:30,0.76367533,135.0001,0.40249225,333.43503
584,2025-07-24 08:00:00+05:30,8.161764,131.42357,10.837435,131.63345
585,2025-07-24 09:00:00+05:30,10.711135,65.157646,13.929953,64.759514
586,2025-07-24 10:00:00+05:30,10.962281,119.511406,15.779543,110.70912
587,2025-07-24 11:00:00+05:30,4.942631,190.49142,6.391901,189.72751
588,2025-07-24 12:00:00+05:30,1.7076298,251.56496,2.226477,284.03625
589,2025-07-24 13:00:00+05:30,6.6818557,184.63538,7.922045,181.30193
590,2025-07-24 14:00:00+05:30,4.452954,194.03627,5.8048253,187.12492
591,2025-07-24 15:00:00+05:30,0.56920993,251.56496,0.9178235,191.30989
592,2025-07-24 16:00:00+05:30,11.238113,31.908066,16.1198,29.427368
593,2025-07-24 17:00:00+05:30,6.6087217,60.64234,11.843124,46.8476
594,2025-07-24 18:00:00+05:30,1.8089776,5.7105074,6.330782,14.826528
595,2025-07-24 19:00:00+05:30,4.1046314,142.12495,9.686609,131.98714
596,2025-07-24 20:00:00+05:30,1.0495713,210.96368,4.2136917,160.0168
597,2025-07-24 21:00:00+05:30,2.8856194,3.5762644,3.244996,19.440128
598,2025-07-24 22:00:00+05:30,5.2478566,337.8336,8.338489,327.3391
599,2025-07-24 23:00:00+05:30,8.461914,299.29126,15.827721,287.19864
600,2025-07-25 00:00:00+05:30,4.8433046,311.98712,11.144021,301.1224
601,2025-07-25 01:00:00+05:30,5.004518,322.3057,10.948973,297.4075
602,2025-07-25 02:00:00+05:30,2.36753,351.2539,6.361415,295.1148
603,2025-07-25 03:00:00+05:30,6.130579,93.366394,11.032987,118.23736
604,2025-07-25 04:00:00+05:30,8.699793,114.44395,15.926694,124.40853
605,2025-07-25 05:00:00+05:30,12.081472,86.58348,22.142927,89.06847
606,2025-07-25 06:00:00+05:30,6.0077944,98.61557,10.897063,120.80138
607,2025-07-25 07:00:00+05:30,11.157096,100.222115,16.808569,99.865746
608,2025-07-25 08:00:00+05:30,19.201874,96.458725,28.845528,97.169266
609,2025-07-25 09:00:00+05:30,20.924177,111.709946,29.949856,112.24908
610,2025-07-25 10:00:00+05:30,16.909464,115.20109,23.828764,115.984314
611,2025-07-25 11:00:00+05:30,15.455911,116.26658,21.578989,117.84749
612,2025-07-25 12:00:00+05:30,7.8087645,115.97434,10.387107,117.89718
613,2025-07-25 13:00:00+05:30,4.445672,111.3707,5.815978,111.801476
614,2025-07-25 14:00:00+05:30,6.601363,101.003494,8.777653,105.46127
615,2025-07-25 15:00:00+05:30,3.3092594,44.999897,4.6102495,51.34017
616,2025-07-25 16:00:00+05:30,1.4058449,320.1945,1.4512063,7.12493
617,2025-07-25 17:00:00+05:30,3.62243,206.56499,4.9785542,192.5288
618,2025-07-25 18:00:00+05:30,4.5891175,101.3099,14.248452,116.24129
619,2025-07-25 19:00:00+05:30,12.10157,149.62096,22.970285,142.32184
620,2025-07-25 20:00:00+05:30,15.443328,111.18142,25.762648,115.66983
621,2025-07-25 21:00:00+05:30,16.443174,84.97601,30.608469,88.652145
622,2025-07-25 22:00:00+05:30,22.707127,82.25538,38.723015,84.13049
623,2025-07-25 23:00:00+05:30,18.557467,81.6342,35.024223,85.5788
624,2025-07-26 00:00:00+05:30,13.672893,73.95093,27.74687,78.39852
625,2025-07-26 01:00:00+05:30,13.238261,78.231735,28.356712,85.26665
626,2025-07-26 02:00:00+05:30,11.968308,77.84508,26.84958,87.31029
627,2025-07-26 03:00:00+05:30,12.882267,74.60439,28.013577,84.839
628,2025-07-26 04:00:00+05:30,13.403656,75.21723,25.6233,85.97182
629,2025-07-26 05:00:00+05:30,11.832176,76.80939,23.406229,88.678055
630,2025-07-26 06:00:00+05:30,11.503113,69.86362,20.596436,80.94936
631,2025-07-26 07:00:00+05:30,9.499157,80.18076,15.506141,86.67267
632,2025-07-26 08:00:00+05:30,11.132385,104.03627,15.8502245,105.14104
633,2025-07-26 09:00:00+05:30,11.27553,106.699326,15.14783,110.1577
634,2025-07-26 10:00:00+05:30,12.193588,98.48886,16.09969,100.30479
635,2025-07-26 11:00:00+05:30,12.145665,96.80896,15.96327,97.12492
636,2025-07-26 12:00:00+05:30,11.367109,100.95402,14.685176,101.3099
637,2025-07-26 13:00:00+05:30,11.841756,109.53674,15.034041,106.699326
638,2025-07-26 14:00:00+05:30,7.42159,112.833694,9.997699,113.33407
639,2025-07-26 15:00:00+05:30,3.0652895,93.366394,4.503598,92.29056
640,2025-07-26 16:00:00+05:30,11.39842,164.4274,16.396805,162.75845
641,2025-07-26 17:00:00+05:30,2.5264204,85.91447,4.323748,87.614105
642,2025-07-26 18:00:00+05:30,7.056826,142.25313,11.837652,151.87636
643,2025-07-26 19:00:00+05:30,2.9301877,349.3804,6.384293,40.425995
644,2025-07-26 20:00:00+05:30,8.415842,311.53168,8.187527,326.65927
645,2025-07-26 21:00:00+05:30,6.8423676,358.4926,10.837435,11.496537
646,2025-07-26 22:00:00+05:30,6.5049515,104.420815,13.690653,118.24964
647,2025-07-26 23:00:00+05:30,6.1437774,5.0423646,10.662626,21.801476
648,2025-07-27 00:00:00+05:30,1.835647,191.30989,2.3469129,147.52882
649,2025-07-27 01:00:00+05:30,0.25455844,135.0001,4.6938257,122.471176
650,2025-07-27 02:00:00+05:30,1.4399999,270.0,0.6489992,213.6901
651,2025-07-27 03:00:00+05:30,2.3051248,51.34017,4.755544,60.524208
652,2025-07-27 04:00:00+05:30,0.6489992,56.309914,2.9024127,82.875084
653,2025-07-27 05:00:00+05:30,2.0523157,74.74483,4.6938252,85.60138
654,2025-07-27 06:00:00+05:30,3.1072817,100.00792,5.04,90.0
655,2025-07-27 07:00:00+05:30,5.2323985,130.81499,6.8423676,125.36255
656,2025-07-27 08:00:00+05:30,7.193247,121.701385,9.446141,120.96369
657,2025-07-27 09:00:00+05:30,8.139901,125.095894,10.34178,121.47678
658,2025-07-27 10:00:00+05:30,10.742848,121.292984,13.799087,120.579155
659,2025-07-27 11:00:00+05:30,8.39657,120.96369,10.874742,118.68605
660,2025-07-27 12:00:00+05:30,14.517644,109.55834,20.523157,111.61484
661,2025-07-27 13:00:00+05:30,10.299397,84.98698,13.529966,86.186005
662,2025-07-27 14:00:00+05:30,8.825508,101.768265,11.578912,101.65926
663,2025-07-27 15:00:00+05:30,6.76618,118.61037,8.775807,115.513824
664,2025-07-27 16:00:00+05:30,12.236029,116.18805,18.057508,113.49858
665,2025-07-27 17:00:00+05:30,6.889557,123.2749,10.387107,117.89718
666,2025-07-27 18:00:00+05:30,11.190442,64.25934,21.53089,69.44387
667,2025-07-27 19:00:00+05:30,6.6087217,60.64234,15.410774,75.80142
668,2025-07-27 20:00:00+05:30,11.013882,101.3099,20.224985,106.01551
669,2025-07-27 21:00:00+05:30,16.029099,114.55044,27.872116,114.41332
670,2025-07-27 22:00:00+05:30,13.363711,94.635376,23.264606,93.548615
671,2025-07-27 23:00:00+05:30,10.08,90.0,19.380743,83.60114
672,2025-07-28 00:00:00+05:30,8.905908,104.03627,17.571909,96.46973
673,2025-07-28 01:00:00+05:30,8.0599,113.70266,16.055353,109.653915
674,2025-07-28 02:00:00+05:30,8.227004,100.08054,16.053335,107.62239
675,2025-07-28 03:00:00+05:30,7.0223074,91.46877,14.33347,97.21417
676,2025-07-28 04:00:00+05:30,5.7599998,90.0,12.284916,100.98061
677,2025-07-28 05:00:00+05:30,3.494968,55.491425,9.266067,82.1848
678,2025-07-28 06:00:00+05:30,8.827344,110.28265,17.589418,107.87879
679,2025-07-28 07:00:00+05:30,11.91812,115.01687,21.366234,113.32538
680,2025-07-28 08:00:00+05:30,13.062098,101.929306,23.489136,103.29081
681,2025-07-28 09:00:00+05:30,10.495713,112.1664,18.329973,107.72333
682,2025-07-28 10:00:00+05:30,11.013882,101.3099,16.276815,100.191444
683,2025-07-28 11:00:00+05:30,11.555102,108.1528,15.827721,107.19863
684,2025-07-28 12:00:00+05:30,12.886039,102.09474,17.791796,101.08253
685,2025-07-28 13:00:00+05:30,14.003029,107.96923,18.965033,106.54306
686,2025-07-28 14:00:00+05:30,13.684735,116.56499,18.75631,116.810875
687,2025-07-28 15:00:00+05:30,11.631956,111.801476,16.38,112.61991
688,2025-07-28 16:00:00+05:30,12.483749,95.79271,18.392616,101.85976
689,2025-07-28 17:00:00+05:30,8.55142,40.732014,13.766176,62.764946
690,2025-07-28 18:00:00+05:30,9.600937,59.589005,16.954432,86.347855
691,2025-07-28 19:00:00+05:30,6.8138976,77.79955,14.861722,101.173805
692,2025-07-28 20:00:00+05:30,4.7657523,100.88548,13.237039,112.38018
693,2025-07-28 21:00:00+05:30,6.9899354,78.11137,13.110376,98.68627
694,2025-07-28 22:00:00+05:30,9.215226,77.5926,16.63905,95.58715
695,2025-07-28 23:00:00+05:30,7.16617,64.72231,15.68584,86.71083
696,2025-07-29 00:00:00+05:30,4.952453,70.90642,13.5,90.0
697,2025-07-29 01:00:00+05:30,2.1674871,48.366554,7.8728137,100.53913
698,2025-07-29 02:00:00+05:30,0.6489992,326.3099,2.9301877,79.380394
699,2025-07-29 03:00:00+05:30,3.9518096,300.06848,1.5484185,324.46225
700,2025-07-29 04:00:00+05:30,2.9522195,322.43134,1.1384199,341.56494
701,2025-07-29 05:00:00+05:30,1.0495713,300.96368,3.319036,167.4712
702,2025-07-29 06:00:00+05:30,3.244996,109.440125,9.983106,115.64096
703,2025-07-29 07:00:00+05:30,9.391102,102.17145,14.690691,97.03785
704,2025-07-29 08:00:00+05:30,14.178928,98.027145,20.29535,96.62068
705,2025-07-29 09:00:00+05:30,14.238215,92.89851,20.188908,93.06642
706,2025-07-29 10:00:00+05:30,15.034041,106.699326,20.69687,105.12406
707,2025-07-29 11:00:00+05:30,13.929953,115.24049,18.532133,114.07549
708,2025-07-29 12:00:00+05:30,11.4862,122.1957,15.130711,122.36662
709,2025-07-29 13:00:00+05:30,6.439876,116.56499,8.211235,116.00329
710,2025-07-29 14:00:00+05:30,3.6402748,98.530685,4.6834598,92.20255
711,2025-07-29 15:00:00+05:30,11.226575,131.09941,19.623302,127.921135
712,2025-07-29 16:00:00+05:30,8.287822,55.6196,11.885453,54.865723
713,2025-07-29 17:00:00+05:30,5.6262593,97.35229,9.403169,84.507774
714,2025-07-29 18:00:00+05:30,4.3832865,19.179106,9.432412,41.905865
715,2025-07-29 19:00:00+05:30,1.3104197,15.945477,2.2553935,61.389645
716,2025-07-29 20:00:00+05:30,3.550155,300.46545,6.379216,253.61038
717,2025-07-29 21:00:00+05:30,2.5455842,315.0001,5.7628117,321.34018
718,2025-07-29 22:00:00+05:30,9.7565975,29.875906,14.835537,35.61858
719,2025-07-29 23:00:00+05:30,7.4672885,74.623695,14.944336,91.380325
720,2025-07-30 00:00:00+05:30,5.1919937,33.6901,10.088033,74.47583
721,2025-07-30 01:00:00+05:30,7.0934615,35.706783,11.7662735,60.690098
722,2025-07-30 02:00:00+05:30,7.229191,71.11382,16.5688,88.13236
723,2025-07-30 03:00:00+05:30,4.896529,72.89719,12.261158,86.63361
724,2025-07-30 04:00:00+05:30,7.79215,83.367584,14.897651,101.85298
725,2025-07-30 05:00:00+05:30,10.096059,101.3099,18.152355,112.751015
726,2025-07-30 06:00:00+05:30,7.491114,125.21768,11.7,126.86999
727,2025-07-30 07:00:00+05:30,7.9220443,111.317986,14.897651,115.01687
728,2025-07-30 08:00:00+05:30,9.721666,88.93912,15.027575,96.18852
729,2025-07-30 09:00:00+05:30,11.304229,80.83774,16.120806,83.58926
730,2025-07-30 10:00:00+05:30,9.418661,63.924713,12.979984,70.559875
731,2025-07-30 11:00:00+05:30,6.28713,76.75947,8.049845,79.69521
732,2025-07-30 12:00:00+05:30,5.402999,119.98155,6.9270773,114.56716
733,2025-07-30 13:00:00+05:30,5.0911684,135.0001,6.299999,126.86999
734,2025-07-30 14:00:00+05:30,6.522361,140.59937,8.019601,135.90929
735,2025-07-30 15:00:00+05:30,4.913044,151.55717,6.341009,145.40765
736,2025-07-30 16:00:00+05:30,2.8460498,108.43504,4.0449963,110.854546
737,2025-07-30 17:00:00+05:30,6.8612823,175.4861,10.004178,171.7242
738,2025-07-30 18:00:00+05:30,3.438895,83.99109,9.854075,99.46225
739,2025-07-30 19:00:00+05:30,3.0652893,40.236294,7.970972,83.51703
740,2025-07-30 20:00:00+05:30,2.9522195,52.431335,8.083983,101.560104
741,2025-07-30 21:00:00+05:30,1.5273507,44.999897,6.379216,106.38962
742,2025-07-30 22:00:00+05:30,7.5213294,111.03758,15.151039,113.824265
743,2025-07-30 23:00:00+05:30,3.148714,59.03632,8.131936,62.30063
744,2025-07-31 00:00:00+05:30,4.913044,331.55716,6.206738,343.1415
745,2025-07-31 01:00:00+05:30,3.362677,164.47583,5.7852573,174.64427
746,2025-07-31 02:00:00+05:30,2.4482646,72.89719,4.8899083,83.659904
747,2025-07-31 03:00:00+05:30,6.849467,93.012726,14.248452,93.621414
748,2025-07-31 04:00:00+05:30,6.66,90.0,13.493999,99.21095
749,2025-07-31 05:00:00+05:30,4.896529,107.10281,10.495713,120.96369
750,2025-07-31 06:00:00+05:30,3.6447225,147.09476,8.775807,154.48618
751,2025-07-31 07:00:00+05:30,7.6367526,135.0001,10.819482,135.67395
752,2025-07-31 08:00:00+05:30,4.5891175,101.3099,6.330782,104.82652
753,2025-07-31 09:00:00+05:30,3.7971036,95.44024,4.8733153,94.23632
754,2025-07-31 10:00:00+05:30,1.3708391,113.19862,1.9881649,95.19434
755,2025-07-31 11:00:00+05:30,4.2671766,117.64589,5.5829024,110.77233
756,2025-07-31 12:00:00+05:30,6.945761,121.218346,9.044888,121.15924
757,2025-07-31 13:00:00+05:30,4.669604,117.552734,6.050785,120.37905
758,2025-07-31 14:00:00+05:30,17.057314,135.85501,23.686249,136.8476
759,2025-07-31 15:00:00+05:30,6.151683,69.44387,9.102021,65.46229
760,2025-07-31 16:00:00+05:30,8.089993,110.854546,11.213581,108.72588
761,2025-07-31 17:00:00+05:30,7.282774,140.01317,11.599879,131.85495
762,2025-07-31 18:00:00+05:30,3.5864744,107.52566,11.770403,113.42871
763,2025-07-31 19:00:00+05:30,11.161451,142.206,20.247398,133.19887
764,2025-07-31 20:00:00+05:30,13.910169,79.56258,23.950825,88.27738
765,2025-07-31 21:00:00+05:30,9.984729,56.02341,19.219584,67.999245
766,2025-07-31 22:00:00+05:30,11.212135,84.47256,21.420753,90.48145
767,2025-07-31 23:00:00+05:30,10.981475,90.93917,21.26744,92.910774
768,2025-08-01 00:00:00+05:30,10.594036,80.21766,20.031824,85.877785
769,2025-08-01 01:00:00+05:30,8.37532,81.34755,17.108522,88.1913
770,2025-08-01 02:00:00+05:30,7.208994,92.86235,15.655862,98.59583
771,2025-08-01 03:00:00+05:30,5.937272,104.03627,13.358861,104.03627
772,2025-08-01 04:00:00+05:30,5.00128,120.256355,12.016938,106.53492
773,2025-08-01 05:00:00+05:30,5.00128,120.256355,10.8792095,106.33612
774,2025-08-01 06:00:00+05:30,9.340941,64.91644,17.371632,79.854515
775,2025-08-01 07:00:00+05:30,11.032987,84.382515,16.85669,83.25452
776,2025-08-01 08:00:00+05:30,10.449306,100.92277,14.474059,100.750916
777,2025-08-01 09:00:00+05:30,13.644427,120.96369,18.374992,119.327095
778,2025-08-01 10:00:00+05:30,12.904882,112.98875,17.447933,111.80147
779,2025-08-01 11:00:00+05:30,11.903159,110.35332,15.655861,109.47667
780,2025-08-01 12:00:00+05:30,11.612441,108.99674,15.25865,107.15251
781,2025-08-01 13:00:00+05:30,10.464797,130.81499,13.666967,130.19199
782,2025-08-01 14:00:00+05:30,10.6261,116.13094,13.527572,115.20109
783,2025-08-01 15:00:00+05:30,11.132385,104.03627,16.24394,102.80426
784,2025-08-01 16:00:00+05:30,11.157097,107.85041,15.898188,105.76726
785,2025-08-01 17:00:00+05:30,7.247096,104.38144,12.549757,98.24623
786,2025-08-01 18:00:00+05:30,9.6932955,74.931465,17.571909,83.53027
787,2025-08-01 19:00:00+05:30,11.1090765,116.980156,19.930477,110.07162
788,2025-08-01 20:00:00+05:30,13.681183,89.24617,24.881702,93.31772
789,2025-08-01 21:00:00+05:30,11.844492,73.21728,22.702845,75.302635
790,2025-08-01 22:00:00+05:30,10.7714615,99.61966,21.1896,96.340096
791,2025-08-01 23:00:00+05:30,9.627896,110.80687,19.011953,108.77813
792,2025-08-02 00:00:00+05:30,8.951267,105.15412,18.32202,100.75792
793,2025-08-02 01:00:00+05:30,10.1456785,115.20109,19.82453,110.73879
794,2025-08-02 02:00:00+05:30,10.478722,85.07298,20.880775,90.493904
795,2025-08-02 03:00:00+05:30,10.1376915,83.88459,19.99297,92.06378
796,2025-08-02 04:00:00+05:30,13.666967,102.93806,24.32665,102.39085
797,2025-08-02 05:00:00+05:30,10.182337,98.13002,19.804907,97.83544
798,2025-08-02 06:00:00+05:30,12.758432,106.38962,20.00269,105.66217
799,2025-08-02 07:00:00+05:30,13.324863,91.54813,20.570463,94.0141
800,2025-08-02 08:00:00+05:30,11.701385,89.11862,16.743872,88.76805
801,2025-08-02 09:00:00+05:30,12.549757,98.24623,16.546299,98.13002
802,2025-08-02 10:00:00+05:30,11.465024,112.135544,15.027575,108.869095
803,2025-08-02 11:00:00+05:30,12.0694,107.35411,16.418526,105.25517
804,2025-08-02 12:00:00+05:30,11.39842,105.57261,15.062033,104.53449
805,2025-08-02 13:00:00+05:30,12.652604,129.80553,16.635157,125.75398
806,2025-08-02 14:00:00+05:30,6.6405115,147.17146,8.856658,142.43134
807,2025-08-02 15:00:00+05:30,10.441551,125.88223,14.926983,123.690094
808,2025-08-02 16:00:00+05:30,13.577776,128.54121,22.402588,134.34901
809,2025-08-02 17:00:00+05:30,13.822546,81.764465,23.272963,77.0386
810,2025-08-02 18:00:00+05:30,11.190442,78.87085,21.463066,78.878586
811,2025-08-02 19:00:00+05:30,9.636307,57.200474,18.845062,65.14844
812,2025-08-02 20:00:00+05:30,4.8633323,87.87895,13.864674,88.51217
813,2025-08-02 21:00:00+05:30,9.016185,86.56644,17.893484,84.805664
814,2025-08-02 22:00:00+05:30,7.2022495,91.43207,15.506141,93.32734
815,2025-08-02 23:00:00+05:30,9.080639,76.2392,19.530622,80.45094
816,2025-08-03 00:00:00+05:30,7.689603,110.55613,14.668619,104.2068
817,2025-08-03 01:00:00+05:30,8.350138,97.43131,15.841023,89.34895
818,2025-08-03 02:00:00+05:30,8.669949,85.23644,17.673029,86.49654
819,2025-08-03 03:00:00+05:30,8.649369,77.98855,18.353823,82.10839
820,2025-08-03 04:00:00+05:30,10.018743,107.78398,19.869423,109.58408
821,2025-08-03 05:00:00+05:30,8.513448,76.55138,16.04526,86.784584
822,2025-08-03 06:00:00+05:30,10.096059,101.3099,21.03152,96.88163
823,2025-08-03 07:00:00+05:30,10.088033,105.52418,18.568813,101.745605
824,2025-08-03 08:00:00+05:30,9.5416975,88.919106,17.49337,86.46052
825,2025-08-03 09:00:00+05:30,10.823973,86.186005,21.26744,87.089226
826,2025-08-03 10:00:00+05:30,12.961249,90.79571,23.046328,91.3426
827,2025-08-03 11:00:00+05:30,9.734988,86.82024,17.303421,87.01861
828,2025-08-03 12:00:00+05:30,8.39078,67.28555,16.451052,72.159706
829,2025-08-03 13:00:00+05:30,5.4477882,352.40543,9.580668,25.602148
830,2025-08-03 14:00:00+05:30,4.503598,2.2905633,7.689603,20.556128
831,2025-08-03 15:00:00+05:30,7.24486,63.435013,12.659004,60.15416
832,2025-08-03 16:00:00+05:30,6.87779,83.99109,13.397612,83.829926
833,2025-08-03 17:00:00+05:30,6.5024605,94.76356,14.4,90.0
834,2025-08-03 18:00:00+05:30,4.7657523,169.11452,10.730778,157.30617
835,2025-08-03 19:00:00+05:30,7.519175,137.91092,13.130133,151.32695
836,2025-08-03 20:00:00+05:30,5.072041,62.525658,6.6818557,94.635376
837,2025-08-03 21:00:00+05:30,4.7521367,65.37646,11.679213,65.409904
838,2025-08-03 22:00:00+05:30,2.50064,149.74365,7.8149853,128.45374
839,2025-08-03 23:00:00+05:30,5.4029994,88.09089,11.252519,97.35229
840,2025-08-04 00:00:00+05:30,4.8899083,83.659904,11.555103,85.53293
841,2025-08-04 01:00:00+05:30,6.8541956,103.671326,14.6254835,103.523186
842,2025-08-04 02:00:00+05:30,9.215226,102.40741,17.227419,100.84026
843,2025-08-04 03:00:00+05:30,8.311245,94.96966,17.081041,97.87385
844,2025-08-04 04:00:00+05:30,6.601363,78.996506,14.000713,81.86999
845,2025-08-04 05:00:00+05:30,6.489992,109.440125,14.98331,106.04001
846,2025-08-04 06:00:00+05:30,9.627896,110.80687,16.466803,105.859436
847,2025-08-04 07:00:00+05:30,7.9465466,103.0919,14.145756,104.743614
848,2025-08-04 08:00:00+05:30,5.720489,77.27565,8.338489,76.26372
849,2025-08-04 09:00:00+05:30,5.0688457,96.11541,7.256032,97.12492
850,2025-08-04 10:00:00+05:30,3.9477081,114.22774,4.952453,109.09359
851,2025-08-04 11:00:00+05:30,4.1046314,164.74483,5.12289,161.56496
852,2025-08-04 12:00:00+05:30,2.0523157,232.12495,2.5582807,219.28938
853,2025-08-04 13:00:00+05:30,3.148714,300.96368,3.710795,309.09384
854,2025-08-04 14:00:00+05:30,6.945761,238.78166,8.643749,238.62704
855,2025-08-04 15:00:00+05:30,3.189608,16.389616,3.7799997,360.0
856,2025-08-04 16:00:00+05:30,1.484318,14.036275,2.3400002,22.61991
857,2025-08-04 17:00:00+05:30,3.84796,169.21574,4.6800003,157.3801
858,2025-08-04 18:00:00+05:30,0.742159,75.96373,0.6489992,33.6901
859,2025-08-04 19:00:00+05:30,5.1575575,240.75127,9.885262,236.88864
860,2025-08-04 20:00:00+05:30,2.7475805,328.39255,7.1684303,308.8845
861,2025-08-04 21:00:00+05:30,2.0124612,116.56499,2.3469126,184.39862
862,2025-08-04 22:00:00+05:30,5.2200003,90.0,7.040739,94.39862
863,2025-08-04 23:00:00+05:30,3.4576871,141.34016,7.2649574,131.98714
864,2025-08-05 00:00:00+05:30,3.148714,120.963684,6.1305785,139.76372
865,2025-08-05 01:00:00+05:30,5.426933,95.7105,9.194106,113.05133
866,2025-08-05 02:00:00+05:30,6.601363,101.003494,12.351988,108.69908
867,2025-08-05 03:00:00+05:30,6.489992,93.17977,11.659777,98.88058
868,2025-08-05 04:00:00+05:30,3.8268526,131.18582,7.5213294,111.03758
869,2025-08-05 05:00:00+05:30,8.161764,131.42357,12.061343,127.72506
870,2025-08-05 06:00:00+05:30,3.6447225,212.90524,3.710795,219.09384
871,2025-08-05 07:00:00+05:30,2.0523157,164.74483,2.4482646,162.89719
872,2025-08-05 08:00:00+05:30,3.2048087,141.84273,3.9966483,144.16226
873,2025-08-05 09:00:00+05:30,1.9386592,201.80147,2.97953,205.01686
874,2025-08-05 10:00:00+05:30,2.9024127,262.8751,3.84796,259.21576
875,2025-08-05 11:00:00+05:30,3.8183763,261.87,4.8899083,263.6599
876,2025-08-05 12:00:00+05:30,9.565437,340.20102,13.672893,339.17902
877,2025-08-05 13:00:00+05:30,4.802999,12.99463,6.6624317,1.5481218
878,2025-08-05 14:00:00+05:30,3.7971036,264.55975,5.2478566,264.09396
879,2025-08-05 15:00:00+05:30,5.441838,304.21576,7.1684303,298.49554
880,2025-08-05 16:00:00+05:30,9.0,253.73972,12.606426,260.13425
881,2025-08-05 17:00:00+05:30,6.1569467,285.25516,10.703569,289.6539
882,2025-08-05 18:00:00+05:30,1.6299692,96.340096,2.3469129,147.52882
883,2025-08-05 19:00:00+05:30,3.710795,140.90616,8.775807,154.48618
884,2025-08-05 20:00:00+05:30,4.7521367,114.62355,10.094454,140.06367
885,2025-08-05 21:00:00+05:30,7.0774574,97.30567,12.638513,116.20005
886,2025-08-05 22:00:00+05:30,7.3997297,108.43504,14.572221,115.61544
887,2025-08-05 23:00:00+05:30,4.8633323,92.12105,11.043261,109.025696
888,2025-08-06 00:00:00+05:30,5.5450516,125.753975,11.844492,126.34755
889,2025-08-06 01:00:00+05:30,6.424764,101.3099,12.241323,109.76726
890,2025-08-06 02:00:00+05:30,5.8298883,98.88058,11.578912,101.65926
891,2025-08-06 03:00:00+05:30,7.388775,124.07724,11.521406,118.96757
892,2025-08-06 04:00:00+05:30,6.279395,117.29949,10.636766,113.962494
893,2025-08-06 05:00:00+05:30,6.601363,115.8663,11.440979,114.14554
894,2025-08-06 06:00:00+05:30,7.6642804,99.46225,11.866355,99.60514
895,2025-08-06 07:00:00+05:30,7.247096,104.38144,10.215693,104.28113
896,2025-08-06 08:00:00+05:30,7.5685663,115.34614,9.860649,111.41304
897,2025-08-06 09:00:00+05:30,6.2379804,133.83095,7.9077177,131.30852
898,2025-08-06 10:00:00+05:30,5.1919937,146.3099,6.59154,145.0079
899,2025-08-06 11:00:00+05:30,4.802999,192.99461,5.9834766,186.91113
900,2025-08-06 12:00:00+05:30,3.8521678,232.59457,5.1481256,233.53067
901,2025-08-06 13:00:00+05:30,1.7727944,336.0375,2.4482648,323.97253
902,2025-08-06 14:00:00+05:30,7.7420926,215.53777,9.648067,216.6562
903,2025-08-06 15:00:00+05:30,6.59154,214.9921,9.220499,218.65984
904,2025-08-06 16:00:00+05:30,1.659518,310.60123,2.5582807,309.28937
905,2025-08-06 17:00:00+05:30,4.0449967,122.27562,4.755544,119.4758
906,2025-08-06 18:00:00+05:30,3.9763298,95.19434,8.2584505,106.4601
907,2025-08-06 19:00:00+05:30,3.7971041,58.570484,8.149847,96.340096
908,2025-08-06 20:00:00+05:30,1.609969,296.56497,3.550155,210.46547
909,2025-08-06 21:00:00+05:30,3.438895,353.9911,3.572898,310.91428
910,2025-08-06 22:00:00+05:30,5.0432134,55.175446,6.623413,47.20262
911,2025-08-06 23:00:00+05:30,5.506941,101.3099,11.090103,103.13403
912,2025-08-07 00:00:00+05:30,8.139901,125.095894,15.349684,129.2894
913,2025-08-07 01:00:00+05:30,7.029225,140.19447,11.720751,137.4896
914,2025-08-07 02:00:00+05:30,5.09435,122.00535,9.290511,125.537766
915,2025-08-07 03:00:00+05:30,3.710795,75.96373,6.519877,96.340096
916,2025-08-07 04:00:00+05:30,1.08,90.0,4.198285,120.96369
917,2025-08-07 05:00:00+05:30,3.2599385,83.659904,4.452954,104.03627
918,2025-08-07 06:00:00+05:30,2.1674871,138.36655,2.5959969,146.3099
919,2025-08-07 07:00:00+05:30,5.8603754,132.5104,7.5363917,130.15593
920,2025-08-07 08:00:00+05:30,6.552099,127.18479,8.714677,128.2902
921,2025-08-07 09:00:00+05:30,6.1120534,103.627014,8.2584505,106.4601
922,2025-08-07 10:00:00+05:30,5.1919937,123.690094,6.854195,119.93143
923,2025-08-07 11:00:00+05:30,3.8939953,123.6901,4.846648,121.328636
924,2025-08-07 12:00:00+05:30,1.8792552,73.300674,2.7238941,82.40546
925,2025-08-07 13:00:00+05:30,5.8048253,150.2552,6.945761,148.78166
926,2025-08-07 14:00:00+05:30,8.731391,104.32276,11.672275,107.03786
927,2025-08-07 15:00:00+05:30,7.7734165,84.68555,10.674773,84.193375
928,2025-08-07 16:00:00+05:30,8.507737,83.92764,12.125642,84.03561
929,2025-08-07 17:00:00+05:30,6.384293,111.501495,10.070353,114.27443
930,2025-08-07 18:00:00+05:30,7.7420926,72.40749,16.1017,84.22577
931,2025-08-07 19:00:00+05:30,8.482947,72.718414,17.085785,78.45335
932,2025-08-07 20:00:00+05:30,12.585848,106.620834,23.166916,108.57582
933,2025-08-07 21:00:00+05:30,7.922045,88.69808,16.966848,85.741234
934,2025-08-07 22:00:00+05:30,7.613382,96.78888,16.394829,98.841736
935,2025-08-07 23:00:00+05:30,9.926147,85.84044,18.561832,87.220894
936,2025-08-08 00:00:00+05:30,10.261579,74.74483,19.222954,83.00817
937,2025-08-08 01:00:00+05:30,8.885877,83.019035,16.956345,80.83774
938,2025-08-08 02:00:00+05:30,8.656858,86.423744,16.954432,93.65215
939,2025-08-08 03:00:00+05:30,10.132897,102.30801,19.06301,100.88548
940,2025-08-08 04:00:00+05:30,7.69592,79.21575,15.922626,84.16061
941,2025-08-08 05:00:00+05:30,6.66,90.0,14.830076,95.572105
942,2025-08-08 06:00:00+05:30,11.953409,108.43504,20.431387,104.28113
943,2025-08-08 07:00:00+05:30,9.6228485,97.52373,18.175545,97.96952
944,2025-08-08 08:00:00+05:30,11.792404,102.33907,16.309628,100.81383
945,2025-08-08 09:00:00+05:30,8.39078,112.714455,11.230904,111.63095
946,2025-08-08 10:00:00+05:30,6.28713,113.62939,8.155807,112.036285
947,2025-08-08 11:00:00+05:30,7.44121,122.15227,9.354806,120.01828
948,2025-08-08 12:00:00+05:30,8.490582,111.124794,11.103243,109.90384
949,2025-08-08 13:00:00+05:30,3.8939953,56.3099,5.3939967,64.2901
950,2025-08-08 14:00:00+05:30,6.452441,120.141304,8.461915,113.838745
951,2025-08-08 15:00:00+05:30,8.536252,137.56381,11.720751,137.4896
952,2025-08-08 16:00:00+05:30,5.8048253,97.12492,8.11798,93.814
953,2025-08-08 17:00:00+05:30,3.8268526,131.18582,5.3939967,115.70991
954,2025-08-08 18:00:00+05:30,10.564942,113.07044,20.140705,114.27443
955,2025-08-08 19:00:00+05:30,7.6642804,80.53775,15.481048,89.33382
956,2025-08-08 20:00:00+05:30,6.037383,79.69521,12.601285,89.18157
957,2025-08-08 21:00:00+05:30,7.406295,115.94224,16.50218,116.56499
958,2025-08-08 22:00:00+05:30,9.391102,102.17145,20.082708,104.5345
959,2025-08-08 23:00:00+05:30,8.996398,109.885254,18.623693,110.36169
960,2025-08-09 00:00:00+05:30,7.388775,87.20736,15.536408,100.00792
961,2025-08-09 01:00:00+05:30,6.7469993,80.78905,14.357185,97.92684
962,2025-08-09 02:00:00+05:30,7.8728137,79.46087,15.517629,93.99084
963,2025-08-09 03:00:00+05:30,6.519877,96.340096,13.752048,104.40006
964,2025-08-09 04:00:00+05:30,5.991594,122.73522,12.601285,135.57864
965,2025-08-09 05:00:00+05:30,7.5942082,148.57048,14.810401,163.76758
966,2025-08-09 06:00:00+05:30,8.019601,135.90929,12.55879,152.70052
967,2025-08-09 07:00:00+05:30,7.1321807,132.95459,10.120099,141.49933
968,2025-08-09 08:00:00+05:30,6.989936,124.50858,9.587428,129.6678
969,2025-08-09 09:00:00+05:30,7.0015144,107.96923,9.565437,109.798965
970,2025-08-09 10:00:00+05:30,8.553314,81.528946,11.570515,84.644264
971,2025-08-09 11:00:00+05:30,6.6624317,91.54813,8.821836,91.16911
972,2025-08-09 12:00:00+05:30,6.1569467,105.25517,7.968939,108.43504
973,2025-08-09 13:00:00+05:30,3.494968,124.50858,4.724786,130.36446
974,2025-08-09 14:00:00+05:30,3.9477081,136.8476,4.8965297,143.97253
975,2025-08-09 15:00:00+05:30,3.0652895,93.366394,4.14,90.0
976,2025-08-09 16:00:00+05:30,1.9134263,138.81418,2.657668,118.30067
977,2025-08-09 17:00:00+05:30,7.0223074,181.46877,11.892265,182.60251
978,2025-08-09 18:00:00+05:30,0.9693296,338.19852,1.835647,78.6901
979,2025-08-09 19:00:00+05:30,3.9518096,59.93151,8.281956,88.75467
980,2025-08-09 20:00:00+05:30,6.037383,100.30479,13.403656,112.08723
981,2025-08-09 21:00:00+05:30,4.0449967,57.724377,9.215226,77.5926
982,2025-08-09 22:00:00+05:30,4.5,90.0,10.966713,113.19862
983,2025-08-09 23:00:00+05:30,7.0911775,113.962494,12.682018,124.592354
984,2025-08-10 00:00:00+05:30,6.361415,115.11481,11.503113,110.13639
985,2025-08-10 01:00:00+05:30,6.6818557,85.364624,12.182955,102.80426
986,2025-08-10 02:00:00+05:30,5.506941,101.3099,11.157096,100.222115
987,2025-08-10 03:00:00+05:30,5.876938,130.0302,11.132385,129.09386
988,2025-08-10 04:00:00+05:30,5.1826253,110.32322,8.305396,119.89881
989,2025-08-10 05:00:00+05:30,6.015878,128.92755,9.703319,130.48593
990,2025-08-10 06:00:00+05:30,6.8989563,105.12406,13.062098,101.929306
991,2025-08-10 07:00:00+05:30,7.2649574,131.98714,10.486448,129.42778
992,2025-08-10 08:00:00+05:30,6.12,151.92761,8.863972,156.0375
993,2025-08-10 09:00:00+05:30,4.7657523,169.11452,5.720489,167.27565
994,2025-08-10 10:00:00+05:30,4.8466477,164.93146,6.0347,162.64589
995,2025-08-10 11:00:00+05:30,5.7204895,155.85446,7.406295,154.05775
996,2025-08-10 12:00:00+05:30,5.297018,170.21767,6.5693827,170.53775
997,2025-08-10 13:00:00+05:30,4.1125174,113.198616,5.3999996,126.86998
998,2025-08-10 14:00:00+05:30,5.2478566,174.09395,6.2483597,168.3664
999,2025-08-10 15:00:00+05:30,2.8460498,161.56496,4.353619,172.87508
1000,2025-08-10 16:00:00+05:30,5.0688457,83.88459,6.28713,76.75947
1001,2025-08-10 17:00:00+05:30,5.9427266,144.86572,7.9077177,138.69148
1002,2025-08-10 18:00:00+05:30,6.6405115,147.17146,9.600937,149.589
1003,2025-08-10 19:00:00+05:30,4.0249224,79.69521,6.2483597,101.63361
1004,2025-08-10 20:00:00+05:30,4.1046314,164.74483,6.391901,147.65259
1005,2025-08-10 21:00:00+05:30,2.9522195,52.431335,4.3349743,85.23644
1006,2025-08-10 22:00:00+05:30,6.0721655,78.02389,9.906544,92.08252
1007,2025-08-10 23:00:00+05:30,6.379216,73.61038,12.007498,77.00539
1008,2025-08-11 00:00:00+05:30,6.452441,120.141304,12.397806,115.820946
1009,2025-08-11 01:00:00+05:30,7.120815,110.72565,13.288341,114.82932
1010,2025-08-11 02:00:00+05:30,5.5596404,119.05451,11.298495,120.65059
1011,2025-08-11 03:00:00+05:30,3.244996,109.440125,6.2379804,133.83095
1012,2025-08-11 04:00:00+05:30,4.3349743,85.23644,7.2359104,95.7105
1013,2025-08-11 05:00:00+05:30,6.689125,113.80595,10.957847,104.26455
1014,2025-08-11 06:00:00+05:30,6.804381,142.52374,11.966954,164.2913
1015,2025-08-11 07:00:00+05:30,9.3669195,182.20255,14.411245,189.3446
1016,2025-08-11 08:00:00+05:30,7.689603,196.31393,12.522619,198.43504
1017,2025-08-11 09:00:00+05:30,7.570707,208.39293,11.435313,208.1785
1018,2025-08-11 10:00:00+05:30,6.8423676,234.63745,9.504272,232.69597
1019,2025-08-11 11:00:00+05:30,8.227004,259.91946,10.8029995,259.43903
1020,2025-08-11 12:00:00+05:30,5.318383,293.9625,7.9220443,291.318
1021,2025-08-11 13:00:00+05:30,4.186693,295.46332,6.198903,295.82092
1022,2025-08-11 14:00:00+05:30,4.0449963,290.85452,5.315336,298.30066
1023,2025-08-11 15:00:00+05:30,3.964089,267.3975,5.297018,279.78235
1024,2025-08-11 16:00:00+05:30,4.913044,278.42688,6.28713,283.24054
1025,2025-08-11 17:00:00+05:30,2.4014995,282.99463,3.143565,293.6294
1026,2025-08-11 18:00:00+05:30,2.7238941,82.40546,5.815978,111.801476
1027,2025-08-11 19:00:00+05:30,4.072935,44.999897,7.562142,88.6361
1028,2025-08-11 20:00:00+05:30,3.563818,44.999897,8.557102,75.37909
1029,2025-08-11 21:00:00+05:30,3.219938,63.435013,7.4346757,96.952866
1030,2025-08-11 22:00:00+05:30,5.0688457,186.1154,12.261158,183.3664
1031,2025-08-11 23:00:00+05:30,2.2553935,28.610369,2.8460495,34.69522
1032,2025-08-12 00:00:00+05:30,5.4149795,164.57777,10.51576,173.11838
1033,2025-08-12 01:00:00+05:30,5.315336,118.30067,10.094454,121.13891
1034,2025-08-12 02:00:00+05:30,5.2478566,112.1664,10.597094,110.89784
1035,2025-08-12 03:00:00+05:30,2.7238941,97.59455,6.849467,93.012726
1036,2025-08-12 04:00:00+05:30,4.991553,154.35904,7.653705,138.81418
1037,2025-08-12 05:00:00+05:30,4.1556225,72.34979,6.8423676,88.4926
1038,2025-08-12 06:00:00+05:30,1.8,180.0,2.1897945,170.53775
1039,2025-08-12 07:00:00+05:30,4.542994,146.3099,6.1437774,148.17259
1040,2025-08-12 08:00:00+05:30,1.9134263,48.814175,2.4482648,53.972538
1041,2025-08-12 09:00:00+05:30,2.19718,214.9921,2.4149535,206.56499
1042,2025-08-12 10:00:00+05:30,3.644722,200.22495,4.327493,196.9276
1043,2025-08-12 11:00:00+05:30,3.8183763,224.9999,4.8366103,224.9999
1044,2025-08-12 12:00:00+05:30,5.2478566,174.09395,6.6818557,175.36462
1045,2025-08-12 13:00:00+05:30,3.5864744,287.52567,3.84796,280.78424
1046,2025-08-12 14:00:00+05:30,7.754637,338.19852,10.8792095,343.66388
1047,2025-08-12 15:00:00+05:30,2.19718,214.9921,1.0495713,149.03632
1048,2025-08-12 16:00:00+05:30,4.323748,87.614105,7.2805495,98.530685
1049,2025-08-12 17:00:00+05:30,5.6262593,82.64771,8.849339,85.33323
1050,2025-08-12 18:00:00+05:30,2.4014995,167.00539,4.724786,139.63554
1051,2025-08-12 19:00:00+05:30,7.519175,132.0891,11.457958,133.72705
1052,2025-08-12 20:00:00+05:30,8.287822,55.6196,13.934605,61.448715
1053,2025-08-12 21:00:00+05:30,7.293888,74.248764,15.629971,61.07368
1054,2025-08-12 22:00:00+05:30,5.4477882,97.59455,10.621525,90.971
1055,2025-08-12 23:00:00+05:30,6.330782,104.82652,12.182955,102.80426
1056,2025-08-13 00:00:00+05:30,6.603817,107.44727,13.32,108.92474
1057,2025-08-13 01:00:00+05:30,7.2805495,98.530685,13.797912,97.495766
1058,2025-08-13 02:00:00+05:30,9.208192,94.48453,16.601036,99.36012
1059,2025-08-13 03:00:00+05:30,9.36173,91.101685,16.801823,94.91648
1060,2025-08-13 04:00:00+05:30,8.707238,82.875084,16.395817,92.51682
1061,2025-08-13 05:00:00+05:30,10.63372,92.910774,19.343927,95.33915
1062,2025-08-13 06:00:00+05:30,15.995712,129.06258,27.841293,130.27979
1063,2025-08-13 07:00:00+05:30,16.813387,127.60606,30.137503,127.96508
1064,2025-08-13 08:00:00+05:30,16.68669,113.523224,29.795301,115.01687
1065,2025-08-13 09:00:00+05:30,13.358861,104.03627,23.181597,103.92837
1066,2025-08-13 10:00:00+05:30,10.7714615,99.61966,18.498886,100.653854
1067,2025-08-13 11:00:00+05:30,12.882267,105.39561,21.708477,105.88021
1068,2025-08-13 12:00:00+05:30,11.9317045,101.3099,19.90852,104.664505
1069,2025-08-13 13:00:00+05:30,14.74902,113.749504,22.945587,115.55992
1070,2025-08-13 14:00:00+05:30,13.200273,95.47728,21.663654,98.60131
1071,2025-08-13 15:00:00+05:30,11.588701,83.75819,20.256998,84.390816
1072,2025-08-13 16:00:00+05:30,11.052058,96.546196,19.523155,95.28999
1073,2025-08-13 17:00:00+05:30,11.276968,98.25935,19.416653,100.68486
1074,2025-08-13 18:00:00+05:30,6.28713,103.24053,13.272482,110.64707
1075,2025-08-13 19:00:00+05:30,6.0721655,78.02389,12.93247,98.80671
1076,2025-08-13 20:00:00+05:30,5.0911684,44.999897,10.310403,73.77974
1077,2025-08-13 21:00:00+05:30,1.9881649,5.19435,3.396233,57.99466
1078,2025-08-13 22:00:00+05:30,1.6299692,6.3401003,3.438895,96.00892
1079,2025-08-13 23:00:00+05:30,3.4199998,360.0,3.644722,20.224945
1080,2025-08-14 00:00:00+05:30,0.35999998,360.0,1.3708391,156.80138
1081,2025-08-14 01:00:00+05:30,2.3469126,355.60138,2.226477,14.036275
1082,2025-08-14 02:00:00+05:30,4.3498964,335.55606,6.945761,328.78165
1083,2025-08-14 03:00:00+05:30,3.8183763,315.0001,6.090812,304.15976
1084,2025-08-14 04:00:00+05:30,3.6447225,327.09476,4.5891175,318.1799
1085,2025-08-14 05:00:00+05:30,3.3043609,330.64233,4.3349743,318.36655
1086,2025-08-14 06:00:00+05:30,3.604497,357.13766,2.52,360.0
1087,2025-08-14 07:00:00+05:30,2.9301877,349.3804,4.802999,12.99463
1088,2025-08-14 08:00:00+05:30,1.0495713,210.96368,1.2979984,146.3099
1089,2025-08-14 09:00:00+05:30,1.9469976,213.6901,2.0523157,195.25517
1090,2025-08-14 10:00:00+05:30,3.84796,169.21574,4.724786,162.25523
1091,2025-08-14 11:00:00+05:30,4.542994,146.3099,5.7402787,138.81418
1092,2025-08-14 12:00:00+05:30,5.4833565,156.80138,7.0843205,152.78398
1093,2025-08-14 13:00:00+05:30,6.5693827,189.46225,8.32877,186.20335
1094,2025-08-14 14:00:00+05:30,3.0652895,183.3664,4.32,180.0
1095,2025-08-14 15:00:00+05:30,1.8532133,240.94548,2.3469129,237.52882
1096,2025-08-14 16:00:00+05:30,5.1165614,140.71062,6.391901,147.65259
1097,2025-08-14 17:00:00+05:30,6.601363,101.003494,10.134496,109.722374
1098,2025-08-14 18:00:00+05:30,5.315336,28.30066,6.3690495,47.290634
1099,2025-08-14 19:00:00+05:30,4.0449967,32.275623,5.00128,59.743652
1100,2025-08-14 20:00:00+05:30,2.8001428,44.999897,5.2478566,120.96369
1101,2025-08-14 21:00:00+05:30,4.5,36.86999,5.9427266,88.264336
1102,2025-08-14 22:00:00+05:30,3.550155,59.53454,8.55142,130.73203
1103,2025-08-14 23:00:00+05:30,2.8460495,124.69522,9.621163,162.58194
1104,2025-08-15 00:00:00+05:30,1.5379207,69.44387,3.9844694,161.56496
1105,2025-08-15 01:00:00+05:30,6.0347,72.64589,7.5942073,84.55976
1106,2025-08-15 02:00:00+05:30,2.7475805,31.607454,3.9312592,74.054535
1107,2025-08-15 03:00:00+05:30,1.5484185,35.537766,0.56920993,71.564964
1108,2025-08-15 04:00:00+05:30,0.8049845,63.435013,2.1068459,160.0168
1109,2025-08-15 05:00:00+05:30,4.3274937,135.0001,8.14587,135.0001
1110,2025-08-15 06:00:00+05:30,3.4763772,158.74942,5.2323985,139.18501
1111,2025-08-15 07:00:00+05:30,4.175069,97.43131,5.9834766,96.91113
1112,2025-08-15 08:00:00+05:30,6.7757506,140.38934,8.805294,139.14471
1113,2025-08-15 09:00:00+05:30,5.315336,151.69934,6.854195,150.06857
1114,2025-08-15 10:00:00+05:30,4.3498964,155.55606,5.634891,153.43501
1115,2025-08-15 11:00:00+05:30,3.671294,168.69011,4.724786,162.25523
1116,2025-08-15 12:00:00+05:30,2.0523157,217.87505,2.657668,208.30066
1117,2025-08-15 13:00:00+05:30,3.4388947,222.87889,4.1046314,217.87505
1118,2025-08-15 14:00:00+05:30,2.5455842,278.13,3.0652895,273.3664
1119,2025-08-15 15:00:00+05:30,3.2846913,279.46225,4.0249224,280.30478
1120,2025-08-15 16:00:00+05:30,3.5864744,252.47433,4.5,253.73972
1121,2025-08-15 17:00:00+05:30,2.9024127,299.74478,5.7628117,284.47034
1122,2025-08-15 18:00:00+05:30,2.1674871,221.63345,6.889557,213.2749
1123,2025-08-15 19:00:00+05:30,0.742159,75.96373,3.4199998,180.0
1124,2025-08-15 20:00:00+05:30,1.8,53.13002,3.0811036,83.29026
1125,2025-08-15 21:00:00+05:30,1.7076298,341.56494,2.0523157,344.7448
1126,2025-08-15 22:00:00+05:30,2.36753,351.2539,3.096837,305.53775
1127,2025-08-15 23:00:00+05:30,1.3104197,15.945477,0.25455844,135.0001
1128,2025-08-16 00:00:00+05:30,2.5455842,8.130019,1.9881649,354.80566
1129,2025-08-16 01:00:00+05:30,3.6179552,5.7105074,5.426933,354.2895
1130,2025-08-16 02:00:00+05:30,2.226477,345.9637,4.755544,299.4758
1131,2025-08-16 03:00:00+05:30,2.8460498,341.56494,6.2405767,303.23172
1132,2025-08-16 04:00:00+05:30,3.3092597,337.6198,8.790563,312.5104
1133,2025-08-16 05:00:00+05:30,1.8089776,5.7105074,5.2478566,329.03632
1134,2025-08-16 06:00:00+05:30,2.6999998,306.86996,3.06,270.0
1135,2025-08-16 07:00:00+05:30,2.9301877,317.4896,3.8268526,318.81415
1136,2025-08-16 08:00:00+05:30,1.4512063,299.74478,1.781909,315.0001
1137,2025-08-16 09:00:00+05:30,1.8089776,174.2895,2.226477,165.96373
1138,2025-08-16 10:00:00+05:30,0.54,90.0,0.9178235,101.3099
1139,2025-08-16 11:00:00+05:30,2.50064,59.743652,3.494968,55.491425
1140,2025-08-16 12:00:00+05:30,3.2846913,170.53775,3.8141315,160.70985
1141,2025-08-16 13:00:00+05:30,2.5582807,219.28938,3.148714,210.96368
1142,2025-08-16 14:00:00+05:30,1.4058449,309.8055,1.659518,310.60123
1143,2025-08-16 15:00:00+05:30,2.2768397,198.43504,2.5772078,192.09474
1144,2025-08-16 16:00:00+05:30,1.8792552,196.69933,2.5772078,192.09474
1145,2025-08-16 17:00:00+05:30,2.0124612,116.56499,3.7971036,185.44025
1146,2025-08-16 18:00:00+05:30,1.8089776,275.7105,5.5596404,209.0545
1147,2025-08-16 19:00:00+05:30,3.1072817,349.99207,3.3481934,323.74606
1148,2025-08-16 20:00:00+05:30,3.9312592,15.945477,5.3305535,11.689341
1149,2025-08-16 21:00:00+05:30,2.4482646,17.102825,3.4623692,27.897186
1150,2025-08-16 22:00:00+05:30,1.08,360.0,2.36753,261.2539
1151,2025-08-16 23:00:00+05:30,2.5455842,351.87,5.072041,297.47433
1152,2025-08-17 00:00:00+05:30,3.550155,329.53452,8.39078,292.71445
1153,2025-08-17 01:00:00+05:30,3.244996,326.3099,8.037761,304.046
1154,2025-08-17 02:00:00+05:30,0.40249225,26.564985,1.5273507,44.999897
1155,2025-08-17 03:00:00+05:30,3.148714,30.963696,6.696387,53.74608
1156,2025-08-17 04:00:00+05:30,2.36753,8.746089,4.293669,33.023872
1157,2025-08-17 05:00:00+05:30,0.40249225,26.564985,4.2366967,167.73524
1158,2025-08-17 06:00:00+05:30,7.9526596,95.19434,15.602999,101.3099
1159,2025-08-17 07:00:00+05:30,7.6642804,80.53775,14.634343,85.060875
1160,2025-08-17 08:00:00+05:30,7.0591216,109.359085,9.867218,104.79681
1161,2025-08-17 09:00:00+05:30,12.193589,121.10875,16.85669,120.12423
1162,2025-08-17 10:00:00+05:30,9.860649,111.41304,13.070776,112.6806
1163,2025-08-17 11:00:00+05:30,10.787993,115.70991,13.8049555,112.21764
1164,2025-08-17 12:00:00+05:30,2.4482648,53.972538,3.8647635,62.24156
1165,2025-08-17 13:00:00+05:30,6.0347,107.35411,7.731622,102.09474
1166,2025-08-17 14:00:00+05:30,3.148714,30.963696,4.6452556,54.46224
1167,2025-08-17 15:00:00+05:30,2.1674871,228.36655,2.226477,255.96373
1168,2025-08-17 16:00:00+05:30,4.32,360.0,7.0774574,352.69434
1169,2025-08-17 17:00:00+05:30,4.2671766,27.645891,7.4128532,29.054508
1170,2025-08-17 18:00:00+05:30,3.604497,357.13766,3.62243,26.564985
1171,2025-08-17 19:00:00+05:30,4.2021427,313.26434,7.596341,283.70697
1172,2025-08-17 20:00:00+05:30,1.6299692,6.3401003,2.1674871,311.63345
1173,2025-08-17 21:00:00+05:30,6.297428,59.03632,10.621525,90.971
1174,2025-08-17 22:00:00+05:30,8.161764,41.42357,13.776763,72.51192
1175,2025-08-17 23:00:00+05:30,2.4014995,12.99463,6.162207,83.29026
1176,2025-08-18 00:00:00+05:30,1.26,360.0,1.0182338,135.0001
1177,2025-08-18 01:00:00+05:30,2.7416782,23.198618,2.3469129,32.471172
1178,2025-08-18 02:00:00+05:30,5.48631,131.00899,12.601285,158.19853
1179,2025-08-18 03:00:00+05:30,9.266067,352.18478,11.631956,338.19852
1180,2025-08-18 04:00:00+05:30,5.1197267,349.8754,10.548061,323.32556
1181,2025-08-18 05:00:00+05:30,4.7110505,353.41815,9.92778,315.0001
1182,2025-08-18 06:00:00+05:30,5.8048253,119.74479,8.019601,80.960594
1183,2025-08-18 07:00:00+05:30,2.7238941,352.40543,3.4949677,11.888645
1184,2025-08-18 08:00:00+05:30,4.2175345,230.19447,4.913044,241.55717
1185,2025-08-18 09:00:00+05:30,3.5864744,197.52567,4.445672,201.37068
1186,2025-08-18 10:00:00+05:30,1.1384199,108.43504,1.6199999,90.0
1187,2025-08-18 11:00:00+05:30,6.77575,106.99091,8.654986,106.9276
1188,2025-08-18 12:00:00+05:30,7.570707,118.39293,9.580668,115.60214
1189,2025-08-18 13:00:00+05:30,4.3573384,128.2902,5.896202,121.26367
1190,2025-08-18 14:00:00+05:30,6.391901,99.72751,8.649369,102.01146
1191,2025-08-18 15:00:00+05:30,1.8,90.0,2.6208394,74.054535
1192,2025-08-18 16:00:00+05:30,1.3708391,156.80138,2.0523157,127.875046
1193,2025-08-18 17:00:00+05:30,5.2478566,157.8336,9.187056,145.37578
1194,2025-08-18 18:00:00+05:30,0.56920993,18.435053,3.362677,74.47583
1195,2025-08-18 19:00:00+05:30,1.9386592,21.801476,5.22,43.602894
1196,2025-08-18 20:00:00+05:30,1.98,360.0,4.5322843,353.15732
1197,2025-08-18 21:00:00+05:30,1.2727921,351.87,2.7534704,258.6901
1198,2025-08-18 22:00:00+05:30,0.40249225,26.564985,2.5772076,155.22488
1199,2025-08-18 23:00:00+05:30,0.25455844,44.999897,1.659518,139.39879
1200,2025-08-19 00:00:00+05:30,4.353619,187.12492,8.647496,182.3859
1201,2025-08-19 01:00:00+05:30,10.583326,41.552525,15.971386,39.97087
1202,2025-08-19 02:00:00+05:30,6.601363,101.003494,12.673074,101.4695
1203,2025-08-19 03:00:00+05:30,8.656858,93.57626,16.520823,101.3099
1204,2025-08-19 04:00:00+05:30,10.196647,69.3255,18.272438,71.0295
1205,2025-08-19 05:00:00+05:30,2.4014995,347.00537,5.3517847,42.27363
1206,2025-08-19 06:00:00+05:30,7.1389914,123.6901,14.330079,122.691986
1207,2025-08-19 07:00:00+05:30,6.8541956,103.671326,11.043261,109.025696
1208,2025-08-19 08:00:00+05:30,8.538149,108.43504,11.500296,107.30062
1209,2025-08-19 09:00:00+05:30,8.049845,116.56499,10.223619,116.11385
1210,2025-08-19 10:00:00+05:30,7.3997297,131.05472,9.361731,127.971664
1211,2025-08-19 11:00:00+05:30,7.8954163,136.8476,10.055864,135.72514
1212,2025-08-19 12:00:00+05:30,9.7880945,147.77127,12.431733,145.6196
1213,2025-08-19 13:00:00+05:30,7.3447943,162.89719,9.05205,162.64589
1214,2025-08-19 14:00:00+05:30,6.130579,183.3664,8.827344,177.66275
1215,2025-08-19 15:00:00+05:30,5.994297,138.65233,8.043805,139.53786
1216,2025-08-19 16:00:00+05:30,10.957846,47.66307,16.674063,45.437317
1217,2025-08-19 17:00:00+05:30,3.244996,86.82024,6.6087217,60.64234
1218,2025-08-19 18:00:00+05:30,4.1046314,74.74483,11.375658,85.46231
1219,2025-08-19 19:00:00+05:30,11.165805,181.84756,19.044306,172.94225
1220,2025-08-19 20:00:00+05:30,11.681987,33.6901,18.937675,36.10754
1221,2025-08-19 21:00:00+05:30,4.91634,66.2505,11.844492,73.21728
1222,2025-08-19 22:00:00+05:30,9.485504,33.388535,18.222721,47.802517
1223,2025-08-19 23:00:00+05:30,2.5455842,351.87,7.388775,34.07725
1224,2025-08-20 00:00:00+05:30,4.1556225,94.96966,10.957847,104.26455
1225,2025-08-20 01:00:00+05:30,2.968636,14.036275,8.149847,43.210114
1226,2025-08-20 02:00:00+05:30,0.742159,194.03627,3.7842832,87.27374
1227,2025-08-20 03:00:00+05:30,5.5450516,125.753975,11.903159,110.35332
1228,2025-08-20 04:00:00+05:30,8.209263,105.25517,17.01738,100.359
1229,2025-08-20 05:00:00+05:30,7.486788,99.68872,14.713831,97.73351
1230,2025-08-20 06:00:00+05:30,6.6818557,62.744755,14.934577,74.623695
1231,2025-08-20 07:00:00+05:30,7.6579366,66.44773,11.503113,69.86362
1232,2025-08-20 08:00:00+05:30,7.6473517,116.56499,9.82114,116.09537
1233,2025-08-20 09:00:00+05:30,10.34178,148.52321,13.243156,148.90276
1234,2025-08-20 10:00:00+05:30,8.171683,82.40546,11.173057,92.77016
1235,2025-08-20 11:00:00+05:30,6.391901,57.652576,8.39657,59.03632
1236,2025-08-20 12:00:00+05:30,3.7585104,106.699326,4.73506,98.74608
1237,2025-08-20 13:00:00+05:30,5.6521144,142.76509,7.0107627,138.12222
1238,2025-08-20 14:00:00+05:30,5.1575575,150.75127,6.7397914,145.88548
1239,2025-08-20 15:00:00+05:30,11.35285,154.65387,15.216123,152.52565
1240,2025-08-20 16:00:00+05:30,10.248941,120.61853,14.512064,119.74479
1241,2025-08-20 17:00:00+05:30,8.452336,116.56499,14.009968,110.29765
1242,2025-08-20 18:00:00+05:30,9.919618,101.5138,18.841623,108.95433
1243,2025-08-20 19:00:00+05:30,8.641874,91.19346,17.284687,98.38316
1244,2025-08-20 20:00:00+05:30,7.748368,92.66295,16.848999,108.04791
1245,2025-08-20 21:00:00+05:30,10.259999,90.0,18.99661,102.58769
1246,2025-08-20 22:00:00+05:30,10.717182,82.27827,18.543495,91.11237
1247,2025-08-20 23:00:00+05:30,8.163749,75.96373,16.75064,81.34755
1248,2025-08-21 00:00:00+05:30,6.4096174,51.842735,13.032298,57.40743
1249,2025-08-21 01:00:00+05:30,5.154415,65.22488,10.385547,64.32324
1250,2025-08-21 02:00:00+05:30,5.9399996,90.0,13.14493,88.43069
1251,2025-08-21 03:00:00+05:30,6.6624317,91.54813,15.68584,93.28918
1252,2025-08-21 04:00:00+05:30,6.601363,101.003494,14.494192,104.38144
1253,2025-08-21 05:00:00+05:30,8.649369,102.01146,17.19165,107.6762
1254,2025-08-21 06:00:00+05:30,7.208994,92.86235,11.767651,96.14653
1255,2025-08-21 07:00:00+05:30,5.495161,121.60746,8.39078,112.714455
1256,2025-08-21 08:00:00+05:30,3.462369,98.97255,5.04,90.0
1257,2025-08-21 09:00:00+05:30,5.8298883,98.88058,7.9526596,95.19434
1258,2025-08-21 10:00:00+05:30,7.382195,135.0001,9.178235,131.82008
1259,2025-08-21 11:00:00+05:30,8.39078,144.60512,10.514218,141.95291
1260,2025-08-21 12:00:00+05:30,8.211235,153.9967,10.948973,152.59251
1261,2025-08-21 13:00:00+05:30,1.08,90.0,1.7076298,108.43504
1262,2025-08-21 14:00:00+05:30,8.647496,92.385895,11.341428,89.090645
1263,2025-08-21 15:00:00+05:30,9.0,106.26028,12.007498,102.99462
1264,2025-08-21 16:00:00+05:30,9.826088,118.442825,13.945064,113.58704
1265,2025-08-21 17:00:00+05:30,9.605998,102.99462,16.499237,96.892334
1266,2025-08-21 18:00:00+05:30,10.837435,122.106224,19.523983,124.86227
1267,2025-08-21 19:00:00+05:30,9.346143,105.64231,18.47084,105.25517
1268,2025-08-21 20:00:00+05:30,7.42159,104.03627,16.068466,102.94652
1269,2025-08-21 21:00:00+05:30,7.579261,94.08554,15.338071,94.037636
1270,2025-08-21 22:00:00+05:30,4.2136917,70.01681,12.399112,76.56896
1271,2025-08-21 23:00:00+05:30,2.4482646,107.10281,8.707237,119.74479
1272,2025-08-22 00:00:00+05:30,8.490582,85.135574,16.203999,88.727
1273,2025-08-22 01:00:00+05:30,2.2768397,71.564964,8.311245,85.03035
1274,2025-08-22 02:00:00+05:30,4.278551,75.37909,11.098865,98.392845
1275,2025-08-22 03:00:00+05:30,8.297589,77.4712,17.771753,83.019035
1276,2025-08-22 04:00:00+05:30,7.0568266,84.14409,16.383955,91.25902
1277,2025-08-22 05:00:00+05:30,9.0,106.26028,18.741621,106.17223
1278,2025-08-22 06:00:00+05:30,13.4903965,108.676796,22.294582,111.801476
1279,2025-08-22 07:00:00+05:30,13.41453,101.61146,22.180935,105.05127
1280,2025-08-22 08:00:00+05:30,15.546833,95.31445,21.969587,97.53251
1281,2025-08-22 09:00:00+05:30,16.774803,93.691315,22.546032,93.661865
1282,2025-08-22 10:00:00+05:30,15.376045,117.16491,20.690605,117.45666
1283,2025-08-22 11:00:00+05:30,14.288191,109.11983,19.192593,110.304565
1284,2025-08-22 12:00:00+05:30,12.42,90.0,16.93531,92.4366
1285,2025-08-22 13:00:00+05:30,10.6261,79.261154,14.408997,77.00539
1286,2025-08-22 14:00:00+05:30,9.292254,98.914856,12.304682,95.8773
1287,2025-08-22 15:00:00+05:30,13.864674,119.56026,19.400795,117.04044
1288,2025-08-22 16:00:00+05:30,12.362475,132.04915,18.491003,131.44817
1289,2025-08-22 17:00:00+05:30,6.6818557,94.635376,13.88919,86.28479
1290,2025-08-22 18:00:00+05:30,5.0432134,92.045364,14.178928,98.027145
1291,2025-08-22 19:00:00+05:30,3.9312592,15.945477,8.641874,54.323517
1292,2025-08-22 20:00:00+05:30,1.3708391,23.198618,4.5572357,80.909805
1293,2025-08-22 21:00:00+05:30,3.2599385,276.3401,6.889557,213.2749
1294,2025-08-22 22:00:00+05:30,2.4014995,77.00539,6.601363,101.003494
1295,2025-08-22 23:00:00+05:30,3.3092594,44.999897,10.2742,86.98728
1296,2025-08-23 00:00:00+05:30,7.9220443,68.68202,19.087639,91.62112
1297,2025-08-23 01:00:00+05:30,11.633348,81.99536,23.222788,90.88822
1298,2025-08-23 02:00:00+05:30,12.140329,74.52131,24.13477,82.71607
1299,2025-08-23 03:00:00+05:30,13.979871,78.11137,26.478973,82.9717
1300,2025-08-23 04:00:00+05:30,11.745604,74.89885,23.516708,84.2895
1301,2025-08-23 05:00:00+05:30,8.827344,69.717354,19.852295,85.84044
1302,2025-08-23 06:00:00+05:30,13.039754,83.659904,23.057571,92.23693
1303,2025-08-23 07:00:00+05:30,16.700275,97.43131,27.137648,98.77498
1304,2025-08-23 08:00:00+05:30,16.029097,91.93055,23.95691,92.152916
1305,2025-08-23 09:00:00+05:30,21.573734,102.5288,31.53084,102.5288
1306,2025-08-23 10:00:00+05:30,17.085785,106.52588,23.933908,105.7087
1307,2025-08-23 11:00:00+05:30,18.613253,108.61026,26.127295,108.06056
1308,2025-08-23 12:00:00+05:30,14.734735,115.31284,20.61766,114.775116
1309,2025-08-23 13:00:00+05:30,12.337553,113.198616,17.046865,111.68913
1310,2025-08-23 14:00:00+05:30,12.815443,100.52074,18.11215,100.30479
1311,2025-08-23 15:00:00+05:30,9.926147,94.15957,14.224556,91.45019
1312,2025-08-23 16:00:00+05:30,9.278297,108.08354,14.98331,106.04001
1313,2025-08-23 17:00:00+05:30,6.379216,106.38962,14.628807,108.65798
1314,2025-08-23 18:00:00+05:30,8.557102,22.249071,13.926464,63.103848
1315,2025-08-23 19:00:00+05:30,3.8521678,37.405437,11.688918,99.75236
1316,2025-08-23 20:00:00+05:30,9.085988,123.6901,20.321672,122.70473
1317,2025-08-23 21:00:00+05:30,10.373061,51.34017,20.326454,67.06787
1318,2025-08-23 22:00:00+05:30,10.094454,68.00882,22.12536,82.990715
1319,2025-08-23 23:00:00+05:30,14.224556,88.54982,26.758923,95.4037
1320,2025-08-24 00:00:00+05:30,13.00243,68.05125,24.770773,84.579506
1321,2025-08-24 01:00:00+05:30,8.53815,55.304783,19.270092,81.94568
1322,2025-08-24 02:00:00+05:30,4.2671766,27.645891,11.928989,84.805664
1323,2025-08-24 03:00:00+05:30,3.6179552,95.7105,12.43434,112.109505
1324,2025-08-24 04:00:00+05:30,7.7588143,93.99084,17.262177,101.42707
1325,2025-08-24 05:00:00+05:30,5.2478566,84.093956,14.861722,101.173805
1326,2025-08-24 06:00:00+05:30,3.0547013,44.999897,8.641874,91.19346
1327,2025-08-24 07:00:00+05:30,4.7521367,114.62355,7.9220443,111.317986
1328,2025-08-24 08:00:00+05:30,10.99769,111.10492,14.539945,111.801476
1329,2025-08-24 09:00:00+05:30,12.841963,84.369415,19.45333,87.87895
1330,2025-08-24 10:00:00+05:30,11.578912,101.65926,15.85329,102.45824
1331,2025-08-24 11:00:00+05:30,10.24578,108.43504,13.4903965,108.676796
1332,2025-08-24 12:00:00+05:30,11.995349,115.79598,16.048288,113.114235
1333,2025-08-24 13:00:00+05:30,12.739371,113.30492,17.447933,111.80147
1334,2025-08-24 14:00:00+05:30,12.189602,106.29412,16.293728,106.03241
1335,2025-08-24 15:00:00+05:30,10.472535,118.767555,14.74902,113.749504
1336,2025-08-24 16:00:00+05:30,7.538541,123.310646,10.560341,119.62366
1337,2025-08-24 17:00:00+05:30,4.829907,116.56499,10.304115,109.38461
1338,2025-08-24 18:00:00+05:30,4.1046314,37.875053,10.765445,69.44387
1339,2025-08-24 19:00:00+05:30,0.742159,345.9637,6.5693827,99.46225
1340,2025-08-24 20:00:00+05:30,0.71999997,270.0,5.257109,141.95291
1341,2025-08-24 21:00:00+05:30,1.5379207,69.44387,7.327127,117.824005
1342,2025-08-24 22:00:00+05:30,1.609969,26.564985,5.232399,93.945114
1343,2025-08-24 23:00:00+05:30,1.3104197,344.05453,1.1384199,71.564964
1344,2025-08-25 00:00:00+05:30,0.8049845,333.43503,0.742159,165.96373
1345,2025-08-25 01:00:00+05:30,0.25455844,44.999897,3.396233,122.00535
1346,2025-08-25 02:00:00+05:30,4.3498964,114.44395,11.435313,118.1785
1347,2025-08-25 03:00:00+05:30,7.7588143,86.00917,16.02101,89.35627
1348,2025-08-25 04:00:00+05:30,7.928178,87.3975,16.069473,94.49707
1349,2025-08-25 05:00:00+05:30,3.8521678,52.594578,9.779817,83.659904
1350,2025-08-25 06:00:00+05:30,4.143911,357.5105,6.12,28.072395
1351,2025-08-25 07:00:00+05:30,4.942631,100.491425,7.2805495,98.530685
1352,2025-08-25 08:00:00+05:30,7.0774574,82.694336,9.47012,81.25392
1353,2025-08-25 09:00:00+05:30,5.0688457,96.11541,6.489992,93.17977
1354,2025-08-25 10:00:00+05:30,3.9966483,144.16226,4.8433046,138.01286
1355,2025-08-25 11:00:00+05:30,5.0688457,173.8846,6.1120534,166.37299
1356,2025-08-25 12:00:00+05:30,3.9966488,187.76508,4.6834598,182.20255
1357,2025-08-25 13:00:00+05:30,3.4247334,176.98727,3.9763298,174.80566
1358,2025-08-25 14:00:00+05:30,4.2021422,170.13426,4.942631,169.50858
1359,2025-08-25 15:00:00+05:30,1.8532133,209.0545,2.2553935,208.61037
1360,2025-08-25 16:00:00+05:30,3.0652893,220.23628,3.8521678,217.40543
1361,2025-08-25 17:00:00+05:30,1.7076298,161.56496,2.7059932,176.186
1362,2025-08-25 18:00:00+05:30,4.3832865,160.82089,10.385547,154.32323
1363,2025-08-25 19:00:00+05:30,0.40249225,63.435013,4.1556225,175.03035
1364,2025-08-25 20:00:00+05:30,2.8460495,55.304783,4.3536186,60.255207
1365,2025-08-25 21:00:00+05:30,3.462369,81.02746,5.983477,105.7087
1366,2025-08-25 22:00:00+05:30,4.846648,68.19853,8.64,90.0
1367,2025-08-25 23:00:00+05:30,4.080882,48.57643,9.403169,84.507774
1368,2025-08-26 00:00:00+05:30,2.2553935,28.610369,5.6521144,80.83774
1369,2025-08-26 01:00:00+05:30,1.0495713,30.963696,4.278551,112.24908
1370,2025-08-26 02:00:00+05:30,1.08,360.0,2.6758924,47.72637
1371,2025-08-26 03:00:00+05:30,0.35999998,270.0,0.71999997,180.0
1372,2025-08-26 04:00:00+05:30,0.25455844,315.0001,1.659518,12.528798
1373,2025-08-26 05:00:00+05:30,1.484318,14.036275,4.6800003,22.61991
1374,2025-08-26 06:00:00+05:30,5.692099,55.304783,10.478722,85.07298
1375,2025-08-26 07:00:00+05:30,2.7059932,86.186005,7.3997297,94.18484
1376,2025-08-26 08:00:00+05:30,3.7585104,106.699326,5.5887027,104.93147
1377,2025-08-26 09:00:00+05:30,6.297428,120.963684,8.452336,116.56499
1378,2025-08-26 10:00:00+05:30,12.932471,145.2039,16.992609,143.61555
1379,2025-08-26 11:00:00+05:30,5.3457265,135.0001,7.145796,130.91429
1380,2025-08-26 12:00:00+05:30,2.8460495,145.30478,3.8268526,138.81418
1381,2025-08-26 13:00:00+05:30,1.6981165,122.00535,2.2553935,118.61037
1382,2025-08-26 14:00:00+05:30,0.742159,255.96373,0.76367533,224.9999
1383,2025-08-26 15:00:00+05:30,3.9966488,262.23492,4.8633323,267.87894
1384,2025-08-26 16:00:00+05:30,3.494968,235.49141,5.1575575,240.75127
1385,2025-08-26 17:00:00+05:30,2.4014995,102.99462,3.06,151.92761
1386,2025-08-26 18:00:00+05:30,3.8183763,171.86998,9.044888,185.7105
1387,2025-08-26 19:00:00+05:30,2.3469126,265.60138,7.970972,244.59233
1388,2025-08-26 20:00:00+05:30,0.9,126.86999,2.9301877,222.5104
1389,2025-08-26 21:00:00+05:30,5.0432134,92.045364,6.0721655,101.97612
1390,2025-08-26 22:00:00+05:30,2.97953,25.016869,4.91634,23.749514
1391,2025-08-26 23:00:00+05:30,0.56920993,18.435053,2.19718,235.0079
1392,2025-08-27 00:00:00+05:30,1.2074767,26.564985,1.2979984,236.3099
1393,2025-08-27 01:00:00+05:30,2.7238941,82.40546,6.12,151.92761
1394,2025-08-27 02:00:00+05:30,5.4744864,46.332153,7.7420926,72.40749
1395,2025-08-27 03:00:00+05:30,4.7827187,19.798973,7.6409945,46.90914
1396,2025-08-27 04:00:00+05:30,0.35999998,360.0,3.7064266,150.9455
1397,2025-08-27 05:00:00+05:30,2.50064,30.256361,3.3092597,67.61982
1398,2025-08-27 06:00:00+05:30,6.341009,353.4803,7.8728137,10.539137
1399,2025-08-27 07:00:00+05:30,3.2048087,38.157276,4.978554,40.601215
1400,2025-08-27 08:00:00+05:30,3.3043609,150.64235,4.293669,146.97614
1401,2025-08-27 09:00:00+05:30,5.2416787,164.05453,6.603817,162.55272
1402,2025-08-27 10:00:00+05:30,6.725354,164.47583,8.139901,161.96562
1403,2025-08-27 11:00:00+05:30,5.3305535,168.31065,6.4624763,167.125
1404,2025-08-27 12:00:00+05:30,5.9644947,185.19434,7.388775,182.79265
1405,2025-08-27 13:00:00+05:30,5.5829024,181.84756,7.2,180.0
1406,2025-08-27 14:00:00+05:30,2.5772076,155.22488,3.362677,164.47583
1407,2025-08-27 15:00:00+05:30,4.1556225,342.34976,5.5450516,346.86597
1408,2025-08-27 16:00:00+05:30,2.0124612,333.43503,3.462369,351.02744
1409,2025-08-27 17:00:00+05:30,3.8141315,250.70985,5.1544156,257.90524
1410,2025-08-27 18:00:00+05:30,3.9640884,320.52756,8.55142,319.26797
1411,2025-08-27 19:00:00+05:30,5.5596404,330.9455,10.075177,318.62158
1412,2025-08-27 20:00:00+05:30,5.8298883,8.8805895,8.849339,355.33322
1413,2025-08-27 21:00:00+05:30,2.2910259,44.999897,4.5,53.13002
1414,2025-08-27 22:00:00+05:30,5.48631,48.99101,8.967541,100.40766
1415,2025-08-27 23:00:00+05:30,0.56920993,341.56494,2.3469126,175.60138
1416,2025-08-28 00:00:00+05:30,4.68,180.0,8.865799,185.82625
1417,2025-08-28 01:00:00+05:30,3.7842832,205.34613,8.626865,203.35558
1418,2025-08-28 02:00:00+05:30,4.91634,156.2505,6.379216,163.61038
1419,2025-08-28 03:00:00+05:30,5.22,136.39711,7.8149853,151.07367
1420,2025-08-28 04:00:00+05:30,5.2323985,116.56499,7.8149853,118.92633
1421,2025-08-28 05:00:00+05:30,7.596341,103.706985,11.897714,100.459854
1422,2025-08-28 06:00:00+05:30,3.189608,106.38962,7.256032,97.12492
1423,2025-08-28 07:00:00+05:30,6.482499,91.59111,11.755254,101.48196
1424,2025-08-28 08:00:00+05:30,6.8919086,130.76352,10.404249,127.26648
1425,2025-08-28 09:00:00+05:30,7.8149853,141.54626,9.97986,140.85602
1426,2025-08-28 10:00:00+05:30,6.2405767,123.23173,7.995323,121.18491
1427,2025-08-28 11:00:00+05:30,6.379216,106.38962,8.209263,105.25517
1428,2025-08-28 12:00:00+05:30,5.4833565,66.801384,7.731623,65.22488
1429,2025-08-28 13:00:00+05:30,5.1165614,39.289394,6.638072,40.601215
1430,2025-08-28 14:00:00+05:30,5.2416787,105.945465,6.638072,102.5288
1431,2025-08-28 15:00:00+05:30,6.2067385,150.46132,8.0899935,147.72438
1432,2025-08-28 16:00:00+05:30,7.256032,133.99501,9.686609,131.98714
1433,2025-08-28 17:00:00+05:30,5.495161,121.60746,11.453715,120.191536
1434,2025-08-28 18:00:00+05:30,6.77575,106.99091,13.32,108.92474
1435,2025-08-28 19:00:00+05:30,7.2649574,131.98714,15.15104,136.44406
1436,2025-08-28 20:00:00+05:30,5.8852015,113.42871,11.19189,117.80137
1437,2025-08-28 21:00:00+05:30,5.771239,93.57626,12.429127,100.00792
1438,2025-08-28 22:00:00+05:30,6.12,61.92762,12.535549,68.96242
1439,2025-08-28 23:00:00+05:30,4.8633323,92.12105,11.749741,84.7262
1440,2025-08-29 00:00:00+05:30,4.73506,98.74608,10.041354,104.5345
1441,2025-08-29 01:00:00+05:30,4.5891175,115.55992,9.05205,107.35411
1442,2025-08-29 02:00:00+05:30,3.9518096,59.93151,7.771331,76.60749
1443,2025-08-29 03:00:00+05:30,0.40249225,153.43501,3.2846913,80.53775
1444,2025-08-29 04:00:00+05:30,2.8460498,71.564964,7.342588,78.6901
1445,2025-08-29 05:00:00+05:30,5.2694216,97.853226,9.54679,92.16103
1446,2025-08-29 06:00:00+05:30,5.6060677,47.602623,10.874742,61.313953
1447,2025-08-29 07:00:00+05:30,4.5,360.0,8.699793,24.443953
1448,2025-08-29 08:00:00+05:30,1.9469976,33.6901,4.5,36.86999
1449,2025-08-29 09:00:00+05:30,5.223103,88.025116,7.388775,87.20736
1450,2025-08-29 10:00:00+05:30,6.162207,96.70974,7.9526596,95.19434
1451,2025-08-29 11:00:00+05:30,5.920878,109.53674,7.3447943,107.10281
1452,2025-08-29 12:00:00+05:30,5.8603754,132.5104,7.3094187,127.99879
1453,2025-08-29 13:00:00+05:30,3.01735,107.35411,3.710795,104.03627
1454,2025-08-29 14:00:00+05:30,1.2979984,146.3099,1.5273507,135.0001
1455,2025-08-29 15:00:00+05:30,6.489992,176.82024,8.11798,176.186
1456,2025-08-29 16:00:00+05:30,5.1197267,169.8754,8.477216,176.34785
1457,2025-08-29 17:00:00+05:30,9.860649,68.58697,16.740967,73.12365
1458,2025-08-29 18:00:00+05:30,4.2136917,70.01681,9.354806,120.01828
1459,2025-08-29 19:00:00+05:30,5.506941,78.6901,11.9466305,120.815636
1460,2025-08-29 20:00:00+05:30,3.6,53.13002,7.968939,108.43504
1461,2025-08-29 21:00:00+05:30,6.77575,16.990906,9.044888,47.419548
1462,2025-08-29 22:00:00+05:30,4.8366103,44.999897,9.693296,58.671368
1463,2025-08-29 23:00:00+05:30,0.54,360.0,1.26,90.0
1464,2025-08-30 00:00:00+05:30,2.3469126,355.60138,1.8532133,330.9455
1465,2025-08-30 01:00:00+05:30,2.3051248,38.65983,3.8521678,52.594578
1466,2025-08-30 02:00:00+05:30,2.9024127,60.255207,6.122647,88.31535
1467,2025-08-30 03:00:00+05:30,4.896529,107.10281,12.647482,114.376465
1468,2025-08-30 04:00:00+05:30,5.4477882,82.40546,12.0653715,91.70978
1469,2025-08-30 05:00:00+05:30,3.3092597,112.38018,8.297589,102.5288
1470,2025-08-30 06:00:00+05:30,1.1384199,71.564964,2.5455842,81.86999
1471,2025-08-30 07:00:00+05:30,3.5455887,66.037506,5.0816135,67.06787
1472,2025-08-30 08:00:00+05:30,3.362677,74.47583,5.2478566,67.83361
1473,2025-08-30 09:00:00+05:30,5.9427266,125.13428,8.133928,114.86367
1474,2025-08-30 10:00:00+05:30,4.2175345,140.19447,5.257109,128.04709
1475,2025-08-30 11:00:00+05:30,2.9301877,169.3804,3.4763772,158.74942
1476,2025-08-30 12:00:00+05:30,5.0528407,175.91446,5.9644947,174.80566
1477,2025-08-30 13:00:00+05:30,2.9024127,187.12492,3.2599385,186.3401
1478,2025-08-30 14:00:00+05:30,4.4274144,206.56499,5.3939967,205.7099
1479,2025-08-30 15:00:00+05:30,3.6,180.0,4.5,180.0
1480,2025-08-30 16:00:00+05:30,4.186693,154.5367,5.7204895,155.85446
1481,2025-08-30 17:00:00+05:30,8.131936,84.92049,13.1412325,103.46522
1482,2025-08-30 18:00:00+05:30,2.4482648,36.027473,5.7176566,61.821507
1483,2025-08-30 19:00:00+05:30,2.8460495,55.304783,7.1661706,101.59215
1484,2025-08-30 20:00:00+05:30,2.97953,64.98315,8.322932,111.57137
1485,2025-08-30 21:00:00+05:30,5.0142193,68.96242,11.157096,100.222115
1486,2025-08-30 22:00:00+05:30,7.102591,81.25392,15.273505,98.13002
1487,2025-08-30 23:00:00+05:30,3.9312592,74.054535,11.465024,112.135544
1488,2025-08-31 00:00:00+05:30,2.9301877,79.380394,9.144637,126.193306
1489,2025-08-31 01:00:00+05:30,2.3400002,67.3801,6.452441,112.98875
1490,2025-08-31 02:00:00+05:30,4.978554,49.398785,9.215226,77.5926
1491,2025-08-31 03:00:00+05:30,2.6758924,340.3461,2.8460498,341.56494
1492,2025-08-31 04:00:00+05:30,7.229191,341.1138,10.626099,321.1886
1493,2025-08-31 05:00:00+05:30,4.6938257,327.52884,8.880405,287.7005
1494,2025-08-31 06:00:00+05:30,1.6981165,32.005356,1.4399999,180.0
1495,2025-08-31 07:00:00+05:30,0.76367533,135.0001,1.5379207,110.55613
1496,2025-08-31 08:00:00+05:30,2.1674871,175.23645,2.5455842,171.86998
1497,2025-08-31 09:00:00+05:30,3.219938,153.43501,3.8939953,146.3099
1498,2025-08-31 10:00:00+05:30,6.320538,160.0168,7.823272,156.97447
1499,2025-08-31 11:00:00+05:30,8.482947,162.71841,10.703569,160.34608
1500,2025-08-31 12:00:00+05:30,0.40249225,26.564985,0.56920993,108.43504
1501,2025-08-31 13:00:00+05:30,4.353619,7.12493,5.8603754,10.61961
1502,2025-08-31 14:00:00+05:30,4.080882,228.57643,4.7521367,245.37645
1503,2025-08-31 15:00:00+05:30,1.6981165,237.99466,0.9,233.13002
1504,2025-08-31 16:00:00+05:30,3.710795,292.83368,5.0975285,312.1375
1505,2025-08-31 17:00:00+05:30,4.514377,274.57382,7.0199995,292.6199
1506,2025-08-31 18:00:00+05:30,4.1556225,4.969664,7.1208143,16.144413
1507,2025-08-31 19:00:00+05:30,1.6299692,353.6599,1.659518,319.39877
1508,2025-08-31 20:00:00+05:30,3.9763298,354.80566,6.384293,319.574
1509,2025-08-31 21:00:00+05:30,3.462369,8.97255,6.6185193,337.6198
1510,2025-08-31 22:00:00+05:30,3.6,360.0,6.391901,327.6526
1511,2025-08-31 23:00:00+05:30,3.4247334,3.0127327,6.2067385,330.4613
1512,2025-09-01 00:00:00+05:30,3.2599385,6.3401003,6.696387,323.74606
1513,2025-09-01 01:00:00+05:30,2.6999998,360.0,6.989936,304.50858
1514,2025-09-01 02:00:00+05:30,3.1072817,349.99207,8.797931,300.76263
1515,2025-09-01 03:00:00+05:30,2.3469126,355.60138,7.42159,309.09384
1516,2025-09-01 04:00:00+05:30,1.4058449,39.805527,3.2599385,6.3401003
1517,2025-09-01 05:00:00+05:30,2.995797,32.73523,6.015878,38.92756
1518,2025-09-01 06:00:00+05:30,5.068846,16.504446,5.634891,26.564985
1519,2025-09-01 07:00:00+05:30,0.742159,165.96373,2.6999998,90.0
1520,2025-09-01 08:00:00+05:30,3.8268526,138.81418,5.369916,129.55963
1521,2025-09-01 09:00:00+05:30,7.256032,136.00499,9.67657,133.49263
1522,2025-09-01 10:00:00+05:30,4.2021427,133.26433,5.6060677,132.39738
1523,2025-09-01 11:00:00+05:30,2.97953,64.98315,3.9477081,65.77226
1524,2025-09-01 12:00:00+05:30,2.5455842,8.130019,3.143565,13.240531
1525,2025-09-01 13:00:00+05:30,3.0652895,3.3664,3.8183763,8.130019
1526,2025-09-01 14:00:00+05:30,3.0652893,49.76371,3.9477081,46.8476
1527,2025-09-01 15:00:00+05:30,6.452441,59.8587,8.891343,58.240574
1528,2025-09-01 16:00:00+05:30,5.9617786,61.113514,11.384198,55.304783
1529,2025-09-01 17:00:00+05:30,5.09435,57.99466,11.799271,68.52315
1530,2025-09-01 18:00:00+05:30,6.050785,22.751022,9.54679,45.763813
1531,2025-09-01 19:00:00+05:30,4.846648,31.328646,9.761578,84.710014
1532,2025-09-01 20:00:00+05:30,2.3469126,4.398633,2.7534704,78.6901
1533,2025-09-01 21:00:00+05:30,3.1072817,349.99207,6.5693827,260.53775
1534,2025-09-01 22:00:00+05:30,2.7238941,352.40543,8.350138,262.5687
1535,2025-09-01 23:00:00+05:30,3.4247334,3.0127327,9.437563,304.90256
1536,2025-09-02 00:00:00+05:30,3.462369,8.97255,8.587338,326.97614
1537,2025-09-02 01:00:00+05:30,3.710795,14.036275,8.528657,352.72507
1538,2025-09-02 02:00:00+05:30,0.9178235,11.3098955,1.2727921,351.87
1539,2025-09-02 03:00:00+05:30,0.9,323.13,6.542201,187.90707
1540,2025-09-02 04:00:00+05:30,5.4029994,178.0909,13.979871,168.11136
1541,2025-09-02 05:00:00+05:30,12.229406,42.614033,21.566973,56.57517
1542,2025-09-02 06:00:00+05:30,10.587918,125.311295,18.470842,127.875046
1543,2025-09-02 07:00:00+05:30,10.24578,108.43504,16.813387,111.345856
1544,2025-09-02 08:00:00+05:30,6.28713,76.75947,11.481968,76.399445
1545,2025-09-02 09:00:00+05:30,6.5223618,62.02062,9.83268,66.2505
1546,2025-09-02 10:00:00+05:30,8.322932,111.57137,11.165805,110.77233
1547,2025-09-02 11:00:00+05:30,5.223103,91.97489,6.66,90.0
1548,2025-09-02 12:00:00+05:30,4.412754,101.768265,5.6060677,95.52745
1549,2025-09-02 13:00:00+05:30,4.6800003,157.3801,5.9617786,151.11351
1550,2025-09-02 14:00:00+05:30,4.669604,117.552734,6.198903,115.820946
1551,2025-09-02 15:00:00+05:30,5.7515564,110.13639,7.9138603,107.19863
1552,2025-09-02 16:00:00+05:30,4.724786,49.635548,7.1684303,61.504463
1553,2025-09-02 17:00:00+05:30,5.0528407,4.085537,10.495713,22.166399
1554,2025-09-02 18:00:00+05:30,6.198903,25.820946,9.648067,53.343807
1555,2025-09-02 19:00:00+05:30,3.9844694,18.435053,7.256032,43.995014
1556,2025-09-02 20:00:00+05:30,1.2727921,8.130019,2.16,360.0
1557,2025-09-02 21:00:00+05:30,1.6299692,353.6599,3.2599385,263.6599
1558,2025-09-02 22:00:00+05:30,5.771239,3.5762644,8.2584505,343.53992
1559,2025-09-02 23:00:00+05:30,5.5829024,358.15244,10.948973,350.53775
1560,2025-09-03 00:00:00+05:30,2.52,360.0,4.1556225,287.6502
1561,2025-09-03 01:00:00+05:30,3.9844694,341.56494,8.227004,280.08054
1562,2025-09-03 02:00:00+05:30,6.037383,206.56499,8.863972,240.83249
1563,2025-09-03 03:00:00+05:30,6.7397914,34.114517,11.1090765,49.60018
1564,2025-09-03 04:00:00+05:30,3.8521678,37.405437,6.6405115,57.17146
1565,2025-09-03 05:00:00+05:30,3.9966488,352.23492,6.2405767,326.76828
1566,2025-09-03 06:00:00+05:30,3.9640884,50.52757,7.1661706,101.59215
1567,2025-09-03 07:00:00+05:30,2.4216523,41.98713,6.5049515,75.57919
1568,2025-09-03 08:00:00+05:30,5.0688457,96.11541,7.4346757,96.952866
1569,2025-09-03 09:00:00+05:30,6.7757506,129.61066,9.449572,130.36446
1570,2025-09-03 10:00:00+05:30,3.438895,96.00892,4.353619,97.12492
1571,2025-09-03 11:00:00+05:30,5.720489,77.27565,7.3799996,77.319626
1572,2025-09-03 12:00:00+05:30,3.7585104,73.300674,4.896529,72.89719
1573,2025-09-03 13:00:00+05:30,5.1165614,140.71062,6.4924874,133.87679
1574,2025-09-03 14:00:00+05:30,7.342588,101.3099,9.391102,102.17145
1575,2025-09-03 15:00:00+05:30,7.5685663,115.34614,10.365251,110.32322
1576,2025-09-03 16:00:00+05:30,6.889557,146.7251,9.396275,143.56905
1577,2025-09-03 17:00:00+05:30,7.9036193,59.93151,13.374618,61.020393
1578,2025-09-03 18:00:00+05:30,7.79215,6.6324186,9.504272,37.30404
1579,2025-09-03 19:00:00+05:30,3.9312592,15.945477,7.674842,50.710617
1580,2025-09-03 20:00:00+05:30,0.9,360.0,1.659518,77.4712
1581,2025-09-03 21:00:00+05:30,0.0,270.0,2.7238941,172.40544
1582,2025-09-03 22:00:00+05:30,5.3305535,11.689341,7.186487,22.067963
1583,2025-09-03 23:00:00+05:30,4.6452556,324.46225,6.21717,337.8905
1584,2025-09-04 00:00:00+05:30,6.489992,326.3099,9.387651,302.47116
1585,2025-09-04 01:00:00+05:30,4.942631,349.50858,9.299225,312.64667
1586,2025-09-04 02:00:00+05:30,2.0523157,344.7448,5.8104043,286.18927
1587,2025-09-04 03:00:00+05:30,2.6999998,323.13004,7.596341,283.70697
1588,2025-09-04 04:00:00+05:30,3.604497,2.8623457,8.36758,341.1752
1589,2025-09-04 05:00:00+05:30,2.19718,55.0079,4.278551,67.75093
1590,2025-09-04 06:00:00+05:30,1.1384199,18.435053,2.0523157,127.875046
1591,2025-09-04 07:00:00+05:30,2.3051248,51.34017,2.907989,68.19853
1592,2025-09-04 08:00:00+05:30,0.56920993,71.564964,0.9178235,78.6901
1593,2025-09-04 09:00:00+05:30,1.2979984,236.3099,1.609969,243.43501
1594,2025-09-04 10:00:00+05:30,6.1437774,211.82741,7.6388745,214.43904
1595,2025-09-04 11:00:00+05:30,8.596766,199.57321,10.934166,200.22495
1596,2025-09-04 12:00:00+05:30,8.61371,206.02953,11.35285,205.34613
1597,2025-09-04 13:00:00+05:30,6.090812,214.15974,8.0899935,212.27562
1598,2025-09-04 14:00:00+05:30,1.4512063,299.74478,1.8792552,286.6993
1599,2025-09-04 15:00:00+05:30,5.22,223.60289,7.029225,219.80553
1600,2025-09-04 16:00:00+05:30,9.511088,29.475794,13.237039,22.380184
1601,2025-09-04 17:00:00+05:30,5.3517847,47.72637,9.167638,43.408916
1602,2025-09-04 18:00:00+05:30,6.489992,19.440128,9.6480665,345.9637
1603,2025-09-04 19:00:00+05:30,2.4014995,12.99463,6.3639607,298.7397
1604,2025-09-04 20:00:00+05:30,2.3469126,355.60138,7.5942073,275.44025
1605,2025-09-04 21:00:00+05:30,3.964089,357.3975,8.723967,291.80145
1606,2025-09-04 22:00:00+05:30,3.0811036,353.29025,8.155807,292.0363
1607,2025-09-04 23:00:00+05:30,0.25455844,44.999897,3.8773184,248.19853
1608,2025-09-05 00:00:00+05:30,0.8049845,206.56499,5.8603754,222.5104
1609,2025-09-05 01:00:00+05:30,1.08,360.0,3.319036,282.5288
1610,2025-09-05 02:00:00+05:30,0.742159,14.036275,2.1674871,318.36655
1611,2025-09-05 03:00:00+05:30,3.7971041,58.570484,5.991594,57.264786
1612,2025-09-05 04:00:00+05:30,5.6521144,80.83774,10.621525,89.029
1613,2025-09-05 05:00:00+05:30,9.224011,72.97939,13.288341,81.43095
1614,2025-09-05 06:00:00+05:30,2.9301877,47.489597,4.5891175,115.55992
1615,2025-09-05 07:00:00+05:30,6.1858225,81.6342,8.467655,87.56341
1616,2025-09-05 08:00:00+05:30,4.6730714,74.3577,6.0908127,71.0295
1617,2025-09-05 09:00:00+05:30,1.659518,139.39879,1.9134263,138.81418
1618,2025-09-05 10:00:00+05:30,1.4058449,140.19447,1.8,143.13002
1619,2025-09-05 11:00:00+05:30,2.19718,235.0079,2.657668,241.69934
1620,2025-09-05 12:00:00+05:30,3.8939953,236.3099,4.6452556,234.46223
1621,2025-09-05 13:00:00+05:30,3.06,241.92761,4.0249224,243.43501
1622,2025-09-05 14:00:00+05:30,2.5772078,12.094739,3.244996,3.179772
1623,2025-09-05 15:00:00+05:30,8.431228,196.1135,11.307095,193.81505
1624,2025-09-05 16:00:00+05:30,4.942631,213.11136,7.056826,217.74687
1625,2025-09-05 17:00:00+05:30,3.438895,173.99109,5.0688457,173.8846
1626,2025-09-05 18:00:00+05:30,0.40249225,26.564985,1.4058449,129.80553
1627,2025-09-05 19:00:00+05:30,1.835647,78.6901,5.3939967,154.2901
1628,2025-09-05 20:00:00+05:30,3.550155,30.465475,3.9640884,39.47243
1629,2025-09-05 21:00:00+05:30,0.56920993,341.56494,2.5959969,236.3099
1630,2025-09-05 22:00:00+05:30,2.4482646,17.102825,3.9763298,354.80566
1631,2025-09-05 23:00:00+05:30,4.4456716,328.24057,8.738811,302.38065
1632,2025-09-06 00:00:00+05:30,1.9469976,303.6901,7.486788,279.68872
1633,2025-09-06 01:00:00+05:30,3.4152596,71.564964,3.6,90.0
1634,2025-09-06 02:00:00+05:30,3.219938,63.435013,5.5916004,93.691315
1635,2025-09-06 03:00:00+05:30,4.829907,116.56499,8.707237,119.74479
1636,2025-09-06 04:00:00+05:30,1.0182338,44.999897,4.293669,146.97614
1637,2025-09-06 05:00:00+05:30,2.0364676,315.0001,3.06,298.0724
1638,2025-09-06 06:00:00+05:30,4.0449967,122.27562,7.3094187,142.00122
1639,2025-09-06 07:00:00+05:30,3.06,118.072395,4.186693,115.46331
1640,2025-09-06 08:00:00+05:30,2.5959969,146.3099,3.2048087,141.84273
1641,2025-09-06 09:00:00+05:30,2.6999998,180.0,3.06,180.0
1642,2025-09-06 10:00:00+05:30,3.319036,220.60121,4.2021427,223.26433
1643,2025-09-06 11:00:00+05:30,5.2323985,229.18501,6.638072,229.39879
1644,2025-09-06 12:00:00+05:30,5.5887027,345.06854,7.247096,345.61856
1645,2025-09-06 13:00:00+05:30,2.995797,32.73523,4.952453,19.093594
1646,2025-09-06 14:00:00+05:30,3.1845248,222.70937,4.080882,228.57643
1647,2025-09-06 15:00:00+05:30,8.909545,261.87,11.9140415,265.66776
1648,2025-09-06 16:00:00+05:30,5.7176566,298.1785,8.139901,305.0959
1649,2025-09-06 17:00:00+05:30,3.745557,234.78232,6.130579,266.6336
1650,2025-09-06 18:00:00+05:30,1.8089776,5.7105074,4.4565907,316.63654
1651,2025-09-06 19:00:00+05:30,0.0,270.0,1.9386592,248.19853
1652,2025-09-06 20:00:00+05:30,0.9178235,348.6901,3.7064266,299.0545
1653,2025-09-06 21:00:00+05:30,2.0991426,300.96368,5.8104043,286.18927
1654,2025-09-06 22:00:00+05:30,1.9386592,338.19852,5.48631,311.009
1655,2025-09-06 23:00:00+05:30,0.56920993,288.43503,3.604497,267.13766
1656,2025-09-07 00:00:00+05:30,3.644722,249.77505,10.1902895,234.34457
1657,2025-09-07 01:00:00+05:30,4.6834598,357.79745,8.39657,329.03632
1658,2025-09-07 02:00:00+05:30,5.318383,246.0375,7.5942082,238.57048
1659,2025-09-07 03:00:00+05:30,1.5484185,215.53777,2.0523157,254.74483
1660,2025-09-07 04:00:00+05:30,3.7064266,330.9455,8.790563,317.4896
1661,2025-09-07 05:00:00+05:30,2.16,180.0,3.148714,210.96368
1662,2025-09-07 06:00:00+05:30,2.97953,334.98312,6.2405767,303.23172
1663,2025-09-07 07:00:00+05:30,1.2979984,56.309914,1.7727944,23.962492
1664,2025-09-07 08:00:00+05:30,3.0652895,93.366394,3.7842832,87.27374
1665,2025-09-07 09:00:00+05:30,3.4388947,132.87889,3.9477081,136.8476
1666,2025-09-07 10:00:00+05:30,11.45513,135.0001,17.186935,133.72705
1667,2025-09-07 11:00:00+05:30,4.5,73.73973,7.208994,92.86235
1668,2025-09-07 12:00:00+05:30,3.693291,43.02507,4.965521,46.468742
1669,2025-09-07 13:00:00+05:30,4.6102495,308.65982,5.6060677,312.39737
1670,2025-09-07 14:00:00+05:30,6.638072,282.5288,8.431228,286.1135
1671,2025-09-07 15:00:00+05:30,7.5685663,267.27374,9.72,270.0
1672,2025-09-07 16:00:00+05:30,7.1661706,258.40784,9.6480665,261.41647
1673,2025-09-07 17:00:00+05:30,3.319036,257.4712,9.087772,262.0305
1674,2025-09-07 18:00:00+05:30,0.742159,14.036275,2.3469126,274.39862
1675,2025-09-07 19:00:00+05:30,3.745557,54.782326,3.550155,59.53454
1676,2025-09-07 20:00:00+05:30,5.004518,52.3057,5.920878,70.46326
1677,2025-09-07 21:00:00+05:30,2.5582807,50.710617,4.913044,98.42689
1678,2025-09-07 22:00:00+05:30,0.35999998,360.0,4.1085763,151.1893
1679,2025-09-07 23:00:00+05:30,3.244996,326.3099,6.6624317,268.45187
1680,2025-09-08 00:00:00+05:30,2.5772076,294.77512,6.2999997,270.0
1681,2025-09-08 01:00:00+05:30,5.7628117,231.34016,10.385547,244.32323
1682,2025-09-08 02:00:00+05:30,6.1305785,220.23628,10.373061,231.34018
1683,2025-09-08 03:00:00+05:30,6.1437774,301.8274,10.644379,288.74142
1684,2025-09-08 04:00:00+05:30,1.781909,224.9999,2.6999998,270.0
1685,2025-09-08 05:00:00+05:30,3.6179552,174.2895,5.7431,212.19571
1686,2025-09-08 06:00:00+05:30,1.2074767,63.435013,0.8049845,296.56497
1687,2025-09-08 07:00:00+05:30,0.71999997,90.0,0.40249225,116.56499
1688,2025-09-08 08:00:00+05:30,1.0948973,260.53775,1.4512063,277.1249
1689,2025-09-08 09:00:00+05:30,3.4763772,248.74942,4.1556225,252.3498
1690,2025-09-08 10:00:00+05:30,4.39436,235.0079,5.1919937,236.3099
1691,2025-09-08 11:00:00+05:30,6.3231,274.89902,7.9383874,273.90042
1692,2025-09-08 12:00:00+05:30,3.3092597,247.61981,4.353619,262.8751
1693,2025-09-08 13:00:00+05:30,7.891311,224.9999,9.703319,229.51407
1694,2025-09-08 14:00:00+05:30,5.495161,238.39255,7.1684303,241.50446
1695,2025-09-08 15:00:00+05:30,6.1569467,285.25516,8.209263,285.25516
1696,2025-09-08 16:00:00+05:30,7.555712,282.38074,11.132385,292.83368
1697,2025-09-08 17:00:00+05:30,2.6999998,306.86996,5.6060677,312.39737
1698,2025-09-08 18:00:00+05:30,2.226477,14.036275,6.0908127,288.9705
1699,2025-09-08 19:00:00+05:30,1.3708391,336.8014,6.1437774,275.04236
1700,2025-09-08 20:00:00+05:30,5.728979,316.27295,12.815443,299.44534
1701,2025-09-08 21:00:00+05:30,6.945761,328.78165,14.81915,319.92715
1702,2025-09-08 22:00:00+05:30,3.9312592,344.05453,9.178235,318.1799
1703,2025-09-08 23:00:00+05:30,11.032987,28.237358,19.434166,15.580991
1704,2025-09-09 00:00:00+05:30,4.965521,226.46873,5.796447,216.15828
1705,2025-09-09 01:00:00+05:30,7.5170207,343.3007,10.948973,332.5925
1706,2025-09-09 02:00:00+05:30,6.050785,300.37906,10.703569,289.6539
1707,2025-09-09 03:00:00+05:30,3.319036,49.398785,5.95906,25.016869
1708,2025-09-09 04:00:00+05:30,0.35999998,270.0,1.609969,116.56499
1709,2025-09-09 05:00:00+05:30,2.968636,104.03627,6.037383,116.56499
1710,2025-09-09 06:00:00+05:30,2.36753,351.2539,3.0652895,356.6336
1711,2025-09-09 07:00:00+05:30,1.3104197,344.05453,2.0124612,349.69522
1712,2025-09-09 08:00:00+05:30,2.5772078,257.90524,3.244996,266.82022
1713,2025-09-09 09:00:00+05:30,4.6800003,247.3801,5.920878,250.46326
1714,2025-09-09 10:00:00+05:30,5.8409934,236.3099,7.3469996,239.03632
1715,2025-09-09 11:00:00+05:30,7.127636,224.9999,8.913181,226.63654
1716,2025-09-09 12:00:00+05:30,7.282774,230.01317,9.109138,232.22426
1717,2025-09-09 13:00:00+05:30,7.8480825,216.60716,9.734988,213.6901
1718,2025-09-09 14:00:00+05:30,6.302571,358.36346,7.562142,358.6361
1719,2025-09-09 15:00:00+05:30,9.165871,289.50253,12.570394,299.13422
1720,2025-09-09 16:00:00+05:30,9.354806,300.01828,14.565548,309.98682
1721,2025-09-09 17:00:00+05:30,2.9024127,277.1249,7.3094187,307.99878
1722,2025-09-09 18:00:00+05:30,2.5264204,94.08554,3.2599385,83.659904
1723,2025-09-09 19:00:00+05:30,4.3536186,330.25522,7.186487,292.06796
1724,2025-09-09 20:00:00+05:30,5.920878,340.46326,11.844492,323.65244
1725,2025-09-09 21:00:00+05:30,2.7943513,345.06854,7.1684303,308.8845
1726,2025-09-09 22:00:00+05:30,0.5091169,44.999897,1.7727944,293.9625
1727,2025-09-09 23:00:00+05:30,7.24486,153.43501,12.647482,155.62355
1728,2025-09-10 00:00:00+05:30,6.2379804,133.83095,12.678185,141.34016
1729,2025-09-10 01:00:00+05:30,6.873078,135.0001,10.120099,141.49933
1730,2025-09-10 02:00:00+05:30,5.8603754,132.5104,10.304114,152.98741
1731,2025-09-10 03:00:00+05:30,4.0249224,116.56499,6.830519,108.43504
1732,2025-09-10 04:00:00+05:30,1.7076298,288.43503,2.4482646,252.89719
1733,2025-09-10 05:00:00+05:30,1.7727944,113.962494,2.5959969,146.3099
1734,2025-09-10 06:00:00+05:30,1.5379207,339.44388,2.8460495,235.30478
1735,2025-09-10 07:00:00+05:30,0.9,270.0,0.76367533,315.0001
1736,2025-09-10 08:00:00+05:30,3.550155,239.53453,4.6102495,231.34016
1737,2025-09-10 09:00:00+05:30,2.9522195,322.43134,3.745557,324.78232
1738,2025-09-10 10:00:00+05:30,3.4763772,248.74942,4.3832865,250.82089
1739,2025-09-10 11:00:00+05:30,2.34,180.0,2.6999998,180.0
1740,2025-09-10 12:00:00+05:30,2.0991426,210.96368,2.5959969,213.6901
1741,2025-09-10 13:00:00+05:30,0.8049845,296.56497,1.0182338,315.0001
1742,2025-09-10 14:00:00+05:30,4.942631,213.11136,5.9427266,215.13428
1743,2025-09-10 15:00:00+05:30,4.3832865,250.82089,5.414979,248.5522
1744,2025-09-10 16:00:00+05:30,3.319036,310.60123,4.2021427,313.26434
1745,2025-09-10 17:00:00+05:30,4.991553,205.64096,6.7397914,214.11452
1746,2025-09-10 18:00:00+05:30,0.17999999,180.0,2.5772078,282.09473
1747,2025-09-10 19:00:00+05:30,2.7059932,86.186005,4.471107,139.89915
1748,2025-09-10 20:00:00+05:30,3.7585104,73.300674,5.5829024,88.15243
1749,2025-09-10 21:00:00+05:30,2.5582807,309.28937,4.8733153,274.23633
1750,2025-09-10 22:00:00+05:30,2.19718,304.9921,5.0816135,292.93213
1751,2025-09-10 23:00:00+05:30,1.4512063,262.8751,5.720489,257.27563
1752,2025-09-11 00:00:00+05:30,4.198285,30.963696,3.148714,30.963696
1753,2025-09-11 01:00:00+05:30,0.56920993,198.43504,2.0124612,116.56499
1754,2025-09-11 02:00:00+05:30,3.7799997,270.0,5.6521144,232.76509
1755,2025-09-11 03:00:00+05:30,0.9178235,168.69011,2.4482648,126.027466
1756,2025-09-11 04:00:00+05:30,2.6999998,143.13002,4.514377,156.50142
1757,2025-09-11 05:00:00+05:30,6.4624763,102.87501,12.351988,108.69908
1758,2025-09-11 06:00:00+05:30,3.4623692,117.89718,5.8769383,152.6502
1759,2025-09-11 07:00:00+05:30,7.0107627,138.12222,9.299225,137.35333
1760,2025-09-11 08:00:00+05:30,6.889557,160.1447,9.227524,159.44388
1761,2025-09-11 09:00:00+05:30,3.8773184,158.19853,4.7827187,160.20103
1762,2025-09-11 10:00:00+05:30,4.8965297,143.97253,5.904439,142.43134
1763,2025-09-11 11:00:00+05:30,7.1684303,151.50446,8.707237,150.2552
1764,2025-09-11 12:00:00+05:30,7.2202215,175.71092,9.028754,175.42616
1765,2025-09-11 13:00:00+05:30,7.4346757,186.95287,9.600937,186.45872
1766,2025-09-11 14:00:00+05:30,4.514377,203.49858,6.050785,202.751
1767,2025-09-11 15:00:00+05:30,5.2323985,49.185013,6.889557,56.725105
1768,2025-09-11 16:00:00+05:30,5.1197267,10.124612,8.538149,18.435053
1769,2025-09-11 17:00:00+05:30,3.381893,295.20108,4.7110505,313.4519
1770,2025-09-11 18:00:00+05:30,3.6,360.0,6.8541956,13.671325
1771,2025-09-11 19:00:00+05:30,2.5959969,303.6901,3.6402748,278.53067
1772,2025-09-11 20:00:00+05:30,2.226477,14.036275,3.0811036,353.29025
1773,2025-09-11 21:00:00+05:30,0.54,360.0,1.0948973,350.53775
1774,2025-09-11 22:00:00+05:30,1.7076298,251.56496,3.9477081,226.8476
1775,2025-09-11 23:00:00+05:30,0.35999998,90.0,1.6981165,147.99466
1776,2025-09-12 00:00:00+05:30,1.0182338,44.999897,2.0991426,59.03632
1777,2025-09-12 01:00:00+05:30,0.56920993,288.43503,0.9693296,21.801476
1778,2025-09-12 02:00:00+05:30,4.175069,82.56869,6.4799995,90.0
1779,2025-09-12 03:00:00+05:30,2.657668,61.69934,7.823272,66.97448
1780,2025-09-12 04:00:00+05:30,2.19718,214.9921,3.01735,162.64589
1781,2025-09-12 05:00:00+05:30,0.17999999,360.0,1.2727921,135.0001
1782,2025-09-12 06:00:00+05:30,3.8647635,62.24156,4.6102495,51.34017
1783,2025-09-12 07:00:00+05:30,2.16,180.0,2.4149535,153.43501
1784,2025-09-12 08:00:00+05:30,3.7971036,185.44025,4.503598,182.29056
1785,2025-09-12 09:00:00+05:30,2.4482648,126.027466,3.06,118.072395
1786,2025-09-12 10:00:00+05:30,4.3573384,141.7098,5.6233797,140.19447
1787,2025-09-12 11:00:00+05:30,3.8183763,171.86998,4.5891175,168.69011
1788,2025-09-12 12:00:00+05:30,7.229191,198.88618,8.880405,197.70052
1789,2025-09-12 13:00:00+05:30,2.5959969,326.3099,3.096837,324.46225
1790,2025-09-12 14:00:00+05:30,3.745557,144.78232,4.863332,141.009
1791,2025-09-12 15:00:00+05:30,1.1384199,161.56496,1.4512063,150.2552
1792,2025-09-12 16:00:00+05:30,3.2599385,263.6599,4.1556225,274.96964
1793,2025-09-12 17:00:00+05:30,1.3104197,254.05453,3.4152596,251.56496
1794,2025-09-12 18:00:00+05:30,0.742159,14.036275,2.1674871,274.76355
1795,2025-09-12 19:00:00+05:30,5.7402787,131.18582,12.872201,159.53764
1796,2025-09-12 20:00:00+05:30,5.8048253,82.875084,9.659814,116.56499
1797,2025-09-12 21:00:00+05:30,2.6999998,36.86998,6.489992,86.82024
1798,2025-09-12 22:00:00+05:30,1.4399999,360.0,5.3517847,70.346085
1799,2025-09-12 23:00:00+05:30,2.3051248,231.34016,5.2200003,180.0
1800,2025-09-13 00:00:00+05:30,6.763786,64.79892,8.905908,75.96373
1801,2025-09-13 01:00:00+05:30,2.7059932,86.186005,6.8138976,77.79955
1802,2025-09-13 02:00:00+05:30,3.319036,40.601215,5.8409934,56.309914
1803,2025-09-13 03:00:00+05:30,0.25455844,135.0001,2.0124612,100.30479
1804,2025-09-13 04:00:00+05:30,0.9,216.86998,1.6299692,186.3401
1805,2025-09-13 05:00:00+05:30,6.050785,157.249,9.96524,163.20155
1806,2025-09-13 06:00:00+05:30,3.494968,214.50858,4.510787,208.61037
1807,2025-09-13 07:00:00+05:30,5.506941,191.30989,6.2145634,190.00792
1808,2025-09-13 08:00:00+05:30,4.452954,194.03627,5.5450516,193.13403
1809,2025-09-13 09:00:00+05:30,5.2200003,180.0,6.482499,178.40889
1810,2025-09-13 10:00:00+05:30,5.223103,181.97488,6.489992,183.17976
1811,2025-09-13 11:00:00+05:30,5.0142193,201.03758,6.320538,199.9832
1812,2025-09-13 12:00:00+05:30,8.534353,207.64589,10.464797,206.56499
1813,2025-09-13 13:00:00+05:30,7.7043357,307.40543,10.223619,296.11386
1814,2025-09-13 14:00:00+05:30,9.56713,348.05585,14.650938,349.3804
1815,2025-09-13 15:00:00+05:30,1.1525624,218.65984,1.7727944,293.9625
1816,2025-09-13 16:00:00+05:30,9.266067,172.1848,12.043869,170.53775
1817,2025-09-13 17:00:00+05:30,3.0652893,40.236294,1.1525624,308.65982
1818,2025-09-13 18:00:00+05:30,4.965521,223.53127,12.330985,213.6901
1819,2025-09-13 19:00:00+05:30,4.73506,8.746089,8.827344,20.282646
1820,2025-09-13 20:00:00+05:30,4.7521367,294.62354,6.489992,289.44012
1821,2025-09-13 21:00:00+05:30,3.143565,13.240531,3.7842832,357.27374
1822,2025-09-13 22:00:00+05:30,2.6758924,109.653915,4.6800003,112.61991
1823,2025-09-13 23:00:00+05:30,2.16,90.0,4.3274937,135.0001
1824,2025-09-14 00:00:00+05:30,3.8939953,123.6901,6.2379804,136.16905
1825,2025-09-14 01:00:00+05:30,4.4456716,121.75944,5.95906,115.01687
1826,2025-09-14 02:00:00+05:30,4.91634,113.749504,8.035746,105.59287
1827,2025-09-14 03:00:00+05:30,3.4152596,108.43504,7.0223074,91.46877
1828,2025-09-14 04:00:00+05:30,3.7799997,90.0,8.049845,79.69521
1829,2025-09-14 05:00:00+05:30,3.2048087,128.15727,6.0721655,101.97612
1830,2025-09-14 06:00:00+05:30,5.8603754,100.619606,10.594036,99.78234
1831,2025-09-14 07:00:00+05:30,5.7628117,104.47034,11.334284,100.06063
1832,2025-09-14 08:00:00+05:30,5.072041,117.47435,8.65873,110.69553
1833,2025-09-14 09:00:00+05:30,5.509882,141.63248,9.1641035,135.0001
1834,2025-09-14 10:00:00+05:30,5.0975285,132.13753,6.8919086,130.76352
1835,2025-09-14 11:00:00+05:30,6.5049515,104.420815,10.239453,100.12462
1836,2025-09-14 12:00:00+05:30,6.489992,86.82024,9.444426,82.33328
1837,2025-09-14 13:00:00+05:30,3.4576871,141.34016,4.724786,130.36446
1838,2025-09-14 14:00:00+05:30,3.8268526,228.81418,4.978554,229.39879
1839,2025-09-14 15:00:00+05:30,1.9881649,174.80566,2.3469126,175.60138
1840,2025-09-14 16:00:00+05:30,1.1525624,218.65984,2.1068459,199.9832
1841,2025-09-14 17:00:00+05:30,2.1749482,24.443953,3.01735,17.354122
1842,2025-09-14 18:00:00+05:30,4.080882,48.57643,5.506941,78.6901
1843,2025-09-14 19:00:00+05:30,7.7734165,47.815628,11.545284,59.03632
1844,2025-09-14 20:00:00+05:30,3.0652893,40.236294,4.942631,56.88865
1845,2025-09-14 21:00:00+05:30,5.12289,18.435053,5.95906,25.016869
1846,2025-09-14 22:00:00+05:30,2.0523157,52.124958,3.9640884,50.52757
1847,2025-09-14 23:00:00+05:30,1.0182338,44.999897,2.9301877,42.510403
1848,2025-09-15 00:00:00+05:30,2.6999998,90.0,4.7657523,100.88548
1849,2025-09-15 01:00:00+05:30,3.3092597,67.61982,6.037383,79.69521
1850,2025-09-15 02:00:00+05:30,5.9834766,96.91113,10.674773,95.80663
1851,2025-09-15 03:00:00+05:30,6.9550843,79.56258,13.523978,80.03627
1852,2025-09-15 04:00:00+05:30,4.445672,111.3707,10.483357,105.945465
1853,2025-09-15 05:00:00+05:30,4.8733153,85.76369,10.609316,104.743614
1854,2025-09-15 06:00:00+05:30,7.613382,83.21112,11.722133,93.521385
1855,2025-09-15 07:00:00+05:30,8.39078,112.714455,12.522619,108.43504
1856,2025-09-15 08:00:00+05:30,6.689125,113.80595,10.234705,113.86018
1857,2025-09-15 09:00:00+05:30,6.3639607,81.86999,8.64,90.0
1858,2025-09-15 10:00:00+05:30,9.109138,60.39565,13.151091,59.574306
1859,2025-09-15 11:00:00+05:30,6.638072,102.5288,9.54679,87.838974
1860,2025-09-15 12:00:00+05:30,5.7431,147.80429,7.388775,145.92276
1861,2025-09-15 13:00:00+05:30,3.1072817,100.00792,4.143911,92.4895
1862,2025-09-15 14:00:00+05:30,6.552099,142.81522,8.297589,139.39879
1863,2025-09-15 15:00:00+05:30,10.739832,129.55963,16.563911,132.3574
1864,2025-09-15 16:00:00+05:30,8.11798,93.814,13.523978,99.96374
1865,2025-09-15 17:00:00+05:30,8.297589,86.26868,15.856356,87.3975
1866,2025-09-15 18:00:00+05:30,11.989945,82.234924,22.158285,87.67224
1867,2025-09-15 19:00:00+05:30,8.513448,76.55138,17.902534,74.84589
1868,2025-09-15 20:00:00+05:30,5.5799994,90.0,14.05845,92.935616
1869,2025-09-15 21:00:00+05:30,0.6489992,326.3099,5.6521144,80.83774
1870,2025-09-15 22:00:00+05:30,1.0495713,329.03632,4.143911,92.4895
1871,2025-09-15 23:00:00+05:30,1.1384199,251.56496,4.6452556,144.46223
1872,2025-09-16 00:00:00+05:30,1.609969,333.43503,3.189608,73.61038
1873,2025-09-16 01:00:00+05:30,2.5772076,65.22488,8.581677,99.65983
1874,2025-09-16 02:00:00+05:30,3.096837,125.537766,9.4238205,118.52302
1875,2025-09-16 03:00:00+05:30,1.9386592,68.19853,6.9480934,106.55715
1876,2025-09-16 04:00:00+05:30,2.968636,75.96373,8.836514,93.50346
1877,2025-09-16 05:00:00+05:30,4.2136917,109.98319,11.103243,109.90384
1878,2025-09-16 06:00:00+05:30,10.337079,97.001175,19.983242,97.76508
1879,2025-09-16 07:00:00+05:30,10.993271,92.8155,18.561832,92.77911
1880,2025-09-16 08:00:00+05:30,9.3876505,85.60138,15.84409,88.69808
1881,2025-09-16 09:00:00+05:30,8.821836,88.830894,14.044615,88.531235
1882,2025-09-16 10:00:00+05:30,9.187056,87.75431,12.971244,87.614105
1883,2025-09-16 11:00:00+05:30,9.12513,104.85866,12.606426,99.865746
1884,2025-09-16 12:00:00+05:30,8.574123,129.0355,13.776762,118.90909
1885,2025-09-16 13:00:00+05:30,8.604301,105.78082,12.429127,100.00792
1886,2025-09-16 14:00:00+05:30,11.304229,127.23492,16.992609,126.384445
1887,2025-09-16 15:00:00+05:30,7.0107627,119.197395,12.241323,109.76726
1888,2025-09-16 16:00:00+05:30,5.195113,104.03627,8.149847,96.340096
1889,2025-09-16 17:00:00+05:30,3.148714,120.963684,8.209263,105.25517
1890,2025-09-16 18:00:00+05:30,5.920878,70.46326,13.170786,86.08183
1891,2025-09-16 19:00:00+05:30,5.8603754,79.380394,14.401124,90.71615
1892,2025-09-16 20:00:00+05:30,7.2202215,94.28908,16.794104,107.46402
1893,2025-09-16 21:00:00+05:30,6.542201,97.907074,15.484185,107.592514
1894,2025-09-16 22:00:00+05:30,5.920878,109.53674,12.295462,107.90454
1895,2025-09-16 23:00:00+05:30,9.7565975,119.87591,16.74387,116.84043
1896,2025-09-17 00:00:00+05:30,7.8954163,114.22774,14.731437,116.87807
1897,2025-09-17 01:00:00+05:30,7.24486,63.435013,12.245294,88.31535
1898,2025-09-17 02:00:00+05:30,6.5223618,62.02062,13.184308,75.77401
1899,2025-09-17 03:00:00+05:30,5.7628117,75.52967,12.245294,88.31535
1900,2025-09-17 04:00:00+05:30,7.342588,78.6901,14.949756,92.069984
1901,2025-09-17 05:00:00+05:30,7.3799996,77.319626,14.417988,87.13766
1902,2025-09-17 06:00:00+05:30,9.901636,88.9584,15.531195,94.65327
1903,2025-09-17 07:00:00+05:30,10.158444,119.74478,14.8257065,119.05451
1904,2025-09-17 08:00:00+05:30,7.8625183,105.945465,11.39842,105.57261
1905,2025-09-17 09:00:00+05:30,8.775807,115.513824,12.081473,114.65588
1906,2025-09-17 10:00:00+05:30,5.896202,121.26367,7.570707,118.39293
1907,2025-09-17 11:00:00+05:30,6.341009,145.40765,7.7900705,139.68597
1908,2025-09-17 12:00:00+05:30,7.42159,165.96373,9.172938,164.05453
1909,2025-09-17 13:00:00+05:30,5.4477882,187.59456,6.8612823,184.5139
1910,2025-09-17 14:00:00+05:30,5.5829024,200.77234,7.0591216,199.35909
1911,2025-09-17 15:00:00+05:30,4.6834598,182.20255,5.950899,183.46815
1912,2025-09-17 16:00:00+05:30,2.4149535,26.564985,4.471107,40.10085
1913,2025-09-17 17:00:00+05:30,3.62243,63.435013,7.24486,63.435013
1914,2025-09-17 18:00:00+05:30,3.7971041,31.429514,8.139901,71.96563
1915,2025-09-17 19:00:00+05:30,3.244996,33.6901,5.9427266,91.73567
1916,2025-09-17 20:00:00+05:30,3.7971041,58.570484,7.353611,111.541046
1917,2025-09-17 21:00:00+05:30,3.438895,6.0089183,4.514377,66.50142
1918,2025-09-17 22:00:00+05:30,4.6938252,4.398633,8.723967,21.801476
1919,2025-09-17 23:00:00+05:30,3.362677,15.524177,5.8409934,56.309914
1920,2025-09-18 00:00:00+05:30,4.724786,40.364468,8.936778,80.72748
1921,2025-09-18 01:00:00+05:30,3.096837,35.537766,7.388775,92.79265
1922,2025-09-18 02:00:00+05:30,2.2910259,44.999897,7.596341,126.32692
1923,2025-09-18 03:00:00+05:30,4.327493,73.07241,10.062305,100.30479
1924,2025-09-18 04:00:00+05:30,6.0721655,78.02389,12.483749,95.79271
1925,2025-09-18 05:00:00+05:30,6.310277,86.729576,14.288191,109.11983
1926,2025-09-18 06:00:00+05:30,3.8521678,37.405437,7.8728137,79.46087
1927,2025-09-18 07:00:00+05:30,5.0688457,96.11541,7.562142,88.6361
1928,2025-09-18 08:00:00+05:30,8.274128,135.88132,11.203464,133.69812
1929,2025-09-18 09:00:00+05:30,5.1197267,100.12462,6.3639607,98.13002
1930,2025-09-18 10:00:00+05:30,3.2048087,128.15727,4.2175345,129.80553
1931,2025-09-18 11:00:00+05:30,4.6277857,166.50426,5.8104043,163.81073
1932,2025-09-18 12:00:00+05:30,5.896202,192.33908,7.3094187,189.92618
1933,2025-09-18 13:00:00+05:30,5.9834766,201.16133,7.570707,198.00426
1934,2025-09-18 14:00:00+05:30,0.35999998,180.0,0.40249225,206.56499
1935,2025-09-18 15:00:00+05:30,1.781909,44.999897,2.2910259,44.999897
1936,2025-09-18 16:00:00+05:30,1.484318,75.96373,2.0124612,79.69521
1937,2025-09-18 17:00:00+05:30,2.4482646,72.89719,4.6277857,103.49575
1938,2025-09-18 18:00:00+05:30,1.2727921,81.86999,6.162207,173.29025
1939,2025-09-18 19:00:00+05:30,3.8856654,76.60749,6.489992,123.6901
1940,2025-09-18 20:00:00+05:30,7.040739,85.60138,12.140329,105.4787
1941,2025-09-18 21:00:00+05:30,4.724786,72.25524,9.227524,110.55612
1942,2025-09-18 22:00:00+05:30,6.206738,106.85848,13.130133,118.67305
1943,2025-09-18 23:00:00+05:30,6.4924874,46.12322,13.149859,70.8209
1944,2025-09-19 00:00:00+05:30,5.3939967,64.2901,11.811622,82.11695
1945,2025-09-19 01:00:00+05:30,2.19718,34.9921,6.037383,100.30479
1946,2025-09-19 02:00:00+05:30,3.9966483,54.16227,8.641874,91.19346
1947,2025-09-19 03:00:00+05:30,4.952453,70.90642,11.196231,94.610565
1948,2025-09-19 04:00:00+05:30,7.613382,83.21112,14.205182,98.74608
1949,2025-09-19 05:00:00+05:30,6.1437774,121.82741,11.983188,122.73522
1950,2025-09-19 06:00:00+05:30,7.79215,83.367584,10.658068,85.15609
1951,2025-09-19 07:00:00+05:30,9.179999,118.072395,12.71901,116.9276
1952,2025-09-19 08:00:00+05:30,9.102021,114.53771,12.172312,113.532364
1953,2025-09-19 09:00:00+05:30,8.181589,129.64413,10.404249,127.26648
1954,2025-09-19 10:00:00+05:30,8.461914,119.29127,11.032987,118.23736
1955,2025-09-19 11:00:00+05:30,6.8919086,130.76352,8.856658,127.568665
1956,2025-09-19 12:00:00+05:30,8.149847,149.47037,9.984729,146.0234
1957,2025-09-19 13:00:00+05:30,3.396233,147.99466,4.829907,153.43501
1958,2025-09-19 14:00:00+05:30,4.6102495,38.65983,5.7402787,41.185825
1959,2025-09-19 15:00:00+05:30,2.8116899,129.80553,3.7842832,115.34614
1960,2025-09-19 16:00:00+05:30,6.130579,183.3664,9.016185,183.43356
1961,2025-09-19 17:00:00+05:30,2.907989,201.80147,6.206738,196.85847
1962,2025-09-19 18:00:00+05:30,0.25455844,44.999897,2.3400002,292.6199
1963,2025-09-19 19:00:00+05:30,2.0523157,37.875053,3.0652895,356.6336
1964,2025-09-19 20:00:00+05:30,3.244996,56.3099,3.9312592,74.054535
1965,2025-09-19 21:00:00+05:30,3.381893,64.79892,7.42159,104.03627
1966,2025-09-19 22:00:00+05:30,3.2048087,38.157276,7.1661706,78.40785
1967,2025-09-19 23:00:00+05:30,2.226477,14.036275,4.7827187,70.20104
1968,2025-09-20 00:00:00+05:30,0.9178235,11.3098955,1.9469976,123.6901
1969,2025-09-20 01:00:00+05:30,2.5264204,4.085537,2.8856194,356.42374
1970,2025-09-20 02:00:00+05:30,1.5379207,20.556128,2.34,360.0
1971,2025-09-20 03:00:00+05:30,1.484318,14.036275,0.9178235,11.3098955
1972,2025-09-20 04:00:00+05:30,1.9386592,21.801476,1.4512063,7.12493
1973,2025-09-20 05:00:00+05:30,1.5379207,20.556128,1.4512063,7.12493
1974,2025-09-20 06:00:00+05:30,3.4623692,27.897186,3.7842832,64.65388
1975,2025-09-20 07:00:00+05:30,0.40249225,116.56499,0.9178235,78.6901
1976,2025-09-20 08:00:00+05:30,1.659518,130.60121,2.0991426,120.96369
1977,2025-09-20 09:00:00+05:30,4.1046314,142.12495,5.3517847,137.72638
1978,2025-09-20 10:00:00+05:30,4.669604,152.44728,6.1437774,148.17259
1979,2025-09-20 11:00:00+05:30,3.7842832,154.65387,4.913044,151.55717
1980,2025-09-20 12:00:00+05:30,3.381893,154.7989,4.198285,149.03632
1981,2025-09-20 13:00:00+05:30,3.8773184,158.19853,4.91634,156.2505
1982,2025-09-20 14:00:00+05:30,4.327493,163.0724,5.2478566,157.8336
1983,2025-09-20 15:00:00+05:30,5.12289,198.43504,6.5520988,200.92458
1984,2025-09-20 16:00:00+05:30,3.189608,196.38962,4.5536795,198.43504
1985,2025-09-20 17:00:00+05:30,0.6489992,326.3099,4.5820518,224.9999
1986,2025-09-20 18:00:00+05:30,4.669604,62.447273,9.600937,83.54128
1987,2025-09-20 19:00:00+05:30,4.8965297,36.027473,9.12513,75.14134
1988,2025-09-20 20:00:00+05:30,2.0523157,15.255177,3.4949677,78.11137
1989,2025-09-20 21:00:00+05:30,2.0124612,10.304792,1.0948973,99.46225
1990,2025-09-20 22:00:00+05:30,3.143565,13.240531,3.143565,346.75946
1991,2025-09-20 23:00:00+05:30,2.5071096,21.037588,3.244996,33.6901
1992,2025-09-21 00:00:00+05:30,1.7727944,23.962492,2.8799999,90.0
1993,2025-09-21 01:00:00+05:30,1.3104197,15.945477,2.0523157,127.875046
1994,2025-09-21 02:00:00+05:30,1.3104197,15.945477,1.0948973,99.46225
1995,2025-09-21 03:00:00+05:30,1.1384199,18.435053,0.9178235,101.3099
1996,2025-09-21 04:00:00+05:30,1.1525624,38.65983,3.1072817,100.00792
1997,2025-09-21 05:00:00+05:30,0.9,36.86999,4.379589,99.46225
1998,2025-09-21 06:00:00+05:30,1.8089776,5.7105074,3.8773184,68.19853
1999,2025-09-21 07:00:00+05:30,2.2768397,198.43504,3.319036,167.4712
2000,2025-09-21 08:00:00+05:30,1.4399999,180.0,1.8792552,163.30067
2001,2025-09-21 09:00:00+05:30,4.91634,156.2505,6.3639607,151.2603
2002,2025-09-21 10:00:00+05:30,7.42159,165.96373,9.621163,162.58194
2003,2025-09-21 11:00:00+05:30,5.6060677,174.47255,7.0774574,172.69434
2004,2025-09-21 12:00:00+05:30,4.327493,196.9276,5.3699164,193.57045
2005,2025-09-21 13:00:00+05:30,1.7727944,293.9625,1.9881649,275.19434
2006,2025-09-21 14:00:00+05:30,3.4949677,258.11136,4.0249224,259.69522
2007,2025-09-21 15:00:00+05:30,4.293669,213.02386,5.48631,221.00899
2008,2025-09-21 16:00:00+05:30,3.6,143.13002,5.0142193,158.96242
2009,2025-09-21 17:00:00+05:30,3.710795,67.16631,5.6835546,100.95402
2010,2025-09-21 18:00:00+05:30,5.7402787,48.814175,9.335737,56.003494
2011,2025-09-21 19:00:00+05:30,4.599695,30.579157,8.099999,53.13002
2012,2025-09-21 20:00:00+05:30,3.7799997,360.0,2.4014995,347.00537
2013,2025-09-21 21:00:00+05:30,6.037383,333.43503,11.440979,294.14554
2014,2025-09-21 22:00:00+05:30,3.4949677,348.11136,9.54,301.89075
2015,2025-09-21 23:00:00+05:30,1.659518,12.528798,4.752136,322.69595
2016,2025-09-22 00:00:00+05:30,0.742159,14.036275,2.4014995,347.00537
2017,2025-09-22 01:00:00+05:30,2.5264204,355.91446,3.710795,337.1663
2018,2025-09-22 02:00:00+05:30,2.1068459,340.0168,3.8183763,315.0001
2019,2025-09-22 03:00:00+05:30,0.56920993,108.43504,3.644722,159.77505
2020,2025-09-22 04:00:00+05:30,4.724786,72.25524,9.926147,85.84044
2021,2025-09-22 05:00:00+05:30,1.8532133,29.054508,7.3094187,80.07382
2022,2025-09-22 06:00:00+05:30,4.3832865,19.179106,6.6624317,51.581917
2023,2025-09-22 07:00:00+05:30,0.76367533,224.9999,1.659518,102.5288
2024,2025-09-22 08:00:00+05:30,1.9881649,174.80566,2.97953,154.98314
2025,2025-09-22 09:00:00+05:30,1.2074767,153.43501,1.781909,135.0001
2026,2025-09-22 10:00:00+05:30,2.5772078,192.09474,3.0652895,176.6336
2027,2025-09-22 11:00:00+05:30,2.5455842,171.86998,3.143565,166.75948
2028,2025-09-22 12:00:00+05:30,5.6060677,174.47255,6.898956,172.50424
2029,2025-09-22 13:00:00+05:30,6.037383,169.6952,7.9465466,166.9081
2030,2025-09-22 14:00:00+05:30,5.7431,122.1957,8.856658,127.568665
2031,2025-09-22 15:00:00+05:30,7.388775,87.20736,10.837435,85.23644
2032,2025-09-22 16:00:00+05:30,7.613382,83.21112,12.324414,83.29026
2033,2025-09-22 17:00:00+05:30,3.7799997,90.0,8.731392,98.297066
2034,2025-09-22 18:00:00+05:30,5.0816135,67.06787,10.98,90.0
2035,2025-09-22 19:00:00+05:30,7.127636,315.0001,6.361415,295.1148
2036,2025-09-22 20:00:00+05:30,7.6473517,333.43503,13.53236,331.38962
2037,2025-09-22 21:00:00+05:30,5.3426957,327.38077,9.931042,313.53125
2038,2025-09-22 22:00:00+05:30,5.48631,311.009,9.499158,297.0505
2039,2025-09-22 23:00:00+05:30,2.6758924,109.653915,3.4247334,86.98728
2040,2025-09-23 00:00:00+05:30,4.3573384,51.709793,9.67657,43.492626
2041,2025-09-23 01:00:00+05:30,3.0758414,69.44387,7.6642804,99.46225
2042,2025-09-23 02:00:00+05:30,2.1068459,70.01681,6.7469993,80.78905
2043,2025-09-23 03:00:00+05:30,3.143565,66.37061,8.297589,77.4712
2044,2025-09-23 04:00:00+05:30,1.835647,101.3099,7.689603,110.55613
2045,2025-09-23 05:00:00+05:30,0.40249225,26.564985,4.613762,110.55612
2046,2025-09-23 06:00:00+05:30,1.4512063,7.12493,4.278551,165.37909
2047,2025-09-23 07:00:00+05:30,2.7059932,93.814,4.5322843,96.84268
2048,2025-09-23 08:00:00+05:30,5.5450516,125.753975,7.491114,125.21768
2049,2025-09-23 09:00:00+05:30,4.913044,151.55717,6.090812,145.84026
2050,2025-09-23 10:00:00+05:30,3.4247334,176.98727,4.353619,172.87508
2051,2025-09-23 11:00:00+05:30,3.8141315,199.29015,4.6730714,195.6423
2052,2025-09-23 12:00:00+05:30,1.8,233.13002,2.3051248,231.34016
2053,2025-09-23 13:00:00+05:30,1.609969,63.435013,2.0124612,63.435013
2054,2025-09-23 14:00:00+05:30,2.19718,325.0079,2.5959969,326.3099
2055,2025-09-23 15:00:00+05:30,2.5071096,338.9624,3.4763772,338.74942
2056,2025-09-23 16:00:00+05:30,2.3400002,247.3801,3.244996,273.17978
2057,2025-09-23 17:00:00+05:30,3.62243,243.43501,9.187056,235.37578
2058,2025-09-23 18:00:00+05:30,2.9301877,317.4896,10.8015,246.42528
2059,2025-09-23 19:00:00+05:30,5.1575575,330.75128,10.597094,290.89783
2060,2025-09-23 20:00:00+05:30,3.4576871,321.34018,9.195868,273.3664
2061,2025-09-23 21:00:00+05:30,1.26,360.0,6.482499,268.4089
2062,2025-09-23 22:00:00+05:30,2.97953,334.98312,8.027677,289.6539
2063,2025-09-23 23:00:00+05:30,2.8856194,356.42374,7.127636,315.0001
2064,2025-09-24 00:00:00+05:30,2.0991426,30.963696,2.8856194,3.5762644
2065,2025-09-24 01:00:00+05:30,1.7727944,23.962492,3.4949677,11.888645
2066,2025-09-24 02:00:00+05:30,0.9693296,21.801476,2.3469129,32.471172
2067,2025-09-24 03:00:00+05:30,0.9178235,348.6901,1.484318,284.03625
2068,2025-09-24 04:00:00+05:30,1.26,360.0,2.0991426,300.96368
2069,2025-09-24 05:00:00+05:30,3.8856654,76.60749,6.8612823,94.5139
2070,2025-09-24 06:00:00+05:30,2.5455842,44.999897,4.2021427,133.26433
2071,2025-09-24 07:00:00+05:30,5.5916004,86.308685,8.490582,85.135574
2072,2025-09-24 08:00:00+05:30,7.1389914,123.6901,9.354806,120.01828
2073,2025-09-24 09:00:00+05:30,7.519175,137.91092,9.673221,135.0001
2074,2025-09-24 10:00:00+05:30,4.8366103,135.0001,6.1305785,130.23628
2075,2025-09-24 11:00:00+05:30,5.8603754,132.5104,7.3997297,131.05472
2076,2025-09-24 12:00:00+05:30,5.068846,196.50444,6.037383,190.3048
2077,2025-09-24 13:00:00+05:30,2.9024127,330.25522,3.8773184,338.19852
2078,2025-09-24 14:00:00+05:30,3.01735,252.64589,3.4247334,266.98727
2079,2025-09-24 15:00:00+05:30,5.815978,248.19853,7.6409945,254.98158
2080,2025-09-24 16:00:00+05:30,1.8792552,286.6993,3.3481934,306.25394
2081,2025-09-24 17:00:00+05:30,2.4482648,143.97253,4.5,163.73972
2082,2025-09-24 18:00:00+05:30,2.226477,14.036275,4.2021422,350.13425
2083,2025-09-24 19:00:00+05:30,1.781909,44.999897,3.8856654,103.39252
2084,2025-09-24 20:00:00+05:30,1.4512063,7.12493,2.2553935,28.610369
2085,2025-09-24 21:00:00+05:30,0.54,360.0,0.6489992,123.690094
2086,2025-09-24 22:00:00+05:30,0.56920993,341.56494,1.2074767,243.43501
2087,2025-09-24 23:00:00+05:30,1.9469976,56.3099,3.362677,105.52418
2088,2025-09-25 00:00:00+05:30,3.2048087,51.842735,6.6818557,94.635376
2089,2025-09-25 01:00:00+05:30,0.9693296,21.801476,3.550155,120.46546
2090,2025-09-25 02:00:00+05:30,1.6299692,6.3401003,1.659518,49.398785
2091,2025-09-25 03:00:00+05:30,1.4512063,7.12493,2.19718,34.9921
2092,2025-09-25 04:00:00+05:30,2.1897945,9.462248,3.381893,25.201094
2093,2025-09-25 05:00:00+05:30,0.17999999,360.0,2.52,180.0
2094,2025-09-25 06:00:00+05:30,1.0948973,9.462248,0.9,53.13002
2095,2025-09-25 07:00:00+05:30,1.4512063,352.87506,3.096837,35.537766
2096,2025-09-25 08:00:00+05:30,0.9693296,248.19853,0.742159,255.96373
2097,2025-09-25 09:00:00+05:30,3.381893,205.2011,3.9477081,204.22774
2098,2025-09-25 10:00:00+05:30,3.319036,229.39879,4.072935,224.9999
2099,2025-09-25 11:00:00+05:30,1.9134263,221.18582,2.2910259,224.9999
2100,2025-09-25 12:00:00+05:30,2.5772076,204.77512,3.0758414,200.55612
2101,2025-09-25 13:00:00+05:30,2.8856194,273.57626,3.2599385,276.3401
2102,2025-09-25 14:00:00+05:30,3.550155,300.46545,4.39436,304.9921
2103,2025-09-25 15:00:00+05:30,3.362677,285.52417,4.186693,295.46332
2104,2025-09-25 16:00:00+05:30,4.6834598,267.79745,8.311245,274.96964
2105,2025-09-25 17:00:00+05:30,3.2599385,276.3401,9.028754,265.42615
2106,2025-09-25 18:00:00+05:30,5.2939587,17.818983,4.942631,349.50858
2107,2025-09-25 19:00:00+05:30,3.7585104,16.699326,6.873078,315.0001
2108,2025-09-25 20:00:00+05:30,3.01735,17.354122,5.796447,323.8417
2109,2025-09-25 21:00:00+05:30,0.742159,14.036275,2.8174455,296.56497
2110,2025-09-25 22:00:00+05:30,2.0523157,15.255177,3.0758414,339.44388
2111,2025-09-25 23:00:00+05:30,2.4149535,26.564985,4.6102495,51.34017
2112,2025-09-26 00:00:00+05:30,2.5582807,50.710617,7.0015144,107.96923
2113,2025-09-26 01:00:00+05:30,1.609969,26.564985,6.330782,104.82652
2114,2025-09-26 02:00:00+05:30,0.17999999,360.0,2.1674871,131.63345
2115,2025-09-26 03:00:00+05:30,0.56920993,341.56494,2.9301877,190.6196
2116,2025-09-26 04:00:00+05:30,0.5091169,44.999897,2.5455842,171.86998
2117,2025-09-26 05:00:00+05:30,0.40249225,26.564985,2.0364676,135.0001
2118,2025-09-26 06:00:00+05:30,2.5959969,33.6901,7.0591216,70.640915
2119,2025-09-26 07:00:00+05:30,0.8049845,296.56497,3.3092597,67.61982
2120,2025-09-26 08:00:00+05:30,1.5484185,234.46223,1.484318,194.03627
2121,2025-09-26 09:00:00+05:30,2.5772078,167.90526,3.5455887,156.0375
2122,2025-09-26 10:00:00+05:30,1.4512063,60.255207,2.1749482,65.55606
2123,2025-09-26 11:00:00+05:30,1.08,90.0,1.8089776,95.7105
2124,2025-09-26 12:00:00+05:30,1.4512063,262.8751,1.4512063,262.8751
2125,2025-09-26 13:00:00+05:30,0.6489992,303.6901,0.5091169,315.0001
2126,2025-09-26 14:00:00+05:30,6.0077944,8.615564,7.6367526,8.130019
2127,2025-09-26 15:00:00+05:30,7.5599995,360.0,10.993271,357.1845
2128,2025-09-26 16:00:00+05:30,4.1556225,17.650223,7.9932976,7.7650824
2129,2025-09-26 17:00:00+05:30,1.9386592,68.19853,4.1556225,107.650215
2130,2025-09-26 18:00:00+05:30,11.304229,9.16228,12.7279215,28.739704
2131,2025-09-26 19:00:00+05:30,15.5395355,18.225176,24.41705,23.919613
2132,2025-09-26 20:00:00+05:30,7.4672885,15.376317,10.63372,56.040897
2133,2025-09-26 21:00:00+05:30,2.9522195,307.56866,9.107359,198.43504
2134,2025-09-26 22:00:00+05:30,4.846648,338.19852,8.297589,294.34106
2135,2025-09-26 23:00:00+05:30,2.5071096,21.037588,5.2416787,344.05453
2136,2025-09-27 00:00:00+05:30,1.484318,14.036275,5.2939587,17.818983
2137,2025-09-27 01:00:00+05:30,1.9469976,146.3099,5.7176566,118.1785
2138,2025-09-27 02:00:00+05:30,3.462369,81.02746,9.0018,91.14574
2139,2025-09-27 03:00:00+05:30,4.7110505,83.41815,11.157096,100.222115
2140,2025-09-27 04:00:00+05:30,3.0758414,69.44387,8.792405,112.89059
2141,2025-09-27 05:00:00+05:30,3.2599385,96.340096,7.9220443,111.317986
2142,2025-09-27 06:00:00+05:30,6.384293,338.4985,8.461915,336.16125
2143,2025-09-27 07:00:00+05:30,6.050785,300.37906,9.313152,318.91833
2144,2025-09-27 08:00:00+05:30,6.7205353,339.62347,9.12513,345.14133
2145,2025-09-27 09:00:00+05:30,3.143565,336.3706,4.1556225,342.34976
2146,2025-09-27 10:00:00+05:30,1.4512063,240.2552,1.609969,243.43501
2147,2025-09-27 11:00:00+05:30,3.8647635,207.75845,4.510787,208.61037
2148,2025-09-27 12:00:00+05:30,3.572898,139.08571,4.3274937,135.0001
2149,2025-09-27 13:00:00+05:30,6.1305785,139.76372,7.8954163,136.8476
2150,2025-09-27 14:00:00+05:30,2.2553935,208.61037,2.3469129,212.47118
2151,2025-09-27 15:00:00+05:30,6.5520988,159.07542,8.827344,159.71736
2152,2025-09-27 16:00:00+05:30,8.865799,84.17376,12.0653715,91.70978
2153,2025-09-27 17:00:00+05:30,7.968939,18.435053,11.013882,11.3098955
2154,2025-09-27 18:00:00+05:30,2.36753,81.25392,5.441838,124.21575
2155,2025-09-27 19:00:00+05:30,2.4482646,72.89719,6.206738,106.85848
2156,2025-09-27 20:00:00+05:30,3.710795,67.16631,9.9,90.0
2157,2025-09-27 21:00:00+05:30,2.4149535,26.564985,6.5049515,75.57919
2158,2025-09-27 22:00:00+05:30,1.0948973,9.462248,2.9024127,97.12492
2159,2025-09-27 23:00:00+05:30,1.4058449,50.194473,5.6492476,120.65059
2160,2025-09-28 00:00:00+05:30,3.4623692,62.10283,9.321845,100.00792
2161,2025-09-28 01:00:00+05:30,3.0652893,40.236294,7.9077177,78.178535
2162,2025-09-28 02:00:00+05:30,0.56920993,18.435053,4.5891175,131.82008
2163,2025-09-28 03:00:00+05:30,0.71999997,360.0,1.4058449,129.80553
2164,2025-09-28 04:00:00+05:30,1.8089776,5.7105074,1.9469976,33.6901
2165,2025-09-28 05:00:00+05:30,2.9301877,317.4896,3.6,270.0
2166,2025-09-28 06:00:00+05:30,9.360001,247.3801,11.079873,226.97493
2167,2025-09-28 07:00:00+05:30,9.109138,307.77576,13.943901,309.23734
2168,2025-09-28 08:00:00+05:30,5.195113,255.96373,6.519877,263.6599
2169,2025-09-28 09:00:00+05:30,3.9763298,275.19434,4.9785542,282.5288
2170,2025-09-28 10:00:00+05:30,1.781909,224.9999,2.19718,235.0079
2171,2025-09-28 11:00:00+05:30,2.6999998,180.0,3.319036,167.4712
2172,2025-09-28 12:00:00+05:30,2.4149535,206.56499,2.7416782,203.19862
2173,2025-09-28 13:00:00+05:30,3.1845248,222.70937,3.710795,219.09384
2174,2025-09-28 14:00:00+05:30,3.319036,220.60121,3.745557,215.21768
2175,2025-09-28 15:00:00+05:30,3.3481934,233.74606,3.8268526,228.81418
2176,2025-09-28 16:00:00+05:30,3.1845248,312.70938,3.8521678,307.40543
2177,2025-09-28 17:00:00+05:30,3.0652895,356.6336,4.752136,322.69595
2178,2025-09-28 18:00:00+05:30,1.0948973,9.462248,0.9,360.0
2179,2025-09-28 19:00:00+05:30,1.08,360.0,4.2136917,250.0168
2180,2025-09-28 20:00:00+05:30,2.3469126,4.398633,6.090812,304.15976
2181,2025-09-28 21:00:00+05:30,2.6758924,19.653913,5.8104043,343.8107
2182,2025-09-28 22:00:00+05:30,2.0523157,15.255177,3.9844694,341.56494
2183,2025-09-28 23:00:00+05:30,1.609969,26.564985,1.484318,345.9637
2184,2025-09-29 00:00:00+05:30,2.3469129,32.471172,2.2553935,28.610369
2185,2025-09-29 01:00:00+05:30,2.0124612,26.564985,3.0758414,20.556128
2186,2025-09-29 02:00:00+05:30,1.4512063,7.12493,3.148714,329.03632
2187,2025-09-29 03:00:00+05:30,1.484318,345.9637,4.6102495,308.65982
2188,2025-09-29 04:00:00+05:30,1.2727921,351.87,4.8433046,318.01288
2189,2025-09-29 05:00:00+05:30,0.9693296,21.801476,3.362677,344.47583
2190,2025-09-29 06:00:00+05:30,1.659518,12.528798,2.5455842,351.87
2191,2025-09-29 07:00:00+05:30,0.17999999,180.0,0.56920993,71.564964
2192,2025-09-29 08:00:00+05:30,1.659518,229.39879,1.8,233.13002
2193,2025-09-29 09:00:00+05:30,2.4014995,257.00537,2.8799999,270.0
2194,2025-09-29 10:00:00+05:30,4.8366103,224.9999,5.8603754,227.4896
2195,2025-09-29 11:00:00+05:30,5.1481256,216.46933,6.299999,216.86998
2196,2025-09-29 12:00:00+05:30,5.318383,203.9625,6.21717,202.1095
2197,2025-09-29 13:00:00+05:30,7.9138603,197.19862,10.075177,198.75874
2198,2025-09-29 14:00:00+05:30,4.724786,197.74477,6.384293,201.5015
2199,2025-09-29 15:00:00+05:30,2.4482648,126.027466,2.7416782,113.19862
2200,2025-09-29 16:00:00+05:30,4.3274937,135.0001,5.509882,141.63248
2201,2025-09-29 17:00:00+05:30,2.3400002,67.3801,3.7064266,119.05451
2202,2025-09-29 18:00:00+05:30,3.0811036,6.70975,6.444905,305.9098
2203,2025-09-29 19:00:00+05:30,1.2727921,8.130019,6.7469993,260.78903
2204,2025-09-29 20:00:00+05:30,0.25455844,44.999897,3.604497,267.13766
2205,2025-09-29 21:00:00+05:30,0.742159,75.96373,2.0523157,217.87505
2206,2025-09-29 22:00:00+05:30,2.1674871,41.63345,1.8089776,84.2895
2207,2025-09-29 23:00:00+05:30,1.7076298,18.435053,2.3469126,355.60138
2208,2025-09-30 00:00:00+05:30,2.36753,351.2539,6.452441,300.1413
2209,2025-09-30 01:00:00+05:30,0.71999997,360.0,4.7827187,289.79895
2210,2025-09-30 02:00:00+05:30,0.25455844,44.999897,1.659518,229.39879
2211,2025-09-30 03:00:00+05:30,2.19718,55.0079,3.7064266,60.94549
2212,2025-09-30 04:00:00+05:30,1.2074767,26.564985,2.9301877,42.510403
2213,2025-09-30 05:00:00+05:30,1.0948973,9.462248,2.36753,351.2539
2214,2025-09-30 06:00:00+05:30,3.362677,15.524177,4.7827187,19.798973
2215,2025-09-30 07:00:00+05:30,1.4058449,309.8055,2.8460498,341.56494
2216,2025-09-30 08:00:00+05:30,3.2399998,270.0,4.060985,282.80426
2217,2025-09-30 09:00:00+05:30,2.0523157,254.74483,2.4014995,257.00537
2218,2025-09-30 10:00:00+05:30,2.4216523,228.01286,2.9301877,227.4896
2219,2025-09-30 11:00:00+05:30,3.693291,223.02507,4.2175345,219.80553
2220,2025-09-30 12:00:00+05:30,5.3426957,237.38077,6.763786,244.7989
2221,2025-09-30 13:00:00+05:30,2.7534704,281.3099,3.8183763,278.13
2222,2025-09-30 14:00:00+05:30,7.056826,217.74687,9.044888,222.58046
2223,2025-09-30 15:00:00+05:30,2.657668,241.69934,3.3043609,240.64233
2224,2025-09-30 16:00:00+05:30,2.2768397,251.56496,3.62243,243.43501
2225,2025-09-30 17:00:00+05:30,1.4399999,360.0,2.1674871,274.76355
2226,2025-09-30 18:00:00+05:30,1.2979984,33.6901,3.4152596,161.56496
2227,2025-09-30 19:00:00+05:30,3.7842832,64.65388,8.037761,124.04598
2228,2025-09-30 20:00:00+05:30,3.9518096,59.93151,9.430695,113.62939
2229,2025-09-30 21:00:00+05:30,2.3469129,32.471172,4.7657523,100.88548
2230,2025-09-30 22:00:00+05:30,1.1384199,18.435053,0.40249225,116.56499
2231,2025-09-30 23:00:00+05:30,1.2727921,8.130019,2.4482646,287.1028
2232,2025-10-01 00:00:00+05:30,2.5071096,338.9624,6.4624763,282.875
2233,2025-10-01 01:00:00+05:30,1.781909,315.0001,7.02,270.0
2234,2025-10-01 02:00:00+05:30,0.35999998,360.0,3.4247334,273.01273
2235,2025-10-01 03:00:00+05:30,0.6489992,56.309914,0.54,360.0
2236,2025-10-01 04:00:00+05:30,1.3104197,105.945465,3.362677,164.47583
2237,2025-10-01 05:00:00+05:30,0.71999997,360.0,3.3092597,337.6198
2238,2025-10-01 06:00:00+05:30,2.1674871,48.366554,3.5864744,72.47434
2239,2025-10-01 07:00:00+05:30,4.1046314,142.12495,5.0432134,124.82456
2240,2025-10-01 08:00:00+05:30,10.120099,128.50069,15.210799,129.71872
2241,2025-10-01 09:00:00+05:30,8.805294,49.144714,13.110376,44.443825
2242,2025-10-01 10:00:00+05:30,5.720489,167.27565,7.3094187,142.00122
2243,2025-10-01 11:00:00+05:30,6.849467,93.012726,9.901636,91.0416
2244,2025-10-01 12:00:00+05:30,11.7,112.61991,17.965767,114.253914
2245,2025-10-01 13:00:00+05:30,9.901636,91.0416,16.62249,94.96966
2246,2025-10-01 14:00:00+05:30,11.792404,77.660934,19.80409,78.996506
2247,2025-10-01 15:00:00+05:30,11.734564,94.39862,20.728153,87.01343
2248,2025-10-01 16:00:00+05:30,12.791403,92.41946,24.665909,91.254425
2249,2025-10-01 17:00:00+05:30,7.6409945,46.90914,14.292725,58.912556
2250,2025-10-01 18:00:00+05:30,3.9966483,35.837746,10.390226,75.96373
2251,2025-10-01 19:00:00+05:30,3.8773184,68.19853,10.813492,92.86235
2252,2025-10-01 20:00:00+05:30,4.1046314,52.124958,10.801499,90.95482
2253,2025-10-01 21:00:00+05:30,3.244996,356.82022,6.114703,47.385983
2254,2025-10-01 22:00:00+05:30,1.0948973,80.53775,7.6367526,135.0001
2255,2025-10-01 23:00:00+05:30,6.162207,83.29026,12.815443,100.52074
2256,2025-10-02 00:00:00+05:30,3.494968,34.50859,8.643749,58.627052
2257,2025-10-02 01:00:00+05:30,2.6758924,317.72638,3.362677,254.47583
2258,2025-10-02 02:00:00+05:30,4.9785542,347.4712,7.491114,324.78232
2259,2025-10-02 03:00:00+05:30,2.1749482,335.55606,4.7657523,280.88547
2260,2025-10-02 04:00:00+05:30,1.484318,345.9637,2.995797,302.7352
2261,2025-10-02 05:00:00+05:30,6.2145634,100.00792,9.107359,108.43504
2262,2025-10-02 06:00:00+05:30,9.3669195,92.20255,16.635155,103.13403
2263,2025-10-02 07:00:00+05:30,6.037383,100.30479,15.048042,96.8699
2264,2025-10-02 08:00:00+05:30,10.934166,110.22495,15.710607,108.01987
2265,2025-10-02 09:00:00+05:30,13.210087,109.9165,18.044046,108.61578
2266,2025-10-02 10:00:00+05:30,11.720751,100.619606,15.891054,99.78234
2267,2025-10-02 11:00:00+05:30,12.931218,106.16457,17.508179,104.893524
2268,2025-10-02 12:00:00+05:30,13.184308,122.171196,17.782686,121.75944
2269,2025-10-02 13:00:00+05:30,10.196647,110.67451,13.779114,109.85531
2270,2025-10-02 14:00:00+05:30,13.170786,93.918175,18.382044,92.80631
2271,2025-10-02 15:00:00+05:30,8.6867485,95.94677,13.039754,83.659904
2272,2025-10-02 16:00:00+05:30,9.096681,152.92801,15.156384,142.72174
2273,2025-10-02 17:00:00+05:30,9.194106,113.05133,16.152931,104.19113
2274,2025-10-02 18:00:00+05:30,9.67657,133.49263,17.935081,128.48022
2275,2025-10-02 19:00:00+05:30,7.823272,113.02553,15.275627,111.42536
2276,2025-10-02 20:00:00+05:30,12.229406,137.38599,20.620804,135.70723
2277,2025-10-02 21:00:00+05:30,3.06,61.92762,9.208192,85.51548
2278,2025-10-02 22:00:00+05:30,5.0816135,337.06787,8.36758,18.824812
2279,2025-10-02 23:00:00+05:30,4.0249224,26.564985,8.836514,56.63362
2280,2025-10-03 00:00:00+05:30,4.5322843,6.842679,9.504273,24.623547
2281,2025-10-03 01:00:00+05:30,3.4623692,27.897186,6.7469993,43.91917
2282,2025-10-03 02:00:00+05:30,2.7238941,7.59456,4.7110505,43.451904
2283,2025-10-03 03:00:00+05:30,1.2727921,315.0001,2.5772076,204.77512
2284,2025-10-03 04:00:00+05:30,5.0432134,2.0453732,7.3094187,9.926182
2285,2025-10-03 05:00:00+05:30,3.7585104,16.699326,6.4096174,38.157276
2286,2025-10-03 06:00:00+05:30,3.9518096,30.068504,6.889557,56.725105
2287,2025-10-03 07:00:00+05:30,3.4388947,42.878906,5.6492476,67.52052
2288,2025-10-03 08:00:00+05:30,3.8141315,19.290138,6.248359,48.503635
2289,2025-10-03 09:00:00+05:30,1.9881649,185.19434,1.7727944,156.0375
2290,2025-10-03 10:00:00+05:30,6.206738,163.14153,7.970972,154.59233
2291,2025-10-03 11:00:00+05:30,3.143565,346.75946,4.2021422,350.13425
2292,2025-10-03 12:00:00+05:30,3.2048087,218.15727,3.8939953,213.6901
2293,2025-10-03 13:00:00+05:30,5.2323985,206.56499,6.5223618,207.97939
2294,2025-10-03 14:00:00+05:30,7.7420926,178.66782,9.901636,178.95839
2295,2025-10-03 15:00:00+05:30,4.1046314,142.12495,4.8433046,138.01286
2296,2025-10-03 16:00:00+05:30,5.506941,168.69011,7.731622,167.90526
2297,2025-10-03 17:00:00+05:30,4.724786,40.364468,6.452441,67.01126
2298,2025-10-03 18:00:00+05:30,2.907989,68.19853,6.151683,110.55613
2299,2025-10-03 19:00:00+05:30,2.1897945,99.46225,8.596766,160.42679
2300,2025-10-03 20:00:00+05:30,5.796447,53.84173,8.350138,82.56869
2301,2025-10-03 21:00:00+05:30,2.9522195,37.568665,6.379216,73.61038
2302,2025-10-03 22:00:00+05:30,0.56920993,18.435053,2.5772076,155.22488
2303,2025-10-03 23:00:00+05:30,9.391102,12.171442,9.044888,31.159245
2304,2025-10-04 00:00:00+05:30,1.8,90.0,4.9785542,102.5288
2305,2025-10-04 01:00:00+05:30,0.40249225,116.56499,3.964089,177.39749
2306,2025-10-04 02:00:00+05:30,6.2405767,146.76828,9.257321,153.43501
2307,2025-10-04 03:00:00+05:30,2.226477,104.03627,4.5891175,131.82008
2308,2025-10-04 04:00:00+05:30,1.484318,194.03627,4.452954,194.03627
2309,2025-10-04 05:00:00+05:30,4.965521,43.53127,11.276967,65.48038
2310,2025-10-04 06:00:00+05:30,6.4096174,141.84273,13.551501,129.61066
2311,2025-10-04 07:00:00+05:30,5.7402787,138.81418,6.7469993,133.91916
2312,2025-10-04 08:00:00+05:30,5.402999,119.98155,6.792466,122.00535
2313,2025-10-04 09:00:00+05:30,5.8769383,117.34979,7.4932766,114.102234
2314,2025-10-04 10:00:00+05:30,4.4274144,153.43501,5.4744864,152.59251
2315,2025-10-04 11:00:00+05:30,5.8104043,196.18927,6.725354,195.52417
2316,2025-10-04 12:00:00+05:30,3.3481934,53.74608,4.5,53.13002
2317,2025-10-04 13:00:00+05:30,3.7585104,16.699326,6.384293,21.501507
2318,2025-10-04 14:00:00+05:30,1.5379207,290.55612,2.0523157,285.25516
2319,2025-10-04 15:00:00+05:30,1.781909,224.9999,2.19718,214.9921
2320,2025-10-04 16:00:00+05:30,1.609969,333.43503,2.7059932,3.8140097
2321,2025-10-04 17:00:00+05:30,7.415038,84.4279,13.346729,79.90256
2322,2025-10-04 18:00:00+05:30,7.3447943,72.89719,14.494192,75.61857
2323,2025-10-04 19:00:00+05:30,6.048107,53.471054,13.062098,78.0707
2324,2025-10-04 20:00:00+05:30,3.7064266,60.94549,11.481968,99.01925
2325,2025-10-04 21:00:00+05:30,11.592895,295.76926,15.299999,298.0724
2326,2025-10-04 22:00:00+05:30,8.244708,53.880566,18.0,73.73973
2327,2025-10-04 23:00:00+05:30,2.19718,34.9921,7.628263,70.70986
2328,2025-10-05 00:00:00+05:30,4.3832865,70.8209,12.284916,79.019394
2329,2025-10-05 01:00:00+05:30,10.094454,68.00882,21.362442,73.85559
2330,2025-10-05 02:00:00+05:30,8.099999,90.0,17.83454,92.313675
2331,2025-10-05 03:00:00+05:30,14.401124,89.28386,25.66689,95.23072
2332,2025-10-05 04:00:00+05:30,16.928614,81.4392,30.931732,84.32268
2333,2025-10-05 05:00:00+05:30,20.719555,87.5105,38.53051,88.66159
2334,2025-10-05 06:00:00+05:30,23.899363,78.266945,43.09487,83.76562
2335,2025-10-05 07:00:00+05:30,26.587042,72.66904,48.42,75.13714
2336,2025-10-05 08:00:00+05:30,25.984917,79.624214,47.357452,84.766235
2337,2025-10-05 09:00:00+05:30,1.6981165,237.99466,4.4565907,133.36346
2338,2025-10-05 10:00:00+05:30,6.889557,199.8553,14.941083,216.17972
2339,2025-10-05 11:00:00+05:30,11.341428,144.0394,21.666647,146.17789
2340,2025-10-05 12:00:00+05:30,6.302571,91.63654,11.749741,84.7262
2341,2025-10-05 13:00:00+05:30,7.0591216,109.359085,10.449306,100.92277
2342,2025-10-05 14:00:00+05:30,7.0774574,82.694336,10.661107,78.31066
2343,2025-10-05 15:00:00+05:30,9.621163,107.41806,13.910169,100.43742
2344,2025-10-05 16:00:00+05:30,6.4799995,90.0,13.917154,84.805664
2345,2025-10-05 17:00:00+05:30,4.724786,72.25524,13.379461,95.4037
2346,2025-10-05 18:00:00+05:30,3.4623692,27.897186,9.621163,72.58194
2347,2025-10-05 19:00:00+05:30,0.9693296,21.801476,5.3426957,122.61923
2348,2025-10-05 20:00:00+05:30,0.56920993,18.435053,3.9477081,133.1524
2349,2025-10-05 21:00:00+05:30,0.9693296,21.801476,2.5455842,98.13002
2350,2025-10-05 22:00:00+05:30,1.659518,40.601215,4.353619,97.12492
2351,2025-10-05 23:00:00+05:30,1.659518,49.398785,3.8856654,76.60749
2352,2025-10-06 00:00:00+05:30,0.54,360.0,1.659518,220.60121
2353,2025-10-06 01:00:00+05:30,0.8049845,116.56499,4.5536795,161.56496
2354,2025-10-06 02:00:00+05:30,0.71999997,180.0,4.327493,163.0724
2355,2025-10-06 03:00:00+05:30,0.56920993,18.435053,0.9,53.13002
2356,2025-10-06 04:00:00+05:30,3.7585104,73.300674,8.459999,90.0
2357,2025-10-06 05:00:00+05:30,3.7842832,87.27374,11.1090765,116.980156
2358,2025-10-06 06:00:00+05:30,2.9522195,37.568665,7.208994,92.86235
2359,2025-10-06 07:00:00+05:30,6.6185193,202.38017,9.215226,167.59259
2360,2025-10-06 08:00:00+05:30,6.2067385,119.53869,10.248941,120.61853
2361,2025-10-06 09:00:00+05:30,7.841888,99.24603,10.837435,94.76356
2362,2025-10-06 10:00:00+05:30,10.564941,134.30981,14.784126,132.03899
2363,2025-10-06 11:00:00+05:30,5.1575575,119.24873,6.6185193,112.38018
2364,2025-10-06 12:00:00+05:30,4.452954,165.96373,5.3517847,160.34608
2365,2025-10-06 13:00:00+05:30,3.189608,196.38962,3.9966488,187.76508
2366,2025-10-06 14:00:00+05:30,3.8647635,207.75845,4.514377,203.49858
2367,2025-10-06 15:00:00+05:30,5.6521144,217.23491,7.2403865,214.8754
2368,2025-10-06 16:00:00+05:30,2.50064,210.25635,5.5450516,215.75398
2369,2025-10-06 17:00:00+05:30,1.8792552,163.30067,6.7469993,189.21095
2370,2025-10-06 18:00:00+05:30,0.25455844,44.999897,3.01735,197.35411
2371,2025-10-06 19:00:00+05:30,1.7727944,23.962492,0.40249225,63.435013
2372,2025-10-06 20:00:00+05:30,1.9134263,48.814175,3.8521678,142.59457
2373,2025-10-06 21:00:00+05:30,2.1674871,41.63345,3.396233,122.00535
2374,2025-10-06 22:00:00+05:30,2.8001428,44.999897,4.724786,107.74477
2375,2025-10-06 23:00:00+05:30,4.1085763,61.189304,9.107359,71.564964
2376,2025-10-07 00:00:00+05:30,4.278551,67.75093,10.004178,81.7242
2377,2025-10-07 01:00:00+05:30,3.964089,182.60251,7.056826,142.25313
2378,2025-10-07 02:00:00+05:30,7.79215,173.36758,13.149859,160.82089
2379,2025-10-07 03:00:00+05:30,5.983477,136.2188,8.836514,123.36639
2380,2025-10-07 04:00:00+05:30,5.441838,55.78425,7.7043357,52.594578
2381,2025-10-07 05:00:00+05:30,3.563818,44.999897,8.688613,50.04252
2382,2025-10-07 06:00:00+05:30,4.6800003,112.61991,10.272623,101.113
2383,2025-10-07 07:00:00+05:30,3.693291,136.97493,7.8149853,118.92633
2384,2025-10-07 08:00:00+05:30,4.4274144,153.43501,5.896202,148.73633
2385,2025-10-07 09:00:00+05:30,3.8141315,199.29015,4.6730714,195.6423
2386,2025-10-07 10:00:00+05:30,5.1575575,209.24873,6.3639607,208.7397
2387,2025-10-07 11:00:00+05:30,6.8423676,206.56499,8.534353,207.64589
2388,2025-10-07 12:00:00+05:30,6.623413,227.20262,8.528657,225.85501
2389,2025-10-07 13:00:00+05:30,4.353619,262.8751,5.6060677,264.47256
2390,2025-10-07 14:00:00+05:30,4.3349743,228.36655,5.369916,230.44037
2391,2025-10-07 15:00:00+05:30,4.3349743,221.63345,5.6060677,227.60262
2392,2025-10-07 16:00:00+05:30,3.6447225,212.90524,6.638072,229.39879
2393,2025-10-07 17:00:00+05:30,4.1125174,156.80139,9.044888,185.7105
2394,2025-10-07 18:00:00+05:30,0.56920993,341.56494,5.4744864,207.40749
2395,2025-10-07 19:00:00+05:30,0.56920993,18.435053,5.402999,209.98155
2396,2025-10-07 20:00:00+05:30,1.2727921,81.86999,5.6060677,185.52745
2397,2025-10-07 21:00:00+05:30,3.9518096,59.93151,4.7110505,96.581856
2398,2025-10-07 22:00:00+05:30,5.2323985,49.185013,7.8625183,74.054535
2399,2025-10-07 23:00:00+05:30,0.40249225,26.564985,4.6102495,218.65984
2400,2025-10-08 00:00:00+05:30,1.7727944,66.037506,2.50064,120.256355
2401,2025-10-08 01:00:00+05:30,10.883676,124.21575,17.692268,135.41216
2402,2025-10-08 02:00:00+05:30,4.6938252,4.398633,6.162207,353.29025
2403,2025-10-08 03:00:00+05:30,4.1046314,15.255177,7.9526596,5.19435
2404,2025-10-08 04:00:00+05:30,0.56920993,341.56494,2.4216523,228.01286
2405,2025-10-08 05:00:00+05:30,1.0495713,329.03632,2.5772078,282.09473
2406,2025-10-08 06:00:00+05:30,3.2399998,90.0,2.5772078,102.09474
2407,2025-10-08 07:00:00+05:30,2.0523157,164.74483,2.226477,165.96373
2408,2025-10-08 08:00:00+05:30,2.8460495,214.69522,3.494968,214.50858
2409,2025-10-08 09:00:00+05:30,4.0449967,237.72438,4.942631,236.88864
2410,2025-10-08 10:00:00+05:30,4.599695,210.57915,5.7431,212.19571
2411,2025-10-08 11:00:00+05:30,4.8733153,175.76369,6.1437774,174.95764
2412,2025-10-08 12:00:00+05:30,5.1197267,169.8754,6.1569467,164.74483
2413,2025-10-08 13:00:00+05:30,3.8647635,242.24155,4.913044,241.55717
2414,2025-10-08 14:00:00+05:30,4.6800003,247.3801,6.050785,247.249
2415,2025-10-08 15:00:00+05:30,8.688613,219.95749,11.843124,223.1524
2416,2025-10-08 16:00:00+05:30,5.0432134,145.17545,7.8625183,164.05453
2417,2025-10-08 17:00:00+05:30,2.6758924,47.72637,3.693291,43.02507
2418,2025-10-08 18:00:00+05:30,3.8939953,56.3099,5.068846,73.49557
2419,2025-10-08 19:00:00+05:30,4.2021422,99.865746,13.363711,152.74475
2420,2025-10-08 20:00:00+05:30,5.04,90.0,11.599879,131.85495
2421,2025-10-08 21:00:00+05:30,2.1674871,4.763556,0.742159,345.9637
2422,2025-10-08 22:00:00+05:30,2.4216523,48.01287,3.84796,79.21575
2423,2025-10-08 23:00:00+05:30,2.5959969,56.309914,3.96,90.0
2424,2025-10-09 00:00:00+05:30,2.9522195,37.568665,6.1437774,95.04236
2425,2025-10-09 01:00:00+05:30,0.8049845,333.43503,3.143565,166.75948
2426,2025-10-09 02:00:00+05:30,0.9693296,338.19852,0.5091169,224.9999
2427,2025-10-09 03:00:00+05:30,0.40249225,26.564985,2.4216523,131.98714
2428,2025-10-09 04:00:00+05:30,2.6999998,216.86998,4.6938252,184.39862
2429,2025-10-09 05:00:00+05:30,1.659518,12.528798,4.060985,77.19574
2430,2025-10-09 06:00:00+05:30,1.9134263,41.185837,3.9518096,120.0685
2431,2025-10-09 07:00:00+05:30,0.9693296,68.19853,2.7943513,75.068535
2432,2025-10-09 08:00:00+05:30,3.396233,147.99466,4.3349743,138.36655
2433,2025-10-09 09:00:00+05:30,4.5,180.0,5.771239,176.42374
2434,2025-10-09 10:00:00+05:30,4.1085763,208.8107,4.913044,208.44283
2435,2025-10-09 11:00:00+05:30,3.244996,266.82022,3.7799997,270.0
2436,2025-10-09 12:00:00+05:30,5.4744864,242.5925,6.601363,244.1337
2437,2025-10-09 13:00:00+05:30,6.452441,239.85869,7.995323,238.81508
2438,2025-10-09 14:00:00+05:30,6.361415,244.8852,8.373386,244.5367
2439,2025-10-09 15:00:00+05:30,5.2323985,243.43501,7.16617,244.7223
2440,2025-10-09 16:00:00+05:30,1.9134263,221.18582,3.7064266,240.94548
2441,2025-10-09 17:00:00+05:30,3.2599385,353.6599,6.5693827,9.462261
2442,2025-10-09 18:00:00+05:30,2.2910259,315.0001,4.3349743,274.76355
2443,2025-10-09 19:00:00+05:30,8.714677,321.70978,16.363178,309.64413
2444,2025-10-09 20:00:00+05:30,3.8939953,326.3099,8.528657,314.145
2445,2025-10-09 21:00:00+05:30,1.3708391,23.198618,0.742159,104.03627
2446,2025-10-09 22:00:00+05:30,3.4623692,27.897186,5.4744864,80.53775
2447,2025-10-09 23:00:00+05:30,1.5484185,144.46223,8.78872,145.0079
2448,2025-10-10 00:00:00+05:30,2.0124612,63.435013,5.5450516,103.13403
2449,2025-10-10 01:00:00+05:30,0.9,36.86999,5.3305535,101.68935
2450,2025-10-10 02:00:00+05:30,2.2768397,288.43503,3.0652895,266.6336
2451,2025-10-10 03:00:00+05:30,1.0182338,315.0001,2.5582807,309.28937
2452,2025-10-10 04:00:00+05:30,0.742159,345.9637,2.6208394,344.05453
2453,2025-10-10 05:00:00+05:30,2.5455842,315.0001,2.0523157,344.7448
2454,2025-10-10 06:00:00+05:30,2.6758924,42.27363,5.2478566,84.093956
2455,2025-10-10 07:00:00+05:30,3.96,90.0,8.865799,84.17376
2456,2025-10-10 08:00:00+05:30,4.1556225,107.650215,5.896202,102.33907
2457,2025-10-10 09:00:00+05:30,5.257109,141.95291,6.8777895,137.12111
2458,2025-10-10 10:00:00+05:30,5.7628117,178.21013,7.4346757,173.04713
2459,2025-10-10 11:00:00+05:30,4.5,180.0,5.4119864,176.186
2460,2025-10-10 12:00:00+05:30,5.2478566,202.1664,6.5520988,200.92458
2461,2025-10-10 13:00:00+05:30,6.489992,236.3099,8.187527,236.65927
2462,2025-10-10 14:00:00+05:30,6.854195,240.06857,8.891343,238.24055
2463,2025-10-10 15:00:00+05:30,6.2613096,251.56496,8.777653,254.53873
2464,2025-10-10 16:00:00+05:30,2.4482648,216.02747,6.552099,232.81522
2465,2025-10-10 17:00:00+05:30,4.3832865,19.179106,9.6480665,351.41644
2466,2025-10-10 18:00:00+05:30,1.5484185,54.46224,0.9,180.0
2467,2025-10-10 19:00:00+05:30,1.4512063,29.744795,2.5455842,171.86998
2468,2025-10-10 20:00:00+05:30,4.0449967,32.275623,3.3043609,60.64234
2469,2025-10-10 21:00:00+05:30,3.4388947,42.878906,5.232399,86.05489
2470,2025-10-10 22:00:00+05:30,2.7475805,31.607454,6.4624763,102.87501
2471,2025-10-10 23:00:00+05:30,3.710795,50.906155,9.290511,54.46224
2472,2025-10-11 00:00:00+05:30,3.8856654,76.60749,9.19939,120.57915
2473,2025-10-11 01:00:00+05:30,3.8183763,44.999897,9.9408245,84.805664
2474,2025-10-11 02:00:00+05:30,2.968636,75.96373,9.3962755,110.17074
2475,2025-10-11 03:00:00+05:30,10.874741,77.57407,21.429073,79.35084
2476,2025-10-11 04:00:00+05:30,4.323748,87.614105,12.431734,87.5105
2477,2025-10-11 05:00:00+05:30,2.4216523,131.98714,7.16617,115.277695
2478,2025-10-11 06:00:00+05:30,5.904439,127.568665,10.144082,117.47435
2479,2025-10-11 07:00:00+05:30,2.5455842,135.0001,4.186693,115.46331
2480,2025-10-11 08:00:00+05:30,5.4833565,156.80138,7.24486,153.43501
2481,2025-10-11 09:00:00+05:30,6.6185193,157.61983,8.461915,156.16125
2482,2025-10-11 10:00:00+05:30,4.1046314,164.74483,5.2416787,164.05453
2483,2025-10-11 11:00:00+05:30,4.6730714,195.6423,5.896202,192.33908
2484,2025-10-11 12:00:00+05:30,3.3481934,233.74606,4.080882,228.57643
2485,2025-10-11 13:00:00+05:30,5.509882,231.63248,6.638072,229.39879
2486,2025-10-11 14:00:00+05:30,6.6818557,242.74475,8.777654,241.85849
2487,2025-10-11 15:00:00+05:30,6.384293,248.4985,8.996398,250.11475
2488,2025-10-11 16:00:00+05:30,4.2671766,242.35411,9.05205,252.64589
2489,2025-10-11 17:00:00+05:30,10.075177,41.37842,15.137133,25.346138
2490,2025-10-11 18:00:00+05:30,0.54,180.0,2.16,180.0
2491,2025-10-11 19:00:00+05:30,1.0182338,44.999897,0.9178235,101.3099
2492,2025-10-11 20:00:00+05:30,4.452954,345.9637,8.513448,346.55136
2493,2025-10-11 21:00:00+05:30,1.484318,345.9637,2.8799999,270.0
2494,2025-10-11 22:00:00+05:30,2.1674871,4.763556,3.9477081,313.1524
2495,2025-10-11 23:00:00+05:30,1.5484185,35.537766,4.4456716,31.75944
2496,2025-10-12 00:00:00+05:30,5.0528407,94.08554,9.215226,102.40741
2497,2025-10-12 01:00:00+05:30,6.7469993,80.78905,13.709573,86.236046
2498,2025-10-12 02:00:00+05:30,4.5891175,115.55992,11.935778,113.08516
2499,2025-10-12 03:00:00+05:30,3.1845248,137.29063,9.059205,130.97165
2500,2025-10-12 04:00:00+05:30,2.97953,115.01687,8.225035,113.198616
2501,2025-10-12 05:00:00+05:30,4.952453,109.09359,13.337016,111.3707
2502,2025-10-12 06:00:00+05:30,7.208994,92.86235,11.157096,100.222115
2503,2025-10-12 07:00:00+05:30,6.302571,88.363464,9.72,90.0
2504,2025-10-12 08:00:00+05:30,6.603817,107.44727,8.905908,104.03627
2505,2025-10-12 09:00:00+05:30,5.4744864,117.40749,7.256032,113.38525
2506,2025-10-12 10:00:00+05:30,5.293959,144.6887,6.502461,138.36655
2507,2025-10-12 11:00:00+05:30,6.320538,160.0168,7.8954163,155.77226
2508,2025-10-12 12:00:00+05:30,5.7599998,180.0,7.208994,177.13765
2509,2025-10-12 13:00:00+05:30,3.9477081,204.22774,4.846648,201.80147
2510,2025-10-12 14:00:00+05:30,3.693291,226.97493,4.8366103,224.9999
2511,2025-10-12 15:00:00+05:30,1.0948973,260.53775,1.835647,258.6901
2512,2025-10-12 16:00:00+05:30,2.0523157,105.25517,2.0124612,153.43501
2513,2025-10-12 17:00:00+05:30,2.34,360.0,4.0449967,32.275623
2514,2025-10-12 18:00:00+05:30,3.1845248,47.290634,4.445672,68.62931
2515,2025-10-12 19:00:00+05:30,6.12,298.0724,9.224011,264.40076
2516,2025-10-12 20:00:00+05:30,5.983477,344.2913,9.931042,313.53125
2517,2025-10-12 21:00:00+05:30,2.7059932,356.186,5.3999996,323.13004
2518,2025-10-12 22:00:00+05:30,1.4512063,7.12493,2.968636,345.9637
2519,2025-10-12 23:00:00+05:30,0.71999997,270.0,2.5455842,81.86999
2520,2025-10-13 00:00:00+05:30,1.1384199,341.56494,5.5567255,24.904745
2521,2025-10-13 01:00:00+05:30,2.8174455,296.56497,4.072935,315.0001
2522,2025-10-13 02:00:00+05:30,2.0523157,307.87503,4.1046314,307.87503
2523,2025-10-13 03:00:00+05:30,1.98,360.0,4.323748,2.385899
2524,2025-10-13 04:00:00+05:30,0.71999997,360.0,2.3051248,38.65983
2525,2025-10-13 05:00:00+05:30,0.54,360.0,4.1556225,94.96966
2526,2025-10-13 06:00:00+05:30,3.2048087,141.84273,5.22,136.39711
2527,2025-10-13 07:00:00+05:30,4.060985,167.19574,6.6794305,165.96373
2528,2025-10-13 08:00:00+05:30,2.5959969,326.3099,3.3043609,330.64233
2529,2025-10-13 09:00:00+05:30,1.484318,165.96373,1.6981165,147.99466
2530,2025-10-13 10:00:00+05:30,2.5772078,192.09474,3.1072817,190.00792
2531,2025-10-13 11:00:00+05:30,3.01735,162.64589,3.381893,154.7989
2532,2025-10-13 12:00:00+05:30,5.2416787,195.94547,6.5049515,194.4208
2533,2025-10-13 13:00:00+05:30,3.0547013,224.9999,4.080882,221.42357
2534,2025-10-13 14:00:00+05:30,1.6299692,276.3401,1.9881649,275.19434
2535,2025-10-13 15:00:00+05:30,3.4949677,258.11136,4.8466477,254.93146
2536,2025-10-13 16:00:00+05:30,1.8792552,286.6993,5.5916004,273.6913
2537,2025-10-13 17:00:00+05:30,4.4565907,316.63654,10.32924,311.46762
2538,2025-10-13 18:00:00+05:30,3.8939953,326.3099,8.951267,285.1541
2539,2025-10-13 19:00:00+05:30,4.198285,329.03632,10.3480425,283.0693
2540,2025-10-13 20:00:00+05:30,3.6179552,354.2895,8.827344,309.20718
2541,2025-10-13 21:00:00+05:30,2.9024127,7.12493,7.001514,316.04153
2542,2025-10-13 22:00:00+05:30,2.7943513,14.931467,6.2405767,326.76828
2543,2025-10-13 23:00:00+05:30,2.7238941,352.40543,7.186487,337.93204
2544,2025-10-14 00:00:00+05:30,1.484318,14.036275,4.5891175,311.82007
2545,2025-10-14 01:00:00+05:30,0.17999999,360.0,3.319036,257.4712
2546,2025-10-14 02:00:00+05:30,0.40249225,26.564985,1.9386592,248.19853
2547,2025-10-14 03:00:00+05:30,1.6981165,32.005356,1.835647,11.3098955
2548,2025-10-14 04:00:00+05:30,1.4058449,39.805527,2.1674871,48.366554
2549,2025-10-14 05:00:00+05:30,2.6999998,90.0,9.636307,122.79953
2550,2025-10-14 06:00:00+05:30,3.4949677,78.11137,8.099999,126.86999
2551,2025-10-14 07:00:00+05:30,3.319036,102.5288,9.0018,101.53459
2552,2025-10-14 08:00:00+05:30,4.5536795,108.43504,6.8989563,105.12406
2553,2025-10-14 09:00:00+05:30,5.1919937,123.690094,6.9247384,117.89718
2554,2025-10-14 10:00:00+05:30,4.4565907,136.63654,5.728979,133.72705
2555,2025-10-14 11:00:00+05:30,3.710795,129.09386,4.5,126.86999
2556,2025-10-14 12:00:00+05:30,1.3104197,164.05453,1.484318,165.96373
2557,2025-10-14 13:00:00+05:30,0.40249225,63.435013,0.54,90.0
2558,2025-10-14 14:00:00+05:30,1.4512063,330.25522,1.9881649,354.80566
2559,2025-10-14 15:00:00+05:30,3.9966488,277.76508,5.3517847,289.6539
2560,2025-10-14 16:00:00+05:30,6.384293,291.5015,13.203954,297.6129
2561,2025-10-14 17:00:00+05:30,5.7628117,345.52966,13.945064,336.41296
2562,2025-10-14 18:00:00+05:30,4.802999,347.00537,12.136325,305.34018
2563,2025-10-14 19:00:00+05:30,4.4274144,333.43503,11.39842,291.29742
2564,2025-10-14 20:00:00+05:30,4.7110505,316.5481,12.072083,290.05618
2565,2025-10-14 21:00:00+05:30,3.550155,329.53452,10.144082,297.47433
2566,2025-10-14 22:00:00+05:30,2.1674871,355.23645,7.127636,315.0001
2567,2025-10-14 23:00:00+05:30,1.659518,347.4712,4.278551,22.249071
2568,2025-10-15 00:00:00+05:30,1.2727921,8.130019,2.19718,34.9921
2569,2025-10-15 01:00:00+05:30,1.3708391,23.198618,2.9024127,60.255207
2570,2025-10-15 02:00:00+05:30,0.56920993,18.435053,3.0758414,110.55613
2571,2025-10-15 03:00:00+05:30,1.26,360.0,2.9522195,52.431335
2572,2025-10-15 04:00:00+05:30,1.26,360.0,2.7475805,31.607454
2573,2025-10-15 05:00:00+05:30,0.35999998,360.0,4.327493,106.9276
2574,2025-10-15 06:00:00+05:30,1.0948973,9.462248,4.1556225,94.96966
2575,2025-10-15 07:00:00+05:30,0.25455844,315.0001,4.32,90.0
2576,2025-10-15 08:00:00+05:30,1.7076298,161.56496,2.657668,118.30067
2577,2025-10-15 09:00:00+05:30,3.710795,157.1663,4.6938257,147.52882
2578,2025-10-15 10:00:00+05:30,5.3305535,168.31065,6.603817,162.55272
2579,2025-10-15 11:00:00+05:30,5.0688457,173.8846,5.8603754,169.3804
2580,2025-10-15 12:00:00+05:30,4.6730714,195.6423,5.506941,191.30989
2581,2025-10-15 13:00:00+05:30,5.876938,220.0302,7.029225,219.80553
2582,2025-10-15 14:00:00+05:30,7.145796,229.08571,8.92408,228.27058
2583,2025-10-15 15:00:00+05:30,7.7734165,227.81563,11.7,233.13002
2584,2025-10-15 16:00:00+05:30,5.6233797,230.19447,13.8049555,230.29013
2585,2025-10-15 17:00:00+05:30,2.968636,255.96373,11.351422,242.62238
2586,2025-10-15 18:00:00+05:30,4.724786,287.74475,12.886039,257.90524
2587,2025-10-15 19:00:00+05:30,5.48631,318.991,13.040997,290.18588
2588,2025-10-15 20:00:00+05:30,3.7842832,334.65387,10.685391,302.61923
2589,2025-10-15 21:00:00+05:30,1.6199999,360.0,5.7628117,321.34018
2590,2025-10-15 22:00:00+05:30,0.9,360.0,2.995797,327.26477
2591,2025-10-15 23:00:00+05:30,1.659518,319.39877,3.244996,326.3099
2592,2025-10-16 00:00:00+05:30,1.2727921,351.87,2.4216523,311.98712
2593,2025-10-16 01:00:00+05:30,1.484318,14.036275,2.97953,25.016869
2594,2025-10-16 02:00:00+05:30,2.6999998,36.86998,6.037383,63.435013
2595,2025-10-16 03:00:00+05:30,1.2074767,26.564985,5.4029994,91.90912
2596,2025-10-16 04:00:00+05:30,0.17999999,360.0,2.7475805,121.60746
2597,2025-10-16 05:00:00+05:30,1.2979984,303.6901,0.742159,75.96373
2598,2025-10-16 06:00:00+05:30,1.4058449,320.1945,0.56920993,198.43504
2599,2025-10-16 07:00:00+05:30,1.835647,281.3099,0.71999997,360.0
2600,2025-10-16 08:00:00+05:30,1.5273507,224.9999,1.5379207,200.55612
2601,2025-10-16 09:00:00+05:30,3.0811036,173.29025,3.9312592,164.05453
2602,2025-10-16 10:00:00+05:30,4.5,163.73972,5.6492476,157.52052
2603,2025-10-16 11:00:00+05:30,5.12289,161.56496,6.050785,157.249
2604,2025-10-16 12:00:00+05:30,6.482499,181.59111,7.922045,178.69807
2605,2025-10-16 13:00:00+05:30,7.02,180.0,8.827344,177.66275
2606,2025-10-16 14:00:00+05:30,6.601363,205.8663,8.490582,201.12479
2607,2025-10-16 15:00:00+05:30,6.444905,234.09018,9.835975,235.43741
2608,2025-10-16 16:00:00+05:30,3.536439,255.2564,9.741642,242.48808
2609,2025-10-16 17:00:00+05:30,3.9477081,313.1524,9.781473,257.24246
2610,2025-10-16 18:00:00+05:30,2.0124612,349.69522,7.628263,250.70985
2611,2025-10-16 19:00:00+05:30,1.4399999,360.0,6.2483597,258.3664
2612,2025-10-16 20:00:00+05:30,2.5071096,21.037588,3.8521678,322.59457
2613,2025-10-16 21:00:00+05:30,3.143565,23.629398,5.7628117,358.21014
2614,2025-10-16 22:00:00+05:30,2.1749482,24.443953,3.5864744,17.52567
2615,2025-10-16 23:00:00+05:30,1.3104197,15.945477,4.942631,33.111355
2616,2025-10-17 00:00:00+05:30,1.8,53.13002,5.5799994,90.0
2617,2025-10-17 01:00:00+05:30,2.4482648,53.972538,7.928178,87.3975
2618,2025-10-17 02:00:00+05:30,1.8532133,29.054508,7.102591,81.25392
2619,2025-10-17 03:00:00+05:30,1.3708391,23.198618,5.195113,75.96373
2620,2025-10-17 04:00:00+05:30,1.0948973,9.462248,3.3043609,60.64234
2621,2025-10-17 05:00:00+05:30,0.71999997,360.0,3.9844694,71.564964
2622,2025-10-17 06:00:00+05:30,1.26,360.0,1.6981165,57.99466
2623,2025-10-17 07:00:00+05:30,1.4512063,299.74478,2.16,360.0
2624,2025-10-17 08:00:00+05:30,0.8049845,243.43501,0.35999998,270.0
2625,2025-10-17 09:00:00+05:30,1.3104197,195.94547,1.4512063,172.87508
2626,2025-10-17 10:00:00+05:30,3.244996,176.82024,3.84796,169.21574
2627,2025-10-17 11:00:00+05:30,3.4763772,201.25058,3.9312592,195.94547
2628,2025-10-17 12:00:00+05:30,6.297428,210.96368,7.5942082,211.42952
2629,2025-10-17 13:00:00+05:30,7.0934615,215.70677,8.856658,217.56866
2630,2025-10-17 14:00:00+05:30,7.386582,223.02507,9.422101,226.54811
2631,2025-10-17 15:00:00+05:30,7.1684303,218.8845,10.948973,223.66785
2632,2025-10-17 16:00:00+05:30,4.2021427,226.73567,11.345712,228.21558
2633,2025-10-17 17:00:00+05:30,0.6489992,326.3099,5.8769383,242.6502
2634,2025-10-17 18:00:00+05:30,2.4216523,318.01288,9.335737,250.86626
2635,2025-10-17 19:00:00+05:30,2.7475805,328.39255,8.731392,278.29706
2636,2025-10-17 20:00:00+05:30,2.3469129,327.52884,7.5170207,286.6993
2637,2025-10-17 21:00:00+05:30,2.0523157,322.12494,7.120815,290.72565
2638,2025-10-17 22:00:00+05:30,1.4399999,360.0,4.846648,328.67136
2639,2025-10-17 23:00:00+05:30,3.6402748,351.4693,7.120815,339.27435
2640,2025-10-18 00:00:00+05:30,2.1068459,19.983198,3.438895,353.9911
2641,2025-10-18 01:00:00+05:30,2.3051248,51.34017,3.604497,92.86235
2642,2025-10-18 02:00:00+05:30,2.3400002,67.3801,6.830519,108.43504
2643,2025-10-18 03:00:00+05:30,1.5273507,44.999897,7.2805495,98.530685
2644,2025-10-18 04:00:00+05:30,1.4512063,60.255207,7.8087645,115.97434
2645,2025-10-18 05:00:00+05:30,1.08,360.0,5.8298883,81.11942
2646,2025-10-18 06:00:00+05:30,0.9178235,348.6901,2.6208394,74.054535
2647,2025-10-18 07:00:00+05:30,0.40249225,296.56497,2.9024127,60.255207
2648,2025-10-18 08:00:00+05:30,0.76367533,135.0001,1.4512063,97.12492
2649,2025-10-18 09:00:00+05:30,2.16,180.0,2.5772078,167.90526
2650,2025-10-18 10:00:00+05:30,3.7585104,196.69933,4.5891175,191.30989
2651,2025-10-18 11:00:00+05:30,2.7534704,191.30989,3.244996,183.17976
2652,2025-10-18 12:00:00+05:30,4.060985,192.80426,4.913044,188.42688
2653,2025-10-18 13:00:00+05:30,5.8104043,196.18927,6.8541956,193.67133
2654,2025-10-18 14:00:00+05:30,7.3469996,210.96368,9.236298,213.07068
2655,2025-10-18 15:00:00+05:30,7.0407386,212.47118,10.8792095,218.95592
2656,2025-10-18 16:00:00+05:30,2.9301877,227.4896,8.415842,228.46832
2657,2025-10-18 17:00:00+05:30,3.4247334,273.01273,10.650465,239.53453
2658,2025-10-18 18:00:00+05:30,3.1845248,312.70938,10.158444,262.8751
2659,2025-10-18 19:00:00+05:30,4.3349743,318.36655,10.6261,280.73883
2660,2025-10-18 20:00:00+05:30,3.0811036,353.29025,7.674842,309.28937
2661,2025-10-18 21:00:00+05:30,1.4399999,360.0,4.846648,301.32864
2662,2025-10-18 22:00:00+05:30,5.4029994,271.90912,13.288341,261.43094
2663,2025-10-18 23:00:00+05:30,3.84796,259.21576,9.252069,232.90707
2664,2025-10-19 00:00:00+05:30,3.671294,11.3098955,7.6367526,351.87
2665,2025-10-19 01:00:00+05:30,3.0758414,69.44387,7.814986,97.94338
2666,2025-10-19 02:00:00+05:30,2.8460495,55.304783,7.579261,85.91447
2667,2025-10-19 03:00:00+05:30,1.3708391,156.80138,5.1575575,150.75127
2668,2025-10-19 04:00:00+05:30,2.0124612,26.564985,5.293959,54.688713
2669,2025-10-19 05:00:00+05:30,2.5455842,8.130019,4.6800003,22.61991
2670,2025-10-19 06:00:00+05:30,1.7076298,18.435053,1.6299692,6.3401003
2671,2025-10-19 07:00:00+05:30,0.5091169,135.0001,2.6999998,126.86998
2672,2025-10-19 08:00:00+05:30,0.6489992,303.6901,0.71999997,360.0
2673,2025-10-19 09:00:00+05:30,1.7076298,198.43504,1.9881649,185.19434
2674,2025-10-19 10:00:00+05:30,4.7827187,199.79897,5.7628117,194.47034
2675,2025-10-19 11:00:00+05:30,2.5455842,171.86998,2.968636,165.96373
2676,2025-10-19 12:00:00+05:30,2.9024127,209.7448,3.3043609,209.35765
2677,2025-10-19 13:00:00+05:30,5.154415,245.22488,6.489992,250.55988
2678,2025-10-19 14:00:00+05:30,7.1661706,258.40784,9.444426,262.33328
2679,2025-10-19 15:00:00+05:30,7.0015144,252.03076,10.564942,261.1797
2680,2025-10-19 16:00:00+05:30,4.3349743,274.76355,11.003581,273.75165
2681,2025-10-19 17:00:00+05:30,4.143911,304.3804,10.564941,283.7995
2682,2025-10-19 18:00:00+05:30,3.4949677,11.888645,4.896529,342.8972
2683,2025-10-19 19:00:00+05:30,1.98,360.0,3.9640884,320.52756
2684,2025-10-19 20:00:00+05:30,3.7842832,357.27374,6.8423676,333.43503
2685,2025-10-19 21:00:00+05:30,1.8792552,343.3007,4.072935,315.0001
2686,2025-10-19 22:00:00+05:30,3.244996,340.55988,7.029225,320.1945
2687,2025-10-19 23:00:00+05:30,3.8141315,19.290138,6.6697226,3.0939984
2688,2025-10-20 00:00:00+05:30,3.244996,266.82022,4.278551,255.37909
2689,2025-10-20 01:00:00+05:30,3.6,36.86999,8.209263,74.74483
2690,2025-10-20 02:00:00+05:30,1.3104197,15.945477,5.5450516,76.865974
2691,2025-10-20 03:00:00+05:30,1.1384199,18.435053,3.9966488,82.234924
2692,2025-10-20 04:00:00+05:30,1.6981165,327.99466,2.9301877,349.3804
2693,2025-10-20 05:00:00+05:30,2.2768397,341.56494,2.9024127,352.87506
2694,2025-10-20 06:00:00+05:30,2.16,360.0,3.6447225,32.905247
2695,2025-10-20 07:00:00+05:30,1.2727921,315.0001,1.4512063,60.255207
2696,2025-10-20 08:00:00+05:30,2.2553935,241.38963,2.2768397,251.56496
2697,2025-10-20 09:00:00+05:30,3.9640884,219.47243,4.5891175,221.82008
2698,2025-10-20 10:00:00+05:30,3.9477081,226.8476,4.7110505,226.54811
2699,2025-10-20 11:00:00+05:30,2.9301877,227.4896,3.319036,229.39879
2700,2025-10-20 12:00:00+05:30,3.4247334,176.98727,4.3349743,175.23645
2701,2025-10-20 13:00:00+05:30,3.189608,163.61038,4.1556225,162.3498
2702,2025-10-20 14:00:00+05:30,2.16,180.0,2.5455842,171.86998
2703,2025-10-20 15:00:00+05:30,3.4152596,198.43504,4.445672,201.37068
2704,2025-10-20 16:00:00+05:30,4.1046314,217.87505,9.793059,216.02747
2705,2025-10-20 17:00:00+05:30,0.8049845,333.43503,5.6492476,239.34941
2706,2025-10-20 18:00:00+05:30,2.7238941,7.59456,2.5772078,347.90527
2707,2025-10-20 19:00:00+05:30,2.7238941,7.59456,3.2846913,350.53775
2708,2025-10-20 20:00:00+05:30,3.2846913,9.462261,4.5891175,334.44006
2709,2025-10-20 21:00:00+05:30,2.1068459,19.983198,2.97953,334.98312
2710,2025-10-20 22:00:00+05:30,2.5071096,21.037588,3.244996,3.179772
2711,2025-10-20 23:00:00+05:30,2.4482646,342.8972,5.232399,3.9451082
2712,2025-10-21 00:00:00+05:30,2.5772078,347.90527,3.3481934,323.74606
2713,2025-10-21 01:00:00+05:30,2.907989,338.19852,4.6452556,324.46225
2714,2025-10-21 02:00:00+05:30,3.0758414,339.44388,6.8423676,333.43503
2715,2025-10-21 03:00:00+05:30,2.657668,331.69934,6.156947,322.12497
2716,2025-10-21 04:00:00+05:30,2.1749482,335.55606,4.942631,326.88864
2717,2025-10-21 05:00:00+05:30,3.710795,320.90613,5.95906,334.98312
2718,2025-10-21 06:00:00+05:30,0.742159,14.036275,1.0948973,9.462248
2719,2025-10-21 07:00:00+05:30,0.8049845,116.56499,4.5536795,71.564964
2720,2025-10-21 08:00:00+05:30,2.6758924,160.34608,4.1046314,127.875046
2721,2025-10-21 09:00:00+05:30,5.2478566,157.8336,6.76618,151.38963
2722,2025-10-21 10:00:00+05:30,4.5572357,170.9098,5.5887027,165.06853
2723,2025-10-21 11:00:00+05:30,4.7657523,169.11452,5.7628117,165.52966
2724,2025-10-21 12:00:00+05:30,6.037383,190.3048,7.415038,185.5721
2725,2025-10-21 13:00:00+05:30,6.5248446,204.44394,8.027677,199.65392
2726,2025-10-21 14:00:00+05:30,5.6060677,222.39738,7.1684303,218.8845
2727,2025-10-21 15:00:00+05:30,4.379589,260.53775,5.7628117,255.52966
2728,2025-10-21 16:00:00+05:30,4.2175345,309.8055,8.227004,280.08054
2729,2025-10-21 17:00:00+05:30,0.71999997,360.0,5.3517847,222.27362
2730,2025-10-21 18:00:00+05:30,2.0523157,15.255177,1.08,270.0
2731,2025-10-21 19:00:00+05:30,3.1072817,10.007925,4.293669,326.97614
2732,2025-10-21 20:00:00+05:30,1.7076298,18.435053,2.8116899,309.8055
2733,2025-10-21 21:00:00+05:30,0.8049845,26.564985,2.6758924,199.65392
2734,2025-10-21 22:00:00+05:30,1.7727944,23.962492,1.1525624,38.65983
2735,2025-10-21 23:00:00+05:30,1.0495713,300.96368,3.319036,40.601215
2736,2025-10-22 00:00:00+05:30,0.5091169,315.0001,1.1525624,128.65984
2737,2025-10-22 01:00:00+05:30,0.742159,345.9637,0.71999997,360.0
2738,2025-10-22 02:00:00+05:30,0.71999997,360.0,1.8,323.13
2739,2025-10-22 03:00:00+05:30,0.742159,14.036275,2.1897945,9.462248
2740,2025-10-22 04:00:00+05:30,0.9,360.0,1.609969,26.564985
2741,2025-10-22 05:00:00+05:30,0.25455844,315.0001,4.1125174,113.198616
2742,2025-10-22 06:00:00+05:30,0.54,360.0,4.2021427,133.26433
2743,2025-10-22 07:00:00+05:30,1.0495713,239.0363,1.5273507,135.0001
2744,2025-10-22 08:00:00+05:30,2.4014995,192.99461,2.9024127,172.87508
2745,2025-10-22 09:00:00+05:30,4.6938252,175.60138,6.0077944,171.38443
2746,2025-10-22 10:00:00+05:30,5.720489,167.27565,7.3447943,162.89719
2747,2025-10-22 11:00:00+05:30,4.942631,169.50858,6.1120534,166.37299
2748,2025-10-22 12:00:00+05:30,5.6521144,189.16228,7.0774574,187.30566
2749,2025-10-22 13:00:00+05:30,6.297428,210.96368,7.889259,207.1496
2750,2025-10-22 14:00:00+05:30,5.983477,226.2188,7.5105524,224.02907
2751,2025-10-22 15:00:00+05:30,6.090812,235.84026,9.335737,236.0035
2752,2025-10-22 16:00:00+05:30,4.724786,252.25523,10.706596,243.00424
2753,2025-10-22 17:00:00+05:30,0.56920993,18.435053,4.278551,247.75093
2754,2025-10-22 18:00:00+05:30,0.54,360.0,3.7842832,244.65387
2755,2025-10-22 19:00:00+05:30,3.1072817,10.007925,3.244996,356.82022
2756,2025-10-22 20:00:00+05:30,2.1897945,9.462248,3.671294,348.6901
2757,2025-10-22 21:00:00+05:30,1.1384199,341.56494,3.8183763,278.13
2758,2025-10-22 22:00:00+05:30,2.0124612,349.69522,5.1165614,309.28937
2759,2025-10-22 23:00:00+05:30,1.6981165,327.99466,2.4149535,26.564985
2760,2025-10-23 00:00:00+05:30,0.17999999,360.0,2.9301877,169.3804
2761,2025-10-23 01:00:00+05:30,1.484318,14.036275,0.56920993,108.43504
2762,2025-10-23 02:00:00+05:30,1.4399999,360.0,1.5484185,305.53775
2763,2025-10-23 03:00:00+05:30,0.742159,345.9637,2.5071096,248.96242
2764,2025-10-23 04:00:00+05:30,0.56920993,341.56494,2.4482648,233.97253
2765,2025-10-23 05:00:00+05:30,0.40249225,296.56497,2.1749482,114.44395
2766,2025-10-23 06:00:00+05:30,0.9178235,11.3098955,4.060985,102.80426
2767,2025-10-23 07:00:00+05:30,2.0124612,63.435013,5.506941,101.3099
2768,2025-10-23 08:00:00+05:30,1.8792552,163.30067,6.696387,126.25393
2769,2025-10-23 09:00:00+05:30,3.710795,157.1663,5.441838,145.78424
2770,2025-10-23 10:00:00+05:30,4.198285,149.03632,5.692099,145.30478
2771,2025-10-23 11:00:00+05:30,5.994297,138.65233,7.6409945,133.09087
2772,2025-10-23 12:00:00+05:30,5.3699164,166.42955,6.66,161.07526
2773,2025-10-23 13:00:00+05:30,3.7971036,185.44025,4.6834598,177.79745
2774,2025-10-23 14:00:00+05:30,3.3043609,240.64233,3.8268526,228.81418
2775,2025-10-23 15:00:00+05:30,4.5891175,258.6901,6.330782,255.17348
2776,2025-10-23 16:00:00+05:30,4.6938257,302.47116,9.568824,286.38962
2777,2025-10-23 17:00:00+05:30,0.25455844,44.999897,3.1072817,280.0079
2778,2025-10-23 18:00:00+05:30,2.5772078,347.90527,5.8048253,299.74478
2779,2025-10-23 19:00:00+05:30,0.40249225,333.43503,3.143565,246.3706
2780,2025-10-23 20:00:00+05:30,0.17999999,360.0,1.5379207,249.44386
2781,2025-10-23 21:00:00+05:30,0.71999997,270.0,2.0124612,206.56499
2782,2025-10-23 22:00:00+05:30,0.6489992,326.3099,0.742159,255.96373
2783,2025-10-23 23:00:00+05:30,3.7971041,328.5705,7.120815,339.27435
2784,2025-10-24 00:00:00+05:30,3.671294,348.6901,7.8954163,316.8476
2785,2025-10-24 01:00:00+05:30,2.7059932,3.8140097,7.0107627,318.12222
2786,2025-10-24 02:00:00+05:30,2.52,360.0,5.9427266,324.86572
2787,2025-10-24 03:00:00+05:30,2.4482646,342.8972,5.293959,305.31128
2788,2025-10-24 04:00:00+05:30,3.381893,334.79892,8.415842,311.53168
2789,2025-10-24 05:00:00+05:30,2.4149535,333.43503,3.7971036,5.4402504
2790,2025-10-24 06:00:00+05:30,1.2727921,351.87,0.71999997,360.0
2791,2025-10-24 07:00:00+05:30,2.3469129,302.47116,1.659518,310.60123
2792,2025-10-24 08:00:00+05:30,2.4014995,257.00537,2.6758924,289.6539
2793,2025-10-24 09:00:00+05:30,4.3536186,240.2552,4.991553,244.35904
2794,2025-10-24 10:00:00+05:30,4.3349743,228.36655,5.22,226.39711
2795,2025-10-24 11:00:00+05:30,5.6060677,174.47255,6.638072,167.4712
2796,2025-10-24 12:00:00+05:30,10.478722,175.07298,13.441071,172.30405
2797,2025-10-24 13:00:00+05:30,6.8423676,178.4926,8.656858,176.42374
2798,2025-10-24 14:00:00+05:30,5.2200003,180.0,6.5024605,175.23645
2799,2025-10-24 15:00:00+05:30,6.5049515,194.4208,9.346143,195.6423
2800,2025-10-24 16:00:00+05:30,4.7928696,214.28693,12.13499,212.27562
2801,2025-10-24 17:00:00+05:30,5.7628117,14.470333,8.461914,1.218852
2802,2025-10-24 18:00:00+05:30,3.143565,23.629398,3.438895,353.9911
2803,2025-10-24 19:00:00+05:30,1.1525624,38.65983,2.1674871,184.76355
2804,2025-10-24 20:00:00+05:30,2.0523157,15.255177,1.5379207,339.44388
2805,2025-10-24 21:00:00+05:30,2.1674871,4.763556,3.9312592,344.05453
2806,2025-10-24 22:00:00+05:30,0.742159,14.036275,2.3469126,355.60138
2807,2025-10-24 23:00:00+05:30,1.0182338,44.999897,2.7943513,104.93147
2808,2025-10-25 00:00:00+05:30,1.4058449,50.194473,5.2478566,112.1664
2809,2025-10-25 01:00:00+05:30,2.0523157,52.124958,7.628263,109.290146
2810,2025-10-25 02:00:00+05:30,4.2136917,109.98319,13.121493,116.91648
2811,2025-10-25 03:00:00+05:30,4.5,126.86999,13.934605,118.5513
2812,2025-10-25 04:00:00+05:30,3.0652893,130.23628,11.144021,121.122406
2813,2025-10-25 05:00:00+05:30,6.924738,98.97255,16.802786,134.13205
2814,2025-10-25 06:00:00+05:30,8.019601,80.960594,14.769874,92.09521
2815,2025-10-25 07:00:00+05:30,6.5024605,85.23644,13.5,90.0
2816,2025-10-25 08:00:00+05:30,1.3708391,113.19862,2.3469126,85.60138
2817,2025-10-25 09:00:00+05:30,4.6452556,125.537766,6.452441,120.141304
2818,2025-10-25 10:00:00+05:30,5.509882,128.36752,7.538541,123.310646
2819,2025-10-25 11:00:00+05:30,5.904439,142.43134,7.653705,138.81418
2820,2025-10-25 12:00:00+05:30,3.7842832,154.65387,5.00128,149.74365
2821,2025-10-25 13:00:00+05:30,3.096837,215.53777,3.8647635,207.75845
2822,2025-10-25 14:00:00+05:30,2.0124612,333.43503,2.19718,325.0079
2823,2025-10-25 15:00:00+05:30,2.50064,30.256361,2.8174455,26.564985
2824,2025-10-25 16:00:00+05:30,4.724786,17.744766,6.9527545,21.25058
2825,2025-10-25 17:00:00+05:30,3.244996,266.82022,10.137692,253.49556
2826,2025-10-25 18:00:00+05:30,4.724786,130.36446,7.6579366,156.44772
2827,2025-10-25 19:00:00+05:30,2.2768397,71.564964,3.964089,92.60251
2828,2025-10-25 20:00:00+05:30,2.6758924,42.27363,4.2021422,80.13426
2829,2025-10-25 21:00:00+05:30,4.080882,48.57643,9.914717,86.87794
2830,2025-10-25 22:00:00+05:30,1.98,360.0,5.3517847,47.72637
2831,2025-10-25 23:00:00+05:30,0.71999997,360.0,6.330782,104.82652
2832,2025-10-26 00:00:00+05:30,5.9427266,54.865723,13.084402,82.09293
2833,2025-10-26 01:00:00+05:30,2.9024127,330.25522,3.143565,346.75946
2834,2025-10-26 02:00:00+05:30,6.3639607,241.2603,13.608762,217.47626
2835,2025-10-26 03:00:00+05:30,6.725354,15.524177,12.371645,8.365798
2836,2025-10-26 04:00:00+05:30,1.0495713,30.963696,2.4014995,102.99462
2837,2025-10-26 05:00:00+05:30,1.5379207,20.556128,1.9881649,95.19434
2838,2025-10-26 06:00:00+05:30,1.5379207,290.55612,2.5772078,167.90526
2839,2025-10-26 07:00:00+05:30,1.0948973,9.462248,4.3349743,85.23644
2840,2025-10-26 08:00:00+05:30,2.97953,64.98315,4.6800003,67.3801
2841,2025-10-26 09:00:00+05:30,3.5455887,156.0375,4.542994,146.3099
2842,2025-10-26 10:00:00+05:30,4.91634,156.2505,6.452441,149.8587
2843,2025-10-26 11:00:00+05:30,5.0528407,175.91446,6.341009,173.4803
2844,2025-10-26 12:00:00+05:30,4.353619,187.12492,5.6060677,185.52745
2845,2025-10-26 13:00:00+05:30,5.154415,204.77512,6.5248446,204.44394
2846,2025-10-26 14:00:00+05:30,4.724786,220.36446,6.156947,217.87505
2847,2025-10-26 15:00:00+05:30,4.952453,250.9064,6.320538,250.0168
2848,2025-10-26 16:00:00+05:30,4.293669,303.02386,8.936778,279.27252
2849,2025-10-26 17:00:00+05:30,2.3400002,22.61991,3.1072817,349.99207
2850,2025-10-26 18:00:00+05:30,4.6102495,51.34017,5.9834766,83.08887
2851,2025-10-26 19:00:00+05:30,5.48631,41.00899,9.82279,76.21838
2852,2025-10-26 20:00:00+05:30,5.257109,38.047092,11.203464,66.3179
2853,2025-10-26 21:00:00+05:30,4.3349743,48.366554,10.299397,84.98698
2854,2025-10-26 22:00:00+05:30,4.080882,41.42357,10.105681,94.08554
2855,2025-10-26 23:00:00+05:30,4.3573384,38.290207,10.837435,94.76356
2856,2025-10-27 00:00:00+05:30,4.278551,22.249071,8.536252,65.05612
2857,2025-10-27 01:00:00+05:30,6.6087217,29.357658,10.234705,55.750916
2858,2025-10-27 02:00:00+05:30,4.080882,48.57643,9.721666,91.06089
2859,2025-10-27 03:00:00+05:30,3.494968,34.50859,8.581677,99.65983
2860,2025-10-27 04:00:00+05:30,2.1749482,24.443953,7.458606,109.74693
2861,2025-10-27 05:00:00+05:30,2.226477,14.036275,6.482499,88.4089
2862,2025-10-27 06:00:00+05:30,1.6199999,360.0,5.232399,93.945114
2863,2025-10-27 07:00:00+05:30,2.2553935,331.38962,4.2136917,70.01681
2864,2025-10-27 08:00:00+05:30,3.4388947,312.8789,3.8856654,346.60748
2865,2025-10-27 09:00:00+05:30,0.9693296,21.801476,2.0523157,52.124958
2866,2025-10-27 10:00:00+05:30,4.8965297,143.97253,6.4924874,136.12321
2867,2025-10-27 11:00:00+05:30,8.37532,118.21727,11.113451,114.90474
2868,2025-10-27 12:00:00+05:30,9.422101,136.54811,12.606426,133.26433
2869,2025-10-27 13:00:00+05:30,5.6002855,135.0001,7.519175,132.0891
2870,2025-10-27 14:00:00+05:30,3.219938,153.43501,4.293669,146.97614
2871,2025-10-27 15:00:00+05:30,4.0449967,237.72438,4.978554,229.39879
2872,2025-10-27 16:00:00+05:30,4.942631,303.11136,9.354806,281.0937
2873,2025-10-27 17:00:00+05:30,7.0015144,17.969234,11.874544,14.036275
2874,2025-10-27 18:00:00+05:30,5.4744864,27.40749,8.297589,49.398785
2875,2025-10-27 19:00:00+05:30,3.550155,30.465475,6.7469993,80.78905
2876,2025-10-27 20:00:00+05:30,2.226477,14.036275,5.297018,80.21766
2877,2025-10-27 21:00:00+05:30,2.0523157,15.255177,4.7827187,70.20104
2878,2025-10-27 22:00:00+05:30,2.7416782,23.198618,5.8603754,79.380394
2879,2025-10-27 23:00:00+05:30,1.1384199,341.56494,6.12,90.0
2880,2025-10-28 00:00:00+05:30,0.742159,14.036275,5.7176566,118.1785
2881,2025-10-28 01:00:00+05:30,1.4399999,360.0,3.8183763,81.86999
2882,2025-10-28 02:00:00+05:30,1.3708391,23.198618,4.1556225,94.96966
2883,2025-10-28 03:00:00+05:30,1.4058449,50.194473,4.3573384,128.2902
2884,2025-10-28 04:00:00+05:30,0.9,53.13002,4.4274144,153.43501
2885,2025-10-28 05:00:00+05:30,3.8268526,41.185837,8.11798,86.186005
2886,2025-10-28 06:00:00+05:30,4.752136,37.30404,10.094454,86.933586
2887,2025-10-28 07:00:00+05:30,3.7585104,73.300674,8.528657,97.27491
2888,2025-10-28 08:00:00+05:30,2.995797,122.73522,4.3832865,109.17911
2889,2025-10-28 09:00:00+05:30,1.609969,116.56499,2.4482646,107.10281
2890,2025-10-28 10:00:00+05:30,2.5582807,129.28938,3.2048087,128.15727
2891,2025-10-28 11:00:00+05:30,3.6179552,95.7105,4.7110505,96.581856
2892,2025-10-28 12:00:00+05:30,0.9178235,101.3099,1.5379207,110.55613
2893,2025-10-28 13:00:00+05:30,3.381893,205.2011,4.0249224,190.3048
2894,2025-10-28 14:00:00+05:30,4.293669,213.02386,5.414979,201.4478
2895,2025-10-28 15:00:00+05:30,4.8733153,265.76367,7.2359104,264.2895
2896,2025-10-28 16:00:00+05:30,4.978554,310.60123,11.334285,302.68054
2897,2025-10-28 17:00:00+05:30,4.68,360.0,8.322932,338.42862
2898,2025-10-28 18:00:00+05:30,5.00128,30.256361,4.613762,20.556128
2899,2025-10-28 19:00:00+05:30,6.804381,37.476254,9.016185,63.946568
2900,2025-10-28 20:00:00+05:30,5.8409934,33.6901,10.1902895,72.52514
2901,2025-10-28 21:00:00+05:30,2.2768397,18.435053,5.4149795,74.57778
2902,2025-10-28 22:00:00+05:30,1.4399999,360.0,2.9301877,227.4896
2903,2025-10-28 23:00:00+05:30,3.189608,343.61038,3.4247334,3.0127327
2904,2025-10-29 00:00:00+05:30,1.26,360.0,0.8049845,333.43503
2905,2025-10-29 01:00:00+05:30,1.26,360.0,1.609969,333.43503
2906,2025-10-29 02:00:00+05:30,2.8856194,3.5762644,4.7110505,353.41815
2907,2025-10-29 03:00:00+05:30,3.6,360.0,8.6867485,354.05322
2908,2025-10-29 04:00:00+05:30,2.5455842,8.130019,6.302571,1.6365454
2909,2025-10-29 05:00:00+05:30,5.3305535,11.689341,9.734987,19.440128
2910,2025-10-29 06:00:00+05:30,1.8792552,16.699326,2.5959969,33.6901
2911,2025-10-29 07:00:00+05:30,3.7799997,90.0,4.5891175,131.82008
2912,2025-10-29 08:00:00+05:30,5.5596404,119.05451,10.337078,125.07384
2913,2025-10-29 09:00:00+05:30,5.072041,117.47435,11.364259,119.4071
2914,2025-10-29 10:00:00+05:30,4.1085763,61.189304,6.7205353,69.62349
2915,2025-10-29 11:00:00+05:30,3.693291,43.02507,5.6233797,50.194473
2916,2025-10-29 12:00:00+05:30,1.4512063,29.744795,2.2910259,44.999897
2917,2025-10-29 13:00:00+05:30,4.39436,304.9921,6.2379804,316.16904
2918,2025-10-29 14:00:00+05:30,7.327127,297.824,10.234705,304.24908
2919,2025-10-29 15:00:00+05:30,5.4656014,287.24155,9.54,301.89075
2920,2025-10-29 16:00:00+05:30,5.854844,315.0001,11.226575,318.9006
2921,2025-10-29 17:00:00+05:30,0.9693296,291.80148,4.7110505,276.58185
2922,2025-10-29 18:00:00+05:30,2.9301877,10.61961,4.39436,325.0079
2923,2025-10-29 19:00:00+05:30,6.489992,356.82022,11.183201,356.3087
2924,2025-10-29 20:00:00+05:30,2.1674871,355.23645,5.1544156,12.094739
2925,2025-10-29 21:00:00+05:30,2.1749482,335.55606,3.4388947,312.8789
2926,2025-10-29 22:00:00+05:30,2.1674871,355.23645,4.802999,347.00537
2927,2025-10-29 23:00:00+05:30,1.2979984,326.3099,4.0249224,26.564985
2928,2025-10-30 00:00:00+05:30,2.5071096,201.03758,5.637765,163.30067
2929,2025-10-30 01:00:00+05:30,2.2910259,224.9999,6.1858225,188.3658
2930,2025-10-30 02:00:00+05:30,3.8856654,13.392516,6.6818557,27.255245
2931,2025-10-30 03:00:00+05:30,3.4623692,62.10283,8.383054,75.068535
2932,2025-10-30 04:00:00+05:30,5.0688457,83.88459,9.885262,100.491425
2933,2025-10-30 05:00:00+05:30,3.5864744,17.52567,9.107359,71.564964
2934,2025-10-30 06:00:00+05:30,2.907989,68.19853,9.227524,110.55612
2935,2025-10-30 07:00:00+05:30,2.8460495,34.69522,7.16617,115.277695
2936,2025-10-30 08:00:00+05:30,4.3498964,24.443953,8.083983,78.4399
2937,2025-10-30 09:00:00+05:30,1.2727921,81.86999,3.9312592,74.054535
2938,2025-10-30 10:00:00+05:30,3.710795,157.1663,4.846648,148.67137
2939,2025-10-30 11:00:00+05:30,3.5864744,107.52566,7.102591,98.74608
2940,2025-10-30 12:00:00+05:30,0.9178235,168.69011,2.3469129,122.471176
2941,2025-10-30 13:00:00+05:30,4.0449963,249.14546,4.1125174,246.80139
2942,2025-10-30 14:00:00+05:30,4.5536795,251.56496,5.8104043,253.81071
2943,2025-10-30 15:00:00+05:30,3.2048087,321.8427,4.6452556,324.46225
2944,2025-10-30 16:00:00+05:30,4.6800003,202.6199,4.669604,207.55272
2945,2025-10-30 17:00:00+05:30,5.00128,59.743652,10.873252,83.34567
2946,2025-10-30 18:00:00+05:30,6.689125,66.19405,14.6254835,76.47682
2947,2025-10-30 19:00:00+05:30,2.0364676,224.9999,4.3573384,141.7098
2948,2025-10-30 20:00:00+05:30,1.7727944,23.962492,5.7852573,95.355736
2949,2025-10-30 21:00:00+05:30,2.7059932,93.814,7.729527,117.75845
2950,2025-10-30 22:00:00+05:30,4.0449967,147.72438,11.079873,133.02507
2951,2025-10-30 23:00:00+05:30,1.3104197,164.05453,5.5567255,114.90474
